fend1	fend2	count
8692656	8692739	1
2223406	2223545	2
998724	998723	1
11267206	11267205	1
6344063	6344064	1
9247198	9247197	1
8805418	8805417	1
4678077	4678078	1
6930355	6930876	1
9470991	9471001	1
6212173	6212174	2
7054502	7054508	3
11662117	11662118	2
12440774	12440773	1
5447833	5447834	1
5148303	5148304	1
9991154	9987721	1
7895494	11115830	1
1978728	1978760	1
5922854	5923025	1
930374	765263	1
3790696	3790695	1
10152987	6705042	1
8703351	8703362	1
2792821	2792822	1
1604891	1604894	1
9725139	9725140	1
6870767	6870960	1
4589902	4574867	1
9881407	9881408	2
9923548	9923545	1
8868922	8780877	1
4917372	4917435	1
5012334	5380092	1
1612212	1612211	3
11782423	11878091	1
4715579	4715580	1
5714425	5714428	1
10135006	10135005	1
4253884	4249990	1
11881989	11881990	1
1339129	1339130	2
7373991	7374055	1
8878429	8878215	1
2324161	2324162	1
9351898	9351897	1
3163610	3164137	1
1134989	1134990	1
11902517	11913451	1
5907287	5907288	1
6643479	6643501	1
790189	790514	1
11508465	11508466	1
11753662	11753661	1
1574820	1574819	2
4734760	4468247	1
4425351	4425352	1
8130249	8130250	1
4679069	4679070	1
2437908	2437907	1
11324234	11324233	1
10045747	10045748	1
3555280	3555083	1
8659047	8659048	1
5350963	5347446	1
8023863	8023864	1
16638	215898	1
9184372	9184328	1
11386432	12463660	2
11797116	11797115	2
2479819	2479228	1
6101530	6101529	1
171094	171093	1
5987689	5987641	1
10507926	10688458	1
8299809	8299810	1
7450990	7451705	1
3204665	3204666	1
10686894	10686898	1
10131150	10131149	1
5993143	5993144	1
4086581	4088727	1
11912126	11915806	1
3228458	3228234	1
12046285	12046286	1
7452336	7452335	1
9349090	9349146	1
1054782	1054781	1
741975	741976	1
6740772	6740819	1
9384566	9384511	1
5178833	5178834	1
6135712	6135702	1
8989008	8989007	1
587996	587177	1
7779524	7779523	1
11142504	11090448	1
6760405	9356037	1
8012678	8012695	1
6696068	6696067	1
3791571	3791462	1
8823927	8824212	1
11393973	11394000	1
8928983	8928984	1
8014598	8016621	1
2426802	2427629	1
7041582	7041581	1
1514291	1514296	1
7913650	7913649	1
9352269	9351879	1
2591481	2591482	2
5319194	5319940	1
3193447	3193448	1
12156309	12156311	1
10291581	10291753	2
10825544	10825543	1
2080386	2202246	1
6504592	6504591	1
10527691	10527694	1
12239712	12239711	2
3361015	3361352	2
8683556	8683555	1
3370259	3370262	1
923441	926163	1
7459633	7459638	1
2835719	2835720	1
8447116	8447113	1
9901502	9895435	1
1828727	1828728	1
11670220	11670121	2
7256778	11483385	1
7793730	7793729	1
5659118	5659597	1
648245	648393	2
7869598	7870015	1
12036130	12036140	2
1057017	1056502	1
4269362	4269361	1
5406725	5406728	1
5803544	5803543	1
7710333	7710364	1
10656807	10657187	1
874064	874063	1
6149733	6149734	2
970837	968678	2
3277753	3280620	1
11413732	11413731	1
658332	658329	2
7434600	7434599	2
9596296	9588537	1
12637451	12637452	2
8710058	8709809	1
8102794	5057117	1
6333942	6333941	1
12745171	12745172	1
11759943	11759944	1
1984595	1984718	1
2587650	2587649	1
10486844	10487391	1
820128	818851	1
7944115	3494623	2
3627173	3627073	1
1138828	1138775	1
7862961	7862962	1
5020478	5020475	1
5807978	5810782	2
10537924	10537939	1
10449833	10449838	1
8051842	8051841	3
3508075	3508076	1
8001354	8001353	1
10219755	10219756	2
11917829	11917830	3
6264883	4063104	1
10283431	10283432	3
10235452	2430730	1
1835264	1835261	1
988989	988990	1
1399986	1400126	1
4000486	4000485	1
9031603	9518627	1
7449410	7449409	1
9174245	9172629	1
6613947	9994594	1
6811695	6812378	1
842533	766915	3
6127243	6127244	1
12775533	12775519	1
9782364	9782361	2
7135068	7427964	2
4120900	4118069	1
2517938	2517627	1
297456	297455	2
8469118	1885383	1
299649	299650	3
1590789	1591567	1
12355463	12355464	1
7898984	7898983	1
3597249	3597068	1
6699363	6699364	1
9254498	9254482	2
3653750	3653749	1
9892944	9892943	1
621671	621672	1
2096758	2096757	1
941564	941563	1
3885052	3918600	1
10420183	10420184	1
9308318	9308315	1
861381	861382	1
7680507	7974077	1
3916185	7208126	1
7151328	7150970	1
11115508	11115525	1
1937749	1937747	1
173443	173444	1
5950126	6154644	1
3987958	4688487	1
681955	681958	2
10442946	10444034	1
6361676	6361707	1
5256726	5256660	3
9050607	9050610	1
4793731	4791085	1
2962899	2962900	1
3105107	3105108	2
1226388	1255522	1
11086279	11086280	1
1539386	1539385	3
8718026	8733339	2
1080240	1080238	1
3668456	3668453	1
4041530	4043008	1
9471408	9471407	2
8982972	8982969	1
10480876	10480875	1
7514002	7507021	1
2810234	2810202	1
1830964	1830967	1
4984919	6247853	1
60959	60875	1
12480352	12480349	1
11840174	10903468	3
9723474	9723477	1
3753300	3753312	2
3734980	3734979	1
388700	387445	1
2309520	2309864	1
3310446	3310445	1
7977647	7977648	1
9824465	9824466	2
2932690	2932791	1
12488812	12488818	1
3871830	3871829	1
8826453	8826456	1
11089859	11090850	1
12404933	12404934	1
140916	140915	1
5407598	5407601	1
7446428	7446427	3
5382300	5382299	1
6845994	6845993	1
2843408	2843407	1
7638505	9181657	2
11808169	11808170	1
3947099	3947069	2
5262482	5262481	1
9080853	9080854	1
7962092	7960927	1
6582508	6582507	1
8261540	8263313	2
3097333	3099038	1
8315520	8315471	2
1635895	1635896	2
6874982	6874981	1
7206515	7206469	1
6637279	6637280	1
4707560	4707559	2
3525254	3525253	1
2123249	2123250	1
1672792	1672791	2
7939600	7939611	1
11247985	11247986	2
4629173	4627687	1
6124992	6118582	1
8493872	8543891	2
7189367	7189368	1
5814549	5814552	1
10861098	10861104	1
1309520	1308793	1
5866059	5866060	1
7644451	7644452	1
1132926	1132925	1
10715641	10715642	1
12367853	12367854	1
4521311	4521312	1
3104586	3104585	1
2670256	2670255	1
1502526	1502525	1
3922201	3922431	1
12035318	12035317	2
11282475	11282476	3
1119942	1119941	1
5778634	5778617	1
7109758	7116834	1
5928259	5928260	1
1282151	1282210	1
11193871	11193694	1
7521550	7521549	1
6740222	6740221	1
9794073	9793606	1
3469335	3469338	1
1357111	1357114	2
2761151	2761112	1
8063681	8063682	1
198566	198559	1
8909285	8909286	1
10172988	10172987	1
6373086	6373085	1
9161917	9160855	2
525037	525040	1
3529353	3529354	1
2565652	2565651	2
5003894	5003873	1
8881020	8881016	2
11828686	11828654	1
12451565	11469887	1
4090600	11855344	1
1101822	1101852	1
6058526	6063565	1
122428	122427	2
7089670	7089669	1
7936457	7936105	2
177071	6141611	1
2526161	2526162	1
3800341	3800342	1
11960184	11960183	1
1393173	1392488	2
1757796	1757793	1
5281875	5281867	1
1026545	10463927	1
8032264	8032273	1
5566528	5566527	1
11322400	11322399	1
9646621	9646626	2
1641824	1641753	1
3084769	3084770	1
5617388	5617387	3
11052567	11048410	1
5527463	5527614	2
10347529	10347530	1
5566305	5566306	2
10010792	10010791	2
4809393	4809394	1
3147261	3136130	1
10535717	10535566	1
6517539	6517310	1
11035521	11035518	1
3079354	3079353	1
2334244	2449386	1
10440632	10440631	1
5095001	5095002	2
3959263	3959264	1
2828247	2828248	1
346375	351957	1
5583895	5583898	1
11772028	11772027	3
5613746	5609874	2
7607244	7607243	1
2746635	2755753	1
4862333	4862334	2
11209718	11209717	1
3694228	3694196	1
6794672	6794671	2
408409	408410	1
9894551	9894556	1
10438103	10438104	3
5876198	5876201	1
3473140	3473139	1
9916978	9916977	1
483650	483649	1
9974355	9975118	1
11302878	11302877	1
1099602	1099625	1
5337943	5337944	1
152053	152054	1
5766713	5766714	2
2058385	2067670	1
5478041	5478042	1
6380246	6380157	1
8528558	8528557	1
1399824	1399832	1
1733076	1733075	1
11376277	11376234	1
5907583	5907586	1
1499231	1498982	1
7152856	7152855	3
9514609	9513394	1
1373273	1373010	2
7861734	7861731	1
9121217	9120555	1
6450256	6450146	2
5639143	5639144	2
1612459	1735875	1
5075991	5075972	2
6306406	6582366	1
8666033	8666034	2
11374671	11374672	2
1260935	1260936	1
6923659	6923660	1
11744627	11744717	2
2231122	2225295	1
1983342	1983341	2
7476644	4291047	1
4480928	4480927	1
2552393	2552377	1
10876777	10876778	1
6934158	6933965	1
9899341	9899342	1
8632969	8632970	1
4380742	4377432	1
705079	705080	1
2433601	2437902	1
7617305	7617306	1
11520348	11521399	1
1751234	1751345	1
7863947	7906126	1
8363472	8363487	1
2685401	2685402	1
12720796	12720795	1
7408734	11237355	1
3941631	3941632	1
11870603	11870207	1
3905370	3905369	1
8205894	8205893	1
349695	6794618	1
6503637	6515004	1
14955	14976	1
5746042	5746203	2
12371637	12371670	1
4614069	4614070	1
5988905	5988906	1
8329983	8325868	1
10319037	10319038	1
5299518	5302714	1
6487289	6487290	1
9724921	9724922	1
2253429	2253403	1
7575285	7575286	1
3034837	3034834	1
6597613	6604526	1
12614653	12614654	2
9705663	9706529	1
8578101	8578108	1
1246606	1245988	1
2751695	2751696	1
11879644	11879643	1
6355514	6357154	1
12423799	12423800	1
9192116	9192115	2
3776644	3578121	2
2950726	2950746	2
33977	33774	1
1616990	1727054	1
10600856	10600866	1
11087869	11087870	1
10353745	10353746	1
2956846	2960248	2
12354151	12353993	1
5057958	5057950	2
2955237	2955229	1
10719619	10719622	1
8646363	8647016	1
618793	564467	1
2579118	2577900	1
12485126	12485125	2
11183285	11183286	2
10463975	10463948	1
12678734	12678733	1
1562194	1562193	2
6398179	6398893	1
12519764	12517861	1
10471759	10471736	1
9832885	9832886	1
2591860	2591901	1
11843961	11843962	2
6679501	6678305	1
9476876	9476875	1
8904252	8904249	1
8699971	8699927	2
6871818	6872556	1
1527464	1526844	1
1182124	1182123	1
6232974	6232973	1
7611854	7611853	1
4359739	4359126	2
5273733	5274043	1
9022338	9015103	1
752094	752093	1
3953329	3953317	1
7647412	7647402	1
11803777	11803778	1
4066621	4066395	1
6669723	6669724	1
6888740	6889219	1
6489694	6489688	1
991152	991155	1
6099010	6098921	1
6573132	6573131	2
8469448	1727102	1
3274869	3274870	1
1159637	1159638	1
10911532	10911531	1
1911650	1911649	1
8261961	8261962	1
9835499	9835500	1
2407204	2408339	1
11581271	11581274	2
5094356	5094355	1
9087224	9087253	1
2873837	2873838	1
9833539	9833098	1
9007048	9007164	1
11630547	11630548	1
7921983	7921986	1
3116945	3116946	2
9472210	9475271	3
223961	223962	1
2841353	2841354	1
4768418	4768417	1
3898705	3899485	1
11759706	11759342	1
1503081	1502977	2
3281651	3281115	2
7940268	7939356	1
9901846	9901845	1
2782244	2782243	2
7400335	7400336	1
8720916	8720913	1
1080309	1080085	1
3018380	3018357	1
3125916	3119248	1
7010694	7010693	2
12510110	12510115	1
931767	931768	1
8741944	8741947	2
4562279	4562614	1
3464311	3464312	1
10315807	10315562	1
4341439	4342345	1
4378662	4378661	2
3092973	3092974	1
7388309	7383693	2
10462061	10462016	1
4681547	4681550	1
6943048	6943004	1
6078633	6078634	1
3659316	3659313	1
8030437	8030438	1
5718747	5718748	1
11744973	11744920	1
5545455	5545495	1
2878699	2878711	1
11598909	11598910	1
8975382	8975050	1
5615743	5613476	1
12260949	12260856	1
10370739	10361672	1
2790675	2790676	2
1127082	1127111	1
1530276	1530275	1
10154485	10154542	1
5643391	5643394	1
7924275	7924276	1
8826453	8826458	1
8312722	8312648	1
7312592	7312591	1
8030944	8030943	2
4419011	4419012	1
665826	665825	1
686404	686401	1
1330956	1330959	1
7856412	7856411	2
7804689	7513349	1
7806994	7806993	2
10002669	10002670	1
2663797	3076485	1
12050898	12050897	1
765513	667438	1
11833433	11833332	1
6781285	6782585	1
1881235	9944981	1
4453496	4453495	1
7133853	7134118	3
3244901	3244903	1
4664665	4664666	1
11416011	11416012	1
5295502	5293540	1
4233345	4233346	1
3126111	3126112	1
1166002	1165999	1
2234061	2234062	1
4365246	4371017	1
2583438	2583437	1
9779699	9779700	1
11643735	11643736	1
11866346	11866441	1
6915820	6915819	1
10828526	10828511	1
10482990	10482989	2
1775041	1775090	1
7325568	7319615	2
8830509	8827412	1
3891805	3891806	1
10781633	10781634	1
8571729	8571730	1
12472368	12472060	1
1476233	1476234	2
7594549	7594550	3
12430993	12430994	1
429876	11430184	1
11414123	11414124	2
6130296	6130125	1
9144746	3492271	1
3981848	3980404	1
3775189	3775265	1
11873908	11873914	1
627671	627672	1
12561789	12561790	3
12123413	12123418	1
4935630	4935615	1
195322	375944	1
540484	540483	1
1636792	1636791	1
9697603	9697604	1
3228788	3228778	1
7957360	7957359	2
9238305	6408584	4
4047099	4047100	1
5380524	5380530	1
373161	378546	2
3977264	3977303	1
8199404	6154059	4
7440337	7440338	2
3783092	3784853	1
1319260	3605940	1
4357805	4610056	1
4454618	4454617	3
6776350	6776382	1
10081331	10081332	1
3112146	3112145	1
9713870	9713869	1
4407136	4406988	1
5097498	5097497	1
4757080	4757576	2
3699166	3699165	1
5559401	5559402	1
3042027	3042014	1
8429194	8429191	2
7022293	7022294	1
10684666	10684714	1
6688121	6688124	1
4074808	4074739	1
11898184	11898183	1
11329974	11330171	1
1830696	1830695	1
1725938	1725935	1
2788281	2788285	1
2699667	2699584	1
7573099	7573100	1
7863873	7864482	3
10401696	10401793	2
9883480	9883472	1
9965142	9965141	1
75220	73897	2
10424791	10424792	1
3763329	3763330	1
11868451	11870296	1
9981349	9981350	1
9548285	9740048	1
1491827	1491828	1
6892073	6892074	5
2857364	2857363	1
414168	414350	1
5215683	5215607	1
776170	776216	1
12530579	12530582	1
342905	342906	2
6898877	6898758	1
12256040	12256039	1
2242848	2243958	1
4032459	4032467	1
7932956	7934181	1
3260361	3260362	1
4559541	4559547	1
3297922	3297921	1
8834279	8833513	1
5591294	6526751	1
443053	443035	1
5926153	5926154	1
4634326	4634325	1
4303728	4303642	1
6268294	6269670	1
4595436	4419008	1
447564	447554	1
7242714	7135171	1
6337859	6457920	2
5826074	5795870	1
790330	7792816	2
2522175	2522178	1
6010504	6010495	2
6383654	6357384	1
5578541	5578542	3
839665	839666	1
417016	356754	2
5280478	5280477	1
1856561	1856562	1
738622	738621	1
1491961	1491962	1
5058385	5058032	1
1729021	1695356	2
8453667	8453668	1
7051593	7053263	1
12612380	12612421	1
1239705	1238257	1
2252552	2252462	2
962027	962064	2
6717412	6717095	1
4382374	4382486	1
4860296	4860213	1
11596629	11596630	1
4471824	4471823	2
12003835	12003641	2
218619	218620	1
5335781	5335782	1
4692832	4692831	1
1561684	1491897	1
3988873	3988866	2
3960474	3960473	1
11141882	11141881	2
7042015	7041583	1
3787367	3787368	1
9149707	3610630	1
3991131	3991132	1
10045749	10045750	1
12394003	12399630	1
10214925	10214926	1
1395357	1395953	1
11163106	11163105	1
1428982	1428988	1
9703956	9703955	1
5425859	5425817	1
3263655	3262420	1
12592371	12592372	3
7312972	7312453	1
6799329	6799361	1
338806	338805	1
1102749	1102740	1
3690251	3690252	1
10450583	10451372	1
8576630	8577242	1
4630502	4635116	1
8569303	8569304	2
1917036	1917035	1
2312815	2311763	1
5283286	11101102	2
8572417	8572127	1
2548335	2548586	1
5660142	5660139	1
3908855	3902587	1
1665323	1665338	1
4846923	4846928	1
1986982	2577624	1
1698316	1698315	1
9639024	9639023	1
10565417	10565418	1
4629072	4628045	1
2883650	2883668	1
5094999	5095000	1
2252569	2254436	2
8910324	8910321	1
590967	590968	2
12227190	12227189	1
10507377	10572989	1
7627628	7628859	1
11689978	11689977	1
10684718	10684715	1
4826563	4826574	1
9078807	9649225	1
7540830	7541128	2
355238	355873	1
2816886	2817335	1
1563077	1563078	1
6559162	6558386	1
11036069	11036070	1
4530542	4530504	1
1578898	1578897	1
9916147	9926565	3
3351581	3351644	2
1077530	1077529	1
3033999	3034000	1
9716665	9716666	1
2024343	2024346	1
4707220	4707219	1
4323971	4323972	1
6321090	6321089	1
10441979	10438556	2
727341	727342	1
8257019	8257020	1
6047034	6047033	1
6238849	6238877	1
2657303	2657333	1
11224338	11224335	1
7966259	7966260	1
11185942	6122232	1
3902971	3902972	2
8164556	8164553	1
5434908	5434907	1
7634925	7618525	1
7493288	7493338	1
11574074	11576680	1
6378791	6368970	2
11036931	11036932	1
5524388	5523937	1
2571416	2576100	2
8579821	8557233	2
6257526	6257525	1
2882449	2894765	2
6616375	6616376	1
4139295	4139397	1
6105898	6105690	1
11139169	11139170	1
5590147	5590148	1
3427791	3427792	1
11360986	11360985	1
7353286	7353285	1
7003148	7003126	1
5095157	5095158	1
2583732	2583731	1
3297354	3297351	2
4124197	11797140	1
2264695	2264696	1
2448887	2448888	1
22354	22375	1
3163762	3163790	1
408705	408719	2
6710071	6710072	1
1110179	1838167	1
8452808	8452807	1
9375620	9361265	1
1509814	1509813	1
11378461	11377355	1
6391293	6390846	1
1018822	1018821	1
2088605	9350740	1
9913281	9912664	1
12307926	12307925	1
283335	283336	1
12814825	12814834	1
4590416	4590415	1
10874411	11848437	1
3101581	3101582	2
12368086	206322	1
9568173	9563210	1
7931239	7931600	1
10266350	10266349	1
4035151	4035172	1
9165515	3631763	1
6273168	6273163	1
2523446	10995424	1
4123218	4122882	2
2548265	2331928	1
12119917	12119929	1
6663454	6663453	1
4000616	4000615	1
6487823	6487824	1
9370798	9370763	1
8072980	8069378	1
4479021	4479022	1
7070447	7070448	2
8558211	8551273	1
12457145	12457146	1
6203774	6203742	1
2479816	2479815	2
9895478	9895477	1
6847993	6847996	1
47225	47228	1
2864969	2864970	1
3813037	3812812	2
6751655	6751656	1
5100568	6131223	1
2114370	2121682	2
681959	681960	2
608238	608237	1
7499418	7499417	1
10270133	10270134	2
9026251	9026252	1
11247212	11247170	2
6224095	6224131	1
4293005	4293008	1
2100268	2100267	1
12784735	12784961	1
3563211	9163144	1
3909075	3909037	2
4988664	6445953	1
134441	134411	1
5555455	5554656	1
1365771	1365772	1
4676750	4676744	2
7907457	7907437	1
4049245	4049231	1
9122798	9122797	1
10484393	10487189	1
8267097	8267098	1
7878046	7878045	1
7652676	7673456	2
1793415	1793416	1
4084592	4072269	2
978249	978250	1
7205071	7205072	1
11388282	11386643	1
5908766	5908765	1
4113445	4113446	1
5415449	5415498	1
1526193	1526196	1
3510020	3510019	1
564462	565503	1
1890244	1890243	1
7680611	7680612	1
6032488	6032487	1
11011157	11011158	3
8826634	8826633	1
10939964	10939963	1
3795847	3795848	3
9106110	9105341	1
745553	745554	1
7090641	7090642	1
7521530	7521529	2
7200541	7200472	1
3373436	3373435	1
820409	820530	1
396665	396668	1
5453443	5453444	1
3300632	3300631	1
4754474	4732835	1
1310692	4677331	1
2607219	2607220	1
8247182	8247181	1
3631725	3631726	2
11959677	11960185	2
1712827	1712189	1
7452676	7469920	1
6916339	6916353	2
11307245	11306888	1
2206673	2206674	1
4185498	4185508	1
6321336	6321335	1
10944059	10944060	3
9140875	8778799	2
3573757	3573758	1
9896314	9893746	2
9517793	9517796	1
2337975	2337976	1
5940944	5940943	2
5349081	5349082	1
2380587	2380617	1
3354911	3354912	1
3458743	3458744	2
7647788	7647787	1
2665895	2665896	2
3962789	8027328	2
1512930	1512932	1
1722596	1722593	1
548199	548202	1
1986193	1986580	1
5464356	5464349	1
555137	555138	1
11535232	11535231	1
1895537	1895538	1
1538458	1538387	1
2143104	2143103	1
2158747	2158748	1
11087127	11087130	1
7687124	7687121	2
6213311	6213312	1
3502424	3502423	1
254448	254447	1
666634	666633	1
7996574	7996579	2
3293989	3293990	1
9679081	9633644	1
7938933	3494865	1
8405606	8405605	1
11554369	11526132	1
968593	968578	1
3901629	3902194	1
8270808	8284766	1
2348048	2348577	1
7831354	7831353	1
10057652	10057651	1
1598792	1598787	1
99396	99395	2
4955733	4955734	1
6150412	6150411	1
5596794	5595448	2
5530601	5530585	2
9843548	9843547	1
1218188	1218187	1
10869891	10869892	1
4692830	4702229	1
904477	904478	3
7907324	7907323	2
3444076	3442652	2
5411992	5412015	1
8196639	8191986	1
12611981	12611992	1
5235033	5235036	2
10231385	10232541	1
6775787	6775788	1
12616859	12644330	1
7729157	7729185	1
2228507	9948150	1
53497	53498	1
7919065	7919066	1
3614306	3615049	1
10482350	10482349	1
930859	930830	1
5224184	5224214	1
7330394	7330509	1
12363369	12363372	1
11673791	11673792	1
10871861	10871868	1
1750676	1751388	2
9014419	9006565	2
6168861	6168862	2
7640395	7640398	2
3043935	3043831	1
4690940	6740245	1
8623305	10270523	1
10153248	10151938	1
3671833	4075568	1
5141598	5141658	1
1569885	1493979	1
6022938	6022937	1
1757419	1757420	1
7797702	7797664	1
7251094	6747693	3
7595707	7595708	2
668669	668670	1
12378207	12378208	1
2462174	2367868	1
10792507	10793593	2
7686266	7685977	1
10573901	10574650	1
5373867	5093996	1
12740849	12740850	1
6522795	6522811	2
2805381	2805405	1
7979976	7978274	2
5128662	5128661	1
3569905	3568439	2
3124387	3124384	1
3633261	3633262	3
7247864	7172544	1
4685139	4685140	1
1058709	1058710	2
4513409	4513410	1
2702286	2702055	1
7002809	7002810	1
4695311	4695312	1
12798160	12798159	1
10911248	10911247	1
1534794	1534797	1
9006811	8756466	1
9766783	9766784	1
5632037	5632038	1
9773727	9773728	1
9070291	9070289	1
1407063	1407066	1
1253812	1251635	3
6179228	6178452	2
5374022	5374017	2
8445277	10359400	2
6489915	6489916	1
8845132	8845131	2
2522173	2522174	4
3232320	3232085	2
12294979	12294980	2
12476090	12476089	1
7953183	7945735	1
10488868	10488867	1
3951630	3951629	1
3046588	3046587	1
9092246	9092243	1
5804578	5804577	1
11327285	11327552	1
12576059	12766451	1
9171301	9171010	1
3746509	3746510	1
9828703	4434234	1
6010986	6010985	2
4552997	11404558	1
7455444	7455439	1
834003	833972	1
11788536	11788596	1
3200082	3200081	1
9619892	9617106	1
8799204	8799814	2
6118101	6118102	1
1698318	1698315	1
10681481	10681482	1
6966471	6966436	1
8234739	8234713	1
12197840	12197839	1
3714787	3714788	1
10876062	10876070	1
6455119	6457573	2
3685812	3685811	3
2225712	2225731	1
7575157	7551813	1
1098204	1098201	1
9569342	9569337	2
1091031	1091127	1
4573111	4573112	2
3118803	3118804	1
8747334	8747333	1
7433374	7434516	1
8516207	8516208	1
232919	232920	1
3766440	3766519	1
8363734	8363709	1
2943230	2945271	1
11095368	11095367	1
4058017	4058018	1
11604555	11604528	2
662339	663428	2
12437317	12437318	1
1904964	1904963	1
12435326	12427871	1
5561046	5561045	1
12403360	12403295	2
3310377	3310378	2
6174227	6174713	1
11783579	11766272	1
11102547	11102548	1
2096076	2096075	2
10353516	10353515	2
9476612	9476609	1
10110824	10109699	2
11302824	11315173	1
1175086	1175085	1
268714	268713	1
1788031	1789311	1
9007525	9007493	1
9899789	9992636	1
9105885	9105888	2
8547326	8547325	3
5479928	5479927	1
6207085	6207086	1
8008183	8008184	1
417018	417017	2
12602199	2980439	1
1326887	1326888	1
1529309	1049780	1
5385125	5385126	1
6229394	6229393	1
3277900	3279485	1
6107014	6109112	1
783045	780747	1
12450731	12451142	1
672291	672292	1
48748	53699	1
1274230	1272655	1
7936704	7936703	3
10270675	10270676	3
6024608	6023230	1
10523840	10523839	2
1209746	1209734	1
9597796	9593881	1
11157873	11157791	1
6805136	7264959	1
9762930	9762929	1
10283432	7446378	1
3827078	3827077	1
9675878	9675850	1
240513	240514	2
6467123	9828996	1
3914140	3914137	1
7277250	7277249	1
3317009	2816254	1
3309636	3309597	1
2557983	763315	1
8173130	8173129	1
6596969	6335942	1
289484	289365	1
2970791	2970783	1
5820319	5819546	1
5813954	5813953	1
1377505	1377524	2
5012143	5012144	1
8284278	8284277	1
5440187	5268895	1
12468490	12468484	1
5274556	5274536	1
7655846	7655843	1
3272502	3272501	1
9708632	9708631	1
9433626	9433365	1
9963425	9963426	1
9128155	9128159	1
7831113	7831192	1
9352062	9352061	1
10995838	10995863	1
3947222	3947221	2
11544778	11544721	1
12540746	12540745	1
7992473	7970071	1
6200775	6200776	1
7681068	7679471	1
11414964	7907438	1
3546280	3546279	1
11974820	11974817	1
7698277	7698959	1
6394227	6394228	2
4112582	4112581	2
6713571	6713841	2
12462380	12462379	1
8626289	8627174	1
11229664	11233342	1
8687146	8687145	2
4847961	4847962	1
2715908	2714723	2
4938773	4938774	1
7143235	7138262	1
10581962	10581961	1
10600390	11343575	1
6797248	6797509	1
4256058	4256057	2
873004	873003	1
5974775	5976079	1
648577	648578	2
4423450	4423449	1
9094893	9095620	3
10045752	10045751	1
1710558	1711077	1
10992254	10251952	1
12528518	12528517	1
3713730	4073330	1
5119706	5119715	1
12038415	12038416	1
8681957	8686491	1
1619645	1618950	2
4342771	4342772	1
8096117	8096118	2
8075230	8075229	1
915666	914787	1
9944179	9944130	1
1054966	1068347	1
10700499	10700500	1
3750841	3750847	1
3100483	3100466	2
2480811	2480812	1
6331159	6331160	2
5045928	5046469	1
9008532	9004446	1
10153640	10153639	2
7532998	2412390	1
9999328	10010910	2
3577003	3577004	1
7618756	7620389	2
8906923	8906924	1
2948386	2948385	1
2660143	2660084	1
9346343	6183230	1
11286272	11286175	2
9310348	9310347	1
5612061	5612415	1
7456447	7456450	1
10744244	10744243	2
11735679	11733820	1
7142082	7142081	2
11337712	11337715	1
8253329	8253327	2
9074286	9074283	1
8286813	5815264	1
1331098	1331097	1
4740791	4740794	1
6653603	6653604	1
6090469	6089349	1
2836961	2836962	1
400000	399999	2
3548346	3548345	1
5285380	5285379	1
4683816	4590702	1
5367875	5368972	1
5992889	5992903	3
7278884	7278883	1
9881665	9881666	1
2832931	2832932	1
5589815	5589816	2
2159681	2159682	2
2118871	2120318	1
1165431	1165480	1
6078630	6078629	1
669021	669022	1
2923405	2923406	1
2817469	2816757	1
4702028	4702027	2
7630802	7630801	1
4330221	4330222	2
4994242	4994558	1
2297532	2297539	1
10561597	10557748	1
9358101	9357619	1
7251374	7251373	2
1801226	1801238	2
10663978	10663977	1
4369417	4369418	2
12509774	12509773	1
3917873	3917874	1
6549357	6549358	1
12234272	12763193	1
2205869	2205870	1
8185763	8185783	1
999016	999013	1
7473892	7473113	1
5199147	5199148	1
7446660	7446659	2
8415593	8415594	2
1603735	1603754	1
205246	205245	2
6761411	6761315	1
5051033	5059910	1
1038764	1044263	1
4108493	4108494	2
11184051	11184049	1
9022821	9022822	1
4255520	4255519	1
7108508	7107818	1
6863430	6863440	1
7765639	7765644	1
5829733	5829791	1
4157238	4157237	5
4571470	4537072	1
3892778	3892775	1
9730	9729	2
2024492	2024491	1
7931772	7931771	3
1459144	1459147	1
9693872	9699755	1
7118593	7118646	1
6659018	6659575	1
5253105	5253108	1
8860183	8860451	1
8326038	8328346	1
8065560	8061363	1
12511534	12511086	1
9304694	9304663	1
8547532	8545866	1
144447	144448	1
10885619	10885622	2
2621165	2621166	1
4840758	4840755	1
5527643	5527644	1
2229081	2229082	1
3976442	3976441	1
10551052	10551063	1
9865155	9865214	2
3707266	3707312	1
12782278	12782376	1
10764761	10764762	1
1929041	1930898	1
8876611	8875544	1
11620171	11620172	1
883897	2357205	1
11925024	11924991	1
8679468	8679467	2
10423320	10423331	1
7896558	7896557	2
9010153	9010154	1
12573171	12573172	1
11127135	11127136	1
1544190	1544189	2
290721	285755	1
10371219	7976589	1
2037876	2031830	1
3911669	3911670	1
3865907	3865908	1
8258633	8258634	1
1659360	1659261	1
1738691	1738692	2
8428311	8428312	1
3684659	5430263	3
7704094	7703979	1
7446246	7446232	2
9481136	9481120	1
1872780	1870216	3
9434226	9434223	1
6161385	6161386	2
9594006	9594005	1
4430423	4430829	1
12740588	12740587	1
1180710	1112240	1
6701639	6701640	2
7150451	6900781	1
8258664	8258663	1
2240470	2237349	2
5509998	5509600	1
12456495	12456496	1
9359391	9359392	1
11497936	7529289	2
4344680	4344234	1
3303836	3306762	1
9604633	9604519	2
6751155	6751156	1
7585351	7585352	3
130878	10848009	1
9349173	4700629	2
1983772	4632166	1
5279824	5279937	1
2459854	2459853	1
7922737	7810958	1
5438559	5439474	1
3289715	3289720	1
6402229	6402230	1
12683381	12683446	1
6140306	6140305	1
6842950	6842949	1
7682376	7682835	2
11495505	11552223	1
432053	432054	1
2207684	2028229	1
12423557	12421194	1
10238103	10238197	1
11038909	10846301	1
1212348	1212310	1
11279195	11279196	1
3987824	3987823	1
2658947	12046039	1
1300715	1300716	1
2598902	2598901	2
8378756	8378755	1
6123413	6123414	2
9349629	9345634	1
8066425	8066426	2
6870534	6870395	1
12766101	12766148	1
7702365	7702339	1
2372567	943841	1
2772249	2626967	1
11293859	11293862	1
8739341	8739342	1
11246670	11245231	1
5888448	5888439	1
4612291	4612292	1
1231815	1231816	1
2929867	2929868	1
10897637	10897649	1
5917056	5914716	1
1933279	1933302	2
6147068	6046510	1
3790694	3790693	1
10881314	10881311	1
6868750	6868749	1
12124583	12124584	1
5779873	5773437	1
6077730	6077729	1
1585290	1585267	1
7114041	7114042	1
9000840	9000837	1
9507399	9507400	1
11623869	11623870	1
2256161	7692459	1
10668947	10668948	1
5243718	5243660	2
1317684	1317683	1
4822912	4822250	1
7788455	7788456	1
560791	560792	1
9238467	9233532	1
11015374	11015377	1
5022399	5022400	1
5259393	5259767	2
5507253	5507254	1
4324676	4324778	1
11083259	11083260	1
1411672	1424615	2
8213444	8214221	1
2711712	2711733	1
9684557	9684130	1
11323208	11568177	1
3210409	732252	1
9934578	9934577	1
2338707	2338723	1
10632625	10632626	1
12279188	12278684	1
11885144	11885143	2
9350731	9341389	2
11003460	11003463	1
10480600	10483817	1
9447529	9447532	1
452226	452225	1
6136779	6136262	1
10636086	10577284	1
11462226	11462225	1
7973626	7973625	1
6559119	6559122	2
2379235	2379238	1
2349912	800553	2
3561588	3561585	1
6258314	6258313	1
2270156	2270155	1
4639014	4639013	1
4075308	4075307	2
352156	352155	2
11125664	11125775	1
4358724	4377268	1
1559122	1559121	2
2999215	2999216	2
1102853	1102859	2
7154887	7154888	2
11985231	11983002	1
7492535	7492536	1
2908852	3050093	1
10597991	10508105	1
11662147	10194409	1
12558867	12558870	1
10167416	10168064	1
2729305	10730243	2
3875508	3875505	1
11305254	11305253	1
8509209	8509212	1
1937875	1937876	1
5577359	5575730	1
8787859	8787860	1
4627106	4627051	1
1508138	1507979	1
964770	964769	1
8824393	8824411	1
10927686	10927685	1
2857358	2857357	1
7801658	7801657	1
12772763	12773267	1
2713034	2713447	1
7809031	7809032	1
7960601	7960602	3
3261245	3261246	1
5317199	5317202	1
1236926	1236925	1
5360471	5358602	1
5741263	5741266	1
6554727	6554063	1
12348082	12348081	1
12293813	12292367	1
5467074	5467069	2
4215613	4215614	1
9679169	9679172	1
6651592	6668167	1
7724522	7724519	1
5579529	5579530	2
5946044	5947832	1
6065006	6065005	2
9467900	9467843	1
12004809	12004790	1
5206098	5206097	1
11999864	11999841	1
10806215	10797400	1
2298245	2297380	1
10300381	10300382	1
4161218	4161217	1
12617827	12617828	1
348689	348690	1
12459801	12459802	1
4551667	4551905	1
1775235	1775058	1
1709384	1709383	2
5835001	5835002	1
11557256	11555133	2
5007124	5007471	2
2439545	2439548	1
8060114	8060128	1
8568762	8568761	1
2881946	2881945	1
3989335	3989336	1
3643534	3643533	1
9344064	9344063	1
7659133	7659175	2
8153606	8157826	1
5099135	5099152	1
4514043	4514044	1
13373	13351	2
4174235	7954141	1
2175675	2175690	1
11699589	5022328	1
9481138	9481137	1
1849355	1849356	1
4679661	4679662	1
51392	51391	1
1768928	1768927	1
5960356	5950279	1
11054811	11054812	3
2843046	2843029	1
2498500	2498499	1
5170268	5170267	1
11203579	11203559	1
5822269	5822270	2
1711309	1710484	1
43292	43291	1
5463587	5463588	1
7687945	7687946	1
3666229	3631040	2
11667039	11667088	2
7253404	7253401	1
6670117	6670402	1
7259110	7259109	1
8388656	8388655	2
5330910	5330909	1
5291420	5291419	2
4991453	4991454	1
9470007	9470008	1
12727603	12727604	1
4858577	6526208	1
358890	358887	2
1230206	1229118	1
9850103	9850104	1
9633888	9637836	1
9189822	9189821	1
5429998	5429812	1
4137818	4137813	1
4468001	4468158	1
11373877	11373878	1
7064241	7064242	1
3906146	3906192	1
12393419	12393506	1
9734184	9734183	1
3157448	3157447	1
7731667	7731435	1
6764705	6765298	1
11836444	11836443	1
1496779	1498284	2
4677732	4677762	2
11182084	11181536	1
6157460	5600593	1
8167199	8167200	1
4070443	4055165	1
4584995	4584639	1
7955160	7955159	1
9543389	9543390	1
10069786	10069785	1
9380730	9380729	1
11959337	11959303	1
7556203	7557968	1
3349919	3349920	1
10370855	10371337	1
7410990	7410758	1
3519333	3795619	1
3052832	3052829	1
12167910	12167907	1
12721511	12721512	2
2733407	2733410	1
2754644	2754643	1
6948791	6948792	1
9123803	9123804	1
7468621	7468622	1
8981774	8980364	2
5232259	5235878	1
10333871	1265686	2
5203633	6780691	1
10608659	10608660	1
1691799	1691715	1
10911168	10911167	1
10718260	10718257	1
3632141	3631465	1
4039867	4039868	1
8547445	8547465	1
1387219	1387222	1
171788	171182	1
2368773	2368797	2
7190889	7190890	1
4651887	4651888	1
1013154	1013151	2
6693322	6693321	1
660380	660379	2
9195673	9183956	2
1527850	1527849	1
6267099	6267100	1
8017985	8018001	2
9436400	9436399	3
12502247	12502248	1
7257690	4697584	1
7908766	7908789	1
2999750	2683066	1
9369998	9369934	1
9332793	9332794	1
3269410	3269409	1
9568068	9787537	1
8238349	8207175	1
3457527	3457528	2
11671910	11671909	1
5526654	5526657	1
3698673	3698676	1
4349840	4349854	1
9963427	9937755	1
7316436	7324848	1
12242692	12242689	1
11615762	11615761	1
6457700	6457517	1
8070898	8078248	1
8575246	8575266	1
472716	472581	1
5930026	5930025	1
364471	364472	2
12512599	12508324	1
10079999	10080000	1
8441366	8441249	1
6512054	6512053	1
3673795	3673796	2
10201753	10201932	1
11660821	11660824	2
1971913	1971914	1
7842434	7842433	1
2450848	2450833	1
7663026	7663025	1
10943153	10943154	1
1733105	1733106	1
10904246	10904243	1
2173331	2173332	1
11450834	11450833	1
3340917	3340918	2
763116	764195	1
10798959	10798960	1
1121223	1121879	1
9572589	9572619	2
10223265	10223266	2
11455074	11457919	1
3546280	3546275	2
11631785	11631786	1
10909985	10909986	2
8534828	8509776	1
2712456	2712869	1
4724735	4724738	2
644775	644748	2
6553627	6549684	3
7551460	7550410	1
3250127	3250130	1
6379129	6379130	1
12184319	12184297	1
1490005	1490006	1
11184085	11184090	1
2294369	2294370	1
6814971	6814996	1
499488	499487	1
4526795	10281209	1
10071541	10071542	2
10073754	10073753	1
5872008	5866809	1
10047575	10047576	1
7781286	7781285	1
12514684	12514683	1
11361794	11351893	1
3265902	3265901	1
2106181	2106182	2
5207444	5207441	1
3229340	3145066	1
5515841	5515771	1
8487405	8487406	2
8705737	8705738	1
12006016	12005976	1
356596	356579	3
6468447	6468448	1
1359530	1359529	1
10888282	10888281	1
649490	649493	1
11144501	11144502	1
8401913	8401914	1
9653982	12005054	1
2278571	2278609	1
6823474	6823303	1
1110231	1109464	2
6764378	6764403	1
10246502	10246501	2
1604155	1604156	1
7206185	7206186	2
4529106	4537080	1
11412320	11412319	1
6393779	6393817	1
1454894	1454875	1
10169106	10169559	1
4650896	4639133	1
1832552	1832551	1
3884468	3884483	1
8885416	8885415	1
12014193	12014194	1
8954299	11958391	1
3993180	3991331	1
2836234	2836233	1
7944056	7944055	2
2523112	2523069	1
10502221	10505779	1
6274217	6297847	2
6915552	6914653	1
1848704	1849364	1
12032047	12031246	2
1671765	1629983	1
10356117	10356118	1
8799492	8799491	1
11604591	11604514	3
11107640	11107637	2
1504188	1504187	2
2938539	2935555	1
1828210	1828209	1
9068598	9068133	2
7968281	7967995	1
7771355	7771356	2
12481240	12479412	1
5094358	5094355	1
3981339	3982965	1
12672254	12672257	2
10172711	10172703	1
10285876	10285996	1
57197	106606	1
11405457	10240200	2
8674906	11923551	1
12509770	12509792	2
3135639	3135640	1
2860874	2860873	1
802035	802036	2
10042858	10042855	2
7735443	7735444	1
7628771	7628772	2
1312300	1312299	1
9015893	9015505	2
324232	320329	1
2886119	2886120	1
6569271	6569272	1
1094107	10309244	1
971976	971975	1
4506811	4506812	1
12805327	12805328	1
10600878	10600877	2
8893991	8893992	1
6314348	6706468	2
9179244	9179243	1
7815756	7815404	1
2706462	2706461	1
7797150	7797147	1
10598293	10598294	1
8148330	8148920	1
3774583	3775925	1
5193646	5194389	1
7449811	7449816	1
9588455	9588404	1
5845783	5845786	1
2768583	2768564	1
806017	806018	1
1113413	1113414	2
7815053	7815054	1
11088035	2477835	1
10451277	10451278	4
5743765	5741195	1
3910586	3910585	1
9416745	9416746	1
7019038	7019026	1
5158113	5158063	1
7322940	7366612	1
10221410	7248369	1
5857937	5858048	1
3723386	3723385	2
3367429	3367430	1
3485730	3485750	1
9003799	9003802	1
11639051	11638882	1
4732665	4732695	1
10182374	10182141	1
1644521	1644431	1
3902933	3902970	2
4795206	4795205	1
2812092	2811793	2
10758961	1575004	1
10464263	10464499	2
2723419	2716739	2
10195633	10195634	1
9502333	9502334	1
6204152	6204203	2
9674368	9644131	1
5723218	5723217	1
1833033	1833034	1
4684514	4684513	1
9979598	9979597	1
9726190	9726189	1
3355900	3356203	2
11407509	11407510	2
993223	993182	1
348178	348177	2
7280516	7000680	1
3125958	3125957	1
192759	192764	1
5846820	5842651	1
11829498	11829497	1
2021053	2021054	1
10556597	10556055	2
7819838	7820429	1
3045653	3045654	1
9418838	9418837	1
2064484	2073631	1
7240968	7240967	1
4334304	4335445	1
7751645	7752513	1
10607185	10607195	2
6456719	6456720	2
2439893	7527013	1
5552266	5552265	2
7932666	8877765	3
3144093	3144094	1
12138502	12138501	1
3754878	3754875	1
5572585	5576695	2
9849263	9849095	1
8515532	8515831	1
10160495	10160496	3
9841665	9836257	1
3231347	3231330	1
6103387	6103955	1
5489147	5489148	1
6724684	6724669	1
6484051	6484091	1
10087999	10088037	1
7802627	7802628	2
382872	382869	1
7029183	7024772	1
7714856	7714859	1
9928095	9928096	2
9528141	9527786	1
11599726	11599725	2
5679847	5679976	1
8504567	8504560	1
7962432	7962431	1
8937277	9522159	1
7354714	7354511	1
3367809	3367810	1
10510634	10510633	1
910791	289859	1
730069	712875	2
11592101	11592102	1
1500144	1500097	2
10255824	11532590	1
2801081	2801065	1
5258714	5247522	1
12431882	12431881	1
1961037	1961038	1
3805985	3805967	1
3901122	3901119	1
3913242	3913241	1
11354735	11354736	1
10929513	10929514	1
4547356	4547368	1
9343540	9343150	1
9595919	9595707	1
2620211	2620212	4
5620239	5620240	1
8148029	8148110	2
8267052	8267012	1
12405186	12405185	1
6628418	6627823	1
10488116	10489748	1
2656065	2656017	2
8201956	8201955	2
3909753	9232125	1
1288652	1288651	2
9995106	9995044	1
6428475	6428453	1
12305747	12305748	1
9676570	9676569	1
5529314	5523068	1
9591510	9591476	1
10426655	10426656	1
7744815	7760680	3
6132135	6131786	1
2444903	2444906	1
6928545	6928546	1
12719560	12719559	1
11752829	11752830	1
7298396	7298385	1
7952412	7952592	1
2356380	2356377	1
11283516	11283515	2
7533549	7533550	1
8802014	8802013	1
4211366	4211365	1
11559546	11559545	2
1843310	1846668	1
5499553	5499556	1
4004514	3895898	1
9780872	9780869	3
3464077	3464080	1
7279835	7278822	2
4427802	4427801	1
5858413	5858414	1
2927254	2927253	1
4733670	4733669	1
790374	790408	1
9617077	9618828	2
10951858	10951857	2
12182692	12182691	1
10450176	10450175	1
2361601	2362275	2
3923876	3923882	2
8045695	8045649	1
1577549	1577550	1
4325580	4325579	2
3082579	3083169	1
4767515	4767518	1
1161367	1161318	1
9335192	9332805	1
631092	630925	1
11040911	8518915	3
8239203	8238129	1
7564446	7560722	1
7990045	7990046	1
5942182	5942181	1
2457513	2466079	1
9373572	9373576	1
1244440	1244439	1
2842153	2842154	1
2371420	2373787	1
8991367	8991285	2
11222210	11222209	2
10793079	10793661	1
10911039	10908896	1
11890519	11889311	1
3938631	3938632	1
7934320	7934323	2
11118543	11117657	1
10249210	10249209	1
11184091	11183656	1
10001502	6639062	1
8385637	8385638	1
1134222	1134221	1
6807224	6806163	1
20810	20809	2
10477178	10477177	1
828377	828378	1
4090189	4090204	1
11275947	11276357	1
12183582	12183581	1
1023894	1023893	1
2831468	2831467	1
302240	302239	1
694392	694391	1
10362998	10362997	1
10479168	10479163	1
6109240	812749	1
9378091	9378092	2
5947810	5947809	2
1367564	1242494	1
10904304	10904299	1
11045588	11045587	1
7585357	7585360	2
6700850	6700849	2
6367727	6367728	1
8708627	8708628	2
5340332	5340331	3
4791300	4721181	1
3298789	3299531	1
5537306	5537291	1
3575916	3575047	1
1282305	1282328	1
6252273	6358950	1
12675726	12675535	1
1395268	1526602	1
12265188	12264369	2
8848681	8848684	1
12144926	12144925	1
3281735	3281632	1
10989348	10989353	2
7006271	7006272	1
6423025	6457286	1
10365535	10372789	1
3542646	3542716	1
11699588	11699587	1
791944	791935	1
10769830	10772821	1
467189	465280	1
10762521	10762522	1
8442591	8444639	1
1768711	1768121	1
11760964	11760999	1
2332700	2332699	1
3209174	3209173	2
753641	753642	1
7875184	7920987	2
1165233	1165234	1
7214445	7214535	1
1658392	1658391	1
2637739	2637742	1
11718115	11718116	1
3789322	3789337	1
11711213	11711214	1
10745095	10743922	1
8826706	8826705	1
12172366	12172365	1
6730590	10230260	1
10871861	10871866	1
3378865	3378866	1
4788057	4788058	1
2259870	2254050	1
357170	357169	1
1272681	1272682	1
4299767	1087012	2
10561485	10561486	1
5847580	5847579	1
10900168	10900167	1
2471457	2471458	1
424684	429408	2
8655550	8655549	1
11854459	11854460	1
4994037	4994038	1
12400039	12400040	1
10153339	10153340	1
10296398	10296397	1
383942	383920	1
10343298	10343297	2
791995	792181	1
3792764	3792962	1
7935841	7935842	1
3391064	3391129	1
10253799	10253597	1
6103792	6104478	1
340455	340468	1
3537122	3537121	1
12229002	12228613	1
5378837	5378838	1
2357599	2357609	1
5820185	5820071	1
6277100	6277095	2
9369935	9369936	1
6229652	6228292	1
1597325	1598415	1
6422136	6422133	1
8027181	8027182	1
5985879	5985880	1
9694230	9694229	2
6544304	6544303	1
6009220	6009215	1
3449141	3449142	1
1959472	1959471	1
3428538	3428537	1
7717860	7717857	1
2319974	2319973	1
7885394	7885421	3
5810032	5810063	1
11154406	11154391	4
11519919	11519920	1
9929449	9929450	1
8166656	8166655	1
1611145	1609133	1
1761781	1761782	1
9435331	9522571	1
7126893	7126894	1
3971147	3803817	2
2602148	2601428	2
4402796	4402795	3
9871243	9871255	1
4877270	4877269	1
1889327	1889328	1
11274180	11274205	1
1622658	1622647	1
925365	925407	1
364933	370947	1
11588958	11364263	1
8572327	8572328	1
4758416	4757372	1
6611354	6611353	2
4265826	4536000	1
10800267	10800268	3
7140476	7140473	1
1483543	1483544	3
1186405	10738624	1
8342486	8343712	1
1753761	1753762	1
4345000	4344999	2
2562262	2568427	3
2197517	2207431	1
8490082	8490081	2
5098062	5098059	4
10446539	10446540	1
192620	192619	1
5681677	5681414	1
1726465	1726466	1
5702306	5702305	1
8978342	8978376	1
2646953	2646783	1
5876734	5876895	1
3725432	3725429	2
9003583	8955473	1
1192142	1192141	1
609330	611522	2
10481602	10481601	1
169605	169606	1
2575055	2575056	1
7498156	7498388	1
1986906	1984186	1
6812102	6812101	3
3973652	3973720	1
4867406	4867405	1
6436487	6436488	1
1912890	1912893	1
2626241	2626242	1
9671609	9671610	2
10283869	10283870	1
5261321	5261322	1
3735826	3735825	1
9937335	9937336	1
8273606	8273580	1
12641192	12641087	2
9668113	9668114	1
10104200	10104199	3
2072730	2192691	1
7357521	7357522	1
6703125	6703598	1
10160512	10160515	1
10982907	10982908	1
8861693	8863062	1
2310646	2310645	1
6941405	6941406	1
5252994	5229103	1
8347251	5381949	1
11194052	11173902	4
5359989	5359990	3
10268580	10268582	1
7826806	7826801	1
6494385	6494090	1
3729711	3729712	1
5831404	5831403	2
3193527	3208654	1
7593733	7593734	2
6365494	6370088	1
5469697	5469560	1
10394882	10394857	1
1534894	1534917	1
2623973	2621659	1
10529842	10529834	1
4766009	4766014	1
2783340	2783339	1
2877009	2877010	2
10512526	10512523	1
9424317	9424420	1
7913796	7913767	1
12780382	12780385	1
972132	972131	1
11162440	6151003	1
7446353	7446371	1
10828801	10828802	1
7881056	7881055	1
10085332	10085331	2
8354449	8354450	1
11248486	11248485	1
12015188	12015176	3
3912318	3912242	1
10401638	10401637	1
5676835	5676836	1
1254304	1254446	1
3951590	3951583	1
7038160	7038178	1
3057260	3057259	1
7446429	7446426	1
1490009	1490010	1
10947088	10947087	1
9648643	9648644	1
11966675	11966676	1
11382742	11382143	1
9432901	9432904	1
4817071	4817072	1
10242416	10243051	1
6722782	6722785	1
4995217	4995212	1
11305193	11305194	2
1778640	1777485	1
11274740	11274756	1
6117078	6115254	2
8714345	8714346	1
2699521	2699529	1
6153886	6168051	1
11380129	7082913	1
6957076	6958787	1
10272182	10271518	1
3356884	3357521	2
1477616	1477615	1
7929788	7929787	1
10224793	10224805	1
7742491	7742492	1
12431264	12431218	2
1825787	1822450	1
11126386	11120806	1
4839588	4839587	1
8528219	8528213	1
8553659	8553484	1
7793932	7794135	1
8832865	8832866	1
7862596	7852688	2
5425787	5426078	1
2056200	2056199	3
1446632	1446629	1
5558736	5558735	1
9515926	9515925	2
6751286	6751416	1
4538932	4538927	1
7773203	7772124	1
12780225	12779532	2
10482065	10482066	2
7550050	7550535	1
6102949	6102929	1
8469877	8469885	1
10509551	10509552	1
11583403	11335427	1
2031303	2031304	1
7936707	7936708	1
2657042	2655585	1
6434625	6434626	1
6297693	6297694	1
11591435	11591436	1
8288066	8289513	1
6383049	6383039	1
6564366	6564365	1
2585172	2585183	1
8027700	8009516	1
4419249	4418815	1
6572453	6572454	1
1616550	1616549	1
9122796	9122789	1
10652647	10652648	1
4177383	7486659	1
10987833	10987834	1
5940168	5940165	1
9832439	9830789	1
9918300	9905440	1
11521335	11521303	1
6730370	6732325	1
8672606	8689990	1
2497166	2497165	2
1191620	1191619	2
1214456	1243919	1
8015877	8015878	1
4527822	4527862	2
2253261	2253262	2
8532759	9101952	1
4577131	4577132	1
3376285	9834646	1
8433796	8433799	1
5430605	5430606	1
5950266	5960827	1
12344247	12344250	1
3143254	3143253	1
12274332	12274331	2
4086200	4085990	2
7410209	7409816	2
7849791	7849794	3
11345093	11345094	1
3444078	3444077	3
9337270	9337833	1
8456713	8456680	1
7641606	7641609	1
4277008	8706927	1
1536105	1536106	1
6331668	6331667	1
7906149	7906233	2
2258710	2258709	1
2811646	2811645	1
9096244	9096243	1
9573164	9573163	2
12342417	12342486	1
784938	784937	1
4670785	4670786	1
9360229	9360230	1
3018393	3018387	1
4154702	4154705	1
8824144	8824141	1
4220642	4222404	1
4019051	4019052	1
3281219	3281220	1
12758538	12752872	1
1840674	1840743	2
12006431	12006538	1
10546554	7069812	1
5765293	5765294	2
6654118	10635401	1
4311963	4311964	1
7255123	3163001	1
12037428	12037427	1
10064971	10072202	1
6035599	6035587	1
7812288	11498669	1
6831881	6831864	1
9090840	5003599	2
4338478	4339118	1
5526179	5526170	1
4659980	4659979	1
1303280	4149335	1
12317793	12317794	1
10589164	10589163	1
2180566	2195539	1
10382004	10378531	1
5842556	5841263	1
5379890	5379887	1
4027099	4027096	1
1671562	1671561	1
2640083	2640064	1
6597398	6597397	2
4558242	4375322	1
2747503	2747504	1
4731314	4731313	1
4344616	4344835	1
6110433	6110418	1
3986638	3988654	3
4606901	4606902	1
5014737	4111775	1
9166126	9165588	1
9495732	9495832	2
8236317	8237809	1
12303286	12303285	1
450354	450353	1
8316159	8316228	1
6224220	6290170	1
10272155	10272156	1
10253801	10253597	1
1132747	1132748	1
10184995	2340420	1
58849	58850	1
6514160	6514159	1
8040747	8042113	1
11744546	11746080	1
1610791	1610987	1
9530179	9530139	2
1460606	1460605	1
6053484	6053176	1
1097838	1098146	1
8082304	8082303	1
1139696	1139695	1
6013875	6013876	1
2563533	2561856	1
6342619	6342536	1
10746415	10734751	1
8600061	8600062	1
6437354	6437144	1
4029225	9466233	1
10408657	10408659	1
4834460	4834457	1
2831241	2831302	1
10412068	10412067	1
10420502	10420501	1
639959	639960	1
443702	443701	1
12530543	12530544	1
10733561	10733531	1
12510063	12510064	1
7311345	7311342	1
7944031	7944032	1
5377833	5710398	1
1767207	1767208	1
7656917	7656925	1
6168863	5312418	2
2376095	2376096	1
8079838	8079837	1
7169	7170	1
10579241	10579242	1
4174667	4174668	2
2678433	2678434	1
5274552	5274549	1
11664606	11664605	1
6017484	6017488	1
1577551	1577552	1
1607744	1607743	1
7279511	7279513	1
5336277	5336278	2
1577590	1577589	2
10183347	10183348	1
8490866	8490869	1
10531619	10567301	1
8520744	8520743	1
4382376	4382375	1
12614651	12614652	3
8044390	6002709	1
10911821	10911495	1
11744973	11744974	1
5489273	5489262	2
6574990	6574989	1
1998228	1998227	1
7417380	7418215	1
8655777	8655687	1
11831901	11831621	1
7486523	7486524	1
9081903	9080807	1
434371	434372	1
10550470	1461189	1
4839725	4468951	1
6673535	6673223	1
10232538	10232537	2
9830808	9830807	1
10223267	10223287	3
6206806	5102306	1
5531630	5530734	1
12039281	12041066	1
3463556	3463555	1
10479489	10474915	2
5252703	5252689	1
5533760	5533782	1
7050044	7050037	1
6758647	6758652	1
4523745	4523746	2
4063858	4063857	2
5101923	5101924	1
8150171	8315591	1
3119826	3119825	2
7753691	7654286	2
799160	799162	1
589495	589498	2
8615280	8615279	1
3296205	3296284	1
10535601	10564481	1
11967212	8950883	1
4751236	4751235	1
5381309	5380390	1
6231512	6231511	1
9574069	9574070	1
5653761	5656381	1
4360759	4360737	1
11378937	11378938	1
7720180	7720177	1
12198356	12478235	1
7669584	7668877	2
3575988	3575987	1
12325073	12325605	1
12207471	12207474	1
246805	246806	1
2885722	2885719	1
8010165	8010166	1
10878596	10878595	1
157127	157141	1
8040793	8040794	1
6174225	6174226	3
5715339	5715340	1
8827291	8827292	1
348651	348738	2
10197862	10197861	1
8879138	8879137	1
5557409	4738201	1
11367258	11367257	1
4019380	4019379	1
8562453	8562454	1
1029787	1029815	2
12633256	12633255	1
6734181	6734182	3
10789424	10789421	1
706542	706541	1
7606559	7606560	1
7743217	7743218	1
4784404	4784407	2
6680768	6680767	1
7824716	7824715	1
8321667	8321594	1
2104284	2104283	1
9109072	9109071	1
10997731	10997750	1
4565076	4565075	1
5939959	5939960	1
5744776	5888828	1
5697603	5697604	1
6031071	6034604	1
11557256	11555131	1
3872706	3872983	1
11169812	11169811	2
5581803	5581806	1
7278888	7278885	1
8562362	8562384	2
7441516	7441511	2
10797627	10797628	1
10986464	10986257	1
3132573	3132574	1
11148218	2483421	1
3043832	3043831	1
11192221	11192222	2
7799691	7799692	1
1159635	1159636	1
9838677	11756890	1
2056499	2056500	3
848945	848946	3
12336549	12336550	1
9824240	4782770	1
2505963	2505964	2
3196467	3196410	1
7015282	7015284	2
4033369	4033331	1
796292	801393	1
11442293	2935166	1
1693370	1614000	1
448488	448487	2
2842268	2842042	1
11184966	11184965	1
7422737	7424782	1
8721188	8721187	1
3511291	3511292	1
12544165	12558723	1
12475010	12475009	1
4770390	4770485	1
10533151	10533152	1
10283492	10283491	1
8766823	8766818	1
5279264	5278771	1
858423	858426	1
51557	290705	2
8079058	8079055	1
7560812	7560811	2
8896080	8895001	1
8922437	8922869	2
8549132	8549131	1
8452621	8450471	1
11584392	11584391	2
11172852	11172851	2
8217852	1494979	1
7264847	7264848	1
8390089	8390090	1
826837	7372626	1
6358478	6358477	1
1399686	1399683	1
5662614	5662609	1
5760685	5760686	1
7828186	7828183	2
11668829	11668832	1
7159386	7159385	1
8221186	8221142	1
5118491	5118828	2
5349793	5349794	1
11169795	11169796	1
9873862	9873861	1
170691	170692	1
11909605	11909607	1
9258054	9255353	1
3673175	3676948	1
9894553	9894556	1
4083662	4083661	1
8880152	8880696	1
7806018	7807483	1
3561229	3561230	1
4672094	9680519	1
1568133	1567655	2
4279353	4279354	1
3325906	3325268	1
9100269	9100270	2
988746	989307	2
3550336	3550358	2
9016032	9016031	1
8247465	8261319	1
11997537	11997531	1
3496232	3496077	2
9345656	9345655	1
6364015	6364016	1
10779695	10779696	1
1903429	1903430	1
11345908	11345887	1
3022065	3022066	1
1397138	1396897	1
2880913	2880914	1
10011976	10011975	1
6780075	6780076	2
1796007	1796010	1
8494624	8493948	1
2322413	2322438	2
10451276	10451273	1
7651996	7651995	1
5924704	5924709	1
1580423	1580424	2
5567898	5567881	2
6799820	6799822	1
5114934	5115769	1
11032445	11032446	3
12232980	12233000	2
10080032	10195879	1
4545392	4545391	1
4736134	4736133	1
314206	314189	1
954331	954332	1
11003671	11003672	1
3982454	3982453	1
6520062	6520172	1
2088765	2088768	1
6694729	6694730	1
1420021	1420022	2
10481171	1597872	2
2717432	2717427	1
6870031	6870032	1
9741155	9741167	2
9928175	9928176	2
4347136	4347135	1
9726622	9726621	1
5653282	5653279	2
2962145	2962038	1
3926216	3926213	1
5570387	5570388	1
6351226	6357576	2
7792605	7792657	1
6684725	6684726	2
10341395	10341396	2
5711227	5712785	1
3822695	3822654	3
7915233	7915234	1
6625505	6625506	2
4262657	4262420	1
10307802	10307795	2
922541	924596	1
7974297	7974282	1
456564	455639	1
10711221	10711224	2
6177888	6177908	1
3267780	3267779	1
12804195	12804154	1
3521276	3521273	1
573921	573905	2
1520764	1513912	1
1024857	1024858	1
2484593	2484594	1
9257504	9257523	1
11877373	11877374	1
10911884	10911673	1
6233933	6232358	1
12037657	12037658	1
9979172	9979624	2
9783293	9783294	1
5530910	5530835	1
6022404	6010719	1
11826239	11826242	1
10830641	10830642	1
9166521	9166522	1
8002393	7820070	3
8787512	8787511	1
5336675	5336653	1
5661576	5661064	2
12726548	12726518	2
5442498	5442497	3
11555132	11555129	4
2051174	2450386	1
10769081	10769060	1
11452234	11452089	1
7340910	7340909	1
102405	102456	2
7667875	7667876	1
10689422	10689433	1
6835160	5701293	1
7274763	7271672	1
7498653	7498654	1
6554619	6554620	1
2542588	2542587	2
10335165	10335166	1
12028637	12028638	1
4369654	4369658	1
5278190	5278187	1
11726766	11734883	1
11446190	11446189	1
11476263	11476646	1
9016656	8776911	1
1840250	1840249	1
5899077	5901954	1
5965690	5965687	1
6830033	6830034	1
7058796	7058745	1
6443410	6443409	1
4234518	4234461	1
6184123	6184618	1
6023241	6023242	1
4430638	4430637	2
12719135	12719136	1
2244973	2244056	1
3231186	3231185	1
8973831	8973832	1
2133236	2133233	1
2177022	2039180	1
11507568	11507561	2
6268296	6268295	1
9439345	9439346	1
3789099	3789100	1
10883085	10883086	1
8807130	8807304	1
1168864	1168863	1
7764442	7764441	1
5718188	5718160	1
1654355	1652082	1
6204940	6213520	2
1082718	1082299	1
7736025	7736035	1
2960691	2960692	1
1090246	1090245	1
7220744	7220741	1
2318067	2318070	2
7576820	7979265	1
1531475	1532697	2
3095958	3095957	1
6415072	6610042	1
10702755	1446482	1
7277808	7277807	1
6970572	6970569	1
977536	977539	1
12660767	12660778	1
4216774	4216809	1
7303831	7303832	1
9542425	9542426	1
12741961	12741929	1
5483322	5483321	1
11377415	11377419	2
6179164	6179584	1
10969087	10969088	1
11002048	10971270	1
6457710	6333676	1
11722874	11718168	1
2997581	12787865	3
3478502	3478501	1
2868026	2868025	1
4298213	4298232	1
7599979	7599980	1
7110133	7110632	2
11623306	11623305	1
11697731	11697732	1
6982140	6981991	1
9505453	9505454	1
8008913	8008914	1
10259895	10259896	1
4676129	4676130	1
10115014	10115040	1
6113247	6113248	1
9513680	9513679	1
5895193	5895969	4
12228202	12228135	2
7914941	7916148	1
841893	841894	2
9532671	9533310	1
10045735	10045736	1
3209231	3209232	1
1078277	1078278	1
4072452	4072451	1
10749058	10749055	2
11484911	11484912	1
11153183	11152953	2
1743063	1743031	2
11651419	11651405	1
663929	663930	1
10375030	10375029	1
2076822	2076821	1
5337540	5337537	1
3211427	3210575	1
9357075	9357078	1
398244	5521867	2
6225281	6225297	1
5240286	5240271	1
12372738	12372733	1
6720620	6629683	1
5050965	5050998	1
11742890	11742888	1
6799303	6799304	1
12562437	12562438	2
11546619	11546620	1
2954479	2954450	3
6573029	6573030	1
60734	60731	1
5256781	5252564	1
1669381	1669382	1
7829324	7828119	1
5153231	5153223	1
6903733	6903730	1
6249984	6250181	1
2086260	2086259	1
1179260	1179259	1
4020785	4020786	1
12676900	12676548	2
783666	783665	1
287002	287142	2
8023374	8023373	1
10147031	10146990	3
9527099	9526951	1
11060156	11059649	1
10956126	10956125	1
4583782	4583781	3
838317	12418925	1
11649665	2996306	3
10750524	10750930	1
1979616	1979613	1
1068327	1069634	2
11662354	11660855	2
5519931	5519932	1
1751066	1751902	3
8485979	8485982	1
2311715	7806445	1
9935612	9933655	1
4385358	4385278	3
11910667	11910617	1
9392226	9388954	1
6276556	6276555	2
2489927	2489398	1
9840469	9839304	1
4760787	4759556	1
4565973	4565932	1
8350845	8351743	1
1138589	1137783	2
2797621	10497555	1
7813485	7813486	1
5055563	5055564	1
6128054	6128106	1
9032440	9031525	1
4206217	4206218	1
11189381	11189382	1
12665890	10960108	1
71793	71868	1
7394467	7394468	1
10605381	1703188	1
4603804	4603732	1
6593569	6578938	1
11769497	11769498	1
12729148	12729147	1
7829215	7829216	2
1447675	1447676	1
10833037	10833164	1
8313712	8312921	1
5243628	5243627	1
1448585	1448581	1
800395	800375	1
12050943	12050944	2
7664191	7664192	1
10819779	10819520	1
11415610	11415609	1
11131347	11131348	1
11322005	11322006	1
6206810	6206809	1
7293726	7293281	1
5350958	4215500	1
10927987	10927988	1
2052057	2052058	3
7434921	7434922	2
7686911	7686912	1
649593	649594	1
8649966	8649986	1
7815047	7815048	1
8401699	5238731	1
2334570	2337235	1
1254685	10471723	1
6119961	6119962	1
8429277	8429278	2
7186968	7187636	1
11618567	11618568	1
5831562	5830374	1
9385880	9385879	1
1101087	1101088	1
11016097	11012470	1
9271933	9267747	1
1437642	1438074	1
2757455	2757456	1
12370276	12370417	2
3827793	3826396	1
2006794	2006797	1
5170353	6785526	1
5049434	5049426	1
11580081	11574392	1
35832	35831	1
5347416	5347486	1
9554772	9788063	1
2544930	2544491	1
9639643	9642933	1
10847818	10847817	1
5048625	11847856	1
5812144	5812143	1
12682925	12676755	1
9628295	9628296	1
8872002	8871999	1
1736603	1736604	1
1727236	1727235	1
12052172	12052182	2
4425349	4425350	1
4162267	4157239	3
2829896	2829895	1
5737628	5737627	2
7398915	7398931	1
11280640	11280590	1
2540870	2540869	2
4405918	4405917	1
5256800	5256745	1
7131429	7131404	1
2136881	2136866	2
2121254	2120928	1
1767209	1767211	1
4246984	4246983	1
4860180	4860179	1
3642871	3642874	2
10145678	10145677	1
3111864	3111863	1
2461985	2461986	1
3366281	7936817	1
1875637	1875638	1
2532397	2532258	1
10843837	10843838	1
570840	570843	2
3429925	3429926	1
12016564	12016563	3
6138346	6138343	1
1391896	1391879	1
8900111	8900112	1
6021304	6021303	1
10036765	10035541	1
5204535	5204530	2
3577086	3577094	1
12349339	12349340	1
2030926	2031302	1
8323055	12678818	1
3122788	3122787	1
9153460	9153491	1
8778728	8778727	1
10909438	10909435	1
4486153	4386941	2
4757453	4757458	1
1955727	1956917	1
7822050	7822049	1
3782385	3782386	1
6371672	6371858	1
6959202	6963078	2
5118203	6110426	1
7789800	2342501	1
5948130	5948127	1
10928876	10931163	1
7717862	7717861	1
9077921	9077922	1
2296618	2296617	2
3813637	3813632	1
4742863	4742885	1
8553829	8553830	1
6846676	6846664	1
1286613	1286877	2
10424276	10424175	1
1188132	1186813	1
7233506	7233505	1
144487	144488	1
1163065	1163353	1
9778273	9778487	1
7339310	7339309	1
3247400	3247399	1
3245615	3245616	2
8696543	8696544	1
3144868	3144865	1
8395124	8395123	1
9893945	9893946	1
9304831	9307962	1
2221337	2245827	1
8742279	8742280	1
1284821	1284822	1
2063624	2064062	2
5129448	8641155	1
11365830	11365099	1
3708870	3708879	1
3938940	3938939	2
642224	642223	1
6139374	6209054	1
12119674	12119671	1
3903343	3903344	1
7831039	7831040	1
1985590	1985584	1
10478059	10478107	1
7880326	7880325	1
459206	459205	1
9395014	9394941	1
1937085	1937049	1
6886981	6886982	2
11620952	11620951	2
6323411	6321558	1
7106561	7107106	1
36448	36438	1
4826912	4827449	1
12429712	12429809	1
12556705	12556706	1
6447763	6447828	1
5549306	5549305	1
5616056	5616062	1
4218391	4218392	1
6275263	6275264	1
1378747	1378731	1
8893993	8893994	1
6310625	6310585	1
7996920	7996919	1
3866970	3866820	1
11885860	11885859	1
3621607	4096434	3
11887675	11887676	1
10284997	10284998	1
6994696	6994699	1
4033734	4033729	1
6800020	6800023	1
2804251	2803985	1
5367873	5367874	1
5550305	5550306	2
4213918	4213917	2
5891660	5891659	1
6117080	6117079	2
5775908	5775907	1
2111113	2111124	1
7059090	7059089	1
1265709	1268560	1
3202070	2829329	1
11219189	11219190	1
8341131	8341605	1
9430656	9430653	1
3618649	3618650	1
7864272	7864271	1
10736607	10736608	1
11373407	11373226	1
9101282	9101281	1
1787448	1786633	1
3062947	3062948	1
10292207	10294554	1
9740211	9015878	1
6932109	6930054	1
10234127	10234128	2
12344247	12344248	2
12178007	12167201	1
4094596	4094595	1
4004755	4004756	1
12511729	12511785	1
9072260	9071018	1
2945355	2945458	1
11859420	11859419	1
10987380	10987244	1
9019776	9019799	1
12176237	12176231	1
3211288	3211287	1
6035652	6035651	1
11861293	11861294	2
8894578	8894545	1
861646	861645	1
4555835	4555873	1
690647	690648	4
7683377	7683205	1
6206808	5102306	1
5530350	5530349	1
10312952	10312955	1
170442	170474	2
573941	573893	1
8777234	8777229	1
12458344	11281287	1
4251146	4251109	2
1270355	1270356	1
9586359	9586362	1
12013736	12013735	2
10909313	10909314	1
11484166	7260794	1
12204390	12204135	1
6174351	6174352	2
6919440	7059891	1
3980557	3978252	1
11740499	11740500	1
3084114	3084111	1
6664843	6666048	1
6058740	6058739	1
8441452	8441579	2
4068119	4068122	1
8401699	5238729	1
7007062	7007056	1
8891363	8891474	1
82576	82575	1
9301301	3891317	1
6875036	6875035	2
8731030	8731029	1
5824816	5824813	1
6629250	6633275	1
3988879	3988931	1
6528597	6528598	1
1586665	1586666	1
7647406	7647376	1
2379278	2379277	1
1571064	1571063	1
1717288	1717287	2
2408064	2408078	1
7003348	7003345	1
6186642	6186641	2
6679761	6679763	1
10020830	10020709	1
6459100	6368392	1
5379516	5379405	1
11576681	11576682	1
12491533	12491534	1
11019890	11019889	1
7864007	7864008	2
1548352	1548351	2
5525778	5526100	1
6797278	6794085	1
11930067	11930053	3
2779186	2779161	1
2321599	2321600	1
4779286	4779283	1
328533	328534	1
11779398	11700626	1
9973050	11761134	1
7190485	7190486	1
990293	990296	2
8649595	8649596	2
7878022	7878021	1
4939007	4939008	1
5310319	5310320	1
8534665	8534668	4
4276500	4276491	1
5723216	5723215	1
7705098	7705356	1
5152047	5152061	1
987951	987952	1
6346571	6346572	1
6794256	7181327	1
2952561	2952562	1
6283166	6283161	1
11098192	2475513	1
10224140	9840210	2
11901352	11901351	1
8918309	1863271	1
6310153	6310154	1
6682604	6682996	1
11044153	11044154	2
5256563	5255762	1
5534459	10809838	1
5151208	5151529	1
6470721	6470722	1
11670870	11670869	1
10342598	10341965	1
1029008	1029042	1
10741308	10721088	2
11370956	11370955	1
5178618	5178617	2
10121620	10121634	1
10334944	10334943	1
3419930	3419929	1
12015358	12015441	1
11447678	11447675	2
11175245	11175246	1
11400925	11400922	1
4119829	4119547	2
12812076	12812075	1
4859643	4859645	1
5940015	5940026	1
695625	695626	1
9445993	9445994	1
8442074	8442073	1
2873839	2876188	1
8700455	8700488	1
3939365	3939366	1
1302382	1302381	2
10960485	10960486	1
5352545	5331284	1
12182538	12182563	2
8013572	8013571	1
7315144	7315184	1
3400481	3400482	1
12668115	12668116	1
768857	768858	1
6104399	6105003	1
11885858	11885857	1
10610325	10610328	1
11092841	11092842	1
9149629	9112979	1
8046492	8046491	1
5202538	6777786	2
8971631	8971632	1
2306241	2308516	2
12515519	12515578	1
1086930	1086929	1
5530065	5530066	1
4860004	4860003	1
11551747	11551748	2
1853037	1851310	1
1323330	1319662	1
11776003	11776004	1
3143458	3143457	1
769393	769494	3
5210246	5210222	1
6019990	6036297	1
6174795	6174789	1
9260894	9260893	2
10452474	10452659	1
1457754	1456965	1
10441903	10441904	1
11103193	11103194	1
11544610	11576737	1
6264837	6268703	1
3826309	3918099	2
8294762	8522201	1
12182244	12182243	1
276484	276483	1
801336	801316	1
9063087	9063117	1
4723750	4723749	2
11664885	11664887	1
10880041	10880042	1
4267095	4267296	1
4549642	4549641	1
10297488	10296097	1
3625363	3625364	2
8294480	8294483	1
858752	858751	2
4405614	4405574	1
8776376	8776804	1
669763	669832	2
10144819	10144820	1
3541727	3541728	1
5566179	5566272	1
8478719	8478720	1
4540127	4540034	1
7930465	7930466	1
11054756	11053132	1
4987335	4987336	1
9297325	9297326	2
12449968	12449967	1
11688945	11688984	2
3288510	3288509	1
7998840	7998835	1
2711571	2711572	2
2836660	2835408	2
8528766	8528759	1
10944592	11010789	1
10570263	10570248	1
2020542	2020716	1
9192063	9190486	1
6009192	6034857	1
4554755	4554756	1
12572528	12549081	1
7216539	7216544	1
680231	677207	1
9863744	9863743	1
254304	254303	1
3878984	3879027	2
6457628	6457517	1
11186179	11186180	1
7125289	7123765	1
10035126	10035125	1
8347335	8347349	1
10807411	10807412	1
10168257	10168258	1
1985697	37594	1
6748555	7253824	1
1341641	1341736	1
10902292	10902355	1
4465529	4465530	1
9467681	9467682	2
7696669	7696670	1
2304784	2304783	1
5106679	5106680	1
10725469	10725360	1
7882387	7880331	1
955981	955982	2
3378572	3378638	1
7430476	7201874	1
8244247	8244276	1
5265042	5265405	1
5509892	5509891	1
5962279	5962282	1
6425672	6425669	1
2886089	2886090	1
11863057	11860998	1
1521210	1590348	1
4039773	3712802	1
920649	921004	1
8215300	8216216	1
11887100	11887037	1
3831115	3831128	3
5382287	5382283	1
6576024	6576023	1
11984649	11984758	1
11334841	11334842	1
4244356	4244353	1
6264419	6264420	1
7733486	7733485	1
8195231	8196591	2
3753807	3753808	1
423363	422978	1
3477290	3477289	2
3173681	3173366	1
1632437	1632438	1
2441634	2443993	1
4579551	4579552	1
9526443	9526463	1
12664510	12664509	1
47225	47226	1
1722600	1719885	1
1873129	1873127	1
5011659	5011660	2
10708021	10708076	1
8759105	8969539	1
11911973	11911833	2
336194	336184	1
5672561	5672554	1
5579204	5579361	1
1093161	1093162	2
6033500	6033499	2
1149506	1149662	1
570842	570841	1
12288890	12288889	1
3280817	3280818	1
6840229	6839912	1
8471277	8471278	1
12422016	12426865	1
2838105	2904070	1
9189820	9190787	1
4775989	4776238	1
11040302	11040299	1
5979035	5979036	1
5654655	5654656	1
7556216	7556191	1
12182718	12184605	1
5702361	5689085	1
5516658	5516657	1
10736498	10736497	2
11959625	11959995	2
7848233	7848675	2
2847368	2843595	1
1126727	1126730	1
2899835	2899836	1
11180248	11180086	2
12798786	12796885	1
5317660	5317659	1
3548536	3548535	1
6551655	6551448	1
10498865	10498866	1
130849	130837	1
6161387	6161390	1
4133745	4133746	1
11378886	11378885	1
7863585	7863586	1
1987555	1987556	2
1389802	1389801	1
4071320	4070449	1
10420177	10420180	2
4990103	6426065	1
7189112	7188878	2
11062860	11062859	1
10880255	10880338	1
8796854	8666401	1
4990609	4990610	1
5714193	5714196	1
6177293	6177287	1
11394702	11395318	2
8904555	8904479	1
11268660	11268953	1
11774776	11774851	1
10622035	10622038	1
4274314	4272777	2
12346900	12347757	1
748907	751002	1
929583	436484	1
10228451	10228452	1
7544878	7545035	1
5580030	5580163	1
12486953	12486954	2
2136207	2136208	1
3389252	3389592	1
8008629	8008630	1
1091150	4306448	1
7281440	7289175	2
8499907	8521196	1
8055528	8055234	3
9796976	9796975	1
9446428	9446427	1
8180245	8180238	1
5400918	5400917	1
11040150	11042485	1
2549219	2549220	1
10103164	4603526	2
9693883	9693886	1
368928	368927	1
7920986	7920985	2
9745904	9748817	2
4866482	4866481	1
931552	932654	1
11612042	11613582	1
10717007	10717008	3
4536488	4536486	1
6305103	6305104	3
9572679	9572680	1
10853115	10853116	1
4695767	4695762	1
44662	44661	2
11626430	11626417	1
12123268	12186107	1
4734595	4734726	1
8663823	8663824	1
4035149	4035150	1
966590	966592	1
2826676	2826675	1
144493	144517	1
4737895	4737896	1
6123427	6123430	1
6256377	6272572	1
273089	273090	1
3195592	3195474	1
208352	883714	1
7695743	7696165	1
3273264	3273261	1
3601260	3603880	1
1418835	1418836	2
1311602	1311683	2
4153625	4153626	1
8187234	8187233	1
7585423	3428539	1
4910561	4910562	1
4188971	3819739	1
2786049	2786050	1
6269119	6269120	1
10982909	10982910	1
1114897	1722187	1
6751238	6751235	1
9026987	8794983	1
3450741	3450742	1
10855714	10855713	1
3277727	3277728	1
10699336	10695001	1
7004488	7004487	2
10051343	10051337	1
4144745	4144746	1
8791831	8784638	1
2479927	2479928	1
3885442	3885441	2
720303	720304	1
6202509	6202541	2
8953104	8953103	1
10781628	10781625	1
10463251	10463252	1
3446989	3448003	2
10001203	10001204	1
1227799	1227800	3
10438409	10750047	1
11268949	11268950	1
11338322	11304457	1
11047107	10854259	1
10555455	10555325	1
353705	353783	1
1586554	1586553	3
2888229	2888232	1
3529714	9464558	1
4375886	4375885	2
812478	840339	1
3570693	3570699	1
3130235	2943611	1
6326912	6345050	1
6015100	6015099	1
7166331	7166332	1
1370979	1370980	2
12735766	12735461	1
8061972	8061526	1
7310641	7313438	1
9746513	9065510	1
6513861	6513864	1
9153658	9153675	1
844487	844694	1
7478441	7478442	1
307616	307613	2
832916	830652	2
1695751	1695752	1
2654249	3299289	1
10426640	10426637	1
10441484	1292001	1
10062378	7733661	1
9528543	9713820	1
723228	723227	2
3614917	3615302	1
6907580	6908344	2
10893587	10893588	1
4984770	4984830	1
441442	441525	1
7374632	7374631	3
8235694	8195399	1
3943804	3944617	1
8541035	8541036	1
91557	81848	2
11710752	11710751	1
11474203	11474206	1
8824803	8824804	1
11027311	11027312	1
10068541	10073686	1
3795930	3795846	4
6812873	6812832	1
8880249	8880177	1
10734750	10734749	2
10496210	10496250	1
8273608	8273607	3
40689	40692	1
5736226	5736225	1
3369005	3369006	1
10205777	10205778	1
10977310	10977309	3
10042327	10042328	1
10929437	10929438	1
11394342	11394544	1
5293480	5293479	1
9082564	9082563	1
9478813	9478814	1
5994394	5994393	1
5536433	5531861	1
5458785	5458788	1
8742319	8742320	1
5089650	5089649	1
932409	920466	1
1105441	1105442	1
11220767	11220768	2
817653	5600729	1
9086394	9086391	1
4806753	4806721	1
5973038	5973037	1
9114461	9114462	1
3157108	11490077	1
4640997	4640985	1
1971251	1971252	1
7318078	7318077	1
7874174	7921476	1
6038270	6038269	2
10804864	10804863	1
5517303	5517304	2
5747950	8833261	1
1117813	1117814	2
5545493	5545494	1
9794501	9794502	2
10750526	10750525	1
2006148	2006815	1
2604386	2604389	1
5114188	5114187	1
8547	8544	1
11968790	11968789	1
11829058	11829057	4
11394999	11395000	1
1664972	1664971	1
11393563	11393564	1
10636717	10635070	3
5763191	5763192	1
6884243	6884937	1
9359442	9359481	1
11909089	11909090	2
5086877	5086878	2
10915680	10915726	1
1911525	1911526	1
4777977	4777958	1
2719750	2719788	1
4826313	4827020	1
2730577	2730578	1
9755158	9755266	1
6654735	6654736	1
709532	709531	1
5486529	5486530	1
4660939	4660940	1
273729	273986	1
10581183	10581963	1
10734752	10734751	1
7740575	7740143	1
1904582	1904579	1
8745864	746427	1
4301053	4308443	1
1222691	1223689	1
7468069	7468072	1
1107935	1107936	1
11369742	11369741	1
10240575	10240596	1
9790944	9790943	1
8973040	8973043	1
1109548	1109547	1
2851105	2850138	1
6034408	6034407	1
388045	388071	1
8468437	5770979	1
10343262	10343261	1
5254610	5254609	1
5385632	5385631	1
2962930	2962929	2
9850016	3252820	2
10399731	10399724	1
6053637	6053620	1
4079113	4079114	1
81712	81709	1
1611915	1611916	1
9353269	9353286	1
5380303	5380304	1
12163794	12163793	1
1391216	1391215	1
6923264	6922617	1
3799492	3799506	1
6796445	6796446	1
1133133	1133134	1
7285273	7283167	1
9164381	9164382	1
10681329	10681330	2
1775390	1775389	1
4343240	4342230	1
2700236	2700289	1
2358479	2358480	1
982827	983027	2
1290226	1290283	1
5974241	5974242	1
9922681	9928320	1
6469167	6469168	1
9985418	9985417	2
9556014	9556013	1
10535109	10535112	2
4445764	16403	1
11624496	11628329	2
3973351	9852743	1
8266016	8266015	2
7401160	7401159	2
6345809	6583885	1
7130098	7131723	1
8516640	8518410	1
11550612	11550611	1
1597395	1597396	1
8451064	8448664	2
12641605	12640949	2
12271846	12270968	1
2057155	2056758	1
8482910	8482909	1
5974714	5974713	1
5794027	5794028	3
8151172	8151175	1
6410638	6410637	1
9564159	9564160	1
1619646	1618935	2
807659	2247331	1
5861954	3804001	1
3669788	3669787	1
5517602	5517601	1
7641030	7641029	1
3895458	3895427	2
3944682	3944679	1
2900441	2900444	1
4551172	4551175	1
7658956	7658949	2
11852558	11852557	1
5934856	5932100	2
7684466	7684465	1
9952090	10252809	1
2360507	2360508	2
9382110	9382109	2
1722466	1722465	1
4133749	1298274	2
421567	421568	1
9545768	9546136	1
1783563	1089880	1
1972451	1971582	2
5985881	5985882	1
3551862	3551861	1
4421659	4594966	1
407812	407832	2
7802629	7802630	2
5198064	5198063	1
10011236	10010678	1
3726274	3726273	1
10977252	10977245	1
9508339	9508340	1
2922079	2922082	2
11325966	11326017	1
3141986	3142729	2
394963	194098	1
8417176	8417239	1
1608713	1608714	1
6079819	6079820	1
9438724	9438723	1
9818539	9819804	1
4174284	4173934	1
780634	780633	2
4651354	4651353	1
1402738	1402684	1
10218752	10218751	1
192288	193207	1
716349	716350	2
10001098	10001097	1
6252143	6268160	1
10295651	3308335	2
2934238	2681907	2
4197773	4197774	2
9916451	9916452	1
3889079	3889080	1
11451998	11451997	1
8991284	8991283	1
9921974	9921973	2
6623915	6623916	1
6143303	6143304	1
11987108	11987683	1
4516111	4516112	1
5203229	5203230	1
9915594	9916824	1
2646833	2646834	2
8281078	8281077	1
6445210	6445619	3
6687154	6687153	1
8883801	8888439	1
7998809	7998234	1
2269290	2269571	1
1744748	1744745	1
9673884	9673396	3
6595419	6331722	1
8211433	8211434	1
10905081	10905086	1
6127196	6127187	2
9182863	9182864	1
10371336	10371335	1
11074513	11074516	1
1215941	1216033	1
3373579	3373256	1
11752290	11752289	1
11788013	11787998	1
11522531	11522533	2
6377888	10092367	1
11409514	11409511	1
2445296	2445119	1
351381	351384	1
1702583	1702584	1
11014652	11014616	1
10189778	10189773	1
5863834	5863074	1
886078	287379	1
4424065	4424066	1
2369606	2053323	1
9326443	9326444	1
10483379	10489545	1
43288	43287	1
3957320	3957319	1
2901943	2899400	1
3103269	3103270	1
7227611	7227669	2
6742611	6742540	1
6744420	6744730	1
10690689	10690690	1
5635414	5635413	2
2192136	2192133	1
6177888	6177887	2
5797160	5797159	1
4644876	4644875	1
8686983	8686988	1
5179983	5179988	1
9633418	9633547	1
12538216	12621519	1
7712759	7712698	1
5789760	5789759	1
1525412	1523826	1
9463825	9463826	1
6993461	6993462	1
11872739	11872708	1
2864971	2867039	1
5361985	5361953	1
8495834	8495831	2
11192079	11192222	1
7121289	7118757	1
7206666	9346289	1
4824391	4824392	1
10992420	10991976	2
10811484	10810288	1
11708138	11708137	1
12489415	12489444	1
8063956	8065480	1
11676605	11676606	1
1890706	1891329	2
5451070	5451069	2
666632	666631	1
10359727	10359728	1
8947668	8947666	1
4469553	4469554	2
10655191	10655155	1
2383723	2383724	1
6634031	6634065	1
12306856	12306859	1
7511509	7511667	1
110832	110831	2
2270158	2270157	1
3706292	3706291	1
10927872	10926520	1
1538114	1538113	2
4713711	4714734	1
4045850	4045871	1
9479789	9477899	1
1019764	1019761	1
286080	890712	2
4088228	3971991	1
10410973	10410974	1
6923661	6931118	2
6785448	6785452	1
11376279	11376234	1
3602977	3603002	1
10665685	10665682	1
7740039	7740040	1
12453495	12453140	2
3214567	3214568	1
8168796	1505828	2
11959921	11959924	1
11268662	11268661	1
8433822	8433821	1
12184498	12184412	1
6556710	6556773	1
2396788	1980120	2
8358713	8366038	1
10281433	10468947	1
5252568	5252567	1
3990077	3990078	2
6341061	6341062	1
1315127	1315128	1
2336165	2336158	1
3624656	3624644	1
4255365	4255366	1
1642198	1642197	1
9192999	9193864	1
3466696	3466695	1
4553514	8596152	1
12227863	12227864	1
10983955	10983956	2
12659682	12659681	1
6109855	6109856	1
1054792	1054791	1
4657303	4670024	2
12315864	12316782	1
11771580	11771577	2
6396188	5340439	1
133906	3119825	1
11014998	11016483	1
443454	443453	1
8665008	8665007	1
1899752	1899749	1
1292464	1292260	1
9093975	9093976	3
8409420	8409419	1
8058241	8060278	1
9665902	9652436	1
1620774	1620734	1
2415436	2415435	1
1033331	1033890	1
8273373	8273465	1
3724497	3724493	2
4065772	4065722	1
196417	193700	1
4676710	4678193	1
12196636	12196635	1
12726606	12726675	1
10930765	10839192	1
10268478	10284965	1
7266480	7266479	3
5997847	5997848	1
9315428	9315274	1
3264616	3264613	1
11512624	11512623	3
10533477	10508113	1
7851291	7851275	2
5961241	5961242	1
1448646	1472266	2
6160062	6160061	1
7592851	7593160	1
1508926	1515205	1
7134319	7134320	1
2829360	2829359	1
9531750	9531749	1
741138	3064877	1
10023898	10023882	1
5116819	5942401	1
2717426	2717425	1
6575323	6575108	1
2593976	2593975	1
3092191	3092192	1
2836358	2836011	1
7941106	7941105	1
3396975	3396999	1
8660199	8660200	1
5516670	5516665	1
6613998	9998879	1
5650848	5650845	1
6283153	6283154	1
11875044	10883535	1
7371803	7371804	1
4263312	4263387	1
7966321	7966343	1
7496647	7518761	1
1105088	1105087	1
125184	125183	1
6872337	6872421	2
12458316	12458315	1
2782611	2782615	1
11396665	10327547	1
11829303	11829403	1
2657301	2657302	1
7857214	7857213	1
8442971	8442972	1
10458121	10451419	1
8431299	8431296	1
4090185	4090188	1
7112492	7112530	1
8941441	8941569	1
1208173	1208176	1
457605	459091	1
10704717	10704718	2
10449019	10449020	1
8971633	8971634	1
6717075	6717090	1
7679650	7679647	1
133906	133905	2
11450324	11450329	1
1065073	1065076	1
11719594	11719582	1
4678077	4678082	1
7182409	7182400	1
5833943	5833944	1
4640493	4640494	1
8684883	8684884	2
6415287	6415288	1
9000077	9000078	1
212264	212059	2
11036071	11220751	1
11177241	6178536	1
8785017	8785025	1
669222	669221	1
7361558	7361555	2
11827832	11827831	1
2349014	2348827	1
9817331	9817280	1
12750662	12750661	1
1538116	1538115	2
8801392	8801391	1
8651249	8651250	1
4384346	4379646	1
2948166	2948165	1
2158546	2158545	1
8714347	8714348	1
9032459	9032460	1
5964313	5958246	3
8172713	8172718	1
3976895	3976896	1
5784342	5784341	2
4862380	4862542	1
11269526	11632097	1
12006972	12006969	1
8845909	8845912	2
5611966	5612087	1
6060501	6060502	2
4701597	4701598	1
118524	118523	1
334596	334595	2
1774182	1776215	1
4174282	4174285	2
7401733	7401734	1
3134894	3134891	1
1962499	4591171	1
11738449	11738450	1
11705821	11711874	1
495538	495536	1
7641695	7671755	1
3820439	11681142	1
1748816	1749166	2
489141	489142	1
7267132	7266360	1
12715432	12715431	1
6915941	6915942	1
4619729	4619960	1
4417682	4417679	1
6801398	6801397	1
4776658	4776667	1
2872135	2872136	1
9129707	9112082	1
5513899	5513900	1
8565889	8565834	1
2356376	2356485	1
8526626	8529562	2
7095132	7094836	2
1719711	5999097	1
6740222	6740243	1
2706656	2706655	1
10579204	10636926	1
7336508	7336511	1
5299567	5299568	1
5216001	11093983	3
5564743	5566605	1
8389682	8389795	1
11038098	11037973	2
5925621	5925634	1
5298535	5298538	1
8490888	8490887	1
3527165	3527166	3
1789576	1791887	1
4810530	4810529	1
9305793	9305794	1
3773620	3773933	1
11641133	11641134	1
5003986	5004123	2
792763	792765	2
5248663	5248145	1
4595685	4419010	1
10307880	10307879	1
1004240	1004239	1
2269769	2269770	2
9123222	9123179	1
10283320	10283279	1
11551914	11550611	2
2524641	2524642	1
517896	517895	1
12163899	12164237	2
11154794	11154861	1
1299132	1299078	2
3680531	3680532	1
4745767	5255554	1
5115967	5115921	1
9791451	9791452	1
10309775	10309776	1
5116296	5116294	1
9801847	9801823	1
6746245	6746246	1
4858595	4858596	1
6408167	6408118	1
3484315	3484316	1
862354	862398	1
180644	180643	2
6868640	6868400	2
10881899	5510967	1
1564305	1564315	1
819076	819075	1
1861521	1861524	3
3913263	3913264	1
7701364	7701428	1
10626683	10626684	2
12154695	12154572	1
10561468	10561467	2
2403506	2402871	1
11871787	11871788	1
2430731	10237369	1
3884784	3883844	1
4188207	4188208	1
1107937	1107940	1
6088987	6088988	1
3569393	3572997	2
9594907	9396656	2
5578341	5578931	1
11086277	11086278	1
3279471	3280430	1
912756	911577	1
11152522	11152521	1
8570725	8570726	1
6203295	6203296	1
10571164	10571163	2
4470308	4470373	1
4284372	4284371	1
3702320	3702317	1
10671811	10671814	1
6453945	6453107	1
5235677	5235678	1
7802343	7802344	1
7446301	7446302	1
12740847	12740848	1
6510058	6514989	1
11760753	11760754	1
10749623	10749624	1
8108978	8107298	1
9768191	9768192	1
7990047	7990048	1
11470705	11470473	1
5260553	5260554	1
6314467	6314468	1
9597221	9597222	1
1107574	1107573	1
8156352	8156351	1
11051783	11051663	1
11761194	11761191	1
2858952	2858978	1
9992981	9992954	1
9020890	9738691	1
737929	733448	1
9350591	9350523	1
231620	231617	1
1393748	1393747	1
1967103	1967104	1
10149727	10149728	3
1472941	1472942	1
712631	712634	1
3037189	3037190	1
8503332	8503329	1
2770224	2754486	1
4690923	4690924	1
5994989	5994572	2
12024790	12024926	3
6573190	6572980	3
10420175	10420176	2
2573892	2573891	1
5256724	5256727	1
8840939	8840940	1
2454027	2454028	1
7458488	7458487	1
6132312	6132339	1
684242	684241	1
8504308	8504339	1
4538593	4538594	1
4576000	4575999	1
4398018	4398017	2
1937698	1937692	1
1486219	1486220	2
4071430	4072013	1
8294152	8294075	1
11183164	11172971	1
250513	248621	1
8720909	5733272	1
10219193	10219194	1
6445172	6433923	2
9684848	9684847	2
1602616	1602555	1
2621631	2181383	2
9902000	9901999	2
7354308	7344436	1
9623171	9623144	1
3519113	3519107	1
11559959	11559971	1
10627342	10627174	1
2074749	2074766	1
5525117	5525118	2
3869479	3870637	2
1613031	1612997	1
2735717	2735731	2
1295538	1295715	1
1313431	1313996	2
6524039	6524040	1
4382319	4474110	1
10993814	10993813	2
4531819	4531820	1
4825345	4825346	1
2317987	2317988	1
9978125	9978128	1
5483592	5483591	1
10257154	10257153	1
2529530	2529575	1
9596171	9596389	1
3027323	3027292	1
8844013	8844014	2
4166188	4166276	2
5595113	5595114	1
3802685	3802686	2
2277991	10912479	1
7905328	7905325	1
7228310	9302928	2
10807425	10807405	1
7776989	7776990	1
6610627	6610719	1
3875958	3875853	1
6158658	6158647	1
9175815	9175816	1
11019499	11019500	1
6282021	6468679	1
1447334	1447240	1
9791266	9361232	1
2676376	2676298	1
3157649	3157650	2
2843496	2843493	3
3867255	3867256	1
1942169	1942170	1
3722711	3722693	1
10395116	10395115	1
11977783	11978027	1
8390091	8389694	1
11916066	11916588	1
5452313	5452282	1
12744116	12744115	2
5580550	5580549	1
4382514	4382513	1
7154414	7314639	2
11666277	11666604	4
3118329	3118299	1
3749737	3749738	1
508194	508193	1
4603839	4603840	1
3717274	3717273	1
10121147	10122015	1
10989394	10989393	1
2470829	2471801	1
8196640	8196084	1
9793206	9793209	1
1366797	1366798	1
10115627	10115630	1
4166477	4166478	1
7344705	7344706	1
1928702	1928701	1
3316438	3316093	1
10559328	10540785	1
9094889	9094892	4
3309659	3309638	1
971974	971950	1
10297643	1324457	1
11317796	11317795	1
11266653	11266656	1
1154366	1153372	1
11373363	11373364	1
10669087	10668565	1
10427646	1316244	1
7984654	7984756	1
9386879	9386905	1
3688387	3688395	1
2826767	12273205	1
166221	3337397	3
4398754	4833730	1
8618461	8618462	1
9337443	9337444	1
7909574	7909571	1
290128	10015	1
3734677	3732936	1
10320692	10320691	1
7914954	7914953	1
179388	179385	1
1762493	1762013	1
9990447	9990532	1
1559130	1559129	1
6410719	6410672	2
5496693	5496679	2
5232478	5235599	2
432762	433534	1
4301621	4301515	1
11969180	11969179	1
11362099	11362100	1
6702213	6702214	1
6180594	6180593	2
624464	624461	1
8260084	8260111	1
1484680	1484679	1
269333	269334	2
9007946	9014376	1
10876739	10876778	1
7028420	7028467	1
10221965	10221738	1
11673500	10191671	1
2395003	2394919	1
2430518	2430499	1
8565826	8565934	2
8910295	8910310	1
1327628	1326459	2
2838645	2838405	1
10322729	10322730	1
2902590	2902589	2
3260363	3260364	2
6431898	6431897	1
6694535	6695265	1
11500396	6306915	1
7259168	4698329	1
11164317	11162191	1
666125	585999	1
7134827	7134828	2
6737012	6737011	1
5806053	5806054	2
3281248	3281247	1
12438974	12438878	1
8810469	5748992	1
2651293	2651303	1
9188503	9187688	1
8298644	8417064	1
5177338	5177366	1
7384737	7386067	1
9142690	9142506	1
9979945	9979946	1
2348776	2348901	1
5766776	5766879	1
8467400	8467448	1
3236377	3236378	2
3968621	3966652	1
11640129	11640130	1
4609833	4609834	1
702364	702382	1
8697450	8695266	1
4559865	4524309	1
2003381	2003382	2
4795319	4722419	1
10223843	10225795	1
1494187	1494188	2
5597567	5597568	1
11863323	11863328	1
11986571	11979042	1
1562380	8493962	1
7407795	7407796	1
12148003	12148006	2
921094	921093	1
6661517	6661518	1
10186723	10186724	1
1392566	1392563	1
5966188	5966173	2
6101617	6101618	2
7658864	7661639	1
10088480	10088397	1
10395390	10395389	1
1768150	1767739	1
1470157	1470051	1
5099832	5099831	1
4702777	4702778	1
2178947	2178948	1
7092694	7092691	1
5275806	5275936	1
5296378	5296309	1
5237061	5232200	1
12484477	12484447	1
10705012	10705050	1
99057	99100	1
2321598	2321608	1
6598564	6598563	1
7921035	7921036	1
8662769	8662804	1
11122444	11122450	1
2961795	12743775	1
4916706	4916705	2
9648520	9648519	1
273085	273090	1
4257773	4257500	1
1244522	1329200	2
7030157	7030158	1
7469598	7469600	1
5130428	5130427	1
2681527	2681530	3
10743280	10743279	1
8833555	8832981	1
10774989	10774990	1
4214598	4213703	1
727345	746272	1
4568028	4568025	1
4124440	11797227	1
7616336	7616363	1
6975761	6975762	2
911946	911945	1
1732791	1734337	1
11146608	11086566	1
10007892	9844303	1
4031885	4031886	1
9284137	9284114	1
7797832	7797841	2
8846669	8845612	1
1861576	1861575	2
375245	5460505	1
7506745	7506748	2
11645128	11645101	1
9011757	9011760	1
5443087	5443088	1
3109004	3108999	1
3149929	3202856	1
770811	770812	1
3322604	3322616	1
1775039	1775040	1
1116269	1116324	1
5308530	5308529	2
8907734	8907731	1
3746615	3746616	1
6416707	6416708	1
3420055	3419931	1
1157464	1157469	1
3936554	3936553	2
8405745	8405414	1
11664431	11664361	1
6759602	6759601	2
7577841	7577842	1
11554397	11387074	1
921077	921106	1
7878488	7878670	2
11961426	11961825	1
5420015	5420016	1
6718312	6718193	1
1173870	1173869	1
709639	709533	1
7011592	7011595	1
1585268	1585267	1
8796135	8796711	1
6138267	6138268	1
11640106	11639719	1
1619319	8466636	2
8923682	8923656	1
3020532	3020535	1
2738661	2738674	1
4604277	4604278	1
4364403	4364404	1
4021072	4021071	1
6846969	7337867	1
7814104	7814908	1
2522555	2522556	2
10036872	10038937	1
6271621	6271622	2
12782414	12781792	1
2623963	2623964	1
8642260	8642263	1
4110626	4110686	1
59976	59975	2
10988431	10988432	1
5127613	5551040	1
5260004	5259849	1
11184676	11184675	3
842867	842868	1
5854557	5854555	1
7818506	7818515	1
1328437	1328495	1
4553691	3364095	1
1480843	1480844	2
426539	2988512	1
2164673	2164674	1
287392	287555	3
8409688	8409687	1
7195333	7238051	1
2926724	2926925	1
6930469	6930520	1
1335699	1335619	1
6789808	6789807	1
703651	703652	1
5765811	5764623	3
11435493	11435494	1
11371254	11371253	1
5096854	5096944	1
2701453	2701454	1
9914248	9852403	5
12188219	12188220	1
5809340	5809080	1
2448366	2448365	1
8783325	8783326	1
11712354	11712351	1
7992526	7992547	2
12473059	12473060	1
8292529	8292584	1
10836886	10836885	1
2252567	2252568	3
6630539	6630542	1
10113328	10113228	1
6123931	6123932	1
8834277	8834278	1
3406806	3406805	2
159142	159094	1
8626791	8626792	1
10078553	10078554	1
6882793	6882794	1
5544141	5544119	1
4926762	4926765	1
8614006	8614005	1
10106275	10106276	1
6934157	6944326	1
4379037	4378993	1
7824222	7824228	1
405807	400179	1
10010790	10010789	3
3467751	3467752	1
1381207	1381208	1
10681337	10681338	1
9565495	9544086	1
5720285	5720286	2
11968133	11968134	1
4405044	4403886	1
3057824	3186954	1
7760812	7760811	1
4702670	4690587	1
6410273	6410274	1
12651478	12651477	1
3773673	3773674	1
7350870	7350869	1
10159005	10146907	1
11705889	11705890	1
11334667	11334668	1
6450261	6576012	1
9326480	9326479	2
4484199	4489018	1
11481943	11482003	2
2988680	2989412	1
12765720	12767733	1
296747	296748	1
9705031	6208650	1
9651715	9651716	1
401889	401890	1
1734279	1734280	1
11709431	11709362	1
5166077	5166138	1
22021	22022	1
3383630	3383627	1
12003313	12003295	3
11726019	11726114	1
467945	467948	1
1785895	1785898	1
9343971	9343883	1
4437277	4437278	2
54780	54779	1
11752618	11747949	1
6470562	6470561	2
8817617	8817618	2
12250110	12250109	1
3155431	3155432	2
7696010	7694487	1
704999	705000	1
1485141	1475704	1
8826878	3971183	1
5247145	5247146	1
11611195	11611115	1
12738767	12738764	2
2754904	2754980	1
157457	157458	2
1019822	1018823	1
11302820	11303086	1
7097407	7100240	1
4262345	4262161	1
7938563	7938548	1
7379514	7379523	1
8306714	8306713	1
9371672	9371671	1
3286961	3286962	1
11763366	11763365	1
9819833	4363357	2
5763870	6022537	1
12477587	12477588	2
8302929	8302930	2
10382915	10382916	1
6361874	6361873	1
10440433	10440492	2
11378728	11378727	2
231802	231801	1
5086402	5086401	2
7640013	7641524	1
8869888	8869887	1
4784408	4784405	1
8962557	8957122	1
9501106	4107720	1
2358109	2358110	1
941333	941334	1
6521924	6520684	1
1694407	1694560	1
11645123	1657139	2
303963	303964	1
8395908	8395890	1
10978716	10978713	1
4631066	4634625	1
703014	703017	1
842065	842066	1
8574698	8574607	1
9674552	9671608	1
12265517	12200251	2
10858799	11038856	1
8175294	8176787	1
1469719	1469818	1
9250565	9250566	1
11717523	11723041	1
2151081	2150962	1
8195060	8195059	1
1486752	1486751	1
11836574	11836509	1
3507305	3507336	1
9499541	9499542	1
10677110	10680860	1
3522449	9700799	1
921949	921852	1
5923997	5923998	2
6636696	6636691	1
10682884	10682883	1
5721405	5721475	1
7738363	7738364	1
8266648	8266647	2
7873105	7873106	1
5097018	5097015	1
2211523	2211596	1
11069706	11069705	1
8213297	8213300	1
2963481	2964798	1
10482954	10481590	1
10552173	10552174	1
1339844	1342060	2
1539545	1539550	1
6706596	6713065	2
9160470	3565406	1
11372962	11372961	1
1332726	1332725	1
10496378	10496381	1
7531031	7531032	1
614631	614632	2
5623723	5623724	1
8101903	8101904	1
6946603	6946604	1
1004424	1004423	1
7012124	7012134	1
5995282	5999629	1
1089075	1092233	1
7456102	7456101	1
7799308	7799272	1
10673732	8897752	1
9594006	9594003	1
1772964	1772963	3
2852895	2852896	1
4540035	4540036	1
348751	348543	1
298931	301039	1
1316019	1316020	1
6549299	9859474	1
6181722	6183659	1
91555	91556	1
8421172	8421171	1
5703987	5703996	2
10279546	10279545	1
3149459	3149460	1
4918107	4921026	1
1701782	1701781	1
7892076	7892053	1
9431711	9431712	1
12667269	12667270	1
7956325	7957582	2
7018932	11587036	2
1172997	1172998	1
6314345	6314346	1
3996332	3281861	1
7978428	7980045	2
1106496	5598040	1
9464882	9464879	1
8973752	8973725	1
9847772	10082743	1
1707749	1707752	1
8017292	8017291	1
8375595	8202525	1
7628640	7628639	1
9114857	9114860	1
5076063	5076083	1
605881	605890	1
549557	549558	1
5974542	5974680	1
7748879	7748896	1
10482288	10482287	1
992935	992950	1
5190600	5190599	1
1505829	1505830	2
7446444	7446478	1
11439504	11439471	1
3326818	3326938	1
8077948	8077478	1
11795761	11797363	1
9831334	9831055	1
6294727	4116534	1
1309547	1309548	2
3013003	9148292	1
9021131	9021145	1
6228008	6228020	1
1710813	1710927	1
7997499	7997500	1
8281462	8281461	1
18356	18355	1
10505972	10505971	1
7514828	7514827	1
5558421	5558424	2
11591598	11591595	1
12277458	12277457	2
7277806	7277805	1
51400	51399	2
10336055	10336056	2
1591812	1549528	1
3910429	3910422	1
11454587	11454633	1
3262386	3987860	1
11090734	11166034	2
3552167	3552168	1
4391512	4391511	1
1642705	1642195	1
10484783	10484784	1
1374371	1374385	3
10112881	10112893	1
6686911	6687053	1
7287379	7287380	1
7265457	7265458	1
3499518	3499515	1
10603525	10604242	1
9283657	9283658	1
12485591	12485592	1
2095934	2094665	1
5887131	5887132	1
12372493	12330021	1
398964	398963	1
10088283	10086259	1
3254218	3254217	1
1591709	1586246	1
5920102	5920105	2
10653170	10652795	1
5801781	5802216	1
1446630	1446629	1
7253402	7253401	1
4532879	4534049	1
1167289	1167290	1
3264664	3264663	1
3753917	3753918	1
1594123	1593379	2
20331	20332	2
10890924	10890923	2
5784124	5784307	1
8569897	8569898	1
2455859	2457916	1
11731416	11731441	1
7905445	11582295	1
1673149	1673150	1
3740031	3755217	1
5017797	5092698	1
9661742	9662760	1
1587543	1587485	2
11399556	11399195	1
12467545	12467546	1
6111996	5124996	2
5413459	5413460	1
10439133	10441009	2
8084881	8085343	1
1634852	1635034	1
1885390	1885383	1
9377673	9382051	1
2396038	2395963	1
5625449	5625450	1
7518602	7505455	1
189879	189882	1
8294074	8294073	1
8289740	8289739	2
6739527	6739528	1
4124406	4124405	1
702376	700340	1
3737231	3736364	1
10154643	10154755	1
11562990	11562989	1
8904745	8904746	1
3243807	3243042	1
7524710	7524705	1
4293056	4293015	2
8511024	8510493	2
8493809	8493810	1
10132624	10132621	1
7056078	7056077	1
2018887	2018888	1
5843561	5840807	1
10132572	10132571	2
2486372	2486338	1
3744766	3742317	1
2209864	1874259	1
949204	949203	1
10512772	10515086	1
6412313	6413212	2
5510274	5510273	1
6356270	6356263	2
5858384	5858405	1
8742275	8742282	1
6479607	6479610	1
5004019	5004020	1
9540714	9540713	1
11676607	11676608	1
10497519	10497520	1
3630568	3630425	2
1375815	1375820	1
1078279	1078282	1
4848873	4848876	1
750870	750869	1
10623574	10623573	2
11296887	11296608	1
10609448	10609424	1
7945340	7945337	1
2770163	2754485	2
5540298	5540361	1
2270936	2270933	1
2309926	2309925	3
1693372	1693371	1
2092541	2092542	1
4534770	10402257	1
3744004	3744003	1
7025373	7025374	1
9291022	9291045	1
6537211	6537212	1
12318841	12318844	1
11771505	11771506	1
154792	157512	2
7973073	7741471	1
6144239	6144240	2
3430449	3425772	1
4917136	4917387	1
12799262	12799261	1
7645946	7645945	1
8924189	7599978	1
2141301	2141302	1
6727671	6727675	3
1127670	1130617	2
1037116	1306621	1
663022	663270	1
8955858	8955893	1
793045	793046	1
3891857	3891923	2
7594309	7594310	1
3332229	3330100	1
6742325	6742326	1
11391017	11389591	1
10950845	10950846	2
6037200	6033852	1
1202426	1202417	2
533602	533642	1
8217904	6051580	1
2702314	2702253	1
5522591	5522589	1
10508782	10508772	1
1597061	1597081	1
1038737	1331771	1
8798107	8798104	1
832152	830716	1
8008989	8008990	1
3053339	3053340	1
11242492	11243226	1
8101880	8101879	1
743459	737500	1
810635	838900	1
9516373	9516438	1
7668560	7668559	1
6703488	6703487	1
4309489	4309490	2
11588456	11587897	1
6191802	6193059	1
9565914	9565913	2
292416	756666	1
5722552	39617	1
12003438	11992470	1
12405384	12405392	1
7716802	7709879	3
1151587	1151210	1
7558385	7712545	1
8430406	8429843	1
7912701	7912704	1
4330214	4160447	1
3265546	3265551	1
8355613	8354983	1
3764475	3764476	1
6408708	6407569	1
2423294	2423293	1
1836684	1836683	1
4378667	4378668	1
1987224	1987223	1
9585438	9590991	1
755372	755406	1
6872102	6872101	1
5440619	5440683	2
8312409	8312410	1
4639201	4639183	3
4244989	4295695	1
9832804	9832803	1
6866460	6866459	1
3280822	3280821	1
5494299	5494300	1
7470998	7480067	1
2387404	2387403	1
11376342	11378209	1
10862571	10862399	2
11904186	11904185	1
9562980	9588925	1
6592531	6578721	1
4790111	4790112	1
11967672	11967671	1
828763	826773	1
3696260	3696259	1
12557298	11064670	1
3363912	3364791	2
12306839	12306840	1
4139033	4139034	1
3911671	3911672	1
5454908	5454752	1
1619088	1619087	1
9274149	9273948	1
8439628	8439627	2
6128447	6127238	1
5203015	5203016	1
10214168	10214167	2
1562149	1562150	1
12642474	12642473	1
4531859	4531865	1
3974280	3974279	1
4117689	4117692	1
6721670	6721669	1
10736496	10736499	1
6871577	6871578	1
7136550	7136559	1
8575643	8575644	2
11305193	11306199	1
4252523	4136802	1
1920494	1920493	1
1597860	1597859	1
125732	2069119	1
1239662	1239821	2
5613746	5609876	1
12276947	12276948	2
5574499	3958267	1
8617131	8617132	1
4615126	4615125	1
9788279	9101619	1
4860767	4860809	1
5825064	5825083	1
7000010	7000009	2
11446121	11446067	1
2518296	2518295	1
7454321	7454322	1
12521352	12521351	1
1986861	1986849	1
835605	835606	1
7143196	7143195	1
12800291	12798636	1
1204048	1250094	1
4795594	4795577	1
375106	375105	1
2745088	2745087	1
8764939	8764940	1
9128916	9128915	1
4084977	4084978	1
5554422	9808815	3
1563388	1563387	1
11098779	11098780	1
4247615	4249682	1
2757849	2757850	1
6390955	6390962	1
309945	309984	1
10413172	10411545	1
374836	5233789	1
1510642	1511122	1
12378486	12361070	1
3274375	3274376	1
3341845	487567	1
263238	263235	1
4793586	4793877	1
2797580	2797583	1
8167707	8167708	2
6347231	6354815	2
9108349	9108317	1
4253485	4253486	1
3035676	2983914	1
6255476	6253787	1
10247923	10250970	1
4925587	4923347	1
9593575	9593576	1
8666298	8666297	2
3216917	3216920	2
3537184	3537181	1
2842348	2842347	1
11337890	6988873	1
1255147	1254686	1
4836537	4836538	2
11185090	685810	2
12324506	12323287	1
2722505	2722489	1
3269356	3269355	1
6113245	6113248	1
12509662	12510441	1
2937992	2938003	1
7790720	7790719	1
11980913	11983123	1
5816868	5816361	2
6483291	6483375	1
12761039	12761040	1
1498937	1580092	1
6500345	6500346	1
6454415	6456510	1
4626257	4607062	1
6642421	6642422	1
4836719	4841908	1
7434358	7434357	1
4868174	4868158	1
1045621	1045616	1
2941323	3339636	1
1490099	1490100	1
6203477	6101060	1
12380571	12315512	1
11535230	10265577	1
4394187	4394188	1
11929765	11930601	1
4615136	4615135	1
6800691	6800685	1
9092391	9092392	1
2113797	2116119	1
11914007	11914008	1
8268711	8268712	1
3357663	3357664	1
7416014	7411997	1
12031341	12031342	1
4517723	4515959	1
3899374	3899391	1
3283261	3283647	2
9820697	9991941	1
1334892	1334889	1
2009941	2009942	1
12409499	12409500	2
770024	770023	2
2189575	2189578	1
9818517	9818271	1
11891621	11891622	1
2962252	2963329	1
2932857	2678710	1
9790426	9790425	1
4811407	4811397	1
10302142	9853661	1
3764911	3764912	1
2272675	2272704	1
2125675	2125683	1
11641344	11641343	1
6442243	6442396	3
335850	335849	2
9516679	9516680	1
3830141	3833349	1
10990526	10990525	1
12311885	12311886	1
6417018	6416935	1
10014430	10014433	1
1749677	1749678	2
1041879	1041880	1
1543016	1594483	1
10206565	10206566	1
1118866	1118865	1
11154674	11153298	1
12762655	12762643	1
8355416	8355421	1
3960052	3960051	1
9077690	9077687	1
830520	711920	1
8498090	11220023	1
933920	930232	1
1592843	1592826	1
3634009	3634010	1
3045230	3044947	1
5044667	5044702	2
176688	176687	1
11516550	11516549	2
11388636	11388633	1
3750839	3750847	1
8893479	8893480	1
8626652	8626651	1
3704580	3704637	1
6158872	6158871	2
941971	947281	1
4355503	4356404	1
7218509	3923949	1
3263320	3987093	1
8430025	8430714	1
12558937	12558938	1
1362991	1363000	1
5497961	5497962	1
6823306	883220	1
2169559	1943683	1
9427757	9427758	1
3147466	3147465	1
2696933	2696938	2
3262352	3263039	2
12164227	12172806	1
7869313	7869314	1
7980356	7980355	1
11547085	11547124	1
9973702	9973701	1
2681888	2681883	1
7979842	7979841	1
10907609	10907511	3
9327262	9327261	1
9769796	9769795	2
12365864	12365863	1
2324850	2324790	2
2568300	2568318	1
11918400	11918399	2
11801162	11798946	1
9551263	9551233	1
969055	969056	1
10439003	10439147	1
10356916	10356915	2
8273117	8273203	1
7778184	7778183	2
4533421	4533422	1
4356031	4356518	1
3953434	3955876	1
5588579	5588596	1
1270659	1066572	3
92430	92427	1
7170713	7170738	1
10333596	10333595	1
6471149	6471150	1
5337941	5337942	3
9161693	9161694	2
7436181	7436182	1
8274855	8274865	1
12453623	12453624	1
7446309	7446254	1
12228429	12228548	1
10447224	10447212	1
7241911	7236242	1
8826444	8826940	1
10448618	10448588	1
7975992	7975989	2
2744000	2743999	1
1134281	1134282	1
5008867	5008868	2
2829362	2829361	1
9345866	9346084	2
8443711	10357383	1
4254414	4252032	1
4169456	4148848	1
11339733	6988811	1
2378254	815475	1
10302277	10302278	1
10444583	10442904	1
5821608	5821607	3
9073005	9074584	1
8795601	8795620	1
12157328	12153480	1
1139152	1139151	1
3383890	3385049	1
1184749	1184750	1
11419660	11418908	2
8861699	8861700	1
11074189	11075092	1
5894958	5894957	2
10120595	10115361	1
600966	269453	1
11228004	11228003	1
7754782	7754781	1
6115226	6115249	1
3013328	3013327	3
11036796	12720245	1
7324921	7324924	3
10698077	10698078	1
3750616	3750615	2
11560758	11560757	1
4020137	4020138	2
5479980	5477034	2
4122558	4122569	1
4224727	4224728	1
6927232	6927367	2
7332857	7332858	1
971080	971797	1
12784541	12784542	1
9098552	9670234	1
7575343	7571733	2
7398066	7398125	1
11944874	10066786	1
11039435	11039481	2
10637405	10637406	1
6102021	6102022	2
8511698	8511697	2
8927959	8927960	1
10278771	10278772	1
9069069	9069195	1
11668865	11668870	1
2611150	2611149	1
7160595	7160598	1
11036416	3150441	1
6283119	6283120	2
9087298	9087344	1
11554635	11554636	1
2579385	2581873	1
3391492	3391489	2
130871	130872	1
8741962	8741961	2
10022186	10022185	1
3246235	3246064	1
8302990	8302928	2
1930290	1935739	1
9902113	9902119	2
12770628	12770627	1
2013778	2013777	1
9687708	9549762	1
245249	245250	2
7191122	7150866	3
9479250	9479247	1
11124441	11124442	2
6419694	6419691	1
11842391	11842392	1
3881737	3881729	1
8288589	8275949	1
12298466	12308399	1
6963815	6963818	1
12337174	12337173	1
3185888	3185887	1
6513144	6513141	1
4015192	4015189	4
6437739	6437740	1
6453797	6453483	1
6772583	6772584	1
4783811	4783831	1
2433128	2425491	1
10170570	10170569	1
1464584	1465113	1
5130132	5129934	1
3315420	3314626	1
8253641	8250524	1
2496640	2497005	1
11808153	11808154	1
8550439	8550440	2
7422603	7422930	1
993309	993306	1
7940416	7940616	1
6159622	6158910	1
6315885	6315886	1
866418	861495	1
3708726	3708723	1
3273709	3273659	1
2057341	2059437	1
1911648	1911647	1
11052238	11052237	1
10803335	10803336	1
7377436	7377348	1
10365438	10365437	1
6376184	6376183	1
4617370	4617369	1
12380705	12380706	2
6564968	6564967	1
2383207	1984574	2
7838806	7838767	1
12551580	12550878	2
10520365	10520333	1
10724961	10725261	1
10895529	10895530	1
10217946	10217918	1
6472643	6472644	2
809288	809287	2
2646829	2646830	1
5584985	5584809	1
11456223	11456226	1
6186640	6186639	2
8192308	8204559	1
455638	455635	1
6107213	6107214	2
5630511	5630514	1
4041906	4041905	1
7446315	7446318	2
6238052	6238190	1
9256948	9256947	1
9324703	9324704	2
1727234	8482911	1
5888226	5888225	1
418869	418137	4
11924552	11924551	1
9020293	9020294	1
3599973	3599974	1
3358418	3358406	1
5496506	5352115	1
2065166	2065165	1
5709463	5709464	1
1269982	1284813	1
3173436	3173435	1
9530356	9530355	1
12049816	12050104	3
3194712	3194711	1
10122285	10122286	1
11546282	11546131	1
4713995	4713373	1
12465180	12465186	1
10123774	10123978	1
1004755	1001615	1
6569772	6759548	3
7447033	7447036	1
4514483	4504980	1
1111441	1111528	1
8675335	8675336	1
9255819	9255448	1
10300399	10300400	1
8586849	8586277	1
3006740	3047113	1
6714528	6714515	1
1064538	1064525	1
8809612	8808984	1
9320420	9320423	1
11851859	11851860	1
5319261	5319258	2
1998226	1998537	1
8739545	8739546	1
3752202	3752201	1
8516063	8515926	1
4519952	4519951	2
9831031	9831032	1
10453722	10453721	1
6626475	6623233	2
11126597	11126598	2
2198076	2198075	1
6564599	6564600	1
11383709	11383710	1
8805912	8805922	2
3557980	3557979	1
9416865	9416866	2
11795821	11817823	1
4144066	964768	3
12468991	12469049	2
737436	735433	1
12613571	12613551	1
7454079	7453153	1
2634316	2634315	2
4031006	3709712	3
3988977	3988804	1
10597361	10597364	1
9550027	9550028	1
2617211	2616203	1
4131110	7954417	1
4957226	4957229	1
308488	307149	1
3992494	7428040	1
6684750	6684811	1
1262584	1262609	1
10145159	10145160	1
3776691	3776692	3
3449139	3449140	1
7721048	7721437	1
2784450	2784449	2
9165650	9165446	1
3194112	3194115	1
6184559	6183169	1
8691061	8691062	1
9242053	9242054	1
7451486	7451485	1
11237153	3037543	1
7446310	7446309	2
6573025	6573026	1
2972852	2972790	1
7965919	7965920	1
11966577	11966578	1
172476	172472	1
7910279	7916991	1
881517	881518	1
9516683	9516684	3
8866863	8871144	1
11376275	11376276	2
10147819	10147820	1
5475927	5475853	1
9007523	9007524	1
5474992	5474991	1
5478316	5478307	1
1776057	1776058	1
11582185	11582188	1
920046	920045	1
6267118	6267117	1
12807868	12807918	1
3314023	3314024	2
6883795	6883796	1
567861	567862	1
7815261	7715190	1
12294681	12294684	1
6708363	6708377	1
1346826	1346797	1
2089933	2089934	1
5074704	5074670	1
12791869	12791834	1
1787227	1787228	1
4852226	4679513	1
3996752	3996717	2
4248153	4250773	1
198873	192758	2
10294151	10293947	1
4599912	4599951	1
11778493	11778496	1
4533920	4533898	1
8730257	8730549	1
2518090	2518097	1
7026948	7026947	2
10859896	10904494	1
3865635	3865636	1
5855322	5855321	2
793754	7304203	2
7156061	7156047	1
4916864	4917177	1
585356	585355	1
7964676	7964675	2
11391521	11391586	1
5633915	5634794	1
7009286	7009285	1
562376	557481	1
3018100	3018099	1
5375202	5375199	1
668558	667948	1
11807016	10807516	1
12745510	12745509	2
2829894	2829893	1
11381150	11376872	1
11688389	11688372	1
9586573	9586574	1
1201051	1201052	1
10214168	10214165	1
10345983	10346467	1
7534790	7533905	1
8543609	8543610	1
11275943	11275946	1
6696584	6695929	1
7041549	7093045	1
381791	381792	1
4069543	4069544	1
8441590	8441589	1
5826916	5821851	1
5263526	5261196	1
2859206	2859194	1
11832579	11832580	2
9630771	9630772	1
8045380	8045379	1
2430708	2430680	1
4037647	9310282	1
10830451	10838587	1
5829375	5829376	1
8150386	10381645	1
6781432	5189238	1
11586560	11590073	1
9574721	9574733	1
556016	556015	1
6845375	6845314	1
3944696	3945052	1
8672359	8672337	2
5594337	5594327	2
4093433	4093434	1
3391025	3391026	1
2305485	2178694	2
9285535	397385	1
4532462	4532461	1
1397669	1398237	1
7270461	7270462	2
6349631	6573024	1
8780826	8781021	1
4365323	4365324	2
1534889	1534890	1
11110089	11110090	1
12254326	12254768	1
6894665	6894682	1
11878440	11879080	1
11093260	11093268	1
3002550	3002549	1
12453454	11462469	1
4315150	4315149	1
2677904	2677903	1
832348	832347	1
9916795	9916802	1
5645273	5645233	1
450352	450238	1
11976023	11977323	1
9467679	9467680	2
9777155	9777156	1
8071194	6022772	1
1844879	1844880	2
30751	30752	1
8279863	8279864	1
3924593	3923146	1
5359180	5359733	2
7299473	7297384	1
735887	735261	1
10408372	10408381	1
4470434	4470433	1
2433445	2599602	1
2942788	2948385	2
309396	309405	1
3284453	3284454	2
8450708	8450711	1
10023107	10023108	1
10630882	10630887	1
4868506	4868059	2
4398020	4398019	2
11012591	11012592	1
3116274	3116273	1
2049612	2043321	1
742540	742539	1
9020481	9020482	1
3184044	3184043	1
6202309	6202312	1
12434692	12434691	1
2464681	2464682	3
1281031	1270235	1
8813817	8813818	1
5248019	5248020	1
1900534	1900533	3
2818047	2818054	1
1260901	1260902	1
11795432	11795431	1
644749	644750	1
7862963	7862964	1
10060752	10055921	1
12400424	12400427	1
10321733	10327274	1
3507916	3507915	1
1092224	1092219	1
6131810	6131809	1
5872800	5872810	1
11236027	11235977	1
4301243	4301244	1
2188573	2188133	1
1573869	1573870	1
5636440	5633891	2
2671702	2671701	2
7562589	7562891	1
508903	508904	1
8039399	8039396	2
270578	270577	1
12761277	12761278	2
6889201	6888734	1
2065164	2065159	1
11646859	12474396	2
8453050	8453049	1
8505982	8505981	1
7923320	7923319	1
10313774	3359263	2
3239035	3239036	1
5483071	5483072	1
3938633	3938634	1
9915675	9915680	1
948202	947459	1
1724272	1724271	2
7872950	6581579	1
4108023	4114599	1
628780	627670	1
4991960	3905377	1
1840370	1840519	1
4018193	4018194	1
4220791	4217657	1
10537057	10536643	1
331074	331073	1
5005231	5005311	1
3250131	3250132	1
6520701	6521009	1
742581	742564	1
7775866	7775861	1
6988018	6988017	1
1241450	5578133	2
8405881	8405882	1
10873750	10873753	1
7839417	7839418	1
1714511	1717230	1
274884	274883	1
289847	289848	1
8226307	8226308	2
1838466	1835843	2
10884356	10884400	2
975680	975675	1
2450636	2487558	1
12478707	12287900	1
612001	612002	1
2894406	2894405	1
9586463	9586464	1
5361596	5361584	1
898678	898675	1
8041127	8041128	1
5986676	5986675	1
3934975	3933551	1
5572567	5572568	1
940108	940742	1
5013749	5013750	1
11305853	11305774	1
10980447	10980448	1
2435298	7665771	1
1788049	1788135	1
8573586	8570724	1
1336653	1464476	1
2722304	2920558	1
7702210	7702022	1
12434510	12434565	3
11556502	11556501	1
12606178	12606175	1
4585342	4585341	3
12659377	12659375	1
1874431	1874432	1
5349413	5333453	2
4595685	4419012	1
8080681	8080682	1
6980054	6980053	1
83021	83022	1
95828	94910	1
8271199	8240411	1
10781388	10781410	2
11799116	11799119	1
2101905	2101906	1
10403852	10501908	1
7931681	7931682	1
3680291	3680292	1
6203666	6203665	1
6554672	6555081	1
6538052	6433485	1
729422	728547	2
10860804	10860762	1
257210	257207	1
7604455	7604458	1
9257902	9257934	1
11322865	11322841	1
5711882	5711881	1
6416048	6416045	1
776984	776983	1
3038637	3038638	3
9488821	9488822	1
12312579	12312580	2
8437120	8437119	1
6224437	6224438	1
6133488	6132038	1
7802270	7802269	1
11590001	11590002	1
11389943	11389916	1
8748957	8748958	1
3372262	3372261	1
7153027	7153010	1
11710416	12291551	1
5881178	5881181	1
6482646	6482643	1
9808261	9808344	1
10008831	10005772	2
6681290	6681287	1
2564378	2568496	1
8867538	8867307	1
5269038	5004905	1
2112281	2112282	1
1270357	1270358	1
726600	724216	1
10295183	10295184	2
10795461	10795462	1
2623902	2623901	1
6213442	6205005	1
6908647	6908648	1
7895338	7895337	1
12174569	12174570	3
6125882	6125881	2
5897428	5896585	2
798510	798481	1
6504562	6504559	1
1257351	1259794	1
5608548	5608547	1
2566321	2566322	1
4679674	4682362	1
683243	683335	1
11666775	5369539	2
3184620	3184623	1
8284934	8284933	1
2187406	2188479	1
6637808	6637807	1
8534669	8534691	1
8454239	8454240	1
5440997	5441002	1
3996013	3996014	1
9240519	9240520	1
1058707	1058708	2
4709080	4709079	1
6468665	7797645	1
6920205	7060319	1
8336170	8336229	1
7454676	7454675	1
7495102	7495101	2
117724	117723	1
402623	402624	1
8842653	8842654	2
6111019	6111006	1
6837830	6837827	1
3548274	3550021	1
9699786	9699785	2
3203370	3203369	1
5247399	906629	2
8017999	8017982	1
4159868	4159867	2
2958588	11829085	1
10355670	10355669	1
7877659	7877647	1
6258415	6281577	1
10635336	10635335	1
12524567	12524568	1
6500299	6500300	1
4722837	4723919	1
11969322	11969321	2
7663655	7760642	1
809212	956868	2
2484352	2447420	1
9488111	9488112	1
5376163	5376019	1
3800635	3800636	1
11186157	11186158	1
9909055	4600558	1
4175007	4175002	1
4648473	4648474	1
1838903	1838904	2
4986144	4987227	2
11174534	11173702	1
7189161	7189162	1
3788127	3788128	2
9651779	9651780	2
9065516	9183954	1
7920237	7920238	1
4374796	4364947	2
8489706	8532968	3
4738511	4738512	1
6133014	6133018	1
6485393	5325434	1
1260810	1260809	1
11465093	11465094	1
5353713	10828684	1
6674240	6674228	1
7993555	7993556	1
9172217	9172218	1
6708955	6708963	1
11556450	11556500	2
7821970	7822049	2
9667937	9666458	1
3291366	3291382	1
3008765	3008768	1
3101241	3101242	1
10888305	10888306	1
12683055	12683056	1
336368	334597	2
12269448	12273244	1
408251	408248	1
4304995	4304996	1
801121	802892	1
2606382	2604171	1
8701586	8701591	1
9741134	9740924	1
7155721	7154135	1
7804429	7804430	1
2032971	2032972	1
668974	2506709	1
3557056	3557055	1
3398532	3407770	1
776889	776890	1
11969474	11969473	1
9516772	9521412	1
2642668	2642703	1
1155007	1155019	1
814707	814708	1
6413126	6413125	1
7890627	7967047	1
5293858	6131633	1
3938473	3938476	1
750868	749135	1
8010167	8010852	1
7722407	7722408	2
690664	690663	1
6811184	6808361	1
2420763	2420764	1
10219343	10219344	1
11435850	11435849	1
2535734	9701977	1
4285163	4285164	2
2492245	2491138	3
1949980	1949979	1
3005995	3005996	1
2063237	2063226	1
4239360	4239359	1
7238616	7238569	2
7990963	7995417	1
386262	386261	1
5332350	5332320	1
11747449	11747504	1
2254315	1869309	1
190778	190777	1
9481144	9481143	1
435830	435798	1
5818213	5818205	1
2295309	2295310	1
6576334	6575217	1
9451753	9451756	3
10787666	177047	1
1098204	1098203	1
8013449	8013450	1
765763	765764	1
3537124	3537121	1
7611432	7611431	1
12245512	12245511	1
11161748	11161747	1
7710570	7710569	2
2826860	2826845	1
1903067	1903068	1
7596324	7596323	1
12030045	12012867	1
11738427	11738428	1
12645097	12647738	1
4475816	4475815	1
6677646	11352640	2
9365287	9365288	1
9477520	3879409	1
12609725	12607917	1
5233203	5233212	2
6241826	6240630	1
7531638	7531637	1
8846667	8846668	1
2363309	2378252	1
6891462	6891461	1
10728176	10728175	2
10654746	10654654	3
8182982	8182991	2
959981	959982	1
1789326	1788223	2
1732329	8468897	1
9597797	9597798	1
11281025	11291291	1
3798588	3795441	2
10349080	10349079	1
11222159	11222055	2
1001143	1001144	1
3351810	3351809	1
10378783	10379542	1
10431389	10431390	1
4012678	4012677	1
5799828	681946	2
10160294	10160293	1
8296325	8296326	2
4086232	4086251	1
11014634	11014633	1
8305069	8305070	1
9792489	9792490	1
9719818	9719817	1
8484525	8484540	1
9625128	9625127	1
1749170	1749167	1
7020522	7020519	1
1073425	1073426	1
2122017	2123313	1
5208415	8411160	1
5828538	5832352	2
7819836	7820429	2
8007532	8007531	2
12382919	12382971	1
1257092	1257947	1
11381580	7052474	2
11999627	11999649	1
4184549	4184550	1
9484309	9484310	1
6316579	6316580	1
12814860	12814944	1
1705484	1705483	1
11463735	12459250	1
4672176	4672175	1
5144311	5143738	1
8916908	8916907	1
11447678	11447731	1
8842651	8842652	2
6371188	6371187	2
12263102	12263099	1
11426555	11426233	1
7526702	7526701	1
5054441	5054498	1
7702242	7702241	1
7874135	7874136	1
2421273	2420766	1
9917036	9930376	1
1098822	1098844	1
1943949	1943075	1
8211751	8211752	1
3610201	3610394	1
5250885	5250422	2
6317951	6317546	1
6600969	6600929	1
7422145	7422146	1
5511587	5511588	1
8766522	8766506	1
6300871	6300872	1
11920746	11920745	2
7970558	3389997	1
4568054	4568053	1
6106770	6106575	1
10984135	10984154	1
169781	169755	1
9436491	9436492	1
9791364	9791363	1
5092596	5092618	1
455810	455809	1
12436804	12436801	1
5530526	5520398	2
11676121	11676111	1
1145711	1145712	1
7395956	7395955	1
12460744	12462914	2
8558261	8558262	1
2573890	2573889	1
4310782	4310781	1
2061207	2108100	1
10442613	10442650	1
8884029	8884023	1
792101	792106	1
7759647	7762241	1
10657709	10657678	1
1172999	1173002	1
4552701	4553059	1
9415430	9415429	2
4194444	4194443	1
9174366	9174229	3
158629	158630	1
11009469	11009470	4
8299807	8299808	1
1383531	1383532	1
11966673	11966676	1
6423889	6423890	2
5351171	5347282	1
3284278	3284277	1
11085615	11085616	2
4221115	4222390	1
3877975	3877976	1
12656250	3327378	1
8658245	8654832	1
10452319	10452204	1
10356745	10356742	1
5511327	5511328	2
6625937	10000324	1
4581923	4581924	1
8012411	8012413	1
11503462	11503400	1
6738146	6738145	1
10096139	10096140	2
10801993	10802979	2
6149987	11195918	2
12667150	12667112	1
3642236	3642235	1
9089580	9089575	1
11536231	11522939	1
2782383	2782384	1
12675505	12675506	1
5691792	5692118	1
169410	169378	1
10796487	10796490	1
3745164	3745626	1
7397048	7396989	1
2635883	2635894	1
10230502	10244127	1
2946081	2946201	1
10081329	10081330	1
6239399	6239391	1
6830035	5706295	2
12694486	12694485	2
10776415	10776469	1
8151152	8151151	2
3960266	3960149	1
10086697	10086698	1
7138790	7138789	1
6016574	6016570	1
1046850	1046849	1
5373239	5373240	1
390846	390845	1
5065039	5046978	3
1014986	1014984	1
6717467	6717228	2
4014364	4014373	1
3991744	3991723	1
9490498	9490497	3
2807283	2801486	1
8747943	8747944	1
11002942	11002941	1
3046120	3046130	1
6826745	6826746	1
3564551	3881644	1
2361335	2361407	1
6445376	6445508	1
8745576	8745575	1
1328406	1326548	1
4836539	4836540	2
1162892	4187577	1
11734716	11734709	1
1246576	1247476	1
4849376	4851862	1
12212561	12212562	1
10333360	10333231	1
5529314	5523066	1
9192165	9192163	1
11551835	11554094	1
9064700	9064674	1
1722464	1719667	1
1182010	1112234	1
11678707	11678708	1
1323595	1323592	1
12158013	2761100	1
6127431	6127432	1
6542639	6542774	4
8511985	8511986	2
11239500	11239499	1
4541502	4541501	1
2504845	2499421	1
7345797	7310666	1
3807789	3807956	1
1867526	1867525	3
1587438	1587437	1
10989346	10989353	1
7441277	7441278	2
1007424	1007421	1
12407596	12407060	1
10793320	11816547	1
6327847	6327848	2
12747252	12745196	1
5894658	7386521	1
7320482	7320589	1
5231319	5231320	1
6807273	6807274	1
6557172	6557083	1
4937457	4937588	3
2121589	2121590	1
664489	932033	2
10836473	10836474	2
3036596	3037710	1
941436	941433	1
61059	61060	1
52611	52595	1
9817064	9817063	1
5574025	5574026	3
10228453	10228454	1
9728403	9728578	3
8354356	8354355	1
12184484	12184483	1
5333612	5333600	1
2524741	2537693	1
1075689	1075690	1
8870538	8871721	1
9926048	9926035	1
4638446	4636807	1
10782055	10782103	1
8733887	8733888	1
3516931	3516932	1
4833491	8765601	1
1900656	1900927	1
111207	497606	1
3948558	3948557	2
10216182	10216181	1
6191011	6192634	2
2399878	2399824	1
6074477	6074478	1
594856	594855	1
11191460	11191459	1
4180301	4297820	1
11931759	11931760	1
1672634	1672633	1
5305901	5341661	1
10773953	10773954	2
11825713	11825714	3
9676851	9676802	1
9831029	9831030	1
697907	697908	1
9008829	9179638	1
12193225	12189405	1
7976176	7976173	1
6140308	6140307	2
11822526	11822523	2
745451	746474	2
3739666	3739436	1
11890063	11889951	1
8744051	9713108	1
10215679	10215707	1
10603053	10603182	1
5445326	5428952	1
1369621	1369622	2
11480306	11480303	1
11696267	11696268	1
9755704	9754747	1
8392979	8392982	1
1274615	1274622	1
2904761	2904762	1
4829643	4829644	1
2134679	1901022	3
9875181	9875515	1
6019621	6019513	1
3792589	3792590	2
6781687	5203778	1
5750834	5750878	1
9082254	9082892	1
1258269	1263264	1
9343882	9343881	1
6106479	6107107	1
4611670	4611669	1
5073960	5073974	1
1527359	1527360	1
3441962	3441961	2
1931158	1931157	1
2800159	2800164	1
9437481	9437482	1
8649784	11901511	1
9122779	9122780	1
11919847	11919810	1
11853597	11853598	2
3824936	3824935	1
10905226	10905235	2
1744692	1745187	1
8928096	8928095	1
9346817	9346327	1
8712743	8712744	1
492231	921068	2
8511672	8511699	2
9238869	9233391	1
12437609	12437610	1
1627389	1627438	1
11768892	11768906	1
1722359	1721403	1
1639153	1639154	1
3647001	3647039	1
7976608	7976607	1
10285747	10285748	1
5008636	5008635	1
11064172	11063783	1
11016164	2934647	2
1599115	1600051	2
8805526	8805525	1
9582536	9582538	1
9987221	9987222	2
2340145	2340085	1
11964779	11964896	1
10340601	10340776	1
11857409	11679986	1
1876813	1876816	1
6731433	6732690	1
2408079	2408080	1
11910553	11910538	1
1134190	1134189	1
8561339	8560617	1
12522710	12525048	1
3088488	3088487	1
12688333	12688334	1
5841300	5841299	1
12665147	12665148	2
7223170	7223173	1
10281555	10281556	1
1799932	1799931	1
10964952	10956784	1
2401556	2401603	1
5304203	5304132	1
10497754	10497753	1
10203132	10203131	1
11622501	11340750	1
8129236	8129235	1
8046663	8046664	1
8534870	8534961	1
8026488	8026487	1
8395999	8396000	1
1870217	1870218	2
745015	746367	1
9649201	9649423	1
10376095	10376096	1
11124779	11124440	3
7832407	7832277	3
11332029	11332030	2
9296751	9296748	1
7805450	7805667	1
4553654	4553653	1
11104753	11104754	1
10292745	10294479	1
7298427	7298428	1
1224894	1224958	1
12445500	12445214	1
2435766	2434681	1
10885624	10885623	1
4667093	4667094	1
4074529	4074530	1
9570979	9570980	1
12041939	12041940	1
3108248	3108247	1
1774707	1775745	1
6939631	6939632	1
9892424	9892423	2
12504644	12504643	1
7738398	7738397	1
8362126	8352545	1
9799192	9799154	1
11967212	8950885	1
6895875	6895876	1
1068449	1068590	1
10115627	10115628	1
4955735	4955686	1
4322808	4322807	1
7484558	7506262	1
12305598	12305597	1
7019398	7019272	1
10412068	10490773	1
11835054	11834586	1
1747773	1391750	1
8759409	8950867	1
7422659	5775156	2
4349907	4350324	1
11079345	11079337	1
6165622	6167369	1
5617412	5617404	1
11858122	11858121	1
9671930	9671927	2
5205154	5204014	1
11492200	11492199	1
12307555	12418729	2
12556121	12556128	1
3745622	3744144	1
445764	445763	1
1758496	1758493	1
5332381	5332384	1
11288359	11288362	1
2272891	10288858	1
12630684	12630793	1
5238374	5238363	2
4711036	4705756	1
2928867	2928868	2
10638509	10636232	1
9105108	9105884	2
10138776	10138775	1
11169140	11169139	1
7409151	7409373	2
925365	925405	1
8244982	8244981	1
1981994	1984248	1
4601734	4601737	1
10308969	10308916	1
7816864	10987532	2
11534589	11534590	2
3155803	3155804	1
4851976	4851975	2
8336181	8336182	3
7819850	7819298	1
8858713	8858714	1
9778271	9778272	2
9852513	9914356	2
1712649	1712652	1
9343507	9343508	1
5493552	10854803	1
11514934	11514931	2
2021976	2021975	2
7650360	7650359	1
7434360	7434359	1
5819257	5817921	2
1394999	1395000	2
4598849	4598850	1
8278447	8276070	1
3271338	3271287	2
8796766	8796765	2
6724871	6724872	1
6948209	6955020	2
3826306	3826305	1
10120651	4356381	2
3584677	3579785	1
11189956	11187904	2
10545971	10545468	1
7865980	7865977	1
6154833	6155097	1
8166654	8166653	1
12557112	12557111	1
8949347	8946273	1
9234820	9234603	1
10688424	10688423	1
3411777	3411772	1
1295570	1295643	1
7814326	7814325	2
5461105	5462163	1
452451	452452	1
4677379	9294088	1
7737364	7737363	1
3798994	3798993	1
12305873	12305862	1
9839527	9839506	1
10983852	2021004	1
6637007	6637830	1
7322659	7322202	1
5784213	5784214	4
3993343	3993344	1
8468254	8468251	2
3284455	3284503	3
7266935	7266936	2
2030078	2027451	1
8318677	8318678	1
5126592	5126591	1
4308230	4308229	1
11169797	11169798	1
4282326	7783301	1
6396038	6396022	1
6390913	6390894	2
4695710	4695709	1
3620082	3620081	1
9567452	9567451	1
2641675	2641676	1
2756191	2756202	1
1314842	1314841	1
10152971	10152922	1
5531754	5531753	1
4836565	4795545	1
10877846	10877843	1
6742683	6742686	1
9790698	9790697	1
8772884	8772883	1
11759928	11759925	1
8019622	8019621	1
2084067	2084068	1
5613475	5613476	1
431881	431882	2
10247380	10246099	1
6990948	6990947	2
9970081	9970084	1
9306222	9306480	2
8955634	8955633	1
7382180	7382179	2
2808966	2750155	1
6677183	6677184	2
1576133	1576127	1
5188238	5188237	1
10531733	10531734	1
3913071	3913072	1
10084892	10100173	1
7392995	7392996	1
1985697	37596	1
377440	377078	2
4472105	4472106	1
7206766	7206765	1
7702363	7702364	2
6924214	6924213	1
8743717	8743718	2
4118480	3795106	1
4617385	4617386	2
12248566	12248565	1
5018301	5018049	1
5977161	5977162	1
270580	270579	1
9597799	9597800	1
6238120	6238119	1
11337411	11337412	1
11094923	11094924	2
4715618	4715617	1
4559428	4557419	1
8972220	8972219	1
3341099	3144303	1
6893170	6890899	2
9092534	9092410	1
12312504	12337177	1
1098869	1098870	1
7869391	7869702	1
3492438	3492437	1
3379185	3379186	1
4434942	4434940	1
631071	631153	1
7836214	7836213	2
10825649	10825650	1
10642699	10644726	1
3681131	3681132	1
8810297	8810298	1
5314738	5314737	1
3533202	3533149	1
342876	343793	1
6474181	6474182	1
10826868	10829120	1
11110488	11110487	2
7382357	7382358	1
285770	285679	1
6939239	6939240	1
1351406	1351403	1
12479139	12479140	1
3073755	3073758	2
8727699	4791511	1
4757693	4757722	1
10285033	10285072	1
2556742	2556741	1
1167513	1166442	1
7548627	7548630	1
8959076	8959071	1
6530539	6531132	1
3155433	3155884	1
6031275	6031276	1
1539898	1539903	1
10473543	10473560	1
2560644	2560010	1
2389012	2389784	1
89133	89134	1
7091377	7091378	1
3642810	3656707	1
9174249	9174240	1
832346	831206	1
9191696	9191700	1
1310339	1310340	1
10584772	7403272	1
7248728	7248789	1
3037707	3037710	1
5711886	5711885	1
12155821	12155822	1
12204188	12203836	1
1175689	1175690	1
10025646	10025645	1
11052906	11052915	1
1270105	1269769	1
3323924	3323958	1
2634311	2634312	1
3265838	3265837	1
10113189	10112993	2
9703453	9702633	1
12742018	12742100	1
7932478	7933011	1
4588675	4588676	1
1870296	1870295	4
2772158	2774780	1
4917986	4917992	2
11426631	11426632	1
9323785	9323798	1
8993170	8993169	2
2264788	2264768	1
377079	377080	2
9133088	9133134	5
5886540	5886584	1
425797	425798	1
4288413	4288414	1
3203855	3203856	1
4141707	963203	1
1585540	1585539	2
8691212	8691211	1
3949529	3949547	2
3826393	3826394	1
3701825	3701826	1
3819459	3819468	1
6460057	6460058	3
2771834	2771831	1
552175	526952	1
7857704	7857703	1
11863810	11863809	1
1229962	1230793	1
10846093	10846055	1
4355993	4355994	1
4549661	4549666	1
10289112	10289111	1
8628115	8628116	2
8919025	8917353	1
9072675	9072676	1
2702355	2702278	1
1185323	1185324	1
4570477	4570523	1
8158351	8158352	1
6517215	6517216	1
1726663	1726664	2
9519961	9519962	1
6800292	6800289	1
9384970	9387532	1
11522218	11522217	1
3911131	3911132	1
1018627	1023809	1
3365813	3365814	1
7970918	3390141	1
11095676	11095675	1
10573269	10573497	1
8334500	8334499	1
8169853	8169868	1
157349	157350	1
6549705	6549706	1
10285566	10285545	1
2494291	2494300	1
12537515	12537595	1
4585145	4585127	1
849683	860570	1
8172885	8173633	1
9306588	9306587	1
7911377	7861139	1
1667705	1667708	1
7982259	3721364	1
8401874	8401873	1
6611359	6611516	1
1322302	1322301	1
5923732	5923731	1
5437992	5437991	2
1704262	1704259	1
56521	56522	1
11146269	11146270	1
7964480	7964477	2
12462782	12462781	1
6950502	6931752	1
1271398	1271495	1
10211541	10211542	1
10280634	10280633	1
8349970	8351347	1
7895486	11439345	2
2670540	2670560	1
808614	808611	1
5731748	5731747	2
10453720	10453719	2
12048368	12048367	1
10120868	4355849	1
3325164	3325137	1
11425123	11425050	1
11236560	11236559	1
11777551	11886489	2
2177220	6188285	1
8334509	8335056	1
1857062	1845756	1
5188240	5188239	2
8217906	8217905	1
2346009	2346010	1
11719598	11719597	2
3747302	3747301	2
1567738	1567735	1
3979147	3979148	1
1275537	1275538	1
7917188	7917343	2
584511	585215	2
4374579	4374580	1
12236725	12236726	1
4481122	4481121	2
12617780	12617779	1
5810321	5810324	2
8922278	8922277	2
8868001	8868141	1
8651079	8651080	1
2628169	2628977	4
4946883	4946737	1
11393602	11393601	1
10345845	10345843	2
2463919	11101372	1
9243175	9243176	1
4880556	4880420	2
6455381	6580085	1
1736620	6974644	1
4724527	4724528	2
3293991	3295489	1
7941914	7941913	1
240143	240144	2
185880	186121	1
71867	72438	1
7235861	7235346	1
1633193	1633272	1
1404832	1404831	1
8579315	8579533	1
11251276	11250715	1
7879947	7879948	1
11542640	11542639	1
5507462	5507242	1
7017853	7017858	1
1375024	1375023	2
4305968	1091748	1
5489239	5489240	1
4256159	4256024	1
9240698	9240697	1
7920961	7921309	2
10195510	10195002	1
2959670	2959669	2
5227347	5227348	1
9070147	9639600	4
4010170	4009409	2
7830833	7831390	1
3659316	3659315	2
7542569	7542570	1
660544	660543	1
7883543	7883544	1
6476715	6476718	1
4159605	4252641	1
3814327	3815210	1
9849440	9849435	1
6549913	6550047	3
5300640	5302527	2
6464583	6464758	2
10121383	10121384	1
10128470	10128469	2
4256958	4256957	1
5713904	5713903	1
12119719	12119720	1
2017932	2017931	2
2048736	2056601	1
11890967	11891010	1
649628	648314	1
11526234	11526233	1
4519212	4519252	1
777963	701755	2
12522991	12522995	1
845891	845892	1
494387	182792	1
1608761	1608712	1
9793476	9793423	1
10136475	2482205	2
7889901	7889902	1
6165107	11153358	1
5130467	5130468	1
3999770	4000791	1
5478423	5478180	1
1704596	1704595	1
7236305	7236308	1
5807307	5807314	1
5563770	5563918	1
5280304	11100308	1
9233363	9233364	1
2969677	2969680	1
5008907	5008908	2
9560645	9561597	1
5163868	5163867	1
2873647	2873631	1
5569975	5568980	1
1143433	1143893	1
7142068	7142083	1
4688016	4688120	1
3583982	3583992	3
12192487	12192804	1
6488550	6488545	1
3045611	3165962	1
6068581	6068582	1
4308232	4308231	1
9275457	9275458	1
3454260	3454249	2
12238734	12770083	1
5489237	5489238	1
7496495	7496496	1
11381354	11381276	2
11435493	11435498	1
872996	872995	1
6091167	6091168	2
3156469	3156540	1
2035877	2035929	1
2930963	2930964	1
806447	806758	3
3871821	3871834	1
7023136	7023056	1
4836014	1971363	2
4748660	4748659	1
6754273	6754274	1
10771483	10771484	1
2671456	2671455	2
9082094	9082093	1
12465546	8923357	2
9911630	9911802	2
3863642	3863639	1
9447433	9447508	3
8392067	8392068	1
1242479	1242651	1
4585745	4585609	1
7965263	7965264	1
8444987	8444979	2
7186937	7411454	2
6119201	6119202	1
666036	666035	3
3909278	3909277	1
10770768	10770790	1
10484339	10484387	1
10028042	10028041	2
11541648	11541656	1
9591832	9591831	1
11422739	11422740	1
4713532	4713529	1
5968692	5968691	3
3867892	3867891	2
11732574	11732573	1
8060974	8060973	1
1316968	1317363	1
4483084	4483075	1
1611057	1611007	2
11448551	3112104	1
4018761	4018762	1
1997520	2003248	1
9100179	10896616	1
8803116	8803115	1
7048728	7048727	2
8130027	8130038	1
6476838	6476545	1
6654262	6654891	1
2658076	2658073	1
8355993	8355996	1
8020719	8020720	1
2484622	2484616	1
3574483	3573144	1
7679917	7679918	2
9978311	9978103	1
2234059	2234060	1
7902738	7902760	1
443673	443684	1
9620089	9620090	1
8242526	8242525	1
1092583	1088813	1
12562534	12562533	1
1305218	8564977	1
4391307	4391308	1
2485379	2485373	1
12778142	12778141	1
1207671	1349116	1
1691438	1622929	1
529573	529574	1
1268085	1072561	1
10939301	10935330	1
4226121	4222918	2
1490730	1490729	1
6785619	6785620	1
3154747	3154748	2
1399747	1397063	1
12262481	12248911	1
7174509	7174510	1
7980404	7983964	1
7870542	7870541	1
6220332	6220329	1
9824789	9824790	1
983409	1158611	1
6816606	6816605	1
9667939	9666458	1
1021953	1021954	1
2034776	2034775	1
4620207	4620343	1
2416017	2416018	1
3910504	3910503	2
10896608	10896607	1
3643347	3643341	1
8040032	5086872	1
3411968	3411965	2
12656649	12656650	2
10990522	10990521	2
1385154	1385987	1
8705220	8705989	1
1022965	1022966	1
3981652	3981651	1
2382246	2382245	1
6705681	6705682	1
7626060	7630756	2
8043345	8043386	1
7141227	7141228	1
5277130	5276969	1
3319929	3319930	1
12486874	12486844	1
416031	416032	1
7908274	7908747	1
5707257	5707225	1
8218357	8218360	1
8013574	8013573	1
8108268	8107508	2
7927087	10161573	1
8231860	8248433	1
7666002	7665978	1
889880	889523	1
39643	39644	1
11184050	11183610	3
2265698	2265777	1
1763435	1763438	1
7778417	2710076	1
4742453	4742454	4
5213959	5214070	1
8256535	8256536	1
1618797	1619786	1
2814017	2688318	1
3328121	3328122	1
7242814	7242811	1
187026	189670	1
8402913	8402914	1
11941910	7446304	1
11590754	11590756	1
8530604	8530603	1
982587	982588	2
2929987	2929988	1
5205696	5205695	1
12190234	12190233	1
7743164	7742626	1
3088608	3088944	1
1971253	1971214	1
9566098	9566097	1
11811149	11811194	1
5406256	5405639	1
9177425	9177999	1
6241253	6241254	3
1530442	7647180	1
63050	57658	2
2478314	2478470	1
7942335	7942360	1
7680957	7680946	2
2033243	2033255	1
12421920	12421917	1
10332723	10335990	1
6643201	6643202	2
79835	81361	1
940327	940328	1
12668492	12668491	1
7877371	7877372	1
10438963	10438226	1
7533709	7533713	1
11491870	11492481	1
10185529	10185610	1
4078026	4076303	1
9484344	9484308	2
5331378	5333960	1
2632032	2632031	1
12412872	8014528	1
11011267	11011268	1
4991313	4991314	1
6462406	6462383	1
2721664	2722214	1
8423437	8423502	1
2951637	2951638	1
11733816	11732736	2
1453184	1453173	1
10117566	10117584	2
11545387	11545353	1
6438767	6438768	1
11422240	11422151	1
5549940	5549939	2
2718637	2718638	2
9389515	9389474	1
11644076	11644071	1
6620582	6620581	1
1978350	1975557	3
7730725	7730726	1
1994475	1994477	1
4503769	4503770	1
8064393	8064398	2
2233416	2233413	1
11370296	11370295	1
12784879	12784880	2
997836	973189	1
8802200	8802199	2
3706776	3706775	1
5639504	5639503	1
5392322	5392321	1
10802772	10802771	1
8326670	8326669	1
7793423	7793317	2
4317603	4257695	1
3145063	384254	1
4536775	4536778	1
6521263	6521264	1
11966212	11966209	1
892366	892358	1
5241258	5241257	1
10029423	10030197	1
12803242	12803241	1
3210495	3210496	1
4637743	4637744	1
12036184	12036187	1
5010502	5010812	2
1351406	1351405	1
809320	809217	2
4110153	4110154	1
12160238	12160237	2
4559846	4525121	2
2201296	2201295	1
1313601	1313375	1
12364177	12366749	1
9894551	9894552	1
9789459	9790427	2
6142492	6142491	1
12240144	12774285	1
11067275	8097427	2
8791170	8791169	1
5878947	5878948	1
5600468	5600467	2
223875	223876	1
8010082	8009807	1
11158839	11158827	1
858750	858749	2
7944404	7944409	2
8799734	8799215	2
4158679	4158682	1
2581017	2581090	2
10534065	10534021	1
5885692	5908182	1
2008086	2008085	3
7265573	6859770	1
10907508	10907507	1
12605707	12605372	1
7241802	7241801	2
4708602	4708601	2
7567421	7567422	2
3367431	3973998	1
9300094	9300093	1
3306461	3306462	1
727286	727285	1
5737338	5722280	1
1823782	1823820	4
6401087	6401088	1
2360706	2360054	2
6955603	6955604	1
10893585	10893586	1
9500088	9500059	1
9054482	9054481	1
3275084	3275083	1
11912549	11915504	1
4480949	4480927	2
6447027	6447028	1
10083089	10083090	1
328727	328650	1
6414638	6414635	1
8701735	8701736	1
7268208	7268200	1
7626062	7626061	1
7849735	7849736	1
3018383	3018391	1
12682980	12681724	1
3211740	3211733	1
4604135	4405806	1
8197661	8197662	4
10530813	10529554	1
1823473	10335796	5
1771141	1771128	1
5734197	8711583	2
12038712	12038675	2
2802919	2802920	1
216113	216149	2
10572401	10572402	1
12612303	12612248	1
933519	46148	2
11170222	11170136	1
8185629	8205976	1
4526919	4526922	1
7383948	7383947	2
10922067	10922070	2
1769030	1767093	1
10807720	10807719	1
8687717	8687718	1
8391427	8391428	1
7856241	7856242	1
8151133	8151134	1
11224687	11224688	1
10911156	10911189	2
2163215	2136646	2
11666447	11666448	1
2018849	2018850	3
5946048	5946047	1
10579243	10579244	1
7017191	7019595	1
8293217	8293218	1
3002226	3002147	1
7710737	7710738	1
9109451	9109452	1
925304	925187	1
10262718	10262717	1
3448600	3448597	1
2641316	2641331	1
6874229	7269064	1
6473418	6473914	1
2994562	11491827	1
5973060	5973037	1
2987028	2987027	1
2501141	2501142	1
4261101	4261102	1
10947662	10957108	3
7679700	7679699	2
5646398	5644094	1
8789043	8788935	1
5188398	5188397	1
11270176	11270175	1
4646713	4646753	2
7047199	7047200	1
11554097	11554098	2
10235452	7791434	1
1439007	1439008	1
4123338	4123316	1
6676754	6675113	1
3905715	3905732	1
8013464	8013463	3
10208851	10208852	1
3909263	3909264	2
8822917	8820048	1
8407982	8407286	1
1430072	1753508	1
4715098	4715097	1
8671943	8672058	1
3696204	3696203	1
4341045	4342663	1
6125257	6125258	1
611450	608616	2
1462829	1462830	1
8406965	8406966	1
1135805	1135806	1
1543082	1543081	2
7029521	7029522	2
8977179	8977180	1
476873	476511	1
10323727	10323728	1
716219	714867	1
7742065	7742066	1
6784706	6784705	1
1077137	1077138	2
255237	254362	1
815760	815759	2
6084070	6085658	1
9333805	9333828	1
9803407	9803408	1
10984446	10984445	1
6821772	6821775	1
11134150	11134149	1
6482642	6482641	1
7648297	7648298	1
3388155	3389369	2
10608119	10608120	1
1312312	1312311	2
4340450	4499196	1
8540017	8540018	1
9293583	9293586	1
11429566	11429565	2
7429154	7430326	1
4431683	4431686	1
9594004	9594003	1
1391508	1391505	1
11852662	11852704	1
1375325	1375318	1
12183066	12183065	1
5020480	5020475	1
3126312	3126311	2
6799738	6799821	2
1718540	1718539	1
5179685	5181690	2
10358031	10358032	1
4328210	4328209	1
9107538	9107537	1
10741480	10741479	1
9476074	9476073	1
8708125	8708126	2
2113271	2113272	1
10604985	10604986	1
2838101	2838102	2
6527884	6527883	2
10695004	10696016	1
8965483	8965484	1
1262143	1262144	1
949046	949043	1
11788912	11788993	1
1587096	1587093	1
9372306	9372305	1
8171354	8171353	1
6841088	6841061	1
1307720	1309460	1
9119899	9119900	1
6036392	6041359	2
74890	74889	1
8820731	8820779	1
7555340	7555337	2
11107804	11107803	1
9342265	9342258	2
12184008	8928948	1
4230072	4230400	2
7932761	7932762	1
7736486	7736485	1
10357095	8023674	1
9837194	9837021	3
8833553	8833554	1
1398302	1398315	1
12565425	2157081	1
6885621	6885624	1
7519646	7519645	1
831266	831248	2
5442079	5442080	1
10767009	10767035	1
10264549	10264468	1
2774719	2774721	1
1168405	1168415	1
11382025	11382026	1
7201510	7201509	3
901458	901457	1
3940084	3940083	1
96335	96336	2
11746355	11746356	1
10874755	10874837	1
5664730	5664729	1
10144394	10144391	2
11426295	11425751	1
8566404	11036806	1
11689475	11689206	2
7978559	7978560	1
6727005	6726988	1
1450835	1450817	1
6651709	6651710	1
6000860	6000884	1
11039864	11039868	2
10011720	10011719	2
8917875	8917876	1
9358314	9358313	1
3534636	3534635	1
10797711	10797714	1
3500959	4280306	1
5509894	5509891	1
6795893	6795894	2
12766700	12766699	1
749845	703560	1
7104843	7104849	1
12491185	12491418	1
3034835	3034836	1
12425341	12425342	1
4182949	4182950	2
4717368	4717367	1
10406508	10406620	1
111991	111992	1
11562990	11562987	2
6890898	6890897	2
6805278	4700674	1
8491695	8491696	1
6762161	6762197	1
7144585	7231550	1
154741	154527	1
3738951	3742579	1
12045795	12044238	1
2040435	2082908	1
1799640	10318244	1
5329021	5329039	3
11144376	11146268	1
5545506	5549043	2
2954339	2954097	1
2402619	2403698	1
2207851	2207848	1
5867499	5866377	1
5483739	5483740	1
2495503	2495504	2
5040508	5409710	1
5589783	5589784	2
1048878	1048877	1
8804637	8804638	1
4343585	4343586	1
1848783	1848784	2
7945703	7945216	1
1234142	1234348	1
2371059	2038837	1
3253479	3253521	1
9944857	9942579	1
3675354	3675351	1
405044	405043	1
3357666	3357647	1
1366799	1366800	1
9191309	9191310	1
12239735	12239736	1
2348591	2348592	1
10220596	10220595	1
4702030	4702029	2
3146717	3135702	1
10110640	10007614	1
10976046	10975592	1
749255	2374797	1
11105693	11105681	1
7944929	7944930	1
592751	592752	1
9328799	9788779	1
185579	185580	1
6524177	6524178	1
285814	285975	1
11558255	11557674	1
12535246	12621478	2
1099602	1099623	1
1155368	998563	1
9452890	9452642	1
2164975	2164976	1
6335901	6347299	1
3076289	3076290	1
7070449	7070450	2
8992287	8995569	1
7699071	7698280	1
4445406	4435779	1
6241576	6241575	1
11395793	10344839	2
356751	356705	3
10651834	10651833	2
10045368	10045205	1
12672256	12672255	2
6890009	6890012	1
9090809	9090810	1
11378697	11378698	2
6794135	6793703	2
1886114	1882572	1
2673013	2673014	1
7861432	7861431	1
9575761	9577518	1
10375463	10375464	2
4553058	4553057	3
1988611	1987766	1
8562203	8562204	1
8497562	12669586	1
5058322	5058321	3
4691866	4691865	1
6643374	6643446	3
690602	690599	1
10299644	10299643	3
3925067	3924470	1
1010791	1010792	1
11050090	11050089	1
1461013	1461152	1
1232751	1232752	1
1776610	5580369	1
4435043	4447673	1
3544819	3544802	1
2539454	2539453	1
713612	713611	2
1671564	1671563	1
3734359	3734360	1
356348	356347	2
9641178	4671261	1
6076392	6076250	2
12434690	12434689	1
910756	910755	1
2172185	2172189	1
6916511	6916409	1
5539106	5539105	1
5543784	5543783	1
12480733	12480734	1
10960487	10960488	1
10064532	10074300	1
11231189	11231190	3
12233074	12233073	1
11890378	11890377	1
11535232	10265577	1
10835573	10835574	1
3697349	3697353	1
7227829	7226671	1
318442	318441	1
406567	406568	1
10135232	10135231	1
6760928	6760927	1
7866655	7867128	1
4054627	4054628	1
10150341	10147818	1
8221188	8221142	1
12473933	12473936	1
11832227	11832222	1
7962177	7962180	1
5750635	5750636	2
12188738	12188715	1
10963612	10963611	1
5259073	5259076	1
11647951	11647952	1
10218547	10218866	1
5159894	5159820	2
4157413	4156924	1
12423001	12405547	1
2478471	2478547	1
7868258	7868257	1
1436633	1436683	1
7408215	7408326	2
9229342	9229339	2
414687	2859125	1
5800343	5800338	1
5788904	5787244	1
2387460	2387405	1
12462780	12462662	1
6836246	6836243	3
12211320	12211319	1
2004335	2004423	1
8347129	8347130	1
1451291	1626004	1
10114802	10115221	1
10356619	10356620	1
6729505	6729506	1
9339465	9338405	1
7336485	7338013	4
2226887	2226888	3
8556671	8556672	1
7565089	7559963	1
7956556	7958956	1
8281996	8231217	1
3301282	3301281	1
7921492	5530302	1
5591218	1295671	1
3557669	3557670	2
10811127	10811128	2
3599562	3599561	1
5401437	5401438	1
10085867	10085868	1
7986027	7986024	1
9054293	8989924	1
2942512	2942511	1
6198118	6198115	1
2315946	2315943	1
4530725	4530726	1
4051008	4051007	1
9484769	9484770	1
10956120	10956117	1
3151309	3151310	1
4032442	4032441	2
6694	6693	1
6682588	6682587	1
4834041	4834035	1
1250150	1250149	2
6375954	6375974	1
490090	490089	1
2418386	8035818	2
7587033	7588725	1
2310232	2310229	1
11770682	11770828	1
9338577	9338589	1
12657344	12657339	1
12469911	253230	1
10227160	10227163	1
2802042	2802041	1
2937361	2937382	1
7907476	7907473	1
1202435	1202436	1
2117191	2117192	3
6125022	5811205	1
6427046	9467674	1
8411376	8411375	1
11686558	11686557	2
9492976	9497676	1
7916677	7916680	1
9994701	9994702	1
10971985	10957815	1
11903127	11903197	1
4080266	4080265	1
9850624	9850091	1
10521606	10521686	1
1092480	1092479	1
6916718	6916714	2
12465157	12465904	1
7649874	7649752	1
3257482	3257481	1
4938948	4938947	1
6540403	6540404	3
2847639	2847491	1
5049744	5049422	1
3938048	3938045	1
10898580	10898593	1
11458693	11458694	1
4630718	4630717	1
350924	350923	2
1517039	1517040	1
2010274	2010273	3
10209567	10209568	1
2260486	8360596	1
8354557	8350085	1
2609372	2610970	1
4058227	4058228	1
3531547	3531548	1
4356799	4356773	1
12184935	12184948	1
7514857	7514864	1
8998597	8998598	1
6268653	6268654	1
2506074	2506073	1
4582759	4582760	1
1062177	1062178	1
3960737	3960738	1
4740186	5596508	1
12748527	12748530	1
4836379	4843620	1
8086287	8086388	1
4549636	4549633	1
1829282	1829490	1
9098467	9098468	2
4641329	4656759	1
1089118	1089115	1
4617696	4471935	1
3769433	3815447	1
9087619	9087620	1
5674799	5674700	1
4262386	4262385	1
4782923	4782924	1
11494227	11494699	1
994981	994982	2
9092604	9092603	3
11911155	11911391	1
4046137	4017869	1
9164137	9192434	2
10080034	10080033	1
11864454	11865700	1
794403	794404	1
4119866	3639739	2
7838953	12109948	1
7494322	7494321	1
10123121	10123122	1
3562354	3562353	2
2610824	2610080	1
7902297	7901976	1
7977595	7995714	1
7659334	7659333	2
4061877	4061853	2
7248594	7248593	1
6834102	6834101	1
3961013	3961014	1
2492541	2489081	1
2126550	2126549	2
12295774	12295833	1
6559162	6558956	1
8377968	8417584	1
8095049	8095158	1
3530713	3530716	1
999177	998834	2
4145159	4143543	1
8728131	8728474	2
7533707	7533708	1
8495188	8496410	1
4183113	4183114	1
1752699	1752702	1
5401183	5400601	1
6314744	6314686	2
4272721	4272722	1
3315422	3314626	1
5930513	5930475	2
11580663	11580676	2
6213480	6213479	1
10332069	10332628	1
12613396	12616113	1
8657225	8654539	1
7550477	7550450	1
8307374	8307350	2
553320	553319	1
1584739	1584740	1
1530464	1530463	1
11036789	8569766	1
10076350	10076349	2
2270672	2270671	1
98890	98889	2
7594879	7594880	1
2408638	7514429	1
11109469	11109550	1
8448891	8448892	1
3877973	3877974	1
3961209	3961238	2
7686083	7686080	1
11933102	11933101	2
7392825	7395957	1
4609975	4609976	1
5549569	5549570	1
6012242	6012241	1
5578109	5578051	1
3944681	3937844	1
10345829	10345830	1
9008572	9008557	1
7750925	7752573	1
7785332	7785331	1
9765804	9765811	1
4014523	4014792	1
6451374	6576027	1
4653563	4653564	1
11570682	11570676	1
141761	141762	1
7223760	7223907	2
4784497	4784498	1
3290362	3290361	2
5009988	5009987	1
11465566	11481649	3
9481738	9481737	2
4722447	4722450	1
5445011	5434524	1
6125657	6125658	1
5464338	5464362	1
8514138	8514137	1
6006936	8051843	2
5431267	5431088	2
7508560	2409466	1
11154390	11154331	1
2949615	2949616	1
7211528	7211527	2
11851137	11851138	2
3806254	3780579	1
8002344	7863946	1
7430121	7430122	1
7529362	11499330	2
10516715	10516716	1
6604619	6606234	1
11008160	11008159	1
7297561	7298246	1
1169928	1169927	1
1505705	1502903	1
7821185	7850679	1
2421133	2435336	1
6493904	6494143	2
6790576	6790976	1
2938070	2938061	1
5993771	5993772	1
11383784	11383783	2
2203214	2203213	2
1103853	1103856	1
9431864	9431710	1
7103633	7103634	1
7935252	7935251	2
4713634	4713633	1
1249118	1248935	1
4786004	4786003	2
11547911	11549109	1
9351613	9351609	1
5656109	5656110	1
10228210	10228209	1
12490622	12197529	1
2930090	2930085	1
6715702	6715701	2
6335868	6335867	1
1311439	1311440	1
10312954	10312953	1
3684306	3683829	1
2576631	2582825	1
12493550	12493549	1
1911246	1853421	1
8985611	5959492	1
7819210	7819209	1
2076093	2076140	1
1549226	1549225	1
1510049	1510050	1
12055062	12055148	1
12325329	12328878	1
11732378	11732377	2
12536827	12536828	1
11707227	11707228	1
7269083	7269084	1
6924451	6924094	2
7541741	7540176	1
2488406	2488545	1
5316396	5316395	1
6082656	6082655	1
6107352	6107344	1
5190454	5190451	1
4606899	4606900	1
1417399	1417400	1
9124171	9124172	1
6523892	6523891	3
8394291	8395960	2
3752364	3752363	3
6159508	6159511	1
6739170	6739211	1
557480	557479	2
2615546	2615545	2
2335994	2335991	3
6987336	6987333	1
9197109	5616612	1
7979978	7979977	1
5051178	5051177	1
8407493	8407452	2
5919355	5918968	1
6089548	6089547	2
4702359	3954608	1
1706986	1706975	2
12229611	12784244	1
9659081	9656887	1
6420062	6420061	1
3108489	3108490	1
7969995	7992653	1
4304993	4304994	1
9970177	9970178	1
1734621	1734624	1
9787264	9787263	1
10858769	10858770	1
12777022	12777021	2
6523447	6523480	1
10111837	10111838	2
2499565	2499588	2
4546386	4546385	1
7743288	7763462	1
8416932	8416565	1
4389422	4389421	1
12812335	12812336	1
1056553	1056554	1
10043753	10044080	1
4658265	4654176	1
6011849	6011852	2
9500088	9500085	1
1867432	1866270	1
5988420	5988419	1
11302826	11315173	1
1860927	1860928	1
8517228	8517796	2
10042820	10042886	2
10986425	10986426	1
11423549	11423550	2
1208060	1208056	1
12814849	12814739	2
7135889	7136749	1
8741946	8741945	2
7399925	7400657	1
2501143	2501144	1
7047207	7047208	2
4046088	4046155	1
6202505	6202508	4
5223404	5223403	2
5434849	5434850	1
6648917	6648918	1
8663349	8663354	1
5299601	5299602	1
3488955	3488965	1
11117798	11117801	1
8162155	5243350	1
5643924	8844859	1
7420144	7420130	1
6760875	6760880	1
2416140	2416139	1
478390	482671	1
9573600	9573551	1
4806545	4806546	1
8499529	8499532	1
2929781	2929782	1
3937040	3933724	1
12351542	12351541	3
7435361	7435362	2
10498895	10498909	2
6366857	6364969	1
5462315	5462361	1
12616857	12616858	1
11197128	11197127	1
11204502	11204501	1
8689906	8689929	2
4113115	4113116	1
12425661	12458482	1
7331451	7334454	1
12617782	12617781	2
12428538	12428537	1
4579738	4579753	1
969007	967737	1
8720577	8720578	1
11320848	11320845	1
1308861	1308877	1
2728857	2728834	1
11009554	11009531	1
8705138	8705137	1
6737510	6736246	2
3636353	3636354	1
947626	948140	1
2252381	1863117	1
6225427	6225428	1
4415853	4415854	1
575211	575212	3
2876979	2876980	1
4311355	959802	1
4740307	1309007	1
12005140	2625027	1
5748266	5748265	1
10286959	10286962	1
5563845	5563846	1
10375125	10375564	1
950649	950650	1
4356117	4356106	1
843678	843677	2
12375842	12381620	2
5530510	5530509	2
8030994	8031777	1
2896415	2896877	1
3879118	10160156	1
7978449	7978732	1
1281548	1281476	1
3661202	3668687	1
943475	943476	1
9960355	9960356	1
6505455	6505466	1
9514968	9514967	1
5952313	5955209	1
12163919	12163920	1
8041301	8041307	1
5168592	6683463	2
12571128	12549796	2
5494498	5494495	2
1451443	1449705	3
11468363	11468366	2
11455815	11451605	1
3533776	3531397	3
3273290	3273298	1
2840991	2840992	1
11544033	11544034	1
10260955	10260956	1
2953144	2953117	1
4292640	4294409	1
12661026	12661025	1
7860120	7860119	1
9463024	9463023	2
9705347	9702965	1
10420301	10420304	1
982589	982590	1
4381020	4381019	2
10615123	10615015	1
8632117	8632118	1
1836857	1833886	1
9678325	9678326	1
10135670	10123142	1
5012419	5012420	1
3083133	3083095	1
11231789	11231790	2
9422609	9422971	2
7769965	7901154	1
11431625	11431638	1
4182951	4182952	1
4364915	4374413	1
8388233	8388234	1
8064344	8063199	1
8438816	8439546	1
4348474	4348545	1
8541789	8541113	1
9345588	7222379	1
4014081	6511577	1
1768515	1768516	1
5558501	5558539	2
11270411	11270412	1
8765125	8757380	2
2967099	2967100	1
1089970	1089969	1
5511174	5512143	1
8943375	8741597	1
5150814	5150872	1
263112	264206	1
4512770	4512790	1
786607	786622	1
1164717	1164718	2
2360509	2360531	2
3885797	3886289	1
10953412	10942678	1
10261879	10261882	1
9514977	9515051	3
6302257	6302230	2
10579245	10579246	1
7446192	10283429	1
6699714	6699713	1
969228	969234	1
10211541	10211544	1
5459896	5459893	1
3732869	3732870	1
7664930	7978717	1
11540010	11540151	1
5622542	10682214	1
11695334	11695333	1
8600063	8600064	1
2509953	2498004	1
6926863	6926864	1
2878607	2878608	1
1998530	1998527	1
10153638	10153637	1
6578981	6578984	2
5816074	5816073	1
8573813	8574609	2
10171527	10171528	2
1604843	1604844	1
7303307	9277855	1
5586957	5586958	2
4392326	4392301	1
1450924	1450923	2
2972122	2972121	2
390995	390996	1
9454591	9314273	1
6810917	6810918	2
7606031	7604208	1
1618535	1744061	1
3710855	3710856	1
8408468	8408431	2
4014523	4014794	1
5511466	5511465	2
7702677	7702678	1
289311	289519	2
7082517	7082518	1
5275818	5274328	2
1221523	1217142	1
3983884	3262031	1
8924689	8924599	1
9587492	9587509	1
70635	70636	1
143072	143091	1
3704060	3704063	1
6972571	6972572	1
7201185	7201933	2
7580646	7580643	1
3261827	3261128	1
4283893	5005578	1
390515	390516	1
3431140	3431139	1
1624842	1623617	2
9198198	8858827	1
11640103	11640246	1
4555189	4555190	1
5037473	5037474	1
8757437	8757438	2
1653169	1653170	1
12520866	12523682	1
3241269	3241270	1
7753687	7753688	4
6836741	6836041	1
5511425	5511426	2
9470857	9470858	1
4533596	4534077	2
11730706	11730656	1
7123100	7123602	1
1870294	1870281	1
8508879	8508725	2
3687963	3681136	1
5076168	5076167	2
6513372	6513506	1
5145282	5145995	1
9102046	7617841	1
9665516	9665515	1
11364357	11364358	1
8896355	8895940	1
261743	5723	1
10139111	10139112	2
6324834	6324833	1
2536994	2537028	1
12163792	12163768	2
4830015	4830016	1
1491608	1494027	3
9749209	9749210	1
826112	826029	2
11485206	11485033	3
7695957	7695960	1
2233414	2233413	1
5732005	5732009	1
4607297	4625994	1
1885238	1885237	1
9157151	9157152	1
6889677	6893787	1
8178255	8178256	2
7532277	7532305	1
6693591	6693571	1
6180343	6180344	1
6125771	6125772	1
2663362	2663361	1
9371672	9371669	1
10480329	10480330	1
12735695	12735696	1
12450794	12450520	1
2447397	2447388	1
277605	277606	1
9633546	9633545	2
10875366	10875365	1
5381535	5381604	1
2886559	2886562	1
7465016	7465015	2
1122947	1122689	3
9652243	9640340	1
2481721	11143235	1
5489145	5489436	1
2242490	2242489	1
517255	610067	1
6604944	6597544	1
7757460	7757459	1
2711707	2711938	1
4683818	4683817	1
11150126	11150880	3
5309951	5309952	1
1305395	8564896	2
10519873	10519874	1
7714860	7714857	1
12174925	12174926	1
6958742	6958730	1
11173424	11173421	1
4112731	4112732	1
1748727	1748656	1
6555563	6555564	2
4935544	4935543	2
6874927	6874928	1
11915020	11915019	1
9873378	9873871	1
11115967	11118954	1
8679153	8679154	1
1360503	1360504	2
4638965	4638966	1
7165206	9286604	1
11786618	11880330	1
7318057	7318058	2
995463	995474	1
6719422	6707466	1
5148356	5148355	2
4800842	8726040	1
3977835	3977836	1
7800016	7799102	1
8858384	8858386	1
5452813	5452814	1
1029429	1029438	1
11622363	11622364	2
10507639	10507640	1
7243267	7243268	1
9058518	9058470	1
5017648	5018076	1
6529430	6529607	1
2403481	2403460	1
7517385	7517386	1
4036254	9467164	2
3773558	6286193	1
12427205	12458378	1
9233029	9233039	1
10885034	10885033	1
9421100	9421069	1
12029204	12029203	1
6729661	6729656	1
8299175	8529954	1
1105155	1105156	1
7712228	7712227	1
4095465	3630884	1
3742731	3742736	1
12325258	12325300	1
10094027	10094028	2
6346906	6346905	1
6375933	6375934	1
2571505	2571506	1
7101889	7101892	1
7398030	7398017	1
7807508	7807240	1
4521553	4521556	2
5453098	5453109	1
6496795	6498550	1
6691204	6691206	1
3366760	3366759	1
857273	857274	2
8903439	8902551	1
1966463	1966464	1
4469092	4469100	1
2355498	2355457	1
7940800	7940797	1
6368623	6459101	1
9197448	9197447	1
3572768	3573047	1
2943224	2944688	1
2761694	2761722	1
2124321	2124322	1
4715479	4715480	2
5006495	5006496	1
1229739	1229740	1
8184422	8276118	1
9423501	9423502	1
656571	656572	1
3249477	3249120	1
6738970	6738957	2
6138262	6138259	1
3104814	3104813	1
3643605	3643506	1
12659792	12659801	2
277381	277382	1
12371968	12372024	1
7243003	7242941	1
3370261	3370264	1
6709074	6709073	4
1358214	1358190	1
11600355	11600335	1
5314718	5314717	1
8864783	8864786	1
1304374	1304369	1
1598786	1598789	1
1068654	1068653	1
7162208	7162207	1
6635200	6635199	2
10115629	10115630	1
9430446	9430445	1
6339159	6732136	1
11458273	11458274	1
933922	933921	1
7872849	7872850	2
1342747	1343295	2
5378420	5378419	1
6751655	6751628	1
12042765	2662497	1
5381009	5381011	1
10983570	2022011	1
6161389	6161390	1
5308854	5308853	2
5119588	5119573	1
1198289	1198290	1
6975498	6975497	1
6616173	6616156	1
6254960	6255010	1
9760559	9761057	1
5547664	5547663	1
12807263	12807295	1
9090962	9090961	1
5710771	5710772	2
5012737	5012738	1
8750472	8750613	2
3258132	3255576	3
11824144	11824143	1
6146504	6146498	1
4079632	4079629	1
10314321	10314314	1
690649	690650	3
8367212	8356699	1
3029757	3029760	2
5562618	5562615	1
9515922	9515921	1
8742275	8742278	1
4696321	4696322	2
2351235	2351236	1
9373341	6390355	1
6806919	6806920	2
3144728	3143638	1
5303520	6104753	1
11652244	11652243	1
970442	970447	2
786192	786189	3
3414766	3414765	1
5079027	7783129	1
985099	753008	1
4126094	4126093	1
308297	307610	2
4143453	4143456	3
2324901	2324902	1
12499068	12499063	1
4685359	4685360	1
6428700	6428695	1
7560814	7560813	2
12120900	12120899	1
8316642	8316641	2
6321974	6726354	1
1730449	1730450	2
2909342	2909341	2
8350884	8350900	2
9734662	9731412	1
3284386	3283356	1
4454616	4454615	3
5060725	5060752	1
9356633	9357095	1
8713551	8713558	1
4714508	4712437	2
12808012	12808011	1
8965334	5977049	1
12604888	12604887	1
12693830	12694365	1
6177698	6179363	1
8348366	8351698	1
3253738	3253458	1
4875938	4875937	1
9130867	5670134	1
2898368	2898367	1
7730560	7731144	1
7890592	7887593	1
6559541	6559542	1
5937126	5937133	1
4346437	4337032	1
8372298	5862758	1
5452664	5236890	1
2596093	2596094	1
1575781	1575782	2
9642893	9642896	1
4736857	4736858	1
9817103	9820129	2
5813915	5813916	1
8388862	8388861	1
9676266	9649821	1
10683680	10683679	1
11661613	11661614	1
7270993	7270996	1
6966269	6966270	1
3239662	3239659	1
1105086	1105085	1
10811346	10811296	1
10664179	10664180	3
8253353	8253378	1
12419951	12419952	1
11536563	11536564	1
175123	176838	1
8273115	8273116	1
8533269	8532939	1
3259784	3260041	1
3078338	3078343	1
2430631	2430634	1
348608	348607	1
1417843	1417844	1
5293112	5320255	1
5091659	5087867	1
2054264	2054263	2
8547324	8581818	3
484499	467113	1
1573249	1573250	1
8425565	8425566	1
7534179	7535211	1
3129342	11015284	2
7914558	7914557	1
9388025	9390082	1
1776674	1776673	1
12154660	12154571	1
761210	761209	3
8239153	8239154	1
3555657	3555658	2
610683	610705	1
10522485	10522486	2
10307244	10307227	1
1354180	1354177	1
3214565	3214566	1
8558535	8558536	1
6382918	6383292	1
140770	140767	1
7874420	7874419	1
12651489	12651490	1
12351540	12351535	3
11183197	11182961	1
7483312	7483311	1
8079104	8079103	1
12040273	12040290	1
925097	925098	1
5973472	5641987	3
7104157	7104158	1
759228	759281	1
8400889	8400438	1
5511176	5512143	1
10930521	10930406	1
4081589	4081608	1
8301982	8301875	1
12256973	12256974	2
11796439	11796416	1
6803324	6803261	1
6378057	6378050	2
12404939	12404725	1
11036807	11036808	1
8484348	8290157	1
4688191	4688162	1
11822232	11822231	1
7774362	7774383	1
5365057	5477083	1
3910540	3910439	1
317977	317978	1
1233475	1233517	1
3266227	3266228	1
9150639	9150640	1
4261012	4261015	1
9616332	9616368	1
7012835	7012836	1
6629184	6629183	1
5272852	5272851	1
2255435	2259956	2
10472769	4557309	1
6503258	6503257	2
11431915	11430957	2
12784881	12784893	2
12187513	12183888	1
10319616	10319635	1
11688021	11865512	1
1944123	1944124	1
2723172	2733406	1
10100640	10100639	3
9880991	9882799	1
4290084	4290083	1
8968345	9007185	2
10451087	10451009	2
26698	27556	1
10118041	10118042	2
11479093	11479094	1
9138974	9138971	1
10233626	10233625	2
7819198	7995258	1
8768360	8769206	1
564163	560576	1
5240288	5240287	1
7604519	7596205	1
5353486	5353489	1
5924167	5924179	1
10470603	10470640	1
8618208	8618207	1
8709296	8709295	1
6000138	6000164	1
5362186	5362185	1
3748773	3704061	1
9090960	9090959	1
9654838	9654837	1
11112757	11120664	1
12032475	12028285	1
11671477	11671491	1
3141938	3141942	1
7680801	7680802	1
3542974	3543104	1
3644037	4095439	1
550532	550545	1
6504695	6504437	4
3264072	3264071	2
1041691	1044410	1
3612101	3612102	1
9561303	9800177	1
8504621	8504715	1
4423534	4423531	1
3377345	3376630	1
12327630	12327629	2
12747720	12747719	1
6782678	6782688	1
1768217	1769398	2
5259206	5264375	1
8223567	8209348	1
129399	130525	1
1752701	1752702	1
6841060	6841059	1
264433	264434	1
919471	926326	2
10361767	10359819	2
6248453	6248456	1
7198821	7198804	1
8761385	8761386	1
3737384	11865769	2
4423766	4430175	1
2120243	2120244	1
7066020	7066017	1
8076448	8076447	1
8548051	8550428	1
8196637	8196638	1
6399426	6399425	2
3374413	3374416	1
2395114	2395108	1
7225156	7225147	1
9621747	9620618	1
11986218	11986217	1
9193051	9193052	3
11417188	11417187	1
7012837	7012838	1
2436640	2572534	1
9092602	9092601	1
6119203	6117840	1
314772	58035	1
10610350	10610349	1
6146305	6146308	1
6858405	319628	1
7679919	7679923	1
7673327	7673346	1
3774102	3762912	2
3160762	3160761	1
7875185	7921568	1
532277	532230	1
4581156	4579726	2
10116157	10116160	1
9501030	9501029	1
241255	241168	1
11454807	11454808	1
6419290	6419289	1
2764789	2764790	1
6925217	6926335	1
517347	517348	1
10285876	10285886	1
6519617	6519605	1
11472125	11467172	2
7865605	7865606	1
8381046	8381045	1
11129233	11129312	1
8043313	8043321	1
5020893	5041654	2
3325235	3325236	1
1618015	1618024	2
6281264	6293073	1
6042805	6043082	1
4570947	4571746	2
3485200	3485203	1
11728005	11728006	1
271504	273796	1
1045192	1045186	1
6858594	6858585	1
5516667	5516668	1
418633	418634	1
10110277	10120410	1
5574229	5574230	1
5400466	5400465	1
9654533	9654345	1
8387165	8387166	1
8961649	8960086	1
10179287	10179508	1
8665006	8665005	1
8026687	8026688	3
9665747	3507606	2
12503109	12503110	2
10885212	10885669	2
8222012	8221986	1
3045093	3045094	1
5373367	5373733	1
10781628	10781627	1
7108672	7108671	1
7410356	7410355	1
8649078	8651527	1
4811502	4809392	1
8824059	8824038	1
2584391	2584483	1
2611492	2585351	1
405369	405377	3
11808155	10807762	1
6716640	6716639	2
2710559	2710590	2
7453057	7453058	1
10312021	10312022	1
4957132	4053231	1
6801082	6801081	1
8906950	8908433	1
7395693	7395694	1
10368517	10368856	1
10401394	10401639	1
7050321	7049084	2
5302526	5302525	1
9888562	9888561	1
8791957	8791958	1
2017781	2017687	1
7937320	3973250	2
4546593	4546594	2
311094	311181	1
1354207	1354208	1
11334489	11334533	1
11220767	11220770	1
8279446	8279445	1
5843733	5843589	1
247258	247286	1
2178945	2178946	2
6220328	6220327	1
7176172	7176171	1
737090	709530	1
4860008	4860133	1
12499585	12499586	1
6179585	6179588	1
3197680	3197679	1
11507858	11507857	1
3282997	3284296	1
2163262	2163186	1
3555648	3555647	1
11927171	9476885	1
4852513	4852516	1
4526637	4526638	1
8919282	8919269	1
12738389	12738390	1
1637749	1637750	1
12244249	12010377	2
10989434	8443912	1
12545381	12545382	1
4856372	4856371	1
10136456	10136516	1
935009	930027	1
11922477	11922480	1
8010258	8010257	1
1928622	1928621	1
8046269	8046272	5
12131950	12130922	1
12499268	12499267	1
7922803	7811504	1
529882	526271	1
6199420	6199697	1
5333917	5333918	1
245941	245942	1
4051009	4050931	1
7243975	7243976	1
9548500	9548415	1
10395042	10395041	1
9329454	9329453	1
6534188	6534846	1
11599591	11599596	2
11002045	6085013	1
3807787	3807788	1
1885558	1885438	2
188797	188798	1
4513407	4513408	1
9989556	9989555	1
5967558	5967557	2
1300890	1300851	1
3731848	3731863	1
8178656	8178508	1
1609970	1610015	1
6282520	6282519	2
2073868	2073867	1
2745212	2744468	1
5456906	5457274	1
7749483	7728477	1
7739448	7739452	1
3898777	3898778	1
4332225	4332229	1
9059384	9060173	1
1765763	1765519	1
8708001	8624002	1
12172265	12172266	1
12244247	12244248	2
3031690	3031026	1
11780375	11780376	1
4669192	4669191	1
10537916	10537915	2
844691	844692	1
4813356	4813426	1
5472471	5472474	1
5826177	5826228	1
10415600	10415597	2
2666640	11443691	1
3885045	3885046	1
7147790	7147787	1
3079510	3081633	1
3139137	3139138	1
9846804	6348827	1
3713293	3713294	2
11491992	7877094	1
10412066	10490773	1
1878559	1878535	1
10967701	10967669	1
6761928	6761927	1
3415334	3415277	1
3687802	3687801	1
10980125	10980126	1
128190	128189	1
11696669	11705496	2
5645940	5646476	1
8461489	8461490	3
11742747	11742781	1
91116	91147	1
1360874	1360909	1
10607073	10607074	1
7551787	7553362	1
3218954	3218869	1
1411939	1411940	1
8796404	8796403	1
4679043	4679056	1
3461944	3461937	1
4673320	4673319	1
7952521	7952321	1
10160641	10160642	1
8519845	8519846	1
8612386	8612396	1
1772157	5591443	1
5518904	5518903	1
335171	335176	1
12617006	12793303	1
2138273	2138274	1
1405705	1405706	1
11890386	11890385	1
1145967	1145920	2
12239953	12240014	1
9088221	9088222	2
6130966	9508721	1
1562196	1562195	2
2877893	2877896	1
4723632	10952488	1
8184208	8184207	1
10320682	10320668	2
640836	640835	1
6716845	6716425	1
5095976	5095975	1
5532372	5549941	2
2884613	2884575	1
1723189	1723190	1
405117	405115	2
2646318	2646317	1
9558287	9558288	1
4551796	4551795	1
4987660	4987642	3
12782253	12780497	2
10012159	10012160	1
11128004	11128007	1
12732554	12732549	1
3820683	3396105	1
2835355	2835346	1
4240620	4240615	1
2163999	11159628	1
9914379	9914350	2
8743026	8743025	1
8467127	8467128	1
876280	876279	1
2530311	2530312	2
8439547	8439548	1
3544305	3544265	1
3075550	3075865	1
5348687	5348688	1
4493917	4493918	1
3652002	3652001	1
6825637	6825638	1
6332754	6336130	1
171882	171881	2
723644	723848	1
6558383	6558386	3
3266072	3266069	2
3620911	3620912	2
9028758	9028761	1
5337943	5337691	1
8653773	8650767	2
10962802	10962801	1
1599803	1601182	1
8805064	5888658	1
1453233	1453234	3
6112319	6112320	1
11092058	11092932	1
8678189	8688187	2
6885048	6885012	1
10937873	10937874	1
2171601	11157574	1
685336	625568	1
2206308	2206307	1
10814995	5422766	1
7114290	7115573	2
4711893	4711874	1
1300902	1300901	1
1009229	1009230	1
6960315	6951294	1
6849383	6849384	1
4547048	4547047	1
2044939	2051569	1
7140884	7145269	1
1575783	1575622	2
3628485	3628694	1
1116940	1116939	1
5965918	1708340	1
1939517	1939518	1
11670828	11670827	1
9141620	9141617	1
4679169	4679170	1
6530431	6530432	2
3338913	3338914	1
988355	988356	2
8869131	8869349	1
5607269	5607888	1
2435442	2435441	1
7031506	7031004	1
8884351	3975879	1
7923316	7923315	1
1153004	1153003	1
3546879	3548537	1
5843424	5843445	1
9103798	9103797	1
4609796	4609832	1
11680685	11681071	1
7326831	7326851	4
945759	945760	1
3621087	3586192	2
7500601	7500565	1
7159389	7285274	1
3359976	3359975	1
11141508	11137245	1
6163410	6163409	1
5328507	5328508	1
9292427	9292428	1
11837460	11837847	1
395910	395907	2
2473534	2473688	1
7262719	7262720	1
4575305	4575306	1
2870630	2871051	1
1394238	1394235	1
896836	262148	1
7580886	7580885	1
7734155	7734175	1
3531549	3531842	1
5289670	5289561	1
8369892	8369852	1
7355391	7355038	1
6499969	6499972	1
2598064	2597917	1
12741884	12747195	2
10085334	10085333	1
8954107	8954105	1
8813188	8813170	1
6361650	6361479	1
2183652	2183621	1
1467839	1467801	1
6471229	6258314	1
12698973	12698235	1
9308318	9308317	1
11875076	11875075	1
10604987	10604988	1
589679	589680	1
234122	229034	1
3575981	3575982	1
7001248	7001209	1
10728348	10728279	1
5391608	5407543	1
371265	371266	1
8711499	8711507	1
8923220	8923272	1
10680718	10680717	1
5648255	5648331	1
265971	265965	1
9092760	9092735	1
10535675	10537331	1
11393804	11393803	1
11207181	11206670	1
1491911	1491892	1
8627414	8707702	1
7042015	7041581	2
6082603	6082604	1
2339462	2339461	1
11203046	11200574	1
2078154	2078158	1
5727869	5728426	1
982034	986964	1
4539416	4539415	1
7460352	7460326	2
11496048	11496047	2
2245296	2141316	1
6443865	6440892	1
1358675	1358676	1
8542288	8601341	1
4093764	4093763	2
1721535	1721536	1
298930	298929	1
11593282	11592422	2
8496582	8496531	1
11999270	11999246	1
94471	94472	1
5679347	5679286	1
164646	12369948	1
582604	537536	1
3767703	4122513	1
6874742	6874630	1
6896865	6896866	1
6696273	10181065	1
1728528	1728527	1
2627393	2627394	1
8683730	8683727	1
4538595	4538596	1
11328786	11328897	2
7266478	7266477	3
4551696	4551693	1
2178240	2178239	1
6009212	6009211	2
4315152	4315151	1
8711884	8711883	1
8775191	8775340	1
8009991	8010001	1
7370438	7370437	3
7151546	7153128	2
12679879	12679880	1
8530747	8531067	1
10870206	10870203	1
5959853	5959854	1
8541969	8541898	1
260243	260244	1
11439596	2692988	1
11774699	11774368	1
4545921	11536543	1
8403211	8392540	1
164662	164661	2
11620491	11620046	1
11876525	11876369	1
7266257	7267980	1
3750168	3750167	2
5192639	5192379	1
7152405	9572598	2
1244621	1244459	1
4609077	4611709	1
1101482	1101479	1
4743431	5255835	1
11832263	11832331	1
3356724	3356721	2
12593383	12593355	1
9556440	9795592	1
7199684	7199683	1
6358554	6724870	1
12479141	12479142	1
2522292	2522240	1
4177185	4177186	1
10148834	10125330	2
1601190	1601189	2
650039	650050	2
2264182	2264381	1
4740357	4740358	1
12190232	12189951	2
2432927	2427536	1
9174228	9174227	1
748826	603534	2
4374197	4374198	1
3992492	3992487	1
12003389	12003392	1
2533821	2478044	1
9847894	9929589	1
4572551	4572552	1
2793889	2793892	1
2901876	2898697	1
9530279	9530280	1
10512418	10512422	1
5726177	5726167	1
5489684	5489681	2
3761259	3761266	1
4144745	4144748	1
1269218	1269007	1
12518017	12518344	1
2027450	2027449	1
11675229	11675255	1
427920	427919	1
3042971	3042974	1
3129294	3129420	2
8441673	8441676	1
6871250	6869421	1
12815276	12815263	1
8877795	8877796	1
2175863	2176044	1
4738563	4738564	1
2474688	2475151	1
10313255	10313537	1
5900112	5900098	1
4473825	4473826	1
6011353	6011354	2
12787879	2997983	1
12717712	12717711	1
2472661	2472662	1
3979196	3979195	1
9416867	9416868	1
6107435	6107436	1
6647159	6647160	1
7253931	7253173	1
9541348	9541347	1
11772257	11772258	1
9337137	9337138	1
10603602	10602992	1
7585748	10673733	2
3366567	3366568	2
5373178	5373177	3
1831931	1113462	1
9704353	9702645	2
381789	381790	2
6408649	6408651	2
9316408	10294011	1
12530931	12530932	1
6658902	6658901	1
2807797	2807798	1
414961	414962	1
869949	869952	2
5939556	5939555	1
10384068	10384067	2
6807223	6187503	1
17478	17477	2
7101370	7097927	2
3068191	3067714	1
10896606	10896605	1
12774019	12772093	1
6121358	11571505	1
11982638	11982637	2
5207440	5261313	2
12347838	12347837	1
264329	264330	1
6128044	6128043	1
8955558	8955557	2
3055077	3055121	1
7001115	7001042	1
12276235	12276236	1
3923720	3923719	2
11643970	11643969	1
8892447	8892448	1
2347515	2347516	1
1459077	1459078	2
7688910	7689048	1
2589357	2589358	2
5364134	5364133	1
4222625	4222626	1
4611862	10095990	2
2562023	2562024	1
7568915	7568905	1
2189808	2189807	2
3599432	3599431	1
882864	882911	1
3653265	3653276	2
1746191	1744518	1
8204332	8204331	1
5808804	5808820	1
4623198	4623185	1
1758492	1758491	1
3865553	3865753	1
3422970	3422969	1
10907585	10907220	1
9104708	9104705	1
12128589	12128651	1
1735986	1735870	1
1070958	1070957	1
11758132	11756985	1
438645	438646	1
1608801	1608857	1
5934895	5934896	1
10266352	10266351	1
4066049	4066050	1
10151639	10151606	1
10848008	10848219	1
3992846	3992857	1
12208397	12208398	1
10467226	10467225	1
8949954	8950059	1
11005577	11005578	1
12747328	12747325	2
3381116	3367687	1
5072454	5072378	1
10176381	10176382	1
9307740	9308863	1
1057017	1348329	1
10318464	10318463	1
2708030	2708171	1
1302318	1304743	1
9545598	9545597	1
2794093	2794094	1
10504553	10503503	1
9563120	9701825	1
7706201	7706202	1
2267790	2268798	1
3398714	3398673	1
11936683	11936684	3
2785155	2785223	1
8379268	8379267	1
2737278	2929251	1
4319338	4354845	1
685911	685912	1
9634273	9634274	3
6188826	6188825	2
8802147	8804669	1
7214239	7214240	1
10226467	10226468	1
6214328	6216006	3
12265675	12284633	1
200785	162564	2
5714767	5714805	1
9792957	9792972	2
8026384	8026382	1
4749466	4748524	1
6340304	6340316	2
10653031	10653032	1
11872864	11871870	1
7915231	7915232	2
2872016	2872011	1
5204628	5205495	1
910743	910755	1
8834986	8835007	1
9143521	9143522	1
5253884	5253872	1
4788446	4788425	1
8282778	8282777	1
4263043	4349772	1
9488113	9488114	1
1902452	1902451	1
2903409	2903410	2
6680690	6680723	1
556536	555749	2
5147512	5147511	1
5105695	5105715	1
8493211	8493212	1
10261266	10261265	1
11580767	11580770	1
6736606	6736603	1
6119886	6119885	1
4586144	4586143	3
11130526	11130531	1
822226	604152	1
1077023	1077024	1
3281710	3281709	1
8734342	8734232	2
10104198	10005308	3
354456	354355	1
4511038	4511037	1
7235022	7235017	1
5494924	5494921	1
7033955	7033964	1
5080498	5080510	1
6983193	6983835	1
8922531	8922532	1
3055075	3055076	1
1636348	1636347	1
7866311	7866312	1
9361819	9361820	1
7547925	7547670	1
2516976	2516967	1
2140597	2140598	1
1262616	1262981	1
2112194	2112193	1
11338704	11338703	1
5299934	5299933	2
4230402	4230401	1
5788549	694059	1
12771363	12771364	1
3217834	3217833	1
2309007	2309008	1
10572698	10744551	1
8566604	8566603	1
11601336	11602241	1
10099126	10099125	1
7579917	7580057	1
8027732	8027731	1
4767519	4767520	1
8295507	8295493	1
11022873	11022874	1
2332093	5492885	1
2962897	2962898	1
10905154	10905153	1
6596854	6597322	2
400141	400142	1
5986344	5986343	2
10718958	10718960	1
1148776	1148775	1
1373267	1373268	1
3443430	3443429	1
5503013	5503014	1
190776	191142	1
6190029	6190050	1
4678058	4678004	2
1198202	1198251	2
3397825	3397490	1
4113442	4113469	1
10302275	10302276	2
4730281	4730282	1
9283951	9283958	1
118496	918119	1
5927301	5927302	1
7743314	7743195	1
7727224	7727223	2
10472947	10472948	1
10060351	10149606	1
2505437	2505438	3
4153612	4153611	1
7223795	7223796	1
11079801	11079492	1
11776285	11776485	1
10980534	10980578	1
959809	959810	1
6055632	6055630	1
1434323	1434351	1
697472	697488	2
2530315	2530445	2
9434491	9434886	1
3155502	3155485	1
337441	337442	1
2489159	2489478	1
8395945	8395946	1
10512865	10512866	1
2029590	2029154	1
10346156	10346155	1
12028124	12016702	1
9767014	9766441	1
12785934	12226511	1
6790950	6790949	2
3013326	3053653	1
3562015	3563054	1
5518508	7797239	1
4042233	6513875	1
6086100	12447143	2
10296072	10296071	1
8453665	8453666	1
2547522	2546784	2
1515368	1515377	1
239592	239218	1
1822652	1822869	1
10143627	10143628	1
10878883	10878884	1
7702721	7702722	1
7767950	7870587	1
6031079	6028730	1
268718	268717	1
2287295	2296436	1
2291277	2087363	1
6528126	6528125	1
1093748	1093747	1
4169787	4169788	1
5579724	5579723	1
3938603	3938608	1
5329193	5329214	1
6766729	6766730	1
11437493	11437494	1
6000227	6000230	1
3235359	3235360	1
11666328	11666381	2
10983868	10983861	3
4005839	6499510	1
9229726	9682748	1
680377	575470	1
12295643	12295644	1
10124026	10124039	1
4330287	4330030	1
10302288	10302287	1
10677545	10677546	5
3911673	3911674	1
4704853	4704848	1
752047	752048	2
171480	171463	1
5375704	5020425	1
12336921	12336922	1
3900441	3900229	1
10241379	10241380	2
1744427	1744428	1
8022166	8022165	2
5539686	5266096	1
7373138	7373113	2
4681881	4681159	1
7441617	7441486	1
6808702	6808705	1
11816528	11816523	1
8333853	8333854	2
1608437	1608438	1
243430	10857205	1
9447873	9447859	1
8567479	8567077	1
11322335	11322336	1
3078955	3078956	1
12446200	12446199	1
8101099	8101100	1
6881931	6881932	1
4410659	4410660	1
4610946	4610602	1
2679771	2679772	1
10670225	10714732	1
8630380	11848676	2
6474724	6475309	1
12715890	12715889	1
5972518	5972515	1
4654535	4654579	1
3889526	3889525	1
11802861	11802862	1
6029393	6029394	1
8836261	8836143	1
7743841	7761172	1
12454196	12454195	1
12417895	12417896	1
6513266	6513265	2
1420149	1420150	1
9297003	6971450	1
12368962	12368961	1
3830453	3830454	1
10689193	10689194	1
6065322	6065321	1
3822109	3822217	1
6371186	6371242	2
11159127	11159128	1
11650412	11650411	1
2293121	2293122	1
4243781	4162047	1
7333215	7333216	1
1294038	1294037	1
6876395	6876396	1
9384943	9384944	2
5676589	5676590	1
3321667	3321668	1
292375	292376	1
6806918	6806917	1
2789244	2789360	2
10479164	10479086	3
3104582	3104581	1
9662755	9662458	1
9533072	9759654	1
12659152	12660152	2
12171283	12171176	1
6181068	6181119	2
3704623	3704604	1
1413442	1413363	4
3315403	3315404	1
8919174	8919074	1
8467447	8467448	1
8887592	8887591	1
11614181	11614182	2
9148368	9148367	1
1294477	1294436	2
2260077	2260080	1
11526426	11526423	1
8166656	8166653	2
4856121	4856126	1
657082	657081	1
11298330	11298790	1
5512332	5512329	1
4103542	9713679	1
3268318	3268381	2
9947621	9947389	1
10139045	10139046	1
12268867	12268868	1
11517715	11518474	1
10100988	10100987	1
8862832	8873756	2
591535	591555	1
10314724	10314723	1
1324464	1324461	1
701460	701459	1
5273670	5272666	1
3550965	3534296	1
1013658	1013657	1
7789880	7789879	1
1297000	1296999	1
3492186	3492190	1
3521667	3521668	2
4878464	4878463	1
6027089	6027094	1
1250861	1250126	2
81260	81259	2
7981293	7980781	1
7895794	7895793	1
6866725	6865000	2
7096772	7096771	3
10179297	10179288	1
2442254	2443197	1
2480731	2480732	1
11088735	11088736	1
592247	620396	2
4860810	4860809	1
9283023	9273611	1
2305394	9620271	1
2790611	2790616	1
1131785	1132179	2
3228814	2842626	1
3120643	3120644	1
352158	352155	1
6619944	6619941	1
5274863	5274864	2
10312721	10312722	1
4613347	4613348	1
1394154	1393734	1
9063400	9063403	1
10850161	10850162	1
274606	274699	1
10366026	10366025	1
5490436	6171633	2
11398519	11398520	1
443673	443674	1
11808150	11808168	2
11195078	11195077	1
9622304	9622303	2
6770149	6770150	1
1086357	1086358	1
7838003	7838004	1
11585394	1515253	1
8076771	8075862	1
9154071	9154416	1
3974729	3974730	1
5717882	5717881	1
3317952	3317955	1
9306224	9306223	1
6873978	6873778	1
7011924	7270990	1
4040770	4087500	1
232851	232867	1
716639	2384385	2
1859046	1858847	1
3922136	3922311	1
4552357	4552358	1
2489133	2620119	1
12303540	12303539	1
3691952	3691951	1
9041178	9536061	1
10152004	10151638	1
10605332	10605343	1
8400530	8400529	1
9092819	9092820	2
3052779	3052780	1
6229512	6229509	1
12370419	12370420	1
2106183	2105575	1
11630493	11630494	2
12035318	12035315	1
9264701	9264702	1
2379274	2378684	1
9742225	9635963	1
5832932	5832931	1
6118145	6118146	1
9907713	9907714	1
11329730	11329694	2
11732380	11732379	2
11073994	11078983	1
5310411	5310524	1
7090787	7090788	1
2215841	2220673	1
8560596	8560605	1
5586858	5586857	1
644161	644162	1
348823	348853	1
6198180	6198179	1
660787	660788	2
7678266	7678265	2
4678455	4678456	1
12462536	12461180	1
6025518	6025517	1
11330517	11330518	2
11457892	11455875	1
12742569	12742836	2
11775462	11775459	1
9122835	9062908	1
2833845	2833812	1
1139156	1139153	1
794913	7349329	1
4201403	4228902	1
9179049	9058441	2
1089703	1089704	1
1831926	1831925	1
2337975	2337980	1
6153725	6153728	1
6186389	6186390	2
10378068	10378059	1
9164914	9164913	1
7346509	7348342	1
11609576	11609575	2
8768148	8768159	1
11824221	11824222	1
3755216	3755215	1
7992467	7992472	1
5619043	5618906	1
11915875	11915876	1
11884407	11884875	1
2664384	2664383	1
6964213	6964214	1
3702389	3731715	1
5676227	5676230	1
3161254	3160884	1
188327	188315	1
8572157	8574081	1
1902174	1902019	1
4851796	4851795	1
5486729	5486730	1
10746913	10395527	1
9674370	9674369	2
6118094	6117153	1
10051928	11742015	1
2031920	2031336	1
1981192	1981191	1
2241907	2241857	1
12391596	12395978	1
10312151	10311086	1
1108232	1116639	1
2467917	2467843	1
9563122	9563121	4
7828182	7828181	1
2504072	2503385	1
5469295	5476695	1
7342128	7342127	1
5483579	5482875	1
1027652	1032173	1
7881126	7881125	1
7779425	7779428	1
6056799	6056800	1
8070246	8070245	1
11997656	11997655	1
11417884	11417883	1
11114752	11076683	1
7982064	3719905	2
5544831	5544371	4
12036103	12036104	1
8618254	8618253	1
8225476	8225475	1
11629660	11629454	1
11161460	11159876	1
8532854	8532731	3
9088113	9088092	1
2782242	2782270	1
5437462	5437461	1
3163369	3163370	3
7613085	7613004	2
5451493	5451506	1
9658528	9658532	1
5283856	5283855	1
11163978	11163725	1
625820	625817	1
11600061	11606895	2
9471446	9471440	1
1268777	1268274	1
9338575	9338576	3
6055223	6055224	1
5875953	5875954	1
9982931	9982946	1
3886290	3881732	1
6718196	6718193	1
3947161	3947162	1
6229508	6229490	1
11877460	11877295	1
11848758	11848757	1
1772758	1772757	1
3325884	3325883	1
9666977	9668023	2
932274	931766	1
9384972	9387532	1
7980397	7980398	1
832453	832456	2
5191436	5191408	1
175345	185578	1
10735471	10735473	1
11932997	11932998	1
9646628	9646627	2
8109186	8109420	1
11873622	11873650	1
1072104	1072079	1
9924845	6463241	1
9913108	10054985	1
2947717	2947738	1
10233509	10232344	1
5859884	5859879	1
7345796	7345795	1
8827291	8827294	1
7616893	7616894	2
5094099	5373869	1
941341	941342	1
10809851	10809852	1
4730232	4727369	1
4112783	4112784	1
3230417	3230418	1
12391111	12391166	1
842531	842532	2
14775	14776	1
1782508	1294822	1
12133259	12133262	1
6085890	6085889	3
6008803	6003154	1
2296747	2292153	1
6821403	6821404	2
860606	860605	2
1008960	1008923	1
7736484	7736483	1
8399107	8399112	1
3751301	3751208	2
4256498	4256495	1
6420099	6420100	2
3266036	3266035	1
1762116	1761865	1
6651024	6651023	1
7192150	7165152	1
8013171	8012499	1
2983613	2983616	1
10630978	10630977	1
2249019	2142170	1
4325025	4325026	1
3640668	3640649	1
7880386	7880385	1
10589162	10515069	1
6174735	6174736	1
6823476	6823475	1
10495458	10495457	1
6952727	6952728	1
7828883	7829016	1
2486100	2486039	1
4267513	4856427	2
12718399	12718400	1
5297943	5291967	1
12172362	12172361	2
1770520	1770517	1
8550836	8549156	2
5351917	5316649	1
11525745	11548274	1
11752739	11753988	1
1282335	1282828	1
7038934	7038926	2
5425901	5425840	1
10168481	10168482	1
11776523	11776797	1
4197	5769	2
1145090	1145089	1
7416428	7416427	1
1364396	1385025	2
10440802	10440935	1
2360507	2360531	1
10921181	10921182	2
2113694	2113693	1
7417862	7417481	1
5507474	5507473	1
12121128	12121127	1
7473820	7950815	1
9171279	9171280	1
8232230	8232400	1
2000818	2006905	2
2161838	2161835	1
6647454	10144672	1
7337251	6846903	1
5835925	5829705	2
11112957	11112958	1
11050085	11050119	1
4491895	4491925	1
6770482	6770481	2
3108851	3108371	1
10436326	10436177	2
2753775	2753681	1
6220930	6220292	1
10990615	10990646	1
8079664	8079663	1
6835697	7003635	1
8971761	8971762	1
4081587	4081608	1
9024251	9024252	2
5816637	5816638	1
1573248	1573254	1
7431810	7432556	1
11010776	11010775	1
8046979	8047513	1
7648061	7648062	2
2005009	2005010	1
4529757	4529758	1
6029890	6029057	1
12226262	12226261	1
9834286	9834283	1
10773550	10773547	1
8578519	8578520	1
280118	279868	1
6721095	6721316	1
2720003	2720006	1
5824880	5824879	2
3799294	3799293	1
12656983	12656984	1
3696178	3696200	1
12183580	12183579	1
2292072	2292071	1
9193040	9193001	1
4598573	4598574	1
7960262	3695097	1
6121358	4368178	1
11127137	11127138	1
247469	247491	2
11010466	11010852	1
1956703	1868917	1
11679025	11679026	1
5825731	5825732	1
11983950	11983949	1
1741640	1738874	1
3641218	3641228	1
10235570	10235515	1
3506251	3519430	2
10605733	10605705	1
3873283	3873284	1
6121783	6121784	1
4678935	4678936	1
85699	9671468	2
2262865	2262812	2
9000361	8998186	1
2604435	2604436	1
7705133	7705134	1
570874	570873	1
7152563	7152564	3
6865323	6865404	1
8863329	8863330	1
3701213	4072581	1
9135526	9135525	1
11688385	11688388	1
20808	20807	1
9019798	9019797	1
5878760	8043445	1
4319456	4318569	1
11115967	11115968	2
7024074	7024329	1
3888611	3888599	1
4823421	4822484	2
11910649	11910672	1
1307402	5461891	1
6062075	6064748	1
3193445	3193446	1
12568123	12568147	1
7531640	7531639	1
8846312	8846311	2
7510235	7510236	1
7449408	7449407	1
8786620	8786619	1
5595896	5596135	1
5661578	5661577	1
12740636	12740731	1
6481427	6479104	1
6440846	6440845	2
10183931	10183932	1
11863725	11863047	1
1682116	1485105	1
9352033	9348667	1
11790906	11792991	1
11911183	11911184	2
8291379	8525846	1
8072656	8070970	1
1704877	1704769	1
9605201	9603501	1
10196877	10196878	2
11760585	11760588	1
5329940	5317198	1
9879895	9880055	1
3545514	3545513	1
10736252	10736251	2
5397755	5397758	1
2253459	2253460	1
7974272	7974271	1
9629121	9629378	2
4641658	4640772	1
9984421	9984422	1
6268190	6268103	2
6779751	6786282	3
5362855	5362856	1
11018827	11018674	2
9699779	9699780	1
1664746	1663342	1
5282341	5282342	1
9232480	9232518	1
9377669	9377672	1
9434178	9434177	1
3494866	3494865	2
1398549	1263704	1
3341026	3341025	2
9104433	9104415	1
9042122	9042121	1
4122693	4122694	1
1164267	1164268	1
8570899	8570900	1
4638631	4638632	2
3924420	3924419	2
8185400	8207495	1
9753165	9754299	1
3184767	3184768	1
6929992	6929971	1
2784787	2784797	2
6042553	6042556	1
3388152	3388151	1
9461475	9461476	2
6939253	6939254	1
3651706	3651705	1
1447506	1453766	1
3426441	3426404	1
7396430	7396409	2
8738691	8745296	1
8640450	8640438	1
5222755	5222756	2
9136264	9136263	1
11417880	11417491	1
6850907	6850908	1
1037712	1037697	1
8177181	8177182	2
10076665	10076666	1
9254236	9254235	1
6362114	6362113	1
7935740	7935738	2
4467794	4467793	2
1715822	1715821	1
4917618	4917613	1
10985438	10985295	2
12129255	12129403	1
1405715	1405813	1
4860789	4860790	1
5037366	5037365	1
9230300	9230299	1
418471	418472	1
5915808	5915345	2
4385564	4385563	1
9370619	9370620	1
4953339	4949477	1
9328680	9328679	1
8405476	8405475	1
267952	267000	1
3285168	3285165	1
1839551	1839552	1
4752130	4752179	1
7304118	7304117	1
4343822	4345477	1
11164095	11162041	1
5536431	5536432	2
9684238	9684237	1
2384645	2384623	1
4429792	4429791	3
11993001	11993006	2
1784585	1784588	1
11066917	11066918	1
9858419	9858420	1
5072719	5073010	1
7435094	7435089	1
6053192	6053191	1
12610554	12610104	1
11817544	11817547	1
12050945	12046309	2
4773992	4773991	1
4137273	4137276	1
8881012	5369243	2
10130595	10130596	1
2196518	2196517	1
9876244	9875892	1
10484591	10489390	3
327531	332752	1
1185226	1182992	1
9810020	9810019	1
3856081	3856082	1
11087631	11087632	2
10069225	10069226	1
2611056	2610228	1
196412	194354	1
3856829	3856825	1
8633382	7238224	2
5012721	5012722	1
8081661	8081478	1
4814605	4392550	1
3281714	3281711	1
7009855	1701783	1
3038571	6882248	1
265576	265499	1
11218429	11218430	1
333592	333591	3
3940219	3940220	1
8941605	8941606	1
6053569	6053570	1
8500861	8500862	1
1764153	1763850	1
12164058	12164055	1
11942336	11942335	1
6785738	6785939	1
5886399	5696792	1
10858159	10858160	1
2159679	4435233	1
178581	178582	1
9918560	9918559	1
1288465	1288466	1
1405494	1405493	2
9510136	9510157	1
2207851	2207846	2
5277035	5276994	1
1345968	1346056	1
5908632	5909549	1
8048474	8048473	1
9648520	9648517	1
4066422	4066421	1
336559	341279	1
1713674	1713911	2
8367430	8367429	1
7904871	7904877	1
8585322	8330428	1
9506151	9506158	1
5833504	6206286	1
5233043	5233044	1
1608752	1608751	1
11429564	11429563	2
3032352	3032351	1
171482	171481	1
1166432	1166431	1
6557123	6557272	1
4830003	4830004	1
10160497	10160498	1
7089674	7089673	1
4415006	4415005	2
10992254	8877369	1
6769116	6769130	1
1865786	1865828	1
7001243	7001244	1
10063877	10063878	1
673568	673565	1
9039622	7478602	1
827394	827573	1
6754200	6754438	1
10339996	10340026	1
7200061	7200062	1
7759190	7759193	1
786409	786410	1
8961265	8960835	1
6545667	6545670	1
12139713	12136296	1
8045673	8064394	1
5521624	5521623	1
6219276	6219275	1
6394342	6354193	1
6821988	6821847	1
6924798	6924802	1
12523217	12529552	1
2639256	2639255	1
1242280	1242419	3
2599363	2599364	1
9536031	9536032	1
11503953	11503954	1
9841971	9840747	2
1527751	1526920	1
9600365	9600366	2
5765809	5765810	2
3198942	3199217	1
11185548	11185529	1
6090606	6090603	2
1852235	1857028	1
10498945	10504162	1
9430802	9430801	1
1030092	1030091	1
8766311	8766312	1
11813518	11797806	1
1074123	1074115	2
1165910	1166190	1
8074825	8074826	1
6915862	6915859	2
110428	110425	1
6715638	6715637	1
6727889	9824137	1
7560234	7557629	1
5666538	5664753	1
1559787	1559780	1
5878082	5878081	1
8579256	8579300	1
2022010	2022009	1
554457	553773	1
1066142	1066156	2
10825546	10825545	1
2555390	2555399	1
12141492	12139314	1
3684833	3684844	1
12814722	12814716	2
1231831	1120609	1
7054768	7052548	1
2494131	2494132	1
6901994	6901993	1
3499107	3499108	1
745515	745516	1
8370541	8370542	1
3308467	3308324	1
1762316	1762315	1
7836435	7836606	1
1108114	8378110	1
11115024	11114830	2
12649386	12659153	1
1542719	1542720	1
7832667	11000273	1
678111	678114	1
2182344	2182343	1
11557392	11557391	1
3242653	3242654	1
8331169	8331170	1
4594437	4594150	1
8001433	8001434	1
8495786	8495785	2
9166609	9166455	1
970993	970975	1
7408715	7408716	1
11266453	11266454	1
3478431	3477762	2
4014910	4014736	1
9484344	9484310	1
2233211	2233212	1
5717667	5739111	1
555558	555557	1
6439044	6439043	1
391041	391089	1
7779609	7779530	1
1693717	1693718	1
11171826	11171825	1
1297276	1297271	1
12509772	12509771	1
10778628	10777591	2
8817413	8817497	1
3699724	7916394	1
7244012	7244011	2
12478292	12478291	1
8443176	8443175	1
9619675	9632691	1
8282066	8282065	1
8072042	8071958	1
2352897	2352898	1
5225551	5225552	1
6720943	6720944	2
11680398	11678916	1
1942959	1942960	1
7185808	7185807	1
133315	12155136	1
2346155	2346156	1
1762652	1762561	1
3822533	3822534	1
8183943	8454262	1
9335807	9335808	1
10090426	10090425	1
2809040	2809064	1
9600616	9604707	1
4338344	4338343	2
10257773	11407380	1
5484766	5484787	1
1594630	1594463	1
7094072	7094071	1
657745	657886	1
7659610	7659251	1
2935507	2938533	1
828588	828608	1
8472159	8474397	1
10711959	10711960	1
7262710	7262709	2
4477284	4477283	2
4448535	4454619	1
1620790	1620744	1
3388855	3388878	1
8922055	284856	2
8869330	8869329	1
2897415	2897553	1
3160514	3166809	1
7862965	7863046	1
10871624	10904191	1
944776	944775	2
10498893	10498894	1
4611132	4616042	1
2700255	2700218	1
7461305	7461306	1
11665222	11665221	1
778358	778357	1
11268239	11268244	1
7207099	7207477	2
2434428	2434427	1
104608	104528	1
9452799	9453107	1
3341600	120183	1
9191498	9191497	2
6730532	6730531	1
4019463	4019464	2
6142210	6142209	1
9908113	9908116	1
9576966	9576965	1
10533473	10533476	1
2827004	2826296	1
9920431	9921116	2
6232764	6232743	1
11862955	11862992	1
11707443	11710506	1
1714181	1714188	1
8341005	8355648	1
2014963	2018601	1
2366105	2095583	1
6659208	6651197	1
11019501	11019502	1
6527185	6528031	1
7580801	7580804	1
7864455	7864692	1
11169987	11177298	1
10737677	11310558	2
4655437	4606924	1
10897425	10896560	1
6146238	6046976	1
1455395	1455396	1
395556	396391	2
6502273	9823362	1
9508483	9508465	1
3706758	3706757	2
2271708	2274857	1
12205108	12201844	1
6874602	6874601	2
11920653	11920655	1
1259520	1259546	1
10492041	10492042	2
5626577	5626578	1
4359737	4359126	1
7335591	7335592	1
137610	137609	1
6655297	6651799	1
8423323	8423324	1
307901	447651	1
6935126	6935130	2
3052800	3092533	1
308295	443183	1
583675	583678	1
10399515	10399518	1
11579778	11579777	1
8826696	8826695	1
5580333	5580334	1
2409207	2409208	1
4347138	4347137	1
10152430	9927032	1
12485503	12485504	1
10746495	10746483	1
6943050	6943049	1
6808611	6808612	1
6562239	6561532	1
10168670	3387293	1
10356738	10357086	1
1535353	1535354	1
10051944	10051303	1
3245154	3245153	1
9160854	9160853	2
3974240	3974239	1
7941833	7941834	2
6123423	6123426	1
6280935	6281656	1
3380128	3379977	1
2980694	2982955	1
1436662	1436661	1
2767586	2767585	1
10230470	6730732	1
2851201	2851202	1
7904609	7904610	1
1457766	1457765	2
8530555	8530556	1
5328956	5329417	1
3067923	3067924	2
354332	354331	2
11513811	11513814	2
2456378	2457685	1
6207826	6207825	1
2889331	2889381	1
2756787	2756855	1
9435944	9435748	1
6584627	6586313	1
5728498	5728487	2
1624151	1624152	1
8600061	8600064	1
1367765	1367766	1
10287291	10286981	1
7815758	7815757	1
11027751	11027484	1
2690897	2690898	1
1269174	1269520	1
7669128	7669127	1
6048068	651459	1
6556790	6556787	1
11545350	11545349	1
7908261	7908262	1
3321062	3321061	2
5048734	5048733	1
10970024	10969991	1
1013881	1016240	1
4260538	4260537	1
11109896	11109895	1
2529766	2529765	1
4530595	4530596	1
7446243	7446244	1
8389794	8389793	1
11353734	11353733	2
43303	43220	1
3688560	3688559	1
9308897	9258487	2
929759	929760	1
8556287	8556288	2
8495784	8234550	2
5377332	5377331	2
8842855	8842856	1
5451468	5451235	1
2740111	2740112	1
3088610	3088609	1
9422430	9422429	1
10513381	10749737	1
7950805	7950840	1
7831799	7831498	2
8905157	8905297	1
1928774	1928769	2
134208	133926	1
9620091	9620092	1
9296309	9295859	1
1167949	1167996	1
11767144	11703875	2
9108902	9108918	1
6977875	6980836	1
658225	658226	1
6915822	6915821	1
8223979	8223980	1
12247765	12248418	1
4322913	4322911	1
12268984	12268983	1
1229828	1158991	2
4685139	4685142	1
7701885	7701886	1
3104584	3104583	1
282626	282623	1
353323	3249656	1
3776685	3776686	1
3599135	3599136	1
764439	2492778	1
3321643	3322971	1
11953219	7829964	1
10717005	10717006	2
2948922	2948921	1
11643737	11643641	1
3884469	3883194	1
2245825	2245826	1
7532631	7532634	1
11711631	11711632	1
3389246	3389236	2
4821689	4821643	1
9357141	9579606	1
6015057	6038323	2
12559446	12559431	2
3694608	3694607	1
3439407	3618604	1
6788869	6785111	1
3503831	3503827	1
992594	992593	1
7420895	7421002	1
11010721	11010638	1
2665800	2665799	1
7041738	7041735	2
3395308	3395334	2
1201485	1201488	1
3868529	3868530	1
10413425	10416871	1
3886398	3886397	1
3671689	3671865	1
479108	846289	1
10443170	10443559	1
10208345	10207716	1
4030687	4030688	2
2207847	2207848	1
3259604	3261030	1
11103064	11103013	1
9092281	9092282	1
8300946	8300945	1
797370	804953	1
11040969	11041322	1
3212835	3212836	1
5549064	5549063	1
9780868	9780839	2
5275636	5273393	1
4355554	4354839	1
1965032	1965031	1
10483718	10483717	1
3590932	3590931	1
7239145	7241019	1
2773764	2773761	1
6851935	6851936	1
9256432	9256517	1
10799505	10799506	1
285771	290367	1
9862379	9862380	1
10140787	10142828	1
11595909	11595910	1
1515961	1509623	1
7535273	7535276	1
7865107	7865108	2
6830039	6830042	2
7799684	7799138	3
7563842	7565283	1
791727	791728	1
1129368	1128284	1
10875918	10875917	1
7261698	7261697	1
12515100	12515099	1
574112	569033	1
6034230	6034229	1
4684045	4591176	1
5639941	5639942	1
8332636	8332829	1
10871114	10871113	1
6299896	6299885	1
7438161	3183423	1
4688598	4688362	1
2904363	2904366	1
12458645	12458749	1
516714	516544	1
10177467	10177452	1
7456095	7456096	1
3045611	3165960	1
2889288	2889287	1
4118674	4118671	1
7937803	7937804	2
7708683	7708684	1
2658458	2658457	1
10983929	10983930	2
1105457	1105442	1
3885440	3885439	1
10169574	10169573	1
8921977	8921978	1
3652006	3652001	1
17476	17473	1
6996438	6996437	1
12300431	12300141	1
1430966	1430963	1
498949	498954	1
10909385	10909356	2
5830128	5830127	1
7593735	7593958	1
2663364	2663361	1
1160847	959117	2
4528085	4528086	1
4623805	4623826	2
3391046	3283190	1
5123396	5123395	1
11016338	11016414	2
6870534	6870393	1
12472646	12472645	3
10208650	10209916	1
10560268	10560328	1
9230311	9230312	1
337749	337750	1
2921522	2921503	1
8962522	8962521	1
8208245	8208246	1
2017727	2017728	1
10683521	10683544	1
5543293	5543294	1
45979	45751	1
7022658	7022678	1
3795921	4275330	1
7752681	7752682	1
4034947	4034948	1
2262801	2262813	1
4999156	4999155	1
6941973	6941974	1
9134672	9134661	1
5547028	5530332	1
10923886	10920196	2
3055340	3055308	1
9590441	9590674	1
9230104	9229501	1
384597	384598	3
7952651	7952652	1
2818291	2818294	2
10265942	4533823	2
324123	328563	1
6463100	6463097	1
10090485	10090513	1
3828595	6427668	1
333879	333880	1
2036191	2036192	1
4626693	4626694	1
5431037	5431034	1
7950933	7950934	1
6185364	6185363	1
1328769	1328770	1
7001391	6999676	1
3960683	3963115	2
12295235	2771997	1
8919283	8919285	1
11401048	11404320	1
9109791	9109792	1
5224552	5224551	1
11099217	11099222	1
3982620	3982579	1
5194165	5193974	1
4521433	4519318	1
6769373	6769374	1
10652784	10652915	1
11679773	11678008	2
9241163	9241164	2
3264028	3264052	1
1587056	1587055	1
12458543	12458546	1
3737744	3737741	1
5567659	5568673	1
7778182	7778181	1
5975098	5641037	1
3701283	3701284	2
7116171	7116172	1
9867545	9867543	1
10561847	10561848	2
1561986	1566448	1
1234465	1234467	1
8679155	8679156	1
10690454	10690688	2
4764364	4764363	1
12426098	12436410	1
6373049	6378893	2
6090110	6090109	1
4584995	4584637	1
1700447	1700502	1
11913425	11902685	1
10531347	10531348	2
4387267	4387268	1
2172330	2172324	1
8149811	8149812	1
11463867	11464508	2
6367270	6367264	1
8964597	8964598	2
4796242	4717364	1
9374172	9371931	1
1697761	1787399	1
2569144	2569143	2
2771761	2771762	3
4867572	4867432	1
7735419	7735420	1
8682843	8682847	1
11218558	11218557	1
1610701	1607712	1
9521187	9530526	1
5495950	5496151	1
11548639	11548788	1
3903610	3903609	1
4177187	4177188	1
10748498	10748046	1
4310793	4310794	1
7041299	7041547	1
10334547	10334395	2
10379924	10379923	1
5612068	5612067	2
6555591	6555592	2
7378293	7346575	1
1543396	1543395	1
1095929	1095930	1
6380632	6380667	2
7125785	7125786	1
7670765	7670733	1
4269148	4269569	1
7963194	7962530	2
7581315	7581241	2
3668454	3668453	1
5379404	5379403	1
7719385	7719380	1
2641115	2641116	1
11333867	11345217	1
3776689	3776690	3
8562362	8562361	2
9443689	9443690	1
1917981	1917982	1
78719	78720	1
3911220	3911266	1
3507879	3507905	1
1004007	1004008	1
6580555	11529984	2
7199696	7199685	1
10197492	10197491	1
1520593	1520594	1
4249479	4251622	1
6296699	6296700	1
2713893	2710804	1
11668158	11668157	1
8009276	8009275	2
3994576	3994906	1
3130227	3130247	1
11002889	11002890	1
3091683	3091684	1
331684	331683	2
7428144	3155511	1
8663343	8903932	1
10439173	10439174	1
11504998	11504997	1
2773174	2773173	1
8060752	8060751	1
6219112	6219078	2
11525613	11526636	1
10319579	10319580	1
9119278	9119002	1
5837797	5837798	1
1767020	1767000	1
1202325	1202326	1
2076378	2102168	1
9983027	9982945	1
8666025	8666026	1
473344	473343	1
4152427	4152428	1
9585440	9585439	1
880828	7214788	2
10545117	10545118	1
1568095	1510481	1
4345002	4345001	2
8680445	8680446	1
807645	807437	1
11784133	11784134	1
1443202	1671018	2
4581157	4577701	2
3602197	3602198	1
8499421	8499422	1
3766530	3773078	3
4860631	4860558	2
3153839	3153840	3
7808106	7808105	1
7935601	7935602	1
3974572	3974569	1
6285109	6463061	1
10255257	10249566	2
9768193	9768194	1
7769935	7809597	1
1697439	1697440	1
1150301	1151319	1
7820386	7821026	2
3922190	3922366	1
2230678	2230677	1
3820573	2770967	1
4236635	4236636	1
10378502	10378501	1
7124803	7124804	2
8299565	8513741	1
4521420	4521419	1
11941341	11941342	1
9116466	9116414	1
2787681	2785578	1
3191079	3191080	1
10652404	10652464	1
4454519	4454520	2
5520728	5520727	1
5972827	5972828	1
11056257	11057213	1
8165139	8165140	1
12466759	12466775	1
1712114	1712111	2
1443745	1443746	1
5952760	5952840	1
12227192	12227191	1
5579226	5579225	1
9817875	9819773	1
6608866	6608865	1
4278263	4279706	1
6976788	6976787	1
10463923	10463769	1
11728281	11728186	1
6430944	4473720	1
12384608	12384643	1
2163457	2157309	1
155619	154022	1
12764039	3247081	3
7649389	7748207	1
3948569	3948570	1
1533541	1533600	1
749168	749167	1
6607308	6373229	1
10731340	10731337	1
1530594	1540366	2
2697678	2697676	1
2059420	2059419	1
5638554	5638549	1
3754913	2850780	2
9759736	9759338	1
10330092	10330059	1
2783959	2784312	1
6123416	6123415	1
12431266	12431265	1
10151810	10151809	2
11627223	11627285	1
6305567	6305568	3
3195594	3195593	1
7136254	7135580	1
7422880	7422869	1
2176752	2176352	1
1426250	1426247	1
8305064	8169867	1
3506927	3506928	1
1790246	1790245	3
2542259	2542260	2
1935178	1935172	1
3923756	3923753	1
3751898	3750932	1
2214704	2213031	1
2952559	2952560	1
3659314	3659313	1
4752147	4751855	1
10440929	10440930	1
2342088	2342083	1
9753544	9753543	4
1429573	1429578	1
6230462	6217770	1
9160178	9054981	1
7869777	7869778	1
11814561	11814562	1
11567280	11557448	1
2645281	2645044	1
10480833	10480834	1
10151641	10151642	1
1081639	1081640	1
4086234	4086233	1
4094838	4094945	1
6186108	6186106	1
10002231	6638346	1
7475087	2032835	1
6140394	6140393	1
7887713	7887714	1
2728657	2728658	1
12458856	12458855	2
11169793	11169794	1
1874361	1874362	2
11021921	11021922	1
466553	466981	1
7262605	7262606	1
2520528	2520527	1
5231456	5250134	1
7115463	7115464	3
6006752	6005969	1
8495786	8234550	1
3828951	3828952	1
8414282	8414279	1
442013	442014	1
8859862	8859861	2
10728911	10728912	1
42323	43241	1
1548914	1548913	1
9273953	9273956	1
10160159	10160160	3
7595054	7595053	1
11673517	11673518	1
10400298	10400229	2
5452987	5452988	1
1132431	1132392	1
10337169	10338084	1
1980151	1979930	1
5275867	5275903	2
10910079	10910147	1
7973658	7973634	2
11961289	12236977	1
4004254	4003963	3
1699511	8611413	1
3499341	3499342	3
11053133	11053134	1
10260013	5244129	1
6951227	6951162	1
8208289	8208379	1
7510461	7508824	1
1970978	2010159	2
10250051	10250052	1
8490817	8490755	1
12461941	12461942	1
452734	452680	1
5593240	5593239	2
823240	823243	1
3371945	3371946	1
12356256	12356255	1
11351752	11351732	2
7806271	7808239	2
1063154	1062275	1
9002231	9001893	1
8084030	8084033	1
6383047	6383048	1
885046	885045	1
4211478	4211477	1
11992691	11992692	2
178579	178580	1
1055406	1055417	1
10903275	10902781	2
7287737	7287707	1
8740994	8991431	1
3184058	3184061	1
11699258	11699255	2
584638	584635	1
4734572	4734570	3
56519	56522	1
3037187	3037188	1
6410345	6411154	1
393556	392659	1
4397345	4472050	1
11395056	11395055	1
6517162	7775635	1
10747043	10738843	1
4248731	4249003	1
6016161	6016375	2
2308633	2308636	1
10967259	10960484	1
11188252	11188251	1
8273119	8273120	1
10373670	10373667	1
1418086	1413439	1
11161476	11072205	1
8241229	8241230	2
9084086	9084103	2
632801	632804	1
11962457	11962458	1
114238	114237	1
3087262	3087261	1
9088615	9088600	1
4954136	4954135	1
6514788	6514508	1
4206162	4206161	1
4836483	4836484	1
1832134	1091163	1
12188649	12188650	2
4608792	4608812	1
2585893	2585894	1
5896993	5897040	1
6035135	6035136	1
1107147	1107148	3
12161798	136167	2
7687126	7687125	1
11334766	11334765	1
7652000	7651997	1
10185423	10185424	2
1402296	1402312	2
12151170	12151167	2
3116947	3116948	1
540937	532141	1
809647	809641	1
5006464	5006463	1
10882276	10882250	1
11319456	11319459	1
1086953	1086942	1
161826	161825	1
12423555	12423556	1
8422724	8422723	2
1631191	1630049	1
3407150	3404493	2
2785287	2785288	2
3196685	3196686	1
279490	279489	1
5483737	5483738	1
1956113	1956114	2
9169240	9169239	1
3095976	3095371	1
11360892	11360918	1
7403603	7403604	1
5095022	5095000	1
5274791	5439053	1
7821313	7821094	1
418452	418449	1
9042449	9042450	1
8723889	8723890	1
10031573	10031615	2
440308	440307	1
43728	43727	1
3403916	3404029	1
6433474	6433734	1
4327592	4327591	1
8256003	8256179	1
7102	14174	1
10497793	10497794	1
11910739	11910852	1
5045723	5045726	1
7072646	7072653	1
9337178	9337730	1
7219055	7214775	1
5470218	8623075	1
7612422	7612419	1
3109370	3109369	4
8421174	8421173	1
3564494	3564497	1
5721889	5721890	2
6767508	6766235	4
10493700	8017134	1
12715042	12715041	1
6631182	6632032	1
3315870	3315909	1
1836104	1836103	2
10590334	10590333	1
3059387	856587	1
1652228	1652227	2
10230333	9826763	1
8642302	8642301	2
8751547	8752085	1
9470425	9480960	1
11763672	11762667	1
7430517	7430518	2
11777152	11780460	1
102785	102786	1
4037816	4037815	2
8447129	8446856	3
1964135	1869475	1
7939107	3495270	1
6713550	9395572	1
7509025	7509028	1
4590695	4590696	1
10716775	10716776	1
5421326	5421757	1
5370781	5370784	2
7447031	7447032	2
11454401	11454529	1
373770	373741	1
2780712	2773658	1
10977703	11199129	1
9061593	9061640	1
3101580	3101579	1
11861964	11861976	1
4729447	4467123	1
1515796	1515800	1
3309446	3309443	1
8753184	8823429	1
109535	109757	1
9468035	9466489	1
4525164	4525163	2
6103849	6103850	2
9906268	9906256	1
2910534	2910533	1
7908527	7908528	1
7009000	7006250	1
7966119	7966342	1
7470362	7470361	1
10895759	10895199	1
10993464	11172784	1
10241156	10241155	1
10939527	10939528	2
2802921	2803086	1
12315952	12317323	2
196422	196421	1
5604091	5602879	1
1735357	1735358	1
8169340	8169183	1
9711367	9711114	1
7605737	7605738	1
3546339	3545274	1
2233588	2233587	1
3249763	3249745	1
5362192	5362191	1
5559093	5559094	3
6991356	6991587	1
12786292	12786291	2
2237936	849920	1
12260805	12035669	1
1956298	1971276	1
2683092	11295790	1
9575344	9579986	1
11319053	11319054	1
1709512	1498010	1
6599399	6599400	1
6283069	6287061	1
2278388	2278387	3
4185218	4185217	3
5048212	5047095	1
10983543	10983544	1
1371542	1372829	1
2522256	2522142	1
5973074	5973073	1
1697146	1697145	1
5707407	875014	1
11315383	11315384	1
3950118	3950095	1
7342654	7339360	1
1532629	1532630	1
10836509	10836510	1
2680224	2680221	1
1543472	1543489	2
10273848	10273847	1
7200063	7200010	1
4678835	4678582	2
7343802	7343801	1
4076340	4074104	1
6011874	6011873	1
3767083	3767084	1
6117867	6117773	1
6084673	6084674	2
9352588	9352670	1
2789068	2789067	1
2541962	2541961	2
1929255	1929256	1
8711993	8706331	1
3786297	3786298	2
826026	826025	2
5997849	5997850	1
8557192	8557189	1
10476658	10476543	1
10447529	10447530	1
8711991	8711992	1
9871851	9871863	1
7736459	7736462	1
2495847	2495850	1
8174760	8174757	1
6497826	6497828	1
12031042	5765292	2
12378213	12378214	2
8433754	8163660	1
3320773	3320774	1
5677159	5677160	1
11092592	11092625	1
2639258	2639257	2
3549589	3549553	1
6134639	6134640	2
2029356	2029353	1
8490341	8570116	1
623455	624684	1
6127323	6127324	1
1869969	1869970	1
9069274	9069273	1
2308792	2308791	1
11381813	11381828	1
10810799	10810585	2
6224585	6224586	1
9893518	9893321	1
9710160	9710258	2
5098579	5099509	1
10308728	10308723	1
6513264	6513263	2
3642667	3642737	1
10705186	11286945	1
10534841	10534842	2
5499555	5499556	2
4291507	4291543	1
3784716	3784787	1
3123667	11033403	1
945906	761140	1
964011	4133720	2
8212617	8214089	1
9729545	9724727	1
6760926	6692020	1
10760434	10760619	1
12689945	12691565	1
2679354	2679351	1
12346765	12344246	2
1760993	1760996	1
1500784	1500783	1
7430363	7428996	1
5854175	5854176	1
2293171	2293172	1
840349	840350	1
8600001	8600002	1
1357886	1357908	1
6883805	6883806	1
8560759	8560760	2
7941664	7941688	1
12768757	12768758	1
10449452	10449451	2
4677453	4678450	1
7433702	7433701	2
3768562	3768547	1
6342319	6342320	1
6653502	6653501	2
8273579	8273580	1
2271541	2271552	1
1683405	1683483	1
5107009	5107019	1
11787129	11907366	1
8235738	8237543	2
1123728	1123727	1
7796592	7788337	1
11305369	11305370	1
1587988	1521391	1
2873716	2901474	2
6059265	6059373	1
8726636	8726635	1
3485423	3485424	1
10941625	11199139	2
1029429	1029430	1
6310696	6310376	1
4299520	4299519	2
1748433	1748434	1
1390106	1390105	3
6953343	6953716	1
492632	492668	1
6768603	6768884	1
7296494	7298695	1
278302	10912786	1
4135092	4135091	1
3525282	3525281	4
3991095	3991096	1
651427	651428	2
8988896	8989057	1
300467	300468	1
12209406	12295887	1
2780962	2780961	1
7688855	7688926	1
7117760	7117776	1
10811253	10811254	1
7636436	7636435	1
7119332	7119331	2
9174841	9174829	1
11245244	11245243	1
6238122	6238121	1
2027005	2027006	1
245047	129795	1
7945265	7945266	1
1846132	1846131	1
6202032	6200739	3
10216512	10216511	1
4415189	4414590	1
5160802	5160790	1
8993727	8989857	1
9958618	9958615	1
9060075	9060077	1
9448085	9448697	1
8503370	8503369	1
7296484	7296473	1
5234846	5234845	1
1097485	1094866	1
5694413	5694414	1
3293343	3293357	1
2501139	2501140	1
2616385	2538035	1
2279297	2279298	2
10167834	10167659	1
1706858	1706857	1
11027771	11027772	1
9427116	9427115	1
1548631	1548632	1
68483	619847	1
4529665	11397176	2
8526777	8526772	3
3370259	3370260	1
1398631	1398632	1
12450838	12450837	1
8558969	8581792	1
3997163	5280946	1
236504	236617	1
12154694	12155479	1
8294444	8294443	1
7425450	10239825	1
10574396	10574393	1
11491743	7527827	2
7061521	11378887	1
6532175	6532176	1
6125659	6125660	1
5688608	5688607	2
11521398	11521397	1
9176441	9176424	2
5273021	5273022	1
1025456	1186409	2
12440953	12440956	2
1848785	1848786	2
3912993	3913009	1
5527688	5527465	1
12331815	12331816	2
6301556	6301553	1
4064801	4064802	2
534431	534432	1
6408965	6408966	1
5857307	5857661	1
12432539	12432540	3
10251389	10251392	2
12487970	12487969	3
3280412	3280409	2
8707512	8707511	1
8452601	8452602	1
4268551	4268231	1
10613651	10506899	1
8958682	8964596	2
6053004	6053003	2
7995056	7980711	1
12239545	12239546	1
10288446	10288445	1
10133321	10133332	1
11826800	11826799	1
10523776	10528052	1
3656480	3656442	1
9803880	6966182	1
11605851	11605852	1
2095668	2095667	1
11655366	11480693	1
3861843	3826024	2
11929707	11929708	1
4386315	4380777	1
9278350	9278282	1
2935074	2725274	1
6105584	5782828	1
5483784	5483720	1
10100451	10081986	1
2092688	2092687	1
3993091	3991604	1
1284316	1460609	1
12762667	12762690	1
5478773	5478774	1
4130953	4130954	1
11989993	11989832	2
9353220	9353073	1
8018457	8018458	1
12372464	12372487	1
610799	610800	1
10925838	10925837	1
7542281	7542160	1
3701827	3701830	1
655168	654710	1
1269830	1269829	1
3624277	3624278	1
7124045	7124039	1
7141229	7141230	1
4752575	9831139	1
3684336	3684335	1
1680639	1681683	1
11990165	11990166	1
6314056	6314055	1
6188774	6188739	1
11035534	11034862	2
2621163	2621164	1
9875179	9875180	1
4046248	4046279	1
6160437	6159290	1
10478686	10478788	2
8109599	8109600	1
10102955	10102956	1
59147	68225	1
5236456	5236431	1
11871788	11871226	1
10308479	10308480	1
2704453	11294213	1
1720257	1720258	1
1890083	1900336	1
8984552	8984551	1
4598382	4598428	1
9294377	9294378	1
4821319	4821320	3
1382891	1382892	1
10839616	10850033	1
1931089	1931090	1
5936975	5937777	1
10029326	10029325	1
2816931	2816067	2
12574256	12574255	1
8280161	8280158	2
7436183	7436191	1
10926741	10926834	1
48015	48037	1
11623304	11623303	2
11522220	11522219	1
6634754	6634775	1
11932380	5393577	1
7564783	7716859	1
8252440	8252425	1
7919368	7919367	3
10894095	10894091	3
5938345	5936379	1
131051	131089	1
8288406	8278010	2
407717	407720	1
7195906	7195905	1
4865517	4865466	1
2766873	2766774	3
11200097	11200098	1
7778883	7779118	1
9576964	9576961	1
5580331	5580332	1
7313339	7278483	1
4279773	5582179	1
7009617	7009618	1
10550296	10551079	1
3534052	3534051	1
11388787	11388788	1
4195159	4195142	1
9104860	9105971	1
8838137	8838138	1
2538121	2538124	1
10603974	10603973	1
5941387	5941388	1
105476	105515	1
6127514	6127738	1
11640166	11640165	1
3656488	3656466	1
10969212	10969211	2
593616	593615	1
4610182	4610181	1
4651284	4651309	1
7425452	7425451	1
4690188	4690187	1
7800674	7800750	1
3267878	3267877	1
10109646	10109552	2
1092483	1092484	1
763155	2557333	1
435891	435701	1
4107568	11856695	1
3354996	8020080	1
577805	577806	1
5042547	5042548	1
3506433	3506434	1
7781627	399345	1
3521336	3521335	1
4405056	4405045	1
912970	922866	1
8161792	8161789	1
1861434	1861433	3
9315251	9315252	2
11781682	11782056	1
1244187	1026251	1
7829901	7829902	1
56489	68121	1
11088298	8405188	2
10663894	10663897	2
12164372	12165626	2
4709510	4710490	1
7259176	4698332	1
7510623	7512049	1
7184038	7184037	1
8965650	5971379	2
763000	914094	1
6445955	6443381	1
6179471	6179475	1
6481510	6481625	2
814982	814927	1
9268232	9268407	1
3328123	3328124	1
6966469	6966470	1
6762275	6762276	1
4000422	4000425	1
1288930	1288929	1
1674697	1674698	2
3978046	3978083	1
980722	984341	1
3293722	3293721	2
4340452	4340451	1
10194042	10193830	1
12665892	12665891	1
11120763	11120729	2
10458109	7580757	1
8477237	8477238	1
1544499	1544500	2
5323995	5323996	1
5539588	5538206	1
6102446	6102445	1
9962325	9962326	1
1431029	1431032	1
4677287	4677288	1
5500712	5498273	1
8832992	8832991	1
8452628	8452572	1
1438742	1438722	1
9344847	9344848	1
11296812	7398610	1
1227105	1227106	1
1029816	1029815	1
7162295	7162296	2
7625718	7625717	1
5199702	5199701	1
2901142	2901138	1
2197181	2197182	1
7446969	7446990	1
11689795	11690013	1
8905155	8905156	1
6402209	6402211	1
8809879	8810150	1
3606429	3606430	1
2887301	2886507	1
4865609	4865471	1
10718420	10718419	1
6714792	6715055	1
11151076	11151019	1
3308743	10295688	1
3522892	3523346	2
4581877	4581879	1
9582658	9582657	1
10444623	10444689	1
3968562	3949824	1
3098360	3098333	2
4986520	4986519	1
1163415	1163416	1
10921515	10921895	1
8816838	8816204	2
7915280	3013870	1
6128546	6128758	1
10519580	10519695	2
11312290	11311021	1
5729716	5729715	1
4260138	4260137	1
3268068	3268067	1
3880513	6568650	1
464962	464959	2
10118410	10118407	1
12652143	12637709	1
1544501	1544502	1
11604962	11604972	1
8251623	8251624	1
9857332	9857331	1
2878140	2878139	1
10864431	10864432	1
5531625	5536281	1
7739419	7739420	1
7793983	7793984	1
9569785	9569786	1
8002848	8002789	1
4283597	4283598	1
681707	684243	1
7743753	7743754	2
8017147	8017148	1
5330566	5330572	1
8375192	8375191	2
345828	448399	1
4850335	4850336	1
3907530	3907527	1
425818	425817	2
5971590	5971565	1
1077933	1077934	3
3869473	3869478	1
12558464	12558604	1
8695014	8695013	1
1153371	1153372	1
12024772	12003980	2
3801593	3802299	3
6040052	6040051	1
11744975	11744920	1
5990176	5990175	1
9548401	9548402	2
11864530	11864529	1
872911	288456	1
12302599	12302587	1
11594133	11594134	1
2363843	2363844	1
6937431	6937432	1
3340514	3237538	1
4458308	4458526	1
2104284	2104447	1
6410271	6410272	2
7801538	7795673	1
7004833	7004834	1
11827204	11939745	1
3284518	3284517	2
4368622	4560173	1
8877516	8876764	1
6083205	6083206	1
1210868	1210871	1
11854185	11854186	1
19176	19175	1
1651573	1651574	1
857443	494590	1
2427628	2427627	1
4197	5767	1
11666093	11666094	1
7940273	7940274	1
9708995	9537833	1
966593	966594	1
515032	515029	1
3321114	3321664	1
8555341	8555342	1
3185086	3185077	1
3547091	3546845	1
3701563	3701594	1
8130247	8130250	1
4957805	4958835	2
9506048	9504762	1
2315699	2315702	1
6942676	6942675	1
6587152	6588285	1
12669686	2967701	2
3282805	3284614	1
10920880	10920879	1
840377	837878	1
4286827	4286828	1
9341701	9341702	2
7667037	7664346	2
6294426	6253333	1
3215654	3213592	1
9942274	9942273	2
10209226	10209229	1
6122499	6121704	1
2675081	2675082	1
3902192	3896087	1
9008218	9008217	1
1406441	1407628	1
5582845	5583008	1
1963346	1963345	1
8444540	8444543	1
653354	653518	1
1155360	1155359	1
4385775	9235186	1
5166280	5165946	1
10888303	10888304	1
5917058	5917057	1
4133743	4133744	2
8728789	8728790	1
4020998	4022600	2
4708802	4708781	1
6545505	6545459	1
5060583	5060584	1
10894615	10893841	1
11907678	11879686	1
9197617	9197618	2
6761897	6761898	1
4035221	4035191	1
10731944	10731941	1
144915	146981	1
11267492	11267491	2
10609748	10607001	1
6322494	6322493	1
9641180	9641179	1
1053431	1053432	2
9513008	9513007	1
8016939	8016940	3
8032272	8032271	1
5913830	5914109	2
10860005	10860006	1
7251355	7251376	1
4842768	4842757	1
8080531	8080680	2
9832277	9830910	1
9509571	9509572	2
1756372	1756447	1
2410242	2410241	1
8821790	8821606	1
7580805	7580806	1
7994524	7994523	2
9128341	9128342	1
9029519	9029520	1
2296320	2296336	1
5628528	5628527	1
4808775	4808776	1
35979	35980	1
10475775	10475776	2
7993594	7993589	1
117909	117910	2
181341	181365	1
9619673	9619674	1
4436532	4436609	1
12197842	12197841	1
9488551	9488552	1
5372718	5372739	1
11806306	11806322	1
4772092	4771965	1
1766855	1766856	2
3244787	3244788	1
12167829	12170394	1
8032388	8031930	1
5925556	5925586	1
5959527	11622815	1
9004085	9004092	1
2865551	7123168	1
6416061	6415957	1
5530176	5530175	2
204922	204921	1
11816765	11816766	1
6408570	6408580	1
5470220	8623075	1
6615751	6376510	2
10118179	10012456	1
9637837	9637838	1
7774837	7775293	2
9849094	9849093	1
7446442	7446441	1
9896463	9992486	2
1277222	1278802	1
2887813	2887912	1
7446257	7446248	1
11312781	11312782	4
4771713	4771714	2
7663653	7663654	2
6452178	6452177	1
11159877	11159878	1
5995846	5995845	1
647856	4749351	1
1766313	1766314	1
3238589	3238590	1
10353479	10347430	1
9150641	9150642	1
10138488	10138490	2
400110	398892	1
6741478	6741477	1
6428473	6428474	1
10459652	10459734	1
5478754	5478753	1
3231188	3231187	2
10484838	10486176	1
9148293	3013002	1
619076	619075	1
1423530	1423529	1
5672968	5672967	3
9850898	9850897	1
1587630	1587629	1
12179428	12179371	2
8556065	8556066	1
4508972	4639030	1
6705155	6705070	1
4255518	4255515	1
9898054	10023018	1
8583187	8583188	1
1107151	1107152	1
3322754	3321889	1
4392714	4392713	1
6583172	6583171	1
8923393	8923514	2
3309441	3981307	1
12408711	12408651	1
459289	460146	1
5763064	5763063	1
156860	12368613	1
1955599	1955549	1
11376003	11376004	1
1550706	1458082	1
1713919	1460530	1
6623681	6623684	1
4657641	4727056	1
6208588	6208756	1
7845103	7845104	2
12280476	12303962	1
12656396	12656428	1
2454220	2454217	2
5569124	5568284	1
1097533	1097534	2
396774	389392	1
159418	159417	3
6968525	6968526	1
6568672	6569403	1
11454621	11445121	1
8661595	8661667	1
3995788	3995546	1
928269	928261	1
8654008	8653997	1
7016103	7016298	1
892713	892660	1
6345095	6345096	1
5878951	5878931	1
3160762	3160759	1
7505126	7505125	1
7215552	7215607	2
6715021	6714911	2
2435317	2435318	3
5381612	5381354	1
12183015	12183425	1
4275657	4275658	1
3977184	3977172	1
4553393	4553394	1
4304277	4304300	1
1905729	1887497	2
12242750	12022925	1
3825368	3825365	1
10744208	10744284	2
4080194	4080189	1
1491822	1491819	1
5501296	5501295	1
5612279	10361919	2
3369365	3369366	1
1665499	1665522	1
3507688	3507687	1
6169159	6169099	2
8329708	8329707	1
3867890	3867889	2
11679066	11679243	1
7833835	7833817	1
8765907	8763063	1
6383045	6383046	1
8652705	8651904	1
2254769	2254770	4
12200205	12284666	1
8440182	8422570	1
7023507	7023508	1
9259122	9259119	2
2484445	2484446	1
12810025	12810026	1
12808236	12808542	1
12658823	12658824	1
6906829	6906775	1
5152317	5152318	1
3016622	3048881	1
12437705	12437706	1
7864274	7864273	1
9296055	9296085	1
4256498	4256497	1
2189806	2189805	1
5552268	5552265	1
1933279	1933280	1
4249497	4249498	1
835534	834238	1
6754136	6755024	1
5916666	5916665	1
10471185	10471262	1
3353982	3353886	1
5261565	5261566	1
3513441	3513685	1
267954	267953	3
9169582	9122457	1
10248840	10248839	1
2193948	2180161	2
4139333	4148592	1
2165465	2165466	2
10899871	11848318	2
1831483	1831484	2
6720759	6720760	1
1943647	1943659	1
5214812	5215917	2
995342	995341	1
2261441	2261355	1
8381690	8381641	2
8482397	8482398	1
4366307	4366299	1
7449860	7449696	1
12244174	12244173	1
10762572	10762623	1
6639395	6639398	1
8017149	8017152	1
6791627	6791746	1
6210704	6210703	2
3338464	3340096	1
12753406	12753421	1
6182502	6124165	1
7736608	7736607	1
11578815	11578816	1
7389068	7389067	1
10841942	10841941	1
12124505	12124506	1
8584029	8584030	1
940510	940509	1
4064399	4064400	1
2735097	3881455	1
4140040	4140039	2
12184047	12184048	2
75308	339071	1
1700756	1700750	1
4188209	4187661	1
791192	788887	1
1788670	1788630	1
6625662	6625661	1
1321302	1321293	1
8659869	8659870	2
7238187	7238194	1
5240038	5240037	1
194109	394998	1
5520797	5520798	1
1313273	1313274	1
9600702	9600937	1
3032672	3032671	1
3280364	3280363	1
10497881	10497830	1
11547307	11547308	1
3742336	3739016	2
9619936	9619942	1
6163418	6163417	1
10054085	10054274	2
9944855	9944856	2
7700499	7700452	1
3234871	3234872	1
2133963	2513334	1
9852690	9852746	2
7648303	7648280	1
6513262	6513261	2
6163854	6163853	1
2006206	2006205	1
12232825	12232762	1
3358468	3358484	2
11732806	11732803	1
11869160	11869159	1
1076508	1076961	1
6743993	6743620	1
9574410	9571635	1
533087	533088	2
8974989	8974992	1
5484702	5484701	1
11385429	11385475	1
2842569	2842570	1
7198312	7198402	1
4199041	4199065	2
3939930	3939927	1
9110407	9110408	1
6243548	6243860	1
1598054	1482258	1
2705746	2705745	1
3277388	3277387	2
4904457	4904447	1
3275254	3278125	2
3029272	3029296	1
12205809	12205810	1
752133	752134	1
5382120	5382119	1
10143108	10143107	1
2394653	2394654	1
267337	267338	1
7958043	7958075	1
9055397	9174243	2
8707124	8707121	1
7614449	7614450	1
11263639	11262286	1
870455	870456	1
5271235	5271236	1
9357695	9357696	1
4687158	4686168	1
10357292	10357079	1
3206095	3206190	1
6953765	6953766	1
11147124	11147123	1
3542385	3542386	2
5566820	5566819	1
1184000	1183999	4
7142084	7142083	1
7823205	7823184	1
6325414	6325413	1
8920850	8920291	1
7004456	7004444	1
6772032	6772515	1
11360516	11360515	1
1663151	1663152	1
2776377	2776378	1
881515	881516	1
8328059	8328060	1
11069167	11069203	1
4614346	4472109	1
6835145	6835165	1
3755965	3755966	2
12172080	12171410	1
5442343	5442344	1
1745101	1745104	1
9317398	9317385	1
9475692	3910603	1
1233	1234	1
8570924	8570923	1
1051146	1051428	2
7672983	7672984	2
5902368	5902367	1
8478757	8478634	1
5711880	5711858	1
624069	620655	1
4230770	4230767	1
5394912	5391114	1
7096887	7096888	1
12047444	12047443	4
3403119	3403122	1
10856347	12776687	2
2595247	2595248	2
2510753	2510405	1
8820113	8820114	1
2665055	12048205	2
12774559	12767329	2
11610611	11610477	1
8528556	8529893	1
6146917	6155805	1
6702643	6702648	1
10151612	9921039	1
4460926	4423357	1
4454069	4454070	1
135384	135383	1
1033818	1033941	1
7830976	7830997	2
6128897	6128352	2
6254962	6254961	1
776981	776982	1
6466229	6466221	1
11933700	11933695	1
1187715	1188786	1
2918771	2918772	1
2437977	2437229	1
10048599	10048475	1
6740469	6740470	2
1692419	1692577	1
809322	809321	2
1400267	1400032	1
6419724	6424539	1
6876393	6876394	1
7455999	7456072	1
11824533	11822846	3
3943634	3942325	1
11709268	11709265	1
840034	840037	1
7191119	7191120	1
4607279	4502857	1
11712531	11712532	2
5977243	5977246	1
661413	661414	1
4990812	4990809	1
10074475	10074476	1
10987964	10987972	1
3051566	3051090	1
2937704	2937487	2
843676	843703	1
10988294	10988423	1
6282518	6282517	2
11733671	11733672	1
8490198	8489130	1
6224469	6224470	1
4999184	4999181	1
3878835	3878836	2
5425941	5425942	1
6801989	6801180	2
11411811	11411830	1
12757086	438496	1
12807207	12807405	2
4393965	4508799	2
789173	789263	1
10640799	10640898	1
5483786	5483714	1
5308031	5308034	1
1628968	1628967	1
12248339	12248340	1
480347	480104	2
8796392	8796391	2
9566065	9566076	1
8446209	8446214	1
12168256	12168248	1
6750883	6750834	1
7563914	7563911	1
2003360	2003359	1
2521005	669237	1
1527978	1120241	2
3541732	3541731	1
976864	976863	3
11363787	11363810	1
1315216	1315215	1
12439635	12428607	1
1995882	4520633	1
10864662	10864678	1
182298	182297	2
5764641	5765257	1
891164	891991	1
6780071	6780072	2
1429854	1429853	1
11739281	11732481	1
8243637	8243638	1
11918997	11816826	1
2066824	2064854	1
6028931	6898309	1
6154006	6165755	1
4923779	4920421	1
12501372	12501371	1
1003363	1003364	1
5897472	5897471	1
124381	124382	1
7403645	7403646	1
2021030	2021044	1
8720877	8720878	1
8262449	8262450	2
8242528	8242527	1
541647	541648	1
6755605	6755606	1
11052240	11052239	1
6918450	6916752	2
8897790	8897789	1
2295297	2124868	1
3574386	3574404	1
6611598	6611595	1
11844155	11844156	3
6071393	6071394	1
7288973	7288986	2
340845	340846	1
4777975	4777976	1
12048366	12048371	1
7678348	7678347	1
348176	348175	1
7948356	7952733	1
4948636	4948705	1
99441	99258	2
3265655	3265057	1
2706993	2706994	1
10841700	10841697	1
9713109	9712902	1
5531812	5531758	1
6005542	6005539	3
6469979	6469980	1
1108171	1108172	1
7425409	7423768	2
4434113	4434114	1
10705290	10705289	1
8514692	8514689	1
1645356	1645355	1
11753831	11753832	1
4336999	4337031	1
12487558	12487557	1
3312224	3312223	1
11697737	4305043	1
7990961	7990962	1
5251716	5251715	1
6437781	4298427	2
7783565	7783566	1
10434206	10434138	1
10634921	10634922	2
3948364	7939558	1
4142544	4142543	2
310166	454237	2
11932113	11932114	1
12363636	12368975	1
10399564	10399563	2
7305	7335	1
12779631	12779632	1
4333285	4332975	1
169311	169314	1
2700549	2681977	1
8515063	8515064	1
9454623	9454614	1
1472590	1472589	1
3079779	3079780	2
7637468	7637467	1
326526	322026	2
12118342	12118341	1
11646364	11647403	1
6541531	6543381	1
12573064	12573063	2
1296862	1296861	1
8409341	8410577	1
7909115	7909116	1
1122688	1122687	2
6297505	6273655	1
11201598	11201729	1
1433838	1434774	1
10271818	10271807	1
4324251	4324273	1
6921211	6921802	2
9517241	9517253	1
5094475	5094959	1
10964841	10962867	1
7317637	7317638	1
11765005	11783117	1
11872810	11872809	1
11920199	11920200	1
11092852	11097229	1
4033391	4033392	1
4046423	4046242	1
978851	978852	1
9803409	9802706	1
4714905	4714906	1
941553	941547	1
11409400	11409774	1
11429568	11429567	2
11868548	11827551	1
9827138	11914795	2
6015102	6015101	1
4502149	4502150	1
3961710	3961707	1
3191077	2926141	1
10045644	10045643	1
5474310	5474405	1
11963083	11963084	1
3324349	3324037	1
5957143	5957144	1
4359737	4359738	3
263158	263157	1
2818852	2818960	1
10253799	10253800	2
9521081	9521082	2
10229653	10229654	1
2487250	2487249	1
6699450	6699447	1
6868975	6868991	1
2948924	2948923	1
2073215	2073216	1
3574653	3570021	1
1078898	1078916	2
3740066	3740062	1
2589359	2589360	2
6464092	6464069	2
2837629	2841281	1
12768149	12768150	1
2958619	3113168	1
3938475	3938476	1
11542130	11542124	1
8254675	8254676	1
1322502	1322501	1
7140998	7140997	2
10892618	10892621	1
2040605	2040606	1
9259906	9259895	1
4232262	4232265	1
11987971	11976300	1
2739261	2739262	1
3468859	3468860	1
2264382	2264381	1
10093834	10093833	1
915308	4978	1
6189172	6190931	1
11918749	6405294	1
5359874	5359873	1
9096341	9124005	2
1253814	1253813	3
11221357	11221156	3
12047446	12047445	4
6227504	6227688	2
6464094	6464093	2
514353	514354	1
489139	489140	1
1629979	1673123	1
8229001	8232554	1
4212104	4211361	1
6474286	6474285	1
11887532	11886479	1
1240220	1238657	1
9362155	9362138	1
10170357	10170358	1
4090118	4090408	1
5333269	5337980	1
1469410	1469409	1
9925754	9925753	1
3391906	3391905	2
8250529	8250530	1
1596846	1596845	1
1163082	1163022	1
8442020	8442013	1
311045	311048	1
5739199	5739200	1
1353317	1352873	1
8413014	8413013	1
11813647	11813630	1
3783372	3783371	1
11917246	11917455	1
7121521	7121522	3
768063	768351	1
10096271	10096278	1
1920845	1919967	1
5925619	5925620	2
7957358	7957355	1
7911942	7911941	2
3354652	3354585	1
5248284	5248283	1
3969449	8821293	2
7540126	7540125	1
12653164	12653163	1
6966128	6967240	1
6341063	6341070	1
12344122	12328064	1
10301323	10301197	2
1886721	1886722	1
3354855	3354856	1
11541305	11541284	1
7350517	7350024	1
3113847	3113848	1
3877546	10162780	2
5594679	5594680	1
10028416	10028265	1
7136652	7136651	1
5723718	5723717	1
12185341	12185342	1
7648081	7648082	1
2999719	2999722	2
1133653	1133654	1
11843963	8640068	1
10433706	10433705	2
11341312	11340939	1
11660821	11660826	1
7680554	7680553	2
3155885	3155886	1
11666310	3875155	1
6409163	4232559	1
267850	5442400	1
2795812	2730610	1
8089445	8089447	2
1315833	1287853	1
4806076	4804235	1
1039028	1039069	1
6308007	6308029	1
6067345	6067346	2
2394881	2394873	1
11517656	11517644	3
5537550	5537549	1
7680788	7680787	1
10192755	10192756	1
1154229	1154243	1
3423056	3423059	1
4033025	4033026	1
7964907	7964908	1
7736882	7736901	1
7099312	7099311	2
3668735	3668736	1
5715607	5715608	1
158956	158955	1
743886	743885	1
2835684	2666039	2
9532889	9798218	1
10022053	9998667	1
8842853	8842854	1
692651	692652	1
1550622	1550626	1
8946967	8946968	1
9549409	9549410	1
5275890	5275889	1
12421611	12421612	1
4916788	4916787	2
10371117	10371118	1
5357796	5357795	1
10159956	3875701	1
588740	588724	1
3121952	3121951	1
5999421	5999665	1
1593854	1550165	2
9436345	9436346	1
6700797	6700773	1
3199059	3195556	1
10927881	10927692	1
9029521	9029522	1
5434463	5434464	1
9160854	3565392	1
9914973	9914888	1
10287104	10287103	1
11544420	11576929	2
7433271	7434357	1
5142932	5142931	1
3912304	3912301	1
9540045	9540099	1
1213309	1248177	1
636901	636902	1
4362289	1072782	3
7152059	7153169	2
6242366	6242365	1
1972621	1972624	1
2011362	2011361	1
6171101	6171122	1
2518256	2518255	1
7338010	7338009	1
3068009	3068010	1
106378	106377	1
1514527	1514528	1
4292025	4292675	1
8255771	8250091	1
2433100	2433099	2
7121242	7121241	1
8247570	8261248	1
4991894	3905373	1
11893477	11893480	1
6966369	9566884	1
7713766	7710732	1
3319378	3319568	1
12376478	12391027	1
4629657	4629658	1
5564687	5559236	1
7499725	7514853	2
11967959	11967730	1
3771095	3767082	1
331351	331352	1
2594102	2594101	1
7343314	7342823	1
42641	42642	1
5545487	5545488	1
2161739	2161740	1
9005600	9005595	1
2035887	2035888	1
8016145	8016146	1
1442089	1442090	1
5531880	5531879	1
5809048	5809050	1
5337542	5337541	2
11987135	9645853	1
3315250	3315223	1
3285684	3997485	1
6530738	6530737	1
8208482	8208465	1
983269	983270	1
9726689	9726797	1
2082687	2081496	2
1737021	1736173	1
4780533	8766539	1
11770686	11770685	1
2730582	2794510	1
931168	931172	1
3709712	3709709	2
4443607	4443608	2
2655213	2655214	1
5632180	5631863	1
8284165	8284166	1
7749805	7749806	1
9726469	9726623	1
1501816	1501813	1
5560051	4783482	1
1530710	1530709	2
794405	794406	2
7753187	7753188	1
1398728	1398727	1
5822239	5822395	1
3742337	3742338	1
7513554	7513553	1
3878216	3878215	1
9792316	9792386	2
3619993	3619994	1
2035271	2035274	2
8846919	8846884	1
9683894	9683893	1
8405568	8405567	2
5654567	5654568	1
7767619	7767620	1
7802371	7802342	1
8214127	8214128	1
7507987	7507998	1
9183123	9183124	1
3031867	3031868	1
12796667	12796578	1
9988953	9988954	1
3208944	3208879	2
709739	709740	1
2341157	2341283	1
10233507	10233508	1
2657583	2657584	1
10993022	10991252	1
8724805	8724806	1
12375554	12373637	2
1116674	1116672	1
10221153	10217085	1
6233933	6232360	1
9325482	9325455	1
4369715	6735785	1
7831391	7831392	1
5676531	5676532	1
6709829	6709830	1
5779073	5779093	1
10948841	10864640	1
12455267	12455268	1
2571385	2570928	2
7112126	7112159	1
12264368	12264365	1
4633708	4633660	3
11569025	11568902	2
8492727	8492789	2
4289571	4289572	1
11090187	5225214	1
7951928	7952004	1
7428792	7428785	1
3731394	3718666	1
6453967	6453961	2
935624	930159	2
9561683	9561684	1
7370463	7370472	1
9545219	9545220	1
12293831	12293841	1
9732191	9732192	1
8381694	8381693	2
12798080	12798079	1
7185568	7318546	2
8396819	8396820	2
3146808	3136408	1
3651712	4079301	1
3813777	3813778	1
1405096	1405181	1
3795930	3795848	1
8023321	8023322	2
8018345	8017440	1
6047919	6047920	1
3582892	3582891	1
3853096	3820886	1
4340784	4340783	1
4524454	4524326	1
7350870	7349984	1
3558935	3558936	1
4102212	4102211	1
9068483	9068491	1
11356759	11356206	1
10113235	10113316	1
2955118	2955117	1
2599822	2599798	1
3270187	3270188	1
4311206	4311220	2
3351777	7832260	1
5887189	5887190	1
3104831	3104716	1
1021627	1021628	1
12241652	12241651	1
12539587	12647592	2
5360433	5360434	1
3654974	3649351	1
5566924	5566927	1
7815560	7815559	1
2533093	2533097	2
10875416	10875415	2
9030460	9030459	1
5218854	5218853	1
12400426	12400425	1
9370163	9366169	1
11749096	11750531	1
6203297	6203298	2
11544320	11544323	1
10984258	10983867	1
5312680	5315830	1
12248764	12248763	1
9072234	9072233	1
11517141	11517175	1
5447380	5447869	1
12403532	12329803	1
8493221	8493210	1
1119705	8417076	1
5089127	5089128	1
9972277	9972172	1
4300628	4300617	2
6247283	6247073	1
5494500	5494499	2
8399109	8399112	2
9629630	9629629	1
10444621	10444622	1
5291125	5291126	1
11560766	11560717	1
10324166	10324163	1
7849699	7849700	2
702377	702378	1
9850122	3310729	2
8776909	8776910	1
6230396	6230395	1
9175717	9175656	1
11860405	11862320	1
177351	177354	2
5645798	5645797	2
1298176	1298175	2
1396564	1396563	2
6633911	6633913	1
4039665	4039666	2
10308206	10308230	3
4465531	4465545	2
10171579	10171580	3
8009499	8009502	1
4048227	4048207	1
88806	89560	3
9808446	9808445	2
2113273	2116042	1
6271755	6272108	1
7964141	7964144	1
7501583	7503283	1
6014044	6014122	1
3933725	3933726	1
3652000	3651745	1
7157311	7157301	2
6499967	6499968	1
7171822	7171821	1
1264037	1264038	1
6370094	6370091	1
5836476	5834144	3
7680947	7680948	2
11318580	11318579	2
10741228	10741127	3
288091	288384	1
11999247	11999248	1
9273025	9273026	1
4088300	4088314	1
8105397	8105399	1
10876900	10876899	1
11030043	11030044	1
10367954	10367953	1
806958	806961	1
7053626	7053621	1
3641090	3641093	1
7448765	7448766	1
3151345	366371	1
3269358	3269340	1
4467526	4404845	1
1523651	1523657	1
6670360	6670359	1
3063004	3063003	2
4867502	4866502	2
1550719	1550720	1
6202550	6202614	1
6731001	6731388	1
6430307	6430308	1
9323809	9323812	1
10964700	10964879	2
3561619	3561585	1
12405957	12405983	1
12004132	12011815	2
6770145	6770148	1
3281735	3281630	1
6376822	6336354	1
8075232	8075231	1
1681381	1681382	1
7838607	7838784	2
2462587	2462559	1
678489	695703	1
7826804	7826801	1
11637093	6838070	1
8902721	8902722	1
12656767	12656792	1
7060897	6933447	1
1420082	1420081	1
520200	520197	1
2574884	2574883	1
958273	958274	1
8031253	8031254	1
11140099	11140141	2
8196417	8196418	1
6056816	6056783	2
4085801	4085802	1
2356876	2356879	1
8235300	8478382	1
10989399	10983508	1
990992	990991	1
9698545	9698546	1
8983333	8983334	1
6564364	6564367	1
11078879	11078880	1
1622924	1452922	2
12676904	12676548	1
10626988	10629431	1
3217984	3217981	1
10579995	10579247	1
5632382	5631207	2
1081435	1296210	1
5268668	5437059	2
1724953	1724957	1
2253890	2253889	1
6702021	6699745	1
197092	195328	1
12228603	12228990	1
3243451	3243452	2
5570153	5570156	2
2706654	2706653	1
7364965	7364966	1
10907587	10907634	1
9238836	9238835	2
8749294	8749293	1
6599519	11434114	1
608236	608239	1
7371230	6194687	1
5392390	5392389	2
3793328	3519727	1
125289	123193	2
2492510	2533207	2
511395	189191	1
4262355	4262372	1
1348761	1348897	2
11473981	11570932	2
11207414	11180198	1
3370964	3370962	1
10726673	10727623	1
10076412	10076411	1
9131452	9134634	1
6528061	6528062	1
7652656	7652655	1
9342959	9343333	1
4801017	4801018	1
9150890	9148198	1
4997367	4997368	2
11447361	11447362	1
9297186	9297176	1
6440686	6440333	1
6891192	6891184	1
3589587	3589588	1
8542419	8542394	1
2935692	11434185	1
3567895	3567906	1
4608058	4608057	1
8553199	8553220	1
11746910	11746909	1
3665066	3665065	1
921947	921852	1
3245705	3245706	1
6504149	6504159	1
6016650	6016649	1
3296381	3296382	1
9052667	9052668	1
6102444	6102447	1
3691777	3691778	1
12491356	12491352	1
4842527	4842528	1
11271949	11271950	1
1055724	1531595	2
1264279	1264320	1
1792307	1792310	1
2880909	2644160	1
12378160	12378157	1
10424442	10424441	1
7118889	7118890	1
12157593	12157596	2
320252	320251	2
7617993	7617996	1
11354733	11354734	1
5627500	5627440	1
1558846	1558839	1
4699338	4469710	1
7405445	7405446	1
12376532	12376531	1
563010	559669	1
11023797	11023546	1
2273715	2273718	2
3389615	3389616	3
4365412	4364617	1
9619099	6764512	1
3988664	3988661	1
1837507	1837508	1
7433453	7433454	1
11328418	11328431	2
5788851	7370439	3
1905763	1905764	1
6329722	6377610	1
6751482	6751485	1
11802394	11802393	1
8346494	8346493	1
661641	660917	1
3441962	3441959	1
3654727	3654697	1
6113193	6113196	1
9675976	9675914	1
1354856	1354855	1
4657193	4658707	1
4845604	4845787	1
10181741	10181742	1
2628350	2628594	1
11011909	11012064	1
4493791	4506392	1
4051134	4068320	1
1050553	1050773	1
6578188	6578187	2
9782366	9782365	1
3240767	3306647	1
275973	275766	1
10921336	10921333	1
4837908	4837907	1
4691661	4691622	1
8403738	8403744	1
6296822	6296832	1
7224373	7014198	1
10336913	10336953	1
11571124	11571123	3
1175139	1175110	1
1073740	1405487	2
474859	475231	1
6863837	6863838	1
8177535	8174837	1
4537829	4537830	1
1449380	1561731	1
10663114	10664634	2
7333275	7333276	2
11231673	11228633	2
2785222	2785221	1
11732479	11732480	1
7274912	7274537	1
794232	794240	1
1138600	1067601	1
10639338	10639337	1
1574824	1574823	3
711181	830609	1
11318998	11318990	1
4042935	4042938	4
10138010	10138039	1
12303269	12303270	1
3002551	3002552	1
12052379	12052291	1
9699481	9699482	1
9744836	9744835	1
2941087	2941151	1
10726737	10726738	1
4917912	4917911	2
1579453	1579457	1
2470308	2470307	1
10227162	10227161	1
10654744	10654743	1
3903439	3904489	1
4509986	4509985	1
11222672	11222671	1
1018192	1018191	1
1772941	1772948	1
8552	10313	1
7934542	7934541	1
3613791	3613792	1
9697176	9697204	1
819466	607135	3
3950165	3950092	1
9739740	9739735	1
670830	670829	1
11664713	11664718	1
863784	863783	2
4836059	4836067	2
4636639	4636640	1
11386956	11386955	1
10713320	10713319	2
44399	45231	1
630769	670886	1
11827332	11827331	2
8617551	8617556	2
3228896	3228895	1
11699662	11699566	1
10977972	10977971	1
7699630	7699629	2
9255449	9255450	1
3511369	9705703	1
6285353	6272429	1
11003035	11003036	1
10233359	9418436	1
9617475	9617480	1
4277623	4277164	1
415739	415740	1
2094272	2094271	1
557360	557363	1
5939182	5949974	1
4602504	4602503	1
10911822	10911821	2
703320	703309	1
2938261	2938262	1
217931	217932	1
658587	654652	1
7079993	11609524	2
11706001	11706002	1
3859341	3859342	1
94019	94020	2
3259310	3259309	1
589569	589494	2
11703804	11702549	1
10880016	10880575	1
1500786	1500785	1
8220967	8220970	1
6791934	6791933	1
1364145	1385629	1
6408768	6410199	1
5897238	5897237	1
5984901	5984902	2
9024407	9024740	1
11740197	11740198	1
9645713	9645714	1
2436631	2436632	1
4602711	4603014	1
949162	949115	1
4424857	4424860	1
11755748	11755745	1
8520696	8520325	2
2106652	2106651	1
9680695	9680696	1
9929855	9930141	1
113736	113735	1
5452989	5451844	1
6278335	6278325	2
10929711	10929712	1
1757409	1757410	2
8812095	8812096	1
637839	637840	1
12258880	12258879	1
6533178	6533177	1
2616363	2616368	1
1710046	1710045	1
4078431	4078432	1
4752340	4752440	2
9392288	9392287	2
3072337	3072323	1
10224142	10224141	2
10664751	10664752	1
10297114	10297113	2
9715515	3510620	1
12533064	12533063	2
9324890	9436938	1
8454538	8184155	1
6205319	6205320	1
11422082	11422079	2
6288104	6287989	1
778914	775743	1
3389502	3389430	1
6600628	6622290	1
10400737	10401290	2
1413901	1413902	1
4942001	4941977	1
3705539	3705540	1
11848877	11848878	1
4021148	4021147	1
1544188	1542511	1
3031775	3031778	1
12280568	12121250	1
8189159	8189160	1
9985420	9985419	3
3697562	3697243	1
5582494	4283374	1
2280075	2280076	1
6479755	6479756	1
11417176	11418343	1
9764749	9764750	1
10468333	10465035	1
2500286	2500285	1
899982	899979	1
9307963	9307964	2
5381535	5381602	1
10175417	10178528	1
8308131	8308132	2
8243022	8242954	1
12180431	12180432	1
1585290	1585269	1
5715491	5715492	1
6909871	6909752	1
5020169	5020270	1
3573046	3573045	1
540482	540481	1
6891619	6892072	5
4086579	4086580	1
2352373	2352460	1
7433998	7433997	1
11803626	11803783	1
4027337	4027317	2
4546000	4545999	1
723226	723225	1
9436143	9435144	1
8685406	8678347	1
3900104	4992484	1
7847446	7847607	1
2408510	2408509	1
5474049	5474035	1
5484712	5484703	1
9427755	9428361	1
7055971	7055972	1
4131785	4170979	1
3586063	3663091	1
4879458	4879663	1
849955	849956	1
11636468	11636467	1
10459032	10440633	1
10442366	10442298	1
3037176	3037175	1
9012132	9012131	2
5763907	5763908	1
11172168	11172167	1
5996244	5996243	1
706631	706634	1
11378696	11377597	1
171092	171091	1
1375022	1213594	2
7799677	7799678	1
3004784	3004660	1
3009929	3009930	1
5915738	5915737	1
7121472	7122215	1
8499191	8499187	1
9628338	9628337	1
1574191	1574192	1
3125513	3125514	1
3354452	3354451	1
7883633	7886895	1
5845375	5899904	1
5042231	5042234	2
11617234	11617240	1
1080128	1080164	1
10206378	10206841	1
11724008	11723113	1
91892	87924	2
5260107	5260108	1
3985282	3985904	3
4612289	4612290	1
3153462	3153480	1
2066614	2104826	1
1109048	1109047	1
8721133	8721136	2
4300046	4300045	1
8683906	5536514	1
12553736	12555432	1
5526935	5526936	1
1170529	1170530	1
6709924	6709828	1
3828759	3828995	1
6153727	6153728	2
6801167	6802511	1
10807413	10807445	1
1073497	1073498	1
7795163	7795164	2
1247443	1247444	1
375104	375103	1
9104691	9104682	1
7287735	7287736	1
1574822	1574819	1
10542616	10542615	1
8504677	8504678	1
3269339	3269325	1
7782682	7782563	2
11149679	11148518	1
1997910	1997811	1
9662499	9651951	1
6017943	6017944	1
11761054	4206226	1
11847587	11849113	1
9718215	9718210	1
967880	968612	1
2956429	2956432	1
8506023	8505944	1
7130374	7130373	1
6565781	6557135	1
1268757	1268755	1
3440395	3438327	1
11360518	11360517	1
1825133	1825134	1
11702004	11766850	1
2663216	2663196	1
7879552	7881127	1
12200775	12478665	1
5826530	5826512	1
9723509	9724268	2
6812388	6812387	2
5592376	5592392	1
7813711	7861742	1
1641175	1636849	1
7452307	7452320	1
7830373	7830374	1
10895185	10895151	1
3253522	3253495	1
3782447	3782459	1
1052404	1052403	2
11522218	11562982	1
1122109	8567730	1
8329927	8329928	1
3145218	3145206	2
9038999	9040899	1
8573545	8573546	1
1460453	1460454	1
2829382	2829410	1
5419809	5533878	1
6956082	6956079	1
1514559	1514560	1
1741035	1741001	1
5234724	5234672	1
7156131	7156132	1
9654463	9654464	1
6449876	6449875	1
5828604	5828758	1
3049928	3049927	1
9841653	9841369	1
2894404	2894403	1
8028300	8028299	1
547493	547549	2
5707610	5713070	1
4953417	4953420	1
11360685	11360888	1
11749428	11749427	2
12421264	12421263	2
8048295	8048187	1
2701255	2701228	1
10670700	10670699	2
4375108	4375107	1
3721272	3721269	2
2788857	2788858	1
3619987	3619990	1
4081196	4081242	1
947888	947887	1
2463222	2463217	1
3271244	3271243	1
8513162	8513161	1
4047904	4048222	1
11767558	11767557	1
7019224	7018933	3
3598180	3598177	1
7524710	7524707	1
6547929	6549170	1
10880380	10877054	1
5319312	5319296	1
11573124	11573123	2
6268048	6268047	1
7506601	7506565	1
8795410	8796465	1
8472962	8472961	1
743133	743134	1
8294152	8294071	1
4718435	4718436	2
906226	906225	1
5319515	5319951	1
2586288	2586285	2
9508337	9508338	1
6650290	6650254	2
4259027	4259028	1
4473128	4473127	2
6775166	6775165	2
2394655	2395289	1
3648861	3783172	1
5585509	5585510	1
7192322	7192321	1
11695039	11695040	1
1219108	1219111	1
7874274	7873742	1
12594937	12594938	1
9294379	9294380	1
5438520	5438418	1
5347276	5351113	1
9481526	9481525	2
6323508	6327108	1
4819757	4820074	2
11302876	11303354	1
4778799	4801876	1
7417282	7417281	2
1500650	1500737	1
4060614	7959444	1
11743338	11742383	1
1714625	5969911	2
11189234	11189488	1
3387500	3387499	1
8800699	5629601	1
6852741	6851934	1
6649003	6649004	1
1765244	1765243	2
5688606	5688605	1
6104975	6105075	1
5067443	5067444	1
8375194	8375193	2
1989219	1996071	1
3620251	3619051	1
3266909	3266910	1
1075170	1075173	1
6124856	6124855	1
2983603	2667172	1
7778200	7778066	1
8467369	1621655	2
8613943	8613944	1
4364405	4364406	1
8708607	8708626	3
6756303	6756308	1
7115569	7115570	2
7541917	7541918	1
11465187	11465188	1
4361893	4361894	1
10357286	10357285	1
6376182	6376712	1
2637320	2637319	1
12734571	12734572	2
6390029	6390030	1
4987667	4987668	1
6655512	6651345	1
1360631	1360612	1
1732318	1732295	1
10891749	10891750	1
3153841	3154748	1
3755633	3755634	2
10387555	10387556	1
11159603	11159604	1
9519362	9519361	1
8928755	8928756	1
12613165	12613166	2
11499364	11499363	1
12510707	3018079	1
1509557	1515883	1
12225858	12225434	1
6316275	6316276	1
10804991	10805299	1
9278263	9278276	1
2604247	2604252	1
7580469	7580470	1
6890320	6890319	3
5401594	5401593	1
127872	127871	1
6275758	6275757	1
10301508	3256488	1
2363849	2363850	1
10374524	10374629	1
5165761	8163835	1
10914576	10914575	2
4261762	4261364	1
10711036	10710798	1
9196292	9196291	2
3101233	3101342	2
2677812	2681633	1
2360708	2360707	1
10344319	10344340	1
12491221	12491238	1
6554131	6554132	1
2158719	2158720	1
1319366	1319365	1
9059796	8990676	1
3754589	3755166	1
6182750	6183080	1
417237	417242	1
5964836	10602830	1
12781182	12781279	1
10399526	10399525	1
258279	7218149	1
7969993	7969994	1
1715820	1715303	1
8570984	8570983	1
2743061	2738277	2
12051399	12053244	1
1077248	1077934	1
4715481	4715382	2
11596310	11596329	1
1832736	1832735	2
5135962	5135961	1
11852460	11852270	2
12456218	12454563	1
12302378	12302377	2
9350846	9350851	1
3424656	3424623	2
5721877	5718531	1
10599426	10625303	1
7255985	906520	1
833827	820069	1
4711901	4678043	1
8553491	8553492	2
7914388	7914387	1
7206260	7206419	1
8311051	8311052	1
753778	753777	2
2407435	2407436	1
2906979	2906954	1
7802370	7801812	1
4222581	6405990	1
1287693	1287661	1
7792675	7792676	1
101171	101172	1
11934139	3632535	1
2614066	2614063	1
12049406	12283298	1
3784040	3784406	1
6298323	6298324	1
9863437	9863438	1
11488705	11489311	1
29385	29399	1
2084203	2193929	1
7929786	7929785	1
5177360	5177359	1
4575477	4575545	1
7974243	7974329	1
11039960	11039959	2
7365722	7365721	2
10381938	10382096	2
537408	537407	1
702485	702343	1
7024109	7024087	1
9358183	6760938	1
9467753	9467754	1
1928774	1928771	1
3783368	3783367	2
3870867	3870741	1
1059580	1546684	1
10824894	10824899	1
5731985	8707417	1
11504534	11504633	2
8816500	8816499	1
7428730	7428727	1
368563	368733	1
11143187	11143188	1
421549	421550	2
5240086	5240076	1
8419439	8419440	1
7794106	7794126	1
8560343	8039707	1
7316102	7316101	1
6184611	6184433	1
5437540	5436398	1
6585187	6585188	1
10173753	10173754	1
8289257	8289253	2
273115	273116	2
11679409	11679410	2
4573090	4573108	1
10624416	10624415	1
7154895	7154896	1
6148607	6148702	1
6999828	6999827	2
8827289	8827290	2
8455345	8455346	2
2783338	2783335	1
4315643	4315644	1
8706788	8705139	2
7661108	7621677	1
2908271	2908296	1
319629	319630	1
6190302	6190310	2
3996226	3996155	1
3498061	3498087	1
3324546	3324582	2
6904701	6904702	1
5510469	5510470	1
3354450	3354453	2
9430656	9430651	2
6769371	6769372	1
8194320	8194319	1
6135468	6135467	1
1704862	1704861	1
1040715	1040716	1
2778282	2773688	1
12228132	7432885	2
3545877	4306162	1
8550070	8553547	1
10188145	10188146	2
12748893	12748896	2
12486008	12486007	1
8497790	12758130	1
7124265	6833170	1
3684312	3684311	1
10535897	10681480	1
4283595	4283596	1
8245282	8245281	1
33979	33774	1
11252399	11259541	1
11923054	11924375	1
11407507	11407508	2
7981040	7981033	1
10899519	10899520	1
3766532	3766531	3
11640916	11640915	2
7180268	7308211	1
7010274	7010273	1
10730002	10728360	1
6981955	6981956	1
10912434	10912433	1
9553181	9609938	1
6436313	6436319	2
875832	875831	2
5191072	5191071	1
6337777	6337778	1
4336098	4336092	1
1382992	1382991	1
7995969	7995970	2
207689	207690	1
11977599	11977600	1
3067711	3059921	2
6549896	9859573	1
10999726	10999713	1
12472899	12472900	1
4628512	4628509	1
6994195	6994101	1
8529301	8529302	1
12231987	12231988	1
913666	913669	1
11173751	11173752	1
10546846	10546845	1
10130251	10129291	1
8648507	8648508	1
9175773	9175774	1
8743715	8743718	1
2865490	2865487	1
8011955	8011956	1
8957100	5989447	1
929713	436169	1
6538102	6538097	1
3501942	3501941	1
6800028	6799936	1
1987269	1987904	2
9368531	9368532	1
12306033	12306034	1
10470325	10389050	1
3155057	3155060	1
3197668	3197667	2
9631756	9631755	1
1325092	1325091	2
1469717	1469818	1
4122971	4122974	1
3939427	3939428	1
10394719	10394720	2
5610480	5610479	1
11238555	11238556	1
2614473	2614474	1
8294788	8294787	1
11193545	11190791	1
4788083	4788084	1
5252981	5252982	1
4730061	4730056	1
9437679	9435950	1
1196264	1196263	1
681707	684239	1
5353659	5353660	1
3642261	3642262	1
7864009	12746202	1
8007438	8007437	1
4434249	4434686	1
2411323	2409133	1
789184	789181	1
2944649	11015552	1
12676814	12676813	2
9823601	9823602	1
5200266	5200265	1
7101887	7101888	1
1364786	1364756	1
11545886	11545898	1
11661681	11660818	3
1642970	1642969	1
4188919	4188920	1
5996833	5996834	1
2656038	2649513	1
6138414	6135967	2
9781935	9753391	1
1825351	1825352	2
3865091	3827943	1
2859776	2859775	2
12417298	12417240	1
5999741	5999742	2
6161200	11152530	1
3232165	3232166	1
11753244	11753241	1
2900929	2894933	1
5456321	4738196	2
2573937	2574522	1
3109238	417870	1
6297689	6297690	1
4156679	4152840	1
7379894	7379945	1
6207857	6205170	1
2842064	2842063	2
12646258	12646251	1
8809838	8809872	1
7974301	7774106	1
10457767	10457768	1
1208171	1208172	1
7207861	7206446	1
5943753	5943754	1
240222	237430	1
10088292	10088479	3
9567569	9567570	1
10375026	12382047	1
2969548	2969561	1
12377508	12377521	1
6914821	6915637	1
6810360	6810349	1
8372019	8372011	1
11148617	11148618	1
11970423	11968992	1
6677187	11341867	2
8008519	8007784	1
2526096	2526095	1
10507188	10507187	3
10897879	10897880	1
3265795	3265811	1
8085619	8085747	1
9481002	9481001	1
10911363	10911364	1
4647332	4647306	2
1700295	1700334	1
5291418	5292113	2
8823644	8824341	1
5587818	5587815	1
4290739	4842745	1
11943733	11943734	1
10800157	10800158	1
9011037	9011040	1
2927344	2927338	1
12175230	12174951	2
4709720	4709712	2
4396994	4396993	3
8342017	8342018	2
1087805	1087776	1
11531224	11537521	2
4027491	4027803	2
9042124	9042123	1
2092941	2092942	3
8301127	8528699	1
6891907	6891908	3
7295550	7295582	1
7575851	7575852	1
953064	953063	1
3125847	3126429	2
9132974	9133751	1
11478943	11478936	2
3218176	3218174	1
9249115	9249116	1
1072162	1072161	1
9354147	6770298	1
1186456	1187590	1
1890173	1900241	1
2566184	2566300	1
193652	193660	1
8614297	8614298	1
9064395	9063605	1
2055481	2055482	1
149456	219218	1
9550495	9550498	1
7932480	7932479	1
2435057	2435058	1
8425764	8425132	1
2727198	2929806	1
10100096	10100095	1
5479073	5479171	1
3402387	3402388	1
4648050	4648049	1
647443	652336	1
7904620	7904619	1
2720051	2720116	1
2357110	2356978	1
8904161	8904164	2
7020734	7020733	1
11047874	11047873	1
2089733	2089734	1
12372785	12361758	1
12362021	12362022	1
1624652	1624626	1
5268050	5268047	1
5220587	5220588	1
4156626	4130725	1
2726669	3903871	2
5370501	5370475	1
437174	437171	1
10903617	10799167	1
865500	865464	1
1008598	1008597	1
1700108	1700129	1
906176	902476	1
3996417	3995850	1
11338256	11304446	1
1776920	1778037	1
362015	362016	1
10745026	10745023	1
8768519	8769498	1
11070282	11070281	1
8063812	8063574	1
11773335	11773336	2
5130426	5130429	1
3676218	9188276	2
2755019	2755020	1
1951566	1955143	1
7917394	7917372	1
12626558	12626557	1
10335937	10335942	1
11732311	11732306	1
8551436	8553828	1
3317230	7850119	1
563348	563223	1
5838082	5838153	2
3015750	3015749	1
5927170	5927155	1
4432867	4432872	2
1509812	1509811	1
1776744	5585506	2
2263497	2263498	1
11169765	11159122	1
4817141	4817142	1
3478948	3482775	1
9496599	9496600	1
6534075	6534076	1
9945113	9945114	1
7603582	7603710	1
3963237	3963238	1
2103928	2103927	1
1120327	1120328	1
1404222	1404367	1
1134123	967028	1
1711498	1711497	1
7614380	7614379	1
9472957	9472958	1
6677370	6677369	1
11789033	11788793	1
3971145	3971146	2
6273632	6275197	2
3910540	3910437	1
847841	847806	1
3724754	3724751	3
6301105	6301106	1
769182	769287	4
7178889	7178890	1
5843727	5843728	1
12790873	12790874	1
6060213	8250437	1
2856155	2856156	2
8904823	4799424	1
876366	876363	1
8796377	8796378	4
5115358	10267559	2
10109042	10005828	1
9556660	9556663	1
1539315	1539278	1
3309119	3309120	1
9447885	9447676	1
7380208	7380232	1
2068784	2068783	1
5125232	5124626	1
7730367	7730662	1
2576329	2576330	1
5161229	8645376	2
8004739	8004742	1
5229203	10271268	1
1136136	1136139	1
9119057	9119037	2
12333324	12333323	1
6565913	6565950	2
878497	878500	1
5642281	5642282	3
1450501	1450502	1
6515152	6515151	1
7141156	7140779	1
10151878	10151729	2
11379412	11379574	2
10800024	10800023	1
1855687	1855661	1
591535	591553	2
3997063	3997066	1
8263276	8263275	1
2588618	2588615	1
4219471	4219472	1
9167526	9169241	1
9108347	9108348	1
12754189	12754190	1
5747247	5734498	1
6950475	6950500	1
12013048	12014192	2
2638364	2638363	1
4555977	4555978	1
2887643	2887916	1
10201922	10201934	1
8275791	8275792	1
5708120	5708119	1
4555318	3897025	1
11395319	11395320	1
10051970	10052005	1
8296597	8296598	1
2072142	2192702	1
2474421	2471969	1
5702382	5714743	1
11121850	11123969	2
11827368	11826824	2
3943981	3943984	1
10802017	10802018	1
11084662	10995375	1
2668430	2668429	1
4033763	7349058	1
3922308	3922311	1
2537690	2537418	2
3295024	3295021	1
6914491	6914492	2
10931264	10931263	1
9297239	9297144	1
8195062	8195061	1
11515446	11515443	1
1931993	1934872	1
949839	949840	1
8032192	8032217	2
8379270	8379269	1
4724986	4724944	1
686699	686700	1
8391423	8391428	1
8422143	8440215	1
5013006	5012935	1
5709392	5709389	1
9142458	9142528	1
6249806	4920508	1
322643	9626846	1
3937591	3936047	2
3361246	7853414	1
12374464	12419953	1
1073609	1073610	2
7397355	7397356	2
4445714	4445711	1
11267479	11267480	1
706716	949875	1
8085609	8085610	1
6891620	6891619	1
3013445	3013446	1
9326092	9326091	1
1121183	1121184	1
81710	81709	2
2198310	2198309	1
5382094	5382093	1
7012057	11383190	2
2974370	2975149	1
8149331	8149332	1
4990685	4990686	1
6959771	6959772	2
3991538	7191556	1
8016	8015	1
9515956	9515899	1
11183064	6112818	1
8651420	8651479	1
3534689	3534690	1
639708	639702	1
8316433	8316331	2
11366229	11363089	2
43264	905331	1
9126418	9126417	1
6736811	6736795	1
4326986	4326985	1
12382000	12381867	1
9469121	9469122	1
11853595	11853596	1
583675	583079	1
5989375	5860589	2
6163229	6163230	1
8989835	8993588	1
7906358	7906382	1
3664619	3664620	1
7334261	7334262	1
6174886	6174885	1
1888511	1889487	1
5318648	5318647	1
5055565	5055566	1
5876774	5876771	1
10787419	10792865	1
2160713	2160714	1
151114	151182	1
676964	676957	1
8409979	8409923	1
5435399	5435459	1
9500084	9500083	1
7185806	7185805	1
7879559	7879560	1
7401321	7401389	2
6139752	6139749	1
335031	328447	1
12012226	12012220	1
2637956	2637955	2
445031	445032	2
2665946	2834650	1
1929249	2422082	1
11116108	7877165	2
11206470	11206469	1
4041929	4041930	1
7599241	7599382	1
20204	123441	1
3283783	3283784	1
3649724	3649723	1
9375620	9361267	1
1628486	1628485	1
10244402	10244359	1
4269364	4269363	1
7950210	7950209	1
5867232	1823396	2
7224470	7014197	1
10427312	1318218	3
11849016	11849015	1
1330112	1329999	1
12147183	12148011	1
1364156	1364155	2
5900146	5900118	1
5435749	5435750	1
10107278	10107277	1
9671047	9674021	2
2683515	2683516	1
1637931	1637932	2
2798074	2798072	1
949126	804758	1
2643386	2643381	1
301528	301527	1
11829084	11829083	1
6801926	6801929	1
10722796	10743671	1
5450712	5450880	1
1429284	1429855	1
8869325	8869117	1
4001106	3999004	1
12509302	12509301	2
4798898	4798926	1
6886524	6886527	1
11231191	11231192	3
8446404	8446401	1
11461682	11462227	1
10478442	10478441	1
4143457	4143458	2
3069400	3069399	1
9337135	9337136	2
2743998	2744006	1
5184549	5184513	1
12378326	12378325	2
4709700	4710045	3
9447643	9447644	1
6145088	6145105	1
5018465	5018466	1
1564005	1564008	1
2878697	2878698	1
12591353	12591683	2
5799199	5799202	1
1099453	1099468	1
1102314	1102313	1
11794280	11885834	2
10084662	10084661	1
4322309	4322310	1
546457	546458	1
3485447	3487091	1
3879082	3879149	1
8956212	8956211	1
5601948	5601167	1
8607168	8607167	1
243430	2100861	1
8560059	1167891	1
8440992	8442155	1
10987423	2019423	1
10626101	10626106	1
11535635	11523410	1
2541433	2541434	1
10875951	10875150	1
10767009	10767033	1
8026974	8027218	1
2435319	2435320	2
941566	941565	2
4683530	4683527	1
184248	184247	1
2655686	2655685	1
2258782	2258781	1
6018277	6018278	1
12314387	12314388	1
7594057	7594061	1
6716941	6716994	1
2013411	2013412	1
5494504	5494503	1
4426429	4426430	1
2486750	2486749	1
3478504	3478503	1
4258684	4258683	1
6275044	6276677	1
12318959	12318960	1
8834213	8834214	1
12743580	12743579	2
3684330	3684329	1
8220549	8220550	1
1908756	1908755	1
1230388	1230387	1
4178184	4179217	1
5088050	5088049	1
10408236	1589822	1
400475	400606	1
8064391	8064392	2
9609675	6774568	1
287154	287145	1
9057303	9056939	1
2229448	2011837	1
5364386	5364376	1
4568075	4568076	1
6067343	6067344	2
10422341	10422342	2
9484503	6677323	1
7941504	7941544	2
5865652	5865651	1
4627000	4620443	2
10018568	10016565	1
5268464	5268463	1
1633267	1633272	1
848947	848948	2
4375114	4375109	1
12244154	12244538	1
10152331	10152332	1
9092366	9125486	1
5155943	5156298	1
7690231	7690234	1
6497833	6499443	1
5256561	5256562	2
9915218	9915217	1
10171790	10171789	1
9783252	9783232	1
3652817	3652818	1
9516645	9516610	1
414701	414704	2
5166321	5166322	1
3360422	3360421	1
4086522	4086526	1
3556675	3556676	1
5242596	5242595	1
5489243	5489244	1
3228932	3228864	2
1674135	1674136	1
9035547	9035548	1
11562986	11562983	2
8059713	8059726	2
6104651	6104652	1
2350580	2350598	1
6096404	6096401	1
681955	681960	1
8201823	8201824	2
5374830	5374804	1
1749920	1749917	1
11277708	11274690	1
6712795	6712796	2
5400684	5400674	1
6371302	6371301	1
11599724	11599723	2
12532393	12625958	2
7659174	7958486	3
6708033	6708034	1
12456024	12456017	2
4227118	4227602	3
9638469	9638470	1
8708657	8708658	1
12718061	12718019	1
11708107	11708104	1
1624339	1623774	1
5732852	5732495	1
5273205	5273233	1
8482411	8481270	2
11672906	11672909	1
5752363	18793	1
4028402	4028506	1
5130855	5130845	1
6500176	6497520	1
1463632	1667734	1
3133066	11032444	2
7449404	7938934	1
8015996	8015983	1
1301842	1301841	1
10696134	10696131	1
3351894	3351891	1
8639172	8639700	1
2091201	2091202	2
4152330	4171749	1
11985366	11985365	1
7733487	7733477	1
4545827	4545828	1
11568090	11568089	1
12758770	12758767	2
4555053	4555059	1
5626622	5626576	2
10728539	10728540	1
3125118	3125273	1
7455256	7453524	1
10978268	10978254	1
12052377	12052378	2
11500903	11500904	1
5754629	5392359	2
3236945	3235207	1
5812451	5812555	2
1236928	1236927	1
4548575	7910727	1
5552001	5552002	1
636170	634707	1
5086873	5086874	2
1825100	1822310	1
7712040	7712039	1
8652715	8652716	1
9474939	9475763	1
3229691	3229688	1
3753809	3754000	1
10453302	10451626	1
1312363	1123536	2
7449239	7944142	2
10669351	10669352	1
12751705	12751706	1
263091	263092	1
12404461	12404428	1
1288689	1288690	1
2117193	2117194	2
3940269	3951336	1
12560119	3039093	1
10198311	10198252	1
7945275	7945494	1
3390021	3390022	3
34853	2109850	1
11799118	11799117	1
1165573	1165654	1
6544208	6544192	2
12305600	12305599	1
190251	190304	1
2463796	2464204	1
11673599	11673600	1
11231236	11231235	1
11872551	11873793	1
5019677	5019944	2
10169581	10169582	1
4512859	4514771	1
7374630	7373684	1
4031883	4031821	1
11689593	11689594	1
10635310	10635299	1
4004626	4004030	2
2092105	2091940	1
7446259	7446260	1
5716871	5716872	1
3778392	3781343	1
6844489	7215008	1
3248071	3248072	1
10164574	10164915	1
4632174	4632171	1
3023062	3022921	1
11386855	11386221	1
12282117	12282118	1
4736170	4736390	1
7970070	7970069	1
3353067	3355522	1
11753987	11752740	1
12483816	12483819	2
4994984	4994983	1
4826844	4653579	1
8526773	8526748	4
5159970	5159965	1
12381031	12380999	1
1406891	1406557	1
2694165	2694155	1
12037043	12037044	1
1157580	1157579	1
11605019	11605020	1
1919363	1916982	1
11596820	11596819	1
8409339	8409340	1
792274	792724	1
12438989	12438990	1
2753079	2756055	1
7794147	7794283	1
3451501	3451502	2
4658816	4658815	1
1390377	1390532	1
7741180	7738405	1
7967828	7967803	2
7457678	7457675	1
10548408	10548407	2
4390741	4390824	3
6107016	6109112	1
5474990	5474989	1
6200228	6200160	1
6616351	6616352	1
10829200	10829199	1
2612255	2612256	1
10124670	10124669	2
8348237	8348238	1
6029416	6029415	2
11713578	4197249	1
1460026	1460023	3
5371954	5371939	1
9595624	9594146	2
5013039	5013040	2
7359015	7359016	1
2905999	2906000	1
2230178	2230175	2
9675421	9676571	1
2994326	2994323	1
6422705	6423416	1
4500063	4497181	1
4286935	4286936	1
10318248	10318247	2
4814463	4814464	1
11405815	11392310	3
4711537	4350634	1
9464551	3528788	1
3923911	3923914	1
10755791	10755792	1
1145965	1145966	2
9927153	9927154	1
10073689	10073690	3
5442798	5442797	1
1169573	1169574	1
1532068	1532067	1
3391892	3391883	1
61676	61188	1
5351114	5351113	1
11673653	11673618	1
7231901	7230892	1
1834968	1835009	1
4498910	4498909	2
1027500	1027499	1
6591536	6591535	1
11880947	11880948	2
54704	54701	1
2659266	2659265	1
11900163	11900565	1
430316	430315	1
1056503	1348329	1
4186354	4195037	1
5041655	5041624	2
7106396	7106395	1
3309121	3309048	1
662908	843591	1
9636713	9636719	1
4994269	4994270	1
10105632	10105631	2
8527896	8527895	1
12687873	12692656	1
1402085	1074914	1
10063758	10063611	1
4222136	4222134	1
8901016	8900995	1
5937875	5937876	1
5086875	5086876	2
8867740	8867745	1
4205067	4205068	1
7699628	7699627	2
6626386	6626385	2
6261653	6261013	1
12742350	12742349	1
6516343	6514353	1
2612257	2612258	1
11100499	11101299	1
8075731	8075732	2
11983937	11983938	1
11701280	11701279	1
8790148	8790147	1
12693814	12693813	1
1267798	1267797	1
12396088	12394420	1
11904423	11904424	1
11247987	11247988	2
10669023	7590960	1
3619991	3619992	1
9479286	4030878	1
11546988	11547001	1
9420831	9420832	1
302773	302823	1
11891623	11891624	1
9422496	9422317	1
10875156	10875168	3
7768351	7768352	1
10126673	10126674	1
8086271	8086272	1
414602	414601	1
11148220	2483421	1
11232554	11232683	2
6988401	6988395	1
10064814	10073784	1
3270988	3269794	1
9641454	9752529	2
4252675	4252678	1
4496112	4496561	1
6739803	6739781	1
3280429	3280434	1
1269470	1270381	1
11283460	11283541	1
9969083	9969328	1
10812538	10812537	1
3480991	3480992	1
10803709	10803710	1
10944592	11010791	1
8765541	8765559	1
11813383	11813261	1
11737150	11737003	1
5193165	5413218	1
11745917	11745922	1
1898723	1898743	2
930158	930157	2
8950884	8950883	1
8805252	8805249	1
8033308	8033305	1
11891447	11891448	1
5392388	5392385	1
11138170	10935298	1
9835365	9835366	1
1579450	1579449	2
5089019	5089022	2
3879149	9932036	1
10285758	10285757	1
11666257	11666258	2
6554803	6554804	1
11902055	11905906	1
8477140	8477139	1
5438551	5438426	1
9304959	9304960	1
1468304	1468385	1
6817782	6817781	1
11903943	11901518	1
220807	255676	1
2077781	2077782	2
5330619	5330569	2
420919	420938	1
2482434	2480726	1
1093720	1093711	1
12454114	12454113	1
2870849	2870833	2
7665719	7665431	1
630313	629049	1
2323873	2323874	2
12120311	12120190	1
3356760	3362175	1
752090	752093	1
10496212	10496211	1
7085561	7085562	1
6554131	6554134	1
27524	27523	2
8226492	8226536	1
9434955	9434956	1
6445509	6445510	1
4722344	4722343	1
12302345	12302346	1
10665655	10665911	1
11472210	11467290	1
4222148	4222147	1
2275599	2275632	1
9708613	9708614	1
12011477	12011480	1
12435308	12427141	1
10826120	10825675	1
2145540	2145303	1
3728802	3728800	1
12654088	12654087	1
8726486	8726485	1
10266145	10266146	1
12742635	12742731	3
7092387	7092388	1
8267291	8267292	1
12423559	12421194	2
6129240	6129239	1
10537168	1724511	1
3191081	3191082	1
1375876	1375875	3
4392348	4392347	1
9431864	9431712	1
320942	320892	1
12463979	12463980	1
9012715	9012723	1
10085420	10085419	1
10682118	5974969	1
12800747	12800748	1
10232632	10232603	3
3889326	3889325	2
3356354	3356353	1
1311258	1311255	1
9359575	9359576	1
6044613	6043913	1
504701	504702	2
8820778	8820781	1
6703535	6706777	1
7337777	12209244	1
4634728	4629734	1
10452384	10452383	1
1939578	1939577	1
5053461	5053462	1
5483749	5483736	2
3240840	3241268	1
6805411	6805192	2
7430984	7430981	1
3202010	3202057	1
3926101	3926170	1
2988943	2988934	1
6200203	6202364	1
7210838	7210837	1
7927270	7927431	1
6487401	6487359	1
7265795	7265796	1
3498065	3498066	1
11062025	11062026	1
275971	275972	1
743504	728639	1
2552956	2488370	1
6630269	6635067	1
10944596	10944593	2
3102673	3102674	1
7817223	7817224	1
9574410	9571637	1
3382275	3384124	1
690748	5800439	2
2750695	2750696	1
6799327	6799328	1
803284	803283	1
5516667	5516664	1
10186132	5098780	1
3925375	3925376	1
7921012	7921140	1
302543	53490	1
7239380	7239476	1
8441599	8441602	1
9116165	9116166	1
2591479	2591480	2
2176015	2176018	1
11110131	11110132	1
3556257	4102351	1
1317402	1317685	1
11696699	11696660	1
10420181	10420184	1
8440732	8441168	1
11336051	9437041	1
10168789	10168767	1
1450024	1450023	2
3492436	3492433	1
8826746	8826845	1
11985161	11979973	1
322758	323753	1
460192	460191	1
6035108	6035159	1
9360216	9360215	2
8677381	8677470	1
488750	506090	1
9822659	9822714	1
7390018	7389069	1
4648212	4648217	1
7179990	793229	2
4220958	4221444	3
103279	97894	1
1101617	1101618	1
552093	552163	2
4237185	4237186	1
4343132	4343121	1
10179363	10179524	1
2689027	2689028	1
1184391	1291621	1
9550047	9550048	1
3324476	3327320	1
9324364	9324363	1
5231659	5231660	1
7478439	7478442	1
10462015	4576398	1
744858	744857	1
7757993	7757994	1
848859	848860	1
11860740	11860739	1
9467960	9467959	2
6636319	6636320	1
11741153	11739911	1
10879447	10879448	2
12148558	12148557	1
2414665	2414739	1
3319972	3319928	1
9142412	8798173	1
8618502	8618501	1
3290844	3290843	1
7787410	7787409	2
10495938	10495937	1
2560644	2560643	1
12171639	12171640	1
9087970	9087967	2
2012766	2012765	1
2564699	2564700	1
12188354	12188353	1
7572485	7572966	1
11009869	3217001	1
10561598	10557762	1
5103156	5103258	1
9771027	9771028	1
1535684	1536118	2
144449	144471	1
3544475	3544472	1
547812	673897	1
1317428	1317690	1
6505406	6505668	1
11281268	11296063	1
6191010	6191009	1
8974111	8974112	1
487892	487889	3
10899560	10898358	1
5423591	5423592	2
8023376	8023375	1
9948758	10036077	1
7432409	7432410	1
4625458	4625457	1
4820797	4820798	1
8701915	8701918	1
9545566	9545565	1
1253394	1253379	1
5723161	5723162	2
5985544	5986480	1
4446248	4446247	1
11376005	11376006	2
5968857	5968616	1
6897931	6897950	1
11241883	11240574	1
226013	225826	1
2506072	2506057	1
9769698	9770471	1
12315673	12316786	1
8466902	8467126	1
3427554	3427548	2
9584294	9584280	2
5805703	5800600	1
8683732	8683731	1
9811623	9811626	1
2441967	2441968	1
10449616	10449654	1
4226814	4226914	1
5734550	5734553	1
7603894	7603893	1
12128548	12128547	1
9270097	9267426	1
5818879	5818880	1
2835689	2666218	1
175810	486208	1
6683841	6683842	1
10194254	10194201	1
12050980	12050995	1
11186785	11186786	1
6794269	6794270	1
5669225	5667460	1
7509644	7509597	2
10709640	10708599	1
11779855	11887530	1
142312	142309	1
3024384	3024383	1
2109221	2109222	2
7328862	7328545	1
11112173	11112174	2
9328378	9328377	1
7606561	7606562	1
3786945	3786946	1
3819471	3819472	1
7430984	7430979	1
8453047	8453048	2
10554712	10497022	2
10376528	10376527	1
12184742	12184741	2
1865452	2190990	1
8799893	8799894	1
9849442	9849441	2
5358060	6428948	1
7563442	7564144	1
10220710	10220597	1
6562082	6529866	3
7771423	7771424	1
1152254	1152253	1
1314567	1314568	1
6528325	6526505	1
1928912	1928952	2
12048504	12048503	1
5447188	5447187	3
5015197	5015198	2
7078724	7077780	1
3532281	3532278	2
1786661	1786662	1
3052656	3052778	2
294463	294464	1
5706755	5706756	1
11332031	11332032	1
6362686	6362685	1
9747240	9747239	1
5843738	5843726	1
7050323	7049084	1
7740577	7745469	2
11723064	11723063	1
4014439	4014382	1
961168	961147	2
1601914	1602213	1
3130013	3130014	1
59147	68227	1
3216177	3216178	1
8958176	8754465	1
1085929	1085930	1
3660733	3660744	1
1013154	1013149	1
7280681	7281050	1
419386	419385	1
2358176	2358179	1
3190558	3190555	1
4480580	4480579	1
9699599	9699600	3
157351	157352	1
7698728	7696280	1
6642001	6641995	2
2196032	2196029	1
6160254	6160435	1
11039873	11040080	2
4423468	10001187	1
4699122	4699130	1
9001911	9001912	1
5050965	5050968	2
6045659	6045614	1
6985649	6985650	1
3369444	3369425	1
9141620	9141619	1
47937	47938	1
10805433	281241	1
7867058	7867055	1
11936479	11936480	2
10482179	10481680	1
11477028	11477576	1
6734774	6601925	1
11517184	11517181	1
4506950	4327593	1
355560	355765	1
6788422	6788421	1
8712524	8709982	1
8017293	8017268	1
1305581	1320197	1
3661808	3661805	1
10296526	10295967	3
9656233	9656230	2
10802563	10802564	1
6010674	6037955	1
4417682	4417681	1
2475153	2475226	3
5323847	5324753	1
7662708	7662707	1
10754548	10754460	1
7201826	7201783	1
5008548	5008906	2
8977229	8977207	1
4829460	4827735	1
7831354	7831351	1
11662159	11662160	1
391446	391445	1
2586947	2586923	2
12360633	12360636	2
3098588	3098610	1
6736463	6736464	1
5531983	5531984	1
11885527	11885145	1
1874473	1874343	1
11869953	11868896	1
11532721	11532843	1
11175962	11175961	1
5136746	5136745	1
6099254	6099253	1
3703171	3703174	1
4689207	4689208	1
4033918	4033917	1
10847515	10847528	1
7667402	7667401	1
395558	395557	2
12136842	12138480	1
3708851	3708852	1
1132751	1132927	1
12796866	12796863	1
11675739	11675769	1
223373	223374	3
5924587	5924588	3
6309900	6309906	1
1269848	1269847	2
6068251	6068252	3
4183876	4183875	2
6983009	6983010	1
1144413	1149034	1
6008067	6008068	1
10081247	10080931	1
4533996	4534072	1
4449736	4449735	1
7556190	7558001	1
1545985	1545958	1
11976272	11976269	1
11412657	11411939	1
552091	552092	1
9115429	9109718	1
16367	218856	1
6926067	6925520	1
6958207	6958172	1
9675770	9675769	1
331756	331716	1
8610749	8610750	1
12146665	12143354	1
2530728	2530727	1
3776917	3776918	1
5660856	5662798	1
4446968	4447134	1
2261026	2261037	1
9720230	9702112	1
12696958	12696957	2
7934122	7934481	1
4926771	4926763	1
6257513	6257514	1
11729767	11729770	1
11290345	11290346	1
3053701	3053704	1
11151143	549577	1
11329704	11329703	1
2207208	2207206	1
8786053	8786054	1
11733669	11733670	1
7138711	7138714	1
4162321	4162322	1
1466510	1466637	1
4514481	4514482	1
8917050	8917049	1
3878986	3878985	2
9571870	9571869	1
3192643	3192644	1
6394300	6394204	2
7161521	7161522	1
11565091	11565094	2
2556034	2556033	1
12176806	12176812	2
1401228	1401227	3
8358698	8208287	1
6720434	6720618	1
12737994	12737993	1
11877375	11877376	1
7378376	7376525	1
1152034	1151968	1
5351442	5351441	2
3783246	3782255	1
3584998	9186663	1
12024269	12026687	1
369187	369190	1
437918	438453	1
9565442	9796195	1
10202004	10201854	1
10502377	10502380	1
11661777	11661780	1
3668440	3668954	2
1291571	1291605	1
7872652	7924299	4
10334427	10334428	1
6080057	6079955	2
5137785	5137788	1
5010915	5010916	1
246718	246717	1
4051729	9077920	2
3981976	3982150	2
10176938	10176181	1
3533135	3533136	1
9690973	9690974	1
11238271	11238272	1
353829	353830	2
8846322	8846317	1
7980057	7980030	3
1642989	1642992	1
11770987	11770990	1
10661881	10661799	1
9676137	9676140	2
398062	398061	1
5474960	5479929	1
12499062	12499061	1
835536	835535	2
3327081	3327082	2
958506	958575	1
2280361	10301760	1
12202068	12202067	1
9279258	9279257	1
12120830	12120827	1
9249508	9249507	1
12226236	12226235	1
3084481	3204536	1
4439376	4439375	1
10456161	7580389	1
6525984	6525983	1
6697122	6697121	2
11733912	11733911	1
8754086	8748519	1
6978968	6978965	1
11832381	11832382	1
10260785	369085	1
3946604	3946644	1
6343523	6343524	1
7650612	7650611	2
173959	173960	1
10167130	10167129	1
279940	279939	1
5728566	5728565	2
434483	434486	1
11100336	11097997	1
11615145	11615171	1
10706494	10706493	1
1321923	1321924	3
4054872	4070349	1
8505958	8504628	1
8558095	8558105	1
9507957	9507958	1
8954701	9011966	2
2892125	2893716	1
11121527	11121528	1
684626	684713	1
7908619	7908620	1
7064241	7064254	1
300034	300033	1
976866	976865	3
2014994	2014993	1
3557982	3557981	1
7092769	4030210	1
4559482	4560561	1
7587011	10680270	1
3870067	3870068	1
9327175	9327176	1
8996025	8995822	1
11654076	11653765	1
6788107	6788238	1
2263411	2263412	1
12436128	12436132	1
6955605	6955606	1
11662726	11663190	1
6417667	6417668	1
4474646	4474645	1
11335394	11348419	2
2773540	2773539	1
3468188	3467716	1
8076919	8076920	2
3009931	3009932	1
3454372	3454426	1
11326406	11326414	1
9911446	9911493	2
8391978	8391044	2
1762188	1762183	1
11394039	11395004	3
4818066	4818065	1
6842077	6861065	1
11289148	11289209	1
10642125	10642128	2
8509123	8509124	1
6269742	6260710	1
5914431	5914432	1
5278022	5278021	3
10838737	10840917	1
5908841	5818878	1
1313828	1313899	1
260251	260252	1
5102205	5102215	1
12531121	12617998	1
284595	284596	1
7713245	7713246	1
4253463	4252073	1
5070861	5070862	1
6335918	6334638	1
7844526	7844532	1
3589187	3562758	1
1564402	1564375	1
6595644	6595834	2
991169	991152	1
5512917	5512918	2
2584314	2584313	1
6210702	6210723	2
2059131	2059134	1
6533180	6533179	2
1322500	1322494	1
2268760	2280041	1
9317692	9317691	1
3276062	3276026	1
6477421	6477381	1
12786849	12786850	1
4330196	4330195	2
8288587	8288588	2
963101	963102	2
6753417	6753549	1
6835143	6835144	2
6636315	6636316	2
11764599	11764600	1
10222916	10219251	1
11255948	11255947	1
10893202	10893196	1
3781968	3781967	1
1456964	1456963	1
6408096	6408095	1
8534410	8534409	1
2799011	2798738	1
2230507	2230510	1
5481460	5480012	1
4804861	4804887	1
2564376	2568496	1
2251181	2015918	1
4091580	4091579	1
10286961	10286962	1
5670411	5670412	1
6264421	6264358	1
2136757	2136758	2
3854887	3854885	1
7679758	7678964	1
10283320	10283251	1
11084146	11084151	1
658569	654805	1
6801985	6801986	2
1721200	1721199	1
5199093	5199094	1
6190637	6190638	1
2973696	2973673	1
3580475	3580547	1
5694698	5694697	1
1675139	1675091	1
727284	727281	2
10547750	10547843	5
7336510	7336509	1
8870571	8870572	2
5427934	5428066	2
7513552	7513551	1
8481048	8481047	1
2791454	2791449	1
5441003	5441105	1
6302257	6302236	1
3634758	3634769	1
7409704	7409703	1
11412515	11412516	2
9903449	9903461	1
4609075	4609076	1
4791304	4791547	1
2143607	2143579	1
6722243	6722842	1
1384429	1384395	1
6624911	6624914	1
12230401	12230402	1
8432263	8432319	1
2394526	2394525	1
8066394	8066393	1
12402929	12402930	1
4994259	4994260	1
5761364	5761363	1
2324903	2324000	1
7750137	7654143	1
11614084	11614083	1
3441070	3441045	2
2762029	2762931	1
4148473	4148518	1
6992056	6985605	1
10584803	10584396	1
3652253	3652254	1
9116754	9116657	1
2374964	2246851	1
861088	861099	1
3494911	3494924	1
10907584	10907519	2
423717	423718	1
1954953	1951301	2
3789101	3787583	1
5238197	5238295	1
6686954	6686953	1
7330057	11645081	1
3407567	3407568	1
783043	783044	1
2773538	2890196	1
7787410	7787407	1
4139176	4139175	1
501846	501851	1
11324564	11324561	1
3400483	3400484	1
10297530	10297524	1
7473174	7473173	1
4086254	4086253	1
11490935	11490936	1
4722875	4722884	1
1893313	1893314	2
9662459	9662460	1
11549686	11549683	1
10237513	10237516	2
6504837	6504838	1
7975124	7975123	1
1299727	1299728	2
7979376	7979438	1
10195179	10195180	3
9642891	9642892	1
9775471	9775472	1
5838148	5838145	1
12201589	12201006	1
8473500	8464032	1
1728987	1728988	1
2041655	2041656	1
11254840	12471056	1
1984311	1979762	1
2009425	2009426	1
2792534	2792533	1
8465473	8465432	1
8530716	8530809	1
1464924	1429412	1
11903266	11903265	1
3676438	3674164	1
4089855	4093128	1
3696247	3696276	1
6829955	6829952	1
11403728	11403753	1
8204924	8204923	1
322236	322235	1
10877331	10879446	1
5359403	5360578	1
4854132	4854135	1
7435804	7435801	1
4606685	4606693	1
5990703	5990704	1
3960716	3960713	1
3860483	3856080	1
1295664	1295663	1
12764351	12764352	2
3047330	3047329	2
5666471	5666472	1
8058398	8058457	1
9263311	9263312	1
5255943	5255946	1
1642949	1642950	2
8988065	8740192	1
4052662	4052661	2
2024163	8952230	1
10011653	10011654	1
10395241	11398194	1
391233	391234	1
7894918	9513454	1
9848315	9848250	1
6305384	6303182	1
3911962	3911961	1
8038285	8038288	1
3291836	3291835	1
799461	799462	1
7778417	7778418	2
11108062	11108061	1
8202813	8202814	1
7157029	7157794	1
5748514	5748513	2
602303	602304	1
6280020	6280019	1
5196726	5196725	1
8672828	8672827	2
5226522	5226542	1
1348744	1348690	1
852346	852345	1
6078879	6078880	1
8032120	8032119	1
2785145	2785146	2
4533822	4533821	2
10650003	10640694	2
6204307	6204305	1
9793208	9793207	1
12239547	12239548	1
3625003	3440143	1
10728057	10728058	1
10228214	10228213	2
2372835	945766	1
784844	784864	1
6101619	667634	1
11172835	11172853	1
10603372	10603350	1
2379100	2354101	1
9067759	9067755	1
12314038	12315031	1
9672145	9672118	1
3667514	3667513	1
6990506	6990505	1
5259071	5259072	1
7730509	7730579	1
96270	96224	1
5400094	5400775	1
11112175	11112176	1
1710952	1710747	1
6040067	6040068	1
8680168	8680167	1
1507780	7000025	2
4551278	4551275	2
1141519	1140709	1
1314101	1314226	2
3000604	3029415	1
4066424	4066421	1
6311756	6311755	1
8762565	8759628	1
5974063	5974064	1
6412245	6412288	1
12303327	12303328	1
439429	439430	1
7355319	7355320	1
608199	608200	2
4293547	4292882	1
9081544	9081543	1
2514125	2514126	1
11010587	11010588	2
9504103	9502163	1
9437597	9437583	1
3856541	3856542	1
11358232	11358231	1
5093883	5093884	1
2834252	2834003	1
6352536	6352535	1
4876999	4876997	1
6403051	6403052	1
10531699	10531817	1
7285965	7285875	1
10081806	10081837	1
7277542	7277541	2
10406290	10406289	4
1111439	1111440	1
886844	886843	1
1569303	1569621	1
9530185	9530176	2
4326979	4327688	1
8574473	8574587	1
7731993	7731994	1
3615831	3607958	1
12748323	12748326	1
12501334	12501333	2
8799722	8799721	1
7191386	7191385	1
4613349	4613350	1
10990373	10993359	1
9699784	9699783	1
8869461	8869462	1
11079167	11079106	1
4716128	4716127	2
8920796	7599618	2
11318180	11318179	1
5801374	5799938	1
3408088	3408091	2
7574739	7574740	1
8851440	8851481	1
11607532	11607551	1
8602097	8602098	3
12662974	12662979	1
9761679	9761680	1
10406623	10467003	1
2613951	2611370	1
7334587	7331589	2
7805019	7804996	1
6909418	6910005	2
3456583	3460107	1
1494912	1494911	2
5451068	5451067	1
6670149	6670150	1
113504	113470	1
7239136	7241057	1
6152574	6152573	1
4247782	4247781	1
4046135	4046136	2
10233470	10232642	1
7012595	7007156	1
1288688	1288731	3
5434465	5434468	1
4092654	9511680	1
2310490	2310538	1
2888797	2888798	1
4481763	4481838	1
1460608	1460605	1
6106460	6106459	2
10669065	10669088	1
8326191	8326192	1
10246092	10246034	1
266261	266276	1
2967355	2966447	1
1979096	1979095	1
8577250	8452961	2
3292485	3289259	1
12559446	12559429	1
12518099	12507812	1
8623383	8623359	1
1804987	1804988	2
5371764	5371859	1
10666843	10666844	1
5943263	5943264	2
6917307	6916000	2
4677197	4677198	1
2663364	2663363	1
4005500	4005497	1
5312819	5312820	2
4372498	4372501	1
9720664	9720663	1
8008861	8008862	1
1826539	1830073	1
12489454	12489505	1
11806410	11805989	1
1537100	1723970	1
1030770	1032739	1
11351709	11351517	2
7400860	7400859	1
7430475	7430361	1
7148691	7148692	1
7738942	7745587	1
189692	2282655	1
991473	991474	1
11599666	11599249	1
9599684	9599688	3
11695704	11695639	1
12718698	12718697	3
8297090	8296930	1
9263359	9263472	2
4839603	4839606	1
9682116	9682119	1
7135417	7135403	1
12302023	12298564	1
2701225	2701230	1
6550025	6550026	2
5380341	487893	1
2901878	2901877	1
10282370	10283569	3
11371476	7821026	1
9945111	9945112	2
2501094	2501113	1
10858695	10858700	1
1007963	7629000	1
3304775	3304776	1
5530508	5530507	2
10061872	11545715	1
7772403	7772347	1
6579241	6579552	1
11174536	11174535	1
12257391	12753441	1
9424578	9424577	1
9668860	9667526	1
11305195	11306199	2
1631573	1631576	1
6642603	6642604	1
1552687	1552688	1
7391432	7391431	1
9274424	9276032	1
2420874	2420873	2
10395462	10395461	1
8612600	8612597	1
8031554	8029811	1
11829056	11829083	1
5227627	5227248	1
2088772	2088771	1
3231790	3231789	2
12401398	12401397	1
6503794	6503793	1
10876739	10876776	2
6778467	6778468	1
10260660	10260659	1
3573044	3573043	1
10281018	10280802	1
53312	53311	1
4219567	4220548	1
5526658	5526655	1
3251947	3257291	1
3951222	10173595	1
7749177	7678397	1
11874275	11874276	1
1144215	1144216	1
4308348	4308324	1
4005498	4005497	1
11118501	11118502	1
12686397	12686398	1
7401978	7403163	1
12492040	12492039	1
3153367	3153359	1
12442642	12442687	1
11820132	11820131	2
881169	882676	1
9337777	9337795	1
8924151	8941580	2
8304460	8502990	2
12426331	12426332	2
12596846	12596828	1
1883438	1883437	2
1791793	4818108	1
105154	105153	2
3139188	3325577	1
3211290	3211289	1
12050540	12050621	1
4521695	4521696	1
7824714	7824137	3
8211213	8211432	1
10387578	10387609	1
12766103	12766148	3
3926302	5270200	1
6455897	6455738	3
11224140	11224139	1
8026842	8026494	1
3245651	3245655	1
6094696	6094695	1
4677404	1130754	1
3758379	3758380	1
11619552	11619555	1
6948319	6948449	2
12123688	12123956	2
9904709	9901554	1
3362162	3356518	1
2222999	2223049	2
7923189	7923192	1
11351799	11351800	1
10399731	10399722	1
2579504	2579503	1
5532823	5532824	1
11563141	11563142	1
7120124	7121570	1
10282372	10282371	1
8441269	8441365	1
3279466	3279465	2
7148600	7147410	1
12056197	12056198	1
7828155	7844525	1
10745637	10745648	1
4042009	4042014	1
2930092	2930091	1
11150239	11150225	1
12429710	12429709	1
7895743	7896790	1
7502757	7503628	2
1564374	1564373	2
3320475	3320476	1
10771485	10770774	1
10746415	10734753	1
1531553	1531554	1
9481142	9481139	1
5089076	5089088	1
4175757	4175712	1
8018689	8018720	1
758080	757896	1
7985074	7983356	1
7788822	7788697	1
2993335	2993388	1
11854734	11854733	2
4110338	4110337	1
6476905	6476906	1
7323897	7323355	1
8879117	8879118	1
7428635	7428636	1
8540700	8542364	1
2621629	2181383	1
8906214	8906213	1
10602336	10602317	1
4092940	4090184	1
5369464	5369492	1
1630499	1635982	1
12021435	12033676	1
1774184	1774183	3
2348439	2347973	1
7751168	7751167	1
11959302	11959301	1
8426840	8426839	1
6160230	6160227	1
7791762	7790713	1
11932132	11856664	1
11007108	11007978	1
5962524	8973003	1
3989753	3989768	1
5549895	5549896	1
6257719	6257720	1
6317853	6542766	1
7735199	7735187	1
6959065	6959344	1
978566	978565	2
12141948	12141625	1
6482036	6482225	1
7577423	7577424	1
11995383	11995384	1
9519505	9519508	3
166049	166052	1
7212812	7212799	1
7032894	7032893	2
9937794	9937791	1
11307745	11310140	1
3977576	3977572	3
3290083	3290084	3
1208379	1208380	1
4938311	4938371	1
998238	998241	1
9467751	9467754	1
9469123	9471256	1
1095743	1095744	1
9903103	9900698	1
2222828	1966677	1
4377080	4377145	1
10824963	6182790	1
2939091	2939102	1
12633133	12633135	1
10584299	10584300	1
7939231	7447856	2
10455683	10455684	2
3667676	3667675	1
6864923	6863844	2
7264409	4699493	1
11567522	11567532	1
5392669	5392670	1
2129442	2129441	1
5423352	5422527	1
3293921	3293937	2
11224101	11224141	1
2431497	2431498	1
7077290	7077289	1
4688475	4709695	1
36001	36011	1
5015197	5015200	1
11911929	11911930	1
1620444	1620443	1
6449872	6451207	5
2873645	2873646	1
4093704	4093827	1
4077405	4077408	1
12768494	12768534	2
11907663	11787683	1
2373544	2373960	1
458645	458635	2
1445588	1450280	2
8806751	8806943	1
6085833	6085852	1
8702553	8702554	1
10361858	10359876	1
7369738	7369936	1
6501407	6501408	1
98846	97617	1
12345367	12345368	2
7551785	7551786	1
5291777	5291778	1
6017013	6016993	1
6099051	6099064	1
7420395	7420404	1
5630633	5630634	2
5573498	5573497	1
9815475	9815476	1
176686	176685	1
3128477	3128478	1
605879	605880	1
8026689	8026690	2
3978544	3978543	2
672400	672399	1
1701861	1700902	1
7325755	7323651	2
7909934	7910861	1
4178379	4177201	1
5208300	5208303	1
891936	891935	1
8026408	8026390	1
11998173	11996764	1
1104391	1104392	1
8293679	8293216	1
9419496	9419495	1
3922438	3922434	1
3237987	3237701	1
7904815	7904816	1
393788	393785	1
11049447	11049448	1
11066915	11066916	1
5442799	5442800	2
5959123	5959124	2
11492314	11492313	1
6208216	6208215	2
2121319	2123148	1
6042851	6043081	1
424321	424322	1
10813272	10813271	1
2245513	2185352	1
168915	168963	1
8344532	8344531	1
2344003	2344004	1
12616552	12616555	1
5333596	5333595	1
6280572	6280571	1
5959729	5959720	2
6998474	7000412	1
7218525	7218526	1
5392386	5392385	1
1092689	1092690	2
52015	52016	1
5514224	5514223	1
8100867	8100872	1
7916677	7916678	1
11185828	6118391	1
7654153	7654154	1
3273024	3273023	1
4056219	4056220	1
5530082	5521021	1
12166105	12153614	1
4709522	4709692	1
8697407	8697368	1
12429689	12429690	1
3640767	3640768	1
10288353	10288354	1
9499212	9499215	1
3946614	3946613	2
11239498	11239497	2
1703552	1703551	2
6250379	6250380	1
1507076	1507075	1
10875352	10875351	1
9932405	9932401	1
10695513	10698881	1
7215512	7215498	1
5549062	5542906	1
2907643	2907673	1
9879381	9879382	1
3514597	3514598	1
3487577	3472294	1
7612888	7612885	2
2445526	2445529	1
3699067	4065091	1
11545704	11546880	1
6875056	6875075	1
4730308	4730307	1
2248564	2247865	1
7201782	7201781	1
43292	43287	1
12037538	12037537	2
12596632	12610349	2
4716653	4716975	1
11802405	11802406	1
6312275	6312276	1
11143076	11143073	1
7297916	7296601	1
3834138	3834135	1
358592	3313153	1
2339744	2339743	1
60518	59856	1
8549033	8549034	1
1074962	1074954	1
3143456	3143459	1
5338228	5338225	1
3130436	3130435	1
2269162	2269138	1
5882129	5882111	1
7429514	7429505	1
408828	407428	1
4021070	4021069	1
4253436	4253433	1
130845	130846	2
9586461	9586462	1
6426062	6426061	1
5163764	5171131	1
129654	128658	1
6957346	6957133	1
2296656	2296391	1
3018386	3018385	1
4785546	4785545	1
869949	880318	2
11344673	11342406	1
12557100	12557099	1
5767928	5767624	1
5350993	4215492	1
5878205	5878206	1
10296601	10296602	1
7879485	7878429	1
648832	648831	2
7777463	7777520	1
2197515	2197516	1
1787448	1787447	2
8578361	8557159	1
5352865	5352841	1
4841284	4841074	1
10984071	10984087	1
8391045	8391046	2
9507853	9507854	1
11807011	5341661	1
7585353	7585354	2
6519781	6519782	2
455812	455811	1
757719	757720	1
2407702	2407701	1
345146	345710	2
10918536	10918883	1
5432825	5432826	1
3634552	3632810	1
5127905	5557010	1
5482424	350510	1
12544371	12544372	1
2518763	2558307	1
1098531	1098534	2
4567313	4567314	1
96677	96678	1
11463541	11463544	1
8468077	1736291	1
4127972	4127987	1
9569671	9569672	2
8199702	8238660	1
5598115	5598672	1
6388145	6388109	1
4143038	4143037	2
10637764	10637763	1
1781192	1773650	1
5738876	5738875	1
289845	289846	1
11264866	11264865	1
3645695	3645696	1
2250775	2250450	2
158566	158565	1
6425564	6425110	1
3006744	3006741	3
1705082	1705075	1
9388034	9388033	2
10061388	10061423	1
4041283	8821413	1
9609926	9609925	1
1154342	1154279	1
11015337	3129295	1
9097723	9097724	1
1822556	1822232	1
5245396	8151153	2
6107128	6108332	2
6760335	6760333	1
166049	166050	1
9772620	9772619	1
10053611	10053953	1
4850183	4850184	1
4115513	4115273	1
1313266	1313265	1
10257973	10257974	1
12556117	12556120	1
843098	934045	1
11863050	11863049	2
11870123	11870124	1
10062588	3799045	1
1069051	1069109	1
792057	791892	1
1789647	1789648	1
12233995	12233998	1
7730828	7962733	1
8564107	8564119	3
10817917	10818019	2
7133154	7133172	1
5259658	5260562	1
10882336	10876709	3
11856268	11858123	1
10749435	10749440	1
7828030	7828029	1
11930245	11930246	1
7709492	7708960	1
2970869	2970870	1
12316243	12316212	1
7966955	7966956	2
8046311	11669259	1
6257103	6253626	1
1327215	1327628	1
4860696	4860693	1
10649065	10649066	1
390354	390353	1
10163216	6570189	2
11055614	11055311	1
9878875	9879313	1
3531371	3531372	1
8153853	8153904	1
11582672	11582282	1
3110270	3110280	1
10448231	10448232	1
1570863	1570864	1
8866869	8871144	2
6422136	6422135	1
11614931	11614932	1
9003803	9003804	1
6673237	6673240	1
10265857	9954686	1
969216	969287	1
5638535	5638536	3
8626880	8626839	1
10600395	10600396	1
9345980	9345965	2
4593481	4593419	1
350156	350155	1
7946860	7946859	1
3774073	3774074	2
7724372	7724375	1
2341806	2341810	1
1575063	1574877	1
2436072	2047417	1
6521054	6521045	2
993152	993151	2
5198064	5170914	1
8043262	8043261	2
11665928	11666525	1
4313559	4313560	1
3260666	3260663	1
12256892	12256891	1
1835840	1835839	2
3899469	3899470	1
10394410	10394550	2
12530658	12530699	1
3480141	3480088	1
2180065	2180066	2
6890583	6890584	1
8184564	8276087	1
3627005	3625989	1
5375700	5375704	1
4255837	4255838	1
7542605	7542606	1
3391496	3391493	1
8258020	8258019	1
8504600	8504676	1
4482173	4338657	1
3985893	3986050	1
7238225	7238226	1
5585825	5585753	2
508196	508195	1
3091939	3091940	1
3594553	3599132	1
280251	280488	1
1320169	1320172	1
2015479	2015482	2
11463290	11463289	1
3248765	3248658	1
1160845	1160846	2
5139565	5149954	1
10403095	10403096	1
2840051	2840052	2
10433708	10433707	3
6397667	6399078	1
6719837	6381044	1
3816597	3816598	1
7956469	7956470	1
5595717	5595707	1
5180521	5180513	1
8202668	1559474	1
2774608	2774520	1
5643951	8848236	1
4997251	4998744	1
1325807	1139697	1
6649187	6649188	1
10470601	10470602	2
3282934	3284280	1
10875054	10874466	1
11237495	11237496	1
3618308	1078965	1
2164973	2164974	1
1797413	10315692	1
10670771	10669422	1
11347103	11347104	1
1530484	1530412	1
8728742	8728738	1
7207079	7206855	1
394433	394434	1
8547143	8547150	1
5095641	5095661	1
6712575	6706940	1
3652000	3652003	1
2837601	2837606	1
7699361	7700036	1
11792465	11792466	1
9833763	9833789	1
8399514	8399620	2
6698255	6698256	1
1307403	5454358	1
8971238	8971237	1
1406892	1413110	2
9001913	9001914	1
8886420	8886419	1
4555642	4555641	2
10653914	10655653	2
4852113	4852114	1
8859601	8859602	2
2478020	2478019	1
627578	627598	1
3109966	3109965	1
5750408	5754588	1
4248998	4249001	1
9156981	9156982	1
11643303	11643304	1
1101823	1101890	1
11539166	11539179	2
1860949	8951769	1
4551276	4551275	1
1638997	1639004	1
3274993	3274996	1
12550221	12550222	1
11257	9725	1
5410718	5410717	1
7245670	7245669	1
7198947	7200126	1
3978079	3978080	3
6801987	6801988	2
11832541	11832542	1
8890245	8890246	1
5056319	5055437	1
1322826	10420290	1
8762526	8762530	1
7896101	7896102	1
11604027	11604028	1
3693401	3693377	1
826735	828615	2
4737488	4737487	1
715289	715311	2
3660847	3632343	1
2045256	2045249	2
8419978	8419977	1
1305272	1304777	1
4435237	4435266	1
6180823	6181087	1
5882220	5882217	1
2967110	2967090	1
10410971	10410972	1
12551580	12550882	1
8941643	8941646	1
4213055	4213056	3
6606641	6415616	1
3122898	182268	1
813078	813077	1
5242346	5242345	1
1570409	1570842	1
10087137	10087138	1
8469447	8474674	1
961706	961705	1
9166401	9166428	1
8038926	8038925	1
909639	907742	1
1984433	1984459	1
9575761	9575762	1
4877467	4877435	1
6785190	6785869	1
8334130	8334128	2
6980753	11364962	2
8008335	8008059	1
4536891	4536892	1
10564989	10535733	1
3137473	12657319	1
1539980	1539979	1
9857486	9862045	1
9684418	9684417	2
10874276	11847431	1
3497386	3497385	1
1480941	1480942	1
587590	109211	1
4737702	4737701	2
11449132	11449131	1
9549995	9550026	1
8713239	8713240	1
7181227	7181230	1
5313015	5313016	1
5292530	5292529	1
2160808	2160807	2
12780898	12780897	1
2036959	2036960	1
521714	521808	1
6805274	6805273	2
10905227	10905228	1
11313624	11314015	1
8226075	8226438	1
11919378	11919396	1
7579848	7579847	1
7653237	7658798	1
6824214	6824122	1
6167949	6154091	1
801811	801814	1
3767765	4123584	3
1988089	1987713	3
10956284	10956281	1
9488989	9488938	1
4629002	4628205	1
1101622	1101621	1
7731872	7742208	1
7383774	7383773	1
10535305	10531346	2
11480690	11480689	1
12731679	12731680	1
6408585	6408586	1
5379343	5378879	2
1636923	1636924	3
9009105	8758206	1
5482349	5482350	1
12268465	12268468	1
9463832	9463810	1
956714	956711	1
1906387	1906395	1
6874744	6874743	2
7868763	7868764	1
3635868	3635867	1
6176261	6176732	1
8692824	8692840	1
1785129	1785130	1
10663805	10663806	1
3033170	3033157	1
492617	491711	1
2026844	2024167	1
4913975	4913976	1
7190666	7191177	2
2779316	2779315	1
1771786	1771785	1
6391344	6391342	1
3987111	3987112	2
4583483	4850896	1
7044596	7046982	1
425906	425860	1
6888425	6891690	2
1712534	1712533	2
1054794	1054793	1
12118863	12118868	1
1731284	1731281	1
10739817	11611658	4
5604062	5965418	1
450087	450886	2
12741642	12741641	1
5478771	5478772	1
1295156	1295169	1
9346387	9346388	1
6820949	6820950	1
286216	286078	1
8864630	8864629	1
5195379	5194618	1
9020240	8777832	2
11484785	11486841	1
7248950	7249366	1
7019138	7018562	2
3928550	3928547	1
7428671	7428675	2
2088686	2088670	1
3376794	3376793	1
11476199	11475683	1
12480352	12480351	1
4264015	4264016	1
9927868	9915174	2
11324236	11324235	1
7059002	7059001	1
769981	769984	2
6411199	6408805	2
5596457	5595919	1
10483069	10482988	2
4646504	4638226	2
10048423	10065528	1
11361337	11361338	1
287869	287870	1
4118916	4118915	1
3941222	3941221	2
6030953	6030954	1
1650802	1650801	1
5566466	5566463	1
435799	435800	1
9654465	9654466	1
7409370	7409369	1
6753214	6753213	1
8014204	8014203	1
8053224	8052128	1
6488772	6488776	1
4204414	4204413	1
6055147	6055148	1
3265580	3265579	1
3031943	3031944	1
1382533	1382534	1
7883453	7993950	1
12802730	12801970	1
5196962	5196959	1
2964991	2964992	1
2038742	2038692	2
3750933	3750934	1
9536002	9536001	2
8687144	8686982	2
7546644	7546643	1
6828358	6827837	1
8018136	8018135	1
5132838	8677573	1
7405900	7403705	1
4498908	4498960	2
12602691	12602692	1
3457891	3457892	1
5072474	5072473	1
8902546	8903076	1
3060406	3060382	1
7821633	7821714	1
11733900	11733899	2
5870368	5870367	1
3884482	3884481	1
3228691	3228692	1
11076078	12539738	1
4222036	4222035	1
7863327	7863402	1
11502819	11502831	1
2741147	2740869	1
2176017	2176018	1
5327254	5327253	2
5786892	5786891	1
3105541	3105542	1
2279004	2279003	1
7006052	7006051	1
786799	786800	1
8421650	8421649	1
7186216	7183071	1
7483036	7483035	1
7396159	7202795	1
10022216	10022215	1
3279668	3279661	1
10908331	10908332	1
2161161	2161162	1
6713870	6713869	1
4404377	4404727	1
11497451	11497454	3
8399100	8157846	1
7466715	7538623	1
7755614	7755699	1
9861095	9861096	1
6591242	6591241	1
9660053	9663273	1
2683926	2684709	1
126109	126110	1
9983031	9983039	3
9827345	9827346	1
365613	365659	1
5382531	5382532	1
6292296	6292295	1
12317783	12317736	1
7475338	7475337	2
4078021	4078030	1
10170359	10170360	1
1084507	3549979	2
350417	352633	1
11878164	11877085	1
8045913	8045914	1
43290	43287	1
4841328	10322563	1
2705072	2705071	1
2537816	2537698	2
6742807	6742724	1
8686110	8686109	1
844680	844679	1
3146363	3146364	1
3696964	3697228	1
8580399	8580400	1
1394810	1394809	1
4270238	4270157	1
7545440	7545454	1
6851341	6902477	1
10901596	10902076	1
11762963	11763000	2
11084080	11084091	1
10997400	10997399	1
6718532	6718531	1
888202	888201	1
6474988	6474768	2
9086507	9086508	1
12814728	12814727	1
2394156	2394155	1
11620512	11620511	1
5553016	5553015	1
11387569	11387570	1
10256226	10256225	1
1205546	1205545	1
4642316	4642336	1
9482027	9481734	1
1045008	1463540	1
1460250	1460249	2
10987862	10987845	1
1108439	1108440	1
11080907	11080908	2
4306193	4304695	1
3193800	3193908	2
9334743	9334744	1
10390086	10390085	1
5012849	5012866	2
12729009	3236444	1
12730915	12738083	1
11814390	11814380	1
8601108	8601111	1
421545	2960514	1
1234125	1234126	1
11131754	11131772	1
1148454	1103760	1
7863507	7863508	1
6750619	6750470	1
2232049	2232050	1
10311014	10311001	1
2925252	2921140	1
5823586	5823585	1
8970624	8970623	1
5537045	5537873	1
8016941	8016942	7
1268851	1266696	1
11116015	11116019	1
3110663	3110664	1
7581702	7581701	1
6340280	6340279	1
10598265	10598251	1
2888729	2898366	1
8751859	8751871	1
7941506	7941505	1
11363306	11363305	1
10813832	10813831	2
7810242	7810105	2
1615785	1615786	2
12374466	12374465	1
943071	942780	1
1960833	1984634	1
9737343	9737335	1
97157	97154	1
6643127	10171426	1
4551696	4551695	1
38021	38022	1
5298862	5298855	1
11221823	524798	2
6495107	6495110	1
10194833	10194834	2
2030078	2027449	1
7836756	11004325	1
2293827	2293828	1
11174994	11174978	1
10976621	6082379	1
1859702	1911818	1
8533959	8533990	1
5130937	5131099	1
11383831	11383832	1
11261860	11261859	2
4458552	4458549	2
804209	804322	2
152332	152331	1
1119208	1119224	1
11909277	11909083	1
9631681	9631209	1
4102182	4102179	1
4066136	4064074	1
5993002	5993005	1
8495886	8244768	1
2868730	2868743	1
11112168	11112167	2
8837015	8837016	1
11716135	11716138	2
12170148	12170147	1
1633205	1632764	1
7776111	7776112	2
8663478	8663492	1
11799549	11799655	1
7283756	7283750	1
7967686	7967641	2
10110194	10110193	4
11156226	11156225	1
9923963	9921472	3
4272996	4269354	1
3993126	3993125	1
1300944	1300933	1
12809596	10963625	3
11600202	11600201	1
10704691	10704692	1
11380575	11380576	2
4993448	4993447	1
7831530	7831529	1
2942998	2942997	1
4066424	4066423	1
5287770	5137729	1
3280646	3280645	1
11926949	4072123	1
200198	2119170	1
10873229	10873230	1
7782928	7782925	1
6937599	6937600	1
1504306	1541326	1
1734281	1734313	1
8685360	8685574	1
11290145	11290146	1
12576906	12576905	1
4126208	11831218	1
6109199	6108755	2
12182743	12182744	1
10866339	10866340	1
7711911	7711912	1
3522274	9543879	1
8642227	8642228	1
7031174	7031207	1
5441245	5441246	1
3691118	3691104	1
6268205	6268206	1
9656221	9656222	1
5220555	5220556	1
6338722	6338711	1
308056	308055	1
1578789	1578843	1
4568056	4568055	1
9261436	9261433	1
58986	68666	2
7388088	7095794	1
12262280	12437609	1
7983030	7983029	4
10339973	10339974	1
242143	232192	1
1663355	1663922	2
1414467	1414468	1
723989	723990	1
11399929	11399930	1
1472767	1473059	1
6715636	6715631	1
5699685	5697509	1
11662179	11662180	1
6717107	6717110	1
10829519	10829520	1
3789944	2771315	1
5145790	5145794	1
121340	121317	1
8439549	8439550	1
7031810	7031809	1
11749447	11749448	1
6551245	6551132	2
522029	521697	1
1665199	1665202	1
4178646	4178645	1
6810491	6810492	1
4147936	4147925	2
8422141	8422142	1
8959334	5976025	1
12013929	12012650	2
5694235	5694236	2
9423918	9423941	1
2583005	2582973	1
2958766	2958765	2
1706988	1706987	2
2198312	2198311	1
10728178	10728177	3
10309077	10309046	1
11110093	11121249	1
6992056	6986210	2
6805609	6178646	2
11451604	11451603	1
2068659	2068643	1
486178	486177	1
9832372	9832361	1
643728	2304914	1
8452530	8452529	1
11586654	7018775	1
7777375	7906459	1
11695336	11695335	1
1853031	1853032	1
6161244	6158804	1
10211543	10211544	1
6863685	6863711	1
10521237	10521238	1
7695078	7694573	1
6280013	6280021	1
460543	459286	5
1132039	1132073	1
2576054	2581814	1
2425169	2425170	1
144318	12156690	1
1777484	1777483	1
10207395	10207396	1
8219281	8221742	1
12553929	12553930	1
6049361	6049321	1
11753727	11753810	1
9095038	9095037	1
10308333	10307929	1
10017252	10017770	1
238198	9764334	1
4248981	4244357	1
5401261	5401262	1
1066037	1066040	1
8091706	8091705	1
11435495	11435498	1
3726544	3726536	1
57412	57623	1
8416244	8416559	1
8679892	8679955	1
1610885	1611101	1
12335001	12335004	1
165767	164243	2
8269061	8269062	2
11584181	11584182	2
10317695	10317696	2
4941719	4941722	1
9858421	9858422	1
7820790	7820568	1
505853	510807	1
1655386	1655385	1
12400795	12400796	1
2883308	2883092	1
6566734	6555391	1
9343202	9343201	1
4539830	4539829	1
10358586	10358585	1
3951794	3951793	1
8130247	8130248	1
9892246	9894597	2
10426636	10426635	1
8351053	8352911	1
9391081	9391082	1
1073979	1074007	1
9871446	398252	2
10392891	12416602	1
10450546	10450593	1
7383239	7383240	2
6587373	6587376	1
267177	267178	1
3050322	3050345	1
1671462	1671740	1
9757004	9757003	1
1283937	1283920	1
7371421	7371424	2
9980436	9980435	2
3832283	3832272	1
900613	900616	1
3528375	3528376	1
7237393	7238721	1
2420996	2420995	1
4405848	4405847	1
5018334	5018333	1
6605979	6605980	1
676956	676955	1
10792327	10792328	1
6213355	6213356	1
609617	609618	1
2026254	2188266	1
5238194	5238191	1
11346788	11345114	1
6752793	6752794	1
8849459	8849460	1
8571447	8570098	1
7895593	7895563	1
1465802	1465801	1
1838057	1838084	1
6897160	6897206	1
11957141	11957142	1
7850686	7850466	2
3129622	3129611	1
6173356	6173355	1
8027730	8027729	1
7522355	7522652	1
6875601	6875594	1
4658817	4658813	1
709741	709742	1
10125031	10125032	1
7428674	7427731	2
5181634	5181631	1
608282	600625	1
2886121	2886122	1
190834	190843	1
12627785	12627786	2
1862922	1862909	1
7383148	7383888	2
11440808	11440880	1
8073790	8301492	2
6612652	6612651	1
6946603	6931263	1
2970806	2970805	1
9969728	9969737	1
7846635	7846636	3
4639012	4639009	1
8490868	8490867	1
6207999	6208000	1
11984089	11984090	3
8348128	8348127	1
10525275	10525276	1
6825484	6825483	1
6170120	6169974	1
9536189	9536190	2
6072901	6072902	2
3291108	3291667	1
8236426	8242027	1
982448	982447	2
2137831	2137843	1
12814884	12814883	1
3988162	3988046	1
5688606	5688609	1
1744136	1744133	1
10698493	10698494	1
1822182	10332045	1
1476539	1550755	1
9760361	9760362	1
11752831	11752832	1
4183927	4183824	1
9470436	9469508	1
7115465	7115466	2
11468329	11468330	1
6551620	6551603	1
1075823	1075630	3
6760796	6760795	1
7906313	7906275	2
7359265	7359268	1
7317506	7316828	1
6631114	6631915	1
2128876	2128875	1
6206434	6205718	1
10275983	10275984	1
10810595	11843437	1
8006186	8006185	1
3078092	3078091	2
4434030	4433876	1
1032826	1033613	1
7830393	7830374	1
12631259	12636707	1
10417944	10417943	2
1703222	1702999	1
6593567	6593568	3
1082661	1082662	1
1299988	1299987	1
10746851	10746953	1
7001087	7001088	1
5366749	5366750	1
5271939	5275073	1
9763029	9763030	1
10531055	10531704	1
4439334	4524982	1
8490084	8490083	3
7374555	7374560	1
10887742	10887741	1
665062	662721	1
11802088	11802235	2
10909781	10908527	1
3526946	3526800	2
11940034	11940031	1
5666490	5666741	2
4083662	4083657	1
6033324	6035036	1
3624974	3624965	1
9348314	6798777	1
4593275	4593247	1
5692184	5693202	2
10097671	10104818	1
5556208	5555790	1
10235528	10235452	1
10378676	10378852	1
8254524	8254533	1
6812584	6812583	1
9067333	9636848	1
9915216	9915215	1
2215517	2215518	1
185869	185895	1
4087547	4040777	1
1102741	1102742	1
1586670	1589866	2
5190	5326	1
11686593	4998550	2
1704598	1704597	1
3194113	3194137	1
8576942	8576919	1
11986082	12001791	1
621398	621386	1
3552705	3552130	1
5802067	5802068	1
2242563	2242564	1
3354834	3354833	1
3747453	6275576	1
7363960	7360989	1
11960851	11960852	1
630451	631253	1
11859422	11859421	1
10656150	10656121	1
12298314	12297783	2
1603332	1603394	1
10794178	10794177	2
3942021	3942022	1
11451416	11391404	1
8790783	9387709	1
1252180	1252179	1
3126310	3126309	2
692301	692139	1
11779225	11779226	1
9753871	9753859	1
838242	838241	1
8756718	8817643	1
8721137	8721104	1
11208304	11208640	1
8046490	8046493	1
1878040	1878631	1
5753803	426027	1
7801829	7802679	1
6638075	6638076	1
6185962	6185961	1
268383	268365	1
8424845	8424846	2
9091946	9091945	1
2448889	2448890	1
10507812	10507811	1
3444101	3444102	1
6721537	6720942	1
10605275	10605276	1
6436868	6438355	1
2009044	2009043	1
2921024	2921023	1
4446251	4446252	1
9022818	9022817	1
5154126	5154131	2
4222135	4222080	1
7534661	7534662	1
595050	595049	1
9020828	9020801	1
6650352	6650351	1
10394971	10397351	1
10308102	10308101	1
2661111	2661101	1
8184638	8184664	1
9614525	9614526	1
12666369	12666406	1
5419655	5419656	1
10422336	10422333	1
3022888	3158739	1
12465182	12465181	1
11584499	11584345	1
11356998	11355420	1
27323	27324	1
10381885	10381886	2
10132284	10132260	1
9425803	9425804	1
10489767	10486955	1
679615	679616	1
3826000	3825999	1
429702	430619	1
1915628	1920846	1
5512128	5512285	1
3864699	3864700	1
1019760	1019759	1
12724607	12724608	2
4268365	4268368	1
10590257	7333261	1
4148399	4148588	1
11632197	7392888	1
6974099	6974100	1
8586395	8586396	1
3651892	3651753	1
1154337	1159604	2
281014	281013	1
1134125	1134126	2
3264048	3264114	1
10899821	10899822	1
8157464	8157463	2
10839589	10840715	1
1092224	1092221	1
925769	925770	1
11335083	11335084	1
9161772	9161779	1
12604890	12604889	1
7419291	7419292	1
5232724	5232721	1
7436962	7436961	1
504388	504387	1
11084940	11084915	1
4836081	4836082	1
294760	294759	1
10523778	10523777	1
5615743	5613474	2
8991896	8991899	1
11920744	11920743	2
5380681	5380682	1
9952000	9951999	1
2149380	2151135	1
10692334	10692333	1
11061580	11061577	1
8206830	8205779	1
637588	542470	2
6414918	6415264	1
9559977	9559978	1
184160	184159	1
2311131	2311134	1
2176015	2176016	2
6453482	6453481	1
12473057	12473058	1
995475	995476	1
10396862	10396848	1
5492377	5492380	1
7201835	7430526	1
2099820	2099826	1
6046391	6046392	1
5138852	5138429	1
8775341	8775342	1
3256842	3256841	1
9522873	9522876	2
8227502	8128894	1
9566818	9566834	1
10455844	10455893	3
466599	561987	1
2866651	2860903	1
3976626	3976598	1
11729771	11729772	1
3547861	3547862	2
1090975	4306143	1
11780941	11781041	1
7983570	7983569	1
3799292	3798993	1
6997558	11267939	1
10933335	10933336	2
6551891	3913319	1
9529123	9529069	1
4076528	3680839	1
1737556	1737555	1
5858586	5858585	1
8827293	8827294	1
4711592	4711340	1
10169251	10169252	1
3271576	3270808	2
2837050	2836702	1
7704808	7704829	1
6872115	6872116	1
3049664	3049704	1
9830805	9830806	1
12421435	12421407	1
3654583	3655790	1
5460299	376095	1
8377557	8377554	1
11801677	11801661	1
10407561	10407562	1
7096358	6847661	1
1943302	1959832	2
3083052	3083049	1
2239197	2239205	3
5755828	5755036	1
844693	844694	1
11564946	11426470	1
6857400	6857399	2
11932916	11930898	1
6778469	6775250	1
10260656	10260655	2
3575539	3575544	1
4826420	4826892	1
5360652	5360684	1
10671989	10671969	1
3732315	3732316	1
6221673	6221674	1
1342909	1468678	1
62236	62228	1
9546709	9546710	1
8358921	8359261	2
223371	223372	4
10445881	10443275	2
7980850	7981311	1
5638392	5638440	1
7760565	7760566	1
5693886	5693885	1
5377477	5710221	1
322586	322590	1
11596642	11596512	1
3191084	3191083	1
11704501	11704553	1
8263026	8262775	1
6049510	6049555	1
7980199	7980195	1
7446497	7680833	1
12617337	12617338	1
3482330	8767680	1
962001	962002	1
6479191	6479192	1
12142957	12142958	1
5179134	5179131	1
11686474	11686469	1
3246410	3246409	1
5935549	5935553	2
8329180	8329337	1
8050373	8050385	1
3501806	3496321	1
11961289	12236975	1
4745965	9434131	1
7852630	7852715	1
4178648	4178647	1
6970717	6970773	1
647747	645204	1
8495289	8498982	1
1226339	1226340	1
2678743	2678744	1
6556881	6555237	2
3398754	3398753	1
10130021	10137289	1
6574288	6574287	1
6750807	6750882	1
3166214	3166186	1
4277734	4277733	1
3029379	3029380	1
6186922	10881801	2
10716332	10716316	1
2005621	1961797	1
12346765	12346766	1
9772682	9772681	2
3367802	3367750	2
1713031	1765674	1
11289104	11289103	2
7030159	7030247	1
1392151	1392138	1
9292121	9292074	1
11221097	11221098	1
5459349	5459350	1
11766718	11766717	1
10162843	10162846	2
10408187	10408282	1
7507824	7501697	1
5732876	8707553	1
12453861	12453862	1
5291538	5291537	1
2788284	3827773	2
5820324	5820329	1
6431592	6431591	1
6902251	6902252	1
5600036	5600033	1
5304203	5304204	1
3922743	3922744	1
2942523	2942524	1
1537416	1537415	1
9092532	9092410	2
322060	322057	2
1152693	1152701	1
6962608	7039182	1
457163	457152	1
9276557	9276558	1
2840834	2837977	1
10912648	10912663	1
2416019	7728649	1
3725755	3713029	1
10416179	10412432	2
9071	9883	1
12523071	12522989	1
5256434	5255865	1
12129548	9088252	1
10675640	1720913	1
6408344	6408339	1
11854063	11856915	1
11086235	11083771	1
6715808	6715703	1
9525568	9523784	1
5710971	5710972	1
3925117	3924661	1
9038062	9038153	1
1647162	1651089	1
4116056	4116052	1
6256411	6256412	1
10137541	10138542	1
2323297	5490908	1
1268783	1268345	1
8539464	8539240	2
3832843	3832535	2
2810230	2810229	3
9674788	9674783	1
3244959	3244749	1
11033496	11032931	1
7705319	7705375	1
11673771	11673630	1
12666578	12694260	2
7446377	7446378	1
911182	911181	1
3709417	3709419	1
10204674	10204626	1
10765960	10765857	1
1068652	1068651	2
7273051	7273052	1
8917962	8917959	1
1667705	1667712	1
10856169	243492	1
4446846	4181282	1
1320171	1320172	1
6547756	6547839	1
7193206	7193205	2
12651994	12652605	2
5973060	5973039	2
10708178	10708664	1
8491263	8491264	1
3597539	3597637	3
6009274	6095549	1
2359567	2359570	1
3645244	3645729	1
11115969	11118954	1
4697363	4697364	1
11143603	11144699	3
11663445	11730485	1
5827299	5822268	3
4125282	3798831	2
11742863	11742864	2
6078882	6078931	1
422471	422472	1
1196460	1196459	1
2117175	2117178	1
6739839	6739842	2
11418946	11418945	1
4953421	4953477	1
11596000	11595986	1
1446854	1794105	1
8682579	8682387	1
7733775	8033212	1
9794417	9794418	1
4845848	4295679	1
10007128	10007127	2
46183	933474	1
8558263	8558238	1
11788344	11788720	1
6972573	6972574	1
8413648	8413647	1
8729865	8729866	1
2567015	746049	2
7872851	7872852	2
9273027	9273028	2
4024868	7214506	1
7225153	7225154	1
6921730	6921568	1
4261488	4261487	2
4087078	4087563	1
5525225	5525226	1
44155	44156	1
12493555	12493556	3
4523983	4523984	1
8230168	8230167	1
1287078	1287056	1
142988	216184	1
774325	774326	1
2513704	2530407	1
7338436	7338379	1
5257217	5247776	1
7821970	7822051	2
332579	332582	1
7261348	7261347	1
1539774	1117806	1
6427395	6427396	1
11985142	11985141	1
47227	47034	1
3126006	12671225	1
10022327	10022137	1
3996514	3996506	1
2922041	2923851	1
6692352	6692332	1
1107707	1116587	1
10459263	10459264	2
7437163	7437127	1
8186328	8186327	1
5802884	5802953	1
2446438	2446529	1
12365172	12370743	1
11282443	11282444	2
4283003	4283004	1
1272856	1272853	1
6840511	6840512	1
9143476	9143468	1
10214271	10214272	1
8358005	8358006	3
12165901	12165910	1
9691579	9546804	1
11019339	11019340	1
4940392	4940391	1
11463661	11463655	1
6903401	6005425	2
4302215	4302216	1
6078610	6078609	1
985174	985173	1
7916496	7916489	1
8420223	8420181	1
107758	107792	1
9173984	9173983	1
6715255	6716562	1
10211349	10211350	4
3757821	3757822	1
2241919	2241924	1
12785780	12226735	1
6424540	6419543	1
2774211	2774212	1
6391360	6391359	1
8975647	8975648	1
5563176	5563168	1
8737078	8737174	1
12655569	12655570	1
1321104	1321103	1
7627692	7627695	1
11148548	11148558	1
4946632	4946631	1
10119164	10119136	1
5422850	5422849	1
3293180	3293179	1
2883683	2889325	1
8580169	8580170	1
2520928	2538149	1
3229941	3230232	1
12668479	3123577	1
970823	970824	2
328535	328443	1
966498	962566	1
7270682	7270602	1
2318525	5501228	1
9424580	9424579	1
5019579	5019580	1
218636	218694	1
12540064	12540061	1
4738565	4738566	1
8333966	8328082	1
3571409	3571410	2
3236169	3236279	1
11730554	11730553	1
32540	32539	1
5219399	5219400	1
2296616	2296613	1
10896246	10896144	1
11447998	11447997	4
7975122	7975121	1
10924653	10924654	1
4116397	3397216	1
5369230	5367870	1
7998419	7998420	1
1093838	1092552	2
3907165	3907166	2
10929766	10929765	3
7564138	7564137	1
8990150	8989347	1
12778604	12778607	1
11796516	11796515	1
6519783	6519784	2
179168	179167	2
7136350	7136349	1
12612301	12612302	1
1557165	1557166	1
10988627	10988634	1
4826914	4826913	1
4507603	4507544	2
1270226	1270225	2
6409626	6408784	1
7734406	7734401	1
543531	543532	1
8720955	8722001	2
7960301	7680761	2
1112810	1112809	2
8045378	8045377	1
8972999	8973002	1
7679836	7680199	1
3685640	3685784	2
3908647	3908648	1
8796133	8796134	1
12476495	12476496	2
11620238	11620224	1
615469	615448	1
6951914	6947312	1
3924484	3924483	2
322234	322061	2
8822785	8822793	1
1021493	1021494	1
7579707	7579809	1
10091506	10091164	1
10254846	11541184	1
3911857	7381655	1
4248993	4248994	3
10586792	7416166	1
3960141	3960142	1
8399544	8399341	1
10885190	10885187	1
2985891	2985892	1
9693296	9693295	1
10804898	10814174	1
7776991	7776996	1
7485200	7485199	1
2201294	2201289	1
2435315	2435316	3
7200564	7200563	1
6743883	6743854	2
1970799	1970812	1
11285687	11284548	2
9372143	9372144	1
7706994	7552639	1
8030996	8030995	1
2394524	2395135	1
8861775	8861617	1
11346333	11308029	1
3322790	3322769	1
8793891	8793892	1
1602072	1602071	1
568768	568767	1
7835229	7835795	1
8130245	8130246	2
5800189	5800133	1
4065701	4066100	1
2805628	2806339	1
8651278	8650734	1
1030693	1030694	2
6666093	6664744	2
7611627	7611628	1
12020771	12035178	1
8057634	8057633	1
11369104	11369103	1
7443684	7443687	1
559466	593615	1
12039789	12039790	1
11816746	11816745	1
7424909	7424910	2
5086432	5086391	1
5296539	5296540	1
6967456	6967455	1
10296843	10296824	1
187699	187778	1
4759479	4759480	1
3477244	3476769	2
6805711	6806717	1
8369087	8369088	1
48878	48759	2
10746351	10746352	1
10281711	10281712	1
794193	794104	1
9761647	9538005	1
6173358	6173355	1
1102433	1102434	1
6004182	6094898	1
3956202	3956201	1
327593	327594	1
6703045	6703078	1
10154809	10154810	2
4449641	4449642	1
10028248	10028245	1
5445167	5445165	1
4271870	4276659	1
6568652	6568651	2
6342835	6342816	1
1623591	1624915	1
7452936	7451622	1
11166970	537959	1
7117023	7116923	1
2311664	2311669	1
969688	969449	1
342318	342317	1
9175951	9175954	2
5135807	5135916	1
4388465	4388466	1
1780557	1780923	1
2341244	2341231	1
10271543	10271544	1
5782904	5784777	2
1146107	1174522	1
218617	218620	1
4403877	4404095	1
7703761	7703762	1
4068181	3965250	1
3152365	3152366	1
10072495	10064420	2
992598	992597	1
10159299	10159766	1
2571497	2571498	2
10217312	10217307	1
4822408	4822735	2
5623146	5623167	1
2075260	2075242	2
7952491	7952494	1
711660	711659	1
11070313	11070314	1
2872292	2872291	1
4481534	4481568	1
1296211	1296212	1
7447649	7447650	2
5956022	5955995	1
6129905	6129981	1
7107264	7106644	1
1093035	1093036	1
7418973	7418974	1
6541330	6455853	1
1511106	1511103	1
10743421	10743424	1
1390971	1116757	2
788181	786285	1
7777299	7777300	3
3995851	3996345	2
3325269	3325270	1
10892985	10893033	1
6605306	6605305	1
5839623	5839604	2
8495836	8495835	2
12801280	12799052	1
8307936	8308107	1
6510628	6510621	1
6103251	6102765	1
4470310	4470309	1
3369461	3372260	3
3155433	3155886	1
1834459	10605750	1
8776582	8776549	1
9464838	9464809	1
4693247	1033307	2
11977108	11977107	1
879852	35769	1
11219807	11219808	1
1473809	1473810	1
4086673	4086360	1
7806934	7806920	1
11500905	11500906	1
9521093	9522872	2
535613	535614	1
7263415	7263403	1
11622814	5959553	1
5635229	5635230	1
12540456	12532132	1
3083535	3083536	1
10911363	10911366	1
2939101	2939102	1
2598904	2598903	2
5253566	5252980	2
5981756	5981750	1
9971208	9971207	1
1269191	1269192	1
3997063	3997064	1
8029433	8006492	1
10168607	10168608	3
11157358	11157357	2
1556516	1558361	1
8965558	8965552	1
8487907	8488028	1
2857388	2857387	1
8569401	8569050	3
10742982	10712639	1
4664475	4664506	1
2928238	2928259	1
8702547	8702548	1
2784577	2784093	1
7917187	7917188	1
9617885	9617677	2
9175346	9175345	1
5737570	5739213	1
4178950	7800084	1
72373	73150	1
1660419	1660420	1
1946086	1946085	1
7080591	7080592	1
5696126	5696070	1
10549379	10549380	1
7793741	7793742	1
7579853	7579620	1
765185	765168	1
3212969	3212970	1
11984759	11984760	1
5612061	5612062	2
2000461	2000462	2
128471	130873	1
7849273	7849274	1
6836250	6836247	3
6287098	6465497	1
12475765	12475748	1
3544693	3544703	1
3726058	3726050	1
6346908	6346905	1
6776667	351604	1
10132805	10132625	1
3576318	3576317	1
3865070	3865069	1
4094838	4094837	2
1326320	1326319	1
12616582	12650656	1
1555660	1435285	1
6382064	6382972	1
370361	370403	1
11664901	11664831	2
9674322	9676985	1
6104065	6104066	1
59777	59778	1
4833370	4833369	3
10997194	10997191	1
9783295	8902100	2
2244982	2244969	1
2784789	2784797	1
1491820	1491819	2
12266920	12264150	1
5213786	5213785	1
2991287	2991300	1
8985413	8985414	2
7619337	7648914	1
8878940	8878939	1
9347530	9347621	1
1378587	1378588	2
3880662	3880661	2
10624418	10624417	1
11597013	11597014	1
10028044	10028043	2
2564600	2434524	1
742572	742571	2
7193619	7193620	1
692113	693903	1
1458216	1458215	1
11993044	11993149	2
12478027	12478028	1
2022539	2022533	1
1162883	1162884	1
229058	229057	1
349693	349694	1
9325501	9326249	1
10301507	10301556	1
630449	630450	1
4006373	3998728	1
1719813	1721788	4
3397894	3397539	1
7767422	7767421	1
2566428	2566427	1
9114839	9146647	1
2579506	2579505	2
8016482	8016622	1
11620575	11620576	1
1324289	1324083	1
2874390	2874389	2
12304871	2834415	1
10860003	10860004	1
9903447	9903448	1
3772652	3772651	2
743135	743136	1
8652479	4937808	1
55743	55744	1
6044277	6044278	1
6106456	6106455	2
9318491	9318492	2
7204209	7204369	1
9336214	9336240	1
11353732	11353735	2
3978981	3978982	2
7086161	7086162	1
5900704	5901599	1
7268201	7268202	1
5385728	5385767	1
12303859	12302274	2
8649987	8649988	1
8032214	8032211	2
3273026	3273025	1
10770685	10770686	1
4570977	4537423	1
7563106	7563105	1
6575558	6575562	1
3314736	3314735	1
12196596	12491911	2
9146248	9152832	1
5423113	5423082	1
2785226	3878269	3
7107402	7107284	2
6204820	6204819	1
10985419	10985430	1
7161805	7161806	1
1769413	1769414	1
1879562	1879574	1
6717164	6717155	1
12423499	12423502	1
3466648	3466641	1
5207515	5207516	1
6872147	6872148	1
11770293	11770294	3
8634113	8634060	1
2671456	2671453	1
8592990	8592933	1
6835337	6835338	1
7255433	7256329	1
3247181	3247182	1
6011853	6011875	1
7957063	7957064	2
8005891	8005892	1
1583239	1583052	1
3561619	3561589	1
3675305	4075059	1
10181283	10181300	1
684148	682054	2
8962603	8962606	1
1946264	1956112	2
518156	518155	1
7383511	7383469	1
2350400	2350399	1
10316319	4618510	1
9975068	9975065	1
7719966	7719971	1
9249384	9248382	2
1552097	1552098	1
74221	74222	1
12232583	12234634	1
1754520	1754509	1
2173875	2173876	1
1987226	1987225	1
20502	19183	1
9701511	9701545	1
1637810	1639265	3
10256736	10253734	2
3015748	3015727	1
6553674	6553679	1
7258226	7258225	2
6842609	6842610	1
8293506	8293505	1
2005007	2005008	1
3755165	3754193	1
8565422	8565421	1
9471462	9471461	1
7037705	7037488	1
10259497	10259498	1
4065769	4065940	2
6509960	6509959	1
5839776	5839816	2
8883628	8883627	1
6007074	6007073	1
12253492	12253491	2
12369944	164509	1
1833050	1833049	1
4484780	4325371	2
4744827	4744828	1
7904489	7904490	4
12172392	12172303	1
12530579	12530580	1
668468	668405	1
10912379	10912380	1
1291109	1292025	1
6777092	6442799	1
9359577	4020054	1
10662471	10658601	1
5291194	5291206	1
5928134	5928133	1
4042728	4042723	1
2935505	2938533	1
5060240	5059663	1
11483294	11487912	1
2644480	2644486	1
1639000	1639963	1
396830	227416	1
1504378	1503415	1
187041	187042	1
1900272	1900271	1
11672170	11672169	1
2206568	2207481	1
3264787	3264788	2
10156751	10156885	1
760314	948754	1
5973906	8964528	1
12470578	12151786	1
8446428	8446448	1
10296260	10296259	2
7807482	7807481	2
583396	9875711	1
5807658	5807657	1
12687434	12687433	1
1822910	1822833	1
7764941	7764191	1
4021091	4021092	1
2271976	2271988	1
12659582	12659581	1
9248314	6626474	2
3314720	3314757	1
5365534	5365533	1
5566326	5566059	1
10977236	10977311	2
3275845	3275789	4
2271642	2271663	1
8792039	8792040	1
10991789	10991790	1
2375706	2375713	1
7850183	7850184	1
11071184	11071183	1
5718744	5718743	1
7251351	7251352	2
12315097	12315098	1
3888877	3888880	1
11738403	11738404	1
8372810	8372888	1
8697401	8697368	1
11474754	11474753	1
5358561	5358631	1
10532764	10534515	1
71625	71640	1
10410975	10410976	1
8722940	8722939	1
12717710	12717713	1
4736847	4736836	1
12805940	12805902	1
6545815	6545662	1
5895488	5895487	1
1777313	8612677	1
218168	218163	2
7420270	7420269	1
2950116	2950035	2
998343	998308	1
1088812	1088811	1
9712943	9712929	1
8698593	8698925	1
10226439	10226440	1
5425584	5425904	1
7158609	7158610	1
6633500	6633499	1
1304370	1304369	1
4538273	4538292	1
12814539	12814540	1
8052649	8052650	1
11864964	11864972	1
7993967	7993968	1
7773803	7773804	1
1082576	1082573	1
570844	570843	1
174465	174468	1
8971001	8971002	1
2144418	2144417	2
5236578	5236992	1
8573333	8573334	1
7819574	7819573	1
10894051	10894052	1
6041360	6156819	1
6901443	6899552	1
10297323	10297290	2
12146203	12508752	1
11632226	11632225	1
7914952	7915043	1
4709081	4709082	1
7906050	7906049	3
1068966	1068965	1
6551787	6553640	1
10252795	10252796	1
9184420	9184419	1
2206335	2077856	1
1753195	1753239	2
2666473	2666474	2
5236952	5236951	1
7214458	7214457	2
2386647	2386706	2
7281136	7281135	1
11729767	11729772	1
6847279	6847280	2
3827644	3827643	1
5667390	5667389	1
1953664	2410187	1
11282042	11322989	1
1320371	1320481	1
11149732	11149731	1
4536940	4586147	1
5786894	5786893	1
6466972	6466971	1
11614076	11614719	1
583396	583261	2
8567894	8567916	1
12130648	12130592	1
1679843	1679844	1
1468590	1468589	1
4744029	5258800	1
2413499	2413506	1
12254013	12254014	1
9343341	9343342	1
10335801	10335802	2
2611014	2611008	2
10157233	10150962	1
10345978	6434359	1
3229340	3145064	1
7837079	7837080	1
11394960	11394873	2
5846903	5847703	1
4207621	4207622	1
1823217	1824804	1
967300	967299	1
10126437	10126411	1
9648482	9648481	1
12694323	12694338	1
9464559	9464560	1
3213352	3213351	1
7736034	7736033	1
8644929	8672829	1
7966850	7966849	1
3904163	3904164	1
9372132	9372014	1
612984	610531	1
4001529	4001532	2
3976349	3976352	2
4181191	4181192	1
7875008	7875007	2
4878888	4879155	1
6145298	6144808	1
9370283	9370195	1
3014095	3014096	1
5400733	5400734	1
7914960	7916211	1
7687637	7687638	1
3230230	3228825	1
11163207	11163208	1
5087256	5087255	1
3230212	3230144	1
5722566	5723931	1
604536	604533	1
9174228	9174225	2
7854920	7852492	3
9772835	90348	1
2178182	1877844	2
1485031	1485034	1
2923843	2841193	1
3359169	3359170	1
10613643	10613644	1
9146500	9159139	1
2926909	2735815	1
4068695	4069706	1
6884704	6884703	1
6566164	6556757	1
10904110	10904461	1
4217642	4217641	2
7856528	7856527	4
8767258	8767216	1
10153859	10153860	1
11335027	11334239	1
12051255	12051256	1
10927861	10927864	1
6900912	6900840	2
6137493	6137494	1
12131498	12131497	1
5862526	5862538	1
8467383	8467386	1
6468969	6468429	1
9422315	9416744	3
6687810	6805898	2
3978852	4843535	1
9792380	9792379	2
11464211	11464212	1
4279175	4279931	1
10453819	1035413	2
4703008	4703007	1
9570166	9570165	1
4058229	4058230	2
177829	176336	1
7520687	7520688	1
12568176	12573065	2
2727179	2727180	2
1174399	1174400	1
251939	12168366	1
6211784	6211774	1
12555733	12555734	1
4009739	4009704	1
11630725	11630726	1
112226	3312889	1
6791357	6791358	1
6684275	6683705	1
11345133	11345139	1
6000211	5971861	1
5573985	5573986	1
6599762	6599765	1
8201821	8201822	2
10011655	10011656	2
9773359	89407	1
2053085	2053086	1
5515848	5515780	1
7962498	7962487	1
7059663	7059664	1
6699355	6701769	1
5641036	5641035	1
10432342	10432268	1
263201	263226	1
11098784	11099734	1
9683611	9684140	2
4427759	4427760	1
11728419	11728402	1
2936454	2939092	2
6568160	6568159	1
196516	196503	2
716217	716218	1
9837996	10222616	2
5160361	10241568	1
6096301	6096302	1
10995987	10978307	1
11322728	11322680	1
9616356	9616355	1
11067958	11067957	1
11773339	11773340	1
8273152	8273151	1
7655687	7655688	1
9581709	9581710	1
10327583	10327586	2
9924392	10080636	1
11407545	11407704	1
10399819	4539580	2
772690	772930	1
9783575	9783576	1
5311052	5311051	1
3588850	3588849	2
10695022	10694842	1
2309215	2309220	1
10433089	10433090	1
6176406	6176405	1
7014409	7102086	1
995490	995451	1
10983137	10983203	1
1533842	1531746	1
1177192	1234046	1
8658193	8658194	1
8869892	8869887	1
11877782	11877791	1
1587432	1587670	1
3816403	3816404	1
10195904	10196080	1
5465031	5465032	1
11461563	11461763	1
1396966	1258912	1
4439659	4785719	1
1103950	1103949	2
8793247	8792931	1
5878949	5878950	1
8665008	8665005	1
10519632	10519627	1
3718749	3727747	1
5967785	5968162	1
6394082	6394303	2
11356535	11356536	1
6438474	6438473	2
3427759	3427760	1
10424080	10423981	1
10006595	9890294	1
6715533	6715505	1
1100718	1098952	1
2975401	2975402	1
9911448	9911447	1
9154308	9035683	1
7804800	7804799	1
4415919	4418035	1
11778493	11778494	1
648830	648829	1
10575059	10574493	1
639305	645532	1
10888481	10888734	1
8905155	8905297	1
7284110	7283289	2
3963082	3946615	2
97147	97156	1
3017733	3017734	1
5274789	5274790	1
9147872	9147871	2
6690302	6690822	1
5669399	5669400	2
3903345	3903346	1
350154	350151	1
7838116	7838115	2
5014499	5014967	1
990990	991031	1
3940539	3940540	2
4430546	4430545	1
151193	12158460	1
8378427	8378428	1
7199975	7200031	1
1460531	1460539	1
2109219	2109220	2
5750840	5751967	1
10806654	10806653	2
2518430	2518843	1
10756643	10756245	1
5018582	5018547	1
10478390	10478577	1
11516920	6277369	1
5938197	6213481	1
8045660	8063243	1
881291	2267916	1
10998128	10996999	1
12618721	12618722	1
1783587	1783588	1
1237836	1242243	1
9156983	9156237	1
5937229	5937182	1
7446402	7446401	1
7446433	7446434	1
3035751	3035754	1
7455102	7455101	1
5117082	5117068	1
11011667	11011668	2
2309594	2309253	1
6870394	6870393	1
7837003	10973114	1
5008390	5008401	1
11732475	11732476	1
1694115	1694116	1
4344444	4612430	2
10965609	10965610	1
7522125	7522126	1
2615969	2617015	1
3673086	3673085	1
12527644	12527670	2
7323897	7323353	1
585052	585051	2
6681138	6681137	1
7741748	7741747	1
7919456	7919455	1
7011685	7012361	1
11161817	11163533	1
4600255	4600256	1
11305597	2689572	1
2872780	2659785	1
1336645	1059083	1
11703183	11703184	1
8402542	8402464	1
3681186	3681185	1
5936306	5936305	1
4798850	4834267	1
6186391	6186383	2
8282785	8282786	1
7141935	7141936	2
9699595	9699596	2
5359732	5358478	1
1145961	1145964	2
860610	860607	1
11037142	11037141	1
3510133	4272830	2
11406803	2986692	1
10127299	10120189	1
325844	325843	1
3263609	3986025	2
6297848	6297847	1
2828102	2828089	1
7470408	7470407	1
820093	820094	1
3418111	3417658	1
5050141	5050142	1
4397122	4397121	3
10108781	10103123	1
8384105	8384106	1
4301627	4301628	1
5889938	5643985	1
9889239	9889237	1
2909604	2909603	1
2072917	2072918	1
8542290	8542289	2
3233518	8000926	1
8985611	5959490	1
7374630	7374629	1
8440173	8439827	2
4834043	4834035	1
10256847	10250503	2
3787093	3787094	1
5046489	5046013	1
1726454	1726152	1
7793842	7793841	2
7818418	7818417	2
985172	985021	2
2506050	2506055	1
3294343	3294344	2
3717083	3717084	1
4093826	4093813	1
1365871	1365872	1
1295963	1295964	1
6167291	6167344	1
5555818	5555817	1
6457702	6457701	1
6566298	6566433	1
5924834	5925176	1
2243012	2370815	1
12334579	12334580	1
338593	338594	2
7430469	7429057	1
6265527	6265528	2
6455230	4988131	1
7462457	7462458	2
3947537	3947571	2
1453027	1453283	1
8321066	8321975	2
7116035	7117445	1
2282149	2282242	2
11320989	11322924	1
5098	5101	2
5985794	6001911	2
113507	113484	1
417718	418900	1
9539488	9539487	1
6782669	6782670	1
7871271	7871272	1
7904618	7904617	1
2033241	2033242	1
5616717	5617274	1
6457024	6341451	3
8569168	8569167	1
644749	9620067	1
3883413	3883414	1
11431583	2709583	1
7574739	7574815	1
1518881	1518884	1
12610809	12610825	1
1590863	1590840	2
2217472	2217492	1
5946853	5946854	1
3775187	3775188	1
6021375	6021378	1
9900921	9900922	1
8694853	5132788	1
7091496	7091495	1
9499214	9499213	1
10459179	10459180	1
6590177	6590178	2
10366803	10366804	3
8707151	8707125	1
12343351	12343352	1
3696258	7960256	1
6109953	6109954	1
11864777	11864765	1
1923469	1923508	1
49485	49699	1
7208148	7207974	3
8775673	8775674	1
5688764	5689199	1
2788281	2788287	2
4440128	4793279	1
2348075	2348640	1
2830542	2830541	2
11317018	11317052	1
5404596	5404593	1
9029714	9029960	1
11206748	11206747	1
9792333	9792334	1
9651097	9651098	1
2104156	2104155	1
7050989	7052200	1
6802130	419307	1
9467675	9467676	1
7792677	7792667	1
9719144	9719149	1
1679569	7141685	1
6523750	6523749	1
10262886	10259882	1
11487899	11487900	2
9285045	9285046	1
6130168	6130167	1
5436103	5437007	1
11125616	11125615	1
593210	593209	2
2065461	2022765	1
4366823	4366824	1
3555650	3555649	1
4279346	4279345	1
10195627	10195628	1
7295222	7295221	1
1250148	1120151	1
12678241	12678242	2
3202785	3202788	1
5916550	5916679	1
8557753	8557754	2
6554713	6555818	1
7680635	7680356	1
2920560	2920549	1
6161387	6161388	1
4987514	4987513	1
9075184	9076066	1
5545843	5545844	1
1235311	1236538	2
712421	712415	1
10067496	10074906	1
12183024	12183027	1
10713322	10713321	1
12493551	12493554	1
430144	430143	1
969286	969285	1
1015838	1015837	1
4785796	4785795	1
1719832	1719835	1
3981976	3982148	1
6532199	6532200	1
1311495	1311513	1
10677543	10677544	2
7223190	7223187	1
5056970	5049931	1
5218652	5218651	1
4654144	4641023	1
11630685	11630686	1
2965913	3121682	1
7205432	7205431	1
5624283	5625524	1
4285853	4285854	4
8636228	8636215	1
5867874	5867873	1
886805	886808	2
11533906	11534134	1
8433831	8433832	1
9727361	9727355	1
3546927	3546928	1
9030095	9030096	1
6409857	6409860	1
5435408	5461277	2
8097275	8097276	1
2471460	2476030	1
8861269	8861270	1
1455910	1456295	1
272978	272959	1
3233702	10972806	1
10894939	10894782	1
6993781	6993136	1
963535	965183	1
11845378	11845426	2
895147	895148	1
7375751	7375752	2
228100	228099	1
6287470	6224891	1
6752030	10215655	1
4001723	4002143	2
12204503	12204471	1
871061	3058893	1
59346	60154	1
3639386	3638602	1
12164058	12164057	1
7828725	7828782	1
12805286	12805285	2
8860891	8860877	2
4038550	4038549	2
7218844	7218847	1
9482802	9482801	2
7763988	7767618	1
1311168	8423088	1
4545716	4545715	1
6425696	6425695	1
9231638	4561664	1
2607732	2609497	1
6132543	6130824	1
6405420	6405466	1
4526635	4526638	1
11054811	11054814	1
7613005	7613179	1
10707781	10707767	1
10205045	10205046	1
2530781	2483549	1
9951387	9951388	1
3527830	9543267	1
3125775	3125959	1
852502	852903	1
11339401	11335218	1
12728071	12728072	2
3613811	3491497	1
8221592	8221579	1
10646820	10646805	1
3320344	3320333	1
4585971	4585851	1
7526700	7526699	1
8825763	8848680	1
154521	154522	1
8869975	8860669	1
9766783	9766834	1
4387471	4387472	1
9813202	9813201	1
12785972	12785971	1
7985989	7985990	1
8534843	8533956	1
1972765	1972766	1
7434879	7434928	1
1546624	1546534	1
11358230	11357806	1
6736463	6736466	2
1857353	1858336	1
10993574	10993573	1
6281322	6281269	2
4958302	4958286	1
8450296	8450266	1
11020722	11020721	2
451002	451001	1
2088211	2088212	1
10113344	10113343	1
6780645	6780646	1
11121151	11120760	1
1968034	1961135	1
4822505	4822506	2
3116694	3115776	1
6085661	6085662	1
3948573	3948574	1
8227383	8227388	1
5856983	5856930	1
10689913	10686670	1
11034852	11222224	1
9495006	9495003	1
8071453	8071454	1
8709294	8709293	1
1079169	1079165	1
6708718	6708717	1
10247378	10246099	1
6443382	6443381	2
10450966	10450989	1
145251	145254	1
12535112	12535111	1
3728030	3728013	1
1727234	8482909	1
4829826	4829825	1
696165	696166	1
769391	769392	4
6154781	6155139	1
602887	602888	1
7918424	7918423	1
3824214	3824213	2
9339930	9339747	1
3988627	3988414	1
5600314	5600576	1
5168646	5168645	1
10473519	10473541	1
5655436	5661894	2
4821285	4824478	1
10449310	10449309	1
3629969	3629970	1
885249	885250	1
6815869	6815870	1
6742770	6742769	1
12337431	12336548	1
10265496	11536256	1
1765242	1765239	1
7630278	7630277	1
3329564	3329563	1
11449558	11449555	1
11369226	11369231	1
10901713	10901118	1
5423111	5423112	1
11435169	11435242	1
7595248	7595247	1
10340882	10340881	1
3028497	3028500	1
2450387	2450388	2
9660016	9660015	1
6754422	6754421	1
6857801	6857802	1
6328017	6328018	1
9770928	9770944	2
11884109	11884016	1
3552083	3552084	1
8008185	8008186	1
5483073	6793404	1
3318301	3318302	3
4691655	4691656	1
4794258	4794318	1
9004804	8751207	1
11700359	11700360	2
9125215	9091442	1
1697062	1700183	2
5891444	5891443	1
5461578	5461575	2
2382572	2333514	1
1175829	1175830	1
4116535	4116536	2
1328182	1328642	1
3753873	3753935	1
694794	694793	2
6516527	6516528	2
11641340	11641339	2
11084917	11084918	3
12774625	12774645	1
8101385	8101848	1
7101234	7101200	1
7694222	7995314	1
4959447	4959389	1
10655154	10655153	1
11121899	10952597	2
3964855	3959530	1
3798326	3798318	1
7366505	7366506	1
5190616	5190601	2
4351642	4515116	1
8839925	8843568	1
11709486	11709180	1
4313217	4313367	1
5839596	5839867	1
5519512	5519507	1
12041077	12041078	3
10641478	10641475	1
3262490	3262495	2
3701322	3701321	2
4378042	4376709	1
2690899	2691345	1
3090111	3090112	2
7703304	7703303	1
8821024	8820965	2
7288714	7166440	2
3968408	3968407	2
3048505	3047307	1
7145349	7144509	1
48878	52612	1
10789955	10789958	1
12011733	12005822	1
11760583	11760584	1
212771	212772	1
1082128	1082084	1
6003645	6009595	1
8832455	8832456	1
6739480	6739458	1
4686032	4686031	2
8576905	8576542	1
8824144	8824143	1
8680092	8680075	1
10358101	10358469	1
7409372	7409371	1
1710896	1710814	1
11891903	11891904	1
11183612	11183611	2
10775282	10777248	1
8659934	8659933	1
6830866	6830863	1
7776534	7776524	1
3792591	3792592	2
11023529	11023532	1
3737776	3737775	1
3907615	3907601	1
5353584	6413947	1
1975204	1975203	2
5041960	5041986	1
12808012	12808009	1
12138411	12135929	1
4708526	4708470	1
7742592	7742595	1
6272203	6272204	2
4268469	4268250	1
9979174	9979173	1
1177661	1177662	2
11699260	11699259	2
6310681	6310682	1
11519196	11519195	1
12722020	12722019	1
4913667	4913668	1
3431466	11723541	2
157511	160316	1
6450669	6441481	1
10372471	10372472	1
4418536	4418535	2
3659881	3659882	2
10895316	10895315	2
10029325	10027421	1
8913676	8913675	1
8734840	8734814	1
10072845	10072846	1
7739074	7739071	1
2277168	2277167	1
5374107	5093956	1
6718072	6717473	1
8150214	8150314	1
11382906	11382905	1
279959	280886	2
10418698	10418695	1
7895342	7895341	1
11187250	11187152	1
625176	562532	1
8495435	8495436	1
4049657	4049662	2
2281217	2281222	1
2336165	2336156	1
4289574	4289573	3
2638362	2636573	1
2666171	2666172	1
9248898	9248886	2
451073	451074	1
6333947	6333360	1
6241538	6241537	1
3329562	3329793	1
3493272	3493213	2
4134231	4134232	1
1119493	1119494	1
11987709	11987712	3
872129	872252	1
884024	882638	1
9657324	9657319	1
7510233	7510234	1
1090244	1088725	1
11145014	11145009	1
11559250	11559247	1
570900	571407	1
8372010	8372009	1
2581684	2581683	1
418217	418218	1
5893743	5893744	1
6090225	6091173	1
6064644	6064686	1
2222176	2222173	2
11673451	11673452	1
12258754	12255102	1
10990965	10990966	1
6585938	6585971	1
6462205	6461927	1
1724698	1724836	2
6730372	6730371	1
2096641	2096644	1
4556788	4556745	1
485292	485291	2
7946860	7947075	1
11970193	11970102	1
8067281	8067298	1
6861310	6861578	2
12459001	12459002	1
5352011	5351902	2
8921979	8921980	1
6080084	6089010	1
6224550	6224549	1
560645	560646	1
2214476	2214475	1
10876315	10876316	3
9777061	87682	1
8790783	9387707	1
4851853	4851864	2
6269283	6269284	1
8130207	8130943	1
10754355	10753780	1
4432857	4432858	1
8439533	8439534	1
9016121	9019860	1
7340908	7095733	1
1148780	1148777	2
9428830	9428900	1
8958299	8958020	1
3104805	3104806	1
7434602	7434601	2
10197034	3940538	2
9439064	9536626	1
12452226	12452223	1
9433674	9433673	1
117711	117867	1
10334394	10334393	1
5153210	5153252	1
8508523	8508524	1
667292	667291	1
4863865	4863887	1
6736459	6736462	3
1639005	1639006	1
6536878	6536877	1
122110	122072	1
7013835	7013790	1
1111676	1111675	1
356664	356681	3
3016624	3016623	1
6007091	6007092	1
3532280	3531370	1
4854756	4854755	1
7675339	7678876	2
4724004	4724003	1
5385822	11775285	1
694712	694709	1
5550332	3679743	1
12735255	12735256	3
159173	159149	1
7641497	7641607	1
7075907	7075908	1
11593377	11593228	2
11266607	12485757	2
3924955	3924956	1
11389257	11389282	1
7409099	7409107	1
7399638	7397569	1
1087195	1087196	1
3103375	3103385	2
7212415	9342909	1
192967	192968	1
7200234	7199992	1
11851861	11851862	1
158916	158915	1
10489300	10409848	1
6127239	6127240	1
2247127	2247148	1
7197706	7195386	2
7069446	7071094	1
1101362	1101361	1
1591391	1591392	2
1293784	1293783	2
10381047	10381048	2
5317644	5317661	1
5832845	5830017	1
4283375	4283376	1
7211484	7211475	1
992596	992595	1
963176	963175	2
7608425	7608426	2
11126650	11126649	1
9915681	9916732	2
7827231	10860745	1
10133981	10133996	1
2187770	2187561	1
7350868	7349984	1
3959422	3959316	1
6572560	6572559	1
11465513	11465503	1
1545503	1545504	1
6708329	6671766	1
11680137	11679002	1
12187131	12187753	1
9853336	9853335	1
3612111	3609232	1
1974823	1974555	1
10720563	10723570	1
12797454	12797394	1
8826457	8826458	1
4795544	4795543	1
12345283	12345284	1
8788608	8788359	1
7875966	7875940	2
326258	326257	1
3538051	3538052	1
2257841	2257844	3
6774522	6437738	1
11509640	11510301	1
1500615	1500616	1
971454	972087	1
4643719	4643720	1
6950242	6950234	1
11050333	11050050	2
22590	22540	1
2189806	2189801	1
9586576	9585455	1
10674729	10674730	1
4846723	4846724	1
7275257	7275258	1
11584058	11584057	2
4145959	4145960	2
2063668	2063667	1
12203261	12203264	1
1224642	1226403	1
9183113	9183114	1
12284087	12284088	2
9168635	9168636	1
9995305	9994944	1
6025520	6025519	1
5547228	5547227	2
5595575	5595576	3
6045662	6045630	1
5708613	5708614	1
2407768	2407767	1
11072386	11072385	1
7159555	7158183	1
4676803	4676804	2
6669902	6669901	2
9344061	9344062	1
6436735	6436736	1
8666924	11909141	2
3927732	3927731	1
4559846	4525117	1
5927376	5927369	2
9515920	9515909	1
263029	263042	1
3990676	3990675	2
2968868	2968867	1
3007221	3007223	1
2646318	2646315	1
1188803	1232125	1
7942076	4284796	1
3336380	3336379	1
3888709	3888710	1
9513126	9513125	2
7826849	7826833	1
6862288	6862179	1
4541500	4541499	1
5430607	5430608	1
3234873	3234874	1
8632373	8632484	1
8601762	8601761	1
5704720	5704926	1
10195102	10194626	1
9341020	9341019	1
3080516	12654972	1
10896236	10896190	1
5231191	5231192	1
6464512	6463540	1
5621474	5621467	1
3146931	3146831	1
11232366	11230090	1
3122725	180260	1
397377	397378	1
3411829	3411830	1
12600257	12600258	2
7473835	7473836	1
2545327	2545094	2
7055739	7055740	1
972362	1154724	2
4157240	4157239	1
10556828	10556815	3
11700920	11700296	1
10294535	10295221	1
10230328	9831002	1
8830492	8830482	2
7339348	7336730	1
12798086	12798085	1
1106667	1178721	1
11082338	12556568	1
7671853	7671907	1
3881073	3881074	2
1729030	1729029	1
4476625	4476549	1
12359849	12490210	2
2256555	2256556	1
5096853	5096858	1
2946200	2946199	1
9713497	9713550	1
6612647	6612648	1
4338342	4338341	2
129939	129940	1
178526	178492	1
122052	122111	2
3107260	3124097	1
11173208	11173225	1
3567847	3567850	1
9586465	9586466	1
5008680	5008679	2
5784228	6115008	1
8817674	8817673	1
11834092	11834091	1
7821311	7821312	1
10572988	10572985	1
10896962	10896961	1
8320397	8320398	1
5621638	5620652	2
9850350	9850349	1
111380	111379	1
7452334	7452333	1
9818699	9818700	1
8393008	8154677	1
2944291	2944237	1
7056828	7056702	1
1832832	1832880	1
7953471	7953472	1
2545798	2545797	1
5704731	5705235	1
3368031	3368054	1
108588	110634	1
2964376	2964375	1
5913906	5914654	1
769389	769390	5
9997861	9997862	1
12125117	12125112	1
7285543	6989899	1
12547937	12547812	1
8729647	8729648	1
8675169	8675156	1
1253368	1253367	2
11102623	11102624	1
1835260	1835257	1
5368953	5368954	2
618273	618274	1
9095596	9095833	1
11740966	11741094	2
1339133	1339134	1
6025964	6025961	2
785318	785317	1
9787286	9788964	1
11675515	11675501	1
11555061	11555062	1
6554299	6548193	1
6579245	6579268	2
11901942	11901941	1
10112369	10007582	3
6260884	6259898	1
255683	255663	1
8789621	8789622	1
10133535	10133499	1
3268380	3268379	2
6978132	6973207	2
6433204	6429169	1
5562812	5563588	1
10516948	10516947	1
4858105	4858108	1
2457945	2456806	1
3556170	9524552	1
8472261	8472262	1
9719870	9719869	1
4733884	4734683	1
12612333	12614780	1
9684850	9684849	1
5170423	5170424	1
3291502	3291501	1
911944	911939	1
10112369	10007584	1
2250839	2250845	1
5569528	5569525	1
4772200	4772199	1
12471833	12471787	1
11614643	11614059	1
6715704	6715703	1
2471560	2482720	1
9932222	9932822	1
2865326	2865325	1
7365604	7323510	1
9957417	9957559	1
2061317	2057622	2
3402903	3402839	1
9479229	4030877	1
3397756	3397491	2
8461491	8461492	3
6346569	6346570	1
3723314	3723385	1
11548690	11548660	1
7548747	7548750	1
6426867	6426948	1
4446156	4446149	2
2066778	852359	1
4260375	4260376	1
10536058	10536051	1
2778498	2817599	2
5096495	5097118	2
4431244	9877716	1
2278390	2278389	3
3443278	3443277	1
3954966	3954965	1
1379842	1379899	1
7907240	7907653	3
1944938	1944937	1
11914509	11914510	1
2261687	2261688	2
5238421	5452844	2
9650887	9650875	1
4543718	4543717	1
12659245	12632102	1
1472027	1472016	1
6548905	6554618	1
4312453	4312456	1
4936722	4936721	2
2315018	2315017	2
1028173	1030103	1
11972436	12002235	1
9261563	3689768	2
4611409	4611412	1
8769508	8769507	1
6730100	6730099	1
999581	999563	3
4375884	4375883	1
3035755	3035742	1
103085	103086	2
8659221	8659222	1
10334123	10328177	2
10921289	10920971	1
6932338	7060726	1
8363708	8363707	1
11335396	11335395	2
7712287	2000340	1
12796886	12796885	1
5549853	5556502	1
9456034	3749420	1
950571	950648	1
9291199	9291149	1
6663134	6663252	1
5821665	8500763	1
331847	331848	1
10987562	10987578	1
9935235	9935236	1
6635284	6636310	2
4676383	4676384	2
4846397	4846398	2
6828183	6827643	1
4577152	4577149	1
3072777	3070079	1
8296153	8296156	1
6534456	6534611	1
10986194	10986241	1
1825228	1827294	1
12719564	12719563	1
2751429	2751434	2
9965816	9965815	1
964819	964820	1
1520050	1520049	1
8167707	8159152	1
6009222	6009221	1
7244392	7244389	1
8919850	8919849	1
6131945	6131946	1
8400528	8400527	1
7027236	7026196	1
12658430	12658429	1
325371	325372	2
7832676	7831402	1
10075430	10075429	2
11157621	11158117	1
3569538	3569519	1
11037411	11037412	1
5497963	5497964	1
7811703	7811704	1
645324	6765774	1
11220031	11220032	1
7917680	7917739	1
12172364	12172363	1
11131756	11131755	1
8549067	8550061	1
8373784	8373783	1
189554	189530	1
3993341	3993342	1
6402212	6402209	1
6636464	6636463	2
6371914	6371909	1
4307222	4307221	1
5558805	5558806	1
5556503	5556504	1
3926476	3926455	1
5628918	5628252	2
4879986	4879985	1
5936697	5960440	1
12748325	12748326	2
506851	506852	1
9739689	9739690	1
10423416	10423413	1
2899538	2899541	1
1527279	1527280	1
12203886	12203885	1
1093159	1093160	2
1014830	1532353	1
3049705	3049706	1
7315200	11639060	1
2751810	2751809	1
684666	686681	1
3643345	3643346	3
6592399	6578317	1
8450791	8450709	2
12670929	12670930	1
3521663	3521664	2
11400921	11400922	1
12386229	12386230	1
3279570	3279569	1
6059087	117273	1
9507171	9507172	1
3395343	3395344	1
8792916	8793704	1
149128	252562	1
10516399	10516400	1
4676521	4676522	1
9740848	9740826	1
6243351	6243343	1
2493697	2493619	1
2030414	1895541	1
10908087	10910126	1
5537923	5537914	1
6213309	6213310	1
7802757	7802758	1
8316001	8313725	1
9681260	9681259	1
5432213	5502963	1
8632855	8633069	2
10279724	10279550	1
7737575	7737834	2
624538	624537	1
5004277	5004288	2
8107883	1777432	1
4552701	4553063	4
12325265	12326364	1
10395528	10395527	1
8338054	8337917	1
12632469	12632957	1
9280758	9277753	1
11999864	11999863	1
11249665	11257341	2
5854385	5854417	1
7673713	7673718	1
9331972	9312006	1
10412942	10411711	1
2371899	2371900	2
5788553	5788554	1
6053002	6053001	1
10297732	3356338	1
2941913	2942794	1
6816634	6816607	1
6117080	6115254	1
709350	703058	1
10140637	10140638	1
9190718	9189905	1
3521589	3521590	1
7592875	7592830	2
12384481	12384482	1
7428637	7428638	1
5903485	5624043	1
10982783	10982665	1
11660813	11660835	2
2230535	2230536	1
2761095	2761100	2
5259170	5259165	1
4123117	4123118	1
3438395	6463607	1
169315	3328863	1
3303582	3303577	1
12720562	12720561	1
9070145	9639600	1
11633274	11633526	1
6687434	6687433	1
8958199	8957187	1
9319821	9319822	1
10959712	10971474	2
3498880	3499108	1
7575031	7575032	1
1468140	1468087	1
10690151	10690152	1
12784127	12724753	1
1375874	1218364	3
11589135	11589136	1
6415546	6417143	1
4299503	4299521	1
1114682	1179310	2
5613591	5613592	1
4077399	4077408	1
7005001	7005002	1
4045917	4045918	1
5143216	5287893	1
11188254	11188253	1
12301841	12280061	1
3958746	8010234	2
528806	528805	1
4010526	4010523	1
4806993	12765347	1
6052773	6052776	2
7526366	7526398	1
7292914	7292913	1
11675777	8046532	1
6712617	6708959	1
12737869	12734208	1
10289125	10289113	1
7216000	7215999	1
12458854	12458853	3
7853914	7854987	2
2202466	2204461	1
317330	317329	1
9592909	9592910	1
7755579	7757014	1
10760505	10760108	1
2441712	2441711	1
10477695	10477696	1
2311684	2314545	1
9898654	9898653	1
1794524	1119418	1
4911313	4911314	1
6424767	6424768	1
6773997	6773998	1
10629498	1421792	1
7736003	7736004	1
800129	800123	1
11253449	11253450	1
2298578	2298581	1
11386329	11386836	1
9793001	9792642	2
6184110	6184107	1
240688	240512	1
8030589	8030426	1
765290	765289	1
8739497	8739544	1
1719711	9396178	1
7338012	7338011	2
219274	9867052	1
5078883	5078886	1
11389367	11389368	1
6690063	6691680	1
2717492	2717491	1
12715888	12715915	1
10768989	10769110	1
3367523	3367526	1
7139865	7139866	1
7711691	7711692	2
11240644	11244328	1
3401774	3401955	1
4428949	4428950	1
12188740	12188739	1
3285701	3285702	1
6564924	6564923	1
10467841	10467628	1
10317699	10317694	1
8083557	11110682	1
9605111	9604441	1
10090777	10090778	2
6475897	6475911	1
6178581	6184095	1
571324	575654	1
2827008	2826172	2
836827	604320	1
10874916	10874911	1
6841293	6841107	1
10536039	10536040	2
5282421	5282422	1
6711851	6712283	1
6432026	6432018	1
12691267	12691272	2
9852491	10301688	1
3521665	3521666	2
2931076	2930791	1
3579428	3673253	1
11640910	11640909	1
4049766	4049808	1
6314503	6314612	1
6381245	6381591	1
1614219	1614367	1
9838570	9841887	2
7159653	7159654	2
12029534	12029533	1
11821269	11821396	2
9240561	9240562	1
3881774	3882046	1
10510632	10510642	1
2516531	2516532	1
4533713	4533701	2
5422925	5422704	1
11273748	11273733	2
6700670	6701080	1
584531	585093	1
3185540	3184529	3
590969	590970	1
8387489	8575973	1
2563213	2565067	1
9566607	9566608	1
1142384	1142383	1
2520604	2520708	1
9101764	9107134	1
8485755	8485756	1
1700285	1700288	1
8649891	8649892	1
8087894	8087893	1
6529612	6529611	2
634309	634310	1
2033733	2033734	1
3901287	9472562	1
9598321	9598313	1
6970110	6970109	1
10128427	10132369	2
2137844	2137814	1
7850864	7850863	1
12311547	12292872	1
147646	146892	2
3979470	3979550	1
8019461	8019462	1
6673553	6677963	1
4138181	6515151	1
12773278	12773277	1
995340	995339	1
5130962	5130961	2
3033813	3033814	1
10870044	10870043	1
3279042	3279041	1
8754910	8755165	1
11836169	11836170	1
443624	443623	1
7767211	7767212	1
11474028	11473973	2
5764559	5764560	1
5649021	5649022	1
11731193	11731194	1
7017840	7017839	1
9886955	9886956	1
6734183	6736982	1
11508475	11508464	1
6338047	6338503	1
2597155	2601688	1
7749129	7746344	3
1445169	1445105	2
8070673	8070674	1
11999739	11999740	1
10476573	10476248	2
8902686	8902180	1
10725356	10725353	1
2311666	2311665	1
11309014	11309013	1
10449831	10449838	1
4069986	3966022	1
11967715	11967727	1
5673061	5673062	1
3881033	3879897	1
3567094	3567091	1
2905579	11448360	1
437088	3299931	1
155345	155367	1
11628710	11628688	1
9575439	9683033	2
3783775	3783811	1
10911571	10911572	1
11915022	11915019	1
10606529	10609711	1
8532453	8532454	1
6776924	6775836	3
7801538	7801537	2
11149852	11149677	1
4263871	4263872	1
4349842	4349841	1
8472351	8466671	1
999295	999296	1
12502249	12502257	1
3447797	3447798	1
6655002	6655001	1
9197615	9197616	3
5336485	5336486	1
10585273	10585274	1
12397345	12406365	1
2236652	2236651	1
4049789	4049790	1
11312742	11619137	1
5542476	5437230	1
621195	620985	1
8354371	8349489	1
6484629	6557885	1
11995689	11995677	2
11865724	11865721	1
899374	775473	1
9238888	9238885	1
2521500	2522676	1
3595431	3595457	1
5237998	5238001	1
6800691	6800683	1
3207966	3207942	1
11670554	8844265	1
8497149	8497150	2
7087926	7087925	1
5735005	5735019	2
11769902	11770278	1
9602533	9602534	1
5843282	5843281	2
2350459	2350460	1
8699212	8699209	1
7689658	7689341	2
9780654	9780653	1
3244957	3244958	1
4047458	4047421	1
7428235	7428236	1
11003462	11003461	1
11643069	11643141	2
5051176	5051175	1
10357007	10357901	1
1840372	1840371	2
8709138	8709162	3
8236679	8236685	1
1772424	1774309	1
8449367	8452813	1
1146131	1146132	1
6301556	6301555	1
10489415	10489399	1
4475814	4475817	1
7741143	7741144	2
12612107	12523601	1
2470827	2470828	1
10266410	10266409	2
642226	642225	1
8506631	8506632	1
12458314	11280133	1
8813819	8813820	1
8197663	8197664	3
722845	715899	1
11816871	11816745	1
2377745	2377746	1
8975129	8975130	1
943286	943285	2
63973	63978	2
11650601	11650602	1
7249904	7249903	1
3275753	3275636	1
10898740	10899226	2
9490548	9490545	1
4860562	4860336	1
6344061	6344062	1
3685789	3684910	1
1054404	1054403	1
7948491	7948494	1
10215157	10215158	1
10947633	10947652	1
655715	656778	2
2395897	2395812	1
169783	169755	1
958487	958490	2
3008404	3005771	1
6511793	6511830	1
1793353	1793351	2
4045910	484484	1
6136951	6136791	1
1319366	1319363	1
12229645	12229648	1
6740471	6739526	2
5833882	5833881	1
6025140	6025112	1
6408967	6408968	1
6639118	6639117	1
11930615	11929104	1
3238971	3238976	1
6556745	6556709	2
8160571	8163617	1
11766416	11766415	1
1650120	1650114	1
1289703	1289704	1
5802772	5802691	1
3381221	3381224	1
7538247	7538250	1
12320445	12320446	1
352396	352395	1
9546470	9546469	1
1241148	1241147	1
2093346	2093345	1
2440883	2440884	2
2734732	2734747	1
7800085	7800086	1
7314979	11638847	1
6800684	6800683	1
7957210	7957209	2
8565008	8565007	1
4689942	4689941	1
268224	268223	2
751465	752561	1
268547	271567	1
10065952	11944875	1
7972905	7973627	1
5606976	5606874	1
12193630	12282042	1
8478721	8478722	1
2910369	2910370	2
7125517	7125518	1
9434787	9434790	2
5826388	5826387	1
10901550	10901520	1
362038	8009670	1
1080084	1080083	1
77934	77739	1
3551788	3551816	1
10062066	10062065	1
4863412	4863393	1
1704461	1704462	1
11302608	11302605	1
3736655	3736721	2
11793150	11802669	1
8750738	8825813	1
8556673	8559601	1
7980546	7980545	1
2548259	2548613	1
11916974	11917552	1
2119898	2119897	1
9254982	9258013	1
2360708	2360327	1
5427663	5427664	1
9305614	9302342	1
10563755	10540493	1
4465527	4465530	1
10899814	10899813	1
11008158	11008157	1
7734705	7734706	1
12131641	12131618	2
2840049	2840050	2
10455681	10455682	2
5577391	5577396	2
8056876	8056940	1
3367998	3367827	1
5452811	5452812	1
5739860	5740614	1
12805284	12805283	1
11831695	11831696	3
4271229	4271200	1
12661028	12661027	1
11501910	11506241	1
566659	566649	1
3445168	3446822	2
8286009	8286670	1
11824602	11824608	1
1100285	1100286	1
3326490	3326489	1
10688841	10688842	2
1861733	1861671	1
1056445	1056453	1
12670176	12677205	1
1708176	1708175	1
7112249	7112257	3
11779850	11779849	1
12784793	12785983	1
866418	861497	1
11928622	11928621	2
9808799	9808800	1
6792198	6792197	1
3598176	3598179	1
4645971	4650375	1
1711007	1711008	2
8468452	5765470	2
9360231	9360030	1
940765	940768	1
12619373	12619374	1
1538386	1538385	1
5741458	5741457	1
10486139	10486140	1
10319778	10319764	2
10432661	10432662	2
9114272	9151140	1
1050471	1050472	2
10674113	10673988	1
8331029	8331030	1
3281735	3281552	1
12396643	12401015	2
5770735	5770766	1
9297683	9426170	1
12370034	12370033	1
3985938	3986454	1
5665618	5665617	1
2278334	2278333	1
12656647	12656648	2
12001047	12001048	1
3732851	3732852	1
7076543	7074718	1
3191309	3191596	2
2782898	2782331	1
9308197	9308183	1
9678022	9677963	1
3473052	3473051	1
6456213	6456214	1
12563536	12563535	1
9706142	9706297	1
1129550	1129554	1
7325703	7325704	1
7950188	4183311	1
7505469	7504115	1
8571913	8572158	1
10282544	10282543	1
2858495	2858603	2
1832374	1832241	1
6956647	6956648	1
6734175	6490763	1
2349686	2349361	2
8924687	8924688	1
4091933	4091934	1
9719677	9719678	1
3195094	3195093	1
7253888	7251103	1
11342169	11342170	1
4738477	4738478	1
8517230	8517229	3
8151044	8150958	1
5372369	5372370	1
10151821	10151822	1
348542	348541	1
10186098	10186095	2
2152467	2147998	1
12731050	12733013	1
9999641	9999642	1
178038	177014	1
10539860	10539857	2
5709272	5707958	3
1250578	1250577	2
4682371	4682372	1
4442261	4442223	2
5538534	5538533	1
9730158	9722398	1
300924	301529	1
10379104	10379102	1
5497327	5497328	1
4694671	4694672	1
886902	886912	1
8222095	8215926	1
3591147	3795524	1
12444040	12443877	1
5439402	5440442	1
6143451	6143118	1
2791816	2791806	1
920512	920511	1
7407815	7407857	1
4528945	4529065	1
5322046	5322045	1
9515442	9515509	4
10140643	10140649	1
7613180	7613179	1
4393698	4393697	1
8805813	9523502	2
10339411	10339412	1
7224219	7224220	1
7689452	7689384	1
12670538	3118838	1
1756897	1756879	2
3320771	3320772	1
5843896	5843893	1
2794099	2789595	1
4218897	4219311	1
8683170	9232641	1
3907850	3907836	2
5361517	5361518	2
8562360	8562386	1
5657368	5653074	1
2529533	2524263	1
12562805	12553170	1
9585267	9585272	1
6079017	6078999	1
3785153	3785154	1
8504714	8504713	1
672013	672014	1
10984591	10984592	2
2962542	2962384	1
4276618	4276617	2
8404080	10379218	1
7175060	7175057	3
5044017	5044018	3
4398015	4398096	1
10112090	6641515	1
2268785	2268786	1
9343982	9343981	1
5573931	5573932	2
10706393	10706350	2
336263	336266	1
5228702	5229170	1
9892533	9892534	1
11492312	11492311	1
8684882	5535749	1
6932315	6932827	1
7506345	7505504	1
10888978	10889466	1
12250212	12250211	1
7866708	7866702	1
9150152	9150157	1
1716586	1716585	1
8891233	8891234	1
3552861	3552545	1
10191923	10191924	2
10182554	10184615	1
2677538	2677350	1
2246986	2246985	1
6320876	6319837	1
5491133	5491134	1
8001553	8001549	1
1322373	1322374	1
3800637	3800599	1
340352	340467	1
1053322	1048365	1
5596404	5596403	1
6489343	5292113	1
741695	741696	1
10597342	10597339	1
7647181	1530443	1
11674859	11674860	1
6153429	6153433	1
10282374	10282373	1
1359670	10631000	1
2096074	2096073	2
1867401	1867416	1
12810719	12810716	1
6325953	6325954	1
10357635	10356639	1
1029431	1029438	2
11826889	11826890	1
11680283	11680284	1
9868284	9871981	2
5234671	5234503	1
11451579	11451599	1
6067227	6067228	1
8151830	8152558	1
6184974	6184977	1
679678	679040	2
8711731	5733628	1
12472455	12472456	1
3045490	3045483	2
11343289	11343266	1
31812	31811	2
8791196	8791195	1
6750449	6750620	2
693017	692502	1
7653805	7754576	1
11870658	11870789	1
9973617	9973618	2
7387585	7387607	2
4529655	4529656	1
2340436	2340435	1
1615005	1614997	1
5389718	5389717	1
643102	642923	1
12131175	12131176	1
4145961	4145964	1
4256618	4256370	1
2076371	2076391	2
10496895	10496896	1
5966642	5966641	2
1668381	1668382	1
3506385	3506386	1
819349	819511	1
8740193	8740194	1
11119776	11119772	1
6482542	6482541	1
7541913	7541918	1
6121636	6121635	1
7592660	7592659	1
11461367	11461368	1
729681	729682	1
6821846	6821845	1
5543325	5543326	2
11740254	11741020	1
3912991	3912992	1
1190033	1337424	1
3778428	3778417	1
3578506	3578505	1
3275883	3275884	1
47229	47034	1
10460291	10460292	1
7652658	7652657	1
6554451	6554435	1
801709	801712	5
4283301	4283302	1
8450536	8450219	1
12196033	12196034	1
11265724	11265723	2
7881228	7881227	1
7446430	6522050	1
4022637	11864076	1
12125585	12125586	1
3802916	3802915	1
4337900	4337225	1
7653816	7653815	1
4601702	4498830	1
10382479	10382396	2
3407571	3407574	1
11283598	11283597	1
9881257	9881258	1
1215067	1216151	2
148725	148726	1
3193037	3193057	2
12273960	12273937	1
5587311	5586859	1
8049949	8049978	1
317979	623373	1
4151638	4130952	2
4092526	4092524	1
10294535	10294538	1
12124224	12124221	1
1329185	1329186	1
7344438	7344409	1
12149241	12149242	1
10140764	10140749	1
3898414	3898413	1
449444	449443	1
436515	436516	1
6317415	6317290	1
2379276	2378684	1
2241410	2230242	2
1333348	1333342	1
936666	936688	2
6273967	6273968	1
3571753	3571754	1
5495163	5499552	2
1794998	1794997	1
1323190	1323314	1
12458761	12459374	1
4502717	4501059	1
4954134	4954133	1
5295657	5300717	1
4145236	4145235	2
12048724	2955322	1
3734525	3734567	1
6909414	6910005	2
9580948	251367	1
9534033	9721033	1
1483545	1483546	2
4652639	4652678	1
8214242	8214241	2
1053433	1053434	1
3878353	3878441	1
10597365	10597335	1
10191734	10191733	1
1629220	1629219	1
5445569	5455563	1
6361073	6360449	2
9180187	9180188	1
6924197	6924187	1
11741767	11739542	1
7088863	7088866	1
11548637	11548638	1
10193844	10193841	1
749937	749938	1
1774990	1774975	1
5335549	4232507	1
2141571	2139923	1
10076348	10076347	2
11852675	11852676	1
8643520	8643519	1
7430410	7430539	1
7168815	7168816	1
4575842	4575841	1
6440338	6440729	1
4687577	4687578	1
7687934	7687933	3
1836333	1836334	1
8084247	8084145	1
8533277	8532999	1
9689413	9698574	2
5617386	5617385	2
5277022	5277021	1
10940351	10946983	1
4621859	4629468	1
1970622	1970621	1
9341388	9341387	1
3104223	3104224	1
3859893	3859748	1
10454337	10454338	2
1774967	1774963	1
902685	906175	1
12536219	12536220	1
7703755	7703760	1
8444982	8444898	1
5846590	5846589	1
2479966	2479965	2
9438496	9438495	1
2972237	2972238	1
10988296	10988295	2
10613645	10619271	1
10453860	4260415	1
10347861	10347862	1
12814726	12814725	1
497342	497341	2
2023388	2023571	1
6741962	6741961	1
961081	961082	1
9628272	9628339	1
8221265	8221266	1
12295797	12295747	1
12799925	12799926	1
10261312	10259319	1
7000008	7000007	3
3776915	3776918	1
5655556	5655922	1
1739777	1739778	1
713470	713469	1
9294890	9294097	1
5550436	5550435	1
6848495	6848518	1
10949095	10949096	1
6033248	6144956	1
5274042	5274041	1
10642774	10642773	1
11002193	11002194	1
10593670	10593667	1
10227540	10227539	2
2890566	2890617	1
5701915	5701685	1
9043094	9044018	1
983245	992254	3
1154583	1154584	1
6173362	10893415	1
7019209	7019043	1
7029488	7029487	1
2246115	2245311	1
1530353	1530415	1
5199052	5199411	1
5536998	5536997	1
10718253	10718256	1
3139529	3139530	4
5022298	5022279	1
4217945	4217946	1
1133057	1133037	3
1703550	8189891	2
7967640	7967639	2
3771095	3767084	1
7850896	7850962	1
11652634	11652633	2
4647332	4647308	1
11338977	11338978	1
11372467	11372468	1
1395676	1395688	1
2055483	2052214	1
1838898	1838902	2
8471652	8471651	2
1898259	1898260	1
7673325	7673326	1
7711514	7710892	1
8624884	8624883	1
9798338	9798337	1
2380015	2380016	1
7793271	7793272	2
1596305	1596306	1
4002305	4002306	1
1138777	1138778	1
6567948	6567995	1
8845198	8845197	1
2283545	2097444	1
10605078	10605077	1
3575983	3575984	1
7132785	7132788	1
7824747	7824748	1
9931456	9933791	1
5070863	5070864	1
8388652	8388651	1
9678323	9678324	1
4612908	4612907	2
8201723	8201728	1
872886	3167344	1
12019131	12019132	1
7000531	7000535	1
4700163	4700418	2
7466963	7466968	1
7950061	1299401	1
10799288	10799296	1
6804986	6804658	3
1032840	1032839	1
9556757	9556728	2
11159260	2486751	1
10547528	10547527	1
4553674	4553673	2
10946106	10940853	1
1987142	1987219	1
2535663	2535664	1
6031912	6033383	1
3745627	3745628	1
10625636	10625635	1
7280724	7280723	3
11395830	11395812	1
12747720	12747717	1
6966931	6966932	2
3775841	3775819	1
8004247	8004506	1
7282731	7282732	2
9485887	9777140	2
4210054	4210071	1
9600353	9600354	1
10565801	10494831	1
9238918	9239121	1
7101279	7101280	2
2542590	2542587	1
6683454	6683451	1
3431404	9442268	1
3020012	3020011	1
9792965	9793015	1
7963539	7963540	1
10702315	10702316	1
10908333	10908334	1
1220994	1221007	1
12154435	12154428	1
7190772	7190859	1
10663786	10663401	1
5208302	5208301	1
4647707	4647708	1
11695023	6750122	1
989914	8106539	1
3980237	3309443	1
72234	9684125	1
1615523	1692780	1
10627139	10627117	1
6279986	6279981	1
11872996	11873000	1
10187868	10187867	3
761674	760380	1
11852245	11850616	1
11151074	11151073	2
7910621	7910525	1
11987565	11987708	3
996533	10668484	3
2851035	2851012	1
8367630	8367629	1
6877373	6877374	1
133904	3119825	1
3134688	3134687	1
7667562	7667557	1
9783293	8902100	1
5518390	5518389	2
9655734	9655733	1
897309	897310	1
4609780	4609779	1
7164601	7164594	1
5907589	5907590	2
7534714	7534713	1
12641638	3193160	2
4309024	4309029	1
2946198	2946197	1
7508412	2404671	1
7964956	7964955	1
10232653	10230632	1
3237017	3237018	2
3525961	3525959	1
5917087	5917088	1
6504565	6504566	2
12316754	12316751	1
7830688	7830685	1
2984767	2984768	1
11117314	11117313	1
5570316	5560533	1
7106981	7106982	1
9717402	9717400	1
5854578	5854577	1
713149	713150	1
11793709	11895052	1
8611242	8611205	2
11936681	11936682	3
1243215	1243216	1
10040835	10040836	1
1649994	1649967	1
830780	830779	1
7611338	8982707	2
6624210	6624209	2
12762794	12766761	1
10040572	10040557	2
10016003	10016004	1
3995321	4018760	1
3249761	3249745	1
11763983	11763984	2
6272221	6272222	1
6478645	6479245	1
5138709	5138710	2
1050154	1049290	2
2157631	2157632	1
2493573	11075206	1
8400532	8400531	1
5010763	5011164	1
6451399	6451415	1
6602415	6602410	2
9729752	9737141	2
7612710	7650087	1
9628234	9628233	2
4418538	4418537	2
5099021	5099022	1
10496782	10496740	1
5151500	5151495	1
4713454	4713453	1
7162691	7162692	2
7696296	7696019	2
12430624	12430623	3
1787446	1786633	2
1900192	10046595	1
7214179	886150	1
11732663	11732657	1
7795799	7795423	2
8219586	1504480	1
5982170	5981638	1
5806410	5806409	1
10609082	10609081	1
11641309	11641310	2
10138774	10140203	1
6559162	6558382	2
6176130	6176583	1
4795351	4795352	1
5369084	5370573	1
3267453	3267454	2
6187411	6187564	1
8013652	8015916	1
1900312	1896037	1
6764134	6764133	1
133087	133088	1
11620226	11620225	1
8151762	8151761	1
171876	171163	1
633051	632900	2
11873002	11873019	1
6627662	6627661	1
3297103	3296972	1
7315644	7315219	1
1301763	1301764	1
3761843	3761268	1
2004740	2004739	1
1669647	1669589	1
11145579	11145478	1
9677063	9676697	1
4687040	4687060	1
9688443	9688444	1
12774020	12772443	1
7545049	7543611	1
12515252	12515251	1
7681541	7682343	2
3571751	3571752	1
5159970	5159967	1
9320422	9320421	1
10196877	10196892	1
3804000	5861040	1
6223207	6223208	2
7730061	7730062	1
10572617	10572618	1
4136372	4136371	1
11196735	11196694	1
6179230	6179229	2
11732251	11732252	1
10189833	10189623	1
8455473	8455474	1
2759400	2759852	1
6137626	6136954	2
11532674	11532673	1
6413504	6413503	1
4262271	4262341	1
6744353	6744261	1
12653986	12623303	1
869626	869646	1
6460541	6460542	1
11860006	11861039	1
11723769	11723770	1
6767508	6651023	1
9194496	9194495	1
935009	930029	1
12261681	12264752	2
4369297	4369386	1
4607277	4607278	2
11141512	11141511	1
12263952	12264021	2
5233435	5233464	1
10899544	10899426	2
9721231	9720030	1
5207444	5261313	1
1517315	1517316	1
7791275	7467603	1
255740	255739	1
185503	185504	1
8450563	11071766	1
211621	211686	2
8555495	8079665	1
4166816	4166587	4
8237642	8242138	1
11646079	11646080	1
7817867	7817868	1
3761267	3761268	1
2561941	2561942	2
3064550	3064470	1
8556287	8556290	1
2214085	2214049	2
1985231	4642675	1
11372036	11372035	1
6858549	6858550	2
2298869	2298579	1
7957069	7957230	1
2551246	2551245	1
7569207	7892058	1
4074531	4074532	1
7258577	7257803	1
2293912	2293907	1
10462661	1040456	2
2461829	2438822	1
3906600	3906599	1
12751384	12259562	1
1333899	1041024	1
2961943	2961979	1
1295108	1295107	1
3057878	3057875	1
7254961	7254743	1
9660000	9659999	1
5282418	5282417	2
4722875	4722905	1
10067505	10067271	2
1173867	1177322	1
5421415	5421418	1
684247	684260	1
10295464	6753670	1
7215811	7215812	1
10179743	7937174	2
3195963	3195964	1
6721936	6722029	1
12470352	12470351	2
5654985	5663133	1
3389325	3389326	1
3611321	3616464	1
11443873	11457514	1
8026114	8026113	1
10198343	10198344	1
9530275	9530276	2
11122649	11123931	2
2849850	2849849	1
3541749	3541733	1
7431677	7431678	1
1704407	1704627	1
904169	904476	2
2752158	2752042	1
9388163	9388546	1
3005102	3005101	1
7533367	7533291	1
9159467	9159468	3
7088827	7088834	1
5628653	5628654	1
8227059	8227107	1
12468212	12468465	1
12053102	12053101	1
910743	910757	2
7941837	7940926	1
11825570	11824950	1
3046119	3045831	1
9777085	87730	1
4089356	4089355	2
1855949	1855952	1
8727655	8727656	1
11128231	11128184	2
5196731	5196732	2
11913295	11911284	2
10381819	10381610	1
7206148	7206147	2
12371697	12371667	1
10023423	10023970	2
2351029	2351030	1
8025647	8025648	1
7779526	7779525	1
11549491	11549508	2
9340031	9339964	1
64802	64792	1
9288834	9282592	1
2551724	2477432	1
1909024	1907429	2
10719883	10720112	1
9526888	9527151	1
792070	7183777	1
2092943	2092944	1
1070488	1103421	1
7399923	7399924	1
4681097	4681546	1
5101667	9513532	1
2339812	2339974	1
10093836	10093835	1
2008319	2008320	1
12233521	12233522	1
7887132	7887152	1
705867	705855	1
10144456	10144455	1
3568045	3568046	1
2387944	2387943	2
7964139	7964140	1
5566818	5559776	2
948376	948554	1
12302513	12302659	1
4835426	4835423	2
3831470	3831469	1
4477162	4477161	1
7909191	7918070	6
2235781	2235782	1
12527671	12527672	1
1114522	1114521	1
7207865	7206444	1
5373296	5373295	2
1240472	8544515	1
5322559	5491040	1
1123212	1123211	1
5928131	5928132	1
1595304	1595301	1
9546434	9695401	1
6890417	6890439	1
7805726	7805725	1
6592216	6592215	1
4042556	4042585	1
4626751	4626753	1
8078789	8078790	1
2437677	2437766	1
10870021	10870025	1
10201961	7951159	1
8087855	8087856	1
2651694	2651693	2
8966187	8966188	1
6806917	6806913	1
4397288	4394330	1
4708980	4708958	1
6225528	6225596	1
7941835	7940926	1
3621162	3621155	1
3599595	3599204	1
11629301	7117533	1
3564826	9162975	1
4283020	4284776	1
615457	615450	1
8258761	8258762	1
9248704	9248687	1
12446953	12443482	1
6652485	6652884	1
3771979	3767152	1
7446349	7446287	2
4262855	4262702	2
3028229	3028065	1
10709107	10709108	1
12131096	9088478	1
4044646	4044645	2
12120179	12120174	1
974392	998323	1
10916696	10916699	1
4877001	4876997	2
7365720	7365719	2
9243978	9243174	1
11624498	11628329	1
10219973	6348548	1
9931336	9931335	1
2350104	2350103	1
11390002	11389683	1
12274148	12274147	1
983010	983005	1
2267261	2357563	1
1981669	1981670	3
1301417	1301418	1
4369406	4369405	1
11865985	11866444	2
7820397	7819575	1
4794250	4794249	2
8995335	8999186	2
8919848	8919847	1
8575121	8041795	1
6952219	6934061	2
6285249	6285250	1
746475	746478	2
4837571	4837572	1
1139331	1286097	2
6183690	6183687	2
8582269	8582270	1
11085624	11085595	1
755374	755373	1
7867977	7867978	3
10804430	10804429	1
12570630	12560001	1
12735257	12735258	2
11280183	11280184	1
3513851	3513852	1
927189	927190	1
8951814	8951813	1
1178232	1178231	1
9318473	9318488	1
5452684	5452683	1
6567087	6567090	2
6530863	6530839	2
873007	3207873	1
7802708	7802707	1
8309087	8310433	1
11187538	11187537	1
1634035	1518342	1
223827	223832	1
9744909	9744780	1
11517529	11517530	2
5237593	5238759	1
12776217	12776218	1
9925146	9925122	1
7647166	7647165	1
5529067	5529089	1
2787687	2786760	1
11991243	11991191	3
404237	404629	1
3648428	3648447	1
11910393	11910472	1
9582537	9582535	1
4696323	4696324	1
5728485	5728486	2
7066028	7066021	1
5248286	5248285	1
786885	786909	1
11288547	11283461	1
10328037	10328040	1
11503109	11503110	1
7017857	7017858	1
8078579	8070757	1
7900143	7900113	2
8516165	8516191	2
5985584	5987013	3
8692298	8692297	1
7986598	7986595	1
4257715	4259610	1
7113157	7113158	1
9584869	9584870	1
5727288	5727287	1
2230676	2230675	1
10687154	10686948	1
449757	449758	1
11992207	11985987	1
12338383	12338394	1
7022826	7022798	1
8212820	8212819	4
3852223	3852224	2
8098132	8098130	2
6026538	6024874	1
7983980	7983979	1
1147758	1147757	1
4740212	4740211	1
3185229	3185210	1
10729387	10729388	1
9384854	9488099	1
9255817	9255818	1
10227567	10227568	4
11695945	11695946	1
1328805	1328806	1
8618500	8613292	1
7221521	9343843	1
1757196	1757195	1
5270778	5270760	1
3877971	3877972	2
7350450	7350449	1
7939602	7939601	1
4989257	4989258	1
8498649	8498652	1
7339348	7339345	1
2778558	2778557	1
4536940	4586145	2
12417090	12417235	1
5413950	5533435	1
12401738	12401737	1
2241919	2241922	5
9698530	9698557	1
12761596	12761595	1
11817398	11817126	1
5700519	5700520	1
1120323	1120324	1
302720	302611	1
7174081	7174082	1
10015445	10017083	1
6776020	6776091	1
3824078	3828457	3
7658956	7658951	1
11625678	11625677	1
9247070	9589448	1
1056676	1056971	1
4262340	4262339	1
2722363	2722366	1
5494306	5493630	2
11901195	11901196	1
11679968	6496640	1
3383149	3383150	1
8254395	8254398	1
6101682	6101560	1
8156452	8154212	1
1048294	1048291	1
5528277	5528278	1
6127244	6127235	1
10315695	10315696	1
4989887	4989853	1
4406950	4591973	1
11812950	11812984	1
7866772	7866771	1
37524	3959613	1
4430288	4433052	2
7243094	1674364	1
1679916	1679915	1
1932822	2418895	1
1381897	1377564	2
4574276	4573585	1
6211225	6211226	1
4070946	11877372	1
8391957	8391958	1
11386215	11386273	1
842067	842068	1
5512328	5512175	1
11160981	11160982	1
1722355	1722356	3
2513940	2481598	1
793124	793123	1
8824073	8824523	1
1468679	1468680	1
10331916	10331915	1
6587561	6587761	1
10145974	10145973	2
415311	339768	3
4677147	4677148	1
5773883	6820476	1
7001089	7000916	1
2546565	2546566	1
417241	417242	1
6926065	6926066	2
3486110	3557883	1
3521724	3521723	2
2033547	2033548	2
7381546	7381549	1
8258662	8269368	1
5272381	5272341	1
3957729	3957319	1
10195818	10195982	1
2179686	2179685	1
6919706	6919705	1
1193202	1195226	5
11858066	11858408	1
5057526	5057523	1
6158278	11191783	1
12353465	12353466	1
7407362	7407386	1
2242891	2242892	1
6568290	6568486	1
2604234	2604246	1
10281076	10281075	1
5793687	5793361	1
644053	644539	1
11696589	11696590	1
699967	699968	3
7987387	7987388	1
1663839	1663840	1
11663263	11663266	2
909132	909131	1
11666095	11666130	1
9358836	9358835	1
12525546	12525545	1
4304269	4304270	1
8330932	8330931	1
9013087	9013088	1
11848756	11848755	1
11383703	7052251	1
2234129	2205771	1
6468591	6470312	1
6177858	6177861	2
12516705	12516635	1
12418640	12418665	5
1596301	1596306	1
5021193	5376596	1
11206468	11013013	1
1763690	1108174	2
7563392	7548588	1
1152252	1151252	1
1404832	1404829	1
11700361	11700362	1
10148256	10147636	1
264343	264344	2
11403362	11403361	2
3397480	3397479	2
4173243	4173244	1
1228920	1222222	1
2420276	2420297	1
7833228	7831637	1
6799368	6799326	1
1405696	1405701	1
5468383	5468384	1
10873279	10873280	3
5764089	5764029	1
1930903	1849020	1
11699501	11699502	1
6612636	6612653	1
5249940	5249939	1
10634611	10636847	1
5552291	5552294	2
6714006	6714005	1
11744560	11745034	2
11373553	11373514	1
1710900	1710897	1
8795223	8795242	1
871962	871967	1
4531915	4531916	1
3910974	3910677	1
7227359	7227360	1
871909	2268250	1
6187641	6187359	4
3799019	3799282	1
10591287	10591309	1
3209915	3209916	1
1588183	1587920	1
8039002	8039001	2
4572314	10455660	2
1708536	1708535	1
11402734	11402737	1
11019888	11019887	1
6533372	6533369	1
10860618	10861439	2
8828118	8828117	1
11474817	11474818	1
6175578	6176054	3
8326193	8326194	1
3193983	3193985	1
7944143	7944144	1
2310950	2310852	1
11103195	11103196	1
838319	838322	1
1146269	1145617	1
4579549	4579550	1
7101218	7101217	1
10107308	10107279	1
3324478	3324477	1
12318050	12318049	1
9962675	9962678	1
11403360	11403359	1
2485121	2485122	1
9728654	9728653	1
3593506	3593505	1
9991548	9991547	1
1906340	1906339	1
178126	468749	1
998821	998822	2
11864197	11864533	2
4204217	4203205	1
1200709	10311901	1
1670450	1674696	3
6772340	6772537	1
10414172	10417162	2
2629929	12256489	2
7915037	7915042	1
1271347	1271348	2
2161726	12564998	1
5556067	5556068	1
11011665	11011666	1
1113415	1113416	2
12595940	12597826	1
4305504	4305484	3
9881722	6550267	1
1094210	10455459	1
10243061	10236155	1
10177463	10177464	1
7660918	7660184	1
7455631	7455596	1
7057751	7057752	2
8654320	8661279	1
7844407	7844289	1
9471656	9471655	1
4759582	4759581	1
10154614	10154613	2
4320161	4320162	1
6768925	6768926	1
4605711	4605712	2
5842067	5842068	1
6322492	6322382	1
8370648	8370647	1
11631783	11631784	1
11546282	11546129	1
5996619	1770241	1
5480380	5480379	2
1676617	1676618	1
4471822	4613720	2
10269898	5211448	1
5087423	5087424	1
7920330	7920295	1
5146587	5146583	1
2817876	2817848	1
12460699	12450839	1
6887646	6887645	1
1852338	1852240	1
2276579	2276580	1
11738404	11738567	1
1652224	1652505	1
9031263	9030898	2
10715044	10714931	1
9666714	9666699	1
355917	356140	1
11598825	11622386	1
4296139	4296295	1
2848749	2848735	1
1487943	1487939	1
3098522	3101029	1
3883377	3883378	1
8577336	8454613	3
11112537	11112538	1
1105204	1105203	1
8044859	8044862	1
6258570	6266472	1
2494902	2509998	1
5445352	5445380	3
3005258	2999717	2
2128470	2128702	1
6272223	6462384	1
7941583	7941586	1
5543821	5549216	1
10847070	10847069	2
7766583	7766584	1
5928489	5928116	1
7436960	9462185	1
1732327	1732328	1
4748860	4748747	2
8149809	8149810	1
9750920	9732664	1
1455330	1455329	2
1981560	1981557	1
7673156	7673144	1
11094088	11094061	1
12613495	12664187	1
11270869	11270964	1
399807	399810	1
6555272	6555271	1
3069524	3069576	1
7187458	7187455	1
2707797	2709710	1
3355204	3355203	1
7167829	7168851	2
512651	512652	1
12472396	12472395	1
8373805	8373806	1
9352590	9351703	1
2785145	2785148	1
3699867	3700200	1
8884349	8884350	1
434553	434554	1
10400245	10400246	1
3292961	3292962	1
3503053	3473424	1
7702813	7702814	1
2677766	2673167	1
322588	322587	2
6384141	6384991	1
6931014	6931566	1
7968277	7968278	1
3544395	3543881	1
11439878	11439869	1
2137850	2137845	1
643282	640837	1
7884923	7884924	1
9454502	9454499	2
4334219	4345015	1
7951836	7951835	1
1568155	1568156	1
932032	932037	1
4846923	4846926	1
11070975	11071051	1
1217412	1217411	2
10198341	10198344	1
8348126	8348125	1
2021974	2021973	2
6777094	6777093	1
11934976	11934975	1
10806023	10806024	1
3101715	3101716	1
7581629	7581630	1
93014	93013	1
5601771	5950505	1
4331703	4335083	1
2135078	2135077	1
6026354	6026405	2
3105617	3105618	1
5886147	11675193	1
2416812	2416728	1
10780707	10780708	1
3778596	3778591	1
820534	820537	1
11307013	11318407	3
421551	421570	1
9470421	9470422	1
6121490	6121637	1
7415421	7415422	1
10107170	10106876	2
7809547	7809548	1
6695045	6695046	1
11669546	11669543	1
12797540	12797547	1
848065	848066	1
6160669	6160696	1
11042192	11042191	1
9331661	9331650	1
11418888	11418887	1
12010259	12010260	1
4652625	4652626	1
6186388	6187258	1
8937134	8937169	1
6568050	6567955	1
1605863	1605852	1
1161319	1161320	1
6979860	6980004	2
10566053	10566054	1
5713301	5713302	2
8207804	8129873	1
11548550	11547960	2
3027788	3027624	1
5787727	5787728	1
6387297	6611453	1
5072394	5072426	1
11510150	11510149	1
10778296	10778295	1
11666581	5370307	1
2106049	11258216	1
1086951	1086956	1
8037906	8037858	1
7771425	7771430	1
6498476	6498475	1
169412	169411	1
2398463	2398464	2
8744051	8744054	1
8193055	8193056	2
1133044	1133043	1
7648079	7648080	6
9509573	9509574	2
6510498	6510468	1
12647593	12647594	2
972928	972927	1
11419944	11418889	1
2759853	2759854	1
2437015	7665783	1
4447193	4447194	1
417977	417981	1
31692	31691	1
5722973	5722989	2
4738136	4738236	1
10177362	10177699	1
5925177	5925178	1
8347888	8347804	1
1251835	1251838	1
8467400	8467446	1
8653298	8653297	2
2551282	2551275	1
6684188	6684218	1
10752105	10751847	1
6579650	6579003	1
3153113	3153098	1
5714733	11675932	2
8258999	8259000	1
9566088	9562090	1
5593670	5593884	1
5060158	10237369	1
8635848	8635847	1
12698074	12698073	1
3957767	3957758	1
11664325	4858554	1
1296022	4739004	1
7847788	7847787	1
397829	399267	2
4218897	4219309	1
7992469	7992459	2
11885244	11885243	3
5631496	5631495	1
8478700	8478699	3
8703075	8703076	2
7656551	7656552	2
3018078	3018077	1
631423	631424	1
4306659	4306651	1
9318795	9318514	1
6410275	6410276	2
1609835	1609846	1
2050951	2050711	1
8475673	8473004	1
11154410	11154391	1
7679924	7679923	1
9386638	9386635	1
5710675	5710631	1
6642780	6642792	1
963700	963699	1
11086277	11086280	1
10615244	10615247	1
11571128	11571125	1
12038005	12038006	1
3397827	3397490	1
259195	19517	1
9715669	9715291	1
11630515	11630516	1
10613825	10613826	1
795370	795369	3
2773350	2772826	1
11064717	11064982	1
1051556	1051593	1
456567	455754	1
4745079	4745047	1
4103877	4103880	2
10670499	10670500	1
11250791	11250798	1
1927091	12498739	2
9775767	9775692	1
6439192	6439157	1
9537112	9537109	1
3373289	9831234	1
5561559	9821062	1
6344242	6321815	2
4167477	4167516	1
6518093	6518163	1
2149871	2149912	2
3557042	3557041	1
6283162	6283161	1
4744654	4744659	1
6171099	6171100	1
7096776	7096773	3
2421407	2421243	1
5269985	5269986	1
1590253	1590254	1
4676740	4676739	1
12481029	12481030	1
10393008	10393007	1
12446534	12447121	1
3107186	3107183	1
4659284	4659283	1
10874158	10874194	1
9901998	9901997	2
1929033	1929034	1
6586781	9857618	1
682766	682298	1
4028423	4028113	1
7738363	7738271	2
3516970	3516923	1
1557122	1557121	1
1764940	1764939	1
3742360	3499291	1
2868777	2868782	1
9333724	9790874	1
7426601	7426602	1
1760571	1571475	1
4738567	4738292	1
5981572	5981571	2
12196972	12194926	1
7399286	11380742	1
2930495	2930496	1
4268889	5587145	2
7817375	7817376	2
4333320	4332557	2
9267728	9267752	1
3624966	3624965	1
10422674	1325082	1
6135963	6135964	1
3556227	3556228	1
5192611	5192614	1
7564379	7564394	1
5096416	5096415	1
10355524	10355523	1
3235361	7859823	1
7101458	7101636	1
3198564	3198563	3
8725531	8725321	1
10745002	10745001	2
12621860	12621859	1
1017202	1010406	3
1418569	1418570	1
7201774	7201773	1
3257871	3257872	1
5517843	5517846	1
7103834	7103424	1
9925330	9925343	1
4506016	4506034	1
9312154	9309965	1
11083133	11083258	1
10481161	10481162	1
7946858	7947075	1
8401999	1542124	1
10510158	10743440	1
8543999	8544717	1
2813860	2813844	1
170693	452072	1
2779898	2779897	1
7135592	7136255	1
4008177	5281274	1
10483463	10491732	1
12262256	12262498	1
2309005	2309006	1
11963499	11963500	2
12140471	12140472	1
5808961	5808962	2
7865607	7865615	1
3938044	3938047	1
11160938	11160937	2
7749127	7749128	2
1106090	1106011	1
4652818	4652817	2
2980503	12601768	1
4093468	4093467	1
8469043	1735759	1
6042214	6042211	1
5733518	5733517	1
6739843	6739933	1
5524421	5524754	1
4776316	4399481	1
6524867	6524886	2
564268	621656	1
6111300	6111319	1
9613037	9613060	1
8047512	8047511	1
9496568	9496582	1
6539195	6539196	1
3341920	3340880	1
10450968	10450967	1
1432367	1443468	3
8327196	8327195	1
1936765	1936117	1
6104653	6104624	1
6439680	6442686	2
6211351	6211352	3
170023	170024	1
6434202	6434208	1
6556800	6556797	1
82482	82487	2
9011815	5989440	1
1594632	1594631	1
9673816	9673815	2
12620894	12620893	2
9710151	9710152	1
11440595	11440596	1
6151201	6151202	1
6709978	6709977	2
10849650	10849649	1
10996546	10996492	1
12502238	12502237	1
8953766	11968569	2
7178967	7155959	1
2535772	2535778	1
7407463	7407457	2
10158092	10158082	1
9578542	9578541	1
10629778	1359892	2
8689029	8689030	1
9970468	9970471	1
1406464	1406463	2
9781355	9781198	2
6151700	6151407	2
6900294	6897884	1
3199058	6867456	2
8106061	8557193	1
6199019	6199020	1
3164634	12786822	1
3126891	3126892	2
6944673	6944676	1
2462585	2462586	1
6260872	6260871	1
10323729	10323730	1
3401989	3398809	1
5010864	8666917	1
2993810	2993803	1
11278825	11278828	1
8536221	8536222	1
11763938	11765534	1
3545502	3545515	1
10614119	10614120	1
7804990	7804989	2
12245690	12429827	1
3911749	3911750	2
2535693	2535694	1
11589118	11589134	3
610484	609156	1
7291220	7287997	1
11590325	11575647	1
3924418	3924415	2
8485757	8485764	1
2414681	2414682	1
7704871	7709175	1
2548761	2548762	1
8896329	8896694	1
10434945	10434941	1
624515	624516	1
4261764	4261763	1
1967722	2352935	1
10480322	10480328	3
3249868	3249867	1
205821	205822	1
1762314	1762313	1
11687947	11687989	1
6898585	6898594	1
4043732	4043729	1
11967600	11967599	2
520678	520632	1
4691657	4691658	1
6394082	6394301	1
5574503	3958267	1
1391952	1391915	1
6760777	6760778	1
7110235	7110236	1
10635235	10639279	3
8034333	7686340	1
9141618	9141617	1
2938239	2938240	1
6498901	6499080	1
10356474	10356473	1
6754043	6752940	3
372391	372098	1
503913	503914	1
6866458	6866143	1
5278020	5278019	2
2564494	2564493	1
4676805	4676806	3
5806055	5806098	2
4736855	4736858	1
568777	568751	2
1073611	1075744	2
2488133	2488134	2
10081358	10081584	2
7673484	7673570	2
5801778	5801832	2
3278080	3277952	1
12394159	12394160	1
5008688	5008687	1
5698399	8365148	2
10247466	10249315	1
9246877	9385216	1
8052252	8053349	1
2907372	2907371	1
8016937	8016940	3
2530313	2530314	2
4439870	4439869	1
5961928	5961776	1
5918799	5918785	1
8543861	8540243	1
11477682	11477681	1
11970442	11970441	1
356665	356697	2
9017255	9017256	2
6423974	6424025	1
6615862	6615861	1
8666035	4116566	1
2977595	2977175	2
4663734	4664997	1
5966636	5966635	2
4806240	4554881	1
1327221	1327322	1
4444119	4503245	1
8705183	8705184	1
3583111	3583112	1
12778538	12778520	1
481574	481394	2
12278896	12278895	1
4846080	4846077	1
1391683	1392039	1
2272705	2272706	1
5357660	5357659	1
5810339	5810340	1
9292119	9292120	1
8920708	8920707	1
4735566	4735565	2
3405933	3411956	1
6604617	6604618	1
11449130	11449133	1
2207085	2207086	1
11023529	11023530	1
464394	464393	1
2722517	2722518	1
8080434	8080433	1
4533973	4533403	1
318323	318324	1
5272389	5272390	1
1698062	10545968	1
11345899	11345900	1
487540	487539	1
7651000	7650999	1
11197126	11197125	1
11922548	11922547	2
5417245	5417246	1
1836402	1106480	1
5664558	5664555	1
4518544	4518543	1
5123394	5123393	1
6708898	6672670	1
10907607	10907608	1
12666683	12666684	1
11433962	7819720	1
9146054	9146061	1
7783498	7788454	2
5410940	5410939	1
4354921	4354922	1
7951565	7951566	1
9051415	9027236	3
8626606	8626603	1
6211901	6138729	1
10118702	10120630	1
2454008	2454007	1
2509689	2510872	1
3191744	3191743	1
5205008	5205002	1
2342086	2342085	1
10196081	10196082	1
8565935	8565936	2
3972617	3972618	1
5495163	5499556	1
7852338	3359212	1
8129163	8129158	1
7948700	7948039	2
2034503	2034504	1
10492809	10492797	1
7062079	7062225	2
442028	311093	1
3032347	12558842	1
8466260	8466259	1
11310129	11310130	1
10808128	5438031	1
8902955	9782353	1
1825903	1825850	1
9284018	9282819	1
5631316	5631315	1
5478237	5478238	1
932670	932669	1
3209157	3209158	3
6418802	6414505	1
4904413	4904414	2
3568999	3569070	1
10308050	10308049	1
9049565	9049566	1
12362487	12360437	1
5589813	5589814	2
12798538	12799920	2
7189527	7189528	1
5256172	5256171	1
10781624	10781699	2
10237392	10237391	1
2160180	2160179	1
7503635	7503636	1
11303543	11307547	2
3738031	3742280	1
11850833	11850834	1
10348373	10346754	1
10276536	10276535	1
1777562	1779471	1
4074299	4074270	2
1121073	1121074	1
3118801	3118802	1
5376053	5376107	1
5010962	4937522	1
2275732	2275731	2
2168991	2168992	2
5825443	5825544	3
3544946	3544945	1
11942904	11943067	1
4388469	4388470	1
8802935	8802936	1
6739535	6739542	1
3141445	3141425	1
1713460	1713459	1
11738087	11738088	1
2090451	2090452	1
5136092	5136089	1
2905343	2905331	1
11013300	11013478	1
749936	749935	1
3278024	3274843	1
2491448	2491447	1
1226703	1226746	1
4502154	4502153	1
259734	259731	1
8009499	8009504	1
10764228	10764223	1
8518658	8518657	2
8348679	8348680	1
6278308	6278084	1
7880054	7880053	1
7609101	7660917	1
7413989	7413987	1
10754694	10754693	1
9722677	9722678	1
6004089	6004106	3
12451422	12451605	1
3904043	3904044	1
9357787	9357788	1
12528640	11982117	1
6558225	6558226	1
5718742	5724910	1
8965493	8965494	1
5639506	5639503	1
12039504	12039503	1
974331	974332	1
4361995	4361998	1
7097760	7097759	1
1280178	1282932	1
9343876	9343875	1
10437559	10437636	1
9334112	9334628	1
3252774	9845827	1
4785788	4723369	3
1883004	1882993	2
8004486	8004509	2
5433534	5433522	1
3752362	3752361	2
4793585	4793326	1
2579976	2579930	1
11876842	11876860	1
8616403	8616404	1
2471562	2471561	1
8514138	8517187	1
11978974	11978931	1
809286	809285	1
2986699	2986728	1
6102235	6102236	1
9104414	9104413	1
7293691	7293644	2
6037599	6037602	1
9508535	9508597	1
7837001	7837002	1
7374255	7372480	2
11041059	11041060	2
5003949	5003907	1
6449874	6449873	2
11676448	11676437	1
9528139	9528140	1
9463013	9466638	1
937852	6809078	1
2463788	2470003	1
1356999	1357538	1
7680372	7680371	1
9092885	9092428	2
10232805	10232806	1
2871755	2871758	1
56821	56824	1
12593381	12593382	1
11523171	11529895	1
10341876	10341875	1
647496	647457	2
422720	422260	1
5158098	5158097	1
6028119	6028120	1
8186330	8186329	1
5794514	5802187	2
2741008	2741628	1
9606400	9608957	1
3370863	3371276	1
6187585	6187586	1
365245	365246	1
4417678	4417677	2
618271	618272	1
2342073	2317382	2
7824470	7824469	1
6677372	6677371	1
11907999	11907989	1
10937941	10937576	2
1479929	1479930	1
9467751	9467752	1
1675554	1675668	1
9481108	9481135	1
4175741	4175742	1
79264	9685451	2
8362769	5703040	1
6994852	6994860	1
7871251	7871252	1
1849190	1849187	1
5368777	6568606	1
9589318	9585542	1
4282124	4282305	1
4834486	4834483	1
8445310	8445306	2
5613758	5617876	1
8102310	8102307	1
4041024	4041023	1
941568	941567	1
8287512	8287509	1
2880411	2880412	1
5244059	5243978	1
3115396	3115395	1
8552540	1172146	1
3825048	3823711	1
6367796	6367729	1
939013	939014	1
9921972	9922066	2
11575899	11575900	2
2796172	2796171	3
7707691	7707692	1
8416283	8416284	1
5364136	5364135	1
7272501	7274292	1
742604	742759	3
4070487	4070488	1
3903672	3903674	1
5763254	5763206	1
11039875	11040080	1
3252509	3252555	2
7914033	7914034	1
11358372	11358334	1
7058529	7014685	2
11940975	11940976	2
8227383	8227386	3
9294018	9378418	1
3852485	3852438	2
1351404	1351403	1
3890472	3890471	1
7962181	7962182	1
9343845	9343907	1
11289106	11289105	2
3071634	3173937	1
5940015	5940024	1
1302029	1302030	1
485506	11931972	1
7607905	7607906	1
9113049	9113052	1
376301	181751	1
3209392	3209422	2
10284814	10284813	2
8819031	8819028	1
7304209	7304210	1
11231411	11231412	1
1911535	1912386	2
10769618	10771657	1
11890517	11890518	1
356395	355890	1
6485964	6485963	1
11240217	11240218	1
3995538	3996992	1
754349	753962	1
1724723	1724792	1
8077923	8076214	1
883093	883094	1
8521315	8521333	2
3538617	3538618	1
2630979	2630980	1
11557987	11557817	1
9257876	9257875	1
3870740	3870739	2
3551925	3551158	1
4524644	4524643	2
6078632	6078631	1
8378002	8378001	1
2012614	2012613	1
2902674	2902411	1
8197071	8198494	2
8281512	8281509	1
7486427	7482789	1
7477502	7485345	2
5849756	5849755	1
2183755	2183756	1
11936181	11936047	1
9166663	9166664	1
2999217	2999218	1
7376138	7376137	1
7023975	7023834	1
9170774	9170773	1
9379124	9379123	1
10817706	10817837	1
1077382	1079123	1
999241	999248	1
2315946	2315945	2
1066552	1066564	1
4877262	4877261	1
7430079	7430080	1
7857663	7857664	1
5191551	5191554	1
633420	633326	1
2364020	2364137	1
8975302	8975299	2
5971527	5971528	1
12182690	12182689	1
7499343	7499339	1
938835	939110	1
1491751	1491722	1
190880	190879	1
464406	464383	1
11291149	11291080	1
1415482	1415481	1
6900782	6897324	2
10914250	10914249	3
4830001	4830002	1
11305252	11298343	1
880611	880612	2
7465014	7463618	2
9277435	9277448	2
2447141	2319208	1
1201507	1201508	2
2511849	2511852	1
2837860	2923572	1
816311	816312	1
12767940	12767939	1
8169203	8169184	1
3544773	3544766	1
8659503	8659504	1
10739048	10739047	1
11777369	11777385	1
12297254	12297253	1
9344933	9344934	1
3528866	3528865	1
4360672	4361892	1
6668927	6668935	1
8551456	8106086	1
792107	792645	1
8199735	8238639	1
6119884	6119021	1
1984593	1984594	1
10977396	10978280	3
2002555	2002556	1
6199098	6199097	2
10646122	10646121	1
10211262	10211257	1
11010790	11010789	1
10301255	10301256	1
9500082	9500059	1
4717096	4716663	1
4940274	4940273	1
4293187	4293188	1
4069549	4069550	1
12186083	12186084	1
415379	415370	1
11201506	11202433	1
7868382	7869447	1
9431159	9431160	1
2751697	2751698	1
9847573	9847565	1
2076187	2100889	1
2427579	2427648	2
8332092	8332091	1
10903465	10903466	3
11106964	11107492	1
4216678	4216677	1
1639908	1651135	1
7547217	7547220	1
1983774	1983773	1
346506	346505	1
6794265	6794266	3
11783241	11783242	3
106945	299042	1
3992302	3992301	1
743698	743701	1
6075433	6206169	1
7115571	7115572	1
9070639	9070629	1
3898674	3898673	1
277067	5427467	1
650102	650099	1
3663972	3663921	1
4567311	4567312	1
969283	969284	2
8305658	8314253	1
6513425	6513426	1
7695851	7694649	1
7920114	7920113	1
6291269	6290807	1
12561298	12561297	2
11720975	11709300	1
1782859	1782860	1
10246914	10246913	1
7270858	7270905	1
5158333	5158348	1
12662329	12662330	1
1659710	1659457	1
5354901	5354902	1
7518548	7518547	1
2686238	2686289	1
5659029	5662666	1
4119114	11909149	1
6257103	6253624	1
3272625	3272628	1
11108102	2450368	1
11364580	11365815	1
5510636	5510633	1
7960862	7960857	1
5236155	5237029	1
10450970	10450969	1
6856787	6856788	1
1435877	1435858	1
10171317	10171318	1
6884265	6884280	2
1180711	1180712	2
4510701	4510704	1
8576028	8576280	1
7470270	7470363	2
10440217	10439988	1
1518764	1595366	1
12693927	12687547	1
4486053	4486066	1
3049303	3049306	1
10931247	10931248	2
2815454	2815451	1
12561791	12558701	1
5250187	5250188	1
11188329	11188330	1
11394695	11394754	1
8541831	8541832	1
1491916	1491960	1
898645	898646	1
9701809	9702279	1
10426934	10426933	1
12798539	12800119	1
12237669	12237674	2
8007555	8007591	1
2585802	2585512	1
7721087	7547118	2
12050603	12050621	1
1535048	1535047	1
12503357	12152571	1
827195	740443	2
7405818	10596518	1
5102205	5102213	1
7950918	7951064	1
11663002	11662989	1
5483254	5483251	1
6767910	6767909	1
3654925	3654826	1
4565200	4565197	1
10885521	10885522	1
8022448	8022447	1
158516	158957	1
12805315	12811927	1
6403158	6403197	1
10503782	10499981	1
11909080	11909064	4
5785556	5785559	1
7230377	6908020	1
1094831	1094851	1
39485	5723087	1
7029387	7029316	1
1423532	1423531	1
6479788	7456536	1
858754	858753	2
7749122	7749121	1
5349361	11061581	1
667771	6101612	1
6533946	6533945	1
8829050	8829049	1
12050039	12050043	1
6200556	5818972	1
11149664	11148757	1
6516529	6516530	2
9923577	9923699	1
10734149	10734150	1
1798175	1796792	3
5704021	5704022	1
6167685	6169541	1
1450833	1450834	1
10516108	10686774	1
7487006	7486991	1
2836703	2836704	1
9668619	9668620	2
9930375	9930376	1
7448568	7448567	1
1818185	1693224	2
7066638	7066637	1
2928297	2928298	1
8446231	8446140	2
4090623	4092748	1
1510389	1510377	1
1777227	1777214	1
3151117	3151126	2
6753469	6753470	1
6966469	6966436	1
1988567	1988451	1
11798509	11798510	1
7694210	7694209	2
9164431	9164955	2
4252635	4252639	1
12679446	12679445	2
1268223	1268224	2
9088521	9088524	1
9333406	9333523	1
9476364	9476363	1
10289415	10289416	1
7514863	7514864	1
8356208	8356207	1
10342419	2776483	1
10912865	278347	1
10996972	10996984	1
4083854	4083851	1
5380507	5380345	1
11144801	11144892	1
4342231	4342232	1
11714115	11714116	1
4643707	4490117	1
2209480	2209479	2
2007482	1949480	1
9779987	9780325	1
10734457	10734458	1
10474943	10476216	1
369298	369287	1
12545673	12763250	2
8414822	8415531	1
6354145	6354146	1
1483304	1483301	1
12335054	12335051	1
10911365	10911366	1
7980589	7671360	1
11761365	11761366	1
10664177	10664178	3
2897973	2903229	1
832081	829125	1
832310	832307	1
10147256	10151812	1
1055340	1312725	1
5565196	5565199	1
1697323	1697317	2
11922481	11922482	1
3101890	3101889	1
6701210	6702759	1
1006267	1006268	1
4902435	4902436	1
11321075	11321078	2
2279850	2279849	1
3101583	3097209	2
363761	363762	1
11522474	11536385	2
1197976	1196375	1
3823725	3823726	2
3314692	3314598	1
8280169	8280171	1
3285686	3997485	1
10907837	10907652	1
12686420	12684885	1
7322625	7322626	1
5056861	5058464	1
5753618	5754844	1
12142865	12144414	1
7204676	7203661	1
4213696	4210812	1
9076996	12011492	1
12763270	12546297	1
5334281	5334488	1
8166884	8166883	1
11786566	11786565	2
8727290	8727289	2
1423537	1420448	2
3697651	3697653	1
12236550	12235575	2
6901475	6901476	1
9258962	9258975	1
5865334	5869617	1
4233847	4233848	1
5211404	5211403	1
7573675	7575015	1
3535056	3535055	3
2250982	2250981	1
9193808	9193807	1
10425469	10423094	2
7750493	7750565	1
10584106	10701191	1
11740510	11740509	1
3999750	3999749	1
3724732	4095739	1
5142091	5142092	2
2835709	2835710	1
8482905	8178821	1
2527185	2527186	1
3637362	3638118	1
7909189	7909190	6
6540401	6540402	3
9910279	9908868	1
7740030	7739680	1
12528710	12528676	1
1029928	1030024	3
6676326	6707471	1
4995015	4995016	1
7536870	7536869	1
10235661	10236207	1
5104386	5104423	1
7484107	7484108	2
3032676	3032675	1
11567115	11567116	1
519400	519399	1
12014389	12053465	1
3731568	3731858	1
1601401	1601668	2
12183951	12184231	1
4510358	4509895	1
9984742	9984389	2
795368	795745	1
8208286	8208285	1
1996499	1996896	2
5552415	5552419	1
8953872	8953871	1
10957228	10958805	1
3214563	3214564	1
10627385	10627388	2
8547493	8547515	1
7295226	7295225	1
5448759	5448760	1
7995724	7995723	1
612986	612985	1
11161876	6146623	1
9604120	9600171	1
12782483	12782484	2
6449996	6450059	1
9593264	9593261	1
7986277	7983318	1
8445808	8445805	1
9670461	9670357	1
3551927	3551158	1
6698253	6698254	1
10015390	10015389	1
3033526	3031866	1
5421118	5422453	1
370527	370528	1
8001216	8001215	1
5231657	5231658	1
3144866	7400965	1
10671018	10669276	1
3067925	3067926	2
6783614	6783613	1
6769487	6769515	1
11133600	10948708	1
7555118	7555117	1
4832805	4833795	3
10121031	10121032	2
12559280	12555100	2
1770729	1770867	1
2163616	2163615	1
8213859	8213942	1
11245327	11245328	1
4994726	4994962	2
9090882	9090881	3
4014912	4014911	1
11203042	11203041	2
8834436	8834433	1
5576804	5576801	1
11610984	11514299	2
2825674	2825673	1
2700786	2700783	1
11608393	11608394	2
8741921	8741922	1
3209429	3209430	1
3938114	3938113	1
5140312	5140311	1
2615517	2615547	1
7402445	7402448	1
3233678	3233677	1
9476735	9476736	2
4956298	4956297	1
6511925	6511917	1
8884536	8884540	1
6128573	6128548	1
586512	586646	1
5375073	5375081	1
7117760	7117778	1
1082168	1082157	1
6572483	6572421	1
11338936	11338935	1
12024107	12024182	1
12642532	12642531	2
2018827	2014635	1
3799296	3799295	1
7027703	7027704	1
4093593	4093594	1
1396850	1396849	1
3278009	3278175	1
5589783	5589812	1
2792600	2792599	1
9266255	9266258	1
10298655	10298656	2
4276490	4276489	1
2922215	2922218	1
3195602	3195601	1
7494500	7797151	2
4879108	4879163	2
674729	674546	1
264331	264626	1
1129197	1125867	1
1231177	1229826	1
11426044	11406524	1
5930338	5930337	1
7225252	7225543	1
11513090	11512827	1
8029101	3963281	1
11491841	11492407	1
12351548	12351543	2
6572424	6768734	1
7031812	7031811	1
10590861	10590813	1
5811624	5811623	1
5589785	5589814	1
7434596	7434511	2
1974476	1974475	1
6684764	6684810	1
12239044	12766132	1
12267700	12040583	1
768860	768838	1
7864483	7864484	2
9502144	9502149	1
9641877	9641878	1
11085623	11087599	1
6198127	6198128	1
4424067	4425500	1
3457381	3457369	2
5486460	424977	1
8279112	8279111	1
506093	506088	2
1584572	1584571	2
6568979	6568807	1
6587154	6587153	1
2365804	2365834	1
12409525	12409526	1
8226306	8226739	2
1193884	1193858	1
12431854	12431858	1
4001999	4001992	1
12718696	12718981	2
3651917	3651918	1
3898779	3898780	1
7942247	7942216	1
9929835	9929836	2
6788703	6788704	1
2758579	2768176	2
11826888	11826909	2
3922136	3922309	1
3154895	7244624	2
1102676	1102675	1
12037280	12037277	1
3419262	3418062	1
9866104	218970	1
11203533	11207823	2
8258781	8259515	1
4159455	4159456	1
4639928	4639936	1
5890566	5890565	1
5610874	5610828	1
11812846	11812836	1
2452991	2450124	1
3724732	4095737	2
232215	232220	1
6338710	6338705	1
4549661	4549662	1
7665587	7665104	1
4448577	26554	2
6600930	6600929	1
2809661	2809665	1
2671498	2671495	1
5160745	5160750	1
10804862	10804807	1
11036929	11036930	2
11010337	11010340	1
5248280	5248279	1
4605709	4605710	2
8469112	8469111	1
10224013	10224075	1
7736880	7736879	1
9676247	9676248	1
11154918	11154906	2
10726321	10726342	1
2317851	5501949	1
8905153	8905154	2
4163294	4163293	1
12178268	12178267	2
4212104	4211365	1
8283244	8283350	1
2484624	2484623	1
4431245	4431246	1
6028907	6028903	1
9375208	9391115	1
10300527	10300528	1
1103404	1103401	1
7612640	7612639	2
10968540	10968539	1
2340434	2340433	1
9852489	9852490	1
1601186	1600961	1
5566462	5566461	1
7666926	7667874	2
5727878	5727877	1
5123708	5123707	1
386124	386122	1
791729	791767	1
1868916	1868915	1
8675157	7599823	2
6195090	6183410	1
6118390	6118389	1
9713298	9713297	1
4012185	4012186	1
7222884	7222883	1
3980182	3981287	2
6165102	11153375	1
9419848	9419878	1
1213675	1381001	2
6171698	6171697	1
5619662	5619656	1
10285242	10285241	1
11437695	11437696	1
999642	999800	1
8989367	8752185	1
10749060	10749059	2
5706715	5708016	1
3812236	3812231	1
5819755	5819756	2
2795054	2795053	1
2780345	2780346	2
717926	717923	1
9352006	651796	1
3774412	3774411	1
761208	761207	3
6611238	6611842	1
11291900	11653698	1
12298599	12298600	1
1661125	1661126	1
11565899	11565902	1
2960134	2960137	1
8349190	8349189	1
4538956	4538959	1
1391395	1391396	1
11390511	11389528	1
9354879	9353486	1
8547923	8547924	2
3491164	3491163	1
6548435	6548436	1
8870732	8870816	1
11823946	11823943	1
1475147	1545829	1
677282	677279	1
865304	865301	2
6697945	6697946	1
1954971	2410208	1
6753331	6753657	2
4197671	4310851	1
8540022	8540000	1
8711577	8713202	2
300952	300951	1
8148508	8148507	1
397500	397499	1
6081575	6081837	2
10335797	10335802	2
5495727	5495737	1
8391063	8391064	1
11893475	11893480	1
1244653	1244654	1
1541917	1541853	1
7930874	7930847	1
12119670	12119665	1
9334466	9334497	1
10647593	10647357	1
8251290	8251289	2
464230	298005	1
1167225	1167288	1
10854021	10854110	2
2065494	2065493	1
10780637	10780638	1
4085647	4087121	1
2025548	2025547	1
11034934	10940364	1
8443739	8443740	1
7182161	7182162	1
9193040	9193003	2
2008084	2008083	2
12182991	12182992	1
4224723	4224724	3
12245718	12245731	1
3931855	3931856	1
4149334	4149333	3
7963844	7963843	3
285155	285116	1
4522165	4522238	1
10476579	10475852	1
5610552	5613140	1
6737594	6737593	1
9539710	9540715	1
8641453	8641454	1
6905989	6905990	1
9344605	9344622	2
5456353	5456356	1
7142070	7142069	2
4481778	4481776	1
3095653	3100907	1
7576239	7576242	2
3149057	3150233	1
3538316	3538315	1
12480445	12480446	2
6532699	6532702	1
8975012	8974762	1
748720	748719	2
5158	5099	1
8594207	1601098	1
3367329	3367260	1
11010945	11010946	3
7008210	7008209	1
7823020	7822475	1
2028731	2028742	3
5828054	5827802	2
9017696	9017695	1
7897983	7897978	1
7292912	7292911	1
6581292	6581289	1
5268803	5268499	2
9789958	9790017	1
5168659	5084161	2
7793554	7794042	1
6845886	875683	1
6361111	6361112	1
761988	761987	1
4419891	4421655	1
6291426	6291408	1
1822752	1822756	1
2897082	2897081	1
7073288	7073285	1
11554830	11554819	1
10371314	10371313	1
11422629	11422630	1
5044721	5044974	1
3545406	3545405	1
1374361	1374362	2
7173883	7173884	2
4545938	4545937	2
9106652	7632114	1
10535576	10536821	1
826100	826033	1
9622771	9623794	1
2167991	2167992	1
4657036	4657035	2
1356967	1356968	1
844070	844069	1
1659339	1659289	1
9766223	9766224	1
4719972	4719971	2
10189772	10189775	1
9516686	9516685	1
10275325	10275326	1
7446355	7446371	1
9026772	9026690	1
10410253	10410254	2
3020204	3025469	1
6210299	6210302	1
5267100	5267099	1
7851441	7851442	1
12557339	12557340	1
4081582	4081581	1
5585246	5585249	1
3884400	3884399	2
906673	902163	1
7610562	7610620	1
8607882	8607881	2
1331402	1331401	1
9700952	9700951	3
560232	560159	1
8821131	8821132	1
9320687	9320688	2
11887721	11887676	1
4081587	4081588	1
12381430	12380947	1
6696078	6696077	4
522759	522560	1
2766055	2765907	2
529854	529467	1
836798	836814	1
7660185	7660186	1
5957904	5964093	1
290135	290136	1
7604904	8731104	1
7736061	7736062	1
11848760	11848759	1
2493587	2493588	1
6788996	6788995	1
8025863	8025725	1
2396792	2396791	2
1151116	1149474	1
9593652	9593651	2
4545829	4545830	1
39494	39473	1
10728170	10740982	1
8437741	8438683	1
8469110	8469109	1
1911523	1911524	1
1386109	1386110	1
2752964	2752970	1
6423420	6423417	1
7816949	7816950	1
1074391	1074396	1
5618545	5630702	1
8358053	8188538	1
10914933	10914934	1
5947277	5948127	1
1581325	1580999	1
11317282	11317281	2
1173458	1173455	1
5152441	5152442	1
9109076	9109073	1
4347188	4347187	1
8794308	9500031	1
7530349	1998633	1
1222689	1222690	1
6107440	6107439	1
302365	302366	2
736354	736294	1
12141342	12141341	1
3996189	5364926	1
7758827	7759109	1
1629982	1629981	1
1500848	1500845	1
7748884	7748883	1
11820446	11821843	2
8691214	8691213	1
8897685	8897686	1
2312070	2312062	1
9157153	9157154	1
7777190	7777189	1
1005780	967113	1
5994392	5994389	1
869432	869431	1
3405579	4124643	2
304796	60174	1
3151557	2446446	1
6193127	6193128	1
3869627	3870148	1
1676615	1676616	1
12670525	12670745	1
6858051	6858052	1
8964311	8768146	1
12379670	12379669	1
1775155	1775156	1
1154828	1154673	2
3031029	3031030	1
10159000	10158999	3
2716224	2713128	1
7044361	7044362	1
2582315	2582316	1
9419827	9419828	1
1486221	1486224	1
7932818	5577610	1
3545275	3545276	1
10140294	10140293	1
6457712	6457711	1
4572171	4572166	3
7308010	7306179	1
4776138	4776137	1
10671020	10671019	1
3302625	3302475	1
7446338	7446337	1
5793849	5793850	1
9726051	9706495	1
11121870	11123280	1
430314	430313	1
11934418	11789537	1
4187803	4187611	1
1100109	1100284	1
4048151	4047630	1
1579451	1579452	2
9142151	9142152	1
9630655	9630656	1
6802712	6802596	2
7446397	7446379	1
11219185	11219188	1
2631411	2631412	1
8015208	10613878	2
10199038	10199037	1
7623525	7623526	2
10757614	2786274	1
11045256	11047774	1
6220115	6222603	1
5002802	5002801	1
2344003	2343997	1
4715782	4715840	2
9958667	9958646	1
1342745	1342746	3
10387587	10387630	1
7077408	7077407	1
3466197	8778746	1
8532969	8532970	2
7307287	7307290	1
7797150	7797149	1
9328567	3967101	1
4818814	4818812	1
11645523	11645524	2
7953569	7953570	2
744995	744996	1
1406462	1407616	2
6595535	6595536	1
7760681	7760425	1
9530693	9531055	1
12056197	12056202	1
6726021	6726022	1
6281382	6281381	1
8842623	8842621	1
12474667	12474668	1
11458335	11458336	1
2885903	2885904	1
8692658	8692657	1
4305241	4305244	1
11224096	11016776	1
2294722	2294721	1
1748375	1748477	1
3978616	3978613	1
2640870	2640869	1
12642175	12640803	1
1912061	1912062	1
10355700	10355699	1
4988675	4988676	1
4234650	1087644	1
1741144	1741338	1
6564644	4532592	1
6733541	3909846	1
7920956	7920962	1
9793708	9793703	1
5419498	5419912	1
6353139	6353099	1
7913982	7913981	1
11351923	11351924	1
9044634	9047044	1
5487212	5487211	1
6626046	6626026	1
9953392	9953387	1
12319350	12319349	1
6590175	6590176	2
4628254	4628352	1
10495328	10495307	2
1582608	1582611	2
3808197	3808198	1
6247493	6247494	1
4481501	4481502	1
3353953	3354153	2
860570	486484	1
7014482	7014481	1
4639029	4639362	1
637482	5699597	1
583677	583678	2
8617760	8602969	1
1160961	1160450	1
4409567	4409550	1
7562226	7562225	1
2602250	2428406	1
7827114	7824373	1
1206739	1205780	1
5161417	5162336	1
10961756	10961755	2
6601179	6598652	1
8787565	8787880	3
11779437	11779438	1
291509	291484	3
8805539	8805542	1
11545219	11545220	1
3700240	3700369	1
10978009	10978012	1
4434246	4434964	1
8781032	8781031	1
3959203	3959204	1
7520996	7520995	1
10192754	10192751	2
11020722	11020719	1
3121716	3121695	1
2708542	2708380	1
4924498	4924516	5
4221987	4221988	1
8895911	8895915	1
3315574	3315573	1
9761098	9761115	1
9808629	9808630	2
3260058	3260057	1
2418970	2418969	1
7913444	7913443	1
9976193	9976245	1
8495599	8495608	1
8315668	8315667	1
7644041	7644042	2
7648052	7648049	1
10675646	10675516	1
2771763	2743485	2
3370881	3370882	1
11882981	11882982	1
11501690	11602522	3
8021989	8021990	2
4354010	4353933	1
10073148	10073147	1
6167945	6167946	2
2152465	2147998	1
1487395	1398043	1
2531616	2537972	2
6907506	6907505	1
3110452	3112361	2
3454487	3454488	3
7855478	7855541	1
10125454	10125453	1
8788611	8788616	1
52011	52012	1
2080462	2079843	1
11379579	11380916	1
309111	309112	1
6053636	6053619	1
6123023	6123024	2
11379552	11379837	1
10437557	10437558	3
7328156	7328155	1
1294735	1294736	1
2271355	2271053	1
12268980	12269454	2
10764769	10764770	1
9356869	9356802	2
362899	362900	2
10185645	10185422	2
4069776	4063858	1
1643906	1643905	1
1493936	1493935	1
8534781	8533888	1
10831139	10831038	1
5011585	5011586	1
6697373	6697374	1
6056803	6056823	1
8402826	8402845	1
8366885	5701265	1
1442381	1442382	1
6414325	6414326	1
11098767	11098768	1
957217	957218	1
11653598	11653601	1
2701255	2701230	2
10075432	10075431	2
1151071	1151124	1
11263700	11263544	1
12004359	12025031	2
1234666	1220792	1
4268204	4268442	1
4545600	4545274	1
7754041	7753625	1
7944022	7944021	3
4700004	4700003	2
12449543	12449544	2
3897613	4004494	1
10245736	5114639	1
8514921	8514884	2
8835320	8843827	2
7884586	7884585	1
9769794	9769530	2
11068000	11067999	1
1794293	1794294	1
1296565	1296566	1
5137419	5137420	2
10758783	10758784	2
10734346	10734349	1
5192771	5192774	1
5270869	5270870	1
4857051	4857392	1
7536898	7537220	1
8020133	8020134	2
7367088	7391431	1
5279084	5279083	1
2257167	2257168	1
1311327	4677681	1
1697930	1699590	1
3309648	3309645	1
5271977	5271978	2
1645340	1645339	2
9070824	9070823	1
3313741	3313696	1
2231124	2231123	2
8168461	8168462	1
3974155	3974730	1
9980778	10200243	1
11803463	11771344	1
12387351	12387352	1
603595	603596	1
6002558	6002660	1
11075299	11075249	1
2999945	2695212	1
10270270	10270267	3
1931159	1931160	1
12243351	12243352	1
8564858	8566303	1
3658624	3660134	2
12169505	12169506	1
3100019	3100022	1
3601740	3601739	1
4623942	4626286	1
929396	761989	1
8004151	8004158	1
7096889	7096871	1
6852737	6851934	1
5660108	5660111	1
588104	589869	1
8550811	8550812	1
4917917	4917913	2
6188501	6188502	1
2606452	2603777	1
7109416	7109415	1
1609968	1610015	3
8955791	8955792	2
12744114	12744113	2
10777996	10777995	2
7650153	7650154	1
1501644	1501643	1
6208701	6208702	2
4826629	4826630	1
7190600	7190599	1
8422903	8422904	1
6907508	6907507	1
10894105	11864597	1
478975	487822	1
12765346	12767388	3
8033989	8033990	1
6784931	6784932	1
3266505	3981003	1
11140009	11141353	1
11505980	11505979	2
12481912	3319520	1
4429733	4454515	1
1969853	1974901	1
5388408	5388403	2
9762928	9762927	1
12055621	12055622	2
1967438	1963569	1
1685241	1685244	1
9447527	9447528	1
8081385	8081523	2
11136133	6136110	1
5016508	5016507	1
10747569	10747616	1
7123175	2865552	3
268716	268715	1
2206942	2206914	1
8066119	8066120	1
1107149	1107152	1
1834544	1834543	1
5731951	5731901	2
4088587	4088592	1
9618437	9618440	1
3687009	3687010	1
1259567	1304374	1
10464054	4576375	1
2751263	2751124	1
7293280	7293279	1
1256959	1258439	1
9327218	9326975	1
7143194	7145456	1
3829075	3829076	1
10083087	10083088	1
4548957	4548958	1
1952443	1959460	1
7760810	7760809	1
2838103	2838104	2
8846322	8846315	1
10663829	10663922	1
2177025	2176408	1
322540	322539	1
1445083	1445084	1
4744764	4744828	1
2927222	2927221	1
6955066	6954729	1
7868758	7868259	1
3145967	3145968	3
6247814	4984937	1
12038666	12038741	1
3729898	3728630	1
6551391	6551392	2
11876502	11876442	1
4279754	4279753	1
112739	96988	1
5209393	5208447	1
8565006	8565005	2
12383992	12392790	1
8553737	8553738	1
8499421	8499424	1
12128199	12128341	1
10041488	10041487	2
6370730	6370729	1
7987242	7987241	1
12382737	12382734	2
1835604	1835603	1
9824626	9824631	1
7678877	7678878	2
6572498	6572497	1
639298	639297	1
3153366	3153363	1
2293103	2293106	1
5058095	5058096	1
11172591	11172552	2
11942134	11942133	2
860109	860611	4
990265	990239	1
6554749	3445365	1
11150237	11150225	1
12198176	12198175	3
3513857	3513858	1
9568716	9568715	1
11192999	11193000	1
8128881	8129235	1
792378	792381	1
1196980	1105622	1
5305274	6026212	1
9678577	9678590	1
12672256	12672278	2
192860	192859	1
2005632	1960405	1
4801464	4801461	1
12006149	12013904	1
2225286	2225285	1
10336671	1073057	1
4445423	4445424	1
12043823	12043824	2
8445802	8445801	3
163622	163635	2
3247821	3247822	1
4542523	4544089	1
9569191	9569270	1
8087084	8087083	1
8878257	8878197	1
676004	676003	2
11704718	11704201	1
8799720	5643447	1
7534892	7706104	1
3229705	3229706	1
8626175	8626176	1
4793592	4793591	2
7837466	7837465	1
8013773	8013774	1
10625474	10625637	1
5311050	5310387	1
12183887	12184505	1
3235215	3235205	3
3308325	3308326	1
4475059	4475060	1
7222371	7222401	1
7466973	7466974	1
2889969	2889965	1
3658146	3658340	1
4801524	4801744	1
12056199	12056202	1
93971	101978	1
8463806	8463805	1
6982156	6982155	2
5734202	5734199	1
12196127	12196128	2
7373140	7373139	1
11124031	11123998	1
5579548	5579547	1
11381148	11376872	1
10188978	10294571	1
1514793	1511519	1
8329197	8325392	1
5453197	5453200	1
1590145	1590357	1
11535469	11535470	1
8683384	8683383	1
5111366	5111559	1
12005901	12005902	1
1874078	2125293	1
6317326	6317351	1
1744138	1744137	1
949625	949626	1
10624132	10624131	1
3261255	3320689	1
7937805	7937806	1
8264110	8264109	1
11568066	11567978	1
6273965	6273966	1
615299	615300	2
2278898	2278908	2
6730775	6732254	1
7882234	7882233	1
68778	68777	1
7004839	7004833	1
3010291	3010254	2
7431857	7431676	3
10127570	10127567	1
6238227	6238268	1
9671933	9671936	1
7444202	7445821	1
6856045	6849988	1
7351038	7350451	1
9598440	9598439	3
12210095	7323493	1
4040859	4040874	1
5702058	5701482	1
12805052	12805574	1
10969625	10969626	2
5313075	5313078	1
12319277	12319256	1
176203	176180	1
4247132	4247129	1
2198365	2108827	1
835536	834238	1
8444531	8444532	1
9011244	9011250	1
9564915	9564916	1
248103	248061	2
9336902	9336901	1
7878860	7878859	2
6431594	6431593	1
5042006	5042035	1
171527	174464	2
4273623	4273391	2
10849652	10849649	1
10986499	10986500	2
6454626	6454629	1
11220987	11220988	1
10894682	10893839	1
2733634	2733633	1
7341229	7337318	1
12423553	12423554	1
1071938	1071936	1
7088131	7088132	1
3367520	3367501	1
11395159	11395164	1
3747438	3747450	2
10778280	10778279	1
5632064	7388201	1
5178020	5178098	2
7341186	7341185	1
10930116	10930115	1
11179767	589514	2
2933827	2933467	2
10339409	10339410	1
5205402	5204212	1
3703171	3703172	1
1862890	1862905	1
8901185	8901211	1
7707560	7706332	1
500596	500548	2
7785615	7785616	1
9902794	9899913	1
5538977	5539035	1
9861698	9861697	1
6392567	6719169	1
1254347	1148202	1
814042	814041	2
1390821	1390974	3
8048549	8048749	1
7830393	7830372	1
9022820	9022819	1
6499994	6499993	3
6161911	6166862	1
1150537	1148669	1
9080811	9080852	1
3369007	3369719	1
9737409	9730070	1
5203161	5203162	1
2826845	2826846	1
927589	927590	1
6105118	6105212	1
9467121	9467353	1
8810137	8810138	1
5191343	5191379	1
2808887	2808888	1
10510903	10510751	2
6707816	6707813	1
4603034	4602716	1
8824412	8822857	1
7826867	7828369	4
2284176	25156	1
8087660	8087659	1
8824071	8824072	1
8021382	8021272	1
7552024	7551950	1
11747994	11747997	1
665828	665827	1
12282294	12192393	1
7667406	7667405	1
2927353	2927354	1
1081960	1081959	1
881289	881290	1
7990145	7990161	1
4954599	4955194	1
6953422	6947725	1
9623202	9621203	2
7827816	7828041	1
10521758	10528260	1
1132389	1132424	1
11126756	11126753	1
7933935	7933892	1
1012293	6309133	1
10892255	10892256	1
3494828	3494823	1
27522	27519	1
8824575	8824576	1
11446665	2836233	2
142321	133498	2
11185284	6099980	1
3389507	7866337	1
5473506	5473501	1
6740902	6740994	1
10480871	10481464	1
10641502	10363653	1
7896114	7896143	2
4686553	4686539	2
9461483	7436031	2
9558038	9558037	1
511650	511363	1
11472280	11480824	1
2935295	2935296	2
11549106	11548935	1
10670353	10670354	2
1757828	1758916	1
11674545	11674492	2
4093465	4093466	1
10567111	10567112	2
4700687	4700688	1
7051011	7051012	1
10232482	10232479	1
3741290	3755529	1
9106751	9174101	1
12613398	12613397	1
7998419	12378693	1
3888014	3887326	1
11618844	11596725	1
7558760	7558759	2
2684880	2684893	1
10896613	9100178	1
8908615	8762619	1
3233316	3233313	1
1145965	1145920	1
9670162	9670661	3
11005431	11005432	1
11261156	11261840	1
6164027	6164028	1
4712219	4721628	2
7843370	7843813	1
11041909	11111287	1
3361173	3361174	1
7213808	7214228	1
10971372	10971369	2
6167952	6162777	1
6362413	6362414	1
8306481	8306482	1
6505119	6505120	1
7831020	7831191	1
12036589	12029205	1
2856790	2856789	1
2930096	2930946	1
4982133	4982130	1
11085932	11085926	1
7977382	7977381	2
661703	5606308	1
4517493	4517503	1
10107852	10016718	1
10022189	10022190	1
1499521	1499522	1
4775981	4776139	1
4638882	4639309	2
10469251	10281407	1
773133	772336	1
7156235	7156238	1
10528529	10528530	1
8916711	8916722	2
3646334	4120614	1
8712301	8702546	1
8397731	8397732	1
2459657	2459658	1
2109219	2109222	1
879799	879802	1
8401872	8401875	1
7678886	7679483	1
8371853	8371854	1
1000884	1000836	1
9940069	9938165	1
6114707	6114710	1
2206249	2076925	1
1003448	1003447	1
2103930	2103929	1
2922561	2666809	1
9174425	9172919	2
6243329	6243315	1
4385328	9235273	1
3058244	3058243	1
2812672	2812675	2
2507545	2507546	2
2856489	2856490	1
2415949	2415950	1
11932195	11932198	1
11539363	11540193	3
9757397	9671053	1
11224683	11224684	2
10171378	10171377	1
9758245	9758262	1
12146843	12148661	1
3981723	3980836	1
1008131	1008132	1
12317795	12317796	1
5508639	5508640	2
10746913	10395529	3
9022423	9022426	1
5305454	5305446	1
5192367	5192335	1
8964556	8964473	1
11139610	11139609	1
9077308	9082193	2
1568219	1568220	1
7257793	7257794	1
11417710	11417720	1
276917	10896750	1
10900163	10900150	1
10065952	10066786	1
272809	270976	1
7810246	7810251	1
3642898	3643182	1
6130285	6130286	1
11387953	11387954	1
4724531	4724532	1
3610010	3610000	1
7736857	7737363	1
6106056	6106051	1
3370782	3370781	1
3078646	3078645	2
7111953	7111938	1
5604976	5604975	2
1171605	1171606	1
247956	247955	2
11968952	11968949	2
12204456	12204455	1
7262108	7262452	1
4647908	4647934	1
5218199	5218676	2
2299736	2299867	1
6797016	6797015	1
5531752	5531728	1
2793616	2793615	1
7921037	7920424	4
7129107	7130856	1
1385351	1385344	1
10647302	10647301	2
9751609	9751612	1
650035	650036	2
3240547	3306640	2
11664202	11664152	2
9192917	9192918	1
12174308	12174307	1
11011546	11011543	1
3663541	3628521	2
2939091	2939100	2
8809127	8809128	1
10905419	10905422	1
4329590	4511072	1
2008758	1951904	1
9477616	9477792	1
3958397	3958398	1
8549067	8550059	1
10314702	10314699	2
11401467	11401482	1
8082302	8082301	1
11480526	11480518	1
7607242	7607241	1
11803027	11803028	3
4562957	4562958	1
8620775	8620776	2
11245323	11245326	1
4374253	4374254	1
3145597	3145659	1
5018187	5018435	1
8924152	8941648	2
2598715	2598716	1
12676824	12676823	1
9836149	9836150	1
3534731	3534716	1
5375052	5375051	1
1928920	1928919	1
10908655	10908656	1
9564161	9564164	1
10711566	10708498	1
10836738	11125504	1
4406897	4406898	1
4731938	4790928	2
5877601	5877602	1
2096959	2096960	1
8258798	8258716	1
3077939	3083318	1
4846927	4846928	1
9818879	9818880	1
2368225	951880	1
4783614	8900403	1
3703697	3703698	1
5995408	5995376	1
5483786	5483785	3
6458948	6459328	1
1549074	1549077	1
2547948	2547947	3
11346235	11346266	1
8419742	8419741	1
3899707	3899725	1
971075	971076	1
4230766	4230765	1
11475379	11475382	1
6871389	6871390	1
650100	650099	1
5738230	5738710	3
7850209	7850210	2
5738406	5739810	1
8739152	8745900	1
11487515	11487516	4
6117209	6117112	1
12422046	12422045	3
9336556	9336555	1
4825138	4640787	1
6573494	6573151	1
3761149	3761152	1
1321918	1321917	1
7315477	7290299	1
6172954	6172947	1
517085	517002	1
12021186	12021185	1
9481258	9481047	2
7188879	7188880	1
802037	801965	1
4091005	4091006	1
11968907	11968791	1
2141483	2139786	1
3555841	3555842	1
11173445	11173287	1
4393407	4393268	1
11615650	11615178	1
5975049	5975050	1
10507641	10507642	1
174651	174634	1
11221185	11226005	3
1736036	1736051	1
9286257	9286262	1
2876084	2876083	2
745619	745620	2
6367194	6381854	1
6630532	6630693	2
11109466	11109471	2
9565914	9565911	1
2856491	2848129	1
10911779	10911780	1
3668456	3668455	1
3992744	3992743	3
4925691	4925692	1
4723434	10764545	1
10419631	10419632	1
2013878	2020179	1
6742319	6742324	1
12665821	12665822	2
2716351	2716352	1
3044210	3044209	1
9682736	9682735	1
5400771	5400772	1
2639322	2631390	2
5945270	5945289	1
2383505	2383506	1
6478952	6478951	2
11865725	11865726	3
10516159	10516926	1
5352372	5357758	1
471262	471259	1
8396917	8153880	1
9063285	9063286	1
7817377	7817378	2
5005443	5005444	1
11676743	11676513	1
7808799	7809578	1
3100717	3025098	1
8529303	8529304	1
6530950	6530949	1
3498263	3498264	1
4314154	4314153	1
11578215	11582878	1
7023743	7023744	3
7203919	7204123	2
2035928	2035927	1
1669947	1460205	1
8553800	8553694	1
2522738	2522762	1
4648052	4648051	1
5561506	5561505	2
7679650	7679649	1
6527165	6527166	1
6684192	6684189	1
12006539	9691205	1
9901062	9907712	1
3202259	3202841	1
2100272	2100271	1
2484443	2484444	2
5610478	5610547	1
3482653	3482654	1
10076291	10076296	1
8581778	8581777	2
6314956	6314000	2
9360949	9360962	2
6125334	6125883	1
5362353	5362398	1
5045122	5045115	1
8065398	8065397	1
10186336	10186335	1
7918870	7918863	1
7872604	7872523	1
12267171	12274333	2
10778511	10778512	2
12485189	12485190	1
1196959	8439324	2
9097217	9097218	1
5087660	5087448	1
6017244	6017060	2
6300135	6300136	1
7451794	7451793	2
6545432	6545518	1
6837453	6837454	2
10280553	10281264	1
1683299	1683300	1
8753693	8753694	2
11595132	11595131	1
4791307	4721391	1
1357117	1357118	2
12341462	12341461	1
6000862	6000861	2
3360424	3360421	1
2257193	2257194	1
11839387	11839390	1
7546347	7898849	1
3694603	3694604	1
6697784	6697781	3
10450015	10450016	1
11131547	10870207	1
12426489	12426490	1
8758390	8758389	1
3111023	3111024	2
2614032	2614031	2
1971155	1971108	1
12789528	12789527	1
5820869	5820850	1
9329717	9329718	1
6051955	6051958	1
181609	181610	2
5645089	5645090	1
1638677	1636066	1
10065288	10065315	2
12392977	12392978	1
6515588	6513679	1
2542382	2548329	1
7478622	7783889	1
644751	9620067	2
1503782	1503785	1
5154068	5155119	1
2394148	2394145	1
10670501	10670502	1
621673	621676	1
1313944	10450305	1
8804229	8804190	1
9669020	9648991	2
10598293	10598484	1
12546364	12546363	1
7615591	7615584	1
331030	331035	1
1726823	1726975	1
112228	112227	1
12544534	12539802	1
8108272	8108271	1
11410035	11408969	1
3977837	3977838	2
2745090	2745089	2
957048	957123	1
9803705	9803706	2
6338251	6588554	1
5130341	5130342	1
1836918	1836916	1
9743076	9743075	1
2270556	2270587	1
8184206	8184205	1
2856824	2875762	1
11679027	11679032	1
8679448	8679469	1
6408581	6408582	1
12482905	12493557	1
3972734	3972733	2
9954326	9954316	1
1722335	1722336	1
2421161	2420830	1
6524276	6525012	1
1046290	1046278	1
8174905	8174906	2
7738406	7738405	1
10766715	10766682	2
6318246	6318394	1
10877199	10877616	1
9996818	6628615	1
8075657	8075658	1
4205632	4209927	1
1089562	1089561	1
6125884	6125883	1
10726223	10726216	1
2791051	2791052	1
6119020	6119017	1
5763909	5763910	1
8491697	8491698	2
8982702	8982470	1
10378070	10378069	1
11523226	11523225	2
3755553	3755554	1
1196615	10311763	1
4699808	9318136	1
4249002	4248999	1
1432365	1432366	3
9109195	9109196	1
168154	168151	1
4276823	4276824	1
9065836	9065835	1
8513813	8513814	1
6408761	6408783	1
10910126	10910130	2
9284060	9284059	1
10749054	10749053	2
5067193	5067194	1
6775539	6775279	1
6377791	6605305	1
7417280	7417279	2
11866166	11865829	1
7064243	7064254	1
8478760	8478759	1
12813507	12813508	2
8509545	8509546	1
5964748	10603976	1
2355725	2355726	1
4223693	4223694	2
2315944	2315943	1
1284812	1284811	1
10211351	10211356	3
7572116	7817854	1
4151415	4151296	1
556146	555151	1
1610203	1610206	1
11172402	10827088	2
996792	996789	1
4557589	4557590	3
730282	730278	1
1015944	1015941	2
8588386	8588385	1
1461387	1461388	1
3410979	3410980	1
462136	462133	1
11866935	11867248	1
2825809	2825810	1
9356036	6759456	1
2920807	2920808	1
1386034	1385961	1
9744671	9744672	2
3139480	3139465	2
9759660	9759655	2
735686	734680	1
6259765	6259754	1
12655249	12655174	2
10478227	10478228	1
2044315	2044316	1
2857564	2868305	1
11827457	11827458	1
12747063	12747066	1
2492699	2489142	1
2304467	2304505	1
8430408	8430407	1
6112365	6112082	1
9389701	9389704	1
7050045	7044376	1
872437	872447	1
2657222	12753779	1
170726	170736	2
10125108	10125030	1
553318	554588	1
11829056	2958589	1
6997090	7159652	2
6750764	6750763	2
12169876	12169938	1
1527852	1527851	1
7666928	7666927	2
1755655	1755656	1
180585	376222	1
6888866	7088016	1
5337540	5337539	1
4507556	4507555	1
5654569	5654572	1
11872684	11871328	1
11415246	11416328	1
6975763	6976571	2
7225890	7225649	1
11145433	11151839	1
9257485	9257486	1
5925722	5925718	1
7453856	7455554	1
6898066	5776338	1
355200	355092	1
11169142	11169141	1
5550198	5550197	1
5101102	5101055	1
9793662	9793661	1
6183658	6183657	2
7552090	7961230	1
11864532	11864529	1
9655732	9655622	1
9576505	9576506	1
8219760	8219759	1
2781210	2781213	1
9685041	9685042	2
287158	287155	1
1392562	1392561	1
458641	458644	3
5208711	10262253	1
11839997	10800828	1
5041937	5041938	2
7902478	3230011	1
12556942	12556941	1
7346487	7346490	1
10927245	10927834	1
12614928	12618219	1
3612111	3609230	1
10907515	10907516	1
6123826	6124038	1
7967802	7967801	2
6364597	6364581	2
7921304	7920427	1
9251855	9251856	2
8151881	8151882	1
1108683	1108684	2
11678984	11678688	2
9434791	9434792	1
1972514	2008346	1
7211148	7212558	1
2316043	2316044	2
11773927	11773928	1
3088351	3088354	1
822965	822966	2
10356411	10356412	1
5487509	5487510	2
4482768	4482765	1
1984306	1984310	1
279055	279056	1
3462013	3457076	1
3890911	3890912	2
7427405	7427406	2
2537321	2537322	1
10652711	10644762	1
12124466	12124508	3
668402	668401	2
10436756	10436758	1
3358451	3358452	1
1042437	1337091	1
11833613	11833614	1
10387853	10607196	2
2003919	2003920	1
11551091	11551094	1
3691064	3691063	1
10992254	4192123	1
10632641	10632642	1
561748	563592	1
1334943	1334944	1
2558895	2561088	1
7942326	7942325	2
9904737	9904738	1
2765416	2765408	2
631917	2298910	1
8735165	8735210	1
9011208	9011207	1
218621	218622	2
367333	367334	2
4768521	4768470	1
7483316	7483315	1
658844	659108	1
1971116	1971111	1
11578851	11578852	1
2959038	2959037	1
6767307	6659295	1
5279724	5279721	1
11933104	11933103	3
8546546	8541611	1
4076707	4076708	1
11725053	11733913	1
1615572	1615571	1
7243094	1674366	1
7533228	7533255	1
9765898	9767803	1
1983185	1982662	3
10757361	10757362	1
2726547	2726550	1
12815000	12814999	2
6642082	10299552	1
5314289	5294889	2
6798977	6798980	1
7112156	7112155	1
6194594	6194591	1
6181741	6181767	2
12382970	12382969	1
7538126	7538125	1
5580644	5580611	2
1700357	1700174	1
2483089	2525773	1
2738218	2738215	1
2527743	2530525	1
7233010	7410519	1
3557329	3557330	1
270290	270289	1
2560033	2560034	1
5236454	5236453	1
2092125	2092076	1
742776	742775	1
1693715	1693716	1
8962603	8962604	1
5643923	5645909	1
4844249	4844252	1
9687125	9686642	2
3719674	3719673	1
8514180	8513740	3
1676820	1686854	1
7822487	7822503	1
12435326	12427869	1
6436282	6436117	1
2530726	2530725	1
249756	249755	1
12521580	12522714	1
6364968	6366856	1
12180452	12180451	1
5973320	5973317	1
10283282	11395786	1
9831407	9831408	2
7710568	7712408	1
7783178	7783420	1
6384914	6384913	1
11320956	11320955	3
2296793	2296794	1
9066439	9066440	1
1642353	1642354	2
879422	879409	1
356309	356327	2
6810931	6810848	2
663885	665046	1
9637719	871070	1
3564549	3564550	1
10443655	10443656	1
1823626	1823636	1
10880464	10877251	1
5924706	5924705	2
10877487	10877488	1
7147643	7147627	1
5425694	5427924	2
10130597	10128495	1
6026850	6033720	2
10115216	10115196	1
11267301	11267649	2
12125199	12125200	1
12567472	2156103	1
11567334	11567333	1
11456665	11456666	2
6338469	6347205	2
7087105	7087106	1
8983806	8983719	1
5550315	5550316	1
2014666	2018850	1
11822382	11822381	3
777622	777516	1
5973169	5973172	1
1401485	1399599	1
12201142	12201094	1
9481986	9481985	1
10497305	10497306	2
5007202	4936232	3
11943335	11943336	1
4376937	4376938	2
11074432	11074431	1
486129	486182	1
2026745	2026746	1
9739843	9739741	1
10612377	10610672	2
10868223	10868224	2
4430505	4430506	2
10154887	10154424	1
12655935	12656354	1
5879803	5879804	1
9839471	9839472	1
1586686	1586649	2
7312446	7303886	4
10495866	10495865	4
9804658	9804657	1
8989921	8989922	1
9241248	6612095	1
9697262	9697194	1
629287	629288	1
7301527	7301528	1
425904	425860	1
9373893	9374173	1
4319339	4319340	2
10903615	10903616	2
9771865	9772627	1
1561986	1566446	2
3048944	3050717	1
7614150	7614163	2
3160007	3160010	2
6554821	6474356	1
7970922	7970919	1
8917877	159674	1
325846	325845	1
8404820	8402822	1
12531535	12533883	1
3831812	3831809	1
574966	677786	1
3626646	3626631	1
687029	687034	1
4553143	4369529	1
10255046	10255291	1
4227074	4227073	1
4845605	4845606	1
2553697	2553784	1
6282229	6282138	2
10650253	10649644	1
6301430	6301429	1
8447364	8447363	2
920821	920805	1
8374476	8374473	1
7114419	7114420	1
7066073	7066074	1
4261028	4261034	3
8955784	8749014	1
6739843	6739935	1
10893585	10893588	1
11762158	11762157	1
976618	976822	1
3822655	3822656	4
12791864	12616516	1
328102	328099	1
12375368	12375367	2
10364717	10364718	1
9769476	9769475	1
10647591	10647592	1
11139608	11141397	1
7803423	7803424	1
11836576	11836575	1
7025517	7025153	1
11722949	11722816	2
12664540	12664539	1
1215095	8550696	1
3398706	3398673	1
1013283	1013284	1
5879697	5879435	2
9344008	9344007	1
11803029	11803030	2
1131310	1131651	1
3598178	3598177	1
6408782	6408785	1
6738005	6738190	1
5805712	5805704	2
12417130	12417129	1
11876516	11876515	1
2051296	2029551	1
6432307	6432308	1
973832	973831	1
12263798	12263795	1
7243738	7241441	1
10990271	10990272	1
6219694	6219693	1
5209391	5209392	1
12007097	12007231	1
3531510	3531527	1
1596222	1596275	2
9290759	9290744	1
8417238	8417237	1
7886558	7886543	4
9125686	9125720	2
4816891	4816914	1
4215604	4215643	1
2517206	2517205	1
6772983	6772953	1
127483	120470	1
6059415	6059416	2
2639539	2639586	2
641914	641913	1
8616398	8616397	1
6777787	6777788	1
9899444	9899351	1
8761032	8761031	1
4404670	4404669	1
6782835	6783368	1
4273271	4273272	1
7286726	7286698	1
3579453	3579762	1
3197555	3197539	1
7437410	7437520	1
3229707	3229708	2
4585638	4585690	2
5155143	5155063	1
5448860	5448859	1
10883593	10883110	1
5710500	5710499	1
9288836	9288835	1
12567472	2156105	1
1891210	1892069	2
10291754	10291753	1
8399933	8399915	1
1119041	1119444	3
4030643	4025895	1
3963235	3963236	1
11398981	11398982	3
8592934	8592933	1
10205779	2254760	1
6564521	6564368	4
3209836	3209833	1
11161357	11161360	1
6144221	6144224	2
7203694	7203693	2
3100023	3099258	1
7864940	7864939	1
12293898	12293895	2
6792572	6792920	1
5322282	5322281	1
5094844	5094585	1
5860076	5850892	1
7101755	7101752	1
8900913	8900888	1
8520627	8520628	1
54700	54699	1
3256009	3256010	2
9488848	9488847	1
2329721	2329724	1
2045260	2460735	2
6938006	6938005	1
11913293	11911284	1
5739259	5739260	1
1023515	1024867	1
9814674	9814673	1
3366275	3366276	1
11503345	11503346	1
4574929	4579548	1
2976038	2974344	1
8824040	8824039	1
8890901	8886651	1
2728897	2728898	1
1837369	1836657	2
6184207	6184208	1
4251180	4313973	1
7916888	7917386	1
12451134	12459145	2
8805231	5632059	2
4217489	4217480	4
6447669	6445532	1
11055891	11094564	1
293273	293274	1
11835568	11835567	1
10818599	10818600	1
9174226	9174225	1
6105089	6105090	1
7004447	7004448	1
6856539	7118819	1
3832935	3852729	1
11762140	11760752	1
8633758	8633757	1
9754429	9754994	1
6544825	6544826	1
7984972	7985745	1
12522088	12529372	1
2261329	2261245	1
11854786	11853444	1
12137761	12137762	1
12610397	12610398	2
9564150	9564178	1
1059380	1313267	1
8645580	8645582	4
3875109	3875110	1
8680162	8680161	1
8421893	1120981	1
2580999	2566848	1
2004335	2004425	1
2854231	2854232	1
6312227	6312228	1
7907680	7907710	1
2088832	2088831	1
8627	8236	1
2771318	2771349	1
740161	826641	2
11646129	11646193	1
792424	792423	2
6286656	6286655	1
2480453	2479530	1
5291118	5291117	1
3902975	3902977	1
7447500	7447497	2
6654463	6657329	2
1762525	1762526	1
12306150	12496207	1
9244717	9244722	1
10300324	10300321	1
7978767	7979526	1
5631780	7387947	1
9364982	9364981	1
8482061	8482219	1
721997	721998	2
9530799	9530800	2
2342237	2342238	1
667745	667746	1
3208623	3207335	2
1215939	1215940	1
5680709	5678923	1
9794221	9794222	1
2199351	2199340	1
10899342	11832512	1
4588673	4588674	1
2641618	2641617	1
1629224	1629223	1
8497151	8253386	2
7566267	7559843	1
5913730	5913729	1
7452197	7452203	1
10914247	10914213	2
8442012	8442011	1
2305400	2305399	2
1406506	1406512	1
6628274	6625065	1
700463	701446	1
10580587	10580588	1
1603627	1603628	1
1243250	1247441	1
8475501	8475499	1
6868401	6868402	1
8927884	8927881	1
3913875	3914295	1
7325833	7319258	1
7199714	7200025	1
3247226	3247225	2
7995882	7974417	1
9570335	9569772	2
5567623	5567624	1
4439685	4439914	1
3557332	3557331	1
9142318	9144087	1
8031251	8031252	1
2580369	2582004	1
3369684	3369681	1
9318054	9318051	1
2549105	2451613	1
7940271	7940272	1
10926464	10926463	1
5634710	7386143	1
1959751	1959752	2
11771664	11771663	1
4638448	4638447	1
5291075	5291048	1
6891630	6891623	1
11803779	11803780	1
3923430	3923429	1
9347360	9347359	1
10178848	10178847	1
5378863	5378864	1
10503186	10604283	2
7281262	7287378	1
2355202	2355205	1
7397997	6000333	1
11431117	11431916	1
6789090	6789045	1
4236637	4293651	1
12317552	12317551	1
5654657	5656583	1
11559684	11564768	2
1513924	1514032	1
9473404	9473401	1
3715341	3715361	1
1202969	1250816	2
1664300	1664299	1
10665691	10664891	1
10489110	10489579	1
842168	842167	1
1736952	1736631	1
7126800	7126799	1
3161141	3161163	1
3740198	3740208	1
11172166	11172165	1
2430635	2430636	1
4816998	4817001	1
12600528	12601174	1
11628908	11628907	3
986212	986253	1
11354755	11354922	1
3870007	3869960	1
11119365	11119366	2
3472311	3472293	2
3529160	3529157	2
8559857	8559858	1
10935299	10935300	1
12753720	12754188	1
5354516	5349080	1
8561153	8561154	1
11357369	11357370	1
6071915	6071920	1
9068274	9068298	1
12486845	12486846	1
3555659	3555660	2
8467129	8467130	1
81712	81711	1
4157449	4157450	1
10080034	10195879	2
11585246	11585245	1
7908988	7908985	1
7769628	7770917	1
6503635	6503636	1
9348422	9348583	1
6772952	6772951	1
4197775	4197776	1
12435260	12435285	1
10956233	10956347	1
12531668	12533599	1
11264230	11264320	1
7008604	7008607	1
6533419	6533420	1
7787989	7787990	1
8706773	5582551	1
1929257	1929196	1
1605496	1605482	1
10359785	10716400	1
5549308	5549307	1
12036134	12036133	1
3770395	3769216	1
7738607	7738559	3
10276123	10277240	1
4019417	4042479	1
10379274	10379273	2
10274331	5569571	1
6379030	6379029	2
2486097	2486098	1
3237162	7859347	2
7219460	6915551	1
11779742	11779741	1
2294112	2294111	1
1184999	1185000	1
7803160	7803150	2
5208579	5213475	1
668586	668585	1
12463803	12463760	1
2561734	2615060	1
9775421	9775422	1
11802981	11802984	1
6486605	6483879	1
7951217	7951218	1
7298424	7295331	1
3287166	3287130	1
6670361	6670362	1
7466700	7466699	1
12674712	12674711	2
3971903	4087716	1
1590810	1521014	1
6701632	6701631	1
8014473	8014474	1
7802835	7802836	1
6219276	6219031	1
5131746	5131650	1
8869892	8869889	1
705738	705735	1
5600960	5600959	1
11886487	11886488	1
4376648	4376645	1
12495739	12495740	1
1204847	1204856	1
1632142	1632759	1
3560187	3619680	1
673273	627881	1
4415649	4413144	1
6569575	6569590	1
5672481	5672503	1
10995041	10995044	1
145199	145184	2
6708326	6708325	1
2319220	2319217	1
4278676	4278675	2
343843	343844	1
9758243	9758244	1
7806439	7806456	1
9618260	9617401	1
10640917	10640992	1
6865594	6865593	1
1740129	1740994	1
3750839	3750840	1
1136120	1136115	1
7804621	7804624	1
5260422	5260413	1
8328083	8328084	1
5598868	5597128	1
11703856	11703972	1
6598784	6599089	1
8944570	2639451	1
8008722	8008721	1
11402409	11239309	1
1655388	1655387	1
1432634	1432633	1
7066266	7066265	1
1449888	1790339	1
4267619	4267620	1
443080	443079	1
7867058	7867057	1
784821	784824	1
6593571	6578938	1
11868458	11869235	1
6670932	6670917	1
176577	176580	2
6373086	6380023	1
11536034	11536038	1
6210552	6210471	1
10923841	10923812	1
1133651	1133652	1
6311846	6311845	3
2906032	2906031	1
2551244	2551285	1
10901789	10901790	1
3296274	3298639	2
8258664	8269368	1
1986386	1986140	1
9345956	9345968	1
6621414	6621399	2
7152565	7152566	1
84023	85432	1
994817	994818	1
6317807	6317808	2
2125619	2124829	1
3027699	3027700	2
10571229	10571230	2
1245250	1246994	1
3855947	3855948	2
1098215	1098216	2
8210058	8210057	1
10990336	10990335	2
2705795	2705833	1
6887929	6887933	2
9064310	9125465	1
7957354	7957353	2
7780235	7780236	1
12531533	12531534	1
10475006	10476578	1
4112728	4112527	1
10636139	10636140	1
3091935	3091936	1
1314463	1314387	1
4350473	4350857	1
1587628	1587811	1
6273476	6276012	2
5624172	5625175	1
569819	569820	1
3820624	3820674	1
3035892	3035891	1
7584709	7584710	1
11526109	11526110	1
4271836	4272559	1
1066025	1066011	1
6704341	6704342	1
4331924	4331870	1
11895051	11895052	1
11221273	11221274	1
10032284	10032283	1
7895340	7895339	1
6135466	6135469	1
6808877	6808880	1
12306980	12310114	1
4222071	4222072	1
4075234	4077343	1
7107998	7107997	1
6747406	5266702	1
1032242	1032241	1
9329566	9329631	3
10219973	6348546	2
2870771	2870768	1
4401444	4497751	1
4630775	4630769	1
1212287	1212149	1
702650	702643	1
1429286	1429285	2
1355988	1355987	1
7304116	7303954	1
8848572	8848571	1
1775322	1775321	1
5231093	5232901	1
11712956	11720847	1
9836920	9836917	1
7214789	7214790	1
12716135	12716136	1
7432687	7432766	1
4844157	4844158	1
8689030	8687575	1
2542590	2542589	1
5518760	785282	1
7373685	7373686	2
571963	572680	1
7854464	7854463	1
6558091	6558092	2
5810034	5810033	1
8481271	8481272	1
9530177	9530178	2
7234422	7234419	1
5160741	5160744	1
10494007	10493954	1
4498912	4498911	2
4337766	4337674	1
3420095	3869970	1
8385184	8385189	1
3418630	3418830	1
4020560	4020553	1
10336909	10336912	1
3912957	3912958	1
9743072	9743071	1
10772335	10774117	2
11317053	11317054	1
12599915	12599916	1
10076289	10076290	1
3617776	3617775	1
10026138	10026137	1
6555596	6555595	1
2014091	2015769	1
5310043	5315742	1
1500156	8169833	2
2885660	2885659	1
10157187	10157188	1
10802978	10802977	2
1944067	1944092	1
11024488	11024487	1
8467399	8467401	2
132832	140732	1
12475475	12475520	1
12132051	12132052	1
12005473	12005474	1
11596926	11596284	1
12209957	12209437	1
12189335	12189336	1
7375668	2720870	1
9537524	9537529	1
3668594	3668534	1
12327352	12327351	1
3351973	3351974	1
9113898	9113897	1
5454400	5454415	1
3277675	3277678	1
5273207	5273208	3
7999508	10473201	1
739066	173862	1
10194643	10195521	2
4377622	4377605	1
1261268	1261267	1
9277134	9277274	1
1762627	1762628	1
10068651	10068652	1
2209225	2209226	1
3319931	3319932	1
7072818	7072817	1
11040715	11040716	2
10117618	10117617	1
1212512	1212504	1
4694369	4694370	1
11585344	11585652	1
10797065	10797378	1
2095591	2095592	1
9268854	9268853	3
10411080	10411077	2
6760875	6760878	1
8080438	8080435	1
7661469	7753549	1
10010156	10010155	2
2749054	2784296	1
11265394	11265393	2
10158608	9954463	1
2939648	2939647	1
12601553	12601554	1
7503638	7503637	1
12606176	12606175	1
6152572	6152571	1
10910513	10910514	1
1578252	1578251	1
7292067	7311331	1
10032920	10033688	1
2332765	2451317	1
3971298	3971297	1
9939684	9939862	1
7940796	7459261	1
7650702	7650701	1
5004289	5004290	2
6982154	6982275	1
4735164	4735163	2
4217441	4213916	1
660069	660070	2
11663372	11663160	1
3857961	3857962	2
7938933	3494867	2
5490259	5490288	1
5240306	5240305	1
680142	680141	1
7998417	7998418	2
12800706	12800623	1
8300947	8300944	1
2078159	2078162	1
12539241	12813784	2
11717700	11717699	1
11346065	11346134	1
1874044	1874627	1
2906354	2899774	1
9436619	9436562	1
4544979	4544980	1
7084587	7084601	1
11437215	11437820	1
5667450	5667449	1
8947865	8947866	2
6399649	6401192	1
4525162	4525155	2
27520	27519	2
3901496	3895797	1
10187763	10187764	2
4723106	4723073	1
498817	498818	1
738130	740302	3
6564970	6564969	2
631810	631809	1
12184491	12184541	1
553477	553478	1
1055179	1055182	1
7787412	7787411	4
6109489	6130284	1
3996334	3996333	1
1705791	1705865	1
4517882	4517881	1
5564145	5556099	1
6976790	6976789	1
7863509	7863510	1
4469552	4469551	1
11721330	11719693	1
10333410	10333409	1
4368108	4368117	2
5099504	5580227	1
3364691	3364692	1
10276488	10276485	1
8291896	8291895	1
8966264	8966263	2
10529866	10647301	1
6545665	6545666	1
11999865	11999866	1
9315249	9315250	2
2127303	2127304	1
5734335	5734336	2
8009880	3964030	1
443942	443802	1
2586127	2586976	1
9728071	9729602	1
8614295	8614296	1
2861928	2862119	1
661703	661704	2
5469945	5469948	1
6684257	6684232	1
9586063	9586072	1
1668993	1668885	1
2137457	2137417	1
10744299	10744302	1
5572838	5572837	1
9946424	9946377	1
3978265	3978545	2
4030211	4030212	1
10537188	10537231	1
8519687	8519101	2
9794234	9793709	1
5450714	5450713	1
8576215	8576220	1
7541695	7541696	1
4484782	4484781	2
9183111	9183112	1
2768913	2766892	1
7025470	7025200	1
7383301	7383302	1
5801372	5799938	2
5890743	5890744	1
3183258	3183257	1
3387935	3387936	1
8166263	8166306	2
2320552	2320462	1
4829828	4829827	1
6514189	6514190	1
11827965	11827966	1
7163753	7328157	2
7725069	7725067	1
11193684	11193825	4
6557842	6557770	1
4362801	4699810	1
6068397	6068398	1
2586422	2586421	1
4468348	4468338	1
7545455	7545458	1
11287496	11287377	3
12424007	12424149	1
5397475	5397470	1
12657142	11143314	1
11363073	11359360	2
5323109	5323110	1
3946440	3946443	1
3973025	3973026	1
10584618	10584641	1
6782103	6782092	1
8901151	8901098	3
12519907	12519908	1
2409711	2409737	1
3015750	3015727	1
7447967	7448233	1
5649019	5649020	1
6423517	6454410	2
1650740	1650739	1
4350506	4265337	1
12140431	12140432	1
7547210	7547426	1
7293304	7293252	1
4388183	4388202	1
345210	345209	1
668558	667738	1
8347066	8347065	1
10300700	10300697	1
2616642	2616641	1
11143453	11143454	1
3281988	3281933	1
7653495	7653496	1
6916001	6916002	1
3731571	3731546	1
5004052	5004051	1
1460134	1460131	1
7684149	7681897	1
6642800	6642799	1
7733862	3557050	2
10419110	10419577	1
783074	783077	1
5571334	5571333	1
10192748	10192747	2
4046104	4046103	1
7612766	7621227	3
7158606	7158605	1
10312065	10312371	1
10811796	10811795	2
747732	747648	1
6454630	6454629	1
6206835	5365467	1
6436536	6436612	1
1975206	1975205	2
10658457	10658458	1
6585189	6585288	1
9096484	11993107	1
767296	767295	2
9917036	9930374	1
10901771	10901784	1
5890745	5625688	1
12664472	12665037	1
3557327	3557328	1
7142562	7137204	2
6074377	6074378	1
2817202	2817205	1
2578910	743137	2
249451	250794	1
8098131	8098132	1
4230412	4230411	1
4153627	4153628	1
613467	613470	1
11354583	11354584	1
9637065	9638607	1
690731	5800278	1
1479867	1479662	1
11584390	11584389	2
8491912	8491911	1
2922213	2922214	2
1886829	1886830	1
160318	160317	1
1085653	1085654	1
5411169	5399450	2
10399515	10399516	1
5484120	655797	1
2030340	2030339	2
11367001	11367004	1
8801423	8813529	1
11988187	11988188	2
8618256	8618255	1
5293478	5294387	1
7824584	7824569	1
10622039	10622377	1
11417187	11418947	1
9355546	9355545	2
6914249	6914252	2
11446881	11446882	2
6452637	6443636	2
460190	459950	1
10183349	10183350	1
306182	59782	1
2010586	2010585	1
1218190	1218189	1
4714673	4714609	1
7851364	7851057	1
2320511	2320512	2
2204408	2205197	1
9139356	9136491	1
7256010	7256009	1
4543273	4543274	2
6922860	6922802	2
9786727	9569097	1
12014169	12014386	1
3218222	3218221	1
3649722	3644969	1
10875473	10875474	1
11775839	11775840	1
8791193	8791194	1
6504413	6504414	1
7821769	7821895	1
308079	447596	3
9584227	9252382	1
9371573	9374131	1
3214569	3214572	1
1711920	1762996	1
6830895	6830896	1
4663762	4664934	1
6357105	6357459	1
2972624	2972623	1
7114673	7114665	1
9566495	9563667	2
12237950	12237949	1
5436481	5436482	1
1314359	1314360	1
10508556	10508555	1
8454174	8454173	1
10887815	10887816	1
8423049	8423271	2
9160259	9160260	1
7204354	5635842	1
4584868	4586839	1
5828445	5828446	1
11149744	11149743	1
3292963	3292966	1
9356635	9355827	1
6121786	6121785	1
1395765	1395766	1
5473679	6136641	1
7887134	7887133	1
449506	449504	2
5463344	5463343	2
9337127	9785073	1
1686462	1686421	1
3149771	3149744	1
9553200	9553205	1
7082519	7084161	1
6479995	6479606	1
6439468	6439029	1
2083211	2083212	1
12408104	12408103	1
23338	23298	1
5410328	5410327	1
8106397	8106398	1
4278870	3557837	1
3985355	3985356	1
7794758	7794757	1
9616731	9616732	1
10751318	10751317	1
9166643	8983378	1
10374662	10378578	1
1133563	1133551	1
4422579	4422580	1
12334381	12334382	1
3334888	3331791	1
3271649	3271650	1
8384945	8384946	1
4587301	4587302	1
5054251	5054252	1
5286022	5285962	2
3427217	9166246	2
10572702	10572699	1
6071966	6071965	1
8378754	8378753	1
7276450	7276449	1
10600392	10600387	1
8556146	8556323	1
258955	258956	1
3972442	3969073	2
11007777	11007595	1
858168	858163	1
5748923	5748924	1
8341353	8341343	1
10438106	10438105	1
7756151	7756152	1
11909704	11910257	1
8464033	8464034	1
11560656	11560655	1
6996129	6996060	2
11334997	11335000	1
7222922	7223171	1
909659	909662	1
8096890	8097276	1
11228653	11228654	1
6148509	6148510	1
10717318	10717649	1
11990167	11990168	1
9294937	9297382	1
4949243	4949227	1
10903803	10904010	1
6474183	6473932	1
2438081	2433412	1
5233609	5233610	2
11266247	11266237	1
11706454	11706453	1
8012383	3966492	1
1578277	1575240	1
6800288	6800897	1
10330916	10330915	2
11154410	11154407	4
7400858	7402890	1
639077	639078	1
782062	782061	2
917347	714000	1
2641375	3768164	1
904341	904342	1
7089900	7089877	1
12477681	12477682	1
389820	5446865	1
655973	655956	1
2003383	2002990	1
9727263	9727266	1
78719	78722	1
1321133	1321129	1
11229607	11229680	1
1517429	1517430	1
5047707	5047765	1
6504315	6504316	1
1486448	1487809	1
1449875	1792019	1
2089594	2089621	1
7814324	7814323	2
2329717	2329575	1
12036764	12036763	1
4060697	4060693	1
10383051	10383052	2
1757723	1757724	2
11584317	11584318	2
800017	799935	1
562233	562234	1
5381198	5380736	1
1827013	1827016	1
1433454	1475445	1
5074888	5092312	1
10293160	10293159	1
9440090	9438785	1
5454882	5454827	1
7950814	7950813	1
12175267	12175268	1
6204612	6204471	2
5547008	5547088	1
10037681	10041638	1
4498826	10090393	2
3499109	3499110	1
8372019	8372009	1
6347700	6347699	1
1331317	1331331	1
10378711	10378712	1
4118031	4118034	1
3895743	3895750	3
6676318	6676374	1
2123338	2122745	1
1550327	1550162	1
6156123	6156124	2
7835794	7835793	1
10282964	10283903	1
3977075	3977076	1
216825	216826	1
8875207	8875208	3
5372507	5372157	1
9285408	397457	1
4670498	4481233	1
7743247	7743255	1
5937505	5937506	2
1269832	1269831	1
6437762	6437761	1
2112456	2112455	1
1751044	1751130	1
7581517	7581518	2
3613256	3582695	1
3366231	3366232	2
5022401	8085201	1
12750666	12750663	1
4610041	4610042	1
6516927	6517465	2
7658950	7658949	1
7949246	7953393	1
2066651	2064800	1
3699123	3699124	1
3256122	3256121	1
11354431	11354434	1
1141738	1142930	1
11172406	11172405	2
8517272	8517267	1
6706259	6706046	1
4318581	4318582	1
3731547	3731548	1
11561301	11561349	1
10408374	10408373	1
6500290	6499873	1
8245775	8245751	2
5307455	5307472	1
7870295	7867598	2
2640964	2882735	1
3281746	3281665	1
8416277	8416280	1
12530581	12530582	2
11182757	663928	1
3167064	3167063	1
2126031	2126032	1
1947735	1947736	1
8049837	8049838	1
745316	745345	1
11999867	11999868	1
11149568	11149193	1
4836689	4836690	1
5695928	5695906	1
1155678	1155677	1
3891870	3891902	1
6450642	6450641	1
6015061	6015062	1
10823295	10823296	1
10842135	10842142	1
5249927	5249928	1
10292910	10292909	1
5098064	5098063	3
5586582	5586581	2
2332629	5195999	1
5665304	5665303	1
7251353	7251354	2
8205892	8205876	1
3714299	3714302	1
1089558	1089557	1
259512	259511	1
5806340	11134221	1
10929713	10929703	2
10716634	10716641	1
10727731	10727732	1
5506694	5506693	1
8153245	8160488	1
10182664	10182949	1
2273719	2273722	1
10459023	10459262	2
11897020	11897017	1
2440376	2440355	3
5411601	5411602	1
7760699	7759406	1
9949932	9949931	1
5838144	5838143	1
8558702	8547320	1
8274629	8274630	1
11127136	11127133	1
6688605	6759602	1
9519871	9519872	1
7742493	7742494	1
9931743	9931744	1
11118095	11118096	1
11719233	11662454	2
1861911	1863621	1
7276662	7276661	1
298028	301321	1
3819469	3819470	1
11116801	11116802	1
3994577	3994922	2
8281751	8281752	1
3631464	3631463	1
3961497	3961498	1
722242	722241	1
8368122	8368395	1
7824630	7824627	1
5003755	5003158	1
10290063	6491869	1
7446299	7446300	1
3114936	3114935	2
2726632	2726762	1
5374022	5374019	1
10874910	10874913	1
4850745	4850746	1
2428804	2426694	1
1579960	1500474	1
4129897	4130167	1
10809849	10809850	1
6151048	6151196	1
52776	52775	1
3199656	2831824	1
6556844	6555669	1
4712171	4712172	2
6894130	6894127	1
7811925	7811926	1
2439618	2439536	1
2756493	2756518	1
2592461	11111485	1
559463	559464	1
6511120	6511119	1
5475162	5475161	2
9589861	9589862	1
5435397	5435398	3
8874457	8874458	1
3978635	3979235	1
11362103	11362104	1
11710398	11710397	1
8273268	8275383	1
9827328	11914911	1
12195151	12195152	1
2970095	2972236	1
2998223	2998224	1
5407616	5407615	3
6781287	6782585	1
2924400	2924409	2
5474142	5474141	1
9247597	9247598	2
10197864	10197863	1
11156232	11156227	1
7473608	7473607	1
559236	559235	1
1446362	1446361	1
2848097	2848100	2
10182434	10182433	1
3712355	3715314	1
10458704	10458637	1
11569645	11569646	1
12346765	12344248	1
3829488	3829482	1
12636598	12636283	1
1515476	1513029	1
5178276	5178273	1
3115188	11036660	2
1269850	1269849	3
7137829	7137830	1
6703553	6443906	1
2861305	2861306	1
846027	847318	1
7651002	7651001	1
263232	263159	1
4594072	4594075	1
2801551	2709957	1
10401235	10401092	1
3092299	3088087	1
7446407	7446454	1
6115219	6115220	3
11424027	11427214	1
1235230	1235229	1
1173122	1173068	2
2644245	2644246	1
2860876	2860875	1
6980003	6980004	2
2317343	2317824	1
324740	324750	2
5433702	5430775	1
10904112	10904111	1
1403663	1403664	1
2930440	2930462	1
2343239	2343196	1
5748961	5748058	1
869434	869433	1
11324564	11324563	2
3277388	3277385	1
9126951	9126952	1
666898	666897	1
11254501	11256724	1
12480776	12480775	1
4911776	4917619	2
343032	344191	1
5444842	5444841	2
7995764	12389330	1
418847	6812033	1
10154623	10154624	1
9249836	9249829	1
8893836	8893835	1
7092607	7092610	2
2124762	2124755	1
5817092	5810622	1
1822345	1822346	1
9778990	9778987	1
9726562	9708271	2
7137371	7137372	1
3499169	3499170	2
9628232	9699444	1
1797996	1797936	1
7259556	7264792	1
5508648	5508647	1
6353401	6353402	1
10481643	10481644	1
6475305	6475309	2
2397159	2392491	1
11763985	11763978	2
3209431	3194522	1
3888711	3888712	1
1766194	1766193	1
8658935	8658902	1
9697233	9697234	1
9352064	9352063	1
5214176	5214175	1
11714828	11714660	2
8649875	8649876	1
713481	945053	1
1492270	1492232	1
1061380	1061379	4
8642229	8642391	1
8027194	8027160	1
8214340	8214089	1
7866991	7866992	1
6113498	6113497	2
5315428	5315427	2
9574342	9572242	1
7990546	7991551	1
3703623	3703624	1
3314542	3314541	1
11054142	10959069	2
669020	668291	1
10013424	10013360	1
6870392	6870391	2
8893481	8892586	1
6782201	6782860	1
3901739	3901635	2
9154415	9154062	1
5601291	6046426	1
4116790	4116787	1
1043343	1043335	1
10311937	12206195	1
9362924	9362923	1
10914893	10914894	1
2258642	2258654	1
9238981	9239039	1
6557082	6557081	1
5600155	5600156	1
7815756	7815402	2
11879891	11879892	1
8049341	8049336	1
91068	396867	1
4268443	4268444	1
5665305	5665306	1
1478149	1480849	1
4844551	4844323	1
9093968	9093967	1
12778144	12778143	1
6545790	6545789	1
5209391	5208447	1
1258265	1258266	2
9247910	9247909	1
10564677	10664012	1
10302144	10302143	1
844547	844548	2
989054	989053	1
6555594	6553706	1
6597526	6298892	1
11258418	11258730	1
3976328	3976334	1
12552527	12544776	1
3372340	3372366	2
841922	841835	1
7719192	7719191	1
5708308	5708343	1
3465345	3465346	1
7814809	7814812	1
11382027	11381952	1
10753291	10753286	1
5937622	5941297	1
5821606	5821603	2
2757609	2757593	1
12678730	12678729	1
690899	690902	1
11113444	11113443	1
1915453	1915454	1
2993424	2999113	1
7449412	7449411	1
3240765	3240766	1
10665987	10666150	1
9572692	9572691	1
2192757	2192777	1
7317527	7317587	1
1304802	1304435	1
7420302	7420284	1
201636	201635	1
1762983	1796608	1
7367398	7367463	1
3320151	3320152	1
2312273	2312274	2
7806766	7806765	1
2861930	2861929	2
8097299	8097300	1
5422264	5422263	2
3245483	3245484	1
793598	793595	1
1146109	1174522	1
9777823	9777988	2
7904603	7904604	1
11079720	11079715	1
7682197	7682140	1
2261327	2261328	1
9102048	9102047	1
6303679	6303665	1
432764	432763	2
9682661	9581283	1
4047504	4047465	1
9416864	9416867	1
5571517	5572497	1
3583334	3583322	1
11845599	8639732	1
5425703	5425246	1
1346899	1346902	1
4396992	4396991	2
6176858	6176857	1
271352	272263	1
12699376	12699371	1
12552183	12552184	1
553592	545154	1
5367993	5283982	1
12610700	12610699	1
11745821	11745822	1
11388793	11389952	1
3713002	3712989	1
10875543	10875544	1
1556105	1557037	1
9300588	9300613	1
5895336	5895333	1
6009214	6009213	2
10946763	10946824	1
12046985	12046954	2
5142198	5142201	1
3007987	3007990	1
7455537	6531989	1
897813	897814	1
12464677	12464678	1
1314205	1314229	1
7844232	7830765	1
12367426	12367425	1
8033059	8033060	1
3492396	3492295	1
7432411	7432601	1
7446237	7446240	1
7419289	7419290	1
8906065	8906066	1
776889	776677	1
10340769	10340619	1
10985221	10985222	1
2846454	2846453	1
7144386	7144385	1
6433792	6433791	1
11580473	11580577	1
2201296	2201289	1
5961025	5961026	1
11689262	5214965	1
2259870	2254052	1
12458792	12459160	1
45155	6801777	1
3965850	3965849	1
7328552	7328541	1
3462918	3462917	1
6397280	6397268	1
6318941	6318942	2
6669402	6669401	2
10272613	10272614	1
12323588	12323587	1
5824619	5825867	1
11609574	11609573	2
6151617	6151618	1
7916146	7916145	1
5804532	5806540	1
357734	357719	1
3554681	9719730	1
1104314	1104080	2
7107582	7107839	2
9265078	9265077	1
10311900	1196653	1
8454068	8293470	1
10556814	10556813	1
1227197	1227198	2
7721917	2404295	1
6429025	6429026	1
8521165	8521155	1
300950	296397	1
3105986	3034289	1
4525102	4525340	1
312182	312181	1
134663	134664	1
10407081	10406075	1
2371705	2370959	1
3131167	3131168	2
8066392	8066391	1
3218080	3218729	1
9672649	9672650	1
3993349	3993350	1
6594623	6580803	1
7854783	7854784	1
7812035	7812036	1
5511176	5511175	2
7696624	7696621	1
5233192	5233191	1
8692437	8692440	1
9248543	9248544	1
9436493	9435723	1
11671572	11671571	2
11083454	11083451	1
6059413	6059414	4
7446375	7446376	1
7339344	7336730	1
7374690	7374687	1
3966437	8013171	1
11909010	11909027	1
10903801	10903802	1
2500747	2500748	1
3292673	3292674	1
6107592	6107457	1
10829198	10829197	1
8905153	8905297	1
1372725	1372649	1
11301126	2685781	1
5969102	5969101	1
3381221	3381222	1
5924493	5924494	1
11225436	11225435	1
1133052	1289883	1
7914202	7913157	1
40902	40888	1
10168609	10168610	3
6115446	6115451	1
10904248	10904247	1
12607960	12610306	1
10065987	10065988	1
8371210	8371209	1
10882741	10883449	1
424272	424375	1
9100093	9100094	2
11446989	11446990	1
3817704	3817703	1
5219888	5220748	1
4228267	4227867	1
5848338	5848351	1
3255311	3255286	2
6185584	6188500	3
2092103	2091940	1
10774184	10774129	1
8422705	8422685	1
4852511	4852512	1
3905963	3905966	1
1931747	1931748	1
5431137	5431138	1
7785614	7785613	1
1922842	1922841	1
11315441	11315423	1
6012497	6012521	1
5060817	5060818	1
11145431	11145432	2
10902253	10866338	1
10993670	10993669	2
4744764	4744826	2
3780608	3778881	2
819468	819467	1
1537784	1423007	2
8373565	8373566	1
4941717	4941718	1
5207446	5207441	1
2366272	2213988	1
1223694	1223727	1
10232236	10232221	1
6398570	6398483	2
8177904	8198668	2
3341181	3323212	1
7857070	7857069	1
382872	382871	2
7204295	7204296	1
1399452	1399698	1
7159107	7158560	1
3355206	3355205	1
3278940	3280519	1
3556229	3556230	1
7967207	7967208	1
10529732	10529729	1
4598362	4598361	1
2818123	2818835	1
2601150	2601162	1
12159945	12159946	2
340873	340426	1
6118099	6118100	1
4551943	4551944	1
3077748	3077747	1
4651284	4651283	1
7211441	7211442	1
3929605	3929608	1
883157	883158	1
8608444	8608846	2
11873284	11873276	2
7867230	7867281	1
3280340	10301622	1
10677746	10677749	1
1322857	1322858	1
7036430	7035233	1
11264359	11264360	1
11436040	11436039	2
5530091	5530092	1
7641488	7641487	1
11912866	11913434	1
7109742	7110886	2
4708471	4708472	1
11537514	11537513	1
5122370	5122323	1
9958572	9958486	1
7029161	7029162	2
9347423	9347424	1
5233412	5233415	1
7446393	7446379	1
1400127	1400128	1
6571100	6571043	1
7163678	7163677	1
205418	202362	2
7787684	7787683	1
984689	984690	1
270746	270939	1
3287166	3287165	1
8786621	8786622	1
7862548	7862521	1
7942335	7942443	1
5667926	5667950	2
430685	430688	1
10539054	10539053	1
10000386	10000385	1
9092707	9092714	3
6281263	6293088	1
12203913	12203601	1
1954976	2410224	1
6354557	6354558	1
10462017	1044003	2
4734438	4734437	1
10624572	10624674	1
6275582	6275581	1
3974930	3974929	1
11536567	11534084	1
297815	299918	1
4521767	4521768	1
12315523	12315524	2
8017760	8017747	2
1482463	1518744	1
1687480	7140709	1
8637938	8637943	1
2616072	2616067	1
2955077	2956092	1
11896443	11896512	1
4252321	4159650	1
12773726	12773725	2
1700774	1700773	1
6042849	6043081	1
2787918	2787917	1
5510566	5510552	2
10787851	10787852	2
7969319	7969339	1
5050491	5050492	2
779081	776272	2
6652190	6773510	1
11350702	11350638	2
9305611	9305612	1
2104282	2104447	1
5285545	5285546	1
3232530	3232529	1
10770687	10771500	1
8169869	8169870	1
6583721	6583722	1
9172044	8796376	4
9071001	9070973	1
3345199	3345200	1
10726747	10726748	2
4584769	4584127	1
5656282	5656279	2
12659374	12659373	1
9893582	9894667	1
7245672	7245671	1
9490585	9490586	1
1071986	1071985	1
11589224	11589223	1
4678628	4678627	1
4848869	4848872	1
11816681	11816684	1
1269989	1269977	1
4311171	4311172	1
5385574	5385600	1
7218369	7218439	1
8836689	7955341	1
1647636	1647635	1
5019975	5019976	1
7917373	7917374	1
798114	798160	2
9980933	9980940	1
2275037	2275322	1
3497288	3497287	1
12123773	12123774	1
9343874	9343873	1
1621036	1621035	1
10272678	5056196	1
7702790	7702827	1
2574927	2575059	2
9878984	9867570	1
9103475	9104526	1
10919133	10919134	1
10866300	10865832	1
6966670	6968109	1
2828977	2828429	1
9841911	9838533	1
6555390	6555389	1
7397997	6000331	1
11674747	5060660	1
3383139	3383228	1
6305166	6300189	1
5718530	5718529	2
7178389	7178565	1
12632467	12632468	1
11474871	11474872	1
3204296	3193723	1
9769689	9769804	2
6256486	6256485	4
383427	3350527	1
9305425	9306048	1
7020881	7020906	1
5747289	5745825	1
82176	103938	1
11140103	11140106	1
2886946	2886971	1
12417062	12416373	1
10364059	10364062	1
11169237	11169240	1
1380087	1379141	1
7304696	11171698	1
4990575	4990576	1
12431036	12431035	1
8962605	8962606	1
1538458	1538385	1
3652694	3652696	1
4674415	4674416	2
1120326	1120325	2
11055647	11056978	1
10408045	10408046	1
10131469	10131470	1
10157673	10157680	1
7522127	7522687	1
6564970	6564967	1
11924554	11924553	1
11376274	11376292	3
4153595	4153613	1
820091	820092	1
8001433	8001436	1
948252	946845	1
11912779	11913292	2
5199702	5199699	1
5473811	5473812	1
1426236	1426235	1
3825102	3825101	1
6579316	6314101	1
11592794	11592808	1
2562726	2564415	1
4426311	4426320	2
9339749	9339837	1
6628420	6628419	1
4050064	4050133	1
4813415	4813418	1
6766918	6766534	1
10997322	10997366	2
8025287	8025277	1
5585765	5583402	1
670298	446301	1
6753496	6753513	1
10462011	10462012	1
659886	659766	1
2331835	2331836	1
11131773	11131774	1
9101280	9101771	1
2382278	2382281	1
5376993	11783374	1
10835575	10774907	1
6701641	6701642	1
7830888	7830720	1
12399279	12399312	1
7731997	7731998	1
9829402	9829397	1
10915017	10915013	1
12540744	12540743	2
1937709	1940738	1
331730	331729	1
7836865	7836866	2
7644588	10668681	1
2842551	2842552	1
2418088	2418087	3
849004	849007	4
10341559	10343925	1
1205548	1205547	1
3262245	3262246	1
10489270	10409874	2
1633691	1633692	1
11395161	10356279	1
2708143	2708144	1
3593504	3593518	1
11655922	11652692	1
7496493	7496494	2
9356631	9356632	2
11944318	7857207	2
3877973	3877976	1
2174453	2174234	1
2770735	3397704	1
154327	154330	1
3534316	3534315	1
4477823	4477824	1
5610556	5610553	2
3293036	3293725	1
4574191	4586320	2
11453273	11453276	1
5696676	5696671	1
6867388	319909	2
8955556	9003338	1
11072343	11072317	1
10749439	10749440	1
7243128	7243125	3
8820608	8820607	1
12623181	12623182	2
6245736	6245735	1
921096	921095	1
12418711	12418712	2
11770684	11770683	1
2310720	2310592	1
7294806	7294799	2
5833945	5832501	1
6813563	6813525	2
9013103	9013086	1
10977951	10981610	1
2576511	2399387	2
9006688	9014418	2
2973230	2972887	1
1578250	1578249	1
12788740	12791053	1
743411	2578813	1
1986092	1979621	1
190320	190259	1
5223858	5223611	2
663635	662987	2
3405251	3403577	1
12332359	12333322	1
10868219	10868222	1
7285209	7158673	1
10400802	10400633	1
3908168	3908167	1
2863665	2863684	1
4925457	4925458	1
2749553	2749554	1
9423657	9418073	2
8499423	8499424	1
8521175	8521176	1
996792	996791	1
4345599	4345600	1
7650700	7650699	1
11661276	11661217	1
8299523	8299524	1
6261705	6261706	1
4866984	4867061	2
10901570	10901545	1
12517402	12517401	3
9980434	9980433	2
12628729	12628730	1
7401237	7401238	1
10853366	8555403	1
10196029	10196032	1
5973078	5973075	1
2080496	2080461	1
424317	424320	1
10135548	10135547	1
31694	31693	1
1394997	1394998	1
806955	806956	2
1853551	1842041	2
6687374	6688135	1
204300	204299	1
5478189	5478208	1
11442293	2935164	1
6343774	6343773	2
7588099	7588026	3
10324271	10324568	1
9470547	9470548	2
2033925	2033928	1
5920267	5920268	1
1969795	1969796	2
9899947	9902005	1
3160005	3160006	2
9453251	9453254	1
10623331	10623332	1
7836824	7836821	2
1842159	1841623	1
7706561	7706562	1
10566611	10566629	1
9706140	9706139	2
508665	508668	1
4793590	4793587	2
4053701	4053702	2
3870337	3870340	1
6473745	6473746	1
3663354	3663353	1
11125604	11124788	1
12046175	12046176	1
2444023	2444024	1
1351917	1063373	1
8020101	8020102	1
10011774	10011992	1
5931163	5931122	1
11543682	11543322	3
3314653	3314654	1
10874746	10874745	1
10362672	10362336	3
2903534	2834968	1
11722859	11722860	2
8182696	8182695	1
6560657	6560658	2
6748621	6748622	1
3356663	3356664	1
8950866	8759397	1
6328013	6328016	2
3527684	3527824	1
2277668	2277667	1
4663105	4724005	1
2863049	2863050	2
1179153	1109536	3
9950042	9950041	1
5890741	5890742	1
3918939	3918940	1
3278708	3278703	1
12664262	12664259	1
10637768	10637765	1
11556672	11556671	1
4519698	4519673	1
1245993	1245994	1
11773008	11773007	1
1769385	1769313	1
6100506	6100505	1
3545980	3545979	2
3441960	3441959	2
510557	510558	1
3492188	3492190	1
9179501	10881975	1
1301419	1301420	1
8885870	8885788	1
9229311	9229312	1
12243006	12242987	1
4407493	4407672	1
3933022	3933019	1
7623628	7619463	1
1583706	1583705	1
12333141	12333142	1
3951584	3951583	2
8851708	8777816	1
9300628	9300681	1
1859190	1859189	1
7307071	7307072	1
2836133	2836136	1
1445158	1445187	1
8824386	8825437	1
4209313	4209314	1
5221618	5217904	3
3528868	3528867	1
388864	388834	1
2273719	2273720	1
4387791	4387792	1
596977	596978	1
11035074	509753	2
97615	97616	1
379362	380680	1
205420	205419	2
2441710	2441699	1
9712556	9712555	1
7430504	7428920	1
8578101	8578098	1
4200376	4202142	1
8420277	8420278	1
5503723	5503715	1
105512	105535	1
9600704	9600703	1
10176830	3887484	1
1777973	1777836	2
179300	179299	2
11515364	11515578	1
12425944	12425825	1
6784118	6784156	1
11493760	11493759	1
3672210	3672209	1
4713632	4713631	1
6684219	6684220	1
11908953	11908959	1
12345455	12345456	1
11354762	11354732	1
2494036	2494035	1
9688445	9688446	1
8406988	8406971	1
199323	199343	2
1545461	1545462	1
10242887	10242888	1
4526560	4526595	1
1288152	1288151	2
12636729	12636730	1
10430288	10430389	1
9108915	9108957	1
9566975	9560910	1
792187	7181637	1
10960035	1442084	1
1228080	1228079	1
1642993	1633146	1
8011984	12317553	1
8952233	8946328	1
2103246	2103238	1
894315	894316	1
2886087	2886090	1
1878009	1876128	1
108341	108342	1
7472738	4285111	1
4007375	4007376	1
11366011	11366012	2
6222602	6222601	3
6145506	6144378	1
1585253	1585254	1
7921033	7921034	2
4813539	4813540	3
3144828	3341306	2
885241	885242	1
2140032	2137668	1
745695	745517	2
6819571	6819572	1
8297323	8297324	1
8588516	8588515	1
8798197	8798198	1
6796609	6796610	1
7280945	7280946	2
8347276	8347287	1
7191178	7191177	1
11728606	11728443	1
3644740	3638726	1
7802925	7802926	2
11112046	11112911	1
5234476	5234475	1
11070021	11070022	1
667811	667772	1
10584801	10584802	1
4323973	10114431	1
10646639	10646644	2
444041	444042	2
2701255	2701224	2
924860	924880	1
1349127	1052141	1
1923382	1926826	1
4686037	4686033	2
1394941	1394942	1
6750380	6750379	1
11151048	11151075	1
12576875	12576876	1
11918574	11916600	1
4681033	4682411	1
2423943	2423944	1
1227311	1227312	1
10024128	10024072	1
1852902	1852870	1
7527163	7527166	1
3395190	3395193	1
10814364	5268379	1
2015638	2254393	1
962999	963177	2
5820834	8523915	2
4178950	7800086	1
10188628	10188625	2
8697203	8697218	2
801517	801518	1
4300162	4300161	1
4713215	4713216	1
10750183	10749718	1
287637	287643	1
8032063	8032064	1
12810319	11990996	2
10327544	10323552	1
7437322	7437319	1
6456721	6312293	1
3387323	12399260	1
2091197	2091200	3
6642014	6642013	1
12202327	12202277	1
3039459	3039462	2
10186950	10186944	1
3131055	3131056	1
6174884	6174887	1
9097748	9097741	1
7889053	7889054	1
12539894	12540388	2
3132575	3132576	1
1538313	1538327	1
3666260	3666292	2
9843897	9850271	1
9319801	437407	1
4428506	4428950	1
2494071	2492408	1
1045723	1045758	1
4712306	4712305	2
9673238	9673237	1
1528619	1485597	4
1361221	1360642	1
2352775	2352776	1
7446491	7446492	1
11370298	11370297	1
8405249	8405250	1
464406	464405	1
8209697	8209698	1
2639626	2639619	1
746549	2586914	1
6127070	6128045	1
7380097	7380101	1
4524766	4525847	1
3498646	8795441	1
879520	879392	1
11988720	11988719	2
10573753	10573749	1
4721754	4721753	1
3981976	3981576	1
820089	820090	1
2396403	2396523	1
7280943	7280944	2
11405644	11406203	1
9648518	9648517	1
1435896	1435894	1
12538633	12538640	1
12242688	12242687	1
6764770	6764769	1
11998471	11998472	1
3738059	7768350	1
11826941	11826942	2
11079799	11079800	1
5940495	5940496	1
4661903	4661904	1
8940901	2024467	1
318247	318248	1
2571758	2570739	1
5939558	5939557	1
12318050	12318047	1
7739419	7739422	2
12230403	12230406	1
8317063	8317066	2
3997960	3997955	1
1066825	1068967	1
3468554	3468545	1
3447419	3440758	1
11821867	11818732	1
12127969	12127970	1
7275253	7275256	1
12258756	12258755	2
7248592	7248628	1
5196345	5196346	1
2214554	2214566	1
7466963	7466964	1
7017692	7017691	1
5813876	5813906	1
3595596	3594546	1
9193002	9193001	3
8026197	8026198	1
648964	648907	1
4325863	4330326	1
5668274	5663993	1
7561579	7561580	1
3791300	3791299	1
11417583	11415601	1
11448756	11447088	1
4337637	6560577	1
4680725	4681606	4
5382744	10190354	1
11187786	11187490	1
3979541	3979542	1
8399621	8399622	1
1105084	1105083	1
8505764	8505763	1
6582457	6582504	1
12472183	12472502	1
1188192	1105937	2
6987716	6987715	1
2754537	2754392	1
10810463	10810530	3
9127047	9126428	1
604745	604100	1
1049735	1049511	1
1542636	1542635	3
8887489	8887482	1
10301132	10301125	1
4957134	4957133	2
10271013	5231087	1
10920049	10920578	2
8197092	8197091	1
7451408	7451083	1
9491432	9454540	1
12514869	12514872	1
1705482	1705481	1
12311251	12311252	3
2479896	2479895	1
8578542	8578541	1
4193769	4193770	1
10109689	10109690	1
9707916	9707915	1
6022499	6022500	1
364013	363277	2
10451280	10451279	2
4105913	4105916	1
8767456	8959114	1
981071	981072	4
12348408	12348407	1
6543047	6543048	1
435803	435794	1
10442691	10442689	2
6160066	6160065	1
8101101	8101102	2
12416469	12416470	1
2250908	2250907	1
6807721	6807722	2
2040573	2040574	2
3306053	3306127	1
1269895	1269855	1
7022289	7022290	1
6504249	6504250	1
2450103	2452992	1
6169157	6169158	2
8650501	8650504	1
10233652	10233651	2
7428031	3992501	2
1510480	1510479	1
2351555	2351556	1
3281398	3281395	2
4508653	4508682	1
2248568	2248567	1
10161572	10161571	1
6697267	6697268	1
3996402	3997160	1
5625296	5625099	2
12038442	12038420	1
11017119	11017120	1
3536015	3536016	1
4519727	4516110	2
9818847	9818854	1
4254677	4254678	3
4674922	4674921	1
4228891	4228892	1
7344699	12177830	1
536962	536961	2
5580069	5580312	1
8570167	8569861	1
629321	629322	1
3464882	3464856	1
8769338	9013942	1
5867413	5848868	1
11995499	11995514	1
6383405	6383406	2
2835910	2835909	1
5435736	5435741	2
4817181	4817182	2
8508225	8504008	1
2710401	2710402	1
517297	613232	2
6571080	6571079	1
1621912	1621915	1
3581624	3581623	1
771874	771873	1
3286017	3286018	1
10187751	10184370	1
3978532	3978531	2
4703006	4702984	1
7667196	7667195	2
12339292	12339291	2
11168727	2495135	2
8234028	8234003	1
1111678	1111677	1
9750928	9750927	1
6014776	6014804	1
5190286	5191468	2
6120350	6120349	2
8556067	8556068	1
3279474	3278800	1
8234139	8234130	3
6180875	6180876	1
9073152	7951358	1
10603521	10603522	1
3958399	3959682	1
10901785	10901788	1
4454269	4454619	2
12344548	12346744	1
5816635	5816638	1
2990034	2990138	1
5711225	5711226	1
2353284	2353283	2
5706769	5706770	1
6447029	6447030	1
2133560	2133548	1
2443035	2441649	1
4600113	4612733	1
264357	290074	1
8545598	8545597	1
9836211	9836137	1
1737640	1737639	1
4346190	4338381	1
9638992	9638997	1
6414634	6414633	1
9426708	9426705	1
6247503	6247375	2
1483521	1483500	1
12209596	12498916	1
1984725	2380729	1
7101426	7101425	2
4844148	4844550	1
8024679	8024680	1
1343294	1343293	3
11525957	11525970	1
6373953	6373954	1
11546992	11546928	2
6051522	5973104	1
6785610	6785618	2
6552422	7792908	1
7547278	7547228	1
3976324	3356087	2
8868769	8868797	1
3975071	3974604	1
10315178	10315244	1
3424445	3424446	1
9014733	9014734	3
10985412	10985406	1
9075459	8885589	1
11201304	11202951	1
5748712	5735561	1
10332513	10330917	2
10901295	10901300	1
6345597	6343309	2
9548826	9548824	1
10208650	10208649	4
4470310	4470373	1
9164135	9164136	2
12390977	12390989	2
10901908	10901907	1
1100237	1100238	1
7178128	7178127	1
8013468	8013465	2
4593446	4407379	1
2787081	2787082	1
12286866	12286860	1
5622743	5622744	1
3113744	3114235	1
3097300	3097297	1
11557675	11557676	1
2885665	2885666	1
8940572	8940571	1
6807369	6807370	1
991820	993005	1
12724988	12726068	1
6727674	6727673	1
8569078	11037474	2
9685261	75394	2
3567646	3567645	1
9909150	7103452	1
871563	873686	1
9009178	9009177	1
3534053	3534054	1
796235	796310	1
9983664	9983663	1
1460811	1460885	1
8530606	8530605	1
12391167	12391168	1
11569166	11569181	1
11274903	11274265	1
2662433	2662434	1
11334337	11620310	1
9836209	9836210	1
2373481	2373482	1
11680189	11680178	1
10717009	10717010	2
3957800	3957536	1
9384692	9384731	1
5256262	5256261	1
2207081	2207086	1
831560	831563	1
11431974	11431914	1
8833444	8833443	2
4877217	4877218	1
8016885	8016888	1
3901677	3910142	1
1338907	1338908	2
8754698	8754697	1
10769894	10769891	1
3249729	3249730	1
12328714	12328818	1
6490848	6490866	1
2506017	11157907	1
11764823	3528878	1
12147491	12139261	1
5636451	5629293	1
3289581	3289582	1
5718356	5721859	1
17740	17695	1
6367490	6367489	1
1305395	8564898	1
11879642	8648730	1
7207546	7207526	1
1533420	1533399	4
1616552	1616549	1
2680222	2680221	1
3304996	3304980	1
8626295	8626801	1
9727460	9727459	1
12811170	12741207	1
227630	226610	2
419599	419600	1
4349785	4349806	2
926409	926410	1
3095954	3023017	1
5153249	5153250	1
5320643	5320644	1
573035	608156	1
2013302	2013207	1
10732382	10730689	2
11813275	11813276	1
843035	936775	1
9299476	9299475	1
6220358	6220357	1
3777942	3780454	1
1001135	1001136	1
3808690	3808687	1
1494221	1494222	2
5560512	5563968	1
11380882	11380881	1
7207249	7207412	2
7615868	7615867	1
5268001	5268340	1
834781	834782	1
6470603	6470604	1
9739059	9702111	1
7861337	7860606	2
7904720	7904719	1
2878510	2878485	1
10120631	10120632	1
7658663	7658732	2
8178775	8178162	2
6538731	6538732	1
2097479	2097535	1
7919654	7907534	2
1765601	1765604	1
11791265	11791266	2
2861912	2863676	1
4612083	4612137	1
11697049	11697050	1
7892813	7892951	1
10503299	10504552	1
10898021	10897681	2
6592083	6592086	1
6423169	6423170	1
8066390	8066389	2
6903277	6903262	1
6125143	6123930	1
8971635	8971636	1
196696	196765	2
537173	537409	1
9463354	4028854	1
10133331	10133334	1
7844392	7844787	2
4084763	4084668	1
8326672	8326671	1
9895160	9895173	1
11325647	11325578	1
171778	171169	3
6418243	6415187	1
8212111	8212112	1
1832944	1831685	1
7157256	7157306	2
1057308	1057686	1
7532176	7532175	1
6481038	6475077	1
6107554	6107553	1
5786896	5786895	1
2420566	2420370	2
2311668	2311667	1
1696473	1696474	1
744965	744859	1
11825314	11825313	2
4479394	4477822	1
8963952	8963951	1
6398572	6398571	1
4738513	4738514	1
11611890	11612442	1
8640069	8640072	1
7083841	7083778	1
11742014	11742013	1
830884	830883	1
4577119	4577120	1
8490267	8490268	1
9453106	6944975	2
263234	263233	1
2368545	2369015	1
9595067	9595068	1
10072231	10072232	2
8826951	8826952	1
4994559	4994560	1
8282563	8282564	1
7996403	7996404	1
12425808	12425736	2
5502581	5502669	1
10690376	10688998	1
1311217	1311218	1
8372133	8371680	1
10414624	10414641	1
4095736	4095735	4
12763953	12674804	2
2755024	2755023	2
8769512	8769511	2
8804420	8804407	1
8803989	8806288	2
5606074	5606073	1
11826943	11728518	2
9516681	9516682	2
2441634	2441633	3
1380512	1379479	1
11293896	11293606	1
8512542	8512541	1
7176708	7176621	1
8589540	8589388	1
4039863	4039866	2
7550405	7550406	1
1092953	1090108	1
881473	881576	2
12278089	12278090	1
10468796	10468990	2
1088009	1088016	1
9705974	9705959	1
5512204	5512920	1
7992528	7992527	2
4341076	4338363	1
9782863	9782864	1
1071609	10453008	1
1264032	1424255	1
12533272	12533271	2
11536164	11536163	1
4876926	4876898	1
8442072	8442071	1
1050513	1050514	1
10630888	10630883	2
6986188	6986155	2
9661181	9661182	1
5570663	5014471	4
837092	837494	1
4491374	4491373	1
7092015	7092016	2
3290446	4012745	1
7873287	6581537	1
10608725	10608735	1
9704277	9704278	1
3185160	3185218	1
5475818	5475817	1
4481540	4481535	1
7591762	7591761	1
12290169	2828444	1
1100082	1100081	1
4122512	4122511	1
345509	345510	2
7819838	7819837	3
7872942	11513622	1
8840176	8840175	2
9053007	9048120	3
3791827	3792011	1
3778343	3778346	1
10734178	5677386	2
7483314	7483313	2
12354092	12354091	2
12198978	12198977	1
382870	382869	2
2727200	2727199	1
7422665	7424749	1
5532796	5532795	2
7230423	7230424	1
10986685	10986696	1
6683707	6683708	1
10279466	10279627	1
11968884	11968883	1
5784312	5784699	1
11550857	11550889	1
749181	749182	1
2937471	2937472	1
11916797	11916798	1
2784680	2784679	1
12363174	12363164	1
3635854	3635708	1
3899441	3899438	1
12657296	12655672	1
8641980	8641977	1
1418571	1532994	1
9085358	8863367	1
5217343	5217406	1
7543952	7543951	1
3482837	3482838	1
6891630	6891627	1
4081406	4081405	1
1915791	1915792	2
4276518	4276528	1
10327273	10327274	1
3318568	3317679	1
8847064	5647939	1
7109662	7110008	1
3851316	3851315	2
8029979	8029205	2
6940519	6940520	1
11852465	11852485	1
8941532	8941531	1
7873599	7873600	1
4675885	4675931	1
10195508	10195002	1
1613141	1613142	1
6583991	6583992	3
2317094	2317051	1
6478410	6478407	1
7903846	7904535	2
6693320	6693319	1
9995633	9995634	1
7951675	7951676	1
11007001	11007004	1
3282529	3282532	1
8640000	8639999	1
2019713	10188397	1
5196733	5196734	2
1898742	1898741	2
2964005	2963798	1
7830711	7830637	1
3143143	3143144	1
8431415	8570244	1
7809301	7809281	1
1783718	1783717	1
4034541	4034500	1
8800124	8800215	1
11988722	11988721	2
3232163	3232164	2
3197281	3197282	1
12156738	12156737	1
7089913	7087313	1
1959168	1959072	1
9334715	9794612	1
8875312	8876560	1
12141294	12141343	1
7286032	7286031	1
8030168	8030010	1
5823464	5823463	2
3375987	3375988	1
7323354	7323353	1
3948536	3948587	1
8163118	8430059	1
5966640	5966637	1
6033665	6035105	1
10075730	10075743	1
3356237	3356107	2
5160309	5161199	1
7723145	7722166	1
9877567	9877568	1
4708225	4707627	2
9279278	9276335	1
3146929	3146930	2
5305682	5309387	1
6549381	3446435	1
11940032	11940031	1
7849701	7849622	1
10988255	10988256	1
1075691	1402429	1
1065141	1065142	1
12377508	12379030	2
1281428	1281427	1
4555675	4556011	1
568109	568110	1
6435608	6435123	1
6180341	6180342	3
3874416	3874515	1
9557161	9543365	1
5628648	5630903	1
11541973	11541974	1
8128564	8128576	1
10665617	10665618	1
723923	723809	1
10450174	10450173	1
1391008	1391007	1
6287767	6287768	1
1382893	1382832	2
7862400	7862399	1
2249355	2249356	1
6870521	6878939	1
6379582	6379581	1
6034388	6034387	1
4553062	4553057	1
10983179	10983180	1
4271908	4271472	1
7576033	7576114	2
10272182	10272181	2
12457804	12457803	2
4530702	11399035	2
5508012	5508273	1
6955212	6955325	2
642000	10144271	1
9312154	9309963	1
2062054	2068674	1
11872560	11873336	1
12745086	12741587	2
12036009	12036010	1
6924502	6924550	3
3301928	3301927	1
2316043	2316636	1
6785707	6785708	2
4580555	4580556	1
6930965	6931908	1
3758381	3758382	1
10104597	10101200	2
10338985	10339025	1
9270929	9270932	1
6408099	6408100	1
11662355	11662183	1
11445108	11445104	1
8251552	8251599	2
5332385	5332386	1
2529768	2529767	1
6750045	5266299	3
1447194	10718650	1
9326478	9326442	1
5006370	5006369	1
11096874	11095513	1
9836181	10225392	1
4050643	4050644	1
2839307	2922238	2
4243919	4242804	1
3155057	3155062	1
4193350	4186052	2
1067232	1066769	1
3087740	3087739	1
6109108	6109107	1
286107	286108	1
3783803	3781062	2
1628457	1628458	2
7105839	7105842	1
6862189	6862157	1
3773622	3773621	1
2378257	2378258	1
8428454	8428451	1
3360368	3360367	1
5416178	5416247	1
3092193	3092196	1
6613566	6613392	1
7872167	7872168	1
1491822	1491821	1
5846594	5846589	1
11118557	11118558	2
11436581	11436321	1
9477193	9477194	1
10542775	10542813	2
1761866	1761865	1
10393120	10392982	1
10321433	10321740	2
6126674	6126262	1
3803022	3566118	1
7663653	7760642	1
1249118	1248937	1
9705696	3517958	1
5128451	5550437	1
11781306	11781184	3
6858030	6858075	2
4053699	4053702	1
5977289	5977263	1
11668441	11668526	2
12408456	12408455	1
3372135	3372136	1
11218470	11218467	1
1652233	1645146	1
8574580	8559090	2
279189	279190	1
9444412	3451444	1
8405586	8405585	1
10080320	10080319	1
8844013	8844016	1
3624455	3624606	1
12274342	12274339	1
6826438	6821590	1
8842853	8842856	1
6840822	6840821	1
385868	385867	2
9018835	9017347	1
6846969	6846970	3
3611319	3611320	1
9232015	9232018	1
9063285	9063288	1
11177566	11177565	1
531373	531374	1
644545	644671	1
3800198	4121276	1
9850230	3250179	1
6930290	6931255	1
8273554	8272248	2
5821434	5821433	1
5159966	5159965	1
4330889	4330201	1
849010	849009	1
922543	922544	2
2862851	2862852	1
8584175	8583719	1
5278190	5278189	1
8451063	8448884	1
5995962	5995961	1
10639645	10643765	1
2369007	2366395	1
6127268	6170882	1
5512930	5513345	1
11615767	11615768	1
7214535	7214536	1
2665998	2665997	1
11686560	11686559	1
11503333	11314205	2
1496764	1497119	1
4752491	4752492	1
10644175	10644229	1
11719600	11719599	2
7859821	7859822	1
9150657	3569437	1
12279432	12279397	1
8774474	9020373	1
701465	701466	1
1590560	1590559	1
10342739	10342742	2
11370813	11370782	1
5306765	5306766	1
5641409	5641410	1
2564378	2564377	1
9074112	9074111	1
7807415	7807416	1
4565386	4565385	1
5053497	5053596	2
7199137	7199138	1
9751567	9751248	1
4344962	4344961	1
3511740	3511737	1
1534548	1534562	1
7038135	1804563	1
7471660	7471565	1
3986753	3987108	1
12422869	12422847	1
9812910	9814989	1
476681	476365	1
2962286	2962447	1
3577948	3577925	1
11620696	11620695	1
8369065	8369066	1
3122886	3122885	1
6631122	6631121	1
3785029	3781757	1
147154	147153	1
3637761	3637769	1
7141323	7141324	1
2615683	2615675	2
9007406	9007398	1
2158902	2158899	1
2672932	2672931	1
1839519	1838499	1
9144060	9142329	1
8249974	8212871	1
10888753	10889072	1
7214670	7214767	1
2674854	2674853	4
3622000	3621999	1
11655379	11655380	1
6417879	6417937	1
10217764	10221363	1
4795426	4795420	1
7912501	7912502	1
1336449	1336450	1
2195178	2141373	1
3652424	3652765	1
5121567	5121570	1
5253391	5253121	1
8765968	8765967	1
11880689	11880692	2
11716463	11716466	2
3322604	3322603	3
6257243	6257246	1
3252555	3252558	1
6256480	6256492	3
4718133	4718134	1
5967174	5967173	1
3521746	3521745	1
6801143	6801144	1
4333285	4332977	2
5859848	5859809	1
1117818	1117815	1
7175175	7167043	1
10395211	10395212	2
6799643	6799682	1
4028186	4028185	1
2474139	2474413	1
8993347	8993348	1
1074389	1074390	1
11847391	11847392	1
1051644	2364652	1
286556	286555	1
9712107	9433350	1
12231980	12231979	1
10197568	10197567	1
10881976	10881975	1
10705332	10705331	2
11277800	11277799	2
9280268	9280258	2
2371240	2371235	1
10969866	10969865	1
5048584	5048583	1
2517345	2517346	1
12029095	12029462	1
5190	5330	1
3668320	3672211	1
5229996	5229995	1
5016638	5016637	1
10132805	10132621	1
5957774	5957786	2
4630478	4521282	2
12719562	12719561	1
8375506	8375505	1
7801710	5519714	1
7736876	7736902	1
7960235	7741144	1
5923347	5924672	1
836122	836121	1
5938044	5938041	2
8358366	8358004	2
8558201	8550564	1
6400998	6400997	2
12496245	12496246	1
12228179	12228180	1
2059963	2060214	1
11138982	11138880	1
7511621	7511622	1
6791503	6791282	1
9667880	9667440	1
10417150	10410802	1
7117777	7117778	1
5496070	5496069	1
4265924	4535595	2
4018137	4017565	1
7499961	7499474	1
10493921	10496442	1
9255780	9254698	1
10881312	10881311	2
738501	738504	1
8724203	8724204	2
11828594	11828589	2
11733184	11733181	2
7242110	7242109	2
9470731	9470732	1
3747354	3747353	2
6133459	6133460	1
3632238	3632237	1
2086538	2116325	1
3258455	3259186	1
12035316	12035315	1
7813632	7813631	1
11928596	11929706	1
5205694	5205697	2
10779187	11174880	1
3231118	3231103	2
40994	40991	1
2390626	2390625	1
5351717	5351718	1
326284	326283	1
1569648	1569770	1
7532217	7532218	2
6871562	6871561	1
12202191	12202192	1
10765837	10765838	1
9665518	9665517	1
7509223	7501485	1
1789674	1789673	2
2475691	2475702	1
3214842	3214839	1
2886087	2886088	1
9515720	9515719	1
3738797	3738828	1
11038201	11038455	1
10171307	10171308	2
1374892	1370046	1
11218468	11218467	2
7699168	7706742	1
4264096	4264095	2
5859749	5860091	1
4185342	4185341	1
12474359	12474360	1
4683872	4683957	1
791255	791256	1
3453647	3451199	2
10316275	10316276	1
2373521	2373522	1
7854464	7854382	1
11807500	11807241	1
3670134	3667515	1
10911536	10911533	1
9517948	9517872	1
1081458	1081457	2
11004131	11004121	1
5056258	5056257	1
12197347	12197348	1
12405621	12405622	1
520907	520908	1
10213660	10213659	1
6541417	6541418	1
11512987	11514249	1
11984479	11984471	1
5876200	5876199	1
8849110	8849107	1
12184298	12184297	1
12314100	12314099	1
8088507	8088508	1
9577034	9577063	2
11141510	11141509	1
9718961	9687586	1
2438665	2438667	1
6652145	6652126	1
2860234	339109	1
6724874	6724873	1
3056942	870705	1
1541651	1541652	1
10995440	10995443	1
6298367	6298537	2
9758522	9758521	2
11943162	11943161	2
9853748	9853850	1
8095049	8095054	1
5509894	5509893	1
1629795	1629796	1
4647334	4647333	4
11821531	11821472	1
10172453	10172497	1
2352046	1961494	1
10375061	10478257	1
294241	305785	1
7059348	7059347	1
2865768	2865767	1
10891396	10891395	1
205681	205890	1
12199617	12197847	1
1337941	1337942	1
12529211	12529224	2
2868395	2855973	2
8675514	8675307	1
10669453	10669454	1
8681726	8693031	1
2149132	2166718	1
2428428	2428263	1
6540399	6540400	2
2945133	2945134	1
1209222	1212983	1
10572702	10744551	1
576106	571325	1
6108780	6109165	1
8518288	8518287	1
8106391	8106392	1
7712309	7712310	1
8070246	8067880	1
4311041	4311042	1
11019629	11019638	1
6243942	6243963	3
1278914	1280594	2
5152114	5152223	1
2776398	11395024	1
1561027	1561019	1
4638629	4638630	2
8973042	8973041	1
11738897	11787470	1
8564897	8564898	1
10280159	10280160	1
7782006	7782005	1
6548955	6549004	1
1712786	1712789	1
2945135	2945136	1
2237534	2237526	1
10336615	10336787	1
6010616	6010610	1
1929695	1929696	1
6506710	6506717	2
4470432	4470431	1
4124195	4124196	2
4632996	4632993	1
6515861	6517787	1
850351	850465	1
6861397	6861385	1
7941769	7941770	2
6997913	6997968	1
1467309	1467310	1
466174	466173	1
7941400	7941399	2
5612795	5612891	1
258712	116691	1
2246131	2171761	1
2269987	2269988	1
10861186	10861185	1
119827	119828	1
9015534	9740029	1
9146281	9146282	1
751225	751226	1
5018434	5018433	1
3257412	3260511	2
9960486	9960485	1
2797635	2797636	1
6181659	6181662	1
6319739	6319740	1
11911931	11911932	1
7707052	7707051	2
6636268	6636267	1
7975994	7975993	1
985136	985303	1
3508897	3508898	1
5086986	5086985	1
3018262	3018261	1
4125049	4125107	1
7501673	7499608	1
1398225	1399653	1
8100035	8100036	2
12337176	12337175	1
6633791	6633796	1
9878428	9878191	1
6440643	6440549	1
3959201	3959202	1
5883551	5883552	1
1660671	1660573	1
8160012	8159987	1
11404441	11404443	1
10229655	10229656	1
11425145	11425146	1
5966640	5966639	1
8054140	8056315	1
8218787	8221398	1
6391439	6391440	1
9568627	9568628	2
644692	644689	1
12772935	12772942	1
2110593	2103933	1
3376031	7537332	1
19006	20821	1
6053541	6053542	1
1708669	1708670	1
7293139	7293181	3
647512	647511	1
2231382	2231295	1
12381027	12381030	2
10036136	10036133	1
4375107	4375335	1
4237183	4237184	1
1616552	1616551	1
789184	791156	1
1064047	1331090	1
3007981	3007982	1
286477	262915	1
3250026	3250025	1
6370096	6370095	1
8649758	8649772	1
9191951	9191952	1
5951698	5955884	1
3591790	3591789	1
172387	172388	1
10521570	10522483	1
1542489	1542630	1
753936	753307	1
10714535	10714536	2
12416406	12416356	1
9726010	9726009	1
4314171	4315647	1
9433890	3515876	1
2278898	2278910	1
118476	118473	1
6071215	6071216	1
7370743	2699026	1
3107617	3107618	1
6517997	6517998	1
331091	331099	1
565901	565890	1
2944689	2944690	2
6564902	6564901	1
5431073	3643571	1
3778665	3778666	1
3547717	3547718	1
5126588	5126591	1
10184993	10184994	1
10479671	10479672	1
6970682	6971133	2
7110231	7110232	1
2068350	2068349	1
10439001	10439002	1
547270	547269	2
5626605	5626608	1
6769223	6769205	1
2417608	2417607	2
5077403	5077404	2
12122636	2831939	2
11985877	11984293	1
6466832	6474943	1
7408343	7408214	1
9767981	9767935	1
5094967	5094968	1
6661792	6661727	2
8416417	8416398	2
6245734	6245737	1
3486777	3451874	1
3988625	3988414	1
4286604	4286603	1
5774534	5774533	1
2160920	2160919	1
7371221	7371222	1
4134224	4141445	1
6803563	6803558	2
8736366	8741607	1
3475308	3475307	1
6782161	6770463	1
5199700	5199699	1
2737871	2738260	1
5816894	5816912	1
9777188	6402785	1
4271259	4271260	1
11095372	11095369	1
147157	147149	1
10107842	10009908	2
4760760	4760295	1
6283166	6283163	1
6806648	7048500	1
7665144	7665141	2
2446440	2446439	1
10231239	10231787	1
11943292	11943291	1
1537508	1537507	1
3539067	3539068	1
11857662	11857659	1
12298482	12298481	1
8769510	8769509	2
10148423	10148424	1
6966721	6966195	1
3116602	3116575	1
11070737	11150275	1
866637	851542	1
8835374	9085512	2
12463191	12463188	1
5075345	5075391	1
11661293	11661294	2
7170590	7169960	2
12465549	12465550	1
2641689	2641690	1
3479262	3479261	3
9699781	9699782	1
3606465	9147983	1
5353842	5356052	1
1922396	2146040	1
7030266	11262176	1
1497895	1497854	1
9154777	9154778	2
1874610	1874567	1
3912875	3912876	1
1685740	1685739	1
10492312	10492309	1
7088032	7088130	2
1654190	1654213	2
2018361	2018009	1
7838442	11009033	1
3328134	3700855	1
11917728	11817318	1
9665116	9665115	2
4519956	4519955	1
1065693	1063258	2
9365803	9365804	2
5186293	5186326	2
11003584	11003184	1
86137	86923	1
3650582	3650581	1
7473821	7473822	1
8407823	8407824	1
6480726	4956984	1
3591897	3591900	1
6910150	6910155	1
5358630	5358627	1
6421729	6489914	2
10492518	10433044	1
10157084	10157081	1
11676687	11676148	1
8014202	8014201	1
6041151	6041152	1
7017034	7017033	1
8422411	8422625	1
2711198	2711197	1
796599	796795	1
8586726	11289971	1
12575607	12766629	1
10452701	10453618	1
7473127	7532368	1
9791984	9791803	1
921092	921091	1
2475705	2475706	2
10702325	11592130	2
4471117	4471191	1
3402541	3402569	1
11482915	11482880	1
9128695	9128698	1
1933763	1933764	1
5437727	5437769	1
9617075	9617076	2
4629421	4629422	1
2999571	2999610	1
9861155	9860573	1
10153250	10153249	1
7217348	7217347	1
11039964	11039959	1
12495799	12495800	1
9927155	9927415	1
1223390	1223374	1
1251584	1252972	1
326720	324078	1
10980953	10980927	1
9171563	9171564	1
7580978	7580977	2
8148799	8148800	1
4548682	4548685	1
7534312	11465186	1
10654228	10654227	1
7930590	7932785	1
2837126	2836696	1
158918	12485334	1
10160540	10170705	2
9498883	9498884	1
6137042	6137041	1
5826042	5826022	1
698641	698642	1
9602462	9602490	1
3132573	3132576	1
11522215	11522220	1
4496429	4496452	1
11851534	11851533	1
1988114	1988113	2
11036305	11036306	1
3072362	3072374	1
11607245	11610871	1
4499875	4499876	1
8396059	8396050	1
6542329	6475936	1
2102480	2108225	1
8845340	8845349	1
7417792	7417802	1
5548846	5548845	1
11689667	11689592	1
5481537	10260776	1
11779400	11779399	1
7557685	7557924	1
1157938	1157929	1
357413	357414	2
12404452	12406143	1
9378984	9378988	1
7854996	7854990	1
11494008	11493999	1
9818701	9818702	1
7950494	7950497	1
679596	679652	1
3271784	3271829	1
7215606	7215605	2
7727406	7810658	1
1273215	1273216	1
5359597	5359541	1
12573128	12573127	1
9992144	9992143	1
10922063	10922064	1
6045651	6045652	1
4692832	4702229	1
6433574	6433573	3
12795192	12793062	1
11753695	11753696	1
515034	515033	1
7974361	7974362	1
6418290	6418289	1
2194249	2188181	1
9248225	9248226	1
11985617	12538774	1
441885	441886	1
12032473	12032474	1
1731284	1731283	1
7473871	7473114	1
8758752	8958034	1
5785147	5785240	1
11965944	11965943	2
1116938	1190245	1
7834812	7834902	1
10744242	10744241	1
7660224	7660153	1
10210124	10210123	1
3031027	3031028	1
9641520	9641519	1
2420105	2420106	1
1353026	1353349	2
8423083	8423084	1
2142288	12389352	1
4676562	4676547	1
11335259	11335495	1
4102214	4102213	1
1000702	1000701	1
11712483	11712484	1
2598085	2605215	1
107426	104115	1
8756450	8817629	1
7128735	7128736	2
5756181	5756489	1
9946211	9950243	1
8129122	8129121	1
11152775	11152776	1
2711196	2698111	1
6990728	6990737	1
9516315	9516316	1
9892428	9892567	1
1200774	1200773	1
9975540	9975539	1
5519564	5519563	1
2178130	2178129	1
12524563	12524566	1
2784863	10610285	1
10283348	10282900	2
2353217	2353250	1
6417145	6382836	1
12429339	12429340	2
1390276	1390275	1
7535177	7535151	1
8570486	8570493	1
7907489	7907492	1
10116159	10116160	1
3447017	3493919	2
7202171	7202172	1
9445	9446	1
7276660	7276663	1
7493339	7493514	1
2637463	2637464	1
11861317	11861956	1
7975120	7975119	1
9069493	9069487	1
968613	968614	2
8095512	8091397	2
6499611	6499612	1
3218157	3217985	1
11168859	11183837	1
1133429	1133430	2
10811054	10811053	1
7834336	11002992	1
1968559	2012778	2
4120291	3639101	1
11173564	11174369	1
11552665	11552666	1
8570419	8570032	1
3359737	3359759	1
12769871	12769874	1
1898259	1896888	1
7216300	7214948	2
6512478	6512485	1
11622365	11294600	1
323855	323856	1
2594954	2594953	1
3909787	3909788	1
7171186	7247256	1
1652226	1652225	1
1754258	1754257	1
11773337	11773338	2
347108	347086	2
10137826	10142880	1
2283371	2283426	1
2506851	2506871	2
6451850	6451830	1
10292306	10292311	1
10343296	10343301	2
1951993	2003895	1
9287475	9287476	1
1543474	1543473	1
707370	708603	1
11787049	11787050	1
8256938	8257082	3
12610343	12610344	2
10342653	10342711	1
3243630	3243629	1
3285417	3286161	1
5036687	5036670	1
1882338	1882337	1
762994	762993	1
11977106	11977198	2
294735	294746	1
10795874	10794421	2
3886873	3886874	2
2908695	2908654	1
3193676	3193753	1
4117664	4117612	1
7547686	7547685	2
11910938	11916414	1
12136592	12136591	1
6742805	6742806	1
11814644	11814560	1
2182635	2171327	1
49485	49701	1
12665670	12662328	1
11064741	11064817	2
3289756	3289748	3
9856319	9857316	1
8781130	8781129	1
11101505	11101489	1
5088201	5087881	1
8422554	8422421	1
7492828	7493320	1
11711158	11711157	1
12370417	12370418	1
3233270	3233269	1
11320681	11320682	1
7517970	7517591	1
10118045	6641765	1
4538769	4538770	1
11177587	11177588	2
4487541	4487542	1
10094841	10094842	2
7881054	7881008	1
9988254	9988414	1
4120619	3646280	2
12278794	12274064	1
10775300	10775299	1
10289412	10289411	1
6710013	6709981	1
4811504	4811503	1
4283599	4284665	1
4819745	4819746	1
7934472	7934471	2
9197613	9197614	3
4594641	4594642	1
3831505	3872444	1
8785716	8785710	2
3423499	3423500	1
11463864	11463863	1
4157240	4157237	1
8303058	8303057	1
7055843	7055844	3
3911676	3911675	1
5837301	5837310	1
9239342	9239334	1
1946468	1946467	1
8630446	8630443	1
3233131	3233119	1
3905365	3902718	1
10503228	10503249	1
2465151	2464276	1
3165623	3165624	1
11091537	11062413	1
6062090	6065196	1
7132154	7132405	1
7651019	7651020	2
6248891	6248892	1
8207186	8207185	2
8694762	8694757	1
3099878	3099877	1
10780705	10780706	1
6161345	6161346	2
4038533	4038585	2
4160837	7446475	1
11440810	11440809	1
3111183	3111186	1
9065860	9065837	1
6628764	6618089	2
817957	817958	2
8842666	8842665	2
6170017	6162401	1
9083765	9083766	1
6683507	6683566	1
5520957	5521778	1
6448651	6448635	2
8322828	8322953	1
10086899	6377008	1
8549820	8549846	1
12192529	12192619	1
10080218	10080216	1
2482841	2482844	4
9895168	9895167	1
11666998	11667036	1
6104819	6104241	1
7837081	7837082	1
9430652	9430651	1
1395378	1395398	1
9749207	9749210	1
8405336	8405356	1
1625710	1625709	2
8780826	8780825	1
7268208	7268207	1
4461282	4461396	1
2227499	2227619	2
7481426	7481425	1
6649199	6649202	1
11519902	11520009	1
10536850	10536849	1
11212173	11210577	1
10224230	10224229	1
592758	592750	1
5626588	5626604	1
7382127	7382128	1
4724872	4724871	1
9296070	9297434	1
2470657	2470524	1
3588023	3588280	1
10450030	10450029	1
12552948	12552947	2
10227542	10227541	2
865465	865468	1
11087433	11087434	2
7431701	7203599	1
12784981	12784982	3
9091039	9091040	1
11679362	11679361	1
5271074	5271392	1
3781673	3781682	1
8728129	8728130	1
10061031	10065771	1
8060357	8060371	1
6939241	6939242	1
6632301	6632283	1
4425157	4425224	1
3064880	3064420	1
8422970	8422969	1
9437644	9602123	2
7427234	7427213	1
3324479	3324480	1
5527086	2972393	1
5936524	5936523	1
1986839	1987042	1
5353846	5353843	1
4261824	4261771	1
803810	803822	2
1241866	1241865	2
307322	307188	1
1131716	1268856	1
2308517	2308518	3
10214765	10213472	1
12456905	12456196	1
10565579	10705509	1
3107412	3125984	1
3339805	3339806	1
8791182	8791175	1
361388	361757	3
10972320	10972319	1
9757012	9760359	1
8514791	8515022	2
420225	420226	1
12643033	12645954	1
6171087	6170609	1
10333223	10332547	1
6440323	6580254	1
2195184	2195183	1
12463507	12463587	1
9123367	7581716	1
7739074	7739073	1
9923679	9923696	1
7527832	7527824	1
3323987	3323923	1
3955305	10171834	1
2012592	2012935	1
2889359	2889360	1
10972839	10973554	1
662908	843589	1
5898390	5905742	1
4676212	3543117	2
8730810	8730809	1
12458170	11279879	1
6339162	6339390	1
5011427	5011444	2
5816201	5816188	1
1987363	1987366	1
10996054	10996051	1
8680919	8684304	1
6998695	6998696	2
9270111	9270112	1
12158015	12158016	2
2703276	2702328	1
2143532	2143531	1
4630519	4630520	1
987460	990516	1
261889	261890	1
9848946	9848825	1
1536984	1536937	1
178040	178039	1
10618840	10618839	1
6919295	6919296	1
4019049	4019050	1
477993	477994	1
402596	402595	1
8026427	8026430	1
352158	352157	1
7142777	7142778	1
10236814	10236813	1
2032234	2030417	2
2722365	2722366	1
5009371	5009372	1
11151177	11151178	1
9495008	9495007	2
2255541	2255542	2
3834628	3566256	1
9633108	9633107	1
4776136	4776135	1
10371546	10371545	1
4827477	4827478	1
10729173	10603406	2
11192079	11192220	1
1104667	1104668	1
5822909	5822910	1
10153058	10153818	1
6790276	6790273	3
8354655	8354658	1
6834281	5704257	1
7783271	7783272	1
11560963	11564142	1
10550453	10550454	2
539213	539214	1
10295812	10288094	2
5748925	5748926	1
10475773	10475774	3
4577365	4577409	2
10746157	10746078	1
11747505	11747506	1
4524210	4524209	1
9176856	9176761	1
3534878	3534851	1
10250168	10250165	1
364275	364264	1
8055460	8055457	1
10154873	10155025	1
3777884	3777883	1
10864433	10864434	1
835994	835991	1
7932784	7932781	3
857880	857879	1
1831757	1832572	1
7759194	7759193	1
10649459	10649503	1
10630674	10630718	1
2430672	2426427	1
12317471	12317472	1
11984084	11984086	1
8284167	8261156	1
6884822	6884819	1
12056000	12055954	1
6179907	6179908	1
12335121	12335124	1
3731755	7994992	1
7857775	7857765	1
3911133	3911115	1
4690118	4690117	1
12655247	12655248	4
6735784	6735783	1
12176706	12176705	1
10968538	10960929	1
1042757	1042511	1
7139393	7139003	1
3634	3633	1
398973	398974	2
3449698	3449657	1
1847074	1847317	1
8320017	8319932	1
6544837	6564738	1
10888496	10888512	1
3477799	3477800	1
3465563	3465842	2
3899705	3899706	2
6129374	6129406	2
4956466	4956381	1
10940418	10977834	1
8574368	8574367	2
11349222	11349221	1
1934947	1935194	1
9843654	9849833	1
8165307	8165119	1
10314538	10314537	1
2552605	2552606	1
1075835	1075836	2
2273721	2273722	1
723224	723223	1
9841234	9841237	1
9317393	9318732	1
3680379	3678901	1
3625884	3625992	1
4307624	4307623	1
5145935	5146413	2
10012089	9998694	2
10905156	10905153	2
6245741	6245742	1
6941543	6941544	1
9907826	9907865	1
10106596	10100075	1
7485041	7485042	1
3946483	3960038	1
2638859	2638860	1
1585538	10492736	1
856605	856606	1
4828645	4828646	1
3594246	3598821	1
5656286	5656285	4
10357569	10357587	1
10614896	10614895	1
9673397	9673398	2
7957065	7957068	2
5155077	5154936	1
9110709	9110287	1
764083	763838	2
185581	185582	1
3611446	3611445	1
2212907	2212927	1
12170653	12170654	1
9101396	7619555	1
420581	420582	1
12130396	12035402	1
1240494	1240493	2
11325537	11366010	3
9169755	9169756	1
11703110	11703398	3
4082007	4082094	2
9352715	9352716	1
651496	651474	1
3402030	3400501	1
6909409	6909022	2
3508637	3508638	1
7298014	7298013	1
1389506	8415784	1
3506631	3506635	1
1580190	1580165	1
11184675	11184967	1
6391362	6391361	1
11096525	11096584	1
12678451	12678452	1
140995	141022	2
3272755	3273306	2
6407974	6407973	2
7128292	7128289	1
340158	340287	1
12796669	12796578	1
9884049	9884050	1
10903051	10903052	1
5700040	6838890	2
11612170	11617746	1
10146787	10146788	1
9295372	9295369	2
2542745	2549155	2
6177890	6177889	2
3591393	3591394	1
6163236	6163235	1
1676754	1676753	1
7718876	7718802	1
7566935	7570966	1
2173209	2137370	1
8261941	8268273	1
5287127	5287061	1
976419	976010	1
10398894	10398893	3
11092451	11092452	1
5554827	5554830	1
4498178	4325245	1
11506122	11506121	1
8723836	8723835	1
357526	357525	2
6758379	6758624	2
8242422	8242319	2
5676533	5676536	1
12659680	12658938	1
12492052	12492315	1
16217	16206	1
8289868	8289873	1
12196778	12198177	3
8026486	8026485	1
7870540	7870546	1
37527	38525	1
4152943	4164276	1
3402920	3402919	3
6161332	11154970	2
5302214	5295918	1
10781626	10781625	1
11620430	11620170	1
4282567	4282594	1
6919293	6919294	1
98306	98796	1
11490375	7542197	1
7761505	7761506	1
3905930	3905929	1
919527	919509	1
11940034	11940033	1
742578	742575	1
261653	11689	1
829001	829002	1
8647020	8647017	1
2596663	2596543	1
5635412	5633810	1
10746419	10746420	1
5673851	5673576	1
11631973	11632030	1
7437488	3173439	1
2157120	12565254	1
12026003	12026004	1
6721093	6721094	1
8990857	8990492	1
7810238	7810274	1
11931973	11931974	1
9483174	9296462	1
883300	883299	1
7576420	7574624	1
5595833	5595920	1
10104169	10104170	1
5749891	5378737	1
9011713	8754566	2
11871286	11871283	1
6010025	6008277	1
939611	436520	2
9072640	9072639	2
6036073	6020808	2
10713190	10712884	2
3216144	3216143	1
1694357	1691114	1
3734017	3734018	1
1129550	1129556	1
11915841	11915862	2
9736575	9729757	2
1106083	1104268	1
11866387	10891492	1
6992352	11268474	1
356039	356021	1
1342745	1343295	1
8110841	8110665	1
6999744	6990179	2
9432548	9432547	1
3069937	3069918	1
9510835	9512641	1
12030047	12030061	1
7566517	5525391	1
4601884	9972091	1
6179820	6179907	1
3193568	3193567	1
4406534	4406533	1
10156561	10156554	1
3698312	3698311	1
2628877	2628892	1
8387557	8576214	1
7596657	7596658	1
1078071	1078072	1
1722620	1722619	1
6635119	6635120	1
6345771	6345772	1
12642419	12642536	1
11283082	11281703	1
12177679	12173616	1
6997376	6997375	1
3283634	3283658	1
10652455	10652445	1
1034391	1034392	1
11252189	11252202	1
10890036	10890035	1
3052582	3196767	1
10382443	10382444	1
2086849	2087460	1
6813320	6813319	1
3150905	3150906	1
5961002	5960677	1
4105029	4111382	2
10193817	10193864	1
8724759	8724760	3
10646523	10646524	1
9422038	9422037	1
6052648	6053758	1
6501896	6501303	1
6241363	6257658	2
9616878	9616877	1
4061228	4061224	2
2597402	2429246	1
6207013	6207014	1
5071305	5071306	1
5529316	5529315	2
7829806	7829805	1
7955320	7955319	1
3017597	3017598	1
11798302	11798301	1
1785557	1785055	1
10579073	10579074	1
8769342	8769339	1
3369499	3369492	1
2512337	2512334	1
6583467	6345736	1
6729951	6729964	1
1746189	1746190	1
3192717	3192727	1
2953192	2977631	1
9054101	9054154	1
7923248	7923247	2
6336643	6336644	1
2656951	2656952	1
4677410	4677409	2
7778184	7778181	1
1358664	1358663	1
5437991	5438029	1
10078988	10079011	1
5539301	5539302	1
806957	806954	1
10267063	10266867	1
12380707	12380708	1
6928024	6928023	2
10381880	10381879	2
109227	302241	1
2313064	2313063	2
11848879	11848891	1
6167947	6167948	2
8922328	8921976	1
8726744	8725743	1
12547336	12547335	1
356633	353149	1
9049453	8993687	1
6770378	6770541	2
7409372	7409367	1
6325416	6325415	1
8031487	8035015	1
435924	434884	1
2903769	2903770	1
564163	564164	1
7463753	7463754	1
6127321	6127322	2
2497004	2497003	1
7655846	7655845	1
3101711	3101712	1
3961011	3961012	1
4685357	4685358	1
5003224	5003223	2
5838697	5838700	1
1758826	1757870	2
4867440	4867437	1
4691659	4691660	1
3531396	3531395	2
10984444	10984443	1
8897684	8897279	1
5989531	5989514	1
1949605	1949608	1
1537803	1537507	1
8530602	8297322	1
7199139	7199140	1
703456	703432	1
7638674	7638733	1
3240893	3240894	1
4800802	4800801	1
3679633	3679634	1
8392045	8390666	1
9308314	11639927	2
7887715	7887716	1
8068149	8068150	1
6435399	6435400	1
5693298	5690126	1
57247	57248	1
5414601	5414610	1
10931398	10931523	2
10665701	10665616	1
10235951	10235952	1
5004122	5004121	2
12436107	12436108	2
6155681	6157333	2
2952862	2952883	2
6940947	6940957	1
872233	891935	1
1000327	1000002	2
10749625	10749626	1
6560734	6560309	1
4813557	8793656	1
241120	241119	1
4175021	4175022	1
4715358	4715357	1
8198813	8195883	1
4017185	4017188	1
11247191	11247173	1
169413	12633716	1
4142574	4142545	2
7680872	7681775	1
11927099	11927091	1
8437772	8437785	2
8076626	8077846	1
9352151	9352160	1
10777590	10777589	1
8985771	8985765	1
1272858	1272857	1
3152522	7436085	1
609272	609269	3
7862079	7862080	2
5427466	5427465	1
9821451	4467797	2
8352974	8353012	1
7810385	7810386	1
9150643	9150644	1
12452178	12452177	1
1588918	10399468	1
10381882	10381881	2
3983743	3946880	1
9752528	9752527	1
9523577	9523578	1
2517658	2517657	2
10926097	10919423	1
4480311	4480314	1
4116852	4116851	2
7648316	7648200	1
9292543	9292546	1
7817680	7817344	2
3727366	3718566	1
3015420	3165418	1
11914825	11914882	2
9637301	9637337	1
6266594	6266593	1
3946744	3946743	1
2270011	2269986	1
6196896	6196895	2
9476892	9476891	1
1087442	1087293	1
5573933	5573934	2
8735974	8735964	1
7713743	7715209	1
5087425	5087426	1
6599969	6599970	1
537924	537923	2
11094367	11200101	2
1899173	1899721	1
6329369	6329265	1
5813422	5784457	4
4092650	4092649	2
9766225	9767022	1
2374592	2374591	2
6553324	6552868	2
10515356	10376043	1
10550455	1461159	2
10415496	10474809	1
5180129	5180130	1
7130935	7130549	1
2139800	2141542	1
2433806	2433754	1
7450940	7451084	1
1037633	1033455	1
1086951	1086952	2
10812632	10814001	2
11172424	11172423	1
10334388	10334387	1
11695057	11695048	1
604571	604580	1
594686	592297	1
2785161	2785162	2
341696	341828	1
11569021	11569022	1
9828380	9828407	1
1170424	1170423	1
3964658	3964639	1
8937275	8937276	1
333214	333131	1
6097405	6007387	1
9813371	9813372	1
4173246	4446079	1
7980326	7980329	1
1213786	1213749	1
3588269	3599918	1
11998057	12001239	1
4275954	4275999	1
6517347	6517348	1
8415728	1390216	3
3116275	3116276	1
2540872	2540871	2
6060634	6060633	1
12173588	12173548	1
4042202	4042201	1
5678319	5678322	2
6125334	6125885	1
918122	295850	1
1775055	1775056	1
6141584	11185092	1
8407806	8407808	1
527410	528607	1
2110439	2110440	2
6803067	6810490	2
9862820	9862823	1
3466303	3466095	1
4575849	4575850	1
249233	249234	3
1374356	1371629	1
5607597	5607678	2
4849519	4849522	1
7681611	7681518	1
7814707	7814837	1
70739	70740	1
7987240	7987239	1
9710719	9710696	2
5511543	5509177	1
227874	227871	1
4559829	4559830	1
12132853	12132854	2
502026	502062	1
488898	498716	1
7279938	7279937	2
7595709	7594708	1
3462315	3462316	1
3077937	3077938	1
8947732	8947731	1
2376039	109674	1
1434181	1434182	1
11737354	11737279	1
2956427	2956428	1
7278430	7278358	1
8506629	8506630	1
5400668	5400685	1
5541535	5541538	1
11145554	11143196	1
3742790	3742979	1
6449876	6449873	2
683261	683241	1
11516994	11516993	1
2829608	2829528	2
4127996	4127995	1
11776685	11771879	2
6461918	6461809	1
10994490	11195099	1
8609748	8603073	1
6685291	6680503	1
4187881	4187882	1
11492195	11492196	1
706959	706960	1
1796007	1796008	1
1106811	1107054	1
1421979	1422654	1
4477282	4479743	2
9651247	9651248	2
6656032	6650900	1
11383706	7397604	1
4052775	4052777	2
4608792	4608810	1
6598562	6598498	1
5008709	5008776	1
4357922	4498189	1
11816477	11816478	1
3988799	3933859	2
4019339	4019370	1
10414391	10414392	1
2816862	12318067	1
10450017	10450563	1
685913	685752	1
12464745	12464746	1
4678453	4678454	1
12383370	12383376	1
4741717	4741687	1
4637994	4638052	1
10644228	10644227	1
1172840	1172839	1
1050433	1050434	1
5119401	5119555	1
4989688	4989690	1
7945606	7945044	1
1675948	7414754	1
1708546	10718394	1
550396	550395	1
2095593	2095594	1
6956883	6954303	2
9477624	9477612	1
5873358	5873357	1
10121385	4350169	1
4736673	4737224	1
7118516	7118515	1
6490867	6490868	1
1729083	1729031	1
2411581	2411464	1
10489639	10487991	2
11288296	11288295	2
7077412	7077409	1
8763009	8763010	1
7906458	7906457	1
8030110	7906735	1
1068450	1068365	1
10085522	10085527	1
4185461	4185462	1
10420635	10420462	1
6021246	6019318	2
11046815	11045507	1
634881	634882	3
667600	666450	1
912670	912659	1
7532960	7532951	1
10272180	10271518	2
2338862	2338861	1
9763447	9763454	2
10154618	10154615	2
3525354	3525159	1
11566654	11566653	1
5762930	5762925	1
3158738	3158737	1
180420	181643	2
11766418	11766417	1
2386418	2391676	1
3483320	3488734	1
7305098	7308685	1
6685914	6685824	1
5891512	5882664	1
12102358	12102357	1
1900192	10046597	1
4252108	4178219	1
3985487	3985488	2
5573121	5573122	1
7962430	7962429	1
7870397	7870398	1
6091172	6091171	1
6067339	6067340	1
2309686	2309676	1
7828118	7828129	1
9504778	9504777	1
972688	976259	1
11616637	11616640	1
3126061	3126058	1
7201194	7201243	1
5531882	5531881	1
7503633	7503634	1
11678651	11678652	1
3913305	3913306	1
10025936	10025935	2
11282705	11282974	1
2578008	2578007	1
6547720	6547575	2
11931326	11931325	2
9264797	9264798	1
8103917	8103918	2
3609231	3609232	1
9484318	9782199	1
12384947	12390375	3
11863162	11863322	1
8305067	8305068	1
12355258	12355282	2
3901673	3901674	1
12263229	12263230	2
8355485	8355491	2
3262354	3262353	2
3262840	3262847	1
357909	265000	1
4392549	4392550	2
9118086	9118081	1
11664431	11664405	2
11121408	11121419	1
11024957	11025187	1
12814147	12814148	1
1878065	1878066	1
8043260	8043259	2
1373269	1373272	2
1294733	1294734	1
10379504	10379502	1
10155219	10155220	1
2102430	2102044	1
9391114	9391113	1
7718850	7718849	1
9850501	9850502	2
10352810	10352569	1
3454542	3454541	1
9251829	9249846	2
2291854	2295844	2
10205525	10205526	1
7360740	7360739	1
6719803	6719065	1
10986209	8443686	2
11676341	11676512	1
7847942	7847932	1
5491157	5491158	1
6167790	6154355	1
6531222	6531120	1
12026005	11964888	1
8163634	8163152	1
8273564	8274081	1
1596740	1596739	1
5677710	5677723	1
12290016	2828523	1
4533697	4533698	2
1424254	1424251	1
9935613	9933832	1
4208792	958302	3
2307618	2307621	1
6717611	6717612	1
3790696	3790693	1
11924550	11924549	1
6941231	6941232	1
3355476	3355479	2
1998081	1998082	1
7230421	7230424	1
1460134	1460133	1
2857930	2857875	1
9103021	9103022	2
1636925	1636926	2
1246940	1246792	1
10104694	10098163	1
11895505	11893401	1
287158	287145	1
3513940	3513937	1
10367211	10367212	1
1331400	4851571	1
9825907	9825908	1
12681381	12681382	1
8101383	8101384	1
10571162	10573239	2
5833889	5833890	2
87391	87377	1
4299355	4299356	1
10057733	10057734	1
6399640	6399529	1
3109099	3109100	1
10171188	10171190	2
10278084	10278072	1
11929181	11929184	1
398253	398254	2
7082442	7082441	1
558068	558067	1
7118296	7118295	1
12488819	12488820	1
652480	652479	1
6432280	4392415	1
7482136	7482135	1
4658638	4661505	1
7381426	5601226	1
12290742	12289580	1
6799372	6799326	1
12422135	12422136	1
408432	414960	1
3685361	3685380	1
1709386	1709385	2
4014298	4014218	2
1349137	1349071	1
11071902	11073574	1
11622878	11622995	1
8702742	8702721	1
923682	935650	1
552490	552487	1
1314399	1314400	1
3407567	3407574	1
6450147	6450148	1
12631995	12632150	1
700909	700914	1
3734678	3734607	1
8377221	8374912	1
9962850	9961916	1
5864828	5864581	1
12330031	12330032	1
5391340	5391339	1
3656056	3655987	1
11114312	10966114	2
5160737	5160738	1
6469169	6469135	1
10796906	10804212	3
1870292	1870281	2
11872281	11872072	1
11854310	11854432	1
9494927	9494939	1
7581193	7581194	1
9265751	9265874	1
10307878	10307870	1
1237838	1237837	1
632624	632623	1
10438492	10433397	1
12360968	12363214	2
11446534	11446549	1
1160204	1153966	1
8390886	8390922	2
8396260	8396259	2
5277530	5277525	1
642667	642668	1
11849897	10827233	1
5861954	5861040	2
8767248	8763723	1
7033933	7033934	1
7872883	7872884	1
7611625	7611626	1
12046183	434825	1
7515407	7515408	1
2556065	2556025	1
6900536	6900535	1
12292096	12292095	1
1335342	1335387	1
7092799	7092800	1
10931184	10984507	2
9129481	9129482	1
10470426	10470429	1
530478	527371	1
554647	553225	2
1860832	1861414	1
8468590	8468589	2
8385639	8373320	1
7101745	7101746	1
783314	783313	1
8790280	8790267	1
10742257	10742258	1
11140101	11140102	1
11401854	11401853	1
7180711	7180712	1
8789936	9027618	1
4745102	4745101	2
7489928	7496015	1
7150971	7150972	1
7787408	7787407	2
6692331	6692332	1
7114152	7114151	1
7585541	7585542	2
9748056	9748047	2
1728961	1728984	1
12164280	12164279	1
8768293	8766153	1
11674386	11674385	1
2588419	2588443	1
12658378	12658375	1
1875357	1875358	1
317052	6867747	1
7935827	7935840	2
4306133	1091005	1
11056019	11056020	1
11865156	11865155	1
3227837	3227838	1
856024	856065	1
1196264	1196814	2
236616	236615	1
11249999	11250000	1
6217007	6217022	1
122426	122425	2
6157805	6157806	1
7960235	7960236	1
11277688	11324149	1
4025137	4025162	2
3261194	3261193	2
9504575	4103911	1
1541520	1541525	1
3594620	3599034	1
8848404	8848403	2
6890318	6890315	2
3092191	3092196	1
891738	891727	1
4088895	4088896	1
4958800	4958799	2
1822687	1822672	1
10782175	10782176	1
435105	434881	2
11876961	11876921	1
3972833	3972716	1
9655496	9655503	1
2281550	2281549	1
8515050	8256503	1
2673011	2673012	1
7940063	7940064	2
1349194	1050512	1
9475762	9475761	1
6558089	6558090	1
7842660	7842659	1
6608060	6609252	1
11194276	11194275	2
9896494	9896493	2
4981243	4981244	1
2673542	2673616	1
465637	467854	1
483181	483182	1
11514047	11514048	1
6656898	6656989	1
1633202	1642585	1
9346834	9346833	1
2022595	2022573	3
10044658	10037785	1
7102479	7102480	1
12552896	12552951	1
10883041	10883706	1
10296666	10296665	1
89866	88757	1
8813021	8801155	1
11563130	11563097	1
7393913	7393914	3
11872198	11872197	3
3139615	3139528	3
8866229	8866230	1
12655895	12655948	1
7557364	7557363	1
3779566	3777966	1
2927263	2927264	1
3267545	3267548	1
1095863	1095864	1
3090470	3090430	1
8841217	8872205	1
4391367	4391605	2
11535336	11535331	1
12726674	12726673	1
7025567	7025568	1
10297904	10185068	1
5454400	5454399	2
11502749	11503119	1
12460954	12461020	1
10112116	10112516	1
1241319	8546110	2
7249752	7249751	1
1615030	1615027	1
11957258	11957277	1
5363347	6529327	1
1570095	1570146	1
1269758	1272072	2
5453891	5453892	1
3320313	3320303	1
5095977	5095978	1
8271566	8283508	1
7260557	7260548	1
4249722	4247599	1
1525226	1525225	1
10792175	10792180	2
1231	1232	1
2383517	2383518	1
5542826	5542815	1
12798648	12798611	1
10506305	10506306	1
8530891	8530892	1
4020854	9468263	1
6336513	6225426	1
8313724	8313723	1
5924092	5924796	1
7734216	7734219	1
6541972	6541966	1
3643687	3643688	1
4318010	4318009	1
7053268	7050978	1
8446126	8446139	1
7377347	7377348	1
6964627	6964617	1
6058043	6057499	1
9087492	9087618	2
5959093	5959094	1
2947448	11432884	2
5647048	5647047	1
11999227	11999228	1
9146060	9146059	1
2738955	2738956	2
2006474	2007726	2
4069359	4069360	1
927191	914851	1
10172013	10172014	1
7781287	7781358	1
7055663	7055664	2
4581350	4581369	1
6847997	6901404	1
3237346	3237345	2
2276327	2276899	1
1294823	1294824	1
3277725	3277726	1
1317583	1317584	2
3913206	3913260	1
1493835	1493901	2
8419074	8419073	1
11669248	11669269	1
4854007	1324500	1
9078541	9078646	1
10801665	10801666	1
3528269	3528270	1
3756235	3756236	1
6608231	6608232	1
6970084	6970111	1
1000770	1000799	2
3264662	3264665	1
5200769	5201340	1
5501140	5347475	1
1557293	1557493	1
5111426	5111425	2
9246328	9241900	1
569040	569020	1
6567506	6567520	1
4432759	4422302	1
10065913	10048316	1
2969866	2969865	1
3978781	3978782	4
12048884	12050946	1
2001728	2001895	1
10990709	10990710	1
4083664	4083663	2
6472684	6472578	2
6277529	6277530	1
11092449	11092450	1
3928177	3928178	2
10977252	10977247	1
4049073	4049074	2
765183	765184	1
6419019	6414830	1
3280414	3280413	2
12014387	12014388	1
6545792	6545789	1
6578026	6577957	1
4851798	4851797	1
4414231	4414232	3
2737501	2743058	2
7142943	7128734	2
12719135	12719087	1
6341840	6341846	1
12014760	12014759	1
6396434	6607973	1
5780051	5780052	2
5238924	5238921	1
4539185	4539186	2
6562683	6562684	1
2368798	2368797	1
10573244	10573243	1
10328948	10328964	2
5456346	5456367	1
7621591	7621592	1
1566589	1566590	1
10447985	10418410	1
2450331	2450264	1
8045380	8045377	1
11991789	11991802	1
8949073	8949152	1
8880326	7937766	1
10800329	10797287	2
9546812	9546809	1
7428645	7428646	1
4953188	4953159	1
7658876	7658875	1
11887190	11887868	1
10991894	10991891	1
1988686	1987556	1
11872766	11872763	1
10649743	10649716	1
8775355	8775343	1
4723395	4723398	2
5198951	5535851	1
9642889	9642890	1
5450366	5450365	1
5583899	5583911	1
10926577	10926578	1
5006155	5006156	1
11440627	11440628	1
11490798	11490797	1
5579497	5579498	1
7562228	7562227	1
3297771	3297249	1
6871054	6871053	2
11425144	2987027	1
6937601	6937602	1
302081	160070	1
11062048	11061954	1
10741310	10741309	2
10148548	10148547	2
5800922	5800919	1
4256308	4256307	1
10037231	10037232	1
5133438	5133389	1
6159973	11156575	2
11423670	11423669	1
8947916	11974377	1
8792891	8792894	1
10713918	10713755	1
1320173	1320174	3
1320633	1329993	1
8801435	8801436	1
366013	365997	1
11047429	11111772	1
11185053	11185054	1
353932	353931	1
6090110	6090107	1
2111508	2112458	2
1993223	1993224	2
7063039	7062283	2
547688	549800	1
7865665	7865435	1
7331193	7330229	1
5584174	5584487	1
9942684	9941110	1
9647357	9648194	2
2360733	2360747	1
12443910	12443909	1
8707336	5582535	1
3701698	4063348	1
6198120	6198119	1
4993655	4993656	1
1480845	1480846	2
9494012	9494022	2
1032842	1032841	1
8398749	8398884	1
11087722	11087685	1
3243173	3243267	1
12325794	12325796	1
2358107	2358108	1
385887	385890	1
4080190	4080189	1
715921	2379322	1
4664031	4668213	1
10911528	10913267	1
11202952	11202951	1
11863965	11877675	1
4227648	4227647	1
9701828	9701827	1
1459833	1460041	1
2651896	2651895	2
802035	801965	1
11407467	11407468	2
10895984	10895983	2
10233395	10233402	2
1793351	1793352	1
10232803	10232804	1
5104556	5104555	1
5077082	5077402	1
1837492	11868985	1
10321664	10321379	1
996037	996013	1
5994913	5994540	1
5256736	5256757	1
5500050	5500049	1
9879638	9879606	1
5747147	5747145	1
5541067	5541068	1
10800009	10804828	1
6242354	6242353	2
5095022	5095002	1
5888585	5888600	1
8240347	8240350	1
11080111	11080112	1
9594213	9396935	1
10726735	10726736	1
2364023	2364024	1
2512335	2512320	1
2048553	2048579	1
1917983	1917997	1
7201800	7201668	2
9783840	9783839	2
9866395	9866396	1
2898320	2898319	2
3980953	8873727	1
1086953	1086956	2
7530071	2398212	1
6211823	6211824	1
3535054	3938941	1
6513807	6513808	1
11475383	11322028	2
7759861	7759807	1
4005909	4005910	1
4837450	4839699	1
6109557	6110008	1
11324566	11324565	3
9296847	9297303	1
7977380	7996122	2
4538789	4538570	1
7204815	7204816	1
5577359	5575728	1
2691919	2702469	2
4374824	4364844	1
5620108	5620107	2
3050446	3050482	1
3514661	3592166	1
7519339	7500083	1
3561617	3561618	2
8448781	8448849	1
1708774	1708773	2
6496843	6496985	1
9099088	9099077	1
6086003	6086004	1
4344090	4344085	1
4416114	4415953	1
2366503	2366504	1
6886584	6886583	1
8058478	8059389	1
8422974	8422973	2
11998711	11998726	1
3983905	3262317	3
823357	823358	1
3281038	3988843	1
564040	563127	1
10206260	10206287	1
828645	828646	2
202984	167252	1
2747434	2747359	1
1720199	1720680	1
6662220	6661751	1
10547526	10547529	1
2333488	2333487	2
5319044	5331140	1
923979	923980	1
12698965	12698966	1
9168139	9168161	1
1016091	1014987	2
4135245	4135246	1
1981336	1979949	1
6709067	6709068	2
3197949	2833555	1
753938	753937	1
2903441	2907107	1
8821412	8821421	1
9749198	9749197	1
8437965	8437966	1
1193501	1193464	1
12683918	12683917	1
1131422	1131553	1
8043122	8043085	1
1978381	1978382	3
5222973	5222974	1
10743663	10720038	1
10774642	10774641	1
669208	669184	1
1724975	1724977	1
10180472	10180471	1
719690	719628	1
7408726	11237195	1
3281246	3993902	1
5008211	5008212	1
218617	218622	1
4042558	4042557	1
7192190	7192491	1
5546852	5543785	1
8417653	8380069	1
8280303	9062740	1
5661575	5661576	1
11157936	11157935	1
5670287	5670280	2
3370966	3370965	1
6513427	6511850	1
1693228	1693225	1
4711699	4711582	3
9352008	9352007	1
5380809	5380810	1
9760363	9760364	1
2482912	2482911	1
2342969	2342970	1
5514224	5514221	1
2962932	2962931	1
5010596	5010595	2
10355702	10355701	1
4338958	4338957	1
10403349	4534416	2
12683919	12684244	2
6697265	6697266	1
11885904	11885783	1
9604550	9601071	1
6832212	6832209	1
3150774	3150773	1
11008728	11008659	2
4732448	4732447	1
4597756	4597755	1
8211414	8211775	1
7722189	7722190	1
1233701	1234443	1
9160599	9160600	2
10903908	10826939	2
5816514	5816538	2
5713994	5713997	1
11643968	11643967	1
2042554	2042551	2
7378303	7378313	1
1295666	1295665	1
5595728	5587953	1
2471762	11136438	1
7580005	7580006	2
5973316	5992399	1
8480238	8480561	1
4730626	4730625	1
3363272	3363269	1
2570738	2570741	1
6496336	6496322	1
192706	192705	1
10665683	10665684	1
8672500	7454323	4
6408570	6408582	1
10897330	10897327	1
8780422	8780421	2
11674118	11674178	2
4593434	4593429	1
9228820	9228817	1
9752006	9752005	1
5168662	5168673	1
528759	11220528	1
1251839	1251840	1
1068254	1068253	1
5481047	5207809	1
6542020	6542019	1
7287609	7287610	1
7918594	7860297	1
5668021	5668105	1
367513	367516	1
1485327	1485310	1
2618207	2618210	2
7292914	7292911	1
3675366	3675365	1
3716073	3716078	1
7401703	7401697	1
12452176	12451979	1
272807	272808	1
3960712	3960255	2
6738840	6715997	1
3240361	3243145	1
3930602	3934610	1
10311528	10311525	1
3165961	3165962	1
4454519	4429793	1
5706307	5707710	1
996743	7601414	1
7846633	7846634	3
11042704	11042703	1
7309826	7309825	1
3731350	3726990	1
6129091	6129092	2
3144866	3144865	2
3680266	3680295	1
5160503	5160486	1
11137787	11137788	2
1602964	1602817	1
5366441	5366442	1
2935906	2718458	1
4821508	4821507	1
4278591	4278592	1
10688034	10688033	2
8292818	8292802	1
8984233	8984234	1
1026625	1042757	1
5429264	5429263	1
9626866	9626865	1
6512684	7219403	1
3958711	3958712	1
4572312	4572311	2
8342019	8342000	2
8030946	8030945	1
2111348	2111345	2
6179567	6173938	1
12621619	12621629	1
5784818	5784297	1
12428995	12428998	3
7270959	7270960	1
11189983	11190550	1
3239158	3239209	1
12297326	12297325	2
559339	559340	1
5552268	5552267	2
6746253	6746254	1
667225	666694	1
9103766	9103780	1
2869603	2869655	1
7255923	7256677	1
10697562	10702658	1
8356329	8356330	1
5573935	5573970	2
6930465	6930466	1
6108954	6108953	1
1537871	1537846	1
8392979	8392984	1
3985203	3983273	2
6519911	6519938	1
11677774	11677773	1
12502113	12502114	1
9772163	6936086	1
9516246	6108388	1
10417976	10419630	1
10624420	10624419	1
405481	204626	1
11216639	11216640	1
1313275	1313276	1
10441926	10441816	1
9316410	9316409	1
6792200	6792199	1
7705947	7705948	1
10874310	10874305	1
7818875	7818804	1
6509819	6503599	1
2591862	2591861	1
2444061	2445756	1
10414219	10414220	1
8751653	8751622	1
6909869	6909870	1
7660039	7660042	1
5722217	5722218	2
11831414	11797622	1
5100082	5099139	1
6585289	6585290	1
6591201	6591202	1
10496214	10496213	1
12788980	12788979	3
9436641	9436644	1
4109323	4109301	2
3252549	3252550	1
10204031	10204015	1
10382468	10382467	1
1508501	1508520	2
3194714	3194711	1
8406967	8406968	1
11395184	11395181	1
4069125	4069273	2
5116882	5118319	1
10008949	10008950	1
8331974	8331973	3
7936837	7936838	1
3700319	3700540	1
11910649	11910674	1
684359	684360	2
2356504	2356503	1
7624387	7624390	1
5420197	5420198	1
8096665	8096666	1
6477747	6482004	2
9364693	9364694	2
715430	715429	1
11763397	11763398	1
4668027	4668028	1
1111622	1111492	1
3210574	3211426	1
12785752	12785788	1
1252975	1253653	3
7630945	7630946	1
10378265	10378311	1
2236968	2236931	1
8397412	8153726	1
10651012	10651026	1
8868662	8868658	1
232915	232918	1
12443002	12442999	1
1511848	1511845	1
6454707	6454708	1
8028632	3962848	1
8312977	8309019	1
9896492	9896491	1
7128032	7129512	1
7199677	7199678	1
10927539	10927540	1
2602149	2602150	1
9180581	9180584	1
2024473	2189069	1
5837314	5834386	2
10151808	10151807	1
11044786	11046891	1
8654569	8654572	1
6768923	6768926	1
10302281	10302282	1
7274955	7275872	1
5042425	5042426	1
8419349	8298784	1
4059662	4059659	1
8642264	8642261	1
1271212	1271211	1
8061161	8060975	1
11496841	11504770	1
3609765	3609705	1
12511891	12511911	1
10554862	10554861	1
12127680	9092642	1
1655228	1655209	1
12351264	12351261	2
9244526	9244525	1
5537466	5536934	1
8176799	8176800	1
4533163	4533176	1
4049232	4049227	1
11931983	11931984	2
1526530	1526638	1
962893	4134485	1
11001727	8432434	1
12663298	12663131	2
9768657	9771454	1
5640726	5640723	1
2898365	2888927	1
8167225	8167282	1
1039671	1039793	1
10215901	10215902	1
8293380	8293388	1
5256035	5255907	1
3521345	3521346	1
10127936	10127931	1
12460001	12460730	1
7705059	7705060	1
10678699	10678700	1
2211494	2211493	1
4735680	4735855	1
6451918	6451914	2
11049449	11049407	1
4949469	4949470	1
3714789	3714790	1
4055519	4055520	1
5688817	5688822	1
10740474	10740471	1
9058175	9058227	1
9490587	9319668	1
1674365	1674366	1
310531	310532	1
7733895	7734029	1
9568636	9568635	1
11622229	7288244	1
6489696	6489695	1
7737984	7737983	2
9761102	9761099	1
553320	554590	1
1023132	1186398	1
4493915	4493916	1
11582422	11582421	1
793600	793599	1
6750883	6750832	2
393133	393125	1
5485245	5485246	1
7026668	7026665	1
12552185	12566247	1
8087114	8085799	1
4555972	4682336	1
6686356	11373729	3
1700334	1700331	1
7647410	7647409	1
11585609	11585592	2
10778511	10778648	1
8016610	8016622	2
6829658	6829638	1
180299	180300	1
5022478	5022477	1
10800184	10799237	1
3389335	3387430	1
4860321	4860322	1
9314227	9260225	1
11832062	11832008	2
11146855	11145518	1
1564272	1564281	2
8410706	8410722	1
6104584	6104583	1
5896471	5896472	2
10483633	10483634	1
5202635	5202636	1
7916384	7916391	1
8855034	8779737	1
2560035	767686	1
8076076	8095166	1
7293728	7293727	1
7478439	7478440	1
6109376	6109375	1
3501823	3501826	1
6808194	6808193	1
9728260	9730257	1
720081	720022	1
610617	610618	1
6081060	6081030	1
11961349	11961352	1
3454489	3454490	2
12204461	12204474	1
725608	725601	1
925421	925422	1
10291586	10292486	1
11554178	11554177	1
8527177	8527178	1
7967651	7967659	1
11038965	3115182	1
12784125	12784126	1
1980139	1980367	1
9803241	9803242	1
7072401	7072402	1
6674683	6674684	2
12024267	12024268	2
9329732	9329731	1
11934297	11934291	1
8923515	8923516	1
4522514	4420493	1
7928922	7928753	1
4531818	4531817	2
9503606	3549413	1
7100440	7100997	1
5162085	8660319	1
7678272	7678267	2
9239369	9239370	1
5813208	5813207	3
4013659	4013705	1
1934454	1934453	2
3291016	3291332	2
9418443	9418418	2
1144534	1144533	1
7520687	2436783	1
2652171	2652172	1
8150465	8150466	1
6448892	6448891	1
835548	835547	1
7950496	7950495	1
3995321	4018762	1
1012794	1012793	2
2662934	2663361	1
591158	591153	1
643225	643226	1
8248464	8248463	1
9069872	9069874	2
9758646	9758645	2
7881887	7896877	1
4837547	4839822	1
7773583	10062346	1
4328959	4329017	1
3282517	3284447	1
10357900	10357899	2
3563037	3801443	1
1288606	1288614	2
5117569	5117601	1
6140396	6140395	1
4285252	4285251	1
7844524	7844523	1
7146123	7146124	1
4588585	4578846	1
4789607	4789616	1
5560331	5560332	1
8635978	8635977	1
6441849	11529623	1
2802969	2810729	1
2865815	2866476	1
8394402	8397038	1
9089576	9089575	1
1518883	1518884	1
1494826	1494823	1
2094269	2094270	1
2505397	2159991	1
2348179	2339174	1
8357434	8364852	1
5706753	5706754	1
3255884	3257783	1
10031197	10031198	1
11099481	11106472	1
11214894	11214906	1
536067	536015	1
11183540	6129760	1
34476	34441	1
4640036	4637959	4
1591024	1591395	1
5231655	5231656	1
4063365	4063366	1
469314	582326	1
5833844	5827654	2
7695949	7695954	1
10274884	10274879	2
5122913	5122914	1
5072476	5072475	1
997324	998024	2
11799883	11800227	1
678487	678488	1
9941836	9941835	1
9054491	9054492	1
6788705	6788436	1
8543375	8543376	1
3150084	3150083	1
11768868	11768867	2
4711798	4711793	5
7452164	7452239	1
8956214	8956213	1
10994345	10994346	1
3671320	3671317	3
2740144	2740120	1
3117662	3117196	1
5367295	5367296	1
1765339	1765243	1
11040715	8419741	1
9346771	9347358	1
11010681	11010682	1
2726348	2726347	1
5877605	5877606	2
1578808	1578807	1
4611369	4611101	1
3810343	3810346	1
10909708	10909013	1
3231109	7902419	1
976421	976010	2
3939428	3939444	1
6214974	6214973	1
6348547	6348548	1
9421464	9421461	1
8212617	8214341	1
8561728	8561742	1
7848334	3354448	1
9566015	9568796	1
5554302	5554304	1
11011873	11011874	1
9979098	9979097	2
10118541	10116759	1
5938205	5938206	1
6067339	6067342	1
7433907	7433908	1
11861714	11861500	1
3526110	3526109	1
6365997	6366039	1
4663764	4663763	1
1342855	1342856	1
265577	265578	1
7317865	7317866	1
5013331	5013332	1
431946	431945	1
12530589	12530590	1
11512021	11499185	1
3465838	3465837	1
3020705	3022855	1
11764499	11764500	2
3544473	3544474	3
6164441	6164442	1
5200282	5196385	1
11871366	11871365	1
9623587	9623588	1
7108579	7110079	1
3271195	3271192	1
9658530	9658295	1
10346154	10346153	1
11935853	11935854	1
1191875	1236006	1
12345067	12345074	1
7891464	7891546	1
1577592	1577591	1
1650131	1649689	1
11468952	11468960	1
8430255	8149330	1
9534432	9536963	1
8277435	8277436	1
330911	330979	1
11099605	11096672	1
251271	251322	1
10401636	10401635	1
644672	644661	1
11791537	11791451	1
8522399	8522400	1
1975115	2012346	1
4265294	4536065	1
10413988	10413987	2
4651181	4651139	1
9683328	9683331	1
4426433	4426434	1
7580043	7580044	1
12462139	12462140	1
2445034	2445033	1
1390999	1391000	1
6729676	6729675	2
4115143	4115144	2
6409527	6409528	2
3212870	3212659	1
4496459	4496371	1
6431940	6431943	1
12343126	12343125	1
4399383	4399371	1
621657	621658	1
606141	606142	1
1342493	1342494	2
8044553	8044234	1
465047	465048	1
2409928	2409927	1
10983861	10983849	1
2262069	2262070	1
2377747	2377748	1
6127241	6127242	1
7738594	7738593	1
8635773	8636001	1
3191742	3194124	1
12626681	12626682	1
10192748	10192745	1
2590306	2590309	2
8224855	8224856	3
6908434	3907836	1
7954712	8832864	1
5067496	5071747	1
3832225	3831880	1
3248180	3248335	1
5930871	9062395	1
2322847	2322848	1
3982963	3982625	1
310207	310208	1
1167120	1165198	2
12253130	12253272	1
8956015	8984551	1
8561951	8561952	1
3926214	3926213	1
11575908	11575916	1
8783242	8783241	1
4084975	4084978	1
3589249	3612673	1
1247734	1247782	1
6701340	6701339	1
889882	889881	1
12228480	12228395	1
1611839	1611840	2
2059664	2059663	2
23297	4755025	1
1597496	1598195	1
10440610	10439593	1
7428891	7428801	2
1937638	1937637	2
8258829	8258806	5
8909287	8909283	1
4362224	4362428	2
3243702	3243701	1
2939590	2939363	1
3516931	3504416	1
7587271	7587272	1
525305	525306	1
1570276	1570275	1
8150231	8150341	1
3140304	3139972	1
995461	995462	2
6081524	6081523	1
11493974	11493973	1
12782513	12773614	1
9302857	9302858	1
4957235	4957236	1
11678986	11678985	1
10930879	10930880	2
8041495	8041496	1
9922708	9922707	1
8326186	8326185	1
2958711	2958676	1
2673918	2673867	1
9174243	9174244	1
8281	8271	1
7536776	7536775	1
1514289	1514290	2
12031206	12031421	2
3750614	3750613	1
12225867	12225868	1
9333490	9333450	1
2935505	2935506	1
656740	656720	3
7311242	7292256	1
9530530	9530533	1
5818624	5818620	1
40996	40995	1
10696374	10696373	1
3067921	3067922	2
6457357	6457358	2
3803294	3803293	1
10615048	10615047	1
4278043	4278044	1
1965036	1965033	1
11179755	11179826	1
7430268	7429927	2
7815434	7815433	1
9082136	9082119	2
1102851	1102852	3
5775640	5775639	1
9972557	9972558	1
3064539	3064493	1
4517869	4518489	1
2597696	2597695	1
5597565	5597566	2
1298217	1298218	1
8899067	8850101	1
1092220	1092219	1
1308463	1308464	1
4110486	4109021	1
353833	353230	1
3889049	3889388	2
6913872	6913869	1
2107835	2107836	1
5091818	5576677	1
1467942	1467941	2
5994076	5993664	2
12425435	7849030	1
2539456	2539455	1
6165395	6162162	1
5293861	5292399	1
1300500	1301564	1
8080674	8080669	1
11675192	11675023	1
6047821	6047822	1
10860157	10860573	1
4144310	4144531	1
3712801	4026044	1
2929863	2929868	1
1792791	1792792	1
9252405	9252676	1
2369251	2049368	1
4493325	4493326	2
12518774	12518922	1
5219204	5219043	1
4539581	4539582	2
10926526	10926521	2
678113	678114	1
6800252	6800268	1
11467021	11467022	1
8447156	8445078	1
6704343	6704362	3
2034501	2034502	1
2245716	2369703	1
763155	2557335	1
1598955	1599078	1
1394806	1394805	1
3526315	3526316	1
3087621	3087624	1
2651355	2877742	1
9377667	9377668	1
7481502	7481427	1
11867001	10890623	1
5765792	5765791	2
3813994	3817349	2
4392130	4392129	2
7842288	7842287	1
7945346	7945345	2
3260058	3260055	1
11287668	11656498	1
10420181	10420182	1
8946272	8946271	1
711658	711657	1
653329	653340	1
4111785	4111851	1
4234542	4234539	1
10554592	10555183	1
10552689	10551884	1
4039024	4074666	1
4051089	4051090	1
5840026	5840044	1
10398753	12380660	1
9780663	9780633	1
5371568	8839928	1
10121280	4322914	1
9089588	9089656	1
7868538	7868523	1
1270230	1270229	1
3150641	3150647	1
2721425	2721343	1
11101983	11101984	1
5047477	5047478	1
4674417	4674418	2
6371822	6371821	1
5114608	5114600	2
484784	484854	1
8250295	8250312	2
11686754	5026172	1
3150907	3150908	1
6562028	6562085	2
9873860	9873848	1
5522526	5522444	1
6405141	6406974	1
3041128	3041127	1
3659339	3659340	2
11084466	11084465	1
12445803	12447961	1
851083	862417	1
6619940	6619939	1
10708718	10382004	1
3127645	3127646	1
8445140	8444666	1
7244682	7244681	2
8219746	8219761	1
3656381	3656382	1
10909115	10909116	6
2312127	2312130	1
11537512	11530913	1
8896506	8896505	1
7576666	7576665	1
8814309	8815685	1
6221086	6221043	1
12437611	12437612	1
752687	752684	1
1167677	1161781	1
11470500	11470499	1
11217558	11217531	1
6103259	6103260	1
9680588	9689465	1
3338503	3338504	3
2617581	2616855	1
2634053	2633064	1
10697789	10688827	3
10465163	10465164	2
3937498	7942617	1
6041244	6041247	1
6545895	6545898	1
1000773	991229	2
11444966	11444961	1
9917064	9917043	2
4807494	4807478	1
6349634	6353700	1
4673391	4674009	1
12721043	12721044	1
11452559	11449349	1
8684081	8682700	1
8573234	8575018	1
11241955	11241573	3
4137839	4255282	1
3409521	3409522	1
10757297	10757298	1
3216179	3216172	1
8757896	8757895	1
6650464	6650463	1
11924742	11924657	1
4418539	4434112	1
4070898	4070789	1
3248663	3248664	1
3087260	3087259	1
1121764	1121763	1
1655398	1655397	1
1448648	1448647	2
5021513	5021514	1
11068971	11068972	1
5850867	5850782	1
7886542	7886709	2
3785527	3687854	1
166051	166052	1
95699	96334	2
1609080	1609079	1
5539299	5539302	1
1218994	1232096	2
2652639	2652640	1
8281745	8281746	1
10796183	10796184	1
6714004	6714003	2
12276233	12276236	1
9297136	9297094	1
1075837	1075838	1
3484135	3483441	1
2281106	7810287	1
6914085	6919545	1
2217643	2217644	1
563126	563125	1
3121694	3121693	1
6697780	6697779	3
9638606	11998427	1
10187866	2019712	1
688077	687874	2
2644231	2644244	1
12036823	12036824	2
12807005	12807006	1
921947	921948	1
8060835	8060832	1
5708978	5710732	1
3799027	3799028	1
8446206	8446203	1
5509890	5509889	3
10507060	10507059	1
11862507	11862830	2
1996897	1996900	1
10193815	10193816	1
6187424	6187567	1
10567490	10567500	1
7991781	7989879	1
10188869	10188870	1
2091737	2091699	1
1533761	1533762	1
1300318	1300249	1
605753	605754	1
9944700	9944175	1
3690375	3691708	2
1105025	1105026	1
3796848	3796847	2
778308	778454	2
8989923	8989938	1
8230064	8230063	1
3786295	3786296	2
4267471	7956468	1
5541572	5541655	1
10234714	10234704	1
9562292	9562291	1
7899883	7899286	1
9992156	9820398	2
5138678	5138675	1
5818256	5817838	1
1460128	1460126	1
10075683	10076888	1
10539860	10539859	1
7416014	7411995	1
2510503	2510490	2
4292206	4292205	1
8872943	8872944	1
10291256	10291221	1
3286874	3293386	1
12304525	12304528	1
180563	180564	1
9362383	9362578	1
631812	631811	1
10912403	10912404	1
4853942	1034446	1
6211821	6211822	2
7876790	7876670	1
4118033	4118034	1
12280979	12121250	1
3284175	3284240	2
3282519	3284447	1
9790129	6971594	1
6436227	6436230	1
4744623	4744626	1
9508487	9508526	1
7753195	7753196	1
12164056	12164055	1
4431400	4431299	1
9058520	9058519	2
35981	9894327	1
12202038	12202048	4
8540582	8543878	1
1228367	1228360	1
6012243	6012437	1
1526532	1526531	1
4643303	4643310	1
4106821	4106822	2
6330071	6330663	1
10540196	10540132	1
10813450	10813449	1
3642159	3748201	1
630358	671679	1
2543191	2552227	2
8372215	8372211	1
9884043	9884044	1
2459847	2459848	2
5370005	5370006	1
8574122	8574117	1
4001993	4001994	1
1425211	1425212	1
6054003	6054004	1
6029690	6029687	1
2530278	2530277	1
8802901	8802902	1
2313179	2313180	2
1953288	1954044	1
10653029	10653030	1
6495111	6495055	1
12676904	12676901	2
8043223	8043038	2
1262475	1262476	1
2416036	2415999	1
10368264	10368261	1
2326461	2326454	2
2429463	2429413	1
12698076	12698073	1
10203876	10203851	1
12557183	12557113	1
3300726	3300753	1
6224587	6224588	1
5467040	5467039	2
289912	285734	2
4441961	4441979	1
7919587	7919590	1
344310	342156	1
10364165	10364166	1
1015638	1015708	1
10766203	10766204	2
1088899	1088896	1
5973491	5973492	1
6764137	6764138	1
3807005	3806329	1
1638607	1638608	1
4328958	4328975	1
1521306	1520250	1
10353743	10353744	2
245992	247322	1
9995893	9898554	1
7736880	7736902	1
11211578	11211617	1
465635	465636	1
10153910	10154038	1
7114043	7114046	1
5646083	5646084	3
6123560	6123559	1
5966638	5966637	1
7488853	7488706	1
4285857	4285837	2
1609300	1609574	1
10489205	10489182	1
9153124	9153103	1
4170900	4170899	1
3985357	3985360	1
3154602	7431023	1
9265875	9265876	1
3870738	3870737	1
1845275	1845522	1
5389720	5389719	1
7210289	7210447	1
11516688	11516667	1
10454887	10454920	1
758970	758967	1
9356629	9356630	2
34855	34858	1
10876723	10876410	1
2751261	2751124	2
7078926	7079609	1
9286909	9286910	1
11479591	11479592	1
8851179	8851180	1
6872096	6872095	1
5638537	5638538	3
3542941	3542942	1
11909871	11909872	1
2671189	2671490	1
4200726	4200725	1
4054815	4054848	1
2882035	2881878	1
10097885	10097967	1
11309446	11309443	1
4869308	4869305	1
3956555	3956556	1
914826	914859	1
4113117	4113075	1
4389911	4389423	1
7363181	7363581	1
9099858	9099495	1
1797002	1797001	1
10929702	10929701	2
3950923	3950601	1
4683531	4589567	1
12461459	12461460	1
2481727	2481718	1
9814173	9814174	1
11436042	11436041	1
578929	578930	2
1047377	1044674	1
8997574	8996168	1
10460937	10460953	1
3775868	3773638	1
6021404	6019200	1
580169	580170	1
651776	651379	1
8395122	8395138	1
3543103	3542989	1
4481540	4481568	1
8787274	9152725	2
1511754	1513041	2
10439146	10439145	1
5365065	5365066	1
1450120	1450130	1
9643298	9080879	1
10482323	10482324	2
6635609	6715396	1
11181845	11183230	3
8971877	8971878	1
9512481	9512482	1
9300344	9300326	1
7678879	7678880	1
10989915	10989087	1
9027237	9027238	1
9316745	9316746	1
8797816	8810202	1
11536254	9954808	1
3535599	3535600	2
10466325	10466334	1
6990730	6990737	1
11169235	11169236	2
11175625	11175736	1
10796930	10796927	1
11648541	11648542	1
9572792	9572800	1
12118471	12118739	1
5842621	5842622	1
11998448	11998984	1
1446632	1446631	1
12353987	12353990	1
52017	52018	1
4681201	4681223	1
4714631	4714632	2
9337135	9337138	2
5886585	5886586	1
11435911	11435851	1
10697661	10697642	1
3390422	3390421	2
770851	771131	2
8015862	8015889	1
4416690	4412999	1
6309809	6309810	2
4986991	4986944	1
2162372	2162589	1
935971	924761	1
6561866	6562083	2
7516327	7516328	1
11163520	11159121	1
7837276	7837275	1
11872866	11872869	1
4551575	4567102	1
9663781	9663782	1
3126312	3126309	1
10140709	10141179	1
7676882	7676881	1
4393201	4392920	1
4004865	4004866	3
5805506	5805503	2
7055979	7055980	1
7909640	7812904	1
2952559	2952562	1
7966000	7965999	1
9155044	9155043	1
5578310	5578309	1
4656387	4656407	1
5148354	5148353	1
7778419	7778420	2
8603165	8603166	1
3230009	3230010	1
8077727	8094076	1
9478370	9469924	1
2584312	2584311	1
763382	763379	1
8452327	8452328	1
3459866	8791040	1
588543	588474	1
8364589	8364590	1
632971	632972	1
3277388	3277399	1
8419072	8420180	1
1168866	1168865	1
1762116	1761867	2
4732938	4834790	1
6505667	6505668	1
11183769	11183800	1
925423	928819	1
11417854	11417789	1
4640627	4640693	1
5115647	5114849	1
6022508	6022498	2
7082883	7082865	1
9583984	9583536	1
3427215	9166246	1
2183202	2183201	2
6549328	6549325	1
8015771	8015772	1
9531198	9531188	1
11330686	11330685	2
10858950	10858949	1
7835227	7835228	4
2925546	2926079	1
9896900	9896923	2
3290519	3290586	1
11665099	11665100	1
5058004	5057930	1
2947945	2947948	1
8570647	8570648	2
1146129	1146130	1
4750404	4750411	1
8306996	8313613	2
3477267	3477259	1
1175241	1164558	2
8357471	8356477	1
7923298	7923295	1
4585741	4585618	1
5973212	5973166	2
4028863	4028873	1
10440804	10440935	1
4472412	4472411	1
943288	943287	2
3684334	3684331	1
12428357	12428358	1
9612458	9612457	1
4297148	4249086	1
5238380	5238379	1
10908470	10908331	1
5182217	5181839	1
2317851	5501947	1
12290435	12290436	1
1800330	1574601	1
10364066	10654123	3
897156	897155	1
4023090	4023089	1
3192699	3192700	1
8609955	8618222	1
4716787	4716790	1
6064920	6064919	1
4111808	3397022	1
2996284	2995855	1
10484785	10484660	1
4262194	4262643	2
11709264	11709267	1
778932	778931	1
793758	793755	2
11321838	11321916	1
7541911	7541912	3
6070701	6070702	1
1096316	1096315	2
5512089	5512090	2
3094997	3094999	2
4391846	4391843	1
9337139	9337140	1
6537452	6537451	1
9848188	9849934	2
1080636	1080630	1
8635221	10250581	1
4422831	4433257	1
7446464	7446461	1
12022947	12022948	1
7916238	7916247	1
1728864	1728863	1
280766	280761	1
4835207	4835208	1
11546446	11546445	1
7363356	7363355	1
4123765	3767541	1
1317474	1316969	2
12370302	12370301	1
1741339	1741340	1
7337419	7337416	1
2664956	2664955	2
920499	920464	2
10308002	10308215	1
784867	785625	1
7664189	7664190	1
9297435	9297436	2
9003138	9176569	1
10368505	10368506	1
1705354	1705353	1
12401396	12401399	1
7878132	7878131	1
9084634	9095017	1
443357	443414	1
4539452	4539417	1
10807570	10807903	2
2261860	2261016	1
7289201	7289202	1
6321284	6321189	1
10975868	10975867	1
10874467	10874468	1
8066014	8066013	1
5634720	5634723	1
4662260	4662259	1
7676897	7676900	1
4467875	4467876	1
1111003	1111004	1
3257301	3257302	2
3263296	3263295	1
4560193	4560194	1
7376330	7376327	1
6894981	6894982	1
3337758	3337757	1
53238	53237	1
2810395	2810396	1
6460523	6462069	1
8870573	8844177	1
3013033	3013043	1
1575086	1803695	1
3875852	3875851	1
3455931	3455932	1
10080229	10080230	2
927808	291249	1
7774542	3497309	1
87391	87379	1
1450362	1450411	1
9476735	4037599	1
12778129	12778546	1
8662767	8662768	1
10647948	1427372	2
839832	839829	1
4810102	4810101	2
8040437	8040500	1
8081659	8081660	1
6184108	6184107	1
6602768	6602779	1
11522178	11464241	1
267954	267000	1
10015406	10015015	1
7827829	7827830	2
11645940	11645757	1
2640598	2639451	1
6663013	6663014	1
11586304	11586303	1
4368113	4368114	1
7043777	7043778	1
9036789	9036797	1
605016	605015	1
11994797	11994811	1
12205109	12205078	1
10807188	10807170	1
1396162	8376310	1
11645112	11645151	1
1859541	1859542	2
5368762	5368707	1
1169979	1169980	1
3567090	9147219	1
10440274	10438102	4
2543091	2543095	2
9834493	9834436	1
8283542	8283541	1
10216784	10212243	1
436521	436522	2
8103979	8101794	1
11650728	11651323	1
1459614	1459691	1
4292683	4292684	1
7891472	7891543	1
3899788	3899662	1
2089590	2089589	1
1891386	1891968	1
7936839	3365984	1
7087682	7087681	1
4522163	4522164	1
10663159	10663149	2
1208060	1208058	1
8024716	8024715	1
9094157	9094158	1
126358	126357	1
2352603	2352604	1
9750668	9750665	1
8364541	8364542	1
5628653	5628656	1
3993283	3993286	1
5578787	5578952	1
3704029	3967389	1
4837319	4837322	2
1826780	1826784	2
11785793	11785796	1
10293533	10244738	1
12655326	12655325	1
7091991	7091992	1
6789203	6779750	4
7187209	7187212	1
8198644	8198675	1
8752554	8752553	1
6972575	6963734	1
11640042	11640167	1
10210681	10210682	1
10705265	10705268	1
12249822	12208434	1
8222717	8222794	2
8946660	8946518	1
8730465	8730460	1
611623	611866	1
7356909	7356867	2
4490762	4490761	1
3530895	3530848	1
8556642	8556641	1
5974226	5974225	1
10381617	10381618	1
10141181	10141182	1
6322496	6322495	1
5967613	5967614	1
12343617	12341323	1
11664092	11664091	1
3898676	3898675	1
6688030	6688027	1
10462057	10462060	1
1198203	1198204	3
510372	510369	1
5276191	5275135	1
11306629	11306630	1
8299805	8299806	2
9649143	9651617	2
5350684	5350683	1
5806321	5807743	2
11812704	11812703	1
4009859	4009963	1
6405991	6405992	1
11366112	11366111	1
5366829	5366832	1
10844334	10846621	1
4680490	4680489	1
4476286	4476289	1
7909506	7909510	1
4433345	4425574	1
9493314	9493311	2
11486157	11487024	1
10934607	10934608	1
12543339	12540483	1
6085745	6085848	4
8221173	8221174	1
2886085	2886088	1
462412	527742	1
4576166	4576163	1
6914712	6914490	2
483755	476380	1
2162318	2148406	2
2491783	2490922	1
12306508	12306507	1
8817269	8817270	1
10418976	10419336	1
5280436	5280433	1
7859499	7908594	1
11207094	11208462	1
7859758	7859757	1
12778129	12778548	1
1873193	1873195	1
3659326	3658087	1
7164258	7164257	2
9804424	9804427	1
10109900	10109899	1
5474032	8890501	2
5059337	5059343	1
7072471	7072474	1
4094843	4094846	1
11461589	11461657	1
5923727	5923591	1
9166207	9166198	1
2907527	2905965	1
1760497	1760498	1
2582500	2582499	1
6565521	6565522	1
1762421	1762524	1
1767071	1767067	1
5533207	5545983	1
1494828	1494827	1
5056872	5056871	1
12184411	12184412	1
10533160	10533159	1
319399	319400	2
4610091	10102996	1
1951020	1951084	1
3399592	3409114	1
7931232	7932092	1
1994971	1994972	1
5058429	8055574	1
1578583	10352323	1
4418389	4418392	2
5022315	5022201	1
3577259	3597159	1
12264220	12264237	2
2189804	2189801	1
7966297	7966298	1
2778494	2778493	1
614928	607422	2
299658	299657	3
332348	332691	2
773758	773757	1
10212745	10212746	1
11817579	11817580	1
1849589	1869630	1
4808509	4805671	1
9228816	9228830	1
8717652	8717651	1
9953670	9953669	1
5273792	5273928	1
6728438	6729215	1
7806437	7806438	1
6735003	6735004	1
2286638	10141243	1
5441804	5441803	1
11963195	11963196	1
2786665	2784525	2
5512730	5512729	2
10217979	10217980	1
12506050	12506049	1
3397123	3397124	1
2795136	2791676	1
5052150	5051475	1
6741130	6741129	1
2778426	2778567	2
9507287	9507288	1
302935	302936	2
11575509	11575527	1
1790330	1790329	1
10977324	10975854	1
11040717	8419741	1
11780195	11780196	1
6208890	6208877	1
10922998	10925855	1
11054245	10959067	1
5923434	5923433	1
10192746	10192745	2
11696454	11696490	1
3302521	3302522	1
10173317	10172352	2
7867280	7867279	1
5141566	5144339	1
7831666	7831970	2
4076808	4075030	1
11556198	11556210	3
10276968	10276967	1
5313043	5313044	1
3528707	3528357	1
2596689	2592176	1
6504031	6504032	2
1615783	1615784	2
2986729	2986730	1
11349818	11349817	1
2064408	2064407	1
7694622	7694621	1
4441609	4440456	2
748330	748350	1
1071492	1071491	1
11894119	11894120	1
3301176	3301175	1
2329714	2547879	1
11417000	11416999	1
3604201	3599749	1
2849198	2849114	1
5044317	5044313	1
4117084	4117083	1
5046343	5046344	1
1485445	1541041	1
10760130	10759921	2
3373910	9833273	1
3729060	3729059	2
2656097	2656098	1
10002667	10002668	1
6740469	6739526	1
9680697	9680698	1
10900165	10911152	1
2421722	2421996	1
11332438	11332437	1
8821168	8821178	1
11100309	11100312	1
3375410	3377056	1
2470209	2470210	1
10379551	10379554	1
1659782	1659781	1
10231439	10231234	2
7503629	7503630	2
4612360	4612247	1
2250844	2250843	1
8444286	8444283	1
9196260	9183883	1
4563758	4563757	1
10123735	10123329	1
3274754	3274753	1
5502371	5502396	1
5557027	5557352	1
5901511	5901512	1
5594235	5594236	2
3023096	3023093	1
3289686	3289612	1
5888212	5888225	1
8792923	8792924	2
5783916	5783915	1
10983931	10984333	2
8861276	8861282	1
996741	996742	1
10717610	10718269	1
8041309	8041310	1
1143569	1143533	1
6924898	6926307	2
2269821	2269822	1
7824880	7824903	1
9298500	9482064	1
12627934	12627933	1
3816507	3816544	1
3797744	3797756	1
5541737	5541759	1
11664404	11664361	1
1008397	1008400	1
4005836	4005835	1
6891903	6891906	3
7369384	830617	1
1225086	1225669	1
7594553	7455590	1
987934	987952	1
4018763	4018764	2
4365922	4365790	1
9536409	9536410	2
362908	362896	2
10021651	10021654	1
4281841	4281842	1
2555274	2556280	2
4879205	4879206	2
6538942	6527124	1
8831828	8831827	2
5217288	5217287	3
7341002	7341206	2
6715808	6715701	1
6019011	6013874	1
2147910	2146854	1
3976693	3976686	1
7160599	7160600	1
1382535	1382536	1
6549089	6549090	1
5286373	5286374	1
5615066	5615070	1
5427728	5427727	1
8386143	8386144	1
3812043	3812081	1
644409	644410	1
10547899	10547900	1
4347213	4347189	1
3732853	3581036	1
2422907	7524540	2
7048935	8865403	1
2963113	2963077	2
6922204	6922217	1
8017153	8017154	1
11163920	11210907	1
11823592	11823792	2
5589785	5589812	1
7740030	7739682	1
8407423	8407424	1
12268869	12268870	1
3938613	3938614	1
4921068	4921071	1
155221	154612	1
10341016	10341015	1
1552919	1551563	3
2440419	2440420	1
4267091	4267092	1
9263008	9265079	1
8723419	8722763	1
4137405	4137406	2
5616409	5616410	1
4330198	4330197	2
1066860	1069645	1
8844015	8844016	1
3599766	3599003	1
2795887	2795888	2
3903926	3903923	1
6540401	6540404	1
50044	634679	1
10492524	10492521	1
4212667	4212668	2
7523893	2585158	1
4651753	4652128	1
519136	517566	1
5940567	5940568	1
5948243	5948440	2
8618258	8618257	2
1785674	1538949	1
10371859	10361048	1
10822964	10823125	2
3508991	9535041	1
11138435	6088756	1
2956848	2956847	2
8541967	8541968	1
12032953	12042981	2
1846294	1846293	1
9114459	9114460	1
5182448	5182426	1
5113895	5113896	1
2212709	2010807	1
1825189	1825132	1
2000463	7557126	2
4240434	4230714	1
8493219	8493220	1
7114516	7114519	1
6780073	6780074	2
12130648	12130590	3
10905185	10905172	2
2971360	2971359	1
8745870	8745869	1
1757199	1757200	1
3060837	3060838	1
3644145	3644148	1
27321	27322	1
2557223	2559374	1
974759	974760	1
5713455	5713445	1
1951242	1954956	1
2432075	2433983	1
10375007	10375875	1
12363986	12363985	1
951322	956246	2
8448731	8448769	1
11425962	11427470	1
7735962	7869943	2
7082026	7082025	1
5801702	5801711	2
5064940	5064939	1
12472447	12472448	1
11929520	11931714	1
9525175	9525189	1
6380042	6369137	1
9858393	9858394	2
4083662	4083659	1
9425980	9425979	1
7009987	7014209	1
6287632	6287631	1
5745849	5745850	1
7353483	7376981	2
8213642	8214007	2
2958	2957	1
11406036	11406035	2
9438986	9439014	1
6999345	6999346	1
675080	675079	1
11164837	11164838	1
5082073	5082076	1
6826747	6826748	1
9789996	9329863	1
99136	99139	1
1294608	1294607	1
2316045	2316634	1
8661589	8661591	1
5489235	5489236	1
6961338	6961395	1
9153923	9153928	1
3421898	3419652	1
5867061	5867062	1
11152952	11152951	2
11641313	7316690	1
12376295	12376296	2
9927512	9927183	1
9298027	9298028	2
5381485	5381486	1
7203369	7203370	1
264339	264344	1
4179963	4179964	1
12667472	12667748	1
9930534	9940260	1
2444505	2444506	1
425820	425778	2
7941767	7941768	3
5424696	5424531	1
10830249	10870475	1
10561226	10561225	1
10357618	10357617	1
3339973	3208917	1
2759382	2759381	1
12390664	12389288	2
9804426	9804425	1
608197	608198	2
4137227	4137228	1
5092707	5092498	1
1176193	1175868	2
6282575	6282576	1
6083179	6083204	1
8077256	8077255	1
12723445	12723732	1
10901540	10902037	1
2858805	2850103	1
3371453	3371470	1
5111722	5113907	1
4759956	4759972	1
5088398	5088397	1
10830776	10848103	1
8189256	8188794	1
7199696	7199683	2
6041273	6039360	1
4034992	3901517	1
7561779	7561780	1
10205777	2254762	1
7288139	7288140	2
6341843	6341878	1
1686868	1686865	1
1299253	1299332	1
3977564	3977563	2
1891356	1891539	1
3244777	3244778	1
3099449	3099621	1
4025714	4025713	1
8065479	8129730	3
1699996	1699995	1
394526	394525	1
5691004	5692792	1
5555167	5555168	1
7679018	7679122	1
9992876	9992875	1
1693067	1684235	1
5258669	5259048	1
11291894	11291958	1
9609689	9609690	1
1620696	1620657	1
1699965	5940467	1
1715601	1715602	1
2336159	2336160	1
4554757	4554863	1
8008534	8008533	1
1293217	1293169	1
120878	120877	1
10150943	10156169	1
9636183	9636184	1
2546567	2546568	1
3534050	3534049	1
6996908	6996905	1
9772618	9772617	1
10250155	10249434	1
1255797	1255810	1
7826014	7826013	1
1785263	1785266	1
10726740	10726744	1
2873759	2870109	1
10378718	12374651	1
12405606	12405605	1
5891719	5891703	1
6517141	6513429	2
11670504	11670134	1
7655266	7655265	1
7859721	7859714	1
1356925	1356926	1
8221020	8059491	1
5112849	5108692	1
286005	286001	2
11747860	11747859	1
4469480	4360964	1
8398438	8392165	1
7154302	7154301	1
7323623	7320812	1
4308136	4308425	1
5130060	5130059	3
3684310	3684309	1
12227611	12227612	2
310259	310260	1
10182066	10182065	1
11385890	11385889	1
2983913	2984022	1
5912261	5911934	1
6017340	6021362	1
7648067	7648093	1
1517431	1517434	1
2861006	2856154	2
12717517	12717518	1
3145141	3144092	1
12125544	12125543	1
1184220	10721421	1
7465142	7465141	1
7611369	7611370	1
12434827	12434830	1
2651690	2651689	1
7633888	7633887	1
7110237	7110238	1
5846822	5846821	1
6446499	6446372	1
12349012	12349004	1
10701360	10701359	1
7328761	7328417	1
11576029	11576030	1
5115108	5115107	1
11563373	11567314	1
8749266	1862776	1
717809	809793	1
4586146	4586145	1
2566430	2566429	1
5943751	5943752	1
4677028	4677069	1
7710365	7710366	1
8257520	8257519	1
11555847	11623953	1
6287470	6224893	1
8443607	8443608	1
7604400	7604393	1
10960751	11119827	1
7565788	7553929	1
11650574	11650573	1
1699666	1699610	2
10669353	10669354	1
11995717	11997526	1
3971892	3972425	1
7030709	7030710	2
10244344	10244401	1
2985893	2982485	1
9332871	9333389	1
12486221	12486022	1
12510114	12510111	1
9460472	9460470	1
4939224	4939223	1
7219462	7219461	1
5969509	1716292	1
4836137	4835890	1
10737346	10440248	1
9569239	9569481	1
3996336	3996335	2
919598	935682	1
8524570	8500577	1
6069813	6069814	1
10385326	10385290	1
414600	414599	1
1133503	1133428	2
10541752	10541492	6
4868409	4868410	2
8475725	8476756	1
6496863	6496864	1
11141702	11141695	1
12619191	12619192	1
2278900	2278908	1
12187901	12187902	1
7760681	7760682	2
7553058	7553072	1
3737200	3737199	1
6720167	6720170	1
3279200	3279190	1
5254671	5254672	1
6909023	6909024	2
2089596	2089591	1
6346392	6346389	1
10409978	10409977	2
2079844	2079843	1
2903763	2903772	1
3791816	3791805	1
9562725	9588125	1
4841909	4841910	1
5218856	5218855	1
6709124	6709114	1
11257542	11252545	1
5784240	5784246	1
3798189	3797566	1
3640107	3640131	1
11866260	11866004	1
6045816	6146679	1
4311744	4311743	1
9685185	9616456	1
2036011	1876777	1
5910971	5910972	1
7544613	7544614	1
12642090	12642307	1
2318632	2317954	1
12455218	12455248	2
122159	119894	1
6919812	6919811	1
45134	9574122	1
1463849	1463933	1
11320850	11320849	1
5973395	8967336	1
7096994	5678466	1
2689029	2689030	1
11624347	11624317	1
1169981	1169982	1
8317078	8317077	1
5876588	5877646	1
6197995	6197996	1
10266497	9419090	1
11673977	11673921	1
5543326	5544357	1
11250318	11250315	1
1844877	1844878	1
8862732	8862729	1
11901321	11901322	1
10517598	10556392	1
5000635	5000250	1
309407	309408	1
8917145	8917146	1
2103466	2100280	1
8300951	8300952	2
7673756	7673725	1
7017855	7017856	1
12181663	12181672	1
10166827	10166828	1
8977181	8977182	1
1099838	1099837	1
4116850	4116849	2
445268	445267	2
8470196	5949943	1
10579007	10579008	1
5592345	5592413	1
2030394	2025431	1
6373959	6373960	1
10025650	10025647	2
2807443	11856687	1
9089908	9090867	2
3228779	3229467	1
11687685	5214958	1
9746678	9746793	1
3794684	3794683	4
10430422	1329664	1
2358326	2358325	1
2552607	2552608	1
8795599	8795600	1
702622	702621	1
6322584	6323150	1
3259794	3259793	1
1241670	1242501	1
7264965	7230853	2
1002379	1002382	1
6872149	6872150	1
1061248	1131203	3
2026851	2026852	2
12417060	12416373	1
6361155	6361156	1
10168255	10168256	1
3576415	3576389	1
74990	74977	1
7029523	7029524	2
7830671	7830674	1
7056308	7056307	1
4046903	4046904	1
87101	87102	2
8519096	8519203	2
26263	26174	1
8928757	8928758	1
321760	321659	2
6772585	6772744	1
8554912	8552391	1
4077409	4077410	3
11799786	11799777	1
8861756	8861755	2
3943092	3943089	1
12317469	12317470	1
498103	498104	1
2656373	2656265	1
4365153	4365890	1
274193	271570	1
8026691	8026709	1
2825680	2825675	2
2542945	2543596	2
8565845	8531698	1
9526950	9526949	1
2518298	2518297	1
7054509	7054510	1
3205789	3205790	1
681604	681552	2
7754654	7753799	1
3981016	3981639	1
2800165	2800166	1
6961460	6961483	1
12176708	12176707	1
12697670	12697899	1
3511555	3593131	1
9568733	9568717	1
4239358	4239486	1
369215	369218	2
4634464	4635442	1
12774557	12774558	2
3472029	3472042	1
12729764	12729767	1
11660811	11660812	3
5718176	5718728	2
10887571	10887974	1
10516651	10516652	1
3933912	3934051	1
1621115	1621082	1
7201878	7201877	1
5483632	5483631	1
5567090	5566710	2
10923764	10923763	2
2926169	2926170	2
9712632	9712629	1
7858521	7857793	1
595477	595490	1
7921983	7921984	1
11151376	11151360	3
2309168	2309193	1
7416683	7416684	1
9239390	8682751	2
11535633	11535634	1
8991978	8991977	1
10195179	10195182	1
1562007	1565496	2
8159157	8159151	1
3477864	3477857	1
6564938	6564963	1
12657619	11143584	1
2859208	2859487	2
11440670	11440667	1
1668026	1668095	1
8975645	8975646	1
10764226	10764223	1
1864438	1864446	1
11335494	11335493	1
5018531	5043069	1
3313739	3313740	2
8697401	8697406	1
7429569	7429570	1
8818250	8805525	1
2338186	2338156	1
2959202	2956234	1
10065759	10065760	1
1492912	1492787	2
10449308	10447632	1
2416710	2416709	1
1519359	1516035	1
11655377	11655378	1
5553014	5553287	1
6872755	6869766	1
9181823	9181824	1
2331890	5494485	1
11816871	11816747	1
4830971	4830977	1
4511608	4511607	1
792422	792421	1
11283037	11283038	1
4589322	4589352	1
9293128	6789967	1
3478441	3465177	1
9655841	9656491	1
173393	173394	1
3602195	3602196	1
3498813	3498814	1
9069194	9069193	1
294764	294763	1
5398464	5401329	1
4580557	4580558	1
9923195	9923196	1
6442363	6442364	1
11282865	11282866	1
3256612	10302155	1
12724415	12724418	1
12228137	12228624	1
918020	118513	1
1408175	1408177	1
9191698	9191700	1
12516254	12516131	1
8444542	8444541	1
10929208	10931710	1
12196125	12196126	1
10998204	10997408	1
9499003	9498932	2
8592990	8592935	1
10240636	10240635	1
10479170	10479169	1
3791302	3791301	1
6060003	6058464	1
11824142	11824141	1
8571126	8571056	1
34829	34830	1
2344005	2343997	1
2513448	2513447	1
1123504	1123503	1
7759387	7518275	1
11100983	11101122	2
6902451	6902452	1
10187212	10187214	1
814510	814509	1
897017	897082	1
919018	919017	1
9362234	9362176	2
9352235	9352239	2
891945	891946	1
3291017	3291003	1
1291099	1292746	2
5510467	5510468	1
7648048	7647062	1
9345590	9345593	1
12184421	12184399	1
7374597	7370701	2
8512844	8511877	1
1964761	1964762	1
4216806	4216805	1
1719692	1719691	1
11555966	11555965	1
9907247	9907248	1
7539588	7539587	2
5247983	5247984	2
7774648	7776768	1
2187749	2187793	1
10715594	10715640	1
9795020	9795017	1
2994324	2994323	1
10376093	10376094	1
9523203	9523204	1
9665114	9665117	2
11928541	11769135	1
4521117	4521124	1
12187939	12187942	1
4594644	4594643	1
3477812	3477811	1
1392694	1392833	1
10070074	10070073	1
12547872	12545058	2
12671730	3129768	2
918657	918716	1
7176161	7176162	1
6661227	6660299	1
1951991	1951992	1
2093020	2091335	2
10007583	10007584	3
6906425	6906406	2
5453445	5453446	1
187892	187891	1
7140578	7140559	1
3745164	3745628	1
7019228	7019954	1
8288589	8275951	1
8445486	8445163	1
11766033	11767259	1
10601632	10601631	1
4075552	4077518	1
146462	146461	1
4598092	1976649	1
12624883	12625490	1
7193208	7193207	1
7830684	7830641	1
11322820	11320995	1
593212	593211	2
8313714	8313713	1
10750183	10749716	2
6544549	6544550	1
6800269	6800270	1
7436782	7436502	1
7073235	11283296	1
6104479	6104480	1
11378394	11378393	1
7906695	7906623	2
5670600	5660694	2
11208926	11208925	1
10380363	10380368	1
10995848	10995857	3
10126300	10126368	1
7899742	7899795	1
1692637	1692984	1
5376389	5374048	1
7683204	7683203	1
286461	286412	2
7046900	7046897	2
6197257	8898605	1
3232322	3232321	1
6371188	6371242	1
3197557	403852	1
6174227	6174228	2
10151637	10151638	1
5707623	5706484	2
7673892	7676012	1
666630	666629	1
1922715	1922716	1
10318365	10318465	1
2640598	8944571	1
3340640	3340691	1
2673357	2673358	1
10479279	10479371	2
10555779	10555771	1
2431673	2431680	1
8671984	8671983	1
12226683	12226686	1
8009281	8007486	3
622377	622359	1
10508491	10550293	1
1331685	1331691	1
4940149	4940152	1
4164818	4167462	1
11417880	11417489	1
2497677	697668	1
3113584	3113583	1
892715	892660	2
6211457	6211458	1
2207081	2207084	1
12727433	12727436	1
8066164	828960	1
8040758	8040978	1
7277252	7277249	1
10042329	11744565	1
3063361	3063362	2
10230494	10230493	1
7618145	7618146	1
3822531	3822532	2
4627870	4627956	1
9499812	9499811	1
4832734	4832724	1
1100967	1100422	1
3327087	3327080	2
8012498	8012495	2
11625184	11625230	1
5288159	5289137	1
9026827	9026828	1
6800515	6800516	1
12159947	12171160	2
12307551	12307554	3
12512376	12512331	1
6477217	6422604	1
10381907	10717329	1
5272088	5272087	1
10829713	10829008	1
10302201	10302202	3
9328849	9328878	1
1482704	1482703	1
9349316	9349315	1
7423591	7425348	1
7551405	7551406	1
2159110	2160809	1
1065924	1065923	1
10560665	10560666	1
11115026	11115025	2
10856026	10856021	1
5268803	5268497	1
4510446	4511408	2
7018469	7018470	1
11557409	11557410	2
448358	448355	1
3805309	4124315	2
4828840	4828934	1
3245707	3245708	1
12760107	12760672	1
7872305	7873014	1
1148780	1148775	1
10925953	10925979	1
6496825	6496826	1
9442418	9447721	1
12358677	12358837	1
3229586	3229583	1
1416147	1416152	1
11864961	3735992	1
10901744	10901743	1
9571636	9571635	1
11217754	11206484	3
2786299	2786300	1
7080843	7080844	2
6004184	6004183	1
11356140	11356139	2
214373	214374	1
1466155	1339023	2
4445643	4446281	2
8004911	8004912	1
2742395	2742372	1
4047513	4047516	2
4140643	4141019	1
6754306	6756019	2
7918862	7918861	1
6697124	6697123	2
6384774	6384823	1
1326492	1326491	1
11557065	11557066	2
7948410	7948358	4
2910870	2910863	1
624536	624514	1
5290065	6133981	1
182184	182183	1
7682446	7682445	1
5652959	5650923	1
11695781	11695793	1
10367976	10367975	1
1617142	1617141	2
11298475	11298476	1
12463525	12464321	1
2748787	2748690	1
995492	995491	1
2899896	2899899	1
8417247	8429064	1
6799820	6799819	2
6320368	6642809	1
4552995	11404558	1
5179299	5179300	1
469387	299622	1
10020192	9901221	1
9518130	9518129	1
6751478	6751477	2
10805729	10805448	1
4598471	4598472	1
9901504	9901503	1
7580531	7580537	1
3398752	3398751	1
10641443	10362999	2
6636317	6636318	1
11847237	11847238	1
3865637	3865638	1
274234	268108	3
786369	786359	1
8414940	8415220	2
1604538	1602755	1
3483732	3483731	1
1047152	1047151	1
2888345	2888346	1
7490795	7490819	1
7733280	7733279	1
4032440	4033037	1
5020480	5020479	1
7057742	7057741	2
12277460	12277459	2
8393258	8393335	1
4387473	4387474	1
11869029	11869030	1
734960	2573893	1
9279366	9279363	1
4783035	4783036	1
6553707	6553708	1
160244	160243	1
3695359	3695360	1
9390273	9390274	1
2859835	2861266	1
6897491	6897492	2
8972458	8972461	1
3168305	3168306	1
5630631	5630632	2
11378969	11378970	1
11130701	667760	1
5405460	5405459	1
11743666	10051309	1
339417	339418	1
3573608	3573607	1
7942611	7942612	1
3978848	4843276	1
6699444	6699695	1
1068783	1068792	1
6451950	6452517	1
2832505	2832506	1
3582182	3582189	1
4745141	4745142	1
11336584	11311542	1
415939	324184	1
3357558	3357557	1
4461663	4458935	1
3761843	3761258	2
12492604	12492603	1
11220769	11220770	3
9026000	9025999	1
7839053	7839054	1
6768358	6652061	1
10413986	10413985	2
11318905	11318906	1
1905036	1905035	2
3874111	3874112	1
5211503	5211841	1
9696135	9627007	1
4444637	11902322	1
114822	136401	1
3982844	3982820	4
476871	476872	2
6681490	6678941	1
11731556	11731555	2
1353053	1353054	1
11104358	11104357	2
6356535	6356557	1
12655584	12655583	1
4289921	4289922	1
1419566	1423107	2
7340580	7340268	1
5455605	5447139	2
11561068	11561067	2
1394130	1393151	1
9538361	9538324	1
9915144	9915128	1
3279763	3279824	1
6090225	6091171	1
11719418	11719306	1
4259750	4259749	1
273464	273345	1
11854061	11854062	1
8445808	8445803	2
2230273	2214752	1
11358522	11358765	1
10492766	10483706	1
9976141	9976143	1
10240929	10240930	1
2621163	2621166	1
1984434	1984433	1
5474386	5470859	1
1313947	1313945	2
3506543	3506571	1
6936060	6935964	2
6283852	6285897	1
3709905	3709757	1
4418076	4418058	1
7805993	7805939	4
5021437	5021030	1
1304154	1304153	1
1706854	1706853	1
3482569	3482536	1
6791704	6791628	1
5577325	5577555	1
400964	402910	1
702685	702680	1
7617510	7617509	1
6164625	6164626	2
12004298	12004104	1
1724323	1724324	2
8304663	8296447	1
11030045	3129135	1
10204762	10204761	1
3600437	3600438	1
10510394	10512629	1
3187252	3187251	1
4604474	4606480	1
4311697	4311698	1
12204176	12204175	1
7334585	7334586	2
3713482	3713481	1
2829314	2829363	1
11586427	11586243	1
8602007	8604458	1
4573320	4559652	1
7103606	7103605	1
1756374	1756373	1
4415980	4415979	1
12323683	12323684	1
9079598	9668081	2
10394721	10394724	1
7703254	7703253	2
10282908	10282907	1
3134033	3137372	1
4113969	4113970	1
8001611	7861479	1
7489091	4173141	1
2375421	2375433	1
612003	612004	1
8846071	8846072	1
1656558	1656339	1
6132551	6132552	2
12457802	11273002	2
1359775	1359776	1
4674419	4674420	1
12463505	12463506	1
11053398	11053386	2
12521438	12814652	1
679001	679614	1
12226286	12226263	1
5244371	5244372	2
5836500	5836477	3
1114895	1114896	1
9636390	9640946	1
2489988	2489987	1
9302566	9305610	2
8353013	8353014	1
8403463	8385099	1
7370644	7370643	1
6381045	6372681	1
6477745	6477746	1
7366582	7365607	1
8722651	8722652	1
5390415	5388944	1
4954763	4954764	1
2197348	2197347	1
3279464	3279405	2
6870991	6870994	2
4069449	4069450	1
9072355	9073241	1
10160157	10160158	3
5209693	10261900	1
2035580	2035579	1
5825447	6090036	2
5214560	5214270	1
8722668	8722650	1
8107212	1782058	1
10512938	10513922	1
9488039	9488061	1
5634139	5633988	2
9333852	9332659	1
7465619	7465279	1
10170069	10170070	1
10778306	10778114	1
4454521	4429793	2
5279596	5279595	1
10748493	10748494	1
10248707	10248708	1
5975045	5975046	1
4446426	4446425	1
6792014	6792100	1
3576866	3577085	1
8561467	8561468	1
750248	750239	1
5587311	5586857	1
11391374	11391373	1
898664	4906325	1
2383515	2383516	1
10749203	10749206	1
945533	945534	1
3390693	3390694	1
501693	501651	1
458309	460074	2
6344244	6344243	1
53866	53865	1
11404863	11404864	2
1776086	1790763	1
2574051	743500	1
9396500	9594169	1
1526323	1526324	1
2589080	2590056	1
6433342	6433341	1
9747651	9747652	1
7177064	7223331	1
10288893	10288896	1
1957483	1957484	1
7777192	7777191	1
9476816	9476684	1
7673697	7673755	2
4014368	6510645	1
5541388	5541387	1
3140997	3139751	2
7815055	7815031	1
11540163	11540164	1
7223194	7223191	1
2843412	2843411	1
7832182	7831162	1
6419630	6419578	1
3885297	3886872	3
2827535	2826289	2
8858929	8858985	1
8011507	8011508	1
2690702	2689553	1
933868	933010	2
3450044	3450043	1
7112158	7112157	1
12274026	12274025	1
9156039	9156040	1
9286987	9287001	1
1589047	1589048	1
11052748	11056155	1
11249636	11249635	1
6519538	6519523	2
2148729	2148760	1
1823397	1823398	1
7171898	7171968	1
2095019	2040572	1
9931665	9929361	1
11288960	11288959	1
3145664	3144665	1
3185297	3185298	2
4229095	4228963	1
11854728	11854735	2
10096289	10096250	1
12594279	12594401	1
1587367	1587371	1
5920020	5920019	2
1660647	1470935	1
3903608	3903607	1
2897859	2897860	1
8546349	8545827	1
8952171	8952039	1
5093702	5093701	2
1337562	1337561	1
8315472	8315471	1
11687218	11687217	2
9712088	9712087	2
9614027	9614030	1
12559430	12559429	1
10753407	10754224	1
6212843	6209384	1
7206764	7206763	1
8070957	8067285	1
1469714	1469718	1
11877054	11788524	1
1519896	1514845	1
1259554	1259553	1
3387700	3387674	1
2616208	2617424	1
2015906	2015919	1
4630260	4630613	1
2343849	2343261	1
10437246	10436482	1
1031822	1001928	1
9650885	9650886	1
12691917	12691918	1
7945608	7945044	1
3550020	3549691	2
2369346	2369345	2
8398513	8398447	1
1758828	1758827	2
1745582	1745171	2
1119012	1119011	1
6571030	6571081	1
8178372	8178371	2
6579002	6579001	1
9250563	9250564	1
7861790	7861798	1
1793350	1793349	3
1525930	1525929	1
3367610	3367598	1
6114869	6114872	1
2003557	2003590	2
8550060	8550059	1
7959853	7960400	1
2928322	2928321	1
10118043	10118044	1
290704	290703	2
2998905	2992141	1
10967695	10967700	1
1493969	1493970	1
7655844	7655843	2
214819	214820	2
235293	114624	2
1337319	1337320	1
5934897	5934898	1
12790390	12790389	1
3193119	3193120	1
10465666	10469649	1
4435067	4435068	1
3767703	4122511	1
10978258	10978257	2
7827229	7827230	1
10113348	10113345	1
7882055	7882058	1
10187225	10187226	1
8916723	8916724	2
5442496	5442495	3
4087078	4087561	1
2612931	2611384	1
767687	767688	1
10875219	10875220	1
3562352	11728106	2
2566426	2566425	1
3978475	3259311	1
4749369	4745637	1
7020950	7020332	1
3471398	3470648	2
6810887	262767	1
10616666	10616665	1
9235810	9237625	1
5782329	823247	2
1449325	1449326	1
10460420	10460419	1
1356927	1356928	1
10340769	10340772	1
9834353	9834354	1
11930285	11930832	1
64804	64803	1
3623328	3623327	1
6603061	6603483	2
10109691	10109692	2
5713541	5713431	1
1993368	1993367	1
9480917	9480918	1
3910159	3910164	1
7621159	7619197	1
2257	2258	1
2560642	2560010	1
2256007	2125354	2
1424922	1424921	1
11923500	11922150	1
993154	993153	3
2729149	2729150	2
10267312	5261508	1
3856654	3856715	1
9967610	9967722	1
6794973	6798027	1
5659600	5659616	2
2508064	2508061	1
7046791	7046452	1
12483012	12479507	1
1796867	1796878	2
8426888	8426845	1
4348332	4348365	1
3957802	3957801	3
10280199	10280325	1
2590037	2590012	2
11020973	11224524	1
10030756	10030753	1
7940796	7940799	1
2183408	2182148	1
10982911	10984352	1
7814706	7815437	1
8740951	8740952	1
11012349	11012437	1
3327299	3323960	1
2976113	2976114	1
6635117	6635118	1
8562875	8562876	1
959957	959684	1
8990152	8990151	1
11891905	11892037	1
11591751	11593532	2
3120461	3120462	1
2362234	2362233	1
7117427	7117428	1
1069049	1069050	1
1272983	1272978	1
1299253	1299254	1
3153471	3153472	1
2540396	2540453	1
8150710	8150709	2
12774070	12774069	1
4577851	4577852	1
9710167	9710146	1
11021505	11021506	1
5394677	5394680	1
358896	2324387	1
3153841	3154746	2
5800438	5800437	2
1229585	963389	1
10874918	10874917	1
7298569	7298570	2
5279726	5279725	1
7547688	7547687	2
6890155	6890156	1
7290430	7290427	1
3124961	184031	1
10433091	10433459	3
11437697	11437698	2
11574694	11574693	1
8358485	8358480	1
10693923	10693908	1
11112830	11112829	1
7177716	7177719	1
8641701	8641702	1
5596134	5596133	1
3059044	3059043	1
10652990	10652989	1
3753292	3755285	1
1387175	1381104	1
10883576	10883110	3
10395781	10395784	3
8301369	8301370	1
11760594	11759581	1
12486066	12485851	2
769905	769908	1
6206177	6206178	1
5838272	5838271	1
2598066	2598065	2
3851637	3851638	1
5332068	5332200	1
12604886	12604885	1
4901671	4901672	1
10579509	10579510	1
11202941	11202942	2
108422	108421	1
4468739	4468740	1
2129442	2129439	1
8416920	1120009	1
11640905	11640917	1
504406	925607	1
8845041	5892903	1
543564	541500	1
10956651	12659959	1
10832246	10832245	1
10959056	11054292	1
4494961	4484316	1
8968005	8967574	1
3806886	3800367	1
11032261	11032262	1
518374	518373	2
10439131	10439132	2
10645177	10645180	1
5939904	5938647	1
7400325	7400326	1
12683060	12683052	1
6968778	1697592	1
11793152	11793151	1
4724418	4724405	1
7050321	7050322	1
6448067	6448139	1
564196	564195	1
5886145	5886146	1
11337773	11337774	2
8551815	8557871	1
5817091	5817092	1
2838033	2838034	1
7063132	7063131	1
3909265	3909266	3
8385011	8385012	1
3879108	3879129	1
4553254	4553251	1
12369187	12371781	1
8481573	8481574	1
8230170	8230169	1
11999731	11999736	1
3249046	3249042	1
12719488	12718530	1
1562198	1562197	1
11570089	11570221	1
9100419	9100426	2
5937730	5937727	1
327149	327150	2
3248260	3248258	1
6340305	6340301	1
2491441	2491449	1
3489971	3489972	2
3767031	11499294	1
7642269	7641834	1
11711211	11711214	1
413291	413292	2
438720	308556	1
11781333	11781334	1
1357115	1357116	2
7496244	7496241	1
245306	245305	1
10226617	10226628	2
2784787	2784788	1
3389505	3389506	2
6708324	6708323	2
7666097	7676379	1
1101032	1101605	2
12037249	12037429	1
1751068	1751067	4
4261607	4261608	1
2176995	2176996	1
9301893	9301894	1
1386415	1386429	1
8916725	8916726	2
1459297	1460407	2
4526646	4526645	1
10839353	10870081	1
7446301	7446395	1
7918375	7907466	1
45210	45209	1
8160823	8160824	1
6823004	6823003	1
7919656	7919655	1
8182638	8182637	1
649603	649604	1
3945732	3945731	1
3363533	3363521	1
11299952	11299951	1
1103857	1098523	1
10920914	10920940	1
963304	963340	1
8330868	8329109	1
235401	235413	1
11063461	11069959	2
12432541	12432614	3
1407519	1407520	1
3403674	3403673	1
12656645	12656646	2
2909606	2909605	2
8539588	8539587	1
3644013	3644025	1
8580900	8580899	2
12129123	12031736	2
12417893	12417894	1
282848	885240	1
6741960	6768939	1
8975825	8765969	1
8228274	8228173	1
2638299	2638300	1
5095253	5097742	2
1889325	1889326	1
12463535	12463127	1
10066587	10066781	1
10602831	10602832	1
4007784	4008832	1
3575046	3575045	1
7443164	7443163	1
5665922	5665921	1
7691461	2089051	1
5283809	5368110	1
11753660	11753659	1
3956557	3956558	1
10582530	10582529	1
12264408	12270388	2
2278422	2278445	1
11963501	11963502	1
1429845	1431499	1
7900763	7900764	1
2927339	2840539	1
5784206	5784205	1
10186523	10186524	1
11346331	11308029	2
7070332	10546141	2
7718366	7718136	1
9006343	9006344	1
10907467	10907468	1
11222054	11222053	2
798875	798813	2
2280074	2280081	1
5993350	5993372	1
1135458	1135469	1
11338038	11337261	1
9484923	9484924	1
2752387	2752372	1
1788126	1788125	1
3376631	3376632	1
9006809	9006810	1
8279972	8279971	1
5495163	5499554	1
12659867	12681957	1
10232889	10232884	1
1824896	1822716	1
3698675	3698676	1
10449735	10449774	1
1108283	1108284	1
3507314	3507300	1
10848197	10848668	1
4763240	4763286	1
787732	787731	1
10806227	10806228	1
4577180	4577179	1
2352944	2356576	1
7929758	7929647	1
3218870	3218688	1
179006	178921	1
5776610	5775733	1
3696208	3696205	1
6247492	6247122	1
1134991	1136081	1
7865976	7865975	1
117017	117018	1
3388050	3388049	1
2293117	2293120	1
6409536	6409535	1
925436	925435	1
4248952	4248992	1
7023611	7023631	2
10441962	10438719	2
10455515	10455516	2
3937591	3936045	1
467947	467948	1
6107016	6107015	1
2636729	2633721	1
4556763	4556789	1
1653964	1653937	1
6196829	6196897	2
11066919	11068066	1
10307496	10307495	2
6858952	7390303	1
5961554	5961815	1
9850503	9850504	1
11853107	11853108	1
1334236	1334235	2
8532191	8532192	1
3233661	3232718	1
7520411	7877251	1
5447186	5446818	2
6374645	6374622	2
264339	264342	3
3039574	3039573	1
54005	54117	1
3689893	3681938	1
11266236	11266233	2
708879	687064	1
630517	630518	1
2478417	2478418	1
5744695	5744463	1
5741361	5741381	1
7585196	7585195	1
253821	253831	1
11499362	7812313	1
6657612	6723845	2
5767862	5765726	1
6982158	6982157	2
9597223	9597224	1
12422717	12422718	1
8381692	8381691	2
8846316	8846315	1
5308856	5308855	2
7446303	7446311	1
9942163	9942157	1
9839999	11755848	1
10970131	10970132	1
4080194	4080191	1
5535010	5268767	1
10308231	10308232	2
12392857	12390740	1
6548905	6554620	1
1627905	8730811	1
7979440	7666239	1
11287224	11287253	1
5226782	5222091	1
1123537	1122695	1
4052567	4052323	1
9649224	9649223	1
8858380	8858377	1
8291240	8291239	1
399285	399286	1
12434415	12434416	1
8438337	8438297	1
6573830	6573829	1
7136352	7136351	2
8750472	8750611	1
3388619	3388620	1
3296945	3296946	1
11386033	11386034	1
9499741	9499813	1
10497160	10497517	1
4651352	4651351	1
6161327	6161328	1
9293708	9793176	1
11871281	3590042	1
3193319	3194697	1
6007639	6007640	1
7098957	7098958	1
7914249	7914416	1
10495111	10495112	1
11958612	11958560	1
3895426	3895425	1
1923862	1924078	1
5713455	5713456	1
5538586	5538999	1
8796406	8796405	1
3626764	3618107	1
4358750	4358749	1
695892	695859	1
2322574	2323770	2
1049128	1049125	1
7738754	7738753	1
2480243	2480244	1
5410391	5410392	1
5525023	5434620	1
1017783	1017826	1
1395188	1395187	1
10870297	10870277	1
12450115	12450081	1
3506710	3559142	1
373873	373879	1
2324557	2324660	1
7619721	7619722	1
615945	615946	1
3985893	3985894	1
1398571	1398003	2
4479194	4478401	1
7309651	7303320	1
948413	948414	1
2719423	2719424	1
7878047	7878660	1
7186935	7186936	2
6393290	6393289	1
10582895	10582896	1
5242027	5241768	1
11548733	11516555	1
9682183	9682184	1
7466703	7466687	1
10148596	10148956	1
4731155	4731156	2
6936084	6936081	1
12686103	12668282	1
7106982	6972293	1
1738611	1745170	2
9548403	9802040	3
8792889	8792890	2
4910557	4910558	1
9262555	9262603	1
4476230	4476238	1
585926	585911	1
7802955	7802956	1
780804	780675	1
2956784	2956693	1
3964031	3964032	1
3704138	3704169	3
3977302	3977301	1
1668102	1668101	3
7820362	7819534	1
12256890	12256889	1
9927388	9927387	1
4214983	4214984	1
12458794	12458793	1
1976371	1976372	1
448298	448684	1
2445014	2444145	1
9463734	9463395	1
10467444	10467443	1
2073433	860743	2
1425019	1425022	1
4751028	4737706	1
7488446	7488445	1
7989833	7989834	1
10579051	10579052	1
1580294	1580291	1
2935906	2718456	2
7205882	7205881	2
5476696	5476695	1
279938	277719	1
7835089	7835237	1
2575460	2582705	1
7797148	7797147	1
10645245	10645311	1
963339	963340	1
99394	99422	2
3215352	3215351	1
1357888	1357915	1
12550065	12565812	1
5207902	5207901	1
9093966	9093974	3
11871734	11871737	1
6946601	6946602	2
8452532	8452531	1
8794672	8794653	1
12324736	12337077	1
6538771	6538772	1
4402614	4402613	1
3722555	3722556	1
6587450	6587147	1
6125126	10824971	1
4678304	4678303	1
4122182	4122181	1
10504461	4906550	1
6370824	6370823	5
4851798	4851795	1
2246201	2246202	1
10045995	10045996	1
10286371	10286372	1
4044162	4044161	2
11249995	11249998	1
10988731	10989645	1
6693322	6693285	1
8432050	8432049	1
9055342	9173844	1
5422501	5422504	1
7682399	7682822	1
2941089	2941090	1
4559701	4559704	1
11793709	11895050	1
12244613	12244599	1
5748512	5748511	1
1167727	1167728	1
11587431	11587642	1
8517795	8518452	1
7256079	7256406	1
4083136	4083135	1
5666248	5664775	1
8011473	8011509	3
6849989	6849992	1
497441	497798	1
7680370	7680369	1
2953656	2957402	1
5094674	5094673	2
7660152	3732916	1
4654232	4654231	1
6233915	6233916	1
854364	888117	1
337094	336910	1
11970134	11969181	1
11670784	11670406	2
157643	152490	1
10171581	10171584	2
10125002	10125001	1
2489106	2489103	2
8620554	2346061	1
1037766	1037765	1
10617571	10614934	1
305833	107403	1
5142682	5143105	1
11876514	11876509	1
7381477	7381478	2
4441623	4441624	2
2366686	2366685	1
9064393	9064394	1
12800706	12800625	1
1997979	7712965	1
4734306	4735165	1
2340465	2340466	1
9684123	9684124	1
5891662	5891661	1
1170427	1170528	1
4793278	4793277	1
10814321	10814322	1
1659362	1659361	1
6562679	6562680	1
870553	870494	1
3575195	3573187	1
7685702	7685701	1
8373184	8373183	1
3265550	3265549	1
7070047	7070127	1
10700497	10700498	1
6106463	6106924	1
3700755	3700756	1
9825213	9825214	2
7820386	11371477	1
7762386	7505395	1
5499089	5499090	1
2736429	2739250	1
10769687	10769688	1
4957832	4957831	1
7972198	7972193	1
200200	200199	1
5217819	5217820	1
1105880	1106192	2
4080655	5163866	1
7908799	7908837	2
7641486	7645786	1
6157961	6157962	1
1279923	1279924	1
10215145	10215146	1
11434988	11434337	2
11844438	11845794	1
7532392	7473508	1
9062932	9121107	1
4250866	4325112	1
922528	51401	2
4023410	4023340	1
8758163	8758164	1
2114482	2114496	1
265187	265188	1
1563073	1563074	2
5407601	5407602	1
10954239	10960050	1
8570131	8567844	1
2228122	2228117	1
6057799	6075404	1
6835742	6835713	1
2428367	2420745	2
10636884	10637114	1
7319087	7319088	1
6874980	6874483	2
4771715	4771716	2
8107227	1534755	1
5730389	5730390	2
2424268	2424249	3
9537756	9537755	1
8986890	7485763	1
2345039	2345975	1
3237341	3235180	1
6069488	6069475	1
5801018	5800902	3
11905305	11905306	1
3478150	3478152	1
1851810	1851809	1
11753752	4941951	1
3820734	3820739	1
11862505	11862506	2
7280764	7280725	3
8677810	8681324	1
2981821	2981861	1
12660779	12660782	1
11888890	11888817	1
10199477	10199335	1
11525678	11526108	1
9516471	9516472	1
4595048	4595047	1
9347810	9347809	2
3250868	12717980	1
5723214	5723209	1
665945	665925	1
5806710	5808212	1
5477482	5477653	2
10652914	10652862	1
7941835	7941836	1
3824457	3824452	2
7921673	7921674	1
9974659	9974660	1
453139	453140	3
9365289	9368499	1
12698076	12698075	1
6864752	6863858	1
8046311	11669261	1
153769	154522	1
1538199	1206267	1
12388275	12388477	1
3703173	3703174	2
5016584	5016583	1
4817855	4817858	1
1415480	1415479	1
500633	108118	1
627730	628465	1
344060	344043	1
1705993	8107235	1
9576308	9576455	1
12289959	12290034	1
9076657	9076660	1
7104161	7104164	1
11985615	11985616	2
11455632	11429884	1
5839007	5839009	1
6535990	6535997	1
10038259	10039861	1
7141154	7140779	1
6286424	6290333	1
10202743	10202722	1
12184049	12184050	2
9741881	9741882	1
8402828	8402827	1
10240634	10239923	1
3128403	3131410	2
7761910	7761902	2
2801081	2801082	2
2676755	2638744	2
8075650	8075649	2
9985882	9985881	2
12671841	3129043	1
5473128	5473118	1
4263762	4254868	1
7277045	7276508	1
4561663	4561664	1
74286	74285	1
5959095	5959096	1
3123701	3125966	1
8846314	8846313	2
12642530	12642529	2
9619673	9632691	1
6401357	6399413	2
6055472	6057305	1
5424437	5424506	1
3651556	3648019	3
11787905	11787943	1
3547089	3547090	2
6784314	7255107	1
8149008	8110360	1
8779694	8779319	1
1509380	1516008	2
7916135	7916136	1
5579639	5579640	1
10540438	10564181	1
9155042	9155045	1
6008693	6008694	2
11907423	11907424	2
5500705	5502596	3
1868871	1868872	1
4638987	4635399	1
2361286	2361285	1
10704919	10704935	1
6314469	6314470	1
7025650	7025702	1
11272450	11274063	1
1117975	1118025	1
346509	346510	1
9270301	9271387	1
4568340	4568094	1
9146925	9146147	1
1305427	1305428	1
1898261	1896888	1
10796915	10796916	1
12055621	12055699	1
5809828	8282114	1
399287	399288	1
4617696	4617654	2
1395215	1395366	1
3317710	3317709	1
12463189	12463190	2
11784078	11784118	1
8306609	8095513	1
10132919	10132920	1
58851	58852	1
1652226	1652505	1
11767371	11767372	1
1461127	1461128	1
1869442	1869588	2
6684333	6684321	1
8152398	8244570	1
11978926	11978925	1
7240428	6749013	1
6590325	6590326	1
12572959	12570248	1
9976377	9976378	1
10039311	10039392	1
1825387	1825388	1
7333360	7333699	2
4467101	4467117	1
4723633	4723634	5
5364138	5364137	3
2783334	2783333	1
5010502	5010501	1
1928770	1928769	1
6363239	6391403	1
358886	358734	2
10920882	10920881	1
12459127	12459128	2
964487	964591	1
10181743	10181738	1
8075648	8075730	2
4557412	4557346	2
9001915	9001902	1
10510943	10511070	1
2832829	2832830	1
10387221	10387222	2
7942649	7942650	1
6168821	6168791	2
7745536	7745539	1
3903870	3903869	2
264163	264164	2
6700848	6718889	2
4089147	4089148	1
11743340	11743339	1
11391964	11391963	1
2631117	2631118	1
2480506	2480503	1
11763819	10209537	2
9028189	9028051	1
12043377	12044065	1
7115463	7115466	2
2654042	2654046	1
1790762	1790761	2
5820562	5820559	1
7995034	7995033	1
6801080	6801044	1
12429460	12429473	1
5413466	5413380	1
3155061	3155062	1
4458609	4458610	1
9470366	9475718	1
9486874	9486862	2
2568243	2566783	1
8173720	8175849	1
11735468	11735815	1
10549728	10549727	1
10268031	10269930	1
2163764	2171010	1
5068105	5068234	1
8863331	8863407	1
3680529	3680530	1
4301773	4301774	1
7109776	7138570	1
1331255	1331256	1
10100107	10100097	1
1382463	1382467	1
248153	248154	1
5739209	5718065	1
3922138	3922137	2
8212460	8212459	1
7595947	7595948	1
10346970	10349590	1
9270102	9270099	2
9283024	9276006	1
3801960	3800340	1
10097950	4337682	1
9355800	6760310	1
7724965	7724966	1
180169	3133832	1
6458950	6458949	1
11324562	11324561	1
1899796	1899994	1
7450110	7450290	1
2754199	2752582	1
7947123	7947124	1
11267204	11267193	1
7669585	7669580	1
7986432	7986651	1
7719970	7719969	1
3206934	3207617	1
924862	924861	1
5088521	5088538	2
7252870	7252869	1
6903776	6903629	1
6941545	6941503	1
10645577	7580684	1
11601405	11601406	1
5656282	5658570	1
675358	675248	1
12643401	12643243	1
4818064	4818061	2
9062312	9062291	1
8881675	8880853	2
7667404	7667403	1
3575541	3575544	1
11448148	11448147	1
4538787	4538788	1
5960086	5960085	1
9138972	9138971	1
3117250	3117249	1
11538835	10255509	1
10663112	10663107	1
405865	405866	1
12790571	12790576	1
1722618	1722915	1
3598610	3598609	1
10612695	10607184	2
10453970	10453969	2
11875696	11875693	1
7841417	7841559	1
4059186	4059179	1
4022158	4022157	1
4028112	4028111	2
5959527	5959553	2
11679526	11679525	1
1588051	1588065	2
2010588	2010587	1
10392724	9810589	1
9171649	9171650	1
1618487	1622984	1
3089169	3089170	1
7851450	7850366	1
3031869	3031870	1
4189596	4189593	2
7274113	7274114	1
5043583	5043239	1
7532826	2417851	1
10190498	10190345	1
8769506	8769505	1
7670292	7669837	1
2713611	2713612	1
5673971	5673972	1
5115761	6211075	1
8754696	8754699	1
1527195	1527276	1
10336773	10336616	1
2592045	2592046	1
10016473	10016474	1
9538302	9538284	1
10986497	10986498	2
2411408	2411732	1
10494251	10495995	1
2116082	2116079	1
4810649	4810644	1
1105211	1105212	1
12785972	12226669	1
1244684	1244215	1
9258556	9258553	2
3981358	3979854	1
893602	893601	1
7812281	7812282	1
5044614	5044613	1
10647377	10647378	2
7009231	7109049	1
9984452	9986185	1
12154573	12154574	1
4583780	4583779	2
11437744	11437743	1
11712527	11712530	2
11874448	11874447	1
5882155	5882156	2
3270176	3270175	1
1109550	1109549	1
8418508	8418507	1
7920253	7812280	1
8650145	8648740	1
19174	19109	1
4338958	4344597	1
1656762	1656761	1
3752336	3752335	1
6802860	6802859	1
3390160	3390159	1
3167067	3165618	1
6102098	6102097	2
11970136	11970135	2
6041853	6041842	1
6614794	6616561	1
690748	5800437	1
12183674	12183673	1
6750001	6750002	1
781911	781994	1
4392068	6430580	3
12035498	12035484	1
2293119	2293120	2
11695925	11695926	1
1263726	1263734	1
3106447	3106448	1
10848557	10848558	2
7706066	7706065	1
9314989	9314834	1
1556445	1556446	1
3533963	3533987	2
3104812	3104811	1
2336264	2335880	1
11990997	11991033	1
8660318	8660317	1
1022819	1022820	1
7290664	7290637	1
4147348	4146480	1
1098078	1098077	1
9977877	9977878	1
7963563	7963565	1
268515	268516	1
3946176	3946175	1
11695390	11695389	1
3143043	3143048	1
9619532	9619885	1
8361799	8361873	1
7447603	7447604	3
8679804	8679803	1
7541697	7541688	2
5151499	5151042	1
6259029	6259025	2
12472811	12472748	1
2834252	2834005	1
1197567	10311760	1
2975688	2975667	2
4387269	4381894	1
1345698	1345697	1
1033582	1033581	2
10378127	10379098	1
9767686	9767689	1
12473818	12474062	1
5801374	5801373	2
10977792	10981383	1
9743688	9018110	1
12250508	12250223	1
6964213	6964216	1
12283036	12283035	1
4160626	4160625	1
6982805	6982808	4
11039964	11039961	2
3193519	3193520	2
3962787	3962788	2
467943	467944	2
6812020	6811989	1
10630772	10630771	1
10716490	10716468	2
5495161	5499556	1
12427125	12427126	2
7137556	7137569	1
7543031	7543048	1
10763898	10763901	2
11745823	9919199	1
7709957	7709960	1
10094719	10094720	1
1449025	1449049	2
1728528	1728438	1
11380901	11380902	1
10509286	10509285	1
8192804	8192803	2
4694489	4694247	2
12446989	12439246	1
333212	333221	1
3216048	3215996	1
9129310	9131893	1
6087366	6087351	1
4071195	3745498	1
94426	94425	1
12187903	12204469	2
10669975	10669980	1
7974463	7974464	2
8222037	8222038	2
428397	428398	2
5800918	5806221	1
2106483	2106484	1
11623325	11306618	1
11470176	11470159	1
4794344	4793069	1
10276073	9981304	1
3101707	3101710	1
10507436	10507435	1
11943285	11943286	2
2961150	2961149	1
5679857	5679858	1
437441	437442	2
8876887	8876888	1
8283613	8283614	1
4618920	4618608	2
5347362	5347574	1
9584237	9252386	1
1391721	1391699	1
8959158	8959039	1
5021793	5021794	1
8894544	8894543	1
10500574	10500860	1
8649392	8651577	1
1013335	1013336	1
12204190	12204189	1
4430046	4429985	1
3966945	3966960	1
6053177	6053178	1
8516488	8516832	1
3050483	3050484	1
3105262	3104635	1
7684427	7684428	1
3128127	3127268	1
7902820	7902268	1
2039366	2039364	1
10263887	10263888	1
3929009	3932097	1
3743784	3743783	1
2486099	2486096	1
10159324	10162151	1
9168321	9168322	1
1299965	1299970	1
8279221	8279222	1
5843519	5843520	1
11220780	11220768	1
6125691	6125930	1
254593	254587	1
7490147	7490148	1
11666259	11666297	2
4278589	4278590	1
1276181	1276685	1
2262071	2124164	1
8461425	8461426	2
4153778	4153777	1
9959166	9959165	1
2976041	2976112	1
11379035	7050716	1
12756442	12740343	1
7017739	7017221	1
7319567	7319568	1
8785711	8785712	2
10177281	10177282	1
11401907	11401908	1
10534238	10534235	2
12431266	12431218	1
6695126	10297961	1
7651063	7651064	1
378547	378548	2
6578566	6578565	1
4106847	9502999	1
4009484	6500471	1
5501906	5501904	1
474633	474634	1
12737689	12737690	1
353344	3249867	1
7821068	7821067	1
8530893	8530894	1
6180799	6180800	4
11662663	11662664	1
1358648	1358647	1
8494009	8494010	2
8279110	8279113	1
10312289	10312293	1
6412680	6412679	1
10354901	10355399	1
883298	883016	2
4279833	4279925	1
982832	982831	1
5236703	5244414	1
11501467	11501468	1
7806036	7806035	1
9482921	9482927	2
9545845	9545824	1
8956065	8956066	1
11675307	11669547	1
2602047	2602048	1
4687817	4687818	2
6198430	6198427	1
12778549	12778693	3
3257484	3257483	1
12204446	12204445	1
9881103	9881105	1
1458156	1458155	2
3477246	3476769	1
8642304	8642303	1
7668558	7668557	2
7623479	7618606	1
3157827	3157828	1
5511585	5511586	1
9463827	9463881	1
12472396	12472393	1
7679648	7679647	1
3199500	3199499	1
7899993	7899994	1
9765291	9765292	2
8294072	8294071	1
7804304	7804301	1
7900486	7900453	2
11286988	11286987	1
1077273	1077274	1
4256913	4257007	1
5589623	5589624	1
10641639	10641658	1
7193204	7193207	1
5764263	6023748	1
10082655	10083286	1
6909418	6909415	1
10876470	280061	1
361677	3311445	2
2718639	7374591	2
9298630	9300544	2
6078884	6078883	1
10749633	10749622	2
9815215	9815216	1
7525773	7525691	1
6436486	6436485	1
4678079	4678082	1
1769534	1768919	1
9391440	9391439	1
9295368	9295367	2
11891313	11813208	2
4849611	4849612	1
809099	809618	1
7911080	7911175	1
7011596	7011595	1
1568951	1568952	1
8556638	8556643	1
10935568	10935565	1
6362622	6361124	1
3481209	3482025	1
4557523	4557598	1
6340663	6334527	1
10735050	10735053	1
5606271	5606750	1
435942	434717	2
10736057	10736058	2
8479837	8486265	1
6658603	6662771	1
6391441	6391444	1
1764153	1763848	3
10252905	10252906	2
10768909	10768910	1
11097049	11097050	1
4715570	4714816	1
10144458	10144457	1
936942	931540	1
11584396	11584395	1
10402679	10402688	1
3880665	3880668	1
6158870	6158869	2
5951916	5956016	2
3630052	3629324	1
1602955	1602956	1
10081198	4602079	1
4500824	10103577	1
8675167	8675168	1
4043704	4043703	1
9565509	9565510	1
10552896	10552975	1
11519198	11519197	1
11583940	11583959	1
356617	356618	2
7164962	7164986	1
1513219	1512229	1
3323382	3323687	1
6568160	6568157	1
6475280	6473927	1
3389163	3389164	2
7264660	7264384	1
2957454	2957453	2
1485776	1485775	1
3544477	3544472	2
7000411	7000745	1
8029401	8006565	1
5706061	5706062	1
6534355	6534356	3
4257777	4257778	3
402635	400594	1
91751	91746	1
6570889	6570890	2
9447210	9447209	1
3772968	3777283	1
2594952	2595528	1
6776064	6774703	1
10549114	10549117	3
984042	984118	1
81258	82909	2
11799628	4124831	1
10912220	10912219	1
12524158	12524157	1
4203573	4203576	1
3881227	3881228	2
5126590	5126589	2
6137048	6137047	1
1987300	1987295	1
7823898	7823897	2
12239739	12239740	1
8965423	8965424	1
9775111	9775112	2
12557781	12556206	1
5556063	5556064	1
4545336	4715075	2
6068579	6068580	1
3316816	3318103	1
110834	110833	2
5977754	5977751	1
9721853	9721854	1
4629659	4629660	1
11218842	11035708	1
2816284	2816277	1
565522	565521	1
11611403	11611404	1
12464667	12464008	1
4346253	4338133	1
5244875	5242833	1
7878671	7878672	1
10608743	10608744	1
11385362	11385434	1
1378305	1379775	2
8969695	8969403	2
3374450	3378577	1
9123661	9123721	1
1107598	10357700	1
8049349	8049256	1
8733912	8733911	3
12316841	12316842	1
10909909	10909910	1
4378052	4378037	1
7004502	7003800	1
2433419	2433420	1
9300632	9300631	2
9470715	9470716	1
4044273	4044274	1
626652	2499996	1
8505568	8529231	1
8873859	8873860	1
6941101	6941089	2
5157438	5157434	1
10983764	10983763	2
10197261	10197262	1
1242837	1242838	1
831193	820345	1
2477506	2549074	1
8764143	8764438	1
7888124	7888123	1
6024889	6024890	1
8422035	8421931	1
10439799	10439802	1
11468363	11468364	1
2330092	2330091	1
2316479	2316458	2
3945055	3945085	1
9232131	9232123	1
5611163	5611164	2
5161009	5161010	1
12423557	12423558	2
3262758	3263297	1
5923730	5923561	1
2667249	2666955	1
4470061	4257453	1
12239737	12239738	1
12318048	12318047	2
6643414	6643451	1
2429949	2429955	1
11832581	11832051	1
7437273	7437034	1
1480052	1480051	1
10459172	10427653	1
2323231	2323232	1
8576030	8576029	1
8631410	8629262	1
11808500	11808499	1
12293900	12293899	2
5057995	5057996	1
1674137	1677841	1
791662	791661	2
7867554	7867802	1
2961272	3084308	1
5803808	5810691	1
257210	257209	2
12248337	12248338	1
5020028	5020047	1
2887648	2887647	2
6434001	6434002	1
8783240	8783239	1
10983237	10931010	1
8452630	8452629	1
9519786	9519785	1
12194376	12194375	1
9276058	9276025	1
6402723	6402724	1
9849440	9849437	1
10250053	10250054	1
7276710	885076	1
5472471	5472472	1
6194668	6194667	1
3078438	3072312	1
8547196	8547142	2
7337817	7337818	1
7733391	7733392	1
5125127	5125128	1
6548595	6548596	1
11808030	11808003	1
3947191	3391100	1
7085563	6870967	1
8441498	8441465	2
6206810	6206807	1
1315596	1315741	1
8211594	8211593	2
1256935	1258414	1
1606370	1606342	1
291996	291993	1
9248887	9248888	2
8866867	8866868	3
5573434	5575641	2
10121383	4350169	1
1530452	1530443	1
2345935	2345899	1
11828626	11828625	1
9083094	9083093	1
6513270	6513839	2
302818	302686	2
895879	895880	1
11877377	11877378	1
1038271	1038279	1
2703295	2703281	1
7505503	7505504	1
6712652	6712643	1
11787733	11884387	1
6778648	6778647	1
8381055	8381056	1
9192919	9192920	1
5129176	5129775	2
6151203	6151204	1
6840994	6840660	1
2661739	2661740	1
8826323	8826707	1
1613708	1613705	1
10907586	10907214	1
6876404	6876401	1
7312203	7312204	2
7102199	7018325	1
12208467	12208462	1
3245617	3245586	2
7473610	7473609	1
6993404	6988658	1
8026488	8026485	1
335173	335176	1
11741817	11738372	1
1659648	1659526	1
8280968	8280965	1
7238196	7238195	2
393474	393473	1
2827005	2827029	1
8741208	8741207	2
7724896	7703803	1
7611533	7611434	1
9617674	9617586	1
1029787	1029817	1
10876708	10876707	4
4684818	4681200	1
9821191	9821220	1
10873422	10873421	1
10938333	10938790	1
9657187	9657188	1
267630	272802	1
8300403	8106613	1
1971583	1971584	2
6067341	6067342	1
10425194	10459221	2
1248938	1248935	2
11619645	11619646	1
11546666	11546665	1
572965	571723	1
8618460	8618459	1
3090338	3090378	1
2256155	2256080	1
10907485	10907505	1
2567411	2567407	1
11310555	11618991	1
5598855	5598856	2
10997571	10998190	1
3910118	3910117	1
4813777	4813778	1
6788037	6788018	1
8762967	8763305	1
7550062	7550000	2
1591822	1591821	1
826028	826027	2
8278523	8268460	1
10777134	10777133	1
4802147	4802150	1
5949808	5949802	1
9745872	9745821	2
9885365	9885906	1
173606	174139	1
10372104	10361047	1
3336435	3329718	2
10463197	10463198	1
2960138	2960137	1
8424860	8424851	1
3516933	3504416	1
4734727	4734728	1
2261668	2261667	2
5981619	5981573	1
2758630	2758688	1
12449670	12448281	1
3165245	3165207	1
7094751	7094752	1
2443503	2442244	1
11998331	11998363	1
9359230	9359229	1
6380757	6381035	1
1132476	1132475	2
6277547	6276554	1
8995546	8995575	2
10192754	10192749	1
4348476	4348475	1
3752464	3752463	2
12037603	12037604	1
3948583	3948596	1
2816145	2815053	1
9299898	9299107	1
10261264	10261263	2
1449839	1449897	1
3237033	3237158	1
8817194	3593665	1
3827076	3826687	1
6561868	6561867	2
2349697	2349698	1
12560772	12560756	1
2580379	2580453	1
7932780	7931713	3
10983545	10982861	1
9623711	9623289	1
9670235	9670236	1
10716461	10717380	1
11148978	11148959	1
3273097	3273098	1
7744815	7760682	1
8002248	8002247	1
3391111	7696501	1
5537192	7925667	1
5877603	5877604	2
5828195	5828196	1
2373930	2373929	1
6757887	6757888	1
3599736	3590184	2
8922275	8922276	1
8812494	8812493	1
7841147	7841148	1
8489187	8489183	1
4338382	4338381	1
9042969	9032350	1
10680892	10680891	2
1208973	1208974	1
523231	523232	1
8906069	8906070	1
5587144	5587136	1
125190	125189	1
3607867	1077347	1
1199266	1199265	2
11140949	11140950	2
9067611	8979916	1
10096201	9963658	1
11715722	11708510	1
1493188	1493187	1
6545792	6545791	1
12337705	12416942	1
4738158	4739336	1
9601679	9601680	1
7327339	7327340	1
1468283	1468284	1
2590083	2590084	2
12456220	12456219	1
3475952	3475951	1
8544021	8545595	1
10734357	10735334	1
1129733	1129734	2
6046890	6047582	2
994604	994599	1
1229257	1229769	1
5718032	5718066	1
3977613	3259818	1
6581530	6581529	1
5927298	5927297	1
11999043	11999044	1
11558255	11557676	1
8415926	8416209	2
5650807	5650808	1
7751991	7649988	1
2814952	2814945	2
6028273	6028274	1
6866257	6866258	1
9433176	9433175	1
10756628	10496231	1
11985148	11985145	1
1393111	1393112	1
4989093	4989096	1
11688203	11688187	1
12427870	12427869	1
2003395	1996974	1
11016166	11016165	1
1834542	1834541	1
7022995	7022996	1
5783692	5783449	1
9845122	9845119	1
9864328	349444	1
9470009	9469950	1
12183170	12183169	1
4813537	4813538	3
2516529	2516530	1
656650	656653	1
8653143	8653144	1
10374409	10374419	1
3625997	3627039	1
8042366	8042365	1
7861478	7861477	1
7105843	7104166	1
10489644	1592750	1
5263007	5263008	3
4737779	4737703	1
2955116	2955115	1
4732444	8901088	1
6136781	6136262	1
5576661	5576662	1
11781206	11781205	2
10204520	10204519	1
9277412	9276219	1
7712261	7712304	1
1188709	1188710	1
7755961	7888624	1
7135037	7427872	1
10318944	10318943	1
6474305	6474306	1
8515795	8515779	1
6436087	6436226	2
6891989	6891990	1
3939926	3939925	2
6287765	6287766	2
6865884	6865949	1
4737681	4737848	1
9108347	9108317	1
5730642	5730639	1
7787124	7787030	2
3979543	3980607	1
2814942	2814966	1
1929031	1929032	1
7332830	7332829	1
8056724	8053352	2
4723631	4723632	2
14299	14300	1
8066394	8066391	1
9388032	9388031	2
971579	972166	1
8045899	8560934	3
4310554	4201491	1
4096246	3720770	1
11901906	11901807	1
4731374	4731373	1
10876867	10876563	2
2439614	2439720	1
10087815	10087816	2
9301160	9301159	2
7770204	7770203	1
5548196	5556187	1
3132916	3132915	2
7611802	7611605	1
344847	344848	1
10252369	10252370	2
11504722	11504736	1
4549577	4549578	1
5546603	5548768	1
11296743	7394222	1
7451603	7451814	1
3277663	3277664	1
7451228	7451227	1
11667801	11667802	1
8826640	9453186	2
132315	132009	1
1624353	1691258	1
2704149	2704150	2
10870219	10870223	1
9531748	9531747	1
7548549	7548486	2
5566999	5566854	1
4701390	4702031	2
1661820	1661819	1
9006689	9006690	1
12726538	12726537	1
5239609	8398810	1
11338938	11338937	1
9306025	6714159	2
8471656	8471653	1
3947338	3947337	2
7680260	7680233	1
10841545	10836779	1
8953958	9005466	1
2508865	2527994	1
1468160	1468537	2
2838258	2641674	1
7684959	7683405	2
7974489	7974274	1
9171029	9171056	1
11538341	4545996	2
10903383	10903464	3
5221402	5221401	2
6496861	6496862	1
5631367	5632947	1
11535471	11535472	1
8059727	8059728	2
7345620	7345794	1
954152	947702	1
12473031	12473178	1
10770702	10772610	1
2851159	2851160	1
12328509	12328504	1
1562515	10702717	1
5197560	5197503	1
5176314	5176313	1
6632119	6631170	1
7318552	7318545	1
7599628	7599627	2
10309486	1206644	1
8319190	8319189	1
3501454	3501453	1
4190530	4190522	1
9797676	9798867	1
9833677	3374260	1
7197023	7425120	1
12521431	12814667	2
7185970	7410427	2
7655848	7655845	1
4012111	4012085	1
12355140	12355131	1
2936456	2936455	2
3291849	3291387	2
12229951	12229952	1
1299331	1299332	1
3010269	3011709	1
12388262	12389033	1
7008181	7008251	1
8687719	8687720	2
9128914	9128913	1
1563386	8512801	1
8417565	8417523	1
11472280	11480813	2
3168181	3168182	1
3793675	3793676	1
3080309	3084737	1
12506483	12506484	2
467280	560220	1
6683538	6683067	1
6892672	6916575	1
1835842	1835841	2
10344381	10344155	1
8016409	8016410	2
12004767	12004768	2
12658383	3144943	1
7873601	7873602	1
5052544	8091257	1
9380454	9381275	1
4954765	4954766	1
9712554	9707928	1
5443342	5443333	1
4958018	4958017	1
4072712	3745940	1
7581455	7581436	1
3971296	3746788	1
9248383	9248384	3
8230859	8279391	1
8442269	8442164	1
12413723	12413857	1
5936378	5936377	2
11220541	11220542	1
7641890	7641889	1
6517276	7775487	1
8573815	8574609	1
6481367	6481303	1
6282579	6282516	1
2612874	2612873	2
7776032	7776029	1
3293746	3293745	1
3950925	3950601	1
1568294	1568323	1
7875169	7810847	1
11074062	11079366	1
650037	650038	2
10257747	5203538	1
11696401	11696402	1
11870497	11870498	1
2875338	2875337	1
1616457	1616530	1
9465439	7436400	1
11007594	11007679	1
1065904	1065802	1
9909723	9910014	1
6457237	6457183	1
2819051	2819052	1
4419013	4419014	2
10407559	10407560	1
8451628	8451627	1
3377437	3380600	2
12292094	12304990	1
6815490	6815489	1
1411120	1411592	1
10756043	10755790	1
1429573	1429574	1
11220780	11220766	2
6000332	6000331	1
6872113	6872114	1
1315129	1315130	1
3881229	3881232	2
7768587	7770205	1
3244548	3244972	2
1426248	1426247	2
6585420	6307189	1
4279831	4279832	1
4475901	4475532	2
6206969	6206970	1
12794519	12794520	1
801713	798107	2
9012135	9012136	1
6118387	6118388	2
7294409	11345774	1
6591542	6225565	1
11287482	11287481	1
2355462	2355461	1
7477651	7477637	1
6309241	6309242	1
11094306	11094298	1
7232673	7232674	1
7277043	7277044	1
1571124	1396555	1
11804996	11804995	1
8382195	8382754	1
376109	376098	1
11550852	11550839	1
3057768	3057767	1
11545352	11545351	1
12491042	11650103	1
7283551	7158021	1
4015484	4015483	1
5642277	5642278	1
9906409	10058179	1
3970779	3971148	1
7790722	7790721	1
11712954	11720847	1
8645842	8645841	1
7790006	7790027	1
1946397	1946398	1
6990736	6990735	2
7026652	7026648	1
12557594	12557551	1
8880086	8880096	1
5959850	5959847	1
12479559	12479562	1
5549584	5549579	1
11876516	11876509	1
11826321	11827333	1
12176131	12176132	1
887199	886845	1
10441489	10441490	1
59887	61058	1
2353261	2249854	2
9273949	9273950	1
2373911	2371898	3
5819389	5818114	1
7665585	7665586	2
3123906	3123798	1
9629907	9629937	1
11998974	11998973	1
10535305	10531348	1
7238568	7238567	2
5249508	5249926	1
8654332	8654331	1
200864	313861	1
12771536	12771535	1
11087757	11087807	1
1760088	1761165	1
3248557	3248558	1
9507303	9506893	1
6505238	6505237	1
1541637	1541553	1
7225914	7227074	1
1268781	1268782	1
3947289	3947304	3
2545699	1896989	1
9159569	9159046	2
5748927	5748928	1
6474043	6474044	1
10912795	10910178	1
9342417	9342119	1
10740577	10731857	2
7400964	3144865	1
4986518	4986517	1
3329195	3192787	1
6015696	6013751	2
780632	773779	1
9437479	9437480	2
6100822	6100821	1
6536766	6536752	1
245315	245316	1
9880236	9879837	1
8974584	5951297	2
4590245	4590246	1
1042391	1042392	1
3264618	3264617	1
11611401	11611402	1
8615275	8615276	2
3827982	3827981	1
8880004	8880003	1
7387079	6845927	1
4672172	4672171	1
4683497	4589475	1
3898876	3898875	3
7509023	7509024	1
11003583	11003607	1
4515944	4517458	1
12763028	12762989	1
10738844	10738517	1
12450857	12266979	1
2447108	2447076	1
6857803	6857804	1
10737761	10737679	2
2312663	2312664	1
9918578	9918577	1
5853238	5853237	1
1123053	1120420	1
4188370	4188494	1
4600288	4600287	1
9462686	9462095	1
10460365	1213142	1
4856062	4381021	1
7742770	7742769	1
6074375	6074378	1
6155997	6156374	1
2733447	2718725	1
4131735	4131557	1
7648247	7648248	2
10168871	10168872	1
9438591	9438592	1
9876984	9876983	1
12282043	12282046	1
11796472	11796471	1
3283633	3283599	1
5611316	5611315	1
4181189	4181190	2
1244630	1025975	1
9110752	9110751	1
6978964	6978955	2
11760579	11760582	1
4681397	4681844	1
7931877	7931878	1
9546711	9546712	1
7533011	7532990	1
8649939	11795360	1
3266072	3266071	1
7098706	7098705	1
3552043	3552044	1
5316648	5316630	1
1835938	1835936	1
3316809	3316810	1
6525566	6525985	1
7154304	7154303	1
9513507	9513935	1
1109122	1234013	1
11690978	11690957	1
10533199	1724956	2
3032674	3032673	1
11425324	11425318	1
637779	637780	1
2954159	2954160	4
6922612	6922611	1
4494198	4495313	1
6574864	6575221	2
12798338	12798153	1
9035244	9033605	2
920050	920047	1
11496046	11554719	2
5376051	5376052	1
9337186	9337658	1
7367969	7367994	1
4836446	4836080	2
2448042	2487371	1
2566986	2566985	1
3427153	3412940	1
6995349	6939983	1
1305429	1121209	1
6777094	6442799	1
6067337	6067338	2
12552183	12566247	2
8566023	8566024	1
6843709	6843909	1
2069589	2058674	1
245031	245032	1
8905999	9681997	1
8709163	8709164	2
4265357	4265358	1
11404834	11404833	1
1312314	1312313	2
10796463	11918945	2
792661	792670	1
1826800	1826799	2
1616646	1616522	1
9080143	9080144	1
2550918	2548404	1
7410300	7410260	1
9966015	9965998	1
1112192	1112006	2
2404028	2405049	1
88685	89716	1
10988406	10988391	1
248147	248148	1
4722775	4724458	2
4657645	4657628	1
2996086	2996085	1
7434740	7434739	1
4133212	4133211	1
4095982	4095977	1
5565767	5565710	1
5470019	5470020	1
2675097	2675098	1
5656284	5656283	4
3481576	3481177	1
6666380	6666379	1
4826431	4652602	1
1763849	1763850	2
4795092	4795080	1
5052001	5049506	1
10798961	10798962	1
11177632	11177631	1
8197625	8197660	3
673630	673569	1
11200965	11200466	1
317129	317121	1
8033506	7687924	1
8014637	8014545	1
12798084	12798081	1
9703498	9703502	2
8683279	8683280	1
10912381	10912382	1
8243639	8243640	1
7730101	7730102	1
10084008	10083948	1
736030	736357	1
10452	10451	1
1188804	1188779	1
4122768	4122767	1
1955185	1948282	1
7694250	7694764	1
11658731	11658802	1
8087660	8085550	1
3455697	3455698	1
11108670	11108656	1
1310029	1058715	1
6604948	6604945	1
7697131	7697132	1
7792620	7792619	1
1493893	1493894	1
3819222	3817068	1
8348398	8348118	1
11245037	11613885	1
6918051	6918052	1
5940497	5940504	1
9713426	9711364	2
5528287	5528196	1
11966466	11966463	1
3810737	3810738	1
5095981	5095982	1
5536643	7463090	1
12539088	12539087	1
10702204	10702231	1
7339493	7339494	1
11218470	11218469	1
12421334	12421480	1
2096148	2096147	1
12423181	12423182	1
8042585	8042635	1
11080049	11080050	1
12568155	12568174	1
6394121	6394122	2
8421174	8421171	1
5634563	5634564	1
1538311	1538312	1
3064526	3064525	1
11998468	9639725	1
10707902	10707901	1
10319634	10319633	1
10232885	10232872	1
1332413	1332414	1
1168189	1166156	1
12178799	12178800	1
5484712	5484701	1
5148764	5148763	2
6567102	6567086	2
5491347	5491348	1
370341	370363	1
1545463	1545464	1
8347254	8347271	1
1486750	1486749	1
8290394	8289229	2
7801536	7795673	2
3933024	3933023	1
11737589	11737590	3
9545858	9545045	1
5452038	5452091	1
1317288	1318865	1
11288492	11288491	1
1766645	1766640	2
6591476	6591475	1
12157330	12157329	1
11897907	11897910	3
8968378	9005901	1
10796359	10796362	1
308240	439437	2
9850348	9850347	1
7132067	7132068	1
8483336	8483072	1
6532371	6532372	1
991113	1000651	1
5376655	5376656	1
7900849	7900872	1
8461977	8462030	1
10990144	10990143	1
1161330	1160197	1
10076139	10076140	1
9020291	9020292	2
11030114	11030014	1
4701599	6793104	1
2961941	2961942	1
8493313	8493314	1
7803461	7803462	1
2096756	2096755	2
8822719	8822688	1
6572923	6572924	1
4573037	4573038	1
7816256	7816191	1
7627867	7627870	1
4768834	4768833	1
10302286	10302289	1
4867257	4867655	1
8373567	8373568	1
6396721	6396722	2
12410537	12410540	1
7017853	7017854	2
2088603	2088604	1
11183373	11183374	1
12661821	12661822	1
11083261	11083262	1
4112729	4112730	1
7696358	7696357	1
7080863	7080864	2
1608799	1608800	1
11434655	11434656	1
2251110	2251109	1
1518905	1518906	2
1174502	1174906	1
2448664	2448663	2
9927386	9927385	1
3126020	3124058	1
12508970	12508969	1
8517307	8517310	1
11727383	11727386	1
10941706	10941705	1
11735827	3809446	1
651218	652749	1
8664187	8664163	1
81487	91382	1
757587	757023	1
6337372	6337371	2
1364274	1364269	1
8187237	8187238	1
1076537	1076548	1
2891168	2890868	1
8874459	8873536	1
587130	587108	1
3238578	3238854	1
12634140	12634923	1
5847584	8355631	1
95595	95596	2
7000161	6999862	1
488792	488791	1
8158841	8158842	1
4507668	4507667	1
11863162	11863328	1
5287763	5287764	1
7392953	7386288	2
229908	229907	4
5894278	7393299	1
3936046	3936045	2
1653340	1653339	4
2890627	2890628	1
4295351	4295352	2
9288280	9288279	1
4039651	4039652	1
6285351	6285352	1
4365649	4366807	1
6678940	6679254	1
8826968	8826987	1
7092609	7092610	1
7886425	7886426	2
1391517	1391509	1
8555495	8079663	1
4587619	4587620	2
5494504	5494501	1
8798767	8798768	1
9097898	9097928	1
6456084	6447065	1
2566982	2566981	1
12718050	12718049	1
10096080	10096726	1
10244416	10244453	1
4597307	4597308	1
4615941	4615827	2
616848	616859	1
4553062	4553059	2
6423889	6426072	2
12122583	12120678	1
11825711	11825714	1
10757823	8015177	1
2751914	2751911	1
7156664	7156663	1
9861857	9861860	1
3357595	3357435	1
9467301	6868215	1
935576	934353	1
7282754	7282888	1
6666096	6664475	1
1240314	1240313	1
8342471	8342472	1
3473668	3473274	1
945396	945395	1
5375054	5375051	1
3551512	3551511	1
7909189	7918070	1
174079	174080	1
2415847	2415848	1
11561294	11656304	1
10340363	10340364	1
587151	587152	1
6798437	6795956	1
7447651	7447597	2
7936702	7936701	2
11423182	11423067	1
9180431	9180432	2
4748338	4748335	1
11587037	11587038	2
8082819	8084420	1
5968284	5968283	2
1367314	1366959	2
1301417	1301420	1
12029535	12029318	1
7650698	7650697	1
7548776	7548775	1
9999300	9999245	1
1623616	1624801	2
4367285	4367247	1
12365883	12365865	1
9191542	9185476	1
6205601	6205604	1
1280562	1280561	1
2593974	2593973	1
5457014	5457294	1
9879252	9884774	1
9088462	9088461	1
1955142	1955141	1
8050173	8050174	1
6442877	6440904	2
11518280	11306437	1
8050384	8050383	1
8066402	8066424	2
6010611	6010612	1
12367855	12368019	1
12553720	12553730	1
8445478	8445490	1
752092	752091	1
1071984	1822373	1
1549042	1549041	1
1624149	1624150	1
7624894	7624891	1
4607543	4607544	1
7109282	7109281	1
10081836	10081835	1
8699785	8694002	1
12592615	12592616	1
11985188	11985185	1
12416652	12416812	1
11097047	11097048	1
10513018	10512864	1
5773542	5773541	1
280979	280984	1
7710181	7710326	1
7896429	7896556	2
11863048	11862954	1
12654144	12653898	1
11906447	11907040	2
9375947	9376099	1
3757669	3757513	1
8017971	8017972	1
8601250	8601249	1
7200819	7200820	2
7374335	7374744	2
11970678	11970919	2
4654457	4654458	1
5998929	5999236	2
11182527	11181801	1
11318907	11318908	1
9692545	9692546	1
3824549	3824550	1
4377852	4377441	1
11044155	11044637	1
1871141	1871142	2
5848540	5848535	1
8785882	8785987	1
8152502	8152501	1
2784524	2784523	2
1774379	1772438	1
3220234	3220233	2
8815892	8815891	1
5512919	5512920	1
11232543	11232544	1
298358	298357	1
1316590	1316589	2
10789760	10789755	1
2817865	2817866	1
170613	170614	2
6522082	6522079	1
1712503	1712828	1
10271307	10271308	1
6850698	6850697	1
12784975	12785348	1
7386518	7386517	1
3042971	3042972	1
4407330	4407329	1
5634710	7386145	1
281605	281608	1
9568043	9568174	1
1353458	1353457	1
3263062	3263061	1
1219266	1218542	1
7032896	7032895	2
6404830	6404827	1
5413173	5413056	1
3262984	3262958	1
9948764	9948759	1
966537	966447	1
4486149	4486152	2
10689556	10688691	1
3962849	3963186	1
11915965	11919915	1
8777200	8776550	1
2371871	2372790	2
9473490	9473489	1
6790954	6790953	3
5730469	5730566	1
9088139	9088149	1
7261796	7261929	1
10726184	10722866	1
6086485	6086489	1
8975078	8975128	1
7038179	7038180	1
10312324	10312323	1
5779502	5779501	1
11597870	11599174	1
1579901	1580080	1
4687815	4687816	2
11480692	11480691	1
10126675	10126770	1
11376277	11376278	1
1992267	1992268	1
6665489	6662602	1
9249828	9250093	1
5544389	5544390	1
11275943	11275948	1
114094	115644	1
8078906	8078905	1
11041907	11041908	1
10698532	10698531	1
6623164	6623167	1
5208304	5208303	1
2384125	2384091	1
5060915	5060929	1
9508948	9510750	1
3157446	3157445	1
12473263	12473264	2
12191973	12191974	1
11445165	11445166	2
4860033	4860034	1
8014971	8014972	1
6287089	6286880	1
1072272	1048337	1
3390096	3390095	1
9696395	9625568	2
1086871	1091221	1
4240884	4240883	1
12123092	12123087	1
8053094	8053093	1
10326563	10326564	1
10156849	10156833	1
2035027	2035028	1
6429919	6429992	1
1722896	1722895	1
3266095	3266224	2
3922739	3922742	1
10953965	10953966	1
8590864	8590863	1
500376	500375	1
7899989	7899990	1
8703483	8703478	1
10832531	10832534	1
6634227	6634228	1
8956013	8956014	2
1384449	1384452	1
8560937	1915743	1
7506001	7746106	1
10753451	10352973	1
7157833	7157710	1
11519517	11519518	1
10318208	10318207	2
3828759	3828762	1
6310242	11516454	1
12459162	12459161	1
3104570	3104580	1
645951	645952	1
8795784	8867973	1
1138779	1138780	2
7447033	7447034	1
8032118	8032147	1
6463269	6463300	1
7201776	7201775	1
10041062	10041061	1
9436402	9436401	3
3041752	3041392	3
6024000	6023997	1
2316635	2316636	1
6812437	6812438	1
4783002	4611233	1
7149125	7149126	1
105653	105656	1
12544165	12544166	1
12400180	12400183	1
11338941	11612792	1
2266902	2266817	1
4376045	4376048	1
3557701	3557702	1
10833633	10833634	1
2390025	2390026	1
8791997	8791998	1
172296	172386	1
11985986	11985985	1
2433414	2433418	1
4831706	4831705	1
11232709	11233161	1
4270445	4270446	1
8561166	8561165	1
11957760	11960226	1
3467165	3467166	2
7885420	7885417	2
9014735	9003085	1
11254469	11228017	1
1064045	1331090	1
5922172	5922053	3
11702320	11702319	2
3359313	3359314	1
10169187	10169257	1
3660845	3660846	1
4539199	4539195	1
8355696	8355667	1
2559029	2559032	1
11383546	11383545	1
8056430	8056624	1
7546349	7898849	1
3857529	3857532	1
11323213	11323214	1
608391	608392	1
2948943	2669078	1
9709591	9707537	2
4990710	4990709	1
988357	988358	2
9032233	9030980	1
5362190	5362189	1
8428208	11040011	1
4118137	4118138	2
10811108	10811107	1
10121301	10120681	1
12629500	12629499	1
3600709	3572014	1
12197364	12197385	1
7768340	7768339	1
11867385	3736312	1
7658958	7658957	3
6649293	6649294	1
6757144	6757143	1
11330554	11331436	1
7688475	7688448	2
5544047	5544142	4
10189523	10189524	1
5071879	5071866	1
10217742	10217739	1
3499171	3521413	1
9438095	9438096	1
1061380	1061377	1
7528126	7528125	1
11704071	11704074	1
6929255	6929276	1
6568158	6568157	1
8441844	8441566	1
7907652	7907651	3
5094225	5400720	1
12279396	12279395	1
335171	335172	1
8046665	8046205	1
7648083	7757571	2
445386	445385	1
10385586	10385501	1
3256591	3256594	1
8438597	5596714	1
4852489	4680259	1
6070019	6070020	1
11080047	11080048	1
4217481	6429124	2
1170445	1169546	1
3388884	3388883	1
12814724	12814723	1
10078259	10078231	1
2899119	2899120	1
7584461	7584157	1
6980779	6980780	2
11876512	11876511	1
6740589	6740590	1
5272972	5273216	1
11407465	11407472	2
11346015	11346866	2
1389832	7002504	1
8083705	8083882	1
6179726	6179725	2
11859555	11859556	1
7470410	7470409	1
11407465	11407468	2
851456	851455	1
4878462	4878465	1
8001551	8001474	1
10477312	10476964	3
12366568	12363673	3
11640123	11640124	1
5203779	5203780	1
4029368	4029347	1
4649657	4649716	1
1711136	1711139	1
1101038	1101037	1
254506	254282	2
3049721	3049722	1
3006559	3006560	1
971681	971684	1
10605220	10605153	1
1567360	1564303	1
10455644	10455643	1
6109951	6109952	1
254508	254282	1
9651051	9651096	2
10082076	10100586	1
8242104	8242103	2
7587520	7587497	3
8247885	8247886	1
11694980	11694962	1
1399201	1399687	1
11540161	11540162	1
1903988	1906857	1
10186111	10186112	1
2316213	10913144	1
1181951	10402014	1
3646999	3647000	1
7278888	7278883	1
1056555	1056558	1
9744673	9744674	1
7132840	7132805	1
8570707	1162196	1
6413771	6413772	1
11392306	8025788	2
1168798	1168793	1
9585742	9585741	1
3888883	3887542	2
10507451	11288373	1
756699	756700	1
11686811	3590984	1
2903685	2903499	1
10460803	10460804	1
12496243	12496244	1
3044934	3198682	2
10817155	10817156	1
1713092	1713304	1
4828643	4828644	1
1064045	1064046	1
11910607	5047374	1
1580050	1580049	1
3964379	8892108	1
1775093	1775172	3
10258897	10258898	1
4116111	4116112	1
4032916	4032913	1
10030903	10030125	2
1446704	1446686	1
9061882	9061881	3
7909660	7909659	1
4652418	4652417	1
8850710	9519518	1
3613628	3613627	1
5415876	5415871	1
7966639	7966640	1
12640406	12640324	1
12189842	12184950	1
158375	158376	1
9943106	9943105	1
2842567	2842568	1
1339927	1468560	2
11426257	11425088	1
4336385	4336594	1
6439617	6439618	1
10714480	10714479	1
639479	639480	1
3338335	3338236	1
4644282	4637955	1
11287347	11287137	1
4038548	4038728	2
12606180	12606179	2
6985604	6986210	1
11990966	12810137	1
10199160	10199159	1
7865974	7865787	1
1725936	1725935	1
1239770	1239697	2
2162322	2162319	2
9007399	9007400	2
1071310	1069423	1
4702985	4702986	1
889334	889333	1
445033	445034	1
4717582	4717581	1
12182499	12182500	1
10911246	10911245	2
11085859	11084929	1
6592588	6578823	1
8823871	8823841	1
11817400	11817399	1
9303337	9303338	2
7552920	7707030	1
7776354	6513719	1
879487	879926	3
12151153	12151154	1
7258232	7257648	1
1180710	1180709	1
3821095	3821242	1
147150	152008	1
7961517	7961518	1
5993006	5993005	1
2487098	2485259	1
9834191	9834194	1
11635744	6838789	1
8556638	8556641	1
8076921	8076922	1
4248952	4248994	2
7851668	7851625	1
277135	277348	1
9667937	9667938	1
504866	504865	1
10343418	10343417	1
781083	781084	1
4171448	4170890	2
7351040	7351039	2
3191082	3191085	1
11405011	11405003	1
9096351	9096352	3
2596045	2596046	1
9328691	9328680	2
3744403	4060577	1
12665823	12651781	2
12438306	12438305	1
10604760	10604725	1
7686357	7687433	1
10588722	10588719	1
5076567	5076671	1
1782059	1782060	1
1465126	1464546	1
9860544	9860543	2
5092311	5397398	1
3381223	3381224	1
7191675	7191676	2
4778381	8902494	1
1101620	1101619	1
1679914	1679913	1
6558055	6558056	1
4143294	4143293	1
12250124	12250111	1
2442437	2442452	1
4803132	4803131	1
9831058	9831057	2
8860067	8860404	1
1037768	1037767	1
10918903	10918904	1
3438900	3438965	1
2747967	2747952	1
1832995	1833002	1
11812236	11812390	1
4018736	3745026	1
12423082	12423081	2
10495864	10495908	3
2814612	2816575	1
9361777	9361810	1
1531566	1534506	1
1541632	1541631	2
1472943	1472693	1
12651264	12651263	1
3341230	3341229	1
2228691	2228692	2
9760186	9760183	1
3329935	3329936	1
6373955	6373958	1
8790691	8790692	1
107100	103867	1
1000155	1000156	3
11150237	11150238	1
7363179	7363180	1
2736060	2736059	1
11671889	11674706	1
5275820	5275819	1
804046	804043	1
10347539	10347540	1
11838672	10797704	1
2103269	2077596	2
1389510	1389509	1
4604279	4604280	1
2480502	2480499	1
9700002	9732015	1
7989870	7989605	1
10235452	10237369	2
8996043	8996044	1
2342084	2342083	1
10483716	10483715	1
11993027	11993028	1
6374865	6606724	2
8269361	8269364	1
12626535	12626536	1
3925476	3925507	1
10189211	5019773	1
2900460	2900421	1
4473769	4473824	1
10232332	10232880	1
10278322	10278321	1
10081174	4601481	2
1589867	1589868	1
12351471	12351472	1
8652246	8633759	1
3407569	3407570	1
1712342	1712293	1
6078612	6078611	1
12155531	12194442	1
8253109	8252648	1
2510491	2510492	1
12476298	12476150	1
2556776	2483984	1
8737610	8742279	1
9300612	9300611	1
5580245	5580246	3
248149	248152	1
431944	431839	1
11239790	11239985	1
198700	221378	2
7797146	7797145	2
5708748	5708765	1
7195914	7195913	2
7214241	7214242	1
5577909	5577907	2
7420131	7420132	1
11598819	11598822	1
6228293	6228294	1
4742540	4742539	1
2340467	2340468	1
1790244	1790593	2
6751236	6751235	1
8747332	8758263	1
6118103	6118104	1
5136489	5136490	1
11763935	11763956	2
9634901	9634551	1
11307755	11307600	1
10273782	10273809	1
6677638	6677389	1
815725	815726	1
6084682	6084681	1
3905372	3905371	1
10403255	10403256	1
5960695	5939648	1
11090424	11090149	1
3468302	3468299	1
1011068	1011065	1
9599316	9599602	1
2305377	2305378	1
3371024	3370895	1
9634608	9634607	1
6476262	6556568	1
7002806	7002826	1
3690991	3690992	1
1718840	1718839	2
1984436	1984435	1
3656421	3656422	1
2603794	2603797	1
7689334	7689337	1
6230279	6230280	1
6294066	6294065	1
8515674	1577976	1
6560014	6542970	1
125606	125605	1
11459040	11459253	1
6881223	6883861	1
1391879	1392066	1
1210779	1210780	1
11975625	11975623	1
1449873	1449874	1
166252	196764	1
6386629	6386630	1
9948933	9948765	1
601266	601111	1
4272717	4272718	2
7455100	7455099	1
668404	668403	2
10742259	10742251	1
1722357	1722358	1
443675	443684	1
3254231	3252118	1
6755604	6755601	1
9775497	9775498	1
9565912	9565911	2
12120250	12120230	1
10253880	5203377	1
1511773	1511774	1
6436229	6436230	1
9566673	9566674	1
3727106	3727186	1
4010795	4010831	1
4990498	4990334	1
1591336	1591360	2
9128269	9126543	2
3314652	4000242	1
8511898	8511910	1
1456208	1456207	1
10971374	10971373	1
3460556	3462092	1
10313519	10313390	1
5559655	5555770	1
3654976	3654975	2
8705225	8705386	1
1018190	1018070	1
7672985	7672988	2
2470119	2470120	1
10898756	10898409	1
9437758	9437753	1
5045124	5045115	1
9498423	9498424	1
10467368	10465881	2
1376799	1376800	1
3297760	3293958	1
3601991	3559042	1
7119330	6856387	1
10871807	10871808	1
11312902	11312901	1
10160464	10160467	1
8750607	8750608	1
4347459	4347460	1
4342652	4337912	1
4957358	4957363	1
2600155	2600156	1
11255621	11255624	1
7097979	7098359	1
7011915	7011916	1
407150	407149	1
2208665	2208649	1
8897788	8897592	1
7604648	7597957	2
3301469	3301470	1
2706660	2706659	1
10260658	10260657	2
918120	927072	1
10002650	10002647	1
1831878	1831877	1
6768927	6768907	2
6152570	6152569	1
7386144	7386143	1
11995785	11995786	1
8418851	8418852	1
4617387	4617388	2
5882969	5882934	1
8302806	8302805	1
12386231	12386232	1
4222643	4219953	1
6888818	6888817	2
12607643	12607394	1
9988245	9988246	1
3388150	3388153	1
9566930	9566929	1
9916803	9916804	1
485739	485740	1
11885946	11886004	2
8078114	8110582	1
3852486	2767448	1
4911778	4911777	2
1748007	1748002	1
383101	383102	1
5883388	5886774	1
2272013	2272316	1
7313730	7313732	1
7738396	7738393	1
1287423	1287424	1
6558087	6558088	1
4672174	4672173	1
6612986	6612985	1
3081167	3081168	1
2054428	2054434	4
12789399	12789400	2
9728744	7603703	1
1952254	1947116	1
4102138	4102136	1
9361266	9361265	1
641710	641709	1
601878	270700	1
1626250	1451314	1
2370535	2370536	1
2826858	2826845	1
4188971	4189608	1
2441632	2443993	2
9717655	9717656	1
12607916	12607915	1
6433913	6433914	1
5341681	5341720	3
2118691	2120420	1
9585558	9585266	1
8197661	8197664	1
10190632	10190631	1
6513278	6513281	1
10133928	10133923	1
4879605	4879802	1
7245131	7245072	2
2373127	2373530	2
3552169	3552170	1
8295985	8295825	4
3976691	3976692	1
8406700	8406699	1
8166795	8311280	2
50272	51928	1
11462466	11462477	1
739068	739067	1
5445645	5445646	1
9109078	9109077	2
8225554	8225553	1
11160162	11073144	1
2355484	2357203	1
6328011	6328012	2
3731507	3731510	1
12204961	12204962	2
752047	752050	1
5517305	5517306	1
8488822	8488821	1
5382147	5381951	1
10157728	10149851	2
226043	226044	1
2211265	2210317	1
1985479	1982203	1
4381779	4382321	1
4589791	4589792	1
2894768	2894767	1
12768755	12768756	1
6959903	6959904	1
10153112	10153111	1
12423553	12423556	1
4953416	4953308	2
8767321	3481878	1
10492074	8018192	1
7594551	7594552	1
2330278	2330251	1
1011812	1011811	1
2884164	2893996	1
8247703	8247704	2
1259171	1261772	1
3388617	3388618	1
9287484	9287481	2
5547666	5547665	1
7538808	7538819	1
9534571	9534572	1
10028138	10028141	1
9102994	9103144	1
3311006	3311005	1
6934106	6934058	1
379408	379405	1
2946230	2946219	1
473615	475102	1
2228285	2214714	1
7664878	7758172	1
8249528	8228868	1
7588906	7588918	1
953331	956715	1
7955320	7955317	1
10961549	10961550	1
3531078	3530878	1
4234341	11713490	1
6693318	6693285	1
4704031	4702291	1
1321927	1321928	1
8706538	8706537	1
7247255	7239540	1
6209657	5826518	2
1995371	1995968	1
11831974	11832604	1
4500645	4500646	3
5966792	5966791	1
1108085	1108086	2
12295233	12295234	1
1797316	8376786	2
7935446	7935649	1
4264159	4615836	1
11884111	11884016	1
5408676	5408675	1
5350263	5336000	1
3354857	3355161	1
8089243	11854055	1
1069621	1069536	1
10943119	10977888	1
7503044	7503024	2
9017694	9017693	1
4759155	4759187	1
2001894	2001893	1
11038682	3116848	1
3297552	3297549	1
4174125	7955139	6
9757594	9758276	1
3274848	3274878	1
2927251	2927255	1
5849156	5849153	1
5096369	5399586	1
1285182	1285181	1
5192207	358650	1
68294	68293	1
7099818	5676491	1
760244	760231	3
7689962	10454676	1
4054849	4054850	1
3926302	3926301	1
2749377	2749394	1
7857702	7857705	1
4434039	4412402	1
7104841	7104842	1
6751657	6751628	1
4000424	4000423	1
4117240	4095126	1
11667296	11675629	1
993016	993018	1
6413064	6425997	1
2294597	2295074	2
4152439	4152440	1
8098109	8098192	1
4696964	4697329	2
11849438	11849437	1
7835229	7835793	1
297212	297185	1
8262602	8262582	1
8688572	8688571	1
12276236	12276373	2
2358644	2358399	1
234692	234691	1
11513908	11513923	1
9534569	9534570	2
6254936	6257070	2
3642411	3684447	1
9163299	9163300	1
10903801	10904010	1
7872885	7872603	1
8794255	8792858	1
6016483	6016500	2
6740467	6740468	3
7137748	7110142	1
10005291	10005292	1
12145288	12145287	1
4676623	4676624	1
11606513	11597673	2
5379412	5379882	1
7229932	7228560	1
10188400	10187912	1
9089694	9089670	1
11941607	11941458	1
10132952	10132977	1
6060503	6060504	2
10710155	10710156	1
7355023	7355024	1
2157629	2157630	2
6785709	6785712	1
3017641	3089335	1
2038574	2039235	1
9464368	9464365	1
10202220	10202447	1
11352478	11352926	1
11919331	11919332	1
5768966	5768440	1
954283	953228	1
6831865	6831868	1
2401296	2401335	1
2489479	2489480	1
2607712	2607711	1
12038595	12039491	1
11910461	11910462	1
8578099	8578108	1
6414435	6414472	1
4310791	4310794	1
7827200	7825606	1
1327323	1327324	1
2107210	2107209	1
3454427	3454428	1
5420021	5420030	1
1900273	1900274	1
5677158	5677425	1
6125273	6125274	1
5810341	5810342	1
4387267	4381894	1
9031620	9031705	1
1612214	1612213	1
6057942	6057941	1
9916577	9916578	2
5249935	5249936	1
3618820	3618819	2
352911	352819	1
7591290	7591393	1
4797140	4797139	2
4104836	4103866	1
9453075	9452711	1
7112775	7116114	1
8727376	8726969	1
3280418	3280417	1
2747152	2839853	2
5866264	5873362	1
7648251	7648254	2
1426713	1426734	1
4479450	4478768	1
1679641	1679560	2
7434988	7435088	1
3698922	3698921	1
7806591	7769879	2
5901457	5612658	1
954998	955066	1
8078400	12766910	1
10517179	10517182	1
3084833	3084834	1
2030436	2030439	1
7308206	7308205	1
3574385	3572020	1
2565208	2565574	1
891627	891628	3
5311205	5311194	3
4710940	4710939	1
7424584	7424591	2
10195396	10195109	1
6535671	6536843	1
2269793	2269768	1
12185087	12185116	1
11096947	11099480	1
1392091	1393799	1
1477703	1477704	1
5874074	5863827	1
2209953	2209954	1
3924945	3924946	1
2006534	2005363	1
12454400	12203496	2
9998266	9998185	1
9362548	9362255	1
8520483	8559650	1
401869	401888	1
1642979	1641526	1
7738570	7740224	1
5461574	5461573	2
8437579	5596050	1
12167168	12167259	2
1981507	1981508	1
4307932	4307931	1
5003406	4940774	1
10230189	10227210	1
9915679	9915680	1
12697335	12697336	3
3755350	3755459	1
663985	663986	1
2166094	2165681	1
9741879	9741880	3
10191567	10191568	1
7951496	7951498	1
961708	961707	1
9984934	9984924	3
4695097	4695098	2
1314100	10450195	1
7150867	7150868	2
7183982	7183981	1
1073432	1072474	2
7715262	7715285	1
2411405	1604946	1
2334127	2334128	1
2784157	2783960	1
6241037	6241038	1
11619996	11583981	1
11887116	11777964	1
4352119	4351955	1
3800203	4121356	2
1679112	1679575	2
1104696	1104695	1
1608439	1608440	1
11658391	11658393	2
2223522	2223518	1
8421932	8421931	1
9728	9660	1
2344889	2344901	1
11527995	11524682	1
10252903	10252904	2
3730760	3730759	1
1272979	1272982	1
4538769	4538803	1
3277122	3277121	3
7206110	7206140	1
10811485	10810283	1
7850628	12425770	1
12261679	12261680	2
6692043	6692044	2
7945207	7945199	1
37900	8922513	1
2600199	3470648	1
9488823	9488824	2
186108	186105	1
6443701	6443702	1
2751061	2751062	1
7648079	7648082	1
6078875	6078884	1
1447435	1447436	4
5829366	5829365	2
3392120	3392119	2
11412905	11412906	1
7120033	7120019	1
9552931	9561126	1
5875859	5875860	1
7227006	7228823	1
2260640	2260643	1
7397656	6000106	1
931135	931052	1
5721267	47108	1
11940035	11940054	1
4147921	4147889	1
7645359	7645834	2
4217656	4217655	1
6238118	6238117	1
8533992	8533991	2
6499689	6499692	1
7964958	7964957	1
5916130	5911184	1
11274246	11274245	1
7249855	7249856	3
5688821	5688822	1
6051200	6049059	1
7262708	7262705	1
12054518	12054279	1
11198170	11198173	1
9991094	9991093	2
11543097	11543100	2
1135807	1135808	1
9546680	9546679	1
9592911	9592914	1
3902973	3902974	2
7639983	7639984	2
1664790	1648763	1
11987635	12537057	1
1515709	1509404	2
3151247	3151250	1
5993008	5993007	1
636615	636616	1
4831710	4831709	1
7375359	7375750	2
6505406	6505666	1
12787945	12787946	1
1923192	1923187	1
4733009	4733012	1
784270	784269	2
7300711	7299603	1
10763911	10761894	1
10774927	10774809	1
9694315	9694316	1
8948313	9065515	1
8693713	8693714	1
1184751	1832452	1
1175084	1168877	1
8764673	8765407	1
1199192	1199221	1
6899051	6899103	1
6503095	6503096	1
8975212	8729705	1
3192788	3192787	1
5156283	5155619	1
3649653	4073631	1
11235151	11235152	1
4596594	4596593	1
2840120	2840119	3
953152	953149	1
11522459	11522460	1
3909263	3909266	1
3652374	3652373	1
5160307	5160308	1
10893589	10893590	2
842257	774968	1
884990	884989	2
6346938	6302381	1
739144	739147	1
9749740	9749739	1
1310341	1310342	1
10703573	10703541	1
4735285	4735286	1
8393138	8393137	1
2277228	2277225	2
2944401	2944402	1
12250208	12250207	2
6580873	6580874	1
8846426	8846423	1
12263874	12263823	1
53739	1462	2
8628083	8628084	1
11395767	11395768	1
4626549	4626550	1
9472449	9472450	1
3732709	3732710	1
11247895	11248530	2
5693461	5693462	1
10431387	10431388	1
7961896	7961895	1
12790875	12791489	1
10340247	10340248	1
12140473	12140482	1
10871172	10871316	1
9231638	4561662	1
6772983	6772951	1
11906838	11906837	1
5672314	5672691	1
10372169	10372170	1
4715625	4715629	2
4538091	4571474	1
12645097	12647742	1
9074340	9074339	2
8176801	8481657	1
4648849	4648850	2
5507255	5507256	1
9849612	9849598	1
8015384	8016541	1
1594873	1594792	1
7205741	7205731	1
2595131	11111335	1
4605981	4605982	1
6311920	6311930	1
12304017	12304020	2
8880801	8880802	1
5232746	5232663	1
9841103	9841159	1
2016299	2016300	1
5643402	5643401	1
10016022	10016024	1
10411544	10411543	1
2275509	2275510	1
11753728	11765681	1
9109076	9109071	1
10420305	10420306	1
12037601	12037602	1
11456667	11456668	1
5348171	5348172	1
6680936	6684095	1
6928102	6928101	1
12645590	12663752	1
831181	829107	1
11595956	11595980	1
6909025	6909026	2
1077248	1077932	3
5988036	5987474	1
11373095	11609699	1
7491741	7491761	1
5343150	5343149	1
3229371	3229372	1
7867134	7921891	2
3062632	4050247	1
10451100	10450289	1
4678630	4678629	1
4472221	4472467	2
9980902	9980901	2
8107602	8107601	1
2812347	2812348	1
8787591	8787858	1
8881735	8881736	1
7606005	7605302	1
3942916	3942876	1
9345982	9345981	2
7401989	7403168	1
266483	266486	1
9960596	9963998	1
3642862	3642870	2
2313951	2315887	1
10202588	10202633	1
4130424	7659335	3
5151412	5152232	1
1401089	1400900	1
9829984	9830211	1
3887901	3888869	3
9231511	9232248	1
3231013	3231016	1
2892912	2892929	1
1939515	1939516	1
3367801	3974929	1
8743715	8743716	1
5512267	5512268	1
881589	881590	1
3714754	3713960	2
9534253	9714979	1
1135749	1135750	1
3357532	3356026	1
3400479	3400480	1
1739807	1738894	1
10636280	10636591	1
4063024	4063011	2
10578655	10578660	2
10236125	10236085	2
10604186	10604203	1
10915012	10915011	1
4813775	4813776	1
837568	837567	1
7207861	7207864	1
3336459	3336460	1
1731282	1731281	1
12724280	12724298	1
4200718	4198287	1
653341	653342	1
10178365	10178366	1
1697932	1697931	2
2276523	2312447	1
8416181	1206787	1
1954179	1954180	1
1398730	1398729	1
12719086	12719085	2
4024456	4024455	1
5069775	5069778	1
8094668	8094665	2
5054784	5722797	2
5677025	5677026	1
6011853	6011873	1
8834258	8834257	2
2029153	2029154	2
5376355	5376356	1
9190406	9190007	1
11798385	11798388	1
1923509	1923510	1
9701826	9701825	2
3203613	3203616	2
5961384	5961383	1
4910559	4910560	1
1396965	1396718	1
2518541	2518542	3
370772	370771	2
8682887	8682888	1
2139101	2139115	1
6572714	6572813	1
4708796	4551797	1
4004031	4004032	1
5547607	5547169	1
11391503	11391504	3
9170121	9170124	1
9318042	9319057	2
11306255	11314590	1
5498266	5498265	1
10246457	10246458	1
12482446	12482289	1
12280568	12280978	1
7786941	7786942	1
1663149	1663150	1
3166220	3166141	2
186332	186331	2
3742493	3742496	1
7446459	7446460	1
6409534	6409531	1
697489	697490	2
6733430	6733465	1
7198863	7198881	1
2108577	2108578	1
8616901	8616969	1
5483356	5483355	1
6579714	6592490	1
11342450	11342449	1
8361265	8360297	1
10364715	10364716	2
3711181	3710134	2
5347276	5351115	1
5284733	5284734	1
6436737	6436738	1
1700966	1701261	1
11909012	11909011	1
11095512	11095509	1
12291478	10331956	1
3995885	3995886	1
5275865	5275866	1
7858094	11423373	1
141230	129635	1
2142018	2141204	1
2275597	2275615	1
12741112	12740985	1
7033078	7033077	1
11541971	11541972	1
12173729	12173730	1
11468577	11468578	1
8243332	8260930	1
8804855	8801528	2
1316172	1289183	1
4256956	4257182	1
8565803	8565804	1
11152520	11152519	1
8079836	8080439	1
6947068	6947067	1
2102539	2069066	1
7392803	7392804	1
5891605	5625269	1
9105108	9105888	1
4629362	4594206	1
5143816	5143815	1
4149466	1303368	1
2740152	10729647	1
11348655	11348656	1
6372061	6373059	1
1151302	1150282	1
7713937	7715491	1
1838247	1838258	1
583262	583261	2
1071786	1071788	1
2723022	2723021	1
1568188	1519151	1
12237505	12237506	1
4271237	4269623	1
3248360	3248359	1
10393354	10393353	3
8805254	8805253	1
5859958	5860119	1
10744285	10744286	2
188471	188472	1
11553099	11553102	1
10212219	10212220	1
9793105	9793091	1
398060	398059	1
11907017	11907018	1
9979174	9979624	1
2627260	12814146	1
3607299	3607302	1
6687471	6686822	1
3162289	3162290	1
5919841	5118622	1
4174301	4174303	1
3495405	7449421	1
7936779	7936780	1
3315358	3315357	1
7718135	7718636	1
11521216	11521215	1
2082748	2082776	1
10657086	10656529	1
2006516	2006193	1
6893721	6893722	1
8308950	8308949	1
1881175	1881176	1
611239	611240	1
7009167	7009176	1
10393585	10393633	1
508667	508668	2
7908161	7908470	1
6554352	6554351	1
8503842	8503841	1
7416341	1685537	2
2052307	2052308	1
9682655	9682656	2
12528717	12528434	1
11439384	11439383	1
11674179	11674180	1
2069124	2286687	1
10322731	10322639	1
12017819	12017820	1
11120030	11120027	1
1486176	1503105	1
4500705	4500062	1
7775059	7775062	1
6740220	6740243	1
204342	204354	2
7580032	7580045	1
5535612	5535643	1
1937873	1937874	1
10314028	10314004	1
4327630	4328134	1
7017855	7017858	1
5465141	5465142	1
9805102	9805101	2
3291868	3290082	2
7663026	7663023	1
11978937	11978938	1
7135844	7135835	1
5214046	5875426	1
376109	376096	2
1935591	1935592	1
4068786	4054844	1
7429357	6892062	1
4593947	4593948	1
9521093	9522876	1
7446492	7446490	1
2441893	2441894	1
4066861	4066862	1
9654240	9654239	1
3508645	9718494	1
12805736	12805735	1
7651005	7651006	1
12124509	12124512	2
6615860	6615859	1
9530937	9530938	1
2598463	10956781	1
6111365	6111366	1
2581791	2581792	1
4608906	4608905	1
8466426	8471357	1
8947238	8946823	4
6634322	6634321	1
6750833	6750834	1
12143388	12143387	1
8386614	8386613	1
1587098	1587097	1
11831503	11831504	1
7783250	5517940	1
6898308	6898307	1
8849461	5896473	1
1454896	1454895	1
7312540	7312537	1
11852600	11852599	1
3285439	3284583	1
3195092	3196180	1
7997975	7997947	1
9185212	9184914	2
11333621	11333622	2
3525280	3525253	3
7699169	7700037	1
993362	993662	1
1706663	1706664	1
9016624	9022356	1
4504590	10111836	1
9513004	9513009	1
11068973	11068974	1
5353242	5352667	1
3973274	3973372	1
6397203	6401430	1
5719425	5719426	3
8922435	8922436	2
4568125	4568126	1
10591334	10591367	1
5632384	5631207	1
5070019	5070020	1
3946946	3983177	1
3087270	3087677	1
773589	774869	1
7948378	7948374	1
5357136	5357476	1
12303267	12303268	1
5808335	5808336	2
959979	959946	1
3775790	3775789	1
12139827	12130624	1
8503914	8503917	1
11765046	11765043	1
4181925	4181928	1
7489911	7489919	1
10083595	4613405	1
1712304	1712303	1
3898448	3898183	1
2204216	2204215	1
873020	873019	1
6116258	5128254	1
7379999	7379978	1
3420751	3420752	1
2671454	2671453	1
10911145	10911146	1
614184	614181	1
10384274	10384271	1
3360438	3360460	1
1763816	1763845	1
11763650	11763649	1
827572	827571	1
7778945	7778946	1
143555	14650	1
10083543	10083544	1
6705036	6705035	1
11843436	11843435	1
3203666	3203361	1
9436347	9436314	1
11698776	11763507	1
3464882	3464854	1
4553478	4551303	1
3959804	3959729	1
6378239	6378276	1
9589340	9589339	1
1826953	1826911	1
835549	835550	1
7917103	7917106	1
10030192	4432702	1
2989196	2989195	2
4530704	4530703	1
8859868	8859863	2
7915035	7915036	1
25836	25835	2
1065886	1060886	1
1636515	1636299	1
7657237	7657238	1
7257969	7257792	1
8338535	8338536	1
5244953	5242361	1
10250170	10250169	1
874433	874434	1
4301781	4301782	1
1133042	1133355	1
3943093	3941226	1
3141365	3141366	1
1574822	1574821	2
10728350	10728349	1
522105	522162	1
7752342	7654729	1
5437347	5437348	1
7023741	7023742	2
8310885	8310969	2
10089314	10089313	1
2269359	2269360	1
9516386	9516385	1
6035447	6035448	1
10363547	10363548	1
12641110	12641109	1
5213790	5208638	1
3151092	3151091	2
5760490	5760390	1
3581102	3581099	2
5677027	5677616	1
10441488	10441487	1
1668561	1671747	1
8272299	8269060	2
8201727	8201728	1
7292371	7292372	1
5162470	5411821	1
579309	579310	1
9317346	9317649	1
8634108	8636777	1
10076141	10076142	1
5157563	5157624	1
2459276	2459273	1
3478235	3478347	1
5583009	5583010	1
5631889	5631890	1
1013150	1013149	2
10880557	10880558	1
7822017	7822011	1
10983570	10983569	1
7920162	7812265	3
10728160	10727359	1
5903315	5903316	2
2391267	2391270	1
2839230	2835911	1
904021	904022	1
7915227	7916760	1
11673771	11673774	1
4101959	4101960	1
10301090	10301105	1
5271716	5271715	2
9442244	9441005	1
6948806	6948803	1
10231858	10231720	1
2957537	2957621	1
6520173	6520174	1
5708370	5708365	1
7550236	7550235	2
11234250	11247989	1
11786406	11786405	1
5223655	5223716	1
6526333	6526334	1
12405165	12405069	1
5525221	5525224	2
1053124	1053123	1
12123022	12123021	1
11178670	11178663	1
1609825	1735537	1
5705985	5706969	1
4055145	4055146	1
5054529	5054520	2
7243975	7243980	2
7548950	7548954	1
3279351	3279352	3
2318730	2317859	1
9073154	9073153	1
12183635	12183636	1
775044	775043	1
9782865	9782908	1
3122723	3122724	1
3481067	3481055	1
7604459	7604460	1
4454517	4454518	2
138155	138156	1
4262349	4262350	1
7364514	7364511	1
4218393	4218464	1
2412314	2412247	2
12472442	170774	1
4228706	4229331	1
10971615	10970307	1
9510068	7951873	2
10982578	11002334	1
3270527	3269537	1
3691950	3691949	1
4984770	4984828	1
464216	464220	1
12455801	12455818	1
6379580	6379583	1
6680504	6680538	1
6561651	6561652	1
10687186	10687226	3
12229398	12229379	1
8599123	8599015	1
7272145	7274787	1
11242136	11263621	1
4758163	9655500	1
1642738	1642848	1
6684787	6684788	1
12489762	12487260	1
427174	427171	2
2035275	2035276	2
9032095	9031574	1
10450178	10450177	1
6894683	6894684	1
4124362	4124359	2
1856558	2420104	1
10477886	10474905	1
3147261	3147262	1
9611850	9611849	1
8812695	8812696	1
2933160	2933796	1
6990730	6990735	1
827116	830756	1
1093031	1093034	1
4695566	4695565	1
6467758	7795556	2
12647196	12647214	2
3131783	3132925	1
9471504	9471503	1
7346952	7360391	1
11966679	11966680	1
3130665	3130448	1
6473981	6473982	1
11555183	11555445	2
990549	990550	1
2371648	2371982	1
7919067	7863604	1
5351922	5351919	1
4702779	4702752	1
5286571	5284271	2
39359	39360	1
1920219	1920220	1
3043935	3043833	1
7832133	7832136	1
1726331	1726334	1
7121604	7121603	2
11623288	11623322	1
1996499	1996900	1
3603157	3603158	1
6958964	6958961	2
8955097	8955221	1
2590035	2590036	2
10149567	10149543	1
3026364	3027213	1
11585668	11585665	1
8093286	8093223	1
3338056	3338055	1
8547321	8547322	2
9153100	9153099	1
11256303	11256342	1
6517139	6517140	1
3472309	3472310	2
10513726	10508984	1
3360402	3360086	1
7998807	7998808	1
8833646	5643745	1
6297746	6297745	1
11014537	11014538	1
11999737	11999738	1
3282562	3282559	2
6701466	6700235	1
8090781	8091444	1
324378	324377	2
723657	459699	1
2671187	2671188	1
10992142	10992141	2
959764	960171	1
4085429	4085430	1
10256962	10257074	2
2711200	2711199	1
6587283	6587284	2
8561469	8573800	1
755403	755371	2
3237323	3237347	2
9538243	9755214	1
2628857	2628858	1
1224923	1224924	1
5254608	5254882	1
5151798	5151797	1
829374	829373	1
10152986	10152994	1
763007	763814	1
5454398	5454415	2
1569535	1569538	1
11425144	2987029	2
1842186	1842185	2
8731105	8731078	1
2521821	2521826	1
397456	397455	1
6032189	6032190	1
8916910	8916909	1
9255205	9255217	1
1262857	1262404	1
3790692	3779196	2
7140583	7140584	1
10262836	10257463	1
6457359	6457611	1
3408090	3408089	2
4310676	4310675	3
1470921	1471512	1
12502027	12502028	1
1569681	1569682	1
7284260	7284552	2
8831830	8831829	3
11840165	11840168	1
4094340	4094339	2
2644161	2881435	1
4403906	4404139	1
7601978	7596844	1
6381246	6381672	1
2064799	2064801	1
5261840	5243384	1
2673846	2674102	1
1092577	1093291	1
1826709	1826710	1
7020863	7015744	1
10645661	10650564	2
8481677	8481678	1
10356409	10357271	1
9390857	9390858	1
7238654	7241960	1
881591	881592	1
6750203	6750204	1
8783719	8783686	1
6241441	6241442	1
11852677	11852678	1
5872256	5871592	1
5511589	5511590	1
151090	151153	1
8433812	8433811	1
639079	639080	1
6767345	6767346	2
5202173	5202174	1
6944752	7076787	1
2035029	2035030	1
7936215	7936216	1
11884197	11884074	1
7478074	7478545	1
6734651	6734529	1
7186148	7186178	1
12492869	12492870	1
4721829	4721413	1
1366704	1365631	1
6941099	6941100	2
10094843	10098377	1
1088272	1088271	2
141761	141764	1
12437514	12437513	1
1976126	1975971	1
6274217	6297849	1
2000927	2397480	2
12810027	12810040	1
53499	53488	1
1342857	1344517	1
5276068	5275964	1
9089580	9089577	1
12515203	12515169	1
1765601	1765602	1
4327357	4327762	1
6200777	6200862	1
672293	672298	1
6533084	6533091	2
3184966	3184969	1
75365	76131	1
5102349	5102350	1
813072	813067	1
4820167	4820170	2
1695843	1695844	1
8238280	8240033	1
1249118	1248939	2
5439494	5439493	1
4543712	4544743	2
9649678	9649667	1
10376517	10376156	1
8258543	8256048	1
4252683	4252666	1
604532	604535	1
6703139	6703042	2
8963954	8963953	1
3662352	3629463	2
8470014	8470017	1
11779875	11779921	2
8425096	8425095	2
11796639	4061363	1
7135586	7135585	1
5612063	5612415	2
8890174	8890173	1
10529866	10647303	2
9806343	9806344	1
7373593	7373594	1
699922	699966	4
11423677	11423678	1
779827	779828	1
834412	834411	1
5688764	5689197	1
4860808	4860807	2
3824835	3824836	1
2111348	2111347	1
11471308	11471307	1
11002891	6069812	1
10181741	10181738	1
5526163	5526164	1
4496279	4500567	1
10454206	10454200	1
1422507	1422508	1
6677185	6677186	2
1700150	1700149	1
8095297	8095243	1
5335361	5335362	1
3725376	3724755	2
1060887	1060890	1
3875835	3875836	1
11390626	11390623	1
7164990	7164989	2
3107898	3107272	1
7951166	7951159	1
1288608	1288607	2
11090342	11090457	1
3985895	3986050	3
3303480	3303418	1
10507804	10507803	1
5223190	5223655	1
2665695	2665425	1
1546269	1546272	1
12772943	12772944	1
5177133	5166155	2
10779775	10779046	2
8212442	8220966	2
3548109	3548110	2
7155719	7155720	1
11521302	11521301	1
11816744	11816743	2
1622928	1622927	1
3378179	3378180	1
2831616	2831615	1
7647396	7647095	1
1095745	1095735	1
7955615	7955673	1
5181787	5181788	1
8161786	8163384	1
10697580	10697579	1
7720027	7720042	1
6883357	6883358	1
1779207	1779392	2
2109039	2103006	1
1299647	1299648	1
2073859	2073862	1
8173334	8173333	1
4447770	4447769	1
11546130	11546129	1
6261922	6261921	1
4747327	4747318	1
2429990	2429989	1
1235309	1235310	3
7793728	7793727	1
7090240	7090239	2
5553859	5553860	1
9395014	9394943	1
9090958	9089179	2
3997065	3997066	1
6213648	6213642	1
3490541	3490542	1
9373981	9373358	1
3479477	3480354	1
2784409	2784410	2
1702929	1702930	1
4541882	5361026	1
144204	144201	1
36702	36701	1
4806774	4806686	1
9291579	9291465	1
8447084	8446652	1
5753925	5753932	1
2053083	2053084	1
4922632	4923358	1
3211742	3211741	1
538283	538284	1
7936790	7936789	1
3191660	3191659	2
3255008	3255007	2
7026065	7026068	1
1612074	1607607	1
7967830	7967829	3
8358870	8369853	1
8522852	8522494	2
3734523	3734524	1
6396294	6396085	1
806619	800243	1
12507523	12507524	1
2557334	2557333	1
12035805	12036124	1
3404689	3404699	1
7840702	7840701	1
12558462	12558604	1
3767507	3767508	1
10812453	10812462	2
3544475	3544476	2
4220988	4220997	1
7229070	7229063	1
5826670	5826679	1
1213510	1213509	2
1861749	1861384	1
11902684	11902683	1
3212837	7842695	1
3293714	3293713	1
12661178	12661177	1
5118346	5118322	1
89128	231803	2
10493010	10493009	2
5854790	5855735	1
9348656	9351984	1
10888899	10888900	1
10979325	10979326	1
12682639	12682640	1
559759	558887	1
3883137	3883134	1
947516	955428	1
9593650	9595426	2
1676858	7417183	1
12430997	12430992	1
9831504	9831503	2
7891014	7889641	1
7451226	7451225	1
4989097	4988894	1
4143453	4143458	1
7515409	7515410	1
10439984	10439983	1
7736400	7736984	1
9681541	9681542	1
3697241	3697242	1
8286648	8286647	4
5691926	5691925	1
11021036	11017959	1
10780703	10780704	1
2545325	2545326	2
12339290	12339289	2
7433780	7433779	1
3281631	3281632	1
9875994	7102180	1
4786438	4786417	1
10133977	10133978	1
250162	250161	1
9981516	9981513	1
3132027	3127475	1
5854345	5854346	2
5640815	5640816	1
1546458	1545976	1
4617701	4617702	1
3635985	3636127	1
1698653	1698654	1
6600366	6600962	1
12682555	12683924	1
4232558	4232555	1
8625964	8628007	1
7578630	7578629	1
6480002	6480107	1
6414920	6414919	1
10849607	10849739	1
9026253	9026254	1
9960734	9960733	1
8289009	8289476	2
1985655	1989008	1
879078	878785	2
5431139	5431266	1
4211366	4211361	1
9378022	9378021	1
5426215	5426216	1
8397956	8397951	1
6165625	6165626	1
9103929	9103947	1
5617089	7362609	1
5149198	5146052	3
12477683	12477563	1
4080270	4080265	1
8747336	8747335	1
7916520	7915965	1
5751606	5751204	1
1957485	1957486	1
3880052	3880051	1
3507552	3508056	2
5703985	5703986	2
8966209	8966186	2
187894	187891	2
2487033	2487013	2
8488719	8488720	2
7986997	7988423	1
12184498	12184410	1
9064943	9064946	1
8516614	8516014	1
5549567	5549585	1
2350982	7446321	1
9675414	9675490	1
4315580	4317904	1
9246255	9246316	3
1659393	1659394	1
8348596	8370686	1
1173981	1172996	1
6276983	6276984	1
12798640	12798639	1
10464740	10461988	1
6458667	6274218	1
1266996	1145410	1
8722817	9089354	1
11444880	11444879	2
10144817	10144818	1
2427150	2427149	1
631425	631426	1
10481682	10481681	1
6026569	6026570	1
6488815	6488192	1
5171130	5171210	1
6493675	6493637	2
5544600	5544599	1
3441979	3444666	1
8575641	8575642	3
5824009	5824010	2
1302189	1302246	1
3294794	3294793	2
7511623	7512921	1
10989352	7739882	2
5830014	5832781	1
12166484	12166477	2
6211074	6211071	1
6880336	6880335	1
8622730	8622542	1
9003550	9003549	2
8242235	8242236	1
4427762	4427761	3
7721322	7721308	1
12318358	12319321	1
7018464	7018468	1
8170217	8170218	1
3703068	3703044	1
7281134	7281131	1
1759704	1755775	1
9892344	9892380	1
3946594	3947555	2
9972793	9972786	1
10335925	10336057	1
9452796	9453279	1
8801556	8804847	3
7944504	7944499	1
892713	892714	2
1319416	10430445	1
7090242	7090241	2
2570015	2570016	1
8558743	8558686	2
9767751	9767736	2
12614932	12614929	1
6144219	6144220	2
4160941	4161233	2
1266404	1266403	2
10680313	10681347	1
10975543	10975546	1
5381950	5381949	1
2957690	2957689	1
1033306	4693237	2
12458402	11278821	1
5460757	5460758	2
1718829	1720126	1
8225472	8225475	1
2993175	2673772	1
3699305	5017863	1
7960124	7763640	1
43292	43289	1
3206955	3206956	1
364265	364266	1
2765719	3788489	1
6376883	6376856	2
78440	78517	1
2811780	2813861	1
2452993	2452994	1
12452178	12451979	1
5818723	5818724	1
10448107	10448205	1
2210306	2210303	1
339415	339416	1
12381400	10474123	1
9375752	9376021	2
2489866	2501234	2
7205058	7205053	1
970448	970429	2
8052637	8052448	2
10301213	10155406	1
10909816	173444	1
930857	930858	1
5240786	5239699	2
589750	589828	1
3570985	3570968	1
4213462	6073640	1
11092449	11092452	1
8430972	8430971	2
7764192	7504698	1
8554393	8554398	1
2709793	2708120	1
12049818	12049817	1
6479793	6479794	1
989029	8063600	2
11396253	11396254	1
6846373	6846374	1
6925739	6925740	1
9100427	9100428	2
8951742	2026471	1
5179267	5179243	1
4831126	4831125	1
5051125	5050468	1
11873616	11873615	1
6703953	6703974	1
1829183	1829013	2
6524562	6524561	1
4081311	4081312	1
3272845	3272848	1
1009368	1532329	1
2954161	432445	1
1952264	1952271	2
7380067	7380170	1
10376097	10376098	1
3589589	3589590	1
5824882	5824881	2
664329	664332	1
2646524	2646523	2
8547356	8547438	4
5142391	5142363	1
3245353	3245354	2
7338858	7339492	1
6117902	6117901	1
1349135	1349136	1
2624023	2624026	1
8272249	8272250	1
825501	825600	1
5703138	5703137	2
338220	338219	1
2294110	2294109	1
9952090	9952089	1
10014456	10007013	1
8989006	8989005	1
8826120	8826119	1
8785363	3456805	2
1824831	1824868	1
4175257	4352740	1
9108343	9108346	2
3551764	3551726	2
3078567	2961947	2
3482634	3482451	1
9553028	9553025	1
8562360	8562384	1
4865488	4865504	1
10279408	10279411	1
9794234	9793703	1
9778260	9778259	1
346917	353476	1
4380032	4377617	1
11581300	11581270	3
8982497	8982498	2
7878862	7878861	2
10631778	10581676	1
9537892	9537891	1
8583189	8583192	1
1894575	2545136	1
10705269	10705328	1
1628011	1628012	1
5052367	5052368	1
12448515	12448516	1
171903	171904	1
7839280	7839279	1
8201729	8201730	2
12183002	4020355	2
1836335	1107910	1
2993541	2993542	1
338605	338606	1
3526353	3526354	1
10090742	4497312	1
12718512	3238629	1
327425	327524	1
6738087	6738088	1
8441438	8441437	1
1540091	1784802	3
9319256	9319342	2
1714932	1714931	1
2969864	2969867	1
1530415	1530416	1
4002073	4002074	1
1216720	1216593	1
7846637	7846638	1
3783062	3781489	1
5567619	5567622	1
1984723	1984724	1
3561655	3561656	1
10547960	10547966	1
11792401	11792402	1
5204863	5204864	1
12403534	12403533	1
6772739	6772740	1
3775305	3775180	2
3972268	3972259	1
4628240	4628188	1
7793733	7793740	1
4078024	4076303	1
2479742	2479755	1
7347454	7347453	1
6604617	6606234	1
7585762	7585761	1
68226	68225	1
9183115	9183116	1
1304028	1304283	1
12458856	12458853	1
9165587	9165588	1
668756	668785	1
7430980	7430979	1
11093259	11093269	2
10409976	10409975	3
12423056	12423049	2
3495094	3495954	1
941168	941202	1
8890907	8889485	1
621669	621670	1
9741881	9741884	2
8290468	8290467	1
3688239	4075236	1
5949166	5949219	1
10453552	10453551	1
12784791	12784792	1
4178407	4178408	2
538404	536458	2
5130931	5130932	1
6008009	6008010	1
4061258	4061257	1
4860356	4860355	1
8422303	8422723	1
4902263	4902264	1
12314639	12314640	1
10813715	10813831	1
9775423	9775570	1
3927217	3927262	1
9486692	6699746	1
4827419	4827420	1
5044616	5044613	1
879953	879645	2
1723834	1724813	1
5812109	5810779	1
3442571	3625629	1
11787191	11787192	1
10714480	10714536	1
3084105	3081059	1
7055888	1267041	1
7448216	7448215	1
10962166	10962307	3
11841713	8917549	1
57627	62126	2
3870069	3870070	1
6107066	6107073	1
12656767	12656768	1
8268713	8256671	1
12450437	12450438	1
2895945	2921208	1
6016135	6016136	1
5725112	5724219	1
389263	236663	2
10160883	10160884	1
3903437	3903438	1
678111	678112	1
11696328	11696327	1
2228561	2115030	3
11077298	11070291	1
1472765	1472766	1
3639194	3639193	1
9906903	9906904	1
10894443	10895518	1
10395156	10395432	2
11257594	11259667	1
12041151	12041152	1
10357382	10357381	1
8348247	8348248	2
12737490	12737489	1
11453734	11453733	2
2770829	2751745	1
675505	675298	2
4673318	4673310	2
1955601	1955602	1
9247984	11920637	1
2759267	2767771	1
3513859	3513860	2
7700665	7700666	1
11555127	11554531	1
8832715	8831340	1
4243316	4247346	1
7652002	7652001	1
11737416	11737415	1
5666492	5666491	3
3876987	3876988	1
6432883	6432867	1
273085	273088	2
2637874	2637873	1
9937311	9937314	2
6117285	6117588	3
8743266	8743270	1
3388385	3389607	1
3593508	3593507	1
6870861	6870862	1
11781085	11781103	1
3027701	3027702	2
6842760	6842771	1
338795	333567	1
242009	9772685	1
2740508	2740507	2
1850070	1850069	2
4268796	4268795	1
12747324	2962439	2
5807737	5807738	2
7852572	7852090	1
4116848	4116847	1
9753556	9753555	3
667955	667956	1
7667960	7664197	1
12207597	12206195	1
4580559	4580560	2
3664621	3664622	1
2778885	2784000	1
9977904	9978529	1
7865218	7865217	1
9072673	9072674	1
9352807	9351638	1
362469	362454	1
4800611	4800614	1
393475	393476	1
12041451	12041452	1
10809067	10809068	2
3265904	3265903	1
7548677	7548678	1
9057246	9058006	2
9128695	9128696	1
294859	294860	1
4609782	4609781	1
6418932	6418929	1
12780887	12780902	1
8560621	8560618	1
6812706	6812705	3
7849451	7849529	1
7606164	7606150	1
3904005	3904006	1
2270158	2270155	1
8956015	8984553	1
1313942	10450305	1
3293030	3293027	1
12021139	12014893	1
7014591	7103697	1
5649018	5649017	1
8783717	8783718	1
10726217	10726218	1
5436499	5436997	2
6916404	6917539	1
12127666	12127688	1
5002913	5002914	1
2341900	2341897	1
12684250	12684247	1
3957729	3957321	1
1928766	1928763	1
2411579	2411580	1
4417532	4593075	1
1069579	1069605	2
3949226	3951244	1
11219809	11219817	1
4651282	4651309	2
5539263	5537107	1
12477386	12477385	1
4556045	4556046	2
7602002	7602440	1
505649	505650	2
10969868	10969865	1
7551848	7551841	1
998722	998721	1
4144747	4144748	2
8070946	8070930	1
10361765	10361766	1
4257185	4257186	2
3501241	3476981	2
4641022	4641021	1
4563723	4566103	1
7994356	12376630	1
3511740	3511739	1
12463510	12463978	1
3985294	3985290	1
12280040	12280039	1
4987641	4987515	1
125186	125185	1
8321728	8321727	1
5179134	5179133	1
7561545	7561546	1
6229349	6229350	1
6696713	6696047	1
10289027	10289549	2
3053710	3053721	1
4159864	4159863	2
10473200	10473199	1
3367531	3381578	1
10322265	10321684	1
10333414	10340416	1
3577200	3577199	1
4035155	4035248	1
5590170	5590178	1
8417065	8417066	1
8294944	8294943	1
4808020	4808017	1
4121173	4121174	1
7452329	7452337	1
8388022	8385853	1
3036069	426896	2
4589789	4589790	2
5382001	5382258	1
9747238	9747233	1
12546362	12546359	1
11529563	11529564	1
10717896	10717895	1
11162473	11162603	1
2541960	2541959	2
9316063	9317283	1
12381272	12352165	1
8182627	8182669	1
4155413	4155414	3
5896873	5896874	1
2025302	2025341	1
6899546	6899122	1
1380992	1381004	2
10390089	10389972	1
4008728	4008727	1
2390846	2390834	2
12688187	12688188	1
3382686	3382658	1
1825353	1825354	2
3988559	3988560	1
4008192	4008417	1
10685230	10685212	1
4488759	4638713	1
12154775	12154784	1
7111821	7111826	1
1010755	1010745	1
4083560	4082985	2
8566071	8566072	1
5042235	5042216	2
8989925	8989926	1
8057636	8057635	1
9622354	9620788	2
2107880	2107879	1
7201771	7430440	1
6391131	6391062	1
7090683	11379749	2
2203305	2079421	1
8022627	3354695	1
7920191	7920195	1
3567644	3567808	1
5296776	5296775	1
349104	346856	1
12661176	10967342	1
9882960	9882959	1
5688878	5688877	1
356523	356524	1
3245120	3964887	1
8056449	8056450	1
3537840	3537839	1
2941799	3140920	1
10836471	10836885	1
6943006	6942950	1
8089083	8089121	1
11076965	11076966	1
9155702	3575989	1
9178856	9178855	1
890223	889977	1
2971620	2971619	1
10170143	10169792	2
7094070	7094073	1
6086984	6086467	1
2865838	2865850	1
481576	481575	4
8176118	8176253	1
5605845	5605846	1
10831049	10829104	1
10011657	10003895	2
4714296	4714295	1
5184020	6817770	1
11337648	11337595	1
8397950	8397953	1
12462722	12461177	1
9049847	9049949	3
673896	6132834	1
3498007	3498008	1
1977177	1977178	1
6360742	6361030	1
10980123	10980124	1
6571487	6571488	1
10530887	10530890	1
7570064	7570063	2
8527706	8527705	1
12516727	12511750	2
8623228	9419826	1
1507074	1507073	1
6931643	6931632	1
2258540	2094424	1
9072306	9072303	1
4137308	4137327	1
746403	746568	2
842255	842256	1
6722028	6721960	1
8294691	8294692	1
7825933	7825934	1
12156260	12156259	1
5075900	5075899	1
2569008	2569007	1
12731602	12736579	1
1636790	1641249	1
1898126	1895983	1
3507865	3507866	1
9605697	9608500	1
3160760	3160759	1
1108841	1108828	1
179465	187408	1
6502391	6502425	1
12765346	4806992	1
12755367	12755376	1
42368	42476	1
836379	815497	1
3904790	3902807	1
3440274	3625002	1
8453460	8285655	1
2683928	2683927	2
9452715	9452716	1
2040193	2040194	2
3057389	3055717	1
958735	958736	1
9367251	9367252	1
9848996	10074272	1
2838031	2838032	1
11585202	11585238	1
1003645	1003465	1
2712620	2712833	1
7607726	7607917	1
2008580	2010872	1
11111272	11041829	1
1500146	1500145	2
363760	363759	1
2671494	2671493	1
9843919	9842588	1
6076841	6076842	1
3230011	3230012	1
6377321	6377322	1
9231981	9231966	1
1677893	10583376	1
5705281	5705282	1
12204174	12204160	1
9098357	9098360	1
6915943	6915944	1
2825461	2825462	1
12805941	12805942	1
9964084	9964083	1
6990964	6990961	2
5508856	10908711	1
3946948	3983177	1
3932082	3936638	1
8490448	8491569	1
260022	260021	1
3268856	3267643	1
4180977	4181311	1
5721305	5721306	1
12634255	12634599	1
12632791	12632919	1
1404109	1404106	2
6834666	6834665	1
1789922	1789904	1
9315235	9315248	2
12668117	12668118	1
6573832	6573831	1
5361519	5361522	2
2934358	2934357	1
3449143	3449144	1
759189	759190	1
650971	650972	1
11517437	11517438	1
4382883	4382884	1
8148756	8148755	1
1693544	1693543	1
3749419	9456035	1
5260752	5260749	2
6148507	6148508	2
8569888	8569891	1
11578744	11578743	1
1193596	1193608	1
7145252	7124960	1
10977246	10977245	1
7253880	7253879	1
1230811	1230812	1
2845650	2845647	1
8617923	8617926	1
2862622	2862621	1
11869282	11869281	1
4069451	3245611	1
3979131	3979145	1
4711800	4711799	1
5723761	5720264	1
11597870	11597869	1
2905573	11448427	1
665385	665329	1
3234270	3234253	1
4631256	4634401	1
8367628	8367631	1
4156628	4156627	1
3083587	3083594	1
1196615	10311761	1
3375196	7532359	1
636868	542349	1
7610986	7610985	1
998809	998810	1
3859755	3857960	2
10989350	7739882	1
12469909	12469910	1
1203999	1201506	2
2842350	2842349	1
9992487	9992488	1
9082092	9082731	1
5843892	5843891	1
12516544	12516261	1
11904034	11900999	2
7446464	7446451	1
6285259	6264295	1
11116437	11116438	1
9292695	9292696	2
10224475	10224473	1
2639258	2639255	1
1859889	1866414	1
4862410	4862407	1
710708	710707	1
702624	702623	1
6894767	6947069	1
6125024	5811205	1
365342	365341	2
1056593	1056596	1
1070824	1070819	1
7170898	7171020	1
7446407	6046209	1
4567179	4567180	1
6709926	6709925	1
5749234	8809015	1
4178466	4178406	2
4054941	4051326	2
8663349	8663352	1
10566619	10567849	1
6366441	6366426	1
4280659	4280660	1
1776659	1776643	3
12460731	12460732	1
7200821	7200784	1
3208021	3209597	2
8978860	9122577	3
3932559	3932560	1
7397595	5999833	2
8072185	8072188	1
1927089	1927090	2
4310791	4310792	1
8313331	8313332	1
4484701	4484851	1
9316497	9316500	2
8242237	8242232	1
7911643	7911660	1
9107258	9515441	1
5612611	5612224	1
2761149	2761150	3
8289252	8289251	2
4202466	4202465	1
11925026	11925025	1
6868366	3907164	2
440439	440440	2
3778663	3778664	1
10218547	10218868	1
4797043	4796979	1
4406867	4406515	1
6340671	6340672	1
762841	762842	2
11112594	11112565	1
4958798	4958797	1
1183445	10740755	1
6445955	6443383	2
8720868	8720867	1
6658369	6657805	1
8902719	8902720	1
6558387	6558956	5
10204858	10204857	3
10080457	9836909	1
8950726	8951003	1
11816504	11917866	1
1180713	1180714	2
7201282	7201254	1
767062	767061	1
544218	636118	1
1598005	1598006	1
281935	281938	2
8547934	8547922	2
6474679	6474680	1
4346372	4346371	1
1190080	1342193	1
12323685	12323686	2
12015510	12015509	1
6953101	6953732	2
4468246	4468245	1
8760410	8760169	1
8148758	8148534	1
3957727	3957728	2
11183642	11183641	1
9852094	9852091	2
11932591	4096030	2
5489266	5489161	1
6807246	6807239	1
3931096	3931095	1
5319200	5319199	1
3738087	3738088	1
7070447	7070450	2
11651417	11651418	1
2368517	2368520	1
3595667	3595668	1
3388952	7964677	3
6176767	10778761	1
9987626	9987308	1
8009941	8009942	2
433611	433612	1
4745954	4745953	1
10147488	10147487	1
5810008	5918784	1
257952	254256	1
8672691	8672698	1
8029052	8029080	1
3265937	3266764	1
4045910	8381131	1
1674731	1668264	1
7670516	7670515	1
822389	822515	1
7381479	7381483	1
5821602	5821447	2
12501177	12501219	1
6550780	6464855	1
11400925	11400920	1
462760	462261	1
3673797	3673798	3
11415608	11415569	1
11019650	11019649	1
4724134	4724100	2
5950564	5963555	1
11626233	11626241	1
10488388	10488624	1
589382	589626	1
1372298	1369860	1
8787881	8787882	3
7544040	7544039	2
7547820	7547819	1
3250235	3250236	1
972220	11875311	1
2166655	2166535	2
3534638	3534637	1
7906052	7906051	2
11661613	1061422	1
12277696	12277461	2
5496412	5496422	1
10451622	10452292	1
8308702	5861407	1
728158	602175	1
1927772	1923393	2
4357929	4598605	2
7607312	7673570	1
7159537	7159538	1
5857559	5855991	2
6149652	6149732	2
3588153	3590944	1
10600914	10600913	1
3667176	3667188	1
6562681	6562682	1
4062911	4063049	1
11052136	11077842	1
9164039	9164017	2
465625	465626	1
11527984	11530641	1
6132612	6132621	1
4988618	4988617	1
8666472	8666483	1
3310071	3310074	1
4297821	4297822	1
3984997	3985000	1
3532836	7944106	1
11576271	11576272	1
316545	198679	1
12412399	12320668	2
6303677	6303678	3
4497948	4497947	3
11666637	11666606	1
2862259	2862261	1
12278253	12278254	2
9014341	9014344	1
964385	964386	1
1069766	1069765	1
6751238	6751237	2
3517684	3516504	1
12748531	12748542	1
11798306	11798303	1
3386473	3386045	2
12738109	12738110	1
4987497	4987498	1
6393306	6393303	1
7252295	7273942	1
7532184	7532177	1
10265863	10266129	1
6375493	6375494	1
3695426	3695425	1
9274450	9274449	1
7899026	7899059	1
10502497	10502514	1
6799372	6799371	2
1741113	1746330	1
11596263	11596274	1
738891	738892	1
1054404	1054421	1
5906687	5906501	1
7648249	7648250	2
11961970	11961969	1
9767015	9766422	1
11378752	11378696	2
7512586	7496840	1
7805724	7805754	1
11673934	11674121	1
10099973	10100989	1
7258669	7258620	1
9337445	9337446	1
6524267	6524257	1
11908927	11908928	1
1398113	1398116	1
8005332	8005331	1
4787363	4787381	1
6390383	6237167	1
11863405	11863391	1
2068409	2068407	1
9652241	9640340	1
12570139	12570140	1
30212	30185	2
9544184	9544171	1
7987036	7987055	1
2664382	2664581	1
1719336	1719324	1
5198714	5197791	2
10627383	10627384	2
8168471	8168472	1
11863041	11863042	1
1286000	1286068	1
10011776	10011992	1
11720569	11720639	1
5871689	5871692	2
8636527	8636528	1
7687432	7687435	2
2391422	2391421	1
2202151	2048953	1
4077694	4077804	1
4430800	4345598	2
8297020	8531102	1
7924298	7924297	1
8445477	8445342	1
2369428	2369340	1
5094572	5095002	1
8090432	8090427	1
7806919	7808219	1
601110	601109	1
3705879	3580999	1
8308350	8346925	1
910152	910151	1
10808639	5534625	2
7160199	7160200	2
645351	645352	1
925436	925433	1
6540868	6540762	1
11269387	11269388	1
895564	895563	1
3130260	3130259	1
6505594	6505530	1
564194	564191	1
7462595	3482687	1
672415	672464	2
12610305	12610306	1
4654371	4826602	2
9530801	9530802	1
10659650	10658978	1
2926751	2926063	1
9827148	9825685	1
2235783	2235814	2
7126255	7126256	1
3636105	3634991	1
10148684	10148683	1
9961434	9961429	1
2840993	2840994	1
5747108	5746475	1
10009294	10009831	2
10468285	10465020	1
4866266	4866346	2
2419231	7499804	2
1490101	1498032	1
9543572	9750533	1
5112809	5112812	1
6255749	6255765	1
1419377	1423960	1
5487906	5487903	1
681019	625536	1
11816763	11816764	1
1413899	1413900	2
10877555	10877556	1
769985	769986	3
2463534	2463333	1
1659806	1659783	1
3869473	3869476	1
7172975	7172976	1
4342664	4342717	1
10903492	10903489	1
1583194	1583193	1
8881010	8881013	1
3168139	3050229	1
5801340	5801328	1
2921968	2921863	1
1131603	1131637	1
8724627	8724658	1
3986162	3986161	1
2580631	2580632	1
405474	405473	1
2362083	2362084	1
7296536	7296521	1
985566	985565	1
1902518	1902451	1
6285839	6283930	1
1515596	1515595	1
540489	540490	1
8184062	8184067	1
4724529	4724530	1
7969675	7969676	1
12489403	12489404	1
214037	214038	1
2776400	2776734	1
12124507	12124508	1
12746617	12746618	1
12556117	12556128	1
11404865	11404868	1
2522241	2522242	1
11246319	11246320	1
6985968	6985965	2
592814	592813	2
6416965	6415898	1
10880043	10880044	1
7754031	7756382	1
11322007	11321878	1
54406	55986	1
2393463	2393466	1
2712687	2706491	1
2357502	2357501	1
6971514	6971513	1
6443408	6443407	1
914718	914701	2
891446	891388	1
5565571	5565594	1
1783730	1089787	1
1748084	1748083	2
254593	254589	2
8910388	8910384	4
3255641	3255642	1
3340661	3340662	1
12637643	12637646	1
8103300	8103293	1
11061839	11061972	1
12375060	12379025	1
11363785	11363786	1
12297324	12297321	1
3713962	3713919	1
4306033	4306034	1
6284078	6284077	5
6413066	6413065	1
11164839	11164840	1
10601633	10387740	1
9045307	9044097	1
6557655	6558805	1
6480294	6480244	1
5071746	5071745	1
2730317	2730320	1
6683895	6683896	1
6549118	6556276	1
11786564	11786561	2
9520065	9520068	1
9377190	9383820	1
6429130	6417608	2
1653338	1653389	2
9477726	9477746	1
9249538	9249537	1
1637747	1637748	1
8477011	8475281	2
348178	348175	1
1109257	1109258	1
2052658	2052977	1
10025861	10029555	1
4050139	4049916	1
6279119	6279113	1
8922573	8922574	1
4653363	4653366	1
6174145	6174146	1
7127859	7318558	2
1554290	1555291	2
4066419	4066381	1
1188134	1188133	1
7849213	7849214	2
578931	579225	1
2891081	2891031	1
4581159	4577701	1
4102245	3431062	1
7454743	7454744	1
2162164	2162156	1
7113159	12485596	1
7534162	11479430	3
5804497	5807870	1
10222974	10223239	1
9031472	9031626	1
5379085	5379098	1
3083978	3083977	1
8665573	8665694	1
7072397	7072400	2
5893074	5892982	1
2770448	2770418	1
3824468	3824753	1
342870	342869	1
10772105	10772217	2
8214973	8214974	2
2597105	2600763	1
6769672	6769032	1
6996908	6996907	1
5657910	5657918	1
2574001	2574075	1
10251393	10250877	2
7669027	7669003	1
9248351	9248224	1
9332568	9332567	2
10377922	12374060	1
890740	890739	1
9248247	9248234	1
9339051	9338983	2
6347229	6347230	2
3546278	3546275	1
2459435	2452527	2
2581793	2581354	1
559466	593617	1
7744321	7744322	1
11832225	11832226	1
7737757	7737758	2
10297594	10297591	1
9891918	9891546	1
9481071	6892000	1
2051049	2051050	1
1653926	1653925	1
2190093	2190096	1
3326488	3326487	1
3301849	3301850	2
7720184	7719928	1
11756726	9838730	1
3320910	3320909	2
10813270	10813269	1
793095	793096	1
8972210	8972209	1
7169767	7169768	1
225420	225419	1
7453224	7453221	1
5288845	5465821	2
2511322	2511698	1
6470281	6470282	2
7945045	7945046	1
7414937	7414949	1
5676936	5676935	2
10563789	10563790	2
1248458	1248420	1
11581271	11581272	1
7805172	7805171	1
433363	3114269	1
4071347	4071027	1
4676857	4676858	1
3547496	3547452	1
7546347	7546348	1
906446	906623	1
10128296	10136686	1
6875802	6875801	1
9302641	9331261	1
7607312	7673485	2
5071301	5071302	1
3041014	3040885	1
4220602	4220601	1
3818615	3818627	3
5721267	47106	1
6971605	6971606	1
11152796	12649260	2
3950923	3950924	1
6822245	6822248	2
5557344	5557375	1
8008628	8008627	2
2350745	2351212	1
11138503	10936100	1
5094844	5094591	3
6576738	6577092	1
11703732	11705983	1
1554418	1554421	1
5160739	5160740	1
8104169	8104170	1
5490777	5490778	1
10029599	10029600	1
2242638	2244897	2
10446557	10446529	2
2760094	3789724	1
2343457	2346154	1
4565177	4565080	2
5933819	5933820	1
6690219	6758588	1
1133372	1133173	1
4041022	4029589	1
4866688	4866687	1
10702315	10702318	1
6592590	6592589	3
7658874	7658688	1
7025041	7025046	1
1679588	1678518	1
2439166	2439165	2
9720007	9720008	1
4579506	4579485	1
6840110	6840114	1
11884168	11884167	1
621283	621236	3
9468844	9468843	1
7082103	7082013	1
10311364	1021497	1
425908	425907	2
4576458	4576457	1
10654720	10650745	1
3215350	3215367	1
473706	474708	1
842720	842719	2
2233213	2233214	1
11571128	11571127	1
1037630	1037629	2
548676	548629	2
4663439	4663440	1
2268764	2268763	1
12149847	12149848	1
7850078	7850116	1
7896382	7896381	1
7289060	7289063	1
3951195	3951196	1
7736844	7817986	1
6392596	6392583	1
7339487	7339311	1
2025282	2025281	1
4145563	4145740	1
4676335	4676336	2
7980353	7980354	2
3672161	3671600	2
5494502	5494501	1
6043422	6043478	1
8677249	8677115	1
5212061	5212062	1
5591296	5591295	3
1046477	1046478	1
8446167	8446099	1
7506101	7505557	1
2588165	2588326	1
1241495	1241496	1
10187529	10187530	2
9192435	9192436	1
10278313	10278749	1
7280619	7280564	2
12726550	12724865	1
6591138	6590459	1
6982455	6982456	1
8657050	8656950	3
10875642	10875813	1
11781672	11818849	2
663762	663964	1
10054553	10054554	2
4066230	4065898	1
8779917	8779918	1
10277135	10275982	1
10810595	11843435	1
3301412	3301410	1
6117083	6117084	2
7698419	1961012	1
9720314	9720313	1
10963735	10963754	1
3507744	3507687	1
1383483	1383025	1
3264535	3264489	1
5214174	5213892	1
6216007	6216008	2
2003387	2003388	1
9086235	9086236	1
10472211	10472212	1
2374590	2374589	2
2410263	2402046	1
10758116	10758115	1
11625614	11625634	1
12803240	12803243	1
809833	809834	1
9475657	9475684	1
1338909	1231878	1
3193117	3193118	1
2621629	2621630	2
6203812	6139403	1
6529201	6529202	1
8356694	8358486	1
10099971	10099972	1
495580	495579	1
876153	876111	1
917762	917632	1
10484055	10482697	1
10357026	10357029	1
5970502	5970501	1
6470649	6281769	2
2253321	2253322	1
876160	876159	1
1712119	1713482	1
3301209	3285087	1
7158607	7158608	1
7171827	7171830	1
10057735	10058509	1
4697365	4697366	1
3877665	3877666	1
1599151	1599152	1
1107782	1108263	1
5365005	5365006	1
10024436	10025205	1
4795020	4837376	2
11084519	11084495	1
10257360	10256264	1
5693079	6046139	2
6518864	6518683	1
4999105	9423941	1
7836347	7836348	1
12766099	12766102	1
4039389	4033705	1
617802	617801	1
4620205	4620206	1
11795104	11795103	1
6714530	6714529	1
11555295	11555912	1
10114972	4319596	1
12788975	12606939	1
2529173	2529769	1
9831033	9831034	1
3492666	3492661	1
1687056	7140582	1
3056944	3056943	1
7078526	7077866	2
11251746	11251745	1
8208847	8208848	1
674998	675142	1
1524579	1525899	2
4293009	4293031	2
2109693	2109694	1
9134595	9134409	1
2369499	2371138	1
7319270	7319288	1
11163450	11163449	1
1920496	1920495	1
102564	102563	1
1790291	1791612	1
11023531	11023532	1
5360326	5360325	1
3635709	3635710	1
8401219	8400586	1
4265361	4265362	2
6284076	6283118	3
400156	400155	1
7064023	6876781	1
6919913	6919589	1
10149496	10147480	2
7073314	11290874	1
2483274	2482916	1
3980462	3981346	1
9333411	9333522	1
4262622	4262596	1
2999215	2999218	1
8276299	8276300	1
2889355	2889358	2
6810031	6187396	2
10383040	5937039	1
7930463	7930466	1
4529448	4529376	1
11030041	11030042	1
11524215	11524216	1
7004469	7004470	2
3280776	3280699	1
7949455	7949456	1
5068527	5068528	1
12512233	12512234	1
3163939	3163940	1
11620694	11620693	1
1738168	10511833	3
12318234	12318658	1
11249815	11249818	1
11398983	11398984	2
6457516	6457515	3
10011776	10011775	1
10352957	10352958	2
8025713	3310970	2
1715137	1109553	1
11873749	11874382	1
12748954	12748049	1
4942668	4942667	1
3189084	3189083	1
2579607	2579608	2
3981827	3981828	1
3144896	3144893	1
1845323	1845324	1
10228212	10228209	1
9688657	9688658	1
11545732	11572626	1
6727040	6727039	1
8821263	8821444	2
2339464	2339463	1
2762411	2759471	1
3910463	3910494	2
2166125	2169997	2
8388860	8388859	2
6626685	6626710	1
10641135	10641136	1
12429703	12429812	2
1237038	1237046	1
5240917	5236079	1
8760293	8763088	1
9257522	9257521	1
12053461	12053462	1
3892792	3892686	2
11669260	11669259	1
2146013	1923164	1
7009204	7012617	1
1316003	1317161	1
10040467	10040471	1
1931593	1931594	1
1316588	1316587	1
12461227	12461228	1
10473107	1251486	1
2597751	2429046	1
10135232	10135227	2
6930469	6930474	1
9498933	9498934	1
4839402	4839401	2
3510417	3507270	1
11069786	8180571	1
7373595	7376013	1
3690994	3691753	1
6108609	6108517	2
3594622	3594621	1
6970574	6970573	1
1011400	1011355	2
2594745	2594746	1
10926887	10926888	1
11563562	11563561	1
7503226	7503223	1
12511575	12511576	1
9620175	6765849	1
4548133	4547767	1
300402	306317	2
9247474	9245616	1
3509699	10078710	1
8226895	8226896	2
2809494	2809266	1
5579510	5579513	1
3501746	3501745	2
5958483	5958484	1
531371	531372	1
9480915	9480916	1
7623781	7623743	1
3357560	3357559	1
11513809	11513810	2
1916445	2575252	1
824458	595004	1
11583368	11583164	1
3287812	3997027	1
1106458	1106468	1
9753542	9753600	2
436513	436514	2
8833090	5748026	1
9499741	9499811	1
803650	802856	1
6819237	883087	1
3620086	3620081	1
3988625	3988626	1
10539314	10539348	1
11732380	11732377	1
3380648	3380714	1
2308913	2308966	1
8070244	8067880	1
596266	596265	1
12176133	12176134	1
10422336	10422331	1
12392045	12392048	1
8975080	8975079	1
10322729	10322639	2
39866	39059	1
4558016	4560562	1
9026747	9026748	1
1061376	1061375	3
7165775	7166225	1
11371117	11371118	1
6110305	6110306	1
2342082	2342066	2
38078	8026696	1
10736250	10736249	2
11517870	6312367	1
12261234	12260418	1
7863854	7863851	1
6592671	6592672	1
10187213	10187215	1
8227389	8227364	1
8962281	8962282	1
9103519	9100214	1
3309270	3309296	1
3963550	9326113	1
4346190	4338383	1
11547070	11547756	1
7919370	7919369	1
12786330	12786040	1
5920024	5920021	1
3545758	3545762	1
8438047	8439309	1
10124170	10124169	1
6807267	6807270	1
6046241	5601326	1
9325584	9325462	2
3936552	3932131	1
11405248	11405999	1
4449773	4449774	1
2483481	2483469	1
1086355	1086356	1
4088569	4088792	1
11037409	11037410	3
204487	12371724	2
6004186	6004183	1
9846633	9846634	1
5551889	4273281	1
3732871	3732888	1
840214	840211	1
8983714	8980506	1
5000809	4999810	1
3462629	3462147	1
11942327	11942328	1
10358138	10358133	1
4545435	4545698	2
175200	175199	1
6796441	6796444	1
11700810	11700809	2
7864361	7864362	1
7446255	7446256	1
7128956	7128417	1
7344707	12177556	1
8876278	8876297	1
5967812	5967175	1
1262382	1262377	1
5086946	5087113	1
10290185	6492040	1
11863368	11831738	1
4876999	4877000	2
2501617	2501686	1
599865	599866	1
9816546	9816543	1
8861666	8862009	1
4498202	4497949	2
2587618	2587610	1
4171090	4171124	1
10182286	10182526	1
1391006	1391009	1
12227458	12227619	1
11223133	11223134	1
11449134	11449131	1
12290502	12290501	1
8394248	8394247	1
6121448	6121509	1
9474041	9474042	1
10023598	10022188	1
12755413	12258881	1
564040	563125	1
4806921	4807339	1
3237324	3235177	1
11852121	11852122	1
6951844	6951843	2
11916543	11916544	1
8024421	9851276	1
11107802	11107797	1
4374195	4374196	1
3938986	3939413	1
11798396	11920645	1
3971075	3971076	1
3705539	3705418	1
5115806	5116165	1
5947277	5948131	1
7375094	7375122	1
3254302	3254301	1
5488522	5488491	1
8958021	8958022	1
6850232	6848544	1
10604371	10604372	1
961513	961514	1
7109778	7109777	1
6931925	5890567	2
1865288	1865287	1
3084473	3084384	1
2939093	2939094	2
10161565	10161566	1
10725467	10725468	1
6120977	6120980	1
6967050	6969833	1
1320072	1320069	1
8791468	8791467	1
10613651	10506897	1
23934	23933	1
9012009	9012010	1
6791312	6791311	1
7606403	7606407	1
7956351	7956352	1
992636	992635	1
2598566	2598565	1
6151031	6151027	1
4866751	4866840	1
961511	961512	2
7890965	7890968	2
8091445	8091446	1
10309773	10309774	1
8726785	8726817	1
2261748	2261669	2
10520007	10525403	1
4388017	4388018	1
8181873	8180866	1
3958631	3959200	1
10347527	10347528	1
8574722	8574721	1
2331271	2331272	1
1450918	1477224	1
2959874	2959873	1
3957798	3957536	1
8839043	8839044	1
5433536	5433535	1
2568406	2568399	1
11663293	11662932	1
8710873	8710878	1
6700241	6700242	1
4130319	4130279	1
11170212	11170137	1
11942329	11942330	1
3051676	3051675	1
7745700	7745727	1
8418506	8418509	1
3799163	3799164	1
7555116	7555115	1
968713	968714	1
10290931	10290977	1
2165261	2159263	1
5431239	5431240	1
9812056	9812053	1
8755802	8755801	1
376097	376098	2
1521298	1521297	2
995703	995704	1
11926685	11926686	1
12467142	12466622	2
2697857	2697858	1
11148454	11148687	1
1529038	1528990	1
1698604	1699051	1
1832791	1832065	1
8975271	8975264	1
11178601	583657	1
3960716	3960255	1
402594	402593	1
10565419	10565420	1
7152545	7152546	2
10743561	10743562	1
8505895	8506515	1
5408756	5408755	2
8260267	8260660	1
3595709	3619613	1
7101191	7101192	1
10062724	10062854	2
2455270	2472667	1
12391323	12391324	1
7012821	7012822	2
1263036	1262465	1
2605918	2605953	1
9502857	9502148	1
9024837	9024838	1
6206884	6206880	1
7447496	5547113	2
3624974	3624967	1
6064639	6064922	1
6555451	6555568	1
5985879	5985882	1
1154366	1153370	1
7430986	7430985	2
11047008	11124939	1
6915699	6919206	1
10716747	10716748	1
1886594	1914712	1
10156687	10156451	1
6106458	6106446	2
4272719	4272720	2
771405	771406	3
2956427	2956432	1
10827304	10827303	1
5103207	5103208	1
8877462	8877461	2
6376824	6376823	1
3816927	3816928	1
7227117	7227118	2
7598892	7598891	1
8540660	8540929	1
2268831	2268832	2
9949443	9950054	1
4814932	4814931	1
9611293	9611294	3
1569143	1569144	1
883099	883153	1
5809750	5809715	1
7183980	7183979	1
12438304	12438301	1
12130634	12144835	2
3768682	3767826	1
4241085	4228080	1
3819738	4189608	1
7427407	7427408	2
6513144	6513143	1
2959876	2959875	1
10778121	10778122	1
3084165	3084115	1
1269247	1269248	1
6003643	6003644	1
6696076	6696075	5
10368857	10368858	1
7220458	7220477	1
2566758	2566757	1
8421753	8420837	1
2904484	2908970	1
8414909	656361	1
11385435	11385436	1
9255199	9255247	1
7535948	11465718	1
11287269	11287270	1
9969849	9969850	1
7680285	7680286	1
12466308	12150605	1
3908028	3908027	1
403655	403627	1
9011098	9011087	1
7441602	7441601	1
7262970	7262964	1
8901099	8901100	2
10478229	10478230	1
6632221	6634500	1
2100860	10857205	1
4252933	4252936	1
5196887	5187515	1
4510925	4510926	1
2549712	2549711	2
12522678	12522677	1
12055980	12055979	1
7451998	7451055	1
16309	21621	1
5379408	5380079	1
9493467	9493468	1
11034934	10940366	1
9294371	9294372	1
7931875	7931876	1
5742494	5742557	1
6649189	10117119	1
1705074	1705073	2
11707736	11707772	1
11593896	11593885	1
5450905	5450988	2
7160845	7161448	1
1264039	1264040	1
10529600	10529599	1
3879615	3879616	2
8805545	8804650	1
6103385	6103386	1
3406804	3426209	1
12480735	12479138	1
10931271	10931649	1
9110331	9110303	1
6604317	6611397	1
2642659	2642651	1
2655215	2655216	1
216827	216828	1
9983726	9983708	2
9721855	9730963	1
9754935	9753263	1
3109368	3109432	2
3456522	3456158	1
7818539	7818561	1
11773938	11773937	1
10913266	10913265	1
1839553	1104226	1
8548063	8548054	1
4418870	4418663	1
7950996	7951074	1
8041297	8041300	2
3085528	3085550	2
9693890	9693889	1
11439701	7546278	1
10642698	10642840	1
1226402	1226401	1
9667326	9666968	1
7918852	7918849	1
2579502	2579491	1
9096488	9096712	3
4310674	4239291	5
5233045	5233046	1
2189579	2189003	1
9344155	9344156	2
9423503	9423504	1
9832871	9832872	1
6406378	6406445	2
1016162	1016161	1
12814848	12814847	2
5739245	5739246	1
7002819	7002734	1
141427	141424	1
10927704	10927679	1
10838213	10838214	2
305226	305225	1
2333598	2333621	1
11600528	11600541	1
923697	925768	1
1589071	1589072	1
5982585	8961954	1
4238771	4239058	1
5017380	5016509	1
5511427	5512329	1
6239682	6239681	1
10683413	10683514	1
6878718	6921276	2
7117018	7117047	1
12202066	12202065	1
11536565	11536566	1
10345423	10345424	1
10441486	10441485	1
2524737	2524740	1
4634324	4634592	1
7909229	7909240	1
1443566	1443565	1
3255006	3255005	1
7910274	7910280	1
2177379	2177406	2
11577961	11577970	1
11760859	11760874	1
8350773	8350774	1
10302279	10302280	1
6276871	6459390	2
10340262	10340898	3
10922071	10922074	2
4687477	4687548	2
1157582	1157581	1
9333295	7259224	1
10877197	10877198	1
9582439	9582440	1
5573436	5573435	2
8355532	8355332	1
2013672	2013671	1
5141821	5142057	1
5690474	5690471	1
6116570	6114221	1
12172366	12172363	1
6106945	6107017	2
4259748	4259775	1
8805523	8805524	1
3021389	3022739	1
12486564	12486397	1
7506345	7505502	1
3293989	3295489	1
6733499	6733502	1
12187339	12187333	2
6490756	6490755	1
8440493	8440494	1
3101713	3101714	1
3278704	3278703	1
3870993	3870730	1
1943074	1943073	1
3500374	3500373	2
2425130	2425145	1
1483219	1468127	1
5577397	5577436	1
1463752	1474793	1
6781168	6781167	1
1379850	1379847	1
10956286	10956285	2
5046834	5048073	1
993456	993455	1
6580830	6303714	1
635161	635162	1
11696399	11696400	1
12509774	12509771	1
6248877	6248878	2
1829943	1829944	1
7626064	7626063	1
4063860	4063859	1
6504546	6504497	1
1549489	1549393	1
7548857	7548858	1
962522	4141787	1
4052047	3956201	1
4277398	4277529	1
9518771	9518772	2
6731300	6731297	1
11208081	11208068	1
7351842	7351841	2
1467909	1467910	1
4467796	4467795	2
3230287	3230290	1
1822832	1822831	1
10548410	10548409	2
12271517	12271702	1
2029590	2029152	3
1208057	1208058	1
5483413	5483173	1
6733539	6733540	1
826912	827773	1
6045847	6045851	1
3862988	3862987	1
5512921	5512922	1
4394382	4394331	1
1788027	1791850	1
6701863	4697020	1
4724287	4724288	1
5785261	5785254	1
10188980	10188979	2
53198	303130	1
2176019	2176020	2
1542114	1542108	2
10160636	10160465	1
4115272	4115275	1
3906148	3906147	1
4222038	4222037	1
9614972	9614971	2
5457293	5457294	1
9561127	9561128	1
11477041	11477042	1
2941653	2941654	1
570417	570418	2
1994120	1992359	3
130875	130320	1
8089823	8089824	1
12665777	12665783	1
12339281	12403687	2
216453	216592	1
5052119	8075301	1
4563780	6429791	1
11278186	11278185	1
6114570	6116701	1
4433344	10001434	1
11884109	11884110	1
4076545	4076550	1
12465049	12465050	1
4122184	4122183	1
7259653	7262801	1
10929804	10929353	1
9814171	9814172	1
9095414	9095413	1
8169867	8168428	1
12020311	12020323	1
10217738	10217737	1
6192809	6193043	1
3612109	3612110	2
1539545	1539548	1
5207446	5207445	2
3291383	3291384	1
11011820	11011819	1
12250212	12250209	1
7266480	7266477	1
9229077	4709001	1
915713	915714	1
4151027	4151028	1
9542287	9542288	1
10672387	10672388	1
11314014	11315706	1
2143853	2143863	1
10521595	10522484	2
9795511	9795512	1
5115525	5115526	1
5263455	5263456	1
8399107	8399108	2
11542787	11542788	1
504699	504700	1
60306	62041	1
8199818	8204870	1
3301540	3301539	2
2149492	2149491	1
10636927	10636928	1
8300972	8169227	1
9373568	9373567	1
7731195	7731199	1
18254	18253	1
9981519	6499412	1
12227253	12227195	1
3022067	3022068	1
6830033	5706295	1
10540438	10564179	1
4576975	4576976	1
7651879	7651887	1
6065197	6065198	1
5809460	5808507	6
9938639	9938658	2
3482652	3482784	1
1787168	1787226	1
4123115	4123116	1
6399412	6399411	3
11449687	11449688	1
9515717	9515718	1
3641007	3641008	1
3682274	3682271	1
4312914	4252227	1
4342796	4342795	1
10764763	1333070	1
12546963	12548892	1
6861909	7121964	2
6930475	6930520	1
5331380	5331379	1
1761180	1761188	1
10871867	10871868	1
7626370	7626369	1
3328120	3328119	1
12278897	12278898	1
8225063	8226392	1
2973677	2973678	2
353831	353832	2
1552803	1552804	1
5990581	6001500	1
555373	555374	1
11555735	11623950	1
4792952	4792949	1
10432006	10424995	1
2813936	2805502	1
8880180	8879931	1
10696372	10696371	1
11444005	11444006	1
2164284	2164283	1
7353028	7353025	1
1930857	1930858	1
7793747	7798997	1
1267409	1267410	1
10606954	10606953	1
10137593	10137594	1
5806783	5806786	1
9934630	9934617	1
6113245	6113246	1
5973568	8967390	1
8866863	8866868	1
9297846	9297991	1
2123610	10040890	1
8211409	8211413	1
9334713	9334714	1
1484692	1490511	1
11937342	11937341	2
9153102	9153101	1
11497455	11497456	2
8866861	8866862	4
1947271	1947276	1
62328	62342	1
3574449	3570883	1
270938	270937	1
2279852	2279851	1
8982787	8982788	1
803309	803346	1
1100118	1757417	1
6962571	6962572	1
11363029	11359719	2
6406597	6406745	1
6026889	6026810	2
11157052	11157162	1
1322512	1319591	1
7002811	7002812	1
10510233	10510234	3
7255253	7255210	1
1769867	1075724	1
9595920	9595989	1
5439057	5274773	1
10282374	10282371	2
7080845	7080846	2
8007084	8007019	3
7101044	7101031	1
7101098	7100317	1
2927261	2927262	2
2209020	2209005	1
4175255	4175256	1
10297532	10297531	1
7602703	7602704	1
5810344	5810361	1
7243828	7243871	1
4956820	4956935	2
7649274	7613755	1
8333729	8333737	1
11689043	11688890	2
3017946	3017613	1
2313531	2313532	1
6990946	6990960	2
4664405	4664406	1
930717	930718	1
7820385	7820472	1
10633947	10633948	1
6547927	6547928	1
2701225	2701226	1
8780824	8781021	1
5837943	5837950	1
3584134	3584100	1
5828759	5828762	1
4185500	4185499	1
9174439	9055805	1
10279777	10279778	1
7437318	7437317	1
11167757	11167655	1
11448002	11448001	5
1211606	1224922	2
7549112	7549111	3
4338023	4338026	1
407441	407444	4
6904537	7150476	1
8090414	8089822	1
1733878	1733877	1
6281940	6281939	1
9327177	9327178	1
11338036	11337159	2
1017096	1017094	1
5386198	5386197	1
9090962	9090959	1
8484671	8484934	1
2565740	2565515	1
5564108	5564036	1
7423773	7423774	1
1395227	1394429	2
1914058	1913948	1
325439	325440	1
11416618	11416615	1
8500859	8500860	1
8042024	8042021	1
9791576	9790649	1
9000967	9000968	2
948958	948957	1
11826180	11826178	2
2260194	2260191	1
8986735	8986736	1
7866599	7866600	1
4019046	4019045	1
1226315	1226316	1
9254085	9254086	1
3261471	3261948	2
9956077	9956078	2
7339485	7339486	1
12360177	12360119	1
6780239	6780240	1
2639507	2639508	1
9114457	9114458	1
3774500	2650524	1
2156104	2156103	1
10322849	10323474	1
12042773	12042848	1
6971808	5518040	1
2638857	2638858	1
6799370	6799326	1
3972786	3970622	1
2191550	2191549	1
7454089	7454090	1
9377665	9377666	1
5980968	5980963	1
6454628	6454623	1
2747607	2747610	1
3726762	3726777	2
11002818	11001587	1
4327281	4326854	1
1738085	1737994	1
1548990	1284455	1
10891048	10891047	1
8884501	8884477	1
9180107	9176434	2
12319183	10384392	1
7679919	7679925	1
8992638	9026440	2
7570077	7570065	1
12123012	12122994	1
3138115	3138116	1
6863815	6863864	1
9002986	9002820	1
6294159	6294160	1
3752366	3752365	2
11458337	11458338	1
3711145	3708691	1
6754139	6754483	1
10333133	10333134	1
10684497	10684500	1
11823711	11823591	1
2547951	2547949	3
5702904	5702901	1
5903946	5903785	1
6153911	8173261	1
11874432	11874073	1
6373084	6380023	1
3922113	3922116	1
11669567	11669568	1
10566480	10566546	1
5942711	5942485	1
2511559	2511560	1
2663458	2663457	1
9481528	9481527	2
4153635	2710556	1
6703896	6703895	1
6740796	6740774	2
4316567	4276619	2
3997241	3997242	1
1286600	1286599	1
11123070	11123069	1
3453631	3453632	2
4687509	4687510	1
8953870	8953873	1
11522466	11521078	1
3555932	7948808	1
1497865	1497868	2
4630521	4630522	1
3045492	3045491	2
5163765	5163743	1
348691	348692	1
7191395	7191396	1
1554627	1554448	1
6566903	6566891	1
10319207	10319208	1
345690	345679	1
171576	3192978	1
9345982	9345965	1
1022821	1022956	1
10450176	10450173	1
9466778	9472322	1
4220177	4220997	1
1201987	1356873	1
10487016	10486162	1
5937178	6107206	1
12303325	12303326	1
5019270	5019353	1
832344	833102	1
1322375	1322842	1
3217321	3216877	1
8252027	8252028	1
3924345	3924346	1
365861	365868	1
7134010	7134003	1
2176923	2176924	1
9781250	9781249	2
53876	53867	1
7622625	7622562	1
3753805	3753806	1
12207592	12207633	1
6742772	6742771	1
11183125	11183126	1
7867024	11007502	1
704997	704998	1
5541742	5266369	1
7325378	7325387	1
12246090	12246089	2
1121072	1120793	1
10455105	10455106	1
6940124	6939918	1
4115355	4115361	1
5238190	5238189	1
2952640	2952654	1
11662891	11663296	1
5418379	5418380	1
1579199	1579183	1
10689606	10689593	1
6406444	6406458	2
6437988	6437965	1
1048697	1532621	2
5191469	5191470	3
7815564	7815561	1
1693715	1693718	1
8160590	8153676	2
5317409	5329997	1
7243977	7243980	1
8024468	10181842	2
4416861	4416668	2
1162563	1162564	1
4784506	4795603	1
1979700	1979699	1
6512341	6512332	1
791725	791726	2
3454668	3454516	1
11903264	11780272	2
3525280	3525255	1
6399528	6399527	1
2929863	2929866	1
10311104	10311094	1
6635468	6635632	1
6148003	6148016	1
12125739	12131793	1
899570	899569	1
4186107	4183373	1
8655548	8655383	1
7689090	7689210	3
12525906	12532736	1
6352216	6352215	2
7128288	7128287	1
7987088	7986875	1
1758832	1758829	2
1007878	1007877	1
7951666	7942163	1
9728656	9728655	1
7873287	7873288	2
9336277	9336273	1
1724295	1724296	1
5472603	5472584	1
124383	21341	1
1137448	1137441	6
3775957	3775958	1
3053884	3053965	2
8686737	8687012	3
8812093	8812096	1
3924572	3925081	1
7618674	7618673	1
10997203	10997630	1
3558935	3558731	1
10232085	10232086	2
12422863	12422864	1
1103225	1103226	1
4547363	4548591	1
746519	746502	1
8281966	8281999	1
6311164	6311163	1
5045686	5045685	1
5546852	5543783	1
12018201	12244175	1
862061	862663	2
6791258	6791257	2
6089939	6089957	1
1468240	1468237	1
12465031	12464744	1
8990161	9049544	1
9053870	9053891	1
2748955	2834754	1
2575017	2575018	1
12467715	12467716	1
4637154	4637131	2
7152547	7152540	2
11184080	11157730	1
1196728	1195942	1
2940533	2940324	1
7414215	7414256	2
1448693	1448694	1
4956985	4956986	1
4991293	4990978	2
92758	92757	1
12679427	12679532	1
9465333	9465334	1
4146784	4147210	1
3922731	3922472	1
8826942	8826947	1
7940870	7940869	2
8583811	8583814	1
12671546	1281427	1
4802195	3477279	1
3193559	3193380	1
4063862	4063859	1
10228212	10228211	1
8008298	8008237	1
10192750	10192749	2
1008133	1008134	3
4554801	4554802	1
7430368	7430367	1
2483227	2483228	1
10920481	10920281	1
10858699	10858700	1
8193074	8485433	1
8986663	8986664	1
11417902	11417901	1
5578793	5578738	1
972134	972131	1
11522805	11522806	2
7179361	7179362	1
8616441	8616402	1
4130884	4130883	2
4369419	4369407	1
3445040	3446444	2
7717856	7717855	1
7941013	7940965	3
287143	287144	1
1379823	1384446	1
11317069	11534552	1
7153591	7153000	2
10436851	10491893	1
9624813	9624716	1
10133997	10133998	1
6192635	6192636	1
10238696	5130634	1
7812031	7812034	1
7185351	7402102	1
2876855	2876856	1
3991200	3993153	1
842722	842721	1
1832680	1832678	1
2638827	2638832	1
3993621	3993622	1
9001223	9019200	1
7685844	7685841	1
10774889	10774890	1
11749372	11743531	1
4049075	4047728	2
7285211	7158673	1
4081351	7588268	1
2479693	2479694	1
6433194	6433193	1
8748867	8748868	1
2709637	2709582	1
840788	808838	1
7673617	7673611	1
6906000	6903899	1
500455	500456	1
9524421	9524422	1
2235180	2235183	1
8416275	8416276	1
3756297	3755987	1
2770147	2770148	1
5439548	5439535	1
10649607	10649658	1
4531867	4531868	1
11852317	11852323	1
8892923	8893627	1
1491115	1491116	1
11482613	11482614	2
10121007	10121162	2
1453888	1453918	1
2572014	2558101	1
3875351	7352798	1
609650	608100	2
6635196	6634810	1
5279046	5279045	1
5486284	5486156	1
823672	835604	2
12425719	12425624	1
749393	749394	1
5448761	5448762	1
6875590	6875616	1
6743880	6743892	2
11629471	11629472	1
10247561	10247606	1
12187839	12187840	1
9138653	9138665	1
6287647	6287648	1
9077238	9077237	1
9516364	9517192	1
11669770	11669767	1
11552667	11552668	1
2559233	2558077	1
7862072	3234868	2
4043706	4043705	1
6730333	6634335	1
8964599	8964600	1
12387584	12387583	1
3813844	3815691	1
10184484	10183867	2
4695529	4695604	1
9980777	10200239	1
10749435	10749438	1
11054813	11054814	2
7310100	7305724	1
4122981	4122982	1
12510110	12509974	1
1098521	1098522	1
9230459	9230301	1
11580855	11580856	1
8450707	8450708	1
12691312	12691270	2
6519457	6519441	2
6803399	6803385	1
10597714	10573396	1
2950524	2950495	1
4009408	4009407	2
8815045	9139245	1
12181053	12181054	1
9772922	9772915	2
12612117	12612118	1
2146915	2146883	1
6458665	6458666	1
7096996	7096995	1
6715808	6715705	1
7563351	7551063	2
5832934	5832933	1
5726899	5724559	2
4722970	4722969	1
2495670	2495669	1
3733922	3733921	1
4940713	11788119	2
5965690	5965689	1
12120177	12120178	1
8463804	8463739	1
7562861	7562862	1
3055723	3055724	1
2594741	2594744	1
10885029	10885032	1
3030280	3023594	1
4191459	4191460	1
6951293	6942519	1
6952257	6952160	1
2492791	2489107	2
7585198	7585197	2
5949954	5949953	2
4232507	4232508	1
7964674	7964673	2
2865919	2866533	1
2576662	2576182	1
10653110	5981708	2
5089982	5087774	1
8353474	8354830	1
7775147	7775150	3
644775	644750	1
7190052	7190051	1
904020	904003	1
2704288	2704287	1
5691719	5691744	1
4213462	4213461	2
2416050	2416049	1
3408210	3398883	2
4356853	4356854	2
6076843	6076829	1
1363652	1372241	2
3884402	3884401	2
10253215	10253216	1
11249125	11249126	1
9062389	9062390	1
993458	993455	1
8528099	8528102	1
4955905	4955908	2
10127535	4356508	1
4387509	4387512	1
4937723	4937724	1
7933646	7933645	1
10509701	2765713	2
4265403	4265404	1
4447513	4447541	1
6190343	6190344	1
7293278	7293277	1
6785952	6785951	1
6036638	6036637	2
562235	562241	1
11079908	11079674	1
11593032	11595199	1
1802271	1802272	1
6503003	6503006	1
1235	1236	1
7912540	7912539	1
11305577	11305578	1
10984351	10984353	2
6114706	6114705	1
7411996	7411995	1
11465163	11465164	1
6926306	6926305	2
4046011	4046000	1
9865389	9870377	1
3703175	3703176	4
2634318	2634317	2
5493776	5493779	1
9437677	9435950	2
3977600	3977599	2
12248341	12248342	1
2013413	2013414	1
6635212	6635201	1
6802046	6801840	1
4669337	4669441	1
9774513	9774514	1
5056768	5051650	1
10520446	1626672	1
6523516	6523176	1
5701827	5714425	1
571322	575654	1
5260034	5260033	1
6832230	6832229	1
2644986	2645325	2
4149380	1303058	1
7740573	7740574	1
2438577	2438578	1
12304720	12304719	1
5292116	5292115	2
5942563	5942564	1
6660297	6660313	2
2802044	2802043	1
5046143	5046287	1
8540019	8540000	1
7090639	7090640	1
11999518	11999517	1
8546528	8610105	1
1961789	1961790	2
10161567	10161570	1
1768711	1768712	1
10047573	10047574	1
2332698	2332693	1
5481278	5481277	2
8455347	8455348	2
5562271	5564024	1
8571006	8571005	1
1732694	1733075	1
10260957	10260958	1
3068640	3068629	1
5838152	5838145	1
5762113	5762114	1
3980087	3979582	1
4598429	4598430	2
8327661	8327664	1
11166201	11166605	2
11983935	11983936	1
1973751	1973752	1
10331683	10331684	1
10794213	10794306	1
7994767	7994768	1
7466702	7466701	1
10071617	10071618	1
3881454	3881453	1
8580901	8580902	1
893899	938031	1
9851860	9852889	1
1578404	1578302	2
8629597	8629598	1
9992979	9992980	1
1465008	1466369	1
3898671	3898672	1
86922	86921	1
10634807	10634817	1
6664673	6666171	1
9548474	9548428	1
5206838	5206837	1
5708126	5708123	2
972134	972133	1
6548584	6549704	2
11640131	11640132	3
12432613	12432637	3
12783559	12783560	2
5144252	6137461	1
1079134	1079181	2
10144775	11733901	2
12015177	12015178	3
9355837	9356896	1
875736	899144	1
7112493	7112298	1
10693239	10693240	1
9395456	9395455	1
10871112	10871111	1
9626847	9626848	1
9152251	8861757	2
6797014	349515	1
4054693	4054694	1
9896492	9896489	1
511539	511540	1
12544521	12544522	1
786188	786187	3
5724476	50264	1
955279	955156	1
11798791	11822210	1
12780384	12780383	1
928151	928144	1
490644	490643	1
4253463	4253464	3
7746956	7746955	1
1785899	1788825	1
5017479	5017751	1
9832861	9832703	1
2248836	2249855	1
3994027	3993785	1
10492796	10492795	1
91802	82382	1
7514857	7514862	1
7625570	7625567	1
11555322	11555454	2
9464364	9464363	1
7660255	7660256	1
4637057	4637058	1
2104897	882351	1
507767	293749	1
7794153	7794145	2
662048	10994646	1
4518542	4518499	1
12305600	12305597	1
10797541	10797643	1
11615170	11615169	1
4172120	4170510	1
618791	618792	1
8573004	8573003	1
7607907	7609323	1
2158621	2158656	1
10489516	10489531	2
5131319	5131336	1
5996248	5996245	1
11742219	11742220	2
9229274	9229775	1
4248063	4248064	1
1050857	1050858	1
6937429	6937430	1
402592	402591	1
3429860	3429857	1
3619187	3438834	2
9168445	5926321	1
5985750	5981928	1
8875314	8875313	1
11621563	11623374	2
10348498	10351469	1
4212123	4212124	1
8299588	8299587	1
3532443	3533019	2
10080146	9966416	1
4211715	4211716	1
12152735	12152738	1
2868846	2868845	1
5924569	5924570	1
1837405	6049504	2
7717262	7717301	1
5089017	5089018	2
11386041	11386127	1
2750331	2750334	1
4178578	4176536	1
4739844	4739659	1
5115527	10241943	1
10569974	10569518	1
10600390	10600387	1
10854802	10854805	2
4060377	4060554	1
12546141	12546142	1
7805201	7805191	1
7152613	7152614	3
4850183	4850186	1
9849859	9849860	1
11919170	11921032	1
10414151	10413992	1
10506898	10506897	1
7990839	7993804	1
11327263	11327299	1
752045	752046	3
9675473	9675491	1
7681051	7681901	1
11901499	11901513	1
12636901	12625773	1
6305803	6305804	1
3893228	3893215	3
12140073	12140076	1
6182232	5466788	1
4825804	4825792	1
1878713	1878527	1
2577309	2577323	1
366141	5241999	1
8317061	8317062	2
11784135	11784106	1
7851777	7851778	2
8448011	8407535	2
6110161	6110140	1
8452055	8452056	1
3380371	3380372	1
5560099	5560100	1
10779755	10779756	1
11162040	11168457	1
1242015	1242003	1
1618815	1618816	1
9362177	9362178	1
2337459	2337464	1
7465311	4192669	1
3431138	3431141	1
11455170	11455169	1
7934544	7934541	2
9391229	9385470	1
2472473	2512963	1
3796846	3561351	2
2544958	2543745	1
10581413	10581477	1
4993657	3900081	1
10186851	2317422	1
11118541	11118542	1
5094590	5094585	2
3277034	3342850	1
7458264	7458263	1
8423975	8423976	1
2642412	2648607	1
5833941	5833942	1
3604687	3604688	1
6674065	6708276	1
10750179	10750182	1
11896223	11896224	1
10314005	10314006	2
12141446	12141524	1
801365	801366	1
10393657	10393842	1
1778177	1778465	1
6470723	6470724	1
10191732	10191731	1
5797571	5802282	1
8491094	8490678	1
5346953	5346954	1
2930965	2930968	1
963304	963338	1
4734901	4795420	1
609569	520328	1
4444342	4444355	1
642222	642221	1
8418107	8298568	1
12174845	12174846	1
3812604	4123219	1
10853708	10849583	1
11918398	11918397	2
11914396	11914395	1
4019414	4019413	1
4406895	4406896	2
3854969	3854970	1
11671891	11671892	1
5373509	5373510	1
2930059	2935917	1
6316277	6316278	1
1978383	1978438	2
118012	118011	1
5538814	5538813	1
3386776	3387556	1
10338797	10346104	1
5913320	5913464	1
9351796	9351795	1
9092643	9092644	1
8871601	8871602	1
4211364	4211361	2
11435143	11435144	1
7980399	7980438	1
12472862	12473210	1
11757105	11757107	1
3999740	3999739	1
8845556	8715737	5
10204031	10204017	1
5460759	5460760	1
4431902	4432988	1
10105630	10105629	2
12143416	12503030	1
11788433	11788439	1
4042015	4042016	2
10811798	10811797	2
3301000	3290169	2
6807151	6807152	2
9381278	9381275	1
5855736	5855735	1
4503758	4503079	1
8158900	8158915	1
10135546	10141120	1
6450007	6425167	1
7005003	7005016	1
7100278	7099998	1
502812	502561	2
1582414	1582413	1
11402349	11402350	2
4920809	4920810	1
6769877	6769881	1
10828598	10828546	1
4248950	4248992	2
8437967	8437953	1
6394302	6394301	2
7835839	7835840	1
116690	116689	1
10227989	10228079	1
5948132	5948131	1
2399941	2399811	1
11006981	11006959	1
2952313	2952309	2
8870594	8870587	1
1223772	1223744	1
4294898	4294903	1
7373231	7373232	2
8940119	8940557	1
6155348	8246778	1
322119	322120	1
4001995	4001996	1
12796551	12796554	1
6655303	6654611	2
6297479	6333690	1
5323111	5357661	1
284597	284598	1
5927299	5927300	2
3972785	3972794	1
1837495	1837506	1
8696912	8696611	1
2169738	2169847	1
9504531	9504532	1
10246673	10246695	1
489545	489546	1
1121834	1826084	2
6975440	6975439	1
8533993	8533946	1
7799684	7799683	1
4449435	4502883	1
2892275	2892276	1
5016636	5016639	1
10224011	10224012	1
10609738	10609729	1
1532284	1532368	1
8502356	8499453	1
6865436	6865446	1
1168862	1168013	1
366374	372746	1
4369419	4369405	1
8101097	8101100	1
3764913	2651205	1
6032865	8067555	1
11750810	11750858	1
10882882	10876770	2
1070395	1070396	1
3145757	3145758	1
2563160	2563159	1
9567077	9566967	1
6256566	6254316	2
1317358	1317343	1
6782219	6782021	1
2003356	2003355	1
1073541	1121765	1
11676097	11676072	1
8989621	8989622	1
7066887	7066730	3
4305828	4305827	1
11461310	11461837	1
7699170	7699029	1
4776220	4776219	1
2850459	2850460	2
6755074	6755073	1
4080270	4080267	1
8212109	8212110	2
8900109	8900110	1
11907137	11907106	2
6788466	6788454	1
116848	116845	2
5673008	5672969	2
9552955	9552956	1
10199334	10199333	1
4030182	4030193	1
11593175	11593193	1
7765578	7765581	1
11241572	11241588	3
1390375	1390376	2
7018296	7020905	2
2700253	2700254	2
2317080	2316946	2
1665487	1665488	1
7583374	7586393	1
4361037	4361003	1
6452030	6452029	2
11635190	11635153	1
6277531	6277528	1
9136111	9131649	1
7508755	7508794	2
12401394	12401422	1
9123285	9123308	1
1260626	1260632	1
4437852	4437851	1
3822037	3822038	1
956615	956616	2
3309298	3309297	2
6712793	6712794	3
11705342	11703182	1
5420199	5420200	1
1045159	1045254	1
7050999	7051000	1
10977601	10976166	3
9421122	9421121	2
6147776	6147069	1
2964993	2964977	1
5825781	5824020	1
5880808	5880807	2
4334720	4334719	2
11433420	11432423	1
3982821	3982822	1
1169098	1170029	1
5596021	5595852	1
12330081	12330120	1
4050645	4050384	1
11637636	11637647	1
6443703	6443690	1
6243475	6243476	1
11864959	3735992	1
4205723	4205724	1
2743059	2743060	2
12719489	12719549	1
2084261	2083210	2
10381862	10382887	1
7142068	7142085	1
4220988	4220176	1
662923	662924	1
395906	395905	2
3202757	3201972	3
4647435	4647286	1
6843579	6843599	1
11561413	11561414	1
5711884	5711883	1
11774369	11774370	1
9054697	9054698	1
3518160	3518185	1
767147	940707	1
11094525	11094295	2
6512173	6513204	1
5465033	5279104	1
9025070	9534015	1
9466660	9465844	1
8282068	8282067	1
11612793	11612794	1
11930773	11930774	1
6877834	6877833	1
9675421	9676569	1
6290389	6473244	1
2899877	2899878	1
4331312	4331543	1
12517846	12517843	1
6297691	6297692	1
3913261	3913262	1
3266225	3266226	1
12292807	12292959	1
1627476	1627475	2
7602701	7602702	1
5883310	5883309	1
3924927	3924928	1
12799053	12799054	2
4739337	4739338	1
4519394	4519393	2
1501614	1500802	1
4270916	4270915	1
1140829	1140830	1
3427463	3425403	1
9343362	8900798	1
8818250	8805527	1
6886477	6886478	1
5243891	5243335	2
7388808	7388328	1
6865375	6865425	1
4691623	4691624	1
6946605	6931263	1
8354358	8354357	1
11202432	11202431	1
2561943	2561944	2
1081664	1081930	2
1665523	1665524	2
9372145	9371973	1
6513142	6513141	1
6950161	6950162	3
6504820	6504808	2
5239767	5239768	1
2635694	2635685	2
10320018	2876952	1
6265830	6265829	1
10074347	10074349	1
6590945	6590946	1
4248516	4248515	1
10431497	10431498	2
12808010	12808009	1
2776021	2777352	2
6765686	6766215	1
12566266	12771322	1
8064399	8064400	1
3015770	3017749	1
11120761	11120762	1
12328187	12328188	1
3028799	3028800	1
8179539	8179532	1
11935413	11874884	1
4306545	4306546	1
5828345	5828346	1
7634278	7634277	1
2577625	2577626	1
9526310	9526309	2
10839230	10839229	1
5370003	5370004	1
2864774	2861836	1
548550	679416	1
8344630	8341211	1
621281	621282	3
5454292	5454291	1
1524545	1523645	1
10974181	10980344	1
4657150	4657118	1
4736855	4736856	2
8394404	8395572	1
4565384	4565380	1
7318059	7318177	1
1073489	1073473	2
8781668	8781643	1
6126449	6120973	2
10613121	10613104	1
6288022	6287895	1
7864938	7864956	1
8888403	8888404	1
7914617	7914391	1
667580	667579	1
7080865	7080868	2
5068507	5068508	2
514678	106260	2
6084632	6084631	2
10903365	10905227	3
10165994	10166197	1
7141372	7143605	2
1752194	1751936	1
571326	571325	2
7591305	7591306	1
9931334	9931337	1
10446124	10446088	1
2615185	2615120	2
4860023	4860024	1
3218868	3218688	3
10855716	10855715	1
2263812	2264035	2
7975741	7975742	1
8742988	8743153	1
3358671	3359240	1
2429169	2428210	2
8015866	8015890	1
2788260	2788347	1
3006797	3006798	1
2078163	2078164	1
8407710	8407709	1
11294604	11624144	1
8421648	8421647	1
1144213	1144214	1
8271228	8270183	1
7087269	7087270	1
6014609	6014425	2
1050540	1080067	1
12807378	12807992	1
16311	21621	2
9328401	9786851	1
1639161	1639132	1
548203	548259	1
928758	933447	4
8884166	8884180	1
11173864	11173214	1
10381456	10381177	1
11278428	11277760	1
6739088	6739186	1
11391429	11391746	2
1325084	1325083	1
8399583	8399584	2
6828333	6828334	1
8224907	8224908	1
3122071	3122072	1
1586923	1586924	2
5943852	5943851	1
4294388	4291910	1
10927838	10927837	1
275564	275563	1
296943	296972	2
2362232	2362231	1
4223985	5292706	1
5889909	5889910	2
559162	559237	1
1831301	1831304	1
7965917	7965918	1
3596833	3596834	1
3737198	3737197	1
4347453	4347458	2
2010590	2010589	2
11753240	11753239	1
7377841	7377842	2
10363862	10359930	2
554589	554590	1
11201507	11201508	1
5494333	5494336	1
2431495	2431496	1
4142937	4142938	2
7978597	7978558	1
9335988	9330467	2
7996724	7996723	2
8361044	8361054	1
9168282	9168305	1
5739257	5739258	1
2661913	2661914	1
1455579	1455563	1
2558506	2558504	1
12198801	12198724	1
1874431	1873689	1
9471654	9471651	1
484499	484500	3
1253291	1253292	2
993352	997273	1
4867068	4866689	1
10316400	10316551	1
5146621	5146622	1
5223402	5223399	2
12000300	12000289	1
4243783	4243784	1
10255071	10255090	1
6087536	6089076	1
4132176	4132173	1
9326397	9326400	2
5575729	5575730	1
5328239	5361242	1
11622753	11622289	3
2271145	2271149	2
11155028	12643001	1
11711211	11711212	1
9329630	9329629	1
10759962	10435483	1
8748174	8747347	2
8680099	8680102	3
4052047	3956203	1
5554446	5553394	1
6597095	6597098	1
6441377	6439521	1
7882232	7882231	1
968707	968712	1
584136	584141	1
2552550	2552549	1
1676752	1676861	1
12338646	12338645	3
1298824	1298775	1
12293832	12292323	3
5714425	5714426	1
3389429	3388888	1
8988392	8988391	1
12517400	12517399	3
8232778	8232777	2
11728217	11728358	1
8520401	8521728	1
3948571	3948572	1
8209963	8209858	2
3783313	3783314	1
1003450	1003449	1
12764523	12764524	2
8809877	8809878	1
5097335	5097336	1
1454985	1454946	1
4844631	4844684	2
10556828	10556813	1
4860767	4860811	2
10891932	10891931	1
12183168	12183293	1
4515679	4515680	1
1151364	1156259	1
5327	5330	1
12451615	12451616	2
3601221	3600025	1
6874150	6873835	1
4306896	4306747	2
12485124	12485123	3
6027170	6027169	1
2363847	2363848	1
7766488	7766487	1
10288667	10288668	1
9121322	9121321	2
348516	348501	1
3925900	3926086	1
2957688	2957687	1
9119189	9119223	1
12509300	12509295	1
3785117	3785930	1
1768930	1768929	2
2437849	2437855	1
7867744	7867752	1
7630276	7630275	1
4479723	4479714	1
3800834	3800766	1
2399008	2399011	1
12683943	12683944	1
9607954	9607953	1
6896731	6896732	1
3080249	3080231	2
12688059	12691334	1
1255793	1255794	1
2590031	2590055	1
169781	169782	1
9384283	9384284	1
6632774	6632773	1
12681383	12681384	1
484397	484375	1
10589945	10589948	1
2055565	2055566	1
7851443	7851427	1
3201487	3200199	1
6105804	6105803	3
5192794	5192793	2
650985	650986	1
11158067	11158787	1
9828406	9828405	1
92143	92057	1
6144341	6144342	2
7550494	7550477	1
7384443	7384426	2
11224508	11224507	1
1718787	1718788	1
10467658	10467636	3
7934544	7934543	1
5670044	8858077	1
2591401	2590162	1
5014292	5014291	1
1300238	1301582	1
180167	180172	1
2874394	2852534	2
11785545	11785546	2
320846	320808	1
177065	177070	1
9186747	8980323	1
9194366	3678655	1
7599670	7599669	1
11788064	11788067	1
7852340	7852339	1
5833747	5833014	1
11996767	11996768	1
1655176	1660032	1
11648615	11648881	1
5785699	5785700	1
10292912	10292911	1
3202854	3202802	1
10891491	5439939	2
7195153	7193733	1
6106461	6106462	1
3993134	3993127	1
11898181	11898182	1
10475594	10477601	1
6573638	6347698	2
12339297	12339298	1
10211548	10211547	1
6905890	6876507	1
4713745	4713794	1
1737558	1737557	2
10797547	10797682	1
8099368	8104171	1
3228495	3228496	1
8383636	8383633	1
12184457	12184459	1
1401152	1357463	1
11864959	11864960	1
11828528	11866959	1
7354872	7354871	2
11567111	11567112	1
655290	657540	1
7430557	7430558	1
2265486	2371575	2
11994795	11994796	1
3558937	3558731	1
7933644	7933612	2
4552064	4552063	1
3521722	3521721	1
1295866	1296206	1
7964858	7964918	1
7925474	7925510	1
5009369	5009372	1
10622521	10621617	1
1671559	1671560	1
11770295	11770417	3
2934356	2934355	1
5171304	6817901	2
335097	335098	2
10652569	10652548	1
3786293	3786294	1
588716	586835	1
2788286	2788285	1
9385842	9386594	1
1894625	1894626	1
5812464	5812445	2
1421915	1421835	1
11931100	11931099	1
4120482	4120976	1
11669502	11669507	1
12394691	12394692	1
9300304	9795021	1
6884420	6879086	1
6386710	6387019	1
4684945	4685164	1
1113902	1834342	1
4295470	4846138	1
1155166	1155165	1
7955338	7955337	1
3292269	3292270	1
2309461	2309462	1
6678862	6679048	1
8341604	8341890	1
673076	673105	1
9909403	9909404	1
6572557	6572558	1
12722668	12722671	1
12369059	12369019	1
1085387	1085388	1
4611064	4611063	1
2926751	2926061	1
11561066	11561065	2
8010256	3958755	1
5527516	5527674	1
12295088	12209421	1
2797131	2797123	1
6572558	6572561	1
1438733	1460807	1
5878004	5877989	1
111571	9893699	1
10045747	10045750	1
10402297	10402293	1
11298334	11298333	1
5628655	5628656	1
9020830	9020829	1
11927100	11927064	1
11859514	11859513	1
8990855	8990290	1
5480223	367487	1
11767328	11766348	1
5575923	5575924	1
5276485	5276486	1
9572628	9572005	1
7446471	7446472	2
2652486	2652523	1
1476045	1476046	2
8129534	8129324	1
11806967	11806753	2
12444385	12444490	1
4256060	4256059	1
6558547	6558548	1
6075886	6066962	1
8032975	8032939	1
7456982	7457173	3
11410321	11409298	1
4821678	4822593	1
12641595	12641596	1
5435401	5435459	1
6735003	6735006	1
6430309	6430310	1
4230618	4240283	1
9792946	9792945	1
8316822	8316890	1
12265469	12265463	1
7160482	7160481	1
1101207	1101421	1
1000772	1000771	2
307448	307451	1
10953976	4128889	1
11301508	11301477	1
8256515	8256516	1
9041598	9043479	2
4630648	4594643	1
2106219	2106220	1
1300687	4169193	1
5180131	5180069	1
2375460	752132	1
7456097	7456098	1
7576705	7576706	1
4045015	8016169	1
3078159	3078153	1
5217447	5217448	1
12724571	12724572	1
5565198	5565197	1
6549032	6549029	1
5601646	5601637	1
12560197	12558390	1
10193066	10192797	2
2117735	2117361	1
5764265	6023748	1
6303687	6303688	1
8492632	8492629	1
1877461	10078014	1
7830208	7830214	1
443006	443005	1
2940374	2940373	1
7663629	7654546	1
5418223	5418224	1
11447674	11447731	2
3198152	2836240	2
2585809	2585810	1
10455195	10455012	1
146132	146131	1
11518867	11518868	1
9778521	9778316	1
1706056	10402909	1
7777140	7776984	1
4442222	4442258	2
5709960	5376785	2
3821413	3827120	1
8420741	8420896	1
8400858	8400857	1
12276023	12278167	1
7557128	7557127	1
4554133	4554025	1
9072232	9072231	1
12417062	12417061	1
2181467	2182030	1
6187921	6187709	1
3988778	3987986	1
7288912	11649511	1
7407797	7203018	1
2927120	2927223	1
12290708	12290492	1
3367725	3381394	1
5245086	5245085	1
5495820	5347556	1
3359040	3358905	1
3871182	3871181	2
7102689	7102615	1
6643203	10171072	1
9324085	9324088	2
11690037	11690042	1
9064328	9064327	1
8299217	8299231	1
7401396	7401395	2
7398930	7398929	3
4346365	10107048	2
5949810	5949809	1
10600392	10600391	1
1321827	1321830	1
4524210	4524296	1
3763781	3763782	1
11132637	11132640	1
7580976	7580961	2
1598007	10480103	1
12392788	12392785	1
4601885	9971388	3
7117175	7117176	1
1261846	1261845	1
2309463	2309464	1
2436928	2418369	1
5401439	5398209	1
6215640	8471906	1
7878488	7878672	1
9652241	9652242	1
4463456	4463455	1
12766794	12766832	1
4668880	4668879	1
8103915	8103916	2
11480330	11480329	1
1507311	1507314	2
3789944	3789928	2
6733641	6733642	1
6759374	6759373	1
7391126	7390941	1
5156289	5156401	1
382608	382611	1
6442275	6457610	1
7434507	7434735	1
1211226	1211225	1
11675828	5714513	2
900564	900563	1
12149849	12149850	1
4269854	4274077	1
3010002	3010001	1
7035343	7035246	1
9795872	9796316	1
8521398	8521387	1
6497128	6497118	1
3184063	3184064	1
11118219	11118205	2
6999668	6999939	1
10893719	10893720	2
5901509	5901510	1
798971	798972	1
8391686	8391685	2
8060698	8060681	1
2371912	2371835	2
1132301	1132543	1
5102949	5102950	1
8745868	8745867	1
8519328	8520283	1
2169237	2166703	1
10587407	10587408	1
9638451	9638468	1
7560154	7564397	1
12339356	12407563	1
2376097	2376098	1
11770159	11770455	1
7637950	7637949	2
2582074	2580374	1
5438614	5437595	1
157943	157959	1
5630704	5629254	2
2348180	2348198	1
11305597	2689574	1
1310334	1312413	1
10328891	10328892	2
6395387	6395388	1
6174337	6174350	1
4822507	4822508	1
6140308	6140305	1
5920024	5920023	1
7200819	7200784	1
2405889	2405387	1
7261931	7261932	1
11890782	11815130	1
4218406	4218396	2
5209961	5209966	1
2279912	2279701	1
7560842	7559869	1
3324421	3324422	1
6632794	6632650	1
2635140	2634313	1
2751060	2751045	1
12560130	12560129	1
10275509	10275510	2
2278933	9979692	1
3985908	3985907	2
3606547	3607224	1
8925840	8925839	1
10689033	10698212	1
10561215	10561216	1
8250527	8250528	1
294240	294237	1
9575763	9577518	1
10895288	10895287	1
12146773	12146852	2
1222140	1221088	1
8873406	8873464	1
4760287	4760288	1
660378	660377	2
10489431	1586531	1
5258716	5258715	1
3036596	3037706	1
10605604	10603719	1
10897435	10897407	1
1782427	1782420	2
9850211	9850249	2
7770202	7770201	1
5575810	5575809	1
566036	566033	1
3196185	3195402	1
9164859	9164860	1
9495051	7070851	1
4687511	4687512	1
4075060	4075059	1
1556860	1556859	1
6830043	6829949	2
3125517	3125520	1
5878018	1823306	1
1863611	1863612	1
254372	254371	1
6767565	6767566	1
11834448	11834447	1
3218356	3218642	1
3533247	3533248	1
6509376	6510105	1
8183941	8183942	1
1385628	1385627	1
5211846	5211690	1
3638236	3636740	2
6946674	6946695	1
7122041	7122049	1
4524208	4524296	1
2491468	2621462	1
10148560	10073918	1
10041399	10045189	1
10993717	10993718	2
5510467	5510470	1
6634320	6637367	1
9128495	9128496	1
10018104	10018299	1
12766101	12766102	2
9048712	9047247	1
11619584	11619583	1
3141295	3141296	1
4045172	4045171	1
11970134	11969179	1
3790905	3790906	1
2083831	2083832	1
4772647	4770303	1
8971862	8971859	1
6656988	6656991	1
5022510	8085201	1
10118807	10150812	1
2651692	2651691	2
7711524	7711693	1
9684651	9684620	1
11868868	11868867	1
7799693	7799685	1
2251079	2251197	1
1068759	1068760	1
12194433	12195417	1
1132174	1132413	1
6369764	6347731	1
3139135	3139138	1
5218925	5218848	1
10398892	10398891	3
8959327	8961664	1
333925	333878	1
963103	4144042	1
1616373	1616374	1
1625005	1624822	1
5110594	5110593	1
12036283	12036284	1
9452904	9452881	1
6064912	6064243	1
10017109	10108101	1
2551224	2551223	1
7384781	7384061	1
6367821	6359330	1
9363450	9363447	1
8889305	8888880	1
4676310	4676307	1
3551159	3551160	1
54704	54699	1
12319442	12319441	1
7594307	7594308	1
7246598	7246661	2
2340438	2340437	1
5860952	8338534	1
4949467	4949468	1
10831287	10827616	1
923662	923661	1
5233611	5233599	2
5764681	5764558	1
1376145	1376128	1
8082693	8087747	2
7563110	7563107	1
3871833	3871834	1
4920437	4926078	1
10702317	10702318	1
6092296	6092295	1
11853105	11853106	2
18449	18899	2
842049	842050	2
12386585	12386586	1
10443514	10443518	2
2754607	2755059	1
7255211	7255212	2
11742174	11742177	2
603029	603030	1
10861355	10861356	3
10282542	10282541	1
11602636	11602635	1
4550864	4550946	1
7491422	7492629	1
5110898	5110897	2
8864632	8864631	1
11554803	11554778	1
87378	87377	2
6463396	6463395	1
8880675	8880676	1
9902795	9902826	2
12172009	12172016	1
11493514	11493513	1
12182173	12182152	1
3315577	3316241	1
1109277	1109278	1
1713416	1713415	1
4115163	4115164	1
6059408	6057182	1
10160296	10160295	1
11065144	11065055	2
5142670	5135347	1
8405608	8405607	1
10159799	10159800	1
1860817	2215271	2
12616986	12616985	2
11785547	11785548	1
7421073	7421074	1
6614986	6616350	1
2102622	2102693	1
8490085	8490060	1
9031846	9032351	1
9168630	9168629	1
541228	541227	1
8175669	8175690	1
4365751	4365973	1
5694231	5694232	1
4296677	5365632	1
9760383	9758813	1
5508565	10924688	1
5320774	5320840	1
4493775	4493946	1
3534109	3534110	1
7117643	7117000	1
10983208	10983207	2
10480579	10480147	2
11041727	11041322	1
12485943	12485962	3
5518392	5518391	2
2280369	2280370	1
6075623	5986918	2
7090181	7090215	1
3535054	3535053	2
44393	44396	1
11128332	11128331	1
2956844	2960248	2
10022761	9994736	1
7363360	7363357	1
10638165	10642326	2
11833088	11833087	2
160398	159863	1
399266	399265	1
9424586	9424585	1
6541344	6541343	1
8424288	8439480	1
3153598	3153768	1
6837040	6837067	1
7425970	7424762	1
3062470	3062946	1
2304782	2304781	1
8081199	8081140	1
8757215	8757216	2
9286779	9286623	2
10911169	10911172	1
9914769	9927605	1
6524470	6523081	1
9665704	9665703	2
357125	357226	1
3873364	4033390	1
10290886	10290862	1
6824305	6824333	1
336196	336184	1
6562685	6562715	1
10547992	10539237	1
325846	325843	1
6781285	6781286	1
987934	987950	1
7681738	7681367	1
11231791	11231792	1
7965516	7965513	1
4173660	4173281	2
9705855	9706141	1
8558967	8558968	1
2296543	2296538	1
10321733	10327272	2
1262618	1262617	1
4032457	4032458	1
8222379	8222382	1
1173751	1173754	1
7546971	7546972	2
11752504	11752486	1
10271631	10271655	1
2563440	2563491	1
5018764	5019061	1
12487036	12472569	1
2221979	2220758	1
7489926	7489929	1
9753403	9753289	3
10566133	10704135	1
1463723	1463724	1
6664745	6664746	2
12037157	12037158	1
2230176	2230175	1
9803776	9803775	1
7909936	7909935	1
10990524	10990523	1
1441038	1441037	1
2934722	2934721	1
11006685	11006686	1
9484473	9484474	2
3972615	3972616	1
4107603	4107928	1
10916698	10916697	3
10881978	10881977	2
12727178	12727334	1
8862580	8862579	1
11737258	11737331	1
4993655	3900081	1
3554854	3554829	1
7829955	7829958	2
6766234	6651025	1
8441163	8440705	1
11854941	11854942	1
9752951	9753561	1
6337012	6337011	1
362897	362900	1
10370547	10654990	1
6347850	6347849	1
10230498	10230495	1
5382233	5382234	1
1472086	1472085	1
2745227	2745228	2
4355474	4355473	1
11282867	11279685	1
1320169	1320170	1
10757022	10757021	1
11463683	11463686	1
1195246	1195245	1
827469	831391	1
5792542	5782172	2
1014769	1223680	1
7911172	7912710	1
9479250	9479249	1
12805768	12805833	1
3283773	3283208	1
1098202	1098201	1
8250525	8250526	1
1861045	1861034	1
7887924	7887923	1
1220017	1220018	1
8851977	8851978	2
11667644	11667643	1
6587367	6587831	2
1353145	1353316	2
2228213	2227115	1
1573430	1573429	1
4103880	4104905	1
3704025	3704028	1
12746592	12746616	2
488799	490643	1
5154373	5154374	1
2907370	2908409	1
440306	3305073	1
6084630	6084535	1
7606162	7605736	1
8047440	8047464	1
3323757	3323758	1
1793778	1793777	1
5821108	5914399	1
10904068	10873743	1
9528803	9527518	1
10795493	5751304	1
10205236	10205220	1
4342133	4343152	2
4805741	4805742	1
7435763	7435768	2
7580648	7580647	2
4055913	4055916	2
5145507	5143953	1
4589993	4590089	1
8837147	9087917	1
10328478	10328477	3
6571601	6571602	1
9269853	9269916	1
6526862	6527014	1
8665316	8665293	1
2017109	2017112	1
3618818	3618754	1
9839086	9839083	2
5889725	5889785	1
650993	651031	1
12481027	12481028	1
5580062	5580061	1
2759265	2759266	1
668239	668242	1
7865962	7865974	4
2261	2264	1
4095738	4095737	2
3884646	3883391	1
7670696	7980572	1
7011682	7011681	1
369185	369186	1
6471249	6471250	1
1275703	1275704	1
9630084	9615370	1
11794313	11794314	1
2661953	2661954	1
8866231	8866392	1
287000	286999	1
8283036	8283847	2
510023	510024	1
2832832	2832811	1
8375382	8375390	1
363830	363829	1
9875710	583261	1
4557201	4528840	1
6608877	6608878	1
3708849	3708850	1
2728366	2728353	1
1112808	1113412	2
2432051	2432002	2
2480686	2481347	1
12236976	12236975	2
2785727	2785747	1
1939108	1904477	1
10118043	6641765	1
4045910	4045366	2
4716791	4716786	1
11062724	11062754	1
11534905	11534906	1
4526546	4263036	1
2723852	2723876	1
6447783	6448855	1
4209383	4209384	1
9739691	9739692	1
7203988	7203987	1
10030007	10029571	1
5317658	5317657	1
11132827	11132828	1
10575509	10575510	1
6662523	6662377	1
10192044	10192043	1
10728068	2735732	1
6368448	6368404	1
7713757	7715001	1
567790	567789	1
5689086	5689085	1
4066728	4066723	1
9478349	9478350	1
11116608	11116607	2
3501239	3501240	2
7360047	4033813	1
6419688	6419687	1
6032872	6032871	1
3290368	3290367	1
7186867	7186885	1
7310102	7310101	3
6296597	6296600	3
780579	780580	1
8764937	8764938	1
11017403	11017198	1
3830457	3830458	1
6496900	6496899	1
8741210	8741209	3
11596791	11596792	2
2350446	2350445	1
8692439	8692440	1
11108150	11108137	1
764597	764598	1
10296879	10296880	3
5328021	5328022	1
12196603	12491532	2
1995698	1995673	1
7931873	7931874	1
4738511	4738514	1
3747451	3747452	1
2405534	2409274	1
7461653	7461654	1
7778318	7778315	1
11206754	11206749	1
2319020	2319019	2
9865216	9865215	1
892742	892709	1
5021906	5021956	1
7768632	7806237	1
5895484	5895483	1
1169571	1169572	5
7596386	8984218	1
10476968	10477319	1
6523124	6523172	1
10540589	10540061	1
4496689	4496690	1
2452526	2452525	2
8397733	8397734	1
841000	840999	1
12613167	12613123	2
9244524	9244523	2
5821606	5821447	1
8919987	8920052	1
1396960	1396999	1
1935625	2165633	2
11149382	10983821	1
708659	708677	1
482957	482958	2
10096804	10096855	1
1530417	1530418	2
1853963	1853966	1
7154893	7154894	1
7660607	7660608	3
12533710	12530435	1
10389353	10389354	1
4713532	4713531	1
1552869	1553527	1
10823179	10823180	1
7241501	7241493	1
11256255	11260648	1
286025	286048	2
1591391	1591394	1
297677	588117	1
431811	431880	2
9092600	9092599	1
4827417	4827418	1
10454239	10454242	1
6507871	7446401	1
9154427	9153074	1
8355205	8355206	1
4532375	4532460	1
3773079	3773080	3
8275950	8275949	1
7401672	1276435	1
6128042	6128041	1
12036635	12036945	1
4356988	4356987	1
5977082	8965422	1
7580838	7580524	1
11375245	11375246	1
12603785	12603786	1
1510885	1510886	1
10901914	10827168	1
9887261	9887262	1
1376323	1376324	2
9564200	9564199	1
11370590	11354094	1
6471701	6471702	1
3042992	3042991	1
8417650	8380663	2
2859778	2859777	2
7043949	7049936	1
3651704	3651676	1
5314736	5314719	1
7998008	7998005	1
3460759	3460722	1
1141859	1141860	1
2993426	2993425	2
3065939	3065940	1
5556667	5556668	1
12262245	12262246	2
783045	780749	1
1303280	4149337	2
561955	466175	1
6750956	6750955	1
5632384	5632383	2
7066980	7067850	1
2852211	2852222	1
11414950	11414949	1
6860786	6860797	1
4486621	4486622	1
6968157	6966713	1
9093706	9097884	1
8264108	8259006	1
2958424	2958521	1
9434329	9432638	1
8808997	8809000	1
6309077	6309078	1
44742	44741	1
4525120	4525119	1
5526552	5526549	1
819011	819012	1
12515948	12516415	1
12550689	12549628	1
11554832	11554831	1
10992881	10992865	1
12225869	12225870	1
7698349	7698453	1
8428448	8428450	1
7623525	7623528	1
8368871	8369179	1
10226629	10226630	1
11864031	11864043	1
5248282	5248281	1
10350413	10350397	1
12694488	12694487	2
3153111	3153112	1
7770195	7902722	2
4668882	4668790	1
1348294	1349076	1
235706	235705	1
3658241	3658242	1
1641429	1641430	1
2020593	2020594	1
9507558	9507557	1
9470540	9470528	1
4019374	4019341	1
5188038	5189235	1
3147263	3136130	1
3957800	3957799	1
4351320	3602878	1
8238638	8238637	1
11299075	11299082	1
6765648	6765537	1
3467161	3467164	2
6206311	6206443	2
3113849	433341	1
9513678	9513673	2
711475	711476	1
3315652	3313739	1
5532622	5419248	2
3996230	4015042	1
1105202	1104923	1
9791679	9791684	1
11850540	11834667	1
1108041	8385349	1
11394693	11394694	2
8020064	7849096	1
1052325	1052858	1
10874310	10874307	2
8966209	8966188	1
8728791	8728798	1
3873285	3873286	1
3747408	3750366	2
5208241	5208305	1
10016566	10016565	1
3558	3506	1
10658074	10658316	2
8461928	8460392	1
1944157	1944158	2
4818060	4818059	2
12748739	12748740	2
7983032	7983031	4
3675130	3675140	1
5203163	5203171	1
9183716	9196253	1
10849605	10849606	2
11724483	11724484	1
2095989	2096102	2
1620448	1620445	1
6779915	6779916	1
9128714	9128713	1
9495733	9495770	1
3923629	3923721	2
10055421	10055236	1
9498969	9498970	1
10451649	7586483	1
7660253	7660254	1
6616359	6379581	1
6830601	642594	1
9267238	9267237	2
1033438	1033437	1
8663353	8663354	1
2182663	2193290	1
9814175	9814176	1
10542826	10542750	1
1095176	1095373	1
10328185	10331587	2
7838114	7838113	2
8622587	8622588	2
164150	164663	3
2518387	2518426	1
6546710	6546709	2
8291080	8291079	1
6179200	6179194	1
1314465	1314387	1
7613005	7613181	1
12276233	12276234	2
6127881	5099082	1
11462747	11462748	1
12674710	12674709	2
4252937	4252938	1
180773	367737	1
11093723	11093718	1
4165587	7446465	1
6999854	6999862	1
2537692	2537691	1
12207580	12207704	1
9257579	9255606	1
8747662	8747661	1
2021053	2021056	1
4279344	4279343	1
1183021	1183022	1
841703	841704	1
3901675	3901676	1
7853415	7853416	1
3336457	3336458	1
7717167	7717168	1
8445228	8445227	1
547482	547664	1
1559957	1559960	1
12729007	12729008	1
10197038	10197035	3
10477176	10478363	1
6765984	6765983	1
10261388	10261387	2
11002587	11002588	1
4878572	4878571	1
7737796	7955794	1
7282704	7282180	1
3185956	3185955	1
5239324	5239386	1
6213521	6213522	2
12573196	12573195	1
5270782	5270779	1
12515305	12515175	1
4330200	4330199	1
11551179	11551180	1
287599	287600	1
9825990	9825989	1
1127237	1127238	1
8565008	8565005	1
8623849	8623850	1
2348608	2348607	2
7447115	7447116	1
9113243	9119411	3
11365218	11365217	1
881593	881594	1
1278797	1272180	1
9428277	9428123	1
6086354	6086008	2
11187361	11187448	1
11277798	11286774	2
3196486	3195965	1
5672718	5672717	1
1269458	1283912	1
11908772	11907357	1
1589383	10407927	1
9844014	9845402	1
9261437	9455029	1
3981650	3981649	1
6564900	6565909	1
6532988	6528060	2
4564955	4561859	1
5634767	5634768	2
1154151	1160228	1
6449481	6449495	1
5142362	5142361	1
8527662	8490556	1
4581157	4581158	1
663963	663774	1
1861026	1861025	1
4330327	4330328	1
4067864	3746159	1
10646521	10646522	1
8407825	8407827	1
5010813	5010814	1
3636126	3636125	1
9253265	9256621	1
2722796	2722845	1
6578582	6578581	2
788886	788885	2
2899289	2888331	2
7446404	7446403	1
12672230	12672227	1
5246128	5246156	1
9565423	9565424	1
4278022	4278021	1
3852012	3852011	1
7687128	7687065	1
10778123	10778124	1
5167266	5167265	1
7977382	7996122	1
10992140	10992621	3
1818202	1818219	1
5261546	5261837	1
5024269	5024293	1
11663653	11663654	1
650872	650871	1
11256331	11255873	1
2722363	2722364	3
10367817	10367818	1
649651	649652	1
5763062	5763093	1
1453880	1453889	1
4142298	4142297	2
9396645	9396648	1
6534329	6534235	1
3358610	3358625	1
8769508	8769505	1
10461186	10461185	1
2417049	2417050	1
5304205	5304132	1
976417	976418	3
11479034	11572285	1
3479484	3479483	2
3499433	3537387	1
5861252	5861276	1
705081	708001	1
9316995	9316996	1
615673	615674	1
5157057	5157171	1
11491565	7528498	1
592758	592752	1
6584963	6584964	1
1580421	1580422	1
1890294	1890285	1
11177584	11175440	1
8197131	8197132	1
12434827	12434828	2
7810492	7810517	1
1559132	1559131	1
10231579	10231567	1
11425927	11425928	1
7594769	7594814	1
4568091	4568122	1
4311746	4311745	1
11912777	11912778	3
10702949	10760305	1
7996832	7996586	2
1294036	1294035	1
945598	762719	1
5510465	5510466	4
4087562	4087561	1
9338590	9338589	1
2794090	2733301	1
11986569	11986570	1
6669905	6668870	3
1000325	1000326	2
7660041	7660042	1
3080247	3080248	2
9590965	9590972	2
10999666	10999653	2
2060215	2060216	1
12660939	12663079	1
7004445	7004446	1
7277252	7277251	1
7272703	7272202	2
9446075	9446108	1
3256011	3310413	1
4673989	4673990	1
1091170	1090802	1
7036451	7036454	1
1785265	1785266	1
5203376	5203379	1
3731711	3731714	1
1073949	1073959	1
7733924	7733923	2
11159511	11159512	1
10849454	10849453	3
7779427	7779428	1
7640232	7640048	1
1191955	1191956	1
4517576	4517571	1
6841355	6841356	1
2497289	2510988	1
6735104	6735103	1
5282795	11100594	2
4475293	4479969	1
1066991	1067212	1
7321600	7321599	1
9095217	9664155	2
2567754	2556233	1
4000614	4000617	1
11279197	11296287	1
1763400	1763397	1
575702	570506	1
2690799	2691666	1
8327524	8327521	1
10186532	10186531	2
7946266	7952469	1
11836446	11836445	2
11912803	11912804	1
11986226	11986219	1
8723373	8723289	1
4676262	4676219	1
10287644	10287641	1
3869062	3868867	1
1258267	1259091	2
5579647	5579636	1
10875400	10875399	1
4251280	4251279	2
7131866	7131865	1
3776722	3775198	1
7696500	7696499	1
10641133	10641134	1
8887883	8880993	2
10953979	10953980	1
711776	712630	1
7136558	7136557	1
5735634	5735631	1
1074787	1769789	1
4118918	4118917	1
7543664	7543709	1
1337943	1337944	1
3167062	3160175	1
3491500	3491449	1
1624351	1624352	1
3202325	3202326	1
4868344	4868343	1
9392286	9392285	1
12374773	12374774	1
2927224	2927180	1
4044255	4044272	1
1573008	1572762	2
7227703	7227704	1
4133207	4133208	1
11178349	11178350	1
9566203	9566298	1
11732806	11732805	1
8219358	8219923	1
6850234	6850233	2
1099624	1099623	1
1981353	1981354	1
3461891	3462565	1
137651	137652	1
5022510	5022398	1
11141694	6140222	1
7101374	7101371	2
3865906	4023795	1
139578	139577	1
7293180	7293179	3
1006604	1006603	2
7804166	7803987	1
4640495	4640500	1
4194635	4194638	1
11279566	11279563	1
4434566	4434695	1
4423468	10001185	1
6197639	6197640	1
10145159	2294750	1
5536868	5537959	3
8565828	8565827	1
5150857	5151502	1
2816766	2816769	1
1298600	4157847	1
6661936	6661935	1
3164500	3164504	1
311166	311165	1
8026332	8026331	1
12515439	12514765	1
316196	316110	2
2923624	2922114	1
7885121	7884292	1
12545383	12545384	1
1132936	1139048	1
7139867	7139870	1
68167	68168	1
5690916	5690747	1
5618035	5618071	1
1066554	1066553	1
2484630	2447804	1
3496233	3495770	1
5222223	5222226	1
6854188	6854186	1
5512567	5512568	3
7603712	7603711	1
1343142	1343482	1
6290190	6290189	1
4258501	4258507	1
12472394	12472393	1
10095162	10095161	1
1066299	1066300	1
6797295	9498882	1
4796244	4796243	2
6960643	6960644	1
6425233	6425234	1
8102845	8099928	1
5498095	5498096	1
5899358	5899357	2
2939359	2939360	1
1642987	1642988	1
10466850	10466849	2
1450337	1522463	1
1971215	1971216	1
3218062	3218057	1
8165133	8165306	1
3249547	3252194	1
924380	924379	1
4608811	4608812	1
631136	631125	1
6374169	6374170	1
6571603	6571604	1
3050187	3196698	1
10644936	10644935	1
3643347	3643343	2
6805087	6805088	1
8918817	8918411	1
1499663	1392365	2
12683941	12683942	1
10978957	10978954	1
7872165	7872166	1
1467389	1475139	1
12379467	12379468	1
4358752	4358749	1
7890969	7890970	2
7398576	11380659	3
11018539	11018540	1
11733809	11733821	1
6346788	6346787	1
8224914	8225053	1
9192114	9192113	2
10666044	10665467	1
12281021	12281022	1
7794144	7794143	2
6121450	6121449	1
6316187	6314037	1
4621413	4621414	2
8403730	8403679	1
12418640	12418663	5
4325112	4492950	1
2561310	2561309	1
7592869	7592079	1
8609353	8609354	1
727343	727344	1
10438391	10438379	1
6743321	6743294	1
2156647	2156648	1
2570147	2555189	1
8102306	8102305	1
11485671	11485672	1
5611165	5611207	1
10564675	10564676	1
11846094	11846133	2
5482424	5483189	1
9961872	9961860	1
2871509	2868816	1
10602482	10602016	1
1946304	1946087	3
1527852	1527849	1
12504243	12504300	3
10903058	10903318	1
11073029	11071031	1
941949	435943	3
11907832	11907831	2
4676381	4676382	2
4141932	4135253	1
6531796	6531793	1
4711241	4711826	1
7598893	7598894	1
5407392	5407385	1
4317537	4257958	1
608866	608863	1
1562005	1562006	2
1649557	1649610	1
11230021	11250004	1
5676755	5676756	2
467945	467946	1
7400575	7400576	1
8964558	8964557	1
3952552	3952492	1
7909671	7909661	1
3308537	3276394	1
2092103	2092104	1
6041364	6041361	2
11391646	11391666	1
11998745	11998746	1
1033356	1033839	1
114851	114852	1
10133333	10133334	2
1949818	1844288	1
8723839	8723837	1
6431900	6431899	1
1078567	1078276	1
3151026	3151025	1
4852372	4852369	1
2948031	2948008	2
8707515	5732925	1
1785055	1796290	3
12805734	12804599	2
4132509	4132513	2
1725434	1725330	1
6529360	6529359	1
6569778	6569777	1
1335876	1336522	1
332904	332903	2
5500185	5499869	1
6362114	6362111	2
7821345	7821346	2
2995791	2677036	1
6670083	6670360	1
6223576	6223575	1
945553	945762	1
2589166	2567140	2
7584127	7584152	1
12748741	12748742	1
8465891	8464444	1
3265875	3265876	2
1081841	1081842	1
7100050	7099840	1
7401163	7401164	1
6004088	6004097	1
8636525	8636526	1
10291185	10290698	1
2767342	2767312	1
7967551	7967755	1
11052527	11048556	1
6403698	4220827	1
6436227	6436228	1
2744007	2744008	1
1804354	1804353	1
2164973	2164976	1
4716473	4716761	1
1590065	1589783	1
9141158	3567352	1
5425943	5426214	1
2967630	2967629	1
8402096	8402095	1
4118435	4118440	1
1079526	1079525	1
10357028	10357027	1
3237744	12666781	1
4604282	4604281	1
4957362	4957361	1
7908529	7908622	1
12370240	12368996	1
4581405	4581406	1
7092607	7092608	1
11673427	11673450	1
8008073	8008173	1
8280159	8280160	1
7907373	7907374	1
11229735	11229736	1
12163933	12163934	2
12403373	12403374	1
1391955	1391956	1
6847993	6901404	1
9096490	9096489	2
656585	656989	1
3114656	3114655	1
11688566	11688599	1
7924296	7924295	1
2621167	2621168	2
8544014	8544013	1
6461486	6462077	1
519138	519137	1
6736459	6736466	1
10969868	10969867	1
3315984	3315983	1
2368596	2365900	2
1728027	1727609	1
10707750	10707783	1
7323619	7323620	1
11424077	11424078	1
3781970	3781969	1
6760928	6692020	1
749578	749605	1
345344	345343	1
2579504	2579491	1
6007076	6007075	1
7550511	7550520	1
4583944	4583422	1
10377457	10377458	1
7479601	8986720	1
9885141	9885142	1
1591712	1591709	1
11410806	11410805	1
63560	58987	1
2004272	2004277	1
3876552	2785280	1
10451298	10450302	1
578929	579225	1
7472333	7472334	1
1515496	1515503	1
9108232	9108338	1
5431928	2318481	1
661411	661412	2
4676801	4676802	2
2954962	2954961	2
2161741	12565012	1
12475521	12475522	1
782451	782452	1
7909113	7909114	1
8006553	8006566	1
2960136	2960135	1
7506790	7506789	1
12462382	12462379	1
1491611	1493297	1
3235250	3235249	1
2484690	2484726	1
10655722	10655721	1
8706595	8710446	1
5527853	5527854	1
9352137	6756760	1
11140101	11140106	1
7832490	7832806	1
4957379	4957584	1
9568392	9768816	1
8224857	8224858	3
1766857	1766858	2
6260861	6260874	1
10114305	10115723	2
6046208	7446454	1
11049160	11049142	2
2894696	2773970	1
1715324	1715327	1
5234669	5234670	1
9922067	9922070	2
6579384	6579372	1
6403681	6403682	1
1089115	1089116	1
7427046	7427045	1
558059	528904	1
3104818	3104817	1
1321698	1321718	1
11388338	11387670	1
12383468	12384810	1
10518233	10518213	1
10104208	10104207	1
2492586	2496021	1
10749090	10749089	1
4228948	4228515	1
5960084	5960064	1
652337	652338	1
9471125	9470714	1
583396	583263	2
8831052	8831051	1
11419590	11419589	1
599895	599896	1
3371090	3371089	1
2597103	2597104	2
12651294	12651265	1
11548739	11548740	2
9751494	9751491	1
3522012	3522011	1
7507930	7507929	1
1310706	1311494	1
12048237	12283550	1
10731779	10732097	1
12433380	12433375	1
1314237	1314238	1
7730100	7730079	1
2130823	2130824	1
4916558	4916557	1
5141661	5144342	1
4941826	4941823	1
180214	180213	1
7572019	7572044	1
242763	237723	1
7187476	7182878	1
11003673	11003639	2
2323759	2322896	1
5157239	5157235	1
7998373	7998386	4
5806421	5806620	2
8016838	8017155	1
11707195	11707196	1
1368742	1376322	2
808963	808964	2
7883545	7883546	1
523233	524244	2
10580589	10580590	1
6483034	6483031	1
5769707	5768993	1
3642679	5431039	3
6521919	6521917	1
11266183	11266089	1
10149761	10149638	1
10252901	10252902	2
2608334	2327049	1
1377816	1377815	1
933071	932745	2
4578037	4578118	1
6566190	6566187	1
10252371	10252344	1
9253050	9253049	1
9185659	9185666	1
3855217	3855218	1
7255985	7255804	1
11606591	11331864	1
11845921	11845922	1
9426297	9426298	1
9707051	9707052	1
10846048	10846047	3
6894981	6894834	1
10985219	10985220	1
1996078	1989199	1
3635885	3634573	1
3127501	3127502	1
2371431	2371432	1
5696007	5695903	1
7451619	7452332	1
5677617	5677005	1
8048771	8048772	1
10336163	10336164	1
12724755	12724185	1
10683594	10683576	1
10523178	10523231	1
5273523	5273699	1
1666278	1666206	1
11410057	11410071	1
4064798	4064797	3
3881731	3881732	2
7375485	7375496	1
9428983	9428984	3
2432183	2433057	1
9368097	9369350	1
363828	363827	1
5688610	5688609	1
4518546	4518545	1
1346899	1346900	1
10732074	10732073	2
11773936	11773926	1
3454266	3454265	1
6427046	9467676	1
4426085	4426031	1
8886091	8885775	1
7383946	7383943	2
10892369	10892370	1
8559660	8556892	2
5023161	5023164	1
7022980	7022979	1
10278175	10278176	1
7598895	7598896	1
5560049	5560050	1
1861432	1860904	2
12693830	12693829	1
5037342	5037341	1
8529134	8527280	1
4052660	3956172	1
6810919	6810911	1
10961713	10961836	1
4182843	4182844	1
3712606	3712641	1
809288	809285	1
12480350	12480349	1
9351259	6774721	1
3882256	3882378	2
6928105	6928108	1
10531603	10531661	2
6636317	6636320	1
12303453	12289723	1
3061889	3061890	1
556640	679679	2
3549817	3549818	1
11298332	11298331	1
2214033	2214034	1
3677385	3677386	1
10978709	10978710	1
4751284	4751310	1
9673653	9673757	2
12600650	12600649	1
11173501	11173529	1
4779424	4438577	1
3314655	3314606	1
11573392	11573391	1
2740404	2740036	1
1451603	1451604	1
10947653	10947131	2
11466108	11468041	1
2048992	2049155	2
3010074	3010073	2
10888257	10888258	1
86089	86090	1
9191556	9191555	1
8867614	8867690	1
1870294	1870293	2
2528026	2528042	1
5226846	5226789	1
7253404	7253403	1
11138530	11137786	1
11419944	11418887	1
4309706	4309705	1
1234463	1234464	1
7580141	7580917	1
4746448	4745953	1
6914247	6914248	2
3194714	3194713	1
7430123	7430124	1
2697033	2697008	1
443803	443804	1
11286943	11288825	1
7756331	7756354	1
420917	420918	1
786682	786681	1
6000209	6000210	1
10395433	10395910	1
645953	645956	1
7570690	7570689	1
4589861	4589862	1
1911446	1911445	1
11788792	11788789	1
7181090	7181089	1
216605	216122	1
4265357	4265360	1
6802981	6802982	1
8736946	8736932	1
6602010	6602674	1
11461293	11461294	1
7149964	7407410	1
10577638	10569130	1
1272860	1272859	1
5940090	5940089	2
5181900	770610	3
4083441	4083442	1
3770825	3770826	1
5501284	5350395	1
6704697	6715605	1
10896143	10896144	1
11578795	11578796	1
132047	133425	1
8527175	8527176	1
3572770	3572769	1
57182	57181	1
7791435	10237369	1
1146107	1146108	1
3568148	3568151	1
585528	585527	1
4483041	4483107	1
6258098	6258095	2
1378669	1378561	1
5582534	5582533	1
6059422	6059411	2
5526506	5526505	1
4556125	4555413	1
7101473	7101048	1
2074248	2074247	1
5234352	5234351	2
10357672	10358959	1
10535785	10564950	1
12609458	12609408	1
50276	5724368	1
12753711	12753714	1
11643885	11646078	1
339265	335134	2
12723733	12723734	1
6213431	6213432	1
1096354	1098299	1
10656034	10652664	1
2803087	2803088	1
970991	970992	1
1964995	1964996	1
3996196	4018435	1
2508064	2508063	1
1455197	1455198	2
11165993	11165994	2
9551556	9551555	2
8348677	8348678	1
962026	962025	1
3857352	3857340	2
1075172	1075171	1
10986996	10987670	1
11913450	11913449	1
11829528	11829527	2
6545665	6545670	1
5677712	5677711	1
8741940	8741939	1
6828037	6828038	1
6208619	6208449	1
12682154	12682118	1
6807630	6807651	1
4623944	4623943	1
12163935	12151897	2
9292376	9452424	1
7648014	7648011	1
12421667	12421668	1
1391214	1392785	1
9070145	9070146	4
11297440	11297357	2
829376	829375	1
8236558	8236557	1
8776578	8776692	2
7850343	7850344	1
3496415	3496416	2
1176093	1176094	1
3206467	3206468	1
5713872	5713867	1
3409819	3409820	2
7933937	7933025	2
11179321	11179322	1
9548257	9548258	1
4548601	4548602	1
6342040	6342142	1
7793467	7782042	1
631325	631326	1
2231750	2130657	1
8148759	8148760	1
5670285	5670286	1
12612321	12612322	2
10639263	10639249	1
4301224	4301243	2
10880692	10880691	1
7436901	7436904	1
3872583	3872584	1
6649005	6649006	1
9828298	9829027	1
924858	924857	1
4527831	4527832	1
6926932	6926952	1
8521881	8521884	1
6915161	6915162	1
6700308	9604643	1
1731147	8470548	1
352909	352910	1
7937034	7936948	2
3938473	3938474	1
5196771	5187451	1
1346122	1346121	1
8335375	8335376	1
5580558	5580498	2
10299241	10299242	1
9505455	9505620	1
11362404	11362403	1
2091829	2091832	1
7859080	7859121	1
9073757	9073746	2
5623897	5623900	2
3357813	3357814	2
9773729	246566	1
5269886	5269885	1
893686	937193	1
540331	540141	2
2429440	2429450	2
4917988	4917987	1
8087956	5050500	1
3110138	3110137	1
7106152	7104604	1
2084199	2084202	1
919016	919015	1
2633857	2633863	1
10586386	10586385	2
1581755	1582066	2
10153265	10153154	1
12154157	254060	1
12187343	12186327	1
1241702	1241691	1
3289678	3289714	1
6312011	6312002	1
1978205	1847227	1
4078026	4078025	1
9915675	9915678	2
5950045	5950046	2
353231	353232	1
3295874	3295873	1
9316003	9316004	1
4322388	4322459	1
2809496	2809495	2
570925	570926	1
4634258	4634257	1
2123073	2123074	1
5274876	5274875	1
2827219	2827152	1
9874542	9877004	1
177167	176777	1
3941322	3943192	1
10654226	10654225	1
11895473	11895488	1
11702890	11701811	1
9396657	9396658	2
1831880	1831879	1
8601367	8601379	1
3197145	403852	1
11039866	11039865	2
5810844	5810854	1
11403823	11403837	1
6395860	6396342	2
1543217	1543214	1
9176058	9176057	1
2483475	2483484	1
8148859	8148757	1
9622159	9622179	1
12754185	12754190	1
7666545	7669581	1
11662023	11662357	2
5824420	5824879	1
11452012	11452344	1
1659260	1659259	1
9112705	9112706	1
2266084	2266083	1
962193	962194	1
10302277	10302280	1
1637465	1640394	1
10869559	10869560	1
381794	381793	1
6062899	6064024	1
179166	179165	3
4644878	4644877	1
7070045	7070046	1
3551925	3551926	1
1652564	1652275	1
11603258	11604829	1
12287904	2832962	2
8701737	8701738	1
9634895	9634896	1
5579722	5579721	1
2782239	2782240	1
3356223	3355974	1
2308637	2308638	2
12667010	12667988	1
9522566	9522665	1
6376816	6376714	1
9150028	9150212	1
5147512	5147509	1
1060867	1065902	1
2696966	2696947	1
9633150	9679416	1
6390443	6390444	1
7509343	7509367	1
7810862	7810879	1
3439565	6548520	1
12144333	12139205	1
1246535	1248665	1
1260753	1260754	1
9563918	9564454	1
8283615	8283616	1
6074375	6074376	1
7294261	7294264	1
3500639	3500640	1
6394123	6414388	2
8016761	10180569	1
11545060	11545059	1
8792975	8792976	1
5475337	5475358	1
9249540	9249539	2
5308205	5308208	1
8004508	8004507	2
429878	2311207	1
5238244	5238247	1
268720	268719	1
7319089	7319108	1
9960757	9960739	1
4111810	4111809	1
10254797	10254798	1
7551407	7551408	2
8753716	9230569	1
9723548	9723545	1
10990513	8443788	1
11188101	11188106	1
4651889	4612928	1
6272221	6462384	1
8951016	8951010	1
9312466	9312463	1
3372620	3373307	1
4260019	4260020	2
5232354	5234988	2
3987822	3987821	1
7823335	7823336	1
1505522	1503783	1
3301178	3301177	1
565459	565460	1
7904814	7904781	1
5545931	5545943	1
12814949	12814950	1
7066135	7066136	1
6096303	6096304	1
2935998	2936006	1
1629977	1629978	1
3293190	3293187	1
10406152	10406151	1
2316392	2316395	2
8928719	8928720	1
3141712	377251	1
11589120	11589119	3
9794262	9794261	1
10293908	10289410	1
1961635	1961636	1
2574158	2575253	1
1371901	1371902	2
11436066	2902867	1
5374126	5374174	1
6277244	6277290	1
10980593	10981419	1
3195445	3195639	1
11660825	11660826	1
7427596	7427595	1
6153888	6153887	2
2781131	2781095	1
12721668	12721447	1
11053947	11053948	1
6891121	6891064	1
3603881	3603882	1
2857061	2857062	1
10912624	10912623	1
252019	252022	2
9628977	9627527	1
6174229	6174713	2
7867230	7867279	1
10203130	10203135	1
12002420	12002523	1
4746448	4745955	1
5724699	5726736	1
6227656	6227629	1
7824091	7824092	1
4199145	5331575	1
10407647	10398989	2
7533551	7533552	1
4982794	4982793	1
4866941	4866942	1
8047442	8047441	1
1393007	1392858	1
3511246	3510990	1
1611171	1610118	1
356326	353492	2
10140601	10140333	3
7837501	7837502	1
3447325	3447523	1
3607225	3607226	1
1474788	1474787	1
8735745	8735762	1
10778513	10778514	2
5400889	5398366	1
12771534	12771533	1
10247381	10247383	1
344042	344041	1
3936550	3932131	1
1283544	1283507	1
11191070	11191084	1
3078646	3078643	1
6891909	6891950	3
2018878	2015478	2
10104082	10104197	2
1667709	1667712	1
6801100	6801093	1
4244500	4244549	2
6585310	6585309	1
5292114	5292113	2
4385733	4384940	1
10987730	10987568	1
801363	801364	2
1612135	1611751	1
4037782	4033265	1
7812283	7812284	1
5448410	5452037	1
3941437	3941146	1
7338953	7339702	1
10829649	10829650	2
94191	94192	1
8081405	8081419	1
8643633	8673736	1
7391599	7391596	1
6775437	6775438	1
275369	824522	1
5136764	5137358	1
12660542	10949806	1
11011825	11011826	1
5233190	5233189	1
2336157	2336160	1
2173722	2173693	1
5260892	5264844	1
4529786	4529768	1
1915398	1915397	3
5721546	5720961	1
7049261	7049286	1
11080909	11080910	2
2093348	2093347	1
1949715	1843982	1
1919995	1919990	2
11699499	11699500	1
5641702	5914918	2
7022903	7023094	1
818004	818001	1
11701692	11701691	1
11565897	11565898	1
3887582	3887913	1
5985798	5985797	1
2233416	2233415	1
11873958	11873957	1
12373385	2081431	1
2840972	2840996	2
7996730	7996733	1
8709629	8712967	1
10519125	10519126	1
10369652	10369651	1
2532596	2532595	1
7978116	7978115	1
10060274	10055023	1
7738388	7738280	1
4449814	34876	1
8183609	8183610	1
1559132	1559129	1
3947646	3947643	1
2995456	11412904	2
7028460	11263717	1
7255645	7255646	1
5425698	5425697	3
6790952	6790951	2
2253375	2253466	1
11675596	10194327	1
217698	17299	1
7828603	7828604	1
1732200	1735387	1
3305887	3305950	1
5018699	5018700	1
9649040	9639288	1
2948891	2818475	2
2419215	2419216	2
7447625	7446786	1
4867185	4867990	1
1077183	1077184	1
4189874	4196370	1
37595	37596	1
5425696	5427924	1
3966613	3966614	1
8439026	8439025	1
11246294	11246293	2
7574741	7574815	1
5008777	5008778	1
8825901	8825912	1
303131	303132	1
10352090	10352089	1
2425829	1917495	1
5590032	5590031	2
4418391	4418392	1
8407823	8407827	1
1139156	1139151	1
10622299	10622332	2
4418658	4410358	1
585354	585353	1
91749	91750	1
10462842	10462841	1
10495113	10496669	1
9545570	9545567	1
12306841	12311866	1
9539278	9785631	1
12796667	12796668	1
6919102	6919101	1
10702751	10702752	1
8210536	8210535	3
2033571	2033657	1
5486818	5486771	1
5154652	4275890	1
11994378	11994436	1
5005160	5004890	2
10260309	7857113	1
9992146	9992145	1
9966282	9966279	1
7777519	7777539	1
9142132	9142131	1
10908662	10908883	3
2258655	2258656	1
2925572	2925571	1
11522409	11519932	1
2795812	2795815	1
10740470	10740469	2
686675	683185	1
590448	590447	1
2665707	2665708	1
11565812	11566152	1
8309572	8316926	2
7994290	7987575	1
3143823	3144348	1
6217818	6244991	2
11550178	11550177	1
11921524	8683278	1
804568	949477	1
10734459	10395284	1
10020454	10020427	1
473997	474419	2
6999051	7000863	2
9792387	9792388	2
7829899	7829900	2
1438527	1438678	1
7002931	7002932	1
11671386	11671400	1
4242391	4242355	1
3529671	3529657	1
7612271	7621192	1
9476093	9476094	1
10294316	10294313	2
6807723	6807724	1
1053866	1053865	1
12007197	12007136	2
5209043	5474212	2
6562237	6562238	1
2596656	2595827	1
5986342	6098883	1
2539979	2533168	1
4901197	4903008	1
3961957	3961965	1
248101	248102	2
9930067	10093484	1
420589	5485004	1
7586815	3652445	1
3034439	3034424	1
2795590	2811209	1
3210996	3321902	1
1961495	1961496	1
1713411	1713415	1
5357486	5356639	1
10754014	10760324	1
675082	675081	2
1323723	1322033	1
5000077	5000078	1
245317	245307	1
6959905	6960050	2
3309302	3309299	1
11885865	11885866	1
6905739	6905740	1
7826806	7826805	1
2044405	2082932	1
9470543	9470548	1
1075748	1075745	2
11089501	11089502	1
5916184	5916183	1
9481980	9481979	1
2294388	2294831	4
11995143	11995144	1
2281500	2282084	1
3060957	3060958	2
12333853	12333854	1
10484781	10484782	1
10481000	10481015	1
14773	14774	1
9831974	9831755	1
1475413	1475416	1
7137449	7137370	1
5630138	5630137	1
10382445	10382446	1
3360286	3360423	1
11521500	6592102	1
7843172	7843310	1
3309829	3310117	1
5423609	5423610	1
662921	662922	1
3791111	3790701	1
7296687	7296688	3
8401872	8389376	1
11593533	11593534	1
5265293	10267484	1
5047530	5048211	1
1027937	1027938	2
3282517	3282518	1
11426001	11571362	1
981655	981656	1
11708688	11770085	1
9078631	9078632	2
10062489	10062490	2
8953480	8953479	1
9915673	9915674	3
2972221	2972222	1
2689573	2689574	1
11124290	11124293	2
7871026	7871023	1
9451504	9451503	1
5478370	5441750	2
7191384	7191383	1
11407469	11407472	4
1145595	1104890	1
6054102	6054077	1
983696	983695	1
11051270	11051269	1
6331278	6378108	1
3828763	3828995	1
7687185	7687241	1
7758704	7758527	1
3685778	3685358	1
7336206	7336215	1
307532	307608	1
4293005	4293006	2
3330265	3337268	1
9431866	9431865	2
11969950	11969706	1
4788755	4788758	1
12347756	12347753	1
4813779	9174176	1
117022	116849	2
4265463	4265498	1
4814460	3499565	2
7931237	7931238	1
1640257	1640133	1
7549110	7549109	2
4555591	4553675	2
5454262	5454186	2
10193409	10193445	1
10058522	10058521	1
12648223	12648236	1
3206096	3206179	1
11370300	11370299	1
7865105	7865106	2
250052	250051	1
6111118	6111117	1
9934021	9935442	1
1030829	1030838	1
497439	497440	1
12525974	12525973	1
10987671	10987672	1
6111235	6111716	1
11852484	11852483	1
2904845	2921525	1
3359311	3359312	3
1118310	1118309	1
6426073	6426074	2
4783960	4783955	1
8214975	8282022	1
11360514	11360513	1
1590143	1590144	1
12375450	12379058	1
3512497	3513687	1
5055487	5055512	1
11941736	7446301	2
4530996	4530995	1
6343011	6343012	1
7565731	7565732	1
7070451	7070452	4
6541901	6541886	1
8214854	8214853	1
11204092	11204024	1
4049274	6535091	1
7921985	7921986	1
4023747	4023748	1
4836577	4836578	2
8420239	8419594	1
12167947	12171776	1
11154553	11154560	2
4284396	4283888	1
6150707	6142339	1
12028133	12028134	2
1480847	1480848	1
5315445	5321040	1
10232589	10233651	1
834479	837359	1
10170139	10170142	2
3479157	4825515	1
4432309	10030640	1
8006567	8006568	1
7104383	7104384	2
10253234	10253233	2
6871564	6871563	1
9576501	9576504	1
10128810	10128809	1
11093976	11091396	1
7532184	7532175	1
10232702	10234344	1
5964836	10602832	1
7420405	5248504	1
7839377	3217292	1
6533436	6533435	2
5195193	5195194	1
771946	770885	1
6930467	6930468	3
10317605	10317606	1
6361071	6361072	2
7313304	7313356	1
11501185	11506176	2
3703361	3703362	1
3635866	3635817	1
7777375	7906457	1
4953348	4953228	1
3340022	3339914	1
9465529	9465530	1
10290061	10290062	1
9574113	9574070	1
9982731	9986671	1
5066192	5418376	1
609538	609535	1
10040791	10040834	1
5327116	5327113	1
2506249	2506239	2
1240885	1405105	1
10715000	10715055	2
3909350	3909349	2
8375983	8379352	1
5738652	5738651	1
12788831	12789003	1
10081251	10080931	1
6679885	6680119	1
4469101	4469102	1
10636593	10636582	1
655861	655862	1
4354147	4353857	2
3698673	3698674	1
7665860	7665859	1
10704418	10704417	1
11739871	11739875	1
4688395	4688413	1
10567140	10567143	1
7755799	7755800	1
2954168	3113408	1
7862545	7862405	1
898980	899029	1
4312839	960850	2
9515422	3951235	1
6604729	6604730	1
10506522	10506521	1
11550086	11550083	1
8839002	8839001	1
4532593	4532594	1
4681088	4682412	1
2047990	2047989	2
9095040	9095039	1
827390	827539	1
9659769	9664099	1
6630205	6630206	2
9277632	9277631	2
6019864	6019863	1
11584394	11584393	2
11641342	11641341	2
1568949	1568950	2
6717291	6717292	1
8473866	8473863	1
9983709	9983710	2
10076297	10076298	2
3060522	3061155	1
5046459	5046471	1
7073176	11323565	1
6545799	6545800	2
5300642	5300641	3
8693787	8693928	2
1604540	1604539	1
2280077	2280078	1
3593543	3593664	1
4586257	4586258	1
10393583	10393584	1
5707396	5707395	1
5287761	5287762	1
7802352	7802351	1
10273889	10202203	1
6280695	6280704	1
11517531	6459570	1
5164156	5168993	1
6717322	6717319	1
5552270	5552269	3
8042956	8043707	1
10492529	10492525	1
3692403	3635134	1
1066600	1066599	1
2351633	2342758	1
3291394	435199	1
9396403	9396404	1
9710139	9710140	1
4133424	4142253	2
4825232	4654155	1
6792102	6792101	1
6266543	6262068	1
11750581	11750638	1
4307162	4307181	1
6582480	6583990	3
9873911	9865561	2
10525268	10525250	1
8578517	8578518	1
4192520	4192519	1
8753695	8749920	2
12610201	12610202	1
7468068	7468065	1
2230178	2230177	1
8815576	8812092	1
7090789	7082924	1
9839081	9839082	1
6505531	6505532	1
11732477	11732478	1
1525519	1524148	2
11760521	11760522	2
6107922	6107924	3
7326784	7329770	1
12140865	12132031	1
4169459	4169570	1
10295656	10295655	1
2565650	2581525	2
4004626	4004032	1
56465	56466	1
10658448	10658422	2
3643342	3643341	1
12139854	12150039	1
7808687	7808688	1
259514	259513	1
649096	649098	1
2182265	2182420	1
7063056	7063024	1
11778579	11778580	1
12518769	12518774	1
5002343	5002344	1
5816635	5816636	1
5597326	5598122	1
11936179	11936180	1
12617625	12617626	1
9301771	9301867	1
3740763	3741748	3
3293175	3293176	1
3552110	3552048	1
9392288	9392285	1
2891254	2891229	1
6420101	6419828	2
5907585	5907586	1
8961955	8961956	1
1459988	1458625	1
11283228	11278741	1
1110223	1110649	1
2569079	2572375	1
3794493	3796149	1
2788257	2788423	1
3274022	3274600	1
608321	608289	1
1034128	1324596	1
1576095	1576190	1
11885158	11881242	1
5783918	5783917	1
7378947	7378948	1
10766306	10766305	1
12348075	12348076	1
2715933	2715934	2
10576235	10576236	1
4244182	4249298	1
1748188	1748192	1
1557964	1479480	1
1100154	1100125	1
2604334	2603634	1
12205911	12205101	2
3000418	3000428	2
4936233	4936234	1
5381990	5381776	1
1153375	1153377	1
8294482	8294481	1
8702549	8702550	1
2345892	2346684	1
5769910	5769104	1
1768256	1768255	1
7943106	7942945	2
4786364	4786276	1
11337260	11337259	1
518521	518522	1
223342	223364	1
7782223	7920710	1
4425744	4425764	1
7251280	7251375	1
4547546	4546281	1
5308213	5308220	1
12370417	12370420	1
5567382	5568608	1
746286	746283	1
7699148	7699087	1
10912780	10912376	1
8078336	8078335	1
1766619	1766620	1
2862620	2862623	1
2989686	2988505	1
589418	589328	1
9675768	9675767	1
3950444	3950443	1
9430444	9430443	1
2467520	2467571	2
5788750	5788749	1
10801663	10801664	1
8251582	8253675	2
10741221	10741217	1
3119833	3119834	1
6460825	6460826	1
7812089	7920363	1
4856370	4856495	1
7434236	7434750	1
1353358	1353351	1
11648543	11648544	1
11203558	11203557	1
1395391	8401667	1
10808555	10808556	2
10553025	10552654	1
3691965	3691938	1
12668115	12668118	1
6779570	6779579	1
9548699	9548700	1
1145574	1145584	2
12433040	12433039	1
6906010	6906009	1
7005382	7005379	2
8691705	8678084	1
9711210	9711209	2
11250023	11250044	1
311148	311145	1
8013574	8013571	1
10817867	10811966	1
1327325	1327326	2
11330724	11330705	1
1973181	1973192	1
1832037	1831927	1
2220414	2220413	1
4816915	4816916	1
351369	351370	1
1370631	1370632	1
847871	847872	1
2242903	2242904	1
11612451	11612452	1
8030170	8030169	2
9034622	9034621	1
6040017	6142081	2
4077403	4077404	1
10158785	10156299	1
9708979	9708976	1
11466677	11465095	2
3783750	3781567	3
651389	650568	1
441885	441888	1
309943	309944	1
2677258	2677257	2
9344145	9344065	1
6036905	6036906	2
10908330	10908333	1
7136269	7136270	1
1696934	1693499	1
1680153	1680201	2
12431800	12431799	1
6502156	6500292	1
7707027	7707028	1
782574	782597	1
5215859	5215860	1
141251	141252	1
5559264	5555768	1
4346016	4346015	1
3263083	3263084	2
11205923	11011547	1
11090857	11090824	3
11177691	11177946	1
11330516	11330513	2
533779	533787	2
287019	287072	1
9699779	9699782	1
7446286	7446285	1
1075834	1769783	1
4041931	4041855	1
9437644	9437478	2
2310178	2310177	1
11534591	11534592	2
2018355	2014472	1
11141352	11141351	1
11083818	11083817	2
10311488	10311487	2
10875503	10875487	1
4341707	4341695	1
2148581	2148582	2
10632748	10632747	1
8368311	5860690	1
204920	204919	1
10711190	10710836	1
1586389	10438298	1
10085359	10085360	1
1788631	1788632	1
10452419	10452917	1
6791310	6791309	1
8336179	8336180	3
10294570	10294569	1
9071385	9071386	1
9737011	9737276	1
6110145	6109492	1
4994194	4994193	1
6634337	6634338	1
3738579	3738580	1
668091	668092	1
11110923	11110924	1
11846814	11846813	1
679606	679601	1
9970175	9970176	2
9710078	9710075	1
4311514	4311513	1
2312265	2312266	2
2441636	2441635	3
10312808	10312807	1
674589	674626	1
6980049	6980002	3
2718085	2718054	1
2157628	2144412	1
4775967	4775968	2
8016143	8016144	1
12600479	12600651	2
9644123	9644130	3
5526536	5194444	2
5578930	5578929	1
7883657	7883658	1
8416275	8416280	1
6999736	6990641	1
8749347	8750845	1
1712532	1665902	2
7570644	7570643	1
6166861	6166862	1
5066431	6815467	1
3656929	3656930	2
6198143	6198144	1
6680113	6679866	1
7133481	7132954	1
6332284	6332281	1
6038951	6038963	1
12748737	12748738	2
10185503	10185370	1
8283070	8283069	3
4860810	4860807	1
1538460	1538459	3
6134641	6134642	1
8108270	8108269	2
6466978	6466977	1
10927736	10927735	1
9094882	9095561	1
484051	175990	1
7708164	7707766	1
2012771	2012772	1
5588245	5588172	1
11064715	11064716	1
561955	466173	1
4359571	4359572	1
4670716	4670007	1
925406	925405	1
5404548	5404547	1
8165166	8165185	1
6196955	6102069	1
3780380	3780420	1
11840174	10903470	1
5078962	5078961	1
1380918	1381813	1
974980	974956	2
8565989	8565990	1
2296616	2296615	1
9699786	9699783	2
10870591	10904636	2
1989488	1989487	1
3293267	3293259	1
8579822	8579061	1
9620512	9620511	1
10120250	10120268	1
12417964	12406234	2
6205599	6205600	2
1919187	1919274	1
7025041	7025048	1
1376370	1377183	1
2859193	2859863	1
6299089	6299068	1
6994682	6994679	1
4714285	4714248	1
5564685	5564686	1
113142	113137	1
1358096	1357563	1
10141043	2553786	2
4752864	4752809	1
11557326	11557322	1
3884887	3885042	1
741699	736295	1
7705135	7704851	1
3582989	3582990	1
3887731	3887732	3
9526191	9526192	1
1091029	1091030	1
11520679	11520680	1
7262198	7262197	1
10635330	10635329	1
12142833	12142834	1
1262011	1262012	1
6105180	6105205	1
5454467	5454468	1
10991135	10991004	1
6049353	6049354	1
3257811	3255183	1
11385892	11385891	1
195889	195890	1
5495161	5495162	4
7342130	7342129	1
9813226	9813225	2
12123590	12123589	2
7692519	7692520	2
3083579	3083580	2
1242062	1241827	1
8031324	8031323	1
3927958	3927934	1
9756089	9756234	1
7320783	7320784	1
11273752	11273749	2
6728361	6730697	1
6086333	6086970	1
3322602	3322616	2
6484597	6484598	1
9340072	9341340	1
3143866	3143312	1
7672465	7672438	1
2963111	2963112	3
2255195	2255133	1
11914823	11914824	2
5820899	8289978	1
12470706	12470383	1
2684924	2684921	1
3113346	3113341	2
2867830	2867827	1
8014063	8015725	1
10904495	10904496	1
9380728	9380934	1
11090839	11090840	1
4598851	4598854	1
1742301	1742302	2
8958682	8964598	1
5446844	5446843	1
3677894	3680349	1
8034829	8034830	3
2352519	2352220	1
9879876	4986559	2
3978049	3977954	1
3973740	3974195	1
9343947	9343948	1
11148782	11148687	2
558066	466757	1
6476880	6476879	1
6551620	6551601	1
1119517	1119518	3
3940076	3950498	1
3750947	3768999	1
9327045	4711055	1
9124972	9124971	1
5597569	5597570	1
752095	752108	1
4367934	4367933	3
2348846	2348845	1
834660	834659	1
3277384	3277383	1
8249310	8249319	1
5442494	5442493	2
5374064	5374063	1
5245813	5245862	1
2474409	2474410	1
2736058	2736057	1
10503295	10503298	1
3329651	3329794	1
8252165	8252166	1
1118652	1118649	1
1537963	1537835	1
5270578	5270575	1
5271546	5271545	1
1126731	1311752	1
10690390	10690355	2
10901748	10901745	1
4844159	4844160	1
2430518	2430497	1
11016062	11010336	1
11768508	11714934	1
12133257	12133258	1
7637532	7637520	1
7072569	7072563	3
11469230	11469229	1
9699597	9699598	3
7115559	7115560	1
485045	485046	1
2343435	2342715	1
6454709	6457352	1
10196794	10196073	1
7683557	7683558	1
11577521	11577584	1
7791493	7791378	1
673630	673565	1
10521593	10521594	1
4022071	4022072	1
2594100	2594099	1
11187536	11187661	1
11493972	11493971	1
5379068	5045266	1
1278313	1278314	1
6457514	6457627	1
4707528	4707378	1
9945188	10033866	1
3262325	3262310	2
3800366	3800347	1
8762474	8762473	2
3151150	3151149	1
7101234	7100954	1
193754	193781	1
8765539	8765540	2
8571830	8571835	1
8106785	8106999	1
12477585	12477586	1
4322752	4354500	1
260395	260385	1
2562285	2562486	2
7680230	7679774	1
1157197	1160576	1
5846594	5846591	1
10896246	10896142	1
3494368	3494355	2
5097270	5097269	2
6490746	6490745	1
10133674	10133669	1
10939962	10939942	1
8154744	8154747	1
11555324	11555323	2
2439440	2439439	1
5690787	5690018	1
991860	991765	1
6310389	6310390	1
6490489	6490507	1
2417850	2417849	1
12344249	12344250	3
8232261	8232262	1
11284782	11284293	1
4513405	4513406	1
9008579	9008631	1
2453946	2453945	2
7456065	7456446	1
7933925	7933926	1
7601980	7601979	1
3925359	3532312	1
3248090	3256627	1
3405314	3405918	1
8957104	5989435	1
9493889	9493890	2
7446407	7446452	1
11784653	11903975	2
7314855	7314869	2
8553701	8554433	1
1425929	12165068	1
605330	604632	1
7873020	7873079	1
2016349	2016621	1
1095823	1095600	1
5579224	5578834	1
10747041	10747042	1
9447484	9447483	1
871907	871908	1
9730961	9721834	1
3946948	3946947	1
4816788	4816787	1
6699180	6699179	1
2595815	2589116	1
7409327	7414902	2
6990730	6990729	1
7818662	7818670	1
4506912	4506905	1
6554133	6554134	1
9074426	9074348	1
11446548	11446547	1
3389237	3389238	1
10506561	10506562	1
8211414	8211413	1
11212219	11212220	1
10964697	10968449	1
828999	829000	2
3789976	3789958	3
5621633	5621734	2
7277644	7277643	1
4576764	4576751	1
1827017	1827018	1
745660	745618	1
1171252	1171454	1
1183998	1026653	3
8576543	8576184	1
5926144	5926139	1
10168507	10168094	1
5359719	5356553	1
5425696	5425695	2
5843898	5843897	1
12121143	12121543	1
10268115	10232574	1
1865290	1865289	1
8024081	8024082	1
5099510	5099509	1
8034386	7819593	1
10626068	10626682	1
5197788	5197787	2
11559807	11500970	1
5831774	5833106	1
2705697	2705698	1
9923863	9925393	1
9630086	9630085	1
8645377	8645378	1
1684459	1684464	1
12522887	12522888	1
11623306	11623303	1
12318804	10383260	2
1108685	1108686	1
9743074	9743073	1
12679617	12679669	1
3005	3006	1
7768023	7767468	1
3976450	3976449	1
9335228	9335227	1
1639681	1639542	1
8428791	8428792	1
7457153	7457148	1
12303339	12303509	1
7848206	7847765	1
5101921	5101922	1
6980005	6980006	1
3290377	3290378	1
11423763	11423764	1
3885062	3885061	1
3403601	3403572	1
12615080	12323040	1
2089025	2088956	1
7829918	7829938	1
7611032	7631635	1
8015210	8015209	1
769699	769742	1
8129777	8129778	1
4000598	4000672	1
970426	970443	3
3258590	3258633	2
7663838	7760717	1
8248468	8248465	1
10036616	10086147	1
8813240	8813255	1
322117	322118	1
11927778	3700516	1
11829056	11829085	2
2631203	2631697	1
3832534	3832531	1
7887425	7888107	1
4387729	4392317	1
604400	604399	1
4817056	4817055	1
2372543	2372131	1
5410432	5410429	1
4638862	4629555	1
10793284	10793350	1
2440258	2440254	1
9267753	9267754	1
11695638	11695704	1
7954763	8833445	1
1909000	1908993	1
9472403	9472343	1
12621191	12621204	2
11400260	11400259	1
1987452	1996075	1
8154807	8154808	1
11998645	11998646	1
9346739	9347448	1
8787660	8787719	2
4386701	4386702	1
4094328	4094517	1
4620203	4620204	1
6643564	6643563	1
9947942	9950018	1
6703841	6706809	1
7029488	7029485	1
10229150	10229249	1
544656	544618	1
5964139	5964140	1
3111515	3111516	1
9980436	9980433	1
11355588	11355587	1
8689020	8678773	1
11073022	11079275	1
11678466	11678465	1
1782977	1783133	1
11776283	11776284	1
8402828	8402845	1
3959374	3959388	1
10944241	10944242	1
11503231	11503258	1
8600904	8600903	1
2793286	2793285	1
5147510	5147509	1
3911747	3911748	2
12123046	12041520	1
3143187	3143207	1
8007530	8007527	2
11036663	11036664	1
1933281	1933302	1
7465649	7465143	1
1987218	1987217	2
7711909	7711910	1
3644143	3644144	1
1314463	1314464	1
6323286	6323281	1
1668098	1671970	2
6243059	6243062	1
11518310	11248827	1
7433897	7433898	1
5021693	5021694	2
2710077	7778420	1
2008925	2008926	1
9124683	9124686	1
8760881	8760884	1
7967686	7967639	1
5448936	5448935	1
6864186	6864400	1
11002195	6070935	1
1089656	1089361	1
4262957	4527363	2
9347093	9347142	2
9553855	9553865	1
12251553	12457526	1
4249690	4249689	2
9125204	9125203	1
767286	767285	2
480188	480238	1
11683562	3612533	1
4221989	4221971	1
6999758	6999757	1
11560756	11557341	2
3184065	3183476	1
8026680	8026679	1
3781412	3781411	1
7332905	7332304	2
8501036	8501035	1
12289755	2827021	1
3193549	3193569	1
4499878	4499877	1
7283127	7283138	1
10194846	10194845	2
7495979	7496022	1
2753553	2757593	1
6017945	6049153	1
7864276	7864275	1
6050663	6050664	1
9548451	9548452	1
1679576	1658992	2
10338852	10338847	2
860109	860607	1
2436709	2436725	1
5337945	5337691	1
5723780	5723779	1
3045010	3150157	1
3794931	3794932	2
6713196	6712574	1
11024407	11024489	1
9082375	9082573	1
9382868	9383135	2
9557925	5307615	2
8961021	8961093	1
2384123	2384124	2
3370263	3370264	2
6254902	6359717	1
1667544	1461679	1
3053712	3053711	1
7256774	7255031	1
8418243	8418244	1
7917443	7917532	1
7084630	7084629	1
5651356	5651355	1
1587436	1587435	1
7377847	7378088	2
7682836	7687376	1
1103712	1103711	1
1033650	1033418	1
3798161	3798137	1
9813996	9813985	1
5639313	5639314	1
1003365	1009596	1
4058543	4058947	1
9419610	9574380	1
12778547	12778548	2
2497331	2510358	2
11613611	11613612	1
10381907	10717327	1
590216	590215	1
7714709	7714710	1
8707512	8707509	1
4536889	4536890	1
6690634	6690633	1
6997752	6997935	1
6167067	6167068	1
3069935	3069936	1
559970	558886	1
5782828	5782827	1
660507	660510	1
9150800	9149246	2
10202725	10201937	1
7319171	7319172	1
3315422	3315421	1
10178846	10178845	1
10232881	10232882	1
3713674	3713673	1
10903900	10903632	1
683200	683197	1
4064803	4064804	1
666399	666402	1
2402312	2402311	1
5200678	5196621	1
12762127	12779145	1
11654069	11481918	1
11868883	3589242	1
5849754	5849753	1
3941061	3941062	1
10993351	10993345	1
4788141	4784834	1
2315016	2315013	2
3980237	3309447	1
1385321	1385322	1
2518761	2518762	1
8255890	8255887	1
1592836	1592736	1
11786053	9834016	1
7536003	7536012	1
1272683	1272636	1
1534775	1534776	1
3320513	3320514	1
8261480	8261459	1
5799863	5800457	2
11260800	11260799	2
11557529	11557530	2
7105886	7105885	1
12259820	12262832	1
8076078	8076077	1
10589089	10588378	1
5427967	5427909	1
695929	695930	1
3601300	3601285	1
5344428	5345432	2
9668902	9668980	1
9065604	9066160	1
5539007	5539018	1
9701813	9701711	1
12285834	2825213	1
8762528	8762527	1
10596896	10596893	2
9647097	9668636	1
5633846	5633845	1
6239879	6239680	1
3256735	3255077	1
280362	280637	1
6881321	6883635	1
5970773	5970281	3
11999862	11999841	2
10817902	10817901	1
10143404	10143469	2
2104439	2104460	1
4106977	4106978	1
2818566	2819050	1
1107149	1107150	1
10991293	10991294	1
24536	24535	1
596764	596763	1
8317238	8317265	2
2034861	2036212	1
8167709	8159152	2
5779083	5779210	2
9048225	9049123	2
2388411	2388412	2
4378996	4378993	1
2349161	2349162	1
9568726	9568725	1
1785267	1785268	2
9507556	9507555	1
7223759	7223731	1
3498019	3497903	1
10460538	10460531	2
7638693	7638580	1
784268	784267	2
4868586	4868457	2
3259572	3259571	1
2030079	2027365	5
6817784	6817783	1
72457	72315	3
1874409	1872192	1
11087595	11087596	1
8827531	8826633	2
992995	992996	1
10202446	10202445	1
12124239	12124240	1
177027	177028	1
8921438	8921376	1
9687834	9687833	1
6955538	6955533	1
7766061	7766062	1
6221720	6221674	1
7838785	7838786	1
4252276	4252273	1
1563075	1563076	2
3889409	3887427	1
3550590	7835793	1
8427684	8427683	1
5460565	5543898	2
5156281	5156282	1
5443192	5444044	1
9168267	9168268	1
5580977	5580978	1
4850337	4850353	1
10378073	10377265	1
1217993	1216898	1
7956967	7956968	1
1447437	1447438	2
2794718	2804135	1
8026697	8026698	1
8696545	8692157	2
11837483	11837484	2
12748527	12748542	1
424704	429411	1
11383711	11381078	1
3189220	3058916	1
6571600	6571599	1
3200920	3200919	1
1006551	1006552	1
2039893	2039894	1
9945916	9945984	1
11627945	11627933	1
6371940	6352537	1
6206335	6206338	1
6349941	6378846	1
3733811	3733903	2
9597420	9597419	1
6141037	6141195	1
3534113	3534114	1
3624963	3624964	1
11203579	11203557	1
4320339	4320340	1
207341	207342	1
1781741	1781754	2
11850601	11850602	1
7103276	7103275	4
11744962	11742684	2
6780690	6780728	1
7031401	7031392	1
8266646	8266643	1
2410244	2410243	1
3246034	3246033	2
4915821	4915822	1
2006204	2006491	1
10848935	10848936	1
6569380	6569379	1
11641852	11641851	1
10781631	10781632	1
1202584	1202583	1
5211901	5211902	2
7940269	7940270	2
435805	435849	1
981904	981903	2
7311343	7311344	1
5777285	5777692	1
8723891	8723892	1
1317413	1316780	1
3053057	3053066	2
7834882	7837416	1
12254766	12254817	1
7140363	7140389	2
3104934	3105269	1
4687751	4687752	3
4798096	4798095	1
9385365	9494129	1
12308126	12308125	1
3216142	11006810	1
4201827	4201828	1
10170341	10170303	2
795368	794421	3
484379	484380	1
5456028	5456191	1
1625327	1618798	1
495944	495941	1
8722637	8723083	1
9344055	9344056	1
6740447	6740448	1
8281071	8281072	1
5645091	5644202	1
3743486	3743485	1
852344	852391	1
10356472	10356485	1
1766192	1766191	1
4430422	1904367	1
7792059	7792101	1
12758082	12758081	1
9470543	9470546	3
5694229	5694230	1
2498502	2498501	1
7093101	7093121	1
1988377	1988378	2
6207087	6207088	1
8009503	8009504	1
1239820	1239819	2
10145265	10145266	1
3441958	3441957	1
9368031	9368032	1
2726551	2726449	1
11432776	11434661	1
4343447	4343448	1
10137595	10137596	1
2881519	2881668	1
12201833	12201834	1
4785413	4785217	2
4681552	4681551	2
7251355	7251356	1
9332531	6696785	1
2578435	2574692	1
2593976	2593973	1
9697231	9697232	2
6363089	6363100	1
9779701	9779702	1
5505553	5505480	1
4038552	4038551	1
1007426	1007425	1
12676677	12676678	1
9707918	9707917	2
8452528	8452527	1
7459321	7459322	1
3132924	3132923	1
7107306	7106747	1
3354650	8022167	1
6854480	6854773	1
9534959	9534963	1
9546490	9549098	1
1236928	1236925	1
8871718	8843375	1
4856225	4856213	1
8878555	8876521	1
11889832	11883557	1
7682450	7682447	1
6734280	6734279	3
505647	505648	3
1836637	1836644	1
1866360	2191207	2
1977208	1977207	1
5094590	5094587	1
11093044	11093043	1
11000463	7831531	2
7380171	7380172	1
11701976	11701986	1
9094155	9095404	1
6131841	6132093	1
8879136	8879135	1
333590	331797	2
2584495	2584504	2
7838551	7838537	1
3136135	3136144	1
332565	332576	1
4267970	4268687	1
9348442	9348458	1
7077282	7077291	1
4510705	4510710	1
10746332	10746331	1
4550200	4550213	1
12122879	12122880	1
3302120	3301167	1
8471654	8471653	1
2667430	2667457	1
1741964	1741927	1
6530977	6530980	1
4783962	4783961	1
743888	743887	1
8357436	8357435	1
9352008	651796	1
133119	260817	1
8552705	11064326	1
5485133	5485134	1
12475527	12473113	1
3496987	3496988	1
852902	852901	1
1928768	1928767	3
6186848	6186847	1
12614748	12614812	1
5526341	5526667	1
11445428	11445499	1
12612296	12612295	1
3287621	3287622	1
12489111	12489129	1
2444976	2444975	1
12485505	12485506	1
2741843	2741846	1
4264391	4264392	1
4018774	4019564	1
11680612	11680611	2
5456444	5456347	1
2815759	2815031	1
2039778	2039782	1
5221404	5221403	2
11095366	11095365	2
2891228	2891253	1
12377510	12379030	1
880613	880658	1
2082859	2082810	1
8040963	8040964	1
10573237	10573238	1
6750617	6750618	1
1019030	1181357	2
1756404	1756406	2
9780632	9780631	1
4348267	4348303	1
320254	320253	2
12718373	12718339	1
7427950	7427949	1
6323409	6321558	2
213058	214818	2
9568063	9568064	1
8899306	8899175	2
5554090	5554089	1
6649001	6649002	1
1728989	1728968	1
11835933	10899307	1
8583364	8583701	1
2478195	2478196	1
10071142	10071141	1
4398953	4398954	2
8633130	8633155	1
392956	392976	1
2355743	2343255	1
7673861	7672898	1
6887927	6887928	3
9504772	9504771	2
2027007	2027008	1
3291464	3291463	1
10145161	2294750	1
11342236	11342212	1
6686998	6686995	1
12050947	12050961	1
4543629	4543630	1
2299196	2299281	1
8106255	8106185	1
10836473	10836476	1
8471656	8471655	1
11203649	10864430	1
7320934	7323048	1
2348844	2348895	1
5215875	5215876	1
7579915	7579916	1
7618453	7614903	1
10975465	10975532	1
9297327	9297298	2
4529221	4529222	1
337898	336741	2
11450741	11450755	1
4002307	4002442	1
12671573	12671574	1
5767625	5767626	3
9488721	9488722	2
8505444	8505451	1
665047	665048	1
348882	348881	2
10540575	10540576	1
2048578	2048577	1
4028404	4028403	1
9496593	9496594	1
6383656	6383655	1
12048886	12050946	1
6657214	6659113	1
11680821	11680823	1
1708231	1708221	1
4292193	4185534	1
9879311	9876663	1
7407461	7407462	2
807277	2245709	1
178018	178017	1
3504219	3504226	1
6784776	6784775	1
992074	992637	1
7660039	7660040	1
7727237	7727238	1
11448146	11429085	1
7344832	7344739	1
11688177	11688131	1
10943023	10942083	1
8958197	8958198	1
2250984	2250983	1
6572455	6572467	1
11437467	11437590	1
8041318	8041308	1
8464044	8464018	1
277067	5427465	1
10891649	10877403	1
8487904	8487856	1
6383416	5291772	3
244832	132975	1
7775296	7774820	1
5444837	5444830	1
7150867	7150870	1
2025493	2026388	1
6953713	6953714	1
1612968	1612967	1
6286654	6286653	1
8511696	8511695	2
6073641	4213463	1
4936235	4936236	1
84750	81381	1
11185604	11185603	1
3037055	3027635	1
1762182	1762181	2
8824060	8824581	1
7186211	7186214	1
1412150	1412146	1
5057643	5717308	1
3982848	3982847	1
7736857	7737365	1
11231193	11231198	3
10166738	10166737	1
4804613	4804630	1
4598122	4598121	1
3859891	3859892	1
9860318	9860317	1
3508269	3517372	1
2253501	2253502	1
4179183	4179184	1
4551278	4551277	1
4745040	4745024	1
12629461	12630602	1
8486958	8486957	2
7678091	7678092	1
7104218	7104221	2
4544896	4544895	1
6208615	6208618	1
2764051	2764052	2
3945156	3945149	1
2415516	2415468	1
4569448	4569447	1
10041474	10041471	1
9846945	9846915	1
968318	968281	1
3133998	12684665	1
2134899	1888985	1
7904607	7904608	1
10393583	10393633	1
12747384	3116626	2
3321029	3321032	1
5407956	5412813	1
5861566	8346982	1
7186935	7411454	1
11068347	11068348	1
3737196	3793664	1
7000237	7001006	1
279203	279173	1
1726172	1693899	1
4622361	4619769	1
11202019	11086497	1
11975816	11975925	1
5645776	5644125	1
6890585	6890367	1
7818420	7818419	1
3193001	3193002	1
8076080	8076079	1
2059283	2059284	1
10685694	10685693	1
10656447	10686620	1
6581173	6581174	1
7829475	7831462	1
7256143	7255742	1
7901809	7901074	1
9370281	9370282	2
12264753	12264754	2
535290	535289	2
7810652	7810651	1
4074372	4074371	2
1551237	1551179	1
5723055	5723056	1
2005634	2005633	2
7199368	7199371	1
1253366	1253365	1
9969749	9969971	1
4711891	4711892	1
9748849	9748850	1
1162439	1162419	1
11380031	11380032	2
12647739	12647742	1
10875727	10874745	1
1494189	1494190	2
4418057	4420710	1
1215443	1215444	1
8396225	8396226	1
7407832	7407831	1
5096715	5096525	1
6341071	6341072	1
1326388	1326493	2
3488971	3489298	1
10883981	10883982	2
10679807	10679808	2
5810334	5810320	2
5507291	5507292	1
9485128	9485127	1
1494506	1494505	1
9491154	9491157	1
2737501	2743060	1
1596407	1596423	1
11180471	11180472	2
3014529	3049761	1
8941802	8941799	1
10829651	5496104	2
11570887	11570888	1
4130951	4130362	1
5091096	5091095	1
9706070	9706069	2
6379028	6379027	2
16382	21614	1
6694021	6694062	1
4721185	4721186	1
5525190	5518008	1
11421741	11421873	1
7761653	7761654	1
6390191	6385865	1
5901191	5901192	1
201743	398063	1
5373307	8877574	1
6835492	6835522	1
1763322	1763321	1
480003	845599	1
2179441	2179971	1
10539858	10539857	1
5693884	5693883	1
3463025	3463028	1
2653034	2652995	1
7534177	7534178	2
4244439	4244358	1
4220600	4220599	1
8495199	8495241	1
740148	740151	1
4536940	4586143	1
9712634	9712633	1
7859669	7859641	3
11124922	11124921	1
649899	650119	1
2542836	2542835	1
2628068	12253669	1
8995858	9052834	1
27522	27521	1
9417984	9417983	1
10283429	10283430	1
4102479	4102480	1
4414233	4517425	3
1395296	1395295	1
2164256	1928422	1
5625451	5618450	1
12012866	12012865	1
5231861	5231862	1
10604339	10604340	1
6755655	6755582	1
7666975	7666976	1
3361248	3361247	1
970305	970306	1
7886894	7886893	1
11035076	11035075	1
2845271	2843972	1
351381	351382	1
5270486	5270483	2
6160024	6160023	3
7665603	7665475	1
10826998	10826992	1
10452915	10452873	1
7211191	7211192	1
1724448	1724447	1
12654577	12654578	1
10875920	10875919	1
7581073	7581074	1
5864628	5864627	2
9427018	9427017	1
5748173	5748174	1
11529318	11529317	1
2205638	2205546	1
1653118	1653117	2
10764544	10764541	1
4234337	4234338	2
10803190	10801344	1
9988955	9988956	1
3851629	3865845	1
5830004	5835737	1
10195629	10195632	1
9766785	9766834	1
1931091	1931092	2
523359	523360	1
7227119	7227928	2
2207064	2207063	1
9175715	9175716	1
1114258	1114255	2
1241901	1241902	1
184310	184371	1
9793680	9793679	1
9563120	9701827	2
3000668	3000667	1
3826414	3824004	1
10686934	10686933	2
3242107	3242944	2
8265506	8265509	1
2857546	2856263	1
4552977	4552978	1
2830925	12352556	1
3945252	3945251	2
11635686	11637367	1
11795361	11795362	1
11549606	11549683	1
4860633	4860634	1
9082128	9082115	1
5052530	5052527	1
9757369	9761058	1
3278724	3278756	1
4262384	4527402	1
7105612	7105611	1
12431698	12431883	1
6483765	6483766	1
11822528	11822527	2
7630377	7627136	1
7816947	7816948	1
11533900	11533897	1
7911174	7911173	1
2573631	2582775	2
11710970	11710994	1
12293640	12298483	1
5484157	5510794	2
3377389	3377390	1
3066607	3066541	3
5097268	5097267	2
7388571	7388936	1
4222445	4222325	2
9558313	9569655	1
10734631	10734632	1
8980429	8980430	1
4836629	4836686	2
10217601	10217602	2
6941606	6941605	1
5318087	5317962	1
696757	696581	1
8757783	8757784	2
11552669	11552670	1
7581755	7581757	1
8100801	8100915	1
12654365	12654366	2
3879873	3880038	3
5583249	5583250	2
12646786	12646785	1
7800226	5519763	1
12241665	12241666	1
2103252	2198957	2
8201819	8201820	1
12724730	12724729	1
4058349	4049481	1
6791056	6790975	1
2510495	2510477	1
7945608	7945607	1
6115739	6118583	1
10893866	10893865	2
3702207	3746508	1
3016567	3016568	1
4417568	4413892	1
2952652	2952651	1
7002931	7002800	1
672342	672359	1
1780508	1780507	1
416069	415379	1
11234348	11229278	1
278996	279741	2
8858837	8858838	1
7960237	7741142	1
5654904	5654860	1
226726	226725	1
9434176	9434175	2
3692999	3693233	1
2948926	2948925	1
10218532	9837987	2
9240521	9240522	1
5698366	5698357	1
3139135	3139136	1
667757	667760	1
12182153	12182154	1
7422983	7422969	1
11233250	11233341	1
10875398	10874789	1
5904455	5904276	1
6648099	6648100	1
5605843	5605844	1
2641944	2641943	1
5118337	8470579	1
5815786	5815785	1
5211654	5211719	1
11741025	11740630	2
10879985	10879986	1
11554464	11554450	1
10657676	10656492	1
9798868	9798867	1
10932634	10869850	1
3733990	3732542	2
12142833	12142836	1
7276660	7003092	1
7520409	7520410	1
11101985	11101580	1
3638540	3636655	1
5423678	5424245	1
118311	118410	1
277301	277349	1
12607889	12603426	1
169607	185540	1
2780491	3877634	1
12609907	12610345	1
1797065	174464	1
6114600	11184549	1
1386495	1386437	1
1246458	1246457	1
10024455	10027108	1
520595	514064	1
12331871	12331872	1
6592504	6592503	1
6342315	6342318	1
5899356	5900303	1
8574481	8574482	2
10714999	10713804	1
10714478	10714534	2
990253	989793	1
1669352	10646161	1
10175268	4381021	1
10171058	10171189	1
2246444	2246442	1
10291581	10291755	1
9637836	9637835	1
7256732	7256755	2
10898013	10898014	1
3133538	12683908	1
7301343	7301344	1
12646031	12646032	1
1255431	1254962	2
6541378	6540842	1
3589704	3589703	1
12303337	12303338	1
3792864	3792863	2
2713446	2713443	1
8927234	8927231	1
10048431	10048899	1
6802335	6802336	1
3472159	3472101	1
2381768	2381767	2
1065926	1065925	1
12183889	12183890	1
1772760	1772759	1
10582526	10582525	1
2272021	2272011	1
9737496	9737495	1
7995627	7995212	1
9775419	9775420	1
2430627	2430628	1
6941975	6936270	1
1650738	1647784	1
6086102	6086101	2
10691196	10691193	1
180823	180796	1
7076845	7076839	1
6134750	6138782	1
6094694	6094693	1
10008791	10008792	2
8440492	8440371	1
5569526	5569525	1
7380210	7380209	1
245456	245455	1
4640038	4640037	2
12761793	12761679	1
10401073	4539831	1
193711	193712	1
3703495	3703475	1
5573650	5573647	1
6094850	6009329	1
5332381	5332386	1
10242885	10242886	1
8873764	8877712	1
2935165	2935166	2
6459608	6459664	1
710409	833126	1
6080123	6092155	2
10546687	10546640	1
6118579	6118698	1
9980374	9980371	1
6035360	6144651	1
955104	873228	1
12435278	12434813	1
8181581	8227679	2
8855127	8855128	1
12024980	12025120	2
9120769	8978865	1
8198706	8198641	1
11679177	11679178	2
1835602	1835601	1
14841	2731	1
8296742	8296434	1
439528	439936	2
8652713	8652714	3
12417794	12417793	1
11515726	11515894	1
11371439	11371440	1
8739340	8747035	1
7460691	7460692	2
4499873	4499874	1
575001	574897	1
305784	305787	1
6673526	6673542	1
2092943	2092946	2
11729425	11729426	2
7179464	7179480	1
5748806	5748805	1
9147966	9147965	1
11576751	11576752	1
8503916	8503915	1
6744452	6744451	1
2218605	2218737	1
6432280	4392417	1
1324352	10422071	1
5197790	5197789	2
5359361	5359473	1
11184486	6113493	1
6682731	6682825	1
3424641	3424642	1
4665439	4665486	1
5487362	6179660	1
10382005	10381932	2
295943	296077	1
1098076	1102419	1
4472482	4472508	1
12735259	12735260	1
4020691	4020694	1
8740994	8991433	1
2330094	2330093	1
6690217	6690218	1
561140	561139	1
11364440	11364429	1
3373264	3373263	1
72274	77040	1
6126194	6126578	1
8012795	3968601	1
12593043	12593044	1
11740151	11737075	1
4343449	4336649	1
9942272	9942271	1
4067661	4067498	1
3398714	3398707	1
10192372	10192318	2
114917	114847	2
2638301	2638302	1
8789944	8789922	1
7581848	7581847	1
5223610	5223607	2
6330306	6605656	1
6843577	6843578	1
9480494	9480493	1
3358762	3358761	1
3034288	3034287	1
6241552	6241551	3
2241923	2241924	4
11520681	11520822	1
4284350	4284345	3
5800903	5800904	1
3596185	3596186	1
1269454	1270464	2
764437	764438	1
6526457	6526462	1
973864	973879	1
2881669	2881670	1
10120063	10122909	1
3742737	3742738	2
7592474	7592473	1
6213420	6213430	1
3965049	3245528	1
8747497	8746034	1
2974907	2974908	1
6062269	6065439	1
9800176	9800175	1
7864693	7865262	1
7678122	7678121	2
11264361	11264094	1
9952088	10252809	1
1606309	1606353	1
7290291	7290294	1
1324329	1324319	1
1420599	1420600	1
7567571	7567572	2
12503111	12143467	1
783662	784102	1
11238961	11238962	1
1761339	1761340	1
7859613	3375965	2
1100098	1100097	1
6942678	6942677	1
7806501	7806554	2
5302859	5314332	1
8749921	8749922	2
11155030	11155029	1
2594746	2594756	1
7802154	7802153	1
10927734	10927731	2
2032700	2032699	1
5421674	5422464	1
5819417	5819418	1
701271	701272	1
6419682	6414323	1
159288	159184	1
1318223	1318273	1
2378956	2378425	1
1266406	1266405	1
7105043	7105046	1
2305317	185449	1
7899546	7899545	1
7404461	7405305	2
3447780	3447796	1
3905287	7084623	1
11337688	11337687	2
3287915	3287916	2
6591917	6590142	1
425668	425667	2
36854	36865	1
3599205	3599206	1
1165230	1165232	1
6872346	6872294	1
3192806	3192397	1
9371670	9371669	1
6702268	6702267	1
7716234	7722451	1
11618131	11618132	1
11156764	11155311	1
8277957	8277958	1
3651703	3651678	3
7765006	7460648	2
11048250	11043632	1
1453521	1526529	1
308058	308055	1
11789536	11934439	1
6012689	6012690	1
2790827	2790832	1
5704807	5704808	2
378559	378562	1
1711138	1711137	1
11556504	11556503	1
527564	11215005	1
9614807	9614808	1
8473020	8473019	2
969108	968987	1
1592652	1592651	1
2104158	2104157	1
9483743	9359094	1
3542004	3542322	3
5407600	5130086	1
4940985	4940968	1
7869359	9940185	1
9764751	9765052	1
10664571	10664572	1
8880677	8880005	1
1903431	1903280	1
6955126	6955881	2
356601	356602	2
10394551	10394552	1
1228789	1228795	1
912657	912658	1
4425171	4450569	1
11977677	11977678	1
5373211	5373212	1
4776982	4769786	1
10214713	10214695	1
9087936	9087999	1
5549897	5549900	2
1129555	1129556	1
3323957	3323148	1
7458698	3553108	1
9721384	9721383	1
1659328	1659325	1
5200037	5200038	1
6030421	6030422	1
5168242	5168241	1
8391423	8391426	1
7215499	7215500	1
5317126	5317125	1
8005509	8005510	1
9621649	9620888	1
10219634	10219633	1
8377113	8377114	1
4020783	4020784	1
8310019	8310020	2
3746461	3702247	1
8534558	8534557	1
584013	583989	1
4209285	4209286	1
6083172	6083169	1
10283916	10284293	1
10736652	10736651	2
1617144	1617143	2
8575121	8041793	1
11622751	11622752	3
11277690	11277689	1
2317517	2317518	1
345511	345512	1
2664989	2664997	1
7779233	7779234	2
6503314	6503313	1
6885732	6883802	3
6103955	6104318	1
8287949	8287952	1
7960013	7960014	1
11382674	11382627	1
1709386	1709383	1
1706856	1706855	1
350334	353096	2
1262178	1262229	1
9108152	9108155	1
1619090	1619089	1
5960303	5960304	1
1746189	1744518	1
7237130	7237120	3
432916	432915	1
8711953	8705523	1
11872198	11872195	1
7826808	7826807	2
4794463	4794464	1
10966901	10966641	1
5543899	5543900	3
177349	177350	1
7761903	7761922	1
8444985	8444979	1
5360654	5360653	1
11571037	11478781	1
11086503	11086509	1
6125252	6113499	1
3236189	3236376	4
1529609	1529610	2
8835718	8843623	1
9418840	9418839	1
1294606	1294605	1
12783257	12783317	2
6074398	6074374	2
10571936	10571906	1
11217257	11216173	1
7633929	7633930	1
10519114	10519113	1
8189161	8182384	1
11601012	11601162	1
9463697	9463724	1
4212104	4211367	2
7352397	8791194	1
9849310	9849309	1
5453009	5453381	1
7450148	7449985	1
7017729	7017730	1
173590	173589	1
11931612	11930929	1
49381	49471	1
10789801	10789775	1
3569802	3570092	1
2107212	2107211	1
1622395	1614791	1
3125440	3125465	1
11917627	11917655	1
8570982	8570981	1
4853716	4853715	2
5930094	5930091	1
6637806	6637803	1
1312203	1312204	1
7202481	7202482	1
3855810	3855077	1
4551329	4551184	1
223280	223283	1
9356680	9356852	2
10910641	10910642	1
6117900	6117899	1
7235649	7235650	1
11438089	11438092	1
10104171	10104172	1
11785344	11880774	1
6390027	6390028	2
7383624	7383627	1
8167706	8167705	2
1195443	1195828	1
6076841	6076831	1
10670783	10671667	2
5284963	5286372	2
8804607	8802107	1
10278091	10278092	1
5491349	5491350	1
1745101	1745102	3
9343150	9343376	1
7106412	7106397	2
8655771	8655772	1
2088479	2088480	1
4278084	4278083	1
11793056	5533279	1
3320453	3320454	1
9823603	5560526	1
7391611	7391612	2
10146137	10146140	1
6029968	521016	2
8989401	8989402	2
2054955	2054827	1
10172941	10172942	1
9240698	9240695	1
4330216	4160447	1
7025047	7025048	1
5050969	5050998	2
9075782	9075777	2
1713521	1713522	1
7040145	7040146	1
5705934	5706060	2
4570310	4570243	1
11444178	11444175	1
6500777	6494917	1
773042	773041	2
7899569	7899598	1
3557325	3557326	3
4738565	4738292	1
10248705	10248706	2
5149503	5149504	2
6879824	6884277	1
7493004	7493287	2
2481419	2482103	1
6834327	5705290	1
4854723	4854624	1
995463	995476	1
7319109	7318989	1
8614133	8614134	1
8034831	8034834	2
1419195	1421662	1
8441671	8441672	1
11074185	11074188	2
1891390	1891387	1
3883133	3883134	1
6782792	6782791	1
9267804	9267801	1
8376860	8376872	1
11775283	11775613	2
2015230	2015300	1
2254761	2254762	1
11926823	11926842	2
2893721	2893722	3
10135226	10135229	1
10182577	10182483	1
8519553	8519556	1
3522893	3522782	1
5861670	5861669	1
12180450	12180449	1
5808821	5808822	2
6896613	6896622	1
9741236	9741202	1
10169570	10169185	3
4019047	4019048	1
94837	94833	1
5250089	5250090	2
684782	686287	1
10576931	10569538	1
7513554	7513551	1
2747354	2680977	1
10710817	10565283	1
10393577	10393585	1
8070175	8070176	2
1171745	1171748	2
1963240	1963347	1
11471391	11471392	2
22724	22721	1
8173793	8173796	1
9785027	9784268	2
432055	2905518	1
7154134	7154133	1
2720015	2720016	2
11338509	11635293	1
11828599	11829113	1
10570109	10570110	2
7719924	7719910	1
5704690	5704689	2
7579846	7579293	1
3912461	3912633	1
5184226	5184225	2
2448848	10975870	2
5094488	5095079	1
4864829	4864796	1
4547498	4547495	1
8611273	8611274	1
6442415	6442445	1
4261099	4261100	1
11387614	11387627	1
4826846	4826845	2
2705411	2705412	1
3767573	3766834	1
6302231	6302236	2
3735154	3734981	1
11381150	11381149	1
4014793	4014794	1
2020480	2039821	1
8420392	8420281	1
8276303	8276341	2
2617814	2458044	1
281609	281610	1
4423347	4423348	1
10125331	10125332	2
10052616	10052327	2
6782790	6782787	1
4478296	4478301	1
8227387	8227388	2
4419301	4419425	1
4030685	4030686	3
9970256	9962821	1
9254137	9254138	1
5589996	5589995	3
11784190	11779015	2
4533104	4532833	1
9170136	9170025	1
4153565	4153773	1
9959675	9959676	1
520196	520195	1
9602911	9602912	1
6485056	4865856	1
5181115	5181097	1
7422378	7422377	1
7810476	7810452	1
4938309	4938310	1
6686354	6686353	1
7932127	7932128	1
2182412	2182411	1
3239486	3214875	1
2572790	2572613	1
11428263	11425455	1
1449327	1449328	1
4710940	4710937	1
2513725	2513726	1
3401987	3401988	2
4548186	4548185	1
12478358	12478311	1
10743511	11591746	1
2713728	2714463	1
9336692	9784008	1
4279300	4279297	1
793238	793237	1
6437846	6361970	1
7190666	7191179	1
3926300	5270200	1
10392571	10392572	1
7025039	7025046	1
9581078	9581077	2
3996367	3996368	1
4551694	4551693	1
8026678	8026122	1
9775621	9775622	1
2660297	2660273	1
4678005	4678368	3
664085	664088	1
80623	80624	1
12508124	12507863	1
7474495	7474565	1
3857427	3857437	1
1080581	1079504	1
8025979	8025588	1
11938296	11660404	1
10343595	1575637	1
107895	107896	1
8800101	8802301	1
906150	902370	1
7061568	7061565	1
2259725	2259003	2
11825711	11825712	2
6636802	9995857	2
806336	806335	1
4625308	4625307	1
9361771	9361772	1
6637892	6637891	2
4023823	4023824	1
12036132	12036131	1
7665173	7755114	1
3269387	3269388	1
9123611	9123612	1
3149745	3151186	1
5056345	5056200	1
1061378	1061375	1
6407565	6407566	1
2016948	2016955	1
7832545	3351811	1
11382025	11381952	1
3231109	3231112	2
964383	964384	1
8063357	8063360	2
3954581	3954582	2
2060217	2063316	1
10729171	10729172	1
4025163	4025164	2
5600754	5600753	1
5930336	5930436	1
11066902	11066960	1
8752260	8752259	1
1986982	2577626	2
10016475	10016476	1
9836755	9836756	1
4480307	4480287	1
12243867	12243868	1
4614779	4614783	2
12294151	12294152	2
3482721	3482722	1
2068158	2076353	1
9840710	9839814	1
8274627	8274628	3
10598295	10598484	1
1788936	1788935	1
3528226	3528220	1
5268498	5268497	2
9916145	9916146	3
4311045	4311046	1
12259824	12262997	1
1612079	1611892	2
841895	841896	2
5867411	5867412	1
5047906	5048021	1
9913061	9913062	1
1551184	1551175	1
1112041	1112230	1
6709063	6709066	1
4687974	4687997	2
9966243	4355990	1
7501596	7501595	1
7523735	7523736	1
10149565	10149566	2
10898223	10898224	1
8221143	8221144	2
337729	337730	1
7255121	7255122	1
2604384	2604387	1
5821992	5821997	1
3937571	3937572	4
3700148	3700147	1
12615206	12615205	1
7581075	9097835	1
10912252	171240	1
8562990	8562989	1
1863923	1849576	1
1213405	1213406	1
10500608	10499547	1
11505978	11505731	3
12346767	12344246	1
1324715	1356850	1
11594374	11591434	1
4573984	4573983	1
2897449	2897450	1
12176956	12176953	1
8023660	8022555	1
9345592	9345591	1
5853255	5853488	1
11726501	11726502	1
10805561	10804165	1
9051092	9051113	1
10646124	10646123	1
4533567	4533568	1
2127233	2127234	1
3597885	3597839	2
9050086	9050085	1
5728695	5728715	1
11623349	11623333	1
4078154	4078028	1
3267709	3351910	1
11355355	11355356	1
6511281	6511284	2
757288	756991	1
5502337	5502331	1
583594	583593	1
7794107	7794114	1
4714588	4714587	1
827101	828773	1
1424188	1424187	1
8759408	8759405	1
6180370	5483435	1
3730150	3730139	1
1201596	1201550	3
1964670	1962310	1
171143	170573	2
5208718	5473701	2
5142200	5142199	1
5316414	5316411	2
10319976	10321532	1
8418569	8419348	1
11665085	11665724	1
2970812	2970811	1
10066076	10066073	1
12042980	9090798	1
1167921	1167922	1
12647868	12647865	1
12176129	12176130	1
5867876	5867875	1
10294539	10295221	1
2836837	2836960	1
3005004	3005003	1
3462317	8790241	1
6938902	6938897	2
2416897	2416716	1
10939531	10939532	2
7239030	7239029	1
8973887	8973849	1
973462	973143	1
9479356	9478709	1
8291951	8291952	1
6953947	6953860	1
9295174	9295292	2
7456545	7456553	1
1697112	1697111	1
10841543	10841544	1
5677258	10734713	1
5352777	5352778	2
5449774	5533588	1
231620	231619	1
8588384	8588387	1
4508670	4508669	1
1859188	1859226	1
7773879	7773802	2
697612	697611	1
7472341	7472342	1
1526193	1453396	1
5308268	5308398	1
3700162	3700161	1
9794314	9794263	3
9896490	9896489	1
1356261	1356155	1
5496494	5497142	1
829429	829430	1
7957356	7957355	1
2789246	2789245	2
1000157	1000374	3
8367210	8356699	1
8535722	8535601	1
9345092	9345115	1
437658	438728	1
11763343	11763329	1
1725938	1725937	1
4312912	4312911	1
9191078	9190999	1
1982744	1982782	1
4713812	4713811	1
4278644	4278641	1
860443	860476	2
4191655	4191649	1
7626064	7626061	1
9165354	9165703	1
10610004	10610001	1
10439144	10439139	1
6939999	6940959	1
5067439	5067442	1
2684613	2684616	1
10502407	10507159	2
8841058	8872489	1
452152	452151	2
3372010	3380479	2
11966715	11966716	2
296806	296805	1
3378020	10194917	1
4243770	4243769	1
10541493	10541494	5
4425044	4425066	1
10168639	10168577	1
189196	189213	1
4421930	4421929	1
964387	964820	2
7752779	7752752	1
5240746	5240745	1
9484536	9776759	1
1686864	1686863	1
2930079	2930080	1
10516946	10515962	1
2996113	2675809	1
5554600	5554599	1
1348085	1348086	1
3123113	3123114	1
9378713	9378714	1
264187	264188	1
2004899	2004902	1
5244369	5244370	2
7304440	7304894	1
10322729	8507616	1
4691556	4691553	1
10229111	10229162	3
9360797	9360766	1
2574059	2574854	1
5009369	5009370	1
3697713	3697545	1
3783246	3782253	1
11969817	11969818	2
10982418	10982417	2
3425822	3425821	1
11484909	11484910	1
2016117	2017123	1
5810846	5810845	2
4358423	4381304	2
12696956	12698200	2
9060250	9053741	1
10843576	10843575	1
2107837	2107735	1
6913858	6913855	1
5420201	5411413	1
10132576	10132573	1
6768923	6768924	1
11389060	11389058	1
1227795	1227796	3
1763398	1763397	1
5838152	5838141	1
11699499	11699502	1
4656564	4656563	1
7030283	7030284	1
1855947	1855948	2
12683085	12683069	1
8883902	8883963	1
110627	97722	1
5042352	5042344	1
8746803	8746804	1
5341664	5341826	1
663775	663776	1
398835	398836	1
4840601	1454426	1
7057033	7057036	2
1342907	1342908	1
6205701	6205702	1
542110	542109	1
3218870	3218869	2
9888818	9888846	1
202057	202047	1
1971250	1971247	1
11690037	11690044	1
11554095	11554096	2
11887721	11887674	2
6226105	6336814	1
1698971	1698271	2
6461147	6461148	3
4299979	4302403	1
11308434	11308433	1
2628727	2636384	1
1906806	1904627	1
5099140	5099139	1
4553910	4553907	1
929396	761987	1
2572873	2572879	1
5707051	5707048	1
5368764	5368707	1
7351038	7350449	1
9912454	9913243	1
7875006	7874773	2
11018348	11018347	1
6066548	6068250	2
10933423	10933424	1
8866505	8866506	1
231618	231617	1
5927513	5927418	1
1935030	1935029	1
4952562	1212834	1
9363982	9286051	1
4381989	4381992	1
9480498	9480495	1
10097667	10097668	1
6886034	6886525	1
4437279	4437280	2
4140221	4140259	1
196403	196404	1
10906610	10909693	1
7077938	7077951	1
7446249	7446454	2
8246024	8246023	1
6753062	6753061	1
9326401	9326402	1
8847623	8847624	1
1694710	1694709	1
2898211	2898212	2
7080847	7080848	1
1202186	1202197	1
5321591	5321820	1
6165298	6164624	2
127171	127174	1
9346815	9346816	1
5998668	5998667	1
10683310	10683063	1
6026929	5770982	1
10920579	10920587	2
8667092	7539386	1
12227511	12227512	1
9885106	9880922	1
7952336	7952537	1
1140675	1140676	1
795761	803823	1
7933293	8879364	1
9672761	9672762	1
4593977	4630310	1
335852	335851	3
2269146	2269121	1
9748833	9748834	1
8703913	8703350	1
121316	121314	1
5560914	5560900	1
2256137	2256138	1
2040195	2040196	2
1348759	1348760	2
11148327	11148453	1
3275747	3275748	2
3209355	3192128	1
8417367	8417368	2
4055179	4049124	1
903171	903172	2
1535052	1535047	1
6042474	6042721	1
6399925	6399358	1
2641794	2921931	1
3263325	3263326	1
4795853	4795857	1
9896735	9896736	1
6036093	6036094	1
6772165	6772166	1
12731702	12731756	1
1299079	1298453	2
1429284	1429853	1
7337819	6846573	1
1615002	1728865	1
6323614	6323609	1
7964676	7964673	1
5998395	5998396	1
12615562	12617410	1
4805249	4810168	1
1698481	1698014	1
11775525	11775528	1
4867719	4867720	1
8955424	8956911	1
1467944	1467943	3
5558807	5559827	1
10675448	10675447	2
4593945	4593946	1
6146628	6146627	1
10846054	10846049	2
11448687	11448688	1
4312897	4312898	1
2416419	2416146	1
9351900	9351899	1
11480780	11480783	1
12444647	12444648	1
6101191	6101192	1
10133999	10134000	1
10835573	10774907	1
12055623	12055624	1
668404	668401	2
6070016	6069920	1
5369801	5369757	1
3359311	3359314	1
10943487	10943488	2
11177925	11177650	1
1489289	1489151	1
3257118	3257324	1
3419382	3419381	1
10289110	6492378	1
10695589	10696299	1
2853673	2853674	1
3379183	3379184	1
7302074	7302077	1
8677000	8677010	1
1789786	4813536	3
11929151	11934269	1
6503635	6515004	1
639498	639502	1
4955547	4955960	1
5467319	5467263	1
12462382	12462381	1
185293	185294	1
7989519	7989480	2
11120032	11120031	1
6345657	6345658	1
5483016	5483015	1
8321884	8535148	1
2832503	2832504	1
8225287	8225279	2
8725998	8820287	1
1206565	1206503	1
10560068	10560067	1
8096890	8097274	1
4936731	4937754	1
2735825	2735826	1
7733283	8034516	1
2273418	2273411	1
11076951	11076952	2
1242835	1242836	2
4137839	4255284	1
6175723	6175726	1
7668419	7668420	1
8014458	8014455	1
5774155	6829491	1
10075327	10075433	2
8160330	8160329	1
11735193	11735194	1
10827866	10827865	1
7733484	7733487	1
10706582	10690002	1
3777972	3777970	1
7842292	7842289	1
2456927	2456928	2
2604234	2604233	2
651429	651430	2
5459967	5458917	2
459009	459010	1
3265718	3265715	1
7038726	7019519	2
3312222	3312225	1
1297395	1297396	1
2537419	2537420	2
2666011	2666012	1
8171338	8171337	1
12796500	12797904	1
6513521	6513522	1
2340370	2340367	1
10294472	10294454	1
10025934	10025933	2
273313	273314	1
7893486	7984382	1
11354585	11354586	1
613437	139159	2
11546918	11546917	1
11278754	11278753	1
1639180	1639174	1
11977367	11977368	1
12439424	12439432	2
9250147	9249793	1
9098459	9098466	2
12606178	12606177	1
10196879	10196892	2
5440608	5440596	1
11366777	11365963	1
415530	415529	1
7437259	7437260	2
9342118	9342117	1
7950637	7950470	1
11171509	11171487	1
3553875	3553878	1
1635203	1635204	1
1662026	1662025	1
8422770	8422786	2
10647149	10640772	1
9917256	10155687	1
8847222	5648250	1
811562	811561	1
1172805	1167724	1
1798876	1799395	1
2780539	2781223	1
2841080	2841079	1
6419531	6419525	1
7610144	7548951	1
2316763	2317502	1
7045821	7045811	1
9953668	9955648	1
2237430	2237467	1
4919545	4919608	1
2079311	2200418	1
6442326	6442325	1
10778515	10778648	2
3490836	3490814	1
928518	928763	4
11688639	11688642	2
10530164	10529444	2
11015636	11015635	1
10317958	10317950	1
5053871	5415478	1
1079614	1079611	1
10795463	10795464	1
1826869	1830792	1
655767	656832	2
10290931	10290932	1
7047010	7044600	1
9932041	3879077	1
12418664	12418663	3
3528744	3529151	1
11996127	11996348	1
1767183	1766881	1
8971902	8971901	1
11314368	11314367	1
10630267	10630268	1
3874902	3874899	1
5275863	5275891	1
10195533	10195985	1
11906532	11906959	1
6626492	6626491	1
3690819	3690592	1
4324254	4324248	1
7802236	7802384	1
2832829	2832832	1
912655	912656	2
4606968	4606967	1
3748265	3748266	2
6657089	6656976	1
10413423	10413424	1
7833570	7833860	1
3972085	3972021	2
10600876	10566754	3
4088525	4086974	1
7821823	7821824	1
9746302	9746301	1
6410795	6410796	1
7016380	7016379	1
6557088	6567595	1
11728934	11728933	1
2531761	2531757	1
7391752	7391850	1
10700314	10700305	2
9341617	9341618	1
1934288	1855667	1
6698297	6698295	1
7446390	772527	1
6655356	6655355	1
1739477	1739776	1
3981638	3981637	1
6903761	6903762	1
6822193	883450	1
4501016	4501547	1
3014608	3000447	1
1472035	1471910	1
11211556	11211555	1
6473343	6473797	1
9089679	9089680	1
9504409	9504410	1
9126172	9125550	1
8569286	8569285	1
10527191	10527192	3
7731722	7731731	1
4570966	4571126	1
3323495	3323496	2
4079754	11929912	1
6104114	6103841	1
3400763	3400343	1
6133361	6133487	1
11895699	11895700	1
7504051	7504054	2
4208335	4208336	1
6031091	6031092	1
4138181	6515153	1
6651557	6651503	1
11995385	11995386	1
8369085	8369088	1
11412509	11412465	1
11598258	11604502	1
3979243	3979001	1
2800373	2800374	1
5170473	5170474	1
5447184	5447183	1
1966009	1966010	1
2421993	2422001	1
3091924	3091921	1
12575947	12576874	1
6026927	6026928	1
9713868	9713867	1
8878762	8876870	2
10742368	10742367	2
12306509	12306417	1
1825317	1825318	2
1480943	1655434	2
1028267	1028268	1
3507744	3507689	1
1959753	1959656	2
11496050	11496049	1
10347863	10353642	1
9571880	9571993	2
10888280	5506681	1
6059853	8265286	2
6563774	6563767	3
8849964	8849963	1
11397171	11397172	1
7976178	7976177	2
10877757	10876280	1
7070942	7071053	1
11997047	11997048	1
7825908	7825828	1
794437	794438	3
815731	815757	1
11561690	11561689	1
5272101	5272102	2
9233802	6410812	1
3208587	3208588	2
541232	541231	1
4956839	4956759	2
12418713	12307927	1
3260510	3260509	1
1473493	1474377	1
217638	217635	1
4157236	4157235	5
5415870	5415869	1
373424	373423	2
7898467	7898468	1
7120880	7120879	1
9862783	9862778	1
1415340	1415316	1
9946209	9946210	1
4300044	4300043	1
5928201	5927190	1
7009136	7009133	1
10733438	10733437	1
3265877	3265878	2
764968	2518814	1
910446	910018	1
4140734	4157675	2
120154	120153	1
1198272	1198275	1
10774986	10774997	1
6439798	6439795	1
2951684	2951683	2
7660257	7660442	1
4180821	4180822	1
7471047	7471050	1
7539255	11486791	1
7873107	7873096	1
2551895	2551896	2
5473389	5473390	1
10681401	5976123	1
1309461	1309462	1
11370954	11370953	2
11127232	11127231	1
6245582	6245581	1
8157894	8157893	1
905088	905065	1
9705814	9705803	1
237801	237802	1
1319364	1319363	1
8247184	8247183	1
1332502	1332384	2
3482636	3482635	1
5942418	5117222	1
1080423	1080424	1
787784	787831	1
5273006	5272984	1
7484727	7487589	1
1402232	1402235	1
4068560	4069348	2
10103957	10103981	1
10109678	10109677	2
2429292	2429504	1
2385682	2385857	1
1561937	1561938	1
5893275	5601352	1
5828124	6203731	1
7134660	7314358	1
9903947	9903948	1
9125076	9123038	1
11640044	11640043	2
7737172	7737171	1
12037280	12037279	1
8265508	8265507	1
6172262	6172261	1
9293581	9293582	1
4364153	4364154	2
8917147	8917051	1
6965544	6963132	1
9352719	9352720	2
5456321	4738198	1
1527964	1527961	2
10190091	10190092	1
9171136	9171135	1
7214897	7214898	1
1084211	1084232	2
155237	155207	1
1178230	1178229	1
8579331	8579332	1
7394799	7394691	1
2278909	2278910	3
9149033	9149053	1
3565407	3565408	1
5271852	5271851	1
2607221	2614701	1
6271168	6271165	2
3923878	3923877	1
4709086	4709085	1
12679615	12679616	2
3867581	3867611	1
8981141	8981573	1
10225312	10225311	1
10476535	10475851	1
2122281	2122282	1
6059285	6059288	1
10375364	10375363	1
6757615	6757620	1
8341140	8343795	1
1070816	1070899	1
3161761	3167572	1
9314725	9314718	1
8208516	8208973	1
10654742	10654741	1
12787325	12789080	1
1097531	1097532	1
4365891	4365892	1
10757020	10757019	1
7541913	7541916	1
6154887	6154890	1
10813715	10813833	2
10923372	10923371	1
11665134	11678162	1
7435380	3003995	1
5235537	5235540	1
10422332	10422331	1
7108668	7108667	1
5512975	5512916	3
1304535	1304570	1
3161194	3161191	1
4736757	4736760	1
7294752	7294675	1
2323635	2323636	1
10732755	10347311	2
11738429	11738627	1
12369991	12370035	1
7253690	7253737	1
5478791	5478792	1
8030579	8030580	1
12801170	12800994	2
9480187	9480188	1
3361007	3361008	1
7992473	7992482	1
11417886	11417885	1
9874813	9872824	1
10885623	10885178	1
6777826	6777840	1
11962661	11962662	1
7640399	7640400	2
3548276	3548275	1
301779	439527	1
11387645	11388082	1
8518047	8518048	1
1671119	1671120	1
7018487	7018488	1
3867304	3412122	1
1314374	1313161	2
4736132	4736566	1
6053543	6054002	1
10877774	10877773	1
2411748	2389970	1
9651504	9651500	1
10345825	10345828	1
6656990	6656989	1
4941976	4941975	2
899344	899343	1
10025767	10025959	4
3779265	3758210	1
10351977	10352026	1
2784796	2784795	4
5485073	5485074	1
8006577	8006578	1
8642110	5148193	1
10836471	10836887	1
9625566	9624523	2
7650362	7650361	1
8076080	8076077	1
10507029	10507032	1
2434426	2563161	1
11908929	11909626	1
2597995	2597996	1
6706598	6706597	2
4346160	4346168	1
2962029	2962030	1
6143301	6143302	1
12610307	12610310	1
4990441	4987927	1
11368371	11368372	1
595427	595910	1
2369497	2369498	2
1033342	1033334	1
3557327	3557330	1
4840567	4839105	1
12353985	12354016	1
11506389	11506390	3
5050778	5050775	1
408778	408603	1
10478227	10478181	2
11761199	11761851	1
3506929	3506384	1
7121226	7121204	1
2947947	2947948	1
7679646	7679701	2
5274951	5274877	1
3964597	3964600	1
6110696	6110695	1
5874303	5874304	1
9128228	9127688	1
9692062	9692061	1
6942657	6942658	1
7840002	7839999	1
5214178	5214177	1
9728724	9728723	1
3820685	3820715	1
1713150	1713149	2
1763400	1763399	1
9583207	9583208	1
6028062	6028061	1
8401088	8401087	1
11895053	11895054	2
6171083	6171086	1
2547404	2547403	1
8106393	8106394	1
3575539	3575540	1
1337310	1337171	1
11450836	11450835	1
10627118	10627117	1
11370959	11370962	1
1765603	1765604	1
1920492	1920491	1
9557798	9557791	2
1796642	1796655	1
3031941	3031942	2
7767920	7764524	2
8843399	8843400	1
3202330	3202324	1
8188579	8617242	1
3580137	3580138	1
6843570	893017	1
1051959	1050871	1
3315652	3313741	1
5506439	5508575	2
10320690	10320687	1
7548540	7548539	3
10658317	10658318	1
10095317	10095318	1
2860561	2860562	1
11554050	11554049	1
11448000	11447999	5
9370423	9370372	1
7747672	7747146	1
2104295	2104296	2
11913293	11913294	1
11643193	11643194	1
8433820	8433819	1
10372105	10372066	1
10340773	10340619	4
1864276	1864275	2
6144241	6144242	2
4046207	4015306	1
11246321	11246322	1
4268887	4268548	1
5099622	5099673	1
10956118	10956117	1
12677595	12677795	1
10983570	2022009	1
6117646	6117645	1
10177474	10177429	2
8618256	8618253	1
7863791	7863794	2
11154676	11154675	1
1697144	1697143	1
9197450	9197449	1
1921789	1921792	2
5305144	5307964	1
4032914	4032913	2
8815346	8815343	1
4823056	4823681	1
558965	558992	2
11396255	11396199	1
10794189	10794190	2
619410	619404	1
10495896	10756008	1
7362507	7362514	1
1983763	1983764	2
336396	336339	1
12125546	12125545	1
5289632	5289631	1
7994963	7996493	1
10170838	6643212	1
1648548	1648547	1
3550979	3507337	1
11722084	11722083	1
6923985	6923988	1
98848	98847	1
6184098	6184097	2
6964625	6964626	1
6600969	6600931	1
1645521	1645522	1
10609852	10539934	1
9709038	9709024	1
10131148	10131147	1
2254051	2254052	1
5015199	5015200	2
1236431	1834803	2
1873812	1872504	1
175492	176585	1
2695749	2695750	3
12691919	12691920	1
8368489	8368672	1
2156645	2156646	1
10186919	10186920	1
814129	814893	1
3295865	3295866	1
1591484	1591483	1
8928751	8928752	1
11958125	11958134	1
4054851	4054852	1
6448911	6448912	1
10421123	10421113	1
4693637	4703447	1
12441426	4231435	1
10858695	10858698	1
7191382	7191381	1
11280168	11280167	1
4063862	4063861	1
5141819	5141820	1
7849771	7849772	1
3879190	3879131	1
12315664	12315984	1
200163	2097931	1
9168145	9168146	1
6347698	6347697	1
6871836	6871839	1
6799942	6800025	1
11624498	11624497	1
10041469	10041470	3
5521791	5521792	1
2579609	2579610	1
202108	2298218	3
1986205	1986961	1
9237965	9237966	1
6954754	6954760	1
8806686	8806685	2
287748	288407	1
6043921	6043896	1
2507459	692368	1
11942857	11942860	1
10652990	10652986	1
1700382	1700448	1
3459478	3459477	1
5352373	5292477	1
4584716	4584715	1
7783876	1299702	1
6068350	6068338	1
3231107	3231108	1
11206161	11205317	1
1787875	1784711	1
1016164	1016163	2
1459945	1459961	1
8624382	8624545	1
8466927	1737562	1
1611416	1611413	1
1202502	1202556	1
12051623	12051620	1
5936608	1706748	1
6934309	6931317	1
5265599	5196697	1
4579245	4579246	2
6815613	9264796	1
5936610	5936609	1
7201080	7200943	1
7481502	7481425	1
8151174	8151173	1
9154110	9154109	2
4533695	4533696	2
4631115	4631125	1
3881429	11729396	1
3568654	3568653	1
9295566	9296237	1
1724427	1723829	1
885115	884988	1
11157938	11157937	1
6659170	6659155	1
3372622	3372621	1
3273862	3273861	1
7944834	7944001	1
12030045	12012865	1
11943287	3318788	1
2948302	2944118	2
11845287	11845257	1
3951590	3951585	1
6699703	6699704	1
6183703	6183704	2
12437534	12437533	1
11931098	11931097	1
4037868	4037867	1
7309824	7309823	2
10911820	10911648	2
6205599	6205604	1
1087199	1087200	1
1563779	1563780	2
5658869	5658870	2
3614308	3614307	1
6618137	6429218	1
6436500	11518320	1
1969717	1969986	2
12533734	12533636	1
7941293	7941294	1
3685230	3685227	1
1728526	1728438	1
1740271	1741852	1
11443718	11444957	1
10665299	11942499	2
7372129	7372130	1
2161164	2161163	1
11567113	11567114	1
4417680	4417679	1
753936	753309	2
8212303	8213046	1
5497540	5497634	1
9933282	9933277	1
4788128	4787977	1
1237626	1237625	2
791727	791767	1
5656278	5658570	2
332583	332619	1
5748037	8833030	1
3924660	9471620	1
11044043	11044044	2
8989008	8989005	1
5827863	5827813	1
1566900	1566872	1
4554839	4554820	2
7575847	7575850	1
8504009	8504010	1
9355544	9356854	2
10301116	10300639	1
6204164	6204162	1
4534571	4534572	1
10893034	10893059	1
9476902	9476893	1
3885043	3885044	1
5969412	1710191	1
8017821	8017887	1
3634231	3634232	1
11445418	11454482	2
1831206	1831205	1
10738211	10738107	1
11051650	11051647	1
11876508	11876513	1
4810582	1786106	3
5555769	4785534	1
8327002	8313284	1
1291071	1291082	2
2585864	2585808	1
5054521	5054522	1
1252050	1251954	1
10325482	10325481	1
5882153	5882154	2
12024942	12024941	3
10760439	10760440	2
6278333	6278334	1
6849046	6856468	1
971077	971529	1
5283621	5283622	2
11898369	11898365	1
11771666	11771665	1
9324703	9324706	1
12789536	12789535	1
3533737	3533828	1
11250593	11250594	1
5526339	5526342	1
8845522	8845521	1
10429005	10428897	1
8658347	11899969	1
9309608	9331045	1
1321666	1315336	1
10827954	10847033	1
8679948	8679573	1
12478202	12478188	1
364267	364268	1
7916679	7916680	1
8373182	8373162	1
5836500	5834144	1
4508217	4496558	1
11737591	11737592	3
8101882	8101879	1
8373896	8373932	1
7225155	7225363	1
5396990	5396989	2
6682701	6682826	1
4505290	4505364	2
10138033	10140776	1
5747887	5747412	1
5374860	5376515	1
149355	149292	1
6100826	6100823	1
6422134	6422133	1
1957725	1957760	2
10482348	10482322	2
3440483	3442036	1
6498309	6498105	1
2156262	2156261	2
1928423	1928424	1
2939843	2928485	1
10808501	10807988	1
7827781	7827562	1
5163870	5163869	1
381474	5446835	1
985558	8058092	1
1723632	1723631	2
9706071	9706090	2
1294371	1186523	1
1601188	1601187	2
10986497	10986500	1
11239502	11239499	1
4385279	4385280	2
11033890	3121953	2
10832232	10832231	2
3920372	4014104	1
1227797	1227798	3
10988514	10988513	1
8574479	8574551	1
9177057	9143528	1
3430124	3429655	2
1245747	1245020	1
12276238	12276237	2
7074530	7074529	1
5640798	5640797	1
592895	592891	1
5285012	5286446	1
4392128	4392061	1
3914149	3914150	1
12257213	12257216	1
5836345	5832038	1
6948622	6948621	1
6363785	6365470	1
9052835	9052840	1
10230577	10230578	2
10258047	10258048	1
3853098	3853097	2
164145	164146	1
4016599	4016600	2
6385538	6386071	1
11152777	11152730	2
2104092	2104091	3
472919	472976	1
5425014	5427991	1
5882331	5881827	1
1012054	1014239	1
1863578	1863575	1
6795254	6795250	1
7539586	7468620	2
2492888	2494928	1
11671733	11671739	1
6122258	11185934	1
4946630	4946629	1
8344505	8346662	1
8488820	8431160	1
6858333	6858334	2
6864761	6864309	1
1177457	1177458	1
4168305	4168306	2
8759164	8759169	1
10892082	10892081	2
5926506	5967773	1
6659230	6659229	1
6697778	6697799	3
1519418	1516092	1
1397169	1396905	1
3441964	3441963	3
10072201	10072202	1
12193058	12190568	1
3280362	3280359	1
1708589	1708722	1
9530783	9530784	1
7411784	7411783	1
168537	168538	1
11268245	11268246	1
11229795	11233435	1
6068234	6068233	1
10749934	10749933	1
11444668	11444671	1
8997073	8997074	1
1163381	1164160	1
10109643	10109644	1
6730527	10227566	3
8080676	8080675	1
5672686	5838868	1
1760661	1737256	1
11704577	11705021	1
4161159	4161120	1
9026661	9026662	1
5651507	6123022	2
7683679	7683680	1
6425288	6425287	1
11257394	11257383	1
7101209	7101424	1
10971487	10971488	1
6413841	6413773	1
7459410	3457117	1
11512989	11514249	1
12039764	12039747	1
4298426	4298425	2
1769399	1769400	2
11355586	11355585	1
2235166	2235161	1
10052609	10052370	1
4853718	4853717	2
7667469	7655847	2
434300	434128	1
3144868	3144867	2
5587831	5589823	4
2602452	2602571	1
2797876	2797875	1
12539350	12539349	1
4467983	4467984	1
10143415	10143416	2
12381247	10773693	1
2197183	2079943	1
665006	665009	1
9663824	9663823	1
11711854	11711853	1
546459	546374	1
9904843	9902123	1
8715546	8715545	2
752049	752050	1
3114059	3114222	2
11403105	11403094	3
10456819	10456814	1
10134290	10131212	1
10195810	10195809	1
11004156	11004155	1
2135419	11159640	1
2795814	2795813	1
5050890	8083764	1
10200619	10273664	1
2277666	2277665	1
10636945	10579201	2
588601	588935	1
10161345	10161346	1
3127604	3127603	1
2534944	2534941	1
8211412	8211775	1
11490793	11490794	2
9871303	9873185	1
5141358	5141357	1
2688752	2805670	2
484501	467113	3
1499875	1502433	1
1735192	1735191	1
11701237	11701238	1
6634030	6633919	3
6271623	6271624	2
12408110	12408105	1
9285441	9285447	1
10193846	10193845	1
5249931	5249934	1
9165513	9165514	1
1986840	1986839	1
11183816	11183815	2
7359017	7359018	1
10878885	10878214	1
418454	418453	1
5327533	5327534	1
12225435	12225438	1
2500499	2500504	1
1004729	1004690	2
4486822	4487056	1
6289883	6289884	2
4641990	4641986	2
9257031	9260598	1
10113369	10113370	1
936382	936381	1
12562078	12562442	1
2307556	181646	1
2440036	2440035	1
6972229	6972099	3
7112256	7112255	3
4306177	3545283	1
7392847	7392816	2
4697397	4697398	1
659074	659073	1
7493153	7493154	1
12396764	12400690	1
7250069	7250070	2
3232107	3232766	1
780512	780511	1
4079305	4079311	1
11664116	11664499	2
11571126	11571125	1
6286220	6225207	1
5538254	5538253	1
7434000	7433999	1
6532299	6532636	1
3741190	3741183	1
12419310	12419354	1
7660605	7660606	2
11777747	11886716	1
4252939	4253150	1
12758642	12758641	2
11969819	11969820	2
7612712	7612711	1
11324486	11324485	1
12655842	12657568	1
3775615	4022895	1
8200498	8200478	2
5639096	5639102	1
9530785	9530649	1
636119	636120	1
661705	5606308	1
3739060	3739059	1
4155411	4155412	3
3041016	3041015	1
7478925	7478371	1
12254011	12254012	2
6781182	6781181	1
10321457	10321438	1
10661123	10663916	1
9487867	9385586	1
6037482	6037562	1
8703369	8703500	1
9683295	9683296	1
2044313	2044314	1
9892016	9847803	1
3606493	4385642	1
5273764	5273763	1
666233	666234	1
7523737	7523738	1
12718506	12718510	1
7587603	7583212	1
5359991	5359992	2
415937	415938	2
4145741	4145742	1
4735162	4735161	1
7520689	2436783	1
1053825	1053826	1
6585795	6584471	1
9673297	9673298	1
10881022	10877221	1
6706487	6706488	1
10548793	10548861	1
1096314	1097532	1
900617	900586	1
1008758	1543534	1
6066612	6058710	1
5237822	5237821	1
7493610	7493607	1
37778	37822	3
7465016	7463618	1
2713848	2713867	1
6702966	6702965	1
4017356	4017445	1
6437153	3924760	1
9581707	9581708	2
10080295	10064852	1
8166888	8166887	1
11837895	11837896	1
6101820	6102234	1
8740790	8740770	1
2554486	2554434	1
5386170	5386167	1
5021161	3619269	2
5786645	5786662	1
6552522	6552519	1
5485877	5485878	1
3159493	3159494	1
5751935	5751936	1
6976618	6974501	1
8242396	8242395	1
8418152	8418151	2
7980774	7667057	1
1426250	1426249	1
6300968	6300967	1
12573445	12781698	1
8279888	8279869	1
7019131	11586680	1
10726163	10726166	1
8150756	8149940	1
1617905	1617908	1
8043387	8043388	1
8417442	8417441	1
733208	733207	1
10886619	10887070	1
8204403	8204404	1
10436823	10437223	1
9290798	9290795	1
192919	192920	1
7427823	659075	1
6964981	6964982	1
6796601	6796593	1
3315403	3315406	1
4426629	4426709	1
3444078	3442652	1
3985485	3985486	1
4301986	4302215	1
11688309	11688323	2
10975969	10975944	1
8346755	8347746	1
9439649	9439658	1
11148220	11148219	1
8316677	8316184	1
9992874	9992871	1
6383038	6383037	1
7964088	7964113	1
5154724	5154723	1
4002617	4002618	1
9858679	9858567	1
4609265	4609266	1
10628986	10627060	1
11501631	11602696	1
5509074	5511452	2
6593569	6593570	1
6544547	6544548	2
7959471	7959464	1
4130317	4130318	1
12356936	12356938	1
7935646	7935655	2
9814672	9814671	1
6012879	6012882	1
7905529	7904878	1
335769	335743	1
1525223	1525224	1
362063	8009651	1
6180813	6180798	3
5408758	5408757	2
9352269	9351877	1
1587520	1587519	1
6212384	6208119	1
5345418	5345417	1
1323175	1323181	1
7645391	7576714	1
7826717	3027236	1
10529670	10529733	2
1422010	1421993	1
9712090	9712089	2
7383247	7190204	1
1548731	1548822	1
260245	260250	1
6124290	6124276	1
11120759	11120762	1
12660719	10957574	1
6433489	6433490	1
6431783	6431719	2
9959919	9959920	2
2268829	2268830	4
10379561	10358953	1
1329187	1329188	1
171527	1797064	1
8760567	8760492	1
1664916	1665259	1
7701523	7701669	1
12261949	12261950	1
7859609	7859612	2
9586780	9586777	1
3584264	3580459	1
11224332	11224331	1
12545196	12547873	2
4348339	4348385	2
6915474	6915634	1
6460539	6460540	1
907753	907756	1
9979596	9979599	2
10294989	10188925	1
6345163	6345164	1
9359393	6675698	2
6864317	6864388	1
10246093	10246094	2
5907583	5907584	1
4297588	4297587	2
2589082	2589081	2
9434771	9434772	1
4415605	4415623	1
6838152	7391973	3
11318651	11318619	1
2899121	2899122	1
5823077	5823465	2
2593770	2593769	1
8282044	8282043	2
10070237	10069206	1
10658139	10657967	1
2562489	2562490	1
4698240	4698217	1
699929	699892	1
11118121	11118128	1
3262317	3263367	2
3521591	3521592	1
7198711	7195870	1
2315920	10912323	1
2093945	2093932	1
9380454	9381279	1
834339	835505	1
9178102	9178099	1
2861303	2861304	1
7878130	11116350	1
5382732	5382082	1
2080462	2079845	1
198207	198208	1
9493893	9493894	1
10704416	10712248	1
1586667	1587913	1
7873022	7873021	1
6187409	6187410	1
9824529	6392988	1
5121713	5121714	1
6643760	6643733	1
660848	660847	2
7261696	7261298	1
3494133	3494134	1
11688891	11688892	2
1719347	1719348	1
9540934	9540933	1
9254019	9586781	1
7924298	7924295	3
7696208	7696213	1
1004708	1001028	1
1227705	1227706	1
6455761	6455762	1
7772497	7772500	1
48833	47683	1
8055530	8055529	3
10572584	10572581	1
8007867	8007868	1
12487689	12487690	1
1441420	1441419	1
3324811	3325079	1
5721719	5721722	1
7776280	7776532	1
11110091	11110092	1
7950447	9505203	1
6503131	6503134	1
6521094	6521087	1
4714345	4714346	1
10774988	10774987	1
3901737	3901738	2
9268166	9268161	1
6514158	6514192	1
8822043	8821190	2
10712176	10704606	1
9653647	9653648	1
1838076	1838089	1
9022360	9022338	1
1108408	1108407	1
7272701	3166587	1
7251357	7251376	1
9946338	9946337	1
8657624	8657623	1
6896733	6904232	1
2706658	2706657	1
2524965	2524966	1
2994785	2996596	2
362902	362901	1
6934175	6934176	2
10467656	11397170	2
3283371	3283374	1
7275031	7275169	1
5374280	5374229	1
4595046	4595033	1
11209725	11209726	1
10940883	10940884	3
1231955	1338865	1
11075175	11075089	1
2149642	2149651	1
9853334	9853333	1
8447218	8447217	1
7230421	7230422	1
267952	267951	1
12427106	12427142	1
5556179	5556180	1
10914778	12318369	1
3573785	3573786	1
4849613	4849614	1
7546858	7546873	1
11902465	11902468	4
7714946	7714945	2
2104455	2100710	1
7489918	7489917	1
2558670	2558669	1
11909124	11909123	1
12280478	12280477	1
11583488	11583487	2
7675526	2591019	1
3447780	3447777	1
2807295	2801502	1
1535497	1535867	1
2639794	2639211	1
9641169	9641170	1
2286866	2286865	2
2781221	3880471	1
10022227	10022187	1
3366233	3366234	2
7446366	7446365	1
2197088	2197106	1
9869868	9872036	1
10450182	10450181	1
3198316	3198311	1
8165594	8165660	1
11364442	11364441	1
10533820	10557327	1
12363452	12372449	3
10811056	10811055	2
1544497	1594520	1
8382853	8382854	1
6080148	6080147	1
1293782	1293781	1
11557281	11557257	3
1343254	1285969	1
6685837	6685901	1
2994326	2994325	1
9053839	9053871	2
3763914	3763917	1
6125216	6125140	2
8579211	8579212	1
7837315	7837334	1
5704792	5704795	2
541230	541229	1
5968978	5968977	1
11230406	11230403	1
2238933	2238934	1
2664900	2664905	1
8017135	8017136	1
590018	590017	1
11292210	11292321	1
7978991	7978992	1
3000604	3000603	2
3111511	3111512	2
11635239	11293858	1
4246741	4246742	1
7124143	6834667	1
7729031	7729008	1
7934619	7935254	1
9277048	9277047	1
10252901	10252904	1
6511145	6511146	1
8541833	8541834	1
5737634	5737629	2
402273	232500	1
7854462	7854382	1
12627779	12628255	1
328613	324013	1
8041278	8041277	1
1106253	8441113	1
1986141	1986142	1
11875078	11875077	1
4335926	4335925	1
2836701	2836751	1
305798	305764	3
10515479	10376316	1
10658459	10658460	1
12812376	12812467	1
1103563	1103574	1
11454781	11454782	1
175415	10793095	1
4660030	4670013	1
3747526	3706756	1
4562970	4562969	2
9788579	9790075	1
12012651	12012654	1
7910078	7910075	1
6496718	6496717	1
1928620	1932466	1
435817	435818	1
373878	373877	1
7001260	7001259	1
7390128	7390137	1
6507244	6507243	1
7476942	7476941	2
3107482	3107500	1
8519951	8519994	1
12466196	12466193	1
11126122	11109867	1
7943183	7943184	1
12444250	12444249	1
11993711	11993904	1
4213057	4213058	2
5443836	5443835	1
10547102	10547518	2
7935826	7935805	2
10239202	10239199	1
6015632	6015617	1
8465796	8463104	1
2020513	2020514	1
3396108	3396107	1
1511187	1511155	1
1705226	1705225	3
4397120	4397119	1
6322655	6322656	1
12778795	12778796	1
3249761	3249762	1
7135246	6919889	1
8562385	8562386	2
10406288	10406287	4
3319334	3319333	1
10581168	10574807	1
6730544	6730543	2
6606647	6606648	1
4265526	4265525	1
11764398	11764018	1
1569681	1569672	1
10813144	10813139	1
5765691	5765710	1
10802726	10802684	1
9903945	9903946	1
7739681	7739682	1
1155082	1155679	1
5461889	5461890	1
6429061	6429062	1
5580710	5580709	1
5211718	5211717	1
11321444	2689120	1
11318406	11318405	3
10561217	10561224	1
11642664	11644399	1
6255040	6255038	2
1732694	1733077	1
10728059	10728060	1
2730315	2730316	1
2488451	2488107	1
3476064	3473252	1
303904	303870	1
11587796	11587793	2
6781154	6781153	1
10931400	10931399	2
9175955	9175956	2
2042550	2042549	3
9482444	9482498	1
1772832	1772831	1
3825215	3825218	1
2650566	2649782	1
9972906	9972898	1
582823	582763	1
2980359	2980350	1
2040498	2040584	1
10551021	10550997	1
5303449	5303450	2
5782435	5781889	2
565618	5790722	1
2437281	2437860	1
1085655	1085386	1
3111513	3111514	1
2518543	2518544	2
793538	793537	1
431837	431838	1
6017031	6017032	1
6576022	6576021	1
2803194	2803193	1
1142602	1142601	2
4831710	4831705	1
1526526	1526530	2
1268202	1268201	1
10514781	10515244	1
2495505	2495506	2
7474355	7474333	1
9098969	9098907	1
8804639	8804627	1
8249192	8249191	1
11586301	7082443	1
10516717	10516718	1
8378000	8377999	1
134441	134409	1
8650405	8650406	1
4676306	4676309	1
254306	254305	1
10235463	10235488	1
10505152	10505151	1
9971389	9971390	2
9822810	9822813	1
3035715	3035893	1
10575201	10575223	1
1915595	1915596	1
6541975	6557603	1
7577718	7577715	2
3654416	3654399	1
12055978	12055977	1
11614447	11614180	2
10631657	10631658	1
3021390	3021378	1
11126973	11126974	1
2097717	2097718	1
5769567	8473657	1
10046596	10046595	1
5064942	5064941	1
4472595	4397123	3
1423528	1423298	1
7612203	7612903	1
3644575	3644576	1
891625	891626	3
7752047	7752048	1
2129440	2129439	1
2114497	2114498	1
7030516	7030035	1
7433451	7433452	1
1668104	1668103	1
9679167	9679168	1
11938291	11938296	1
8749672	8749686	1
8998220	8998219	1
9531243	9531244	1
2423583	2423532	1
4365153	4365892	1
4407675	4407745	1
10263130	7421535	1
3369879	3386034	1
335609	332958	1
10642857	10642839	1
1313944	1313943	1
1779259	1779260	2
7184071	7205226	1
5973507	5973508	1
1463848	1441392	1
1317413	1317705	1
6209214	6209213	2
5530301	5530302	1
6866432	6866256	1
6585016	11603350	1
1597244	1597243	1
1728976	1728973	1
4309491	4309492	1
9557459	9557460	2
11151012	11151007	1
12468464	12468463	1
10836111	10836112	1
4163917	4163918	1
10500861	10500862	1
939609	939610	3
8409405	8409406	2
6595475	6595476	1
5259077	5259049	1
1345676	1345675	1
2829922	2829897	1
10134674	10132573	1
1187186	1187823	2
4833368	4832286	2
10171319	10171320	1
1526197	1453396	1
5407617	5398883	1
3027216	3030957	1
6802985	6802917	1
1206552	1206725	1
8603820	8603797	1
2015695	2015696	1
1118864	1118868	1
9944131	9944132	2
4386703	4386897	1
8423948	8451682	1
5632066	7388201	2
3073859	3073843	3
3687645	3687090	2
5957314	5961081	1
5048074	5048064	2
6104356	5940156	1
7365715	7365716	1
1838623	1838592	1
3410977	3410978	1
4839400	4699511	2
8151135	8151136	2
10265095	10265096	1
6926641	6926349	1
765183	765168	1
7084628	7084644	1
418215	418216	1
362897	362898	1
2122556	2122363	2
3981920	3981351	2
8830531	8830532	1
2472548	11142779	1
7673578	7653814	1
11276182	11276179	1
6724582	6724585	1
9975275	9975174	1
9914716	9914715	1
2695065	2695066	2
6377791	6605307	1
6601044	6601043	1
10316851	10317119	1
3961317	3960736	1
2470121	2470407	1
3358109	3358102	1
12031420	12031256	1
2784639	2784687	1
11601529	11601532	1
9535148	9051093	1
11301221	11301249	1
487310	921728	1
2280946	2280945	2
2624168	2624167	1
325842	326450	2
11455789	11455790	1
3799138	7774650	1
4234091	4234092	2
4423448	4423447	1
8521415	8521406	3
11649650	11649659	1
37281	37258	1
6903249	6903155	2
9808487	9808511	1
6576027	6576030	1
11085588	11087346	1
5509864	5509871	1
4191632	4191640	1
2538648	2537117	1
724797	724708	1
1575791	1577252	1
3980316	3980543	1
6196772	6196777	1
4867060	4867059	2
8424847	8424848	2
11983098	11982988	2
11517150	11517149	1
1530723	1530557	1
11962131	11960899	1
158631	158632	1
8419068	8418840	1
6361891	6361892	1
1544821	1545150	1
10464161	1247202	1
848861	848862	1
12672254	12672253	3
284921	284922	1
12179430	12179429	2
4812349	4814933	1
12753624	12753623	1
211364	210782	1
10153191	10080298	1
734962	734961	1
10166559	10166553	1
10203796	10203793	1
1497855	1497856	1
6364535	6364537	1
6057132	6055290	2
6883793	6883794	1
9360221	9358812	1
8254677	8254678	1
9815546	9815474	2
7098023	7098044	1
5089023	5088880	2
2029388	2029387	1
8406073	8406007	2
7781264	7780980	1
7203290	7203293	1
675503	675504	2
12130591	12130592	1
235177	235178	1
10202142	10202141	1
449780	449779	2
9974651	9974652	1
229693	229694	1
3289877	3290013	2
5609875	5609876	1
2534153	2534154	2
12121381	12121382	1
5316113	5316114	1
7986972	7986971	1
11674411	11674463	2
12018531	12015214	1
998161	998034	1
5299854	5299853	1
2604913	2604916	1
10746168	10746167	1
2473127	2455018	1
3080518	3080517	2
2246438	2246435	1
5839866	5839854	1
2600029	2600030	1
1473975	1471854	1
7084473	7084474	1
7852669	7852681	1
6740477	6740490	1
3431701	3431702	1
4219152	4219216	1
1239001	1239002	1
7634265	7634582	1
6686172	6686171	2
7665403	7665404	1
8370550	8370780	1
869430	869429	1
9490500	9490499	2
7170216	7170215	1
4591436	4591435	1
9507855	9508389	1
2370459	2370460	1
6503420	6505454	1
6524270	4052886	1
2021972	2021997	2
10763509	10763512	1
10381958	10381957	1
9274195	6668352	1
11169235	11169240	1
11037413	11037414	1
5354001	10830349	1
254508	254507	1
5192999	5193000	1
113738	113737	1
930709	928469	2
2506766	2522091	1
7799679	7799680	1
7283219	7283222	1
12267591	12270629	2
5937721	5937722	2
3682892	3682821	1
4580553	4580554	2
6938604	6938603	1
1631548	1631547	1
7057046	7056307	1
10903469	10903470	2
361675	361676	2
3662357	3629767	1
1708012	1708113	2
6696506	10172958	1
3833621	3833650	1
4802196	4802496	1
2413411	2413412	1
9464653	9464701	1
11702838	11703086	1
6173971	6173824	1
8226588	8226587	2
9191313	9191314	1
8101095	8101100	1
3572471	3572433	2
3265793	3265794	1
276482	276481	1
4501091	4501207	1
6272590	6272589	2
9384569	9389627	1
8551405	8553897	1
9356076	9356075	1
12468499	12468473	1
1419941	1423861	1
3103539	3103540	1
1736614	1736617	1
11033976	11034032	1
4825853	4825838	1
10540588	10540576	1
5574499	5574502	1
9373893	9371931	1
2622552	2622580	1
9150892	9150891	2
8329270	8329399	1
3939928	3939927	1
10829488	61058	1
1961033	1961036	1
1832709	1832732	1
9502686	9502685	1
6527043	6527299	1
3078736	3078733	1
5790217	5790306	1
11446178	11446177	3
9342930	9342929	1
11209753	11213666	1
6311812	6311966	1
5964410	5964409	1
9362328	9362332	1
5430562	5430648	1
3618633	3617777	1
11034370	12671746	1
4371771	4371772	1
6359676	6255982	1
10239922	10239921	1
10508248	10508247	2
2176353	2176354	1
3568150	3568149	1
1107164	1107163	1
6490828	6490827	1
7844943	7845121	1
9593264	9590438	1
11919974	11919973	1
12729766	12729765	1
9334052	9334051	1
5527086	5527085	1
9103888	9520143	1
10915334	10914670	1
433049	431386	1
3191694	3191658	2
7108975	7108991	2
1906394	1906393	1
11567276	11557393	1
2797327	2797328	1
8574826	8575493	2
4084975	4084976	1
3306833	3306834	1
9664162	9664318	1
158377	158378	1
6053696	6053695	2
10897700	10897477	1
5586953	5586956	2
6541739	6541740	1
3112105	3112106	1
8839170	8839169	2
6428956	6428953	1
9706980	9706979	1
7023615	7023616	1
8984519	5606530	1
820407	820408	1
10896608	10896605	1
10068649	10068650	1
8446649	8446746	1
11237565	11237566	1
8804668	8804667	1
3659381	3663502	1
7280617	7280618	2
1518881	1518882	2
2684892	2684889	1
3773931	3773932	1
11001381	11003491	2
1695948	1695947	1
1109509	1109510	1
421275	421276	1
11689976	1098214	2
632794	632763	1
615469	10446290	1
10270938	10270937	2
8275811	8276030	1
6847260	6841180	1
10278320	10278319	1
7377471	7377323	1
10017109	10108099	1
8962555	8962556	2
2057941	2057901	1
5416576	5416575	1
949842	949830	1
672658	672628	1
7207552	7207551	1
1081962	1081961	1
11814562	11809654	1
11761559	11761576	1
12370201	12369905	1
4388467	4388468	1
6939395	6961039	1
10606541	10606542	1
8528350	8528347	1
1100363	1100364	1
2059823	2038827	2
6572496	6572184	1
7077181	7077184	1
66986	66985	1
6061911	6061857	1
12024940	12025180	1
9060098	9060097	1
2392306	2033324	1
10717701	10717576	1
7904722	7904721	1
6841088	6841059	1
688146	565523	1
11282473	11282474	2
1762188	1762185	1
3258954	3259029	1
12558385	12560196	2
8967062	8967061	1
4119567	4119568	1
8444533	8444469	1
3051635	3051636	1
3280365	3280366	1
8734430	8734429	2
11766786	11766785	2
4708714	4708693	1
11596922	11596921	1
973185	973186	1
1007248	1007247	1
11854456	11854455	1
1331977	1331987	2
52323	52324	2
6057280	6057277	1
9361140	9360669	1
9463022	9463021	1
3592835	3592836	1
4218384	4218399	1
7433822	7433681	1
4521283	4521284	2
11480812	11480824	1
2930206	2930205	1
1928572	1928569	1
8416278	1717109	1
9164477	9165012	1
7980328	7980327	2
11159509	11159510	1
3298387	3298388	1
11439815	11439829	1
9768842	6941012	1
343794	343793	1
11625676	11625682	1
3326221	3326207	1
5709139	5708852	2
8818921	8818922	1
528804	528803	1
604729	604730	1
4576399	4576400	1
2552378	2550139	1
10544915	10545640	1
10356743	10356744	1
517349	517350	1
7741150	7741149	1
1345982	1345979	1
2764526	2767584	1
8167704	8167703	1
2004408	2267461	1
9066640	9066509	1
1122891	1122879	1
943919	943258	1
5949769	5949770	1
7931770	7931769	3
10527695	10519665	1
4544850	4544847	1
723222	723221	1
1698871	1698878	1
12386475	12383369	2
10231385	10232539	1
11662115	11662116	2
1316443	1316439	2
5539095	5538882	1
6640141	6641159	2
392060	392031	2
3587243	3585525	1
4255283	4255284	1
1930068	1930065	1
4405448	4405445	1
5098595	5098085	2
12571844	12572753	1
9929445	9929448	1
7547378	7547377	2
10950843	10950844	1
3103953	3104349	1
6269445	6269446	1
4620900	4620954	1
1673747	1673748	1
10201250	10201253	1
7575283	7575284	1
415759	415760	1
2414703	7723909	2
385339	385442	1
188279	188280	1
5660501	5669039	2
8960834	8960833	1
7260301	7260302	1
5341839	5341827	1
5276541	5276429	1
1726422	1726421	1
10624652	10624651	1
7238185	7238186	1
8410205	8410397	1
5103446	5103445	1
4875938	4875935	1
11271684	11271683	1
3096655	3096656	1
6890583	6890367	1
1366009	1366010	1
10631951	10631952	2
9445741	2529693	1
1712295	1712481	1
9148082	9148841	1
247954	248401	2
4326643	4326679	1
3298556	3297878	1
11422631	11474746	1
7018489	7019311	1
5751897	5751836	1
12626992	12630743	1
10018382	10017542	1
5456333	5456280	1
8069470	8069464	2
10776675	5544145	1
11622049	11622050	1
1144536	1144535	1
1305613	1305601	1
1828273	1824381	1
1531127	1012621	1
7222613	7222614	2
2703839	2701958	1
8566025	8565988	1
6213433	6213354	1
7127413	7127414	1
10317018	10317017	1
9019752	9019755	1
3889328	3889327	2
8101097	8101098	1
8369180	8369179	1
1927782	1923393	1
9098326	9098325	2
10904777	10904778	1
12459435	12472647	3
6611517	6611518	1
6717076	6717085	1
11445093	11445059	1
4104864	4104863	1
89143	231822	1
9310740	9332117	1
6153162	6153174	1
4341443	9896261	1
795866	796220	1
4345350	4344945	1
12308380	12307705	1
3873287	3873288	1
2307899	2307900	1
1016052	1020819	1
5094971	5095029	1
8547699	8547700	1
4078429	4078430	1
50574	50624	1
342478	342477	1
972660	976077	1
961040	961128	1
5817835	5817836	1
9476890	9476889	2
3376335	3376336	1
6443637	6443640	1
4428506	4428948	1
2091180	2091179	2
7944600	7944599	1
1791572	1791571	1
10503189	10503190	1
1101571	1101563	1
4828033	4828034	1
6003947	6003950	1
11039873	11039874	1
43425	43426	1
5626585	5626586	1
7851056	7851055	1
7500804	7662983	1
7000010	7000007	1
10565849	10565328	2
8032210	8032209	2
1741112	1741109	1
3287164	3287130	1
4347857	4347858	1
147493	149728	1
9493469	9493470	1
635040	635039	2
4445425	4251941	1
6017914	6018709	1
4049787	4049788	1
10307770	10307468	1
10540715	10540728	1
9487782	9494217	1
8075240	8075233	1
11151343	11151344	1
10064067	10064099	1
4338956	4344597	1
7201802	7201801	1
2783035	2783036	2
8004737	8004738	2
1775736	1775735	1
5890686	5892177	1
8516589	8517767	1
836800	836814	1
8445275	8445276	2
6652011	6652012	1
2675039	2674978	2
2452623	2452624	1
6742687	6742688	1
583156	583057	1
6131788	6131811	1
8205561	8205562	1
6478945	6478946	1
783076	783075	1
3521903	3521904	1
2771985	2771937	3
4151025	7626278	1
10680731	5979614	1
10376243	10587461	2
5060014	5059616	1
9008364	9008267	2
1842158	1842122	1
11063770	11060141	1
10183819	10183820	1
163671	167669	1
6365680	6365467	1
3243700	3243699	1
9939838	9939837	1
5513264	5513137	1
2413899	2413945	1
6104238	6104237	1
9436116	9436145	1
7365722	7365719	1
4202468	4202467	1
2459488	2459487	2
21618	259344	1
1920740	1920813	2
7357523	7357524	1
10332302	1075688	2
10453981	10453982	1
4400156	4400155	1
7731279	7731296	1
56519	56520	1
6411357	6411368	1
8562732	8562731	2
530564	550728	1
3264807	3264808	1
631552	629286	1
10189258	10189567	1
2509981	2503950	1
8359875	8359876	3
7941511	7941512	1
9714978	9714977	2
8580171	8579100	1
1215445	1172992	1
5303003	5303012	1
9379262	9379261	1
1791851	1791852	1
4722347	4723050	1
6888978	6866097	1
7451502	7450650	1
2958168	2958202	2
8677014	8677101	2
5373577	5373549	1
11100497	11100498	1
4306650	4306649	2
3310661	3248792	1
3431622	3425823	1
9663822	9663821	1
5539093	5539094	1
11678772	11679324	1
11873018	11873017	1
899104	899103	1
4706924	4707007	1
2931193	2931194	2
1555815	1554080	1
11803914	11804859	1
10797905	10797906	1
7339279	7339362	1
6641480	6641479	1
4218432	4218427	3
5932149	5932105	1
7862589	7862644	1
7771357	7901481	2
195891	195837	1
8162869	8162870	1
2815662	12317850	1
12338082	12338081	1
10555453	10555454	1
3397451	3397452	1
1676932	1676931	1
7232308	7232307	1
4736138	4736135	1
10334942	10334945	1
7195910	7195909	1
10466362	10466214	2
5130905	5130909	1
591700	591699	1
4585126	4585123	1
7060461	7060462	1
7033251	7034712	1
1456206	1456209	1
586003	665813	1
3167966	3167965	1
6362485	6362486	2
849953	849954	1
3211003	7912857	1
7917190	7917189	1
3708993	4025240	2
248969	250471	2
10528940	10528979	1
11998074	11998141	1
11679530	11679527	1
11348418	11348417	2
8163110	8162332	1
6695264	6695263	1
2678909	2680652	1
10207494	10206717	1
1328009	1326354	1
7532215	7532216	2
1547086	1547085	1
328096	328066	2
4286302	4268399	1
11521951	11521900	2
7067267	7066993	1
11679011	11679012	1
11394451	11394454	2
10402514	4532830	2
11341858	11341942	1
4392712	4392715	1
241118	241117	1
9176060	9176059	1
305095	305096	2
6464903	6357741	1
9385177	9385178	1
3331958	3331957	1
5714427	5714428	1
10941136	10941135	4
5694233	5694234	2
4140855	1276429	1
5624404	5625523	2
10875920	10875917	1
2954777	2959951	1
10308417	10307886	1
5413644	5193589	2
3447776	3447796	2
6153723	6153726	1
6503446	6503449	1
2797931	2797692	1
11406324	11406222	1
6102740	6102739	1
8641264	8641263	2
5045124	5045123	1
3993134	3993125	1
2165632	2165631	1
6159215	6045216	1
2851383	2851394	1
332363	332364	1
7637654	7637929	1
1395293	1395960	1
2059285	2059286	1
8543974	8543968	1
4847119	4846396	2
12456006	12456005	1
12751570	12751569	1
1940619	1942581	1
7225217	7224969	1
12006043	12006044	1
12238319	12235228	1
4527086	4527828	1
8448665	8448666	1
5787167	5787177	1
7745538	7745537	1
8489708	8489707	2
6268084	6268165	2
12047459	12047441	1
4671649	4672499	1
8841296	5892436	1
1772841	5590601	1
11390102	7429394	1
4359547	4358753	4
12774932	12774931	1
3389731	7866104	1
9894431	9894432	1
7446257	7446258	2
133904	3119827	1
4201712	4200727	1
6473127	6473128	1
10802561	10802562	3
4691962	4691961	1
4587919	4587920	1
3514816	3515070	1
7114994	7115209	3
8378901	8378728	1
11866463	11866466	1
9076624	9076514	1
7336880	7336879	2
656110	656107	1
9877429	9877430	1
6511432	6510821	1
4377277	4377366	1
4806547	4806182	1
6868089	6868090	2
6890658	6888403	1
7460693	7460694	1
5018332	5017877	1
12569803	12569847	1
3852014	3852013	1
2006719	2006716	1
7492954	7492953	1
9568065	9568066	1
3265041	3264676	1
12544167	12558723	1
6940947	6939998	1
2527473	2527474	1
7178891	7178892	2
1448689	1448692	1
8507617	10322639	1
5426860	5426968	1
4538127	4538128	1
98893	98894	1
18561	18797	1
1973607	1973608	1
1207058	1207057	1
2473536	2473535	1
842769	842770	1
3323759	3323760	1
7154241	7148494	1
1211228	1211227	1
2340465	2340468	1
3057862	3057837	1
8821607	8821791	1
3717276	3717275	1
8260082	8260111	1
4262343	4262344	1
12452361	12452362	1
11549606	11549687	1
10703330	10690181	2
8974901	8974902	1
9839270	9839267	1
5606725	5606770	1
10659502	10659501	1
11413546	11413525	1
4271229	4271198	3
3078932	3078938	1
4427800	4427799	1
5374018	5374017	1
1894473	1894474	3
7000780	7001036	2
2817242	2817241	1
10726854	2712700	1
3568668	3568563	1
7427952	7427951	2
2929341	2929342	1
8414690	8416351	1
4364111	4364112	2
5573123	5573097	1
11368717	11368710	1
1287466	1287465	1
10184466	10184465	1
1278190	1278201	1
2962385	2962396	1
835412	818891	1
347009	353704	2
6051959	6051960	1
4084798	4084833	1
1830215	1830216	2
2953194	2953193	1
400061	400064	1
5566328	5566327	1
8754487	8748805	1
639961	639962	1
4714633	4783034	1
3798864	6517061	1
2957135	2957136	1
12131030	12131040	1
8862852	8834758	1
830778	830777	1
1551223	1551226	1
710134	710133	1
8264884	5808195	1
11921003	11920161	1
4573590	4571223	1
6353172	6353459	1
6111378	6111377	1
1363405	1361761	1
83089	83170	2
10408374	10408381	1
2644967	2644970	1
5659985	8859055	1
11336480	11335587	1
6567480	6567479	1
5019776	5019759	2
4919403	4919404	1
3820784	3820783	1
5494567	5494818	1
6482024	6482477	1
5131651	5131652	1
3229915	3229391	1
3158559	3158560	1
2545382	2545381	2
1527277	1527278	1
1919443	1919286	1
5012331	5012332	1
8827531	8826635	1
956020	956019	1
6156732	6156731	1
12468035	12468038	1
10899005	10899006	1
1068252	1285183	1
7293687	7293690	1
5191138	5192072	1
9818390	9818389	1
9430951	4103422	1
8988482	8988481	1
4916561	4916562	2
1113855	1112233	1
8633739	8633790	1
12447544	12445090	1
5440351	5464619	1
2613596	2613715	1
1419856	1419855	1
8018277	8018278	1
5196620	5196619	1
9491551	9491629	1
3548276	3549691	1
5362175	5361847	1
9493891	9493892	1
1468267	1468268	1
2163116	2163115	1
12047284	12047283	1
10522492	10522491	2
10252793	10252794	1
1585228	10491040	1
10848937	10848938	1
11929149	11929150	2
12153940	12153939	1
2181407	2181966	2
9535145	9536218	1
2439164	2439163	1
1248493	1248409	1
10728332	10728365	1
959771	959761	1
9284062	9284061	1
5444401	5444402	2
36273	36448	1
6305975	11507384	1
6394634	6394631	1
1493937	1493938	1
6726019	6726020	2
3908026	3908023	1
5325977	5325978	1
2373909	2373910	5
6045296	6045295	1
7731780	6310736	2
2897414	2897413	1
5548967	5531321	1
7048726	7047198	1
7491834	7613110	1
5960693	5960694	1
1668100	1668099	3
8786764	8786763	2
11331042	11331041	1
8007409	8007410	1
3538314	3538313	1
7809545	7809546	2
12315950	12315949	1
4792800	4792799	2
9670278	9672329	1
2615630	2615629	1
1489010	1489009	1
11123968	11123967	2
11413401	11413402	1
296792	296791	1
3939318	3939254	2
1445184	1445183	1
105152	104633	1
7701984	7701998	1
9834351	9834352	1
6423424	6423421	1
1005782	1005781	1
10947712	10947711	1
9337794	9337278	1
2470722	2470774	1
4254284	4254275	1
7996372	7996375	1
3471197	3471268	2
9247228	9247227	1
7051426	7092606	3
4735989	4735976	1
12233001	12233002	2
257208	11397702	1
8641672	5157559	1
345643	9692975	1
10982506	10982505	1
8503170	8503196	1
4278045	4277234	1
46989	46990	1
9654461	9654462	1
1435558	1437199	1
721999	844320	2
8209699	8209861	1
6258198	6261700	1
2316622	2316457	1
11346331	11346332	2
2356513	2356514	1
6286192	6286191	1
11133979	11133980	1
11071695	6168969	2
9829701	9999917	1
5897240	5897239	1
11902887	11902780	1
7453336	7453349	3
8302808	8302807	1
3138723	3138724	2
8230172	8230171	2
3266225	3266228	1
4001533	4001023	2
6798690	6798689	3
7297349	7297350	1
12275849	12280503	1
12789042	12788809	1
4721703	4721704	1
9649199	9649200	1
583675	583676	2
11344118	11336755	1
4956579	4955483	1
7656569	3715166	1
9391083	9391086	1
6891626	6891623	1
8397855	8397856	2
1544111	1544154	1
538950	539203	1
187890	187806	3
4002305	4002442	1
7117444	7116221	1
766845	766846	1
11424075	11424076	2
11348734	11335436	1
5816179	5816151	1
8157861	8391302	2
11733186	11733181	1
11651417	11651405	1
6533434	6532592	2
5787756	5787755	1
5243422	5243357	1
9553179	9553180	1
2201164	2232971	1
9979215	9979173	1
6445175	6446233	1
10271541	10271542	1
1024448	1024443	1
6189510	6189509	1
9692974	9692973	1
11465811	11462741	1
4476548	4476547	1
10653115	5981726	1
11749071	11750466	1
4711899	4711900	1
11006698	11006969	2
4652348	4653562	1
8995550	8995549	1
506001	489841	1
7664189	7664192	1
1482406	1482479	1
7612238	7612258	1
11578212	11413527	1
2346007	2346008	2
1370400	1370399	2
9972292	9972291	1
4031008	4031007	2
1324624	1324639	2
2112196	2112195	1
10929605	10929521	1
2494133	2512396	1
2643380	2643383	1
12660446	12662497	1
2568398	2568397	1
3748086	3748716	1
4155792	4155791	1
1460130	1460129	1
2589923	2590405	1
1610232	1732133	1
2465847	2465875	2
346520	346519	1
10236523	10236530	1
5485109	5485110	1
4597953	4597956	1
3066937	3066929	1
10242634	10264197	1
966100	966077	1
2761151	2761154	2
3674487	3674436	1
3565060	3565035	1
3315405	3315406	1
11006586	11008717	1
6161347	6161348	1
8442688	8442656	1
3151115	3151116	2
5017293	5017307	1
12246872	12246831	1
10012261	10012262	2
1032661	1001859	1
5688880	5688879	1
9116162	9116161	2
10352766	10352761	1
6260789	6260790	1
7775121	7775122	1
6066791	6066696	1
8758654	8756768	2
11724481	11724482	1
1278424	1278419	1
6703559	6703486	1
11533718	11533717	1
7298869	7298287	1
11928620	11928619	2
10322361	10321101	1
1297399	4142487	1
4366900	4366899	2
9830287	9830933	1
4077403	4077408	1
10774996	10774995	1
2103501	2103502	1
11039484	11039483	1
10684699	10684817	1
1794381	1794538	1
3388907	3388901	1
6736465	6736466	1
1771864	1771806	2
1332869	1332870	1
2474593	2474786	2
11047097	11047106	1
6538773	6534169	1
9741883	9741884	1
1077003	1077006	1
98900	98892	1
11904425	11904426	1
9159572	9159571	1
3377050	3374912	1
3912965	3912966	1
7930463	7930464	1
11501507	11501508	1
11082975	11081085	1
8761353	8761354	1
3498067	3498068	1
11162503	11162504	1
5423445	5444505	3
476581	484621	1
4538771	4538803	1
2438663	2438664	1
1105457	1105440	1
9437677	9437678	1
10311612	10311615	1
2496300	2496240	1
11224847	11224848	1
12617339	12617340	1
4340916	4340932	1
9948159	9949352	1
6100826	6100821	1
9892885	9892662	2
10495898	10495897	1
3792452	3792953	1
6311749	6311750	1
1314944	1314943	1
1382707	1382708	1
1087275	1087499	1
635105	636179	1
9464772	9464771	1
6893669	6897818	1
1469142	1469141	1
5253683	5253839	1
1774184	1776215	1
7287775	7287765	1
7446325	7446258	2
1831437	1831482	2
10582528	10582527	1
8032954	8035057	1
2424195	2424172	1
2423806	2433101	2
10426729	10413787	1
4027959	4027960	1
6179990	6179906	2
11584274	11584273	1
822963	822964	2
7464450	7464952	2
11306270	11306281	1
877502	870117	1
2650609	2650614	1
3775181	3775182	1
6462068	6462067	1
6110638	6110818	1
857882	857881	1
4648475	4646980	1
10886760	10886759	1
12200018	12200017	2
648331	648332	1
12055403	12055371	1
11873915	11873916	1
4745765	5255576	2
1358191	1358204	1
538045	538060	1
6372059	6372060	1
5373391	5373394	1
160488	160487	2
2260153	2260155	1
1212799	1212800	1
11171015	11171161	1
9090887	9090888	1
7340098	7340097	1
7952489	7952490	1
1295496	1780335	1
6418930	6418929	1
3438331	3446536	1
5848074	5848233	1
1475993	1476518	1
332906	332905	2
12417619	12417627	1
6042849	6042850	1
11880273	11880306	1
11813273	11813274	1
3130666	3130680	2
11173420	11173419	1
969421	969422	1
5438480	5438479	1
6414474	6414473	1
1424186	1424185	1
11373412	11373406	1
6668897	6668898	2
11744625	11744626	2
5530180	5530179	1
5139555	5139556	1
3699696	3699695	1
9512345	9512347	1
5423129	5375654	1
426214	427850	1
6205589	6204969	1
2660223	2660224	1
5524667	5524627	1
5582470	5582482	1
667922	667921	1
4686030	4686029	2
3977264	3977301	1
2266932	2237940	1
9303822	7048145	2
5552272	5552271	1
3548534	3548533	1
9344057	9344060	1
10481591	10481592	1
4430218	4430217	1
576106	571327	1
6760879	6760880	1
10427361	10427362	1
8158251	8158252	1
12617928	12617927	2
6485544	6485540	1
2046156	2044371	2
432875	432876	1
11673775	11673630	1
929270	930420	1
5618825	5618826	2
7683653	7683654	1
3961285	8888396	1
3456251	3456252	1
7555497	7556131	1
11935418	11935442	1
2554659	10141054	1
9239367	9239368	2
8016293	2786933	2
450669	450672	1
876386	872959	2
2543212	2543211	1
1086293	1783719	1
11608483	11608484	2
2418018	2418053	1
12055813	12055814	1
4787922	9811001	1
3827078	3826687	1
10883893	10883980	2
8224693	8224756	1
3964442	3245155	1
3403137	3433849	1
8088903	8088909	1
9352742	9352727	1
3167325	3163368	1
8863329	8863407	1
7706074	7706245	1
9728401	9728402	3
5543327	5543328	1
10604759	10604760	1
4311208	4311207	2
7855377	7855378	1
353730	353805	1
9981516	9981511	1
544339	544333	1
1450207	1450267	1
1466829	1466830	1
2517343	2517344	1
194378	394738	3
5372244	5372243	1
4430506	4430484	1
6441397	10161074	1
7657239	7657231	1
1998616	1998553	2
5760704	5759971	1
12674597	12674598	2
10103243	10103244	1
819009	819010	2
2731414	2727296	1
6128465	6128466	1
2275558	2275365	1
1671630	6913859	1
8589707	8589708	1
491084	489544	2
2250408	2250436	1
7646566	7646548	2
10198754	10198834	1
3150024	3104773	1
7735421	7735422	1
3088355	3088356	1
6487521	6487522	1
8101095	8101096	2
10443371	10443372	1
7764603	7764606	1
4686758	4686769	1
595987	274885	1
8400611	8400579	1
99396	99422	1
938931	938932	1
10793185	11910745	1
11833643	11833644	1
3937759	3938751	1
3753803	3753804	1
3557703	3557639	1
10116157	10116158	2
266057	754460	1
3370892	3371067	2
6029686	1694420	1
8951512	1861525	1
10051219	10051221	1
709743	709744	1
10480435	10480442	1
6555425	6551050	1
7116043	7116046	2
11047474	11047434	1
8560935	8560936	2
686701	686702	1
3193133	3193127	1
10272607	10272612	1
7243995	7243996	2
3599133	3599134	1
6727001	6727004	1
8989362	8989361	1
10420532	10420525	1
1696651	1696541	1
4238053	4238054	2
5437345	5437369	1
774943	774944	1
6435502	6435499	1
7202359	7203422	1
1581507	1581523	1
3383849	3385082	1
968573	968575	1
725497	725498	2
12390343	12390344	1
9363375	9363388	1
11393226	11393225	2
4029510	4029482	1
3554168	3554167	1
1096331	1096332	1
5896160	5896166	2
1019750	1018310	1
8338861	8338849	1
4151710	4151709	1
6821815	6821816	2
11322230	11322234	1
12641581	12641594	1
5569528	5569527	1
12168311	12171290	3
4748334	4748333	1
699446	699421	1
11546298	11567591	1
4818057	4818067	1
4088603	4088606	1
7046471	7046465	1
3306026	3306016	1
9244471	9244266	2
8519957	8519958	1
2893723	2893713	3
3960942	3960945	1
12543979	12542492	1
6511269	6511270	1
5288176	6416561	1
3264135	3264136	1
10763786	10762499	1
5842069	5842042	1
5694229	5694232	1
445160	319398	3
7441615	7441616	1
12675081	12674596	2
3302954	3303026	1
8683281	8683282	1
1834164	1834191	1
1825977	1823605	1
8469302	8469299	1
10326330	10326327	1
2380586	2380603	1
585050	585049	2
817767	817768	1
724980	844513	1
10540588	10540572	1
4303962	4303952	1
12048886	12048885	1
5826229	5826230	1
1434225	1434226	1
4458758	4458757	1
11368709	7094292	1
1409946	1409945	1
1761768	1761767	1
6735005	6735006	1
5788116	5788115	1
3908139	3910541	1
1480923	1482317	1
11589380	11589379	1
12447146	12447207	1
2814030	2814027	1
6547613	6550547	1
3784989	3784990	1
2927877	2928085	1
180451	180454	2
11589888	11592036	1
8209832	8209962	2
7799718	7799717	1
6517187	6517192	1
11331336	11339347	1
452224	452223	1
12423154	12404272	1
11733395	11733091	1
10989380	10989379	1
6592324	6592217	1
179863	10810596	1
772391	772392	1
9315871	9315877	1
2253847	2253838	1
7993553	7993554	1
8353351	8349191	2
1480897	1480900	1
6239563	6239683	1
4228311	4228312	1
2539991	2539992	1
7701322	7701321	2
1498860	1498887	1
1762272	1711406	1
8518179	8518180	1
1407517	1407518	1
7580388	7580387	1
10797629	10797630	1
1101312	1101364	1
3790907	3790908	1
8797826	8797824	1
4860005	4860006	2
9464843	9464844	1
12656032	12656031	1
4621411	4621412	2
10541108	10539563	2
5275919	5275865	1
11671908	11671907	1
10885192	10885191	1
9194697	9194726	1
438548	519921	1
9832832	9829672	1
12386266	12386340	2
2239628	2055335	1
3091222	3091221	1
5982585	8961956	1
11837	11838	2
5479980	5477036	1
1594182	1594242	1
10054417	10054418	1
9732274	9732273	1
11267921	6988802	1
6197565	6196609	1
5365457	5291270	1
1762626	1762625	2
2092945	2092946	1
3377656	3377655	2
9314113	9314120	1
2104090	2104390	1
9708723	9717377	1
9089657	9089658	1
2323633	2323634	2
2004903	2004920	1
5096703	5097291	2
9335852	9335868	2
7944683	7944684	1
7221689	5780046	1
139841	139759	1
12476484	12481011	1
6061188	8479594	2
6019259	6019260	1
4575851	4575843	1
4660376	4740160	1
5372601	5372604	1
6877609	6877792	1
9505980	12338149	1
2701227	2701230	1
931150	924046	1
6075189	6075190	1
6132775	6132776	1
3449432	3449431	1
7866668	7866660	1
4394800	4394799	1
5939554	5939636	1
1312302	1312299	1
7816945	7816946	1
2312026	2312025	2
8044845	8044924	1
4167305	4167310	1
2999991	3157842	1
11666999	11666995	1
4278447	5551374	1
4991289	4991292	2
9445899	9445711	1
12658001	377776	1
11072797	11072798	1
2021238	2021237	1
10169497	10169585	1
5754297	5754298	1
5582476	5582475	2
7833994	7839170	1
8163659	8163661	1
6624257	6624365	1
12150018	12150017	1
8006321	8006368	1
5957785	5957882	1
7565403	7565404	1
10073159	10073160	2
12364632	12364624	1
11673625	11673626	1
4732992	4732989	2
9742321	9742322	1
5366570	9515707	1
26084	2284456	1
4819743	4819744	2
1961791	1961792	2
6025260	6025313	1
12179433	12179434	1
1180715	1180716	2
6291503	6291609	2
1893616	1893609	1
296054	296064	1
10746482	10746481	1
6785453	6785454	1
4576164	4576163	1
10539557	10539558	2
587132	587131	1
7243993	7243994	2
6742974	6742948	1
10149440	10149400	1
5489537	5489538	1
11722817	11722818	2
7401813	7400332	1
12167021	12167068	1
10564180	10564179	1
996754	996747	1
8761034	8761033	1
8740569	8740670	2
274239	268514	2
6045354	6045353	1
7284553	7284556	2
7810610	7810609	1
11569777	11569778	1
10899256	10899590	1
732257	3210348	1
12634861	12634775	1
3087738	3086715	1
8875689	8875690	1
11296871	10635653	1
6429360	6617787	1
9618117	9618118	1
435130	660109	1
2856441	2856442	1
10280292	10280291	2
5383766	5023426	2
6179230	6178452	1
1929697	1929700	1
7007691	7103277	3
6363352	6356843	1
10212237	10212238	1
9716635	9716636	2
8826946	8826945	1
4586814	4586813	1
6661740	6659726	1
5199792	5197129	1
173588	173535	2
6555734	6555733	1
10716110	10716267	1
3209847	3209848	2
7457674	7457673	1
2996516	2996513	1
7243106	7243129	3
10771817	10771359	1
7803677	7803678	1
8129362	8129361	1
10539668	10539644	1
11251052	11251364	1
749693	749592	2
2215035	2215538	1
7807863	7807864	1
2902588	2904974	1
7793956	7793953	1
3981953	3981954	1
5263029	5263030	1
5842617	5842620	1
5578872	4722237	2
10065527	10065528	1
10457959	10457569	1
4585586	4585585	1
5774765	6898263	1
6431506	6431366	1
4524280	4524283	1
10269655	10269667	2
909130	909129	1
1215189	1215192	1
6970204	6970203	1
11759743	11759744	3
10613105	10613106	1
2033564	2033563	2
7353828	7353825	1
4569450	4569449	1
12354825	12355644	1
11214123	11196136	1
10537851	10537857	2
12231978	12231977	1
3980548	3980547	1
160362	309737	1
9892163	9892187	1
11393587	11393603	1
10793161	185689	1
2827721	2827722	1
11279562	11282887	1
1496620	1496768	1
9233079	9233033	1
12423048	12423083	2
7895545	7880303	2
10977760	10977759	1
140708	140731	1
2520526	629931	1
9724128	9724127	1
677955	677956	1
64804	64792	1
7768946	7768943	1
7835573	7835268	1
7223797	7223798	1
3908492	3908491	2
3945250	3945249	2
3510626	9438321	1
12156740	12156739	2
3093359	3093287	1
8018122	10492075	1
10662871	10662869	1
8558295	8558573	1
1413398	1412625	1
1407695	1407696	1
4001108	4001107	1
5418221	5418222	2
2751910	2751909	1
10402276	4532922	1
3252551	3252552	1
10320355	10319814	1
5265043	5265049	1
10522494	10522493	2
6818849	6819025	1
8888962	8888957	1
773981	773982	1
6739761	6740553	1
10977497	10979451	2
5583895	5583911	1
1925834	1925833	1
2972392	5527085	1
11432465	11432468	1
2316045	2316636	1
3160005	3160010	1
1621793	1621748	1
6061753	6061792	1
3248958	3248957	1
10664503	10664134	1
6799738	6799819	1
1832329	1832312	1
7276448	7276447	2
4787226	4787938	2
456969	456972	1
7600415	7600492	1
8780420	8780419	1
4054691	4054692	1
4322806	4322797	1
6416495	6416496	1
1064700	1064699	1
11126766	11126765	1
1460381	1458960	2
10205523	10205524	1
9563841	9566670	1
503067	503048	1
5688575	5688576	1
11732586	11733186	3
2412550	2412549	1
4282926	4282923	1
120157	120158	1
11857943	11858041	1
11693958	11693955	1
1533025	1533032	2
723226	723223	1
5724400	5724404	1
1474792	1474789	1
12274010	12274149	1
5768	5767	2
5055958	5055957	1
3869477	3869478	1
9091263	9091264	1
6291346	6289865	1
9488107	9488108	1
1609970	1609969	3
12183578	12183581	1
6109857	6109751	1
6346908	6346907	1
10978260	10978259	2
4698819	4697044	1
7739421	7739422	1
7321279	7321280	1
10892257	10892258	1
193336	193335	1
9776858	9776857	1
4578035	4578036	2
7850343	7850346	1
4042548	4041418	1
81110	67594	1
174093	174113	2
11639715	11639716	1
7951166	10201960	1
1732987	1732988	1
4656830	4656829	1
822963	822966	1
7379516	7379515	2
1928714	1928739	1
3352473	3352476	1
9433771	9433772	1
9238834	9233392	1
6760798	6762245	1
3130430	3130427	1
262400	262353	1
10197748	10197747	1
3161338	3160996	1
12681567	12681568	2
11795106	11795105	1
4677333	4677334	1
3426139	3426140	1
2282254	2090597	1
1324318	1324321	1
11548141	11548028	1
9040405	9041623	1
1415918	1415917	1
7836826	7836825	1
8997555	8995522	1
3672157	3672298	3
3279003	3279004	1
6708327	6708328	1
1365773	1365774	1
11893133	11893136	1
3403188	3403187	1
1888509	1888510	1
4795360	4795207	1
9980438	9980437	3
4725084	4725056	1
3631343	3631280	2
218617	218618	1
1030100	7629352	1
3911668	3911667	1
9765657	9765658	1
2575129	827071	1
1078900	1078899	3
7575287	12387898	1
5486016	5485999	1
6564601	6564502	1
5924704	5924703	2
9476902	9476891	1
4390462	4454523	1
8994642	8994641	1
8953576	8953564	1
4593269	4593270	3
2922687	2922663	1
11618686	11585623	1
3802687	3802688	1
4089871	4089872	2
7838164	7838173	1
2477068	2478064	1
8697749	5546481	2
7267617	7267802	1
2899706	2899703	1
5705678	5706065	1
9680512	9582289	6
4788362	4788361	1
2922118	2922117	1
8606079	1602426	1
12008579	12008633	1
7277812	7277811	1
6509962	6509959	1
9303848	9303867	1
2413871	2413872	1
11046813	11046814	1
2027005	2027008	1
653071	653078	1
4595685	4419014	1
3629280	3629277	1
675686	675685	1
1683882	1683728	1
9054489	9054490	1
6036757	6036758	1
6434325	6434326	1
7818805	7818806	1
6851590	6848502	1
8026657	8025713	1
7526368	11492998	1
9113494	9113482	1
7900295	7899793	1
10317044	10317120	1
10402249	10402582	1
2789068	2789047	1
8032532	8032529	1
7144388	7144387	1
4384871	4384945	1
3283662	3283661	1
9484925	9484926	1
6885625	6885626	1
6429790	6429789	1
2667724	2667723	1
8513815	8512553	1
1600126	1600125	1
9585440	9590991	1
4777992	4779287	1
313125	312859	1
7080593	7080464	1
12395924	12395923	1
9115371	9113048	1
2258551	2259956	1
10873817	10873818	1
9360190	6713439	1
6078608	6078607	1
307132	307131	1
2971871	3079795	1
11528775	11528782	1
813736	813825	3
6254887	6359994	1
10980011	10980016	1
5512732	5512731	1
11759691	11759692	1
6782990	5464089	1
5466979	5466988	1
2087413	2087414	1
11234129	11234130	1
4513074	4513107	1
12209734	12209733	2
8433736	8433801	1
994600	994599	1
11501204	11499889	2
2782080	2782079	1
1505029	1505642	1
11723863	11723864	1
2934461	2934462	1
10253302	10253281	1
6064050	6064049	1
4722773	4723467	1
1736172	1736171	1
2789066	2789047	1
3854082	3854081	1
2315929	2315930	1
4570427	4570434	2
3035367	3035368	1
7939559	7939560	1
7082415	7081576	1
11599740	11599743	1
4257246	4257245	1
602174	602173	1
3588872	3588867	1
11872222	11872213	1
12788805	12788806	1
3373620	3373619	1
5746911	5726484	1
7728490	7728373	1
5202538	6777788	1
10999167	10999323	1
573301	576999	1
6512339	6512340	1
7892444	7892730	1
5379099	5379100	1
8760412	8760411	1
3648343	3648360	1
7805298	7804543	2
10403257	10403258	1
7922530	7922518	1
9853389	9853390	1
11893475	11893476	2
11781331	11781332	2
8673088	8673084	1
2610503	2610525	2
6724872	6725452	1
1389864	1389852	2
10220764	10220767	1
10343243	10343244	2
241292	241131	1
3200947	3200941	2
4239576	4239575	1
989785	988860	6
4295309	4295469	2
5689198	5689197	1
6754723	6754726	1
11063112	11059280	2
7652716	7652928	2
3301026	3301070	2
6088466	6088376	1
2944040	2944039	3
3650734	3650631	2
5011431	5011434	1
5813770	5813773	1
12674134	12674133	2
5129974	5129973	2
1337564	1337563	2
8570327	8570328	1
240511	240512	1
11531565	11531944	1
5433307	11942982	1
7519129	7519138	1
11268447	11268448	1
11977369	11977370	1
8758884	8758593	1
47538	47511	1
11288302	11288297	1
3181223	3181224	1
5975047	5975048	1
9766248	9786182	1
7740166	7740118	1
4346457	4492421	2
4823239	9658341	1
9520178	9520309	1
1208056	1208059	2
10881314	10881313	2
4639756	4642851	1
2149335	2149336	1
4729509	4788838	1
6234179	6228411	1
3449706	3449657	1
10356409	10356410	1
12036766	12036765	1
6131230	6131229	1
5220585	5220586	2
4827190	4855289	1
3569803	3569804	1
6231826	6231825	1
11287272	10740081	1
992074	992635	1
746292	746265	1
10841251	10841252	1
9734188	9734185	1
12656078	12656077	2
10840761	10839017	2
11723865	11723859	1
12124688	12124687	1
3567851	3567852	1
9590459	9590460	1
6076830	6076829	1
999310	999294	1
7471627	7471628	1
1251833	1251834	1
2082043	2082044	1
6715792	6715700	1
8437336	8435841	1
5939164	5949640	1
1716214	1715450	1
9161397	9161398	1
1828691	1829172	1
12450831	12450832	1
4551185	4551186	1
4442388	4442385	1
8974657	8974658	1
10054698	4339863	1
8150669	8149773	1
9360214	9360213	2
10156434	10156411	1
2782078	2782075	1
1798169	1798170	2
8661590	8654428	1
9189575	9189630	1
11533902	11533901	2
11761976	11764498	1
12806329	12806330	1
2839409	2835919	1
10849223	10849224	1
2103146	2099943	1
574622	574621	2
3377059	3377060	1
4473124	4473187	2
1771914	1771913	1
7791490	7791489	1
8695955	8695956	2
10055557	10055593	1
3932816	3932492	1
4182949	4182952	1
8926610	8926609	1
8066012	8066008	1
10920158	10923862	1
7873153	7873173	1
11567324	11563330	1
7242951	7242952	1
3541917	3542184	2
2927355	2927356	1
6882306	6882268	1
3201990	3201989	1
11038898	3115192	1
609013	610362	1
5516669	5516664	1
8102796	8102795	1
12204564	12204563	1
10261266	10261263	1
9476889	9478314	1
1257961	1257964	1
405865	406193	1
6918531	6907221	1
6156394	6148532	1
197266	200983	1
3870071	3869564	1
2814433	2814421	1
6871579	327757	1
1250268	1209725	1
1772234	1080764	1
6317921	6317876	1
3545907	3545910	1
1116604	1116603	1
5595182	5595234	1
7769624	7769623	1
6009504	6009503	1
462152	462145	2
7030711	7030714	2
5617363	5617364	1
5347628	5347614	2
2831466	2831465	1
9323919	9323257	1
8722938	8722935	1
4415106	4512009	1
371265	371337	1
3947066	3947071	1
6038776	6038775	1
4606481	4606482	1
6173358	6173357	1
11883475	11883478	2
4361993	4361994	1
7805702	7805696	1
6622291	6622292	1
6547574	6547573	1
744965	744857	1
6288053	6462583	1
12571361	12569844	1
10145336	10145353	3
4528857	4528858	1
6449838	6451200	1
5816179	5816180	2
1497857	1497858	1
3144837	3146099	1
4262908	4527569	1
8849561	8849562	1
2020595	2020596	1
4750515	4750540	1
3125515	3125516	1
8020397	8020490	1
6347085	6347086	1
514351	514352	1
1247923	1248109	2
12669130	12669129	1
4142296	1840755	2
6220833	6220124	1
1659802	1659801	1
3089887	3089888	1
11312367	11312368	1
4087120	4087119	1
12698634	12698651	2
11722618	11724058	1
2311985	2311268	1
842051	842052	2
2195560	2185382	2
2012291	2012591	1
6533581	6533582	1
425795	425796	1
5478113	5478118	1
8877781	8877782	1
1397401	1397402	1
5214436	5214435	1
6117772	6117771	1
11559544	11559543	2
9108170	9108169	1
2088213	2191940	2
424690	424685	2
9298646	9298645	3
10905815	10905816	1
10827373	10827420	1
10977970	10977969	1
4216419	4215766	2
1932709	1932998	1
5678455	5678437	1
2065459	2022765	1
5692598	6045297	1
1138555	1138979	1
8546548	8546547	1
9789973	9789974	1
4261030	4261029	4
5470211	5470212	1
7655840	7655849	1
3930416	3930415	1
976862	976861	3
8984198	7452207	1
10032288	10032287	1
8024677	8024678	1
3639795	3639796	1
3381935	8023198	1
9578933	9578951	1
6091165	6091166	3
10262350	10262349	2
982450	982449	1
9682734	9682733	1
1399988	1399987	2
5437043	5442140	1
11431838	11431868	1
5728568	5728567	1
2961791	2961794	1
8048472	8066118	1
1943724	2150162	2
3207324	3207543	1
7235895	7235896	1
7411316	7411315	1
5566243	5566248	2
6324842	6572991	1
12028635	12028636	1
6981945	6981987	1
9318054	9318053	2
9142189	9142852	1
3605324	9147925	1
11467586	11473059	1
8858345	8858346	1
135865	135404	2
3141948	3141951	1
8202290	8202289	2
594235	594236	1
10244696	10244695	1
7063374	7063373	1
5566249	5566250	1
9314574	9314567	1
11534593	11534594	2
3978081	3977601	3
1580137	1579454	1
4171125	4171129	1
444791	516216	2
4355472	4355471	1
11381406	11381270	1
5513062	5512886	1
7922789	7922758	1
5022470	5022460	2
5920022	5920021	1
9685888	9685905	1
10284984	6490357	1
3939253	3939314	2
6882526	6882525	1
5930881	5930882	1
9849436	9849435	1
1580292	1580291	1
7380450	7380449	1
9343977	6907336	1
11541413	11539554	1
3137126	3137284	1
8310060	8310057	1
3422099	3421862	1
5580248	5580247	2
7896560	7896559	2
7810491	7811084	1
9572778	9572777	1
6870867	6871055	1
8807259	8807260	1
9790127	9790128	1
12799171	3029795	2
5076488	5087368	1
3115218	3115366	1
11789768	11789785	1
6418932	6418931	1
2959040	2959039	1
2856157	2856160	1
9197619	9197620	1
3366273	3366274	1
4319857	10117821	1
11270834	11271378	1
510260	513969	1
10290933	10290977	1
9424199	5213730	1
12315291	12315292	1
3598983	3598947	1
5309386	5312138	1
5332627	5313633	1
4133745	4133748	1
8873534	8871913	1
6428409	6428410	1
10288663	10288666	1
10821270	5338837	1
7787686	7787685	1
10875151	10875152	1
3390460	3390450	1
9673236	9673240	1
6894866	6895874	2
6133461	6133415	1
768796	768813	1
10247380	10247379	2
10288448	10288447	2
2794547	2794548	1
7425540	7425539	1
803403	803379	1
2060849	2060852	1
2056760	2056757	1
8176252	8176251	1
12780896	12780893	1
4427943	4427944	2
2666871	2666872	1
5511071	5511072	1
10001832	4426205	1
5776442	5776039	2
2551177	2551178	1
8026334	8026333	1
1287076	1287056	1
1285361	1285362	1
5930627	5930630	1
127244	120555	2
1490007	1490008	1
7434598	7434597	2
1330110	1330109	1
6812582	6812577	1
3534175	3534330	1
7126801	7126802	1
6179606	6179448	1
2012453	2012454	1
3337316	3337315	2
6121353	6119131	1
3888606	3888605	1
9981512	9981511	1
408197	408413	2
12814744	12814997	1
2937102	2937117	1
5768399	5768400	1
193206	193205	1
12297055	12297056	1
7528246	7528243	1
1203999	1201508	1
12022913	12025789	1
885048	885047	1
10298555	10298556	1
7557347	7558685	2
9541135	9539683	1
11719031	11719016	1
10656805	10656806	1
5571135	5015731	2
9990269	10109935	4
12036818	12036822	1
12230885	12230886	1
10891612	10891602	1
9575969	9575970	2
9859475	9859476	1
11522110	11525810	1
1162913	1162914	1
11770811	11770812	1
5965788	5965426	1
7268862	7267308	1
9092602	9092599	2
1400196	1400078	1
7040143	7040144	1
8087728	8085507	1
3167504	872789	3
6764139	6764209	1
11914005	8681963	1
549559	549560	1
3095562	3095561	1
500457	500458	1
8873861	8873862	1
3094126	3094125	1
12780903	12780904	1
3319716	3318914	1
9581597	9581527	1
4372575	4365594	1
10755846	10757013	1
2611015	2611019	1
3368493	3368494	1
7567551	7567747	1
1768713	1768121	1
1426131	1426132	2
6577245	6577246	1
9962679	9961328	1
4173750	4176265	2
10327620	10327619	2
3190353	3190354	1
4628242	4628241	2
4785041	4785042	1
8656959	777774	1
6614108	6614107	1
2296614	2296613	1
6729657	6729677	2
6814452	6814437	1
8402881	8404206	1
782859	782862	1
3091937	3091938	1
5923597	5923598	1
235399	235400	2
6200863	6200864	1
10852076	10852075	1
1134862	966990	1
3243120	3243123	1
9569203	9569294	1
6172353	10780412	1
11551029	11552365	1
10075710	10076138	3
12657646	12657645	1
1538979	1538980	1
1066041	1055233	1
4490769	4490763	1
3492270	3492273	1
1704594	1704593	1
12539731	12541831	2
3195205	3195208	2
11661938	11661894	1
11246292	11247213	2
12714880	12698962	2
886134	2356848	2
1178978	1178981	1
5869311	5869312	1
11636540	11636537	1
5195255	6783082	2
8860233	8860234	1
934018	934074	1
1722000	1721997	1
5478332	5478386	2
1007783	1007784	1
8007499	8007515	1
10754714	10754744	1
2709643	2930630	1
5364756	5364755	1
6858335	6858547	2
10385793	10409350	1
6713388	6713387	1
8726059	8725526	1
2383865	2383866	1
9555713	9602489	1
11676348	11676158	2
10980345	10980346	1
10916700	10916699	2
8971178	8970109	1
1069744	1069743	1
11561957	11556335	1
12288312	12200710	1
6554026	6554130	2
7369973	7369749	1
5971433	5861095	2
4051136	4051135	1
6349631	6573026	1
2460627	11135708	1
1018159	1018160	1
2890629	2890646	1
11274264	11274263	1
10993719	10993589	2
11720890	11822232	1
7420555	7421304	2
7758191	7758192	1
10100107	10100095	1
1525418	1525413	1
6250897	6250898	1
3760024	3760023	1
10744593	10744594	1
6094907	6095796	1
10196347	10196348	2
2636546	2636545	1
9995631	9995632	2
10762622	10762621	1
8153727	8153730	1
6840513	6840879	1
12283038	12283037	1
8996167	8990077	1
4629004	4629003	2
11673157	11673110	1
6723232	6723231	1
8009812	8009990	1
7900840	7900839	1
10550666	10544188	2
6323409	6323410	1
10120269	10120270	1
6354840	6354820	2
3585351	3585352	1
2213103	2213104	1
10582640	10582635	1
5013329	5013330	1
9834737	9834758	1
7939355	7939356	2
7008163	7007998	1
89894	89867	1
4160651	4160673	1
8423085	8423086	1
9710153	9710154	1
9493011	9493012	1
5184022	5184021	1
2308064	2308070	1
8743011	8743027	1
174674	166425	1
8479770	8479769	1
2992136	2992153	1
571324	571323	1
1762184	1762183	1
12493553	12493554	2
7108372	7108371	1
11932841	11932817	1
11733186	11733185	2
1170783	1169581	1
9302912	9302911	1
3277386	3277385	2
8219723	8219724	1
5816181	5816151	1
8427313	8427685	1
9153929	9153930	1
6049469	6050396	1
11278303	11278331	1
12421427	10358328	1
8899933	8899934	1
1524136	1524135	2
3576426	3576608	1
5488922	5488925	1
1268703	1268797	2
7329022	7329021	1
5368764	5368763	1
11769499	11769500	1
5784241	5784242	1
8032390	8032389	1
428512	428500	1
10466327	10466334	1
5834461	5618573	1
4398761	4398762	1
9833439	9833440	1
7332672	12175021	1
6962200	6962199	2
2178350	2178349	2
7835227	7835793	1
10281709	10281710	2
5742819	5742525	1
4823988	4823974	1
7940109	7940110	1
643223	643224	1
952461	759088	1
3206849	3069137	1
7810552	7810935	2
201340	201339	1
6288049	8670266	1
10230504	10230401	2
6618847	6618848	1
137830	137870	2
3266497	3266504	1
629319	629320	1
7790751	7790776	1
3998729	4006983	1
1925407	1925005	1
5269983	5269984	1
7300817	11345663	1
9192765	9193996	1
7949246	7953395	2
5312423	5312424	1
8362174	8362356	2
961049	961056	1
3255076	3255075	1
67416	67407	1
1160843	1160844	1
11079726	11079682	1
4625866	4625865	1
7927087	10161571	1
1011329	1011332	2
5293480	5294387	1
836813	835864	1
9915214	9915217	1
8218114	8218113	1
2391271	2391261	1
8394246	8394249	1
2359998	2368121	1
12455709	12455710	1
109102	302002	1
1875355	1875356	1
7734582	7734581	1
4571475	4571471	1
7804262	7804259	6
8225668	8225667	1
5647356	5647355	1
5046740	5410588	1
8030948	8030947	1
2441642	2441635	1
10085418	6352596	1
8235001	8235002	1
8260184	8260183	2
2305608	2305607	1
3212953	3212954	2
12635727	12541276	1
11773265	11773334	2
8637193	11909090	1
7835229	3550591	1
2371809	2371810	1
2162217	2150304	1
3050691	3196789	1
12252539	12252544	1
8421930	8421925	2
6060801	6060802	1
9791812	9791758	1
10810585	10811538	1
8468588	8468587	2
12338456	12338455	1
10717326	10717325	2
11372500	11372497	1
1295981	1295982	1
7255921	7255922	1
1058834	1045710	1
934043	944508	4
472384	472383	1
3875510	3875509	1
1344140	1340782	4
12558991	12560898	2
12394396	11434520	1
6664565	6664566	2
9138178	8864538	1
10652728	10653305	1
1691231	1691232	1
9719868	9719867	1
9927679	9927718	1
10907580	10907585	3
9162957	9162958	1
1840111	1840112	1
5893124	5895975	1
6399424	6401509	1
7446426	7446432	1
12183123	12183124	2
5008973	5008974	1
9452690	9452689	1
3642238	3642237	1
11763648	11763647	1
5052819	5052820	1
42074	41375	1
9464368	9464367	1
6880334	6882146	2
1173755	1173806	1
6730729	6730730	2
10350061	10350478	1
10897304	10897076	1
8878293	8878488	1
7935254	7935253	2
11593560	11590480	1
3973873	3973874	2
5784215	5783777	3
9191428	9159481	1
289539	289556	1
5940946	5940945	2
6705897	6705900	1
1577707	1578261	1
2014666	2018848	2
7777301	7777302	2
9712634	9712629	1
11601375	11602407	1
3525477	3525478	1
1386413	1386414	1
1288650	10430549	2
3499984	3537860	1
10905156	10905155	2
3911678	3911677	1
22210	4449737	1
10344355	10344390	1
1659321	1659322	1
9771651	9771652	1
6085012	6085011	1
10233989	10234379	1
10934997	11053492	1
10688032	10688029	2
1691845	1691846	1
11910067	11910068	1
6778467	6775250	1
7863183	7862740	1
7864982	7864981	2
12407814	12423071	2
12417128	12417065	1
439440	440313	1
10197034	3940540	2
7625184	7625069	1
9902325	9902326	1
4246389	4246390	1
1905443	1905304	1
5590354	1295762	1
10253217	10256831	1
2096014	2096017	1
2545307	2545308	1
12787417	3163938	1
4226115	4225819	1
8284276	8284275	1
9806322	9806321	1
2045103	2045104	1
12232887	12232888	2
944108	944107	1
10806657	10806658	1
10453729	10454472	1
6148511	6148514	1
12427476	12434141	1
5003235	5003859	1
9711053	9711043	2
8375533	8374672	1
12545181	12545184	1
9657848	9657846	1
8244980	8244979	1
10371293	7976432	1
2443090	2443115	1
2876082	2875977	1
9127402	9128471	1
11705063	11705064	1
6942025	6942026	1
2978136	2978131	1
6205329	6204773	1
7434738	7434737	1
630340	630339	1
8438476	8438347	1
5350991	5350992	1
4699703	4699832	1
5101148	9513547	2
6111894	6111893	2
4032148	4033495	1
8572665	8572666	1
10538803	10538766	1
5380896	5381466	1
12662847	12662848	2
8422303	8422725	1
8816186	8816185	2
8020469	8020470	1
7587009	7587010	1
10908805	10909252	1
10627982	10627984	1
11401905	11401906	1
2897410	2897762	2
9470941	9470942	2
556527	556530	3
9570168	9570167	1
8967146	8964000	1
12379465	12379466	1
7756728	7756730	1
6854171	6857330	1
11268239	11268246	1
3829417	3829418	1
12435383	12434664	1
12051253	12051254	1
7433150	7433373	1
4573107	4573108	1
701269	701270	1
1621978	1621975	1
7955318	7955317	1
2216717	2213294	1
5542125	5542166	1
5013898	5013948	2
637592	637589	2
6056801	6056802	1
8548099	8548100	1
4531338	4531336	1
5386043	5386044	2
401217	400980	1
10909438	10909437	2
9890509	9890510	1
581950	578589	1
3292354	3292340	1
6895503	6895504	1
6379666	6379841	1
9561482	9561481	1
10213888	10215125	1
5651836	5651859	1
8009315	358530	1
7607600	7608886	1
10694730	10697276	1
10035399	10035464	1
2035243	2035290	1
6180573	6180373	1
4784406	4784405	1
1597938	1597937	1
12315963	12315964	1
1556139	1556140	1
4722885	4722905	1
3390023	3390024	2
7214533	7214534	1
2178353	2178241	1
4211126	4211466	1
4047769	4047770	1
5530067	5530068	1
1643621	1643622	1
2731136	2731111	1
4837826	4837825	1
4133747	4133748	1
8541037	8540880	1
6064914	6064913	1
9518269	9518184	1
5352540	5328300	1
1192300	1236038	1
10792847	10792732	1
9090727	9090646	1
7933856	7933855	1
3975269	3975270	1
6947827	6947700	1
4401787	4396416	1
8306882	8314960	3
6350433	6350434	1
946230	946074	1
5293368	5318393	1
5382876	5382901	1
879520	879519	1
11486790	11486789	1
2723185	7358186	1
7075758	7075757	2
1215046	1215041	1
9740688	9021755	1
3794682	3794681	4
10189697	10189698	1
6205587	6205588	1
9359283	9359465	1
11807006	10808802	1
5526340	5464463	1
5958704	5958699	1
9932748	9932736	2
5534420	10809760	1
5826066	5856991	2
10409174	5826518	1
3237525	8001883	1
1460469	1458950	1
4306219	4306220	1
9067090	9067087	1
8550809	8550810	1
9514738	3538335	1
4644284	4644283	1
12486391	12486392	2
10115386	10008085	1
5297221	6208676	1
5789233	5789238	1
5819471	8502262	3
335095	335096	2
4543275	4565645	2
11336380	11336379	1
8358919	8358920	3
5066179	5066190	1
9701068	9702071	1
3833262	3833261	1
8045467	8045486	1
10768987	10768988	1
9866517	9868974	1
5859790	5859787	1
7967485	7967439	1
5653284	5653283	1
9092534	9092533	2
5506478	5506475	1
2293117	2293118	2
8701590	8701589	1
9171565	9171566	1
6600885	6600839	1
12507777	12516100	1
9629123	9629378	1
7996063	7996061	1
10889027	10889017	1
5679855	5679856	1
12696081	12695570	1
3537273	3537736	1
2477214	2485851	2
5641034	5641033	2
10116155	10116156	3
3700293	3700334	1
3599292	3599289	1
4020135	4020136	1
981653	981654	1
8834260	8834259	1
9287067	9287038	1
6330838	6330837	1
9838688	9841848	1
7828028	7829681	1
8219746	8219759	1
1083347	1086348	2
12668612	12666322	1
5412308	5411363	3
6129242	6129241	1
5066780	5066740	1
6499256	6499313	1
1194777	1194778	1
10114243	10005833	1
1655814	1655376	1
5133022	5133043	1
1535052	1535049	1
6234060	6235760	3
1923686	1923685	1
9421443	9421444	1
5238245	8407427	1
3236716	3236715	1
7807417	7807377	1
776191	776111	1
10392113	10390528	1
3477814	3477813	1
8392983	8392984	2
1663428	1662801	1
4426431	4426432	1
4239059	4239060	1
12186582	12186654	1
9445672	9448633	1
12174622	12174621	1
7682667	7670992	1
8800333	5620081	1
2573222	2573219	1
6166504	6146824	1
5448767	5448768	1
6140704	6144106	2
7335589	7335590	1
280979	280980	1
9712365	9711348	1
7124801	7124802	3
2361236	2361287	1
11680656	11679822	1
6362112	6362111	1
7609287	7608944	1
8161780	8160645	1
7842320	7842319	1
11145851	11151013	1
5549304	5549169	1
7433271	7434361	1
1163029	1163030	1
3268378	3268377	2
5993008	5993003	1
9891182	9890664	1
1016864	1009386	1
5713303	5713304	2
7470362	7470359	1
2668883	2668145	1
6002721	6003020	2
11260794	11260719	1
8026217	8026203	1
1102849	1102850	3
1276834	4659181	1
2674740	2674739	1
1839861	1839862	1
11351265	11351410	1
11283603	11657495	1
875979	447597	1
12026609	12026610	2
10437394	10437393	1
6456363	6456364	2
2624134	2623876	1
8580898	8580856	1
9757002	9634223	1
8421891	8421892	1
668523	668955	1
3492188	3492187	2
7364569	7361043	1
7623448	7623456	1
11216256	11216255	1
1262204	1262203	1
9671649	9734930	1
1590613	1591520	1
10920162	10920272	1
10527690	10519608	1
10229945	10229946	1
342876	343795	1
11038327	7839396	1
10371546	3390668	1
11575568	11578997	1
7835051	7835052	1
8072160	8071920	1
9362661	9363419	1
141763	141764	1
7408907	7169965	1
11864532	11864531	1
9629925	9629928	2
11804704	11792807	3
6174147	6173359	3
2430629	2430630	1
9319309	9318726	1
12718193	12718275	1
9157518	9159618	1
1555932	1555929	1
5179132	5179131	1
10537724	10537723	1
11306526	11314810	1
10699684	10695563	1
10368260	10368259	1
996033	996036	1
5854790	5855737	1
6812704	6812689	2
5067439	5067444	1
5943407	5943410	1
4051091	4052836	1
1529535	1529536	1
4312895	4312896	1
2384952	2385326	1
1371792	1250376	1
2026998	2026992	1
6181757	6181758	1
10713322	10713319	1
895010	895009	1
9688615	9688616	1
2101848	2101847	1
5055288	5055287	1
7177873	7178129	2
721297	722048	1
6782813	6783132	1
4831708	4831707	1
739408	739433	1
284919	284920	1
9183733	9183824	1
771441	771442	1
3746828	3746827	1
8764002	8763999	1
6242376	6242405	2
11272811	11272359	1
4854189	4854190	1
8263269	8263270	1
11716773	11716774	1
7428208	6893758	1
4427859	4427860	2
6997368	6992722	3
2600965	2600812	1
5839801	5839802	1
322040	322027	1
6256484	6256492	1
9434902	9434901	1
8444667	8446941	1
6533959	6533960	1
8043167	8043168	1
7320936	7320935	1
11058409	11056732	1
12379031	12377521	2
6125267	6126053	1
3265904	3265901	1
10357093	10357094	1
10276284	10275896	1
12544373	12544022	1
9724923	9724477	1
2738204	2738203	2
8490789	8490802	1
5178737	8148196	2
7895576	7898327	1
8517649	8517650	1
3293177	3293178	1
8816209	8816210	1
11485012	11487514	3
5559294	5559440	1
3704831	3710853	1
11337775	11350750	2
6514158	6513212	1
5154802	5137682	1
11003029	11003030	1
3273244	3273243	2
6493532	6493529	1
6361708	6361707	2
4611672	4611671	1
7215927	7215918	1
3522340	3522343	1
12630793	12630654	1
11592789	11608915	1
12557532	12557531	1
10451418	10451417	1
9563120	9701829	1
11580767	11580772	1
3018162	3018159	1
9333854	9333853	1
6697128	6697127	1
7001242	7001158	1
12145775	12134238	2
1548350	1520851	1
265297	265372	2
5361249	5361250	1
7732034	7732027	1
6980781	6980751	1
7164256	7164255	2
10474506	10474505	1
7680760	7680755	2
4613048	4613047	1
1881041	1881042	1
201803	201368	1
3910423	3910505	2
8292700	8292697	1
111993	9863272	1
1033436	1033450	1
11689192	11689191	1
6634891	6634892	1
7794628	7795226	1
6906232	6906231	1
11087172	11087169	1
10273454	10273357	1
3951167	3951189	1
4355427	4355431	1
3081162	3079007	1
2052673	2055048	1
1509834	1509815	1
7591307	7591318	1
8033800	8033492	1
3461416	3461501	1
5430669	5430670	1
9128697	9128698	1
5756273	5756261	1
1087197	1087198	1
9452039	9452040	1
8877421	8877443	1
775046	775043	1
9424584	9424581	1
8780423	8780424	1
11609013	11608784	2
10169373	10169374	1
4536308	4535913	1
3771089	3771092	2
4526921	4526922	1
6491030	6491029	1
1883427	1883428	2
6297865	6297868	1
3257303	3257304	3
4108495	4108498	2
4854134	4854133	1
10542088	10542087	1
311095	310450	1
6263549	6263550	1
147994	149084	2
10908688	10905814	1
637327	637328	2
9957713	9958764	1
3496104	3500962	1
3560923	3560924	2
9127484	9127483	1
11335398	11335397	2
11533181	11534219	1
3265124	3265121	1
3652006	3652003	1
6844167	6844168	1
6940958	6940957	1
1157758	1157757	1
7762555	7759481	1
182269	182270	1
7239179	7239180	1
11144698	11144697	3
715885	715888	1
2278103	2278240	1
7456100	7456099	1
2750089	2809402	2
3074058	3071300	2
11083458	11083455	1
8290175	8290176	1
5439534	5439533	1
10853117	10853118	1
7544575	7543625	1
10891006	5268620	1
11809684	11809683	1
11452271	11452272	1
2264386	2264383	1
2005005	2005006	1
9316980	9316979	1
197285	197753	1
2891252	2891229	3
5276640	5276639	1
6931100	6931099	1
3287822	3287838	1
2276577	2276578	1
5434463	5434468	1
8574606	8574608	1
1875564	1875563	1
7792401	7792402	1
2339612	2338569	2
940921	944960	1
1890115	1901034	3
157459	157395	3
10704934	10704933	2
10236597	10235962	1
1539025	1539387	2
3752826	3752792	1
6964215	6964216	1
1785263	1785264	2
10125452	10125455	1
4039729	3954723	1
3865177	3865159	1
4983767	4983807	1
3534314	3534313	1
10537812	10537798	2
3833193	3833194	1
1515183	1514920	1
3108246	3121548	1
596386	564162	1
5319259	5319260	2
2923485	2663022	1
5427927	5427898	1
7455591	7455592	2
489137	489138	1
10258192	10258191	1
6158047	6158048	2
6637160	6637800	1
1660645	1660646	1
5545489	5545492	1
1297447	1297326	1
11468873	11468874	1
5901507	5901508	1
11579186	11587965	1
8519072	8519069	1
5882442	5883007	2
2665999	2921599	1
300032	300031	1
11173418	11173771	1
371267	371337	1
12307573	12307574	1
781685	781697	1
9572102	9572123	1
8047569	8047570	1
3295476	3295475	2
10159044	10159043	1
2246434	2246433	1
8360491	8359437	1
12184319	12184299	2
3370259	3370264	1
5539091	5539092	2
12449161	12449039	1
9351900	9351897	1
10253340	10253339	1
3818687	3818688	1
7673695	7673696	2
10078194	10078210	1
9098411	9098033	1
9761170	9761608	1
5892910	8848626	1
7447035	7447036	1
9685365	9685366	1
2505042	2505041	1
5307898	5307897	1
9558594	9558593	1
9131199	9130383	1
7611481	7611160	1
7413508	7413496	1
5205019	5204019	1
9098906	9098905	2
5936101	5936102	1
11238294	11238293	1
5848533	5848534	1
8647490	11844505	1
373734	5232539	1
12046287	12046288	1
10943888	10943312	1
6831332	6831679	1
4152253	4152254	1
1012300	1012315	1
11980971	9638082	1
549815	549816	1
2281736	2281735	1
1532528	1534470	1
3363582	3364878	1
4546591	4546592	2
6353403	6353404	1
5503011	5503012	1
5638556	5638199	1
175030	173822	1
11680285	11680281	1
4480949	4480929	1
3858993	3858994	1
8980730	8750373	1
5274516	5281553	1
7792409	7792448	3
5643984	5643986	2
5718746	5718745	1
6305805	6305747	2
589194	589193	1
10152159	10151829	1
12247301	12247262	1
10167472	10167471	1
631531	631534	1
8650189	11880288	1
1597323	1597324	1
3996196	4018433	1
8998599	8998132	1
4051592	4051467	1
11379770	7398057	2
5745511	5745462	1
7058506	7057818	1
11872449	11872434	1
11492593	7432621	2
4733281	4732993	2
11126375	11125949	1
5710773	5710774	1
2215083	2215690	1
5303334	5303333	1
6732161	6732162	1
10836477	11120208	3
2537917	2537918	1
4284398	4284397	1
651214	651213	1
3201310	3201241	1
5065031	5065032	1
10853852	10853851	2
9798009	9798069	1
6118550	6125021	1
12670931	12670723	1
11008710	11008709	1
928762	928759	4
11273370	11273369	1
4359564	4359479	1
4322808	4322797	1
1110551	1241014	1
5401263	5401264	1
7942809	4282989	1
10341010	10340724	1
4675211	4675212	2
914512	914528	1
3062545	3062546	1
721954	721953	3
11302826	11302825	1
8149797	8442994	1
2773199	2755332	1
7908047	7908002	1
9963425	9937755	2
2683509	2683514	1
6924960	6924982	1
6010506	6010505	2
3903365	3903480	1
8148857	8148858	1
1830217	1830218	1
2714857	2710596	1
12129405	12129406	2
5092391	5092376	1
4001550	3997584	1
7430884	7431538	2
6726017	6725993	1
7202183	7202181	1
287394	287393	3
8452984	8455903	1
348739	348740	2
1198196	1198195	1
2055563	2055564	1
2981732	2981731	1
4670006	4670005	1
7889055	7889056	1
11646695	1648054	1
10266607	10266543	1
7137831	7138780	1
6533176	6526757	1
6126669	6129250	1
7995379	7995380	1
7753280	7673453	1
7648081	7757571	2
4984829	4984830	1
5021237	5041980	1
12666970	12666986	1
4645049	4644675	1
2725042	2725012	1
10631032	10631067	1
5317031	5317148	2
2199536	2200671	1
9372134	9372133	1
5575925	5575926	1
6187434	6187433	3
8151760	5243354	1
2350954	2350957	1
2581355	2581356	1
6452638	6452779	1
988991	992899	1
5483784	5483714	3
12538641	12538642	1
11876479	11876480	1
10130595	10128495	1
2249019	2142172	1
7276667	7003264	1
8710438	8710437	1
4162627	4162628	1
11562988	11562987	1
9651717	9084916	1
9557422	9556168	1
11048885	11048886	1
8553614	8553613	1
8130772	8130765	1
7580110	7580060	1
11098497	11098553	2
7696233	7696234	1
5432024	5498084	1
2751044	2751043	1
11346121	11346286	1
348743	348744	1
8996175	8996176	1
5821945	5821967	2
285813	285814	2
9576310	9576309	1
11601608	11501719	1
5317473	5317494	1
681961	681962	3
4553380	4553366	3
80627	80628	1
11263739	11389916	1
3542203	3542199	3
11772843	11776661	1
386642	386641	1
9862421	9862422	1
6533838	5280393	1
3593685	3593717	1
2123299	2123300	1
1645717	1645720	1
8198928	8196173	1
7182683	7182686	1
1101558	1101562	1
10329281	10329300	1
9337796	9337795	1
9568733	9568715	1
7780554	7780567	1
3961015	3961030	1
4491199	4487890	1
10726094	10726155	1
7810864	7810863	1
6746241	6746244	1
6466970	6466969	1
3259308	3259285	1
6790952	6790949	1
10001186	10001185	1
947704	947703	1
3860049	3860050	1
8749776	8826131	1
633222	633221	1
5158089	5158092	1
5825721	5825722	1
11415511	11413733	1
1962664	1962663	2
3084537	3084538	1
1964157	1964158	1
8858072	8858071	1
6334520	6332350	2
5247648	5249183	1
3540817	3540818	1
3750225	3750226	1
10226194	10226247	1
786358	786353	1
641638	5699293	1
2529420	2529429	1
10375032	10375031	1
5012048	4118919	1
11182596	11182595	1
1034863	1034864	2
3756474	3761504	1
3087619	3087620	1
11669185	11678093	1
1530708	1530707	3
12770983	12770973	1
11712956	11712955	1
4469470	4469429	1
4339882	4339881	1
11157288	11156763	1
2096103	2096104	2
5381632	5381680	1
11596644	6591722	1
7409151	7409365	1
2558307	2558377	1
11880874	11880873	1
6197859	6197860	1
4496810	4510290	1
798543	797411	1
4102481	4102482	1
6107444	6107441	1
12656565	12657647	2
5088400	5088399	1
4580555	4580558	1
5792971	5792972	1
6491131	6491132	1
12449492	12441826	1
11049861	11050345	1
9346487	9346432	1
1951572	1951571	1
2607862	2607861	1
12748251	3120460	1
8338887	8338140	1
326212	326076	1
2152952	2151558	1
3593430	3593429	1
338833	334000	1
7685000	7684999	3
4277625	4277164	1
1385153	1385189	1
8261913	8261914	1
11945712	7841404	1
5988903	5988904	1
9626134	9626133	1
2937564	2930021	1
928673	928674	2
10465165	10466720	1
3693547	3695494	1
8893826	8893820	2
201130	201129	3
10813821	2355290	2
8066394	8066389	1
12001989	12001973	1
545480	543741	1
2392490	2392498	1
5909118	5831167	1
12342411	12342412	1
10321258	10322334	1
3440153	3440156	1
8726484	8694780	1
1516905	1516908	1
6531932	6530280	2
7389917	7389926	1
11680860	3622371	3
3135641	3135642	1
12152733	12152734	1
8888683	3973872	2
178694	178676	1
1051853	1051854	1
2578693	2578694	1
5820274	5820515	2
7890274	7891484	1
4374898	1080212	1
9053839	9053891	1
8924775	8924776	1
7819342	7992289	1
10420542	10420541	1
734374	734345	2
4279144	4279122	1
12436240	12436310	4
3253520	3253519	1
6174587	6174589	1
3526368	3526367	1
7656984	7654636	1
10885680	10884799	3
1675090	1675089	2
4717044	4717033	1
11727639	11727640	1
9776856	9776878	1
651181	651182	1
5239871	5239872	1
379086	379085	1
1604562	1604561	1
9513301	9513302	1
12118563	12118564	1
2714134	2714147	2
2861397	2845102	1
7699008	7699007	1
7288969	7288972	1
9308316	9308315	1
12293674	12293313	1
8339542	8343504	1
6981660	6981659	1
7268206	7268200	2
3907448	3907895	1
6275206	6275269	1
12641264	12641276	1
11619857	11619678	2
6427751	3820849	1
6871838	6871837	1
3899984	3900054	1
9024304	9024250	1
12567615	12567616	1
1103948	1103947	1
5336798	5336780	1
141225	141250	1
11396054	11396053	1
5091901	5091902	1
3360424	3360423	1
5483715	5483720	3
12693828	12694365	1
10179894	10179893	1
4265224	4265223	1
5520418	7786574	1
9091030	9091029	1
5434099	5434100	1
8981357	8981284	1
7281087	7281076	1
7619790	7622270	1
1885390	8469119	1
5578959	5578960	1
12769643	12769303	1
4742884	4742883	1
12798162	12798161	1
3965263	3965146	1
276480	276479	1
6634229	6633797	1
2596208	2590661	1
1089560	1089559	1
11910383	11910066	1
10333846	10333843	1
1986386	1986142	1
8802012	8802011	1
10618840	10618637	1
318957	318958	1
1331877	1332106	1
10983756	10983755	1
2517241	2516290	1
8336136	8333547	3
7046932	7046894	1
7551109	7551110	1
10267686	10268184	1
3427215	3427216	2
11673293	11673199	1
10379549	10379550	1
3509561	3509223	1
9927098	9926639	1
450890	172835	1
1066989	1066990	1
1643362	1643493	2
5429582	5429581	1
499983	500039	1
7904605	7904606	1
5295931	5295283	1
6734407	6734410	1
1341702	1341741	1
4285795	4285750	1
7945334	7945263	1
8201723	8201726	1
5004076	5004073	1
1172991	1215464	1
11271962	11271961	1
10734683	10734630	1
7283365	7285381	1
11286174	11286173	1
10361754	10361751	1
8208243	8208244	1
3354650	8022165	1
2349160	2349129	1
3761259	3761268	1
2797637	2797638	1
2660225	2660226	1
4702351	4702341	1
2484764	2486778	1
9079468	8831757	1
11314671	11240515	1
6905706	6905705	1
4210284	4205643	1
1099791	1099183	1
10307832	10307842	1
9287413	9287414	1
4219310	4219309	1
4112286	4112285	1
2056891	2056909	1
346956	347336	2
6836157	6836158	1
9151311	9151312	1
3303975	2899707	1
1068447	1068448	2
184537	184408	1
337023	337095	1
1956702	2009940	1
2382452	2382562	1
153747	153748	1
12422999	12423000	1
10280819	3924467	2
5270109	5442501	1
7600579	7600247	1
4009962	4009961	1
3683853	3685894	3
8902783	9337520	1
4101961	4102183	1
3970831	4040890	1
7456398	7456268	1
1773564	1773585	1
12051677	12051678	1
5939896	5939895	3
9979215	9979175	2
9637414	9080737	2
12176882	12176799	1
8484652	8484620	1
11462749	11462752	1
4006595	3998727	1
3285686	3285685	1
11769212	11769494	2
5612451	5612458	1
2084912	2046331	2
9144079	9144080	1
1533704	1533699	2
10321685	10321686	1
9080855	9080856	1
2122285	2122286	1
2811194	2811322	1
4827298	4827297	2
2613894	2613893	3
8453577	8453975	1
2835409	2835410	3
12461743	12461744	1
2168108	2168107	1
7973351	7973377	1
6053198	6053872	1
105064	105063	1
2027379	2027193	1
12528712	12528711	1
10340771	10340619	4
4505380	4505379	2
7473068	7473067	2
5240952	5239395	2
978564	978561	1
1336523	1336524	1
10584818	10584780	1
11218576	11218575	3
12786305	12786306	1
8629599	8629600	1
2837599	2837600	1
1400291	1397171	1
10668886	10667468	1
8703348	8703144	1
2337977	2337980	1
1895392	1895391	1
2904763	2904764	1
3323380	3323379	1
5559555	5558964	2
4614354	4614280	1
11859284	11859283	1
11598722	11599626	1
10196105	10194870	2
6112367	6112363	1
11363304	11363303	1
11957227	11957140	1
1988915	4441824	1
7656655	7656442	1
12487968	12487967	2
10575119	10587275	1
2441511	2441512	1
9434693	9434694	1
5903317	5612069	2
6210147	6210148	1
11667803	11667676	1
1321921	1321922	3
6794131	6793692	1
6130825	6130826	1
3583281	3581789	1
8222793	8222699	1
12531670	12531669	1
11187189	11187252	2
8831830	8831827	1
3105750	3105740	1
4124396	4124269	3
7211922	7211933	1
717776	717775	1
8924212	8924211	1
6275348	6274606	2
2100270	2100269	1
6549931	9861620	1
19603	19110	1
9396179	5999097	1
1510376	1510391	1
3610184	4378688	1
1133188	1132746	1
2501978	2501975	1
9442785	9442727	1
11222986	614604	1
5183146	5183145	1
10154372	10154371	1
9825917	9826295	1
2481409	11144510	2
4537091	4528852	3
8924187	8924188	1
3372367	3372368	2
80625	80626	1
6320557	6320558	1
1263650	1333869	1
3830980	3830606	1
12188217	12188218	1
11807572	11807571	1
10172129	6705170	1
5267336	5267335	1
11173065	11173063	1
1093840	1093839	2
10486137	10486138	1
7230611	7230612	1
769699	769700	1
2579320	2573910	1
8445808	8445801	1
8682370	9239569	2
2232020	2232125	1
2331273	2331248	1
9529459	9529460	2
45425	45426	1
6106574	6106573	1
11356142	11356141	1
2446442	2446441	1
3040531	3040545	1
10232540	10232539	1
11497856	11497855	1
1705224	1705320	3
8239132	8241524	2
11578849	11578850	2
11490398	11490397	1
3599564	3599563	1
4091931	4091932	2
11471246	11471372	1
2164671	2164672	1
10415592	10415591	1
6253668	6253662	1
7769629	7769645	1
7857909	7861272	1
2084854	2084853	2
7453925	7454020	1
7546267	7546423	1
11094565	11094566	1
7461707	7461708	1
6952255	6952256	1
10925779	10925780	1
535745	524799	1
7734657	7734778	1
11112295	11112342	1
5604061	5965415	1
4566784	4566781	1
8861164	9118681	1
6742459	6742379	1
2380974	2380973	1
9387708	9387707	1
7663651	7663652	3
9396261	9396262	1
6285447	6285448	1
8990485	8990452	1
12724036	12724754	1
7651002	7650999	1
7695849	7695850	1
2595889	2595890	1
7739072	7739071	1
6184788	6177859	2
4818057	4818065	1
10492658	10434333	1
5656491	5654670	1
8272129	8272130	1
6683897	6683898	1
12633005	12632996	1
11157108	11157107	1
7272702	7272707	1
311019	311020	1
3360355	3360438	1
8504881	8500193	1
2191548	2191547	1
6345769	6345770	1
8039004	8039001	2
3875807	3879068	3
1253371	1253120	1
9319131	9319223	2
6712352	6712351	1
6749986	6750045	1
12722475	12722568	1
7753689	7753690	2
5142930	5143018	1
7942026	7942667	1
11872196	11872195	2
12656769	12656792	1
2701005	2700962	1
3551717	3551718	1
2868851	2868900	1
988493	988749	1
5499485	5497270	1
1368515	1368501	1
2885905	2885906	1
6029391	6029392	2
6343013	6343014	1
12498770	12498769	1
12211979	12307887	2
2524897	2524898	2
3950459	3950474	1
8016937	8016938	4
3121892	511396	1
779305	779306	1
7532195	7532196	1
6373217	6373218	1
12740913	12740916	1
2280948	2280947	2
5171372	5171369	1
10032286	10032285	1
9740049	9740050	1
10311762	10311761	1
8760974	8760979	1
9024253	9024254	3
11482611	11482612	2
12550930	12550968	1
7417096	7413908	1
4375792	4375791	3
8230170	8230167	1
1836813	1836814	1
8283026	8283025	2
1269484	1269483	1
5810051	5810052	1
4055143	4055144	1
2568167	2568046	1
4050928	4050927	1
2093348	2093345	2
714802	714801	1
1763817	1763874	1
4808024	4808021	1
7682825	7686610	1
8061468	8061467	1
3547700	3514763	1
9298644	9298643	3
2813101	2816973	1
8652246	8633757	1
7665018	7665017	1
8702358	8701668	1
12748757	12732680	1
10148550	10148549	1
1825297	1825298	1
6527178	6540545	1
6362684	6362675	1
3382509	3381463	1
3120423	3120424	1
2646831	2646832	2
1579413	1579414	1
1708354	1708343	2
3477086	3477865	1
7808567	7808568	1
5887191	5887192	1
673078	673077	1
5631417	5631418	1
5052005	5055289	1
727259	737893	1
11154540	11154539	1
3292695	3292673	1
4151708	4151707	1
362311	362499	1
4132588	4130258	1
11009465	11009468	2
11337078	11337077	1
12761908	12761860	1
4820173	4820174	1
7104220	7104219	1
12488847	12488848	1
12773728	12773727	3
4130427	4130428	1
7998421	12378693	1
8517647	8517648	2
6234685	6234686	1
11003581	11003582	1
3895038	3895037	1
8180536	8180596	1
9911105	9911964	1
1524305	1524349	1
11459526	11459525	1
10558237	10558276	1
12273901	12269035	1
4330216	4330215	1
11477686	11477685	1
9079786	9079785	1
6453965	6453966	2
4681032	4681553	2
241276	89105	1
7244623	7426554	1
3257323	3257326	1
9494129	9494130	1
7278656	7278823	1
1269836	1269835	1
2309433	2308483	1
9898648	9898647	1
9143625	9143626	1
11219901	11180124	1
10335797	10335800	2
5831402	5827746	2
800997	800951	1
7267589	7267583	1
10099957	10099958	1
6492379	6492380	1
9362644	9362643	1
864661	864620	1
8774939	8774940	1
2061765	2061766	1
8866863	8866866	2
7088814	7088330	1
3379886	10197714	1
10499480	10499479	1
1527980	1527979	2
5813952	5813948	2
11687731	11687732	3
656942	658087	1
652414	652576	2
6847269	6847270	1
12778844	12778751	1
4573333	4573334	2
3636118	3634920	1
7648528	7607009	2
11968320	11968322	1
2259680	2254768	3
1133055	1133056	3
1506601	1506760	1
10211256	10211255	1
7862543	7862544	2
3274377	3274378	1
3472089	3472145	1
2658971	2658636	1
6539973	6539980	1
6845608	6845174	1
9885013	9885689	1
8477630	8477623	1
3899666	3899665	1
8534412	8534411	1
9119280	9119279	1
992081	992082	1
12767529	12767271	1
6857971	6857972	3
9768549	9768550	1
5104778	5104777	4
1330146	1330128	1
9528763	9102843	2
6843509	6843143	1
508665	508666	2
3905770	3905783	1
11783818	11783889	1
9454498	9454497	1
7181977	7181978	1
1712788	1712787	2
11259055	11259074	1
10285656	10285707	1
11885863	11885845	1
1429575	1429578	1
428512	428511	1
5768343	12031043	1
5930883	5930884	1
9418252	9418023	1
9658779	9658911	1
3081061	3079118	2
6414766	6414765	2
10340454	10340549	3
8156520	8156519	1
3771093	3771094	2
3713484	3713483	2
11395293	3043463	2
10094074	10094073	1
1468162	1468161	2
7591113	7591114	1
8106395	8106396	1
1969793	1969794	2
2973186	2973185	1
1922564	1922527	1
2076521	2076522	1
78394	78393	2
1720872	1720904	1
1429579	1429588	2
12688331	12688332	1
9501297	9501298	1
7736021	7734982	1
7790574	4282862	1
11792798	11792809	2
11252429	11252430	1
10634333	10624133	1
2956846	2956845	1
7804095	7804068	1
3043129	3043141	1
12522889	12522890	1
6203530	6166865	1
12120664	12120602	1
2069695	2068655	3
3042656	3042670	1
5044897	5044898	1
955894	711304	2
4038225	4038226	1
1300338	1301219	1
9697248	9697229	1
3899058	3899070	1
2171371	2170767	1
2793172	2793171	1
8513560	8513627	1
2968793	2968309	1
8906067	8906068	1
3808199	3808200	1
7096807	7096808	1
8288903	8288904	1
827099	827100	1
7960235	7741142	1
6305101	6305102	3
1698272	1698271	1
3618818	3618817	3
1482706	1482705	1
10204858	10204485	1
11777355	11777356	1
6048624	6048623	2
4112464	4112439	1
8533195	8539120	1
12640959	12640960	1
6112317	6112318	1
8433320	8433319	1
929761	944880	1
11121318	11112735	1
8861712	8861711	2
2252554	2252553	2
5429580	5429577	1
12028599	12028600	2
6185960	6186116	1
10429987	10429988	1
5940025	5940026	1
11047475	11047405	1
8015811	8015876	1
11687769	4276113	2
5065755	5090220	1
2452278	2452277	1
3422986	3422985	1
861383	844940	1
4012127	4012128	1
708509	693549	1
3526222	3526221	2
4210582	4210581	1
11860738	11860737	1
7417074	7417073	2
5452657	5452658	1
4643071	4643072	1
11803952	11803951	1
285984	285983	1
2258551	2255434	1
708313	826444	1
9027644	8783733	1
8220399	1504504	1
5123578	5810091	1
9111980	9114141	1
1844557	1844558	1
5763193	5763196	1
3880665	3880670	1
3266070	3266069	1
10765207	10765020	1
3387326	3387345	1
5589625	5589626	1
6274215	6274216	3
9300630	9300629	2
2569010	2569009	1
6519785	6519786	2
444531	3100472	1
3769175	3769176	1
7995579	7980985	2
908451	908376	1
3358667	3358668	1
10459164	10458472	1
10074468	10061107	1
197764	197812	2
4310803	4310804	1
3448762	3448900	1
4736828	4736787	1
108402	110061	2
9192915	9192916	1
11202954	11202953	1
8570737	8570632	1
3482389	3482109	1
8540600	8540520	2
8065363	8065364	1
1590251	1590252	1
10566821	5932159	1
11819077	11820133	1
9830657	9830658	1
1307420	5461272	1
684649	686678	1
2939719	2939720	1
2371231	2371232	1
7965265	7898751	1
1298644	1298636	1
10602132	10602131	1
1981383	1953089	1
7580884	7580798	1
2897447	2897448	1
9249199	9249200	1
4740251	4724006	2
3992077	3992068	1
4855864	4855557	1
3114938	3114937	1
4370127	4368221	1
1580263	1580290	1
3321665	3321666	1
286163	286164	1
7231909	7411909	1
10998313	6067507	1
9514609	9513392	1
10803406	10804132	1
6244079	6244080	1
8232776	8232775	2
11157054	11157053	1
2603235	2603249	1
1270230	1270227	1
2710847	2710895	1
5897057	5897713	1
5832307	5832308	1
4522291	4522292	1
10409106	10409105	1
3889939	3889940	1
3899463	4993930	1
1942115	1940478	1
7530347	1998633	1
11681579	11681580	1
10746849	10746850	1
11024955	11024956	1
7347390	7347389	1
3725041	3725095	1
4584714	4584713	1
11847709	11834256	1
5137787	5137788	1
10990772	10992255	4
8443709	8443710	1
10267523	5265041	1
4053699	4053700	2
8573331	8573332	1
10757167	10307472	1
10736500	10736499	2
3967855	3967856	1
210787	210792	1
9113946	9114154	2
9471306	9471303	1
12245246	12427477	1
1334542	1334533	1
12165632	12226768	1
12465696	12465468	2
3065937	3065938	1
5477278	5477346	1
690345	690346	1
8011984	12317551	1
8590835	8590836	1
3140659	3140660	2
9324705	9324706	2
11597666	11597848	1
4710934	4710933	2
1675883	1675884	1
10709810	10709809	1
10357914	10357913	1
7709582	7708955	1
3535052	3938941	2
2558508	2558507	1
8955836	8955921	1
11113609	11113703	1
1634414	1602181	1
8422347	8422420	1
8543513	8543723	2
214969	214970	1
11617243	11617298	1
5560323	5560330	1
9479292	9479287	1
8548881	8515265	1
9722028	9721112	2
10418997	10418929	1
1599562	1599559	1
7204293	7204294	1
10977236	10977309	1
7472738	4285107	1
8225192	8225452	1
8053499	8053601	1
8369014	5862341	1
7524720	7524719	1
12613502	12617369	2
12775075	12775097	1
6746240	6745793	1
8456331	8189927	1
1748153	1748189	1
10181662	10181661	1
1100235	1100236	1
5902825	5672121	1
4604739	4604728	1
3462256	3462255	1
4684512	4684511	1
7259609	7259610	1
4192518	4192521	1
1837494	1837493	2
4536268	4536243	2
9462577	9463423	1
9673872	9671023	1
10153114	10153113	1
7945940	7945933	1
8792291	8792292	2
1330120	1330119	1
6516663	6515992	1
6717093	6717094	1
10363699	10363730	2
8676880	8676877	1
2540452	2540451	1
3117248	3117247	1
78721	78722	1
5457014	5457292	1
10793366	10793352	1
2133574	2172384	1
10510052	10510049	1
10597938	10597935	1
5051180	5051179	1
2643020	2643290	1
7488305	7490404	1
6092136	6092133	1
5226060	5226059	2
8955716	8953828	1
4424607	4424608	1
4282250	3494400	1
7830675	7830676	1
9998030	3377152	3
9094982	9094985	1
8312963	8309374	1
2065817	2067133	1
1723996	1724006	2
7870117	7870118	1
11627785	11627786	1
8444688	8444685	1
1393746	1393745	2
2647809	2647810	1
2808716	2808715	1
8368871	8369181	1
4297456	4297453	1
3422923	3422924	1
5539512	5539511	1
11249995	11250000	1
5425939	5425027	2
2939361	2939362	1
2496253	2496447	2
760831	760874	3
7055711	7055712	2
948130	874432	1
3956553	3956554	1
3183838	869479	1
5813907	5813908	1
4439378	4439377	1
8497111	8497102	1
11095372	11095367	1
10966173	10966061	1
7854554	7852573	1
11984084	11984088	1
6170895	6170866	1
7633799	7638565	1
3878214	3878223	1
7430779	7430822	2
9166126	9165586	1
10331685	10331686	1
8519949	8519950	1
3897024	4003979	2
5206096	5208648	2
4818246	4818243	1
9339733	9339682	2
5739714	5739713	2
1601281	1601305	1
8475301	8483480	1
8729516	8729515	1
4139105	4162506	1
11957143	11957144	1
3652002	3651745	1
2794672	2794561	1
7914386	7914379	3
1832946	1832945	1
3329195	3192789	1
5669278	5667451	1
1601271	1599563	2
8958684	8958683	2
5360766	5360765	1
9147018	9145724	2
8974363	8974488	1
10170139	10169792	1
9959607	9959593	2
2362963	2362964	1
12601587	12419275	1
5214933	5214934	1
7711171	7712722	1
2084348	2046358	1
3266009	3265315	1
1394493	1394450	1
9182865	9182866	1
4256496	4256495	1
6675640	6675561	1
2094494	2094502	1
1399986	1400128	1
7441516	7441509	1
609367	609368	1
10371544	3390668	1
125188	125187	1
11410720	11425172	2
1373002	1373005	1
1761773	1761774	1
7386520	7386519	1
3166134	3161190	1
7446469	7446470	2
1734625	1734636	1
3911650	3911620	2
6704129	6755229	1
10635071	10635072	2
7377436	7377346	1
1335459	1122808	1
747171	742454	1
5763894	5763893	1
2379278	2379275	1
10312093	10312094	1
2995863	2996294	1
8492725	8492726	1
12001798	12001797	1
12744687	12744074	1
9078633	9078634	1
709064	709063	1
9160601	9055456	1
7518988	7516871	1
7560844	7560843	1
1469732	1469731	1
7248969	7249057	1
8547439	8547440	2
12074322	12074319	1
3078957	3078679	1
10149748	10065279	1
1132478	1132477	2
7866496	7866598	1
9770498	9770497	1
1087103	1087104	1
10446373	10445039	1
7917539	7917747	1
8913817	8913820	1
7825036	7825035	1
9947004	9946974	2
1370762	1369760	1
4601467	4601468	1
11223154	136779	1
12159046	12159045	1
12382995	12383021	1
8982452	8982485	2
820536	820535	1
10340165	10340155	1
9093197	9093198	1
3539493	11688371	1
4372295	4366822	1
5449258	5450886	1
5327208	5325503	1
6517995	6517996	2
2070028	2075489	3
11302880	11302879	1
7424586	7424585	1
9804348	9804564	1
10058528	10058527	1
2514891	2514998	1
6871564	6871561	1
283319	283334	1
11426741	11426742	1
11910673	11910674	1
7693269	7692233	2
3195783	3195786	1
4488261	4488264	1
8909470	8909469	1
2909362	2909361	1
11681085	11680821	1
3826002	3826001	1
9907242	9907241	1
7534659	7534660	1
6634326	6634336	2
11701028	5388701	1
8695577	8734077	1
4266501	4266402	1
11730414	11822362	1
1096314	1097530	1
11537073	11537067	1
89715	88684	1
10552115	1588490	1
1462852	1462851	1
504434	504433	1
71264	71261	1
6405159	6405163	1
6118577	6118578	1
2458612	2458611	1
918138	918137	1
1675885	1675891	3
940146	431836	1
8515103	8515104	1
6695393	9333550	1
1915989	1900756	1
3528906	3528926	1
11720241	11738894	1
11916980	11916979	1
8864788	8800084	1
11116894	7876834	1
1877491	10077996	1
4868435	4868639	1
10943147	10943148	1
7578628	7578627	1
5159972	5159971	2
1296249	1296310	1
7397383	7397384	1
4581925	4855092	1
533478	538671	1
949117	949072	1
11098769	11098770	1
6703582	6703581	1
1199264	1199263	1
10629500	10629499	1
196420	196419	1
11098051	11098052	1
10827459	10827445	1
7923545	7922673	1
2896469	2896475	1
6186044	6186043	1
12016797	8947821	1
5742207	5742230	2
10060557	10060558	1
7945960	7779804	1
7280093	7280094	1
2222997	2222998	2
422473	422474	1
4070527	4070514	1
188317	375977	2
12619547	12603135	1
5000633	5000634	1
8317061	8317066	1
11148598	11172124	1
1986013	1986205	2
7788457	7788458	1
12200214	12200558	1
12275280	12284903	1
2897482	2897408	1
3834108	3834107	1
7736855	7736856	2
2802509	2802462	1
3691948	3692294	1
10148878	10148840	2
5261877	5260858	1
8045243	6030951	1
5242680	5242677	1
9388883	9388884	2
9229276	9229275	1
11533818	11533799	1
11237274	11237273	2
6243364	6243393	1
74919	74920	1
12486521	12486522	1
5461930	2332687	1
7448058	7447797	1
6102098	6102095	2
8575643	10213535	1
130847	130848	1
9018344	9018343	1
4108505	4108506	2
8956061	8956064	1
10735135	10735136	1
6346941	6346942	2
1639000	1638999	1
6533468	6533467	1
3046074	3046531	2
711306	955993	1
1164282	1164281	2
5632015	5632016	1
7701994	10450994	1
130622	141698	1
6599318	6599445	1
8064389	8064390	2
7564375	7564378	1
3443440	3443431	1
7542658	7542656	1
8063859	8063769	1
6593186	6590899	1
12813769	12729560	2
4722525	4613143	1
4939973	4939974	2
2267422	2011197	1
6343770	6354847	1
11710102	11710101	1
2083979	2083980	1
1385678	1385739	1
1676927	1676933	1
8579728	8454143	1
2755733	2755734	1
3239367	7856345	1
7028475	7028476	1
2316935	2334126	1
240688	240510	2
10631949	10631950	4
3025718	3023034	1
5819757	5819758	1
1176027	1163681	1
2784411	2784420	2
10860236	10860235	1
7964203	7964137	1
173671	173958	2
10497023	10497047	2
2628855	2628856	1
6447214	6447213	1
1013584	1013581	1
7819778	7819777	1
9479292	4030878	1
4394004	4394001	1
1190655	1190656	1
7075	7046	1
5146875	5146876	2
4587942	4587941	1
1558728	1558727	1
7736878	7736877	1
530320	530319	3
11886678	11886677	1
8901161	8901173	1
5764263	5764264	1
31796	33469	1
8875209	3981184	2
7574200	7574199	1
7276322	7276321	1
3854084	3854083	1
9836747	9836754	1
1295965	1782371	1
3150782	3109830	1
4530640	4556742	1
11645100	11645099	1
12169375	12169376	1
12153544	12153543	1
8573586	8570726	1
9876982	9876981	1
8572245	8572246	1
4632833	4632490	1
2309461	2309464	1
7890963	7890964	2
4405691	4405805	1
1718957	1718958	1
1240498	1240497	2
6877836	6877835	1
3763916	3763915	1
7433569	7433570	1
10343579	10344223	1
11146603	11146604	1
4735835	4735836	1
5345836	5346106	1
7357538	7357446	2
8659798	3773019	2
11456996	11456995	1
5379261	5380098	1
10983425	10984124	1
3610054	3610077	1
9316927	9316928	1
7869008	7869027	1
5195060	5195059	1
7377542	7377537	1
8380642	8380641	1
4713275	4713276	2
6122497	6122498	1
11640042	11640165	1
3107275	3107276	2
10168605	10168606	1
838823	838826	1
6314958	6314957	1
2111346	2111345	1
11163448	11163447	2
10528948	10529262	1
1174143	8580447	1
10512120	10512119	1
3996015	3996016	1
3050711	3050712	1
3275749	3275750	1
7713036	7716254	1
7551944	7720383	1
3553986	1085422	1
10403576	10403575	1
1053888	1053887	1
6254082	6254081	1
9476737	4037599	2
12189545	12189546	1
1186784	1186779	1
5710623	5713927	1
417237	417240	1
10415054	10415086	1
7914168	7914007	1
3302122	3302121	1
5777123	5776059	1
12761594	12761597	1
3191767	3191574	2
1510047	1510086	1
11384185	11583358	1
4018545	3996397	1
11935703	11816918	1
1310821	1310822	1
11111286	11111285	1
7107861	7107681	1
7896560	7896557	1
12264170	12264400	1
8176447	8175801	1
5901513	5901514	1
9832948	9832625	1
1921752	1921889	1
9690466	9691930	1
856145	856146	2
1902518	1902453	1
9609202	9362919	1
11282150	11281556	1
12768966	12768963	1
9439647	9439648	2
2214035	2214036	1
8816039	8816060	1
7466965	7466968	1
2070623	2070626	1
4073253	4073262	1
4365647	4365648	1
3948202	3948201	1
1010789	1010790	1
12451436	12451433	1
5152258	5152316	1
2781316	2781315	2
6705090	6705083	1
8644976	8644979	1
4800138	4800137	3
1001519	1001520	1
11249185	11249186	1
4814605	4392548	2
3635818	3635719	2
12762110	12766807	1
9283655	9273516	2
8001875	8001876	1
4033916	4033915	1
11869031	11869032	1
4248952	4248951	2
6272264	6272263	1
5926549	5926414	2
4537397	4537385	1
8439268	8439227	1
2088770	2088769	1
3797597	3797279	1
9919153	9919165	1
10146629	10156852	1
1068536	1068535	1
1314227	1314228	2
5838707	5838764	1
4502518	4502517	1
3079077	3078647	3
8649475	8649476	2
10837218	10837235	1
4838602	10762520	1
12304015	12304016	2
4492000	4492209	1
11512605	11546105	1
3321029	3321030	1
2531071	2530884	1
5003753	5003754	1
5086005	5086006	1
4925152	4920423	2
3677369	3677387	1
4378660	4378657	2
4050039	4050040	1
3922511	3922505	1
8372309	8372310	1
5940574	5940566	1
1705726	1705148	1
5188991	5188992	1
6878534	6878533	1
6311848	6311847	2
7452205	7452289	2
9641649	9641656	1
10456701	10456702	1
6762848	6760595	1
9363452	9363451	1
6343491	6343492	1
5967133	5967165	1
9584499	76747	1
45726	45725	1
3117465	3116814	1
5538833	5538834	1
6702795	6702796	1
2423292	2423291	1
2686837	2686838	1
9479248	9479247	1
5764901	5765010	2
5640985	5641590	1
1710318	1710317	1
5250944	5250943	1
7652919	7651768	1
11072125	11071569	1
1691088	1694252	1
10316273	10316274	1
11542477	11542478	1
5794029	5794030	1
6323228	6323237	1
947788	947787	1
5719736	5719735	1
1837070	1837860	1
5392388	5392387	1
5664728	5666511	1
4752759	4752760	1
1685247	1685741	1
11361778	11361777	1
6803043	6803066	2
906178	906177	1
9461489	9461490	1
4342767	4342809	1
5527807	5527178	1
663596	663604	1
5276696	5276282	1
4265359	4265360	1
9514607	9514608	2
11995174	11993408	1
2957452	3080405	4
5881835	5881836	1
8900577	8901683	1
2282318	2282325	1
5739201	5739206	1
4287928	4287927	1
455808	531369	2
7156315	7156306	1
11898186	11898185	1
6839310	6839307	1
8848527	8848528	1
7738347	7738348	3
556531	554722	2
6803905	9315662	1
3192469	3192359	2
10222588	10222585	1
10337712	10337711	1
3541884	1082664	3
8840079	8840177	1
2408508	2408704	1
8030603	7777335	2
884004	7288264	2
6392190	6489796	1
10201571	10201572	1
4095734	4095733	1
8029238	8029237	1
590860	590859	1
6188828	6188827	1
1431472	1431467	1
3807433	3807458	1
2635881	2635882	1
6524128	7452851	1
7864350	7864360	1
6424110	6450052	2
753308	753307	1
5004358	5008410	1
6243962	6243961	3
2334971	2320601	1
3924958	3924957	1
9149186	9159315	1
8024313	8024314	3
1572886	1573008	2
9908287	11756634	1
5643822	5643821	1
8546145	8546146	1
1971155	1971156	4
12275574	12267559	2
10528443	10528444	2
6159667	6158665	1
2481388	2481387	1
5931896	5931834	1
8663655	8663656	1
10064971	10072200	1
2188267	2188268	1
7896471	7896472	2
4000488	4000487	1
6075187	6075188	1
175222	175201	1
1955548	1955547	1
3084579	3084580	1
4627	915292	1
7395637	7395525	1
4732446	4732445	1
6101198	6101197	1
920674	920680	1
11759741	11759742	3
6557416	6557415	2
11873847	11873848	1
8425563	8425564	1
766988	768244	1
10495909	10495910	2
10416971	10416972	1
4279680	4279664	1
11465752	11465781	1
6045633	6045621	1
4137139	4136607	1
5924539	5924671	2
8846499	8846500	1
658489	658490	1
2762548	2762547	1
8152904	8153166	1
4378036	4378033	1
1758931	1758937	1
10297965	10297966	1
9504384	9504383	1
5888212	5888227	1
3425571	3425572	1
10608723	10608724	1
11868449	11868450	1
9562040	9562039	1
9361142	9361141	1
11014225	11205586	1
4673307	9671581	1
8512328	8513019	1
409047	409119	1
10461448	10461869	1
6518996	6519002	1
10743336	10727138	1
4852554	4852551	2
5975446	9175978	1
6868419	6868422	1
2252675	2252743	1
11381405	11381355	1
449696	449695	2
10048423	10065526	1
9688958	9685120	1
12274024	12275302	1
9920017	10070824	1
2027000	8941111	1
5934974	5934973	1
11587429	11587430	1
1469717	1469718	1
8016939	8016942	1
3513690	3513351	1
9432575	9432433	1
9824467	9824487	1
8285134	8285387	1
215520	215032	1
12512764	12512927	1
10339444	10339589	1
1944159	1944160	2
7645603	7645758	1
11386716	11386758	3
1331316	1310103	1
3605577	3605520	2
10308233	10308234	1
2314923	2314924	1
7792050	7793626	1
3001324	3014235	2
3204750	3204749	1
11293837	10576500	1
5130844	5099247	1
4651258	4651355	1
6891619	6892074	1
574999	575000	1
8463208	8463311	1
6017343	6021305	1
10402404	10402401	3
11684889	11684890	1
7824271	7824296	2
6663409	6663410	1
6259765	6259766	1
2307919	2308025	1
98795	98796	1
7777299	7777302	1
2874597	2843304	1
1102417	1102418	1
8301075	8301078	1
10701614	10701613	1
11936062	10882425	2
7164531	7164532	2
11444882	12050742	1
11988331	11988332	1
6924963	6924964	1
10673430	1719248	2
138016	138015	1
11859514	11859531	1
314257	314258	2
2010540	2010539	2
12164408	12164405	1
6266709	6266710	1
7164265	7164229	1
269683	269686	2
3551824	3507846	2
8446391	8446392	1
6163240	6163237	1
10928089	10928092	2
2394526	2395135	1
11509884	11497721	1
2672958	2672957	3
5132948	5133645	4
10265850	9954578	1
3575916	3575045	1
5755563	5755564	1
4789019	4789020	1
1477365	1477366	1
10087748	10088421	1
6896776	6896775	1
1121376	1121340	1
10665185	10665186	1
2149621	2149624	1
12676832	12676831	1
11986569	11979042	1
9937971	9937972	1
2294266	2294265	1
6919704	6919729	1
9072395	9072396	1
6688797	6688573	1
10159833	10159834	1
3377705	3378194	1
8161788	8161787	1
7680957	7680948	1
7914493	7914017	1
10466325	10466326	1
10145378	10145377	1
8886104	6133238	1
5303434	5303433	1
10764228	10764227	1
3196150	3195958	1
6151026	6151025	1
1097263	1097266	1
11805137	11805146	1
1949496	1949495	3
5761700	5761699	1
1248804	10631621	1
8959244	8966067	2
11144503	11144391	1
10760311	10760314	2
5484680	5484679	1
6523438	6523437	1
12325790	12325178	1
9723954	9723953	2
7787459	7787460	1
11312030	11312097	1
9169614	9169535	1
8795451	3498629	1
5549217	5549218	1
3092337	3017289	1
169843	169846	1
3675132	3675131	1
6212329	6212426	1
12234140	12234215	1
9740691	9021742	2
2021055	2021056	1
9527731	9531253	2
7446240	7361593	1
8033991	8033992	1
3238299	3234746	1
5550744	5550741	1
3971990	3971989	1
6535463	6535464	1
12637517	12637518	2
6182218	6182177	1
4376075	4376076	1
12125032	12125644	1
12351953	12351954	1
11662409	11662410	1
8082276	8082279	1
873002	872997	1
3564496	3564495	1
1087259	1087054	1
5881180	5881179	1
6526335	6525685	1
12655582	10975844	1
5094527	11672457	1
5784126	5784125	1
6744450	6744735	1
12303325	12303328	1
489359	489454	1
10907984	10907466	1
10251963	10251964	1
4856996	4857129	2
9817966	9817965	1
9599037	9376754	1
2713450	2713362	1
11898102	11898099	1
8550762	8550757	1
8705849	8705182	1
3922430	3923043	1
1011305	1009093	2
1835974	1770597	1
6988403	6988392	1
2641733	2641692	1
1255795	1255796	1
509364	438142	1
6284076	6283120	1
10312439	10312440	1
1576385	1576387	1
10055736	10055735	1
3725039	3725040	1
7205069	7205070	1
11875308	11875410	1
2942510	2942522	1
2048576	2048575	1
259898	260219	1
1084390	1084389	1
1605716	1604890	1
1167725	1167726	1
5648187	5648087	1
7018932	11587038	1
3254928	3254891	1
10459867	10459869	1
10188630	10188629	1
10620572	10620569	1
3599169	3594652	1
660937	660378	1
11607635	11607636	2
8041189	8042966	1
6451302	6451301	2
830144	830147	1
11991841	11991842	2
3052658	3052657	2
2935729	2935730	1
993458	993457	1
1373011	7022549	3
8821003	8821004	2
12183557	12183511	2
7213530	7213286	1
4094854	4094853	1
500135	103091	1
8989403	8989404	2
5332045	5332201	1
6607310	6607309	1
6496823	6496824	1
11224685	11224686	2
9384772	9393721	1
587153	587145	1
9154310	9154309	1
11186153	11186156	1
5473089	5473183	1
2801083	2801065	1
5240744	5240743	1
8793231	8793558	1
11668698	11668570	1
7120761	7127099	1
6399995	6403053	2
11938153	11938154	1
4358752	4358751	2
221530	221529	1
1975219	1975220	1
2264411	2264412	1
1021238	1008025	1
9356304	9356280	1
1109279	1109280	1
6138204	6138128	2
33332	28774	1
1286197	1285940	2
10310721	10310719	1
1525418	1523826	1
6521693	6521694	1
11873275	3591714	1
3562369	3562370	1
8384987	8384988	1
10939963	10946772	1
1663775	1663593	1
8821330	8821333	1
6733822	6733739	1
3991125	3365028	1
5847330	5847329	1
6098779	6098780	1
10762338	10762337	1
8821627	8821587	1
12566610	12566609	1
9369937	9369938	1
10156149	11743402	2
4749894	4750787	1
10446370	10444579	1
5272296	5272306	1
4736859	4736860	2
6623917	6623918	1
3463368	9049951	1
7736964	7736963	1
6193680	6193679	1
10158998	10158668	2
5506389	5508687	1
2238935	2238936	1
12619322	12619347	1
12292384	12293068	1
1927782	1927773	2
8278131	8278230	1
12616183	12614203	1
4803053	4802151	1
2830377	2830378	2
611467	611468	1
6136779	6136780	1
4308836	4308835	1
7427948	7427947	1
10437690	10436089	1
2778556	2778495	1
9394942	9394941	1
6764252	6764251	1
3280435	3280436	1
1762316	1762313	1
9581412	9681540	1
6733643	6733644	1
3063250	3063375	1
10190460	10189941	1
4023821	4023822	1
1716716	1717086	1
323147	323148	1
971528	971527	1
4125286	4125283	2
5645153	5645296	1
2120732	9944037	1
9153462	9153461	1
2812925	2813061	1
77614	77607	1
1607551	1607552	2
1016091	1014984	1
7750933	7752605	1
11463685	11463686	1
3992300	3991537	1
382868	389877	1
1259169	1259170	1
904718	901459	1
3310972	3313818	1
5044616	5044615	1
1237794	1237793	1
6489343	5292117	1
8407404	8407403	1
11546312	11546311	1
4797142	4797141	3
159057	159050	1
5866061	5866069	1
1610123	1610124	1
12676830	12676829	1
5677237	5677240	3
1071325	1071326	1
2228308	2228307	2
10420863	10420821	1
6770432	6770431	1
12289624	12289623	1
7447073	7447114	1
7434582	7434504	1
9797676	9798869	1
4574156	4571404	1
12378953	12378954	3
5641824	5641807	1
8009814	8009813	1
7832807	7832808	1
9490854	9490732	2
120155	120156	1
2811677	2811678	1
1404830	1404829	1
2311628	2314628	1
7769887	7806100	1
10370688	10370687	1
4753415	4753184	1
1136498	1136577	1
2073217	2073218	1
12661183	12661184	1
2871972	2871971	2
5227340	5227288	3
7719597	7719598	1
738505	738506	1
10489211	10489212	2
9254977	9254978	1
4185455	4185518	1
11860246	11860178	1
11726302	11726301	2
1093663	1093664	1
11844754	11844753	2
11633919	11633920	1
10861402	10861401	1
11672172	11672171	1
6574759	6574783	1
2312028	2312027	1
6692	10206	1
9543485	9543805	1
4448053	4448054	1
7978981	7978982	1
8661629	8654568	1
786186	786185	3
10356773	10356774	1
3775792	3775791	2
2339408	2339407	1
10376099	10376100	1
2608602	2608601	1
2012612	2012611	1
9870864	9872390	1
9973619	9980853	1
5889767	5889770	1
7306748	7307214	1
6581528	6581527	1
3499775	3499776	1
10437392	10437391	1
10160239	10160297	1
6794267	6794268	2
6198432	6198431	1
7568658	7568554	1
5046940	5046939	1
310209	454355	1
4630434	4630433	2
10841203	10838023	1
375976	375975	1
6391042	6391041	1
645579	645580	1
2408248	2408169	1
11469860	12451898	1
11468365	11468366	1
4817139	4817140	2
6742683	6742688	1
6521255	6521692	1
10073154	10072233	2
1040713	1040714	1
10220605	10220765	1
6184110	6184109	1
5975098	5641035	1
391284	394527	1
4849378	4851862	1
7321281	7321286	1
6359847	6359848	1
7649347	7609608	1
10235452	5060159	1
2829535	3200929	1
2718457	2718458	1
10299923	10299924	1
2922116	2922115	1
4576560	4576559	1
11935168	11935878	2
4162267	4157241	1
122054	122053	2
9351332	9297622	1
6335714	6335713	1
6696066	6696092	1
12403051	12400068	2
10744911	10742022	1
4587851	4587852	1
8840674	8840678	1
3390641	3389331	1
7105039	7105647	1
11173352	11173351	2
1772712	1772487	1
11289681	11289682	1
7321098	7318885	1
1508379	1519531	1
12794521	12793547	1
6120713	6120718	1
7708010	7708009	2
1531114	1531075	1
2972120	2972117	1
1525994	1524438	2
9173056	9173055	1
36863	36441	1
565914	565913	1
12386313	12386314	1
9330145	9330146	1
2689031	2689026	1
10827401	3146517	1
7199349	7198350	1
8039403	8039404	1
8610104	1702185	1
9858285	9857642	1
12231599	12231600	3
7141594	7140529	1
6332539	6333772	1
8023706	8023862	1
1078273	1078274	1
3571437	3572527	1
7064559	7064424	1
8966262	5971101	1
10544572	10541616	2
3240158	3240723	1
2454914	2456240	1
1336652	1336686	1
7428624	7428734	1
6462792	6459331	1
7195098	7388379	1
12339358	12339357	2
4868258	4868256	1
7814023	7875270	1
12410535	12410536	1
2758331	2765866	1
8877742	8877780	1
10981409	11005727	1
5613635	5613636	1
8371463	8371295	1
12037278	12037277	2
6770278	6782060	1
10796475	10796476	1
7942554	3942600	1
10375401	10375402	2
1456718	1456715	2
5046784	5046797	1
9063287	9063288	1
7294355	6682589	1
1119519	1119520	1
9629379	9629380	3
11313252	11308903	1
5693908	5695614	1
843590	843589	1
549297	549298	1
10758096	10758119	1
1244651	1244652	1
1101354	1101497	1
7286847	7288760	1
1685932	1685931	1
643224	642875	3
12435206	12435205	1
10827869	10831142	1
1324046	1324064	1
7640393	7640394	2
407439	407440	5
254588	254587	1
6902447	6902448	1
5299486	5299489	1
3245909	3245487	1
3359606	3359603	1
1096269	1096272	2
544901	2298801	2
7507027	7507028	1
11825731	11825732	1
12784543	3044348	1
2470340	2470309	1
12455269	11319635	1
7614778	7614781	1
5810349	5810345	1
5301521	5295892	1
415745	415746	1
4738661	4738596	1
1756088	1756211	2
10298899	10298654	3
7295224	7295223	1
1533698	1534459	1
1250576	1374439	2
7048971	7049027	1
2293079	2293080	2
7882979	7881227	1
1468842	1468844	1
4813221	4813222	2
7318554	7318553	1
3742318	3744798	1
7862230	7862229	1
1736605	1736612	1
4713277	4713278	1
4620240	9877023	1
5713216	5713455	2
150580	150579	2
2962039	2962040	1
10355668	10355671	1
8812093	8812094	1
5783914	5783911	1
7726456	7726451	2
6700582	6700581	1
6054128	8452931	1
4623357	9878055	1
9434850	9434849	1
3751514	3751509	1
12785339	12785340	2
1974473	7698492	1
2619466	2616780	1
3826258	3826257	1
9021743	9021746	1
7055741	7055742	2
12354684	12356937	1
12025030	12025029	1
11549607	11496951	1
10930881	10930884	2
1638998	1639963	2
9088011	4056985	1
9295033	9295373	2
9512237	9512238	1
3144561	3143824	1
1297869	1297832	1
6958039	6969295	1
8302801	8302802	2
10301208	10301207	1
8500011	8500492	1
8602127	8603866	2
3663190	3663183	1
12007615	12007616	2
5559130	5559089	1
10663673	10663804	1
11828228	11827916	1
5551964	5551963	2
1054424	10453827	1
6268631	6268848	1
258275	258278	1
10334746	10334745	1
2258671	7692232	1
4846721	4846722	1
7793731	7793732	1
3739327	3739318	1
8221188	8221187	1
3499668	3499667	1
9282968	9287998	2
5021691	5021692	1
10288095	10288096	1
2280075	2280078	1
12454393	12454394	2
7206445	7206446	1
10451027	10452418	1
6183580	6180595	2
3628763	3628856	1
9850989	9850990	3
11809003	5531982	1
1024947	1024948	1
11863550	11863549	1
10203844	10203906	1
6388751	6388609	1
6287634	6287633	2
4058380	4058411	1
11532632	9945371	1
2339888	2339566	1
10500865	10613720	1
7938463	4281763	1
2832548	2832547	2
2785147	2785148	1
11027309	11027310	1
6866821	6866822	1
7687330	7687329	1
11566910	11566909	1
11674872	11674856	2
12207725	12207756	1
9575346	9575345	1
9316748	9317455	4
7625566	7625565	1
6626617	6626618	1
1568093	1568094	1
8441262	8425361	2
173224	169996	1
6876773	6876751	1
4418660	4418659	2
1330117	1330118	1
12054278	12054277	1
6031089	6031090	1
7628696	7628629	2
7734580	7734579	1
3208849	3209175	2
5340493	5340494	1
6793378	6793377	1
5485135	5485136	1
8796165	8796171	2
1378839	1244324	1
10346158	10346157	1
5375054	5375053	2
2834110	12289125	1
12399162	12399161	1
5089256	5074732	1
2168110	2168109	1
6130306	6130305	1
4211647	4211648	2
3204748	3204729	1
4385882	4385879	1
7612638	7612082	2
7820424	7820467	2
9370494	9370493	1
11415249	11415256	1
3374542	3374523	1
1460608	1460607	1
11565903	11565918	1
1557898	1556233	1
11011159	11010647	2
3628148	3628145	1
6502853	6502739	1
11337723	11337726	1
8553658	8559370	2
9849810	9849809	1
11302485	11298920	4
4253432	4253493	1
5206797	5206798	1
6539365	6539785	1
1424986	1424985	1
9507864	9507757	1
9507959	9507960	1
3267913	3268611	2
1012314	1012311	1
9168396	8923272	1
134410	134409	1
10219482	10219451	1
7445844	7445843	1
1854357	1859688	1
10537722	10537479	1
5071303	5071304	1
3921765	3922292	1
6268298	6268297	2
8097675	8097998	2
1105908	10355903	1
10878594	10878593	1
7623527	7623528	2
2613104	2614216	1
11121151	11120758	1
9519554	9519565	1
3947370	3947369	1
12248568	12248567	1
11629113	12477059	1
9588536	9588535	1
4533699	4533700	1
2527873	2527874	2
7849436	7849426	1
7168891	7168892	1
3598611	3598612	1
7592194	7592193	1
10348452	10347520	1
12766149	12766150	4
2784678	2784629	1
8433585	8433608	1
2617266	2617265	1
11753919	4990574	1
5505272	5505271	1
3317007	3317008	1
4568342	4568341	2
3137826	3137697	1
7689055	7689056	1
11786917	11786815	1
2781212	2781211	1
7863594	7863504	1
3248134	3248097	1
5268766	5268765	1
11389529	11389525	1
10854115	10854116	1
10299864	10300372	1
10208648	10209916	4
7450724	7450757	1
10332489	10332189	1
1619426	1619686	2
1733074	1733073	2
5994473	5994474	1
1103939	1103970	1
6453858	6450644	1
7211528	7211525	1
7329024	7329023	1
2508062	2508061	1
2087504	2085680	1
9105830	7628738	1
447924	346910	1
10283303	10283304	2
1715805	1715854	1
8382605	8382606	1
403768	403992	1
1054402	1054421	1
10230593	10230536	1
6661483	6661484	1
6177137	6177157	1
8486805	8236946	1
6869481	6863037	1
2474718	2474633	1
5451007	5451008	2
639628	639614	1
8974813	8974656	1
4673333	4674923	1
11466776	11468854	1
12236974	12236973	3
11176602	11176764	1
10717328	10717327	1
1641946	1642028	1
6354555	6354556	1
10218245	10218247	1
3620080	3620083	1
8892037	8891209	1
6447042	6447041	1
1494223	7190763	1
10540573	10540574	1
11477684	11477683	1
9353116	9353115	1
1245259	1245260	1
303468	304058	1
8163724	8163721	1
8404739	8404740	1
3258700	3258591	3
9055234	9055233	1
10512007	10512008	1
5384170	5390896	1
1224959	1224960	1
12242694	12242693	1
2891550	2891549	1
5631871	5632742	1
763441	800996	2
12632467	12632957	1
10280684	10280681	1
7374628	7373684	1
1312208	1312207	2
1612138	1611838	2
10462301	10463196	1
10739928	11616200	1
1957321	1974626	1
2761220	2761219	1
1451441	1451442	3
6418304	6418291	1
8148531	8431640	1
6872094	6872089	1
5788906	5789693	1
12493551	12493552	2
7056453	7056454	2
469448	469447	1
1335535	1335538	1
453225	453226	1
6126250	6126349	1
187332	202131	3
1870106	8952810	1
1068434	1068433	1
2009074	2009073	1
3549221	3549226	1
10823659	10823669	1
3538198	7446245	1
1449966	1526807	1
12369018	12369017	1
11663819	11663833	1
2635232	2634310	1
11271682	11271681	1
3692392	3692391	1
10418713	10418714	1
6948294	6954885	1
11641850	11641849	1
11670128	11670127	2
11437695	11437698	1
8887106	8886628	2
2206946	2204615	1
3295471	3295617	1
5725259	5725260	1
6517841	6517838	1
3992746	3992745	2
11753650	11753644	1
624965	66113	2
7285209	7285210	1
9507401	9507402	1
6127986	6127989	1
597862	818383	1
1800331	1800361	1
6318539	6318497	1
6395649	6609784	1
11439501	11439484	1
9041005	9041008	2
1596301	1596304	1
6305127	6305132	1
8824583	8753176	1
5642552	5642557	1
10506921	10506922	1
4811506	4811505	1
7024328	7024327	1
5693300	5693299	1
153749	153750	1
8416919	8416713	1
5806941	5814841	2
10250919	10250920	1
10211619	10211620	1
11695006	11695005	1
8818923	8818924	1
4724529	4724532	1
11535196	11535282	1
10270272	10270275	1
2209478	2209477	2
6104570	6107447	2
2036195	2034860	3
3478460	3478459	1
9304721	9304722	1
1803243	10346333	1
1527980	1120241	1
9283173	9283207	1
11508549	11508552	1
11492864	11492863	2
12797745	12797746	1
10885179	10885180	1
8995548	8996317	1
5547226	5546822	2
8603121	8608564	1
2748719	2748720	1
1882658	1899120	2
4809401	4809402	1
3367801	3974931	1
4295551	4295552	1
3199697	2663045	1
5474060	5474085	1
1598125	1598126	1
4498962	4496994	1
3264488	3264485	1
2473536	2473688	1
3642864	3642863	2
10058567	10058568	1
9300561	9298965	1
1591820	1591823	1
8047442	8047464	1
6542327	6542328	1
11070712	11070711	1
5091657	5091658	1
10952573	10952574	1
4306029	4306032	1
8307036	8307018	2
10340769	10340770	8
12147654	12139352	1
10064014	10061504	1
9630839	9628678	1
398837	5478402	1
8338428	8338427	1
8313497	8313498	1
7755014	7755017	1
10216180	10216290	1
2417867	7532772	1
6394302	6394204	1
6815492	6815491	2
4748332	4748331	1
10036874	10036873	1
1832291	1832450	1
1931060	1931063	1
11976153	11976154	1
1081675	1081676	3
1215868	1213472	1
10687432	10687649	1
2605921	2604299	1
12784783	12303889	1
9592785	9600364	2
6186589	8923416	1
7317979	7185225	2
1270535	1270731	1
5780856	5780855	1
7199993	7199994	1
9558036	9558035	1
3352372	3352367	1
2535691	2535692	1
834777	834780	1
11345971	11345898	1
5137785	5137786	1
6211786	6211785	1
4957443	4957444	1
4075306	4075305	2
7027705	7027706	1
184017	185848	1
5118335	5118336	2
509581	511886	1
1737653	8466056	1
10185621	10185412	3
2905421	2905371	1
11477522	11477521	1
4290281	4290282	1
11214706	11210427	1
5506203	5506186	1
1765242	1765134	2
701464	776527	1
6484051	6484089	1
1153955	1153896	1
8372368	8388066	2
12400691	12402063	2
8304462	8304461	1
7939024	7939019	1
1761704	1761703	1
7690500	7690751	1
2183404	2183403	1
4346277	4346278	1
8550947	8552293	1
778719	779426	1
7689658	7689339	1
10003358	10003507	1
11439100	11498578	1
10474283	12384363	1
4022916	4022915	3
11615763	11615764	1
1265926	1265925	1
8078690	8079835	1
11864151	11877244	1
5283623	5283624	2
11320495	11320496	2
3875850	3875849	1
3627093	3626302	1
2339187	2339037	1
1539511	1539078	1
5285839	5285840	1
5238435	5238436	3
6750003	6750004	1
1682665	7112970	1
7914634	7914611	1
836800	836799	1
7098057	7098058	1
886577	886578	1
5758094	5758093	2
2270674	2270673	1
4255187	4255179	1
7731388	7687605	2
4006167	6500134	1
3395692	3395691	1
5739250	5739290	1
2366652	2213999	1
4560012	4560011	1
5188240	5188237	1
1713794	1714070	1
4690094	4690093	1
1243214	1247741	1
1741106	1741103	1
2940483	5017197	1
7105261	7105262	2
3882852	3882591	1
1081101	1081013	1
3709653	3709654	1
3082713	3082714	1
5926023	5926024	1
3702978	4078510	1
7873730	7873729	1
799744	799741	2
2836864	2836797	1
4368180	4368220	1
4715572	4715571	1
5530178	5530177	2
10369017	10368118	1
7488575	7488880	3
8802368	5622353	1
7253400	7252205	1
5530527	5530420	1
11662567	11662568	1
4306323	4306269	1
660789	660792	2
5669921	5669922	2
138597	138598	1
1304973	1305151	1
3909138	3909129	1
4077399	4077402	2
12250210	12250209	1
5153251	5153288	1
9349546	9349545	1
3856555	3784775	1
8454747	8454748	2
869953	880318	2
9077143	9077212	1
10214166	10214165	2
3101149	3097274	1
5622741	5622742	1
239219	239593	2
10275511	5103409	1
8900427	6185443	1
2966652	2966651	1
1386585	1381062	1
8305071	8305055	1
1298310	1310282	1
10449831	10449832	1
9705702	3511320	1
6784651	6788997	1
8207462	6074129	1
4435066	4434381	1
9860050	9860047	1
6214331	8247826	1
950790	950789	1
8631278	8631263	1
9017851	9017816	1
2934469	2934463	1
6470283	6470284	2
5810345	5812304	1
8834148	7954637	1
1625004	1625003	1
9577849	9577850	1
3991744	3991721	1
11776006	11776005	1
2107137	2107829	1
5047527	5046840	1
4362429	4362430	1
8082754	8082751	1
9144077	9144078	1
7470410	7470407	1
10437545	10437656	1
11660819	11660820	3
12680968	12680967	1
9063908	9064329	2
9066787	9066788	2
9984502	9984445	1
1404828	1405039	1
4206727	4206728	1
171399	172582	1
12446537	12446999	3
1782276	1782275	1
7294605	7294606	2
8007244	8008223	2
6831879	6831864	2
7749120	7749172	1
5094299	5400732	1
1102560	1103224	1
2847657	2847658	1
10296054	10296051	1
3618515	3618458	1
6197945	6197948	1
7532849	7532751	1
587520	587381	1
6627975	6627959	2
9298665	9298647	4
2566984	2566983	1
8018521	8018530	1
608883	611077	1
4052631	6804923	1
4584638	4584637	1
7766581	7766582	2
1251507	1251508	1
376620	376610	2
11337076	11337073	1
11484909	11484912	1
10387461	10387462	1
12669451	11220071	1
8373807	8373808	1
6209657	10409175	1
9996822	9997610	2
10304342	10304341	2
1325090	1356451	1
1068323	1068326	2
11017742	11017741	1
9525136	8798205	1
5021887	5021888	1
4403707	4403728	1
3095956	3095955	1
7427920	7427935	1
1162018	1162017	1
4673632	4675065	1
1880504	2016369	1
6406441	6406513	1
6909526	6909530	1
357098	3246660	1
1799934	1799933	1
1260852	1398106	3
3143371	3143557	2
9243662	9243603	1
690903	690904	1
5653626	5651174	1
1196854	1196864	1
9707601	9706780	1
6062955	5607377	1
10978955	10978956	1
2766478	2766477	1
8556289	8556290	1
6601028	6601055	1
242815	242816	1
10398632	4535727	1
1128271	1128272	1
8382379	8382380	2
11092800	11095146	1
8229092	8229000	1
10403093	10403094	1
1226701	1226702	1
6844990	6844989	2
1330958	1330957	1
1500469	1500470	1
5145888	5145900	1
5120486	5120550	1
10331914	10331917	1
5498684	5498085	1
9093880	9093879	1
10718268	10718261	1
12523845	12523851	1
3898812	3898811	1
10141527	10141554	1
2035285	2035270	2
4504988	4504799	1
5704809	5704810	1
9314111	9314112	1
8033909	8033910	1
11177155	11171551	1
4994257	4994258	1
10743670	10743669	1
2495851	2624169	1
9568724	3521977	2
8172695	8172652	1
7650683	7657870	1
12199321	12199322	1
8365739	8365740	2
2065794	2065781	1
12494555	12494558	1
3860062	3860200	2
7278155	7278221	1
1204516	1204500	1
7211526	7211525	1
9417741	9411159	1
4137295	4137330	1
1831941	1832005	1
12472580	12472571	1
3249102	3248651	1
4628747	4628373	2
6349868	6349853	2
12303535	12303538	1
3605327	3605727	1
7919667	7919668	1
8228892	8268820	1
8922972	8922971	1
9418021	9417985	1
496163	498054	2
9174341	9174327	1
2604150	11115131	1
6634176	6634175	1
632437	632440	2
12188087	12451552	1
6573981	6778791	1
5967739	5967740	1
5545108	5545107	3
10880232	10880229	1
5617382	9196757	1
1432632	1432631	1
9030093	9030094	1
5939961	5939941	1
9856936	9856933	2
2818045	2818046	1
2944648	2944647	1
12481162	12481159	1
8652901	8652902	1
11083995	11087787	1
5877886	5866399	1
12043825	12043826	1
2396790	2396789	2
3754519	3754197	1
9597418	9597417	1
3753444	3753443	1
3019673	3019436	1
8847602	8847578	1
4823176	4823157	1
12570073	12571403	3
5272086	5272083	1
4953417	4953477	1
12688325	12688330	1
7140835	7140734	3
4346370	4346388	1
3457151	3462721	1
10417315	10417316	1
7285963	7285964	1
7815436	7815435	1
5337538	5337537	1
4143499	4143500	1
6161475	6161663	1
6978127	6978130	1
7814021	7814022	1
387919	387936	1
5289104	5289103	4
1633425	1633426	1
11368702	11368701	1
5933291	5933292	2
390874	372553	1
2987434	2680794	1
4079553	4079638	1
2402974	2402973	1
6198912	6196866	3
7859425	7859969	1
10073691	10073692	2
7591893	7591894	1
6557382	6557069	1
1269834	1269833	1
11941145	11941828	1
3035886	3035885	2
676928	445752	1
9861327	9860194	1
6539663	3757202	1
1719552	12392927	1
1107572	1107165	1
3209784	3210653	1
10860551	10860503	1
6751484	6751483	1
4748658	4748661	1
7409366	7409365	1
5892718	5892754	1
11220854	11205257	1
219349	217930	1
11465165	11465191	1
114003	114843	1
4177381	4177382	1
2310967	2311927	1
3164689	3164690	3
11788739	11789031	1
2374592	2374589	1
8020467	8020468	2
2319242	2321236	1
8516492	8516301	2
6921732	6921731	1
7790099	7790259	1
12515589	12515590	1
1001137	1001138	1
9298924	9420085	1
11303493	11303494	1
1732213	1732214	2
11395362	11395181	1
3116277	3116278	1
1419375	1419376	1
9347808	9347786	3
9919315	9910675	1
4257210	4257386	1
11687988	11687985	1
11697985	11697906	1
11689262	11689261	1
12730790	12730890	1
3616332	3600524	1
6503274	6503259	2
2367015	2367016	1
2582576	2582575	1
7776748	7776854	1
1297397	1297398	1
7211443	7216283	1
11327816	11328467	1
3819761	3819766	1
3698920	5047987	1
7172526	7172465	1
11289687	11289690	1
7730423	7730740	1
4699972	4699927	2
2484441	2484442	2
4056685	4056686	1
10851635	10851636	1
3951861	3951862	2
155370	156492	1
105862	99530	1
10495343	10495344	1
12004769	12005251	2
9781271	9781295	1
10999183	10998390	1
6956487	6952734	1
5647375	5647376	1
5538252	5538255	1
1244622	1214886	1
1956386	1949291	1
102403	102404	1
7107013	7107014	1
2201746	2201649	1
134087	134088	1
9139098	8816304	2
11488187	11489762	1
3878466	3878465	2
9746300	9746292	1
165185	165180	1
1295993	4738510	3
2628889	2628890	1
4354354	3605352	1
643730	643729	1
5170266	5164157	1
12635841	12635823	1
2799324	2798813	1
3676440	3676439	1
11332163	11332758	1
11862135	11862136	1
8405679	8405680	2
10715594	10715642	1
3471398	2600198	1
10802852	10802773	1
10124668	10125420	1
5604934	5605181	1
7993902	7995380	1
4074297	4074298	2
11897905	11897906	3
5764443	5766657	1
9871446	398254	1
9467	4779067	1
5274554	5274553	1
5478659	5478660	1
10075732	10075731	1
976419	976420	2
9266255	9266256	1
2794010	2794009	2
6210167	6210170	1
3267407	3267417	1
3388952	7964673	1
10211548	10211545	1
10668518	10668525	1
11615765	11615766	1
759560	955118	1
9350256	9350253	1
188379	10794180	1
2091426	2371367	1
467282	467281	1
1836102	1836099	1
11781204	11781203	2
10930765	10930950	3
10413173	10413174	1
7415423	7415424	1
2429185	2426576	1
9919695	9919696	1
6016644	6016643	2
7035912	7035911	2
4278589	4278592	1
6682713	6682743	1
5571336	5571335	2
7945336	7945335	2
8896834	8896831	1
1549661	1549662	1
6998748	6998747	1
6667782	6667781	1
9115705	9115706	3
6421731	6421789	1
9358158	9358157	2
10939529	10939530	2
10418700	10418699	1
293607	296846	1
4814396	4814404	1
4375217	4375218	1
9775991	9775992	1
449990	450455	1
6241443	6241577	1
11966673	11966674	2
10931554	10931553	1
6782321	6782322	1
12719233	12719183	1
10401972	10506920	1
773952	773996	1
4553402	4553401	1
6158049	6158017	1
7121523	7121023	2
2195873	2195874	1
4265931	4535630	1
10906444	10906443	1
407766	407732	1
7942285	3544529	2
9881015	9881016	1
11915744	11916652	1
8388654	8388653	2
6572925	6572961	1
398632	398631	1
2336041	2336050	2
12207703	12207699	1
1638593	1638583	1
8748927	8748943	1
5379333	5379334	1
5911590	5911209	1
3880310	3880309	3
8266948	8266943	1
12390349	12390350	1
3618593	3618594	1
9771979	237997	1
7663500	7663499	1
5555889	5555856	1
12163796	12163795	1
2447153	2447154	2
11445249	11445250	1
5087800	5087799	1
7101541	7101981	1
12737165	12737166	2
10897104	10897130	1
10897131	10897132	2
2101969	2101970	1
8553493	8553494	1
12228380	12228379	1
2937221	2937183	1
7972876	7972896	1
11768371	11767990	1
9521767	9521763	1
11158015	537753	1
6112631	6112634	1
1353747	1353748	1
2646316	2646315	1
2831522	2831438	1
11370952	11370951	2
12501332	12501400	3
5142202	5142201	1
6226503	6290191	1
403797	403800	1
3157819	3158204	1
9089292	9088741	1
1686752	1686761	2
2761155	2761112	1
8509206	8584983	1
3316278	3316281	1
6085659	6085660	1
6452032	6452031	1
10031266	10036958	1
912767	912030	1
10836996	10836137	1
5877979	5877980	1
12676812	12676811	1
11670106	11670117	1
8049626	8049623	2
10441980	10751569	1
4004061	4004224	2
9380126	9380125	1
3875033	3875048	1
2213917	2249436	1
12557174	12805372	1
7836237	7836238	2
12608980	12608988	1
2435528	2435527	1
1655766	1655387	2
5891491	5891445	1
3384651	3384652	2
1725444	1700457	1
2025143	2025149	1
3477246	3477245	1
10987850	10987846	1
7591760	7591763	2
6132546	6133016	2
6831924	6829385	1
11384403	11384404	1
8087387	8085890	3
3994433	3993728	1
7766038	7766060	1
5508646	5507376	1
7294603	7294604	3
7642052	7639339	1
1364152	1364151	1
59779	59780	1
10932571	11053689	1
2482816	2482840	3
7741180	7738407	1
7588971	7588986	1
922107	920766	1
3277907	3280536	2
5100082	5099141	1
5675019	5675020	1
2477852	2552985	1
11281558	11282151	1
5461109	5461110	1
3751689	3751871	1
3018260	3018259	1
12197842	12197839	1
120876	120875	1
1790558	1449882	1
6252754	6252753	1
4233828	4237787	1
6174705	6173966	1
3514321	3514322	1
1304368	1304371	1
11743825	11740498	1
4435665	4434901	1
386173	386174	1
11191173	11192380	1
9692634	9692633	1
6990379	6992350	1
12334637	12334638	2
5308528	5308527	2
5240211	5240331	1
2860878	2860877	1
9071108	9070825	1
11382671	7270958	2
1712217	1712218	1
10328492	10328491	2
11152564	11152563	2
11676288	11666553	2
9353763	9354058	1
4293007	4293008	1
1939852	1939480	1
4600301	4600497	1
3770827	3770797	1
6045561	6045562	1
6361872	6361871	1
4695191	4695192	1
7426526	7426525	1
5368141	5368142	3
2682036	2682035	1
11821054	11820985	1
3474299	3474600	1
8251503	8251504	1
2928100	2928099	1
1291916	1291915	1
4446052	4446556	2
8995338	8995289	1
2891254	2891253	2
7029953	7029954	1
3945146	3945176	1
4630247	4593930	1
9831889	8619600	1
9905441	9915168	2
5678467	5678468	1
2447831	2447834	1
12006753	12006754	2
8379619	8432143	1
10232589	10233653	3
4867668	4867931	1
6717613	6717614	1
10969089	10969070	1
8521177	8521178	1
10757022	10757019	2
9309231	9309232	1
10032135	10032136	1
10399524	10399514	1
2168515	2168506	1
3057004	3057003	1
2832831	2832832	1
8416281	8416282	2
11491505	11491496	1
6532357	6532358	2
2780656	2780662	2
7011592	7011597	1
2177149	2176955	1
5949618	5948133	3
12780885	12780886	1
2525839	2525840	1
2431727	2431673	1
11699254	5022949	1
8986733	8986734	1
7437311	3168809	1
5858285	5857116	1
10284335	10268652	1
12184742	12184773	1
8884880	8883744	1
2073640	2073639	2
4707220	4708249	1
2791501	2787512	1
10624633	10624634	1
11041204	11041170	1
4235300	4234202	1
464403	464404	1
583679	583079	1
6194100	6193792	1
9289176	7169399	2
6442345	9943107	1
11312770	11312769	1
7381470	7380829	1
11796637	11796638	2
776202	776201	1
3995168	3995167	2
304178	304133	1
7899991	7899992	1
7360738	7360737	1
5999370	5999364	1
4844208	4844205	1
6654004	9616357	1
7216159	7211461	1
8386050	8386063	1
9831405	9831406	3
1299400	1299397	1
8289117	8292077	2
7227310	7227358	1
12784541	3044348	1
11304065	11304066	1
11148452	11148451	1
2885901	2885902	1
12160236	137715	2
4406899	4406900	1
4309704	4309703	1
12152599	12152600	1
10082877	9847810	1
11597725	11606575	1
8706691	8711922	1
7685846	7685845	1
8702390	8703254	1
1393690	1393689	1
4615823	4615928	1
6750749	6750765	1
7801879	7801880	1
6776114	6776113	1
7660902	7660845	1
4340639	4340626	2
10746090	10355724	1
4802211	4802224	1
12794339	12794340	1
5559092	5559091	1
2580367	2580368	1
12053463	12053464	1
9861649	6550054	2
1398879	1397912	2
4234723	4236208	1
9679165	9679166	1
1112235	1112236	1
8870403	8870326	1
5708122	5708121	1
2862061	2862062	1
3605325	3605326	1
1085225	1085226	1
11144376	11146270	1
5221657	5221658	1
195539	179389	1
12623190	12623180	1
11266177	11266178	1
4347453	4347460	1
8225666	8225665	1
1797004	1797003	1
7953394	7953393	1
10056243	12569844	1
10202220	10202445	1
1649858	1650455	1
9436405	9436406	1
10184464	10184463	1
3993345	3993348	1
6490125	6750727	1
11612044	11612043	2
2770486	2770506	2
11092471	11092552	1
5238378	5238375	2
1596577	1596578	2
2798710	2798707	1
12777943	12777944	1
11908951	11908952	1
11080047	11080050	1
5815699	5815700	1
6387295	6387296	1
5468195	5468196	1
4815192	4815191	1
10642537	10638908	1
2119498	2119068	1
11275949	11276357	1
6104751	6104752	1
10158608	10158611	1
4818938	4818937	3
6899358	6899368	1
1872573	1872779	1
2517166	2517070	1
3000602	3029415	1
10154760	10154759	2
7771381	7902172	4
1545519	1545497	1
12357161	12357162	1
1505587	1505592	2
4041929	4041855	1
8362988	8362995	2
2115323	2115324	1
10166137	10268193	1
7290825	7290826	1
2735168	2735174	1
3244276	3244275	1
12728639	12728642	1
6390982	6390981	1
8799300	8799312	1
4714631	4783034	1
3271642	3271689	1
11785797	11785729	1
11055990	11055999	1
5907587	5907588	2
1529607	1529608	2
8946359	8946360	1
9349171	9349172	2
12473933	12473934	1
4050303	4050304	1
3945040	3945039	1
9627534	9627874	1
2034774	2025264	1
1313160	1313159	1
11717605	11717702	2
4375790	4375789	1
282932	10813948	1
11766688	11766787	1
3241951	3241664	1
11112614	11112778	1
9066106	9066969	1
4287352	4287294	1
10454335	10454336	2
8171072	10187201	1
10307794	10307793	2
7908984	7908983	1
107517	107518	1
7115997	7116015	1
1511123	1511124	1
2743123	2743126	1
8422972	8422971	2
8743388	8743387	1
4391835	4391836	1
12013048	12014194	1
7364830	7364829	1
7254841	7254830	2
7933923	7933924	1
10475573	10475574	1
5585511	1774052	1
7833395	7833396	1
7535978	7535981	1
10462299	10462300	1
7497735	7616172	1
7420272	7420271	1
11476913	11476914	1
683170	703185	1
1867528	1867527	2
8997355	8757509	1
10716487	10716471	1
9741155	9741165	1
5171381	5082118	1
4035244	4037462	1
4841493	4841494	1
3495243	3495244	1
9010315	8969792	1
3158732	3158796	1
3569161	3569162	1
6640350	6640349	1
11488552	11488567	1
1505593	1505594	2
10824474	10824477	1
2896423	2896424	1
7458472	7458467	1
7824962	7825596	1
10155117	10155118	1
12666450	12666449	1
10032015	10032021	2
8406531	8406532	1
4110155	4110156	1
7757915	7757918	1
1519357	1519358	1
10118199	10118200	1
370770	370838	1
5639506	5639505	2
906521	7255804	1
2942788	2948387	1
1073750	1073749	1
2158613	2158614	1
6634690	6634689	1
3391496	3391495	1
7299142	7296965	1
345148	345147	2
3071242	3071241	1
10283857	10283858	1
1155110	1155193	1
8666107	8666108	2
3322299	3322258	1
367736	368637	1
10312885	10312325	1
2469250	2476173	1
4086481	3701866	2
1343010	1342998	1
6807371	6807372	1
11795477	11795478	1
2187355	3938751	1
1095809	1095827	1
10881976	9179500	1
10458969	10423248	1
11492191	11492194	2
193659	196347	1
6189932	6189929	1
9593260	9590438	1
12154807	12154589	1
11530909	11530910	2
2655107	2651496	1
11333732	11333761	1
2307620	2307619	1
4300125	4299928	1
11285048	11285006	1
8101882	8101881	1
9639291	9639292	1
6693050	6693049	1
4011948	4011933	1
9267294	9267286	1
6428898	6428897	2
5241009	5241010	1
2666964	2666722	1
5829655	5829691	1
4837707	4837705	2
10993715	10993716	2
3962611	3962683	1
7779425	7779426	1
1758694	1758680	1
4845847	4295350	1
2626226	2626248	1
1979314	1979313	1
3153590	3153589	1
8015864	8015863	1
11200467	11200468	1
10563791	10563687	2
5095979	5095980	1
7531852	7531851	1
9871642	9871637	1
8128881	8129237	1
7771566	7771565	2
9009851	9009852	2
9915527	9915532	1
9004959	9004930	2
7536951	7536952	1
5927368	5927367	3
9431898	9324651	1
9835769	9835770	1
8088489	8088490	2
1987774	1987753	2
11374219	11613594	2
11617236	11617235	2
846974	3192314	1
10716431	10716436	1
8466210	8466209	1
2295547	2300044	2
9170119	9170120	1
11593535	11593536	1
5539093	5538882	1
10875541	10875542	1
2930061	2930068	1
3219086	3082891	1
3885060	3885059	1
12509296	12509295	1
5543553	5545496	1
8380396	8546302	1
10183933	10183976	1
3584810	3588277	1
9192149	9192150	1
509577	3133176	1
13604	13603	2
3498265	3502128	1
3464147	3464192	1
7681076	7681893	1
10392833	10392834	3
7876674	7876673	1
6828654	6828628	1
3038252	3038230	1
11695219	9419099	2
187901	468347	1
6427511	6426967	1
3259652	3259712	1
449129	449311	1
10184602	4752214	1
10986825	2022012	4
9115453	9115475	1
9637818	9637817	1
5934888	5934894	1
8897291	8889963	2
6952217	6952218	2
2108039	2116954	1
746853	745268	1
2530724	2530731	1
9588016	9588024	1
3705541	3705418	1
1353454	1353464	1
22023	27770	1
4713463	4712833	2
6669316	6669315	1
1658668	1658571	1
5437594	10777038	2
9344935	9344936	1
1269411	1269412	1
11120438	11116231	1
3677511	3677512	1
5354054	5353976	1
10876896	10876885	1
8838014	8838013	1
7281262	7287380	1
6416560	6416559	1
7122972	7122945	1
9728401	9728578	1
8515659	8514349	1
11020720	11020719	3
11302610	11302609	1
9076399	9076402	1
9917217	9917218	1
11320954	11320933	3
7374634	7374633	3
11968275	11996295	2
5889936	5643985	1
3724852	3724855	1
12815328	12815240	3
159957	159540	1
3104816	3104815	1
9745999	9746537	2
10621324	10621323	1
6692352	6692330	1
6513718	6513717	1
10136623	10136624	1
4602085	4602093	1
10440804	10440803	1
7882022	7882067	1
8796523	8796524	1
1567982	1567966	1
4860015	4860022	2
11859512	11859531	1
3131411	3131412	1
10340880	10340879	1
6243473	6243474	1
2032698	2034345	1
10989352	10989351	1
10315693	10315694	1
1794757	1794920	1
2705144	2692652	2
5445643	5445644	1
10730132	10730131	1
7946424	4280772	1
9190408	9190407	1
2767770	2767769	1
5499553	5499554	1
9395276	9396229	1
1770108	1770185	1
777051	777060	2
5003422	5003421	1
9851415	9851416	1
8965158	8767018	2
10157518	10157545	2
11385401	11386772	1
7755489	7755490	1
6703894	6703893	1
11594135	11594136	1
7975841	7975773	2
6208214	6139234	2
2174997	2174949	1
5924835	5924836	1
5828347	5829787	1
11137972	11137991	1
6548760	6548755	1
11857350	11857347	2
2544103	2548128	1
7127745	7127746	1
11376020	11373439	1
4113611	4113614	2
1460248	1460247	1
11334655	11334206	2
9253662	9253661	2
3354145	3354132	1
10832886	10849989	2
6783169	6783238	3
7769060	7769059	1
10916518	10916515	1
11418951	11418952	1
5068525	5068526	2
11048651	11048705	1
3734439	3734433	1
7539368	7540161	1
8532647	8532648	1
6574007	6778649	1
4072450	3755997	1
2478624	2478219	1
7669444	7669384	1
5130907	5130908	2
604743	604744	1
6499446	6499960	1
428395	428396	2
5564110	5564109	1
1804177	1804199	1
1174279	1174280	1
1931848	2246200	1
1282211	1282212	1
5192976	5192610	1
1243217	1247675	1
2214474	2223089	1
3776915	3776916	1
4554130	4554129	2
2274530	2274529	1
864931	863785	2
3155776	3155802	2
8788494	8788493	2
4734760	4468245	1
428510	428500	1
12652494	12652493	1
4699124	4699123	1
6566972	6566969	1
11334767	11333431	2
6519840	6519795	1
12302511	12302986	2
9955802	9959710	1
3293452	3293449	1
2856502	2856501	3
9590553	9590554	1
941343	941421	1
7953824	7953568	1
2562487	2562488	1
8417313	8417314	1
6203664	6203663	1
6030951	6030952	1
270156	270155	1
3651562	3652032	1
9656067	9656068	3
1126700	1061348	1
1319418	1319417	1
11933857	3638609	1
5542380	5443202	1
176187	176188	1
8824142	8824141	1
11070929	8182697	1
6232267	6232272	1
10798253	10798254	1
6139748	6139747	1
8302192	8302191	1
8291949	8291950	1
6526463	6526464	1
5098579	5099511	1
724190	724196	1
9471441	9471442	1
8006184	8006187	1
2764559	2764556	2
12271169	12271186	1
10211546	10211545	1
3888881	3888882	4
446205	441117	1
11687628	11687365	1
1793353	1793349	1
3066564	3066563	2
2001654	2001657	1
11264084	11264083	1
9564198	9564197	1
1715326	1715325	1
9286261	9286262	1
10281081	10281082	2
4988279	4988953	2
12292862	12284214	1
4867705	4868701	1
6164032	6164739	1
7824472	7824471	1
10403093	10403096	1
8671935	8671938	1
5455113	5455114	1
1004307	1016595	1
12729474	12803975	1
6679031	6679042	1
7485409	7485410	1
3529331	3529332	1
7611159	7611154	1
10215053	10215049	1
1590063	1590064	1
2813162	2813161	1
7532392	7532404	1
4552512	4552509	1
7411810	7411824	1
9077989	8880950	1
7738717	10975669	1
9748070	9748069	1
6351044	6351043	1
8714269	8710785	1
12739756	12739755	1
11222208	11218900	2
11759385	11759414	1
2938263	2938357	1
8294942	8294941	1
6958964	6958963	1
4255130	4255285	1
6180326	6180369	1
11869280	11869279	1
6693672	6693675	1
3703764	3702765	1
4311746	4311743	1
11390367	11390368	1
4466956	4356585	1
274236	274235	2
6256484	6256481	3
7056388	7056976	2
4083658	4083657	2
4356568	4356554	1
4106979	4106980	1
3316280	3316279	1
1492123	1492124	1
7521622	7521628	1
7581499	7581469	2
4991236	4991240	1
7013151	7013043	1
5879161	5753056	1
3924554	3924539	1
5202102	5202829	1
9234653	9234744	2
4236403	4234876	1
9421653	9421654	2
1037646	1037840	1
8447692	8447688	1
1342747	1343293	1
2204460	2204459	2
9481000	9480987	1
8558337	8557900	1
8401086	8384723	1
11640101	11640102	1
4800136	4800135	3
2311772	2311775	1
6336830	6336840	1
11185943	11185931	1
2524823	2524824	1
11214875	11214876	1
9902000	9901997	2
7985878	7985866	1
10213934	10213979	1
10849605	10848171	1
7935728	7935727	1
3937573	3937574	3
11425775	11425776	2
4230074	4230073	2
6044392	6044391	1
4565661	4565662	1
11847908	11847911	1
3959047	3962772	1
8476812	8476809	1
11422910	11424116	1
9778273	9777595	2
4673331	4673332	1
5231189	5231190	1
9380392	9380664	1
4823975	4823976	1
5616407	5616408	1
919467	919470	2
6432398	4357963	1
7808007	7808008	1
6967281	6967239	2
8921437	8921439	1
6353458	6353457	1
10287720	10287717	1
11538111	11538112	1
6291625	6291566	4
5167264	5167263	1
5221963	5221964	2
10561600	10561599	1
5547135	8697869	1
7499416	7499419	1
11928622	11928619	1
9760253	9760254	1
5977756	5977755	1
5659027	5659028	1
3569163	3569164	1
10909406	10909312	1
11572254	11570509	1
3322655	3322656	1
10774769	10774770	1
3829122	3829046	1
11438813	11438814	2
414268	6186643	1
1700331	1736048	1
2343197	2343198	1
668467	668468	1
5998229	5998230	1
11826809	11826746	1
8047571	8047572	1
6255693	6255529	1
11288558	11288493	1
9242055	9240192	1
12357997	12357998	1
3510131	3510132	1
2474419	2474420	1
10569992	10569991	1
3288394	3288389	1
9621034	9621033	2
5912298	5679256	1
4925459	4925460	2
11404976	11404973	1
2393978	2380014	1
3549819	3549188	1
4196121	4196122	1
2106221	2106222	1
6894369	6894352	1
848445	848446	1
10320027	10319284	1
3742739	4062508	2
2546049	2546060	1
1242019	1240544	1
8666668	8666667	1
5312448	5308857	3
203000	202997	1
6534035	6533138	1
9250062	9249908	1
8568508	8568505	1
2517547	2517621	1
8034243	8034244	1
6473400	6473523	1
5853645	5855762	1
10812752	10812751	1
9281558	9279123	1
7760592	7760453	2
8818541	8818544	1
456964	456967	1
2655684	2655353	1
12184740	12184773	2
10288057	10288058	1
1659743	1659721	1
362908	362898	1
11512987	11512988	1
6138416	6138415	2
8984231	8984232	1
8881298	8881162	1
9349900	9325943	2
8887108	8887107	1
5518289	5518997	1
2652165	2652166	1
10605055	10733439	1
8568669	8570224	1
11893249	11893250	1
11497113	11511526	1
2737275	2736091	1
6404055	6404083	1
11706084	11708105	1
902434	902433	1
11850758	11850755	1
11568990	11568989	1
1135941	1136576	1
8261963	8261912	1
10195181	10195182	1
12183218	12183274	1
10166650	10166453	1
1631658	1631657	1
4531711	4531712	1
3191597	3191598	2
11104356	11105499	2
12018831	12018836	1
1237510	1237507	1
8781249	3460364	1
11458275	11458276	1
7839309	7840003	1
6821077	6821135	1
4685141	4685142	1
9780080	9780079	1
7248472	7250090	1
5939915	5939926	1
3794509	3794557	1
10169167	10169250	1
11087449	11087407	1
3116950	2010117	1
8198041	8197251	1
732822	829853	1
12616941	12617253	1
3020616	3020615	1
973812	973807	1
832346	832349	1
2187	3518	1
5634769	5634770	1
889599	890993	3
6720165	6720166	1
2776385	2776401	1
1730766	1727096	2
5017381	5017382	1
5122911	5122912	1
7805355	7805491	1
3874829	3874843	1
12207597	10311936	1
3534312	3551211	1
7552928	7551606	1
6538047	6538048	1
2346157	2346158	1
3582988	3582985	1
9710843	9710844	1
6519669	6519670	1
5010500	5010812	1
5957076	5957046	1
12642164	12642163	1
931621	931624	1
12348410	12348409	2
1541265	1541266	1
294715	294705	1
9356099	9356100	1
6180735	6181756	1
2273559	2273560	1
3723314	3723387	2
1286795	1286788	1
6489175	6423627	1
6257646	6241377	2
2191591	2191594	1
2307362	2307361	1
1249914	1371791	1
968398	968397	1
10080148	10080147	1
12188352	12188351	1
386646	386641	1
3571749	3571750	1
3735828	3735827	1
4644625	1966317	1
11802946	11803968	1
3976453	3976494	1
6004186	6004185	1
6115081	6114723	1
1824827	1824828	1
7392845	7392846	1
7753689	7654286	1
5491417	5491418	2
1657173	1657174	1
11649652	11649651	1
690651	690652	3
3744002	3744005	1
4852517	4851866	1
6186930	6186909	2
8039004	8039003	2
12760481	12760482	2
3237327	3237328	1
3089171	3089172	1
2797148	2797147	1
6683462	6683461	2
3034001	3105792	2
2601131	2323088	1
5707004	249856	1
4015188	4015187	3
4394829	4394801	1
4032916	4032915	2
2492512	2492511	2
2042040	2042164	1
6490573	6490951	1
1381481	1381482	2
1270228	1270227	1
8419139	8419140	1
2772912	2772011	3
1731139	7006469	1
7683578	7683577	1
9738358	9738357	1
7633931	7633889	1
5676039	5676040	1
7850345	7850346	1
6774831	6774832	1
11200512	11200509	1
1462693	1462694	1
11922477	11922482	1
10992912	10992909	1
11210189	11210181	1
11703794	11703698	2
4673516	4673515	1
2347615	2347616	1
707843	707844	1
6265096	6265095	1
7032502	7032501	1
9988635	9988636	1
5536609	5265071	1
5878930	5878929	1
5514222	5514221	1
9879843	9880243	1
10044660	10044659	1
11440199	11438789	1
31669	31670	1
7243003	7243005	1
9163297	9163298	1
3690373	3690374	2
914912	914134	1
3898450	3898449	1
7978988	7978987	1
12295901	12295902	2
10774991	10774657	1
3301847	3301848	2
12661908	12661931	1
4501889	4449864	2
8018059	8018060	1
11860999	11861000	1
1019764	1019759	1
5936397	5936525	1
10421105	10420137	1
628475	627731	2
5549567	5549579	1
10279760	10279759	1
8686009	8686012	1
1248652	1241494	2
11988189	11987025	3
1780183	1780186	1
4276	234570	1
6161911	6166860	2
4086252	4086235	1
10214140	10214058	2
10452916	10452915	1
5395249	5395252	1
3280704	3280703	1
2209748	2209747	1
11923647	11923609	2
7475340	7475339	1
10171835	10171836	2
6801101	6801102	1
4381681	4381039	1
10677882	10678055	1
669533	669534	1
3422270	3419829	1
6693532	6693397	1
338607	76438	1
4381993	4381994	1
9878599	9878840	1
10951856	10951855	1
4020418	4020375	2
3248497	3248135	1
10246647	10246648	1
3939930	3939929	1
7277810	7278859	1
10905229	10905179	1
3216994	3216993	1
10345371	10310997	1
2514897	2514336	1
7962648	7962645	1
7606563	7606564	1
4613186	4608989	1
9437675	9437676	3
7366556	7335785	2
3047306	3047305	1
8774924	8777254	1
7464577	7464644	1
8955559	8955029	1
5595449	5595450	2
1475613	1475614	1
5097014	5097011	1
7729906	7729905	1
3279967	3279968	1
7025039	7025040	2
308058	308057	1
5425628	5425627	1
3216882	3070991	2
8006846	8006845	1
5483359	5483360	1
3370211	3370212	1
3926019	3926158	1
7875473	7875474	1
8553831	8553832	1
1138781	1138092	2
12501235	12501199	1
7466751	7467922	1
9859392	9858671	2
8940427	8940428	1
5919939	5919940	1
5657274	5657243	1
1599149	1599150	1
10405623	10405630	1
3159969	3159970	1
7435955	6874571	1
7923320	7923315	1
10805727	10805728	1
7852968	7852967	2
1279151	1279079	1
311529	311530	1
6649295	10117190	1
6608868	6608867	1
9912421	9912422	1
9192997	9192998	1
6241822	6236150	1
6442909	6442853	1
12504580	12504583	1
2156563	2156564	1
4957228	4957223	1
7873075	7872935	1
12547041	12545745	1
2723414	2723869	2
1246824	1246823	1
12484708	12484707	1
9312866	9301868	2
2663313	2663320	1
978853	978535	2
12632309	12632310	1
5620269	5620274	1
10708031	10708032	1
10667327	10565436	1
7971084	7973659	2
229050	246891	1
9130379	9130380	1
5473119	5473120	1
11988185	11988186	2
4067080	4067079	1
11597195	11597200	1
7152102	7152037	2
9380935	9380936	1
7675989	7675992	1
297458	297457	2
7430782	7430781	1
5733296	5733295	2
10624635	10637404	1
7923318	7923317	1
2109293	2109294	1
5728353	5728431	1
7646995	7647066	1
12799523	12799524	1
11201506	11202431	1
2039753	2196213	1
11943283	11943284	2
7282733	7282734	3
12004743	11991989	1
10577344	10576911	2
2841996	2841995	2
11040363	11040901	1
7141138	7141137	1
5485629	5485557	1
12621479	12621480	2
5898351	5898356	1
11883554	11887900	1
5229061	5229062	1
3340171	3340172	1
9356627	9356628	2
2168346	2168381	1
12450264	12450263	1
4378998	4376968	2
3410679	3400903	1
7433730	7433729	1
2663766	2663765	1
9481741	9481742	1
330334	216245	1
5234312	366631	3
12183251	12183252	2
2836887	2836888	1
2811811	2811797	1
5184849	5184850	1
7945338	7945337	1
9670986	9671006	2
3627105	3439435	1
2848047	2848048	1
5910866	5910861	2
10183351	10183425	1
397441	397449	1
1381117	1381149	1
11310363	11310364	1
10930114	10930113	1
1631546	1631673	1
11421569	11582085	1
9109193	9109194	1
3828134	3828133	1
5840608	5840814	2
3242208	3242207	1
4275915	4276200	1
8750612	8750611	2
1104316	1104315	2
391448	391447	2
12133257	12133262	1
2899898	2899897	2
1743061	1743062	2
11674511	11674512	2
74537	74528	1
52013	52014	1
9358838	9358837	1
6536233	6531142	1
3731549	3731550	1
12664693	12664694	1
1499336	1499169	1
1506544	1506543	3
10052747	10052748	1
295426	59504	1
3077635	3074860	1
570158	681798	1
7859756	7859755	1
4703956	4703955	1
548628	548627	1
8083708	8083707	1
151634	151473	2
6703349	6705629	2
6018583	6018586	1
593112	593111	1
11202417	11202218	1
3294393	3295346	1
9690878	9691178	1
9517204	9517203	1
2989689	2989690	1
6980456	6981340	1
657655	657911	1
8366039	8366040	1
4430290	4430289	3
6130124	6130123	1
7799056	5501161	1
10164477	10164478	3
6764136	6764135	1
6668871	6668872	3
9083438	9083437	1
5710487	5710488	1
8450267	8450268	1
1550027	1550028	1
5223643	5218578	1
12012481	12012482	1
281799	281800	1
9811328	9811327	1
3285703	3285704	1
10852116	10852077	1
684240	684239	1
1071967	1071953	1
2907549	2907550	1
4277623	4277624	1
3531269	3531137	1
6890034	6890033	1
3616927	3616853	1
3961250	3961337	1
10636558	10636509	1
1798841	1798842	1
6189347	6189354	1
8429022	8429021	1
8466208	1619006	1
11224334	11224333	1
12656737	12656738	1
3995321	4018764	1
2604232	2604246	1
3970830	3970829	1
11782057	11781618	1
5274602	5274601	1
10882890	10882889	1
3019903	3019904	1
9072234	9073898	1
7699630	7699627	1
5934890	5934889	1
10868036	10868117	1
5939632	5939686	1
7370769	7370772	1
4212125	4212126	1
7678120	7678119	1
8959325	8959326	1
6831795	6985066	2
5382298	5382297	1
4585706	4585705	1
10882349	11826133	1
1535878	1535877	1
3367115	3366901	2
5765790	5764619	1
10982157	10946678	1
3031064	3031192	1
10383327	10383328	2
8877464	8877463	1
7550234	7550233	2
11446534	11446547	1
9612788	9612787	1
9583798	9583797	1
5392167	5754749	2
2355107	2355108	1
5676906	7016477	2
12613405	12615577	3
9359876	9363538	1
10667025	10667026	1
7248782	7248777	2
4522516	4330220	2
9417088	9417087	1
7075756	7079723	1
10724941	10724942	1
6279049	6279046	1
3957241	3957246	1
1996497	1996498	4
5521779	5521780	1
5020891	5020892	2
11943467	7855252	1
5843410	5843434	1
8476426	8475987	1
4515302	4425174	1
5850587	5860106	1
11930255	11930230	2
3156047	3156048	1
12622283	12622345	1
3428683	3428684	2
139745	139746	1
6024887	6024888	2
3540819	3540778	1
12785970	12226669	1
3754911	3754912	2
62569	62543	1
2293115	12369388	1
8873863	8862636	1
7145347	7145348	2
3865621	3864525	2
7757100	7745893	1
4356879	4357219	1
10194466	10194400	1
3118019	3117981	1
6170664	11156846	1
9461796	7436989	2
4084162	4084161	1
5118829	5118830	2
4379037	4378997	1
3272500	8029344	1
780372	780369	3
1735757	1735758	1
9470483	9470484	1
7029490	7029527	1
9569201	9569202	1
8556836	8556927	1
6358668	6358667	1
4744019	4744022	2
6657254	6654640	1
397829	399265	1
7375670	7375669	2
5626520	5626580	1
12662244	12648123	1
5158458	5158489	1
10610817	10610818	1
6516026	6516025	1
6157963	6157953	1
11091935	11091936	2
6902865	6902868	1
10035554	2113724	1
7917190	7917343	1
9548384	9802041	1
6616629	6616630	1
1520024	1520592	1
8393334	8393333	1
7567956	2407427	1
6058429	6064097	2
5289102	5289101	5
2681067	2680874	1
10153612	10153611	1
6382830	6382745	2
2534155	2532631	2
10413175	10413269	1
4469652	4030586	1
4545699	4545708	1
12425770	12425769	1
8066222	995227	1
5297663	5297614	1
6171099	6171122	1
4082055	4082056	2
6852737	6852740	1
3807874	3807733	1
3217538	3217537	1
1724270	1724269	2
480599	480600	1
5488648	5467041	2
7366599	7365244	1
3744901	3738876	1
7920676	7920675	1
7829209	7829210	1
6838758	7289361	1
10905405	10905414	2
4263103	4260285	1
7353828	7353827	1
5135960	5135959	2
11848754	11846968	2
5534654	5531804	1
7396845	7396846	1
12237891	12237848	1
8823050	8823517	1
6788437	6788438	1
3926212	3926215	1
5523067	5523068	1
7367462	7367459	1
7849795	7852536	3
12519055	12519056	1
6822243	6822244	2
5641704	5641703	3
1296023	1296024	1
9351545	9351546	2
11111011	11113192	1
2004424	2004423	1
9720948	9720015	1
6061392	6066549	1
2219969	2213914	1
1084042	1084038	1
6648026	6660825	1
7000413	7000745	2
4182953	4182954	2
2959366	2959365	2
4576166	4576165	2
544899	544900	2
229910	229909	2
5050411	5051305	1
11394311	11394312	1
6882524	6881091	1
1244152	1244151	1
3563386	10067295	1
6733346	6733496	1
12196896	12197346	1
11496710	11503534	1
3926717	7948244	1
10804302	10804301	1
247218	247217	1
113964	223046	3
1490728	1490727	1
4068951	4068952	1
249235	3314136	2
6027074	6027073	2
1202400	1202399	1
3034922	3034921	1
12766099	12766100	2
4285110	4285107	1
6522169	6522192	1
8382903	8382941	1
3618816	3618754	3
7700029	1961251	1
6681693	6681640	1
6370745	6347589	1
9874324	9874295	1
7189821	7189822	1
8260277	8266572	1
2834004	2834003	1
4001680	4002792	1
7028514	7028565	2
10399562	10402928	1
5581563	5581564	1
1747130	1747129	1
3109799	3109800	1
749183	749161	1
10376843	10376858	1
9706813	9706814	1
4595459	4417372	1
7596264	7597124	2
5606124	5606058	1
10003355	10003356	1
9874288	9874287	1
8018171	8018119	1
7666070	7676352	1
6407567	6407568	1
3133537	3133538	1
10161045	10161046	1
1787036	1787035	1
2065530	2065170	2
2561314	2561311	1
7723057	7718670	3
9391438	9391441	1
5194445	5193977	2
7447857	7447858	1
5804580	5804579	1
5008411	5008412	2
12485563	12486109	1
1659482	1659712	1
2540007	2540116	1
7585877	7585878	1
3603719	3603691	1
9124470	9097400	1
3987109	3987110	2
4527824	4527823	2
11733665	11733668	1
9109449	9109450	1
8550437	8550438	2
3905230	3904384	1
11825403	11825315	1
8551058	8554555	1
5474940	5474939	1
10768946	10768945	1
2097715	2097716	1
981317	981318	1
2123350	2291175	1
3262642	3262641	1
6331381	6331386	2
6686634	6686633	1
7957358	7957357	1
7624408	7626810	1
7450713	7940163	1
7611292	7611368	2
12132471	12134115	2
10332302	1075690	1
7007107	7007093	1
10930152	10930151	1
5984903	5984904	1
8920869	8920870	1
5721256	5723075	1
1754951	1754948	1
9828701	9828702	1
949844	949843	1
2224923	2224924	1
728662	728661	1
280981	280984	1
7831095	7832098	2
9030899	9030902	1
6791501	6791502	1
8747470	7514342	2
1096273	1096252	2
12302275	12302276	1
10476069	10476070	2
12795520	12795515	1
10187866	10188397	1
7722766	7722765	1
3124172	3136944	1
3537124	3537123	1
12592535	12592529	1
3679635	5550314	1
9249396	9249395	2
6309020	6309076	1
11817455	11817456	1
10800159	10800162	1
6030658	8061768	1
2485532	2485578	1
9151639	9151675	1
933073	932745	1
9183121	9183122	1
5451072	5451071	2
11545062	11545061	1
10780665	10780666	1
1316586	1316585	1
12678732	12678731	1
5669919	5669920	2
10794132	10792886	2
10346346	10346408	1
7775145	7775146	3
1919903	1919906	1
4071505	4071506	1
2117726	2117693	1
2816031	2815431	1
5250910	5250945	1
4688030	4688033	1
8346665	8350207	1
6785667	6785656	1
7406160	7406485	1
11587411	11587412	1
11705819	11705820	1
9446124	9446154	3
9249371	9249742	1
11463635	11463636	1
5351440	5350552	2
10153610	10153540	1
635321	635322	2
11556532	11556512	1
6766234	6651023	2
10186996	10186995	1
2566411	2566433	1
2107883	2107884	1
5497871	5497883	1
11915022	11915021	1
7366126	7366125	2
6206136	6206135	1
5313046	5313043	1
7747226	7747225	1
111693	6339	1
6598403	6598404	1
9239250	9234781	1
10618838	10618837	1
7160480	7160584	1
619078	619077	1
2671187	2671490	1
1099840	1099839	1
6767828	6773627	1
3888923	3888920	1
12698595	12698619	2
2715326	12598537	1
10204016	10204015	1
11415780	11655416	1
7104159	7104160	1
10008793	10008794	3
7310343	7310344	1
11758723	11758724	1
7686913	7686914	1
8384716	8384715	1
4738484	4738487	1
9675469	9675472	1
584004	584003	1
12302441	12298696	1
8296825	8297222	1
6111117	6111119	1
8601501	8601502	1
3232021	443880	1
10547112	10547111	1
387937	96707	1
695792	695928	1
841891	841892	2
2093350	2093349	3
10014530	10014529	1
4852281	4849518	1
5463632	5463631	1
8056532	8056531	1
7547326	7547323	1
11663291	11663292	1
8012981	8012982	1
8444985	8444986	2
2517208	2517207	1
10381180	10380977	1
10042202	11741131	2
9270806	9272313	1
10107310	10107309	1
10825568	10825567	2
6980751	6980752	1
2505152	11158138	2
6383126	6383133	1
12446535	12446536	2
5764209	6022851	1
7933927	7933928	1
11708686	11770085	2
9975609	10276621	1
2927311	2927312	1
4700233	4700261	1
6656336	6656172	1
10182020	10182019	1
7838120	7838119	1
8283540	8290064	1
1456294	1456293	1
5094586	5094585	1
4697394	4697393	1
8903671	8903775	1
511760	511788	1
1774358	1774357	1
7627245	7627246	1
7320785	7320786	2
1665621	1665816	1
11752338	11755411	1
5485868	5510519	1
7150275	7150276	1
10639431	10639432	1
4720458	4718162	1
7427950	7427947	1
3978242	3979613	1
6322191	6321505	1
1391957	1505190	3
3117454	2962108	1
1971157	1971108	3
3353183	3353194	1
1441401	1442764	1
7044377	7044378	1
9074123	9074124	1
5307305	5307355	1
6159177	6159178	1
1533422	1533421	2
10167418	10167417	1
7782004	7782003	1
969216	969285	2
16309	16310	1
3783248	3783247	2
719279	715435	2
5112937	5113092	1
10749717	10749718	1
6499116	6499589	1
6670092	6690736	1
126356	126355	1
10478923	10478885	1
8353387	8335951	1
7317865	7317868	1
9711556	9591543	1
2798204	2798201	1
327147	327148	2
666290	585964	1
77320	77319	1
3750227	3750243	1
11003520	10980446	1
8350328	8350327	1
10365625	10365626	2
9343089	9343125	1
9043018	9043015	1
4657034	4653548	2
6219274	6219031	1
5012739	5012742	1
10021376	10021375	1
7882979	7881229	1
3113358	3113357	1
488799	490645	1
4913629	4913630	1
3213348	3213351	1
5546641	5546642	1
3117462	3117461	1
3508057	3508058	2
5511453	5511454	2
7775511	7775512	1
5654877	5654984	1
10149224	10149773	2
8786055	3464751	1
9630791	9630792	1
7166333	7166911	1
373759	373760	1
141499	11223443	1
4798112	4798109	1
6856802	6856786	1
7933058	7932956	1
5965427	5965428	1
6358092	6359897	1
10075035	10075189	1
8016937	4044951	1
11760948	11760947	1
10591308	10591307	1
5159964	5159963	2
7529449	7528810	1
9248783	9591168	1
3857793	3858992	1
8901622	8901064	1
4714052	4715350	1
2838508	2838568	1
6591826	6336534	1
5184224	5184221	2
7219848	7220280	1
3168808	3168807	1
1214876	8555340	1
204298	204297	1
1082572	1082571	1
6846971	874174	2
8892491	8892492	1
11347720	11344728	1
434481	434482	1
10620360	10358109	1
5220553	5220554	1
6951842	6951841	2
3173438	3173437	1
5004357	5002917	1
5219405	5219369	1
3442534	3443281	1
792715	792268	1
4215330	4215470	1
7293405	7293406	1
3685588	3685582	1
12229643	12229644	1
3888595	3888578	1
4702079	4702257	1
2090125	2090128	1
10133979	10133980	1
8441440	8441439	1
4356380	4356379	2
11911185	11911186	1
11868819	11869314	1
2003824	9973703	1
1142604	1142603	1
8639998	8639830	1
11749426	11751744	1
3237020	3237019	1
8244697	8244698	1
10187896	10187848	1
11302610	11302605	1
11239502	11239501	1
3323428	3323427	1
4200522	4200626	1
10219977	10222414	1
9830659	9830662	1
1534916	1534915	1
11623229	11295679	1
11172485	11173848	1
10491754	10491753	1
7930461	7930462	2
2929625	2929628	1
9668071	9666326	1
170691	452072	1
12629148	12629172	1
6036635	6042215	1
1742550	1742510	1
8651233	8651904	1
6175239	6175240	1
11096933	11106473	1
11291621	11291622	1
147152	147151	1
4354840	4354839	1
10217396	10217395	2
7738232	7738231	1
10800157	10800162	1
178340	456626	1
8785716	8785712	1
4094338	4094337	2
7179030	7179029	1
2062479	2068275	1
8530086	8529991	1
7000026	7000057	1
6183053	6183670	1
594094	592041	1
6451637	6451652	1
7589108	7589107	3
868979	868984	1
8519557	8519361	1
5882720	5882717	1
1490160	1490159	1
6742372	6742371	1
4553068	4553101	1
12426411	12425771	1
10826228	10826227	1
10802213	10802214	1
326313	9688614	1
11912180	11912179	1
2627252	12814538	1
11677884	11677771	1
2683357	2683360	2
10519875	10519886	1
3339583	3339577	1
4658451	4658454	1
5847578	5847613	1
10704872	10704869	1
8968514	8968513	1
1591393	1591394	1
11297461	11297462	1
6938004	6938001	1
4448533	4448534	1
9655492	9655491	1
10523838	10523837	1
2407455	2407456	2
6961394	6961393	1
4682109	4682125	1
1642681	1633819	1
1425929	1425934	1
3976691	3976686	1
9515800	9515799	1
2945338	2945337	1
7645364	7645902	1
2795689	2730576	1
7537829	7537804	1
8025779	8025780	1
10991967	10991968	1
5576659	5576660	1
5758371	5751067	1
12250212	12250207	1
593660	593657	1
10195860	10195761	2
610797	610798	2
7201335	7201249	1
9619180	9619179	1
238970	238969	1
11938711	11939346	1
4753567	30789	2
7551138	7551108	1
2274941	2274942	1
4414132	4601057	1
6838757	637587	1
7364749	12199715	1
708564	708561	1
3880039	3880040	2
9961191	9960214	1
12488480	12488479	1
38023	37367	1
4687815	4687818	1
11613410	11613409	3
4113974	4113971	1
6055382	6055381	1
9329401	9329398	1
2426764	2428797	2
12727190	12727189	2
10963624	10963623	2
4491766	4491708	1
329115	329135	1
9470943	3923803	1
788646	789223	1
10977918	10977915	1
155813	155814	1
4295468	4295467	2
10489203	10489204	1
1724572	1724840	1
6151031	6151025	1
10286959	10286960	1
3372732	3372731	1
7878488	6634145	1
8755869	8828599	1
10533727	10533060	1
3397023	3397024	1
4276322	4279153	2
1494910	1375927	2
3297920	3297917	1
9335562	9335569	1
10737367	10749728	1
5200517	5200487	1
7896556	7896559	1
10191442	10191456	1
5496423	5499349	1
11870499	11870500	1
9662817	9662523	1
631301	631526	1
11394800	11394803	1
3626074	3626858	1
5722854	5721502	1
6556868	6556867	1
7740573	7740143	1
6751476	6751494	2
8666916	8666915	1
163055	163081	1
5923752	657498	2
6570362	6570361	1
5153304	5186685	1
7860876	7860780	1
11551914	11550613	1
2960138	2960135	1
1726830	1726829	1
8520324	8520321	1
7802837	7796084	1
5809567	5814026	1
5060888	5060894	1
7526399	7526400	1
4093637	9505686	1
6578390	6578389	1
1157928	1157927	1
11079343	11079344	1
4423349	4425273	1
2898737	2898738	1
4676738	4676875	1
7000411	7000412	2
9191698	9191697	1
11540624	10255384	1
1566447	1566448	1
4216928	4216912	1
9709028	9705346	1
10237380	10237379	1
6634272	6634262	1
2232051	2232341	1
8062410	982586	2
8141	8132	1
11080907	11080910	1
10773302	10800629	1
7578939	7578940	2
9240696	9240695	1
5904405	5902940	1
10018108	10021875	1
9691432	9691431	1
12385402	12394165	1
9297857	9297210	1
4955545	4955960	1
10369978	10369977	1
5018538	5018537	1
3860483	3856082	1
8420146	8420145	3
10881897	10881898	1
6574655	6574482	1
9348590	9348593	1
1346901	1346902	1
11997857	11997717	1
9083841	9083833	1
10940883	11050346	1
2855662	2855067	1
6718530	6718529	1
8446207	8446208	1
8077510	8077969	1
2534940	2534939	1
6794526	6794430	1
2702741	2702699	1
133697	133698	1
2924519	2840929	1
4310972	4310971	1
12209746	12209735	2
4601480	4601479	2
12462778	12462777	1
5213743	9424067	1
9791177	9791180	2
12643031	12643032	1
1776819	1781521	1
12425272	12425300	1
1458154	1457091	1
4817418	4818411	1
7566866	7566869	1
10176434	4038847	2
9662815	9662816	1
2163941	2150194	1
4687549	4687550	2
6664500	6670912	3
3256120	3252680	1
10912139	10912759	1
8559919	3953378	1
8573813	8573814	1
6810947	6810932	1
7611220	7611215	1
943818	943817	2
3673088	3673087	1
8445804	8445803	1
11079718	11079715	1
3976819	3976820	1
7028516	7028515	1
7470360	7470359	1
12268977	12269359	1
9367112	9367207	1
6791051	6791800	1
769851	769852	1
7486894	7793843	1
9488109	9488110	1
4330889	4330199	1
7749044	7749047	2
1014870	1014867	1
3197557	3197144	1
1955229	1965251	1
8709870	8709857	2
7864316	7863538	4
1881574	1881573	1
7540882	7540881	1
11554801	11554802	1
2455091	2455080	1
1321719	1321725	1
4232085	4232086	1
7235814	7235811	1
10381039	10380451	1
998823	998824	1
4620573	4621409	1
6985103	6985100	3
10198341	10198342	1
4448044	4448043	2
5096766	5096763	1
1588047	1589619	1
9260892	9260891	2
8497285	8253366	1
1358667	1358674	1
1044762	1044742	1
6578891	6313807	1
456975	456976	1
3618633	3617775	1
1105356	1105355	2
10169357	10169358	1
11498092	11498091	1
12125149	12125571	3
1289640	1316585	1
2832507	2832508	1
1592737	1592738	1
10339413	10340377	1
7592192	7592160	1
3035692	3035691	1
8958838	8964829	2
8231365	8231468	1
2795889	2796565	1
10309597	10309477	1
6709483	6709442	1
5217286	5221567	3
2344782	2344781	1
7852689	7852690	2
5299042	5299041	1
6253625	6253626	1
7949302	7949301	1
11900080	11900693	1
2278900	2278899	3
4528217	4528372	1
2250980	2250951	1
7818671	7818672	1
11598817	11598818	2
9860542	9860541	1
2430294	2598539	2
6412200	6412199	1
4847680	4847701	1
7842318	7842317	2
12459407	12459390	1
5861956	5861955	1
11910759	11910760	1
5790952	5790951	1
8094074	8089647	1
8192514	8192513	1
336196	336195	1
150653	150654	1
5097181	5097276	1
11908514	11877805	2
432996	432992	1
8227425	8227415	1
2068654	2068649	2
8769475	8769476	1
7846882	7837663	1
1768613	1134020	1
5512593	5512594	1
8518286	1563658	1
4536663	4536673	2
12558464	12558463	1
5151507	5151508	2
4356986	4356983	1
5867876	5867873	1
11896436	11896435	1
11568332	11567110	1
12614096	12614188	1
10203289	10203290	1
10414979	10414977	1
8876270	5373876	1
776110	776109	2
4530723	4530724	1
11364771	11364772	1
305224	305223	1
1473323	1473344	1
2556549	2556550	1
806352	806387	2
9077312	9077309	1
4372210	4372177	1
12412271	12412272	1
12377510	12377509	3
1714189	1714190	1
9965297	9965292	1
4021886	9469104	4
1162561	1162562	1
5585786	5585779	2
11601625	11601626	1
8556640	8556639	2
5096701	5096702	1
12429687	12429688	1
8085196	8085060	1
8818988	8817051	1
2076305	2062839	1
5965804	5965803	1
7915275	7915876	1
8572447	8572448	1
10782184	10782183	1
11118122	11078429	1
8917558	8917555	1
7908183	7908184	1
881226	881223	2
6863175	6863176	1
1465810	1336567	1
10674835	10672766	1
5711297	5711327	1
4193090	4232675	1
12567617	12567620	1
8510838	8492582	1
1748163	1748164	1
9633631	9633634	1
12524569	12524570	1
58557	60004	2
6961460	6961481	1
6899288	6824306	1
98306	98794	1
9672491	9672494	1
12718371	12718372	1
1043887	1043888	3
10811060	10811057	1
115483	493064	1
2921472	2921471	1
7072648	7072647	2
4784020	4784019	1
1170311	1175051	1
10960051	10960052	1
3125463	3125464	2
3262094	3262093	1
3209806	3209790	1
11131236	11131235	3
7105321	7105572	2
5317029	5317030	2
2947945	2947946	1
7012074	7011725	1
3390668	7696001	1
9808627	9808628	2
5449905	5449906	1
7021792	7021748	1
9768551	9768552	1
3606547	3607226	2
4253487	4253490	1
10103576	10103575	1
721709	721710	1
9691434	9691433	2
2714440	2717535	1
2368773	2368799	1
5701097	8365959	2
12161833	12161834	2
1696536	1696586	1
7634276	7641443	1
6797628	9498968	1
9683293	9683329	1
9726188	9726187	1
5112140	5127197	1
4548765	4547412	1
1805019	1803974	1
6462662	6462661	1
7446251	7446252	1
12338648	12338647	2
120182	120181	1
6168169	6153651	1
8403785	8403786	1
4831659	4831667	1
9493891	9493894	1
942105	435816	1
7493321	7493322	1
5881231	5881178	1
5601076	5601295	1
9365805	9365944	2
4447756	4447753	2
6268728	6299321	1
10423104	10423103	1
1167940	1167920	1
6363921	6360731	2
3138725	3138726	2
11274882	11274887	2
10654991	10649064	1
9915679	9916732	1
7018324	7018321	2
4514551	4512885	2
1524439	1524440	2
11175372	11175207	2
4219801	4219820	1
1871143	1871144	1
671815	671252	1
1741871	1741872	2
7902571	7903154	1
658227	658228	1
11758532	11758529	1
6817088	6817053	1
1162174	1162197	2
6853916	6857401	1
5094078	5094720	3
6046607	6046608	1
4710021	4710022	2
9236845	9236846	1
6243942	6243961	1
1944065	1944066	1
12665274	12665265	1
10208647	10210845	1
564889	564890	1
481197	481198	1
2586141	2586191	1
4991238	4991237	1
5382235	5382236	1
7089672	7089671	1
10188867	10188868	1
7979519	7664772	1
8409418	8409658	1
4593250	1986841	1
5926197	5926152	1
7446353	7446354	2
8733613	8735661	1
3625735	3625736	1
6527050	6527049	1
2071730	2190442	1
4426066	4426428	1
10818630	10818598	1
2693332	2693331	1
642962	642961	1
6509962	6509961	1
3533776	3531395	2
4993827	4993828	1
6840511	6840879	1
8455527	8455537	1
813803	813804	1
3706778	3706777	1
2294014	2294013	1
10956120	10956119	2
8226034	8226031	1
9335576	9335008	1
4427036	4507557	1
10230459	10230463	1
1387219	6183319	1
6197219	6197340	2
10076289	10076296	1
6375403	6384126	1
667271	667272	1
3735132	3734978	1
3443280	3443279	1
3305885	3305886	1
11843963	8640072	1
2482910	2482909	1
4740524	4740523	3
8078926	8078923	1
7816535	7816536	2
740361	740362	2
114135	114328	1
11166238	11166235	1
961057	961058	1
1246601	1246604	2
12182825	12183109	1
8550018	8550017	1
5716688	5716687	1
11852622	11847605	1
7761214	7743846	1
4389911	4389421	1
5688817	5688820	1
11231987	10260812	1
8243635	8243636	1
4507805	4407146	1
9443176	9443175	1
4078429	4078432	1
3086075	2962028	1
2872137	2872138	1
5886670	5886669	1
3525912	3525911	1
8516599	8516600	1
1636130	1638067	1
10901866	10901861	1
8520930	8521723	1
599868	599870	1
5699562	5699561	2
3106621	3106622	1
6689915	6689916	1
11220989	11221434	1
3937575	3937576	1
8156164	8172045	1
6405857	6297412	1
2684643	2684894	1
3006397	3005706	1
10184685	10184686	1
1289489	1289469	1
2182410	2623903	1
7417076	7417075	2
3066454	3066453	2
6061663	6061661	1
3958923	3958988	1
2568982	2568793	1
8706033	4270247	1
6067598	6067560	1
3600776	3600762	1
10280632	10280631	1
11785619	11881511	2
11863048	11862992	1
1160196	1160193	1
12451029	12451030	1
2783008	2783007	1
5060981	5708089	1
3925003	3926388	1
1700970	1700967	1
9346345	9347001	3
4817853	4817854	1
5100171	9514430	1
7986118	7986135	1
11047912	11047966	1
9697650	9697649	1
8809483	8809484	2
9582664	9586572	1
2789246	2789360	1
341120	336385	1
425906	425905	1
11006958	11006957	1
12519574	12001493	1
11777842	11777841	1
5812693	5812694	1
8733139	8736457	1
3699343	3699153	1
5714998	8102651	1
450491	450503	1
9329719	9329720	1
811054	811044	1
6196547	6182428	1
3311031	3311121	2
12155532	12154661	1
8347313	8347314	1
3191671	3191672	1
5427383	5427252	2
10525164	10474816	1
11195654	11196442	1
2535655	2538094	1
3744284	3744282	3
8843826	8843829	1
11404853	11404856	1
8850128	8850175	1
6655620	6656256	2
7176018	7176160	1
743133	743136	1
1767330	1767329	1
10172948	10172693	1
9301809	9301876	1
3426137	3426138	1
10908335	10908309	1
8469761	8469776	1
12685369	12685425	1
7916813	7916814	1
7454488	7455107	2
1838828	1838547	1
421548	421547	1
10319039	10318562	1
165798	165797	1
6941971	6941972	1
8760414	8760413	1
10245263	10245251	1
10081247	10081250	1
10980517	10980518	1
10175272	10175269	1
117895	117900	2
7260644	7262128	1
899741	895772	1
7899770	7899776	1
3025930	3025929	2
1955576	1955575	1
5405583	5405556	1
10473544	1258696	1
7596665	7596666	2
3485102	3466898	1
11702443	11702480	1
4818783	4818690	1
11523739	11523740	1
286958	285985	1
10501408	10498864	1
10764684	10764681	1
585358	585357	1
6058490	6058489	1
8985841	5962078	1
334703	334704	1
2003672	2003361	1
8099341	8099307	1
6268645	6268648	1
544639	638697	1
9876459	9876460	1
6531468	6531467	1
2055561	2055562	1
6557065	6557080	1
3291273	3291342	1
7395692	5629217	1
12696485	12687316	1
11102962	10822717	1
10908427	10908138	1
4336828	4489807	1
363264	363263	1
2773494	2813358	1
3191816	3191815	1
7170739	7170740	1
1558726	1558725	1
5512947	5512931	2
12306043	12495956	1
7604873	7604928	3
6045563	6045023	1
4306326	4306741	1
5719423	5719424	3
11759364	11759840	1
12036281	12036282	3
1138831	1139247	1
12187123	12187124	1
2919447	2919672	1
2065459	2065460	1
8027734	8027733	1
8654325	8654326	1
1460181	1460200	1
8581032	8581031	1
8685350	8685550	1
2897593	2903067	1
4902203	4902204	1
4639638	4831464	1
4124398	4124397	2
10646587	10646588	1
1089584	1089583	1
6309454	6309453	1
10968935	10968936	1
6664567	6664568	1
4836481	4836482	1
2250837	2250838	1
5920024	5920019	1
10965611	10965612	1
6703580	6704362	1
7612035	7612036	1
12509300	12509297	1
4220157	4220339	1
8293697	8293507	1
2708302	2708532	1
133906	3119827	1
8830085	8830086	1
4776844	4776862	1
4290149	4290150	2
11044294	11044293	2
11349299	11363784	1
11078877	11078878	1
6426402	6426401	1
8038483	8038484	1
842869	842870	1
9358156	9358155	3
2853535	2853536	1
12050540	12050602	1
4176509	4175734	1
12405386	12405385	1
547878	547877	1
9604693	9604626	1
3029761	3029762	1
1545035	1545036	1
9825915	9825916	1
5437689	5437690	1
7161810	7161807	1
8150827	8150953	1
2364807	2051385	1
8384937	8384852	1
12048502	12048501	1
624517	624518	1
1157084	1157081	1
2049464	2050015	1
1149940	1149945	1
6976355	6976356	1
2789070	2789069	2
5637414	5638633	2
2488131	2488132	2
10252402	10252401	1
2106742	2110319	1
9803693	9803694	1
10076346	10076383	1
1904578	1904577	1
1543195	1543196	1
1396042	1394413	1
10443369	10443370	1
668591	667921	1
1215060	1215059	2
4300878	4300850	1
9865078	9865143	2
8365958	8365957	2
6123991	6120057	1
6170769	6170770	1
9336560	9336557	1
2899123	2899124	1
9198156	9198155	2
3959728	3959727	2
3131169	3133306	2
10565836	10565823	2
268222	268229	2
7830827	7830828	1
6394229	6394225	2
7432500	7432503	1
1949936	1949935	1
11047963	11047964	1
6131954	6131953	3
8070806	8070805	1
1587054	1586368	1
4368335	4370895	1
10323287	10323288	2
11050767	11051165	1
7348265	7348253	1
6999251	1512617	1
7660013	7660014	1
12000526	12000525	1
434369	434370	2
9484538	9484537	2
9669909	9670751	1
708174	708180	1
12651212	12774607	1
6553850	6553849	1
6697128	6697125	1
670828	670827	1
2444620	2444689	1
9372143	9371973	1
156683	156694	1
7933106	6461436	2
9075681	8881645	1
11458843	11317478	1
3011054	3011053	1
4713634	4713631	2
1244633	1244634	1
4311043	4311044	1
6510264	6511268	1
3084196	311964	1
10646126	10646125	1
8758125	8758104	1
9958336	9958335	1
12334817	12321284	1
7002933	7002800	1
58258	57225	1
5561452	5561513	1
2947397	2947449	1
11512621	11512622	1
7952847	7953258	1
8225474	8225473	1
6996906	6996905	1
10941059	10941060	2
1889777	1889749	1
5817858	5817857	1
12656359	12656642	1
8557070	8557180	1
8532730	8532729	2
10119820	10110565	1
6890168	6890167	2
8043633	8386574	1
9955802	9959712	1
3493887	3493729	1
3565980	3565992	3
11645945	11645959	1
7459319	7459320	1
4860174	4860036	1
1722367	1108696	1
6500606	6500603	2
6941589	6941570	1
5372938	5372937	1
11449134	11449133	1
7839047	7839052	1
9471406	9471405	1
11613895	11613971	1
5959829	5959832	1
4489175	4489304	1
697689	700536	1
10018568	10016567	1
8480141	8578273	1
7551557	7548729	1
7589258	7589570	1
714152	730024	1
11613331	11612675	1
7970890	7970833	2
1881043	1877690	1
10989445	10989392	2
5702361	5689087	3
1718336	1718333	1
12276232	12287192	1
11178386	11178331	1
8939845	8939840	1
5713457	5713445	1
7211117	7211118	1
12608156	12609389	1
153769	154520	1
2268405	2268406	1
11374667	11373874	1
11143968	11147068	1
11714385	11714386	1
1525928	1525927	1
6310541	6310542	1
452449	452450	1
1511261	1511243	1
1671121	1442976	1
5509846	5509917	1
5535043	5198955	3
9892063	9892067	1
11197227	11197228	1
12616340	12616339	1
7827174	7824390	1
11893415	11895355	1
6999242	6999241	1
4083660	4083659	1
5509875	5509876	1
11608223	11608224	1
3971609	3971610	1
6532223	6532224	1
117367	117368	1
9574113	9574068	1
280768	280767	1
4680488	4849710	2
9980432	9980431	3
4305664	4305663	1
4936281	4936300	1
7347155	7347156	1
542316	542315	1
9549964	9549571	2
10992380	10992069	1
11878286	11878285	1
5194904	5196049	1
6551393	6551383	1
4647687	4646059	1
6307740	6305974	1
4421521	4421522	1
7915934	7915914	1
12727435	12727436	1
4162702	4162701	1
7446439	7446451	1
9706569	9709627	2
10542749	10698106	1
3274604	3274603	1
4149336	4149335	2
12637591	12637594	1
1450922	1450919	2
6129652	6129651	1
2467323	2467324	1
4234719	4234720	1
3197949	2833557	1
1824829	1824830	1
223298	256263	2
4526639	4526640	2
6560289	6560290	1
2446957	2554868	1
3569806	3569805	1
10266261	10266028	1
6462078	6462077	1
766843	766844	1
7720599	7720530	2
1451441	1449705	1
2245090	2245089	1
10076139	10076142	1
10530166	10530165	1
8284716	8284715	1
7402046	7401886	1
11457874	11455057	1
8481583	8176847	1
3656042	3656057	1
3911737	3911738	1
3924355	3924356	1
11550152	11550460	1
3260056	3260055	1
6936526	6936525	1
5992675	5992676	1
12121801	12121802	1
8563391	8563418	1
9820695	9820696	1
9297529	9297151	1
2950492	2950491	1
4615127	4615128	1
6287649	6293715	2
5144708	5144707	1
2378498	2378489	1
6028425	6026232	1
11936584	10883563	1
7901463	7901464	1
8838975	5642553	1
7347388	7347387	1
5842030	5841956	1
10079139	10079140	2
11150521	11150522	1
9391457	9385543	1
8171015	8168518	1
8767215	8767450	1
3786984	3786983	1
4714002	4713999	1
6494668	6494594	1
5382210	5022708	1
9719440	9719830	1
1934456	1934455	2
9681843	9680186	1
8008241	8008242	1
3899928	3899927	1
9516433	6108949	1
7816743	7815835	1
11040909	11040910	2
9557800	9557799	2
2442345	2442353	1
10896935	10896936	1
9742646	9739585	1
4347964	10106794	1
8971970	8972221	1
2886119	2886122	1
7140866	7145279	1
9591629	9591762	1
7906756	8030119	1
6204914	6204918	1
10196253	10196315	1
8947942	8947920	1
5347474	5347471	1
8698682	8699085	1
7478443	7478444	2
7723908	7723827	1
713468	713675	1
1844818	1846252	3
11165081	11165084	1
10900758	10900663	2
9436037	9436040	1
8082717	8080037	1
4224300	4223195	1
4549663	4549666	1
8786053	3464751	1
11798511	11798838	1
5695615	5695616	1
2854075	2854076	1
176189	176190	1
5435399	5435400	1
6846969	874174	1
10186432	10186446	1
735728	743191	2
11679325	11679331	2
10995959	10995960	1
11662618	11662617	1
2721974	2721746	2
5960324	5960344	3
6457702	6457517	1
2351370	2351369	1
11325560	11324975	1
589351	589493	1
450626	450625	3
2612610	2612609	1
251407	12131563	1
2305299	2305300	1
2788667	2788668	2
4164813	4164814	1
6799370	6799369	1
3875111	3875114	1
6817247	6817248	2
5021908	5021907	1
6357559	6357569	1
2356686	2356723	1
6243314	6243313	1
4200860	4200857	1
11554799	11554800	1
10231781	10231782	2
7105263	7105134	1
4573940	4573937	1
12666685	12666483	1
4264615	4264764	1
4497934	4325281	1
5047422	5047485	1
4208205	4208206	1
679627	679615	1
3482452	3482548	1
6335443	6335444	1
1823552	1823551	1
4005288	4005285	1
8066077	8066357	1
10666508	7595946	1
11719232	11719231	1
12522103	12528057	1
7150277	7150278	1
1317585	1317706	1
4495512	4483701	1
12399688	12399788	1
8159153	8159154	1
1914434	1915801	2
5250091	5249941	2
3696250	3696261	1
11196906	11056819	1
9839522	9840590	2
8075028	8075002	1
7916249	7916246	1
856147	855970	1
10103957	10103979	2
9673241	9673242	1
2881741	2881814	1
9451832	9451831	1
2311580	2311587	3
9671932	9671931	2
10218867	10218868	1
9060632	9175421	2
3877017	10209418	1
11399943	11399948	1
4860692	4860691	1
8652384	11905559	2
5260472	5256233	1
9353559	7046844	1
597275	597276	1
7275397	7275398	1
418790	418732	1
6022539	6022540	1
3060949	3061679	1
11831125	11858480	1
11200933	11201112	1
2479814	2479813	2
3754880	3754879	1
4724085	4724086	1
3449698	3449707	1
10983206	10983205	2
5122155	5122156	1
4234721	4234722	1
3464338	3464337	1
8451963	8451907	1
7446625	7446839	1
7849215	7849244	1
2420351	2420355	1
7878020	11116155	2
11912779	11913294	1
9192997	9193864	2
7395523	7395524	1
6618551	6618552	1
935999	936092	1
6472021	6472022	1
2819388	2819451	1
12731348	12731564	1
12609908	12611942	1
10926714	10926713	1
1328026	1328029	1
9505636	7947894	1
12391389	12391308	1
970918	969505	1
7788305	7788306	1
8863406	8863131	1
8989405	8989406	1
9688443	9688446	1
11444007	11444008	2
7490728	7490692	1
9328114	9328077	1
10899778	10899777	2
51929	51930	1
7909929	7909930	2
2258099	2258102	1
10133331	10133332	1
1125086	1125085	1
12682803	3230434	1
5139383	5139386	1
6999240	6999243	1
6499057	6498976	1
7899904	7900164	1
6060655	6060762	1
6807226	6807225	1
11241880	11241879	1
3278708	3278705	2
4420849	4420850	1
7461649	7461652	1
9738009	9737908	1
9380644	9380647	1
3889330	3889329	2
1445032	1441948	2
10979540	10980510	1
4877167	4877109	2
7581073	9097835	1
10684530	10684534	1
137653	137654	2
4094852	4094851	1
6623888	6623870	1
7295126	7299470	1
2927313	2841964	1
7200663	1719936	1
8001435	8001436	1
9860316	9860315	1
12763508	12763507	2
4473126	4473125	2
8347370	8347369	1
883478	883451	1
4424606	4425227	1
10528531	10641934	1
5431137	5431266	1
8820515	8820136	1
7824372	7824384	1
3391027	3391028	1
3885416	3885411	1
4674929	4674930	1
10338648	10338647	5
2964374	2964371	1
10645365	10646140	1
4738197	4738198	1
7242563	7237299	2
12747167	12741885	2
9001193	9001194	1
12729692	12729691	1
2680224	2680223	1
11980175	11981582	1
8495437	8495248	1
10157520	10157519	1
11438649	11433553	1
12016562	12016639	1
397133	385169	1
9079602	9079599	2
10276815	10276969	1
9466823	9466824	1
9478907	9478930	1
4372295	4366824	1
1240496	1240495	2
3863266	3863265	1
11407465	11407466	2
7632959	7632936	1
10210808	10210711	1
5524835	5524512	1
8971627	8971847	1
10183499	10183500	1
5066780	5066779	1
1515662	1515611	2
10711191	10711204	1
7955729	7737483	1
1845172	1843256	1
532459	532460	1
1312302	1312301	1
896484	896483	1
1308399	1308455	1
4219665	4219666	1
6120975	6120976	1
10626685	10626686	2
1165330	1165329	1
7659612	7659611	1
9585558	9585272	1
4264098	4264097	1
11172404	11172403	2
539333	539334	1
1429788	1354181	1
2308867	2308868	2
12675927	12677847	1
71641	71642	1
4004718	9245008	1
6853150	6853149	1
1418353	1418364	1
10813138	10813141	1
435469	435470	1
7323621	7323622	1
3600778	3600777	1
2348079	2348067	1
9115703	9115704	2
4645547	4643948	1
74284	74287	1
1872778	1872777	1
670905	670906	1
3311368	3311228	2
6164918	6164917	2
4106817	4106820	2
8668895	776592	1
4707218	4708249	1
5041699	5041725	1
3373590	3373589	2
8169832	8169831	1
1078073	1078074	1
2547758	2547757	1
11090736	11090735	1
5581581	5581582	1
8045915	8046502	1
6072748	6072743	1
9597051	9597052	1
12125283	12125285	1
9149173	9146181	2
8273606	8273578	1
4091374	4091373	1
1775726	1775725	1
11856573	11856574	2
8702617	8702620	1
8343326	8343317	1
9054487	9054488	1
9172805	9172806	1
10267481	10267482	1
12678786	12680629	1
8746151	8746152	1
4565909	4565910	1
9326484	9326481	2
1304922	1259579	2
5384258	5393923	1
7150869	7150870	1
6467142	6467176	1
4699809	4699810	1
3903575	3903209	1
1225412	1225076	1
9852692	9852691	2
985161	985162	1
4651350	4651349	1
10498293	1706190	1
6642793	6642794	1
5911208	5911207	1
3161784	3161783	1
11204688	11209355	1
3216678	3216715	1
7279849	7279477	1
1112490	1112551	1
632762	632761	1
6851521	6851522	3
10496230	10496228	1
10046799	10039309	1
5373293	5373210	1
5617847	5617848	1
10657634	10661531	1
6512550	7937632	1
9096203	9097299	2
7699618	7699617	1
8106783	8106784	1
9522730	9522729	1
962006	962000	1
6184559	6183171	1
1116794	1291255	1
3900919	3900920	1
7640393	7640398	2
8532299	8532300	1
3902901	3903019	1
7815403	7815790	1
2158721	2158718	1
292912	957106	1
11323783	11323900	1
8999792	8999791	1
2613896	2613895	3
10108100	10108099	2
7760683	7760425	2
1163073	1230492	1
6738089	6738090	2
9338577	9338591	1
10301534	10301765	2
1270533	1270534	1
9384972	9384971	1
10647104	10647101	1
1772439	1772442	1
8428673	8428674	1
1102560	1103226	1
3681637	3681638	1
5539299	5539300	2
7606565	986681	1
9317384	9317383	1
9493308	9494592	1
4292685	4292686	1
9468090	9468086	1
11730939	11730940	1
12754049	12754050	1
769284	769283	1
9258055	9258056	1
9160739	9161148	1
7886624	7886621	1
7446658	7446705	3
2860089	2860097	2
27524	27521	1
10278505	10278458	1
1297837	1297851	2
10386392	10386445	2
2472363	2513266	1
1723257	1723258	1
7554329	7554332	1
5832457	5832458	1
9890186	9890516	2
6922768	6922743	1
5149186	5405334	1
7870115	7870116	1
239476	240630	2
4434380	4434379	1
4332707	4332717	1
8428487	8428599	2
1040063	1040011	1
2812314	2812313	1
11097940	11097939	1
4112005	4112017	1
3617937	3617938	1
288110	288109	2
2456196	2456195	3
5906692	5906639	1
11999041	11999042	1
8211409	8211415	2
1578612	1578839	1
11051272	11051271	1
10211264	10211263	1
11727726	3799307	2
6161089	6161090	1
6468259	6468260	1
4495024	4495023	1
7594551	7455590	2
8724186	8724185	1
117879	117880	1
9769687	9769688	2
9481984	9481983	1
11615964	11613264	1
2983569	2983588	1
10260523	10260526	1
118817	260224	1
7748073	7651025	3
5823046	6207303	1
5894413	7393740	1
4332447	4332448	1
2350956	2350955	1
11154557	11154285	1
10870222	10870221	1
1853400	1853569	1
4044160	4044159	2
1900194	1900193	2
11890249	11889148	1
11493067	11493041	1
7351932	7351843	2
4701597	6793104	1
8559091	8559092	2
10139948	10140010	1
8825058	3747303	2
3124845	3124846	1
11753917	11753918	1
5889508	5889507	1
12048497	12048500	1
1858325	1863641	4
137323	137324	1
2619565	2619580	1
6454266	6456350	1
9682936	9682930	1
11186884	11185977	1
8521994	8521991	1
3408749	3402228	1
2033787	2033788	1
3376392	3376391	1
3956553	3956558	1
5104238	5104557	1
8355630	5847595	1
2526163	2526164	1
2248566	2248565	1
6289713	6289802	1
8674929	8675132	2
3015726	3015725	2
7433238	7433235	1
9663805	9663808	2
11305651	11305634	1
1647081	1647082	1
6268296	6269670	1
3442481	3442482	1
10230001	10230002	3
11997049	11997050	1
10061292	10061291	1
3923758	3923757	2
1255929	1258994	1
3648852	3649388	1
12778606	12778605	1
4157609	4154097	1
353833	353232	1
7395921	7395922	1
5509336	5509360	2
3078701	3078702	1
7867782	7835281	1
4070014	4070016	2
3634712	3633365	2
1965359	1965644	1
3510723	3510689	1
7649339	7649340	1
5459241	5459298	1
11998561	11998565	1
351383	351384	1
12800624	12800623	1
5788685	5787964	1
8742281	8742282	1
2100908	2101489	1
7154023	7156307	1
5012874	5012873	1
1080646	1080958	2
9120682	9120663	1
1316588	1316585	1
10331919	10332072	1
5497877	5497835	1
3749419	3749420	2
9802219	9804659	1
135119	135120	1
4247476	4247469	1
803111	803119	2
6478266	6478290	1
12748323	12748324	2
6272639	6272640	1
6504033	6504034	2
6858598	6858595	2
10539140	10538809	1
9092821	9092822	1
7435357	7435360	2
8293098	8293097	1
12235569	12235570	1
10585531	10516685	3
5237949	5238384	1
215490	215450	1
647029	649662	1
7907664	7908130	1
3945038	3945366	1
6338249	6338250	1
3240891	3240892	1
9761056	9761060	1
9318489	9318490	1
11994871	11994872	2
6507321	6507295	1
6487075	6487076	1
4794345	4794346	1
8501247	8533439	1
210783	210786	1
7817223	7817127	1
10471555	10471526	1
10341757	10341758	1
8406424	10375495	1
2304502	2304501	1
2050489	2050504	1
10064100	10064099	1
6108782	6108781	1
3301538	3301537	2
3636351	3636354	1
8732175	8732196	1
3115195	3115205	1
5655558	5655922	1
9663826	9663825	1
12636501	12636339	2
10994981	10995375	1
10858787	10858788	1
8161479	8161480	2
5377511	5377512	1
4200437	4200438	1
9114650	9114649	1
147293	147288	1
8191460	8191623	1
957033	292911	1
7434560	7434559	1
1947032	1961793	1
3883137	3883132	1
11759259	11759192	1
6960645	6960633	1
6715679	6621452	1
2037599	2037566	1
12805736	12804599	1
10940885	11050346	3
2116364	2116842	1
11480782	11480781	1
11755750	11755749	1
5856634	5821698	1
11040717	8419743	1
4509984	4509983	1
257206	145473	1
9138886	9138885	1
3988541	3988542	1
11796514	11796513	1
12387790	12387789	1
10187765	10187766	1
8565275	8565838	1
667949	667954	2
8270034	8273565	1
795245	795231	1
8683554	8683553	1
102562	102561	1
2264309	2264310	1
6410271	6410274	1
8533745	8533748	2
1274232	1272659	2
8557975	8557976	1
1106468	1106467	1
10365541	7972584	1
1735359	1735360	2
6934060	6934059	1
2906038	2906041	1
10151639	10151640	1
1074271	1074240	2
2422347	2422348	1
445029	445030	2
2095595	2095596	1
12478337	12478338	1
7188838	7189068	1
3217319	3217320	1
2480804	2480803	1
4772198	4772197	1
1685187	1685188	1
4316808	4316801	1
5870137	5974770	1
6975786	6975785	2
1964358	1964482	1
4043007	4043008	1
1796009	1796010	1
7348010	7348293	1
11592513	11593226	1
11491675	11491676	1
1626060	1626124	2
11184051	11184047	1
10340771	10340772	3
2344462	2345519	1
12486001	12486002	1
8822887	8822682	1
12726756	12726847	2
223286	223281	1
6568227	6568197	1
12695193	12694556	1
8653145	8653135	2
6052903	6052900	1
10330451	10330456	1
4545547	4545532	1
11890255	11890256	1
734864	734863	1
2160806	2160805	1
10284816	10284815	1
3354557	3354558	1
10512228	10513998	1
11181116	11181172	1
12128964	12128963	1
10421639	1324281	1
7723118	7723117	1
5999153	5999154	1
4487315	4487316	2
7581700	7581699	1
10284788	10284898	1
10195510	10195509	1
1554292	1554291	2
12446535	12446999	1
11597868	11599174	1
776891	776677	1
7014244	7014048	1
11930802	11930244	1
10097971	10097972	1
5352779	5352070	1
8166886	8166885	1
9336343	9336344	1
5265959	5265960	1
1066825	1068965	1
5129749	5130906	1
6603059	6603060	2
10231237	10231238	1
9529414	9529310	1
5716686	5716685	1
2881516	2881519	1
6257528	6257527	1
7454316	7599044	2
1133221	1133222	1
1752699	1752700	1
4440116	4440115	1
6721405	6721668	1
7743847	7743848	1
10843835	10843836	1
1643133	1643134	1
572031	609273	3
1611873	1612396	1
4241002	4240986	1
386204	359166	1
6345731	6345722	1
12486658	12486675	1
2652317	2839603	1
1443025	1443026	1
2988931	2981980	1
8692437	8692438	1
10836475	10836476	2
11578321	11578263	1
1522167	1411647	1
143453	144486	1
8590456	1549216	1
10623099	10621123	1
9916352	9916729	1
10440667	10440658	1
10443674	10443669	1
11879221	11879233	1
12730780	12730779	1
5628682	5628681	1
8655550	8655383	1
973120	973685	1
12294977	12294978	1
4565078	4565077	1
8754384	8976515	1
1212335	1212307	2
2309447	2309448	1
10849652	10849651	1
5248498	5248761	1
3886290	3881730	2
5437687	5437688	1
10801809	10801810	1
5567657	5567658	1
6954668	6955924	1
3500750	3500399	1
5056351	5056352	2
12362023	12362098	1
11576273	11576274	1
346679	346680	1
1542634	1542633	3
7873289	6581537	2
1403873	1403874	1
9045307	9044099	1
912591	912571	1
10620158	10620157	1
6271830	6271875	1
8384714	8384720	1
11010947	11010950	2
11817391	11817392	1
4043033	4043034	1
6360842	6603867	1
7738592	7738591	1
769391	769494	1
6392893	6392934	1
4700002	4700019	2
7913291	7908932	1
5787720	5787726	1
10063177	10063178	2
1076748	1076265	1
12692352	12692351	2
10618746	10618740	1
668610	668614	3
7189163	7189164	1
9956381	9956382	1
3155665	3155666	1
1525513	1525514	1
7726456	7726453	1
3372803	3372804	1
6206748	6206747	1
6044505	6044503	1
8198596	8197422	1
826914	826913	1
10238999	5130458	2
6750302	10234347	1
11314366	11314403	1
7982497	7989039	1
5380762	8347288	1
2944822	2944821	1
650102	650101	1
2583906	2584887	1
8095072	8095089	3
2874430	2874429	1
10491061	10491062	2
4635125	4635126	2
5978828	5978789	1
9604847	9604612	1
6290481	6295987	1
9783083	9783084	1
10204524	10204521	1
9808540	9808539	1
6031266	5305748	1
5098608	5098725	1
6086723	6086724	2
2685456	2816552	1
8514514	8514517	1
4017681	4017682	1
3325623	3325576	1
920510	924643	1
202130	202129	2
7708759	7708343	1
10330094	10330093	1
10299846	10299943	1
11601623	11601624	1
11356285	11356286	1
5227269	5470018	1
3463408	3463407	1
5269884	5269883	1
8432673	11215400	1
3016022	3016104	1
130550	130553	1
7601044	8925625	1
12149099	12149505	1
5368494	5368497	1
2139849	2139850	1
8871998	8871560	1
1509791	1509792	1
5234383	5234384	1
592890	596362	1
10763302	1799896	1
7134825	7134826	2
7435523	3153893	1
2439543	2439544	1
8908196	8908195	2
3297210	3297205	1
2145542	2145541	1
4636094	4636093	1
7872952	7872951	1
683157	687157	1
5305682	5312138	1
3301244	3301242	1
6708716	6708709	1
10980515	10980516	1
4382053	4382054	1
6292565	6292566	1
11031486	12755877	1
5285837	5285838	2
4358276	4358275	1
787769	787770	1
7350816	7350718	1
12203872	12203887	1
7873022	7873079	1
1505032	1503418	1
5971527	5971617	1
7432407	7432408	1
1109552	1109551	1
4465527	4465528	1
9006051	9006052	1
11018346	11222613	1
1241903	1241406	1
3937759	2187354	1
926563	926564	1
55259	54897	2
11346676	6673734	1
6314162	6315884	2
3272382	3271966	1
312590	312589	1
5511468	5511467	1
10923886	10920198	2
843493	843521	2
302301	302304	1
2723188	2721208	1
9072803	9072804	2
11115673	11115474	1
11165334	11165359	1
9724797	9724798	1
639959	639962	1
926697	934993	1
220466	503211	2
3888625	3888626	1
10415177	10415178	1
6789466	6778182	1
4155794	4155793	1
1265924	1265923	1
3513909	3513850	2
1329102	1329147	1
12484934	12484947	1
8229529	8229530	1
7898986	7898985	1
5723387	5723388	1
9318052	9318051	2
1246813	1246814	1
5299852	5299851	1
9930438	9938212	2
872233	891937	1
5487383	5483766	1
4741592	4741465	1
1359872	1359871	1
246038	246035	1
11124837	11124767	1
2139802	2139801	1
1230032	1230139	1
10621149	10621150	2
4805108	4805105	1
4342188	4342185	1
6342042	6342041	1
3972783	3972784	1
8532192	8576784	1
1460266	1456631	1
3746908	8826628	1
5554831	5554864	1
5380305	5380620	1
7450711	7450712	1
4819314	4819313	1
4435328	4435327	1
7871253	7871254	1
12354195	12359774	2
2997056	2999256	1
1179896	1179879	1
1047618	1047941	1
1768258	1768257	2
7214205	7214208	1
12409510	12418386	1
3019257	3019215	2
930719	930741	1
11557266	11636420	1
8826739	8826740	1
3103537	3103538	1
5657240	10765339	1
5436106	5436147	1
12662779	12662783	2
889301	889130	1
11159571	2505967	1
4994493	4994494	1
4656760	4641319	1
12467833	12467834	1
12685169	12689302	1
10909987	10906334	1
7648010	7754526	1
7168982	7168979	1
2937017	2936883	1
10610792	10610791	1
12784983	12784991	2
4713810	4714061	1
2101578	2098893	2
3824542	3817985	2
12035700	12035699	1
7546350	7546540	1
6154417	6154418	1
4113589	4091197	1
5398224	5401358	1
2827743	3318789	1
3636351	3636352	2
7531165	7531166	2
2750324	2808876	1
159434	159403	2
9502221	9502210	1
4337816	4343761	1
11754689	11754618	1
6573079	6572834	2
6483662	6483661	1
4676801	4676804	1
10158610	10158609	1
5501948	5501947	1
9775622	9775221	1
684365	684369	1
8918313	1863304	1
2089278	2261000	1
3738186	3738169	2
6352656	6352655	1
745673	745676	2
8072625	8072967	2
1745103	1745104	1
5915595	5915596	1
2275768	2275733	3
4687509	4687512	1
940136	939012	1
10232220	10232219	1
5783888	5783887	1
456973	456974	2
3361309	3361310	1
10466072	10466154	1
5640796	5640795	1
11992693	11992737	1
8616963	8616964	1
4676803	4676806	1
5491041	5491042	1
10023296	10023295	1
9695004	9697663	1
8419632	8417557	1
11185474	11186772	1
1452445	1452446	1
10427081	10427082	1
6897493	6900225	1
9481140	9481143	1
6554674	6554673	1
1727791	1727792	1
7821297	7821298	1
6856804	6856830	2
7869405	7869406	1
5556061	5556062	1
1093665	1093620	1
8439028	8439027	2
9138974	9138973	2
11448139	11448140	1
2863685	2863688	1
1530706	1530709	1
5712781	5712782	2
1555938	1555933	1
10466848	10466834	1
721843	721846	1
2549485	2549486	1
1299255	1299330	1
1257034	1257049	1
10795970	5763273	1
179304	179301	2
3260309	3260310	1
10187749	10187750	1
1433319	1620906	1
6415471	6415472	3
3110945	3110946	1
878640	878639	1
11334237	11344388	1
4117767	4117314	1
8452806	8452805	1
4454267	4454268	2
5973320	5992399	1
10183817	10183818	1
2962963	2962983	1
3749531	3704115	2
432997	432998	1
6587285	6587286	1
4265818	4536211	1
8639315	8639350	1
758557	758550	1
8734099	8733913	3
10503801	10499481	1
12663300	12663299	2
2241101	2241102	2
8239535	8239536	1
12761669	12761670	1
8791174	8791171	1
7428029	7428030	4
3776693	4126022	3
5483737	5483740	1
12390345	12390346	1
9548283	9548284	1
596762	596522	1
1698318	1698317	1
5196867	5196868	2
7580846	7580859	1
3238919	3238847	1
5296630	5296706	1
10185583	10185636	2
4846066	4845766	1
1676928	1676926	1
1975707	1975708	1
4814437	4814504	1
12179785	12190402	1
9055862	9055864	1
1540681	8197349	1
5212700	5212882	1
7727222	7727236	2
8169037	8168808	1
7541220	5533942	1
10455846	10455845	2
5094358	5094357	1
3485202	3485168	1
3320945	3320946	1
3982556	3982555	1
10171376	10171375	1
9858395	9863651	1
10652988	10652986	1
11083206	11083142	1
4631055	4631056	1
4302421	4302424	1
3228547	3228549	1
2081717	2081718	2
1061378	1061377	2
9526767	9526768	1
10456344	10456343	1
1052859	1052875	1
549212	549209	1
9145060	9143520	1
6120710	6121209	1
2373911	2371900	1
96679	96680	1
4324249	4324250	3
1334238	1334237	1
1333557	1332960	1
271351	269099	1
1789649	1789650	1
118010	118460	1
1720255	1720256	1
820645	829936	1
12610668	12610667	2
3249731	3249732	1
11493516	11493515	1
11596836	11204503	1
8009774	8010057	2
8372628	8372308	2
7184509	7184522	1
7088827	7088830	1
5821433	5820291	2
7530347	7530348	1
5813876	5813908	1
11664980	11664979	1
4253465	4252073	2
12621858	12621693	2
10379624	10379623	2
9622310	9622309	1
1923334	1930115	1
10983005	10983742	1
1370623	1370624	1
10891996	10891995	1
3491249	9144423	1
2714236	2714456	1
3659004	3658046	2
11998789	11998790	1
11995477	11995478	1
7727004	7726075	2
8554988	8075332	1
2796299	2794988	1
8453378	8453377	1
4119124	4119401	1
9708630	9707643	1
2947664	2947663	1
3753741	3753742	1
1796793	1796794	3
4836579	4836580	2
9416752	9416749	1
5972684	5972683	1
8004237	8004238	1
3187525	3187526	1
11863443	11863444	1
9287003	9287004	1
6018279	6018280	1
5920265	5920266	1
7756098	7888419	1
4677624	4677623	1
7384060	7384057	1
6362079	6362080	1
10162781	10162782	2
4224021	4224022	3
7573673	7573674	1
6337958	6337957	1
11367292	11367429	1
4786006	4786005	2
10371977	6210613	1
4214981	4214982	1
6282577	6282578	1
3232326	3231668	1
2317989	2318507	1
9155643	9155644	1
7547226	7547221	1
12494909	12494910	2
5424608	10885300	1
578617	578618	1
6342406	6342405	1
12375850	12372797	1
9746649	9183705	1
7744708	7682645	1
10624519	10625294	1
3301845	3301846	2
7446473	7446474	1
4435063	4435064	1
959977	959978	1
64796	65734	1
3281824	3281823	1
12253490	12253489	1
10399723	10399724	1
4642255	4642256	1
4215606	4215605	2
4544038	4544668	1
10488211	10488214	1
348741	348742	2
1663857	1663341	1
1754508	1754507	1
5123706	5123689	2
6571115	6570888	2
5472186	5472185	1
2762218	2762294	1
4434730	4417422	1
3597999	3598000	2
8940679	8940680	1
9841363	9841364	2
1097497	1097498	1
9534253	9714977	1
654247	654252	1
8708641	8708596	1
7341374	7341348	1
1869558	1869557	2
12167069	12167070	1
6710237	6666140	1
6227506	6227505	2
3555655	3555656	2
786194	786193	1
7741409	7741412	1
1773580	1773579	2
9517209	9515368	2
355401	355405	1
7214771	7214178	1
652758	652645	2
2047247	2051808	1
11911472	11911471	1
7605309	7604635	1
3783370	3783369	1
9905064	9903516	1
8868853	8869223	2
2767232	2767248	1
6141955	6141956	1
1112007	1112008	1
8557322	8579929	1
4105058	4105236	1
1621381	1621382	1
8735976	8735975	1
7865617	7865665	1
3464855	3464856	1
1757198	1757197	1
4431419	9878168	1
7608423	7608424	3
2471759	2471760	2
6527818	6527817	1
598803	598804	2
11917419	11917420	1
2539993	2534733	1
2764011	2764067	1
11379740	11379739	1
302382	437508	1
10702749	10702750	1
1615037	1615038	1
7203861	7202767	1
869436	869435	1
6301554	6301553	1
11978976	11978975	2
1238170	1238169	1
12550879	12550880	2
10286729	10286871	1
1179758	1179757	1
3470652	3469507	1
6637810	6637809	1
8479947	8479948	1
9622449	9622450	1
7767469	7767470	1
1742303	1742304	2
4005500	4005499	2
1328155	1328156	1
10896613	10896616	1
2526525	2482815	1
10172279	10171820	1
7740876	7740873	1
7347384	3785519	1
1198197	1198198	1
10909816	173442	1
8644257	8637822	1
10232482	10232481	1
1339131	1339132	2
1803246	1803245	1
8016761	8016866	1
9478708	9478707	1
1239821	8421057	1
9703499	9705007	1
9614060	9614059	1
12007380	12241183	1
4836687	4836688	2
4227189	4202413	1
1567079	1567115	1
444072	444071	1
10204566	10204565	1
7978832	7979475	1
8288262	8288261	1
12047446	12047443	1
5398310	11794779	1
3413726	3413725	1
4507666	4507429	1
7550020	7550242	1
9033313	9033333	1
3710158	3710185	4
3644998	3644997	1
2035778	2035777	1
2661779	2659510	1
7862285	7862286	1
769701	769742	1
324376	324375	4
6697126	6697125	1
1536521	1536498	1
5455556	377957	1
1016223	1011328	2
2974766	2974765	1
3157506	3157449	1
7532950	7532949	1
9390923	9370831	1
4792134	4838427	1
10595229	10595254	1
5271897	5271900	1
7997895	7874535	1
7435355	7435356	1
4377904	4376936	2
7201951	7201952	1
12317157	12317158	1
5444943	5445377	1
11095910	10820472	1
1706948	1706947	1
1870677	1870678	1
12665395	12652831	1
4305030	4305029	1
9162313	9162314	1
645168	645167	1
8428671	8428672	1
11923160	11923742	1
9504624	9505318	1
1394808	1394807	1
10974179	10974180	1
4211446	4211440	2
4314152	4314151	1
627114	627044	1
10085526	10085523	1
4286606	4286605	1
5296774	5291595	2
11934659	11934720	2
8928753	8928754	1
8091704	8091703	1
12434829	12434830	2
9168726	9168725	1
3927735	3927736	1
1275866	1275939	2
1190652	1190651	1
6224697	6224680	3
52357	68295	2
5361247	5361248	1
6569780	6569779	1
4014079	4014080	2
5722894	5723037	1
900566	900624	2
12138055	12238803	1
7664410	7977626	1
11163446	11165118	2
9360204	9360286	1
6462664	6462663	1
7343315	7344846	1
4481353	4481354	1
1425023	1425024	1
6654461	6654462	1
5285543	5285544	1
5926036	5926058	1
10801496	10801495	1
12192533	12118902	1
8490720	8490737	1
2557577	2596428	2
4271199	4271200	3
9044098	9044097	1
11546314	11546313	1
746547	746548	1
7106935	7106929	1
8679572	8679571	1
6153725	6153726	2
6939239	6939242	1
3298396	3298407	1
3249071	3249072	1
8047567	8047568	1
5338705	5333597	1
10865612	11095761	1
14297	14298	2
1584169	1583961	1
7588595	10450639	1
7446405	7446406	5
7673341	7673369	1
1312633	1312636	1
11443871	11443872	1
8875454	5373864	1
4481349	4481350	1
2745125	2744618	1
12751608	12755822	3
7409508	7405911	1
2035884	2035883	1
2828706	2828705	1
5190598	5190597	1
5453245	5453052	2
11182730	11183817	1
8495882	8244894	1
3675305	4075061	1
7447306	7447305	1
12248538	12248537	1
762391	762362	1
5579509	5579506	1
4439534	4439542	1
4988673	4988674	1
9252141	9584194	1
6277988	7930106	1
11984087	11984088	1
11740268	11745120	2
4063864	4063863	2
9602632	9602631	2
5530771	5530723	1
8156798	8153931	1
447582	447581	1
2654677	2654607	2
2421153	2435312	1
1391397	7022283	1
11892501	11892469	1
10744550	10744549	2
602269	602252	1
11110921	11110922	1
6668349	6668350	1
10940420	10940419	1
241130	241127	1
663333	663334	2
5690785	5690786	1
12680655	12680656	2
12756240	12756239	1
5559855	5559856	2
12008900	12009023	1
513654	513653	2
4526793	4526794	1
10313107	10314359	2
4546053	4546090	1
10910148	10912221	1
12607960	12610310	1
8466170	8466169	3
7644044	7644043	1
10301960	10301959	1
11669562	11669771	1
1754256	1755654	1
8821111	8821130	2
2051209	2051210	1
