fend1	fend2	count
6672733	6672734	1
3459671	3484344	1
4560541	4564883	1
6325781	6325782	2
5768973	5852175	1
12616368	12616738	1
10497554	10497553	1
8290533	8350652	4
1393983	1401751	1
6443649	6443650	3
3269606	3269605	2
8422188	8470738	2
2606730	2606736	1
10273623	10269898	2
10564174	10564173	1
5393804	5393803	1
1773846	1804041	1
1325167	1316780	2
3889303	3889304	1
2379043	2379044	3
8861662	8873971	1
11556501	11556435	1
11065203	11065204	1
10165323	10117527	1
7323294	7325527	2
1132832	1132831	2
4635855	4686023	2
11297339	11307929	2
8895244	8895243	2
5207728	5284724	1
10299824	10298033	1
6142336	6116218	1
12325470	12325469	1
6741012	6770469	1
8504964	8505039	1
10465116	10465115	1
1765686	1788398	1
10045205	10045206	4
4854352	4854370	1
7346785	7346895	2
2347219	2347227	2
2904837	2904742	1
8262365	8262368	1
10282074	10207182	1
3684338	3684259	1
5510274	5535940	1
6658675	6630454	2
7911011	7977289	2
1620429	1620430	1
4684877	4684878	1
9746255	9739957	1
10138825	10138826	1
9371647	9360093	3
7843679	7843680	1
7559848	7559845	1
3673225	3666811	1
8796799	8827716	1
5879464	5879463	2
3523152	3523281	2
9539845	9607142	2
5350702	5348634	1
6061819	6061820	1
8253786	8258361	1
10228317	10193804	1
3250662	3230050	1
10336559	10336721	1
3721060	3679465	1
10949811	10949812	1
3691044	3691043	2
10569529	10570601	2
3618955	3618966	1
11086577	11087222	2
8759207	8787182	1
3504731	3495200	1
8990541	8918114	2
11097224	11097221	1
5098885	5197171	1
3057097	2993660	2
2870140	2927707	1
7800795	7791787	1
2573167	2579687	1
12203852	12203889	1
3763816	3763815	1
6000261	6000262	1
9106393	9120774	1
10671893	10671705	3
1329897	1330002	1
11647460	11647273	1
398885	399451	1
9294822	9231063	1
1927089	1846516	2
8918976	8918951	1
12518359	12518360	1
3735539	3735850	1
9717060	9717059	1
9269394	9259309	1
10967814	10970000	2
7060886	7061006	2
11847004	11867956	1
6983939	7009567	1
3106151	3104537	1
4651745	4651617	3
8475029	8479175	1
7257615	7257616	1
1497587	1553750	1
9002602	9002423	1
5802247	5796443	1
7226379	7226380	2
1793263	1798457	1
5428461	5428452	1
11028179	11007545	1
7793956	7806250	1
5927980	5927979	1
680097	680098	1
9757717	9757718	1
4828399	4828410	1
10167973	10170848	1
1667604	1710743	3
3909138	3905536	1
8502506	8553573	1
9333039	9330850	1
2084433	2099524	2
7684101	7684106	1
5667559	5704809	1
10495626	10429979	1
3128991	3129000	1
11774112	11775548	2
8505366	8505363	2
12146106	12152818	2
10947618	10962870	1
5598466	5598465	1
1926143	1973136	1
3885914	3885733	1
4785737	4785738	1
11452213	11473222	1
11763765	11666371	1
7453049	7452944	1
3860847	3883008	1
1467829	1534847	2
10166595	10180205	1
3030056	3035472	1
4546793	4548619	1
4018869	4016604	1
9679129	9679132	1
668239	668230	2
9138435	9138436	1
12192699	12192700	2
9599552	9511239	1
4372858	4372857	1
10053763	10053764	2
7218290	7218283	1
8638824	8708325	1
4280211	4300094	1
12197944	12197943	2
5557348	5389292	1
7856118	7856072	1
11012084	11013959	1
10663116	10663115	1
3996765	3996433	2
5977066	6061818	1
7632121	7632122	2
12639776	12637729	1
1566506	1509361	1
5171618	5171617	1
6061287	6061278	1
1557722	1446906	1
6105506	6107355	1
509103	442760	1
11101936	11039548	2
9010290	8994372	3
8506056	8508616	1
11330567	11330568	1
11428203	11450894	1
11012877	11012878	2
9611638	9611635	1
10431052	10430808	1
7239634	7289950	1
10685422	10617696	1
11412869	11412870	2
3418114	3425423	1
1204517	1204518	1
2611580	2607573	2
10645613	10645876	1
7583251	7583161	1
10240681	10240682	1
10226201	10233618	1
1637302	1509481	1
2875389	2875390	2
5953832	5953831	1
12716835	12716836	1
3907469	3906503	1
6168450	6085174	1
3536568	3465217	1
2808290	2793722	1
11489238	11403025	1
6593107	6596461	1
8444395	8439061	1
9999617	9991278	1
530544	434310	1
8257624	8257667	1
4310642	4310628	2
9941579	9941580	1
2558261	2558268	1
1398749	1515276	2
7074114	7074113	1
9774774	9774773	1
8704264	8641211	1
1575852	1575851	2
9142486	9142552	1
10683221	10683107	1
323629	323630	1
8382467	8382468	1
5116338	5116457	1
3494601	3500948	2
2732518	2732517	2
11647274	11647273	1
10830262	10902549	1
10366087	10434605	1
7000179	7089539	1
445066	462899	1
6687904	6697090	1
442563	448060	1
11702519	11702520	1
7513530	7513473	2
6129986	6134559	1
10671182	10671179	1
12286275	12286258	1
12539638	12534261	1
3861167	3861168	1
4703581	4703583	1
2050569	2043490	1
484613	457002	1
10972258	10972253	1
10759764	10761293	1
11037075	11036836	3
5850619	5837583	2
4498511	4498512	1
172636	172631	1
8987730	9064652	1
3856064	3856063	1
3029418	3025483	2
3064120	3064119	1
6972590	6999117	1
1754547	1754548	2
12777383	12777384	1
3690046	3690045	2
11383150	11380098	1
4251656	4251648	1
10737523	10666886	1
4120371	4073310	1
1048551	1024222	1
9699588	9674547	1
4471348	4471248	1
7402201	7316538	3
1179011	1232632	1
11507756	11507755	1
2519422	2519421	2
5885909	5885832	1
4117971	4125964	1
5262409	5262410	1
3270436	3337016	2
7101634	7067795	1
4643942	4545830	1
7436281	7436279	3
1645726	1645723	2
11175664	11158937	1
3650697	3619335	1
11698410	11685784	1
2568179	2485228	2
2611961	2623839	1
6578207	6578208	2
6469891	6469892	3
2194915	2231125	1
9042616	9042611	1
2658420	2658419	1
10535013	10530255	1
1325393	1325394	1
11352930	11351643	1
8533504	8533503	1
10607875	10607697	1
7331496	7331442	1
2292174	2193443	1
12798602	12798595	1
1562671	1504178	3
8928189	8928192	1
6399868	6476575	1
7412954	7412850	1
10689299	10689300	2
8258607	8309512	1
9554960	9554682	1
10668351	10756463	2
1972443	1972444	1
12373347	12373348	1
1710016	1710015	4
10245790	10245789	2
12212572	12212571	1
11371539	11404976	2
8837267	8837246	2
10631205	10631206	1
6205105	6187424	1
9138434	9138489	1
3266069	3306471	1
9778626	9778625	1
1828848	1828883	1
1424055	1504750	1
5852558	5864019	2
10251437	10251440	1
9443296	9443298	1
3637382	3664718	1
6921308	6919346	1
14873	97855	1
11079763	11079764	1
8724670	8724669	2
7726118	7730409	2
4470644	4470643	1
4600682	4600681	2
7924718	7878572	2
12667400	12645120	2
1923087	1923088	1
10635186	10635183	1
5372824	5372823	3
1123412	1118310	1
370928	370925	1
9664974	9664973	1
10904853	10904854	2
2595098	2595097	1
8967879	8968028	4
7858542	7858545	1
7824335	7816267	1
1741067	1727455	1
8762304	8762303	1
5584487	5584492	2
10385517	10384600	2
9546748	9544678	1
1448654	1448653	1
6641374	6654313	1
11369737	11369738	1
12679215	12679216	2
6152411	6150860	2
8734253	8734254	1
6116293	6116294	1
9765503	9765504	1
2590781	2589761	1
2872939	2861277	1
4045213	4045214	1
8908488	8908487	4
5982639	5941915	1
8383005	8383394	1
2875656	2880994	1
1525684	1499237	2
11634360	11623978	1
12226364	12226363	1
3584449	3584450	1
7613856	7613855	1
10225018	10225017	1
10717778	10717775	2
8809492	8903143	1
8513502	8519122	2
7223612	7223611	1
9427920	9427941	3
1084280	1084279	1
6072573	6120631	1
10624417	10624418	1
753503	705152	1
2818056	2826665	1
9894272	9924191	1
2699814	2783546	3
7617410	7617436	3
7868946	7868945	1
1740930	1740925	1
6048360	6032078	1
10265576	10243729	1
10439567	10439568	1
2098746	2098664	3
2087437	2041229	1
949117	949118	1
6932139	6951267	2
2110871	2110862	2
1714825	1700913	1
2545801	2560034	1
1309991	1310037	1
2682307	2682308	1
5583238	5589014	1
1205289	1205293	2
3929439	3933043	1
5474296	5474254	1
224999	330877	1
3906847	3906831	1
5987423	5987424	1
4709126	4751329	1
3893625	3889308	1
9023149	9023154	1
5693413	5693414	1
1787222	1779082	1
8022821	8022822	1
8185247	11465897	1
2386696	2347665	1
10995701	10995702	3
8041036	8042749	1
10406587	10406588	1
3230020	3250667	1
2832045	2832046	2
4742942	4775594	1
4001698	4001677	1
12429480	12429484	1
3053722	3053721	1
1132197	1154163	1
10469324	10562364	1
2575520	2575515	2
8368848	8368856	1
4608494	4540944	1
5468122	5468121	2
9563857	9563858	2
3265234	3276066	1
3976255	4015001	1
5903246	5902892	2
12563482	12546486	2
2578246	2591149	2
6610387	6522248	2
4733450	4733878	1
11781371	11830019	3
12524676	12524675	1
8301792	8301750	1
10200983	10201157	2
1351942	1351949	2
12308274	12308287	1
240620	236922	1
3927682	3927681	1
5124858	5123816	1
3166175	3149993	2
4631981	4631988	1
6018399	6018400	1
4177081	4177082	2
1579094	1579065	2
10629143	10629144	1
3269515	3271521	1
5903918	5887215	1
8508716	8508715	1
6134734	6132596	1
11393663	11393664	3
3793958	3809936	2
7016750	7016646	1
7841819	7841705	1
9002571	9002572	1
5600604	5624418	2
4427498	4427493	2
2111490	2060196	1
2928326	2928325	1
6345247	6397848	1
457050	457047	1
5318383	5244060	1
10560393	10559800	1
11384895	11386100	1
10172312	10184760	1
2897099	2877567	2
6193800	6193834	1
4374766	4374763	1
3383856	3317143	2
10281844	10281843	2
6290799	6308012	1
3158083	3189669	1
91143	91144	1
244868	244867	1
811540	808584	1
1184746	1184749	1
8364328	8364327	1
10058073	10082869	1
8312235	8362163	1
2304356	2304353	4
11375292	11358468	1
1031680	990548	1
3517443	3488452	2
5631925	5631986	3
2454969	2454935	1
11274713	11288070	1
5936024	5936023	1
5723439	5733185	1
927581	948470	1
11418593	11408200	1
8086765	8086766	1
9082253	9082494	1
9742712	9737102	1
8811306	8890760	1
1163354	1133854	3
12395940	12347840	1
1400552	1331818	1
1551362	1551359	1
6923491	6923492	2
1367651	1427910	1
10343098	10343097	2
331804	331803	1
1608504	1632090	1
702680	702588	3
6354462	6354459	1
5070671	5070672	3
11159118	11159117	2
12543691	12543692	3
9876871	9876876	1
4037722	4037721	1
661003	693357	1
10213091	10123001	1
1326376	1326229	1
9353615	9353616	1
10086117	10086118	1
2986798	2986797	2
9569772	9569771	2
12153947	12153942	1
9597667	9593701	1
12612124	12612123	1
3654364	3654363	1
11052087	10955975	1
8798578	8800556	1
841676	834723	1
6658673	6630454	1
7397837	7397747	1
5719997	5723726	4
2680400	2676830	2
5968782	5968781	1
8978869	9107657	1
3926555	3934261	1
3731927	3731749	1
7233065	7233066	1
8606128	8610187	2
2643573	2629501	4
1621861	1629409	1
7182714	7183299	1
6150646	6150645	3
9557378	9557377	1
9151775	9152356	2
613932	613931	1
12468649	12468365	1
953412	908738	1
1610510	1693814	2
9003628	9003623	1
6048378	6090974	1
12528514	12528517	1
6400454	6394850	1
2487201	2487202	3
2638394	2768377	2
9845545	9845546	2
179630	179629	1
11110858	11181353	2
4523680	4523679	1
7996998	7997972	2
2085236	2020909	1
12041711	12008589	1
7752605	7752606	1
4860777	4860778	3
1698488	1698487	2
4051508	4051507	1
2351028	2351458	1
3718535	3718496	1
5888437	5888288	1
6206817	6200751	1
9073997	9073998	1
1165148	1165147	1
9443455	9443456	1
5490593	5475691	1
667375	728762	3
6446635	6441630	3
12632935	12632936	1
7806105	7806106	2
9361989	9360886	1
8186631	8186628	1
1975096	1975095	1
7373817	7384811	1
2840566	2874465	1
7926939	7926944	1
3634228	3630030	3
12354737	12354738	1
9597525	9622787	1
7825556	7825561	1
3339739	3339748	1
261397	261400	2
2838226	2839245	1
989802	989801	1
1347127	1349537	1
9523657	9540741	1
360845	375719	1
10243191	10243192	1
5534717	5504556	1
11615959	11615960	1
3042869	3032169	1
4301417	4301060	2
2829407	2829410	1
9307759	9307761	1
7117572	7117592	2
7804462	7804461	1
2206465	2206466	1
6626873	6626874	1
3095346	3114771	1
9030572	9030569	1
3245198	3245318	3
10171261	10254034	2
11142447	11208515	1
9653121	9659926	1
5828521	5828373	1
2775387	2775388	1
502275	537920	1
7341236	7341235	2
7250977	7198133	2
8531941	8556955	1
8022467	8022455	1
10385003	10441701	1
5790315	5786096	1
1119620	1119619	4
7532962	7501576	1
1068518	1068517	1
10182032	10182031	1
3531582	3531579	1
7803778	7774297	2
9752516	9752515	1
9310655	9310658	1
694780	604897	1
11382792	11382789	1
3378817	3378818	1
1317111	1387200	1
1463725	1463726	1
6786551	6786554	1
788476	788479	1
988331	1007217	1
8504522	8495277	1
4645399	4666143	2
10145339	10097860	3
8768571	8776609	1
7253636	7255862	1
2749318	2783839	1
5950602	5950601	1
1683302	1683301	1
8768658	8727531	2
8258841	8258844	1
1729702	1643420	1
10346572	10391765	1
5932277	5932278	1
12655561	12655562	2
1863347	1860724	1
8687451	8754120	3
12467724	12467723	1
10130390	10112084	1
6178860	6178859	1
3132553	3128501	1
10969332	10971057	2
1981033	1981034	1
749806	632503	1
11572029	11571466	1
8552603	9658700	1
3965947	3965948	1
12754505	12732829	1
799605	799606	1
8788081	8797001	2
11434424	11434435	1
11918431	11918432	1
1202584	1202583	1
3105608	3077733	1
7805828	7805827	2
8817736	8820815	1
678330	669013	1
3415040	3415043	1
5918880	5918879	1
1423890	1423967	1
1648873	1648874	1
10016471	10016557	2
272328	258479	1
8825927	8825477	1
12257227	12305264	1
1431603	1431589	2
5438071	5438072	2
10089955	10089956	1
7005912	6928290	1
11461650	11461649	1
1280605	1280606	1
2648601	2647799	1
3545969	3545970	1
8548990	8544846	1
7252452	7262894	2
12027947	12027950	2
10969156	10979152	1
1206441	1206482	1
9507289	9507292	2
2929779	2928782	1
4262288	4262287	2
8825336	8825321	1
9688036	9688035	2
11521706	11609502	3
7805829	7808058	1
680952	680951	2
11923585	11923586	1
3941789	4000794	1
7332380	7276430	3
12036846	12029103	1
7150997	7122890	2
6093414	6093413	1
2082629	2162760	1
10145564	10145563	3
9648162	9648161	2
7527204	7527203	1
7511912	7511944	1
10717772	10717779	1
10764991	10765020	1
10972656	10968774	2
6078261	6059488	1
6751869	6751856	1
8375870	8375862	1
5293676	5293675	1
5268464	5309302	2
1379396	1379395	1
7421482	7388571	2
5829201	5758336	1
11411726	11491883	3
4613839	4578392	1
6690873	6772961	1
8227879	8227880	1
10588822	10535747	1
5783155	5777741	1
1185983	1185984	1
6017705	6017706	1
3929178	3929175	1
4329437	4329440	1
7784019	7786854	1
8107004	8153554	1
3164805	3124767	2
12238005	12237994	2
8006892	8006891	1
8972059	8972083	2
11135479	11148937	1
6667871	6676515	2
7915208	7915207	2
1260336	1260341	1
12287197	12362224	3
5969827	5831946	1
7725693	7739695	1
2518715	2571825	1
8331817	8331818	2
5881121	5874114	1
3552218	3552217	1
8469744	8477695	2
4120426	4120423	1
7791344	7791343	1
8264938	8263017	1
6952012	6911011	1
11833420	11833426	2
905026	905025	2
10432582	10432581	1
1596934	1596957	1
1194547	1255132	1
6717413	6717414	1
10882737	10887468	1
8350472	8296223	1
148640	200455	1
9746141	9761472	2
4554792	4651441	1
9682159	9737905	1
4495924	4491706	1
443114	443897	1
12544561	12550533	1
4124129	4124091	3
11004987	11005300	1
431204	439442	2
9506768	9506795	1
11818257	11791563	2
7983951	7993207	1
1740926	1740925	1
12182989	12182852	1
3122738	3115719	2
2840079	2840519	1
1140096	1149672	1
4113893	4097664	1
267916	267915	2
10540192	10540191	1
7313303	7279206	1
967007	980800	2
3067088	3066683	1
5826106	5841775	1
8655405	8717612	3
8709862	8709831	1
11020087	11089699	1
1651147	1651150	2
3500511	3500567	1
10111930	10111929	1
1748580	1748551	1
4784423	4784424	1
1566504	1509361	1
998349	998350	2
11188327	11188328	1
7851983	7851552	1
10431708	10429691	1
1475404	1475403	1
764718	764717	1
2744077	2744078	1
5217929	5217930	2
2698811	2698812	1
7395647	7402753	1
7601867	7650090	1
11207065	11207056	1
3985885	3960722	1
7237470	7237488	1
10381029	10380982	1
2026099	2026100	3
7733642	7733656	1
412862	412851	1
4191114	4189733	1
195484	197208	2
10626961	10626962	1
5257820	5257819	1
10694924	10701312	1
2581915	2574135	1
235347	226535	1
6104280	6104279	2
5531135	5531136	4
8758923	8772959	1
1044991	1044992	4
3864943	3856052	1
1755587	1755422	1
5902192	5834350	1
1780465	1777849	2
7328426	7328425	2
9584257	9584364	2
3076905	3132150	1
9598091	9524457	1
6819381	6819445	2
853047	853048	1
8168960	8171623	1
5436112	5456541	2
3268619	3268620	1
6875591	6863736	1
8483729	8483696	1
2552658	2552657	4
7856206	7856205	1
9829193	9829169	1
6892875	6824631	3
2069965	2069966	1
2580536	2580535	1
7844219	7809947	1
9058786	9058785	1
3127035	3198087	1
12476681	12486406	1
2444801	2441512	1
6720386	6725232	2
1562301	1562304	1
2483953	2519440	3
2349843	2348908	1
1216010	1218350	1
10123726	10125688	1
4518697	4511370	1
7159946	7176022	1
2598538	2598521	1
7073037	7038583	3
7803394	7803393	1
569829	590278	1
10686364	10686363	1
4789311	4789312	1
2899767	2890791	1
8480221	8480228	1
3972842	3999871	1
8908494	8908489	1
4375152	4381963	2
10287840	10287839	3
8373216	8375225	1
8011831	8010974	1
7346097	7346098	1
11897530	11884001	1
1587608	1582328	1
1350773	1350774	1
3488005	3526685	4
6820390	6853847	1
4724222	4753177	2
11905163	11897942	1
12333864	12358667	3
1801882	1801775	2
9611636	9611635	1
2886112	2886111	1
11352338	11352337	1
7740903	7791030	1
10676802	10676801	2
10940948	10982270	1
10253854	10253853	1
2387906	2395312	2
1751611	1751612	1
10267051	10267052	1
6393396	6333167	1
5998950	6057227	1
7045538	7037948	3
6467902	6467454	1
1287303	1287328	1
6013500	6013505	1
10016195	10016191	1
6179890	6180365	1
1781096	1762505	1
8847002	8847001	1
4322123	4358792	1
6972853	6972854	1
3166303	3166304	4
10296106	10296105	1
1419403	1419404	2
7811238	7853508	1
1512784	1511554	1
1108577	1108578	2
754703	739316	2
4632099	4636015	1
7169225	7169226	3
8707283	8706357	1
9949933	9944429	1
11430436	11430435	1
1237675	1196666	1
11900808	11899968	1
5857781	5857782	1
6958814	6958809	1
8459429	8366240	1
6431407	6431408	1
9830640	9830639	2
6484845	6496386	3
7892109	7892095	1
11603581	11603598	2
9461568	9461567	3
11540196	11538408	2
4129966	4129965	1
3958192	3958191	1
1892342	1932435	1
1452316	1452315	3
173918	121479	2
8321132	8230158	1
6930842	6930845	1
6099825	6085803	1
2319861	2265569	1
5987720	5987717	1
5224145	5224146	1
2516137	2516138	1
7160981	7160948	2
4732966	4704655	2
12561324	12561323	2
9150159	9150160	1
5759547	5759548	2
926080	951460	2
9546749	9469960	1
3686123	3714560	2
6302562	6302532	1
5807476	5807485	1
8965328	8965327	1
12265218	12245286	1
9134216	9134193	1
3020517	3018302	1
8384044	8384041	1
4245591	4231474	1
6948493	6948494	2
8017716	8017718	1
8293621	8293622	1
4079796	4108180	1
7861933	7861934	1
7296945	7296571	2
6534401	6510704	1
4827931	4827934	1
6036394	5974123	1
1343624	1343595	1
7768160	7769588	1
11727331	11804442	2
8020670	8013190	1
3549029	3487798	1
7388282	7388266	1
414596	414593	1
3319213	3318968	1
66401	66402	1
5453628	5453627	2
12179855	12179850	1
8734256	8734255	2
6011277	6011280	1
10195238	10195237	1
6795077	6794662	2
1553312	1511830	1
10102129	10102130	1
4369903	4369980	1
2843651	2843657	1
3203741	3204951	1
3255980	3257343	1
2490393	10841124	3
12473663	12423950	1
7624600	7762500	2
8546053	8553204	1
6344583	6403161	1
2640886	2640883	1
1157205	1157224	1
11781370	11812686	2
4694730	4694729	1
8149429	8149432	3
1617229	1573720	1
3057792	3057782	1
775528	775527	1
4027961	3956447	1
2406731	2406732	2
659473	660043	1
10751561	10733913	1
10438084	10438083	2
12618427	12618428	1
8070303	8087615	1
10587541	10587389	2
4675576	4675575	2
4382957	4382958	1
9028541	9030395	1
11851114	11827776	3
7873651	7873652	2
3257007	3255860	1
988044	988043	3
7260300	7296256	1
7850408	7720622	1
3824510	3824509	1
10318786	10376005	3
2449374	2556227	1
10778104	10778109	1
10685448	10685445	3
9383431	9320190	1
7603054	7603053	2
4384486	4468901	1
7230981	7139656	1
12275608	12275610	1
3167014	3167011	1
9567152	9566378	1
3501385	3517328	1
9927210	9927209	1
4752404	4819545	1
9255137	9269388	1
5676851	5707525	1
3394934	3426993	1
5133745	5133899	1
10194093	10193966	1
1064944	1053145	1
11012879	11012880	2
3526390	3532844	1
3161749	3150544	2
4299921	4295468	1
3817158	3786380	2
284514	196900	1
5950416	5949307	1
12505788	12515935	2
11713598	11723600	1
10615016	10615021	1
5071604	5071598	1
6085382	6145644	1
3993053	3993054	2
5438071	5438074	1
2968013	2969904	1
6206989	6206977	2
4609939	4610182	2
4090014	4090013	1
8860354	8860321	1
8709133	8709134	1
5782316	5834582	2
7858745	7858746	1
1074665	1074666	1
6126998	6126995	1
6000809	6000800	1
2369738	2369737	3
1450914	1506771	3
12311231	12284796	2
7463226	7463245	1
9076384	9108144	1
9692876	9692875	1
2462176	2446469	2
7709197	7735877	2
5653364	5662391	1
2112885	2024422	1
10597917	10488264	2
7924913	7849240	1
11834029	11834159	1
11558684	11572318	1
4550071	4547132	1
5470885	5470408	2
7750956	7750953	2
9665855	9678154	2
1240999	1226017	1
3371262	3371244	1
7199438	7097246	1
8305244	8285596	2
2171844	2171843	1
3637159	3632479	1
9130972	9130971	3
7656015	7655692	1
10532561	10532562	1
3629551	3607352	1
5975417	5991136	1
7827920	7827919	1
7399248	7410967	2
8391281	8391282	1
131248	224708	2
2749315	2711655	1
8565960	8565947	1
5813684	5813683	1
1474201	1474202	1
8096195	8050840	1
3420476	3420462	1
8241033	8289908	2
1649111	1649096	2
288253	288270	1
662573	652749	2
5077610	5074810	1
8326779	8326780	2
5987230	5956093	2
8833752	8833751	1
12290138	12290137	2
6180177	6174121	1
2934871	2880754	1
2924563	2924564	3
11890345	11890350	2
681290	699593	1
2846118	2897498	1
11588192	11588191	1
3286710	3286709	1
2990913	2990926	4
8101998	8101997	2
4219286	4219285	1
9726317	9727997	1
4355042	4355037	1
263303	263320	1
3123658	3123657	2
3066911	3067438	1
11804443	11804444	1
7651515	7651518	1
486551	486213	2
11893220	11882492	1
10732762	10732740	1
11192371	11196991	1
5245453	5245454	1
4807257	4807258	1
12169735	12169801	1
453135	453136	1
5372822	5373058	1
5834171	5864735	1
1567421	1567424	3
3999313	4000075	1
738953	746440	2
12622118	12622117	1
7413227	7413230	1
723902	793817	1
7559826	7559853	1
9330302	9330301	1
6309288	6357210	1
1516061	1537947	2
1391837	1398531	1
3266798	3266795	1
5946470	5946469	1
207103	207104	2
1307140	1307396	1
3196834	3219981	1
6981080	6990300	1
9826100	9826099	2
11874418	11868726	1
6985275	6985276	1
2139220	2209602	1
4298901	4298926	1
962034	958286	1
5990590	5990589	1
10117199	10201314	3
8895146	8924230	1
3747635	4133498	1
4575257	4557802	2
8201350	8195087	3
6117164	6117163	1
7612710	7631197	1
6375183	6375184	1
912159	912160	1
8047965	8047966	1
7420658	7420655	2
12804471	12804472	2
11044140	11044139	2
6141083	6141084	1
3241309	3241310	5
1564306	1564305	2
10579571	10519695	2
7185741	7191131	1
1585745	1585746	1
5532187	5532188	3
9102944	9102941	2
5118799	4953841	1
3265099	3265102	1
2704248	2697489	1
10650866	10650845	2
1260536	1260544	1
2571720	2488657	1
8401091	8401092	1
11423911	11423912	1
5992690	5997265	2
7969153	7969219	1
4137582	4139226	1
6050262	6033155	1
7411922	7411892	2
3313359	3374313	1
1181939	1186762	1
8890422	8890421	2
11367319	11377782	1
1824117	1824122	3
1473533	1473545	1
1427730	1427800	2
3980090	3980087	1
1456399	1442569	1
1284547	1287836	1
10613959	10613960	1
10171845	10198118	1
4599939	4599940	1
5490870	5483536	1
11860903	11941674	1
2514221	2514222	1
2083386	2126928	1
6509418	6510518	1
10447318	10447317	2
9689734	9689731	1
7115054	7115053	1
11062139	11061861	1
6114354	6114500	1
8355662	8375988	2
10154950	10195155	1
2006058	2006057	2
10048884	10048883	1
2509569	2509572	1
7709241	7722084	3
2725928	2732517	1
9243761	9243762	3
12509174	12492219	1
8556433	8556434	1
3963933	3959017	2
1327387	1327388	1
7664416	7650649	1
5927107	5905412	1
9151828	9048220	1
2248773	2248191	1
2430703	2427649	1
9876869	9876870	2
10127326	10124845	1
3641988	3730958	2
4224278	4224301	1
3245133	3243282	1
2790264	2746253	1
10884360	10887388	1
5452524	5378308	1
5495894	5487865	1
5423686	5380526	2
9876483	9877172	1
12697119	12735527	1
10300190	10300189	1
1710380	1709682	2
1473479	1468558	1
280649	280253	1
5899092	5899089	1
2753292	2678723	1
2312459	2312462	2
9985263	9985121	1
3431202	3419253	1
1314174	1314163	1
804507	804508	1
924034	924033	2
5160479	5204223	1
3468670	3468651	1
12761136	12761135	1
7425274	7423487	1
1610526	1615523	1
9778457	9798603	1
1364218	1455422	1
7694290	7681501	1
7541743	7541687	1
7650648	7650645	2
7584627	7584628	1
9035590	8955937	1
489911	489912	2
11420036	11433754	1
1637032	1637031	1
6651874	6652656	1
10539432	10530796	1
2018248	1965225	2
10226361	10224628	1
11484338	11478358	1
10754777	10735889	1
1363049	1320867	4
10362350	10359743	1
395801	395802	1
756796	756802	1
2941816	2942158	1
5978228	5978227	2
1773498	1773493	1
1710384	1710383	2
7986614	7981009	3
8017859	8016928	1
8849628	8841810	1
9785422	9785419	1
3012133	3012976	1
3122410	3122409	1
2700745	2700721	1
9185926	9185921	1
7929234	7929395	1
12309955	12309956	3
241884	223108	1
1361758	1361779	3
223507	166108	2
3297820	3297804	2
248171	248172	3
1548061	1590390	1
4848805	4844428	1
12605088	12605080	1
1459344	1459343	1
669248	669247	1
7391387	7389031	1
1549263	1564177	1
11974459	11974460	1
6990446	6990445	2
12301823	12342049	1
4338147	4338148	1
6488597	6484068	1
7706117	7708518	1
8843878	8843860	1
2186843	2186844	1
12763106	12763105	3
8237756	4604491	1
1522131	1371206	1
9091237	9091238	1
5458462	5383514	2
9079983	9079984	1
10672648	10672647	1
9575935	9630963	2
8210587	8230033	1
2299356	2314614	1
1890971	1890972	1
4565472	4565471	2
9123674	9123742	1
6706318	6712057	1
8338919	8350742	1
6717816	6717822	1
9326127	9326131	1
4789313	4789302	1
8640550	8748548	1
2379114	2379113	1
11089546	11031278	1
4835428	4835427	2
327716	364670	2
7909371	7909372	1
7489350	7489349	1
6452750	6452633	1
5809025	5811464	1
5761926	5799777	1
6537905	6547007	2
46357	46335	1
4650371	4650372	2
3369277	3363000	1
5431977	5431881	1
4331521	4331522	1
9627269	9627270	1
9387686	9387685	1
682214	681868	1
9124091	9124092	3
4224188	4341064	1
5332785	5332786	1
4629467	4679625	1
2788755	2788758	1
11778529	11705739	1
1347295	1367730	1
8622227	8622199	1
1058722	1058717	1
1669146	1750189	3
5660950	5655112	1
7316683	7238584	3
4357093	4375585	3
11956611	11957667	1
1940534	1937420	1
3132563	3132564	1
671670	671669	1
7327513	7327514	1
2859168	2862628	1
6395140	6412893	1
7583771	7583772	1
375277	371385	2
12286561	12278447	1
3294173	3294174	2
1603526	1611553	2
12198815	12198821	1
8720440	8720439	1
9713040	9713037	2
8279898	8282358	1
3085890	3085889	1
6082212	6076992	1
7804464	7804461	1
4339214	4339193	1
12777435	12777436	1
4152185	4152186	1
12365160	12365137	3
1675410	1675497	1
1364222	1364221	1
2842862	2839174	2
4026428	4026427	1
4428131	4428134	1
6523622	6523552	2
5418686	5418685	2
7285680	7276705	3
5609675	5605853	3
2015763	2015766	2
8820816	8820815	1
3735537	3735538	1
8864063	8863245	2
4489615	4489616	1
2969162	2969161	2
867611	884398	3
3628820	3628688	1
6213025	6158518	3
9672436	9669154	2
7780760	7844185	1
6033026	6032754	1
5922519	5921329	1
5784134	5718752	1
10542198	10542197	1
8469007	8469008	1
6510372	6516540	1
9545195	9591659	1
1094570	1073158	1
1154484	1156148	3
8843766	8791901	2
2578398	2578397	1
12052331	11756751	1
7263481	7263466	1
12672953	12673010	1
6191737	6191740	1
8980128	8980127	1
8917665	8917666	2
4382623	4382624	1
12502289	12498127	1
4593473	4625072	1
362714	362712	1
770781	779930	1
1314550	1311177	2
4686750	4651423	1
5455141	5443432	1
1498875	1498889	1
1501544	1501668	1
6491675	6491676	1
7409551	7409869	1
9024445	9024688	3
6826104	6890764	1
12322893	12322894	1
6113914	6111079	3
9163766	9141833	1
1693583	1710924	1
183902	184095	2
6749996	6750213	2
4329574	4329571	1
2479338	2401443	1
9013639	9013640	1
3442574	3442573	1
8999888	9087967	1
6639821	6627242	2
10384885	10384886	1
6436431	6436432	2
1765704	1765703	1
12662868	12662031	1
299612	299611	1
4855679	4854643	1
616171	616172	1
1693462	1693461	1
2927428	2925751	1
8011873	7997440	2
10612956	10630471	2
9507957	9507043	1
9314614	9314613	1
3403655	3403658	1
4291627	4291628	2
6750494	6749997	1
1237037	1185531	1
1761833	1761888	2
3308340	3308244	1
9065549	9054228	1
9101979	9096993	1
1224206	1224727	1
9189573	9189574	2
8255893	8196539	1
4083500	4077323	2
3235507	3235510	1
1475391	1475392	1
3595608	3595613	1
832586	882196	1
8839868	8839863	1
11628144	11584383	1
9186673	9186674	5
5907060	5907059	1
9067877	9067894	3
975383	975386	1
10660153	10660154	1
11420439	11419937	1
3211203	3238275	1
2952080	2926789	1
5935575	5854810	1
9935565	9935693	1
12333100	12408706	1
9031456	9057727	1
11648668	11648558	1
11396231	11396232	2
4494153	4494154	4
1750570	1750746	1
1257158	1205051	1
8873723	8873727	1
10145337	10145338	3
10173545	10173546	2
7781283	7781284	1
6750494	6749999	2
11828954	11829908	1
3549026	3549025	1
4049470	4108318	2
9884201	9886665	3
12184134	12184143	1
121467	121468	1
3166173	3166174	3
3567398	3564595	1
2134832	2134831	3
1719676	1719879	3
12009129	12017557	2
7015506	7027647	1
649924	649919	5
10389386	10389385	2
8829654	8809835	1
10297455	10297456	1
10914295	10914625	1
8129269	8129270	1
12191204	12191302	1
7248285	7244558	2
7911618	7911617	1
3029420	3029419	3
6568363	6568319	1
3963565	3930996	1
5310871	5310872	1
1279153	1278944	1
12246785	12246949	1
8476838	8511043	2
10711025	10728399	1
3470711	3470712	3
1846420	1854665	2
2048570	2144789	1
3904395	3955128	1
12692065	12692066	1
5508098	5503042	2
1385907	1389901	2
6404965	6390642	1
5869742	5877763	1
1340374	1352892	1
4616939	4599164	1
11663387	11663388	1
8899473	8899484	1
6025534	6025533	2
7710039	7702517	1
9152775	9152778	1
4246159	4246160	2
3249411	3253617	1
9672445	9672446	1
5165220	5176730	1
12573198	12573197	1
11100042	11100269	1
1649626	1649635	1
1976655	1975987	1
7525755	7525756	1
3139821	3139789	2
3609109	3596218	1
5446272	5482396	3
12152692	12051914	1
5510477	5514645	1
10079122	10152103	1
10077231	9782611	1
12761269	12761270	2
10627966	10627965	1
5482562	5493969	1
3905665	3875284	1
4253488	4253487	1
10008052	10049145	1
11411805	11411806	1
1460303	1460304	1
1605019	1605032	1
10123962	10123961	1
11600804	11600809	1
8617331	8616949	1
1736157	1750731	1
313557	370929	3
11635315	11609706	1
4582277	4582278	2
12804351	12799252	3
9676198	9676201	1
1670693	1778407	2
12682892	12682886	1
1663000	1662999	1
8560859	8560860	1
7841987	7841988	1
12679687	12679343	1
10487492	10487489	2
8734100	8686978	1
10465356	10480793	2
8950171	8950172	1
2460525	2464260	1
11177428	11174658	2
12208332	12199197	1
1265976	1265975	2
9797639	9800551	1
205635	186749	1
681290	699597	4
1519068	1575851	1
2331290	2331289	2
11176163	11176164	1
11651609	11651435	1
11837978	11837977	1
1347873	1341851	1
11709576	11709575	3
9475397	9475398	1
159220	138007	1
3247806	3247805	1
419683	428232	1
12667270	12678903	1
4002162	3977370	1
3292194	3356878	1
9780316	9780315	1
4743645	4710023	1
438497	443953	2
5922519	5922520	1
12318244	12309442	1
1330108	1322997	3
4111201	4111202	2
7323697	7389065	1
9536586	9536585	2
11763759	11763762	1
10462551	10472740	1
7369400	7361916	2
9118104	9148361	2
11605630	11605603	1
8370323	8307836	1
8493380	8493378	1
3329148	3303009	1
2538409	2502397	1
10549262	10517374	1
1680339	1679680	1
4630804	4637155	1
11110699	11046642	1
7075168	7075167	1
2935613	2950431	1
11352511	11352512	1
422605	381561	1
3144950	3144949	1
2369893	2369895	1
9516940	9516939	1
10693400	10687295	1
7770906	7770905	1
1626666	1625945	2
11078742	11078741	1
6591547	6527547	1
1132830	1138525	2
720732	725629	1
11136464	2027818	1
10984366	10994109	1
3761891	3761894	2
2161972	2149786	3
3493262	3476146	1
2343615	2349000	2
3729337	3669912	1
5121825	5121826	1
9473385	9473386	1
8030857	8032764	1
12805540	12809790	2
5639072	5602331	1
1604569	1604570	3
12014741	12014841	1
3554465	3553664	1
1727950	1733036	1
6501083	6501090	1
10808428	10808427	2
1773112	1773125	1
5209609	5209610	1
2368326	2480038	1
10669527	10708956	1
1471325	1471326	2
5689507	5689508	1
2126062	2169846	1
6107908	6029247	1
7385772	7342599	2
4111199	4111202	2
5216574	5216571	1
2782861	2701736	3
180864	180863	1
9612461	9601046	1
1981310	1981309	2
8548931	8548932	1
7222736	7222512	1
12507138	12507137	1
6624200	6624199	2
6165253	6165231	1
4544047	4535532	1
12324059	12323584	1
7916390	8009389	1
8186354	8186353	1
1145262	1145261	3
2413475	2441394	1
3205264	3207274	1
12251242	12244715	1
6127247	6189414	1
4674489	4674492	1
8477662	8477661	1
8823342	8833083	1
4625635	4625636	2
2377049	2377050	1
1257184	1257189	1
8953378	8953377	2
9003834	9003833	1
10120192	10123175	1
5259162	5176691	1
12806646	12806645	2
6897467	6897468	2
2451822	2460577	1
6417394	6420706	2
584058	584057	1
2480190	2479834	1
3480354	3480353	3
4819674	4819646	1
4599003	4599624	1
5924172	5968124	1
10679841	10623688	2
9754758	9754945	1
10670042	10749747	1
8996784	8996783	2
8666423	8666424	2
8543631	8545097	1
9078023	9078135	1
8824972	8824971	2
3236754	3234856	1
10542206	10542205	2
4856091	4856092	1
10635597	10596775	2
11322804	11417967	1
4087491	4119096	2
1697428	1697427	1
3679769	3679770	1
7586175	7587552	1
6010993	6010994	1
6012718	6012715	1
6924905	6924906	2
7891321	7835387	1
10567697	10567698	2
10551128	10551127	2
1543534	1543533	1
373211	314190	2
3691695	3691696	1
230596	230593	1
4108402	4100070	1
1210904	1210700	2
4333173	4315369	1
2895731	2986799	2
1187965	1187288	2
10072347	10072348	1
7212191	7212192	1
12747375	12764998	1
7991212	7986782	1
5919599	5898031	1
12051861	12051862	1
10572666	10572665	1
4235455	4235456	2
10756818	10754563	4
6172466	6150721	3
5452629	5452636	1
8734474	8734473	2
8830136	8806790	1
8362396	8374820	1
6171638	6181325	3
8652715	8637969	2
7393229	7393230	1
5933325	5953511	1
6489802	6493481	1
4814998	4847237	1
7134208	7151097	4
6915424	6915376	1
9897547	9897548	3
4280187	4280188	1
258627	258628	1
10248553	10248554	1
6983743	6983744	2
1534155	1534167	1
8087815	8087816	1
2581369	2515217	2
123029	151626	1
10746829	10747456	1
568248	422316	1
3972410	3972409	1
6191741	6170314	2
5659084	5655162	1
11860534	11860533	1
3943799	3943800	1
1513891	1513892	1
10999050	10997571	1
4094300	4094299	1
3758518	3676643	1
9147321	9151063	1
10682636	10682633	1
10125611	10095686	1
8237146	8238811	1
2468102	2468101	1
5221867	5221856	5
11592564	11592563	1
7025176	7025175	1
2208360	2209388	1
9341143	4941091	1
8607467	8581241	1
5952667	5952668	5
6972195	6997007	1
9898352	9898351	1
3525649	3526003	1
11815031	11815032	3
5958926	8747462	1
5358402	5351112	1
3752077	3752309	3
11480093	11565462	1
11493749	11493622	1
7572442	7572441	1
5580022	5574800	1
1366733	1323537	1
10959881	10961926	1
11138795	11107959	3
10677416	10677423	1
6908102	6908194	1
527970	524190	2
5910330	5910329	2
10238073	10171728	1
7853696	7924706	1
426239	426240	2
3636638	3636637	1
9556538	9556537	1
12164316	12146556	2
8064393	8064394	1
4723299	4723288	1
9641270	9641232	1
11727746	11727745	1
8085129	8085130	2
7959355	7955094	3
1736377	1736378	2
5586089	5515022	1
4715435	4715436	1
552605	552606	2
11871729	11871730	1
9310657	9310658	2
11007957	11007958	1
699854	700883	1
1373055	1373101	3
487615	470999	1
10301114	10225021	1
9826285	9826286	2
3827329	3855700	1
9118332	9118329	1
3944233	3910219	1
10551961	10540193	1
8519937	8540387	1
12331885	12331886	1
1529674	1538257	1
368706	420994	1
6580495	1216490	2
8260006	8260005	1
7898833	7891542	1
7960795	7960696	1
7716488	7698035	1
2761461	2735069	1
7950285	7950286	1
1553850	1553313	2
8725247	8725248	1
1518379	1518382	2
4819700	4798183	1
1610102	1677416	1
9734014	9734013	1
10466293	10466294	3
9516919	9516939	1
7378369	7371273	1
1121180	1114013	2
6140722	6140721	1
12694407	12694408	1
877912	877907	1
2749737	2749297	2
6154059	6159655	4
1215015	1243125	1
6065203	6010030	1
4386115	4401422	2
11868447	11791215	1
5147793	5146864	1
6382072	3428009	1
7177268	7175055	1
6720410	6745301	1
11053635	11032843	1
7851216	7851215	2
9511558	9512523	1
6137785	6160413	1
6445964	6445963	1
3109815	3044111	1
11433493	11433496	2
8180778	8266172	3
5890041	5901718	3
7698527	7698528	1
8926921	8960806	1
1850918	1850917	1
4790468	4790471	1
3690908	3691073	1
5963340	5965414	1
3409841	3409842	2
11046235	11046236	2
8505231	8504939	1
5564895	5550833	1
7966258	7976451	1
639566	657407	2
3386940	3387425	2
7122695	7122683	1
3368574	3363696	1
9887602	9824970	1
7984453	7983462	1
11052738	11052737	1
6613637	6571539	1
3122311	3122312	1
386457	413468	3
2234945	2236997	1
3173589	3167549	1
8737160	8724485	3
1275161	1296100	1
5499075	5499076	1
8950173	8950174	1
3372096	3372058	1
3567185	3567186	1
6515595	6515995	1
5768889	5743551	1
36811	56717	1
3965947	3965950	1
3390374	3320746	1
8512652	8513552	1
9727041	9727745	1
706274	764531	1
6043703	6043733	1
4068456	4068455	1
813897	836613	1
10743653	10743654	1
3490928	3490008	3
9526217	9537221	1
2193421	2193422	1
3835078	3733612	2
3037695	3095920	2
2493269	2493270	2
11021815	11021816	3
3037695	3037696	1
10543101	10543102	1
4623488	4613732	1
3690734	3684798	2
4629728	4653657	2
11489513	11489514	1
2919227	2887371	1
1756412	1756600	1
8205770	8213492	1
3152079	3152403	2
4367174	4367547	1
11171829	11171830	1
1830528	1830539	2
2124941	2124945	2
11925273	11929015	1
7981235	7981236	2
4813587	4825116	2
6364846	6364845	1
6532843	6586797	4
6498528	6498551	1
246131	246132	1
11110789	11122405	1
5433755	5424975	2
4583484	4581038	2
3729543	3729544	2
12695428	12695424	2
3029997	3030002	1
4503823	4503824	1
2755583	2762428	3
803226	816057	1
7211279	7205763	2
7219129	7219130	1
5240113	5226473	1
7997992	7998158	1
6179965	6179966	1
2704182	2704297	1
2352806	2356155	2
5134616	5134574	1
6535429	6535430	2
8472456	8551635	1
8278029	8275684	2
11234932	11234931	1
10104482	10104481	1
7351218	7351207	1
9748568	9766580	1
9733367	9733370	2
301141	301142	1
9490710	9526976	1
1100340	1070898	1
4111877	4111878	1
4117201	4117202	1
3477982	3577756	1
7526789	7526791	1
11004324	11004323	2
7069040	7016961	1
1650189	1650195	2
9670827	9673889	1
10309385	10309003	1
4467917	4414118	1
1080011	1080012	1
10435501	10382961	1
5535612	5535611	1
4936657	4936588	1
5390909	5390910	1
7904287	7860913	2
10307789	10307782	1
10398123	10376964	2
7086047	7086048	3
9054592	9054591	1
2585352	2571556	2
9466391	9496665	1
4437059	4437060	1
6718908	6718907	2
1854784	1854809	1
10757058	10757057	1
1313315	1313316	2
8881217	8881276	2
11934335	11934336	3
11568690	11568689	1
8489930	8489929	1
5521893	5588474	2
11194896	11189903	3
9159968	9159967	1
5862531	5883041	1
6430732	6451925	1
1876511	1881504	1
1962950	1962949	1
9361384	9361391	1
12134230	12134229	1
236169	244400	1
4412401	4412402	1
667598	697883	1
10242808	10242802	3
12202434	12201755	1
383858	383855	1
10671704	10671701	1
1996059	1996062	1
3220127	3142935	1
6872095	6872093	1
4585114	4585122	1
1253895	1243439	1
1373783	1373784	1
2528695	2529062	1
3663915	3690824	1
6174563	6109277	1
2101465	2101632	1
10262921	10262922	1
9799154	9778788	1
11155343	11112581	2
1132265	1144845	1
1740876	1740859	1
613095	613100	1
656557	656558	2
7912620	7912619	3
3062654	3071990	2
11769077	11847015	1
8602638	8522281	2
978063	978064	1
8747465	8742411	1
3307359	3303460	1
7975919	7975920	1
7963516	7941336	2
1622447	1620857	2
7418206	7418205	1
10270311	10270222	2
10375217	10375329	1
8859096	8859095	1
5569944	5583236	1
467256	459021	1
12657671	12657669	3
10295611	10295612	1
10764149	10766053	1
4442816	4442815	2
6102331	4014937	2
3479258	3479263	1
1099640	1098881	1
2449732	2449731	1
11137641	11137642	4
11301882	11296030	1
11569166	11569165	1
9129626	9129625	1
1242017	1230685	2
4110522	4035283	2
175275	160615	1
871206	871205	3
8423703	8415884	1
12555779	12627926	1
3302809	3295962	1
8892731	8039715	1
7404028	7397409	3
8435816	8572307	2
7328571	7328148	1
8489741	8464678	1
1138524	1138523	1
9764476	9764726	1
7963933	7963678	1
3383023	3383026	1
9010494	9038163	1
9926552	9870648	1
7274927	7274930	1
9680929	9679986	1
10779019	10779065	1
2640575	2640576	1
1339654	1337580	1
11939467	11939456	1
8758647	8758648	1
11209800	11209898	1
5249361	5232809	1
3676042	3676062	1
5444933	5444930	1
3259376	3246530	1
4800269	4800270	1
12800040	12800039	1
8505601	8505911	2
10009267	10101765	1
7971690	7971689	1
11324165	11302824	1
7350737	7350738	1
9977821	9977833	1
12694405	12754749	1
6304208	6316657	1
1705883	1674304	1
10181318	10181317	1
9675462	9677992	1
8304161	8311015	1
3618826	3618825	1
4034061	4113652	5
7062233	7092009	1
7389021	7387989	1
3905644	3905643	1
12466469	12466470	1
5986308	6022658	2
4652661	4652662	1
3199105	3249174	2
9019556	9019549	1
11634923	11634924	1
10309492	10309384	1
10323734	10338581	1
7339415	7339416	1
9092063	9092064	3
9972696	9944486	1
10265061	10265062	1
9791873	9791410	1
6042960	6089731	2
6735833	6742622	1
7388222	7425086	1
1633906	1633905	1
1509105	1585555	1
1783055	1776087	2
8338921	8350742	1
2773867	2521563	1
2546024	2548245	1
8270182	8273446	1
10166612	10166619	1
9091696	9092064	1
4559252	4536773	1
10678924	10668045	1
11143181	11140180	1
3899075	3899085	1
4558523	4558502	1
2552656	2552623	3
7278071	7272640	1
1693473	1678590	1
377147	377150	1
4361455	4361456	2
6148601	6148694	1
1473230	1473229	1
4665510	4665509	3
10059913	10104293	1
2832937	2835977	1
2374471	2374458	1
3380404	3380411	2
1706385	1706386	1
12617017	12617001	1
5200955	5200956	1
12409076	12486905	1
3045200	2995022	1
9509071	9560698	1
3116989	3137274	2
344750	349882	3
1832462	1837624	1
1738956	1738955	2
6144264	6144263	1
10624633	10634152	2
8917661	8917664	2
12003657	11982459	1
4189306	4194440	1
1408278	1397390	1
12774515	12799504	3
4318657	4318664	1
1504020	1514308	1
1827691	1827692	1
9546398	9546433	1
3710421	3684799	3
12449522	12423480	1
11873925	11877983	1
12350457	12373091	1
1182296	1182295	1
7905760	7905759	1
6329436	6402294	2
268569	268570	1
12442978	12383070	1
5757017	5757084	1
5963320	5944004	1
1512786	1512785	2
6092776	6085918	1
2793601	2793602	3
6714123	6714124	1
5520853	5448897	1
3286712	3286711	1
4448360	4341241	1
8257453	8257454	1
7811847	7811870	1
11187838	11187837	1
7398752	7398710	3
7319139	7310060	1
5834304	5834292	1
6143909	6144201	1
2725151	2725152	1
7788540	7655899	1
9713743	9693202	1
6149519	6149520	2
3382570	3382574	1
7254398	7231056	3
5577341	5577342	1
1163583	1163584	1
1756628	1816755	2
11191073	11192023	3
11012881	11012796	1
468173	468778	1
10437591	10503354	1
1672066	1671750	1
2036801	2036814	2
2268778	2268819	1
9518188	9518187	2
8210291	8210294	1
10065465	9948165	1
12201853	12184211	1
4252602	4252606	1
6833757	6833758	1
1402248	1402247	1
9048688	9107707	1
5223468	5237279	1
11218669	11218682	1
7226982	7226977	1
6025447	6025448	1
4809633	4809810	1
1585680	1585747	1
842254	843011	1
3877070	3877066	1
4224467	4224468	1
3353332	3353278	1
7242547	7148358	1
2844356	2844351	2
12580052	12539012	2
7859105	7859106	4
2837562	2837561	1
10089703	10089704	1
6888924	6888933	1
5808484	5831253	1
3116579	3055232	3
1593172	1593206	2
1276592	1276591	1
802280	776315	2
12761134	12670825	1
7373691	7373694	1
5552500	5591323	1
2897144	2896571	1
10593757	10593758	1
10492863	10492872	1
1579330	1507014	1
9784633	9797626	1
6890765	6890766	1
11192009	11192010	2
3511043	3511044	2
7421409	7380380	1
7426615	7426528	1
2322835	2322836	2
7172343	7172344	2
678524	676433	1
1004674	1004673	2
9144514	9144353	1
10198066	10198065	1
5233830	5249177	1
6073353	6088543	1
9906195	9906198	1
3558969	3581110	1
8633600	8633599	1
4570090	4570089	2
10480792	10480791	2
11417280	11466658	1
1699700	1634007	2
1981954	1981998	1
3159265	3159266	2
5946537	5946538	2
4708930	4708929	2
12311981	12311978	1
12362010	12362009	3
12420221	12420222	1
3487570	3499272	1
11246294	11246293	1
8522963	8528287	2
2389341	2387006	3
2838607	6457343	1
7896978	7896977	1
7713036	7779930	2
1556336	1560045	3
6927520	6927538	1
11346040	11346039	1
11029754	11051917	1
2743853	2743858	1
6194590	6194585	1
2368588	2368277	1
8443482	8443586	1
12472712	12472715	1
7362514	7362520	1
772469	791105	2
968285	968291	2
11387945	11429753	2
9025801	9028307	1
11637804	11637803	1
10190680	10190679	2
1634961	1614561	1
7977915	7989251	1
2101300	2183015	1
3590047	3549944	1
6201487	6201488	2
7987651	7976145	1
12392416	12392478	3
3830780	3830655	1
8085127	8085128	2
1164447	1164448	2
3631279	3631280	1
7864215	7898822	3
464249	389471	1
9670469	9670498	1
10589891	10589892	2
1308512	1381423	2
1773787	1775147	1
10740584	10740581	1
1208740	1211897	2
8679243	8679244	1
737124	737123	1
4433351	4441072	2
4057108	4067306	1
4752178	4751846	2
5310606	5335137	1
9549232	9549231	2
10176171	10176156	1
10254126	10296484	1
1383559	1383550	1
3506329	3514328	1
3289435	3289432	1
8304108	8305948	2
1703534	1757494	1
7899164	7876563	1
8500558	8500474	2
8666119	8666120	1
7645532	7645531	2
12809384	12809383	1
5332559	5332560	3
8846066	8841364	1
9512464	9516434	1
1370008	1370007	1
8308276	8308275	3
9509322	9509319	1
4252056	4251193	1
12136632	12136631	1
8015176	8015745	1
2790283	2744697	1
9296562	9296185	1
9112598	9123020	1
3251715	3251716	1
5963075	5963076	1
9705162	9705257	1
3925864	3929794	1
8108639	8106600	1
7437328	7443489	1
10901275	10898399	3
10983639	10983637	1
5396890	5317877	1
3371265	3371066	1
351643	351644	1
8201927	8201928	1
4858190	4927084	1
552940	552905	1
11160050	11165880	1
4376534	4376533	2
6733283	6733284	1
8653008	8653064	1
9637540	9637539	1
9186675	9123744	5
970385	1009462	1
2712453	2712454	1
4652154	4651081	1
11750519	11750520	1
2341706	2341846	1
6539660	6552855	1
1596729	1613707	1
6833751	6833756	1
7347793	7435569	1
5842054	5842053	2
8817149	8817152	1
4426684	4533808	1
11118245	11118246	2
10970571	10970572	1
1528893	1525045	3
6530927	6523312	1
3618564	3618567	1
8708388	8705400	1
3744661	3744640	3
2183620	2183632	1
7391648	7391647	1
2514974	2533592	6
1643441	1643423	1
4425440	4424726	1
3292531	3247302	1
7192555	7190477	1
1158956	1219900	1
6165118	6165115	1
8308270	8329066	3
7728009	7711409	2
9197663	9138072	1
10578013	10578016	1
11936304	11938175	1
10211119	10211120	1
4474402	4474401	1
9733367	9733368	1
12309994	12309993	2
9422965	9422966	1
4204313	4178204	2
3625987	3625988	1
1418601	1369459	1
1300994	1296233	1
9273684	9273683	2
2906713	2902888	1
12668110	12571446	1
5928000	5927999	1
2365540	2339254	1
2552658	2552623	1
3584677	3585329	1
9171733	9171734	1
6168071	6145304	1
3331823	3331824	1
7955673	7955945	1
2941488	2941292	3
3561998	3567236	1
10306878	425996	2
7247586	7247585	2
11013844	11013843	1
1084055	1084085	3
11863517	11844324	1
10062104	10139409	2
5759776	5776543	1
1776921	1777029	2
8876652	8880029	1
3307660	3310254	2
9073301	9073302	1
1605033	1605034	1
12558675	12546992	2
836516	836515	2
8268181	5419804	1
1923174	1981037	1
7754432	7742525	1
5974750	5963001	1
3925493	3922463	1
9909735	9924950	1
2235724	2352027	1
2432187	2527047	2
563521	563522	1
6090559	6090562	1
7900727	7900375	1
6100446	6117152	2
3691737	3691738	3
8094518	8184346	1
10126626	10126523	1
10194965	10195065	1
7727613	7744402	1
8794406	8883394	2
6744178	6744508	1
3686121	3714560	1
4344726	4344725	1
2373189	2387000	1
10735511	10746693	1
7623780	7626385	1
4402324	4377486	1
1200124	1200123	2
9550094	9523229	1
11100939	11100940	2
3946262	3941522	1
290965	363762	4
6120265	6090188	2
1045376	1045251	1
10423959	10497713	1
1921122	1921119	3
7230951	7230952	1
198518	182705	1
4202380	4202379	1
8091780	8070834	1
1563748	1569119	1
9586346	9586410	1
9644335	9644336	1
1100411	1100412	1
1837753	1829224	1
4197674	4203354	1
3793393	3793706	1
9780318	9780315	2
9139922	9074021	1
3273059	3272880	3
11186377	11186378	2
11927827	11943844	1
9772042	9772041	1
3800704	3800703	2
4045946	4045945	2
10119077	10119080	2
7706171	7706172	1
947962	956790	1
4124214	4087384	1
11478615	11478608	3
4645496	4645507	2
11643198	11615950	2
11363545	11363546	1
12811121	12811323	1
8890420	8890419	4
6213947	6200919	1
10758125	10761739	1
5775516	5845046	2
1923086	1923095	1
9548285	9548042	2
4318193	4395871	1
12595215	12595222	1
4547309	4555883	3
11423905	11423910	1
12326500	12367512	1
11158360	11158357	1
5364171	5364172	1
7105361	7105362	3
8963251	8960659	1
933631	933632	1
1445924	1410266	1
2990133	2990136	1
2847647	2844504	1
7803627	7881852	1
8835932	8868671	3
328323	328324	1
1184678	1173322	1
6648337	6618954	1
4024678	3959119	1
1369692	1445739	1
1564303	1563967	1
3748583	3864768	1
10144747	10143335	1
8495179	8500546	3
4801610	4736285	1
6049725	6050341	1
11410051	11410052	1
2675984	2676861	1
4758481	4761014	1
1458992	1458991	1
3713855	3713858	1
4103300	4116320	1
4435770	4564223	2
915071	924437	1
2760118	2696074	1
4347193	4344465	2
10737728	10737485	1
3874996	3879405	1
10799133	10799134	1
2092451	2136940	2
9241736	9241735	1
9788750	9780996	1
8657892	8657891	1
8028271	8031898	1
1179167	1109675	3
6798411	6798412	1
11081804	11081853	1
1751268	1751265	1
6925904	6972642	1
7739828	7816468	2
10748936	10748935	1
1557621	1610984	1
1438024	1377716	1
10638200	10702446	1
4739871	4739856	2
11362002	11362016	1
6874220	6856268	1
7211510	7211507	3
10119313	10157092	1
9829477	9829478	1
9905605	9899352	1
9668265	9668046	2
7694294	7694291	1
9159994	9169302	1
1253929	1263451	1
7979330	7980843	1
12629094	12629093	1
9693137	9710294	1
3330117	3330118	1
3566750	3562018	1
7533262	7533261	1
3910174	3910171	1
4384760	4409384	1
4619756	4619765	1
6995093	6962422	2
901290	889120	1
1096571	1096564	1
6796914	6796531	1
385147	385148	1
12523667	12526997	1
5191951	5191500	1
7967038	7974807	1
7828349	7827566	1
5897519	5897484	1
212709	245898	1
9491890	9491219	1
8835764	8838299	1
7713267	7714456	2
3047357	3049406	1
12265195	12245564	1
370926	370925	2
10381027	10376390	1
7791339	7791343	2
1612200	1651372	1
5120470	5252837	1
3550738	3550737	2
10170498	10156972	1
9515206	9515205	1
2201356	2201183	3
8365923	8375820	2
1211573	1236400	2
5964389	6025601	1
9128414	9106812	1
3095392	3095420	1
2955403	2955973	1
4004854	4004444	1
10271396	10298715	1
2711586	2752537	1
7650087	7650045	1
3134740	3134745	1
2503504	2450311	1
850447	859265	1
2020387	1935736	1
8329014	8329004	1
12263595	12263580	2
9928291	9931802	1
1981308	1981316	1
6371565	6479697	1
2604980	2604979	1
4048329	4048330	1
4845057	4844833	1
11087624	11088953	5
8831551	8830694	2
9662837	9672179	1
2700738	2700735	2
1634347	1634348	1
8528721	8466639	1
890873	890874	3
9584697	9584698	3
4596537	4710488	2
5784112	5704769	1
10519803	10519804	2
5878896	5878971	1
9191631	9191632	1
5394179	5332786	1
9071926	9071915	1
8947657	9006955	1
11703538	11703537	1
950064	950040	1
3116807	3116808	1
10904554	10883232	1
7673581	7629098	1
12769678	12769677	1
11076147	11076148	1
3931046	3930986	1
7017697	7016935	1
11618364	11618363	1
10341585	10354664	1
8051676	8081162	1
5193685	5193686	2
7665170	7665340	1
1091668	996701	3
5943377	5943390	1
5006724	5006723	1
1525163	1539270	2
7414293	7414294	1
8310397	8284172	1
5977655	5915754	2
4748294	4748299	2
2477126	2477131	1
8703589	8703590	1
4660541	4647046	2
10144733	10130244	1
9576881	9576072	1
1498252	1528335	1
1636656	1625501	1
8552914	8552911	1
7198807	7201179	1
7931434	7931431	1
5917837	6017939	1
10919741	10919742	1
11013947	11039079	2
6680154	6686341	2
1685313	1778161	2
4047863	4045947	2
3854807	3854808	3
1410548	1410547	1
10136432	10136431	1
6119175	6119176	1
7596051	7596052	1
8764126	8739380	3
10231055	10231056	1
9637538	9635744	2
7568538	7568537	3
6949245	6949248	1
7462498	7462490	1
7932905	7932901	1
7980412	8022822	1
6694980	6694931	1
8487246	8487245	1
8858711	8858712	1
10310768	10323229	1
683579	682615	3
11178585	11178628	1
191592	191591	2
3233678	3233677	2
7854816	7857786	1
2521676	2538513	2
11546995	11546996	1
4496394	4473673	1
355453	355157	1
8292880	8232187	1
3187156	3187155	1
10490854	10490853	1
8418317	8418318	1
12306698	12228886	1
7256870	7256869	1
6844784	6849100	1
7320962	7320961	1
3047716	3047715	2
4525207	4525555	1
3750835	3743219	1
12719019	12719020	1
3290625	3294201	1
11892351	11892352	2
5740661	5739059	1
3409269	3395310	2
219867	291945	1
5692230	5692521	1
4385817	4385821	1
11249693	11249733	1
4359908	4440184	1
2653972	2660426	1
10375331	10368704	2
928858	951135	3
3100587	3100310	1
6029629	6029630	2
5012024	5012023	1
10201156	10201155	1
2487787	2541030	1
1506286	1483491	1
5710225	5710292	2
6800975	6800976	2
1467827	1467828	2
8433409	8433410	1
7790111	7790076	2
8796180	8796179	2
3376031	3389835	1
7156181	7142120	1
7023155	7023156	1
8101649	8101650	1
2009213	2009214	1
5755102	5721032	1
7489818	7488493	1
3313477	4079440	1
7563571	7563374	1
3206283	3205835	1
3805934	3807883	1
2983682	2983681	1
435077	434786	1
820073	820074	2
8285190	8277315	2
12541059	12524217	3
2755581	2755582	3
10271620	10268616	1
6025449	6025452	1
2779213	2779214	1
1798697	1799918	2
7401951	7401952	1
10647535	10675206	1
7391288	7416388	1
4191352	4189334	1
4382566	4427499	2
6715693	6661655	1
9073276	9117550	2
12255132	12197339	2
4017071	4017072	1
10238071	10238072	1
7142785	7030112	1
1258750	1258495	1
2418827	2417145	1
271432	259908	4
8384764	8384763	1
10343684	10343770	1
231376	231379	1
12194388	12199968	1
3910146	3910145	3
8993299	9027147	1
2809226	2809202	3
12501531	12501532	1
11626779	11557267	1
1631108	1631107	2
5991960	6070488	1
6213943	6213944	1
2291728	2291727	3
12021032	12021068	1
2369750	2369749	1
6679902	6679901	1
11705087	11705088	1
7984535	7912332	1
2791096	2776863	2
4568793	4568794	1
6760987	6762875	1
10236590	10250420	1
11586295	11583345	1
173265	173266	4
8922941	8922942	1
6126994	6126993	1
7996267	7979642	1
9014269	9014270	5
7888522	7886662	1
5743774	5767988	3
5787917	5837258	1
1681872	1743337	1
8439785	8439786	1
4824520	4780867	1
4799294	4799291	1
2594797	2594794	1
10095498	10062866	2
3578248	3630294	2
2955489	2985251	1
2807436	2807435	2
8244426	8242501	1
6737235	6737236	1
1192169	1119500	2
11647078	11647081	1
10659422	10659421	1
9733556	9727395	1
5604080	5616602	1
7290391	7283934	1
70599	70600	1
9512233	9500714	1
2375160	2375157	1
7372666	7359546	1
270455	272947	2
8344433	8344434	1
3588625	3647977	1
476372	476369	2
4114035	4115114	1
12564788	12630638	1
4100387	4100414	1
6925252	6829396	1
4414492	4414491	1
12174227	12173682	1
12170093	12170094	1
767487	666509	1
12336645	12336646	1
1398402	1407566	2
750315	729060	1
12783908	12783907	1
238526	238525	1
2352724	2352723	1
6496040	6560342	1
869400	867160	1
1109397	1120668	1
1177674	1098509	1
2387826	2387823	1
3210093	3202159	1
10670927	10714446	1
9048340	9046589	1
6852736	6822348	2
7531434	7531433	1
11797002	11785090	3
3158744	3158743	2
8877734	8877733	1
10688188	10650963	1
2069461	2069462	1
3325410	3325407	2
1211937	1262949	1
5942029	5982450	3
8565068	8563414	1
2205553	2205129	1
7015534	7015533	1
7939955	7930074	1
5422377	5422479	1
12787153	12787154	2
4216642	4216641	1
9876483	9876484	1
6108777	6117163	1
539888	570518	1
999673	977180	1
1998711	1998712	1
4503243	4503244	1
1727437	1682529	1
1319282	1319352	1
9193642	9193613	1
11833985	11833986	1
4016506	4016505	1
4329146	4334418	1
2563724	2586584	1
600822	600821	1
6854317	6854318	1
6057005	6056996	1
5148686	5148660	2
8350062	8341931	1
1649253	1649254	1
664774	684175	2
6436705	6436706	1
3976718	3976717	1
10571223	10655114	1
9075416	8989992	1
6150768	6150568	2
10093125	10093126	1
7128507	7105938	1
1777930	1725514	1
5898734	5911651	1
2440212	2440211	1
12228134	12228078	1
3289854	3278095	1
4716420	4611881	1
9755816	9743403	1
8020027	8019991	1
9637842	9637841	1
2161320	2180266	2
4854222	4854221	3
928300	878940	3
9736750	9739713	2
3691145	3691148	1
439581	439582	1
10646147	10646148	4
4282498	4282497	1
9166967	9166968	1
4760254	4760191	2
8418192	8404859	1
1183062	1183122	1
3153121	3158801	1
12309992	12309954	2
6137122	6143361	3
3946016	3941071	3
7319114	7321357	1
10297401	10254890	1
617746	617751	3
10439898	10439897	2
3373837	3373840	2
10052115	10052116	1
8371673	8371697	2
1210177	1240287	2
4593197	4593200	3
3464671	3502000	1
1877721	1877479	1
11307926	11293238	1
7573945	7576415	1
12152819	12152820	1
10491107	10491108	1
1546581	1546582	1
2835100	2835120	1
3811920	3736166	1
7727417	7788108	1
1596842	1596924	1
12575301	12617066	1
10552977	10552978	2
321727	326892	1
9537791	9496240	2
11038478	11160612	2
9014286	9014285	1
10055336	10055338	1
1008392	999211	1
7680431	7678371	1
1533618	1535312	1
209949	208549	1
6036105	5979687	1
636578	622935	3
6988770	6988786	1
7779603	7779680	1
9660941	9654354	2
930296	930293	1
840623	840624	1
10582065	10582062	1
2276097	2238294	1
5167496	5167503	1
8336607	8359006	1
11987258	11987257	1
9964604	9966957	1
6538031	6590828	1
7872602	7872601	3
4529032	4525388	1
7243463	7238586	1
2721637	2818393	1
10547027	10576870	1
12677555	12679850	1
3926553	3926554	2
1422204	1401970	2
9484345	9546958	1
6951908	6966515	1
6005225	6005226	1
10433008	10433007	1
9263827	9274070	1
4030858	4029953	1
1085036	1157151	1
442278	442277	1
10672929	10672949	1
10720956	10720955	1
3244069	3244070	1
10551382	10419314	4
8541472	8552908	2
11376759	11376760	1
1509587	1449124	2
3528268	3547568	1
8017038	8020873	1
8956893	8956907	3
7284384	7284381	2
8493453	8492875	1
3976325	3969540	1
6944860	6944859	1
3621964	3621963	1
3982096	3982095	2
7322202	7370453	1
10576871	10501015	1
10012411	10012367	1
11293829	11298156	1
3953621	3953622	1
10915471	10915476	1
9259994	9259944	1
9061803	9061804	3
4737015	4803131	1
9057350	9057340	2
12631036	12610079	1
4649697	4649698	2
2787089	2818559	2
6461709	6478606	1
4694402	4694401	2
6126061	6126064	1
1330022	1319608	1
10661751	10658109	1
5932419	5927130	1
8680290	8680296	1
11467861	11467862	3
6046126	6046125	2
5714064	5714063	2
10267935	10267936	2
11652116	11652119	1
4032950	4037723	1
233824	274841	1
7432921	7407572	2
9113114	9138308	2
7995232	7982187	1
8801854	8801566	2
5351611	5348280	1
10551132	10551129	1
7614510	7628565	1
7945775	7945776	2
2976343	2976590	1
11129857	11129858	1
10579093	10565762	1
7293438	7293441	1
11341627	11344240	1
8586748	8586747	1
3610897	3629605	1
10036103	10036104	1
11595172	11595171	1
11483093	11395834	1
8827569	8828291	1
3235507	3235508	1
11652955	11653101	1
3883491	3883492	1
4218396	4285906	3
3095105	3095106	1
1413071	1413072	1
11145453	7850959	1
1252021	1252022	1
4262286	4266996	1
11789879	11795898	2
11280728	11280727	1
5262405	5262408	2
3606948	3606947	1
7444345	7393869	1
966127	966174	1
1925445	1927070	1
7530969	7610132	1
986637	1016967	1
10980706	11082224	1
1761123	1732856	1
3888145	3888146	1
4689814	4689813	1
5814449	5814450	1
5994644	6013496	2
2712346	2712372	1
8066221	8066222	1
10154171	10154172	1
6013824	5999465	1
805625	805626	2
6480842	6480837	2
2563439	2585969	2
10158762	10158761	1
11206892	11208176	1
10219227	10218886	1
8891698	8892109	1
5919366	5919363	1
1519499	1473907	1
10148214	10111818	1
9551048	9570393	1
10720572	10737408	1
6073870	6164085	1
6798409	6798410	1
2029361	1957332	1
7317060	7317059	1
3738975	3809496	1
7248006	7248005	1
1356996	1356998	1
6046128	6046127	1
4447745	4447752	2
2763391	2775421	1
3606125	3532592	2
8099913	8099914	1
3299673	3307273	1
7895603	7895604	1
3155877	3215865	1
3722666	3691515	1
3496222	3496221	1
3137198	3137195	1
2353902	2353899	1
2343443	2343444	1
4993449	4993450	1
4628325	4629126	1
6482065	6482068	2
1380758	1381204	1
1479528	1498408	1
6189440	6189439	1
10178756	10178714	1
3289852	3278095	2
7911417	7911418	1
8968144	8952862	1
3823177	3812437	1
8754791	8827385	1
9979507	9980323	1
2906775	2906776	2
1102922	1163303	2
1623442	1623441	1
1469175	1468752	1
8863262	8863245	1
9047853	9047886	1
1171815	1171820	1
10338686	10338685	1
10689041	10685859	1
4029390	4091343	1
5055933	5055916	1
3918451	3918452	1
1716049	1716050	1
10345743	10345746	1
10024245	10024248	2
8899347	8899348	1
2609765	2609596	1
9777919	9777920	1
5991355	5991356	1
9351755	9418711	1
4298073	4298074	2
1467103	1466994	1
4204128	4204125	1
5817038	5802567	1
12120791	12145864	1
9371933	9296652	1
1019919	1019920	1
6104251	6177407	1
2117978	2112606	1
7214558	7214557	1
90143	90144	1
8608636	8608635	2
9630844	9636784	1
3210968	3194644	1
4277603	4277604	1
11484714	11551890	1
6154207	6128658	1
7587553	7587554	1
1378106	1378105	1
4405613	4374071	1
1341527	1273087	1
2102023	2102024	1
10101897	10096841	2
9751908	9755655	1
3117707	3117710	3
8185992	8185991	2
8708767	8716371	1
10612131	10613944	1
5344990	5344989	1
12657670	12657669	2
5073358	5145900	1
11005591	11011028	1
10198242	10198241	1
8415839	8462558	1
6064055	6064058	1
8675113	8675114	1
1461303	1461330	2
1021191	1021194	1
2529078	2529093	1
10088744	10088743	2
868500	863252	2
9919736	9944773	1
10593443	10593444	2
4771066	4771065	4
2535695	2535696	1
11158355	11219297	2
6953687	7044954	1
11583311	11583312	1
11878804	11881203	1
6957935	6969882	1
11868445	11868446	1
8000229	8004537	1
10117455	10099120	2
4859042	4859039	2
7146298	7146297	2
11100937	11100938	2
7408969	2189000	1
5457344	5457338	1
11095573	11095574	1
3954582	4038189	2
6372460	6372459	3
9699764	9742795	1
12653048	12634058	1
6857169	6857165	1
2446468	2446465	1
11590522	11590521	1
12773601	12773606	2
323937	300503	1
12398434	12490208	1
11554654	11554651	1
9752183	9705955	2
6478429	6478414	1
8293440	8293443	1
7924720	7924719	1
8149967	8109437	1
2695385	2655900	1
12271511	12286259	1
7803340	7843917	1
3875145	3919214	1
11221196	11221201	1
9670424	9736384	1
3086702	3147845	1
1662047	1657712	2
2162229	2089071	1
2927501	2928706	1
9978171	9984325	1
2596477	2596478	1
9574473	9574477	2
2843164	2826357	1
1651385	1651386	1
5365080	5365101	1
9628455	9628471	1
7436070	7436069	1
2794675	2786409	1
8010624	7946481	1
600824	600823	1
3042073	3035243	1
7782984	7782981	1
7926939	7926942	1
2180029	2176698	1
3280302	3280301	1
6380022	6363418	1
7394330	7394329	2
7817383	7817353	1
1747598	1747637	1
3502359	3492770	1
262213	263539	1
9244960	9244959	1
11034345	11034346	1
6102437	6134383	1
3904370	3904369	1
7344675	7344676	1
2529913	2513517	2
1449287	1338914	1
426462	426459	1
10589038	10589116	1
8795349	8819881	2
1751610	1751609	1
7708451	7708448	2
12268251	12268257	1
4699048	4699651	3
10931428	10931427	2
5181110	5171386	1
6097355	6011774	1
5910328	5885721	1
1562301	1562308	1
4193473	4193474	1
10438821	10377117	1
6132652	6132651	1
10046834	10070812	1
9110316	9110315	1
2677140	2677092	1
9698732	9698759	2
4706097	4706098	2
2637522	2635526	1
3991292	3997673	1
7345811	7345039	1
11481493	11488694	2
11216447	11178680	1
4819659	4822902	1
10188232	10188231	2
9038455	8935350	1
1477013	1477030	2
1161654	1161653	1
767462	771660	1
5369262	5292957	1
1266223	1274304	2
9028131	9028134	1
1074702	1058886	2
5566816	5566757	1
380542	396861	1
6981816	7045189	1
6632649	6592210	1
50141	41043	1
3551282	3551281	1
4568795	4501748	1
3020047	3020048	1
5969070	6002000	1
1667263	1667264	1
1491775	1491776	1
10892841	10892842	1
7983558	7983570	2
9271941	9271877	4
1444746	1337147	1
2525513	2522984	1
3874862	3880007	1
8395988	8490101	1
11183252	11183255	1
9710831	9684938	1
3532874	3526888	1
1021193	1021194	2
6604180	6699539	3
7666821	7677161	1
7169986	7196916	4
989374	989373	1
6201014	6199699	1
10661249	10661255	1
3482389	3497376	1
7226982	7226981	2
2554516	2554515	1
5824348	5789341	1
6214917	6214748	1
7844221	7809947	1
1311567	1276065	1
10702250	10702247	1
6800242	6803328	1
6212654	6209410	1
396015	396006	3
4687732	4687731	1
8538260	8605506	2
11222240	11221938	1
1003003	1002997	3
12188382	12235285	1
7520578	7520622	1
10929621	10919556	1
4039119	4039120	2
2793297	2805311	2
7187216	7174879	1
2538391	2522867	1
7054921	7052577	1
1247222	1299772	1
1457634	1460181	1
10989612	10984891	1
6046227	6046241	2
12763988	12763983	2
8462057	8407088	1
3577470	3576713	2
6124450	6121549	2
2392980	2347858	1
2421690	2432595	1
11568147	11524052	4
8310687	8310688	2
363729	405133	1
1739015	1739016	2
12038811	12034645	1
5795228	5758220	3
7265936	7265935	1
3361350	3361349	1
2778882	2776289	1
3447542	3511175	1
8625622	8689719	1
6734774	6734778	1
10808426	10822257	2
7198896	7172504	1
6844493	6819033	1
5875365	5875366	1
10287836	10283916	2
4326691	4191386	2
9170343	9170380	1
10762575	10762576	2
10553233	10613532	3
3859084	3964008	1
11852397	11853808	2
10631368	10631367	2
1598027	1615638	1
1302128	1396963	1
6177231	6104774	2
8169756	8169755	2
3694135	3733634	1
4473347	4467077	1
3564375	3494734	1
2754625	2754628	1
11196681	11184802	1
2539544	2541406	1
4429545	4420993	2
3982246	3977449	2
11741626	11743095	1
11915472	11915469	1
3040671	3041942	1
12492031	12426417	1
1674855	1697713	1
4789678	4799454	2
6995300	6941193	1
133177	137482	1
5061817	5121729	1
12232951	12232952	3
4168439	4188409	1
1711782	1600781	3
7255217	7127979	1
4652137	4672780	1
2628259	2628260	1
12408391	12408392	1
9719428	9719427	1
8514407	8514410	1
12391495	12391502	4
1611536	1531717	1
2155649	2111729	2
5236904	5237305	1
1579515	1592753	1
11098531	11098532	1
549010	549009	1
8743315	8687869	1
7513440	7501267	1
10627536	10634700	1
9981590	10064337	2
4524379	4491350	1
6109274	6067261	1
10654717	10654718	2
2339351	2339152	1
11795354	11795357	1
10798205	10798206	2
2994516	2907502	1
871652	871570	1
7091107	7091125	1
6562537	6562538	1
10668257	10683090	1
7284206	7288889	1
4545865	4552575	3
9986282	9922087	1
12747372	12754512	1
4067544	4108472	3
9455124	9453429	1
7362823	7362824	1
5199750	5199415	1
11919270	11919269	1
1186308	1186307	1
11467406	11467405	1
3931337	3984267	1
3397367	3397368	1
9184777	9184778	2
6142220	6142160	2
1251820	1251819	1
10190678	10190708	1
3026051	3026034	1
7864431	7864434	1
12442980	12442979	1
1337357	1328495	1
10915471	10915474	1
11571467	11571468	1
9026666	9026626	1
1783518	1783530	1
5957762	5957761	2
11424245	11422293	1
10578013	10579507	1
10189618	10079649	1
11754175	11772372	2
2238393	2259116	1
6093764	6012066	1
7707050	7707049	1
6004313	6071400	1
3292272	3292271	1
8877908	8877907	1
9602470	9602469	1
11849905	11849906	1
3363103	3363104	1
7327335	7326342	1
5863504	5863503	1
430873	430874	1
7894189	7894190	1
10635186	10635185	1
2897388	2846089	1
11163194	11163169	1
9137946	9145132	3
11893572	11893571	1
6593201	6582531	1
11064732	11106925	1
8506793	8506794	2
11941717	11941720	3
10988049	10984604	1
2743285	2780957	2
12801901	12777801	1
7576683	7576668	1
11640048	11640047	1
6145751	6141870	1
9057352	9057340	1
3090823	3097575	3
5973255	5973256	1
8795355	8796899	1
3960279	3966999	1
12145347	12145565	1
6137115	6158972	2
9627266	9622929	2
3476745	3476919	1
11229872	11241027	1
9124093	9102304	2
9107251	9041411	1
1643437	1643438	1
9770038	9770037	1
8473504	8523729	1
3606806	3606809	1
11242072	11278193	1
8654483	8713027	2
5238993	5238994	1
480346	490122	3
6975993	6913866	3
2590689	2590690	1
12445039	12431487	1
4069555	4073083	1
4682098	4682097	2
10587730	10587729	2
8885125	8885126	2
4165919	4161644	1
5811695	5881033	1
8299890	8298930	1
6033381	6033382	1
1773441	1773449	3
8644679	8644665	1
1076496	1076495	2
9726629	9726630	1
361103	323739	1
10671891	10671892	2
8766997	8825186	1
2136577	2159223	1
9928249	9900355	1
4322212	4328065	1
7624602	7624601	1
9689554	9612056	3
713804	775248	2
2334104	2334103	1
3712775	3702499	1
2245600	2245597	1
4088315	4091474	1
8551064	8550657	1
12777717	12777718	1
10977344	10947960	1
3156465	3156470	1
7082643	7030744	1
2793297	2805313	2
391190	391224	1
1066248	1077378	2
7253011	7229992	1
12813644	12813643	1
9977819	9977820	1
5261929	5316780	1
3554962	3638502	1
762647	762648	1
12423439	12423440	1
7205427	7219967	1
5709248	5714244	2
6989782	6987389	1
11847597	11847598	1
9597258	9588140	1
2850947	2976255	1
7919183	7919184	2
9014585	9024309	2
8913956	8918779	1
7989250	7989249	3
3637898	3601789	1
12179561	12190078	1
9191864	9159196	1
7381086	7391048	1
3912057	3823534	1
435912	519348	1
6073957	6073629	1
4845510	4845146	3
11894567	11894378	1
11887198	11879806	1
960869	969902	1
7768947	7768952	1
11187830	11111711	2
1434321	1491238	3
10077421	10077422	1
2269695	2270087	2
1612026	1613686	2
8983366	8983566	1
1733344	1733320	1
5391691	5391692	2
10671789	10671790	1
936290	936289	2
8927919	8867108	1
4548486	4553382	1
2063582	2057652	1
3551316	3559232	2
5784114	5784113	2
12799818	7586251	1
1609736	1568352	1
8718501	8718502	1
9761959	9761962	1
11531871	11547023	1
1601276	1613809	1
7992479	7992505	1
7442325	7441088	2
3955858	3955059	1
8375220	8372525	1
7832534	7827222	2
6014244	6066790	1
461723	461724	2
4369971	4295995	1
7789082	7775496	1
1691986	1575331	1
4301061	4301062	2
6933983	6933984	1
3299071	3299072	1
8744076	8831006	1
6209622	6209619	1
6194678	6194677	1
627414	627413	1
5847406	5927623	1
4602688	4602158	2
2785003	2721109	1
10169399	10169360	1
8972184	8952667	1
4537812	4537811	1
401043	483744	3
619215	522071	1
1444747	1444750	1
2102107	2101793	1
6311705	6311706	1
1189057	1189058	1
9036607	9023214	1
9828691	9934665	1
8358592	8346925	1
10129968	10132281	1
876329	872523	1
3239824	3241844	1
7940476	7940475	1
5824251	5824252	2
11703012	11765528	2
1541187	1542147	1
12482256	12482265	1
12294164	12442166	1
7924959	7924951	1
12318335	12318336	1
2473350	2473349	2
3940667	3940668	1
12229874	12229873	1
2449511	2449512	1
3473044	3474648	4
431991	431992	2
1426687	1469042	1
11879071	11873160	1
11506414	11506531	1
4104124	4053602	1
5364213	5364214	1
3890882	3870856	1
6175807	6167810	4
6700903	6700904	1
1400408	1400338	3
2654304	2654303	2
7094141	7094142	4
1008392	999213	1
3700824	3700823	1
1486681	1486682	2
1184752	1184747	1
3683163	3683096	1
12485042	12485041	1
10595876	10616786	2
7664421	7619844	1
6230654	6288282	1
1762844	1747603	1
11647667	11647668	1
2035828	2030936	1
5590417	5598482	1
9702988	9670888	1
3559879	3541859	1
4580099	4580100	1
9580097	9598526	1
8726588	8726587	2
6147981	6167255	1
6174471	6174472	1
3959473	3959474	2
2528592	2528599	2
3632274	3632273	3
9604654	9542163	1
7234149	7247245	2
1651421	1554661	1
231346	276395	1
12647818	12647817	1
12383452	12395742	1
10202918	10167020	1
1077956	1158712	2
3377801	3377871	3
8225346	8225345	1
10139728	10140607	1
4531099	4531100	2
8255742	8230486	1
10964897	10967583	2
2597156	2573135	1
1634446	1634445	3
7909371	7909374	1
3294552	3294549	1
4387408	4387407	1
178346	178345	2
5328191	5315780	1
2255111	2246281	1
6413882	6417110	1
7436068	7435817	1
5176788	5256042	1
9001550	9050493	1
8464949	8549050	1
10888143	10915470	2
2587912	2489752	2
11762409	11779501	1
5879956	5879998	1
3228584	3230966	1
7911616	7905566	2
3545957	3545958	1
12178104	12184337	1
7754275	7755089	1
9143715	9143716	1
11523396	11523395	1
7878912	7876141	1
10750667	10746939	1
5923672	5923671	1
2590048	2565995	1
9391938	9391937	2
1633612	1651969	1
3778804	3858441	1
10143303	10143304	1
2229010	2215018	1
1736368	1736376	1
5207044	5138736	1
2331286	2331275	1
10302535	10297725	1
3362945	3367833	1
7292239	7292240	2
9631082	9624100	1
226022	226036	1
11162320	11178869	1
3244421	3292124	1
6159101	6159102	1
3931699	3972712	1
9328535	9326542	1
6318163	6318211	1
7750784	7726803	1
9107803	9107827	1
2967000	3054703	1
10419613	10418925	1
9128414	9106810	1
2245696	2305852	1
12378025	12378079	1
8454671	8454672	3
8357255	8357227	2
1695831	1704788	1
7976899	7930554	1
11043765	11048911	3
3537339	3537340	1
7901698	7901697	2
1133086	1159492	1
4267184	4267140	2
9682425	9603567	1
4632638	4632635	2
1361624	1358516	1
3319087	3319088	2
5602198	5602358	1
9193120	9193119	1
10307781	10340477	1
9636978	9628287	1
8565456	8565455	2
6166862	6163966	1
7106026	7026854	1
426462	426461	2
1742135	1660799	1
5193687	5197347	3
3997381	3997382	1
12192622	12192621	1
8473502	8523729	2
8014259	8014260	1
8596625	8596612	1
3311225	3303746	1
3304022	3313662	2
10505004	10505003	1
9341158	9301256	1
11141766	11141510	3
12524084	12523821	1
6196805	6130604	2
10300192	10300189	1
9779652	9747953	1
3826342	3826398	1
550829	550830	1
2356051	2356201	1
1293529	1293532	1
6436703	6436704	1
5621419	5629704	1
6593417	6593404	1
8684575	8684576	2
4016504	4016503	3
45792	95534	1
12748017	12797889	2
8226991	8226141	1
265038	302670	1
11709623	11695527	1
10696441	10696391	1
9439528	9435275	2
9023155	9023156	2
5213754	5205158	1
11373468	11416180	1
426460	426459	2
9107803	9107804	3
1152520	1152519	2
6169369	6147515	1
3086018	3086017	3
1617095	1619377	1
6946052	6946047	3
3510901	3605937	1
9968858	10054499	1
10420014	10399017	1
3854809	3854788	3
6029207	6008495	1
4707400	4710860	1
6882745	6882746	1
11765450	11718164	1
3773950	3773949	1
5306736	5361863	1
10989613	10986411	1
6057003	6057004	1
12309594	12318196	2
4004953	3982097	2
11719447	11720492	2
10380358	10380357	1
7268692	7268691	2
8432697	8384546	1
11163179	11163180	3
3700691	3700692	1
1246282	1237197	2
2564627	2616167	3
9436488	9434245	1
268666	268665	2
1833069	1830319	2
4295491	4374557	1
10405342	10405341	2
10454815	10453930	1
537210	537207	1
8003968	8013551	1
5899788	5899810	1
2191569	2191567	1
12177615	12177616	1
12634658	12634637	1
798974	743406	1
4656737	4669512	1
520599	541897	1
2986796	2986795	2
3164835	3164836	2
9307206	9305457	1
12468615	12468608	1
1215862	1197903	1
8165244	8165243	3
1167095	1168001	1
8291845	8291846	1
7303204	7289087	2
7874248	7926671	1
9617744	9617743	1
1004348	1004345	1
9170214	9124850	1
1367344	1422775	1
6125346	6125413	1
4355042	4355039	2
94476	153144	1
10750659	10750666	2
11917782	11917628	1
9631905	9665494	2
8491082	8471952	1
8673717	8682865	1
2070032	2070031	2
10579889	10579758	1
11603581	11603600	1
5252279	5252280	2
8158809	8158810	2
3819194	3818266	1
11805879	11807673	1
6111125	6111129	1
1165150	1165149	1
7591873	7591874	2
6468106	6468089	1
6998548	6998547	2
10685442	10685441	3
11243611	11264359	1
12310477	12310578	1
1009638	1009416	1
5745858	5746416	1
4010796	4026983	1
2712254	7707232	1
11335908	11340478	2
3478279	3478224	1
7098889	7098892	1
10251441	10251436	4
10604089	10604090	2
4340084	4343539	3
1114011	1166758	2
7197957	7197960	1
10560393	10559798	1
57350	57353	1
11173534	11173470	2
2449343	2489615	1
8700634	8700609	3
7663381	7638700	1
11941314	11920142	1
3526053	3526054	2
7797856	7797853	1
3497265	3497266	1
8655013	8655014	1
11268278	11318616	1
3022189	3022190	1
5825284	5772631	1
7024737	7024738	1
3134444	3081617	2
4857453	4853174	1
10658525	10658513	1
11603579	11603580	3
8677748	8677745	1
2124068	2006368	1
3768177	3927102	1
4956445	4956446	1
7138574	7146299	2
1315727	1318320	2
7197884	7197894	2
8426113	8426114	1
11467804	11547443	2
1569735	1609788	2
2570736	2570735	2
3577946	3533227	1
7747830	7747827	1
5487538	5487537	1
7993851	7946960	2
3299355	3298653	1
3003214	3003191	1
3907986	3908075	1
3244038	3238591	1
8565960	8565959	3
9163185	9054608	1
7414236	7376572	1
7945399	7945400	1
1123615	1123616	1
11497416	11497413	2
12266661	12155844	1
9696325	9678069	1
12810928	12810902	1
7981174	7991879	1
7912502	7912660	1
12428397	12427016	1
7372388	7375007	2
5513858	5513857	1
9195304	9195307	1
575321	575322	1
1284382	1284379	1
5124822	5123793	1
12355003	12423160	2
6247490	6247489	1
1856963	1856964	1
7035367	7035370	3
2512763	2539083	1
8701541	8714697	2
7858667	7858746	1
14322	9428	2
4366895	4370361	1
1358429	1358430	2
12765040	12765045	1
4629213	4611295	1
9710871	9710872	2
9668134	9624464	1
5616605	5610584	1
3404414	3467133	1
1416899	1416900	1
5285621	5290314	1
5807596	5807612	1
10789285	10789613	2
12122618	12121384	2
9763125	9776042	5
8573300	8573297	7
6895921	6950699	2
267801	267802	2
382598	369434	1
4083250	4077433	2
5988759	5988760	1
7147833	7149350	1
1717446	1717436	1
4426908	4426907	1
2356153	2353916	1
7794618	7794613	1
4283749	4283750	2
2836541	2897646	2
12003427	12003433	1
4709001	4708188	1
3569211	3587962	1
2969503	2957536	1
3220109	2347036	1
10516860	10450093	1
7937332	7939971	1
5917448	5967699	1
10075311	10092801	1
9306237	9306238	2
5069600	5069599	2
4068058	4081927	2
7892828	7892827	3
7643389	7640159	1
4359899	4359900	1
12424882	12444350	2
6675785	6675786	1
1302777	1312698	2
3588147	3588148	1
9029866	9035486	1
3810867	3807294	1
5705123	5752002	1
12558561	12554831	2
11187647	11187648	1
3253978	3269607	1
8416123	8416128	2
1287997	1293956	1
10939932	10940712	2
9241829	9241830	2
10922039	10928008	1
8291843	8291844	1
4832756	4832753	1
10566362	10584941	1
11138062	11131786	1
7780028	7778016	1
8512765	8559350	1
12617782	12618838	2
5401392	5390802	1
4067932	4067931	2
1443123	1443124	2
4198915	4177803	1
1823126	1830865	1
3729636	3641027	2
5390517	5390481	1
7858667	7858744	1
734414	734424	1
12553604	12553601	1
755085	754575	1
8866572	8867099	1
11615961	11615962	1
4354557	4354558	1
7114275	7109117	1
9520769	9521751	1
7895796	7889604	1
4175854	4188557	1
9680720	9680717	1
5429582	5429581	1
5521998	5514769	1
9698348	9655592	1
12185450	12185447	1
3233285	3233288	2
7614512	7614511	1
1293337	1293338	1
4759965	4759966	1
3927591	3927452	1
5711600	5711757	1
11382952	11384606	1
3243290	3254691	1
12632985	12613445	1
8567534	8565839	2
1942272	1942271	1
582142	500633	1
8181134	8180644	2
4851855	4851856	2
11071183	11012841	1
21074	10248	1
11480465	11548844	1
12790727	12782958	1
1606957	1606896	1
6244540	6244539	2
8966444	8899624	1
1360181	1360182	1
8378154	8378153	2
989724	989913	2
2757756	2757755	3
9630651	9653400	1
11918433	11924897	1
12276584	12276583	1
3365608	3363625	1
5619871	5628239	1
8784433	8723306	2
1093692	1074281	1
715328	677216	1
4417308	4417305	1
1697426	1697425	1
12016925	12016926	2
8291413	8291414	1
5047541	5047542	2
1188059	1187415	1
11697160	11697155	1
9524763	9524764	1
5213040	5212996	2
8648383	8623629	1
2297251	2269928	1
150041	150050	2
10294391	10291559	1
9130972	9172298	1
8018171	8018195	1
5070673	5150821	2
10650206	10552010	1
4063930	4063929	1
5211709	5312241	1
11580904	11565604	1
2583692	2583145	1
7359797	7362431	1
4138792	4140678	1
8317127	8317128	2
3521836	3521835	1
6957929	6957930	1
10397753	10320576	2
3144950	3137199	1
7437503	7437526	1
3426994	3426993	1
4580083	4579074	2
5441854	5504125	1
12622158	12622121	2
10547027	10501015	1
12713646	12724243	1
7737543	7737544	1
4868606	4868605	1
6892873	6892874	2
10798203	10798204	2
1396539	1396540	1
945268	942037	1
8363369	8363372	1
3281134	3281726	4
11766479	11754174	1
11093472	11123463	1
1523366	1520873	2
4196400	4148947	1
2330173	2330174	1
10100697	10201822	2
2842878	2884043	2
9904786	9995110	1
5583352	5566090	1
4003696	4111198	1
4545538	4545528	2
3144447	3128617	2
10057016	10044796	1
8415973	8415801	1
8758864	8758867	1
1158434	1158444	1
7516466	7516465	1
7275805	7279268	1
774113	774114	1
3154856	3154794	1
1170034	1174554	1
5886012	5885990	1
5642480	5642479	1
10057578	9994701	2
1114456	1158542	3
8713315	8713370	1
264948	264947	1
5949445	5949446	1
4739991	4735535	1
8470587	8470660	1
5196888	5196887	2
9306237	9306428	1
2773865	2773866	1
375198	349325	1
7751380	7745286	1
1036019	1036020	1
10084504	10084503	2
4839055	4843809	1
887944	887943	1
7889616	7889748	1
1017812	1017811	1
3906404	3906403	1
3703744	3703743	1
12477668	12477667	2
11033404	11093889	1
169426	198170	1
8006325	8002038	1
1592208	1592207	1
460140	460139	2
2456211	2456206	1
10250570	10250547	4
6037567	6037568	1
8006492	8006452	2
360409	351844	1
7148399	7148392	1
1700180	1694447	1
6209165	6172971	1
1886253	1938289	1
442961	514077	1
2933406	2900585	1
11150082	11134197	1
5988628	5988794	1
11494415	11494416	1
10616531	10631371	2
11373502	11360031	1
5449597	5449598	1
2639253	2657990	2
5290524	5219522	1
8557303	8557306	1
9776499	9763156	1
2437883	2441515	1
4732252	4631289	1
12788838	12739907	1
438496	415476	1
9493321	9489761	1
57352	57351	1
10735511	10746695	1
10041331	10032264	1
4287055	4287056	1
7335673	7402864	1
4253486	4253485	2
10132894	10132783	1
7135147	7124851	2
10367868	10367867	2
5693272	5692247	1
5642484	5642481	2
3883372	3883371	2
10757728	10757727	1
9421264	9421263	1
5491244	5491243	2
8483731	8483732	2
10226484	10221698	1
7428246	7428245	2
3498838	3498837	2
62448	62447	2
348747	373559	2
3137702	3159491	1
1477913	1515921	1
2962676	2934837	1
3859090	3859087	2
1555707	1650491	1
9003628	9003627	2
9308479	9308480	1
6700905	6690617	1
9848384	9848383	2
2143792	2143791	2
7028913	7028914	1
8386568	8366235	4
9518893	9490923	1
11599999	11600000	1
5939633	5918264	1
10125589	10124489	1
8889875	8889876	4
6168836	6186167	1
11720906	11720903	2
3729266	3746203	1
6462373	6459482	3
2096736	2096735	4
11638153	11638139	2
5631815	5632178	1
3692674	3688278	1
4705568	4705567	3
10432054	10427846	1
90613	153338	3
4035234	4035525	1
9420609	9420610	1
2829786	2737558	1
1151841	1151842	1
7315077	7316409	2
1493569	1502607	4
2009189	2009212	1
7279249	7279250	1
1713271	1713353	6
10220749	10220718	1
9011098	9011097	2
2131001	2148453	1
2148368	2065524	2
8301577	8306438	1
7352768	7352772	1
10413252	10413251	2
2387770	2387769	1
12302359	12202231	2
3021459	3021460	3
4031419	4010371	1
8238613	8245984	2
5018303	5018304	1
9281625	9274912	1
4819676	4819675	1
9346085	9346090	2
7723924	7723859	2
3901305	3902182	1
4336691	4329434	1
1578118	1580311	1
1505131	1505132	1
7533650	7465791	1
8505552	8505708	1
9062186	9068189	1
1249678	1249699	1
7125300	7125262	1
10059543	10059689	1
10216903	10216874	1
9102940	9102534	1
4065831	4077388	1
9536588	9536587	2
4035324	4035323	1
9092063	9092066	1
8329611	8277234	2
4688394	4688397	1
3758594	3758591	1
11238999	11234933	1
7005639	7005634	1
12400066	12401736	1
1796040	1801686	1
8739352	8739351	1
2088889	2088890	2
6482063	6482064	2
11991113	11991118	1
5575959	5575960	2
8606140	8606139	1
516538	516537	3
12016260	12016259	1
8572153	8566165	2
5885418	5885417	2
1295919	1295920	4
675706	675705	1
153311	44336	1
12159867	12159868	1
5097670	5097662	1
7314993	7314996	1
6079228	6079227	1
5326222	5326221	3
12052332	12052503	2
12757496	12769068	1
9001533	9085969	1
10473949	10473952	2
343052	343051	1
6968069	6968072	1
7191728	7206291	1
6199108	6199110	1
5179454	5179486	1
10143694	10120762	1
7032521	7032576	1
1461917	1461918	1
5071871	5137649	1
10481435	10464903	1
6203980	6206890	1
1183411	1183412	2
10045843	10075223	1
6576643	6595749	1
10065298	10059100	1
11048674	11048667	1
3623926	3639357	1
7183361	7183364	1
5880728	5798410	1
7397242	7397247	1
11941750	11941716	3
7644812	7654837	2
1132505	1088789	1
11834541	11834542	1
11399976	11399975	3
2461383	2461384	2
5240207	5226702	1
5200716	5200715	2
9031153	9042378	1
10623612	10623611	2
5813678	5755946	3
1748580	1748553	2
11219804	11221375	1
8077293	8062626	3
1923094	1923091	1
1086517	1099201	3
2356046	2382941	1
5269116	5161947	1
3188076	3188075	1
3969154	3969153	3
6865878	6868360	1
9014585	9024307	1
3546293	3540822	2
8370559	8370560	1
7331038	7319294	1
6200281	6184618	1
6131222	6131221	1
10225227	10225216	1
8858986	8858816	3
8655011	8655012	1
3807076	3806117	3
585071	577392	3
3770499	3770475	1
3050728	3050727	2
5331821	5418961	1
11223041	11223321	1
9980341	6929103	1
2187763	2187764	1
6184932	6184931	2
6661080	6763338	1
2152855	2172687	1
1395323	1395324	3
5888128	5888127	1
8791874	8775212	1
1201006	1213567	1
12444887	12444888	2
4311629	4375585	1
7848076	7848152	1
1554226	1521359	2
12152819	12152824	1
7764300	7764297	1
1478281	1478292	1
2484044	2441427	1
1589726	1589725	2
8962776	8962775	2
5938434	5958649	1
11346038	11346037	1
2416135	2473536	1
6366482	6328577	3
2227795	2163577	1
2793295	2793296	5
4290025	4289989	1
9571651	9571652	1
6024222	6024225	1
8446012	8467358	1
10096341	10096342	3
6739999	6739965	2
5930043	5930044	1
850302	915598	1
7969593	7963600	3
7093691	7016799	3
373207	373210	2
3957780	3957761	1
4282558	4282555	2
6008190	5944369	1
9659141	9643116	1
3115984	3115983	2
3016453	3039914	2
7395436	7354326	1
3321103	3321114	1
8917613	8917614	1
9420571	9420572	1
11268278	11268277	3
7368607	7372014	2
4715005	4715017	1
7768348	7768347	2
4241044	4217100	2
672531	672532	1
7680675	7693204	1
3507850	3507847	1
10172842	10172847	1
6574805	6574817	2
10130142	10130145	1
9552390	9552389	1
8532249	8533502	1
9230082	9230073	2
4336063	4336170	1
948609	867901	1
60835	53063	1
6071329	6003483	1
8149433	8049746	3
2768384	2777453	1
3826891	3826915	3
9620054	9620047	1
5844192	5843840	1
9524760	9584190	2
2949259	2949260	1
10720903	10729847	2
9076334	9076333	2
11002908	11002592	2
12800016	12799942	1
2980430	2980429	1
1398747	1398748	2
1628616	1628615	1
3825696	3825799	2
5577850	5577969	1
2560895	2606702	1
6103001	6198146	1
4014485	4015205	1
483011	483052	1
793787	792717	1
2798711	2798806	3
189398	193718	2
9068755	9085314	1
12164607	12164608	2
6243735	6295637	3
8090302	8176358	2
11475443	11475054	1
7458848	7468361	1
2390419	2250412	1
2347809	2381279	1
7463206	7463203	1
5971599	5966216	1
11041791	10962398	1
4167191	4173216	1
347260	347259	3
1861895	1921123	3
8450647	8450648	1
7401482	7401481	3
3377797	3377800	4
7717179	7717182	1
778526	771369	1
5832519	5832520	1
2126613	2204863	1
9030572	9030571	1
10215780	10156948	1
3667327	3667330	1
7980754	7980753	1
8835934	8835933	4
10216849	10202922	1
4118967	4118968	1
7947848	7948095	1
12466471	12465277	1
3116756	3116752	1
5857329	5762225	2
8559353	8559354	1
5647473	5647531	1
5219528	5219527	1
2858395	2880783	1
7613489	7613490	1
10628973	10628974	2
3340418	3340417	2
8103050	8099912	2
12662859	12662860	2
897065	896783	1
437350	437373	1
4716513	4717415	1
6204790	6215917	1
4300150	4299434	1
2596754	2595198	1
7397257	7397258	1
12774513	12774514	2
4360201	4385451	1
12341194	12368262	1
3205262	3207274	2
4331621	4331622	1
2947247	2982373	2
8869912	8869911	1
455174	455173	1
11920096	11924991	2
6116085	6163326	1
628821	628822	4
10599974	10599973	1
3450705	3468671	2
10579553	10484882	1
6121181	6081767	1
8538065	8538086	1
8794798	8794797	1
9529773	9540259	1
7793861	7793013	1
1756763	1756764	1
1637025	1637026	1
9963306	9963305	1
10123165	10123166	1
5829041	5829220	1
10042941	10042932	1
4517093	4517094	1
11157308	11185815	1
3532040	3532039	5
1469938	1471318	1
12613097	12613098	1
334482	334481	4
2473737	2537201	1
4510218	4515995	1
11582819	11582820	1
7191073	7172344	1
12737991	12736715	1
8758563	8758564	2
868292	868291	1
3796601	3796602	2
10003879	10003887	2
2712067	2712068	1
11200580	11206117	1
3123656	3123678	3
1535086	1535115	1
8876213	8864279	1
11154982	11154981	1
3274327	3274328	1
3298193	3298194	1
6189463	6194032	1
11081954	11081953	1
5292980	5292956	1
11442274	11461651	1
6831724	6853393	1
112349	112352	1
8261141	8241912	1
11115080	11115079	3
12198903	12052860	1
2294113	2288274	2
10546219	10547861	1
2834077	2834078	1
10376079	10376080	1
11004322	11064497	1
2298907	2375235	3
12476876	12476911	1
723019	683387	1
4430410	4437608	1
12511887	12511888	4
10670488	10676929	1
10707057	10751773	1
11584307	11594404	1
2306572	2306571	1
11992109	11992110	1
1644837	1644838	2
10561330	10561329	2
9606818	9606666	1
5507041	10538780	1
11616902	11655838	1
1491947	1508526	1
11677896	11677895	1
5809357	5809350	1
7505771	7477615	1
7264710	7276982	4
5960430	5971728	1
9078206	9078199	1
2952465	2952468	1
6402247	6422085	1
10667629	10667844	1
8802881	8802882	1
5394695	5394730	2
1239803	1247185	1
7041881	6963759	2
6594562	6594561	2
5889174	5889173	3
5987491	5997201	1
4051508	3976717	3
3427426	3427425	1
4382267	4465365	1
1153521	5468123	1
10654010	10654009	1
689081	620900	1
12208365	12208366	1
5706869	5706872	1
12359013	12348459	1
7699132	7669973	1
7689007	7689012	1
1088560	1118732	2
5584705	5581490	1
2630258	2666813	2
1786382	1786394	1
6579482	6579479	1
3905116	3893077	1
11904147	11904148	2
6640684	6697831	1
6132130	6143327	1
7897311	7886734	1
9294012	9300146	1
2160816	2160815	2
12369473	12369474	1
12613099	12613239	2
8480166	8495794	1
768085	691981	1
7867643	7867862	1
8720438	8732647	1
10432959	10465719	1
6060195	6066938	1
9169619	9104051	1
405956	405653	1
3191653	3191628	1
2353557	2405804	1
727368	727367	1
6124968	6124967	2
12123262	12123250	1
2140356	2141019	2
9186690	9161988	1
1298722	1294132	1
12502136	12524675	1
6118599	6196713	1
3666330	3666299	2
11999658	12015711	1
8889152	8880168	1
4836360	4836352	1
10222898	10212364	1
1174605	1115102	1
2954428	2954427	1
8007047	8007048	1
945489	945490	1
10282210	10282213	1
6050266	6050263	1
8316309	8316304	2
2111490	2060194	1
10331649	10331650	1
9531560	9590058	1
1311639	1310558	1
7998928	7998031	2
8357562	8414722	1
2255810	2255809	1
11624692	11626834	1
11647667	11652120	1
6166677	6175047	1
11276536	11276535	2
8816684	8816198	1
1673073	1673074	1
3569654	3569659	3
253955	253956	2
8155210	8157145	1
143739	143740	2
11678169	11678174	1
1532546	1532385	1
11324263	11310814	1
7197889	7197890	1
5506233	5506234	2
7106518	7094140	4
3988946	3981418	1
1083444	1165658	1
12152821	12152824	1
6404857	6412438	1
1273769	1272784	1
6691210	6680950	3
7709693	7709694	1
1167730	1167729	1
2772675	2772669	2
1792028	1792025	2
4837535	4855247	1
7533266	7533263	1
5952669	5864365	3
4602361	4602362	1
11207108	11184998	2
2085629	2085616	1
7590215	7590216	1
4623450	4623449	1
12461192	12461191	1
2934252	2934260	1
1612026	1613688	1
852911	852912	1
1491757	1511966	1
6962719	7037460	1
5420497	5379658	1
130138	130137	1
2272085	2279389	1
8874391	8874392	2
12489806	12489805	4
10560224	10571124	1
7600210	7581274	1
2867302	2867301	1
1157322	1187368	1
3976269	3981566	1
4643183	4490846	1
11890305	11889340	1
12616033	12616034	1
11087141	11087142	1
4724479	4724463	4
1011279	1011280	1
3766264	3766263	2
1280846	1222962	1
70597	70598	1
434795	437307	1
3555258	3561480	1
11739456	11739455	2
12776956	12774259	1
7285471	7253489	1
3319259	3319262	1
3730369	3730370	1
657830	657827	1
435898	431965	1
1413501	1467701	1
4372361	4372362	1
10764482	10761353	1
4787063	4787064	1
10177158	10177157	3
2516507	2489050	1
7393264	7393263	1
10450933	10450934	1
6102435	6102436	3
1567291	1567292	1
3091031	3091032	1
3704074	3704073	1
10245465	10245466	1
7410677	7356892	1
2299714	2245634	2
1382931	1335897	1
1311495	1311415	1
1218326	1193097	1
10964388	10964387	2
1448654	1390940	2
1184028	1184027	2
7941400	7941395	1
2946061	3057008	1
2545781	2545782	1
2048798	2078937	3
7609328	7667749	1
3151906	3151880	1
10225345	10263235	2
4087026	4087025	1
4425864	4425861	1
1791434	1791433	1
12543693	12577885	3
12404712	12404711	1
2539296	2588824	2
12238399	12202223	1
4177083	4177084	1
11306586	11245889	1
9075595	9033293	1
3623794	3592411	2
8600318	8618131	3
5916096	5914823	1
6157436	6157433	3
7719629	7789015	1
5468623	5468641	1
2144068	2098971	1
6095463	6095464	1
7403316	7403319	2
7880406	7880405	1
8704273	8704266	2
1045376	1045249	2
11941314	11920140	1
9247721	9269652	2
7419045	7351849	2
10133336	10067548	2
1726484	1750654	1
407811	407812	1
3007678	3007677	1
2040884	2044379	1
9929198	9926700	1
3637998	3623365	2
10326883	10326884	2
6117773	6048173	3
7934191	7936739	1
9583223	9592585	1
11105076	11102077	1
2164893	2164894	1
11142625	11142626	1
3446546	3446545	1
1098878	1098877	2
1270033	1306534	2
426873	426463	1
9393351	9383142	1
8987820	8987819	3
4715347	4715348	1
11410615	11471221	2
9237817	9237818	1
11173389	11171459	1
3857393	3857402	1
10048570	10048567	1
8908490	8908489	3
11564853	11594757	3
12768027	12768028	1
9675817	9675818	1
3229684	3231095	1
1615932	1599872	1
11467859	11467860	1
5099927	5159739	1
1330024	1330023	1
7369962	7370005	1
9971973	9946752	2
6075776	6120719	2
1551528	1459959	1
9046460	9046459	1
6119673	6079505	3
12632945	12632934	2
8920929	8920830	2
7266746	7266702	4
2686229	2684889	1
7206095	7272625	1
11834020	11830494	2
10632221	10632222	3
2088765	2088766	1
10422340	10420041	1
8213394	8213393	1
10451098	10450362	1
10309897	10357108	1
3927680	3927710	1
11572223	11576641	1
10375606	10375605	1
4497859	4497647	1
387838	372941	1
9026571	9026542	1
1834721	1832270	2
9799154	9778786	3
9365744	9374449	1
10682632	10682111	1
6384163	6400057	1
11471007	11536574	1
2161183	2161184	1
2818899	2818900	1
3705486	3705485	1
1423232	1363545	1
3695807	3719814	4
11382788	11382964	2
4869157	4869160	2
4295875	4295876	3
2614346	2614345	1
9900472	9900469	2
11111649	11111650	1
11806918	11794250	1
745069	806371	1
1048269	1049103	1
4267760	4267759	2
2465243	2477287	1
3049793	3050389	1
5883653	5893097	1
6795496	6795975	1
5536468	5536467	1
4297343	4291157	2
451967	451694	3
2707319	2707573	2
1694947	1694948	3
2468737	2557883	1
10125766	10109803	1
9228903	9259459	1
12684473	12684474	1
10734777	10726684	1
9637840	9599466	1
5912469	5912448	3
8043890	8044019	2
1276982	1261061	1
1041109	1065184	1
1664790	1705006	1
11282621	11282582	1
6919367	6919368	1
6165259	6170935	2
6993758	6993757	1
6074154	6074151	1
6175762	6168496	1
9628695	9595478	1
9527097	9559390	1
7438362	7438263	1
7897560	7897544	3
1942668	1942667	2
5594730	5534546	1
9763324	9763323	2
12196984	12177372	1
8567057	8567321	1
4813026	4813025	1
1314481	1314484	1
11569164	11569078	1
1395540	1395539	1
9757807	9757754	1
2548511	2548512	1
1516017	1476446	1
9193843	9193844	1
985211	985212	1
11923180	11884176	3
5923450	5940121	1
3021455	3021460	1
6068393	6068309	1
7776601	7776602	1
4286472	4282749	2
143516	188208	1
11940598	11940597	3
9974961	9974962	2
3984210	3984299	1
5782655	5761099	1
5933581	5933620	1
128393	128417	1
9243765	9237646	2
5334492	5334491	1
5734071	5735227	3
8738188	8738187	4
7287682	7287681	1
8511651	8511652	1
8606143	8606139	1
7601791	7637876	1
2248978	2248969	1
2990280	2990549	1
5161880	5161879	1
7285620	7244276	1
10223601	10223730	1
11411511	11361963	1
6846607	6846608	3
11118247	11118239	2
10141624	10141623	3
1932726	1932725	1
8576223	8576224	1
10672131	10672525	1
10756158	10687850	4
3328932	3328931	1
7961641	7961636	1
11766633	11766634	1
4074914	4074913	1
2849154	2849153	1
1287803	1286176	2
8413523	8370556	1
10579004	10507571	1
10628691	10628692	1
2195911	2195919	1
2062244	2006776	1
9557871	9557563	1
9073299	9073300	2
9661517	9661518	1
863253	863254	1
8367780	8335478	1
11436378	11436377	2
3911180	3925251	1
10268056	10268055	1
6318079	6393591	1
12358389	12358390	1
1295838	1295837	1
10656232	10656231	2
6189743	6189744	1
5593396	5593388	2
3323677	3323585	2
10084506	10084505	3
5811469	5813581	1
6596495	6598310	1
7493191	7487789	1
450269	447527	1
7287188	7286595	1
1733451	1734308	1
6539894	6539893	1
4561665	4614260	3
12178101	12170643	3
6107229	6123186	1
4224332	4277408	1
3591342	3628464	1
3743187	3743188	1
7293627	7293628	1
10127587	10037708	1
12249116	12249115	1
5792759	5907965	1
3158825	3158745	2
3629658	3550880	1
6145305	6145306	1
773987	773843	1
11778527	11705739	1
784003	778692	2
7183300	7183299	5
10577010	10566771	4
9385791	9329010	1
3826395	3826054	2
9751499	9751432	1
2672589	2672594	1
7411922	7411894	1
416899	466438	1
495927	495928	1
12301872	12302404	1
3551264	3550739	2
3074321	3086119	1
11906837	11904146	2
5206309	5206310	4
10278557	10283789	2
10422580	10422579	1
66417	66425	1
6144707	6145145	1
9903939	9903268	1
8489383	8489401	1
9755654	9755653	2
9514578	9514577	1
7102709	7149350	2
1571827	1515465	1
11808005	11808006	1
5927982	5927981	2
1214062	1214076	2
4602604	4670185	1
4111309	4111310	2
1212644	1212641	2
6149705	6160855	1
1380816	1396579	1
11419830	11419829	1
2181333	2160731	2
10653892	10617697	2
7493191	7487793	1
4084512	4084511	1
11013572	11077680	1
1411182	1395687	2
10943737	10943740	3
1791047	1792024	2
7285871	7267792	1
6526291	6526292	1
12332547	12332548	1
9469221	9469222	1
5352591	5352596	1
9176556	9176555	2
1878308	1932427	1
922413	906587	2
1293531	1293532	1
11209899	11209615	1
8579988	8545033	1
7277120	7277123	1
11490971	11503276	2
3635806	3648460	3
2105593	2105594	4
4078963	4080506	1
909541	909542	1
10607696	10607695	1
7903954	7868024	1
2068696	2083829	2
2529426	2529425	2
824133	839548	2
8547554	8547527	1
9155098	9155572	1
7911618	7905566	1
11761609	11761610	1
9683639	9683640	1
2323064	2291648	1
9717890	9732332	1
3470660	3470622	1
7750374	7702019	1
8512567	8512568	2
11097938	11097937	1
9684744	9673933	1
12396942	12396941	2
5750512	5806363	1
10620703	10570906	1
1578644	1578759	2
9500461	9500462	1
7583090	7583089	1
3820271	3820272	1
2543496	2550543	1
776235	776244	1
7998603	7998604	4
9114633	9114458	1
388123	388124	2
9172133	9172134	1
11966021	11966024	1
4546439	4565523	1
7766660	7804582	1
3624304	3622122	1
787493	864517	1
7292548	7292638	1
3244663	3248057	1
4149397	4134166	1
3425238	3425237	2
4712789	4656261	1
9783205	9783206	2
7718342	7718341	2
12398981	12371186	1
6034577	6049487	1
467257	466255	2
10855760	10855757	2
5837276	5837275	2
9752183	9705953	1
9505542	9491274	2
1686222	1671758	1
9845273	9814500	1
6139402	6120148	3
10269992	10293927	1
4067597	4054704	3
5139452	5139445	1
2572296	2572291	2
8306773	8306801	1
1632593	1618353	1
2650578	2650577	1
9165955	9165956	3
9857955	9844323	1
6209196	6209186	1
8514409	8514410	1
1236561	1236562	2
1491548	1491547	2
6159564	6159563	1
5820789	5767792	1
6302363	6302364	3
4387360	4390380	1
8316080	8296887	1
5257236	5177768	1
11135519	11135520	1
1096736	1058720	1
6516357	6516358	1
10356825	10364294	1
6996868	6996867	2
10261456	10261455	1
3860959	3881332	1
5370511	5374528	1
10109900	10109899	1
2923669	2923670	1
9141964	9081112	1
12407082	12538305	2
2905992	2849153	1
7316453	7295846	3
11701391	11790723	2
4478625	4437148	4
12551906	12551905	2
5946873	5847974	1
2809387	2809388	1
5996795	11017932	1
11813209	11813210	1
6148307	6148308	3
1520851	1520925	1
6379197	6379136	1
112351	112352	1
5487835	5487836	1
2922125	2922126	1
6393589	6393590	2
585553	591011	2
10318108	10314860	2
12008538	11984318	1
1116168	1115708	1
1605035	1605036	2
5814272	5814269	1
10981253	10981254	1
7546229	7586614	1
6144266	6144265	1
10378059	10378064	1
10173055	10173056	1
6116133	6116134	1
2064190	2051023	1
6010049	6005189	1
2124583	2124584	1
3318523	3318524	1
3248349	3267643	1
10146538	10146537	1
12245260	12152427	1
5968952	5968942	1
2482795	2548787	3
12008155	12011619	1
8035136	8035135	2
1057406	1056930	2
3607407	3607408	2
5489203	5489424	1
1041287	962204	2
5147826	5147563	1
8266736	8210304	1
1235009	1235010	1
4280189	4280113	1
3686121	3686122	2
10029720	10029719	1
3350226	3288561	1
10613869	10680579	2
1207329	1210905	1
4707402	4707401	1
9709644	9709643	1
7437403	7395244	1
7603416	7603411	1
11124750	11091773	1
11054343	11054474	1
8982765	8982766	2
3491138	3491137	1
6460699	6512779	1
626126	632048	1
8239588	8239585	1
706698	749149	1
9903300	9903938	2
2109773	2006626	1
5225020	5225019	1
2999683	2999684	1
12177631	12177614	1
9031151	9031152	1
3507933	3399066	1
8300503	8300504	1
6021304	6033336	1
463810	488047	1
9805438	9805437	2
9592283	9592284	2
2406456	2437033	1
3609670	3609669	1
11684363	11845924	1
1451224	1503930	1
12752502	12752501	3
3549508	3556395	1
5970229	5970230	2
7055370	7055369	2
7860051	7859742	1
1352532	1358428	1
1569120	1569119	1
6404079	6404082	1
6355246	6396774	1
8043892	8044019	1
788582	788581	1
324103	324104	1
11789482	11812778	3
6335788	6335787	1
9559955	9580747	1
3026106	3025787	2
7983560	7983559	2
9633948	9633946	1
2557122	2509865	1
1215241	1265514	3
10326911	10320373	1
598678	598677	1
8313248	8392056	1
9307207	9307177	1
12722862	12722861	1
7285200	7274702	1
8082168	8051595	1
4466970	4431339	4
7665126	7665075	1
10766254	10730063	1
12719017	12719018	1
5924301	5928023	2
7301876	7288775	1
7186782	7186781	1
1121517	3253497	1
7182714	7183301	5
7717051	7717320	1
4774942	4691905	2
374407	374985	1
11589789	11589790	1
8551227	8550657	3
1002336	1000256	1
4850478	4785176	2
7253039	7244546	1
3794913	3794907	1
5754199	5754200	1
4805182	4805197	1
11535055	11535058	2
10599512	10599505	1
12676610	12676607	2
9667170	9762860	1
4310147	4310148	1
12161284	12141778	2
1474333	1474334	1
4307459	4307487	1
9648441	9562695	1
6127000	6126999	1
8563954	8562530	2
1730418	1730391	1
9028077	9026678	1
10288486	10288485	1
7359547	7359548	2
7217264	7217051	2
12528596	12553560	2
8150073	8058003	1
4355042	2796857	1
10064692	10064691	1
9526088	9526087	1
3387981	3387982	2
12796515	12736584	1
6160859	6160860	3
5907964	5907884	1
4107840	4107839	1
2768727	2892058	1
11763761	11763762	1
5245692	5245691	1
7943266	7943265	1
3826055	3826056	1
1066688	1066687	2
7327509	7327512	1
3317077	3317078	1
2611041	2611044	1
6113901	6142417	1
12269142	12239573	1
8542032	8542031	1
4283494	4283493	1
9047432	9047431	1
9779671	9781916	1
5720515	5735249	1
11009767	10987958	2
2457462	2457461	1
11375729	11340300	1
9125109	9120231	3
3819835	3819838	1
6505555	6505556	3
5919498	5919101	1
6060315	6060316	2
2450868	2424252	1
1651383	1651384	2
3988793	3922404	2
3532954	3463126	1
7877042	7862375	1
8291415	8286506	1
4435046	4537441	2
12764774	12766428	1
2495984	2488296	2
7423536	7423579	1
1167880	1168262	1
9138715	9140520	2
9750211	9750212	1
11002025	10976449	1
1223604	1223603	2
2339170	2339169	2
1777305	1777306	2
3884072	3786944	2
12353612	12353611	1
2841716	2844213	1
5607872	6041534	1
10566446	10566445	2
8867003	8867004	1
7807285	7804703	1
1471321	1471324	3
6737155	6757128	1
9003246	9008866	1
4112713	4113626	1
4845057	4844831	1
12129058	11999967	1
4027554	4027551	1
9592086	9591974	1
6948500	6948497	1
12382539	12382540	2
11305144	11305143	1
10887389	10887390	1
10909613	10810009	1
7257615	7257621	2
824152	824137	2
1415993	1416628	1
520273	555321	2
9923281	9971917	1
11815033	11815034	3
4784419	4784424	1
4021564	3968059	1
11766478	11760388	1
5756654	5756646	1
4354555	4354785	3
3146392	3167504	2
1579630	1560775	1
9581237	9581225	1
1024014	1024013	1
1771803	1771804	3
12473628	12472632	1
12009194	12021059	1
8387699	8387700	1
5876684	5923093	1
4632634	4621868	2
915603	915606	1
4021429	4021297	1
5915638	5915637	3
1663731	1663598	1
7954791	7954818	1
11149451	11153941	2
11823836	11823835	1
5522566	5522565	1
8272873	8252907	2
2675982	2676861	3
10747050	10746974	2
10172852	10172851	2
1084355	1084283	1
5453452	5453399	1
4787536	4787535	2
275817	275818	1
10584381	10587731	3
12573195	12573196	1
5437810	5437822	1
6949582	6973854	1
9749234	9757258	1
10979078	10961603	1
3754075	3749035	2
4804623	4836675	2
6177565	6177566	1
7828351	7827566	1
3099146	3099121	2
8447199	8447200	1
11028896	11028893	1
1101467	1101470	1
7218294	7218293	2
10198615	10191574	1
1317706	1317709	1
3468948	3423128	1
10045716	10234157	1
2731024	2731022	1
8450562	8530536	1
4855720	4839781	1
3702966	3702957	1
5997324	6006651	1
5967922	5967919	1
11647671	11652120	2
10662218	10662336	2
11150957	11072343	1
2480316	8472221	1
11186138	11186137	2
6210884	6210887	1
1823399	1823412	2
7704839	7736981	1
4514335	4514336	1
1571690	1571689	1
4075085	4075088	1
10264591	10248129	2
9629149	9629150	1
9534060	9534030	2
11351642	11351641	1
4140268	4159002	1
8287715	8287716	1
8330793	8330794	1
5424161	5423857	1
655748	655745	2
12472119	12472120	1
106285	106283	2
12003657	12003658	3
6126366	6126365	2
9769455	9769456	1
12191303	12191304	1
6118636	6118635	1
1644487	1654277	3
713743	713133	2
2861089	2868603	1
952358	952381	1
1565245	1553811	1
6885965	6885966	1
766199	766200	2
6757577	6757972	1
3161526	3161525	1
10733126	10733125	1
44244	44337	1
10172848	10172847	2
8608763	8583280	2
3495483	3495484	1
11904240	11904310	1
11713353	11713369	1
11673520	11676803	1
10632464	10620164	1
5351541	5247833	2
3470707	3470712	1
4623219	4623221	1
7453899	7453734	2
2181516	2097427	2
2269119	2268978	2
7370056	7360450	1
9764332	9762833	1
9124445	9124446	1
8557488	8557487	2
4043845	4043846	1
8621378	8621373	1
9613981	9613825	1
9187968	9185996	1
5985753	6047326	1
8177747	8177752	1
9347192	9347191	1
4938608	4954540	1
6174013	6192654	1
12407893	12421384	1
196004	184163	1
2294663	2294670	1
3074674	3074673	1
4499875	4499876	1
314612	309896	1
9916930	9982359	1
3197820	3197816	7
4585072	4585115	2
3689490	3684156	1
1088338	1162484	2
8398343	8326160	1
6847218	6847179	2
8016913	8016914	2
1444747	1444748	1
874093	874094	1
12809507	12809508	1
1185630	1151157	2
145076	119301	1
7441330	7444658	2
8850399	8850400	2
7946770	7946427	2
3073926	3072676	2
2476686	2511309	1
2954430	2954429	1
212133	212134	1
9054506	9054505	1
5740097	5740106	1
2446545	2526485	1
11390425	11390492	1
3264396	3264395	2
9610125	9599907	2
204225	183114	1
10271304	10269035	1
4809391	4812081	1
8898067	8898068	1
3707650	3715070	1
8920423	8849629	1
8971919	8971920	1
1524616	1524615	1
3233687	3280932	4
7399250	7399249	1
4560776	4556898	1
11927259	11921233	1
752570	800997	1
8846552	8878685	1
6921630	6924437	1
5975007	5975009	1
4310640	4310628	2
8078129	8101648	1
8427091	8427100	1
2632729	2632730	1
6450660	6450666	1
11849638	11833140	1
4533781	4608495	1
1410028	1410027	1
3247255	3247221	2
3782177	3731768	1
9376021	9376012	1
2696783	2756391	2
11433990	11412868	2
2568189	2596258	1
11375223	11375224	1
11290661	11290665	3
3547842	3547851	1
1576359	1534668	3
1509651	1558277	2
9901646	9901645	1
8704692	8704689	2
1368217	1429037	1
4713263	4713307	1
10135320	10249116	1
8500171	8500172	1
11615975	11615979	1
1289030	1245639	1
6008388	6008412	1
7810312	7803833	1
3547716	3563981	1
2834379	2834828	1
12600567	12600568	1
10883761	10883762	1
5095962	5095957	1
4810610	4810609	1
9932493	9932494	2
10095500	10062866	1
2434558	2380166	2
3817832	3799050	1
11187479	11146574	1
7176240	7176239	1
2778463	2777647	1
398907	398908	2
4175031	4170753	1
10652303	10664527	1
6006026	6006031	1
10863381	10863626	2
4054384	4054383	1
3496919	3497958	1
1604919	1604922	1
7596041	7691824	1
8320319	8320338	1
4851270	4851498	1
10386463	10345476	1
10137350	10155502	1
12514457	12403409	1
8016915	8016937	1
2265924	2265923	2
1515891	1552889	1
8977143	8881724	1
2245574	2216060	1
7265979	7265980	1
6514046	6515300	1
7362061	7362073	1
5934466	5925825	1
5776197	5823795	2
3279113	3218916	1
4013274	4013273	3
10530015	10525156	1
9294928	9293123	1
7186688	7243392	1
10241968	10241967	1
8948224	8949081	1
10234678	10234677	1
10499395	10500045	2
10170476	10170475	1
693622	697548	1
9428126	9428125	1
2251926	2260508	1
6251382	6377353	1
11477222	11368698	2
5880517	6043221	1
12513211	12507507	1
7827121	7821314	1
7104304	7105273	2
1261677	1262529	2
3298565	3298559	1
4496592	4547847	1
6187642	6181009	1
5154241	5154244	1
4066601	4052393	1
5164854	5136024	1
2695453	2693118	1
9152777	9145761	1
3666965	3650499	1
4425869	4426308	1
1298177	1309412	1
3065373	3121128	1
450987	548831	1
6535206	6544489	1
6705996	6709485	2
5541473	5541483	2
11127521	11173944	1
9443299	9443300	1
4151324	4162122	2
1248998	1260895	1
437372	437371	1
5805186	5805185	1
10221105	10221108	1
8370322	8344494	1
12595928	12595927	1
6210160	6210159	2
7761957	7781508	1
6662340	6657499	1
11990614	11984319	1
4847662	4847661	1
1299167	1299409	1
1351948	1351947	2
11018281	11070622	1
3972805	3922797	1
1072716	1072715	3
10635188	10635187	2
3650693	3619335	1
7811747	7822083	1
8534974	8534973	1
6816538	6816516	1
1604439	1604431	1
9124937	9124906	1
9825009	9870122	2
9786262	9786261	1
4061497	4061483	1
1956460	1877553	1
3231388	3231859	1
4438204	4421629	3
4005277	4005278	1
11142445	11142446	1
4520827	4520689	1
2770121	2781606	1
3804660	3804659	1
4316888	4338146	2
11834545	11834540	1
9332279	9332275	1
1583243	1583244	2
11583309	11583310	1
6078052	6059581	1
5594508	5589342	1
3143808	3154924	1
8233966	8234017	1
12506029	12505837	1
2224914	2224955	1
10046582	10046579	1
3279202	3279187	1
1750421	1750422	1
5806267	5720779	1
752323	703559	1
2608356	2598481	3
866056	860876	1
1110446	1110467	1
6482063	6482068	1
1087493	1087494	1
3829130	3877625	1
9645251	9629815	2
6211846	6211881	1
10084678	10084677	2
1493421	1492119	1
187310	187319	1
588994	588993	3
5631297	5629912	1
3744643	3744644	1
1876811	1881450	1
12664147	12670494	1
3106505	3106506	1
12806148	12806147	1
8740897	8740898	1
9241831	9241832	1
4550069	4547132	1
8786215	8786216	1
10213581	10198024	1
9620722	9620721	1
9904786	9995108	1
11615140	11615199	4
3984798	3996659	2
6113508	6113507	1
6079962	6079961	1
9792913	9792914	1
4750354	4750345	1
6104843	6104846	1
1576357	1534668	1
2852729	2901892	1
5655462	5655461	1
10178004	10178410	1
10473947	10473952	1
9346910	7195106	1
9518125	9518126	1
5541350	5489095	1
6731872	6731871	1
6206970	6206969	1
10502055	10543493	1
7069723	7069724	1
3244073	3244981	1
3166537	3169277	1
1637302	1637301	2
1009922	1009899	1
8469742	8477695	1
3766816	3766815	1
4547254	4547253	1
3125658	3125655	1
7997533	7985925	1
10308013	10308019	1
4799294	4799293	1
11043486	11052562	1
2260676	2260675	1
11855445	11855446	1
12198026	12242705	1
3943801	3943804	1
5330050	5330135	1
2649121	2640023	1
4688551	4752208	1
6087240	6105348	1
7618606	7615512	1
649918	649917	5
10099505	10099506	1
10191374	10191373	2
10297056	10297454	1
2539111	2544035	1
1242332	1242331	1
752191	772891	2
4125553	4125554	1
6167232	6167231	2
9669467	9669468	1
1262748	1261732	2
4587044	4586875	1
6941330	6939324	1
1651721	1657382	1
3085499	3085406	2
8704447	8792445	2
11998508	11998505	4
10961101	10930306	1
7646771	7635546	1
9848569	9848579	4
5465026	5463113	1
10567217	10566447	2
9632660	9630186	1
7760747	7760748	1
177152	179631	1
2360325	2355219	1
4154423	4154424	1
5096739	5095920	1
8844909	8869913	1
1527343	1527344	1
3072207	3012944	1
4712457	4712462	1
3594940	3620955	1
1512118	1528718	2
4691042	4691041	1
3821151	3809682	1
9659791	9659792	1
11262514	11262513	1
2315710	2304357	2
5810479	5810480	1
5318933	5328511	1
1140958	1147706	2
9028889	9028128	2
4146338	4146667	1
11806838	11790532	1
7617456	7617455	1
230276	127288	1
11733712	11733709	1
4703175	4703176	2
9129008	9129007	3
5971470	5952837	1
12365935	12371032	1
5870076	5858145	1
8777800	8778507	3
4337008	4337007	1
12796067	12796068	1
5936533	5994823	1
5886083	5885683	1
5056567	5056568	1
2976591	2976592	1
8520303	8516604	1
7053765	7053766	2
7904663	7873827	1
4789321	4765859	1
5706873	5706874	2
11966023	11966024	1
3383140	3383161	1
2805249	2805250	2
5860071	5860072	1
1233539	1253104	1
9676726	9676723	1
11121984	11130951	1
5996793	5996794	1
5202215	5201832	3
8382683	8371282	1
1487385	1372632	1
7616644	7616575	1
3711083	3711071	1
2865093	2851303	1
7354968	7355049	2
6467606	6467422	4
2794359	2794387	1
1764824	1764823	1
11358531	11423049	2
10079912	10134463	1
12463576	12463578	1
2833982	2747689	1
5491504	5489004	1
11322580	11322633	1
10083725	10147534	1
9907681	9911855	3
2454675	2440951	1
4358608	4350574	2
1085744	1085743	1
10117075	10117076	2
1720974	1720971	1
8507681	8507682	1
56906	38360	1
4525554	4525553	1
895110	879139	1
9977529	9977530	1
7929611	7929612	1
9526145	9526150	1
3958300	3958299	1
10069630	10069629	1
2564285	2564288	1
10244838	10244837	1
10387293	10400514	2
8963730	8963926	1
2183473	2183474	1
803329	803115	1
5359945	5359710	1
7450408	7447069	1
7243082	7242922	1
11769010	11767914	1
8389563	8396033	2
2432425	2432581	5
1460301	1460302	1
8726674	8726791	1
3871282	3871279	1
9494940	9494939	1
11690753	11690754	1
2495163	2495177	1
9587343	9587401	2
2167673	2141286	1
9059068	9059037	1
6127838	6132844	1
8177526	8173504	1
6393587	6393590	1
1549161	1549162	1
4057563	4057654	1
2379112	2372625	1
10607158	10607129	1
3472062	3457943	1
10621803	10621822	1
779055	841443	1
8469746	8469745	3
12222506	12129112	2
3764084	3764027	1
6255715	6255837	1
1202586	1202585	1
8696656	8696662	1
543714	543713	1
7398436	7390679	2
6683813	6683898	1
9134191	9134192	2
9157548	9165318	3
1182635	1182636	2
9918943	9935163	3
1832273	1832274	1
3595743	3534175	1
6198041	6177853	1
3357766	3361480	1
8582438	8582437	1
1535549	1535550	1
2226066	2138480	1
9028822	9129815	1
3165625	3116311	3
9522965	9598990	1
6962425	6962426	1
1227228	1190768	1
5332237	5364654	1
11046547	10932282	1
6361826	6369749	1
6166864	6166863	1
1566506	1566505	1
7667587	7667592	1
9827179	9821733	1
4039111	4039112	1
7062600	7063285	1
2897085	2897069	1
2855450	2855449	2
6040032	6055469	2
12485581	12485482	2
4651710	4651575	1
9094324	9098936	1
7722087	7722088	2
4571294	4571293	1
9081580	9091933	3
9721989	9684579	1
10672927	10672928	1
3986196	4054955	1
11615225	11616711	2
5944427	5944428	2
153507	156552	2
1162863	1162866	1
6955050	6955049	3
11582075	11582342	1
5363884	5363891	1
3025448	3025805	1
6554879	6554880	1
9713042	9713041	2
5577660	5577659	1
5277502	5277501	2
8993280	8966894	1
7617242	7617451	1
5885991	5885992	1
8879253	8850753	1
3153439	3153440	1
1424163	1450384	1
2928723	2928727	1
12535888	12535887	2
3003832	3003857	1
5784354	5784353	2
11165295	11165296	2
8368390	8368389	1
9163002	9163027	1
5858112	5858111	2
5188921	5189487	1
4998901	5010832	1
8961903	8810500	1
11678715	11678730	1
11430438	11430437	1
11139389	11139392	1
5355365	5415752	1
2963006	2989785	1
2973474	3024606	1
9301738	9301737	1
10915994	10915997	1
4402400	4377776	1
3825654	3825812	5
3184233	3184234	2
12538063	12523395	1
8565293	8565265	1
12738918	12738917	1
2408275	2408276	4
12019381	12019382	4
8557305	8557306	2
9770551	9770552	1
9516938	9516937	3
7228136	7228139	1
3617785	3594512	1
819035	818899	1
7633650	7650939	1
233101	238075	2
1182873	1169303	1
3010319	3010320	1
6160441	6160685	1
8996721	8996785	2
7455593	2653929	1
6493127	6508553	1
11808003	11808004	1
9432929	9432930	1
5949390	5949395	1
3884775	3884776	1
8513265	8456037	1
270554	271005	3
8154261	8167770	1
8890422	8890419	1
2377884	2377218	1
1937291	1919925	1
6892701	6892702	2
3630421	3630422	2
8606786	8606760	1
3386997	3386998	1
9979836	10075534	1
12321322	12315981	1
9791158	9791157	2
3133177	3111975	1
3301522	3308341	3
5777214	5777211	2
4198306	4291477	1
1958289	1977360	1
8401209	8294959	1
3470709	3470710	3
10148794	10152006	1
7977915	7989253	5
7127776	7079783	1
7852852	7852674	1
5318940	5318939	3
9569770	9572261	3
3459162	3459161	2
7652527	7657885	1
8557929	8557930	2
3650568	3650371	1
3379258	3381857	1
10686569	10686570	1
6190623	6206410	2
9602457	9597475	1
11163181	11159119	3
3506304	3506303	1
2261058	2261057	3
1718462	1718471	1
7989252	7989249	2
8644390	8634933	1
3742264	3614195	1
1502942	1475615	2
1076498	1076497	1
1201967	1201632	1
7613944	7613857	1
6070052	6069812	1
3753771	3764341	1
715434	715454	1
10141989	10183559	2
4580101	4580102	1
5371972	5368385	1
3712686	3712685	2
11425929	11425930	1
2815559	2815560	2
2386731	2386734	1
1282278	1357032	1
5891864	5967546	1
9021791	9021774	1
8896805	8888144	1
5458497	5458498	1
2528378	2588612	2
7900517	7902932	1
7037509	7034097	1
8558915	8562249	2
7992477	7983813	1
12209036	12209033	1
6106180	6014483	1
11320198	11359782	1
11792435	11792438	1
12774661	12772983	1
5844386	5888129	1
8247749	8307482	5
5977789	5913044	1
8506791	8506792	2
3960723	3960257	1
9473425	9479987	1
5854308	5838763	2
10627213	10624494	1
10198064	10156293	1
12276558	12278856	1
6446633	6446634	2
12450422	12450421	2
792716	792715	1
393813	364111	3
11433497	11424614	2
2240	12693	1
8284874	8284867	1
11202135	11202136	2
2875521	2875472	1
1490304	1490303	1
2736750	2735030	1
8512767	8559350	2
4483893	4483894	1
6670518	6670683	1
939874	939873	2
9687806	9683379	1
9832320	9813177	1
12756426	12769144	1
6679363	6679364	1
5854813	5854816	1
4124695	4127599	1
6317647	6317650	1
8527915	8511365	1
952101	952102	1
12039189	12036341	1
115280	106283	1
11421294	11421293	2
4424487	4424488	3
3100514	3119259	1
2103393	2103396	1
4633280	4637854	1
4391352	4391351	1
4017877	4018385	1
9797763	9797766	1
2481606	2481605	1
1733085	1633593	2
5515154	5515222	1
6355430	6355429	2
11057348	11056217	2
4392023	4392024	1
1090935	1090936	2
9484755	9493457	1
6061728	6061723	1
10328308	10316917	1
5955715	6030760	1
8540145	8540146	2
7443734	7443753	2
2836190	2829361	1
8508615	8508616	4
7404164	7395885	1
4749775	4785005	1
4955919	4955922	1
7099622	7099403	1
3185882	3185845	1
4177080	4177079	2
12228570	12206665	1
2516139	2516140	1
10197894	10261211	1
2747688	2747687	1
5193950	5190176	1
12564667	12564820	1
623246	626303	2
306905	306841	1
6184930	6138254	2
9162488	9162487	1
8440655	8440656	1
6352450	6376404	1
774591	887612	1
4790270	4790269	1
1786892	1788275	1
11064559	11064504	1
6130094	6193901	1
7207220	7294507	1
3728524	3723913	1
4384686	4385872	2
2959706	2948918	2
3802668	3802667	1
7997231	7997173	1
7686391	7639510	1
247898	245043	1
1679967	1679968	1
6065890	6065889	1
10300378	10234419	1
1706635	1737849	2
2605837	2614046	1
8454817	8447414	1
8185635	8185644	2
9015104	9015101	1
7383903	7298759	1
673819	679157	1
6004933	6004934	1
5745682	5826338	1
4219685	4219830	1
6127055	6126919	1
4616031	4616034	1
11070635	11070636	1
6013110	6028016	3
9387286	9351774	1
6191153	6175804	1
4605159	4613981	1
7298753	7298754	3
2429064	2369404	1
11142245	11146347	1
7117752	7119686	1
10670778	10670777	1
4054954	4054953	1
6031374	6031373	1
2797419	2751986	2
11336299	11250310	3
3997355	3997428	1
6920763	6893217	1
9632177	9657272	2
8573296	8575164	5
5955305	5955306	1
11055886	11055907	2
9018996	8981400	1
8009318	8005582	1
7744356	7744418	1
4241820	4237150	1
10234589	10234590	1
9605162	9605156	1
1661754	1706242	1
4744277	4744278	2
3501602	3451557	1
11908179	11908180	1
2500097	2506382	1
8026748	8026745	1
8475265	8356947	1
2442652	2337233	1
10638743	10614564	1
275947	275949	1
6672795	6660771	1
10091352	10098669	1
9468247	9468196	1
12800330	12718545	1
7156894	7073284	1
3256354	3256415	1
10544159	10543236	1
12198252	12198251	1
3289604	3289607	1
11426408	11426492	2
10088867	10088861	1
8383875	8375819	1
12258605	12255611	1
11009517	11009518	1
11075499	11075548	1
9860490	9860463	1
1665986	1713884	1
11115358	11116058	1
8295766	8379726	1
2333881	2272084	1
5190634	5190633	1
12337663	12355136	1
4473820	4473819	1
8939894	8954574	1
12364733	12380501	1
1695688	1695698	1
4105526	4105525	3
12689365	12727484	1
9669236	3573353	1
766385	766386	1
7436571	7431196	2
3997043	4014567	1
2084431	2084432	2
1013473	1013871	1
7940393	7940340	2
9168830	9159864	1
9596067	9596068	1
8847004	8847003	1
3769903	3769904	1
9246830	9246805	1
4156574	4156606	2
12756999	12687406	1
9876422	9876421	1
4814665	4840267	1
3394940	3422671	1
8489137	8489127	1
11855692	11855691	1
11546997	361405	1
9500678	9580872	2
12466905	12466728	1
5214579	5214584	1
3610821	3610822	2
11976812	11976556	2
3028414	3028424	1
11806933	11776945	1
6404564	6402739	2
8498088	8507430	3
8369066	8438390	1
12763013	12657741	1
2473739	2537201	1
12176007	12192700	1
12376507	12318276	1
10203942	10203941	2
12622155	12564299	1
5356065	5363209	1
1269746	1248930	1
10413226	10413225	1
2191404	2191393	1
6127700	6127699	2
1949093	1949124	1
11646782	11613527	2
3797707	3801346	3
8469748	8469747	3
2364087	2364088	1
10822854	10822851	2
11207050	11205751	1
7021187	7025177	1
6456162	6456161	1
2874526	2874308	1
683531	683546	1
10963255	10963256	2
7302116	7302115	1
8608596	8606812	1
3802628	3794912	4
12306731	12252906	1
2703989	2703990	1
5478485	5464885	1
7678402	7678460	2
3374663	3374664	1
4437151	4437152	3
6354149	6283547	1
5630412	5630417	1
8676188	8676183	1
11256224	11256223	1
8206196	8206195	1
1421800	1421786	2
2595873	2595874	3
4303672	4314399	1
4032077	4032078	1
2639526	2639525	1
4111199	4111200	2
4600684	4600683	2
8843471	8843472	1
10321424	10338628	1
11988255	11993497	1
4844198	4844197	1
6955281	6972294	1
11028859	10963550	1
10793686	10793685	1
10607510	10619425	1
2346963	2344750	1
3168222	3167270	1
1216508	1287808	1
11731671	11731675	1
6027903	6025455	2
8541949	8541950	1
6082243	6064854	3
6973855	6973856	1
9152775	9152776	3
2827371	2818208	1
8189575	8161533	3
11130247	11130248	1
1928416	1922606	1
11039932	11097139	2
4827289	4827290	1
6053000	6036406	2
3758688	3758692	1
2817059	2817060	1
12798606	12798595	2
2091202	2091294	1
5451036	5451031	1
11920141	11920142	2
9007401	9007187	1
3238984	3238977	1
11365911	11394322	1
7579988	7648203	1
4703300	4695817	1
3802540	3802539	2
10977796	10977799	1
2477263	2465768	1
802170	802169	2
2277256	2277253	1
336308	374947	1
11156589	11156590	1
12527743	12527744	3
1502992	1502991	1
12129999	12130054	2
8837953	8837954	1
8818597	8832818	1
11375797	11440618	2
12355782	12295961	1
5996346	5998714	3
12229576	12232756	1
3759921	3759928	1
5841914	5801304	1
9350491	9350494	1
7206864	7206861	1
2559410	2559825	1
11583313	11583314	1
2561939	2561946	2
10861234	10864092	2
8824193	8824218	2
9282125	9278951	1
6159421	6159422	1
3750052	3750139	3
11759005	11759008	2
1837338	1837180	1
1223602	1223597	1
7617452	7617451	3
5935903	5960996	1
6172073	6209417	1
12457735	12457736	1
4498295	4498296	1
1711784	1711783	1
3017045	3017557	1
4808973	4808974	2
7272144	7272143	1
2494462	2538161	1
3701287	3701090	1
2374631	2374662	1
7920361	7915580	1
4152181	4152182	1
117212	117209	1
2347809	2381283	2
12121163	12120482	1
280832	284026	1
10157363	10157364	1
1452328	1452317	2
7871167	7871168	1
12530843	12551364	1
6643479	6608999	1
10276021	10276022	4
12502755	12479275	1
799417	868805	1
7186780	7185145	1
3150521	3250164	1
9116009	9116010	1
1738163	1760665	2
1741112	1718125	2
10148914	10148913	3
2705017	2705018	1
11365235	11365064	1
3054993	3054994	1
1065941	1066818	1
4046023	4047856	1
4680434	4680448	1
4529877	4568459	2
7651834	7651833	1
3283196	3283195	1
6166675	6166676	2
2486803	2488679	1
11990417	11990418	1
7771269	7771270	1
5415205	5326432	1
12641953	12641954	1
3129710	3129709	2
4021692	4096577	1
2678954	2645545	2
5872041	5872042	1
11127412	11126704	1
5225603	5225414	5
612240	641665	1
5921919	5893462	2
1622828	1622827	1
11143272	11143271	1
11360886	11360885	1
9786380	9776482	2
3157441	3157442	1
10672803	10672823	1
9461925	9461923	1
3731012	3645089	1
7274906	7274905	1
6003834	6029656	1
79049	79050	2
1425028	1496607	3
8039903	8045563	1
3036610	3030438	2
10646254	10646253	1
5671629	5670342	1
544360	544359	1
7409213	7418680	1
2099367	2083514	2
10985325	10971509	1
9442572	9442582	2
1156261	1156243	1
4613802	4616607	1
11722437	11720282	1
2052043	2043544	2
2171119	2096201	1
8289565	8283873	1
2521171	2514222	1
2004552	2004511	2
472798	472795	2
1106439	1103530	2
4285724	4285723	1
9162629	9162630	2
3778947	3769398	1
3802628	3794907	1
2556204	2570667	3
5103500	5103496	1
3679676	3679675	1
1275842	1275847	1
10267167	10267179	1
9600598	9696546	1
11897527	11897528	2
5496508	5496507	1
5805826	5799941	1
12815033	12810103	1
5750397	5693412	1
6817983	6818290	2
10269457	10269458	1
9667409	9667410	1
8946090	8948135	1
905720	905684	1
7002220	6907233	1
3873080	3873079	1
3937286	3937285	2
3860849	3883008	1
5332434	5332433	2
8738170	8743000	1
2595524	2595012	1
4248802	4248801	2
7204071	7204218	1
5919366	5919361	1
9488184	9524762	1
6126575	6126576	2
3313361	3374313	1
659272	727120	1
3583259	3575091	1
8280729	8299321	2
9002697	9085966	1
4357105	4357075	1
3235295	3224249	1
6075564	6077397	1
10087142	10088053	1
6151897	6081137	2
1087513	1175831	5
8551066	8551065	2
2517204	2517203	2
7658187	7658183	1
157565	90959	1
9484122	9527559	2
11570621	11570622	1
7851612	7851563	2
12809382	12809381	1
10369775	10369776	1
8827195	8756609	2
12286855	12401104	2
5753378	5760771	1
8828724	8828719	1
10000312	10001636	1
5635559	5635672	1
1643245	1733852	1
6009662	6009665	1
3162244	3162247	1
3800554	3856255	1
11574157	11574160	2
2576221	2576222	1
2177146	2140492	1
1009922	1009901	1
3512104	3524355	1
3705510	3705509	1
1724115	1724106	1
8374156	8442349	1
10243193	10243194	1
9580059	9513804	1
8541544	8536599	1
8877504	8877503	1
10336593	10346482	2
7962339	7959768	1
7963649	7963650	3
7981464	7993040	1
2242358	2248287	1
669144	664594	1
4081926	4081925	2
2265922	2265675	1
6693698	6698139	2
9304892	9304970	1
4372828	4372859	1
10550084	10548011	1
4506313	4506314	2
7015789	7015790	1
823107	726070	4
2322272	2322269	2
1145291	1145292	1
11759461	11759462	1
12467724	12467721	1
3163580	3184528	1
1746898	1736161	1
5726974	5726973	1
5812537	5818712	1
8332651	8403222	1
3224259	3253660	1
7206882	7206881	2
4320195	4320412	1
1489010	1552870	1
4829612	4829609	2
8370422	8454161	1
3751360	3751359	1
2472735	2472738	1
10114570	10117022	1
8788952	8805020	1
2852730	2852779	1
4283221	4299167	2
1326698	1322280	1
10706781	10659236	2
2049875	2070033	2
314342	314410	1
6011756	5994147	1
12662857	12662858	2
7122193	7122100	1
2898629	2898630	1
4576144	4576143	2
4054384	4054381	1
237638	237634	1
3904368	3903828	1
7197957	7197958	2
7727924	7728244	1
7804641	7799902	2
2043489	2055059	1
9358988	9358987	1
11067382	11067381	4
6749998	6749997	1
4068135	4068136	1
7581250	7581223	1
2580252	2580259	1
5470239	5468121	1
1542299	1542300	2
7887335	7887950	1
5996524	5996523	2
6044445	6032163	1
6251982	6295093	1
6013628	6013627	1
5538747	5538748	1
4879977	4879980	1
4433537	4433538	2
3341994	3340481	1
2849502	2896099	2
12318511	12318512	3
8455797	8455801	1
6860118	6860117	2
2712057	2712058	1
3761218	3750844	1
1044993	1045397	2
1977333	1954773	1
8414293	8299021	2
4852796	4852795	1
9031662	9031661	1
11386972	11386971	1
9948229	9948396	1
9230104	2085839	1
7946599	7946600	2
12607926	12607925	1
8384040	8384039	1
2707317	2707318	3
11135285	11130872	1
10251674	10299683	1
3861169	3945628	1
3251748	3258265	1
11506530	11506525	2
10578745	10578777	1
8531357	8531409	1
6558455	6557763	1
12356958	12357495	1
10180446	10223177	1
1316103	1316104	2
1929424	2013098	1
6944778	6951440	1
2101007	2031613	1
3779743	3779795	1
6102437	6134381	1
3861476	3861475	1
7792265	7792169	1
10045207	10047964	2
79830	79829	1
1738958	1738957	2
3378782	3378682	1
2620938	2590078	1
12266960	12266959	1
4409024	4405852	1
4019102	4019114	1
4117199	4117200	1
3903602	3903601	1
10126802	10126801	1
3037087	3037095	1
1094919	1094935	1
1626578	1691798	2
9931460	10020778	3
1349538	1349537	1
9133941	9128702	1
9708147	9708640	3
9114347	9074980	2
7384923	7384924	1
6029985	5960755	1
1405169	1410073	1
5943100	5943099	2
6013569	6000055	1
1566010	1514395	1
2461239	2465208	1
11457317	11457318	1
8751789	8727230	2
9180270	9191836	1
9658664	9658663	1
4589874	4592958	2
12468681	12487484	2
5814911	5814914	3
3270555	3270558	4
6111962	6051275	1
3258840	3279905	1
9801319	9804167	1
6950990	6948179	1
6199299	6199300	1
1485191	1485243	2
1569704	1601365	2
1825054	1825051	1
10529006	10529005	1
8888784	8888787	1
5323042	5277607	1
11191504	11193029	1
12652139	12728184	1
12374032	12377226	1
1099806	1099805	1
5812749	5815447	1
3948631	3948629	1
1084412	1092878	1
2476569	2488103	1
2833838	2811920	1
11000665	11000681	1
11300403	11308035	3
6467103	6513981	1
8680760	8694870	1
7285803	7287405	1
2567301	2509163	1
2657991	2657992	2
12300902	12300901	2
11347533	11355013	1
9122750	9122777	1
8699341	8698673	1
7381084	7381083	2
3029120	3029119	4
5213692	5213687	1
7825552	7825551	2
2357607	2361539	1
11636530	11641281	3
9186679	9186654	1
3630423	3630424	1
5815768	5820414	1
1696738	1696737	1
6967565	6967566	1
5228335	5228338	1
5733507	5733508	1
5885718	5913364	2
4827819	4827820	2
11552621	11552622	1
5087921	5088036	1
5380351	5375990	2
937393	937394	1
3949541	3949542	2
238541	238926	2
7970670	7931563	1
1348080	1365641	1
11050339	11148995	1
1638538	1648872	1
5316095	5316074	3
2135301	2133787	1
12315253	12315188	2
10551130	10551129	1
3295714	3295755	1
6172567	6172568	3
12616742	12616741	2
8520131	8515146	2
2515628	2481464	1
620888	680096	1
10466297	10478954	1
1584988	1572991	1
6625882	6452124	1
1271189	1271190	2
12774484	12773406	1
9170469	9061017	2
6539690	6539720	1
7924739	7867383	1
952001	952089	1
11190175	11190155	3
5229797	5229806	1
11603890	11605085	1
1673071	1673072	2
4144883	4144884	2
3021455	3021458	2
10723200	10743514	1
6174256	6174255	1
11651022	11651021	2
1445749	1445750	1
1119227	1158684	1
3511045	3510837	2
9631106	9631105	2
11669059	11669062	1
2205674	2205673	1
3371142	3371689	2
6722753	6722730	2
10256675	10256676	1
1069967	1072205	1
2132917	2161182	1
2065221	2061543	1
8516759	8484296	2
7541903	7541904	6
6674950	6603115	1
12615436	12616065	1
8306223	8229693	1
4627664	4710620	1
9131023	9131024	1
787700	787691	1
6040402	6040389	2
2068054	2086522	1
3114498	3114625	1
5754366	5760239	1
7003804	7003803	1
10121295	10143302	2
5655460	5644538	1
6924956	6923474	1
12614252	12614251	1
443145	489683	1
2376895	2376896	1
11854067	11854068	2
4105398	4105403	3
9927206	9925528	1
3851381	3748644	1
2816816	2816815	1
2502280	2502279	1
7547137	7547138	4
6060317	6085174	1
2350083	2350094	2
1429947	1429993	1
4350846	4350844	1
8775378	8791891	3
4500929	4503403	1
10474685	10462862	1
10248709	10247922	1
10249402	10249401	1
488517	436912	1
9374634	9375101	1
8947536	8947535	2
12691686	12691685	1
9778187	3481800	1
6172694	6136164	2
3764539	3803929	1
3239984	3239983	1
600410	599915	1
678387	628326	1
3192152	3211941	2
8742540	8740024	1
7154279	6157308	1
11549377	11565389	1
1151156	1151155	2
1773949	1775172	1
6800977	6800981	1
2740110	2740942	2
8997745	9120551	1
12006720	12006746	1
235251	235252	1
2474112	2474111	1
4842867	4842968	1
1313417	1313487	1
4821988	4850983	1
5820950	5801874	1
11355899	11351305	1
4298075	4302012	2
12179775	12183008	2
11980188	11980187	1
390367	390368	1
836695	836696	1
277102	318507	2
9096595	9058787	1
1327389	1327390	1
3273390	3266150	1
10153567	10155198	2
10619776	10619775	1
6154439	6159845	1
2084221	2076217	1
2432920	2432919	1
8675115	8632495	1
9962669	9961002	2
9103338	9114458	2
5245455	5245456	1
10899766	10899770	2
12620936	12620950	2
5577231	5577232	1
3118324	3118323	2
9517755	9670120	1
7063638	7063637	1
12690064	12692262	1
3998053	3998054	1
7905465	7850935	1
2230658	2230657	1
331802	336197	1
3003042	3012955	1
5193950	5203226	1
2789996	2649955	2
10547043	10547044	1
11000425	11040766	1
7861656	7861653	1
6976576	6976575	1
8372524	8428476	2
2909029	2875442	1
12166203	12172118	1
7262544	7257514	1
6049369	6090736	1
12561951	12577750	1
5892318	5892317	2
1177668	1098509	2
739105	739099	1
3959275	3959266	1
5105549	5106232	1
12333098	12367587	1
10570149	10577348	1
74814	74813	1
5826111	5842800	1
1444749	1345601	1
3507149	3507150	1
1584865	1585115	1
11652479	11649438	1
3288783	3288786	1
660525	660526	2
5835083	5835084	1
2280053	2261644	1
2331288	2331287	1
2176243	2176244	1
5520045	5598343	1
11648898	11593396	2
654889	654894	1
3784406	3784403	1
1530787	1530788	2
12443526	12470213	1
3751655	3777642	1
5637939	5616060	2
7875305	7840668	2
165989	165990	1
7406185	7406188	1
6103698	6103697	2
964998	964997	1
2137359	2137360	2
6906943	10938847	1
3465823	3465824	2
6658673	6658674	2
3471126	3462293	1
3359095	3359096	1
1732286	1646285	1
6075014	6074966	1
8631627	8629484	2
6675550	6675521	4
348954	348948	1
9237819	9237820	1
9791242	9791241	1
8362920	8362919	3
3475688	3510976	1
3534230	3540536	1
1041285	1041286	2
9271937	9271877	1
930296	930295	1
7739467	7739468	1
5871966	5871965	1
3667327	3667328	1
8356677	8360201	1
12767928	12767925	1
1660716	1660715	2
5999229	5973976	1
2928326	2928323	1
1985796	1985795	1
8388672	8386412	1
2658123	2678358	2
9154283	9189738	1
6887700	6887699	1
1798830	1798486	1
4311903	4311792	1
10667178	10640176	1
6632745	6632746	1
10280363	10276833	2
12200805	12200811	1
4423592	4368426	1
5736386	5736385	1
5159976	5159975	1
11436830	11436829	1
4579200	4579199	1
3761220	3761219	2
2725394	2807052	1
6997941	6998599	1
5428670	5428669	1
10664830	10665175	1
4215935	4216641	1
8402579	8392090	1
11637658	11625412	1
6752635	6752636	1
11899127	11899128	1
7415109	7415428	1
4830215	4781337	1
10481783	10481788	1
5569901	5589097	1
5990458	5990457	2
12181041	12181042	1
11355368	11355362	1
2244090	2244089	2
2458360	2458359	1
1101012	1101015	1
3960724	3960718	1
5588174	5588171	1
11959746	11959732	1
932313	932318	2
762326	782873	1
6492403	6492404	1
6081235	6081236	1
7249926	7249925	1
9983652	9983651	1
1610281	1610349	2
7225802	7225508	1
1134300	1285288	2
7236568	7293082	1
1138823	1138838	1
6923704	6998549	3
10461264	10461263	1
3763818	3763817	1
8834696	8845862	1
637184	637158	1
1088496	1088495	1
1669672	1669671	1
3320358	3322320	2
4378969	4428096	3
8485663	8485664	3
3922796	3922795	1
3238302	3238301	1
5961259	5961260	1
536615	536824	1
11080009	11080010	1
8981399	8981400	1
2480821	2479096	2
11829905	11829906	1
12507558	12488788	1
3580851	3580852	3
11536251	5515222	1
12645285	12645286	1
3134058	3197490	3
9673611	9673612	1
4488133	4472643	1
230654	199020	1
12541057	12540979	3
10753661	10753662	1
9772040	9755000	1
5004311	4997115	1
1975094	1975078	1
1107007	1111740	2
5361540	5361537	1
1257794	1254942	1
1321157	1321150	1
415801	393955	1
4377487	4402325	1
9615372	9572520	2
8716254	8716251	1
4253214	4231010	1
5919596	5919595	2
8919474	8917032	1
2316145	2316146	2
3250065	3194514	3
620888	680098	1
1545486	1535108	1
11434020	11434018	1
12471338	12465080	2
12232785	12170763	1
8674531	8669692	1
1829360	1835510	1
12159869	12128767	1
311763	275800	1
5106640	5106668	4
11053600	11049263	2
1740878	1740877	1
9653817	9714723	1
8880519	8883279	1
7356231	7367059	1
12380368	12380389	1
1518739	1564395	2
11592566	11592565	1
2762448	2762445	1
1640506	1628615	2
8957028	8957033	1
7457081	7457193	1
5202888	5202883	1
6041984	6041361	2
7169916	7174210	4
8753867	8753670	1
7601789	7601790	1
8768571	8776607	1
7750952	7750951	1
9092542	9092523	1
11370552	11370549	1
7325674	7320963	2
3085499	3085408	1
12698416	12698467	1
3671407	3674270	1
6859386	6830890	1
3019273	3023255	1
8954428	8954427	1
3133062	3093935	1
5438792	5438789	1
9871500	9935862	1
6062510	6062592	3
3725618	3725617	1
4022431	4002727	1
5329409	5331819	1
12613097	12613239	1
3256083	3256061	1
11338994	11343969	1
11073462	11069569	1
9665760	9679874	1
8227479	8227486	1
10572664	10572663	2
9985263	9985264	2
3856354	3855984	2
4602920	4602931	1
3200737	3130471	1
9639834	9639833	1
6244538	6244537	2
1053384	1053383	1
3595743	3534177	1
3773322	3773319	1
2599644	2614051	1
4235440	4249840	1
11573811	11577102	1
9149846	9166160	1
11579574	1965065	1
10368387	10368388	1
4600684	4600681	1
1538771	1538971	2
3108671	3129944	1
4798873	4784335	1
5210136	5294646	2
12491417	12404616	2
9570244	9570243	1
10261367	10299024	1
10591546	10519567	1
10127004	10127003	1
9507293	9519605	1
4331523	4326061	1
4175954	4230805	3
11853725	11853581	1
3675006	3695097	1
79822	79817	2
6476003	6475558	3
7774254	7773732	1
11828523	11843241	1
3884074	3786944	1
5501082	5501081	1
4808975	4808957	1
3691939	3691736	2
9676724	9676723	1
10570147	10570148	1
1183964	1183960	1
10261454	10259172	1
7967303	7947038	1
4607364	4607367	1
1553397	1553398	2
11316567	11316568	3
9868009	9876423	1
8572145	8566160	1
8486761	8486788	2
7583409	7559057	1
9558389	9553491	1
2490714	2455492	2
3759323	3759324	1
8953711	8884387	1
2884800	2884799	3
3501219	3501220	1
11133687	11144139	1
4606076	4606075	1
736397	736398	1
5794187	5793247	1
7644228	7655099	1
4065975	4066491	1
7628965	7590140	1
8307516	8279110	1
4706099	4706096	2
6114283	6114284	1
11653177	11651827	1
10248201	10242650	1
10521229	10520494	1
1442586	1442569	1
9526281	9490324	1
2849850	2858745	1
8374879	8374880	1
11889336	11889335	1
5414406	5414814	1
5998950	6057231	1
7188498	7294406	2
6129126	6129538	1
7951452	7951451	1
5881720	5791131	2
8009714	8009713	1
12210611	12210612	1
10039965	10039966	1
11919268	11916592	1
10664986	10647641	1
6888739	6888740	1
7700326	7700350	1
11987612	11988640	1
4574054	4574852	2
8810244	8810171	4
7086218	7111472	1
2529426	2529423	1
10595959	10625625	1
10485670	10486394	1
4667346	4656298	1
4094069	4094058	1
1162655	1162656	1
5339757	5339728	1
7266693	7266694	1
7533260	7533129	1
8236986	8236985	1
11432111	11432112	1
5578216	5578692	1
10614942	10614928	2
11966019	11966020	4
9164364	9171640	1
597817	538941	1
1250405	1184507	1
6436703	6436706	1
9003041	9003046	1
1417337	1417338	2
10207128	10207166	1
1276572	1276593	1
6025262	5921773	1
8005037	8005987	1
1161198	1161197	1
8419850	8419854	1
6411445	6411446	2
10113489	10113490	2
11678175	11681529	1
3788435	3788431	2
2081546	2067696	1
4783941	4733739	1
11280900	11280899	1
5954771	5954772	1
2465889	2477708	1
5922603	5913619	1
7555227	7555233	1
3827336	3827335	2
6070585	6070586	1
10898398	10898397	1
5156748	5222811	1
1650194	1650193	1
6213404	6210089	2
2512761	2512762	1
12775609	12787325	1
10211696	10227439	1
4644114	4637461	1
10131623	10223578	1
9763067	9763068	1
10114659	10098170	2
10120726	10112813	1
12536780	12606299	1
12628136	12628139	1
9131357	9121022	1
8928193	8966706	3
3072356	3013202	2
11000432	11000431	1
8779787	8779788	1
952980	952979	3
10077231	10077288	2
6980201	6971983	1
7794123	7794130	1
4647907	4647908	1
4810627	4810628	1
3116446	3116513	1
6036302	6036301	1
2747201	2747533	1
1313441	1367693	2
8814156	8866230	1
9626109	9626110	1
12569789	12569790	2
6094280	6098798	1
12750655	12763557	1
9122375	9197125	1
10535251	10535252	1
4152183	4152184	1
8734954	8721708	1
4581932	4491740	1
5562542	5574771	2
11039115	11015198	1
3071185	3071186	1
12364829	12364830	1
10737992	10737989	1
10474862	10474859	3
3247111	3247158	1
5626359	5626610	1
7280803	7280830	3
1456399	1442587	1
1255060	1255059	1
9779747	9779830	2
5440217	5439830	4
8091959	8091984	1
1333576	1359025	1
2809179	2809180	1
10989271	10976457	1
7656104	7656137	4
10991640	10991639	1
2399535	2397615	1
10630348	10623218	1
1362955	1362956	1
10973348	10973347	1
6478299	6480594	1
1597212	1597897	1
6203343	6097597	1
153180	156094	2
5182326	5158934	1
6469121	6442362	3
3340421	3340223	1
1331861	1331862	1
3932737	3943970	1
7190236	7189854	1
3729335	3729336	2
4545740	4549441	1
2618808	2618807	1
8891000	8825771	1
12394670	12394651	1
11118228	11118227	1
9302087	9302078	2
11375151	11323621	1
6000259	6000260	1
3870798	3886138	1
12405627	12405630	1
8272887	8308814	2
7182352	7117620	1
3185146	3185145	1
5451036	5451035	2
8941168	9081709	1
9030845	8990362	1
10266229	10258649	3
8070307	8087615	1
12511967	12511968	3
8763656	8792045	1
1095751	1100616	1
1714509	1711186	1
9959056	9958941	1
5440555	5426385	2
6684894	6684893	1
10131247	10111933	2
4550057	4550068	2
11316567	11316570	1
10593445	10593446	3
9272593	9272501	1
12497251	12497258	1
7936455	7938175	1
2871444	2871973	1
808086	772242	2
9396028	9427832	1
2555315	2541683	1
10646387	10646388	1
9599331	9675660	1
3043927	3043906	1
8869031	8869032	1
2282240	2502615	1
2197519	2191755	1
2929437	2899046	1
4832726	4814219	1
9428735	9428733	1
2342156	2342155	2
3258688	3258687	1
8303430	8303427	1
8650345	8664277	1
3250202	3184945	1
7377532	7377529	1
7486884	7486883	1
4806764	4758018	1
953343	952995	2
577944	604279	2
11776587	11776588	1
11207639	11160315	1
4061928	4061927	1
9763130	9789978	1
4175971	4175972	1
8691376	8691193	1
11561176	11561175	1
4024470	4024469	1
1634068	1674324	1
12526372	12528515	1
12204501	12204995	1
11372488	11372487	1
4704370	4588739	1
10449671	10451407	1
1474479	1474340	2
3248298	3248297	1
10120763	10120764	2
10711961	10713669	1
10740989	10740998	2
4023912	4021938	1
11695663	11668148	1
3704076	3704075	1
8608634	8587684	1
5852796	5808506	2
2753436	2729324	1
8508025	8508026	1
10390481	10390482	2
3917653	3911515	1
3029122	3029121	4
4375946	4404879	3
7926929	7919332	2
2459901	2384650	2
727370	727369	1
10727382	10727381	1
10808363	10822855	1
3630295	3630296	3
8520823	8520857	1
1148259	1194233	1
3640119	3621591	1
9989388	9989385	1
11867671	11915816	1
3315616	3315115	1
7987553	7987554	2
5698719	5699331	2
12717122	12717121	1
11860534	11860531	1
11904662	11904661	1
11305777	11293919	1
8442125	8442126	1
558036	466605	1
7295569	7295572	1
5997575	5997576	1
868500	863254	1
7519	7515	1
7394332	7394331	3
3686705	3686706	1
12131619	12136310	2
3687195	3687172	2
11625613	11625634	1
613095	613098	1
12810219	12799992	1
4429988	4433165	1
1457044	1457041	1
3577777	3566491	1
8792639	8825137	1
12182291	12182292	1
5377178	5275965	1
3100519	3100520	1
7241525	7294455	1
9967335	9967310	1
8498359	8498360	2
6024637	6024577	1
2367125	2371503	1
1092149	1092151	2
2996843	2896826	2
577150	577149	1
4781820	4781817	1
11165617	11160051	1
9745065	9744817	1
3232350	3257647	1
7143216	7145426	1
1093336	1091774	1
7192011	7192012	1
5997135	5997184	2
1263237	1254528	2
5909472	5904054	1
6081274	6087211	1
4292131	4291626	1
11992111	12042904	1
1487718	1487713	1
9476951	9476962	1
11525074	11513164	2
1164176	1164181	1
7625366	7724857	1
1163197	1163198	2
10205903	10205904	1
8440103	8438589	1
9495999	9496000	1
5876648	5904751	1
9799368	9804618	4
8425659	8317235	1
5957606	6065912	1
10097424	10143371	2
2844358	2844357	3
2872939	2861275	1
6087186	6086985	4
7108407	7150051	1
6194590	6180985	1
1901046	1885091	2
7343610	7343492	3
3482962	3482944	1
8919039	8833878	1
351645	351646	1
6012486	6012485	2
7022246	7102110	1
6121358	3247375	1
12718947	12714257	2
5968719	5980767	1
7431223	7431224	1
11352105	11352106	1
4704789	4704790	4
9128507	9070131	1
1583753	1583754	1
2439163	2421971	1
4548738	4548732	3
8581426	8579884	1
3767631	3798419	1
8061831	8075144	2
4023945	4050468	1
7424439	7424440	2
794636	794669	1
10946311	10946312	1
5284560	5284559	1
8895690	8883626	2
9616369	9616370	2
9571136	9552391	1
4057107	4068586	1
9051073	9040360	3
10740584	10740583	1
8763656	8792047	1
11606364	11606363	1
114713	120332	1
972577	1046281	1
7995610	7995578	2
5940524	5940516	1
3696388	3696332	1
3528361	3528362	1
8997139	8997001	1
813892	774565	1
11013447	11037183	3
3488264	3475351	1
11480836	11480835	1
9156296	9156295	1
3063164	3070859	1
7629982	7629907	2
10598875	10605354	1
3625809	3625718	3
7908686	7933385	1
3366314	3385344	1
7437400	7430036	1
10221397	10118759	3
3249896	3249895	1
356436	356435	1
5814295	5814296	1
11800802	11819857	1
12557830	12557829	1
7729939	7665263	1
7973654	7973624	1
10538781	10538736	1
2093058	2101994	4
9797763	9797768	1
3887177	3887180	1
10111120	10120772	1
7938291	7940986	2
4560131	4560260	1
12339819	12343340	1
1740502	1740471	1
2726037	2712110	1
6113945	6113946	1
4067530	4067925	1
3022044	3022043	2
7394191	7394192	2
3168527	3168528	1
2357357	2338769	2
7873626	7873623	1
8487661	8487662	1
6428216	6428209	1
6871617	6872117	1
135759	1742127	1
726899	719213	1
802457	816849	2
9599486	9602507	1
1132425	1132649	2
3129708	3129703	1
2167563	2164892	1
6784041	6783855	1
9829192	9828107	2
2617253	2611513	1
2579800	2579799	2
2361153	2361179	1
3667805	3667808	2
5967655	6056489	3
11443015	11443020	1
5954469	5960211	2
6473745	6413072	1
173267	173268	2
7768338	7778790	3
2568177	2568178	2
2644921	2635541	2
12345022	12345017	1
8504908	8504354	1
7546752	7503048	1
418433	523669	1
3969799	3969800	1
6047018	6047818	1
11036729	11020967	2
9503453	9441797	1
7905758	7905757	1
7266026	7265976	4
7066566	7066499	1
2122101	2121995	1
3763329	3748444	1
2597953	2597954	1
2489226	2489165	1
8293155	8293164	1
8087817	8087813	1
9658792	9658791	4
6197005	6197006	2
3642693	3654314	2
432201	432221	1
2832353	2835646	1
7416432	7424131	1
10273733	10273724	2
9734112	9734107	1
8349608	8386504	2
1699246	1699249	1
10250794	10250793	2
10290300	10288373	1
10387291	10400514	1
4016430	4016429	1
2951531	2981957	3
12375740	12314980	1
1438262	1438179	1
5904850	5904849	1
2382917	2382918	1
7458833	7458815	1
10518125	10518103	1
7398714	7398713	1
9005270	9005269	1
7579749	7579742	3
1326729	1290056	1
2573887	2570907	2
5739790	5738973	2
12444856	12424590	3
8097857	8097858	2
2182776	2078914	1
10357841	10357842	1
10643145	10654271	1
9486696	9486695	1
2519420	2519419	2
3534176	3534175	1
4214287	4214738	2
1579687	1579688	1
2406437	2406456	1
6109168	6109165	1
3217373	3242510	1
1941768	1934638	1
993690	1031594	2
7760330	7654832	1
10645173	10711320	1
7744753	7746697	1
2369874	2441259	1
1314481	1314486	1
7538079	7563136	1
656559	658763	1
4177071	4166751	1
10729215	10729216	1
1108256	1108241	1
7866141	7884751	1
9780539	9780522	1
3960984	3960983	1
6755721	6793740	2
8570327	8584716	1
8002747	8002748	1
10619126	10615907	4
1156259	1156260	2
674653	619540	1
8406212	8414731	2
11759237	11757122	1
10239407	10259227	1
10777567	10777568	1
2727921	2727922	1
1276540	1276539	1
12273611	12250591	1
6696482	6732121	1
3470709	3470712	1
7755311	7747466	1
5453365	5453370	3
8881277	8881280	2
8450971	8450972	1
11944690	11944689	1
9176069	9176073	1
11375579	11352026	2
7941337	7941338	2
3207273	3207276	1
3749673	3747598	1
656883	655749	3
4483874	4483873	2
3876082	3935986	1
8159124	8153189	1
7918099	7903875	1
525858	484952	3
7211797	7211798	1
9780318	9780317	2
9271937	9271940	1
5632154	5632153	1
6281802	6377746	1
9467708	9464898	1
4575168	4567630	1
1293988	1293987	1
1041869	1041870	1
3646747	3622270	1
888939	886574	4
2276176	2241294	1
2503182	2503181	2
7302665	7295863	1
2728826	2719911	4
12310315	12266135	1
11222250	11213866	1
9954715	9954851	1
7705022	7718827	1
3899117	3903306	1
275297	275298	1
2878705	2934870	1
7303508	7298618	1
2075724	2111169	1
6346076	6346075	1
980055	980049	1
3664419	3664408	1
6794663	6794664	2
4003380	4039235	1
5511725	5573766	3
11500302	11500301	2
477508	477503	1
1457056	1457055	2
7984006	7998591	1
11622536	11599385	1
8022838	8022837	2
3591406	3591405	2
4056204	4054133	1
6201486	6201492	2
6833039	6833040	1
11501760	11501719	1
7809755	7804062	1
6499111	6518407	1
7929854	7925889	1
5861941	5862465	1
9594148	9594147	1
2479097	2479098	1
7858455	7858569	1
10566041	10661533	1
3489290	3489287	1
245264	246130	1
301143	301236	2
7660599	7651749	1
9567152	9566380	1
9184436	9189877	1
3544046	3532562	2
3628820	3628686	2
653996	655091	1
6437844	6437289	2
6131864	6131863	1
1444751	1345601	1
3252297	3253968	1
10306880	10306879	2
4442814	4442835	2
1153493	1153494	1
6969291	6905940	2
7140112	7140206	1
359640	359639	2
10367975	10368023	1
8386724	8352014	2
10495656	10495653	1
6148370	6096629	1
598676	598675	1
7757215	7737162	1
2330289	2330303	1
1522029	1522435	2
404511	314312	2
6859174	6859169	1
4301344	4310379	1
7546288	7555814	1
9032840	9027769	1
9176554	9151597	1
1544667	1537054	1
262759	262760	1
5319258	5419839	1
10635553	10638735	4
8031161	8030802	3
12369210	12369231	1
5095850	5095849	1
1665673	1665674	1
4643200	4690168	1
12676101	12672930	1
7601787	7601788	1
4585838	4585844	3
5808702	5811551	1
10652382	10658314	1
11530409	11530410	1
3063397	3063400	1
11617746	11617743	1
7042743	7112251	1
1288667	1288670	1
5340831	5230020	1
3592231	3623752	1
1200122	1200125	2
2361711	2361676	1
6332246	6280009	1
6322870	6382230	1
9194755	9190933	2
12197606	12201185	1
8637038	8637037	1
9588844	9588828	1
5561810	5535417	1
10975621	10965583	1
12621272	12621271	2
2430715	2430718	3
3775631	3775575	4
8419244	8392426	1
12050805	12007805	1
9177807	9177808	1
669246	669250	2
3908998	3821284	1
11995474	11995473	1
12533442	12520240	2
6931253	6931435	2
5504496	5504495	1
1614541	1614542	1
3238978	3238977	1
10586146	10586145	1
4241445	4241446	1
1729535	1729588	1
12338060	12394021	1
812578	815808	1
9800708	9795772	2
3952428	3966623	1
7874837	7866209	1
2377913	2453879	2
8830534	8832863	1
12551904	12551903	3
9625420	9620055	1
2399863	2312757	1
2560806	2561069	1
7758836	7758839	1
11920486	11920485	1
753999	754000	1
3173924	3173923	1
1034952	1041561	1
10388452	10388451	1
10213579	10213580	1
11112025	11112026	1
3633613	3633616	1
10343564	10343563	1
9151670	9151640	2
8577812	8577815	1
1530261	1530321	2
11899129	11899130	1
4474532	4474531	2
1112966	1112965	1
2441890	2441889	1
611733	611734	2
12773601	12773602	2
10016469	10016470	2
9903263	10013875	1
4285022	4340927	1
8764037	8764038	1
3826271	3910147	4
1587411	1566228	1
11467857	11467860	2
3258694	3258687	1
3130357	3124898	3
11026962	11026630	1
186121	186122	1
8301360	8301843	1
11474048	11470990	5
7826588	7826587	1
10635841	10640090	2
528103	438241	1
7287686	7287683	1
2145679	2145680	1
2171846	2171845	1
3622933	3593665	1
9197661	9197662	1
6029389	6019027	2
11755433	11753701	1
8109436	8109435	1
7122009	7122010	2
7940474	7940473	1
12052331	12052332	1
7501365	7501375	1
1455006	1461693	1
9366763	9366764	1
9679113	9679114	2
7348326	7427124	1
10530256	10530255	1
6444254	6444103	1
10097016	10121060	1
10726685	10726688	1
10981167	10972892	1
10613837	10651078	3
2077626	2163637	1
10659601	10659606	2
3887825	3887815	2
8801623	8801626	1
11547865	11547866	1
2547536	2490875	1
11178826	11187845	1
9607137	9607142	2
6041822	6041821	2
2238391	2238392	1
7709197	7735873	1
3747635	3747636	1
2895579	2895580	1
749155	749156	1
5692883	5693047	1
5753471	5756441	2
9146689	9146690	1
4296750	4289161	1
572452	572266	1
4491856	4499874	2
8613168	8613160	2
12624606	12623584	1
12015088	12015087	1
2382475	2382476	1
3211940	3211939	2
3243553	3255479	1
7254789	7254761	1
6971074	6969117	2
1546179	1546180	2
2485884	11045150	1
11480582	11532685	1
4538913	4536363	3
3705961	3705966	1
7100940	7080376	1
10633179	10678001	2
2644015	2772354	1
3565255	3610791	1
10059339	10059340	2
8813461	8813464	1
6406467	6405701	1
8351694	8330200	1
10375606	10375603	1
4575971	4527758	1
11925794	11903096	1
2773371	2773386	1
6352134	6335207	1
11931744	11931137	1
1563951	1564307	2
11480616	11480615	1
6476081	6476093	1
1342704	1341060	1
8899349	8864937	1
2664968	2664938	1
12179775	12183010	1
3268623	3230368	1
8583902	8582489	3
2437006	2537541	1
1145196	1145159	1
9927208	9927207	2
3818313	3818314	1
1418100	1415899	1
751462	749557	1
8947534	9007484	1
8708406	8708405	2
2057686	2101384	1
7217208	7217207	1
4169683	9660994	1
4493535	4493536	1
783850	795613	1
4404666	4404665	2
11149486	11154983	1
6082044	6062964	2
11055385	11048812	1
3153448	3153447	1
4804604	4804568	1
10485068	10498966	1
5542309	5542310	1
2751608	2752390	1
3511855	3511330	1
7073781	7068072	1
2485944	2496422	1
9751223	9801317	1
8562177	8562178	1
7285566	7222262	1
8631784	8631781	1
5577854	5578416	2
8509490	8534980	1
6351231	6351217	1
11177176	11173113	1
7943419	7938576	1
7246390	7246389	1
9035421	9044600	2
2588615	2588618	1
7262482	7174950	1
1983783	1884192	2
11975636	11975635	1
8897134	8897095	1
6977378	6906039	2
11187775	11187776	1
6447345	6450865	1
9725456	9652859	1
8402945	8402962	1
2973796	2973752	1
11603599	11603600	2
1759448	1703822	3
9182487	9182488	1
10575519	10575520	2
9238872	9238871	1
1768536	1768533	2
10651770	10652313	2
7770622	7770621	3
10576560	10593866	1
147762	203402	3
9040268	9032281	3
3860910	3860907	1
3933497	3933498	1
5023424	5023423	1
1650189	1650193	1
11532686	11532685	1
1702177	1702299	1
2702242	2700646	1
8316932	8413862	2
9782350	9782349	2
10478955	10478956	2
7996199	7996200	2
10348343	10348140	1
12178431	12178419	2
5528696	5547696	3
9384727	9384617	1
495580	494611	1
8733110	8733080	1
11933622	11913483	1
9917668	9922163	3
8738186	8717844	1
9581904	9581903	1
4450547	4450548	2
8309278	8309287	1
9865923	9856616	3
1704964	1708896	1
10670776	10670754	1
6073580	6073579	1
2884798	2884797	4
1801547	1796601	1
7324395	7257198	1
9172159	9197169	1
2642033	2642034	1
10210124	10210123	2
2878768	2877913	1
6832548	6824404	1
10214349	10191429	1
12807379	12807380	2
7279108	7279107	2
2183012	2096997	1
1300641	1300643	1
11609489	11491868	1
1602113	1602020	2
8350936	8351992	1
2298259	2305856	1
10715970	10715774	1
6582764	6584957	1
1733980	1682070	1
11137643	11137655	2
3009579	3011248	1
11547442	11547441	2
7144586	7137080	1
5998462	6057663	1
4543995	4543996	1
1333446	1339071	1
7368593	7370123	3
1131323	1163691	1
6013861	6014253	1
1283901	1283811	1
4068400	4068397	1
2692431	2712058	1
10223130	10223129	2
2675984	2675983	3
4999133	5076113	1
1269367	1198294	2
11055888	11055887	1
4785179	4785180	3
10703326	10703331	1
11265489	11358332	1
12122677	12052686	2
6889421	6889422	1
6207946	6193220	1
5192822	5192819	1
9396723	9396724	1
3986196	4054951	1
8091389	8067310	1
8950414	8950413	1
3888875	3882854	1
6054249	6051774	1
8976777	8976778	1
2980428	2980427	1
3861413	3861414	2
2631852	2636327	1
6501554	6497022	1
7790919	7791317	1
8975940	8976390	1
12319667	12319668	1
6665946	6665945	2
774933	774934	1
10733450	10733373	1
8829359	8786830	1
10551132	10551131	1
4868889	4868886	2
10312904	10312989	1
10558515	10615281	1
7158016	7158015	1
10679416	10681862	1
11535055	11535056	1
7190766	7190765	3
1314908	1336474	1
5990458	5962304	1
7939850	7944831	1
10991411	10991415	2
1333285	1333286	1
8177749	8177752	1
5978777	5976490	2
8467768	8467838	1
3866004	3865879	1
8551126	8499668	1
11563347	11563348	1
6021178	6021196	1
11023108	11023107	1
7494494	7480082	1
7271172	7271169	1
9637540	9635744	1
3557525	3557526	1
549243	493989	1
8962774	5738950	2
8213494	8213493	1
5975101	5940155	1
11174857	11174850	1
6427359	6428105	1
10579024	10574644	1
9579710	9645359	2
197926	191214	2
1268215	1268216	1
9609038	9609037	1
370928	370927	3
2468100	2468099	2
2866556	2944210	1
7694294	7681501	1
2910490	2935863	1
3804538	3857267	1
7845124	7874796	1
5788858	5788857	1
498823	498826	2
7430655	7430652	1
7883350	7883349	1
3755899	3719040	1
7968029	7963280	1
2700738	2700733	1
7614522	7614521	1
4569728	4573732	1
5290676	5230673	1
673997	673998	1
9713227	9713228	1
2692431	2712056	1
5469136	5469133	1
11017995	11017996	1
6764202	6764201	2
7114624	7102309	3
1581130	1642551	1
4375946	4404877	1
2940749	2937308	1
7273901	7273851	1
5634705	5633229	1
10276025	10276026	1
8465849	8419154	1
3448126	3448125	1
8606320	8606319	1
11825685	11825686	3
10230422	10225219	1
8973713	8973948	1
3955279	3955282	2
10287895	10262311	1
10048568	10048561	1
5767536	5767706	1
8991962	8991961	2
10375730	10376073	1
11747642	11747641	1
10209875	10217927	1
9392914	9383399	1
7672838	7672837	2
1363594	1363593	1
1168471	1168466	1
157999	158037	1
11612874	11619209	1
8401544	8400914	1
6847523	6847524	1
667600	667599	1
7278682	7240335	1
2372934	2372933	1
5567678	5560385	2
3036411	3063219	1
7618544	7560761	1
5638329	5636433	1
3887635	3887636	1
5429580	5429579	1
1153324	1153323	2
11380073	11430689	1
1254935	1259906	1
10155851	10072420	1
425816	425819	1
3103740	3103739	2
11052736	11054997	1
3792400	3791462	1
9005193	9007858	1
391978	391977	1
4427592	4439374	1
11043763	11043764	3
6609000	6608999	1
5968302	5912101	1
8252204	8252359	1
2335262	2351928	2
7000179	7089537	2
12545901	12545935	1
6986204	6962200	1
5633057	5633058	1
5921917	5893462	1
5647471	5647472	1
4606074	4518669	1
3258777	3258778	1
3116769	3118361	1
2927706	2927705	1
343055	353763	1
12477666	12477791	3
5902866	5912156	3
11056902	11056901	3
10187395	10187396	1
9822561	9822626	1
10169427	10167596	1
9509053	9500645	1
2986317	2972032	1
8795378	8811091	1
1380400	1286433	1
12279058	12279031	2
3629270	3631352	1
459822	464170	1
9140838	9140837	1
9355736	9361988	1
1461919	1461920	1
1282715	1288636	1
1583687	1583688	1
12123664	12123324	2
3744641	3744644	1
2120621	2120622	1
7809810	7809809	1
12406265	12399587	1
12755267	12768660	2
9230082	9230075	2
7717175	7717178	1
799037	798253	1
7190503	7217177	1
1406372	1419880	2
2938521	2937011	1
11700038	11700047	3
8362034	8362033	1
1186327	1186328	1
6982959	7037054	1
341493	341494	1
7991144	7942670	1
9791126	9791857	2
2957728	2957727	2
10763743	10702662	2
1899051	1899052	1
4612857	4612858	1
7368607	7368608	1
2547965	2547966	3
8031716	8031727	1
2088966	2088965	1
8744933	8748816	1
3670278	3670148	2
11189366	11193138	1
1088537	1088538	5
4025233	4020691	1
3686177	3686182	1
1114358	1114353	1
7659233	7659225	2
2890914	2890913	2
1340379	1340382	1
7970301	7998546	1
3712385	3712391	1
8483731	8483696	2
2837306	2852654	1
1289930	1289929	1
12533427	12541122	1
9617856	9601741	1
4819055	4818994	1
8356675	8360201	1
1997358	1997357	1
10155235	10138383	2
2257458	2257186	1
8564689	8581748	1
5723727	5723728	4
12177585	12178905	1
12402064	12399284	1
11885087	11883305	1
7525757	7525758	1
6302564	6302563	2
10077419	10077420	1
7526876	7526875	3
7981665	7994853	1
3825522	3825460	1
6741012	6741011	1
12467726	12467725	2
5773056	5822274	2
8473504	8473503	2
2547205	2547206	1
12651212	12650386	1
8572941	8614178	1
6975206	6975205	2
11439099	11439100	1
7633141	7633142	1
4277605	4277606	1
11219806	11219805	1
3226751	3213000	1
4273863	4273864	1
3968395	3968374	2
8704271	8704272	2
9656501	9656502	1
1642477	1642480	1
9415878	9354442	2
10058555	10062127	1
11440579	11411333	2
293190	318246	1
5219526	5219368	1
8997942	8997948	1
9985265	9985121	1
7761959	7781508	1
6740991	6741061	2
7833375	7834861	1
855562	855561	1
10977478	10924415	1
6721393	6721670	2
11669061	11669062	2
3130353	3130356	4
4448469	4381836	1
3532030	3526715	1
6616269	6556258	4
8289372	8289371	1
7678153	7658532	1
4690185	4690186	1
8689480	8748362	1
7154244	7210750	1
5335228	5313532	1
2680406	2680401	2
8917615	8917616	1
3201152	3201151	1
10104043	10104040	1
4828231	4828227	1
4503549	4524368	1
5281665	5279024	1
1133554	1133553	2
8613219	8616981	1
8637365	8637366	1
9058659	9058660	1
8239327	8239527	1
7350955	7361734	1
4308817	4305783	1
5922521	5921329	1
9108716	9169694	1
6206987	6206988	7
1258648	1258792	1
3623364	3637999	1
2719890	2728880	3
2852254	2852262	1
10691728	10700615	2
3778822	3778877	2
5634619	5631969	1
374552	374549	1
335334	320036	2
1573945	1538882	1
4605322	4638719	1
5658935	5658936	1
9003064	8999516	1
6172071	6172072	1
10233499	10240399	2
7189855	7189856	1
1135896	1135895	1
1116473	1110386	2
3207275	3207276	2
2751612	2751609	2
3194515	3193952	1
8262555	8262556	1
2357718	2410934	1
3863069	3863070	1
8704271	8704266	1
6317832	6317831	3
1328123	1244080	4
3359684	3359683	1
6302371	6302362	4
192181	139381	2
10590638	10590643	1
11497412	11516042	1
11703408	11705337	1
8441892	8441884	1
5069598	5085526	1
4842612	4833195	1
8472220	2452171	1
2382764	2384504	2
2275996	2326510	1
12485980	12608765	2
2838228	2838227	2
1318089	1318092	1
540257	496756	2
10160021	10160022	1
7908492	7913640	3
537723	520577	1
10200983	10201155	1
3563926	3563925	2
7274906	7280263	1
2674359	2684374	1
7546290	7546289	1
2464995	2464996	3
8796178	8821981	1
525450	525455	1
955235	954600	1
869853	869854	1
4110689	4053984	1
413842	413841	1
6351364	6351363	1
9607864	9675342	1
754365	754366	1
4654040	4658067	1
5437572	5445320	1
3737184	3737827	1
992449	992450	1
11404361	11404362	1
6172069	6172070	1
7311205	7310766	1
4598776	4598732	1
7477614	7469864	2
714197	714198	1
8090812	8100800	1
1637300	1509481	1
2503180	2503179	1
7740017	7740018	1
1748880	1753351	2
7407973	7397361	1
4368655	4292846	3
8847490	8916080	2
4828101	4828102	2
7453844	7453841	1
1267062	1266937	1
3315421	3255070	1
12458540	12458539	2
11806227	11807323	1
6427910	6427909	2
5319173	5357305	2
9497014	9416867	1
6449489	6449490	2
444965	441251	1
8043646	8043645	1
7064510	7064507	1
8547913	8547914	1
1825487	1825488	1
7192338	7197875	1
10261183	10274617	1
5358404	5351112	1
10258614	10257440	1
10247991	10258790	1
7248154	7310411	1
5587626	5589015	5
1123216	1123215	1
4224465	4224466	1
2305248	2316490	1
1768761	1768767	1
11206888	11201685	1
11475155	11484972	3
5305611	5305612	1
11032946	11047019	5
1073244	1073243	1
11662548	11662545	1
5717586	5717583	1
12019346	12019380	4
10481299	10481300	1
450312	450311	2
3092533	3092531	1
11516056	11516233	2
8262844	8262843	1
5854742	5854741	1
8433691	8407388	1
7309197	7309297	2
8428989	8428990	1
5995430	5964525	1
4046658	4046657	2
6350885	6350886	1
3670938	3677008	1
2251264	2186002	2
400611	452469	1
11142063	11142036	1
225527	232377	1
3934526	3869730	1
10490606	10508131	2
10746657	10746660	1
8842567	8842315	2
8693697	8693698	1
10653602	10653623	1
4499286	4497206	1
1534311	1533360	1
9782610	10077288	1
9791011	9790458	2
839280	839308	1
11210166	11210165	3
5267451	5275606	1
9912324	9912459	2
7736804	7772902	1
2456015	2458290	1
4670765	4670766	2
9660441	9663364	2
2408327	2408391	2
10112162	10159955	1
6320682	6363641	1
9507953	9507956	1
1694949	1694950	2
9422440	9422439	2
697368	704135	1
8509509	8509510	1
5842054	5834626	1
7325882	7325881	1
1158571	1209471	1
3906402	3940355	1
3480344	3480341	1
7078916	7078915	1
4287067	4287068	1
4808969	4808974	1
2694621	2715305	2
3625985	3625986	1
5862902	5889166	1
2260978	2261942	2
3534708	3534707	1
9153040	9091570	1
7943949	7932383	1
4384488	4384487	2
1407507	1379891	1
5950826	5950677	2
5437808	5435476	1
11183792	11183791	2
1312632	1291493	3
7006298	7006307	1
6694313	6694630	1
1654530	1629020	3
2190359	2190360	1
10040755	10040756	1
9738613	9738620	1
3632593	3632594	1
1526783	1458967	1
1725319	1790243	1
7618547	7617991	1
3410791	3410811	3
3031064	3031125	2
7380231	7333007	1
2830564	2808985	1
8854586	8854792	1
3610469	3547975	2
12412243	12434418	2
774111	774112	1
701309	701434	1
12285736	12270571	1
2230701	2233576	1
12788268	12788265	2
11044140	11023115	4
5821935	5803859	1
10705393	10705378	1
8268179	8268180	3
7424615	7424618	2
1044993	1045399	1
10730045	10730048	2
6093867	6093871	1
10726115	10716404	1
3614034	3685701	1
2183766	2183763	1
2826622	2826648	1
10140711	10140774	1
2445483	2482132	4
7924721	7924827	1
7592525	7510574	1
1143440	1143288	1
6012396	5998476	1
989912	989911	1
9195588	9169309	1
11912855	11933285	1
4839331	4839332	1
2666003	2665650	3
1552410	1552409	1
12786489	12786490	1
5484011	5484031	1
3314034	3310947	2
1501459	1501460	1
3551318	3551317	3
4051508	3976719	1
4302792	4302791	1
5717320	5785690	1
4317904	4317903	1
12198431	12198432	1
4699434	4699433	6
8954225	8961487	1
3363475	3361351	1
3378942	3378941	2
4644183	4644179	1
12461469	12461470	1
8350410	8346152	1
9610684	9611639	2
6012069	6012070	1
2942919	2944632	1
11696475	11696476	1
1645338	1628484	2
12187491	12183856	1
4207382	4207381	3
10495208	10495211	1
9116896	9116895	2
6948496	6948495	1
9625121	9595614	1
10211411	10213022	2
1518614	1563677	1
8452157	8416959	1
7407980	7417152	1
2946055	2946056	2
9314618	9314613	1
1918357	1925891	1
6045110	6052571	1
4674640	4675072	1
12306729	12306730	1
5691162	5691161	1
9676296	9680560	1
10450798	10450797	1
9292986	9292985	1
6966942	6976301	1
9143717	9164947	1
10055270	10055269	1
2729675	2682753	1
3553665	3553670	1
2855586	2855451	4
8376018	8376017	1
11081939	11081953	1
7445860	7431779	1
8535847	8535850	1
7468739	7468740	1
11142221	11143754	1
7641736	7659059	1
8403627	8400355	1
4254955	4254958	1
12474232	12475654	1
2339706	2319648	1
12547140	12547244	1
12197942	12181883	2
8792039	8792040	1
1247709	1247735	1
1223072	1278704	1
11295684	11295683	1
6124476	6124468	1
2933773	2948555	2
3903392	3903395	1
9072275	9072276	2
239147	228093	1
6038374	6040890	2
4390264	4390380	1
5783212	5772805	2
6086610	6042691	1
10001195	10001196	1
2105161	2260435	1
2460473	2460474	1
10731217	10731218	1
1465849	1395534	1
5694871	5694872	2
4736769	4736770	1
3244013	3244008	1
10024249	10025607	1
5840248	5843221	1
1771805	1771806	2
1560614	1572710	1
6065563	6009365	1
6368061	6368062	2
12686116	12688339	1
6057612	6057609	1
6793745	6793746	1
7616196	7623490	1
8515147	8515148	1
11218685	11218690	1
10384887	10384888	2
5700355	5692439	1
5877598	5954497	1
3030268	3116110	1
3510086	3514490	1
4703104	4675019	1
11577103	11577104	1
1750419	1750420	1
7285869	7285870	1
5882274	5819497	2
10623560	10623613	2
537489	537490	1
5477837	5477838	1
3384221	3384197	1
3531218	3531220	1
8777032	8777857	1
5978379	5978380	3
10466295	10478954	1
6969116	6969115	2
9146878	9146900	1
3818315	3818316	1
10402393	10402118	2
167773	48314	1
12651534	12651547	1
11670348	11666020	1
9995109	9995110	1
5870407	5870593	1
3292252	3292251	1
1393956	1385363	4
10458230	10458213	4
8153269	8153361	1
2137390	2136904	1
3313112	3313775	1
8974019	8984439	2
11829203	11829204	1
1169793	1163181	1
309255	309256	1
10237079	10250758	1
9182438	9182486	1
10653963	10708968	1
5065362	5118994	3
1542451	1541264	1
6122012	6127701	1
1527396	1527561	1
9197841	9198234	1
2526636	2526628	1
5258721	5222746	2
5195119	5214990	1
2336134	2336137	1
10558500	10558499	1
12561178	6989332	1
10268670	10271782	1
9785951	9785954	2
10049357	10049392	1
2501301	2508125	1
7380066	7380071	1
2699668	2699667	1
10983233	11052234	1
8741568	8742114	2
2299695	2255697	1
3987204	3987203	1
2594547	2594548	2
12319096	12301873	1
8048143	8092221	1
3655895	3640979	3
12563448	12568205	3
11834543	11834544	1
11569166	11569078	1
5884298	5884316	1
7247584	7251362	2
7584039	7584373	1
2603812	2604080	1
1006386	990120	1
568099	568100	3
12372579	12372837	1
8837165	8868590	1
9023151	9023154	2
5802245	5802246	2
1133276	1133275	1
10099046	10127560	1
9752181	9752182	3
12027936	12105341	1
6000259	6000262	1
10589850	10589840	1
1285457	1283783	2
5788856	5783118	1
2379619	2382476	1
2807714	2801013	3
5398483	5366329	1
3205264	3205263	3
6990448	6990447	1
11021815	11029592	1
3937284	3937283	2
3645183	3603248	3
6030373	5958091	1
4283599	4283602	1
1209408	1229181	2
3981712	3981806	1
4691796	4691690	1
10439900	10439899	2
5692107	5694489	1
10312420	10312419	1
3885766	3885726	1
6508568	6497313	2
6691673	6691674	1
5624419	5624420	2
8453636	8453653	1
3384407	3364345	2
11579176	11585196	2
10542967	10546548	1
3719993	3719994	2
11029588	11047697	1
9428134	9428133	2
6283781	6364617	1
6284271	6284272	1
9490831	9490832	1
8607205	8527119	2
10612148	10633303	1
5942522	5942521	2
7094208	7094207	2
6622213	6626988	2
9010008	9010007	2
12164603	12164606	2
4531101	4552625	1
3145429	3145430	2
6286572	6318312	1
6178497	6178486	1
9101650	9165481	1
8895925	8877260	1
1457347	1457348	1
1543563	1543551	1
8162247	8108409	1
7779931	7779932	2
1575651	1645091	1
1933157	1937505	1
11128464	11153520	1
8227772	8227465	1
12494396	12494395	2
8430156	8381421	1
2754133	2766012	1
11110548	11152708	2
10419611	10419612	1
3081616	3132142	2
3038274	3038273	2
6124944	6155420	1
1416945	1421757	1
5364093	5350559	1
9091932	9091931	1
7161924	7161923	1
2695111	2695112	1
7527956	7529851	1
1094758	1094757	2
5171279	5176230	1
8982862	8974590	3
8243145	8243148	1
11605602	11605601	1
1593207	1593208	2
1433280	1438176	2
5923074	5927565	1
2204725	2204928	1
10646149	10646150	2
2643426	2653992	4
3100521	3165510	1
5349321	5349322	1
8826277	8826278	1
2798757	2808380	1
4437149	4437150	4
472863	472864	1
10645472	10647323	1
319121	319122	1
3108656	3133008	1
10480637	10480638	2
4345021	4345750	2
2604127	2604128	1
6913867	6913868	2
12191204	12191304	1
1343325	1300193	2
4033220	4033219	1
7929337	7929338	2
8412289	8412290	1
10871857	10871858	1
11835352	11835351	1
3386424	3387345	1
2555544	2561946	1
11872031	11887453	1
9021681	9124511	1
11557773	11600911	1
8199572	8199549	1
3943971	3943972	2
5452054	5455892	1
6675576	6675551	1
4396361	4401870	1
12539621	12533937	1
2707468	2707467	3
8405784	8405722	2
6432298	6420914	1
2468336	2468335	1
9660031	9660058	1
11184815	11182315	1
1484002	1484001	1
4836764	4832342	1
3330090	3330313	1
1178960	1203634	3
2685005	2685006	2
1317710	1317707	1
9333035	9333038	1
12173499	12186314	6
12435440	12440363	1
8278610	8278400	1
484613	484618	1
7346128	7346127	1
10091647	10091648	2
1099609	1099610	1
9798808	9798807	1
2349843	2349844	1
7401299	7396248	2
8545459	8545460	1
3031732	2954353	1
10181320	10181319	1
4438273	4458599	1
3945205	3945421	1
1779132	1779135	1
1356141	1340921	1
12539679	12533920	1
9012401	9012402	2
258014	287660	1
6485829	6434306	2
2237818	2337434	1
3523483	3523484	2
3946389	3946390	1
12179851	12179854	1
11583307	11583308	1
2682615	2682616	2
2829745	2829762	1
10320577	10320578	2
4848679	4785611	1
2767506	2773841	1
2200455	2105533	1
6650275	6710536	1
9794098	9794093	1
3325406	3325405	1
6602740	6520355	1
10608256	10551937	1
7155388	7155385	2
9584255	9584256	3
2712455	2712456	1
8356355	8356349	1
4102414	1628980	1
9631183	9631204	1
11834781	11836199	1
8859995	8859996	2
7720485	7723264	1
7325674	7320961	1
6289871	6289872	2
11610986	11610985	1
7852920	7852919	2
7414797	7356924	2
3281819	3281820	2
615004	615003	1
9648885	9645990	1
9465482	9488217	2
1251813	1255061	2
9931532	9949922	1
642789	691178	2
12336699	12376020	2
3496590	3496589	1
5576768	5576840	1
1114352	1114351	1
10711960	10681912	1
5805906	5805905	1
10458212	10426495	3
7803750	7803747	1
5899537	5950600	2
3853506	3830482	1
12384938	12384937	1
12026097	12026098	1
8200141	8267298	1
6193261	6193245	1
359711	359712	1
6011281	5966332	1
4122519	4122531	2
8824970	8824969	2
1651440	1736448	1
3820668	3803070	1
8862586	8837855	1
9003626	9003623	2
5444189	5444190	1
10666356	10702957	1
4482751	4486730	1
8741371	8741397	1
1706139	1682177	1
2552622	2552621	1
6017599	6018853	1
11572029	11571468	1
5751933	5751934	1
1541455	1541456	2
12201580	12201579	1
7943264	7943263	1
7317062	7317061	2
3986196	4054953	1
11956304	11956303	1
7149454	7149536	2
4275107	4288798	1
2808736	2808916	2
11411815	11411818	1
2933091	2876541	3
9507953	9507043	1
7323273	7289733	1
1236769	1209682	2
11538768	11492198	1
1108943	1075003	1
4616031	4616036	1
6887698	6890006	1
2673934	2667805	2
3050272	3050577	1
3288070	3285690	1
11875892	11875889	1
11186737	11186738	2
9983996	9986566	1
12617378	12777824	1
6539615	6539622	2
6118632	6138806	1
7029609	7015050	1
4093000	4092999	2
9929006	9904099	1
5207808	5274157	1
8414866	8387244	1
2236352	2236351	3
7854191	7854182	1
2242465	2242466	1
5171917	5172240	1
11125621	11106242	2
10761290	10760228	2
9121564	9126372	2
395803	394906	1
8963730	8963928	3
7182368	7182365	1
5015567	5015570	1
2014932	2014931	1
1142144	1144727	1
10915475	10915476	1
5752333	5752334	1
2817646	2814675	1
8105803	8105824	1
6443035	6443648	3
6811903	6810459	2
8016993	8016994	3
8568083	8568084	1
5219528	5219368	1
10508984	10509010	2
1174578	1174573	1
9557869	9557870	1
8859129	8841029	1
6137037	6137038	1
1137069	1151114	4
11621216	11621215	1
9990544	9990543	2
12451719	12451748	1
10040260	10051840	2
9560096	9560095	1
4056225	4050826	1
3997043	4014565	1
2365344	2365347	1
6113039	6131702	1
448087	398850	2
2253914	2194249	1
7187454	7187457	1
947043	896937	3
8410029	8363063	1
7015726	7015725	1
6200915	6206836	1
8801627	8801628	1
9768638	9778505	1
1316103	1316106	1
10197898	10197895	1
11827374	11823837	1
7116142	7116141	1
1105567	1119400	1
10506641	10506818	1
4090105	4090106	3
5145965	5179113	1
12651127	12651634	1
3533485	3533486	1
4545278	4524903	1
10765734	10740108	1
1177674	1177669	1
2804998	2867303	1
7309560	7309559	1
3961007	3961008	1
1149169	1161958	1
8413109	8403013	1
11980503	11980510	1
12422853	12422878	1
6541550	6545918	1
5311670	5311911	1
1143289	1143290	1
436472	436471	1
12596217	12596218	2
2819025	2818898	1
1278675	1319354	2
10552043	10614298	2
3251996	3251774	1
2215936	2215935	1
8866791	8926193	1
8320228	8320227	2
11352515	11375609	1
4706324	4706317	1
7024739	7047330	1
9797067	9797225	1
1666763	1657765	1
6130512	6130511	1
1801513	1796112	2
539271	539272	2
9130970	9172298	3
7778025	7788756	1
2491810	2491809	1
12502755	12502756	2
4156816	4140849	1
2230229	2236756	1
11588490	11588489	2
272621	272622	2
8559559	8559560	3
8502450	8472522	1
8374891	8374892	1
1641364	1636261	1
3201760	3253497	3
4877117	4880733	3
10463069	10465117	2
6202256	6208531	1
3149931	3149926	1
12418858	12387598	1
9717186	9717194	1
3188067	3188068	2
1411345	1411346	3
12268883	12254567	1
10669317	10669318	1
2808330	2795159	1
9950485	10106819	1
12360496	12345937	1
6057454	6140280	1
3370557	3376486	1
468510	390376	1
7728245	7728246	1
1590235	1590226	2
7839035	7839036	1
2266780	2266794	1
9560052	9560051	2
7874502	7874501	1
1724782	1794014	1
7256816	7254433	1
6528326	6532531	1
499081	501403	1
8097947	8059979	1
12372505	12380783	1
8052464	8054516	1
1721473	1683303	1
10230088	10230087	3
7768909	7768912	2
2683474	2691896	1
1264020	1267891	4
11517602	11517599	1
9008685	9008686	2
12324840	12322970	1
6580459	1234697	1
1407787	1338902	1
6990143	7041808	1
4530555	4530556	2
688631	688580	1
9766230	9782127	1
2665655	2665656	1
945707	945700	1
8244568	8245595	1
2944091	2944092	1
12010291	11964589	1
10780396	10780395	1
3420939	3488077	1
12442991	12442994	1
3281136	3281135	1
1768536	1768535	1
9624463	9624464	1
7487304	7486147	1
8786215	8845186	1
12756338	12756335	1
2805981	2787641	1
6736884	6736883	1
8696212	8770159	1
9616192	9616110	1
12027241	11985316	1
4787240	4787239	1
2061544	2061543	2
3169332	3169329	1
5958341	5958342	1
5924440	5924252	1
2786934	2805040	1
72614	56907	2
6059515	6009054	4
7069997	7089094	1
2201358	2201357	2
11121990	11121989	2
7246725	7246726	1
604358	600972	1
11888628	11888625	1
6148510	6145403	1
10043685	10082788	1
2411137	2411138	2
7118478	7119105	1
10573245	10572223	1
5985400	5977322	1
9991494	9991529	1
4591780	4591779	1
479981	477065	1
11583004	11525000	1
5927398	5927397	1
10585242	10668587	1
2802435	2787090	1
12339311	12339312	1
4205139	4205140	2
10558893	10558894	1
3005536	3002850	4
11157048	11157052	1
4028404	4027640	2
5917448	5917447	2
2158988	2158987	2
10733124	10733078	1
11820180	11820492	1
6753710	6753438	2
6912148	6962956	1
3874689	3796730	2
6209606	6209603	1
2748851	2785904	2
10726629	10726621	1
681641	692307	1
841442	841441	1
12522201	12505827	1
1036285	1042324	2
814896	814753	1
11014212	11016114	1
6568288	6568287	1
3009599	3009577	1
6392243	6329225	1
12600258	12600257	1
1827779	1827690	1
9014271	9014272	4
3998681	4005934	1
1255810	1226586	1
6670757	6670766	1
9140433	9092426	1
6676612	6676609	1
9479037	9564230	1
9250390	9250441	2
10256720	10242926	1
6321582	6345080	1
11126574	11150300	1
11748158	11748157	2
2187755	2187756	2
1358057	1358058	3
8092351	8092352	1
10031429	10031397	1
6136325	6068718	2
7957208	8396880	1
6578075	6659017	1
6679362	6679361	1
3138723	3137440	1
8974611	8953787	1
4000028	3999033	1
6467455	6467456	1
1229086	1229085	1
8584639	8603778	1
4270925	4284457	1
8004622	8002786	1
7609330	7609329	1
1036021	1110168	1
6034775	6033769	1
10797007	10797529	1
8813656	8813653	1
4087120	4016898	2
9468060	9468155	1
5969404	5971381	2
2525511	2525512	1
7455565	7455563	1
4045092	4045091	1
5203178	5232555	1
8034478	8034475	1
1938225	1910277	1
5228272	5256181	1
12180502	12262922	3
6322894	6381962	1
5023151	5023146	1
6276378	6276377	1
1231337	1161233	1
3103742	3103739	1
3383584	3383580	1
7286160	7286159	2
281475	235360	1
8512697	8490792	1
7227916	7235735	2
3091667	3101140	1
27864	10860329	1
5728164	5728203	2
6317836	6317831	2
9622056	9622541	1
10185911	10185912	1
8859945	8829153	1
1175092	1175091	1
5106581	5098368	1
4493959	4493782	1
3687193	3687194	2
2480316	2452171	3
12432700	12451611	1
4806757	4807879	1
5550939	5597050	1
5479756	5479751	4
10424752	10492257	1
10245170	10245169	2
4945907	4945908	2
4770890	4771067	3
6573196	6596371	2
10641309	10641390	3
10273982	10273988	1
8648383	8648384	1
10195512	10195511	1
9984523	10004561	1
6498634	6439612	1
3744860	3744893	4
5743437	5742618	1
1593447	1593448	1
9162974	9090365	2
3739062	3744821	1
8001319	8001320	1
1401463	1401464	1
2389339	2389340	2
3676071	3658325	1
1610393	1610416	1
816079	816080	4
8329298	8329297	1
1285252	1221520	1
560005	560006	1
3527044	3547968	1
8210074	8215166	1
4525389	4525390	1
10165394	10178366	1
8957529	8956567	1
6436865	6430710	2
9110324	9110319	1
9052809	9031535	1
8226408	8222910	1
10766137	10686568	2
1485476	1393758	1
4067804	4067584	1
6005386	6007336	1
8419850	8419852	2
9603912	9598373	1
4468843	4468745	2
5744732	5744723	1
11047070	11047069	1
5377325	5377326	1
4215620	4215625	1
8956477	8968914	1
3758954	3758953	2
8965615	8965616	1
6093494	6043079	1
7663156	7731865	1
883167	883170	1
8745445	8718817	1
2572290	2568807	2
9140206	9140291	2
4117005	4052590	5
7474986	7485729	1
371487	371665	3
11988246	12003295	1
10373706	10366671	1
886653	902424	1
10185374	10072346	2
2171339	2240720	3
4037716	4050157	1
7997582	7928928	1
1323518	1322963	4
12514454	12441645	1
3390311	3384161	1
653535	653536	1
1633329	1665328	1
2207544	2207539	2
2277256	2277255	3
9181831	9181868	1
11325279	11325276	1
7866023	7866024	1
1585529	1543039	1
3267991	3248069	1
3532032	3532031	1
7434530	7434543	1
2692770	2711751	1
11157028	11156900	2
10725831	10722946	1
1480508	1490326	1
2242467	2274726	1
5244185	5315827	1
11122655	11154256	1
8855147	8855228	1
236174	236171	1
3185980	3185979	1
5746638	5746637	1
5364091	5364092	1
12511883	12511886	5
7946426	7946425	1
3674977	3670810	2
3496432	3495932	2
2338037	2338040	1
7470658	7482574	1
12180143	12182698	2
7309749	7315256	1
3184944	3184939	1
12405841	12398962	2
7218782	7206275	1
3259364	3259361	1
11497872	11492882	1
11530407	11530410	1
8861102	8861101	1
9711894	9711893	2
7273157	7282145	1
3922384	3922383	1
2861634	2843158	1
1519068	1575853	2
7678061	7678062	1
11767949	11768055	1
7970710	7970709	2
487429	488499	2
7639256	7639255	2
1793265	1798457	1
2282741	2518572	1
5365080	5365079	1
1138057	1138045	1
4354555	4354556	2
3103059	2992200	1
8371100	8370799	1
3695505	3734692	2
10766090	10766778	1
2352034	2352033	2
11323693	11350074	2
3532038	3532033	3
3691320	3691319	1
3377846	3377845	1
1605887	1632023	1
4218408	4218395	1
9373875	9373876	2
2846201	2845273	3
7084562	7084561	1
1140556	1140578	1
9575536	9514624	1
6779897	6798665	1
10402359	10402360	1
12021147	12021148	1
7474760	7474763	1
5968952	5968951	5
4607366	4607365	1
7922327	7901512	3
9938014	9938013	1
3042861	2995435	2
10026390	10026405	1
6443121	6512342	1
2794692	2794695	1
7336575	7248966	2
3948699	3946609	1
5692885	5693047	2
3149149	3102947	1
5071730	5096473	1
1499814	1579036	2
11639989	11639990	1
12169705	12169706	1
10330532	10330531	2
2157298	2179529	1
5950415	5903608	1
10879424	10886198	1
6348856	6351367	1
3244071	3244072	1
7185938	7235871	1
3386993	3386996	1
8511653	8509995	1
8310689	8310690	2
8479825	8508934	2
4392377	4397753	1
3036135	3036136	1
3634411	3562814	1
1316105	1264963	1
6412648	6435478	1
1552282	1552314	3
470902	568480	1
8504508	8504507	1
1084084	1084083	3
8236541	8236542	2
431162	431176	4
9475854	9507642	2
991458	991206	2
2731181	2731182	1
4039461	4107497	1
8043571	8051023	2
3929908	3922367	1
6048265	6048266	3
6127840	6127839	1
6446631	6446634	1
1377795	1380586	1
4610783	4610789	1
4012974	4012116	1
5477286	5542155	1
2576317	2576318	2
8043892	8043891	3
7638429	7638517	1
10551126	10549137	1
4866728	4866731	1
5189881	5189890	1
2847711	2847712	1
7409859	7409860	1
5446145	5446151	1
3266829	3211950	1
2006058	2006055	1
8017831	8017835	1
3862391	3665714	1
8355032	8355031	1
10569527	10570601	1
11088574	11088573	1
8829359	8786828	1
11759275	11759276	1
7870399	7870400	1
3985136	3972580	1
11112018	11112015	1
12205389	12205390	2
5419833	5419836	2
10482835	10473139	1
6067326	6067320	1
7857519	7857522	2
10102610	10059296	3
6146860	6068268	3
3342120	3341629	1
9520780	9584067	1
6165755	6165715	2
1531454	1531451	2
12608764	12608763	1
7952649	7952650	1
6015071	6010236	1
6029094	6029091	1
11064584	11078191	1
10729846	10729845	2
2352032	2352031	2
4757683	4757891	1
9509973	9494055	1
1584134	1585221	1
4798880	4798879	1
2432403	2437651	1
10529006	10529003	2
7617454	7617457	1
1600444	1656458	1
611731	611732	3
10070713	10070714	2
11052788	11050850	2
12019734	12013711	1
6651991	6651992	1
9734112	9734111	2
10963621	10890016	2
10765753	10765756	1
7482288	7553392	2
387117	387127	1
1169447	1169448	1
7286377	7336229	1
12143671	12140095	1
4306811	4306812	1
12521034	12521005	1
10914152	10985714	1
10531678	10568462	1
8550253	8550254	1
3982984	3897695	1
8888697	8887542	3
12295172	12233508	1
3650697	3619333	1
1037221	1037222	1
6375008	6454897	1
10746694	10746693	1
9018106	9018933	1
835015	835016	1
8882588	8850560	2
3265952	3292253	1
9694669	9651785	2
1231682	1231681	1
7281695	7281696	1
7223007	7210606	1
11652209	11597251	1
7437064	7433570	1
3394049	3394052	2
11586842	11570632	1
439519	439580	1
10481477	10481478	5
9757717	9757722	1
5467529	5466435	1
12156125	12198816	1
10257441	10257442	1
8986147	8985626	2
2663727	2663728	1
10687672	10614898	1
1154165	1057791	2
10566611	10566612	1
8706022	8811396	1
10249400	10231782	1
11375221	11375222	1
8510221	8520549	1
10268350	10272058	2
6012398	6012397	1
5624279	5600605	1
3192163	3192164	1
11975497	12071820	2
1738429	1741367	1
3884074	3884073	3
7563872	7551738	1
1898802	1898927	1
5848857	5824423	2
11457344	11457339	3
3684441	3684442	2
12669678	12669669	1
1094191	1094192	1
5857028	5808485	2
9104001	9104002	1
2699709	2833839	1
1933608	1934352	1
7226293	7226294	1
6051784	6051783	1
10181139	10181142	1
12053171	12053172	2
1382894	1395086	1
10251618	10203094	1
3710419	3710420	3
6727786	6727785	2
10418298	10418297	1
2543433	2543108	1
6568296	6561619	1
12543489	12567378	1
5677487	5677892	1
8530400	8530362	1
2551786	2551785	1
3870549	3870552	1
8463936	8590107	1
7930400	7930399	2
8149427	8149432	1
347258	347257	2
6917590	6977087	1
66908	66982	1
8824972	8824969	3
3998055	3998153	1
7935375	7935337	1
9418275	9418187	1
2105148	2105363	1
10103527	10123164	1
1606988	1607847	1
5717582	5717587	1
11083999	11013121	3
8375156	8375153	2
1847882	204642	1
3277182	3274993	1
337152	337151	2
4472122	4472125	1
9048677	9031483	1
3947806	3947805	1
5975351	6015769	1
6023076	5941301	2
8036131	8035445	2
5716676	5728180	1
11560512	11543434	1
10214743	10214744	1
4404878	4404877	3
5818850	5818826	1
9370603	9329610	1
9100727	9100728	1
7442057	7442058	1
6057495	6057613	2
4537899	4537900	1
7755313	7747466	3
1371767	1371768	1
9500463	9500464	1
325583	320400	1
7722085	7722086	2
7698325	7633156	1
5426524	5426565	1
6717818	6717817	1
5919239	5919271	1
8806830	8806829	2
1986871	1986909	1
3641438	3641214	1
7179009	11968121	1
10674812	10627071	1
12427641	12427546	1
1448293	1451008	1
2205674	2205671	1
4553660	4482942	2
6070468	5990767	1
6555624	6555711	2
4089337	4089338	1
9422186	9422457	1
11146720	11149100	2
2060195	2060196	1
12461875	12424831	1
929735	912594	1
964372	964371	1
7507239	7507240	1
10492597	10527118	1
3730211	3796600	2
10430735	10430736	1
5610810	5610799	1
11121004	11142569	1
9022321	9022322	2
12407623	12451309	1
2358564	2358563	3
214782	245796	1
1768341	1757967	1
2085014	2132583	1
6803035	6814019	3
9061305	9061299	1
835728	847747	1
6064852	6068244	2
11852838	11863585	1
3830782	3830781	2
8284253	8289987	1
490668	490667	2
8465829	8466531	1
816019	816020	2
1531605	1535489	1
2679409	2679410	1
4033317	4016760	1
4120347	4120348	1
6418908	6418907	2
794127	865015	2
6212475	6212392	1
12759430	12732928	1
1238500	1238499	2
6490503	6490504	2
7239622	7136028	1
3676218	3673224	1
6609598	6545455	1
11078999	11079000	1
12184773	12184774	1
2885057	2885052	2
1754551	1754562	1
10723956	10723953	1
8481741	8481742	1
11288038	11288035	2
5978309	5978310	1
9133256	9133253	1
5919362	5919361	1
8880641	8880627	2
9150898	9110607	1
8181587	8181619	2
5422086	5422085	2
2643083	2643084	1
916116	922077	1
9118334	9118333	1
5885305	5885306	1
4517444	4517443	1
3809540	3803669	2
7852918	7811078	2
4639166	4652040	1
10086532	10086529	1
5644797	5644798	1
3098918	3062043	1
9575361	9574795	1
11857176	11891020	1
10431706	10429693	1
6850346	6850345	1
9926044	9926043	2
2162572	2162571	4
7174601	7174610	1
6946058	6946053	4
9272504	9280619	3
692210	774010	1
10545941	10545942	2
1199409	5640911	1
9252257	9252255	1
2010380	2010367	1
10558891	10558892	2
1372608	1374242	1
2295907	2287403	1
1652533	1567586	1
1884193	1884196	1
706660	706659	1
8839994	8847726	1
3695629	3695635	1
3561293	3561294	3
4683996	4683910	2
10976384	11041957	2
11106711	11065202	2
838573	908150	1
3322530	3306031	3
6174471	6183437	1
1147423	1142805	1
10110431	10104639	1
8873999	8847700	1
6760179	6704839	1
1840364	1840363	1
11765672	11765671	1
11974441	11990183	3
8261746	8258119	2
3042865	3042868	1
1837542	1837016	1
11446200	11446199	1
11727699	11727700	2
10510164	10477189	2
8473667	8473668	1
3655799	3655800	2
5074888	5078753	1
2274967	2290948	1
3460723	3460920	1
3747366	3747964	1
11444580	11444503	1
5422042	5415906	1
6850342	6850341	1
6071096	6061708	2
10582879	10582880	1
10687851	10687852	3
6677667	6611918	1
7909373	7909374	1
5838640	5838639	1
7530019	7499883	1
11862994	11863038	1
10217555	10217591	1
7047117	7047569	1
3085873	3121131	1
4044835	4044841	1
7213145	7213146	1
11115687	11169296	1
6087865	6087886	1
6467423	6467424	1
7995614	7995613	2
4236198	4236197	1
7107020	7138360	2
1669670	1669669	1
9298120	9297986	1
9585888	9599484	1
6059221	6059712	1
97116	215071	1
2236933	2236842	1
4305375	4305820	1
166109	166110	1
11311435	11300402	1
8953378	8953375	1
10620751	10620754	1
2174894	2339394	1
2807056	2807055	1
3741386	3624543	1
3691695	3691700	1
3800701	3800702	1
2340646	2347450	1
1520428	1549995	1
7636397	7636271	1
6162707	6148502	1
7393229	7393232	1
6079731	6079988	1
12298499	12298599	1
9953411	9953660	1
8200798	8188531	1
2870892	2889812	1
10300060	10293450	1
10685427	10690224	2
4262352	4262351	1
9921911	9921912	1
9831533	9816514	2
3065371	3065372	1
1910785	1956471	1
2398950	2398949	1
3530644	3530643	1
8314031	8255190	1
3613478	3613469	1
1791726	1791725	2
5858114	5858113	2
1613121	1613122	1
12449222	12464707	1
10020779	10020780	2
6184253	6187339	3
1279662	1279661	1
10079334	10115866	1
6327567	6327568	1
3491194	3499686	2
3442489	3442490	1
435194	448722	1
3033582	3033581	1
3804310	3820703	2
3997259	3997260	1
1370006	1370412	1
2990680	3039334	1
1553399	1447060	1
12440201	12437569	3
11122655	11122656	2
2687075	2687076	1
3654319	3655303	1
6317836	6317833	4
8535894	8548146	1
6021928	6021927	1
11645308	11650798	2
8199572	8199551	1
1627390	1625944	1
336785	336786	1
2335944	2335943	1
2376838	2348738	1
415158	419497	1
9765505	9765506	1
7201142	7201462	1
372148	372147	1
3536570	3536569	1
1218572	1185879	1
8441030	8441029	1
606186	586936	1
841042	737690	1
5359444	5356095	1
12544109	12544100	1
10995119	10991605	2
11041320	11040009	1
12376893	12376894	1
1937112	1937088	3
333673	396415	1
2401459	2401493	1
10727287	10722248	1
1602948	1522524	1
7434664	7434445	2
7829728	7829727	1
3064647	3064617	1
7998488	8009715	1
5267455	5268497	2
3233283	3233284	4
6126220	6087243	3
9769463	9769509	2
451965	451966	4
10751714	10752328	1
7130867	7153302	1
4675596	4675592	1
1641839	1640987	1
699495	699496	1
9631236	9653685	1
8898842	8898841	1
11280726	11279061	2
4348531	4381415	1
6475559	6475562	2
7977561	7977562	1
12676176	12676189	1
11013445	11037183	2
4824483	4824476	1
7666675	7666676	1
1525122	1564959	1
7889869	7860810	1
9686008	9702645	1
735264	693738	1
8239584	8239583	1
8533778	8450512	2
1306805	1398070	3
8582459	8612102	1
7650646	7650645	1
4064555	4064387	1
9139950	9143726	1
7397246	7397245	1
8503742	8503739	2
9320882	9320877	2
5867625	5956979	1
11956306	11956303	1
6048966	6122233	1
7368545	7368566	1
8313019	8312961	1
3785197	3785198	2
4033222	4033221	1
4415273	4415339	1
10414488	10414464	1
5557706	5528203	1
10145951	10145940	2
7074641	7069548	2
12635067	12608563	1
11328820	11345613	1
3209099	3209180	1
12139629	12139630	1
926921	3404503	1
11171203	11171204	1
6948933	7007186	2
3600228	3600231	1
9529454	9509883	1
3964338	3946801	1
2829917	2986683	1
11943849	11939593	1
273435	273436	1
7989252	7989251	2
4283492	4283491	1
1765706	1765705	1
5759549	5748599	1
4018737	4018537	2
8548933	8542929	1
3116537	3116538	1
9462385	9463070	1
7228672	7228665	1
10238012	10238011	1
2227521	2227595	1
1463723	1463724	1
3071991	3071992	1
9723484	9710243	1
2062950	2062980	1
3725349	3725343	1
3943681	3943682	2
6692899	6692900	1
8000262	8002614	1
5712427	5712430	1
3824514	3824511	1
7667587	7562557	1
10484223	10489376	1
4329386	4329385	2
10908221	10908208	1
4102416	4102415	5
7296857	7296858	1
2230660	2230659	1
12464982	12374011	1
8224041	8224042	1
7889605	7889606	1
7738401	7738402	1
436042	436041	1
5499256	5499276	1
12517781	12546007	1
7906639	7842931	2
11900742	11900749	1
10540129	10540800	1
1249680	1249679	5
2818966	2808974	2
2162576	2162573	3
2959732	2962849	1
9476342	9476341	2
9323445	9327672	1
11078744	11078743	1
6202423	6202424	1
371398	373280	1
1216813	1257994	3
3592327	3592469	3
1068577	1068557	2
5562548	5562547	2
11096624	11146843	1
11246119	11286277	1
1024012	1034481	1
8514407	8514408	2
600973	595073	1
1158874	1104834	1
7362667	7427154	1
7191655	7129044	1
10324386	10335564	1
10047208	10047207	1
1743123	1741965	1
10442983	10442986	1
8498364	8498363	1
10751640	10751639	1
1386659	1328778	1
2176065	2176066	1
4094628	4094627	1
7276612	3517986	1
2554424	2554423	1
12661034	12660982	1
9074537	9074538	1
12036192	12036191	1
6872258	6872255	1
177152	179629	1
12433760	12511230	2
1748210	1759576	3
8149429	8049748	1
3140618	3140617	1
3056345	3089066	1
3117704	3117703	2
546445	426496	2
5878049	5952444	1
5312906	5313021	1
1454782	1504109	1
12602784	12602783	4
7126039	7126040	1
12360496	12360495	1
7549202	7548863	1
10569732	10560871	1
2295247	2295248	1
8262363	8262364	2
9189512	9189498	1
9569512	9574149	1
6079230	6079229	1
9728442	9728451	1
8240137	8248081	1
11248921	11248940	1
3426204	3495954	1
7342417	7349806	1
7777772	7777771	2
1486312	1486311	2
6102969	6102954	1
8760221	8763312	1
10024294	10025817	1
8834391	8836106	3
11123868	11104633	1
1290418	1290417	2
8723609	8717972	1
9688796	9686153	4
10629163	10629164	1
11819070	11819086	1
10535013	10530257	1
8785727	8785722	1
8571264	8571263	1
7541743	7541744	2
10043577	10048377	2
9730700	9748687	2
713909	713910	1
7900374	7900726	1
7372388	7375005	2
10910871	10910872	1
3258694	3258689	1
7847308	7847318	2
6082623	6079231	1
11647462	11647461	2
7033087	7033088	1
7207648	7151989	1
7113521	7305709	1
10495519	10514175	1
8702142	8702141	1
4808969	4808972	4
10055272	10055271	1
2829743	2829762	1
11897541	11902067	2
7158014	7158210	1
6971951	6971966	2
2810742	2810741	1
8567499	8567478	1
3522754	3522753	3
7330113	7325679	1
5688452	5688451	1
6997718	7003079	2
2527888	10627349	1
9913091	9913092	2
3669668	3723216	1
4004514	3987302	3
4202593	4208934	1
3972419	3954114	1
9119313	9130504	2
4685148	4647216	2
4827167	4827806	1
9867974	9950270	1
3747765	3747766	1
7689002	7691151	1
10296299	10296300	2
5968950	5968942	2
6133204	6132950	1
11627107	11592323	1
9921913	9921914	1
9023151	9023156	1
10141951	10183151	1
12602537	12603387	1
11268276	11318616	1
1444747	1345601	1
2958268	2958267	1
2208	18444	2
2434560	2434559	4
8255544	8255471	1
9907466	9869908	1
9984005	9991755	1
12172741	12167669	1
1185107	1185959	1
8657327	8657328	1
6420258	6408744	1
9599158	9661338	4
6041408	6049331	1
944259	914910	1
6034939	6019530	3
1777360	1777359	1
8565962	8565961	1
5293253	5288380	1
3138406	3138405	1
9032127	9032161	3
11253634	11306400	1
1610382	1610381	1
3043926	3043517	1
3247175	3247178	1
749926	749925	1
274834	274480	1
10419884	10542190	1
12556586	12543438	2
6076826	6076823	2
2767466	2767658	1
6413284	6413495	1
4419784	4419806	2
6108406	6127438	1
5828874	5829943	1
11072502	11073434	1
3575659	3596790	1
12650207	12650208	1
8752321	8841003	1
2388255	2388252	1
10135200	10140708	1
2510544	2510526	1
8441596	8441595	1
9582383	9584698	1
7215889	7108808	1
9083477	9089399	1
1315025	1314975	1
4833425	4847196	1
1120816	1120815	1
9564628	9562079	1
6368433	6309275	1
1397926	1305518	2
1235007	1235008	1
2381542	2387790	1
9127578	9178618	1
5867104	5864291	1
10606906	10606905	1
1040694	998197	2
2829767	2831652	1
7203216	7202834	1
9876485	9877172	1
7291150	7245727	1
3218928	3218927	1
12027456	12013613	1
10127006	10127005	1
3215144	3215143	2
11741399	11741413	1
9299338	9297387	1
8018115	8018116	2
5633684	5633683	1
5784544	5784541	1
6363008	6362769	1
8564527	8477133	1
3421912	3421911	1
10270613	10233743	3
10177565	10177510	11
9465328	9466264	1
3957879	3957880	1
2414813	2413065	1
8110161	8110162	1
11083997	11083998	3
6057663	6012886	1
5221308	5226256	1
8264621	8252334	2
11931746	11931745	1
11906837	11904148	1
12360494	12345937	1
1115071	1115420	1
7211799	7211800	2
2452250	2437136	1
10336441	10336442	1
4721781	4706852	1
1404860	1400542	1
6810584	6800226	1
7177655	7177592	5
7743250	7743256	1
5078981	5078982	3
6585760	6572424	1
6815095	6815090	1
4633120	4633123	1
4385016	4385015	2
1022809	1022983	1
2707317	2719048	1
10135694	10135693	2
9789557	9789558	1
3288976	3288975	1
8505177	8505178	1
1943231	1956878	2
10646926	10646925	2
10743630	10729208	1
3035419	3037694	2
11220279	11171930	1
8811395	8811396	1
2246221	2246224	2
10511650	10532368	1
7883432	7883431	1
11582073	11582074	1
5772630	5773897	1
6143635	6143097	2
3466026	3466025	1
7016879	7016880	1
8964803	9028473	1
8502506	8502505	1
7260332	7260331	1
273461	265450	1
8189213	8189214	2
7395055	7388328	2
12455511	12455512	1
11883221	11830411	1
9197145	9197146	1
11533805	11490917	1
11016563	11016549	1
12541033	12541025	1
12162774	12162887	1
2893043	2884987	1
10907282	10892893	1
6948500	6948495	2
10458230	10426495	1
10503337	10521205	1
415158	419495	1
1505783	1573697	1
7984030	7975970	1
3801969	3801972	1
1249678	1176432	5
9645649	9713041	1
1119761	1081494	1
9639832	9639831	1
5851288	5851285	1
3980086	3980085	1
414826	430872	2
5563578	5562368	1
2764041	2764034	2
1449125	1449126	1
1941768	1934636	4
1087665	1087657	1
9795686	9795685	1
9798810	9798809	1
10642770	10606101	2
2127001	2123797	1
5828537	5909758	1
4102384	4073363	1
1063487	1003330	2
9197841	9197842	2
1638376	1649252	3
1208054	1208053	1
4131887	4131890	4
4778064	4796468	1
6160499	6210613	1
3752622	3822145	1
7478495	7450542	1
11140391	11140406	1
4269004	4270058	1
1336860	1337417	1
10743658	10743657	1
5302766	5302765	1
6371999	6457237	1
3788165	3788166	1
3862765	3862766	1
1336379	1336380	1
12398018	12398015	1
7928948	8002009	1
9098822	9098821	1
8402963	8385943	1
1151936	1214077	2
6886372	6897466	1
6152210	6152212	1
10426947	10433412	1
3162073	3167624	1
2415845	2415892	1
6172315	6172316	3
9990415	9996016	1
2487203	2488299	1
429267	429272	1
10801753	10801754	1
161239	161338	1
2038824	2038823	1
352336	280613	2
4472124	4472123	1
2848633	2855775	1
5895504	5881500	2
4665508	4665507	1
2473957	2473958	2
4537897	4537898	1
1233610	1221538	1
1298817	1298818	1
2574223	2572671	1
6149736	6186883	1
8820592	8820591	1
8857957	8858710	1
2253153	2164328	1
3150484	3213195	2
3049233	3049234	1
2149379	2149384	1
10079541	10096527	1
7767235	7767167	1
1346398	1346397	1
4683697	4683698	1
12622120	12622119	1
1579161	1581287	1
3012929	3012930	1
10203183	10166916	1
4512341	4512342	2
3328696	3328711	1
8382451	8382470	1
8466471	8466063	1
5579910	5572192	1
5526180	5526166	1
6005339	6005340	2
2372291	2375342	2
6137345	6143383	1
2150995	2189928	2
6921308	6919344	2
3859086	3797174	2
12675372	9736603	1
11689189	11761258	1
5557466	5545031	1
4722686	4685520	2
3146330	3146327	1
12657608	12766662	1
7069722	7069721	1
4100310	4100309	1
999747	1013272	2
8508238	8555251	1
11877978	11877977	1
3273456	3275941	1
673755	667294	2
11830495	11830496	1
3738219	3743212	3
8314949	8393235	2
1123711	1050842	1
1169445	1169446	2
9997585	9997582	2
10105895	10049722	1
3551412	3551231	1
1214185	1217563	1
4674489	4674490	2
5881737	5790741	1
4357691	4357716	1
5318701	5318702	1
10223046	10229939	1
7655462	7655467	1
748584	748583	1
10229545	10229546	1
3668510	3668481	1
11115023	11115946	1
6211559	6211438	1
5488742	5507732	1
9735195	9735207	1
9785119	9785122	1
1219014	1229665	1
7657205	7657212	1
7237419	7227220	1
3068511	3067742	1
7702603	7723442	1
12780812	12781076	5
9630999	9631000	1
6043678	6043714	2
6907672	6908263	1
9064484	9064483	2
10197601	10197602	1
3813036	3729540	3
2506871	2504081	1
10806573	10967630	1
8570610	8570791	1
12679448	12730504	1
9585926	9519831	2
1950553	1950554	2
10113468	10144732	2
6069116	6069115	1
5000296	5000295	2
5882970	5893070	1
4809642	4809739	1
10282212	10282223	1
9704029	9704030	1
10395406	10387608	1
7970774	7970773	2
4201623	4201624	1
7345212	7289683	1
2579566	2579565	1
1251647	1244240	1
2795565	2868129	2
5194484	5178086	2
6136748	6155929	1
3060928	3011407	2
8880924	8880923	1
3871282	3871281	1
7997582	7928926	1
2639522	2639527	1
7262900	7252457	1
6220237	6233619	1
9583619	9626108	1
11908518	11908517	1
10039344	10040350	1
10165313	10165314	2
2483554	2483553	1
667326	667889	1
8779827	8765938	1
12174577	12170135	2
8304538	8285601	1
9931534	9931533	1
7290535	7292670	1
9765281	9761504	1
10119247	10151017	1
11484336	11478419	2
9013260	9037406	1
11508461	11508462	1
7127056	7127055	1
6543884	6543883	3
578378	575457	1
5370509	5370510	4
10685448	10685443	2
11322644	11322643	1
5870794	5792132	1
1705147	1753388	1
11037652	11037093	2
3864032	3940970	1
8425266	8426112	1
7207451	7207413	2
8988528	8969881	1
6148131	6078779	1
9131784	9131783	2
10792465	10792466	1
10258403	10290933	1
11960824	11960823	1
74893	90958	1
10808359	10808362	1
5445070	5442011	1
10180966	10201320	1
11765450	11765449	3
6070152	6070799	1
1119016	1034380	1
1759651	1748235	2
1825381	1825168	1
8908494	8908491	3
4124675	4124676	3
1262444	1260643	2
11803972	11803971	2
5943155	5943101	2
1044394	1047962	1
5358404	5358403	1
2419598	2419595	1
4122077	4122526	1
11651788	11641155	3
1414439	1349565	3
11055383	11048812	1
6171107	6109165	1
672109	672112	1
1072718	1072717	3
1497933	1555216	1
6897465	6897466	1
10635184	10635183	1
8553659	8563540	1
1409459	1471773	3
1638773	1582598	1
3555282	3631839	3
6739044	6761850	1
3969541	3952121	2
3480354	3487632	1
882852	882851	3
8571372	8571130	2
8802323	8801981	1
12004570	12004569	1
8984849	8984850	3
4647940	4647939	1
1800598	1805006	1
12408311	12408256	1
9712002	9723941	2
1499583	1421798	1
6343918	6403544	1
11306396	11306395	1
743407	743408	1
3870514	3870513	1
7417105	7417108	2
9462463	9462473	1
8013661	8022160	1
11374918	11424458	1
3545723	3551745	1
11002604	10941112	1
11219917	11219918	4
1635095	1635096	1
9959056	9958939	1
7562599	7689430	1
5145910	5145909	1
7801019	7801023	1
12367286	12342433	2
11911807	11915484	1
726354	739211	2
10909615	10810009	2
1583245	1592481	2
2090312	2090311	1
2547207	2547208	1
7572440	7573015	1
8416930	8463864	1
3100309	3100310	1
2442430	2364578	1
2372952	2305364	1
7108378	7108377	1
2528380	2528379	3
9141168	9141115	1
5758673	5758665	3
1010654	1010653	2
10690096	10689757	1
8516843	8516844	3
8463592	8463620	1
2848633	2855777	1
7859107	7859108	3
1778028	1831753	1
3942696	3942693	1
3675467	3638979	1
11560159	11560160	2
8799866	8798245	1
9785595	9790444	1
2171528	2143129	1
3116696	3116695	1
10104478	10036102	1
367115	408435	1
9935451	9947966	1
7841481	7844989	1
4854220	4854207	2
8307837	8307838	1
1829172	1835511	1
8328996	8335568	4
1705767	1705768	2
5365078	5365101	1
8716928	8716927	3
2787137	2757926	1
9632282	9641947	1
5573502	5571729	2
2884984	2885388	1
11072507	11072508	1
12466303	4054208	1
6150648	6150647	3
6206661	6206751	1
1470460	1634297	1
91145	91146	1
3053111	3053112	1
9188606	9159340	1
285704	285703	1
5213686	5213685	1
8980522	8980521	1
4238341	4238342	1
6134818	6134817	2
7743252	7743251	1
5747469	5750137	1
4705566	4705565	3
1068474	1107669	1
7436677	7436680	1
10207827	10209281	1
11816530	11817246	1
3969897	4005276	1
12353408	12327749	1
11442274	11461649	1
5573767	5573768	3
11012931	11012932	2
6915377	6915378	1
3183930	3183929	2
5994766	5994765	1
4282556	4282555	3
3363383	3363384	1
2096734	2098699	4
3017556	3017553	1
1316105	1316106	1
6811655	6797164	1
867972	853130	1
6614282	6625331	3
1705493	1705494	2
7509865	7529593	3
6538183	6532460	1
10605990	10486929	1
6070774	6070686	1
6985265	6985266	1
7952086	7952083	4
9825406	9825487	1
5354946	5393699	1
8831547	8831548	2
2469119	2469114	1
8570196	8577888	1
8799562	8799747	1
5388730	5483986	3
7038954	7050736	2
557594	406110	1
907145	907146	3
3489098	3499137	1
5337615	5390908	1
5124351	5063910	1
3268621	3268622	2
4046001	4046002	1
3125204	3130420	1
1223604	1223597	1
10531903	10531904	3
2891736	2891735	1
1336379	1321582	1
11051696	11055296	2
9057352	9057351	1
3493264	3476146	2
6106538	6106535	1
2149361	2204729	1
9189834	9194687	1
1348616	1348615	1
9437258	9438828	1
9120417	9119000	1
8902224	8948204	1
5935506	5935454	1
443954	443953	1
1623741	1550964	1
7945567	7968948	1
7792337	7792416	2
10247093	10247071	1
3672045	3693705	1
6046018	6046017	2
10042453	10008195	1
5785153	5785154	1
1157468	1164000	1
5114909	5133644	1
9190932	9190931	2
12642172	12642171	1
7871950	7871949	1
4844477	4844179	1
8532247	8532248	1
9161316	9194694	2
7362823	7362826	1
1673069	1673070	3
2487201	2488301	1
1884193	1884198	1
7911419	7911406	1
1319909	1319910	2
8704447	8792443	1
8990584	8990583	1
8956962	8956961	1
3938628	3942197	1
11426821	11426822	1
11007210	11007207	1
2644325	2644354	3
7397439	7390334	1
9591091	9591092	1
3941581	4000024	1
2833127	2833128	2
4704664	4704540	1
7568536	7568535	3
1795809	1789986	1
9138393	9138394	1
2833224	2787642	1
7874671	7874672	1
4507615	4507585	1
7276010	7276249	1
2528697	2529062	2
639763	563001	1
4043594	4049872	1
1740930	1740927	1
8953959	8891968	2
7804639	7804640	3
8306836	8306839	1
12457622	12378774	1
12533516	12533515	2
11177430	11177429	2
3035939	2970716	1
10482744	10483335	1
9787338	9724670	2
10136346	10136345	1
7049209	7049109	1
11280894	11273708	3
2305860	2269555	1
10582881	10603896	1
3013280	3013279	7
11143871	11154244	1
9025694	9030573	3
9921403	9915718	1
12668986	12645626	1
6926227	6919366	2
9476950	9476949	1
1657785	1700946	1
9106887	9125456	1
3162035	3162036	1
1162061	1162062	1
9663657	9676089	1
6146758	6148239	2
4492809	4439728	2
9146717	9146792	1
3199476	3199229	2
11192939	11193615	1
11067730	11085290	1
12364301	12485214	1
1576614	1511532	1
2919901	2927392	1
3499732	3499731	1
4822146	4797507	1
6100492	6100126	1
525407	573269	1
627029	627030	1
9848382	9847243	1
11780490	11737005	1
1748386	1747226	1
4624745	4627837	1
3538119	3538123	1
3508853	3507318	2
5080099	5119874	1
8022715	8022716	1
9785427	9785428	1
9659749	9684931	2
10048568	10048567	3
8487663	8487664	1
5845616	5852174	1
4255775	4255776	2
9093783	9093784	1
1591181	1571691	1
8369946	8369949	1
3371545	3371546	1
7872586	7871952	1
8423575	8411776	1
11485361	11434685	2
4353172	4353171	1
9574473	9574479	1
1609444	1587342	1
3855666	3859008	1
9022790	9022789	3
6434722	6435335	1
1700180	1694443	1
5393806	5393805	2
32363	95851	1
3725775	3745527	1
3867317	3867318	1
10185437	10186901	1
333033	297549	2
2439895	2518326	1
4726017	4644587	1
1140443	8725074	1
10276023	10276024	3
12018167	12018128	1
4050739	2992674	1
1107798	1116576	1
4742036	4817239	1
8844907	8844908	1
11232213	11232214	1
8186352	8170411	1
3900116	3895871	1
10356429	10356437	1
4435285	4430852	1
9360151	9360140	1
2836641	2836326	1
5807711	5882634	1
9350801	9350310	1
10476214	10476213	1
4835426	4844959	1
11006654	11061217	3
9766514	9766524	1
1175041	1117083	1
8804911	8804912	1
5451036	7128177	1
324914	324913	2
4092109	4092114	1
1116753	1131040	1
5594842	5585108	1
616175	604472	1
10530998	10531141	2
8022465	8022466	2
9646471	9646472	1
7735573	7735615	2
11727418	11773183	2
10104385	10104409	1
4306525	4306526	1
7286270	7294946	1
10419424	10419423	1
6068776	6068775	1
10937328	10937331	1
9562188	9562636	1
5810851	5806893	1
7645530	7645529	1
11280900	11273708	1
4704918	4702138	1
117996	117995	1
12535304	12535402	1
5748406	5750698	1
2600056	2600070	1
8044729	8044730	1
11182964	11182963	2
7537305	7537355	1
12401508	12510454	1
1134859	1118691	2
3572079	3572080	1
4084262	4079936	1
10570160	10544728	2
7060925	7060903	2
6169313	6199534	1
7993854	8002946	2
4039109	4039110	2
11567784	11567783	1
5218018	5197096	1
10727380	10727369	1
11543226	11541891	1
2145113	2075761	1
11496287	11602624	1
10354236	10354321	1
628579	611834	1
1091168	1091167	1
9345902	9352807	1
8892033	8891457	1
6154008	6174211	1
9756330	9756337	1
5537693	5557870	1
2399236	2387913	1
8505599	8505600	2
1443125	1490229	2
6163210	6159661	3
6011275	6011276	1
12170996	12189754	1
1085685	1085745	2
4542908	4542907	1
9117155	9117156	1
2669176	2677329	1
7266691	7266694	1
989754	989375	1
5544433	5596399	1
9813155	9853908	1
8542040	8542011	2
7396827	7396833	1
5857783	5857786	1
634639	636578	1
11061765	11061766	3
4060852	4002983	1
3286708	3286707	1
10907132	10907131	1
2843649	2843650	2
10905003	10905004	1
2628261	2628253	1
4813430	4813429	2
10603858	10542913	1
4020990	4019591	2
4586004	4585998	1
8686307	8714361	2
4207380	4207379	2
1467702	1467701	2
3116535	3116536	2
6013421	5995608	1
4055889	4040257	1
10984162	10989096	1
12690708	12690707	1
390804	391044	5
5525069	5525083	1
5540698	5555039	1
7791287	7791073	1
1188536	1128510	1
12434419	12434420	2
10537884	10574874	1
8421545	8416321	3
7559848	7559847	2
8100801	8100802	1
5918947	5970228	2
6610574	6610603	1
1236563	1236564	1
4042444	4042430	1
6130097	6193533	1
2768727	2892056	5
2576175	2576176	1
8316762	8308475	1
1845063	1848122	1
4467040	4467039	1
748586	748585	1
1636224	1633841	1
2488300	2488299	3
4825583	4813341	1
12756985	12731858	1
11219919	11219920	4
1577341	1577342	2
8355664	8355663	2
11775549	11762720	2
11579383	11600072	1
5943440	5943439	1
1014341	996054	1
11969264	11969263	2
3974736	3974735	3
1499787	1499788	1
7325236	7372985	2
9171352	9171441	1
3904777	3905031	1
3751520	3769725	3
346018	345998	1
9719868	9583614	1
7939239	7939240	2
5927128	5882881	1
8378444	8378443	1
8387697	8387698	1
9468081	9468135	1
4716108	4716672	1
1942574	1942573	1
2096551	2077046	1
6112212	6116731	2
10037657	10037430	3
11141786	11141735	2
6018053	6018398	1
7991862	7981163	1
10565582	10590809	1
7334826	7334825	1
12656204	12656203	1
12179324	12179323	1
6850693	6888738	1
10083799	10098340	1
349741	374597	1
8444393	8444394	3
3988609	3988571	1
1651277	1737015	1
11650079	11650750	1
10227438	10227437	1
11032946	696828	2
1776346	1833284	1
7038956	7038955	3
8606503	8570132	1
1470821	1531022	1
9193963	9194279	1
11252157	11252158	3
2401453	2401454	1
2903200	2903199	2
545073	545203	1
9139895	9154324	1
12813906	12789349	1
4122075	4122076	2
884105	804297	1
11241021	11250791	1
4825759	4832426	1
1009636	1009416	4
4833672	4837007	1
3633436	3633402	3
8357946	8348350	1
268848	268833	1
9101271	9098640	1
4860779	4860780	2
2437845	2433568	1
8368379	8406863	1
5540098	5540097	1
3711072	3708298	1
240121	239069	1
1834628	1838069	3
7266567	7266616	1
9930322	9930560	1
7271066	7252893	1
3356712	3354035	1
3247807	3247808	1
2694621	2715303	1
5103607	5100382	2
10189732	10196346	1
11378290	11378289	2
2715304	2715303	1
7249671	7260432	3
7939902	7945192	1
7452679	7455734	3
4439775	4439776	2
10023951	9999897	1
5671647	5669795	1
487615	470973	2
3454748	3459794	2
10474858	10480068	1
10532619	10532620	1
1635566	1614158	1
3922786	3922785	1
2545783	2545785	1
6090298	6056917	1
2404419	2342182	3
3739062	3739061	2
2870140	2927705	1
6536281	6439178	1
11145507	11133057	1
2946059	2946060	1
404904	404513	1
4359302	4310481	1
4219146	4276372	1
11399978	11399977	2
11190171	11190174	4
5857030	5857029	2
11344241	11344242	1
8676963	8676968	1
3583213	3624425	1
3137702	3159489	1
4279172	4274757	1
5921917	5921918	1
333711	334480	2
5834949	5834950	1
11124612	11124611	2
2382766	2382765	1
5949998	5949997	2
117214	117213	2
4848677	4848678	1
4616939	4599162	2
2746388	2707345	1
11588423	11588424	1
3081939	3081844	3
530569	590706	1
12273448	12272933	5
6410464	6410490	1
9656560	9668500	1
2168346	2295246	1
8882771	8882772	3
2654040	2690514	1
8786217	8845186	1
11265348	11323479	2
10669975	10682616	1
3495933	3495934	1
342416	342415	1
7382997	7333124	3
1057452	1106000	1
4706650	4597676	1
10529353	10503310	1
3653593	3653594	2
9012182	9012181	1
10112119	10106960	1
6413175	6412999	2
672533	675282	1
7834166	7830654	1
5510849	5584185	1
12665179	12665180	2
3238127	3238128	1
7089538	7089537	1
10506696	10536113	1
8952015	8952814	1
3035827	2990687	1
11817717	11821009	1
1310357	1278553	3
5499759	5427892	1
7851754	7851751	1
7337794	7337793	1
7389979	7388860	1
12543110	12549696	1
7194796	7252051	1
3237160	3237192	1
6180991	6178355	3
3684690	3684689	1
4795563	4801528	1
12792633	12740456	1
1087796	1087793	1
1374408	1374402	1
3124317	3112596	2
2383805	2455498	1
4825282	4793083	1
10402607	10410134	1
3559827	3527105	1
7166219	7166222	2
2665651	2665652	3
11832871	11745540	1
5223040	5223039	2
2149792	2149789	1
6114160	6114159	1
2190393	2190740	2
525132	430394	1
10523343	10523344	2
9697686	9692615	1
793796	806025	2
2437845	2437846	1
2599945	2599926	2
11095146	11095109	1
1618942	1618956	1
6191018	6191017	1
9127966	9127965	3
11759271	11759276	1
4687663	4687733	1
11558709	11558691	2
7252052	7252051	1
441064	441079	1
9028539	9028540	1
312151	325495	1
8244250	8239587	1
8708764	8708459	1
1362742	1362741	3
9985261	9985262	3
12258760	12274075	1
724396	724395	2
3480352	3487632	3
11722	11719	1
8961563	8961564	1
7986524	7981318	1
11220456	11202559	1
12167809	12251445	1
570901	545769	2
2508136	2490398	1
8977245	8973177	1
8107275	8073835	1
6985478	6985277	1
8858397	8842298	1
12027921	12027951	1
9073303	9112123	1
6121358	1323190	1
2032764	1958033	1
11860532	11860531	1
10177844	10177766	1
5825284	5773897	1
12492789	12570420	2
9498182	9513682	6
3989387	3989388	1
5318938	5258131	2
7329196	7329195	2
1560817	1558566	1
5276027	5276028	2
7682959	7682960	1
10280595	10285108	3
3591342	3628462	1
11187477	11187478	1
1613927	1614783	2
8415324	8378632	2
9660939	9660940	3
8608427	8603181	1
11380251	11380254	1
8762894	8762893	1
798746	799097	2
6792656	6766674	1
5776455	5855982	1
6779466	6779465	1
3353976	3353013	2
1585564	1585563	1
3811899	3811900	1
6122872	6122871	1
7473804	7566106	1
8572934	8572964	1
1196180	1196179	2
7847654	7847605	1
2965743	2950999	1
3876150	3876149	3
9830971	9830634	1
7069720	7069443	1
9647920	9640939	1
3725616	3723855	1
5642370	5613503	1
1300064	1311216	2
5739836	5739785	2
6160216	6145915	1
11850314	11848247	1
2707432	2707431	2
10888779	10878112	1
4103576	4103575	1
11609503	11609504	1
6597764	6597989	1
10461262	10461265	1
3189879	3189882	1
10143370	10143369	2
1115754	1039147	1
3625722	3643932	2
2952790	2935845	3
1569355	1558291	2
11081939	11081955	2
2790135	2897593	2
1038017	1038018	2
1971134	1971133	4
2463065	2492763	1
7648700	7643388	1
11457317	11457315	1
9118336	9118335	1
1003567	1009440	1
6199533	6197879	1
2142267	2218743	2
10287673	10287674	2
10353660	10353659	1
9370804	9370884	1
7597912	7598023	2
2304984	2304701	1
11802259	11802260	1
4805563	4751504	2
12043358	12043348	1
839680	837469	1
4212777	4212778	1
5483235	5557559	1
7914472	7914471	1
3613468	3613479	1
7051235	7051236	1
2416112	2448954	1
12478457	12478458	1
1869733	1880560	1
2558059	2558170	1
10938963	10938955	2
8198682	8198522	1
7154904	7201817	1
7465790	7465789	1
7072874	7014285	1
7692907	7692908	2
8780176	8757537	1
9080606	9090461	1
8001140	8021599	1
1007410	1007393	3
337747	337748	1
10937326	10937325	1
8373110	8344516	2
10227862	10227861	2
2531168	2454504	1
11624750	11624749	2
4671318	4671307	1
9825903	9825870	3
10267937	10249037	1
5164051	5171007	2
5217452	5217451	1
903174	903173	2
9749932	9758156	1
1724121	1724106	2
8015807	8018703	1
816003	816004	2
7274906	7280265	1
5654102	5658697	1
9747106	9695291	1
996167	982822	1
7728596	7728554	2
5698020	5697599	1
9786260	9769891	1
9010013	9022320	2
6681989	6681990	1
1623440	1623439	2
7371917	7371914	1
1174977	1174978	1
1489179	1471142	1
10722932	10746450	1
856697	845871	1
5326220	5354397	3
577866	577869	1
12672891	12672893	1
4294256	4294255	2
4289986	4222563	1
4095475	4095478	2
2923979	2923968	1
11159757	11151579	1
6436701	6436702	3
9640938	9640937	2
600824	600821	1
737128	737125	1
6105817	6105819	2
4421769	4421516	1
2939039	2939042	2
9190076	9190075	4
353125	353105	1
8529517	10312170	1
2795468	2799196	1
12224883	12224878	1
6085380	6145644	1
5069231	5069232	1
9378552	9378286	1
4784419	4784420	1
11940341	11873641	2
10905005	10903095	1
2840262	2840261	2
4800580	4734938	1
10519935	7008120	1
7149441	7149442	1
6966049	6958154	1
484619	457002	1
10104365	10104435	1
12722658	12683405	1
10907284	10907283	1
8545539	8545542	2
1416090	1499668	1
4280293	4280355	1
3143433	3143434	1
9814478	9814477	1
2573353	2578231	1
11886373	11886378	2
6051994	6051993	1
10970482	10994061	1
4704048	4640784	1
12784591	12779531	1
12231782	12236727	1
9348824	9343967	1
10158772	10155309	1
1185630	1151155	1
3355570	3355567	2
1223602	1223601	1
1295836	1393799	1
6017553	6017554	1
1376301	1371361	1
8734190	8734252	1
9121125	9121126	2
8245259	8249357	1
4775409	4775410	2
6563766	6567001	1
6570539	6555551	2
7721230	7729406	1
11211432	11212344	1
7140386	7140420	2
9271939	9271940	2
7281522	7205864	3
11898158	11905330	1
10380356	10380355	1
1285289	1285290	2
9314618	9314615	1
773631	773632	1
8486561	8420716	1
5396362	5399344	2
6894719	6894720	1
190283	163287	1
2501350	2501346	1
10376159	10443073	1
5872248	5872247	1
7058119	7058106	1
2938351	2938352	1
8631780	8631785	1
7600634	7600620	1
2954091	2884756	1
9743436	9743336	1
6604960	6522954	1
591010	591009	1
2583715	2583716	3
7980412	8022820	1
10646926	10646923	1
9658790	9658789	3
7939854	7939851	1
4461772	5865124	1
3230197	3230198	1
10077233	10077288	2
6372293	6372294	1
1372598	1427088	2
7699463	7697920	3
3570182	3562477	2
10057846	10140660	1
11257716	11264017	1
12508713	12494908	1
3273057	3273058	2
8561610	8561613	1
4179906	4235192	1
2997600	3003416	1
6772960	6772959	1
3036605	3048114	3
4856673	4856674	1
7238791	7238771	1
1264019	1264012	1
4086741	4060451	2
918463	922482	1
1207888	1246786	1
7222291	7222521	1
5536548	5558991	2
1163238	1163237	3
11494417	11494536	1
3076446	3103717	2
4215935	4216643	1
7628967	7590140	2
10626821	10626814	1
9292268	9292188	3
927423	884695	1
7037725	7037787	1
6050616	6050639	1
6193201	6190984	1
10721678	10702784	1
9152843	9129697	1
5959364	5959373	1
2679411	2679000	1
2880523	2889961	1
2749296	2749295	2
2447800	2447796	3
2514354	2514353	1
8383045	8383046	2
2433543	2433548	1
4619855	4619845	1
4421091	4423455	1
7135855	7096348	2
12359313	12356554	1
8498357	8498358	1
5204265	5213693	1
10729630	10713676	1
11601962	11601961	2
2093060	2093059	5
8678369	8678370	1
6172567	6172570	1
9098869	9101985	1
9577112	9526616	1
7301773	7301774	1
3917769	3917770	2
986700	986699	1
5520807	5520808	1
11352450	11411431	2
9543296	9543295	1
7650648	7650647	1
2363299	2363300	4
1562301	1562302	2
3716902	3716901	3
10284633	10273962	1
8865918	8863091	1
8365563	8365564	1
5479954	5473722	1
8756356	8756344	1
6694578	6711623	1
1767527	1773164	1
9275183	9278744	1
9574345	9574093	1
12263997	12263998	1
2250149	2250150	1
1799914	1798649	1
1755022	1761854	1
9042435	8969070	3
11093929	11026768	1
8511202	8479885	2
11444680	11434740	1
4412855	4377060	1
1454442	1445105	1
5464577	5464580	1
2313537	2262452	2
6868361	6868362	1
7964996	7965010	4
8243412	8243411	1
3655151	3655154	1
7533650	7465789	1
7858491	7872490	1
11286962	11297023	1
880707	880708	2
3148921	3148402	1
3610209	3610210	1
10655462	10655448	1
791232	791587	1
2876121	2839735	1
11282807	11282775	1
10853801	10853834	1
977522	1012142	1
12381231	12381232	1
10909456	10903018	1
7822350	7812954	1
6957427	6930663	1
4029252	4057122	1
1367692	1367691	1
3483116	3488502	1
12621270	12621269	2
2312504	2312503	1
9958940	9958939	1
5963725	5963726	1
12522528	12522525	1
6514606	6514603	2
1876636	1876635	1
3289856	3289855	2
4518857	4614871	1
1163460	1298026	1
7931830	7931827	1
3867901	3868252	3
2255808	2255806	1
1088539	1088542	3
11116186	11173718	1
9796210	9796209	2
9190025	9193010	1
10144934	10151222	2
3316032	3253060	2
1702177	1702297	1
10323733	10323734	1
8758991	8758992	1
1597997	1647052	1
11471021	11579018	1
1763932	1763931	1
209243	209244	1
2550154	2608031	1
3570791	3526996	1
12487139	12537711	1
1557092	1557078	1
6065940	6009200	1
1751264	1746888	1
5843214	5857764	1
758522	757898	1
9115651	9115652	1
8149433	8049748	2
3130461	3130462	1
5912930	5912929	1
8327480	8327479	1
5012022	5012017	1
11346893	11362726	1
1723200	1723199	1
7298371	7283893	3
4818341	4790259	1
3532122	3562582	4
1779093	1777291	2
9637809	9593567	1
1026373	1026374	1
6273494	6245068	1
801055	793872	1
1149183	1149184	1
10769509	10769510	1
3412955	3412956	1
7929339	7929342	1
9611427	9622406	1
8849423	8849424	1
759185	759180	1
7626720	7629234	1
1004350	1004349	1
4301661	4301662	4
5701897	5708434	2
915601	915602	1
10097161	10080607	2
9609209	9568840	1
12558800	12558799	1
5936843	5936844	1
5867773	5848414	1
9009383	8939851	1
11363269	11363550	1
3371085	3370739	1
6210886	6210885	1
2750980	2715585	1
10017392	10017090	1
4344535	4344536	1
11186136	11186135	1
12528885	12528897	1
9728840	9732303	1
3287126	3275742	2
871183	871184	1
7285198	7266048	1
292461	234365	2
4044521	4044540	1
5487456	5513567	1
812056	738950	1
878948	924995	1
6019532	6019531	1
2245610	2243644	2
8241635	8241636	1
12199779	12199780	1
10907120	10907133	1
10201823	10201824	1
4770890	4771065	2
3493888	3487478	1
9075753	9134604	1
10191385	10248572	1
10210174	10246692	1
8795534	8795536	1
10334804	10334803	1
6177135	6177136	2
549306	565570	1
10287838	10287837	3
7626415	7626265	1
2228451	2228474	1
9367887	9365436	1
3575496	3487593	1
7156285	7134215	1
749405	744402	1
11770551	11770552	2
2018029	2018032	1
10753996	10752709	1
10620184	10626408	1
12725274	12725273	1
5230813	5206879	1
3651035	3593723	2
4733356	4797641	1
4680671	4680813	2
1149453	1149356	2
3785425	4634495	1
8711762	8707606	1
3918453	3918458	2
3490831	3517582	1
966967	966968	1
2352808	2352807	2
3937199	3937214	1
8810246	8810245	3
3925545	3908912	2
12781077	12781080	5
4235455	4235458	1
6126122	6127831	2
10336557	10336558	2
1619940	1619939	2
9171577	9189227	1
11496014	11543456	1
7384810	7384809	1
4125975	4125560	1
7690798	7783675	2
7149227	7146566	1
3899123	3899124	2
8347134	8259996	1
11502665	11468413	1
363109	329028	2
749153	749154	2
1607905	1614304	1
10713787	10713788	2
9589251	9589222	1
6924109	6871691	1
5536483	5525282	1
9076823	9066967	1
1296200	1300982	1
7946215	7946216	2
11045446	11051214	1
12721984	12721983	1
6759713	6753770	1
2603790	2608993	1
8011630	8009705	1
3661757	3661758	1
10316021	10316022	2
3519933	3510085	1
6378415	6378416	1
9737508	9648247	1
2297460	2297472	1
9146691	9119177	1
2049381	2049382	1
7562595	7562596	1
8248431	8248432	2
3807267	3807304	1
7248283	7248284	2
7714157	7713761	2
9849684	9849683	1
8466027	8550169	1
203649	204064	1
10495654	10495653	2
1006450	1006447	1
7233880	7213740	1
10895614	10894934	1
355074	350103	1
5863495	5863496	2
6093538	6106672	1
11079001	11079002	1
4268795	4268739	1
7396225	7388182	1
11457338	11457367	3
4580081	4580082	2
7605228	7696650	2
3861445	3861446	2
8722660	8722471	2
11560289	11611139	1
8247453	8244476	2
8562257	8563095	1
386383	386384	1
7829726	7754417	1
5018941	5044780	1
6798596	6797263	1
5889172	5889156	1
181954	155523	1
5673661	5678175	1
12262024	12262027	1
9312846	9312899	1
3834097	3859538	1
8554272	8519386	1
3933358	3933357	2
5817736	5826205	2
2137361	2137362	1
7628965	7628966	1
9152777	9152778	2
11204291	11203927	1
5699263	5699334	1
12210730	12210729	1
12308027	12308453	1
2294653	2269308	3
6952357	6926687	1
4368550	4368549	1
12442410	12442409	2
3262489	3262490	1
3197606	3162662	1
10495656	10495655	1
4775528	4692263	1
1487712	1487715	1
2535697	2535698	1
4582347	4575635	1
373207	314190	1
391045	390902	3
3649306	3662865	1
5587769	5587770	1
734890	734913	1
1561994	1538901	1
3199778	3328933	1
3382990	3382989	1
766996	833728	1
7721370	7721296	1
12185336	12230067	1
3133464	3141551	1
702589	702590	2
5354397	5354071	1
12122451	12122452	1
456710	456709	1
11043052	11023119	3
8244568	8244567	1
8997570	9014268	1
12272511	12258077	3
10218550	10218549	2
472798	472793	1
7380824	7380823	1
10195796	10195795	1
11139442	11139395	1
8607916	8607915	1
9528825	9487949	1
1278888	1278887	1
9022895	9022896	1
9756028	9756025	1
7886933	7884547	1
1178959	1178884	1
9143791	9100726	2
4268633	4354327	1
2101114	2084695	1
5446986	5445113	1
3696140	3694240	1
9451898	9451866	1
8399524	8399254	1
913963	914544	1
7579671	7555760	1
7687236	7596153	1
5956965	5956966	1
5489504	5489503	1
4792883	4792884	1
3297416	3298192	1
6481860	6476296	1
3136435	3136436	2
882638	882329	1
3129010	3129008	1
10929456	11026820	1
3320101	3308832	2
9316618	9311951	1
3341066	3350136	1
9793245	9790864	1
2482726	2477911	1
10213330	10209954	1
7564138	7629486	1
8578502	8578480	1
3943681	3944697	1
3145274	3135166	1
5531141	5541689	4
8074875	8074898	1
10587970	10587987	1
11284439	11290689	1
9165635	9147598	1
7624604	7624603	1
2574641	2574759	1
7762249	7752046	2
11423693	11432406	1
3595669	3634500	1
5517964	5517961	1
6956802	6956801	1
4957274	4945906	2
1136874	1204750	1
4641006	4641014	1
975387	975388	1
6341388	6284675	1
794125	794126	1
497312	2271178	1
9026268	9033610	1
3062425	3062303	1
1716896	1700528	1
7321350	7321349	3
11331276	11331275	1
7197881	7197885	2
9705667	9640193	1
7786577	7787029	1
7138574	7146297	2
740292	769346	2
117994	117989	1
1732393	1732394	1
3192143	3192150	1
9607866	9607865	2
12679851	12679852	1
3205629	3205614	1
3687731	3687732	1
12369013	12370507	1
10184487	10184492	1
1301778	1301777	2
10720121	10682622	1
9053158	9026653	2
5975007	5975011	2
6025453	6025454	1
843290	843289	1
9088594	8994355	1
5975477	5975069	1
9165185	9161252	1
2276361	2276356	1
8804090	8804089	2
8514014	8514013	1
1265818	1265817	1
2506443	2506444	1
4116047	4116048	1
4379973	4379976	1
3350611	3350612	1
4384605	4384571	1
2792672	2792679	1
4011907	4011908	1
4364734	4374597	1
1738941	1738942	1
11047066	11040163	1
12315023	12253760	1
4432421	4442640	1
11186739	11186740	4
11860111	11860112	1
8498357	8498360	1
5145329	5145330	2
9429	14336	2
2903677	2903678	1
11444084	11425928	1
2563779	2563780	1
3613869	3613870	1
3972417	3972418	1
5614057	5631986	1
4798417	4798412	1
7855373	7933527	1
9672614	9574877	2
3945407	3945408	1
4188840	4188839	1
6651989	6651990	2
1346391	1346392	1
7362363	7353402	1
9641503	9624585	1
584052	584135	1
8750098	8750102	1
5739357	5739358	1
11108755	11092470	1
6085382	6085381	1
10793319	10811258	1
7515983	7521355	2
2110867	2110870	2
9939215	9926045	1
5088911	5088912	1
3988496	3988495	1
6000081	6000061	1
3790101	3889451	1
405660	405659	1
2420312	2421088	1
8486244	8483463	2
10104041	10104042	1
12676409	12678562	1
11563345	11563346	1
5785035	5786589	1
6362081	6362082	1
4037041	4021302	1
4015204	4015203	2
3781766	3781768	1
4045215	4045216	1
5121981	5121982	1
2573752	2575890	1
10409797	10412890	1
8792525	8792526	1
12196441	12128793	1
10092811	10092812	1
10185267	10185268	1
1703240	1703290	3
5481515	5480374	2
669383	669661	1
6898228	6900654	1
7661900	7643446	1
7529850	7529849	1
1605953	1610035	2
2369738	2369733	1
1092715	1092716	2
7257629	7257630	5
6007867	6015159	1
4405724	4405602	1
7755311	7755312	3
3619334	3619333	2
7513090	7455545	1
2564506	2611941	1
12717124	12717123	1
12530393	12529757	1
715424	740547	1
1904838	1904835	1
9599160	9599159	4
3004361	3004366	1
6012475	6122398	1
1188347	1188348	2
5827027	5827028	1
7975866	7975865	3
1699384	1699383	3
10190680	10190708	1
7424231	7415577	1
2018046	2018043	1
7855722	7858609	1
8895257	8895254	1
7060571	7058451	1
11384827	11383430	1
1883825	1883826	1
12198813	12198814	1
558966	535348	1
3817634	3803998	1
1798726	1830583	1
2528697	2528698	2
2519179	2519180	2
131933	130126	1
8884409	8884410	1
6542309	6542310	2
6633033	6633137	1
11043054	11023119	1
12266300	12266299	2
3688731	3755402	1
3201150	3210659	1
4732875	4732815	3
337154	337153	2
1350328	1303694	3
3803536	3788164	1
3364685	3359660	2
8097861	8097856	2
12521036	12521035	1
1247833	1247834	1
759539	763737	1
10252998	10271431	2
2544830	2544829	1
1531244	1535489	1
1475368	1488947	1
1839600	1841034	1
11180690	11170632	1
12366002	12415990	1
1541762	1541757	1
5581485	5581486	2
3935378	3958692	1
4303670	4314399	1
7450543	7446211	2
8260281	8263257	1
2323563	2324480	1
5449664	5460810	1
568092	568091	2
4533108	4533107	3
10671191	10671179	1
7748667	7748675	1
9734514	9734569	2
3141755	3090554	1
9624328	9642988	1
6177397	6182230	1
10425254	10405740	1
4536519	4535349	1
2976338	2850944	1
236174	236173	1
5916352	5979716	2
1965611	1965641	1
6212206	6210161	2
1650702	1646440	1
1462874	1466004	1
11180363	11109848	7
5219524	5219531	1
6613866	6698780	1
5293251	5288380	1
8328883	8336005	1
9100520	9100519	2
1561628	1673383	1
1695788	1695837	1
2268673	2268606	1
11524245	11586905	1
7510627	7510461	1
553674	7996198	3
12152918	12152727	2
883571	883597	1
4102414	4102403	1
10453128	10453133	1
11633886	11649620	1
8472715	8472709	1
3323784	3326544	3
2835624	2835623	1
6927493	6933663	1
7792113	7792214	1
153384	153383	1
5134431	5150963	1
7767472	7749444	1
6926226	6926223	2
8401997	8401998	1
4409997	4400051	1
2861185	2861186	1
3620193	3676862	1
8462835	8452522	1
3731012	3645091	2
6049959	6037211	2
3927682	3927710	1
12255441	12277535	1
800584	787306	1
8282746	8306464	1
6054882	6054881	1
11489707	11578317	1
2138128	2205673	1
339325	333709	1
459568	459559	1
12649662	12604818	1
11299714	11299713	1
4722112	4800590	1
2654850	7577619	1
2027552	2020948	4
10884793	10929709	3
7931508	7931511	1
8057897	8057898	1
7421797	7332433	2
11154759	11112319	1
10296737	10282016	1
5531224	5529781	1
4494155	4574418	2
9580035	9552105	3
3971651	4094379	2
1324337	1332517	2
6257646	6239893	2
12206002	12205999	3
5903441	5903442	1
547685	547136	1
690600	686904	1
6558793	6558794	1
5480475	5480442	1
7294799	7178204	1
7384824	7384823	1
4235457	4235458	1
10157361	10157364	1
9661102	2503183	2
10210006	10210005	1
11364109	11364110	1
10615298	10556281	1
4227198	4227197	2
6124970	6124967	1
6209622	6209621	1
10245919	10246447	1
4851857	4851858	1
10182441	10187031	1
11056900	11052005	2
6601678	6523041	2
12678041	12678054	1
6372458	6371953	4
9791351	9706982	2
8615267	8600044	1
10669830	10669816	1
869446	869600	1
9137962	9137947	3
4247756	4246902	1
2020288	9568054	1
3967103	3984553	1
10170532	10171780	1
7873217	7906196	3
9830781	9884236	1
11101001	11101004	2
7824845	7824868	1
3768177	5915637	1
7395060	7431222	2
3607857	3585876	1
9785955	9786026	1
7876099	7876754	1
11435134	11435133	1
8169574	8169573	1
4184092	4184075	2
5854811	5854812	1
10128054	10050365	2
12740668	12731272	1
11381558	11323113	1
10672432	10673026	1
3359942	3359941	1
2522508	2519255	1
8765096	8765095	1
7371932	7437363	2
1921079	1846559	1
7421088	7335551	1
7777383	7777386	1
6194584	6180985	2
1732988	1729487	2
4054782	4054781	2
2573815	2573816	1
620116	601188	2
5324298	5324338	1
11702517	11702518	1
848916	848911	1
6029631	6029632	2
9013637	9013638	1
8472715	8472711	1
10671702	10671701	3
1510865	1561767	1
2186005	2186006	2
9101979	9101980	1
9016391	9016394	1
7402463	7406073	1
3078045	3043545	1
62450	62449	2
6383358	6383355	1
7831125	7831126	3
10065491	10053718	1
2293461	2268338	1
398373	441277	1
7827334	7830616	1
11354930	11349873	1
3493264	3493263	1
1658490	1651772	1
7416383	7415734	1
6158570	6146265	1
11040009	10942855	1
262146	273458	1
10240549	10244609	1
12206310	12206309	2
5150288	5150287	2
1466430	1473794	1
562846	626157	1
2386550	2370186	1
11476969	11476970	2
6846609	6846610	1
11148178	11148199	1
6479001	6479128	1
10440720	10440719	2
8362625	8362626	1
6074506	6078656	1
5699510	5714065	1
9785420	9785419	1
3057790	3057782	1
10125235	10127095	2
6214674	6214673	1
5917860	5917859	5
11943196	11854132	1
5282849	5283005	1
5515154	11536250	1
1738467	1738464	1
8424778	8424795	1
835727	881380	2
9507217	9511068	1
10520264	10520263	1
9998823	9998899	1
9680382	9699620	1
12773037	12801693	1
6809215	6809216	1
7338647	7338708	1
7872968	7851217	2
1673052	1791469	1
4706221	4706222	1
12798606	12798605	3
7977736	7999478	1
11059484	11054077	1
11290658	11286088	1
7259770	7259711	1
11813208	11813197	2
3645797	3598209	3
4302792	4302789	1
2274525	2280888	2
4767078	4789245	1
5950856	5821200	1
9140552	9132755	1
677506	671652	1
4535764	4516309	1
1366236	1377934	1
10127587	10037706	1
7871948	7866956	1
6740441	6740444	1
7291201	7158639	1
679437	679439	4
1612035	1599760	1
5751121	5751122	1
1479796	1479795	1
7349682	7349681	1
6048193	6124628	1
9140557	9169951	1
9031243	9010308	1
1729079	1729077	1
10012426	10012381	3
6942227	6963869	1
3538163	3538166	1
6061837	6061838	1
8535777	8553251	1
12378282	12448767	1
7221457	7213920	1
3703457	3703458	1
9972222	9972216	1
5864018	5864017	1
337090	337089	1
369401	363831	2
1567877	1566368	2
9846829	9846820	1
1022142	1022139	3
9770604	9769514	1
252128	252131	1
11747183	11747432	1
4501560	4527057	1
2555544	2561938	2
7728007	7728008	2
1513332	1513254	1
10171259	10254034	1
3116809	3143058	1
10926351	10926352	1
4879981	4879982	1
12533514	12533513	2
10545893	10545520	1
4801961	4748473	2
2275975	2211311	1
3741557	3672871	2
12139627	12139628	2
11846554	11892148	1
5772029	5798740	1
7325880	7325879	1
5725020	5724935	1
5816979	8624990	1
5641948	5641942	1
1720337	1694690	1
9494811	9570841	1
10245467	10211336	1
6133466	6133463	1
7745287	7745288	1
10052445	10047177	2
12364466	12364465	1
8511651	8509995	1
1163273	1163274	1
7135578	7135577	2
9748763	9748764	1
12345899	12373480	1
6408962	6351077	2
5773463	5773387	2
5716462	5717188	1
8348413	8373607	1
9845979	9845980	2
8781377	8725452	1
10490689	10424166	2
875075	881720	1
10136686	10123481	1
1653255	1652383	1
9081294	9081293	2
11018917	11018920	1
8548866	8557928	4
1564958	1564957	1
6503140	6503139	1
12571211	12570695	1
11136547	11143059	1
1182274	1182297	2
11959490	11960622	2
8374881	8374882	1
10054516	10054375	2
3726431	3716760	1
4546764	4532604	1
3079026	3079025	1
12052333	12052201	1
9858043	9858044	1
1528153	1528154	1
10268504	10200312	2
1704858	1756640	1
10261012	10272433	1
10081690	10119757	2
6108312	6108465	1
10104063	10127536	1
4513034	4513033	1
10302869	10302879	2
4583488	4583485	2
9630919	9630914	1
9462463	9462471	1
2029359	2029360	1
7875361	7843431	1
1503058	1503055	1
1458205	1458206	2
1562303	1562304	1
1829358	1835510	1
4749670	4807794	1
1277763	1277849	1
6847220	6847219	3
8070995	8097887	1
2384917	2389101	2
4711955	4638801	1
6092515	6103697	2
9612741	9578572	1
8022531	8022628	1
5273203	5323011	1
405847	390209	1
5752335	5813387	1
3531584	3531583	1
6700934	6711622	1
1769986	1601199	1
3139354	3132717	1
2161974	2161973	3
3763899	3726180	2
5650398	5660478	2
5185050	5185070	2
9131782	9124966	2
10673075	10673076	2
2390868	2390867	2
5292145	5283730	2
9504237	9504207	2
11078514	11073764	2
10110268	10119305	1
12003659	11982459	2
8482664	8521359	2
10515280	10515295	1
4013272	4019272	2
3125658	3125657	1
7598335	7578445	1
10492630	10433730	1
10647430	10648034	1
10057847	10074527	1
3197448	3205765	3
12152922	12152727	1
4473225	4473319	2
6090052	6069001	1
9731250	9731247	1
3631735	3558962	1
9141476	9141475	2
909608	893508	1
4866730	4866729	1
7305542	7321099	1
10396156	10372093	1
10625940	10612151	2
1235378	1235375	1
7641929	7706578	1
11731431	11716833	1
8634275	8634500	1
11535057	11535058	1
7437494	7437370	1
3092886	3097481	1
11471839	11436377	1
4253484	4253483	2
11815940	11813905	1
2126266	2207721	1
9501039	9620887	1
11530429	11530406	2
6184575	6184576	1
158039	100782	1
1662140	1592211	2
9749646	9677143	1
3979036	3979229	1
1019351	1019354	1
9513399	9513365	1
7673453	7694219	3
1004342	998951	1
11060182	11045077	1
2746235	2734749	2
7265977	7265978	3
7503589	7513277	1
4392094	4416484	1
652081	652082	1
8471338	8471371	1
11002593	11002594	1
2743028	2743027	1
1324098	1324102	1
9535888	9538142	2
5095171	5095590	1
2906985	2884653	1
344718	344971	1
10267496	10266976	2
1588621	1626701	1
4001669	3958112	3
1544245	1544145	1
7454709	7451772	2
6463862	6463861	1
2595875	2595870	2
3975495	3975496	1
1575877	1579874	1
4356660	4357903	1
12651759	12640072	1
1398137	1408097	1
7568534	7483666	1
11940839	11940840	2
1590732	1590230	1
1622176	1616575	2
6823753	6823754	2
8107275	8073837	1
2919655	2919658	1
7333524	7342664	1
8963253	8963254	2
941317	941318	1
1531605	1531245	1
2768295	2768296	1
7290272	7154146	1
2661120	2661119	3
11276538	11276537	2
11432077	11432078	1
12121575	12121043	1
3010321	3010322	1
12250727	12250728	1
10065490	10065543	2
7803895	7817586	1
4472667	4475679	1
7103414	7108758	1
6997982	6998036	1
7094143	7094144	2
4695736	4769727	1
6204305	6204313	1
1220999	1220862	4
1543646	1569229	4
7436063	7436064	1
6752637	6782274	1
6420707	6413871	1
1596934	1596933	2
6084650	6057629	2
8164966	8164971	1
11040024	11040023	1
3861447	3901379	3
11942790	11935469	1
5190432	5216610	1
4157190	4157079	1
1622743	1622744	1
6094610	6094607	1
8970048	8970047	1
8603990	8604001	1
5193695	5189665	1
4851692	4851714	3
8457028	8416745	1
292076	292021	1
4054705	4054706	2
470972	470999	1
8005913	8006468	1
3091107	3128365	1
6057230	6057227	1
7115203	7115204	2
1046915	1004115	1
10074958	9945292	1
10270612	10246012	1
11439216	11439098	2
998651	998652	2
9011339	8997051	1
3624838	3624835	1
6203020	6196449	2
5522104	5516994	1
11111006	11111005	1
11044840	11056943	1
3768177	5915639	3
6003427	5956593	1
4258061	4325573	1
8666421	8622323	1
3928242	3928192	1
8239588	8239583	1
6075473	6070580	1
9848088	9848087	1
7444470	7391889	1
9692874	9694484	1
8049747	8049748	3
10680612	10687024	1
2583717	2582288	2
252709	252719	1
6675787	6675788	1
7596798	7596973	2
2863625	2797652	2
6539721	6539722	1
3156087	3156088	1
7219085	7210259	1
5877474	5877379	1
7878541	7878374	2
3825972	3825971	1
9916103	9916108	1
11126130	11171596	1
8078353	8079309	1
9197843	9198234	3
6637077	6637078	1
9571645	9571875	1
4065671	4065063	2
1587059	1587054	1
7858357	7858342	1
6174220	5998721	1
6926369	6893217	1
12272932	12272931	4
3909733	3939158	1
3310203	3310204	4
12170984	12170979	1
1037175	1037176	1
8299176	8299175	1
7422069	7422021	2
3748966	3747628	2
6351366	6351365	1
3951215	3941818	2
6123519	6170508	1
6152736	6153943	1
7355166	7304632	1
9014876	9014873	1
7899368	7910914	1
329029	329030	3
8802272	8802271	1
1358053	1358056	3
4643200	4690170	1
9645649	9713043	2
3156136	3165985	1
11043056	11023119	1
3821281	3821282	1
7977915	7989249	3
10927452	10926071	1
5397128	5455693	1
3541820	3538950	2
8320338	8259355	1
2797982	2799229	2
8330018	8321232	2
12523559	12523562	1
6890298	6950699	1
3377797	3377871	1
3571793	3572166	1
2809077	2812002	1
10109899	10111322	2
6013495	6013496	1
6102331	6102328	1
5969267	5969268	1
7985253	7993478	1
4254866	4254954	2
9537220	9537219	1
3949549	3949540	3
12389175	12440365	1
3922364	3922360	1
5242076	5242751	1
1112391	1112727	1
1574782	1577427	1
5076683	5076684	1
5515323	5511801	1
5755947	5755948	2
9172209	9172133	2
7638516	7638515	2
9063921	9087728	1
7176294	7176293	2
4577521	4577522	2
9082539	9082540	1
3299391	3294549	1
3036720	3036719	1
9580057	9580058	1
12668518	12668452	1
9664624	9626826	2
10614609	10683197	1
9960297	9960291	1
8512087	8512088	1
3880935	3889404	1
3691697	3691700	1
6065863	6065889	2
10882075	10882076	1
7150045	7150046	1
420225	420226	1
2361476	2381668	1
2935613	2950429	1
2259866	2259863	1
1873455	1873456	1
3429252	3429270	1
7126041	7126066	1
12799860	12799843	1
835013	835014	2
7273157	7282143	1
4598937	4598938	1
1098887	1072245	1
996983	1092448	1
9257402	9257399	1
3554463	3554464	1
8092353	8092354	1
10464902	10464901	1
5380388	5378754	1
8822051	8819213	1
6034075	5984776	1
6434307	6434308	3
2230085	2249274	1
4095731	4095732	1
11125619	11125620	2
9729343	9729340	2
7911620	7911619	3
11161132	11161131	1
337150	360158	1
8279355	8279358	1
12569785	12569788	3
12490346	12490345	1
268139	288926	1
4434132	4434131	1
8984847	8984850	1
12694407	12693811	1
4993451	4993454	1
9733369	9733370	1
3691042	3691041	1
9729583	9719457	1
1381836	1381835	1
5327993	5377803	1
1699505	1699506	1
6789026	6792317	1
271699	271700	1
12617111	12637514	2
4268507	4288780	1
1994612	1994800	2
990134	1008989	1
8316680	8336006	1
10492256	10492255	2
11719597	11762406	2
1231169	1227860	1
10561328	10561327	2
2935670	2938350	3
4585464	4538282	2
140174	134248	2
1543171	1449161	1
7103480	7103479	1
3158971	3158972	2
1616554	1621027	1
298877	299917	1
7129210	7129209	1
6095772	6095771	1
1429363	1430069	1
11285120	11296420	1
10448811	10448812	1
48884	53783	2
11223460	11199950	2
8420159	8451592	1
9787098	9787097	1
9775107	9775099	1
3300346	3303440	1
7022700	7022699	1
3241305	3241308	3
5647868	5647888	1
5277504	5277503	2
624877	625175	1
1340551	1420552	1
8168962	8168961	1
11019362	11065241	1
9196257	9196192	1
1111134	1111133	2
11721512	11705966	1
5952302	5896684	1
5946750	5946747	1
6580298	6579661	1
3404240	3404239	1
9017911	9021772	2
7987012	7991470	1
10255592	10239878	1
673160	673159	1
9717058	9717057	1
8689408	8689658	1
10418980	10419167	2
8551066	8550657	1
114900	119834	1
3645168	3559366	1
2787273	2787224	1
6588683	6595908	1
6123663	6166083	3
1835368	1835366	1
5889172	5889169	2
8858156	8813844	2
5823792	5765016	1
3985897	3985900	1
10668255	10668256	1
11055888	11055907	1
1383782	1394940	1
8224362	8224367	1
11705237	11705086	1
7617242	7617453	3
1436637	1436610	1
9516737	9433800	2
6013103	6013104	2
10267720	10273929	1
7370893	7370744	1
8482680	8482667	3
1414510	1409189	1
6069173	6069176	1
8964706	9022791	3
12597341	12666047	2
713905	713908	1
4610373	4647126	1
11428062	11329079	1
1170933	1160007	1
10841666	10841664	3
2988795	2984268	1
7419193	7419194	1
10063482	10063568	1
3906830	3906829	1
3960955	4024582	3
5945594	5945593	1
334827	306007	1
3515393	3515394	2
4380017	4380018	2
10155847	10129455	1
3250660	3230050	1
8475276	8475261	1
3971920	3971923	1
1163580	1163551	1
4028667	4028668	1
7184342	7184078	1
7070046	7012516	1
7214221	7214210	2
1236832	1171660	1
929776	928636	2
782845	704537	1
10142489	10142490	1
8565732	8559352	1
547671	547011	1
7445861	7430939	2
2859127	2850067	1
5428579	5428666	1
2576326	2576321	1
10748924	10738613	1
7438865	7438650	1
6399210	6399194	1
4716192	4716191	1
3812280	3812507	1
7749925	7750099	1
10654031	10703115	1
3734151	3800110	1
8866598	8867091	1
10194070	10150427	1
9106811	9106812	1
6080119	6079963	1
1826798	1826795	2
8820869	8821477	1
12748008	12776823	2
6121179	6121180	1
10150769	10149615	1
9306239	9306428	1
11093841	11036572	2
1685311	1685312	2
1485760	1469604	1
2748865	2748866	1
6736882	6736885	1
4012532	4018774	1
1838145	1838065	1
5385599	5385600	1
6127449	6127450	1
10251257	10284967	1
7140135	7138274	1
5647469	5647470	1
5446432	5445453	1
1266998	1267002	1
2800209	2800202	1
7975949	7977741	1
6156229	6148264	1
8565061	8565062	1
8986143	8986144	1
7078500	7078499	1
11914935	11916493	1
4697296	4687992	2
1357995	1386590	1
10413254	10413251	1
5434413	5436466	1
2615193	2615194	2
3878243	3878244	1
4102414	4102413	1
1560817	1560818	1
1236394	1236429	1
7767454	7767451	1
7554211	7554212	1
3473315	3591572	1
7849333	7849334	2
3885284	3885281	1
2191679	2191680	2
1293529	1293530	2
4609171	4609172	1
3584055	3584056	1
10188130	10198243	1
5642506	5642501	1
6580982	6580951	1
12809419	12809500	1
9771690	9771689	1
8321620	8321619	2
6035086	6027066	2
7340851	7351372	1
2315773	2337207	1
6075278	6075277	2
4544902	4544898	1
9120426	9042742	1
10375604	10375603	1
3991833	4084826	1
4438183	4438184	1
12548959	12499345	1
659840	682851	1
5654765	5700292	2
7097897	7112922	1
3857877	3860187	1
8426040	8417565	1
1705895	1714788	1
3964948	3964947	1
2461971	2459758	1
3569658	3569657	2
7350973	7383346	1
517378	517377	1
11650876	11650875	2
4654466	4654469	1
3470707	3470708	1
10012258	10012257	2
8374371	8308770	1
12400119	12398819	1
4549767	4549884	3
10668636	10668635	1
766224	766223	1
11006793	11006794	1
9315237	9333008	1
1057820	1057815	1
6198430	6198429	2
9388177	9388180	1
10961230	10948090	2
7419732	7325145	1
845892	836784	1
11812375	11799557	1
10498003	10498004	1
10293668	10300090	1
6138306	6138303	1
10405132	10342755	1
11080011	11079992	1
11453577	11465554	1
10712021	10712028	1
1263647	1263648	1
12292650	12292649	1
7187895	7295117	1
10713578	10703573	1
3751358	3787290	1
9426561	9424602	1
8733478	8733476	2
4672053	4647906	1
1372911	1365354	1
10909613	10909614	2
10465388	10465387	2
1182996	1163239	2
2530835	2500698	1
4071687	4071688	1
9243765	9237648	1
3540110	3540109	3
7188089	7147300	1
7626172	7675542	1
4743564	4713789	1
8328727	8328728	1
10654378	10649259	1
3286106	3285721	1
8792396	8792400	1
9480083	9480084	1
4583488	4581038	1
8495374	8508177	1
4710489	4710492	1
10677987	10686268	1
3569986	3569983	1
2585764	2594546	1
9611638	9611637	1
11451246	11451314	1
8729794	8730534	1
8833853	8827886	1
8964706	9022789	1
2218078	2218077	2
6999998	6924724	2
11555182	11555181	1
5824249	5890712	1
4280764	4287506	1
5263736	5266920	2
7197099	7200166	2
3654338	3654365	1
3568967	3603026	2
4599937	4599938	1
4569757	4583921	2
5183789	5183790	1
4231190	4154901	1
808914	808917	3
6150644	6150643	4
1777358	1765645	2
10274892	10274951	1
6142222	6142221	1
2395004	2389340	1
8363369	8363370	1
10669341	10669353	1
1162861	1162862	1
2008344	2008343	2
6531587	6531588	1
1619237	1619238	1
2466007	2466008	1
12367664	12367663	1
2596479	2596488	1
8503738	8562135	1
7331640	7331639	2
2237642	2237655	1
4779025	4800792	1
9734110	9734107	2
434861	421719	1
3037727	3033985	1
6047814	5998463	1
3823711	3823706	1
10974110	10974157	1
954299	953568	1
1530660	1530696	1
9516919	9516941	1
7735876	7735873	1
11829907	11829908	2
649926	649925	3
10165311	10165312	2
9154854	9182145	1
7702022	7702021	2
5384093	5384085	1
3036599	3036611	2
9019556	9019555	1
4585589	4567237	1
8415008	8414980	1
11760968	11754056	1
12367288	12367287	2
11537903	11517509	2
9675277	9609039	1
10228564	10173675	1
613917	511516	2
10473951	10473952	2
1739133	1739149	1
1754549	1754550	2
3230285	3230274	1
1656973	1666466	1
3564268	3632275	3
6085190	6085806	1
1349564	1349563	3
6062016	6060619	1
11568688	11568685	1
4551979	4551980	3
754767	769016	1
1388834	1380759	2
11919271	11913813	1
886325	890351	1
3559876	3542387	1
4074767	4077462	1
7603418	7603417	1
486227	568701	1
7203977	7203987	1
5381407	5436445	1
11317580	11286120	1
9895958	9895961	1
10001058	10033315	1
281638	362376	1
7361590	7352243	1
1977019	1958979	1
375627	328325	1
226809	226980	2
6184577	6184640	1
5045908	5018998	1
3597028	3588636	1
5097672	5097671	1
7071098	7071095	1
3540079	3540060	2
722838	723143	1
1694446	1694443	1
3771980	3771979	1
11345065	11345068	1
9950484	9958908	1
1238558	1238557	3
12365273	12300684	1
7161299	7161139	2
4072139	4072140	1
10281734	10281733	1
6471020	6449497	2
588992	589000	3
5049294	5087589	1
8017303	8017372	1
11588827	11588828	1
3584447	3584448	1
6159796	6132309	1
12682449	12682450	1
2572791	2572792	3
9658665	8552602	1
8561612	8561611	1
377151	377152	1
12748619	12748620	2
2623933	2586946	1
12399063	12507240	3
1306541	1306542	1
342727	342728	1
3696654	3696653	1
10438071	10438072	2
1065579	1065580	1
3255351	3255352	1
6616707	6540592	1
7169990	7169989	1
3981714	3981713	3
7283269	7218413	3
3583258	3575281	1
6808514	6808513	1
5473647	5468662	1
10047300	10047264	1
9110906	9110903	2
9676200	9676199	1
9728049	9714489	1
6272748	6325782	1
2280602	2335942	1
6119245	6181031	1
1673071	1673074	1
1573698	1573695	1
3575532	3578148	1
2363301	2363302	3
1635831	1635811	1
5443684	5443681	3
8801297	8801631	1
6207889	6207890	1
3126844	3166843	1
3973858	3906502	1
779055	841441	2
8016995	8016996	2
3158427	3088607	1
1025727	1046598	1
4470642	4470645	1
6032325	6032326	1
3284374	3284440	2
8225210	8372730	1
1628582	1628558	2
7673329	7673330	1
4075448	3987751	1
4621680	4621679	1
9378691	9378692	1
7047544	7043426	1
9194633	9194634	2
8853790	8881981	1
11404363	11404408	1
8022370	8020752	1
3982547	3986521	1
1316724	1307242	1
6924853	6921323	1
2345487	2322273	2
5531137	5531138	2
11358552	11349794	2
3783820	3788607	1
12592190	12592187	1
9846500	9861149	1
10558498	10558484	1
6229907	6229974	1
1183409	1183410	3
9040502	9040499	2
5771041	5771042	1
9276552	9289180	1
2293746	2293745	1
7592933	7592962	1
9030171	9107018	1
6475184	6362143	2
4830345	4848789	1
12650514	12656430	2
2884796	2884793	1
6105073	6023558	1
4243151	4236594	1
7379418	7379417	1
9802138	9789314	1
3867315	3867316	1
8294013	8311628	1
11382792	11382791	2
10458437	10421153	1
5795170	5795169	1
2449733	2449734	1
6136129	6136058	1
3981746	3987922	3
12431939	12396943	2
877914	877913	2
1637666	1637665	2
11325221	11284793	2
5231299	5231300	1
12796841	12796842	2
11557943	11557945	1
2896061	2896062	1
2382388	2382293	1
11393018	11393079	2
7199617	7202009	1
3571856	3571863	1
7057018	10954866	1
2330171	2330172	1
10146709	10207222	1
7262713	7262714	1
3956782	3956811	1
2016665	2018721	1
9254248	9256751	1
3612563	3501218	2
10111949	10111950	1
5942582	5942703	1
5435293	5435294	1
5546560	5448632	1
12016920	12016919	2
6182384	6182383	2
5384234	5384818	3
10487432	10487408	2
2623492	2587983	1
9501160	9495427	1
5539737	5539738	1
766218	764915	1
2927591	2878501	1
4598208	4579197	1
11770553	11770554	1
11226359	11214560	1
7113960	7179394	1
6337923	6337942	1
4318657	4318660	1
2382768	2382767	1
5244061	5244062	1
9591996	9591995	1
2791491	2802098	2
4036064	4112929	1
9113326	9113279	2
567946	608755	5
7428101	7394190	3
1370003	1370004	2
6012940	6005735	1
11695048	11695043	1
844943	824603	1
8997570	8997567	2
12449518	12449517	1
3762486	3764584	1
11359428	11359431	1
11016561	11016549	1
11838647	11838675	2
10229801	10229802	1
42647	7446424	1
10099121	10099122	1
6223426	6348924	1
7507293	7507294	1
5820809	5820810	1
8899004	8899030	1
12379789	12379790	1
7738914	7735878	2
3147831	3147815	1
10036079	10036080	2
9715063	9715064	1
5946566	5862388	1
5322575	5322576	2
8377110	8313119	1
5942576	5942575	1
3132750	3132745	2
7241807	7228458	1
620452	621012	2
7369647	7369654	1
4090913	4075440	1
1303155	1291970	3
2399865	2312757	1
9646984	9546210	2
10593843	10587149	1
7711373	7711374	1
12242256	12242255	1
4329987	4334028	1
11847948	11838708	1
3036422	2928327	2
482726	482656	1
2469891	2470239	1
2319011	2337664	1
7227973	7227974	1
7417155	7417156	2
12142183	12142184	1
2700734	2700733	1
7343635	7352322	1
9503399	9503400	1
3380323	3355261	1
5869868	12543438	1
3253694	3253693	1
1952721	1952722	1
11380841	11380842	1
4479454	4488243	1
3999309	3999312	1
843723	843724	1
386455	413468	1
7885892	7922567	1
4068672	4074347	5
5450245	5449596	1
4660972	4702389	1
4415823	4415824	1
7416427	7416424	1
4382953	4382954	2
4111321	4063403	1
4827823	4801082	1
3778503	3888146	1
4343739	4414491	1
5976379	5976172	1
7361917	7361918	1
8274908	8274659	1
1507982	1507976	2
6009663	6009664	1
8761504	8740896	1
12144092	12144091	2
6777367	6815525	1
5183386	5183381	1
5081757	5053324	1
7352750	7352749	1
11407468	11390056	1
4814663	4814664	1
12717030	12716977	1
10444626	10444596	1
4432423	4442640	1
1578646	1578645	2
7199440	7199439	2
6445842	6445868	1
2489799	2489800	1
3210085	3221690	1
5923139	5923030	1
5810132	5810131	2
6146225	6146226	1
11322804	11322803	1
3248300	3248299	2
2580258	2580255	1
462617	462618	1
3901532	3901531	1
1627240	1624827	1
7475937	7470594	1
10413252	10413259	1
9582955	9574358	3
5118995	5118996	2
7951487	7937016	2
2373127	2373128	1
10267560	10257951	1
3972494	3972493	6
1235380	1235379	2
7977559	7977560	1
4024472	4024471	2
1796319	1797468	2
1691237	1691349	1
9507719	9430116	1
11363084	11426820	1
3705625	3705776	2
12189561	12188011	1
10760035	10565007	1
8817736	8820817	1
12610779	12610780	3
3259744	3277527	1
11219806	11221375	1
12664397	12598650	2
3975577	3975575	1
10046584	10046579	1
11222298	11222309	1
1516569	1516462	1
5341190	5332435	2
1253493	1253474	1
2841233	2789037	1
6505872	6505821	1
3367648	3367188	1
9758343	10084679	1
9679848	9679847	1
1794561	1789789	2
4003770	3951829	1
7559253	7554751	1
5547578	5547632	1
6039281	6039284	1
3040378	3040375	2
2428278	2433579	1
10943188	10990390	1
4580909	4577685	1
1279173	1279180	2
9589249	9589250	1
8386913	8386873	1
9506245	9506246	2
7609330	7667749	1
6139109	6133752	1
1705769	1717810	2
9547808	9547327	2
10239886	10254104	1
4347351	4284190	1
6855414	6855266	1
3057792	3057791	1
12794295	12794296	1
8806515	8794898	2
2920458	2920457	4
9467985	9467986	1
6800378	6798692	1
3628687	3628688	1
10579550	10572915	1
3677503	3627408	1
8006082	8011352	1
5957755	5957756	1
5917858	5978378	3
3220272	3230126	2
7915203	7915204	1
2703102	2703045	2
1821994	1828806	1
6127840	6132844	1
6641180	6634019	1
7995612	7995611	2
6119926	6119928	1
2512890	2498178	1
12750472	12715550	1
3792275	3820270	1
4634803	4634804	1
1695830	1698489	2
7125057	7152986	1
1776915	1776920	1
3192488	3192487	2
9563859	9563888	3
6080119	6079965	3
9788053	9782197	1
3319089	3316815	2
6022628	5985807	1
11552418	11552831	1
7190786	7190785	2
5957171	5979959	1
5872527	5881483	1
6130516	6130515	1
3535668	3535665	1
9005900	9006455	1
4652161	4652162	1
6042705	5984911	1
1335164	1327150	1
3291147	3290607	1
10926353	10926320	1
6817981	6818290	1
1220168	1221260	3
2009356	1986183	2
8398213	8398254	1
9499077	9517635	1
8846550	8878685	2
6396775	6396745	1
6957133	6878916	1
6916597	6914273	1
8699970	8699973	1
3383021	3383022	2
3762154	3762151	1
3201898	3201893	1
6607281	6607282	1
4033277	4033278	1
5559891	5568443	1
10165350	10165349	1
1627768	1619941	2
5850421	5850422	1
9048753	9103909	1
5587794	5580019	1
9804307	9799104	1
11145338	11157140	1
4377637	4377638	1
9124080	9124079	1
3260446	3260443	1
8826529	8869825	2
1264867	1355286	1
7174788	7268948	1
10492880	10462067	2
6338871	6408439	2
2613113	2613104	1
8176865	8208442	1
4673125	4673159	1
11029882	11029881	1
4597621	4597622	1
8500697	8561471	1
1993991	1993992	1
2409038	2365507	1
6806895	6806907	1
10732479	10733584	2
10203578	10208276	1
6013331	6013332	1
10046580	10046579	1
10213089	10213090	1
7430778	7432162	5
9010165	9010166	2
11565462	11570819	1
11505921	11523667	1
1220797	1242433	1
11086575	11086576	2
1169379	1169371	3
8287019	8292865	1
7022698	7022697	1
10602240	10602057	1
9146058	9146057	2
9972528	9973449	1
9038967	9038968	1
1154385	1154164	2
439519	439582	1
8406423	8406424	1
3996394	3996408	1
192621	184183	1
10665826	10680129	1
6092515	6103699	3
4746182	4746181	1
3889832	3892258	3
12282401	12274124	2
10222188	10222187	1
3035763	3035764	1
455042	466288	1
9772241	9771374	1
5134429	5150963	1
3309132	3309143	1
11463817	11463905	1
3906406	3906405	1
1542745	1542746	1
1932730	1932729	2
4659177	4659251	1
10643724	10643723	1
2755282	2756268	1
6116650	6048407	1
10575590	10570029	1
7276431	7276432	2
11239844	11242863	2
808728	810656	1
1546116	1620426	2
5423092	5421044	1
2835967	2835968	1
2417145	2417146	1
4651044	4651043	1
3000590	2984604	1
4102412	4102403	1
2422795	2395210	2
2597951	2597952	1
12766429	12766409	1
1623598	1621999	1
10348547	10380945	1
8450663	8530363	1
10283723	10193979	1
9178311	9178317	1
3580853	3557524	3
5579405	5579406	2
9649344	9649343	1
11250311	11250312	2
10127403	10127404	3
9625369	9618414	1
6141085	6061416	1
6819434	6819181	1
6194618	6173551	1
6058643	6156595	2
11019364	11019363	2
12370956	12370955	1
6484845	6496388	1
4071685	4071686	1
822312	822311	2
3494122	3513229	1
12424882	12444348	1
10975844	11001288	1
6044445	6032165	3
7971383	7958380	3
3538054	3538056	1
5530562	5530564	1
1946204	1946210	2
4337913	4337941	1
6560337	6560347	1
9785887	9785888	2
5700816	5712149	1
12740464	12740463	2
10684739	10684740	1
3994880	3987927	1
4018003	4016516	1
10041469	10041470	3
5134429	5134430	1
3893623	3893624	2
273429	273432	3
5470239	1153520	1
5556134	5556133	6
3154925	3154926	1
1889586	1861701	2
6355630	6282786	1
4329986	4262930	2
2591203	2590121	1
1739013	1739014	2
7307010	7414084	2
2462852	2462851	2
2484225	2518482	1
6071645	6083608	1
8967877	8967878	3
6089732	6089731	1
7877205	7877181	1
2809791	2809794	1
1262877	1262878	1
9140885	9140886	1
12631907	12631917	1
11625386	11625385	1
9726892	9645350	1
9596468	9604804	2
3737826	3737825	1
10233382	10234602	1
5975746	5961996	1
11183859	11157083	2
7582687	7578193	1
11383569	11383576	2
7246418	7181218	1
6531645	6531646	2
7998488	8009713	1
4550343	4483892	4
3806758	3806755	1
10068187	10073500	2
4484877	4484703	1
955224	955223	1
1278672	1278683	1
9739677	6085419	1
7954315	7954233	1
10224027	10224028	2
6174123	6113197	2
6425817	6425818	1
6016221	5988363	3
8401090	8400666	3
3771098	3802346	1
464391	469658	1
1727230	4465053	2
3290587	3290588	1
8578207	8504509	1
3739064	3739063	3
8699972	8699971	1
7197034	7197033	1
7804212	7805894	1
8320890	8326032	1
11336297	11336298	3
11321454	11338196	2
6420107	6420108	1
4474400	4474399	1
497407	556207	1
4404188	4404667	3
5938877	5938878	2
8724568	8724567	2
10052958	10052944	1
5835494	5823267	1
5078983	5078984	1
10684485	10699926	1
9087228	9048054	1
5988630	5988629	2
4043255	3953541	1
6147106	6178096	1
284525	280581	1
3427200	3427199	1
11595104	11595110	1
2417147	2417134	1
11919124	11862180	1
477077	494014	1
9259854	9259891	1
11175550	11126575	1
8966964	8966963	1
4031471	4019266	1
2333849	2333850	2
4409119	4409120	1
1654064	1660717	2
5845622	5845621	1
385209	393273	1
4474833	4474854	1
2511849	2499920	1
2143720	2143723	1
4587586	4568288	2
9869110	9869109	1
2478432	2478449	1
3650693	3619333	1
3157438	3220265	1
8446665	8516840	1
1370361	1370362	1
5805713	5805692	1
2053816	2053815	1
6358161	6360107	1
4409024	4405850	1
2480209	2480210	1
3318521	3318522	1
3315042	3315041	2
7886693	7935351	1
12240865	12244144	1
1608142	1691484	2
9853560	9826289	2
5369262	5292959	1
10776724	10776693	1
8725492	8725491	1
3021453	3021458	1
11049980	11053651	1
7859105	7899907	1
3759929	3759930	2
1083599	1083473	1
3973810	3964013	2
5837783	5837786	1
11194782	11187223	1
6923610	6924137	1
9999020	9998773	2
10227743	10223828	1
12480383	12551736	2
12776178	12776177	2
3821560	3945796	1
577367	576647	1
7371532	7371567	1
8804989	8805090	2
915165	915166	1
9184043	9121385	1
4619068	4624604	2
6339823	6339512	2
7375006	7375005	2
6154154	6154137	2
4473021	4473022	1
6580493	6580494	2
6369860	6369859	1
1153663	1156487	1
2387735	2453157	2
1690870	1713149	1
11185645	11185648	2
5807122	5753921	1
8306955	8307193	1
1156116	1156115	2
4594937	4589226	1
7252582	7252581	3
1748552	1748551	1
6202433	6202422	1
7874500	7874499	2
8100478	8101576	1
2487203	2488301	2
7613491	7613486	1
4022577	3996479	2
4499124	4497765	1
11673407	11678714	1
5889305	5879859	1
5422088	5422087	2
9571937	9572502	1
2953849	2953482	1
388375	408404	1
3425670	3425683	1
2829289	2836855	1
8022467	8022457	1
3279341	3279486	1
149482	91360	1
2408277	2482237	3
9863320	9863177	1
3363473	3363474	1
10761292	10761291	3
7979358	7979376	1
9316983	9316984	4
7245557	7245558	1
12003426	12042909	1
3730038	3716732	1
8502858	8557159	3
10166416	10166415	1
9133970	9133982	1
8032581	8032582	1
10550077	10550078	1
5665215	5665219	1
7417469	7417485	1
12312225	12312202	1
1222957	1222951	1
9192989	9192990	1
1535470	1535469	2
12544736	12544778	1
11295682	11295685	1
7896288	7896306	1
1166350	1166349	1
2015769	2015770	1
8488086	8471048	1
3701569	3701570	1
1569248	1564969	1
6874927	6926852	2
6021436	5985459	1
7779249	7776759	1
3861445	3901379	1
5824669	5794064	2
3166301	3166302	3
10676093	10682637	2
3663417	3643666	2
8280727	8280728	3
5201793	5212041	1
10606902	10590612	1
7857657	7857658	1
1636549	1668525	1
9366559	9366560	1
1724119	1724120	1
1507664	1507663	1
207851	207591	1
2192088	2260012	1
3760286	3755333	1
4484129	4394820	1
10257830	10257815	3
1322059	1322060	2
7682362	7690073	2
12533398	12565773	1
1276572	1276591	1
11076943	11076877	1
3577014	3576971	1
1092700	1092699	1
6478363	6478366	1
3424050	3424032	1
9094680	9092840	3
9392916	9392915	1
12662861	12664929	1
10977800	10977799	1
12528272	12531116	1
5863497	5863503	1
4122832	4122831	1
11934333	11934334	3
7954281	7954278	3
5164274	5164219	1
7091119	7091120	1
109038	102575	1
4401096	4401095	1
6961039	6962301	1
2808030	2803132	3
8813611	8813612	1
4408305	4344725	1
7280264	7280263	1
9154561	9173833	1
6457342	2838606	1
12782812	12783685	1
3383025	3383026	1
8498843	8498360	1
8968146	8968145	1
7557053	7560582	1
1573335	1573336	1
1131650	1131633	1
10222097	10239748	2
8463492	8463595	1
4745669	4745814	2
2778463	2778464	1
1233932	1176261	2
4414204	4414203	2
3647512	3573353	5
6715221	6715222	5
7115205	7115206	2
3271343	3272219	1
2148454	2148453	1
2311776	2311670	1
1182547	1203574	2
7225804	7225803	1
8861096	8861210	1
8655664	8655663	1
1110424	1081049	1
8794800	8794799	1
6150569	6150570	2
12798606	12798603	1
3307270	3307269	1
7408969	7408950	2
11016127	11041339	1
10750441	10750331	1
11541248	11538759	1
1226896	1204587	1
8896572	8896569	1
4649012	4648956	1
3639001	3557887	1
11118245	11118239	1
5220025	5220739	1
4340504	4303408	1
472800	472799	3
2669966	2669965	1
3493913	3516040	1
8245257	8245258	1
2896098	2896097	1
12563772	12568453	1
6145959	6146133	1
3079375	3079568	1
5807552	5807549	1
8786510	8786509	1
1654070	1654069	1
10513447	10513448	2
1619034	1619033	1
276737	286552	1
2521171	2514220	1
11672979	8728481	1
8672002	8672001	1
3274624	3274623	2
7160926	7177644	1
9913093	9911255	3
362363	362364	1
8511204	8511203	4
7232303	7299678	1
552606	561084	1
6778314	6778313	1
6436860	6436880	1
6972743	6972744	1
8435845	8572351	1
1207881	1186882	1
12258397	12258398	1
3442553	3461149	2
12362008	12286777	2
11398388	11398316	1
12142185	12133381	2
8829221	8829209	1
6615859	6615860	1
5627315	5627740	1
1826794	1826805	2
10012083	10123645	1
7226978	7226977	1
705895	705896	1
3396747	3396782	1
8508627	8508642	1
275948	356587	1
11500300	11500299	2
11868496	11882299	2
1579540	1579539	1
2936580	2992704	1
5878929	5878932	1
7095517	7095518	4
131490	131487	1
12414973	12414986	1
7635974	7635961	1
12738261	11771449	1
4671282	4691754	1
3163639	3163640	1
2595070	2595067	1
7456941	7466232	1
1912762	1912761	2
1148887	1151555	1
3121383	3121384	1
5016017	5053095	1
1043735	1044842	1
7045540	7045539	2
6882476	6892399	2
3813976	3799471	1
11435788	11393231	1
9760570	9726840	1
4104126	4104125	1
6040169	6052163	1
7159249	7156200	1
9292309	9352111	1
6204310	6045329	1
817155	713799	1
3160773	3217990	1
11647957	11509378	1
7951417	7951420	2
1147074	1136994	1
1603069	1616738	1
11505981	11505982	3
11200717	11200718	3
7853509	7853510	1
11018264	10988605	1
6135546	6135438	1
6038432	6038429	2
8038425	8039914	1
11505071	11505072	1
280794	303728	1
4544899	4544900	2
3087086	3089393	2
11083272	11083267	1
7324243	7376663	1
5970722	5970721	2
11178620	11148738	1
3112595	3112596	1
3350519	3350522	4
7436070	7435817	1
899715	906580	1
1993470	1914435	1
1649286	1649063	1
10065984	10063437	1
8514626	8514637	1
7269655	7270906	1
11877982	11877981	1
5810847	5810850	1
9325481	9325482	1
10457625	10450697	1
9725136	9725135	1
7803746	7665916	1
233730	211719	1
8002972	8016259	1
12477938	12477937	1
8764386	8764385	1
7894778	7894772	2
9320529	9306429	3
3145384	3115985	2
119556	107306	2
8889877	8953417	1
2768586	2791104	2
4609173	4673189	1
10272898	10230559	1
7423270	7423297	1
4835083	4850346	1
5779829	5755108	2
12374311	12374312	2
10983636	10983635	1
2770132	2768564	1
9554832	9580736	1
1355166	1355165	1
3865943	3889382	1
2679170	2679169	2
6018589	5966472	1
250239	250240	1
12303584	12303583	1
9151865	9151797	1
5550832	5550831	1
3310254	3310253	1
12731273	12731274	1
9735812	9735799	1
1436447	1436450	1
11830675	11830676	1
5908390	5908382	1
4318663	4318664	2
10148228	10205192	1
10052290	10052289	1
10494377	10486880	2
1534850	1534849	2
9313302	9313301	1
10712518	10712675	1
10943737	10943738	1
3627425	3609859	1
298295	298296	1
11532684	11532687	1
12798358	12798357	1
6119091	6119092	2
7175101	7175085	1
11206515	11206500	1
812745	816002	2
3551341	3551342	1
5198133	5198134	2
1525122	1564957	2
2897887	2906968	1
6079964	6079963	2
11146558	11143739	1
10760301	10760304	1
4599163	4599164	1
5889963	5878218	3
4034473	4034515	3
12593921	12593938	1
764684	764683	1
10706928	10685761	1
4203787	4203792	1
6507782	6507792	1
3596153	3581332	4
10604673	10604581	1
2404352	2404371	2
388121	388122	3
1625435	1625436	1
8247677	8248577	1
3253452	3253241	1
5859286	5859178	1
3557149	3541164	1
2176065	2176068	1
9688331	12814778	1
1623604	1623599	2
10152104	10152103	1
3854805	3854806	3
2489494	2489493	1
9164215	9164222	1
2089420	1949155	2
10401745	10401721	1
3504490	3504415	2
3300753	3294172	2
11728134	11728123	1
4083983	4085376	1
3688451	3721061	1
4338667	4338668	2
11252818	11252817	1
8372731	8372732	1
11508505	11462251	1
11680371	11660008	3
5975120	5923673	2
12377989	12363772	1
5375403	5496509	1
4180278	4179589	1
781706	781705	2
4427404	4427399	1
11069326	11062211	1
3509564	3509559	2
11111195	11111196	1
9344623	9344624	1
9656029	9656036	1
2437560	2440668	2
9184410	9184409	1
4790098	4724106	3
9138366	9138365	2
6141294	6145240	1
2613243	2613486	1
9657249	9657250	1
2142087	2143793	1
317123	317745	1
2588275	2588276	1
9875976	9875996	1
3679368	3679367	1
6844759	6844744	3
9020887	9026083	4
8440624	8440623	1
7981246	7981234	1
11514246	11530610	1
4466081	4466215	1
7892826	7835037	2
12310494	12308393	1
8425003	8425006	1
7444659	7444662	1
1599821	1589619	1
6535431	6535432	2
9920237	9940924	1
5913025	5913026	1
10234849	10234852	1
10419415	10494877	1
11171491	11171492	1
3700797	3700798	4
2998090	3057769	2
9580014	9580678	1
2373129	2373130	1
7370372	7357736	2
5470409	5470412	1
1035484	1049139	2
4100052	4100055	1
8642011	8686598	1
3540176	3540172	1
9052324	9052348	1
10606904	10606903	1
4798233	4798256	1
6052435	6052438	1
1754560	1754559	1
5714301	5751272	1
10197574	10197578	3
8065817	8065818	1
3197158	3197157	2
285917	285920	2
8777493	8777292	1
7858355	7858356	1
6559994	6580592	1
2598569	2623490	2
4035282	4035281	1
5842052	5834626	1
6118634	6118633	1
7959927	7960405	1
12757275	12757292	2
6365261	6365245	2
1514913	1514914	1
5927989	5927990	1
11386970	11402995	1
841210	767185	1
9721892	9705569	3
11185649	11185652	1
8549321	8549322	1
7980844	7980843	1
2202594	2277257	5
9523506	9523505	2
10534866	10489650	1
2151650	2151673	1
5444709	3708095	1
8259002	8257290	1
9487770	9487694	3
12732811	12779438	3
9654167	9720906	1
10755558	10748467	1
493197	434765	1
4368653	4368654	3
5586412	5586411	1
3031602	3031601	2
2815190	2888804	2
3965641	3965642	1
11680794	11679402	1
11564832	11546080	1
10592704	10540309	1
11102386	11145573	1
4306813	4306814	1
1033435	1037816	1
8363371	8363372	1
9902595	9907665	1
8973752	8973751	1
1760193	1778616	2
8277596	8277595	2
288364	288774	1
1353633	1355167	1
6889678	6890053	1
11298165	11256225	1
4741701	4777302	1
1281013	1281014	1
7511754	7511753	1
354572	355453	1
10846255	10882807	1
4955919	4955920	1
11877980	11877979	1
6156575	6156576	1
1798635	1798644	1
5293251	5293252	1
2367001	2401298	1
6960837	6960838	1
10526709	10526710	1
12544118	12539637	1
7718089	7711518	1
10683677	10647208	1
8623585	8623586	2
364864	343083	1
1872392	1856146	1
2492671	2531618	1
4626209	4577644	1
8438055	8355472	1
7265197	7265081	2
9371857	9370879	1
9742907	9752517	2
173263	173264	4
3270956	3270822	1
8453780	8450766	1
310789	312399	1
10964374	11037250	1
11966021	11966022	2
1094410	1127052	1
9954956	9954953	1
2176067	2176068	2
11309979	11423779	1
7371896	7415749	1
3998444	3998443	1
5704768	5704765	2
871506	871505	1
4040706	4017194	1
8849549	8822684	1
12439770	12438584	1
3086020	3086019	5
7658787	7658616	1
7147833	7102708	3
6079960	6072175	1
4058014	4058013	1
3763355	3677917	1
4101423	4101527	2
1374769	1374770	1
2773369	2773370	2
5392139	5392140	1
9146194	9146193	2
1066900	1132829	1
8441028	8441027	2
699596	699593	2
11151714	11151958	1
11194691	11180880	1
3969038	3977070	1
11669323	11726783	1
1726752	1674142	1
5702961	5738303	1
3979763	3979945	1
10725260	10741846	1
5218852	5219124	1
12730436	12690023	2
748586	748583	1
9599951	9629211	1
1053144	1053143	1
11076149	11076150	1
4696430	4712196	2
6156602	6156601	3
3377096	3377095	1
4437314	4383555	2
6142231	6142232	2
3324659	3255580	3
2277548	2277512	1
7461784	7462115	1
7126948	7126947	1
1579169	1579170	2
1396037	1372515	3
1966320	1956930	3
6192981	6192987	1
12037613	12238909	1
2621436	2621452	1
983876	1049566	1
2142674	2221384	5
3123332	3148454	2
6259795	6262556	2
4252570	4252569	5
3661759	3677475	1
8362691	8353489	1
11220809	11220943	1
7407626	7407625	1
759833	745516	2
9539845	9607136	2
8928191	8928192	2
6542308	6542307	1
3469420	3469417	1
3507755	3505042	1
5486788	5494741	1
10559799	10559800	1
3563202	3654968	3
1368472	1368471	1
4999026	4955059	4
4033136	4110370	1
11456141	11499441	1
2509695	2544582	1
800628	894419	1
7177717	7177541	1
6926326	6926325	2
1562655	1501236	2
6101165	6101168	3
6012067	6012068	1
1267047	1275068	2
3876152	3876149	3
8813463	8813466	1
5494044	5492414	1
8375865	8376501	1
10144733	10130242	1
10432512	10432493	1
9977819	9977833	1
9005727	9005728	1
1476282	1468553	2
12041709	12041710	1
3193951	3193952	1
1362163	1362164	1
2437996	2468966	1
720344	682462	5
9237817	9237820	1
2752717	2757879	1
3215711	3209100	1
10301809	10302102	1
7277532	7262999	2
10121193	10121646	1
9997139	9996574	1
6556914	6556913	1
4674491	4674492	1
1300782	1298816	1
11919525	11919418	1
210174	210177	1
1131635	1117840	2
4576161	4576145	1
1612152	1604568	3
1140408	1142938	2
5998361	5995683	1
10270965	10270966	1
5204765	5204648	1
11959077	12026327	1
6489803	6504346	1
1183353	1183343	2
12122449	12122450	1
6787253	6787140	1
10520483	10520505	1
4081923	3990501	1
12785965	12715932	1
10409624	10409623	1
12471771	12471818	1
1027074	1027073	1
4615305	4565972	2
3248115	3247868	1
6024461	6030677	1
1396535	1396540	1
1776285	1776286	1
4039121	4107385	2
8505599	8505911	1
3520106	3509685	1
9684832	9684831	1
8299170	8327481	1
11807322	11807321	1
6304678	6224187	1
9476352	9432416	2
7225770	7225376	1
12783691	12777092	1
7306277	7325483	1
6985278	6985277	2
6633138	6633137	1
11069792	11069797	2
1166227	1166238	1
9337748	9314631	1
8540918	8540917	1
6632825	6668177	1
8366590	8366589	1
2234247	2140402	1
3624275	3610688	1
8260688	8260687	1
3495233	3495234	1
6176395	6177287	1
1662219	1662231	2
4581877	4567777	1
12016922	12016921	2
8499454	8499453	1
646213	646214	1
11936071	11929036	1
4645506	4645505	3
2457441	2444546	1
10530951	10549040	1
3623042	3704557	1
12453617	12453618	1
8997566	9014268	3
1616376	1616375	1
7232476	7271077	1
12776423	12775853	2
5489094	5489093	1
5849646	5849639	1
2391416	2425973	1
1320340	1320339	1
11021817	11029592	3
10040753	10040754	1
7008796	7008795	1
4038244	4038243	1
11072501	11072840	1
1736367	1736361	1
5156442	5156445	1
3101051	3101057	1
867313	863588	2
7802522	7885778	1
11920143	11919456	3
1152518	1152517	1
438497	443955	1
5919928	5893120	1
2529424	2529423	2
10683245	10683246	1
8061384	8061383	1
6947263	7015695	2
2212938	2218079	1
7265934	7265933	1
4733225	4729624	3
11159968	11139361	1
8087435	8101247	1
5428667	5428668	1
3336489	3324592	1
8687868	8687867	1
8479094	8471710	1
11552012	11549654	3
4265688	4265687	2
930294	930293	1
9241738	9241737	1
10488107	10423910	3
11722435	11722436	1
810967	802594	1
9354860	9355452	2
10249119	10229800	2
4433536	4432859	1
6129784	6129783	2
7203273	7203274	2
11233934	11233933	1
8706057	8706021	2
1535362	1569501	2
10954751	10943738	1
10225234	10231926	2
7948094	7948093	1
10055272	10055269	1
4146618	4146615	3
10088577	10112130	1
8442917	8370362	2
11455733	11443028	1
7214217	7210310	1
2032307	2032308	1
1251844	1121271	1
7739696	7739695	1
3270484	3327349	1
10257775	10241770	2
1569275	1546834	1
3201107	3201108	1
6684596	6684296	1
7611940	7607725	1
7880254	7878481	1
9002753	9007670	1
12745075	12745076	2
7805826	7805825	1
2617975	2617976	1
12376060	12419995	1
7249924	7263129	1
1068693	1068696	1
8521759	8521760	1
4421628	4421627	1
10655985	10648775	1
10969890	10969355	2
1540964	1542311	1
6193532	6193529	1
5411409	5411412	1
3407088	3409840	2
1132639	1050553	1
10393263	10393218	1
7287175	7395436	1
9517624	9517621	1
10481479	10414001	2
5756355	5756356	3
7931699	7921233	1
3033747	7740016	1
10454750	10476215	1
5835866	5835865	1
5161245	5160962	2
4941090	9341146	1
7951851	7951752	2
203326	192006	1
2885020	2885019	1
4600532	4600531	1
3944233	3910217	2
1551365	1551366	1
1526092	1550153	1
12528403	12524076	1
5559217	5559218	1
1174578	1174571	1
11857855	11824850	3
5861947	5862467	1
5190177	5203226	1
10753610	10753312	1
1093543	1093892	3
9657002	9656898	1
1712070	1665299	1
1751613	1751614	1
4017388	4017292	2
5988515	6056394	1
8484300	8484299	2
9546693	9546694	1
6108338	6108462	1
3358538	3358523	1
5219205	5219206	1
7947736	7947735	1
1246712	1241757	1
3551264	3550737	1
6209128	6209788	2
8362036	8362035	1
6430711	6430712	1
8214258	8214836	1
4399899	4392121	3
5357883	5357884	1
4586971	4586974	2
6355335	6435334	1
9753669	9753670	1
2770121	2781608	1
1134928	1134927	1
7243910	7191273	1
5573504	5571729	1
2613487	2613488	1
12427197	12426777	1
10532621	10523771	1
8477672	8420214	2
1022144	1022143	3
2816414	2816413	1
11294179	11294180	1
8792444	8792443	2
9580016	9580015	1
1123528	1097733	1
1322744	1323052	1
5501904	5487025	1
3971563	3971349	1
9606975	9678064	1
1303153	1303154	3
3749631	3749632	1
4045861	4045862	2
1543254	1543251	1
7284305	7281696	1
7993206	7993203	1
10817687	10817688	1
8737176	8684574	2
4749470	4755586	1
8436899	8436900	2
11763759	11763760	1
3926553	3934261	1
155195	155355	1
6212824	6126210	1
7288100	7288099	1
3114350	3083309	4
9280618	9280617	3
7413007	7413008	1
4555332	4546731	1
3303745	3306521	1
9254565	9254566	2
8379398	8379397	1
9117157	9117158	1
4827785	4827781	1
1247365	1161362	1
10619925	10626545	2
6126061	6126062	1
2178013	2178014	2
8416129	8416130	1
6809464	6807752	1
1832271	1832272	2
8946090	8948133	1
5616163	5631627	1
7484254	7472896	1
10087402	5728180	1
5180404	5197120	1
7245745	7245764	1
790777	755453	1
8872256	8872255	1
2062952	2062951	2
5821036	5821035	2
1507666	1507665	1
9140883	9140884	1
2258684	2258683	1
12153945	12153946	1
12286392	12269505	1
4645683	4645006	1
1976278	1976277	2
714195	714196	1
6393587	6393588	2
9160701	9160702	1
497407	611174	1
11741310	11728958	2
9137962	9145132	1
10964860	10964859	1
9079981	9079982	1
2356048	2356047	2
4028669	4049033	2
9014876	9011165	1
5262676	5262675	1
8822981	8822982	1
2761712	2777909	1
3124044	3124043	1
2381648	2381565	1
11097938	11187646	1
3167371	3157498	1
3354859	3360204	3
8160942	8169110	1
7938577	7938578	1
2927691	2922221	1
1904840	1904839	1
12049549	12049203	1
4387409	4387600	1
11732999	11733709	1
3619502	3680468	1
1094756	1094755	3
8298519	8298520	1
3667329	3667330	1
4856093	4809227	1
12261697	12262029	1
11243606	11243598	1
10490442	8707358	1
4557803	4575305	1
6335786	6409902	1
9015236	9015258	2
7174457	7187268	2
2849502	2896097	1
6817063	6704558	2
741342	793984	1
10553911	10537549	2
2181173	2166748	1
1422262	1422261	1
11778527	11778528	1
8384175	8384176	1
1092328	1092327	3
3655404	2925674	1
6383354	6383353	1
7430874	7430879	1
3624394	3692902	1
7244559	7244560	1
12798211	12801023	1
4349627	4349592	1
9158407	9158420	2
7657213	7657214	1
3372362	3372358	1
11554589	11554590	1
4567615	4588230	1
3857167	3937190	2
11199951	11199954	1
2338584	2338581	1
9443224	9372909	1
4549973	4544241	1
7287798	7247598	1
3970455	4113306	1
3104865	3104866	1
6200570	6202013	1
8982471	8971883	3
4359407	4359502	1
4302092	4312748	1
1618944	1618956	1
9043336	9043335	1
2396378	2396308	1
6146241	6165231	2
1774302	1784757	1
10691645	10691646	1
8814898	8872191	1
4598935	4598936	1
11848984	11848983	1
12809341	12809344	1
2040884	2044381	1
12636817	12568919	2
1592210	1592209	2
1485430	1461696	2
513101	593208	1
2506075	2538321	1
8847202	8836606	2
11059447	11059448	2
5216158	5216129	1
2375611	2375612	1
8088834	8088837	1
2487786	2561297	1
1942666	1906777	2
1193846	1140120	1
8317177	8317178	1
11130247	11138576	1
12043321	12043200	1
7116714	7061928	2
12142313	12128902	1
9190062	9190077	5
9373877	9373880	2
2666468	2666467	1
4276968	4267620	1
1543170	1539741	3
12626425	12626426	1
10492143	10595151	1
9780523	9780524	2
11031186	11031185	2
1480510	1480509	1
7227472	7227466	2
2805312	2805311	2
12771832	12767165	1
10488195	10468987	1
1093732	1075331	2
5300831	5321456	1
11355894	11355839	2
4821616	4799295	2
6610576	6610575	3
7028913	7101639	1
5674444	5610795	1
10890787	10890790	1
10694885	10706011	1
9488117	9488118	1
8775213	8775209	1
3261146	3261145	2
1503564	1431191	1
6434517	6434346	1
2780095	2716992	1
235253	329393	1
10927026	10945383	2
1949183	1949184	1
4298061	4298062	1
7512568	7508043	1
10206217	10171443	1
11347749	11347676	1
6290046	6284278	1
3298025	3293908	1
4006008	4006007	1
726928	726927	1
5874057	5874058	1
2886108	2886107	1
11377407	11387095	1
11925703	11925708	2
7738234	7757488	1
1182173	1182151	2
5453454	5453453	1
7200240	7184845	1
1692457	10078846	1
6425817	6437323	1
8408955	8403651	1
8352564	8350612	1
272379	272383	1
6522862	6524210	1
1353222	1347984	3
2138128	2205675	2
11130950	11130949	1
1650071	1569837	1
6206989	6206979	5
344268	183772	1
12419617	12419624	1
1188347	1188350	1
2213090	2241174	1
6135580	6144032	1
11565417	11578839	1
10891606	10891609	1
3355443	3355233	1
7122011	7122016	2
5140121	5118144	1
8191892	8198222	1
2588277	2588298	1
2532561	2548242	1
7870197	7866995	1
3314715	3324863	1
10572528	10507263	1
1797418	1796724	1
780553	762205	1
695295	694737	1
8759356	8759355	1
9783635	9783636	1
5874726	5874725	1
10213531	10198068	1
9778455	9778456	1
1283463	1283479	1
2520401	2471009	1
8015970	8018471	1
5451034	5451031	3
9571136	9552389	1
6835989	6836067	1
11425920	11425919	1
4207384	4207383	3
8498843	8498358	1
2872054	2872195	2
5097656	5065701	3
4670822	4685550	1
2686193	2673039	1
8552485	8552486	1
9817190	9817189	2
85553	153004	1
8241224	8271539	3
6895822	6829737	2
6472585	6469904	1
7503554	7488937	5
12291304	12246284	1
4015204	4015201	2
10690497	10690459	1
8747284	8732672	1
10541305	10541308	1
8547915	8547916	1
9785123	9785109	1
12655881	12659987	1
7282144	7282143	1
9130064	9130063	1
1518381	1518382	1
2439786	2439190	1
7330058	7363539	1
2764039	2764040	2
10723668	10723655	1
6068000	5986805	2
10154832	10152892	1
6161647	6161648	1
1747702	1747701	1
10076838	10047417	1
3800598	3742384	2
7809808	7809807	1
8810811	8891974	1
1647224	1647227	1
12652257	12728296	1
350355	345821	1
4311486	4318286	1
3706288	3682179	2
2178602	2157854	1
5470239	5468123	2
3758603	3758604	1
11878213	11878210	1
8383193	8383652	1
3231167	3232646	1
2686262	2686194	2
5562812	5562811	3
10410961	10410967	2
2205672	2205671	2
11854126	11852565	1
1998152	1998151	1
10111377	10111378	1
11440885	11432417	1
1771348	1697720	3
3445238	3445237	1
9971971	9971972	1
6764276	6764272	1
7243508	7241358	1
9244578	9244575	1
8611757	8611695	1
3340425	3340428	2
5154212	5154240	1
10289829	10293384	1
7265932	7265078	1
3715995	3717322	2
3691820	3691819	1
11253236	11252156	3
11908514	11879984	1
3198950	3205988	2
11211615	11211617	2
12192808	12192807	1
7350909	7350910	2
3558604	3552732	1
62450	62447	1
96197	96198	2
8391283	8391236	1
11737426	11739893	1
8830858	8830857	1
5581912	5587170	1
947041	947042	2
923717	924035	2
8722082	8716427	1
7255269	7324007	1
3630421	3630424	1
2425424	2423631	1
3495231	3495232	1
10937328	10937327	1
4033281	4033282	2
12170093	12178202	1
7770603	7770604	3
1801411	1801412	2
8016571	8016572	1
3912120	3868643	1
11927378	11867703	1
5986117	5986118	1
11079761	11079762	1
10574206	10533579	1
3521909	3521835	1
4438276	4471312	2
8272885	8272886	2
6436699	6436700	4
6840187	6885964	1
7561930	7561929	1
8085126	8106994	2
3532038	3526715	2
2876119	2876120	2
1275225	1275160	2
2251681	2241196	1
7241250	7241249	1
4616035	4616036	1
4075568	4075567	2
2805973	2800360	1
3029420	3025483	1
7873626	7873625	1
6205312	6205309	1
10721110	10721089	1
7842021	7794853	1
1781131	1781128	1
4545863	4545864	5
3131571	3131578	1
8370365	8375628	1
1761543	1750360	1
8363607	8363618	1
7041220	7041219	1
9197691	9197692	1
8289124	8199219	1
3123417	3131154	1
4794410	4712185	1
1643439	1643440	1
3122141	3084970	1
7168876	7120858	1
92510	92509	1
6211405	6211406	2
10761499	10727759	1
11421836	11421835	1
12274129	12272438	1
6068006	6068019	1
8662326	8683041	1
11969270	11969232	1
6226105	6226106	2
10104579	10104580	1
7232168	7227176	2
5765015	5765016	1
10113468	10130244	1
8757001	8626862	1
8813461	8813466	1
12544120	12544119	1
8614045	8550258	1
114577	114578	1
12451227	12451228	1
3496586	3496585	2
2838607	2866167	3
7333777	7333778	1
3154860	3154857	1
7323711	7323671	1
7759006	7759005	1
4856800	4853710	1
9978243	9978244	3
1361265	1364946	1
11303484	11302369	1
6122622	6123544	1
5224147	5234012	1
11598976	11514824	2
6108478	6103172	2
4485878	4483680	2
10300997	10301168	1
1919992	1938776	1
3131579	3131580	1
8554217	8540340	1
8541544	8541534	1
1320810	1320789	1
406162	406165	2
170975	170976	2
7150557	7139950	1
4571256	4642526	1
3205575	3205576	1
12365636	12364471	1
3818579	3813554	1
12025200	11958773	1
3040472	3040761	1
11085447	11082785	1
1231007	1186573	2
351198	337485	1
3550231	3614462	1
2006056	2006055	2
12445514	12396184	1
735514	725347	1
3382842	3382841	1
6659036	6568289	1
9606262	9624294	2
12689373	12612120	1
3123803	3123804	1
5752270	5829018	1
10968652	10968651	1
1242330	1242336	1
5385601	5431668	1
8344007	8380915	1
11149486	11154981	1
4631985	4631988	2
6357962	6357961	1
7768195	7768204	1
12718554	12715680	1
1586304	1585682	1
8582436	8610393	1
4168030	4168029	1
11844107	11844108	1
5840086	5891948	2
9580016	9580678	1
7030249	6974305	1
8294657	8294647	1
1744258	1675666	3
12511010	12519918	3
3581239	3581180	1
6020217	6020218	1
8350071	8350072	1
6038249	6041983	1
3550283	3551283	1
12713786	12715685	2
4531074	4514016	2
2049375	2039725	1
7713067	7694295	2
5481513	5549522	1
7971355	7975924	1
8267445	8256869	1
7424446	7421727	1
11531503	11531504	1
4556267	4611801	1
3370834	3369386	1
2473959	2379944	1
2399999	2399993	1
9107679	9107659	1
2355657	2355658	1
8244566	8245595	1
10569527	10569528	2
7228237	7228238	1
11101814	11054117	1
8762971	8839956	2
7276159	7295521	1
1005345	1003673	1
5699510	5714067	1
7960697	7981475	1
2147401	2147402	1
7414113	7409730	1
263291	263162	1
10223922	10274404	1
7649158	7568990	2
4259605	4259606	1
870222	887833	1
12784575	12773267	1
4740431	4719174	1
7966154	7939238	2
12549418	12482787	1
7903967	7903968	2
9230084	9230083	5
9743690	9747758	2
9019754	9019678	1
2933336	2919179	1
692663	638993	1
12274635	12274636	1
7593555	7593556	1
7025706	7025942	1
8806828	8871574	1
10655989	10655990	1
9931864	9931863	1
2855660	2787523	1
9271124	9271182	1
3096993	3087561	1
6244540	6244537	1
4120079	4120036	1
7905762	7905761	1
3984554	3905379	1
2010743	2010744	2
947679	945927	1
12052331	12052201	1
12306829	12290339	1
4426602	4426601	1
2905992	2849155	1
7667593	7562557	1
7893444	7893487	2
9898538	9829479	1
10143966	10138824	1
5257818	5257963	1
1043355	1149105	1
10424839	10494210	3
8191472	8191471	1
5862232	5862231	1
12035942	12031160	1
3662877	3663108	1
1327613	1327614	1
5718753	5718754	2
3519777	3519778	2
2562784	2562782	2
7562966	7559139	1
8239586	8239583	1
4111851	4078051	1
1595500	1650636	1
4044222	4044217	1
4468583	4385017	2
5983358	6037566	3
747878	703260	1
10025375	10025378	3
11390434	11383754	1
7368609	7372014	1
4762045	4787535	2
5865866	5776130	1
765582	751919	1
1645726	1645721	1
6110844	6087973	1
8530243	8556278	2
10701349	10651220	2
7992081	8007471	2
8270086	8226879	1
1272348	1276416	2
1923853	1923846	1
10160460	10158823	1
7071635	7071636	3
634080	634041	1
2544842	2544835	1
7219357	7219358	1
5548026	5498513	1
6518405	6518406	1
5744276	5752346	1
2871104	2954111	1
3614978	3614977	2
3752689	3745576	1
10701345	10701348	1
3362594	3362593	1
3456668	3456676	1
10188045	10244134	1
12614218	12627458	1
11492150	11555948	1
4586975	4564051	2
9009323	9013705	1
5866562	5857506	1
873789	873363	1
4810003	4816107	1
2013332	2013331	1
8431962	8354933	1
8802857	9664750	1
2512024	2512023	1
12382253	12382483	1
8324324	8324323	1
10234849	10234854	1
7964111	8025940	1
694411	737034	1
2974737	2974738	1
7147271	7147272	16
1705119	1705120	2
8892276	8892275	1
2368089	2368092	1
11081239	11141807	1
1978783	1978786	1
3206897	3206898	1
2999639	2966619	1
4666501	4652891	2
11217342	11212336	1
7169227	7177007	3
8424260	9299525	1
10156292	10156291	1
10903019	10910344	1
6150648	6150645	1
9080985	9084046	1
6814012	6813986	1
5666393	5666394	1
9599186	9604892	1
8304183	2768231	1
5194806	5190184	1
12607953	12607954	1
11668184	11668183	4
4103998	4101843	1
289596	287586	1
3036722	3036721	2
5937535	5891605	1
10705694	10689925	1
9709656	9770620	3
10207038	10226183	1
9678920	9617558	1
10421723	10411838	1
6320598	6334610	1
1649014	1674742	1
1921118	1921115	2
11992109	12042904	1
12783910	12783909	1
12533025	12600517	1
1305675	1163196	1
7254044	7254049	2
8762332	8762114	1
1201522	1201519	1
12346196	12346199	1
6101158	6101157	1
892643	892024	1
2294699	2294700	1
1210643	1196430	1
4043695	4053702	2
1645722	1645721	1
9052821	9035288	1
6018667	6027172	1
1942270	1873333	1
10685448	10685441	1
10224029	10276735	2
5799982	5805114	1
18504	30407	2
4368825	4304962	1
3729733	3729734	3
8897094	8897093	1
11285719	11333988	2
8422601	8422602	2
10376077	10376078	2
9969348	9969347	2
6085660	6104199	1
10416586	10417230	1
8730035	8731161	1
5433753	5415759	2
3663796	3672969	1
1625220	1625204	1
477742	576418	1
7855715	7855716	1
3713859	3714163	1
11817472	11799297	1
10630470	10630469	1
10497552	10497551	2
8070303	8070306	1
1354075	1354076	1
3563204	3563203	2
6165246	6165245	1
7828742	7765228	1
1186310	1186309	1
2349242	2349241	1
4227208	4227207	1
44668	129799	1
11801318	11803118	1
3771361	3771362	3
11185645	11185652	1
2694439	2694440	1
6043172	6030691	2
8721070	8765886	1
6992094	6992093	1
6352121	6352122	1
6923072	6892700	3
1592527	1559530	1
7932193	7932196	1
2972033	2972034	1
12774401	12774305	1
7164094	7141146	1
1362880	1377930	1
11703410	11705337	1
7499509	7499510	4
2306570	2306573	1
2032506	2018053	1
6002636	6009298	1
10328772	10328771	1
10673441	10673442	2
4355038	4355037	1
8408410	8404176	2
1440855	1415685	1
2199820	2199875	1
1827272	1825324	2
1092188	1092891	1
9138713	9138714	1
3251131	3251181	1
12196664	12249427	1
12157493	12187842	1
7616646	7616645	2
10245917	10245918	2
9640716	9634897	2
7583439	7583440	1
1758915	1747231	1
3615755	3672011	2
9788003	9704745	1
5974643	6029327	1
2971634	2991628	1
7248319	7232530	1
5742546	5743434	2
7222751	7233982	1
2012105	2076225	1
7583441	7605331	1
7432627	7428558	1
2596489	2596490	1
7697073	7693189	1
6389747	6361419	1
8522594	8522593	1
2558171	2558172	1
9660323	9660324	3
1474477	1474478	1
7911620	7911617	1
9783207	9792084	1
386378	386366	1
7331638	7331637	2
2615611	2595770	1
3542185	3499271	2
2562400	2562399	1
5584694	5584712	1
7096540	7096539	3
7034079	7034080	1
3047716	3047713	1
1527141	1527142	1
9470608	9470607	1
7837075	7847537	1
11185664	11182599	1
11041323	11041326	1
12392841	12337470	4
4291041	4293311	1
1237560	1220106	1
3509844	3526305	1
7228239	7228240	1
11921257	11921297	1
5363784	5359268	1
6362728	6364847	1
11841256	11713342	1
1142306	1135895	1
10447316	10447315	1
135759	135760	1
3548398	3548397	1
2886110	2886109	1
3911469	3911491	2
11183641	11193244	1
8350082	8350081	1
10120887	10120869	1
11593397	11593398	1
995550	995226	1
9954952	9954951	1
5604376	5604375	1
3803504	3803503	2
1920050	1951592	1
2745370	2745367	1
1597398	1597397	1
1323515	1309547	1
6761868	6761867	1
8350796	8351078	1
6931274	6927228	1
12811132	12814400	2
568122	567877	1
2107920	2107894	1
9308341	9331046	1
1776287	1770617	1
2170039	2103897	2
7416615	7350662	1
3309906	3319111	1
7975864	7975881	1
9082251	9082252	1
7113288	7113287	1
2383947	2383948	1
11709026	11698125	2
9128822	9129093	1
9128755	9128756	1
10023160	10026668	5
11185435	11186376	3
5273066	5293572	2
1531625	1531628	4
4079581	4079582	1
3825656	3830166	1
5847406	5927625	1
2322837	2322838	2
11901062	11901053	1
4424485	4424486	2
12348458	12348457	1
4345753	4345758	1
3300776	3298201	1
1594431	1595135	1
8926700	8923668	2
3153905	3139179	1
8699866	8766755	1
8257885	8257886	1
3206764	3087400	1
5714796	5814910	3
1406789	1406790	1
7097629	7052215	3
1512994	1512993	1
2666497	2673333	1
97423	97424	1
3855551	3863003	1
8500173	8500174	1
5355256	5348855	1
1410378	1410377	1
9178619	9127888	1
7709392	7653825	1
6107529	6107532	1
1398071	1398072	1
12351241	12287715	1
11320191	11298777	1
8183347	8183348	1
1069721	1069722	1
7016753	7016745	1
9699703	9711895	2
186228	186781	1
8994902	8994910	1
4418788	4392408	2
11375575	11375578	3
1299262	1284404	2
7291996	7247241	1
11735310	11719204	1
3103742	3103741	2
4286661	4340490	1
1654070	1654065	1
2801012	2801011	1
2889292	2889291	1
7069722	7069443	2
1461772	1372511	3
1588437	8602641	1
5956042	5956041	2
9004306	9004303	1
6715223	6615451	1
1515639	1522193	1
790888	788815	3
529105	533251	1
8018194	8018184	1
12423784	12423783	1
93587	43700	1
7400224	7400227	1
7246325	7244819	3
9024308	9024307	1
6181231	6181232	1
5424974	5424973	1
12014739	12014740	1
6027897	6027898	1
9480137	9480138	1
9386547	9396252	2
11281693	11281694	1
5878142	5878127	1
4364671	4364684	2
8000864	8000863	3
3713989	3713996	3
1699341	1699342	2
996700	996699	2
7128318	7215637	1
168093	172230	2
9162705	9098127	1
7036308	7028526	3
4703945	4703946	1
2910279	2910245	1
11892839	11892840	1
2576321	2576358	1
6075924	6082762	1
521092	540153	1
3374673	3375066	1
12765190	12735259	2
6849665	6835896	1
1748189	1748192	2
2382768	2384504	1
3584288	3584813	1
8262078	8262077	1
1417335	1417336	3
11192011	11192012	2
7253162	7253161	3
3209215	3246074	1
8778715	8791492	1
7388274	7388273	1
11489413	11546837	2
4337949	4337969	1
4745933	4745954	1
3475151	3475156	1
6095774	6095773	2
2665653	2665654	2
8786831	8786834	2
8227881	8226163	1
5824355	5824349	1
12721487	12764523	1
3612749	3612750	2
12489275	12484122	2
10987369	10971695	1
8734190	8734254	1
9536672	9522913	3
2251864	2280204	1
1590427	1578006	3
302986	241174	1
8778502	8778501	1
1074443	1074444	3
7844219	7844220	1
2696675	2696634	2
9762446	9704028	1
604278	604277	1
2415273	2523622	1
3942747	4005045	1
6076125	6018502	1
1018207	1018208	1
6134382	6134381	1
8641196	8641195	1
2467083	2447834	1
11055383	11055384	1
6084816	6018538	1
4122845	4122833	1
12620935	12618837	2
1382943	1382944	2
649331	649332	1
12199114	12199109	1
10296815	10287948	1
8224937	8224938	2
6483107	6482043	1
1889260	1914887	1
5156446	5156443	1
7233878	7213740	1
2498438	2498437	1
12781740	12784960	2
10168576	10117074	2
10320990	10323233	1
2186268	2186267	1
11703410	11703409	1
9011836	9011342	1
9550022	9596572	2
6446631	6446632	2
5891680	5979088	1
10649582	10650169	1
7913641	7913644	3
11753054	11753053	2
10758302	10758268	1
2749313	2749314	2
1823982	1823981	1
9357351	9357352	1
12147187	12147190	3
3640204	3650835	1
11613434	11613433	1
8764348	8741518	1
2347451	2347452	1
4518052	4574473	1
12292648	12292647	1
8535965	8535966	1
6626913	6628296	1
9538889	9538863	1
6068269	6068270	3
4503817	4503818	1
1668497	1642574	1
6404083	6404084	1
2851552	2851551	1
3119650	3119649	1
351950	351949	1
11106857	11180495	2
1336381	1321582	1
3308636	3308635	1
12253790	12291280	1
10145562	10146649	3
8255904	8241817	1
12181938	12181923	1
11652098	11652117	1
8002008	8002007	1
5967739	5962552	3
9519349	9453637	1
9167954	9167949	1
7414966	7430270	1
5966503	5966494	1
2931787	2862969	2
12631905	12631906	4
4497753	4497727	2
12613604	12613603	2
9109868	9126224	3
8022274	8000386	1
8569398	8486131	1
6171107	6109169	1
2809532	2809531	1
9045471	9028280	2
7759573	7759562	1
3491429	5728182	1
10526103	10526071	1
11619235	11620971	1
6381580	6381222	1
9625410	9625409	1
387963	421649	1
4015202	4015201	2
3672870	3672869	2
11127281	11127311	1
7371502	7361095	1
3021998	2995733	1
3298023	3298024	1
7757543	7757544	1
4629775	4628420	1
12300904	12300903	2
1776915	1777029	1
3569559	3569560	1
12543691	12577885	1
3139069	3139070	1
10584793	10539713	1
9901644	9920248	2
3563924	3563923	1
10258296	10289303	2
1750041	1757143	1
1530099	1530556	1
12563825	12563819	1
3532718	3589338	1
2702979	2647703	4
8724668	8724667	1
12423205	12296048	2
1771567	1772015	1
291714	356660	1
778804	778779	1
6421642	6421653	1
3299391	3294553	1
1566012	1566011	1
9655833	9580499	1
9022855	8966884	1
4056133	4081039	2
5676828	5668789	1
5163604	5117629	2
4014566	4014565	1
1515895	1515896	1
7946345	7953358	1
12266343	12266331	2
6916167	6907453	1
12796843	12796844	2
1631302	1614058	1
9463472	9463471	1
11742411	11748362	1
5662562	5661019	1
8967297	8968618	2
10971754	10992824	2
536589	486914	1
2212938	2218077	1
3292125	3292126	1
9539325	9540957	1
11624864	11638447	2
342417	347825	1
568099	568102	1
8958112	8966908	1
1311443	1294435	1
3705203	3769905	1
9582383	9584696	5
3889301	3889302	1
504151	504152	1
11874420	11874419	2
7644228	7644227	1
4716190	4716187	1
4470741	4494256	1
3491429	5728180	1
7381086	7381085	2
2354450	2354502	2
9870333	9870334	2
7875790	7875789	1
2222856	2197662	1
7873624	7873623	1
7051237	7055254	1
4428199	4428219	1
2738086	2738517	1
3584445	3584446	1
1203412	1203411	1
5435295	5435115	1
9177582	9189539	2
328970	328969	1
4090621	4090622	1
5753767	5753768	2
3300148	3261994	1
4238504	4176585	1
4424868	4424867	1
4385820	4385936	1
11140389	11140390	1
800813	807616	2
6020057	6020058	2
7432621	7432624	1
1782431	1778153	1
7858328	7876281	1
5527961	5554946	2
642826	599023	1
1564158	1624010	1
3729541	3729542	2
1595502	1595501	1
9709349	9668779	1
11013847	11013848	1
4221136	4217935	1
3537006	3537005	2
8901814	8901813	2
3763840	3788331	1
7846596	7880687	1
2864111	2864112	1
8534972	8534971	1
611175	556207	1
5763407	5757673	1
5253050	5253049	2
3619199	3619200	2
5269050	5165333	1
9084036	9083882	2
10113512	10138835	1
10954751	10943740	1
8427729	2918525	1
6132789	6128357	1
1756092	1761460	1
5814068	5811556	1
6017476	6017473	2
4136862	4136861	1
11933104	11933103	1
10584455	10591548	1
7656976	7656973	1
3388359	3388360	1
8795897	8795898	1
7761957	7761958	1
12767990	12767989	3
3610247	3610293	2
734049	808694	1
8757547	8757446	1
3232377	3229743	1
836105	836106	1
7878354	7879307	2
7941494	7976133	1
10414046	10409637	2
1791526	1792864	1
9570969	9509577	1
3706385	3706386	1
11695670	11708896	1
6610574	6605382	1
9018996	8981398	1
4641008	4641007	1
8277426	8277425	1
5967242	5837702	1
3521909	3521837	2
11961686	11982380	1
3375067	3374662	1
8454233	8518503	2
7304865	7330518	1
3646449	3696621	1
256997	334806	1
12755287	12742374	1
5419837	5419838	1
5788323	5788324	2
179305	179465	2
6811897	6812240	1
6088224	6066371	1
3544060	3544059	2
4421628	4421625	1
1262164	1262163	1
4842776	4842775	1
8532578	8532581	1
844564	843291	3
1345356	1450400	1
8493888	8497328	1
2762446	2762445	1
12640924	12640271	1
6112818	6112817	1
6013826	6013825	1
8239234	8231853	1
4670498	4670497	1
11999260	11964950	2
12035269	12123940	1
8173558	8090303	2
3484295	3473568	1
8300966	8282285	3
10321439	10318849	1
1036199	1036200	3
1872427	1872428	2
8352404	8352376	1
9139699	9113309	1
3683098	3683097	1
4253346	4253371	1
4175956	4175955	3
10473947	10473948	3
8516672	8516840	3
9023149	9023150	3
8349892	8349955	1
4120077	4120078	1
926316	926334	2
7563571	7563572	1
8544943	8544944	1
7319429	7309467	1
8551484	8551466	2
11082307	11082322	3
2848396	2875317	1
8015746	8015745	1
5966327	5906411	1
5217345	5282788	1
3754403	3754404	1
12790781	12790775	1
1156114	1156113	2
2463428	2529295	1
1587909	1587910	1
2440251	2474113	1
3519868	3519778	1
1784023	1784046	2
4043154	4043159	3
600576	498072	1
4015202	4015199	1
11386043	11393664	1
5198135	5203585	2
10523795	10523796	2
11375429	11377249	1
11537272	11495968	1
10146534	10146533	1
7278469	7278396	1
2892642	2892641	2
4065375	4065376	1
6104278	6132260	2
1573697	1573698	2
7354244	7354243	1
7866418	7892824	1
7516464	7516463	1
10079122	10152105	1
8967295	8967296	3
1675667	1675668	3
9094848	9040507	1
10285474	10283670	1
1703698	1703697	1
6787977	6786964	1
927794	932319	1
3683101	3683102	2
10065542	10065541	2
1696224	1696223	1
260842	260837	3
8149429	8049746	1
7794945	7810248	1
11573691	11582535	1
5783828	5814184	1
11526187	11526181	1
3780399	3780400	1
2850945	2850946	1
10087583	10083700	1
2427884	2427883	1
9634056	9648408	1
12376891	12376892	1
9642917	9642288	1
795051	795052	2
9560916	9560188	2
9052630	9052629	1
9595203	9708372	1
3114855	3152448	1
11654589	11645567	1
9565957	9552187	1
1103150	1163438	1
9113330	9113329	2
10275896	10270777	1
10439571	10439572	1
5823794	5823793	2
8002745	8002746	2
9031908	9031819	1
9918941	9918942	4
8502448	8472522	3
11652947	11652936	2
7357015	7357016	3
12688771	12688772	1
10187670	10249219	1
7654307	7643371	1
6096771	6096774	1
4056256	4057755	1
3157443	3157610	2
6989070	6989041	1
10074280	10074279	1
9544357	9556194	1
4519092	4521039	2
3374160	3384824	1
169430	169427	1
7105363	7177898	5
12309994	12309954	1
7813408	7813387	1
3213358	3269943	1
6054247	6054248	1
7448287	7448288	2
6215464	6215537	1
4324584	4278777	2
2611752	2616551	1
8202689	8151754	1
8021971	8021411	3
7811845	7811846	1
3211938	3211937	2
5193402	5205177	1
2460782	2383835	2
164143	164144	1
8789585	8790895	1
2393036	2348285	1
3236147	3236148	1
10448523	10448555	1
11345772	11337605	1
813074	802555	1
2006054	2013039	4
4189631	4189625	1
8835934	8868671	1
5892861	5891955	1
1263656	1263655	1
7868944	7868943	1
4418153	4418154	1
3651556	3651630	1
8948270	8946038	1
9632450	9641054	2
7511262	7511259	1
4796636	4814805	1
7828746	7828745	2
6194827	6198431	3
9667424	9667749	1
12693718	12693688	2
3199187	3200798	3
10089296	10088000	1
4309425	4313752	2
474507	457510	1
7127046	7128362	1
9746305	9744784	1
5810107	5810133	3
2635540	2635539	1
9107501	9054032	1
7396832	7396831	1
1100892	1077553	2
4691885	4678933	1
11400447	11417565	1
3456677	3456680	1
269570	269569	1
9590363	9590364	1
6193431	6184808	1
7045411	7052411	3
9308481	9308482	1
7216440	7216439	1
10943739	10943740	2
3704076	3704073	1
7176238	7166223	2
8964803	3952949	1
10802965	10802966	1
4485642	4485641	1
3376588	3370531	1
6987591	6942413	1
3874309	3874158	2
2976343	2976592	1
10181021	10181197	1
8831549	8830694	2
8446615	8446631	1
746441	817163	2
3642418	3647741	1
8446611	8452886	1
5996857	5996860	1
6685265	6622524	1
980048	977796	1
9826283	9826284	2
1923387	1921789	1
4036064	4112927	1
3575283	3575286	1
3247157	3247158	1
11098894	11091981	1
8633926	8633925	1
7835276	7833856	1
7343136	7343133	1
6945679	6990719	1
12627028	12627041	3
8198038	8190433	1
3741431	3714921	1
2186663	2186538	2
11639261	11639262	1
1372907	1372908	1
4337203	4337206	1
5887860	5947262	1
9302877	9230085	4
2626582	2698253	1
7176294	7176291	1
10440720	10440650	1
5804053	5802198	2
12613157	12612068	1
2426110	2426109	1
1226482	1226472	1
12174911	12210731	1
3496588	3496587	1
11299094	11299093	2
12441642	12430051	1
8844751	8844752	2
12012752	12012741	1
11255494	11255493	4
2109258	2063310	1
4054303	4052554	1
12370506	12396011	2
10355927	10355934	1
2509751	2546788	1
9241738	9241735	1
3311881	3312064	1
7487792	7487789	2
4229331	4229334	1
3768600	3768010	1
2871106	2954111	1
8423262	8532325	1
11298165	11256223	1
2733344	2733389	1
7126313	7135339	1
1773789	1775147	1
9879575	9879576	1
439805	439808	2
5861135	5861638	1
4611122	4588166	1
8901869	8901870	1
9683792	9683328	1
9929138	9928399	1
9597748	9572257	1
5182740	5187984	1
9771688	9771670	1
7678537	7678775	1
11218589	11218590	1
7692444	7692443	1
6787356	6787355	1
739345	744030	1
2533942	2517730	1
5975010	5975009	1
10468589	10402358	2
9962730	9962729	4
9066968	9066967	1
6094511	6111810	1
3679477	3679113	2
10702192	10701110	1
3611809	3612748	3
11104634	11091770	1
8467232	8467199	1
3457443	3457296	2
4236947	4253489	1
7652697	7698526	1
9086973	9086974	1
1178962	1178961	3
11497416	11516042	1
6972745	6996527	1
4103614	4099177	1
4024452	4004785	3
11018268	10988605	1
5913327	5913679	1
5139048	5139047	1
2811144	2811139	1
9749903	9749904	2
12621141	12621142	1
10368515	10368512	1
2935472	2935471	1
10226512	10154011	1
8575667	8590152	1
7847319	7847320	2
3319068	3319023	1
6535030	6617861	2
1205292	1205291	2
11464992	11465092	1
2987422	3031928	1
7901696	7901655	2
1608294	1608271	2
4669648	4694403	1
2946057	2946058	1
1783512	1785186	2
5049296	5049295	1
775406	776560	1
4788192	4763809	1
4133918	4194857	1
720719	720720	1
12446703	12461468	1
8834859	8819888	1
1078949	1078950	1
11183790	11183789	2
2376430	2374984	1
9670023	9665627	2
6165251	6165252	1
9633338	9634426	1
5990561	5954521	1
10931426	10928007	1
6370150	6370149	2
61988	61987	1
4428951	4348526	1
10378065	10490370	1
4050239	4050240	1
7376037	7376038	1
1671833	1671834	1
8353490	8353489	1
12145157	12145158	2
11706729	11719011	2
8158811	8158812	2
1666500	1634950	1
9591435	9576138	1
11062186	11061452	1
8807160	8738402	1
9493194	9492311	1
1376873	1376889	1
5959606	5961497	1
11834673	11754173	2
6266847	6266850	1
11940754	11854588	2
11610988	11610987	1
1611764	1610068	1
2397077	2397080	1
1098672	1098669	1
11467857	11467858	1
8471180	8484301	3
2330169	2330170	2
8801629	8815720	1
1316107	1264963	3
2829393	2829406	2
5861941	5861946	1
1342514	1342511	1
4076511	4076514	1
1626338	1627585	1
1681390	1691630	1
8656743	8708468	1
2149355	2178191	2
529948	446629	1
1422267	1422251	2
3867315	3867318	1
5886936	5874056	2
11081804	11081851	1
3458719	3464311	1
7339349	7311551	1
10942278	10949244	2
11605632	11605631	1
8837691	8872716	1
6991847	6975204	2
7218975	7219008	1
12004568	12009120	2
8723298	8733055	2
8351320	8315196	1
6182382	6118747	2
10671204	10671203	1
5359273	5368647	3
96764	71415	1
11072008	11008554	1
6654920	6654919	1
11183511	11167340	1
7034454	7032524	1
8561052	8561051	1
1494839	1617123	1
6865871	6870971	1
8478426	8409680	1
12256137	12275590	3
4634454	4634453	1
3998679	3998680	1
8281545	8281546	2
6411482	6634286	1
8981577	8981590	1
12788264	12766564	2
8567320	8569527	1
2845046	3575651	1
12568056	12568241	1
7660605	7651747	1
8430139	8430254	1
8107093	8107094	1
4419840	4420283	1
6950428	6949245	1
6142226	6142223	1
4406451	4406078	1
4824804	4824726	1
5581688	5581693	1
1573696	1573695	2
3734136	3726089	1
3350515	3350522	1
5160666	5159977	1
10692284	10685212	1
9182379	9182380	1
1640506	1628617	1
9475641	9520540	1
8250572	8279374	2
4346551	4287054	1
1364220	1364219	1
2898559	2898628	1
10664043	10664044	1
3783176	3779739	1
598340	598596	1
9164620	9164455	1
4716612	4714689	1
5957760	5954770	1
3190893	3190894	1
4259187	4259421	1
245648	293873	1
303465	303466	1
3617845	3619198	1
7363583	7363585	2
9753498	9753497	1
10063570	10063569	1
12030431	12003769	1
1399626	1399623	3
426871	426872	1
8966479	9041579	1
2522630	2604478	2
5578866	5578863	1
9101981	9096993	1
3245899	3246294	1
9243763	9243764	3
7842555	7832917	1
10365695	10365696	1
2600124	2604054	2
11061862	11061861	1
5739677	5739678	1
1088543	1088544	4
2438640	2430655	1
8720440	8732647	1
6143705	6143385	1
5135456	5135459	1
12184266	12167855	1
3534517	3615755	1
3117316	3112828	1
8550475	8550476	1
7738399	7738400	1
10003685	9999146	1
2489391	2489392	1
2010546	2078613	1
6167583	6177257	2
671433	671437	1
12251402	12251401	1
4836674	4836673	2
5576490	5576489	1
12809327	12801378	3
8571630	8571629	1
2528699	2529062	2
8615243	8615244	3
11662055	11675982	1
3953749	3957125	1
8560549	8560858	1
1264219	1295242	2
8560781	8560782	1
1177289	1177307	1
4267635	4206744	1
7939959	7998551	1
10389384	10389383	1
4332050	4341069	1
4444538	4454448	1
6787354	6708415	1
2557501	2557502	2
12453549	12453713	1
9677645	9677646	1
1415832	1415337	1
1671021	1671022	1
8890655	8890658	1
9273097	9273102	1
10236209	10197636	1
6237972	6255401	2
2288157	2248772	2
4074476	4074473	1
7324243	7376661	1
4737745	4735579	1
4630804	4637153	1
5701479	5695426	1
3519868	3519776	1
7949982	7949985	1
7339645	7407625	1
5813334	5751848	1
11174786	11163263	1
11071266	11143466	1
2874309	2874310	1
9776297	9774888	1
2888741	2964202	3
6138496	6140720	2
5724701	5724727	1
1556546	1615643	1
3598139	3598140	1
6091639	6063578	1
12730094	12728675	1
1613810	1613809	3
11062023	11053207	1
4375588	4369075	1
10489125	10489126	1
8316262	8342787	1
2015767	2015768	2
11108538	11145567	2
1966425	1952744	1
5770541	5770544	1
5780776	5780771	1
10300850	10300847	1
6360986	6351996	1
9694633	9695070	1
11175664	11158939	1
7756285	7845954	2
12612992	12612989	1
10077196	10077195	1
3917771	3917774	1
758881	758882	1
8813465	8813466	2
594977	556933	1
3696369	3697100	1
1458402	1458026	1
8208898	8270980	1
6118597	6118598	1
6926222	6926221	2
1296852	1272321	1
6905483	6897051	2
1575575	1585482	1
5255676	5255675	1
8447201	8447193	1
1135175	1135176	1
4318661	4318662	1
2773822	2774050	1
952150	951907	1
10718298	10715843	1
9175532	9178132	1
6056468	6056467	1
6785117	6704927	1
10704256	10702532	1
3801943	3771979	1
2899701	2899702	1
10136344	10149612	2
1359943	1359944	2
4071307	4072925	1
7166163	7166218	2
10547648	10536075	1
1139000	1138700	1
6709484	6709483	2
3371100	3392066	1
575288	553871	1
6142526	6164736	1
5495589	5493285	1
3235509	3235510	1
2665653	2665656	1
8857984	8870817	2
1201917	1189955	1
4275317	4261688	1
8605323	8605315	1
2560802	2560801	1
1438759	1482560	1
9743402	9743399	1
3456668	3456680	1
11620640	11631783	2
989858	980981	1
12163855	12180503	1
10078093	10106123	1
3710435	3710758	1
10981033	11034410	1
1631106	1631105	1
8869033	8869034	1
10773852	10773832	1
6034331	6034280	2
12487478	12487475	1
10152647	10153448	1
2147399	2147400	1
8745745	8746984	1
11614843	11615045	1
5847495	5847496	2
12680601	12784753	1
12187370	12187369	1
1212732	1134163	1
9656899	9656900	1
6127940	6203275	1
6150836	6150835	2
10317129	10334805	1
2677739	2753586	1
6675789	6675790	1
433761	419676	1
8599615	8604465	1
1279151	1279152	1
3773313	3773314	1
8019725	8019494	1
6918607	6918608	1
7128391	7128392	4
11400764	11400732	1
12238395	12238398	1
8971921	8971922	2
3637176	3633712	1
12030182	12030181	1
5714066	5714065	2
425946	425945	2
5071802	5195683	1
4661550	4666739	1
5185473	5185476	3
2943224	2935402	3
8963251	8963252	2
10316916	10316915	2
3048940	3048939	1
11990212	11990211	4
10624592	10649022	2
1739013	1739016	1
8190432	8190431	1
11183357	11183255	1
11164266	11208249	1
2564653	2564590	1
2682652	2659820	2
3379825	3379264	1
442561	442562	1
5666460	5663998	1
1279181	1279129	2
7823980	7823452	1
794124	794121	1
6498677	6509006	1
11183252	11183356	1
160237	169363	1
6032056	6032055	1
4575289	4547706	2
10977006	10970939	1
823328	783618	2
1468721	1468722	1
6759970	6759977	2
4995182	5004696	1
589525	592904	2
4560548	4559708	2
3453598	3517707	1
10439569	10439570	1
8742362	8742361	2
6104270	6104269	1
8043644	8043643	2
12684977	12684978	1
7789442	7789435	1
7107837	7107838	4
4334845	4334846	1
7097100	7097102	1
1644470	1655567	1
8742360	8747578	1
697882	697869	1
11920488	11920487	1
7980015	7993625	1
10184069	10188040	1
544358	490353	1
10545741	10537178	1
10382092	10367059	1
5307979	5378658	1
4337659	4398062	2
5739792	5739791	1
584420	584416	2
374416	310941	1
6971229	6970092	2
10479463	10473181	2
66403	66404	1
7687101	7633891	1
1479877	1480490	1
9157633	9157636	1
7014027	7093073	1
6492405	6492406	2
1161725	1086881	1
7217050	7217049	2
10127401	10127402	3
6719753	6768595	2
1716209	1716258	1
9183316	9189574	1
3922382	3922381	1
8022456	8022455	1
4119216	4119225	1
10546184	10546105	1
2229959	2159896	1
8904077	8904101	1
11094405	11094966	1
6161399	6124704	1
7529472	7529471	1
8709135	8727364	1
10820183	10820184	1
7814123	7814124	1
4073852	4086354	2
4475096	4461799	1
1135916	1153938	1
5810383	5810384	1
459570	459569	2
8306441	8306442	1
9127096	9091243	1
11232215	11242873	1
5193952	5193951	3
7541745	7541687	1
4528148	4514334	1
6102567	6093146	1
2833393	2833389	2
1205731	1205732	1
3021999	3022000	1
10845065	10828661	1
2840077	2840078	1
7299408	7378060	3
9269389	9269390	2
11007206	11031187	1
5955213	5955304	1
6139484	6207226	2
9546195	9617765	1
1301776	1349228	1
4936589	4936590	1
10542191	10542199	1
2729254	2729251	1
7651572	7593684	1
6782872	6764203	3
3247438	3275293	1
7974477	8018128	1
1732395	1732396	1
4469057	4469069	1
5106669	5106670	2
9171877	9171880	1
9430090	9430089	1
9184077	9184078	1
8963989	8963990	1
10016975	9905992	2
7189749	7167108	2
5956038	5956035	2
4998901	5010830	2
12398624	12489807	4
6480871	6413410	1
6894377	6894378	2
6005366	6005365	1
8793666	8786718	1
10126800	10126799	1
10251833	10252096	1
10121244	10121243	2
636361	622890	1
2552248	2543432	1
11956306	11956305	1
5361540	5361539	1
12632081	12666620	1
1567914	1568673	1
2392386	2426476	1
5432627	5432628	1
10409651	10432678	2
3415885	3425239	1
12684979	12636673	1
1499983	1499984	1
3100346	3100345	2
7715565	7692988	3
6054133	6054136	3
11151714	11151713	2
698675	698676	2
5090112	5087898	1
10069176	10071120	1
1973260	1973259	1
11501763	11494353	2
10596755	10606907	2
12690782	12689018	1
8604851	8604852	2
1285430	1251173	4
3513374	3513807	1
11366393	11393157	1
8158933	8161232	1
11601954	11601652	1
1159363	1159364	1
4808822	4800179	1
8522388	8527975	3
2743026	2743025	1
5187943	5187835	2
7750375	7750376	1
7884498	7884483	3
7644541	7644542	1
7411893	7411894	1
8026868	8026915	1
6307517	6307518	1
6996367	7027124	1
6632747	6666974	2
5103497	5103498	1
10363157	10387892	2
6624202	6624201	2
692648	692689	1
3801943	3771981	1
5418688	5418687	2
10614103	10613479	2
1422144	1364334	1
5542305	5542308	1
3629305	3570847	1
8484389	8484370	1
1238498	1285868	2
9385095	9385098	2
2754011	2753672	3
12671047	12671048	1
5419833	5818427	1
5943957	5952876	1
4044216	4044223	1
6388715	6388716	1
1400539	1385015	1
10553222	10553082	1
8738186	8738185	2
9748687	9748688	1
12027954	12028135	1
2014597	2074454	2
5627317	5627740	1
2483225	2481565	1
1219014	8676454	1
293420	248299	1
3697753	3683110	1
11407438	11394444	2
7795393	7795394	1
4280305	4320551	1
3689903	3689962	1
10566813	10573392	1
4607633	4623972	1
8705388	8709985	1
10246013	10246014	1
1516567	1516462	1
4247101	4247093	2
4715158	4715151	1
8892915	8892916	1
10234591	10231198	1
9191036	9191033	2
3739060	3744821	2
6003279	6003223	1
1596932	1596957	2
236172	236171	1
7478169	7478172	1
10181320	10181317	1
3295915	3295916	2
7886295	7893691	1
10668634	10668522	2
6127288	6050455	1
2422767	2422499	1
5124937	5123837	1
8881605	8881597	1
7247684	7362057	1
5692883	5692884	1
7866025	7866028	1
426570	426506	1
6019416	6019413	1
2778463	5201697	1
9309500	9337616	1
4121802	4119875	2
11307337	11307338	1
8887092	8883104	1
5531137	5531140	2
10217148	10217147	1
7619566	7707051	2
11610580	11632767	1
9628707	9560267	1
9138364	9125204	2
3040669	3040670	1
3532688	3633067	1
2901244	2901243	4
2889294	2889293	1
7362029	7362030	1
10687670	10687673	1
1438486	1438483	1
10962987	11076429	1
4549725	4549726	2
10287544	10287543	2
2328715	2328716	1
1471739	1471700	1
11089501	11089502	1
7902667	7902668	1
10507965	10486137	1
110092	104978	1
3881514	3881519	1
12266298	12271012	1
8778506	8778503	1
1107460	1072124	1
5570347	5585535	1
8402738	8402737	1
1165423	1194626	1
12156690	12156700	2
11639317	11639434	1
9521364	9521363	1
3643574	3635099	1
6099249	6023094	1
1729050	1745340	1
10085268	10085267	1
5915755	5969654	2
7396051	7396043	2
6534612	6534635	1
5102582	5231076	2
9035970	9000234	2
3954281	3946673	1
5982891	5991151	1
12412828	12412827	1
11061323	11063957	1
11411803	11411804	2
1234415	1234416	1
6019579	5940578	1
3609107	3609108	1
7362825	7362826	1
10668481	10668482	1
5313309	5291602	1
7824656	7817530	1
9319247	9344156	1
9761724	9761723	1
2644921	2635539	1
5740979	5763819	1
9042265	8926703	1
8672583	8889746	1
3103637	3137429	1
7758655	7758658	1
11809046	11785925	2
1201518	1203026	1
3753313	3753152	1
1781741	1781742	1
2436750	2449371	2
1576357	1576358	4
3957618	4002789	1
7213292	7162515	3
7547099	7547100	1
3932634	3932604	1
1610141	1610142	2
9173814	9173811	1
8604829	8604850	3
4657020	4657019	2
9449089	9339040	2
8844797	8844750	3
6186635	6199412	1
6905929	6905930	1
5987720	5987719	2
6028712	6082213	1
9578701	9600040	1
12370514	12305354	1
11881224	11879693	1
5753769	5753770	1
1749769	1755986	1
4341705	4336881	1
1496491	1493051	1
4641015	4641016	1
6212683	6212684	1
3052790	3052803	1
3975224	3975227	1
10507555	10507556	1
10628489	10628490	2
7744284	7744283	2
9755165	9741876	2
4941919	4941920	1
10198090	10192497	9
10521229	10520492	1
11171493	11176923	1
11033694	11045422	1
10016445	10016446	2
1355881	1259862	1
5877079	5877080	1
2376483	2369042	1
2441699	2433225	1
8696566	8696565	1
8961768	8964423	1
3698111	3698112	1
11212004	11211963	1
5299102	5299101	1
9028129	9028130	2
11085703	11088890	1
2397081	2335825	1
12124635	12136333	1
10275666	10275663	1
9714240	9763912	3
9035362	9037250	1
4688556	4707203	1
12192806	12192079	1
5060102	5064958	1
9661519	9661520	1
7997037	7997038	1
2590805	2591763	1
9720833	9654212	1
10529004	10529003	1
9442572	12614639	1
4703940	4699307	1
12280521	12280510	2
7048497	6968159	1
871204	871210	2
2977452	2977451	1
6496387	6496388	3
10005455	10005456	1
1471143	1471144	1
1455034	1508372	1
1200128	1200123	1
11215722	11181629	2
6084683	6095654	1
7146111	7148352	1
7005637	7005638	1
4382862	4382859	1
388455	388447	2
11097239	11097240	2
5728181	5728182	3
331806	331805	1
1288547	1300494	1
2668220	2668219	1
5455913	5455914	1
10310903	10310904	1
8265572	8265571	1
8289199	8289200	1
12382253	12382485	1
5755701	5803329	1
10992686	10995700	2
5695635	5690232	1
3499660	3500637	1
7426433	7426431	1
10127006	10127003	2
4670761	4670762	2
2871106	2871105	1
6576641	6576642	1
1496301	1536153	1
8030803	8030804	1
4016432	4016431	1
3021453	3021454	3
12606282	12537530	1
3231134	3242493	1
10145567	10145574	3
8032807	8030908	1
2057775	2067584	1
10573318	10634303	1
2592142	2548961	1
7044420	7057648	2
4370137	4370141	2
2875391	2875392	2
1167792	1143824	3
6558795	6558796	1
5932747	5932748	1
10764249	10764295	1
1495875	1504533	1
4176879	4205141	1
4372929	4389563	1
8849832	8849831	1
309682	309633	1
6114162	6114161	1
1254002	1254001	1
8833273	8825761	1
6137039	6137040	1
2293744	2235801	1
2486624	2486562	3
6033810	6066820	1
5902526	5982828	2
1149185	1149188	1
657091	657112	2
6948928	7007162	1
2653928	2653927	1
12635415	12678442	1
6417879	6418909	2
1404070	1404001	1
2920456	2920455	4
8070910	8070909	1
9570246	9570245	1
3660098	3660103	1
9757033	9757034	1
9115358	9115357	2
3653156	3631133	1
2072927	2072928	1
1320115	1320110	1
1501237	1501238	2
7418579	7413226	1
1587057	1587058	2
1669040	1780363	1
4574102	4573905	1
8835018	8835017	1
10109040	10109039	1
4844832	4844831	1
2462040	2462039	2
10253688	10251672	1
10679515	10679493	1
8224039	8224040	3
7743519	7743520	4
12741153	12731446	1
12502309	12502310	1
6123457	6123458	2
4018951	4107116	1
8022161	8022164	2
10162629	10210333	2
2180267	2180268	2
11115685	11115686	1
1828485	1824633	1
7789988	7837105	1
2743856	2728422	1
2316155	2316149	1
4006006	3940786	2
4065835	4065836	1
1096565	1096566	1
12339140	12339139	1
6482425	6482426	1
3376743	3376744	1
3855701	3855702	1
10117658	10117661	1
10210214	10210213	2
12254536	12351228	2
8288196	8288115	1
12465946	12487583	1
2349845	2348908	1
5995013	5995014	1
9631104	9631103	2
1092699	1092714	2
7467499	7529386	1
7598445	7609816	1
992029	992030	1
10012868	9960373	1
7611548	7612932	1
3302587	3280774	2
3354577	3320738	1
6934573	6919758	1
10602142	10602141	2
388373	388374	1
4614746	4686068	2
5813685	5813686	1
10578881	10576280	2
3394947	3394317	1
11063711	11040674	1
8775022	8775021	2
9734798	9734797	1
1839087	1830366	1
5491330	5491245	1
1757243	1757244	1
9056621	9056622	1
7098489	7098492	1
12187338	12187356	1
1565244	1565239	1
7315950	7203778	3
6020695	6020696	1
1976276	1975400	2
10222898	10212366	1
1262247	1262217	1
8848117	8848118	2
4642509	4642510	1
1630049	1630052	1
10597041	10597042	1
11616517	11616518	1
12602537	12603385	1
5987718	5987717	2
1339509	1321269	2
11011329	11011330	2
463244	497792	1
6490505	6490697	2
11102707	11093760	1
6011482	6018114	1
9675723	9675724	1
8840930	8758362	2
7354030	7357862	1
5286436	5286435	1
2122329	2122336	1
8373090	8329212	1
4054382	4054381	1
4338768	4341343	1
8549516	8550636	1
6498881	6504654	1
5909792	5973818	2
9778787	9778788	1
807219	806379	1
4822551	4822532	3
7857523	7835295	1
2439411	2445123	2
2768218	2768217	1
10695080	10695079	1
7478495	7446211	1
4338606	4338668	1
567529	567534	1
9646461	9561623	1
5864571	5864572	1
901913	896151	1
4501232	4500502	2
6847837	6862489	1
3766696	3713146	1
5301248	5301216	1
10138827	10113485	1
10672650	10672649	1
2793291	2793292	1
3980090	3980085	2
4255772	4255774	3
8213071	8271540	1
1146626	1146612	1
3032615	3032605	2
10143573	10143616	1
3266045	3306118	1
683637	683870	1
10182587	10182584	1
1523368	1520873	1
4370542	4370539	1
1833880	1805226	1
5444280	5444277	1
9897145	9893816	3
8516841	8516842	4
9363269	9315165	2
12390525	12309381	1
10111932	10111931	1
11978969	11968755	1
8946702	8946701	1
9567290	9567294	1
12258962	12270773	1
2606820	2562401	1
4487502	4487525	1
4273193	4273194	1
11033668	11033691	1
6273257	6273258	2
2613105	2613108	1
8385997	8393388	1
2478014	2486531	1
3035419	3037696	1
12331258	12282229	1
1765870	1765916	1
11319468	11239930	1
1009638	1009637	4
1612219	1612212	1
1199225	1213749	1
12180855	12180856	1
1833140	1833081	1
468321	468927	1
8565958	8565947	4
9517753	9517754	2
9127971	9141249	1
11386043	11393662	3
631606	585477	1
6184825	6191019	1
7323888	7323081	1
9177812	9153737	2
7203275	7203276	2
8768001	8768002	3
8182199	8239063	1
3993055	3993056	1
4298838	4346409	2
3423778	3470904	1
436524	436426	2
3378505	3378804	2
2266247	2254890	1
995529	994634	2
342729	341237	1
7038009	7038010	2
7778147	7778148	1
10069628	10048916	1
2759617	2712064	1
6927132	6996866	3
12051529	12137953	1
2012355	2012356	1
5290315	5219093	1
319660	319865	2
10387291	10387292	1
11569891	11574163	1
6290287	6290277	1
4703941	4703942	2
6219123	6219590	3
8519994	8519993	1
11735194	11734726	1
6683443	6683444	1
8509059	8508693	1
12345938	12345908	1
1450175	1450701	1
2938226	2938225	1
2669336	2661514	2
9767873	9760216	1
12466201	12466202	1
4111873	4111874	1
4616114	4620435	1
2481465	2481468	2
8601864	8601863	1
7294628	7295573	1
5948513	5966842	1
9991059	10029608	1
8466530	8471918	2
3009846	3077065	1
12558673	12546992	1
12301312	12301311	1
6209620	6209619	3
10609089	10589205	1
3472830	3472846	1
7994991	7989956	1
4083771	3309887	1
9128260	9131180	1
9849682	9849675	1
1732449	1761399	1
4705426	4728893	1
11483093	11395832	1
11018408	11018460	1
405845	405846	1
1163585	1163559	1
7286158	7278600	1
158680	158711	1
6210046	6212682	1
9642156	9634301	1
1522434	1522433	3
5816108	5816107	1
2440251	2474111	2
1158454	1114641	1
6032526	6032525	1
12696694	12681809	1
3679700	3679699	1
10277647	10277128	1
8383657	8384191	5
868290	868287	1
3169328	3169327	1
5894709	5894817	1
10172312	10184762	1
10211696	10227437	2
3993358	3320718	1
3288974	3289201	1
7014023	7014026	2
6846600	6894385	1
3350523	3350524	3
2969160	2892643	2
10949898	8982009	1
3997816	3984357	2
7586408	7588059	2
1770778	1770763	1
8804046	8870658	1
8197661	8287384	1
2195188	2195185	1
2494464	2538161	1
4852794	4852793	1
10359679	10359711	1
9512956	9527469	2
460144	460143	2
12288419	12288420	1
1613790	1613787	2
4662651	4659680	1
5049014	5120672	1
8295077	8295223	1
1199125	1206467	1
6095504	6070566	2
4517095	4517098	1
12670323	12678172	1
5800111	5799942	1
7506018	7527922	1
7699932	7719142	2
3996170	4078534	1
6410537	6410538	1
3246531	3246532	1
8886420	8958868	1
6035967	6068245	1
8694329	8695058	2
2664072	2653417	1
8706618	8704864	1
3294026	3290586	1
9639736	9653932	1
1497070	1497073	1
8351993	8351994	1
6032528	6032527	1
10888690	10963254	1
3378946	3378943	2
289086	289085	1
10721297	10710766	1
4070539	4064712	1
9794659	9792252	1
6543882	6555311	3
1334360	1310587	1
4015275	4015278	2
2615195	2556983	1
3146457	3147269	1
424297	423927	2
88251	98004	1
342066	341336	1
11527826	11527825	1
1290543	1243232	1
768599	797834	1
1640748	1556607	2
155833	155834	1
3955516	3961081	1
10054873	10054914	1
7669893	7669878	1
2765602	2765601	2
3441966	3441939	1
3879276	3913272	1
1296852	1272323	3
3527448	3527447	1
8373274	8331816	3
6311183	6311184	1
1201520	1201519	2
4263827	4263828	1
11018410	11018409	1
4309177	4309178	2
1678872	1642520	1
6850338	6850347	2
4684875	4684878	1
7995380	8008262	1
9991496	9991495	1
616834	616833	4
9770982	9770981	1
3583259	3575089	1
5649226	5649225	1
2710535	2720087	1
9621911	9593509	1
9899386	9830999	1
10077624	10077939	1
5689775	5637133	1
7924726	7924725	2
11896437	11896438	1
8009280	8004659	1
10937330	10937329	1
4190887	4189935	1
1755952	1730962	3
9346256	9346259	1
10219886	10217990	1
5247685	5264908	1
4285907	4285908	1
8792046	8792045	1
7239539	7239540	1
11663385	11663386	2
8564759	8488014	1
11211806	11169905	1
6016753	6016754	1
10608258	10608257	1
268589	268590	1
49753	49754	1
11192587	11193310	1
5846679	5852102	1
1766596	1775648	1
5588070	5552402	1
4218349	4218397	3
10387820	10412193	2
4833375	4774098	1
4185961	4176946	1
4603495	4649160	2
9138366	9125204	1
2143722	2143721	1
9194755	9190931	1
10094324	10089948	1
3999921	3999922	1
3014799	2927120	1
7190868	7190867	1
7298508	7260318	1
6170408	6159236	1
2566371	2551147	1
2485241	2415689	1
7735110	7735109	1
943527	944875	1
878984	852610	3
6165110	6165123	2
12558673	12558674	2
11788304	11788303	2
2818690	2818554	2
4085798	4085607	1
3718670	3699452	1
8090300	8090306	1
12260930	12260956	2
11188756	11188744	1
9341143	9341146	1
1978691	1978692	3
1764841	1764846	1
11375693	11375695	1
7806257	7797146	3
4387338	4322449	3
948663	948664	1
8355034	8355033	1
2189783	2193984	1
2615193	2556983	1
12371130	12371196	1
7091013	7091021	1
2308143	2304535	1
488856	488855	3
6004101	6004102	2
7203565	7172074	2
666266	656341	1
2878705	2880754	1
3825813	3825814	4
387589	387547	1
1247331	1247332	1
2679925	2738158	2
2778912	2795444	1
10706927	10706928	2
6348640	6405900	1
12764774	12766409	1
1702338	1692511	1
12678900	12689012	1
5821598	5821716	1
210176	210175	1
8682816	8682815	2
2817708	2779212	2
8956347	8890390	2
10612466	10612465	2
6345211	6345246	1
1921116	1921115	1
7342665	7342666	1
8877357	8877344	2
8891522	8890718	1
5348210	5373748	1
8213496	8213495	1
6180541	6180542	2
1776301	1769376	1
9462472	9462471	1
3005538	3005537	4
8252200	8264620	1
8999890	9087967	1
997807	997808	2
5366915	5366931	1
4625427	4625432	1
4643863	4560004	1
7974237	7971735	2
3877558	3816018	1
9085756	9091069	1
513007	569611	1
4737554	4737551	4
6871815	6857234	1
5761172	5770473	1
365654	338669	1
1454796	1448741	2
4603562	4469957	1
2331288	2331275	1
11460661	11369063	2
142407	142408	1
6133736	6146226	1
3354229	3321193	1
8864509	8864510	1
10805963	10833475	1
6257651	6221269	1
8699858	8696726	1
6369858	6330159	2
7327521	7357528	1
8277276	8277275	1
4601464	4601463	1
6157695	6144618	1
7169166	7192554	3
6017173	5975877	1
9511344	9430984	2
8375822	8375821	1
10171758	10171757	1
6305148	6368060	2
12677058	12648143	3
8149427	8149428	5
1708339	1708340	2
8578207	8504507	1
1972441	1972442	1
7149369	7150044	1
9040966	9040965	1
364974	364930	1
9461570	9461569	3
5954893	5954894	1
12282200	12267469	1
6020140	6020160	1
10135585	10100855	1
4298442	4219095	1
271731	195750	1
10207814	10207813	1
3187029	3187030	4
6356805	6356806	1
6493482	6493481	1
5559217	1644323	1
4546209	4556700	1
12448320	12464872	1
1355881	1306132	2
792692	744238	1
4429990	4429989	1
10502171	10571037	1
1026371	1026372	1
9161840	9161839	1
7058076	6953164	1
3864416	3747326	1
7987555	8021379	2
1515118	1371848	1
10573306	10507003	1
8968619	8968620	1
8265283	8252672	1
3129702	3129718	1
1732619	1732620	3
3358538	3358537	1
7701318	7619087	1
4783209	4783210	1
5488525	5488494	2
842497	842498	3
2339749	2339750	1
11210164	11222053	4
4076511	4076512	1
8446247	8423195	1
2176667	2176722	1
7381271	7381272	2
5162413	5188058	1
10082006	10082959	1
6870098	6882965	1
4390123	4429242	1
1012840	1065348	1
11928957	11928958	1
6030216	6030255	1
6635078	6582821	1
4116336	4047563	1
7450535	7448622	1
1557922	1557921	1
11683450	11786755	1
5726710	5726709	1
11727744	11713553	1
2921816	2943086	1
12051992	12015089	1
12153519	12153520	1
937395	937396	1
3737290	3737289	1
226972	226990	1
2405805	2364158	1
8624119	8624108	2
5561318	5561283	1
3887637	3887638	1
9363390	9353382	1
7600913	7632172	1
12663512	12659829	1
5394179	5332784	1
4343737	4343738	3
4830966	4830977	3
4338669	4338670	2
3874522	3776894	1
539355	642208	1
641402	641401	1
7772577	7768957	1
5310838	5310841	1
5765794	5765791	1
8226810	8225962	1
10664499	10664500	2
9563921	9563848	1
10281846	10281843	1
6368426	6309285	1
11198116	11190936	1
5919338	5971578	1
1747644	1781233	1
6211112	6211111	1
1524913	1502991	1
1602341	1602355	1
6139382	6160406	1
8551798	8551782	1
10486661	10472238	1
9537177	9537544	2
6547006	6624963	1
11770305	11808132	1
1068550	1031520	1
1629673	1629639	1
12019694	12019684	1
10146586	10146498	3
6833041	6833044	1
4338713	4373527	3
7334926	7334961	1
3064672	3082968	2
11705967	11705968	1
10685160	10725462	1
2919657	2919658	1
11994546	11979932	1
3767445	3767447	1
269568	269577	2
5594748	5527148	1
6060656	6060157	1
9329611	9329612	2
10574029	10588688	1
4684875	4684876	1
6156915	6159100	2
6081835	6099454	1
5949589	5964125	1
3076781	3141326	2
10446296	10446613	1
3778503	3888144	1
1507641	1507642	1
3739276	3743186	1
8375064	8374950	1
3140091	3139159	1
6694312	6691096	1
5573511	5571392	1
6002049	6002050	1
2113011	2113141	1
9903611	9903612	2
11577099	11596793	1
1691653	1532501	1
10998177	10998268	2
9556540	9556539	1
2173788	2196245	1
730891	730892	2
7979265	7922536	1
6665948	6665947	2
3617341	3617342	1
1264621	1322754	1
3965414	3964865	1
3639215	3639216	1
3489959	3456451	1
4608872	4580703	2
4620678	4562147	1
259403	274117	1
7854537	7854538	2
8352530	8352529	2
6552789	6552790	1
7379843	7306214	1
11766928	11766927	1
7582686	7569535	1
8291273	8323184	1
8299320	8299319	2
9960295	9960296	3
6174254	6174253	1
3321401	3321402	1
1454761	1454762	1
12196989	12238434	1
4123335	4122703	1
2484045	2406730	1
7770605	7770623	3
1453042	1453039	1
3574925	3574926	1
9490134	9507706	1
7256872	7256871	2
5927373	5927375	1
6465927	6371903	1
7154536	7214021	1
2900984	2908020	1
1089686	1089697	1
3899121	3899122	2
5863497	5863505	1
4339700	4339711	1
5836716	5900437	2
11385130	11393665	1
6070798	6070797	1
5845361	5823254	1
2230266	2286699	1
9051687	9056122	1
8321074	8339344	4
8353723	8364697	2
9140887	9140888	1
4156137	4156140	1
8538518	8538471	1
3145808	3145893	3
11457319	11457315	1
7158650	7157256	1
7309279	7309280	1
9544997	9544998	2
3619420	3541903	1
10188234	10188233	2
5364432	5364431	2
12756997	12756998	1
8975192	8975191	1
1768341	1757983	1
1290892	1294487	1
7105792	7052259	1
5262680	5262677	1
6064123	6064126	1
767001	766997	2
4292521	4294385	1
2239214	2321954	2
1670865	1670866	1
6411375	6406395	1
9600681	9600682	1
9178406	9191884	1
9197145	9197148	1
7115207	7139067	1
4874112	4874106	1
808131	808132	1
11941949	11937917	1
5102605	5102746	1
7170904	7172256	1
2541407	2539538	1
543998	467578	3
8287839	8277302	1
8193384	8193383	1
7115052	7115051	1
9312053	9303942	2
11834995	11834996	2
3050662	3050661	1
8280571	8280572	1
9544111	9542258	1
5811472	5818643	1
3581858	3581849	1
12747329	12768232	1
8739381	8739382	1
4819241	4763300	1
8340069	8361341	1
12477393	12477396	1
1113273	1111362	2
5899808	5900413	2
6685904	6686418	3
1052638	1052633	1
12722380	12722377	1
988042	1004376	2
2590331	2590332	1
10825420	10824615	1
1973258	1973261	1
1654068	1654065	1
3087140	3089308	1
10007066	10007058	1
7230768	7230804	1
1201522	1201521	2
7914569	7900179	1
6004909	6144926	1
9615374	9615373	2
8993854	8993853	1
8963314	8985911	1
10201715	10201716	2
11796460	11796459	1
10635273	10635274	1
10553064	10618911	1
7410675	7410676	2
4938609	4946571	1
9425308	9425303	1
4635216	4642762	1
1601363	1601364	1
12662485	12678348	1
1561139	1571903	1
8333504	8342578	1
3870516	3870515	1
2673762	2673759	1
8981173	8945917	1
1289494	1289734	3
10071315	10071316	1
1178380	1178379	1
774935	776730	1
52874	52476	1
9670053	9670075	2
6738385	6738386	1
11379089	11379091	1
10196138	10203950	2
5889178	5889167	1
8016773	8016566	1
8503742	8562137	1
2230699	2230700	1
10195064	10195063	2
1892344	1892343	2
2364825	2390883	1
4587212	4587207	2
4726824	4709633	1
6070711	6070712	1
811913	830615	1
2816879	2817058	1
12121361	12121359	1
10404839	10404840	1
12027125	12065721	1
9767475	9767476	1
2583713	2583714	3
3368572	3363696	2
6114361	6143977	1
1000380	1000379	1
3727648	3727623	1
6027355	6027368	1
750357	750358	3
5812386	5810684	1
964122	964373	1
8418062	8416107	1
8856941	8856942	1
7422524	7416440	1
7438364	7438363	1
7379416	7379415	1
4053360	4053363	1
2970127	2970133	1
8778506	8778501	1
8129129	8150070	1
5424905	5334813	2
4577082	4577081	1
11855694	11855693	1
4520825	4520826	1
11083923	11078579	1
598670	598669	1
9293727	9293728	1
7091013	7091019	1
6539623	6540089	1
1575850	1575849	3
7397360	7397359	1
6099987	6100201	1
3152152	3152151	1
12442408	12429303	2
11158362	11158361	1
10650081	10692537	1
11070633	11070634	2
8234176	8236815	2
3667051	3644274	1
3431213	3431218	2
9171382	9171379	1
1183315	1244090	2
1021191	1021192	2
7212345	7221063	1
8733042	8733041	1
1617092	1616311	1
1211571	1211572	2
12790824	12790848	2
7975387	7955486	1
3065371	3121128	1
2426067	2322834	2
9488151	9488116	1
9649852	9640844	2
12727101	12721980	1
7566143	7583623	1
9590107	9590108	1
10608191	10606974	1
12613602	12613601	1
10267720	10273931	1
6503578	6503575	1
7278159	7278160	1
5375945	5398899	2
5166254	5262688	1
1300370	1300369	3
11471218	11471217	1
4415825	4415826	1
11336297	11250310	1
8883280	8865438	1
2078487	2189695	1
2167552	2167551	1
11491723	11495894	3
3782660	3782610	2
4234549	4274878	1
7262720	7262719	2
11891390	11891389	2
7652525	7652526	1
8020687	8020688	1
6413870	6331524	1
7661219	7661220	1
1963499	1963417	1
653185	653186	1
7266178	7268009	1
9751337	9765876	1
8313199	8313200	1
12316643	12374408	2
12252556	12252574	3
6392259	6454479	1
2440849	2430762	1
2430649	2430654	2
8968696	9078046	3
11361749	11439843	1
532477	472468	1
10675624	10667851	1
7345660	7340398	1
1094778	1095913	1
3236145	3236146	1
1710974	1709202	1
4294087	4294088	1
3233285	3233286	1
2319129	2317427	1
2277256	2277251	2
6021157	6021158	2
4670184	4602743	1
7292041	7340006	2
1019355	1023243	1
6207563	6207564	1
9307286	9339595	1
6062123	6062097	1
10193127	10191925	1
3632549	3632525	1
5588170	5553029	1
9920219	9920207	1
7913390	7950284	1
9101977	9101978	3
11231180	11231179	2
12736891	12736892	1
3303987	3299920	1
1198360	1273620	1
1534848	1534847	2
4652663	4652666	1
11508974	11572937	1
8565504	8565457	2
12292629	12292630	2
3626729	3626730	2
9459783	9363086	1
7546296	7546291	1
2323119	2330878	3
2961732	2961731	1
10713787	10713563	1
10296813	10296814	2
6651073	6596538	1
5053148	5053147	2
12717462	12730585	1
3266598	3266673	2
7909913	7903826	1
8648180	8654342	2
1713389	1713390	1
12675573	12721269	1
9997583	9997584	2
5629814	5629675	1
3311807	3311810	1
10763450	10763276	1
8356675	8356676	2
2314213	2312458	2
3863490	3861021	1
3007676	3010596	1
12282399	12282400	3
5318931	5318932	1
4313753	4313754	2
11477222	11368700	1
11756038	11756127	1
11648175	11648176	1
5880109	5885083	1
10474857	10474858	1
3559515	3514860	3
10157361	10157362	2
1414439	1349563	1
7417109	7417154	2
5361538	5361537	1
5441095	5441087	4
4736512	4736395	1
1614998	1629879	2
2804619	2817197	1
12142699	12142700	2
11059449	11052074	2
822339	768879	1
9487695	9487696	2
1092420	1092508	1
1080554	1080553	1
1149225	1149349	1
8721702	8763703	1
10551961	10540191	2
5477238	5492665	1
2354450	2354449	2
12790595	12790596	1
1027160	1027092	1
6088006	6088005	1
2527584	2527642	2
12502757	12479275	1
1974267	1974268	1
271817	293012	1
3496590	3496587	1
7911367	7911370	1
5003646	5078687	1
245019	245020	2
6177641	6176427	1
8948401	8948404	1
1174572	1174571	1
12494909	12494910	2
1097903	1129981	1
8716930	8716929	1
1272322	1272321	3
1123214	1110922	1
10146536	10146535	1
8541021	8566349	1
10869874	10869873	2
1628148	1628147	1
8813727	8820394	2
8407981	8417661	1
3063013	3063035	3
1888654	1884453	1
6510373	6513695	1
5076685	5076196	1
2190542	2191281	2
1018566	983014	1
4093433	4093483	2
10090813	10091646	3
9923109	9923115	1
5972779	6026423	1
10684336	10684335	1
8845616	8836349	1
3754027	3754044	2
11178527	11178528	1
1522027	1522435	1
2158008	2163852	3
8496551	8496552	2
3166299	3166300	2
10619424	10619423	1
11137316	11130070	1
5587767	5587768	1
7105881	7115947	1
5923547	5923504	1
1173010	1173009	1
1172424	1187714	1
5724232	5724219	1
5694268	5785844	1
11574044	11571558	1
7131891	7101793	1
2143528	2143525	1
3612961	3624974	1
1773787	1773788	1
1628981	4102403	1
9547540	9547314	1
5419955	5419956	1
5341190	5332433	1
10384999	10441701	2
12296136	12353364	1
7176749	7165971	2
12435752	12429240	1
5453365	5453366	1
8503738	8562137	2
1998168	1998167	3
524435	524979	2
5975029	5975030	2
6437397	6388712	1
8534970	8534969	1
8750883	8753097	1
3007680	3007679	1
12433021	12433033	3
10209021	10209022	1
4529360	4585465	2
3754487	3742790	1
11992274	11992273	1
2698137	2749268	1
5779527	5757862	1
8515096	8617407	1
1726638	1681055	1
6831295	7446478	2
4000763	4033840	1
292995	292996	2
1348085	1348141	1
3891619	3891620	1
8813463	8813464	2
1672552	1672526	3
7951270	7942321	1
3414398	3413948	1
10888559	10888560	2
9782348	9780981	1
5020684	5018231	1
3832605	3832606	1
4189483	4192085	2
6182529	6182532	2
573918	573917	1
8606091	8606082	3
11777592	11809047	3
12390529	12309381	2
6023134	6025321	1
3625985	3625988	1
4111875	4111876	1
10296108	10296107	1
1796181	1796182	1
8976634	8976734	1
2777455	2768377	2
4126099	4126107	1
7176292	7176291	1
5728403	5728398	2
12627542	12673723	1
10578017	10579507	1
4746758	4746734	1
9968886	9848162	1
6027597	6048656	1
3717348	3717351	1
11382577	11376296	1
7253160	7253159	2
9743164	9777877	1
1098880	1098879	2
613789	613790	2
4158014	4159011	1
323623	250473	1
2321227	2321228	1
2479059	2462817	1
5922994	5916751	1
6133736	6146224	1
8724570	8724569	2
10904466	10904465	1
7927299	7927300	1
3997486	3997296	1
4054952	4054951	2
9537793	9496240	1
3386116	3386185	1
2040290	2064423	1
10095500	10095499	2
8075260	8179550	1
4741540	4758021	1
3540108	3516523	2
5501148	5501129	1
7427351	7427352	4
10197365	10197368	1
6101169	6101170	1
6115069	6115070	1
2019570	1998169	4
5443971	5445083	1
1498285	1474776	2
8758868	8758867	1
3746157	3746158	1
7044150	7044149	1
11042020	11042008	1
2162434	2254746	1
7948302	7948301	1
3638002	3623365	1
3216714	3158454	3
5916254	5865441	1
2073282	2073281	1
7329204	7329199	2
11374530	11377278	1
2462850	2570238	2
1002860	1003961	3
6658670	6659450	2
2510634	2510986	1
1418584	1418596	1
3945405	3945408	1
3871280	3871279	1
2379619	2382474	1
8420782	8423190	1
11004324	11064497	1
1116170	1116169	1
4799600	4799762	1
1665675	1667539	1
598453	598437	1
11821721	11821722	3
4481620	4470450	1
2578467	2578468	1
956757	956762	1
60833	60834	1
6003836	6003835	1
11037627	10998510	1
6972939	6972940	1
11436979	11415710	1
7877643	7877644	2
629913	630132	1
7098662	7109620	1
5137852	5045406	1
266352	264884	1
2268818	2268821	1
4785045	4800247	1
3324034	3325530	1
1605019	1605034	1
9939208	9939205	1
3036772	3035857	1
9639086	9639085	1
8985521	8985522	2
10359984	10359983	1
521361	521362	2
671672	671671	2
11524799	11577255	1
10243134	10243133	2
3679771	3679772	1
1238841	1227709	1
11966404	11966401	1
7815602	7815601	2
2359393	2363842	1
5577343	5579741	1
6237974	6255401	1
3534316	3523482	2
5440734	5435684	2
6362989	6362990	1
6035127	5977367	1
10267722	10267721	2
5370507	5370508	4
2510434	2529575	1
2033080	2036006	1
2627362	2627355	1
1432600	1451667	1
1744827	1744779	1
7983560	7983570	1
2098748	2098747	3
11585678	11525247	2
1981301	1981319	2
5149396	5149395	1
8220894	8220889	1
12405696	12399672	1
1154297	1139395	1
1778642	1684147	1
1344572	1341257	1
7926943	7926944	1
11608007	11608016	1
5987716	6069940	3
2787525	2886347	1
9146687	9146688	2
10476471	10490288	1
1777307	1833332	2
253219	226033	1
8688117	8688118	4
4606368	4606367	1
1710382	1710381	3
10099535	10099545	2
4120803	4120804	1
606031	606032	1
9073995	9073996	1
12804473	12805958	1
2863917	2793225	1
2472462	2463214	1
8705015	8705016	1
11307082	11353512	2
2166591	2165856	1
8222875	8222876	1
10436439	10376076	2
11141768	11141767	3
72613	38368	1
2355737	2355738	1
1261975	1341907	1
8530241	8530242	3
8286457	8286472	2
8040619	8040613	2
2026210	2008345	1
3440787	3440788	2
12640073	12640074	1
4483872	4483637	2
8711095	8711096	1
1697428	1697425	1
369651	440931	1
5441014	5414196	1
3029885	3029886	1
3734898	3669907	1
5855448	5887572	1
9576152	9576761	1
6146686	6146685	1
2145622	2145565	2
11709417	11713345	2
9544819	9544820	1
2321081	2339375	1
11934070	11934069	1
1605890	1610683	2
2078357	2089629	1
1706898	1706931	1
8892874	8892854	1
2696635	2696636	1
10185374	10072348	1
6097910	6098156	1
6058641	6156595	1
4709318	4699318	3
11253240	11253237	2
4583676	4631462	1
5245690	5245693	1
11488408	11589370	1
2854657	2854658	1
5748324	5748323	1
1623446	1623443	1
4056271	4056259	1
6175215	6196886	3
5936848	5936847	1
2277254	2277251	2
3259351	3259352	2
3166881	3166888	1
7397378	7397377	1
4699475	4699714	2
11170343	11170344	2
8865362	8787686	1
11484038	11413829	1
5971591	5971682	1
788497	788498	3
1442026	1442033	2
7115672	7127197	2
9959942	9958344	1
3673708	3653991	1
6180598	6180597	1
10225405	10225544	2
8987818	9064651	3
6130514	6130513	1
2867120	2867043	1
565384	565383	2
869855	867439	2
6677086	6675252	1
2322529	2336184	1
8851475	8915122	1
1561759	1590420	2
2052306	2052303	1
1298274	1298528	1
12766452	12754048	1
12564450	12564463	2
10338688	10338687	1
1166755	1166758	2
2818056	2826663	1
155522	155521	1
4160549	4176522	1
920576	918166	1
3361348	3358564	1
2250417	2390560	1
4706129	4669697	1
12354831	12358363	1
9808567	9808568	2
3036384	3057512	2
3166231	3166232	1
1074662	1074442	2
8963993	8963994	3
12618416	12618426	1
5277627	5293490	2
2367445	2473533	1
9269653	9269654	1
9072263	9072264	1
9668244	9668561	1
11297644	11363544	1
8675113	8632495	1
286850	286849	3
7284384	7284383	3
12810572	12813953	1
6493125	6493126	1
5105547	5105548	1
8309940	8365822	1
2877002	2875659	1
2230699	2233576	1
8565819	8553171	2
2892059	2892060	5
7888519	7886789	1
1770760	1770759	1
2081879	2084447	2
4133432	4133429	1
2320582	2320581	1
518698	520133	2
8397513	8484133	1
12443587	12446644	2
14322	14336	1
8541535	8536599	1
1829175	1829862	1
10378217	10378220	1
11190543	11186537	2
2747078	2747075	1
10119245	10119246	1
7509499	7488991	1
8571894	8571902	1
8438439	8438660	1
2816968	2816934	1
8676227	8676110	1
4619222	4620268	2
1111132	1111182	2
7625722	7619117	1
6734012	6750964	1
7927745	7921006	2
11873685	11845407	1
7695516	7618943	2
12609445	12666375	1
5467527	5467528	1
10148912	10172136	3
12301903	12318789	1
6467294	6469890	3
1150470	1150469	1
4470060	4498194	1
382869	382883	1
11101595	11101596	1
4676130	4675547	1
245017	245018	3
5714804	5739870	1
8324567	8324568	1
7893446	7893445	2
12338263	12338267	1
2186270	2187248	3
8637072	8637258	2
6996156	6996155	1
4002984	4002983	1
3554090	3557387	1
4131891	4202086	3
1032931	1032949	5
11862292	11865420	1
5092226	5091823	2
6617845	6535065	1
6968090	6919046	1
4705572	4705567	1
12526630	12525579	4
9994537	9994538	1
6033383	6006353	1
5552188	5490540	1
7315139	7309666	1
10158209	10158210	1
4043553	4049866	2
7827690	7848436	1
7013353	7013354	1
1119615	1119621	4
8919476	8919475	1
8786498	8786509	1
8087815	8087813	1
10604085	10604088	1
9088210	9089078	1
11041556	11041555	1
3261916	3264763	2
11114149	11109955	1
6641340	6607075	1
8892908	8958974	1
9511558	9511557	1
1350775	1291514	1
10749227	10749228	1
6032164	6032163	3
6001125	6000263	3
8365319	8312513	1
160850	160847	1
2707470	2707469	2
1135674	1137579	1
2331331	2258896	1
6594874	6585484	1
577839	577840	1
11150896	11121969	1
515638	593657	1
8469367	8469360	1
9092547	9092118	1
4482225	4482226	1
12764999	12765000	1
1788938	1721826	1
10756696	10756702	1
2051025	2051026	1
3767629	3767630	2
10912529	10912530	1
3663747	3651919	1
6123235	6119667	1
1051831	1051834	1
10372393	10367877	1
4713543	4688114	1
4534011	4539466	2
917001	903574	2
1078947	1078948	1
1461331	1461332	2
1690976	1693197	1
9002751	9002752	3
1074939	1109845	1
6894177	6894178	1
1315936	1315935	1
10392724	10389983	1
10501839	10493239	1
9296184	9296183	1
7887530	7893344	1
3063397	3063398	1
8439060	8439059	1
5916354	5916353	1
10473949	10473950	1
8810449	8811259	1
2486831	2486812	1
10523341	10523342	2
1248214	1219988	1
8556129	8556130	1
10056455	10056456	2
11060382	11105661	1
5876696	5876695	1
11046233	11046234	1
4683493	4683494	1
3298309	3251714	3
1091024	1082706	2
1912653	1912654	1
11571575	11573187	1
213128	212458	1
7057018	7056936	2
6690116	6690169	1
8490100	8490099	1
1135896	1135893	1
4348976	4348985	1
2810392	2810391	3
9838693	9838694	2
7327759	7327760	2
449101	438699	1
1404857	1404853	1
2588275	2588298	1
3478342	3459163	1
1582462	1583849	1
7980644	7977571	1
4580099	4580102	1
10637018	10637027	1
4631322	4749179	1
9383097	9383098	1
3327793	3327598	1
10251491	10266295	2
10169364	10191823	1
5956977	5956978	1
1043732	1057916	1
6887700	6890006	1
10449591	10449588	1
1553850	1511830	1
298732	298731	3
9563857	9563888	1
2512782	2508068	1
965000	964999	1
9688053	9688054	1
5233372	5232806	1
2816894	2816876	1
8701262	8700418	1
10194965	10195063	4
12167387	12167369	1
10887115	10883306	3
10466295	10478956	1
1505783	1573699	2
391023	396669	1
10990089	10990090	1
4149642	4150096	1
5624614	5617506	1
1064242	1064239	1
8946704	8946703	1
8468914	8491707	1
7989237	7981236	1
11347677	11347678	1
8048237	8043176	1
9468184	9461598	1
5489502	5489628	1
6314950	6309558	2
1766819	1766820	1
2169208	2134070	2
2855547	2855746	1
7563573	7563374	1
7824492	7879465	1
2637234	2637233	2
11653175	11653176	1
6049427	6064660	1
4065576	4065493	2
842769	762509	1
10990093	10990094	2
1427715	1298229	1
9512812	9512811	1
5946535	5946536	1
4282983	4299911	1
5077400	5077399	1
7095519	7160731	2
9506527	9582305	1
1084282	1084281	1
10585551	10585428	1
5580331	5580334	1
4762045	4787537	1
9062190	9062187	1
1562765	1562766	1
9717892	9717891	2
8726479	8726480	1
9120230	9120229	3
7256362	7256361	1
5487833	5487834	2
6989420	6977227	1
10620912	10552264	2
9031151	9042378	1
6175534	6175533	2
188380	188379	1
12521404	12553107	1
8684493	8684494	1
3236145	3236148	2
3168768	3107098	2
7288224	7288091	1
5191783	5197264	1
8071990	8086780	1
3812970	3800481	1
175273	175274	1
2273681	2295381	1
11748156	11748155	2
11083902	11083910	1
4432421	4432422	2
4729262	4624070	1
1992261	1983908	1
8917033	8917034	1
488858	488857	4
3591246	3670216	1
6376203	6376204	2
1099202	1100319	1
764682	733910	1
9594816	9594815	2
8963991	8963992	1
6182533	6182534	3
10046454	10000294	2
11509684	11509687	1
6523140	6523673	1
11023106	11023263	2
375141	327998	1
3758956	3758955	1
3302461	3279503	1
9019148	9013834	2
5092228	5092227	2
11854392	11851459	1
3568965	3568966	2
10345485	10345469	1
2294694	2323565	1
6413208	6438483	1
10685444	10685443	2
12641951	12641952	1
1151424	1151423	1
8206198	8206197	1
865848	890872	3
94062	176587	1
3783093	3783107	1
1823590	1823574	1
10973835	10975658	2
3019085	3017533	1
7858328	7876283	2
681720	681719	1
9054381	9052072	1
8322106	8317189	1
10682198	10682197	3
1970768	2038874	2
3125538	3125549	1
1235363	1211774	1
7376433	7376434	1
10655290	10655292	1
8326933	8337716	1
2610378	2610377	3
6690895	6690872	1
2534377	2534381	1
41547	56868	2
2127199	2127200	1
1533361	1533371	1
9192597	9192598	2
5885307	5885308	3
10651919	10652019	1
7352796	7340982	1
5867445	5885419	3
10762952	10762936	1
3166299	3166304	1
6716735	6716736	1
7177540	7177539	1
12312755	12333062	1
10711848	10713875	1
2587441	2587442	2
7081770	7012496	1
1732621	1732614	1
7899563	7899575	1
2460311	2472342	1
5893695	5893568	2
8710497	8709795	1
1009900	1009899	1
3218293	3193172	1
404181	402185	1
10920494	10888767	1
816081	800257	5
5782000	5794419	1
9767477	9767478	1
1358053	1358058	1
1252288	1194470	3
3034253	3034254	3
10904465	10960409	1
1839047	1830438	1
2327155	2327156	2
9523655	9523656	2
5360787	5468091	1
8542030	8516567	1
8209090	8209089	2
12617378	12777826	3
7811240	7811239	1
8280729	8299319	3
6345211	6397848	1
7939374	7937549	1
9567375	9567376	3
8333764	8316131	1
9021026	9023158	1
2590081	2590082	2
4383713	4383714	1
6951789	6927082	2
11598851	11615945	1
766401	766384	1
8508714	8508717	1
2255751	2255752	1
11007210	11031185	1
3270303	3270304	1
2265822	2288747	1
10850457	10850458	1
3067450	3063072	1
3732161	3732162	1
8877504	8877501	1
8811157	9014281	1
4702791	4708131	1
5421239	5421355	1
8675111	8675112	2
3756844	3765799	1
11204639	11204644	1
7048591	7048128	2
7929388	7989491	1
5869403	5869404	1
1899901	1899885	2
386455	386456	3
867438	867437	2
1402510	1381609	1
11214559	11214560	1
4412399	4412400	2
8746275	8743134	1
12599765	12669225	1
6408988	6408987	1
4597909	4640285	1
11447863	11534875	3
8950416	8950415	2
7028915	7101639	1
8421177	8421169	1
10584062	10538442	1
3792401	3902566	1
6832352	6826709	2
4520173	4527478	3
3238590	3238589	1
9157563	9180860	1
3708308	3708307	1
4282554	4282565	1
10446612	10446611	1
4045558	4045584	2
2292485	2292012	1
6129808	6118060	1
7963651	7963654	3
7566625	7566628	1
8301571	8301576	1
8709318	8765095	1
5535448	5516015	1
103381	74196	1
1972445	1972446	1
888080	888147	1
9756608	9768176	1
12045714	12129825	1
3151353	3200641	3
4535543	4535544	2
173261	173262	4
6844335	6844282	1
7199193	7206644	1
6639817	6639818	1
12749638	12673174	2
8502450	8502449	2
5824355	5789341	1
1134026	1099670	1
628821	569752	2
7277124	7277121	1
1189930	1189929	2
6598318	6598317	4
1044862	1129449	1
1588339	1519537	2
11180643	11096795	2
1882270	1882256	2
1792856	1792855	2
10044985	10134998	1
7767833	7767834	2
3188076	3188073	1
8082933	8050277	1
5000294	5018014	1
10289666	10300284	1
1697989	1697990	1
12482481	12495077	2
3801964	3775203	1
8335046	8355614	1
8301569	8301570	1
8301221	8301222	1
12381137	12381124	2
421718	421717	1
7405616	7405615	1
7828744	7828743	1
6676507	6676496	1
9749095	9753497	1
5457411	5457412	1
4015200	4015199	4
6900662	6900632	3
1100180	1058804	2
3106749	3114444	1
4126136	4126135	1
7743521	7644540	4
1801042	1796194	1
2771959	2771985	1
3559220	3559225	1
10222900	10222899	2
4099126	4093107	1
3350108	3345179	1
10228155	10245791	2
11802620	11794270	1
3597662	3597661	2
4081172	4081190	1
8908378	8896505	1
5777216	5777215	3
9390569	9390572	1
1602800	1577136	1
9296562	9296183	1
4398420	4370359	1
11919466	11919465	1
10741847	10741848	1
2639524	2639523	1
2245598	2245597	1
489982	489947	1
2106302	2106301	3
11412479	11412480	1
3067471	3063828	1
5888289	5888290	1
1168467	1168468	1
5265624	5263154	1
8970569	9023093	1
7700609	7700610	1
10755113	10755114	2
12372684	12394613	1
9501812	9501811	1
1229395	1225260	1
2384551	2451841	1
4523014	4523055	1
1631205	1631206	1
2517202	2517199	1
7728772	7728771	1
8917613	8917616	1
8969071	8969072	3
494492	457365	1
2478855	2467722	1
1770762	1770761	1
3208129	3208296	1
1803740	1803882	2
2889282	2889281	1
9114962	9117670	1
2977450	2974850	1
11246292	11246289	1
10376965	10376966	1
8410159	8316400	1
3571807	3619573	2
2833392	2937112	2
787307	787308	1
7906205	7865210	5
11192874	11192873	1
2725469	2725470	2
8794604	8796019	1
2462036	2462035	2
818867	818868	2
12649317	12650271	1
1112108	1112073	1
682391	682392	1
1427448	1416939	1
11892353	11890716	2
12668169	12668209	1
11216873	11216870	1
3631311	3630431	2
3026969	3026970	1
6064805	6069748	1
2665007	2665010	1
11979081	11979082	1
7929960	7929951	1
9026270	8998030	1
2685007	2685008	1
11833427	11833428	1
8417545	8422600	2
7910780	7908529	1
7032520	7032519	2
8892731	10283433	1
3034255	3038275	2
5578218	5578217	1
9824999	9825000	1
9197147	9197148	1
2900967	2900968	1
4085338	4068763	1
2617159	2615387	1
2924565	2924332	2
3632591	3632592	1
7064482	7064481	1
3412855	3412856	1
966668	966667	2
5913365	5913366	1
4172729	4172730	1
1828677	1828678	1
8375863	8375864	1
8081819	8150647	1
7379841	7379842	2
6417526	6417523	1
10063897	10077887	1
9729342	9728139	1
6151010	6151006	1
11647669	11652120	1
10511996	10549445	1
5729457	5729458	1
11598110	11595603	1
10140879	10141355	1
1130620	1088947	1
1129219	1059977	1
404292	404289	1
3159490	3159489	1
4063930	4063927	2
6146241	6165233	1
3259315	3207346	2
7987290	7987289	1
10016973	10016974	2
8980190	8980523	1
11968941	11966662	1
5934912	5934904	2
7162908	7162892	1
1330003	1330004	1
5322573	5322574	4
1230853	1231312	2
8797244	8798996	1
2503936	2503831	1
12527736	12527744	1
440634	415516	1
10713789	10713563	2
9970593	9986020	1
7410552	7410551	1
148096	148095	3
1220051	1213696	1
3098610	3098615	2
293965	286511	1
6973794	6973793	1
1034456	1038335	1
12761822	12763989	2
5768278	5726712	1
8868589	8868590	2
11237619	11237620	2
7170913	7170919	1
6094095	6138744	1
1304001	1313307	2
1166759	1166760	1
5945592	5945591	1
9010167	8983660	2
7274673	7253373	1
1372909	1372910	2
604210	604207	1
1266410	1267950	2
7141149	7155505	1
8107093	8107095	1
11994880	11994875	1
1372960	1384120	1
10460565	10460577	1
10038709	10038725	1
4382953	4382956	2
9917670	9917669	2
4099129	4035130	2
8216980	8216979	1
321930	321929	2
12603386	12603385	1
11218588	11216649	1
5814068	5814067	1
10661040	10661037	1
5231405	5159393	1
2483272	2483271	1
3919234	3919233	1
6887710	6883495	1
6041360	6041359	1
6808295	6798446	1
5997173	5997174	2
462250	486636	1
5321730	5321862	1
8867978	8922116	1
8047649	8156764	1
375198	349323	1
11472523	11472524	1
5852014	5852036	3
4367300	4432163	1
11231590	11231589	1
12665935	12658848	1
12206806	12210815	1
574090	628320	1
10387822	10387821	1
7025617	7025618	1
4528913	4523681	1
8706022	8811394	2
9753232	9743090	1
10281846	10281845	1
4868887	4868888	1
11797489	11796136	1
6122070	6040570	1
10312994	10344167	4
3922366	3922365	1
7802912	7834815	1
3016915	3016664	1
5964369	6104874	1
10547537	10517945	1
10009469	10093791	1
6429371	6429374	1
9024093	9024113	4
5995951	5995952	1
7001162	7022905	3
1377793	1377794	1
7465414	7464134	1
5187342	5238460	2
11541963	11542004	1
3313883	3366244	1
6836183	6899640	2
2508183	2511875	1
6031348	6070376	1
4513387	4513388	3
2563781	2563782	1
10662835	10688983	1
2205270	2208177	2
6132022	6132270	1
12540389	12540390	3
3374751	3385184	2
10927913	10938760	1
6525528	6525627	2
11202129	11202130	1
12490865	12490851	2
5462710	5462709	1
2305093	2305094	2
2333854	2333631	2
6104842	6104852	1
2548019	2548020	2
4671902	4674584	1
10756820	10756819	4
9549304	9567021	2
12051803	12161751	2
10145178	10145177	1
2613489	2613490	1
10298421	10299213	1
1074665	1074668	1
6673085	6673086	1
3943683	3944697	1
9418849	9434362	1
3650693	3650696	1
6488103	6496300	1
6193700	6183315	1
11741310	11728962	1
3698122	3739342	2
6817981	6817982	3
10959879	10959880	1
1719678	1719677	3
8886008	8872011	1
3544058	3639549	1
8358346	8358316	2
4178966	4189606	1
7419726	7418387	1
9527394	9565548	2
10526472	10438004	1
11503001	11560158	1
11110820	11101506	1
11462269	11448263	1
4175600	4166549	1
4735859	4735860	2
6714125	6724891	1
10652917	10701183	1
10492595	10492596	3
8446256	8446264	2
9515111	9518783	1
1561178	1578003	1
12511011	12525700	3
8776791	8776784	1
6822773	6902358	2
1785201	1804776	1
7251992	7192332	1
8331634	8359015	1
5253052	5253051	1
4683699	4688087	1
1638489	1638492	1
11183527	11167371	1
5570345	5585535	1
9072970	9148688	1
8566619	8566620	1
1834189	1834190	1
6165189	6157777	1
2658645	2658018	1
793356	744850	1
10904668	10801752	1
3237003	3237156	2
1661391	1663245	1
7097103	7095310	1
4177159	4170999	1
12490880	12513970	2
6064330	6064329	2
11395833	11395834	1
7711724	7625018	1
5134962	5060442	1
8042151	8042152	1
3981466	3981904	1
10316023	10316024	2
2526640	2508052	1
9708993	9708994	1
11640046	11640106	1
1967039	1961194	2
4851260	4851266	1
1032268	1049453	1
1544386	1540469	1
4566976	4566931	1
9794590	9794633	1
8563384	8563383	1
4591852	4591851	1
698225	717141	1
5317755	5317756	1
252171	217124	1
1345729	1345730	2
11077572	11084607	2
8705945	8705973	1
9510657	9481188	1
1746651	1746675	1
4159021	4159022	2
5959947	5959948	1
7617432	7617429	1
10193589	10193580	1
2700740	2700739	3
1561406	1565101	2
12145997	12145998	1
2065221	2061545	2
12379779	12276696	1
10615006	10615005	1
3919268	3919281	1
6158551	6165210	1
9852822	9852821	1
2282585	2282586	1
1265384	1273793	2
3870512	3870515	1
8174442	8174437	2
11013445	11013446	3
5916470	5864614	1
6575600	6575632	1
3973224	3973223	1
1664017	1664031	1
1775770	1775769	1
9396668	9396722	1
2875901	2875924	1
2040591	2092957	1
6431620	6514607	1
2864583	2855804	1
956790	956789	1
10720903	10729845	1
5091810	5097675	1
7725693	7739697	1
1511876	1470989	1
6059239	6101055	1
8277235	8277236	2
3075048	3075047	1
11029884	11029881	1
9733319	9773614	1
8814002	8813999	2
6148700	6148697	1
1613800	1613794	2
5725065	5744917	1
3945405	3945406	2
7215456	7215455	1
11402426	11322605	1
8841002	8841001	2
1555221	1589724	1
9904788	9904787	2
8158809	8158812	1
1230003	1197782	2
1747730	1796374	2
11185765	11185806	2
7350397	7350906	1
8532813	8547910	1
1674066	1674061	1
5119747	5119748	1
4229331	4229336	1
11859094	11866277	1
4033662	4043171	1
1793263	1793264	1
8798766	8800617	1
5911650	5911649	1
11732999	11733713	1
10601416	10601415	1
2681310	2681309	2
2372129	2413856	1
1368722	1374450	1
6165112	6165111	2
10243978	10158987	1
7053767	7021908	1
1079302	1122357	1
809534	810487	1
3905053	3953013	1
8898918	8908468	1
8903419	8833753	1
8696403	8696406	1
1560819	1558566	1
11170868	11170867	1
12153467	12175352	1
498080	399962	1
10547100	10543196	1
1298278	1298275	2
2877424	2877282	1
12615438	12615437	2
1395738	1395737	1
11432113	11432711	1
5917858	5978380	2
4401869	4401870	1
887351	874092	2
11436196	11436191	1
4625450	4625449	1
8193390	8193383	1
8502910	8470077	1
10744211	10746428	1
1760087	1778446	1
3739343	3739344	2
8498362	8498361	1
10038004	10039964	2
11586201	11629164	1
9058659	9058664	1
2906676	2960757	3
6048267	6048268	2
4525804	4525803	2
12801379	12801380	2
8437450	8445902	1
4442816	4442835	1
2452363	2452364	1
1037823	1037824	2
1724115	1724118	1
11889047	11851748	2
8153269	8153270	2
9129984	9129981	1
1264865	1264866	1
8865986	8871924	1
8325977	8334105	2
6166675	6175047	1
1720164	1663990	3
1610348	1613558	1
4901693	4901717	2
12147175	12147186	3
3924151	3924155	1
3715962	3704797	1
8787081	8706614	1
5970864	5966255	1
10909522	10920391	1
7930075	7930076	1
6368199	6368200	1
8165313	8130371	1
1006446	1006457	1
1189934	1189931	3
5731802	5743455	1
1577369	1577370	2
3629673	3629861	1
6967322	6967318	1
10261456	10259172	1
11567782	11567781	1
1214921	1249793	2
8414508	8414507	2
1586306	1586305	1
11124752	11124751	2
7181956	7261242	1
10339316	10324654	1
7190788	7190787	2
1458895	1458896	1
10413250	10413259	2
6172569	6172570	1
7206194	7248891	1
3100248	3168370	2
5977727	5977659	1
9977527	9977528	2
7131711	7131620	1
4503402	4503401	1
2259866	2259865	1
5661789	5692227	1
7551258	7534314	1
1620431	1620432	2
10274878	10273365	2
8283872	8287377	1
7719133	7790747	1
9663347	9659823	1
7322616	7322613	1
6042847	6042848	3
7672538	7628731	1
10720747	10710175	1
2176883	2173088	1
10006241	10092810	1
291238	295656	2
12714212	12714198	1
3536570	3465217	1
9696616	9779653	1
4904233	4904234	1
7453091	7453087	1
760341	760270	1
9364790	9364787	2
7343781	7287687	1
1660798	1660801	1
1829702	1825278	1
202469	202470	1
10377116	10377115	1
1148256	1136073	2
9081263	9078344	2
8510082	8527307	1
11531505	11531506	1
10127469	10136573	1
10226796	10179819	1
5968810	5968809	2
5631815	5631816	1
1347552	1347549	1
4493415	4536774	4
5734705	5757827	1
4328056	4328352	1
7751122	7751121	1
10704359	10707738	1
2352712	2352024	1
2664499	2664488	2
1777028	1777027	4
677376	674626	1
3101562	3101561	2
7746469	7837496	1
6191392	6201394	2
8984847	8984848	4
8648385	8623629	1
1435068	1435081	1
7224355	7224380	1
12402438	12364758	1
4067890	4053148	2
1044969	1044970	1
10486136	10486135	1
3215328	3215145	2
3378946	3378941	1
3133465	3133466	1
6893863	6848526	1
10034644	10092145	1
3737288	3737287	1
1185996	1185982	2
2081291	2111034	2
7263576	7263758	3
6212206	6210159	1
7698603	7698641	1
2431846	2431845	1
737048	724397	1
9757250	9777565	1
656731	659918	1
9139469	9138972	1
10576281	10576282	2
198940	198939	1
5750600	5814790	2
436049	436050	2
4677673	4677674	1
1370005	1370287	1
577393	577394	1
2272674	2272673	1
6346074	6411876	1
415477	415478	1
2096660	2096063	1
6872099	6872094	1
7920091	7923050	2
4446188	4445719	1
12783254	12783253	1
3624758	3623223	1
5302520	5302393	1
4007285	4037369	1
8980745	8989011	1
4621619	4621601	1
11922019	11935653	1
11378288	11378297	1
4704654	4704651	2
4358733	4362710	1
1612152	1604570	2
420572	420538	1
2115589	2132265	1
205155	205158	1
9677118	9681668	1
5586088	5586072	1
9991668	10012259	2
5243087	5243088	1
2519922	2519921	1
12230207	12241453	1
663112	656904	1
11906466	11906183	1
9574558	9574549	2
1280931	1280797	1
2101284	2101283	1
8448997	8448998	3
1001516	1014807	1
11585741	11593489	1
5462416	5461261	1
5010831	5010832	2
11608869	11608872	3
7542567	7590185	1
2535607	2535608	1
8684119	8687909	1
10844052	10844962	1
11064420	11135249	2
6807062	6807015	1
10177345	10175169	4
3515513	3517727	1
4552642	4552641	1
2942630	2940322	1
9114867	9124199	1
10388051	10388063	1
7908169	7861932	2
10560209	10560210	1
9196242	9183335	3
4408305	4344727	2
11389218	11389184	1
2222251	2222279	1
9773575	9773576	1
460725	437950	1
3516751	3530904	3
7025619	7098227	1
1583848	1640833	1
6007891	6007892	1
10156673	10156674	1
11802167	11802164	1
12009261	12009078	2
8793987	8793988	1
11447165	11447166	3
5947263	5947264	1
3985885	3960257	1
1096121	1088116	1
9719709	9719710	3
3454580	3454579	1
1803733	1803734	1
7471314	7471010	1
6046240	6048561	1
7274797	7283475	1
1567423	1567424	3
12680816	12678617	1
4069895	4064756	2
1600269	1600270	4
1108579	1158721	1
12754486	12694517	1
2283573	2283568	1
8461566	8418594	2
7406110	7405979	1
4498846	4497193	2
8678369	281141	1
10630652	8227952	1
7451662	7463033	2
8368388	8368556	1
8419853	8419854	1
9744143	9744110	1
6147246	6160217	2
9075894	9075893	1
5990456	5962304	1
12509249	12509250	1
2296227	2296228	1
12451520	12475657	1
5412351	5412444	1
11934128	11922011	1
8479174	8479173	1
7735297	7751123	1
7377065	7377098	2
7402422	7402415	1
4122530	4122529	2
7687915	7687916	2
10026288	10039694	1
1593842	1574040	1
4627093	4627848	3
2459450	2459447	1
10200398	10147803	1
2186270	2186269	1
8983775	8988443	1
575557	596747	1
1373868	1382533	1
11012910	10999547	1
9194695	9194696	1
3250662	3250661	1
10089957	10160354	1
9761953	9761695	3
525403	525406	1
8963989	8963992	2
594686	589005	1
9037686	9069504	3
6443651	6443652	2
10303033	794328	1
3870734	3909076	1
7262718	7262725	2
6182388	6182385	2
2946057	2946060	1
12184044	12183928	1
9129714	9129711	1
4382915	4428519	2
5328070	5328065	1
6259946	6334551	3
271146	271135	1
4593479	4593480	1
995657	995475	1
85427	85430	1
4447743	4447744	1
525860	525859	3
8730031	8730034	1
11245888	11245887	1
3230199	3160820	1
8473661	8473662	1
2424764	2424763	5
11306394	11325040	1
8475479	8475480	1
5158839	5159072	1
6925107	6996984	1
10134853	10134854	2
8312512	8312511	1
1205733	1233913	1
996836	1006381	1
12035269	12035270	1
8444395	8439059	1
7891799	7891802	2
10474544	10474541	1
1491464	1554787	2
4421626	4421625	1
10734116	10754116	1
9171725	9171732	1
9152779	9145761	3
4494433	4494354	1
8443732	8414509	1
8978894	8978891	1
8161050	8169757	3
4437113	4328415	1
6189457	6192512	1
11820591	11822082	1
3750327	3750033	1
7374896	7350972	1
3691701	3731968	2
6449487	6449488	2
12450901	12450902	1
2149144	2149143	2
3236451	3236437	1
3561729	3561714	1
51450	109802	1
8349375	8349376	1
9596056	9589389	1
10545521	10482912	1
11097241	11097242	1
11126187	11126188	1
10103235	10053384	1
4334476	4329387	2
4642849	4642855	1
7210320	7210252	3
3785199	3779469	1
12336762	12336761	1
2221385	2221386	2
3285300	3285295	1
448072	493761	1
1577373	1577374	1
3122085	3147472	5
1249486	1249480	1
1656715	1595842	1
4307978	4318082	1
2054771	2054772	2
6214117	6214118	2
4483695	4379931	1
6124036	6124035	1
5517093	5595163	1
4009288	3998609	1
9022897	9022886	1
8673664	8673663	1
4785177	4785178	1
5784052	5784051	1
165214	159273	1
8552487	8465323	1
4009830	4037740	1
10353342	10353337	1
1513893	1513764	1
6597768	6597765	1
8674531	8669688	1
10689876	10694515	1
10079347	10079348	1
519027	552588	1
5955754	5945760	1
1366023	1370728	1
8359787	8378320	1
11791192	11796461	1
5041406	5065536	1
7244629	7227972	1
2555402	2555401	1
9813153	9813154	2
3795893	3795894	1
10127405	10127406	2
5739679	5739525	1
7759472	7762115	2
4262350	4262349	1
1265808	1265517	1
8636431	8657988	2
3679698	3679697	1
8015176	8015747	1
4635689	4713069	1
10367612	10368514	1
3188074	3188073	1
2951110	2954609	1
6947960	6947959	1
2876692	2875900	2
4574472	4574471	1
5273070	5273067	2
1096599	1014819	1
2298176	2268875	1
8297139	8321072	1
9658788	9665636	2
879508	824304	3
8818999	8857943	2
8303765	8301702	1
8320881	8320882	1
2836016	2836015	1
2786665	2785247	1
3981610	3981607	1
8469744	8469743	2
6979109	6992221	1
10197576	10197575	3
5190224	5131165	1
7740901	7740902	2
11352322	11352321	1
11284616	11284615	1
10733103	10733104	1
5428672	5428671	1
7307805	7307800	1
4784419	4784422	1
1189115	1178409	1
1239962	1283565	1
6948990	6948989	1
3048938	3048937	1
1548448	1509958	2
12611677	12633520	1
577841	582418	1
8235847	8235848	1
3303760	3303763	1
10052288	10069549	1
10703852	10698386	1
3654402	3645992	1
3654338	3654363	1
3470661	3470662	1
9129132	9129131	2
11642784	11642783	1
7651167	7650521	1
6857389	6864169	1
3575302	3583483	1
1382676	1310371	1
11200831	11200832	1
1613802	1613801	2
632223	632224	1
5329268	5329197	2
11142802	11142793	2
11036987	11037001	2
1264029	1273284	1
3645090	3645089	1
11629751	11629752	1
7291316	7325742	1
5588333	5596022	1
1059044	1059043	1
4955258	4953510	1
7666527	7806073	2
3387983	3387984	1
4043229	3953853	1
9098943	9098944	2
7327772	7289060	2
4108907	4117661	1
10536070	10560057	1
287365	287366	1
4604350	4604349	1
4068896	4080327	2
6194617	6194684	1
10979096	10978656	1
5267395	5277785	2
1785538	1772021	1
250855	248288	1
7231141	7298552	2
8475750	8470960	1
8513809	8446674	1
4586928	4586886	1
137226	137225	1
8550253	8548474	2
5787828	5787690	1
1038019	1064128	1
628448	628447	2
5161878	5161877	1
8338422	8338421	2
11344480	11356638	1
3511043	3510837	2
3625387	3631173	1
2293844	2286640	1
6635386	6648860	1
6185740	6089271	1
8308274	8308271	3
1663335	1666916	1
9938012	9938009	1
10145565	10145566	4
12697274	12697273	1
6199413	6199414	1
5933945	5994767	1
2419895	2419896	1
9755285	9759793	1
8751589	8789262	2
4528826	4556772	1
9076823	9066969	1
2078612	2078611	1
5318001	5318002	1
3900575	3900754	1
9191866	9191865	1
7751385	7730058	1
12120864	12014738	1
5618204	5621562	1
7627620	7627619	1
7071637	7079627	2
5531139	5531140	2
1018780	993706	1
3824428	3824468	2
4415827	4414094	1
2077872	2077865	1
1921118	1921117	1
12640131	12634480	1
1650498	1654715	1
7831450	7814932	1
8835416	8833095	1
10457554	10457553	1
4236947	4253487	1
7735112	7735111	2
558597	558598	1
1566508	1566507	2
281159	281160	1
2606685	2618214	2
3250124	3250312	2
7021155	7025149	1
3211201	3211202	1
6151175	9858722	1
9724873	9724874	1
1865090	1887969	1
12380477	12348084	1
12509237	12509238	1
4036360	4036383	1
11207110	11207109	2
1092324	1073977	1
3043976	3071449	1
10329583	10335369	1
5878459	5955729	2
10239132	10239970	1
9440036	9503398	1
9889312	9858760	1
5114966	5114965	1
965427	965637	2
8444165	8444166	2
629378	629377	1
11099745	11102023	1
10349235	10316172	2
10283432	8039715	1
7113286	7113384	1
8235302	8235301	1
2782859	2782860	3
3259364	3259363	2
1187860	1169619	1
5820151	5853009	1
7359672	7359666	1
6113264	6113263	1
7762114	7762113	1
7639254	7638065	1
7194585	7194588	1
11392993	11393006	1
8922870	8922869	2
2282273	2520603	2
8705425	8700771	1
6717818	6717822	2
8970202	8871101	2
5750272	5750271	1
5409983	5409984	1
10523926	10522494	1
2462038	2462037	2
3201760	1121516	1
7885742	7885567	1
12501637	12487479	1
3311223	3311224	1
7619953	7595778	1
7127054	7127053	1
5970578	5970558	1
903613	903614	2
6210721	6210722	1
12142701	12142704	1
12239201	12239202	1
7029823	6966093	2
4670763	4670764	3
11204335	11198752	1
8275503	8275813	1
11073317	11143273	1
11374338	11330914	3
10388450	10400130	1
6075322	6077274	1
8284953	8281339	1
6675576	6675575	4
9682528	9682527	1
9010010	9010009	2
1666189	1647676	1
2595199	2595200	1
1523368	1523367	1
6705814	6697201	1
9631204	9631320	1
12148127	12148128	1
4300594	4300593	1
1486449	1486515	1
5165914	5226450	3
10308697	10310902	1
6633033	6633139	1
4955921	4955922	1
3667536	3667346	1
7284382	7284381	2
2181172	2215277	2
8874298	8873834	1
7107839	7192603	5
6618468	6617609	2
10927124	10946665	2
5267393	5267394	1
7230650	7168061	2
10446296	10446611	1
7160025	7160026	1
3870217	3987480	2
10216340	10227390	2
10589736	10540012	2
805381	805379	1
11981052	11981051	1
6388713	6388714	1
1640895	1651468	2
12183009	12183010	1
1598579	1598451	1
7864430	7864392	1
3438710	3526408	1
10732287	10732288	1
9708263	9774645	1
3593915	3543201	1
2891958	2891957	4
1188349	1188350	1
9165571	9175958	1
506422	440837	1
6832589	6832592	1
1411347	1410610	2
12745169	12745159	1
10947917	10947918	1
3046549	7665430	1
1409552	1459343	1
1312274	1312273	1
192443	192446	1
8980519	8980520	1
5360108	5353138	1
3295246	3285948	1
4611134	4681766	4
8396476	8395570	1
5460429	5481698	1
4212764	4212776	1
11043056	11043053	2
10290305	10290308	1
9010006	8896779	1
10219888	10219887	2
3776292	3769412	1
11896243	11896246	1
10726714	10726925	1
436051	420551	1
9186506	9186505	2
2369736	2369733	3
7306097	7306098	1
8776608	8776607	1
4535348	4535347	1
7446305	7446308	3
1934639	1934640	1
1739989	1739990	1
7357855	7354031	1
11041192	11041191	1
2177949	2093536	1
7798312	7798309	1
2718094	2709522	1
246233	246234	1
7842475	7830621	1
222940	222939	2
9372540	9372553	1
9604095	9607282	1
8291413	8286506	1
4987561	4988600	1
2458734	2459138	1
9100518	9100521	3
9916426	9916430	1
2472188	2472159	2
5975836	6017543	2
2707962	2735958	2
7492715	7492698	1
10358339	10369898	1
10820181	10820182	2
722177	722178	1
11993388	11993565	1
8582966	8565378	1
3800602	3800601	2
8080033	8082343	2
4377639	4377640	1
1262049	1344497	1
2443465	2443397	1
10283577	10283144	1
10231057	10256282	1
11337123	11344055	1
3686680	3686671	1
8878068	8878067	1
9490829	9490830	1
10454236	10449722	4
8482666	8482665	3
207467	188381	2
5753251	5753527	2
9341108	9341107	2
6124966	6124965	4
10684936	10683864	2
3181718	3075049	1
9178973	9178974	1
335693	341656	1
10540292	10616359	1
3749054	3747764	1
6898751	6898752	1
9795330	9793544	1
12407582	12402862	1
2494464	2494463	1
1045996	1045968	1
4338606	4338666	2
2409247	2402449	1
8684218	8621984	1
3150148	3149714	2
8015981	8026821	1
1836460	1769445	1
9816644	9816434	1
4175033	4170753	2
5356063	5356064	1
3029633	3049504	1
1092654	1092653	1
9578897	9594456	1
4064669	4063967	2
2190357	2190358	1
363794	370055	1
9421483	9461939	1
10537670	10537689	2
122278	122129	1
547592	547591	3
9113328	9113327	2
472794	472793	2
3499687	3499688	1
2168346	2295248	1
387796	380057	1
4011928	4011977	1
3379061	3364409	1
398905	398906	3
10495518	10566132	2
8318458	8383044	2
6822899	6847522	1
2941643	2922742	1
3253015	3260861	2
9003224	9003056	1
1681269	1706356	1
7291209	7153359	2
1704962	1704961	2
530319	538022	1
12613907	12665327	1
8213392	8213391	1
10552979	10552980	2
2803209	2803210	1
8265645	8351740	1
1770939	1770940	1
9124091	9102304	2
8272120	8272096	1
10150271	10147550	1
1795582	1740441	1
5361542	5361541	2
1066865	1013787	1
9958452	9960297	1
1804022	1799224	1
4595024	4612364	1
12036451	11975707	1
1305743	1294162	2
150854	163839	1
932311	932312	2
2672910	2672909	2
9706717	9709023	1
8512765	8512766	2
1118706	1118705	1
1704960	1705118	2
11809802	11796892	1
7099622	7099401	1
4132901	4132895	1
11590562	11594605	1
5100776	5100784	1
536474	444707	1
1775634	1764444	1
7717040	7717021	1
10734967	10708892	1
3585215	3585007	3
7872757	7859245	1
1522027	1522028	2
9709646	9709645	1
1518243	1518262	2
4578142	4516966	1
6681991	6681988	1
10738131	10738115	1
1045250	1045249	2
12330120	12237048	1
341352	377492	1
2888546	2888022	2
288104	151228	1
8340300	8328099	2
12799502	12799501	1
3384675	3384661	1
6064485	6076929	1
5931134	5931133	2
1217985	1208120	2
11728959	11728962	2
2896308	2938580	1
12023405	12033926	1
5982451	5982454	3
6076390	6076389	1
5449666	5449665	1
11678169	11681529	1
2721889	2683985	1
942290	897858	1
10085362	9979108	1
5742737	5742738	1
6175855	6197009	1
6083971	6083974	1
1107214	1183336	1
70813	70814	1
3061818	3061817	1
12453290	12371012	1
246275	175343	1
7975385	7975386	1
7124265	7124266	1
10684322	10684314	1
1573793	1573794	1
11647460	11647275	1
8895977	8895978	1
4849605	4849680	1
11029880	11126388	2
2130749	2125314	1
1311340	1302388	2
5794049	5810069	1
10229042	10228970	1
9986280	9922087	1
1332359	1323155	1
12715399	12718143	1
4739568	4739554	1
325080	250347	2
1276467	1235837	1
10635139	10642855	1
10699362	10699359	2
6593888	6594620	1
9244482	5871586	1
5562546	5562545	1
8884036	8884069	1
9628895	9628899	2
10055268	10055267	2
7650269	7650270	1
6026110	5960272	1
6554881	6554899	1
3247111	3247156	1
4089254	4093644	1
814491	804804	1
6117329	6203124	1
7293934	7303391	1
11148494	11148493	1
4549773	4544866	1
12207742	12207680	1
12795197	12795191	1
10615808	10624510	1
7441186	7441176	1
12468647	12468365	1
8455534	8455533	1
11199773	11198425	1
8846552	8846551	2
9883334	9896263	1
1618826	1633941	1
10957205	10957208	1
5343219	5343221	1
1306894	1211021	1
9949013	9939847	1
5088774	5088631	1
10250792	10250799	1
7410491	7350984	1
6788880	6788957	1
7332382	7332381	3
3739542	3739541	1
6203851	6132208	1
8547911	8547912	1
4500929	4503401	1
11150896	11121971	1
10061664	10061645	1
4533176	4441253	1
436095	436098	1
10723670	10723669	3
4813028	4813027	1
6033658	6054191	1
3853614	3853616	1
10622557	10719831	1
1524913	1502993	1
8095603	8165462	1
6279126	6279125	3
3358536	3358523	1
12259653	12259656	1
3646974	3644014	1
5845053	5845096	1
6214119	6214031	2
2454377	2382916	2
11499546	11485157	1
10230314	10233646	2
2715552	2642034	1
8997064	8997063	1
9377013	9382215	1
3310201	3310202	1
2781609	2781610	1
1212640	1212639	2
11587534	11587410	1
7302116	7298752	1
7902665	7902666	1
1088539	1088544	1
2191523	2191524	1
3015778	3015777	2
5319169	5314628	1
2780974	2731047	1
11191438	11202017	1
9467983	9467984	1
1826963	1833742	1
4076513	4076514	1
3092177	3092178	1
8322415	8320880	2
6855023	6846762	1
3825698	3825697	2
1952749	1956942	1
7559846	7559845	1
1269096	1269095	1
2160106	2160147	1
8884872	8884720	1
11759343	11835747	2
3105048	3116401	1
9680388	9682939	3
3386187	3320729	1
10669548	10654011	1
1381362	1383099	1
3510928	3463000	1
6143084	6143096	1
1767151	1767152	1
1516567	1516568	2
2788975	2861956	2
7825731	7824209	1
3910218	3910217	1
3289606	3289605	1
681290	699595	1
9649342	9649341	1
10789283	10789284	1
3959002	3960878	2
3413949	3413950	1
9923283	9923516	1
5071599	5071600	1
9664751	8802858	1
6079990	6079989	1
3661697	7577553	1
3564390	3567611	2
3965683	3965684	1
12794503	12794504	1
11303026	11303021	1
3775036	3729732	4
1635830	1635796	1
3927103	5915637	1
521748	521747	1
268591	268595	1
6887893	6893084	1
4410134	4410131	2
12479653	12479643	1
4154751	4154752	1
7427379	7433788	1
11586699	11586700	1
584708	593639	1
785643	775353	1
1446917	1446956	1
1771538	1771740	1
2505241	2505242	1
8877502	8877501	1
2538930	2551787	2
10980202	10980019	1
5987639	5997575	1
2165724	2178977	1
10661360	10661362	1
10034250	10034249	2
1196385	1196386	1
10936896	10933893	1
12035271	12123940	1
1051835	1051836	1
10289995	10289979	1
9855980	9855979	1
1826800	1826799	3
1776910	1836004	1
9037251	9037252	1
1101098	1087957	1
1594244	1652296	1
5360288	5374106	2
8152472	8152952	2
4381497	4381498	1
11960000	11960225	1
10703328	10703327	1
8673715	8673716	1
254613	225833	1
5868399	5951504	1
7388278	7388277	1
5948064	5955315	1
7449985	7449986	1
3194567	3194570	1
3961135	3961136	1
10874970	10874969	1
4323175	4323176	1
8943231	8923628	3
10618732	10618717	1
8845160	8838029	1
7494496	7494495	1
4254957	4254958	1
6124970	6124969	1
1453044	1453043	1
10120966	10103237	1
2727584	2729135	1
11645071	11644971	1
10988662	10988525	2
7002296	7016971	5
6397811	6361410	1
1085723	1084621	1
9601138	9680839	1
2715552	2642032	1
8763420	8842690	1
6276084	6276087	1
11365302	11365301	1
8443055	8443912	1
4697699	4697526	1
10957205	10957206	2
3377459	3377460	1
3270643	3270644	2
340526	337746	1
1984208	1983957	1
9932315	9939672	1
11530407	11530408	1
7113437	7177991	1
4191123	4189218	1
743267	743268	1
9569001	7333185	1
4421866	4421865	2
8892759	8892435	1
6176470	6188385	1
5704816	5692716	1
1726529	1726530	1
7109069	7109070	1
2282125	2282128	1
12537025	12401898	1
3998142	4004262	1
4799292	4799291	1
1469924	1469923	1
165055	165056	1
2178015	2178016	1
3357664	3364693	1
8256616	8256524	1
3711871	3711872	1
5406128	5392303	1
10954867	7056936	1
2264195	2310833	1
8704911	8720295	1
8395467	8395441	1
7898620	7898616	2
2725471	2679566	1
11734935	11734930	1
10616794	10616793	1
4772618	4782290	1
2014217	2147909	1
6035205	6079991	1
9066654	9066935	1
4069193	4070658	1
7861556	7858838	1
5335761	5389513	1
2796856	4355039	1
10615203	10608356	1
3259362	3259361	2
1005337	1005338	1
4852433	4853013	1
3002472	3004908	1
525403	573269	1
10257862	10291108	2
5814066	5811556	1
1003674	1003672	2
8898925	8898928	1
6219122	6219133	2
4666609	4666736	1
11187769	11163459	1
10708415	10707888	1
12145313	12145481	1
2457232	2531801	1
10599369	10639334	1
5933945	5994765	1
5050807	5050808	1
3834632	3834631	1
9620154	9623854	1
5391693	5365120	1
8391926	8391923	1
4546788	4546787	1
7736254	7746315	1
2892057	2892058	4
11847950	11847949	1
9687624	9716273	1
4341189	4345693	3
12122447	12122448	1
616173	616174	1
4102404	4102403	1
3032326	3035482	1
6102900	6168200	1
4318657	4318662	2
4631981	4631984	3
1556940	1556939	1
10712871	10713316	1
12459357	12451523	1
1682029	1682030	1
7624604	7624601	1
11960224	11960223	1
5578411	5578399	1
3037697	3095920	2
8049828	8049827	2
1833889	1833890	1
1623446	1623441	1
5671482	5673805	2
7529592	7509589	2
11495640	11495639	1
638405	690725	2
8676182	8676181	1
7828746	7828743	1
3568381	3531370	1
4704650	4704649	2
4799151	4804460	2
11057350	11057349	3
1108735	1108736	2
1567421	1567422	3
6677784	6787576	1
3129443	3194083	1
9292532	9292531	2
3507841	3507844	1
3594925	3594926	1
6108777	6117165	2
1411027	1421906	1
7191073	7172342	2
1689645	1689646	1
10536074	10536073	1
1748145	1778419	1
2632949	2632950	1
10250681	10265502	1
2890901	2890915	3
5513719	5510169	2
475718	547282	2
4068137	4068138	1
9031107	9032596	1
8088836	8088835	1
11505807	11505808	1
10024245	10025607	1
4090107	4090108	2
9420697	9424904	1
292818	324022	1
11680134	11775254	3
7214219	7214220	2
2093044	2082234	1
275819	275820	1
3500636	3500635	1
12124998	12121334	1
5251629	5251540	1
12359013	12348457	1
9921911	9921914	1
3072115	3072222	1
201543	201544	1
2334912	2334911	1
2643537	2658366	1
8446675	8446678	1
8843785	8843799	1
1332930	1444743	1
3085407	3085408	1
6915215	6977266	1
3184235	3180026	1
4714768	4706220	2
2089130	2089129	1
8570873	8574067	1
8287164	8281474	1
4195916	4169452	1
2353555	2378706	1
2580211	2578396	1
1283105	1283106	1
2511874	2511873	1
5898362	5898361	1
3364798	3364797	2
5839419	5839420	1
9785585	9774905	1
9543292	9543295	2
4563297	4554484	1
3290563	3290564	1
2936455	2936456	1
3156991	3156992	1
2642964	2646202	1
7804639	7799902	1
4159676	4159681	1
6075019	6100789	1
9416016	9416015	1
6211868	6211917	1
9065562	9065339	1
2364068	2405795	1
4325572	4325571	1
7818979	7818980	2
3948644	3957822	1
10744350	10744349	2
10574779	10578090	1
2980984	2980983	1
11175649	11178654	1
168482	168481	1
5103021	5103022	1
10760021	10753978	3
5151591	5151185	2
9304894	9304893	1
4344451	4273730	1
5301219	5277927	1
1077587	1077552	1
11251978	11251977	1
3533537	3533538	1
2390417	2390418	1
10757726	10722429	1
277425	368400	1
7306549	7252598	2
9062813	9082151	2
1395538	1395537	1
1173094	1167090	2
8746985	8746986	2
7388276	7388275	1
4382955	4382956	2
5742617	5742618	1
3639200	3639199	2
11029884	11029883	1
5751742	5751745	1
11519017	11534602	2
5053595	5053592	1
7941402	7941401	1
6177229	6177230	2
11350644	11350643	1
8845229	8845230	4
12028058	12028227	1
12777710	12661413	1
10944915	10944916	1
8615301	8615472	1
8571636	8571631	1
7274680	7281890	1
3191994	3191997	1
5869870	5871570	1
5498102	5545959	1
3963713	3875791	1
7666812	7672539	1
12641409	12641423	1
10604941	10520328	1
4031620	4031530	1
5978222	5978221	1
4243857	4243858	1
9558983	9630903	2
7202513	7206459	1
4527560	4527559	1
5318922	5318793	1
9055603	9047732	1
2334049	2334137	1
3502200	3502208	1
3511609	3519507	1
8289198	8297318	1
5862861	5883362	1
10617477	10617478	1
10290969	10290970	1
3569769	3560363	1
8447209	8447210	1
10454750	10476213	2
10271612	10231101	1
133859	175404	1
5060813	5046136	2
5095155	5097661	1
10473947	10473950	1
7311874	7336941	2
225305	225409	1
9392990	9338397	1
3368574	3368573	1
8230426	8228436	1
9361595	9361596	1
7884336	7899468	1
9749095	9753499	2
475720	475719	3
9190592	9190591	1
11395658	11399216	1
12206391	12206394	1
3314114	3314111	1
8617404	8520423	1
8566601	8482238	1
6926853	6926854	1
7393602	7393601	1
8017524	8017276	2
2004510	2004509	1
8289729	8345490	1
6811690	6811724	1
12171657	12123653	1
1285074	1178086	1
10551134	10551133	1
3241303	3241304	3
5956040	5956039	3
7381086	7381083	1
4366830	4366827	1
11046229	11046232	1
10595351	10595324	1
8152472	8152954	1
9408227	9476972	1
2333319	2404000	1
9670647	9698230	1
10177413	10177416	1
11760123	11806847	1
10046578	10057115	4
2381282	2381281	2
1358945	1401076	2
1581161	1581162	1
8640097	8664255	1
5862228	5862227	1
3737981	3737964	1
5279230	5279229	1
8872254	8872253	1
377559	377560	1
9032280	9032279	2
4028803	4028810	1
9660321	9660322	3
6489802	6493483	2
12256668	12244320	1
2277254	2277253	1
4780809	4792907	1
4421506	4421446	2
3262487	3262488	1
7598095	7662126	1
12452239	12463465	1
442341	442342	1
3569387	3537350	1
2186003	2186006	1
3117735	3185886	1
4102609	4102610	2
709919	709920	1
2607988	2608093	1
10048566	10048561	3
7397250	7397243	1
1532967	1551324	1
5977425	5977426	1
12442980	12383070	1
445999	446000	1
11316567	1105124	1
3623004	3751074	1
2537214	2548751	1
9797767	9797768	1
1415993	1415994	1
5981300	5992270	1
2578411	2578412	1
9721638	9721637	2
4457716	4459282	1
1196667	1196668	1
5448381	5448382	1
12311034	12262736	1
9346779	9346581	1
12614668	12614646	1
1533242	1533244	1
6059086	6149518	2
7603418	7603411	1
1264668	1195071	2
8614179	8614180	1
12473842	12423394	1
6019426	5975562	1
2358562	2358561	3
2275434	2275433	1
4035006	4035005	1
6652807	6652808	2
8014261	7996984	1
12450420	12450391	2
8070284	8169028	1
9669743	9669744	3
8706573	8709559	2
9351862	9320321	1
3454750	3454749	1
8803414	8805241	2
2901231	2813124	1
7258497	7341237	2
9012263	9011741	1
10090286	10090993	1
1469213	1402346	1
11046542	11034189	1
10054607	10016338	1
2813086	2807057	2
3353978	3353977	2
8367784	8367781	1
8970204	8970203	1
1347127	1349539	1
9188998	9189018	1
2452361	2452362	1
9519661	9519664	1
5562546	5562543	1
3111195	3111196	2
1978839	1978840	1
4478108	4446211	2
11518613	11518616	1
3015278	3015277	2
5234805	5212227	1
2459447	2470745	1
2986065	2985794	1
1289560	1289571	1
10209585	10209586	2
6073578	6070106	1
10432221	10438085	2
3158254	3235853	1
10093724	10123494	2
8319186	8348850	1
10540696	10537145	1
8330936	8330942	1
11624061	11625833	1
8448999	8449225	2
8174302	8174301	1
11854069	11229239	2
12311568	12353783	2
9038969	9038972	1
1130622	1130621	2
2252378	2252377	2
6720494	6705555	1
6315527	6315530	1
8963927	8963928	1
6015832	5922043	1
2876212	2876211	1
2665007	2665008	1
11180362	11180361	5
10576798	10576797	1
3100881	3100882	1
1451226	1503930	1
1656165	1656252	1
5601882	5601881	1
2415688	2415687	1
12631907	12631919	1
7006403	6996869	4
8792958	8793910	1
3820353	3828692	2
2849092	2849031	2
5069367	5183848	2
7586410	7586409	1
6597802	6636238	1
10297530	10255343	1
10629302	10620446	2
11419832	11436187	1
3972713	3972714	1
808117	808229	1
1333176	1437374	2
6157438	6143918	2
9384217	9384218	1
1092326	1092325	3
3214141	3214142	1
1605470	1601519	2
10432199	10525744	1
11060442	11050159	1
6237974	6237973	1
3466677	3466680	2
8616347	8616336	1
6383360	6383359	1
3484593	3484594	1
11584618	11590577	1
2928324	2928323	1
8708458	8708457	1
11969970	11969950	1
7855510	7855498	1
10805552	10817911	1
10762548	10762574	1
5280749	5280753	1
2506856	2556045	2
5328070	5328067	1
4375850	4370121	1
11352513	11352514	1
4046003	4046031	1
5610816	5622343	1
6205994	6205996	2
493871	488877	1
11305862	11305415	1
8969748	8969747	1
10811253	10811254	1
3336487	3336488	2
10484776	10478583	2
7309558	7309989	1
7410489	7410490	1
8389885	8413697	1
3246295	3246296	1
9566379	9566380	1
3676218	3666811	1
7446449	3631509	1
4017193	4017194	3
11002165	11002168	1
1708169	1720121	1
10205722	10205721	2
6428875	6428855	1
1318093	1339586	1
10762115	10720017	1
7356975	7284207	1
5238078	5238077	1
10025107	10040934	1
7502965	7502968	1
5768971	5768972	2
12715684	12715683	3
10133141	10134399	1
681067	681046	1
3977371	3977372	1
12533762	12533761	1
4540513	4545475	1
7135576	7139618	2
4337374	4337373	1
10118583	10118655	1
7088048	7091717	1
5839639	5834658	1
6117974	6117973	3
1760277	1760395	1
6052821	6044541	1
4517442	4513747	1
1612213	1612214	1
11199316	11200720	1
5450049	5468560	2
11919353	11919265	1
3825660	3825657	1
1577371	1577372	2
953678	949339	1
8939322	8971575	1
9352532	9352516	2
11086137	11085133	1
10225001	10225066	2
869542	882451	1
6788298	6787153	1
10390483	10383274	2
3378815	3378816	2
9717113	9720738	1
8786498	8786511	1
9162650	9166165	1
6172385	6172390	1
8623266	8704449	1
6017493	6017704	1
9858761	9858762	1
2451824	2451823	3
4067930	4067929	3
12225010	12225163	1
4661221	4661222	1
1700298	1700273	1
3867910	3867437	1
2727755	2727756	1
9705954	9705953	2
8586741	8586742	1
3774279	3800584	1
7765880	7767935	1
10119245	10112163	1
4564942	4602298	1
4796469	4794663	1
12607357	12607358	2
5607667	5607685	1
5997954	5997961	1
7207219	7249076	1
1193637	1193651	1
6846609	6854122	2
8431304	8415627	1
1099359	1099360	1
3876152	3876151	2
1932728	1932727	1
8202706	8202703	1
3717188	3826648	1
6119137	6119134	1
6265050	6261649	2
7426530	7422717	1
7314991	7314992	1
6313016	6312995	2
4852151	4791973	2
1709309	1709027	2
8896031	8910126	1
1620975	1620981	2
8398341	8398342	1
6758064	6693663	2
904251	895764	1
168481	169167	1
12577267	12577264	1
6116049	6116050	1
9082791	9082777	1
8734523	8734526	1
348956	348955	2
4107838	4107837	1
11471220	11471219	1
8277899	8271505	1
12170642	12170641	2
1590361	1590362	1
8401794	8324827	1
5197202	5191942	1
10676616	10676611	1
1850912	1860566	1
9479034	9599338	1
2596092	2596087	1
11184896	11183472	1
2749771	2749772	1
1911534	1911533	1
3117279	3117184	1
4525207	4525553	2
6069484	6060940	2
1202443	1229087	1
436040	436039	1
9704674	9704673	1
11960000	11960223	1
3882290	3882289	1
3777438	3888490	1
2678388	2678300	1
3285068	3285067	1
12607722	12635587	1
8340725	8340726	2
6347972	6345142	1
2232212	2231959	1
8031161	8030804	1
4312200	4308875	1
2411201	2349320	2
12020788	12024956	1
4370358	4370833	1
9175821	9180840	1
12622120	12622117	1
3215575	3215576	1
10228153	10228154	2
5324292	5233653	1
11004384	11123047	2
10156949	10156950	1
6198111	6212143	1
10674074	10674054	2
11617742	11617739	1
6807096	6807095	1
2367714	2367879	1
7929339	7929340	2
1600271	1600272	2
1568579	1519046	1
7650971	7650972	1
5844386	5888127	1
11382790	11382789	2
5512590	5502152	1
8848009	8905083	2
9677718	9618434	1
4101812	4109127	2
4665508	4665506	1
6040404	6040403	1
3664500	3664499	1
660502	660524	2
9071923	9071943	1
11615142	11615141	3
6348299	6361303	1
12808692	12808613	1
10255762	10255747	1
8873582	8876710	1
6722791	6722734	3
6097309	6003372	1
4094334	4093864	1
641707	576575	1
8995819	9038225	1
537971	458191	1
7928250	7969138	2
8507679	8507680	1
8413402	8342802	2
4040706	4017192	2
10069564	10052293	2
156202	156237	1
11120126	11171204	1
2583319	2583538	2
2746287	2785794	1
341363	341364	1
12386119	12386120	1
4332001	4332002	1
7131264	7131263	1
8355100	8331198	1
2981530	2999638	2
7380896	7343865	2
2954081	2941166	1
1121637	1121659	1
2678359	2678360	1
9355738	9355737	1
12472708	12547683	5
1738676	1738611	1
3253061	3316041	1
6035763	6033380	1
11116404	11165036	1
8728583	8728576	1
1545350	1545325	1
3289854	3289853	2
5956670	5876612	2
11530465	11544072	1
186201	206180	2
5048016	5042095	1
2261056	2261055	2
10067638	10068279	3
2681308	2640449	2
3100348	3100347	1
4631979	4631980	4
10265838	10265837	1
9748243	9737871	1
1312272	1263657	1
2446737	2446791	3
3235505	3235506	2
2427487	2411238	2
11994053	11993898	2
6926369	6920762	1
3976916	3903401	1
8402543	8403181	1
3359678	3359529	1
10252289	10252292	1
2374637	2374658	1
11078746	11078745	2
10627665	10627666	3
2295628	2255356	1
2386731	2386732	3
9615838	9615837	1
6171259	6171255	1
1125156	1092969	1
7952643	7946543	1
2149142	2105603	2
9505623	9505624	1
10275662	10275661	1
11130249	11138576	1
7390227	7390116	1
10431708	10431707	4
7143890	7089902	1
9526217	9537219	1
8226410	8226409	1
9669741	9669742	6
6203057	6203081	2
7296146	7324697	4
12681521	12681522	1
1343340	1336069	1
9143792	9143467	2
7236299	7293439	1
5663982	5668167	1
4477215	4458926	1
7298827	7232579	1
6498644	6612437	2
8786829	8786830	1
3100438	3100609	1
5293491	5293492	1
3960953	3960954	4
4219831	4219832	1
11506717	11506675	1
9192839	9192842	1
12157198	12158556	3
3089410	3160447	1
4812467	4811897	1
8889853	8836068	2
11616149	11616150	1
10228426	10256691	2
5536484	5536469	2
9028851	9028852	1
3796945	3796931	1
1480705	1489461	1
9118593	9089923	1
1802164	1802163	2
4699432	4699431	5
3238982	3238979	1
8454545	8454546	1
6105815	6105816	3
11631376	11626826	1
2848818	2848803	1
8383874	8368483	1
10627667	10627670	2
4311789	4311790	1
1996351	2079674	1
4462331	4401119	1
10462788	10462791	1
1166239	1166240	1
7291996	7247239	1
2304587	2304579	1
1910214	1910213	1
9680696	9691072	2
9385224	9382481	1
3643087	3686071	1
5994690	5989583	1
4813005	4813006	1
80407	80963	1
811162	775024	1
3333158	3376557	1
8792626	8792582	2
9744300	9744440	1
9138165	9138166	3
8578054	8578053	1
3624670	3701300	1
4507424	4477738	2
7751382	7751381	1
5889168	5889156	1
10932461	10933756	1
10686523	10761905	3
1279772	1309878	1
12527736	12527742	4
3858440	3778656	1
4570231	4570232	1
10716270	10716269	1
5862230	5862229	1
12666511	7668110	1
12237195	12237196	2
4040619	4092262	1
2330167	2330168	2
6379353	6410886	1
11759271	11759272	1
10715130	10715129	1
3063240	3063239	2
9600580	9749269	1
6305368	6304064	1
2249959	2305063	1
5328066	5328065	1
1562066	1501458	2
2745380	2745379	1
6020848	6020847	1
4377754	4472105	1
5725880	5725879	1
12597393	12597621	2
8738184	8717844	1
1646380	1731111	1
11375134	11366033	1
8372149	8372202	1
1724115	1724120	2
12198820	12198817	1
4428026	4295874	4
6202702	6202701	2
12028450	12028449	1
3579614	3579613	1
4213500	4212847	1
5471193	5471188	1
1283460	1263293	3
7614520	7614519	1
2134147	2177333	1
7782737	7771313	1
11283936	11323122	1
10539921	10539938	1
1515930	1513257	2
3854117	3954875	1
3979696	3979851	1
5020643	5020687	1
1092892	1092891	1
1189934	1189929	1
3812099	3812131	1
1391637	1391625	1
2614348	2614347	1
7463335	7463319	1
11368699	11368700	1
1058453	1013105	1
7561296	7548764	1
7078914	7007975	1
3148172	3148226	1
11151712	11151958	2
1535146	1535145	1
10615008	10615007	1
11579576	11579575	3
6672735	6672736	1
3926912	3926911	2
8490026	8490051	1
6178414	6104079	1
1629038	1629033	1
1839172	1839169	1
416425	415780	2
1030537	1030538	1
11466095	11466106	1
6378747	6358159	1
6199301	6199302	1
11061744	11061743	1
3215476	3205861	1
1463723	1463726	1
7623780	7626381	1
12260823	12260826	1
7257627	7257628	5
5240538	5238079	1
2563900	2561949	1
1026371	1026374	1
7888194	7895421	2
10114316	10142137	1
7998482	7998479	1
8105674	8092778	1
3340420	3340419	2
3933356	3933355	1
11431992	11431989	1
8085131	8085132	2
4940378	4940377	1
4524835	4524768	2
2086226	2086053	1
1505783	1573695	1
10485144	10485143	3
3185739	3249894	2
7290374	7290371	1
8638661	8656119	1
4748047	4747703	2
6997006	6997005	1
1981436	1926142	1
12635101	12636200	1
8376200	8383577	1
4472665	4472666	1
7638926	7662802	1
1773833	1773834	2
11309857	11305607	1
4910805	4910718	1
6124036	6129611	1
11649314	11649313	2
897093	897027	1
9670021	9670022	2
11929767	11929743	1
3037353	3037354	1
497793	497794	1
11923978	11891514	3
8086652	8080683	1
3715293	3698319	5
5697588	5699489	1
4115840	4058899	2
387872	387869	3
7612178	7667936	2
12132136	12052007	3
9100554	9173222	1
10113514	10113513	1
6636541	6636542	1
1532831	1532834	1
11740628	11786158	2
5881483	5866319	1
6029629	6029632	1
6142226	6142221	1
12533512	12479967	2
11600276	11655891	1
9392812	9355759	1
3871845	3871846	1
7397380	7397379	1
10356867	10356868	1
3999923	4000158	1
2768699	2768704	2
9505625	9503440	1
9146071	9146072	1
2343445	2339324	1
3830895	3827525	1
11503534	11500699	1
2530755	2539765	1
11007210	11031187	1
8888864	8811417	1
2124159	2044283	1
2429027	2429028	1
7829363	7829350	1
4405851	4405852	1
8089597	8089598	1
8483733	8483696	1
7299180	7299179	1
2834384	2828251	1
10318977	10318838	1
10749645	10749646	1
9804518	9728391	1
6345081	6345082	1
3684443	3684444	2
8305649	8306234	1
5929680	5926322	1
7454707	7454708	2
3855521	3829284	1
1393958	1393957	2
7211069	7259668	1
2484078	2496246	2
857283	857284	1
1196022	1196027	1
3682777	3682789	1
6361297	6366347	1
348528	348530	1
5549525	5549526	1
1840541	1840555	1
1342154	1367316	1
298000	297992	2
9385092	9385091	3
12003431	12003432	2
12773603	12773606	2
2105028	2105027	2
7437401	7437402	1
4074741	4074742	2
1138840	1138839	2
11779067	11790533	1
7388180	7413006	1
8896803	8896804	2
2801067	2807596	1
8971114	8971113	1
1234820	1226879	3
505457	455979	1
1136858	1136857	1
1768534	1768533	1
10409983	10418907	2
3544413	3631756	1
9056747	9056748	1
327606	300734	3
10729744	10727551	1
1401077	1401080	1
2610048	2608057	1
2755734	2755698	1
7753619	7827573	2
7778441	7777145	2
5950033	5950034	1
4650373	4650377	2
433383	443662	1
853562	853559	2
288937	288927	1
12559273	12559274	1
9076014	9111060	3
12258627	12258628	1
7116716	7116715	1
5159718	5159717	1
12444349	12444350	1
181787	181794	1
11331274	11331273	1
3763338	3763332	1
8334258	8321993	1
10759351	10759352	2
1337356	1337355	1
11777033	11777034	1
3867322	3867321	2
8129509	8129510	1
4746399	4636520	1
4343739	4414493	2
8031199	8031200	1
1602969	1566475	2
11980908	11980907	1
8992983	8992984	2
8230413	8230250	1
10587536	10646924	2
8212142	8161129	1
3317251	3317265	2
121478	121475	1
8244250	8239589	3
6193884	4825604	1
8713889	8713890	1
11886379	11886380	2
3129072	3087367	1
8417494	8417497	1
1045398	1045397	1
10221109	10221110	1
2180907	2227143	1
11923934	11923933	1
12181843	12198163	2
12536976	12592526	1
1629025	1636918	1
7493189	7493190	3
10240372	10236142	1
5350377	5352954	1
9830998	9830997	1
1938717	1937113	1
7252580	7252579	3
10218548	10163442	1
442276	442275	1
9682679	9682680	1
9774985	9774986	1
952936	953421	1
4729498	4728951	1
9578699	9578700	2
4668712	4718870	1
2244088	2260970	2
5345989	5345986	1
6174473	6183437	1
1620429	1620432	1
5857779	5857780	1
6193886	6193885	2
6927522	6927521	1
3687173	3687174	1
11501101	11547992	1
2775420	2763383	1
1147577	1147580	1
12672257	12676611	2
1833333	1782499	2
935535	935536	1
5720756	5740374	2
4441149	4441150	1
3341810	3337037	1
2042974	2104086	2
628195	636504	1
2759034	2761726	1
7709394	7709393	2
7382995	7382996	4
9843257	9869108	2
4827930	4827923	3
8283626	8318461	1
8570999	8570810	1
3726172	3726171	1
10207812	10224586	1
4792574	4777847	1
4751062	4751061	1
11109102	11145452	2
1108645	1108646	1
5839900	5892093	1
6106549	6106550	1
7165877	7105048	1
2339224	2339171	1
5499095	5498512	1
5759545	5759546	2
6401829	6382060	2
10881239	10881295	2
11375691	11375692	2
8257989	8251481	1
3082132	3061400	1
7547139	7547142	4
7362023	7362028	1
10237520	10160682	1
1190070	1190069	2
2486563	2486564	2
8319646	8319643	1
4354553	4297238	1
3542226	3545989	3
9146715	9146716	1
6131866	6131865	1
2736393	2752247	3
8300505	8300506	1
10671704	10671703	4
8153271	8153361	2
3364489	3364496	1
5937707	5937708	1
7385772	1455423	1
1476744	1476743	1
7650096	7661044	1
3166234	3159705	1
2783021	2836017	1
2578413	2578414	1
11354642	11354641	1
12457624	12457623	2
246881	247065	1
1646464	1646445	2
8727405	8739409	1
7205165	7205168	1
10890791	10903638	1
7847527	7847530	1
6047043	6047044	1
7282104	7274015	1
7859109	7899907	3
875830	875829	2
1327615	1327526	1
5673556	5673048	1
8461903	8404876	1
7678931	7678932	1
4637154	4637153	1
11083274	11083273	2
8476957	8491001	1
759825	759828	1
3329878	3271142	3
394522	338645	1
3825660	3830166	1
11653172	11653174	2
1700862	1679886	1
2177754	2103984	1
10990091	10990092	2
7457708	7446253	1
10903843	10903848	1
5772375	5832935	1
8020685	8020686	1
3944372	3922054	1
1641453	1658985	1
301303	284095	2
3585043	3585044	1
9320882	9320879	1
7815600	7815599	2
416220	415665	1
10964386	10957342	2
6522106	6442886	2
12341416	12328313	1
1644521	1644180	1
796511	796530	1
3063399	3063400	1
2977653	2972929	1
5882890	5882889	1
4063928	4063927	1
4856642	4834396	2
9653891	9639701	1
12436936	12446417	2
5056718	5051264	1
7961148	7961147	1
5570345	5570346	1
4571292	4586175	2
105481	113782	1
314232	314599	2
10146842	10146896	1
82389	84411	1
8475909	8533015	1
10553224	10553223	2
7350663	7350664	1
217614	217611	3
4534832	4534831	2
4046656	4047217	2
10725741	10729053	1
10135985	10138111	1
5952115	5879652	1
5922475	5922445	1
1084699	1003008	1
892964	872652	1
11190212	11190223	1
8795203	8795206	1
11976350	11976349	1
5815762	5815761	3
7272795	7272796	1
6204440	6204431	1
8988881	8988882	2
5279244	5278889	1
5266429	5168367	1
7839507	7900739	1
3042618	3042617	1
7793859	7793860	1
6157061	6157062	2
5750869	5823120	1
5272003	5273455	1
5851284	5851283	1
12477857	12477863	1
9994755	9997511	1
10268770	10269456	2
2381444	2381404	1
9114340	9090761	3
511005	511006	2
11766926	11766925	1
4316888	4338148	1
8970457	8858362	1
8552525	8552528	3
8570456	8570455	3
8418369	8418370	3
3581665	3581666	1
7939340	7939381	1
2043525	1985084	1
6275933	6322386	1
593227	592800	2
1373053	1373054	3
4808973	4808957	1
4213727	4287116	1
2978891	2978892	1
7583773	7555779	2
12787988	12758566	1
260425	260426	1
7380830	7380829	1
12167049	12130171	2
8366241	8365617	2
517658	517756	1
7175967	7237716	1
8982042	9132725	1
1664998	1664997	1
667233	667234	2
12165472	12165471	1
1693395	1672084	1
5392141	5392142	1
9639836	9639835	5
2747636	2727195	1
10214892	10282623	1
6042960	6089733	1
7400791	7404706	1
191590	191589	2
12226366	12226365	1
10946266	10946265	1
9652287	9652290	1
1086348	1079424	1
6013105	6006546	4
4813428	4746739	1
4725250	4803493	1
3999252	3999249	1
5959442	6017514	3
3459388	3533484	2
12687603	12618960	2
2217704	2216763	1
5419300	5418992	1
11197626	11197625	2
7661915	7661903	1
1538480	1529991	1
9427921	9329394	1
8250731	8273641	2
2201385	2201386	1
4364578	4364577	1
1772321	1764360	2
7161888	7165517	1
10248820	10294779	1
10448813	10448816	1
11523172	11523171	1
3684873	3591407	1
1614239	1614240	2
3206313	3205637	2
5045870	5003792	1
9029707	9022590	1
12798604	12798595	3
3968898	3987223	1
12616031	12616032	1
4126156	4071684	4
11399006	11335094	1
1913072	1912783	2
11264763	11257397	1
1653927	1653928	2
7363009	7379559	4
12598203	12539052	1
8618446	8551316	2
3927747	3927902	1
3904843	3916119	1
8560916	8560929	1
2088447	2088448	2
9527836	9527835	1
6425819	6437323	1
6673694	6673691	1
10401158	10475319	2
10438949	10438952	1
9320878	9320877	1
3055421	3021785	1
8049971	8049851	1
3241303	3241308	2
7021165	7022034	1
8991118	9010306	1
9684318	9684317	2
9513783	9513807	3
8362643	8362644	1
4500243	4497306	2
7324341	7289821	2
8737910	8737321	3
10695840	10695839	2
1303143	1303146	1
3378280	3371965	1
6272748	6325780	2
12750325	12698262	1
9130049	9115429	1
1626580	1626579	3
186605	189362	1
10699358	10699366	2
1117036	1093455	1
1986869	1986870	1
10874621	10863712	1
2379291	2376374	2
4531099	4552625	1
6969638	6974444	1
7828349	7828350	1
12051992	12015087	1
4409119	4409122	1
1601276	1613811	3
8840928	8758362	3
8783731	8783732	2
4108319	4108320	2
1306133	1259862	1
9683792	9684335	1
5448379	5448380	1
8603669	8512086	3
10472350	10465927	1
3803071	3803072	2
9663880	9663879	3
5846644	5827700	1
2834832	2834829	1
9977525	9977526	2
3714752	3714751	1
524283	572298	3
12503286	12503285	1
1595701	1512478	1
8839957	8839958	1
7246251	7259997	1
1524061	1539283	1
8768003	8768004	1
807708	807499	1
10261933	10276441	2
5324027	5324028	1
1234063	1223561	1
9628214	9628213	1
9012403	733501	1
11807979	11881711	1
9323391	9323382	1
9559052	9549362	1
9493822	9574445	1
2788753	2788754	1
4850478	4785178	1
9580746	9580745	1
4705572	4705569	3
2717790	2636544	1
10117660	10117659	1
12743163	12744134	2
9796886	9744534	1
10756676	10756666	1
7681769	7696724	1
3660434	3660455	1
11122657	11154256	2
9183316	9189572	2
11758038	11758037	1
6017555	6017556	1
4810629	4810630	1
1216506	1287808	1
1145740	1057099	2
11438404	11440617	1
10668450	10676617	3
7313385	7313386	2
5138335	5138336	1
1051934	1051899	1
5233832	5233831	2
1223995	1172620	1
3511953	3511941	1
5970866	5970865	1
7311196	7311195	1
5528697	5529154	1
10130975	10130976	1
1798456	1798459	2
7950605	7929625	1
9623691	9623694	3
11137643	11137653	1
8020683	8020684	2
6739096	6794128	1
7286158	7286157	2
4454106	1503735	1
7265927	7244885	1
9143031	9179809	1
7993012	7993034	2
12728694	12728693	2
3142391	3213918	1
10656234	10656233	2
1488059	1558288	1
2019570	1998167	1
10250890	10246619	1
9937500	9930646	2
6793523	6799076	1
2369740	2369739	4
2344035	2349104	1
10684871	10684872	3
2526649	2513138	2
11023500	11023497	1
2543532	2544744	1
9480214	9485123	1
2790563	2799171	2
2390861	2390869	1
1597256	1639630	1
12131087	12131088	2
1790179	1798953	1
4172889	4172892	2
11385941	11385761	1
10177511	10177512	6
900421	900413	1
3131725	3136028	1
7655797	7805290	1
10054754	10119811	1
8601697	8607147	2
10225067	10225068	1
2510206	2526266	1
3486656	3486702	1
1514198	1515931	1
3031600	3031599	1
2970125	2970126	1
4100054	4100053	1
5850539	5850540	1
3943799	3943804	1
8211632	8211381	1
10057858	10101152	1
4002664	4036946	5
6418899	6488573	2
9764194	9772810	1
1484999	1485000	1
5384223	5390276	1
8421849	8421850	1
3163408	3162699	1
4804859	4808503	1
5556581	5561566	1
6205134	6196714	1
2021180	2024786	1
10172276	10172817	1
248519	237760	1
6185940	6103798	1
2559369	2559370	1
2413737	2413738	2
10077516	10077524	1
11964440	11965022	1
2133110	2179399	1
7442779	7411014	1
6974304	6974303	1
8018054	8018108	1
8006023	8000382	3
7988856	7988855	1
628823	569752	2
8778678	8745175	3
757880	898445	1
3660436	3660435	1
6126992	6126991	1
7911425	7911445	1
10780141	10779784	1
12406262	12390317	1
5824253	5856077	1
9129130	9129129	1
1520934	1520933	1
2581835	2514805	1
6586971	6591591	3
8152953	8152954	1
9194020	9147020	1
4283608	4283607	1
5887977	5882074	2
11322802	11417967	1
4310642	4310641	3
3878337	3878369	1
7806207	7792576	2
4416830	4416827	1
1437987	1438029	1
8388597	8394504	1
6283285	6284270	1
8769296	8774502	1
5845564	5845979	2
9002753	9007672	2
7078802	7078801	1
1658987	1658988	1
12501187	12560719	1
7233880	7233879	1
1430507	1430518	1
11651020	11621217	2
8649463	8649464	1
7128393	7190575	3
6675524	6618501	2
5872275	5872297	1
2110535	2161853	1
8183461	8175536	1
7880195	7880212	1
3329148	3303011	1
8848699	8848702	1
9387074	9387687	1
9550552	9624073	1
3242565	3200095	2
1600507	1600305	1
12670704	12670373	1
2073280	2074032	1
10553253	10547864	1
4066582	4066581	1
6950479	6950480	1
1541453	1541454	2
8420867	8420868	1
1074667	1074668	2
2411253	2356488	1
7002275	6993896	2
6040379	6040613	1
4757666	4769881	1
1536869	1515734	1
8861100	8861097	1
11182576	11182575	3
957387	957390	1
10130131	10062894	1
4697402	4697023	1
7650973	7641110	1
8239124	8199958	1
3055833	3049668	1
9494054	9494053	1
287137	287140	1
7780326	7786487	1
11867865	11929476	2
11086575	11087222	2
12628317	12628328	1
2419596	2419595	1
6085001	6085007	1
2989846	2989845	2
11259	18927	2
2596339	2597640	1
2118837	2118838	2
4398420	4370833	1
3472832	3472831	1
1970809	1970780	1
718411	707005	1
4679911	4589678	2
7624160	7623552	1
9091696	9092062	4
12768242	12776179	2
9348568	9346194	1
10694699	10697423	1
4331633	4331634	1
5373753	5376444	1
1231335	1231336	1
7315558	7278371	1
7694396	7694395	1
5267452	3986755	1
3946376	3945990	1
7302114	7298752	2
4322269	4349679	3
7908583	7924207	1
968994	968819	1
6049425	6049426	1
4652092	4652091	3
1525160	1527342	1
9743487	9743488	1
6053453	6053454	1
9126832	9104187	1
6128095	6092884	1
10194072	10194071	1
3931578	3927594	2
11644809	11644810	1
488553	487469	1
2437847	2433568	2
12267636	12353613	1
3321101	3321102	1
1396160	1396159	1
4703905	4703887	1
10614232	10642577	1
11497955	11410494	1
6017472	6032205	2
3694385	3641978	1
10444591	10444633	1
3021316	3021313	1
12731537	12777517	2
12782205	12789721	1
1704962	1705118	1
5971375	5976114	2
3260448	3260447	1
9107805	9107829	1
7236664	7236661	1
1726751	1792857	3
933633	955530	3
4827147	4827288	1
11219917	11219920	1
10283428	10283431	1
10413254	10413253	4
2402574	2404086	2
162811	173765	1
7652734	7645274	1
2880667	2880668	1
4016502	3975083	2
1224762	1224759	2
12390525	12390528	1
5055878	4999175	1
5210898	5210897	1
7760353	7760363	2
9055635	9125858	1
12434663	12434664	1
9804569	9789240	1
3878363	3881385	1
7393231	7393232	1
2560800	2560799	1
3489286	3489254	1
4085019	4085034	1
11727421	11727419	2
3503897	3503900	3
10963601	10963503	1
8813461	8813462	3
6027203	6065415	1
5081755	5081756	1
10157987	10153943	1
168168	168483	2
11084930	11084929	1
12404617	12404618	1
8272097	8272098	1
4302790	4302789	1
1163573	1163576	1
4077353	4089885	1
3744774	3744773	1
1282618	1316319	1
4533859	4554796	1
4620686	4620679	1
4008893	4090679	1
3158823	3158824	1
2245600	2245599	1
4257896	4325166	1
3244007	3244008	2
2829743	2829744	1
10121549	10143252	1
6532159	6503293	1
4556616	4556615	1
11097936	11187646	1
10612956	10630469	1
9375207	9319547	1
2552286	2552285	1
6917352	6911644	1
9271937	9271938	2
7801124	7801112	1
5453626	5424564	2
548759	432804	1
4813453	4813454	1
2583923	2581244	1
6304065	6304068	1
9731469	9725889	1
9519665	9519649	2
2322674	2322669	1
12394660	12394651	1
3939258	3939491	1
9384725	9384726	2
7276777	7276778	2
10755639	10755640	3
740294	740293	1
8338919	8338920	1
9031332	9031329	2
12636138	12635845	1
2528695	2528696	2
10429692	10429691	1
2790787	2790788	1
11175323	11175324	1
4466079	4466080	3
9782725	9782713	3
5151275	5151004	1
3609102	3438656	1
7463856	7455100	1
2873534	2852262	1
7190899	7167109	2
11549406	11549390	1
8241478	8305458	2
9920206	9920205	2
2194311	2122736	1
1186329	1186386	1
9600681	9622364	2
526362	568278	1
11597295	11597296	1
9018085	9018086	1
12159867	12128767	1
9057353	9057722	1
5431103	5431104	1
7099402	7099401	1
8880639	8880640	3
3100587	3100308	1
11044138	11023115	2
7022890	7022889	1
11806292	11819404	1
836107	834315	1
1140956	1147706	3
4344815	4345040	1
6027173	6027174	1
11031200	11031199	2
3355070	3362595	1
7564215	7554232	2
5287420	5268623	2
8319339	8349728	1
2549987	2549790	2
1145118	1150341	2
3572273	3572274	1
7286156	7278600	2
10141626	10141625	3
3355070	3362593	2
6456160	6456151	1
9157637	9157638	1
8069478	8064392	1
11416335	11416336	1
11457346	11457345	2
1417199	1422263	1
11204075	11208082	1
3883316	3763252	2
4481460	4481451	3
9436055	9378800	1
11828771	11824451	1
10101817	10102590	1
8306992	8317485	2
4580839	4580847	1
1299264	1299263	3
5133898	5129300	1
11289417	11289418	2
7643834	7643851	1
2288084	2253392	1
8766966	8766992	1
8928189	8928190	2
8021371	7956160	1
7226980	7226979	1
4052033	4048485	1
5952303	5896687	1
6086189	6086190	1
2419598	2419597	1
1265515	1265516	1
10755414	10749939	1
2573813	2573814	2
12160015	12123701	2
3069132	3011831	1
7267103	7230658	1
33828	69995	2
6362991	6363880	1
4004514	3987304	1
1610263	1615567	1
7791339	7791345	1
4550069	4550070	1
12128921	12153025	2
6599610	6579644	1
10029034	10106866	1
3749489	3742253	1
3685839	3685840	1
10808359	10822855	1
6119666	6119665	1
7613951	7614168	1
4527759	4527760	1
439444	439443	2
7797858	7797857	1
3854875	3835096	1
9633770	9633767	1
1776894	1833066	1
5449467	5449464	2
1974538	1974535	3
7203563	7203564	1
10572517	10572518	2
4532318	4535164	1
7788757	7788758	1
10919679	10919740	2
459264	499718	1
3962940	3962939	1
5802197	5804050	1
8472710	8472709	1
2164887	2164786	1
5931985	5904628	1
3092075	3033268	1
7247508	7248364	1
6029394	6029393	1
11192020	11184808	1
8502504	8553573	1
5446143	5446144	1
12382484	12382483	1
7381082	7391048	3
9561382	9571354	1
9669228	9669225	1
3729541	3729544	1
4046057	4045860	2
10390481	10383274	1
3155814	3155813	2
8697147	8694967	1
11597748	11650065	1
324158	324152	1
9708971	9708972	1
529890	572495	1
1531632	1531624	5
2997410	2984584	1
3115811	3039134	1
4708276	4715159	1
5023149	5023150	1
1007826	965854	1
157264	153385	2
12798035	12803833	1
10281830	10237746	1
9864802	9864799	1
7790077	7790078	3
1057531	1097231	1
7453086	7453085	2
10466295	10466296	1
12445923	12445926	1
10596954	10594464	2
2644064	2644063	2
333287	324545	1
8106220	8154305	1
3610456	3610455	1
9684334	9683328	1
244870	244869	1
3099969	3099966	1
4203783	4203786	2
3194515	3193950	1
11062139	11061863	1
8344635	8344636	1
12347816	12347882	1
1823980	1823979	1
7511754	7511751	1
3189475	3147929	1
11919534	11898998	1
8994396	8994395	1
5146865	5145911	1
3581952	3568132	3
4441103	4441002	1
7518135	7518124	1
4248907	4248910	1
2033463	2033464	1
8786213	8786214	2
11051444	11052189	2
4122517	4122518	2
6927692	6944861	1
12318337	12318330	1
8831549	8831550	1
3341702	3325805	1
11752787	11752790	1
3739105	3739108	1
9636591	9639974	2
4289823	4289824	1
7279251	7279252	1
8780807	8694630	1
1801413	1801389	1
9672995	9708368	3
11152212	11160774	1
9148580	9142699	1
1829360	1829359	1
9763326	9763325	2
8568317	8565747	1
3570184	3570183	3
8952707	8959945	1
530166	531472	1
5996184	6000250	1
9429760	9498812	1
12761696	12749790	1
7248259	7318906	1
5756483	5756484	1
8885127	8885128	1
1493315	1552818	1
1613687	1613688	2
3708306	3708325	1
5280878	5235135	2
6791194	6796225	1
10252241	10252261	1
12724670	12724678	1
1265317	1265819	1
6665948	6665945	1
2919859	2919860	1
774386	777609	1
7422767	7422770	1
4112223	4033746	1
4379977	4379978	1
6543886	6543885	2
2901348	2927815	1
2788338	2778650	1
5709640	5699102	3
3188169	3306170	1
2386733	2386734	2
7287373	7287374	1
12538522	12456899	3
10553796	10537478	1
10506803	10530174	1
11234021	11233965	1
5965002	5917733	1
4547223	4522065	1
1156384	1150566	1
3948899	3955495	1
11699983	11699984	1
4111311	4111312	1
4032500	4031384	1
1582068	1530786	2
6602742	6602741	1
7152585	7153180	1
1730128	1728899	1
2008589	2008590	1
11382177	11382581	1
11747225	11896885	1
9058661	9058664	1
516540	516539	3
1281730	8866277	1
8256313	8240992	2
4102414	4102405	1
740261	740262	1
4703943	4703944	1
5350344	5349320	2
598043	565922	1
5656545	5690757	2
241131	241138	1
7268834	7272794	1
8952093	9130379	1
4100885	4100886	1
1456711	1451701	1
7049021	6918435	2
7333184	9569000	2
5539736	5539508	2
2498102	2509374	2
4111011	4055038	1
3550550	3550547	2
8641246	8641248	1
5758221	5758222	3
6042849	6042909	3
3675077	3680138	1
7247238	7247237	2
7928927	7928928	1
671792	718477	2
8392479	8392480	2
7731810	7731809	1
7179284	7185961	2
3779657	3767769	2
3384222	3376222	3
2854732	2855173	1
12664151	12667923	1
1164001	1164002	1
10110707	10120517	2
5904251	5954463	1
8586743	8586744	1
11828954	11829906	1
3117634	3111818	1
9040498	9040497	1
4649699	4649702	1
2596754	2595200	1
2344075	2349067	1
8815047	8778222	1
423162	368627	1
12264964	12269671	1
8302309	8306081	1
8281753	8281754	3
9829689	9829476	2
10093520	10093490	1
2089990	2062240	1
8749283	8681166	2
8171879	8102025	1
12777312	12814057	1
9237647	9237648	1
7566989	7567957	2
1159471	1241662	1
6183165	6183186	1
6118614	6125459	1
8976927	8887886	1
3033670	2989289	2
3484591	3484592	1
6744314	6744313	1
3813036	3729542	1
8707120	8707119	1
11080717	11080718	2
3987303	3987304	1
2925589	2879026	2
6957931	6957934	1
3493290	3494017	1
251480	251479	1
10717564	10709507	1
6206978	6206977	5
3169332	3169327	1
11628841	11637661	1
5585429	5568099	1
3704215	3704216	1
2647798	2647797	1
11551426	11551433	1
292819	296252	1
11216301	11216304	4
6209568	6209565	2
9765500	9765499	1
2607572	2607571	2
9121193	9121228	2
8517314	8516247	1
9348022	9348057	1
2279749	2257361	1
1474093	1473722	1
1416047	1416048	1
12717793	12715586	1
274972	298733	3
11630869	11610280	1
2762448	2762447	1
10512257	10476212	1
5445322	5445321	1
9453439	9462997	2
8532247	8533502	1
11122391	11122392	1
4809656	4809696	1
6991592	6991590	1
7416425	7416426	1
8557303	8557304	2
5515035	5514860	1
7407578	7407573	1
3047714	3047713	1
7054798	7054797	1
1234585	1234586	1
1409346	1357808	1
7006403	6996867	1
11104127	11124613	2
4301346	4301345	2
9580018	9580017	2
3675022	3675011	1
7617437	7617249	1
8999890	8999889	1
7093730	7093710	3
6643479	6609001	1
8978896	8978895	1
11944397	11929812	1
8160018	8157036	1
1600505	1600506	1
6160124	6160126	2
12467722	12467721	2
1463582	1463544	2
3313359	3313360	1
1741419	1740885	1
8656140	8641456	1
513423	513426	1
9310655	9310656	2
11352320	11352319	1
1401413	1401421	1
3016106	3103743	2
339784	328090	1
1171273	1171132	1
3804258	3804261	1
350740	350743	1
1901370	1901373	1
7617437	7617438	2
319123	311695	2
567578	616151	2
1600824	1600823	2
8406270	8406269	1
5710392	5710381	1
11007797	11012783	1
6308013	6308014	1
9638340	9638371	2
5947213	5947214	2
3527139	3527140	1
6177229	6104774	1
7257738	7257721	1
9676726	9676725	2
2756269	2756270	1
11913589	11924365	1
4116385	4106977	2
9600683	9622364	1
3552036	3550603	1
9150432	9146918	2
6382336	6531644	3
3622642	3663431	1
10303033	10303023	3
4368823	4368824	1
3300042	3300041	1
1151116	1151115	1
7308011	7294293	2
12176007	12192698	2
737346	737345	2
11471839	11436379	2
3158800	3158799	1
6459483	6459484	3
7943417	7943418	1
1290836	1305227	1
10201670	10201669	1
2389339	2387006	1
7257617	7257621	1
7428244	7428252	1
2186003	2186004	1
2712069	2712070	1
2944634	2944633	3
3654550	3654723	2
9785425	9785426	1
11120126	11171202	2
1605868	1546466	1
8971713	8971670	1
11773006	11773005	4
8546497	8499039	3
5878188	5862126	2
5954363	5858045	1
10936972	10936965	2
9549661	9542977	1
1389537	1378213	1
9055782	9055794	1
3383023	3383024	1
10603860	10603859	1
4063926	4048997	3
11445484	11445519	1
1004091	1018206	2
3274331	3274332	1
8479247	8479248	2
4254955	4254956	1
12502753	12502754	4
12743899	12743839	1
4021850	4022382	1
12170095	12178202	1
6534400	6510807	1
4475692	4475852	1
613459	613407	1
8838934	8838900	1
9597431	9572680	2
775526	760751	1
10452936	10452935	1
5461617	5461618	1
6860116	6860115	1
1962814	1962951	1
3077698	3071191	1
5446890	5446883	1
4398444	4398441	1
11062360	11019046	1
7558972	7561074	1
3607837	3612485	1
9860681	9843812	1
661001	661002	2
4482423	4482485	1
2308475	2308426	1
4616996	4620687	1
112349	112350	1
9591878	9561664	1
4112928	4039759	1
5949530	5949527	1
6382488	6371674	1
8496553	8567327	3
7429886	7435863	1
897828	839093	3
11366966	11436286	3
9424153	9424154	1
1556938	1552554	1
1172449	1163035	2
9107828	9107827	1
6853092	6853453	2
5273407	5271163	1
6364844	6462808	1
5890039	5890040	2
12500914	12500913	1
4827806	4827908	1
814602	814601	1
8201542	8205812	1
7330113	7325681	1
6058641	6058642	1
8424820	8473357	1
12799504	12799503	1
1590435	1604424	1
2334047	2334048	1
8825041	8791686	1
10986075	10945498	1
1034955	1038115	1
9681823	9595578	1
4580092	4580098	1
3522752	3533505	3
740294	769346	1
1395542	1395541	1
1409552	1459345	2
8427489	8427490	1
7139715	7174262	2
5907756	5882533	1
7219403	7219503	1
3296229	3296230	1
6741010	6770469	1
9677120	9677119	1
12471648	12389186	1
5767920	5773122	1
2383949	2384625	1
1929381	1929382	1
11718106	11718105	1
2647186	2676302	1
11573689	11573690	1
10727970	10764594	1
3811021	3825954	1
3724365	3691961	1
1921122	1921115	1
8030775	8033267	2
5516006	5511671	1
1281011	1281012	3
365019	361944	1
572841	572842	1
6203810	6203575	1
5823792	5765014	1
1995371	1995372	1
4737556	4737555	4
749405	749406	3
7586410	7588059	1
8840995	8840996	1
11755470	11747323	1
8836607	8836608	1
8350073	8350076	1
12570694	12628173	2
9518844	9590362	1
10108263	10108264	1
9744540	9744539	1
3903400	3903399	1
7832642	7817702	1
354897	354909	1
6141083	6061416	1
9018083	9018084	1
165780	170974	1
8434021	8434022	2
11119601	11184921	1
4202376	4131207	1
8873726	8873725	1
8599143	8603805	1
7979330	7980845	2
613099	613100	1
9731205	9727909	1
755843	728805	1
878956	878955	1
1934637	1934638	2
7313606	7286558	2
1724113	1724114	5
1714137	1778366	1
1850916	1850913	1
2034154	2028638	1
4146023	4133433	1
5908187	5892269	1
12640736	12640735	1
1153892	1062798	1
2819025	2818900	1
6356374	6356461	1
11651607	11651608	1
10130477	10112052	1
3959475	3989603	1
5462712	5462711	2
11143376	11143389	1
923717	924033	1
3609114	3605929	1
6919345	6919346	1
1193057	1211995	1
10184067	10188040	1
8889225	8956271	1
10296934	10296933	4
10481435	10464901	1
8989331	8989617	2
10107577	10107559	1
8452322	8452320	1
3029422	3029421	3
2445096	2440986	3
12484951	12563281	1
6025532	6025529	1
3617053	3659113	1
4285033	4320693	1
7911689	7881132	1
6781744	6777920	1
967052	959301	1
7569878	7569877	1
7326439	7376828	2
2445339	2444491	1
1768807	1778848	1
9388673	9441506	1
3883902	3883901	1
1238317	1238320	1
6724685	6731873	1
5784540	5784545	1
8549248	8560777	1
7073654	7069151	1
5823303	5823304	1
1693351	1693617	2
11900810	11900809	1
1921366	1921394	1
11137654	11137653	1
11754555	11761604	1
10469789	10530832	1
7180639	7180640	1
6393760	6393759	1
9723942	9710886	1
3005817	2925213	1
9233312	5871589	1
2453156	2387771	1
2259864	2259863	1
7397380	7397377	1
10288484	10288481	1
4856605	4843196	1
9107805	9107827	1
10300648	2115376	1
6429371	6429372	1
5145331	5052706	2
4804461	4804462	1
4010692	4007541	1
4536154	4434645	1
9748731	9715676	2
7153763	7153764	1
2843813	2843814	2
3643411	3643412	1
8547873	8547874	1
2668888	2668887	1
11763763	11763764	2
7477542	7455210	1
642275	624410	1
2814760	2816800	1
918470	918462	1
5709165	5709166	1
10225020	10225019	1
7617410	7617249	1
4409121	4409122	1
9962728	9854034	2
8562136	8562135	3
6423402	6426893	1
7118441	7118453	1
1453492	1453491	2
7296168	7322345	2
5934903	5934905	1
7840429	7840406	1
9076821	9076822	2
8844797	8844752	1
3429153	3397354	1
1794092	1757997	1
1183992	1125244	2
5525687	5525688	1
189820	297995	2
3367158	3367157	1
380643	380646	1
4751484	4751480	1
9090760	9090759	2
5206311	5288377	3
10997787	10995938	1
1495540	1495544	1
377145	377146	1
4382625	4382626	1
8306439	8306440	1
9825486	9825359	1
263975	263976	1
8029737	8014278	1
8802857	8802858	2
616697	616671	1
6995302	6995301	1
9185950	9124631	1
12565495	12550016	1
3955404	3955406	2
11966402	11966401	1
1416859	1451423	1
699594	699593	3
2158990	2158989	2
1370005	1370291	1
9961596	9961595	1
7919257	7919258	1
1884197	1884198	1
12373139	12377907	1
10613943	10613944	1
1320480	1259067	1
12744460	12744466	1
3461611	3442488	1
8882800	8882799	1
1051831	1051836	1
2476049	2529427	3
12612998	12627244	2
10541851	10601417	1
2590803	2590804	1
9555693	9555694	1
6054246	6016903	1
3533529	3533536	1
5917446	5967699	2
868943	868944	1
671687	671688	1
8840930	8840929	3
9058164	9057461	1
4800265	4800266	1
7754416	7754415	1
1639376	1639375	1
10220452	10220248	1
11130948	11130947	1
10249134	10210118	1
10517958	10630947	1
1262750	1262749	4
925737	845644	1
4702652	4660976	1
1090085	1064160	3
9549217	9549233	2
6900220	6852584	1
464799	408721	1
10077231	10077232	2
2020644	2044784	1
619262	713458	2
2726629	2726637	1
2475970	2475969	1
4592985	4590493	1
10431706	10429691	2
5122606	5122209	2
12260827	12242543	2
4682227	4682230	3
3614976	3614960	1
3374156	3367968	1
964102	1022332	1
5523719	5537664	1
397120	389058	1
1264022	1264021	3
460142	460141	2
1574120	1574119	1
10172850	10172849	2
3750138	3750210	3
1573228	1573334	1
79051	61727	2
5909832	5814382	1
9913426	9913683	1
10184761	10184762	1
9014269	9014272	1
10402670	10402669	1
7857959	7857960	1
1008688	1008622	1
8877963	8811611	2
5982012	5982011	2
3987464	3987784	1
11491214	11491213	2
9133922	9133921	2
1321169	1321170	1
3091065	3091066	2
2706462	2685699	1
11856485	11856486	1
10702151	10702152	1
6956800	6956799	1
12699453	12682748	1
4386353	4313463	3
4957918	5021881	1
2295769	2295782	1
8876707	8888110	1
249380	249624	1
12774052	12774051	1
6158973	6158974	2
1309029	1314266	1
7306658	7345621	1
1258302	1360903	1
8755008	8755426	1
4303672	4303671	1
2880656	2880655	1
330163	388372	2
4033279	4033280	2
8481963	8481986	1
6657987	6654989	2
3959004	3959003	3
11572499	11572500	1
12292646	12292645	1
4807948	4807418	2
5972539	5870239	1
10459711	10417233	1
5332083	5374634	1
1618944	1618943	1
1415995	1416628	1
1315874	1251263	1
2381280	2381279	2
4546830	4546372	1
2610210	2610874	1
1637027	1625539	1
11693581	11716853	2
5976828	5976827	1
3625409	3625412	2
5366139	5366140	4
1351679	1172178	1
12450769	12450770	1
1212644	1212639	1
1652879	1652880	1
8709318	8765097	1
9329011	9329012	2
11345878	11353080	1
5549523	5549524	1
7197959	7197960	1
10744048	10749406	1
5313491	9540746	1
10196826	10089608	2
8794802	8794801	1
9696547	9696548	1
11634391	11634392	1
3905537	3905538	1
1162237	1162238	2
326698	238681	1
3969684	3981602	2
5841677	5898589	1
4682231	4682236	2
2029942	2029607	1
8287717	8287718	1
7391646	7391664	2
1750161	1727800	1
241886	241885	2
12298302	12317062	2
3562984	3562992	1
8048189	8048002	1
4633566	4603771	1
10610905	10610908	1
3491237	3491235	1
6837644	6838138	1
6149537	6141614	2
11755475	11755478	1
3043098	3063396	3
4387225	4393256	1
7750956	7750951	1
1182457	1182490	1
9959786	9959785	1
11132312	11132311	1
5743437	5742616	2
3274626	3274625	1
11595037	11502154	1
10280997	10287368	1
2763603	2761442	2
8477674	8477673	2
2725928	2732519	2
8810784	8833243	1
9094825	9094828	1
10088742	10115185	2
7944149	7953834	1
1452833	1452886	2
5942521	5962331	1
12718167	12752259	2
539211	539270	2
891475	891482	2
8380764	8380763	2
6127447	6127448	1
6915425	6915426	1
1330263	1264011	1
1538019	1538061	1
3404703	3404740	1
3050889	3051666	1
3590045	3590046	1
5337615	5390910	1
9446367	9449880	1
541747	544234	1
2411139	2383870	2
9911837	9911862	2
1477011	1477030	2
2733453	2733454	1
3098920	3098919	1
1307285	1307091	1
9044328	9052949	2
8888461	8888462	1
10759353	10759354	1
1413501	1467703	3
7194796	7252053	2
9783320	9783363	4
1216508	1216507	2
1867485	1967344	1
8870509	8870510	1
5582471	5582478	1
6184662	6184674	1
2361538	2361535	1
7690153	7690154	1
10742798	10713792	1
6036677	6022170	2
10267811	10268835	1
4294967	4289914	3
10623134	10610751	1
4063439	4108725	2
5197867	5197267	1
10534808	10534803	1
8086767	6842641	1
8953376	8953375	2
10355163	10355167	2
1470527	1471003	2
5797423	5797424	1
2869356	2869331	1
7349680	7349691	1
10846680	10846668	1
2993918	2953051	1
5046137	5046140	1
11850023	11850024	1
9618404	9624926	1
7507241	7507242	1
1503578	1503630	2
7311638	7276541	1
1140958	1140957	3
2411251	2411252	1
6532157	6532158	1
12528598	12528597	3
10983406	10983405	2
7723347	7805289	1
768291	768292	1
7101470	7038008	1
2355925	2467972	1
1529362	1469871	1
9999377	9999374	1
9152841	9129697	1
3783941	3786497	1
1271191	1188846	2
3305934	3305894	3
10659486	10659485	3
1318295	1318290	1
7064116	7063864	1
6500213	6449203	1
975382	975392	1
6731253	6731254	1
5942029	5982454	1
9503401	9503402	1
12192808	12192079	1
470657	390529	1
1830063	1830065	1
5827120	5759967	2
7095517	7160731	1
27958	27971	1
8550255	8548474	1
2747686	2747685	1
7504980	7514838	1
11540363	11536440	1
3161753	3097419	1
10049004	10049003	1
6607279	6607280	2
3129177	3129199	1
3487889	3487890	1
11860480	11867878	1
9146073	9159185	1
6189867	6189868	1
7857523	7835293	1
3713147	3750860	2
4396361	4401868	1
5514379	5501033	1
8461519	8461619	1
10561330	10561327	3
7719134	7717732	1
3244013	3244006	2
9131460	9131505	1
4068058	4081925	1
6060412	6051163	1
3884636	3884635	1
1731451	1761874	2
5366871	5441225	1
11166123	11131621	1
6144423	6144424	3
7340983	7340984	2
5783161	5783162	2
11393608	11476767	2
972339	972932	2
8858792	8858398	2
12222545	12222546	2
10702246	10702245	1
5414193	5414194	1
11378552	11378536	1
10099325	10109901	1
10968654	10968653	1
5970720	5970745	1
10690491	10690492	1
4124892	4108896	3
2897068	2876015	1
5774690	5864857	1
2667529	2658509	1
12230817	12262871	1
2576230	2576220	1
12800332	12800331	1
11940600	11940599	3
1553302	1460018	1
11708404	11720162	1
7858747	7858748	2
7003450	7003805	1
568101	568102	2
2486307	2483270	1
5271425	5271426	1
9426108	9426107	1
2762139	2762140	1
9537988	9537987	3
1640914	1640876	2
6707126	6707135	1
1743336	1681873	2
1320788	1320787	1
8188485	8184513	1
1407336	1410549	1
8006453	8006454	3
10004102	9994632	3
2035047	2025979	1
3960268	3960267	1
8277237	8277238	1
3165601	3158500	1
496757	496758	2
7254926	7222117	1
1619249	1610023	3
11348064	11351998	1
7895796	7889606	1
7619949	7619952	1
6972941	7173911	1
409063	408756	1
8494378	8494185	3
4071685	4071688	2
7963018	7947240	1
5689505	5689508	2
10684741	10691228	2
3680638	3680637	1
11072499	11072500	1
467579	467580	3
9012399	9012400	2
9917640	9917619	3
7241983	7230356	2
10564176	10564175	2
7088050	7091717	1
5658260	5656952	1
9785425	9785428	1
5714137	5714138	2
6670129	6724016	2
2131001	2148455	1
7386142	7408189	1
2685485	2685483	1
8442121	8421748	1
3872926	3930867	1
265060	277461	1
5954397	5953268	1
2782877	2768294	1
4623491	4623451	1
7037831	7044559	1
1057914	1070892	1
12208515	12140128	2
6622270	11884387	1
2952490	2952252	2
3034541	3034542	2
1451226	1451225	1
5350346	5350345	3
6236359	6236393	1
7470449	7557085	1
7858081	7888441	1
12615438	12616065	1
5317811	5331991	1
5290217	5340146	1
1479260	1479529	1
6141740	6141721	1
152675	215399	1
10003422	10032775	2
3773321	3773322	1
2452361	2452364	2
9963018	9959339	1
6572462	6572481	1
10135241	10135246	1
930146	922450	1
2347596	2347595	1
7128176	5451035	1
1344853	1344854	1
5366141	5333165	4
10574777	10574778	2
7379352	7379778	1
4692425	4762091	1
7041773	7041774	1
5102272	5100160	2
12191590	12183927	1
5670931	5645573	1
4660539	4660540	1
7162422	7162421	1
1826869	1659306	1
12356088	12356087	1
7284768	7344990	1
9931950	10016050	1
6019931	6024139	1
951940	952633	1
7072175	7071648	1
10342051	10342052	3
1141872	1178242	1
11430741	11457316	2
5869812	5874317	2
2079520	2095551	1
2418858	2418857	1
1637411	1620292	1
8776701	8776704	1
8918778	8918777	1
9081257	9081258	1
4149395	4149396	1
11766018	11766017	1
5835520	5835519	1
10273930	10273929	1
619049	616478	1
5972038	6002331	1
9581649	9581642	1
1066875	1067155	1
310305	310311	1
6928913	6928914	1
7637731	7618946	1
7610425	7610426	1
1264875	1196647	1
3036718	3036756	1
8979457	8979458	1
352454	338313	1
4876285	4876252	1
1830700	1830699	2
12728692	12728695	1
3011091	3006889	1
11221903	11217983	1
12152922	12152919	2
9658665	9658700	1
5978226	5978223	1
12672257	12676607	1
2876694	2876693	2
1149587	1159900	2
9128605	9113243	1
8417921	8418368	3
7861652	7862976	1
5538749	5538752	1
4065650	4065647	1
7311198	7311197	1
7207573	7219010	1
5860987	5860938	1
7919618	7950206	2
8270427	8329788	1
2473737	2473738	1
1520061	1520058	1
2618405	2618406	1
9701733	9688785	2
117818	117836	1
1351679	1172180	2
6141770	6141769	1
12394670	12394661	1
5895512	5818296	2
11176165	11176166	1
210617	209242	1
3166173	3149993	1
9065857	9068642	1
6061283	6061286	1
1967073	1967062	1
1934637	1934640	3
2359391	2359392	1
8900090	8881723	1
3754655	3754778	1
6686123	6686124	2
10091688	10091687	1
1625512	1594591	1
7236237	7236295	1
2574758	2574757	1
8708404	8776563	1
7933432	7933431	1
1601513	1601535	1
3214085	3111010	1
2983680	2983660	1
2760850	2726173	2
10807818	10807828	1
11697165	11697161	1
8187211	8187212	2
753967	753968	1
3779730	3778778	1
5927770	5927769	1
9391936	9391935	1
8922100	8939558	1
3119768	3088108	2
11360725	11322645	2
6968828	6975599	1
6184573	6184574	1
6198173	6198174	1
10207631	10207634	2
9922809	9944744	1
2457874	2486602	1
291240	291239	2
4935480	4937058	2
7929341	7929342	2
1644507	1723714	2
4030609	4030610	1
10450066	10422367	1
10566770	2544675	1
11382201	11372744	1
4072659	4072780	2
9135465	9135466	1
26130	16762	3
5816722	5816725	1
11476410	11415689	1
8332534	8403146	1
2312493	2312505	2
2669235	2669847	1
1833891	1833843	1
10230422	10215095	1
10766309	10766310	2
10957207	10957208	1
6951262	6951261	1
8071442	8092069	2
3833842	3832640	1
2810868	2825433	1
11180202	11179790	1
7128721	7171846	1
6991592	6991591	1
6846611	6854122	1
6192655	6192649	1
5840331	5840210	1
1798167	1798168	1
7755184	7856207	1
5109895	5088890	1
1146491	1146492	4
10048570	10048569	5
1276887	1261327	1
3078545	3078548	2
974389	970465	1
3925982	3822368	3
11371804	11344183	1
11205747	11205754	2
3352969	3352879	1
9468156	9468155	1
372348	372347	1
8861226	8861221	1
10611176	10632179	2
11036573	11026794	2
10646928	10646927	1
9601420	9600141	1
11196462	11081353	1
11634264	11634263	1
2114390	2050942	1
7446447	7446448	1
5048282	5048274	1
4537810	4537896	1
11679730	11679694	1
11475959	11409930	1
10954751	10943736	5
6126063	6126064	1
2399863	2399864	1
3506676	3506675	1
1513121	1514271	1
2010745	2032177	2
11408318	11408297	3
8290705	8359727	4
4775595	4775596	1
5876642	5856306	3
10646924	10646923	2
7911407	7911408	1
699596	699595	1
7739469	7739470	1
7957775	8032172	1
635653	635654	1
1608765	1591483	1
7088050	7088049	1
8084920	8084925	1
10481479	10414003	2
8000862	7982023	1
9024357	9068749	1
5627950	5679734	1
7995007	7984401	1
8161169	8159469	1
10702870	10702869	1
6089099	6089111	2
11078172	11078171	1
11990210	11984659	4
9680140	9680139	4
7827446	7827445	3
2136575	2136576	2
8151942	8151941	1
1888438	1928568	1
4754822	4754883	2
6142573	6100378	1
373308	375267	1
11770612	11791153	1
479794	479793	2
9567330	9567374	3
6315978	6315994	1
12617515	7403380	1
2781179	2781180	1
1669952	1669951	1
3670058	3670066	1
1076830	1029583	1
11072498	11072506	1
1614226	1614238	2
9988575	9990535	1
10693467	10683968	1
1368700	1365813	1
8334457	8293454	2
2564283	2564284	1
3238984	3238983	1
9086929	9118635	1
11380572	11380571	1
345987	345988	1
1466350	1466349	1
9616194	9616193	1
442713	442714	1
8845189	8788271	1
10285984	10285981	3
5943955	5943956	2
5368646	5368645	2
9472054	9476589	1
4623275	4623276	2
12713714	12571461	1
2943202	2943201	1
7396237	7396238	1
8520600	8520599	1
8641630	8641629	2
12639725	12639720	1
2849166	2849129	2
11908516	11908515	1
2921886	2953151	1
4212766	4212765	1
9556540	9556537	2
6045265	6020068	2
9666440	9677116	1
3907381	3907382	3
2164895	2164896	1
8737214	8737199	1
11558686	11558685	1
8831547	8831550	1
5653587	5653588	1
2158986	2158983	1
11455902	11451865	1
8442401	8442427	1
420038	418770	1
8980190	8980521	1
6100816	6090847	2
7266691	7266692	1
5826764	5826763	1
8796753	8796830	1
119502	119509	1
9769171	9778338	1
7599003	7577719	1
11314359	11417666	1
6578209	6587738	2
11478609	11478610	2
6051686	6046160	1
1834061	1834188	2
8908490	8908487	1
3938082	3938613	1
10728763	10728765	2
12567891	12567902	1
8482150	8437250	1
425944	425943	1
11773004	11773359	2
10401696	10403543	2
4494153	4574418	2
5765792	5765791	1
1159987	1160277	1
9476975	9476976	1
3865407	3867263	1
2255028	2255057	1
10719888	10719887	2
12414035	12414036	1
7596053	7596036	2
11669059	11669060	2
1574972	1575829	1
5202882	5202881	1
5803282	5798417	1
7510579	7561855	1
3285066	3285065	1
3121385	3122394	1
5394712	5394702	1
10171259	10171260	2
1713935	1737902	1
11546993	11546994	1
8277598	8277597	2
9098824	9098823	1
12813615	12813620	1
1219862	1219765	1
1732173	1789472	2
3745464	3745463	1
7361315	7301647	1
5438073	5438074	1
669016	669013	2
10219579	10223953	1
2361711	2361705	1
2222939	2149378	1
1642098	1642095	1
430390	436094	1
4675356	4675355	3
5556968	5556967	2
1905522	1905510	1
3792736	3790674	1
2466648	2500470	1
8161052	8161051	3
10440718	10440650	2
11484889	11484870	1
2854655	2854656	2
8439787	8439540	1
11410014	11410013	1
9723541	9723542	1
4083108	4083107	1
8983148	8983147	1
11425918	11425917	1
3657285	3637521	1
9904732	9904731	1
5364296	5364293	1
10312746	10312745	1
10237291	10237231	1
9142128	9184823	1
10274309	10287674	1
1033911	1014967	1
724445	652607	1
4378275	4379930	1
11280900	11280895	3
12735923	12735924	2
798974	743408	1
6829736	6829735	2
2281067	2279187	1
2903784	2890858	2
2555663	2557500	2
4483543	4485054	1
3532543	3531900	1
7966817	7966818	1
11855586	11886985	1
7946212	7946214	4
5385993	5385978	1
6985478	6985279	2
2919655	2919656	2
3577427	3577367	1
5066441	5066046	1
7138120	7138109	1
9511556	9512523	1
8099324	8099330	1
1370290	1370287	1
5379295	5379296	1
3270438	3270437	2
10126917	10186278	1
9504909	9500158	2
3963962	3892802	1
10703328	10703331	1
9054905	9054906	1
7146336	7126837	1
6673083	6673084	1
6639817	6639820	1
3933358	3933355	1
3130372	3109439	1
9908474	9939893	1
4229330	4229329	1
275292	275374	1
8811256	8811255	1
1829823	1829094	1
1974534	1964637	2
7891803	7824090	1
1025729	1046598	1
5364169	5364170	1
1597257	1597258	1
4379973	4379978	1
4417794	4418501	1
989754	989373	1
11944472	11944471	1
1704346	1702027	1
4955917	4955918	2
6070060	6129381	1
9903300	9903268	1
11606362	11579016	1
2082292	2082291	1
5937269	5905279	1
5058024	5129098	1
9173027	9173028	1
3394934	3426995	1
8988883	8988884	3
8821675	8821670	1
5842688	5880256	1
7862474	7864913	1
10366085	10366086	1
4574853	4574854	1
10671191	10671183	1
5940813	5945524	2
10426726	10373301	1
7598630	7598629	1
10663916	10663938	2
6199536	6199598	1
4417137	4417138	1
2472733	2472734	1
4778194	4762818	1
396007	396008	2
3618868	3624892	2
9113328	9113279	1
6279627	6279628	1
9512814	9512813	1
9018189	9018190	1
6363190	6310601	1
2680407	2680410	1
1568703	1568704	1
8577555	8561528	3
10237587	10276823	1
2392182	2450246	1
7256873	7253661	1
11028044	10934655	1
4092769	4092776	1
7995616	7995615	1
7484469	7512370	1
1148248	1144363	1
9856302	9929559	1
9750036	9750035	1
8696564	8696563	4
3828955	3820873	1
2485969	2485970	1
8807497	8805271	1
6179048	6144422	3
2750781	2750782	1
3803502	3790985	2
6164876	6164875	1
9576412	9576321	4
6209130	6209129	2
1176433	1249699	5
5944569	5944570	1
1091668	996699	1
4241443	4241444	1
3057087	3042619	1
5923565	5891224	2
1833296	1836294	1
547590	475721	3
5433048	5481105	1
11759273	11759274	1
6321310	6353418	1
11375575	11352026	1
6969789	6969790	1
6255635	6255636	2
3303010	3303009	1
7752370	7752369	1
524867	524876	1
298297	298298	1
406179	406392	1
11709574	11709573	2
5567207	5564814	1
632274	632222	1
7004662	6989750	1
8864063	8863263	1
1538883	1538884	1
6613933	6498555	1
12151898	12151897	1
567101	571290	1
4213353	4213354	1
9044380	9044379	1
5711966	5711965	1
12442584	12440657	2
4172727	4172728	1
6158944	6158953	1
1335200	1335199	3
10300192	10300191	1
6046918	6046975	2
9736385	9736386	1
12635227	12730179	1
10212365	10212366	1
1637325	1672314	1
11163067	11126766	1
1005327	1005328	2
2986085	2986086	1
10093729	10123472	1
9986282	9986281	1
7190665	7191978	1
4586971	4564051	1
7341146	7343020	2
2454158	2453844	2
333731	339063	2
1331796	1370620	1
11016559	11016560	3
7908057	7882129	1
7556296	7556308	1
275947	275948	1
11088463	11087140	1
2424766	2424765	5
6190621	6190622	1
5302764	5302815	1
11046196	11027484	1
5573504	5573503	2
8827993	8828008	1
4041157	4043315	1
8957715	8962480	1
4430439	4430440	1
11375691	11375695	1
8908792	8908778	1
10177355	10177358	2
10568081	10521740	1
7949629	7944858	1
9928289	9928290	1
1567101	1567114	1
908122	882874	1
3665695	3661086	2
41600	63310	3
12183144	12183143	1
9987258	9987257	1
5444191	5444520	1
10021772	10021769	1
6850338	6850345	1
4361457	4361458	1
1108207	1094411	1
1477011	1477012	2
10506819	10506820	1
6404077	6404078	1
2383871	2383872	1
4783042	4782960	2
4132347	4142241	1
2069158	2069154	1
2613378	2609941	1
8829061	8829062	1
11505153	11516062	1
1629050	1652607	1
1293013	1290351	3
1212623	1212626	1
1954360	2022602	2
4660019	4659613	2
11624748	11624747	1
274972	298731	2
10101833	10101834	3
3399037	3402645	1
6073650	6074238	2
4362054	4362044	1
4398462	4398461	2
2777976	2777975	3
1518897	1518898	1
2205551	2205552	1
8498843	8498356	2
7883430	7885123	1
672531	675282	1
6549445	6553500	3
2877763	2878120	2
407810	408116	2
2481729	2476720	1
2453156	2387769	1
1132496	1132495	1
6357262	6357267	1
3365620	3368477	1
6461140	6461184	1
4709749	4709188	1
1328724	1359244	1
6047079	6047096	1
9711866	9711865	1
8554657	8552918	1
5924661	5924662	1
6764046	6764045	1
4263829	4263830	2
6182122	6182121	1
2453054	2452613	2
11516153	11515953	1
3227070	3227069	2
3107118	3109392	1
7545006	7518620	1
9082075	9057069	1
3632174	3540481	1
3048115	3036826	4
1581744	1581743	1
2403199	2415686	1
971296	1004281	1
7376662	7376661	1
10442667	10435644	1
11087075	11084946	2
8176359	8176360	2
9174561	9174648	1
10609705	10609706	1
11801041	11801042	1
1799929	1795739	1
6179048	6144424	1
11029222	11030448	1
6027067	6027068	1
2316148	2316145	1
2606631	2613604	2
7094345	7094329	1
8748179	8854435	1
5048746	5048745	2
10977328	11043487	1
1799830	1753290	5
9933753	9933754	2
1092699	1092716	1
690753	774147	2
9127124	9067311	1
11287725	11287726	1
408757	408758	1
4050168	4050167	2
8872256	8872253	1
10019459	10019460	1
1096733	1096734	1
2277252	2277251	2
8641194	8641227	1
9092065	9092066	3
1830070	1830069	1
12470121	12382650	2
1315554	1365988	1
7304114	7295847	1
10723136	10723200	1
9769217	9768843	1
7266748	7266747	3
496889	550828	2
7037130	6978209	1
5910523	5910524	1
115280	106284	2
6190203	6118186	1
1748580	1748549	1
1700300	1700299	1
12731824	12779464	1
2746261	2743861	1
3246152	3244685	1
10184067	10184068	1
3465778	3465822	1
11543355	11520838	1
2438719	2438709	2
273433	273434	2
1608270	1608269	2
6276086	6276085	1
3870984	3871626	1
335691	335692	1
1829989	1835293	3
1198758	1206447	2
6488096	6488093	1
6199303	6199291	1
3773305	3791197	1
1359663	1341924	1
1890973	1890974	1
3555491	3555486	1
6439913	6432424	1
1592713	1592701	1
11310192	11289416	2
3097484	3097475	1
8196449	8182856	1
7407903	7422537	1
2006059	2029532	1
8991960	8991957	1
9016174	9040503	3
7094206	7084197	1
11398317	11398318	1
9379827	9379831	1
6016755	6016756	1
9746303	9746304	1
5633688	5633685	1
11430476	11430441	1
5016015	5016016	1
406853	406854	1
10044782	10123319	1
3858194	3828561	1
5892316	5860665	2
9011035	9011036	1
5726907	5726908	1
12682896	12682893	1
11855694	11855691	1
3704759	3704760	1
12361857	12361858	1
8158213	8158214	1
773585	767896	1
3456280	3455768	1
5936022	6000313	1
69230	127027	1
1980595	1980596	2
12575623	12676146	1
11198523	11199542	1
2338841	2338842	1
11055428	11054277	1
9126296	9126295	1
12408962	12351972	2
629355	647093	1
5714796	5814914	1
7860131	7931776	1
11765448	11718164	2
10510906	10535823	1
1396535	1396538	1
5392139	5392142	1
1225261	1225262	1
1568998	1503301	1
6639819	6639820	1
7657205	7657214	1
11634486	11634390	1
8800988	8800987	2
4355045	4398886	1
298919	181479	2
972207	1036198	3
11045190	11062881	1
10899506	10996497	1
2561116	2543713	1
2898557	2898558	1
2531985	2532540	2
8586746	8586745	1
3371542	3368902	1
5864445	5839877	1
10652439	10664526	1
11647667	11647670	2
4582386	4578839	1
1919426	1921652	1
1285693	1242678	1
10096343	10096344	1
10119215	10110728	1
8414506	8414505	1
9969313	9875582	2
12473275	12473276	1
8178258	8178257	2
4559673	4559711	1
7854539	7844073	2
6930251	6931966	1
10222128	10221104	1
6785419	6785420	1
7066305	7061885	2
8370159	8370065	1
4807423	4805258	1
8953374	8953373	2
2932751	2901540	1
251718	253080	2
10611656	10611673	1
11834993	11834994	2
147157	147158	1
357002	357005	1
11187475	11187476	1
887478	830731	1
7897140	7896928	2
4926793	4926912	3
5322880	5322867	2
8415340	8428498	1
8161050	8169755	1
9423762	9423759	1
10558500	10558484	1
6615861	6556915	1
7169988	7169987	2
4657018	4657017	1
7226980	7226977	1
5930091	5845726	1
2246225	2216776	1
680950	680632	2
5313533	5313534	1
12785963	12785964	1
3559224	3559221	1
11169295	11169311	1
11016561	11016562	2
10532345	10453971	1
1695700	1695699	2
10993279	10996432	1
10663125	10743770	2
8158215	8158224	1
4793384	4793383	3
12279474	12279470	1
4875217	4878925	2
8684923	8736202	1
1528055	1528056	1
12434218	12434725	1
4612859	4612860	1
7154906	7154905	1
12281659	12281598	1
6482301	6482302	1
7102111	7102022	1
565118	565135	1
12159677	12190396	4
7099045	7170043	1
4282558	4282557	4
6090299	6089363	1
5120326	5120345	1
4014606	4006566	1
2615020	2615037	1
1365654	1365653	1
4081608	4083064	1
10660396	10715620	1
11238660	11246308	1
12465081	12465082	1
10607875	10607695	1
11966404	11966403	1
7211506	7211505	2
115408	120389	1
12447305	12494094	1
6000045	6000046	1
4036896	4086192	1
3519201	3519336	1
8628800	8628797	1
1642460	1687591	1
4175031	4175032	3
7266745	7264728	1
1561207	1525014	1
7804464	7804463	1
4612412	4601466	2
7247240	7247239	1
7773435	7773422	1
8563919	8566976	1
5811549	5811461	2
2412817	2357205	1
3111620	3111619	1
1566333	1462318	1
2790973	2790970	1
2678216	2645865	1
7052212	7097648	1
480597	480598	1
11037351	11044788	1
12476879	12541442	1
9764651	9764607	1
9130062	9130059	2
5478858	5516990	1
485914	485913	1
12468647	12468648	1
12208354	12208351	1
1716	1662	1
678330	669017	2
3542958	3542651	1
9632224	9648163	1
10962141	10973934	1
3663917	3670199	1
2806271	2783952	1
6080548	6080521	1
1234417	1253098	1
9338468	9338509	1
2078146	2068697	2
10627665	10627670	2
11278888	11278887	1
2294899	2219391	1
3664100	3643410	1
9530254	9528955	1
4057041	4054001	1
2998092	2998091	2
4468268	4468267	1
10764582	10727750	2
12769930	12738062	4
5308387	5419832	3
11923351	11923584	1
1423355	1423358	1
3970530	3954620	1
5779827	5779828	1
7827425	7827873	1
71493	98473	1
1548456	1554036	1
9174020	9092005	2
11990212	11984659	1
5228566	5177586	1
10369788	10369791	1
3420478	3420477	1
3161528	3161527	1
2201962	2201961	2
10465386	10465385	2
1623754	1557291	1
10614929	10614930	2
11423778	11423777	1
8437483	8437484	1
10645569	10649298	1
4172893	4172896	1
9777696	9777727	5
10296301	10296295	1
11088063	11088064	1
2690611	2725646	1
8293442	8293441	1
1699507	1699508	1
12256110	12163572	2
9996408	9996816	1
7359529	7363943	1
1181251	1181252	1
9627267	9627268	1
3748219	3754045	1
2777974	2766743	2
11925271	11925272	2
1314485	1314486	1
1026030	1026029	1
10510333	10510334	1
359939	421693	1
7886293	7886294	1
7329012	7344384	1
8161003	8184238	1
9115428	9116163	1
8956021	8956570	1
10728429	10728480	3
3744641	3744642	1
6205310	6205309	1
3255353	3255354	1
5959833	5935496	1
3590910	3630320	1
11434434	11434433	1
1569766	1511414	1
1504585	1534851	2
12296660	12296667	1
8645236	8634263	3
1694311	1694312	1
9191869	8992284	4
11139821	11153075	1
2880669	2880670	2
7481295	7471203	1
7580763	7580768	1
2855776	2855775	1
3563959	3556031	1
8030237	8030238	1
5383681	5383684	1
2454377	2382918	1
1438488	1438487	2
8829656	8829655	1
10764207	10711193	1
10978735	10980394	3
8301204	8300883	1
3633643	3634210	1
12407621	12407622	1
7417021	7417388	1
1607986	1607985	1
3818494	3744899	1
8335569	8335570	4
10488911	10488874	1
5780292	5780266	1
9623461	9623462	2
10756739	10763843	1
2462852	2570238	1
12282062	12253540	1
12779041	12776484	1
10888557	10888558	2
4477745	4556024	1
4361110	4361061	1
2361949	2361952	1
3368793	3373182	1
3785199	3779471	1
6521242	6542542	2
6102545	6102548	1
8528672	8528667	1
7673869	7673870	1
2927294	2925864	1
3821831	3821832	1
9644337	9644338	1
3814229	3814233	1
2382768	2382765	1
12655563	12612563	2
1054378	1053856	1
10240547	10244609	1
10371073	10371074	1
2437646	2435967	1
8078236	6842193	1
3363251	3363252	1
8498935	8561420	1
5193767	5102696	1
10727972	10727971	1
3798801	3789032	1
903581	916846	1
3459850	3459475	1
11089561	11083889	1
5886778	5890162	1
5850423	5862363	1
11157543	11157429	1
6205312	6205311	1
1200400	1200341	1
5858156	5890473	1
6895921	6890299	1
5963077	5963078	1
10748066	10748063	1
7682358	7682357	1
8957527	8957528	1
6340085	6405426	1
1538769	1538770	3
11165162	11165294	2
5923092	5923085	1
6675574	6675551	4
2639135	2633422	1
8418892	8492124	1
3668349	3661086	1
4529390	4540085	1
9256088	9255948	1
2838228	2839245	1
12634636	12634635	2
3780453	3752613	1
9838795	9838692	2
1757966	1757983	1
11990444	11990443	1
5548434	5557847	1
782344	818402	1
4370759	4383476	1
10394321	10394324	2
7917788	7917499	1
4675574	4620874	1
4111309	4111312	1
5817967	5813925	3
12774513	12799504	1
10568683	10570412	1
10017091	10017092	1
1835347	1838926	1
4350575	4350334	1
7945646	7945643	2
12522346	12522345	1
11582535	11582536	2
9014872	9011165	1
9847113	9847039	1
9802958	9802975	1
12814081	12746208	1
4054301	4054302	1
5199752	5199751	1
4691520	4709112	1
12492789	12492790	2
8777827	8777828	1
3532032	3526715	2
8338420	8338384	2
6455355	6455356	1
5872246	5872735	1
2743985	2743986	2
2395004	2389338	3
5562544	5562543	1
12550091	12533857	1
5857030	5808485	1
11028489	11026992	1
9019554	9019549	1
3350515	3350518	2
4090105	4090108	1
8810377	8715570	1
4080635	4080638	1
981029	982182	1
2500603	2511434	1
9070877	9070832	1
3635097	3617949	1
11390425	11390428	1
5896790	5896789	1
9383363	9383364	1
8006492	8006454	1
7339645	7407627	2
10123377	10123342	1
11476170	11393072	1
9163105	9154321	1
8395322	8395311	2
9505677	9584534	1
1965926	1965937	2
9380991	9380992	1
3939557	3909459	1
7728007	7711409	1
5774287	5774302	1
5910813	5910814	1
7644230	7644229	3
8425268	8425267	1
8491752	8491751	1
12610473	12610474	1
1266591	1266592	1
1327227	1335201	3
11253133	11253166	1
6363579	6363582	1
1337867	1337868	2
4252568	4272532	5
10749453	10749454	1
6708987	6709086	1
4403713	4403714	1
2710285	2710286	1
7617244	7617243	4
8858817	8858818	3
1639291	1639289	1
11642200	11642199	2
5996067	5974440	3
9675275	9675276	1
11183788	11183787	2
1581293	1581294	1
5870710	5759380	1
3898617	3958382	1
2411679	2411680	1
903854	903853	1
871553	871556	1
4229335	4229336	1
6126364	6118059	2
7140427	7141734	1
10631370	10631369	2
5690611	5690612	1
11094952	11094449	1
4682207	4682208	2
7830552	7832586	1
2571934	2571933	1
9353002	9352999	1
4634452	4634451	2
890875	890876	2
6061705	6088194	3
1515893	1515894	2
6765124	6764902	1
12183142	12183125	1
5805628	5805907	1
1088537	1088542	1
781704	781699	1
10452762	10452761	1
1365588	1363672	1
6202912	6208899	1
10052582	10073405	1
3274329	3274330	1
10119045	10157093	1
3830657	3866114	1
11828954	11829904	1
667888	667887	1
3629660	3629659	2
8848119	8842749	1
6715190	6715189	1
10237781	10237782	1
3554555	3554556	1
6182232	6183621	2
11014342	11027714	2
10371306	10371316	1
9647252	9648377	1
9574548	9574547	3
1575190	1579160	1
4671293	4671296	1
5341192	5341191	3
1751321	1751254	1
3125656	3125655	1
7810249	7810250	1
8409124	8501907	1
4835428	4844959	2
4115003	4057082	1
6861638	6869326	1
1673927	1673928	1
3626423	3626424	1
3153169	3163343	3
5845203	5845204	1
12799500	12802150	1
3742470	3674094	2
1142255	1148065	2
1651968	1651967	1
8923795	8906197	1
11060126	11060095	1
1189055	1189056	1
1355895	1295286	2
7984457	7984450	1
6205501	6138288	2
9639834	9639831	4
11934130	11934129	1
696829	11047019	2
7793752	7878377	1
6381021	6313860	1
1735857	1743430	1
3876308	3876644	2
336008	345858	2
3951574	3957945	2
9018083	9018086	1
9821282	9840771	1
10130243	10130244	1
4819109	4754130	1
5279908	5279907	1
5973747	5881480	1
2993537	3033583	1
1406549	1407699	1
4580846	4580845	1
5158734	5164397	3
3523152	3523279	1
6798760	6798759	1
7169990	7169987	2
4155454	4155406	1
6850149	6891959	1
3262990	3234334	1
12779854	12779853	1
1785648	1785522	1
6919193	6919194	1
8267695	8267696	1
1745179	1745180	1
12618951	12620950	1
10691647	10691648	1
3644283	3688387	2
7925355	7848894	1
3642920	3676218	1
5114907	5114908	1
9977605	9950402	2
12256520	12180129	1
4745834	4756291	1
8204877	8204893	1
453160	443850	1
4665339	4665340	1
8848258	8848257	1
373316	400432	1
10686808	10686807	1
3270641	3270642	2
7207217	7207218	1
6715219	6715220	5
1491771	1491774	1
5834951	5834952	1
9271939	9271877	1
9784872	9784852	1
1833178	1833177	1
10249065	10249066	1
7669735	7666509	1
1562655	1501238	1
4233547	4209088	1
485282	432805	1
10384999	10385002	1
12440359	12440360	2
5631817	5632178	1
7752371	7717948	1
10109793	10109783	1
3748915	3795479	1
5824422	5824421	3
3477716	3473660	1
