fend1	fend2	count
12477595	12477898	1
493055	493074	1
1277633	1277634	1
5253264	5253263	1
9996595	9996596	1
12394997	12407791	1
11998677	11999618	2
12373787	12374062	1
10095234	10095233	2
10918524	10908711	1
11749283	11751340	1
390653	270133	1
1522332	1522331	1
949557	949544	2
5784749	5784770	1
5739264	5739269	2
7190073	7190074	1
1176457	1161646	1
6031476	6031466	1
3868877	3868878	1
5912581	5912582	1
12185010	12185070	1
2472128	2472127	1
1923275	1923265	1
9005881	9005882	1
10037703	10037708	1
9925019	9925020	2
9126340	9126339	3
5785247	5785248	1
8588763	8588802	1
4798389	4799851	1
12258799	12258800	2
3700973	3703887	3
10611104	10608168	2
10192441	10192442	1
574067	574068	1
1349115	1349116	1
2791487	2791488	1
5913420	5913419	2
9959192	9959191	1
2041366	2041365	1
5450688	5450687	2
12450155	12450156	1
9935046	9934970	1
7608257	7608258	1
494250	496359	1
3554189	3557421	1
1269388	1269387	1
12183153	12183154	3
4726201	4726131	1
9284791	9284775	1
7799541	5627182	1
11831392	11831353	1
5666762	5666761	2
6544664	6544602	1
11327141	11329221	1
8442234	8442233	2
6928101	6928286	1
8716399	8716400	2
8313348	8313347	1
11442952	11441751	1
2085752	2085749	1
10534462	10534692	1
3741304	3741307	1
3676655	3676436	2
10567174	10573835	1
8227523	8227524	1
3994451	3995780	1
6606975	6606978	1
1971585	1971194	1
3248631	3248632	2
8513887	8515225	2
5072042	5072047	1
2738618	2759505	1
2423652	2424031	2
11259829	11259830	1
12209918	12209907	3
8694602	8694601	1
8365278	8365277	1
12668419	12516618	1
7065629	4155645	1
11167451	11167452	3
3255636	3254676	1
2561610	2561591	1
4604235	4604236	1
12310933	12310934	2
9022365	9022331	1
240120	237705	1
11009499	11009500	2
12163913	12160556	1
9324507	9324571	2
9744496	9744495	1
5677056	5677065	1
2331368	2331365	1
4617871	4617872	3
4917880	4917879	1
1162489	1162475	2
3097809	3097810	1
8711784	8711984	1
7070416	7070360	1
6190977	6190978	1
11634894	11500474	1
11118785	11116585	1
3093781	3093342	2
4755454	4755453	1
3738029	3733755	2
7032251	7032252	1
1115495	1115496	1
2892813	2894599	1
6219453	6224083	1
6820387	6820388	1
9008355	9006546	1
3716849	3710968	1
9754034	9754033	1
1150652	1150651	2
6261966	6260265	1
11465667	11465649	1
4267810	4267911	2
4398404	4398403	1
3657459	3657462	1
1783046	1783045	3
10609950	10609949	1
5168278	5163963	2
8347571	8348100	1
3247826	3247825	1
2016477	8728941	1
4016319	4016320	3
6126227	6126228	1
6540996	6540993	1
8501942	8502000	2
4647889	4647890	1
2749542	2749541	1
4388474	4388450	3
4359594	4359316	1
6643444	6643443	1
4597308	4597307	1
11101430	11101453	2
5645631	5645632	2
3280497	3280498	1
9344227	9344228	2
8672044	8672041	1
1485701	1485702	2
10888569	10887344	1
7427757	7427758	3
11912035	11912036	1
9100490	9100501	2
4342290	4342289	1
9601086	9601085	1
1299576	1305853	3
10896118	10896333	1
11959716	11103766	1
4844439	4844428	4
1338759	1346715	1
4600711	4600714	1
10345111	10572837	1
281627	281628	1
2515948	2515829	1
3139244	3139243	1
2576959	2576954	1
8315063	8256201	1
6214383	6214384	1
2286638	2346378	1
7705710	7705709	1
3796855	3796856	1
8501479	8501482	1
4415850	4416147	1
11250893	11250894	2
683534	830196	1
1124781	1124902	1
5484435	5484461	1
6277979	6277980	1
4809411	4809412	2
10936208	10936207	1
2294941	2294924	2
2386227	2386228	1
7134192	7132093	1
7205554	7205553	2
9681274	9775100	2
4579378	4579377	1
1373919	1373920	1
12667017	12667220	1
7362229	7362230	1
7345209	7345210	1
912074	3313336	1
1094500	1087453	1
12547431	12547419	1
3184478	3184477	2
11504500	11504497	2
12292270	12292243	1
1361895	1359435	1
2207744	2207743	3
6276360	6276359	1
1378763	1378764	1
11173756	11175716	1
8451760	8451759	1
11013348	11013347	2
2729668	2729505	1
6115254	6009450	1
11233292	11228546	1
4786267	4786268	4
439793	439794	2
8288078	8287978	1
11735540	11735328	1
9829018	9829017	1
11625733	11625726	1
7324015	7324635	1
1244258	1244255	1
1270382	1270381	1
1767144	1767143	2
2240632	2233215	1
885191	885192	3
9229652	9229651	1
10087769	10088943	1
8155374	8155405	2
9434905	9434906	3
3519806	3519805	1
11061719	11063559	1
5767766	5767965	1
5554685	5554679	1
7647551	7647552	1
9487010	9487020	2
6651271	6650976	1
12006160	12006159	2
724433	1331200	1
5905911	5905912	2
1727997	1727970	1
7013458	7013891	1
4696099	6163848	1
7976722	7976754	2
4232595	4224963	2
10763106	10762347	1
4143958	4147257	1
4707472	7927498	2
11205946	11209573	1
2829024	2829023	1
68273	68274	2
10404988	10404997	1
5406624	5405866	1
9383151	9383152	1
1695685	1695686	1
5641490	5641489	2
8846677	8846678	1
4718397	4718426	1
6156501	6156502	1
3510284	3510283	3
11214123	11214124	1
5353669	5141411	1
11917945	11917946	2
64019	64012	1
1771055	1768678	3
10763106	10762349	1
6121945	6121946	2
2593288	2593287	1
6680709	6680710	3
5244797	5244806	1
11276409	11277459	2
3060350	3060349	4
11062875	11063222	4
5595986	5595985	1
6253285	6253288	1
4816292	4818759	1
11504496	11499546	4
11149143	11132526	1
11336757	11336758	1
10388209	10405165	1
12210484	12210479	1
10401851	10401852	1
11149501	11149504	2
175946	1295918	1
11807077	11807078	2
3800709	11755088	1
7938583	7939363	1
1943104	2025527	1
3341081	3341071	2
9383147	9383148	1
1187094	1184630	1
8099918	8099930	1
2967625	2968500	1
9389362	9389220	1
643305	627882	1
10714920	10714919	1
5893513	5893514	2
9395007	9395008	1
6018208	6018207	1
10752951	10752952	2
5244866	5244865	1
4568841	4567591	1
2162138	2162141	1
3936321	3936324	2
7467123	7467324	1
3160179	3160180	2
4153040	4156040	1
5910880	11205586	1
3800709	3800710	1
11904927	11904928	1
10882056	10882055	1
5369046	5369045	1
2960750	2958032	3
887049	887118	1
9352534	9352391	1
6887615	6887616	1
9125000	9125558	1
4296088	4296087	1
10575235	10576908	1
3657459	3657460	1
313844	313957	1
6324996	6324825	3
1202250	1198439	1
6014833	6014826	1
932389	932390	1
5807950	5807949	3
3247828	3247827	1
7651226	7651229	2
5970471	5970472	1
9555880	9555883	1
12758178	12758173	1
3188930	3046954	1
7329269	7329270	1
837533	837534	2
2497967	2497968	1
7988809	4696541	2
1877277	1877278	1
9566636	9467079	1
6027391	6024630	2
2218559	2218560	1
5358783	5358527	1
1400763	1401307	2
9764382	9764316	1
5405565	5405566	1
11588096	11587589	1
8417016	8417044	2
8259563	8259112	2
11767877	11767822	1
8540141	8540530	1
10473209	10473210	2
9431901	9430166	2
12574837	12574828	1
7427757	7430471	2
4016315	4016318	1
6186142	6186141	1
3623256	3622361	1
10270246	10270243	1
1591130	1591566	1
12441426	12713099	1
6241645	6242474	1
12289768	12289779	2
6049039	6128060	2
1657418	1656449	2
10435390	10435393	2
9686078	9686077	1
9855603	9855604	1
4484340	4484343	1
1390493	1390494	1
2641084	2641083	1
8717287	8716398	1
8408924	8408927	1
8332407	8332408	1
11574616	11574638	1
515645	515646	2
5364986	5373548	1
11035494	11035242	1
716222	695828	1
7945579	7945580	4
3541264	3541260	1
12755871	12755920	1
9977235	9977236	1
8319323	8319324	1
1191257	1191258	2
5424500	5424625	2
11165595	11161637	1
12291771	12291772	2
12239131	12239134	1
10522392	6941676	2
11759057	11753715	1
7371480	7371486	1
2766380	2766383	1
6392666	6396366	1
12175453	12175454	4
11510588	11510587	1
3507887	3507890	1
1757972	8785496	2
3276995	3277473	1
11121418	9068094	1
1021187	1019548	1
8417965	8417579	1
10648801	10648301	2
2881405	2881406	1
2354141	9057809	1
6331264	6331261	2
7446430	7446429	1
11674392	11674489	3
7695113	7765676	1
12235006	12232986	2
9168144	9168141	1
5979192	5979191	1
3545356	12384805	1
12027013	12026980	1
2743131	2743132	1
5380456	5380674	1
354320	356785	1
3786892	3786891	1
9275686	9275685	1
10177153	10177154	1
7235065	7235066	3
3960335	6114119	1
9972024	9972009	1
8370994	8370993	1
6618437	6609386	1
7342513	7342514	1
10547134	10547133	1
3993165	3993166	1
4478179	4478180	1
1311304	1311303	2
8347822	8351246	1
5784749	5784752	1
6609076	6609075	3
2117150	2112529	2
956152	956151	1
12257218	12257217	1
354972	356379	1
11113307	11115793	1
1991113	1989426	2
5701720	5701727	1
12762307	4484023	1
4809411	4808382	1
6572135	6573700	3
10840876	10840875	1
4402421	4402565	1
1859566	1859565	1
3507909	3507886	3
7451124	7451106	2
11965727	11965728	1
8743231	8737106	1
617945	622352	1
9804156	9803857	1
2830777	2830778	2
5125998	5126008	2
943619	943620	3
6640067	6574149	1
10168117	10168114	2
7172218	7172217	1
12518945	12518946	1
6062323	6061423	1
6993853	6993856	1
6142339	6142830	1
4545067	4546737	1
1048651	1048652	2
11555678	11555677	1
1987145	1987146	1
5857031	5857032	1
4106760	4104143	1
6171382	6171413	3
7009659	7009660	2
9027029	9027030	3
9561496	9561495	2
34729	34730	3
10690426	10690425	1
10857361	10860531	1
7628975	7628976	1
12231509	3559744	2
5537389	5537390	1
6209790	6209789	1
1623974	1623973	2
4582881	4582884	1
1898897	1898773	1
7161932	7161931	2
8524235	8524236	1
682199	826334	1
7840589	7840581	2
1128373	1128374	1
3043449	3043400	1
3049227	3049228	1
10810801	10810802	1
11585974	11585331	2
6270177	6265757	1
7728121	7728122	1
6110748	6109825	2
11993547	11993548	1
10085446	10085445	1
9567279	9567280	1
11610197	11610198	1
4726197	4726200	1
11517613	11517826	2
12696266	12696337	1
1058827	1058828	2
9272421	9272422	1
8427753	8429152	1
7667989	7667980	1
1052176	1052173	1
8559505	8559506	1
978458	977899	1
6463542	6463541	1
2254411	2258531	1
11594365	11595303	1
7775547	7775548	1
5688452	5688451	1
12682989	12684308	1
11664411	11664465	2
5390752	5385968	1
2429740	2430488	1
2262374	2262380	1
9768339	9768340	1
10616687	10613342	1
5968623	5968624	1
8696550	8696549	1
9443586	9441396	1
9767933	9540213	1
1799201	1799202	2
3022382	3022342	1
12800837	12800838	2
10832416	10832415	1
9285185	10304388	1
7651228	7651227	1
6086373	6078583	1
9536591	9565255	1
2431850	2431849	1
4630648	4633737	2
1642460	1642457	3
12118962	12118961	1
1724506	1593598	1
10690424	10690427	1
12237869	12238117	1
827695	821062	2
12305579	12305583	1
4946458	4951093	2
99378	99377	2
967345	967346	1
5276372	5276371	2
4022655	4022656	2
5802593	5802594	1
5113039	5112838	1
6384140	6383454	1
5645637	5645638	2
2831647	2831673	1
5311032	5325723	1
8053494	8053534	1
7106192	7106191	1
1429120	1429038	1
11988827	11988025	4
9360485	9360828	1
8245714	8245711	1
12513944	12506407	2
12607360	12607359	1
8514484	8556232	1
1372166	1371202	1
11903964	11902220	1
1042077	1042078	2
1632160	1633726	2
6207253	6207254	1
1236231	1236217	1
9681692	9682571	1
12410056	12410055	2
6367811	6367812	1
4583598	4583597	2
11580060	11580057	1
4877608	4877607	1
1846302	1846301	2
7144047	7144048	3
896530	896522	2
10522179	10522180	1
10926919	10926906	3
6526576	6526575	1
6374152	6373559	1
11294419	11294414	1
12569723	12569724	1
10426187	10422657	1
12505661	12670801	1
8788261	8788262	3
1466649	1466319	1
6552880	6552894	1
11400468	11404012	2
5759030	5750826	1
4267155	4267156	1
2733242	2733241	3
10468592	10468758	1
10760974	10663320	2
8306576	8306575	2
655325	658566	2
7654684	7654408	1
4584523	4584524	2
12464408	12464407	1
4867472	4866518	1
6462395	6462349	1
3580301	3580302	1
2848638	2848672	1
1213375	1213376	1
1596083	1596241	1
9364277	9364278	2
3020750	3020749	1
5198250	5198249	1
12337415	12337416	1
10631535	10631546	1
9150854	9150853	3
10439821	10439809	1
10681259	10681256	1
11391278	11391277	1
7249754	7249753	1
899901	899902	1
583597	583525	2
2036791	2037013	1
4343813	4344419	1
11231109	11231110	1
9948523	9948526	2
12755185	12755183	1
11262390	11262387	2
1197104	1197103	3
11413242	11413241	2
3802802	3802799	3
9536593	9565255	1
1187096	1187095	1
5095808	5095805	1
8868118	8869942	1
8528581	8526046	1
3157413	3156270	1
868834	868833	2
6204790	6204781	3
2464120	2456381	1
4450108	4449779	1
8252928	8222978	1
1195461	1195462	1
10762348	10762347	1
1466791	1466845	1
11134132	11134123	1
10977542	10981138	1
1695682	1695677	1
5952934	12153693	1
12687350	12689308	1
2515247	2515248	1
10262640	10263119	1
10541094	10544754	1
4049816	4049819	1
6053224	6053223	1
6662517	6665353	1
11447925	11445981	1
2100609	2101501	1
5558670	5558669	1
1127448	1131456	4
8301760	8301759	1
11456686	11456685	1
5350666	5350665	2
1466442	1466441	1
7996685	7996686	1
10026439	10026296	1
10366713	10366717	1
2074726	2074764	1
9485567	9485568	1
9327730	9327729	1
2035768	2036006	1
10612089	10613644	2
12169331	5666689	1
12327370	12327369	1
10517552	10513705	1
9835067	9835070	1
7370617	7369206	1
3021045	3021515	2
8745271	8745276	1
7370472	7373418	2
3250990	5323267	1
1459622	1459621	1
4603751	4603752	3
7275046	7276571	1
6623987	2759063	1
4580520	4581526	1
7952646	7952645	1
12345857	12345863	2
1145722	1144819	1
11152910	11152909	1
2413232	2413229	2
11131940	11131446	1
9028420	9028419	2
11681858	11682360	1
7662024	7662022	1
1971008	1971007	1
4390380	4387409	1
3442748	3442747	1
11220263	11221031	2
10971130	10971209	1
1313825	1313821	1
5821031	5821032	1
2513726	2513723	1
9258551	9258612	1
9072954	9072670	1
2547785	2547786	3
10870684	10863456	1
12526719	12526723	1
12027009	12027012	1
11922126	11919193	2
7570419	7570097	1
1428947	1428948	2
5697791	5697714	2
10661016	10661013	1
7569148	7570112	1
9021873	9018937	2
12743352	12743351	1
3940377	3939633	1
1121261	1121264	1
7307549	7307550	1
12023375	12023378	2
6369706	6371011	1
9520124	9520309	2
4132749	4131740	2
8278902	8279158	1
4721571	4721559	1
3660177	3660141	2
4556643	4556644	1
10148537	10151967	2
7089145	7089146	1
888439	888440	2
1484181	1481791	1
1121093	1121094	1
5405128	5404820	1
7965206	7965205	1
10534464	10534463	2
5222555	5222635	2
9878460	9958050	1
12289778	12289777	3
158482	158255	1
5695404	5695403	1
5969456	5969455	1
6358951	6358968	1
1210702	2635969	1
9816079	9816080	1
6569659	6569660	3
10595756	10595753	1
3691789	3691790	1
5962476	5962478	1
2622612	2621703	1
7279468	7279501	2
2582566	2582565	2
5261005	5261006	1
2812067	2812068	1
10119666	10119665	4
1066212	1066209	1
9974385	9974238	1
12458910	12458909	1
1246660	1246659	1
2364265	2364266	2
11777423	11765598	1
8320083	8320014	1
11342770	11341351	1
3004204	3004203	1
9343808	9343807	1
11942645	656682	1
10002293	10002294	1
12545982	12545844	1
10427937	10427921	1
2888362	2888361	1
1318384	1317687	3
9916177	9916197	1
7390799	7390960	1
5586614	5586613	1
3734369	3734370	1
4612888	4612885	1
3806658	3806661	1
5223945	5223946	2
8888621	8888622	2
8442456	8442455	2
9171255	9171256	1
9299543	9300057	2
2485173	2484053	1
11388498	11388486	1
3678320	3684150	1
5533621	5533622	4
10356197	10356198	1
6688993	6688998	1
9184563	9184355	1
4787202	4787199	1
7258523	7260358	1
6154642	6154641	3
12238391	12238392	2
50111	49740	2
1423055	1526009	2
10990331	10992395	2
9076319	9080587	1
2865494	2865491	1
2229256	2229226	2
6550016	6550015	1
8093711	8093712	1
10167442	10167441	2
1802296	1802295	1
11120100	11120293	1
12170533	12169499	1
1008224	1008223	2
492106	492105	1
9017330	9018307	2
10178206	10178205	3
2333736	2333832	1
11262562	11262561	1
11442945	11442880	1
3702962	3703886	2
10579188	10579167	2
7854497	7852348	1
8348041	8348042	1
8885579	2825538	1
8190643	8190646	1
5629275	5629276	1
5868388	5868387	3
2891366	2891365	1
1656137	1656138	1
10468665	10468896	1
2368257	2368222	1
10344648	10344647	1
9926546	9926542	1
10445110	10445109	1
2358277	1600822	1
10050442	10038667	1
12372925	12372926	1
1124949	1113526	1
4322005	4322002	1
7659726	7659934	2
200634	200633	1
7135048	7135076	1
1248613	1248602	1
4632604	4632545	1
211086	211066	2
5366938	5366937	1
11013346	11013345	2
3044010	3044009	2
1682001	1682002	2
1467844	1468010	1
4346132	4329980	1
11359053	11359054	1
11819820	11819819	1
5999033	5999426	1
10080264	10080225	1
3752578	3752197	1
5469935	5469917	1
2228970	2228967	2
723259	725870	1
1548678	1548683	1
2245234	2245198	1
7434970	7434969	1
10897861	10893101	2
2796441	2796414	2
11966601	11966501	1
10516321	10516322	1
1224497	1344677	1
9081312	9081311	1
12561101	12561082	2
7613750	7617435	1
7343335	7343336	1
3767469	3767470	1
1269520	1269519	1
4656524	4656522	2
1224497	1224498	2
7347792	7347791	2
5844652	5843521	1
5882099	5881763	1
12205064	12205063	1
1146859	1146864	2
4363087	4363088	1
8062804	8061768	3
2329172	2329171	2
6232305	6229120	1
6036767	6036770	1
4395452	4395451	2
6546833	6546820	1
1060403	1060371	1
10118633	10118634	2
3150422	3153391	1
6601093	6596915	1
2442007	2442008	2
1733727	1733351	1
10773977	10773980	1
8469063	8466177	1
10533091	10532975	1
2440700	2440699	1
11301267	11282781	1
10200235	10200238	2
9391945	9391948	1
3280768	3280496	1
3481832	3481831	1
1364033	1364034	1
10669839	10669840	1
6624624	6633287	1
3950396	3880342	1
1763191	1763192	2
10368501	10368515	1
12141557	12141558	1
2702990	351642	1
5938921	10256963	1
9863780	9863666	1
12378282	12378281	4
1898767	1896948	1
11304327	11304328	2
6741884	6741883	1
1041367	1038740	2
9462447	9462448	2
12432391	12432392	2
1361895	1361896	1
284114	284142	8
8291375	8291364	1
1548592	1548715	1
6675702	6675699	1
3712395	3712396	1
10926907	10926908	1
1526096	1525357	1
533158	535774	3
11333871	11333900	1
6715300	6715299	1
6465875	6465870	1
8310620	8310619	1
7610466	7610465	1
2685584	2684466	3
11323566	11429038	1
11850296	11851291	1
7219587	7220944	3
950046	9607872	1
2045799	2045800	1
9960667	9962351	1
9598333	9598334	1
4469128	4468385	1
11590636	11555334	1
5592853	5592856	1
11147890	11147889	1
7242482	2541024	1
6622157	6622158	1
222938	223004	1
5015031	5015028	1
420972	422138	1
5526103	5526104	2
4583912	4583599	2
6129133	6129134	1
3041018	3041017	1
4792934	4792953	2
10100440	10100442	2
5485134	5485133	1
2987901	2987902	1
11713232	11713229	1
776692	776695	1
3042309	3042967	2
10560292	10560291	2
9123769	9123770	2
8842089	8826591	1
8361186	8361185	1
516322	505651	3
5234554	5234553	1
3220456	3221835	1
1276370	1276384	1
7567619	7567620	1
10344648	10344643	1
11807073	11807076	1
971815	968357	2
2190806	2190805	1
12770969	12768579	1
8870005	8870006	1
12432100	12432099	1
9947179	9947180	1
9383149	9383150	1
7067623	7069945	1
5136783	5136832	1
12676990	2600150	1
660043	660046	1
8928611	8928612	1
7321020	7321019	1
6202321	6202322	1
69939	68063	1
3590383	3590384	1
10892164	10892138	1
1280796	1850522	2
9756773	9756774	2
3385057	3385058	2
1526104	1526115	1
9355319	9355297	1
10325982	10327105	1
9017139	9018557	1
7221899	7221902	2
8301375	8301376	1
11118961	11122184	1
7773661	7773662	1
9012118	9012117	1
7114691	7114717	1
7643822	7643821	1
11217977	1137355	1
7132199	7132200	1
8383466	8383465	1
10541285	10538806	1
7155730	7156482	2
7660057	7660060	1
1350776	1350773	1
12000484	12000483	1
1454415	1538943	1
5383553	5383554	1
8099921	8099931	1
7275504	7223440	3
6831088	6831087	1
7342648	7342645	1
1654991	1654992	1
7606409	7606410	2
6532565	6532566	2
1951100	1951342	1
12795960	12795959	2
11223569	11223570	1
2583638	2620923	1
11129685	11129692	1
9502837	9502823	1
10502186	10502185	2
11113552	11113551	3
10039211	10039214	1
9320653	9320654	2
914715	914716	3
3929339	7922833	1
6464871	6464872	1
4177524	4177527	1
3443168	3443194	1
1144218	1144217	1
4589568	4589567	4
4231357	4232413	1
9127420	9127419	2
12654769	12654721	1
1363703	1363706	2
8322849	8322850	1
4308324	4308574	1
8301464	8301374	1
2732963	2735737	3
10926907	10926910	1
11475792	11473879	1
5930313	6000869	1
3918233	3918247	1
10658353	11120003	1
7795651	7795652	2
1483501	1483502	1
10086821	10086822	2
2657291	2657292	1
6165340	6165339	1
3444840	3440630	2
7301944	7301943	1
1557995	1555963	1
6733184	6733013	1
11760444	11760450	1
2956024	2956023	2
11508921	11508922	1
3918233	3918249	1
959347	959348	1
4314266	4314265	1
4421725	4421731	1
891871	891874	1
9129909	9129910	1
1032088	1045121	1
3570474	3570440	1
9508897	9508898	2
4399706	4399705	2
6571535	6571536	1
8078885	8081352	1
11383721	11383722	2
419756	419725	1
450417	439792	3
2887376	2887375	2
10977794	10977793	1
5450285	5450286	1
5145249	5145137	1
663251	663252	1
297301	297302	1
4351548	4351547	1
5959054	5959053	2
3689948	3689947	1
10988105	10988106	1
2845874	2845873	1
869722	869721	2
6671244	6671243	1
265086	267610	1
6477191	6476605	1
2796435	2796466	1
12534580	12534573	1
9362301	9362302	1
4366001	4833263	2
11017172	11017175	1
3095109	3095110	1
7734739	7734740	1
10337445	10337446	1
1230966	1230965	2
1623886	1623885	1
3042307	3042308	1
8888500	8888499	1
1187816	1187815	1
10046515	10046518	1
8365841	8357622	2
10886382	10886381	2
4786266	4786265	2
10036592	10036591	3
2891299	2891300	1
10249156	10248598	1
2761802	2762590	1
11062322	11062321	1
12146792	12180024	1
4717551	4717552	1
6581627	6547630	3
1982431	1982423	1
11437468	11437470	2
3804540	3804528	1
11331560	11334723	1
1257988	1262733	1
1584964	1584963	1
11335340	11335339	1
10539388	10563073	2
8353225	8353226	2
10459581	10530066	1
292748	292745	2
2869941	2869942	2
11437471	11437472	3
11190284	11189262	1
9275384	9275684	1
6688993	6688996	1
594556	594104	1
10089408	10089407	1
3976687	3976688	1
4351657	4351621	2
4020915	4020912	1
1191516	1191620	1
12181246	12181308	2
6625492	6625491	1
11196871	11196893	1
2354159	2354160	1
2744543	2744546	2
5863819	5863820	1
4417618	4419837	2
2830673	2830674	1
5638971	5638972	1
11897081	11896956	1
12039402	12039593	1
690650	690649	1
5290853	5289567	1
1060618	1060617	1
8797746	8796972	2
10636595	10636596	1
2729668	2729503	1
7786228	7786245	1
7327764	7327763	2
5704986	5690642	2
6256608	6256611	1
2951865	2948651	1
9531330	9531250	2
5765776	5763848	3
6753785	6750872	1
6101979	6101991	2
2661668	2661663	1
2472313	2476154	2
6121947	6121948	2
9958458	9957986	1
6695096	6694979	2
10162809	10162810	1
7623277	7626408	1
8288024	8287480	2
8411575	8411501	1
2687581	2687582	1
59146	48376	2
7500557	7500558	1
1500276	1500275	2
9605115	9605128	1
4877339	4877442	1
11118638	11118637	2
513872	513871	1
6650625	6653230	2
1729503	1727594	1
80675	83318	1
5696379	5696380	1
3004315	3004316	2
2851267	2851255	1
6879264	6880242	1
6586125	6585962	1
8747913	8747914	2
3337876	3337873	2
5969357	5969360	2
1375387	1375376	1
4484024	4484023	1
4579799	6174000	1
2733244	2733243	1
8347405	8347406	1
6117867	6117868	2
1460717	1460718	2
12763359	12763216	2
7189924	7189923	2
10285338	11922882	1
835158	835459	1
3235750	3235746	1
12200049	12200074	1
7224396	7224395	3
925061	925062	2
3675175	3675176	2
7660319	7660320	1
10651803	10651804	1
2968383	2968384	1
4393484	4393483	1
12346188	12342739	2
3040334	3040333	2
10198725	10198726	4
9954551	9953410	2
6762434	6762734	1
8659605	1972225	3
5051340	5051339	1
7211774	7208047	1
3124384	11502914	1
5963485	5963478	1
11617857	11617858	1
12231456	12231455	1
1921861	1924064	1
7105623	7102998	1
3638667	3639153	1
10216940	10216939	1
6980845	6980846	1
8758978	8758977	1
4344834	4344831	2
1164994	1283889	2
7342725	7342726	2
9375657	9375658	1
6279831	6279832	1
905248	907044	1
2741538	2741537	1
7268017	7267257	6
5280861	3289543	1
6368970	6368935	1
8467179	352827	1
5639449	5639450	1
4184479	4372401	2
1595309	1592914	1
6464877	2730008	1
7016610	7016607	3
1244651	1247344	1
6581494	6581493	2
3010371	3010372	3
9358246	9358245	1
6574576	6574575	3
8951571	8953153	1
5265583	5265584	1
9229316	9229315	2
755459	757631	1
265062	266000	1
9929112	9928798	1
5816967	5716189	1
7383494	7383163	1
340527	2685002	1
6012926	6011454	1
8502003	8501963	1
1216246	1212228	1
12170715	12170718	1
7288636	7287766	3
1197275	1197276	1
10085405	10085445	1
12527357	12527368	1
4802731	4802756	3
11057424	11057441	2
1851874	1851873	1
21269	7185923	1
8714941	8714292	1
8306790	8306783	2
4924157	4924158	2
4324012	4322751	3
296940	296937	1
11473525	11465069	2
3727321	3727322	1
2998797	3006075	2
12813428	12813736	3
2977432	2978720	2
1414442	1416825	2
4111711	4111708	2
1223145	1222749	1
11114200	11114230	2
10114019	10114020	1
10390753	10413547	1
3132508	3132507	1
1474896	1467207	2
3399632	3402004	2
9275072	9275071	1
493410	495666	1
9192745	9187208	1
6365852	6365851	1
1946422	2015193	1
6457846	6457845	2
10144222	10146386	1
12316839	12316840	2
2550191	2544271	2
2594890	12813752	2
12119347	12119390	1
647320	647323	1
1733723	1733726	1
4802729	4802730	3
7928138	7928137	1
10657570	10759298	2
2768950	2768947	2
8072268	8072447	1
759126	759125	1
11828855	11828856	1
11118905	11118906	1
3030243	3030241	1
52728	52727	1
3039385	3039386	3
183262	184322	1
9080501	9080502	1
4767869	4767870	1
11072501	11072502	1
11459010	11459009	2
12055815	12055816	1
8730938	8730937	3
11327946	11327616	2
7337473	4006838	1
9131280	9131279	2
1911500	1921086	1
8347407	8347408	1
1551981	1551982	1
9991545	9991546	1
1213353	1213374	2
12418839	12416759	2
3865395	3865396	1
6909832	6909831	1
12557251	12557252	2
1516621	1516622	2
10471086	10471085	1
6959171	6959176	2
6007413	6005036	1
10751542	10751541	1
10987731	475062	1
7629796	7629719	1
1186943	1186944	1
2562079	2562081	1
6208375	6210437	1
1624168	1626800	2
6574574	6574573	3
10053374	10053373	1
10940976	10940975	1
3547583	3510378	1
9384964	9384969	1
1085530	1085529	1
3531490	3531489	1
2864897	2864898	2
7021231	7015468	2
9179159	9179160	1
8734600	8734604	1
99670	99669	1
6820284	6819911	1
9135810	9135809	1
12572723	12572724	3
2970466	2967131	2
10890851	10890852	1
11263271	11263272	1
8298630	8298629	1
10348850	10348849	1
11623969	11623970	1
11124296	11124295	1
10306685	10306686	1
12529723	12530664	1
12803574	12803573	2
7721335	7721071	1
2036896	2037496	1
5645178	5645288	1
4238420	4238419	2
11407867	11407868	1
2808372	2808371	2
12538127	12538128	2
5855957	5855958	1
9055987	9055988	2
1176084	1176071	2
844624	840889	1
11091788	11091787	1
894528	894527	1
7309107	7309108	2
11639468	11635744	3
1611836	1611785	1
10601585	10607225	1
1011056	1011044	1
8353227	8353228	2
640566	729366	1
2796162	2796161	2
1595770	1595766	1
11051343	11051345	1
11329222	11329221	1
3264907	3264908	1
10546180	10546175	1
6036419	6036766	2
6278665	6278666	2
10915863	10915864	1
11192922	11196953	1
1331236	1331261	1
3125591	3126411	2
4417693	4417694	2
3123428	3126764	2
6983858	6983857	1
8049944	8049943	1
12281510	12281509	1
2682758	2682137	1
11008157	11008664	1
10034075	10031459	1
1466038	1430491	1
6328572	6328575	1
8999668	8999675	2
8922297	8922325	3
5862312	5863425	1
6617077	6617078	1
2100232	2100231	1
7394834	7394831	1
302515	11228872	2
5970279	5970280	1
7696869	7696870	1
11117896	11117881	1
7941653	7941654	1
7693762	7693761	1
11388422	11388420	1
3301737	3301734	1
6688997	6688998	1
12672856	12672855	2
569248	569234	2
11408026	2096734	1
5680911	5681006	1
2227635	2226540	1
12613120	12613275	1
11771906	11771960	1
5641486	5641485	1
10881906	10886069	1
10601583	10601584	1
621029	621038	1
5758327	5758328	1
12721278	12721277	3
10700264	10700253	1
1350899	1357015	1
2702288	2702287	1
10650501	10650502	2
8184116	8184115	1
10609277	10648620	3
1392197	1392198	2
9134177	9134178	1
6862536	6862535	2
99376	99379	1
10669845	10669846	1
1930034	1930033	1
751944	751943	3
5588594	5588593	1
8777093	8770110	3
3211031	3211032	2
10159072	11668267	1
10031643	10031644	2
11381873	11381874	1
3439727	3439730	1
290411	290412	1
7774745	7774746	1
7459637	7459846	1
9030483	9030302	1
11352309	11352312	1
3319552	3319542	1
6569777	6569780	1
6598719	6598070	1
12364330	12364329	1
8391169	8391170	1
10085490	10085489	2
9005891	9005894	1
11896312	11893579	2
8498115	8498093	3
1188347	1188403	1
885193	886267	3
5735644	5735607	1
1930298	1929272	1
1594665	1591729	2
8532983	8532506	2
8494649	8494650	1
2543433	2543437	1
8103373	8103376	1
977966	977973	1
12310670	12310669	2
10648621	10648622	3
4223441	4223442	1
6500490	6500344	1
11431906	11432006	1
10751054	56368	1
1334110	1334140	1
6012801	6012802	1
3159895	3159896	1
9299694	9299697	1
8997542	833156	1
11165087	11165791	3
1056357	1056455	2
11740326	11740325	3
2590213	2590214	1
11112673	11112691	3
11988825	11988826	4
8206255	8206256	1
2462819	2464846	2
3782306	3784423	2
8891564	8894429	1
5750273	5750274	1
3046658	3024180	1
1470083	1470075	2
11346693	11346702	2
513168	513167	1
8896505	8850180	1
9873896	9873895	1
2451725	2451726	1
9344229	9344230	1
7567950	7567949	1
11262361	11262384	1
1224755	1224756	1
6003695	6002456	2
6680748	6680708	4
9183186	9181972	1
7561544	7561543	1
3613685	3613686	2
3477697	3477698	1
6139564	6139561	1
5487066	5487065	3
5888580	5635820	1
11858382	11858368	1
11363187	11363188	1
12026709	12023977	1
4753567	4753568	2
3760772	3760723	1
7969793	7969809	1
1497422	1497380	2
12259525	12259529	2
6655132	6655127	3
8925453	8923990	2
7715067	7714847	2
5770503	5770504	1
11206561	11206562	1
4570522	4570017	2
6695098	6695097	2
3030297	3034193	2
8028156	8028173	2
6985769	6985770	2
6351440	6351437	1
10658355	11120003	2
3614130	3614992	2
335617	335365	1
949019	949022	2
1318365	1318366	1
8404405	8403783	2
11467411	11467402	1
12210710	12210450	2
5627925	5627928	2
12056928	12056921	1
7566869	7566872	1
6654797	6654798	1
8922481	8919841	2
3378461	3378462	1
5906085	5906086	3
4119388	4076640	2
11723682	11723666	1
1586031	1585511	1
11895954	11895953	3
9692715	798549	1
6412324	6439191	2
674475	4734778	2
6569573	6570322	1
7243407	7243408	2
12494092	12494091	1
3950874	3950885	3
10957497	10957500	1
3607079	3607080	1
10645234	10644514	1
8612397	8616979	1
2930010	2931219	1
7463084	7462398	1
7561951	7558436	1
11414387	11414388	1
1216836	1216916	1
5116970	5116969	1
7090792	7090791	1
5935998	5936036	1
10095996	10445104	3
1384163	1384165	1
11831525	11831528	1
7244419	7244420	1
7734117	7734118	1
4917398	4917741	1
997396	994736	1
5472780	5478760	1
8823482	8823479	1
8353229	8353230	2
7649784	7649783	1
698579	698584	1
9650971	9650972	2
12040482	12039920	2
10481362	10481350	1
1031147	1031148	1
1213353	1213376	1
12229790	12228923	2
7116640	7118970	1
8206257	8206258	1
1448745	1448746	2
2545981	2543523	2
12389190	12389189	1
7262789	7262791	1
7383166	7383163	3
6114120	6114119	1
12606160	12606159	1
11183861	11183862	1
7112984	7114085	1
5132279	5132280	1
6312475	6312476	2
4428904	4428903	1
12806420	12808422	1
6902673	6902663	1
7897477	7897468	1
5497442	5500834	1
8678167	8678436	1
1378935	10675482	1
12012361	12012362	2
3521565	3521566	1
10832414	10837065	1
5224239	5224235	1
4784231	4784232	1
8318016	8318015	1
528924	528923	2
9178003	9178004	1
7500559	7500591	1
7108338	7108337	1
2229256	2229228	1
2096096	2096095	1
11496009	11636065	1
12517389	12514755	1
4811031	4811032	2
7616322	7616321	1
286746	286760	4
1641699	1640750	1
9155132	9155131	1
11544955	11544956	1
2720845	2720878	2
834130	832816	2
2359245	8190368	1
1759473	1759474	3
8444286	8440984	1
4696099	4696100	1
10036586	10036593	2
6624626	6624625	1
11819822	11819821	1
4325408	4325300	3
5612191	5612192	1
3660192	3660191	1
7247122	7247125	1
9997595	9997706	1
8234103	8234109	1
3997808	4103896	1
1462619	1462132	1
2782173	2782174	1
6390994	6391055	1
2490894	2491791	2
8788590	8794935	1
11410501	11413241	1
10039858	10039841	3
1418998	1419267	1
2767371	2767374	1
8251727	8251693	1
10435071	10434033	1
7277320	7268554	1
10428688	10428687	1
6100964	6100986	3
5649492	5649491	4
1385343	1385344	1
10974313	10974314	2
9136389	611825	2
10417281	10417282	1
11331808	11331805	1
8207723	11742021	1
2237497	2237498	1
3458351	3458352	1
12661092	12663553	1
6341892	6341910	1
12303392	12303373	1
4265165	4265166	1
4814371	4734478	1
827723	827724	3
8561833	8561828	3
9896597	9896598	1
3513341	3513342	1
9896599	9896600	1
7312663	7249755	1
2218158	2218427	1
11213658	11213714	1
3500183	3735951	1
8225831	8225124	1
1970581	1970582	1
12128836	12258798	3
11519403	11524102	1
10452170	10452333	3
10527345	10527348	1
10171999	10172000	1
7032886	7033215	1
12288249	12288250	2
7446440	7446439	1
12530056	12530053	2
7849354	7848652	2
895217	895303	2
4706240	4706243	1
4606014	4606013	1
5956195	5956196	1
3252463	3252464	1
826505	826492	2
6930158	6930144	2
2497965	2497966	1
8396910	8393919	1
11372402	11372401	1
9359581	9359659	3
6858856	6858855	1
5126126	5126123	1
9115941	9115942	2
3556211	3556527	1
60534	60533	2
1883158	1883157	4
7569533	7569534	2
6058014	6058013	2
9948523	9948528	1
300826	296759	3
7643991	7644167	1
10097513	10097514	2
6987809	6987810	3
7662618	7662617	1
8239715	8240232	2
9776942	9777019	1
3978823	3978824	2
11108256	11108255	1
4433539	12227614	1
9001654	9007961	1
2199167	2199168	3
10228545	10228684	1
3188928	3046954	1
2845878	2845875	1
6327792	6327782	2
5887812	5887811	2
9587481	9587482	1
3634853	3634985	1
7022638	7022673	1
6716655	6716656	2
2730008	2729980	2
11165593	11165594	1
7655900	7629732	1
8260308	8260305	1
9926904	9927071	2
8958943	8958963	1
11994313	11993883	2
9113550	9113549	1
3640809	3640812	1
5055933	5055934	1
10292535	10292557	1
7773259	7773262	2
2764540	2754447	3
2791925	2791926	1
4357613	4357594	1
5212203	5212047	1
9925697	9925698	1
10670285	10670286	1
6038422	6038299	1
1215886	1215885	1
9858204	9860413	1
10620647	10620648	1
6423655	6423656	1
1189840	1189839	5
8373180	8373177	1
6152596	6152595	2
8386718	8386717	1
8796973	8797747	2
4356639	4356640	2
5515561	5515566	1
2746282	2746281	1
10377696	10377695	1
1971011	1971013	1
2463220	2463536	1
12605174	12605173	1
137822	137817	1
4594758	4594727	2
11817400	11817399	1
57742	60537	2
11808281	11808162	1
7103678	7103685	1
11936644	11936643	1
355998	385999	4
5671757	5669461	2
10612838	10612837	3
12774438	12774437	1
1880677	1880193	1
3036167	3045350	1
6312564	6312568	1
3606482	3606391	1
10595754	10595753	2
10398643	10401850	1
604450	607214	1
11507599	11507438	1
2723100	2723099	2
11393849	11393875	2
12452113	12451844	1
4382092	4381221	1
5742041	5742042	2
6970585	3606616	1
7928140	7928139	1
6557646	6557643	1
6354363	6354364	2
9142511	9141371	1
4399702	4399701	1
1932419	1933651	1
6387593	6387594	1
7280861	7280862	1
3652982	3652979	2
521136	521135	1
9523617	9523620	1
6533442	6533441	1
9281477	9285974	1
5202484	5202481	2
8656168	8656181	1
2131145	2131170	1
2593290	2593289	1
2781090	2781089	1
9242100	9242099	1
11204003	11204022	1
1430791	1553314	1
8927905	8926065	1
4398173	4399198	2
12053687	12053735	2
5217244	5217291	1
5918415	5918223	2
9493165	9491111	1
5692147	5692148	1
4335679	4335667	1
8302322	8304894	2
11556450	11556449	1
9301279	9298523	1
6090661	6142960	2
7991485	7991486	1
7333258	7333257	1
11579493	11493861	1
6902094	6902320	2
2557985	2559814	1
7775545	7775546	1
9650635	9650970	3
3977786	3977582	3
338096	338095	1
9563853	9486344	2
3130436	3130435	1
10249672	10249671	1
12030255	12030260	1
4364920	4364454	2
12353999	12351832	1
3605875	3605820	3
10310723	10310724	1
6637106	6637388	1
11259829	11259748	1
2865815	2865768	2
3346289	3346290	1
12056928	12056923	1
1759473	1759476	2
6360998	6360997	2
10652147	7121648	1
4393249	4393250	2
5044273	5044268	2
39900	10558579	1
9280274	9280273	1
10911231	10911232	2
2412036	2412047	1
3993167	3994190	1
772935	7852415	1
6146483	6146484	1
3465345	3465346	2
3885362	3885268	1
7221733	7226495	1
8919840	8920202	2
8229796	8229795	1
6977041	6976983	2
10274935	10274936	1
639824	638583	1
11150270	11150269	4
2245234	2245196	1
5322741	5327792	1
2969647	2969648	1
2124630	2125162	1
9615681	9615682	1
10186536	10186531	2
6150537	6212326	2
12141590	12227160	2
9741559	9741560	1
10129847	10119667	2
9527899	3939633	1
2543436	2543439	1
2374964	2375006	1
6562920	6562827	2
1169955	1169956	1
11003302	10998495	2
12324052	12324048	2
2660224	2662542	1
5474717	5225204	1
11939905	11939902	1
12534578	12534573	1
857581	857604	3
5099460	5099488	2
1773196	1773195	1
5852878	5852271	1
11984341	11984342	1
3371886	3371885	1
10470891	10473537	1
9528601	9528532	1
12173398	12179721	1
12760782	4483443	1
2156650	2162812	1
2812474	2812473	1
11711651	11711654	2
4691792	4740145	1
10192439	10192440	1
4055191	4055192	1
262489	421954	1
8946054	8946053	2
7270321	7270414	1
11927911	11927912	2
331158	331157	1
6128418	6128415	1
2618594	2615575	1
1121358	1121369	2
5830356	5829698	2
869724	869723	3
7001473	7001474	2
12195654	12188717	1
6728912	6728919	1
7076186	7077776	1
39013	38414	1
12289421	12289384	2
756473	756482	1
12529503	12529501	2
10460328	10460327	1
4563724	4563723	1
10447064	10443812	1
10456100	10456001	1
11651507	11651508	1
3424250	3424249	1
5401174	5401173	2
7397755	7397782	2
1851897	1852074	1
2649777	2649780	1
1010710	1010707	1
10092538	10092537	2
2777237	2777238	2
6534885	6534886	2
9168138	9168137	3
5965345	12512289	2
9014991	9015792	1
1209722	1209719	1
10391970	10391969	4
301870	301869	2
6557646	6557645	1
650461	635476	1
4646530	4646527	1
3781865	3781866	1
3603145	3603148	1
3524106	10929458	2
10483819	10483820	3
12419764	12419758	1
9049298	9044307	1
5289030	5289027	2
3093583	3093584	1
4603646	4603645	1
6094786	6094785	1
9770731	9770732	1
9303044	9298373	3
3670494	3670493	1
11569330	11569094	1
8688046	8688045	1
4837298	4836975	1
3217619	3229385	1
11879238	11877530	1
1223915	1223916	1
5640587	5640588	2
8035016	8035052	1
8190367	2359244	1
1187706	1187705	1
6857857	6857732	2
2999122	3003216	1
6038422	6038301	2
6731832	6731831	3
11117283	11117284	1
4587214	4587335	3
2446722	2446721	2
12262660	12262659	1
2845878	2845873	1
5628816	5628884	2
2509900	2593136	1
7154086	7154089	1
11093251	11096033	1
8175573	8170947	1
3340043	3340003	1
2504665	2504678	2
12436112	7347272	1
10838281	10835679	1
3072458	3120996	1
12785023	12785010	1
11186124	11424708	2
8675259	8255864	1
6354130	6354125	1
11509554	11623322	1
11985773	11984689	1
6273169	6273170	1
4809413	4809414	1
7427759	7430471	2
2832003	2832004	1
10177082	10176381	1
6131108	6131105	1
6891155	6891156	1
3675553	3675554	1
9395937	9393258	3
10009909	10009658	1
6682879	6684205	1
11805900	11725109	1
6480050	6480047	1
648715	648684	1
801590	798801	1
3856057	3856058	1
6126	6680	1
10689401	10689386	1
8611431	8611387	1
6806854	10298213	1
10753874	10742186	1
4072465	4072466	1
7407829	7407767	1
7390961	7390962	1
9058713	9058975	1
7469621	9323950	1
2125088	2276713	1
337774	337777	1
2431848	2431455	2
9081047	9081052	1
3642730	3642733	3
12316841	12316842	1
10472064	10472243	1
5241078	5241075	3
12480163	12480164	1
6052779	6052762	2
9027027	9027028	3
9615860	9770730	1
2836639	2835938	1
9175765	9173981	2
1748801	1748802	1
7712577	7712578	1
10398560	10398559	1
4372400	4372399	1
6381039	6381040	1
551638	551743	1
4877610	4877609	2
10544652	10544647	1
12206872	11984342	1
7449503	7450631	1
7195253	7190800	1
2354138	9057808	1
11069072	11069069	1
8922297	8922323	1
10198145	11184218	1
9586446	9586628	1
8210427	8210430	1
11508638	11508613	1
1960920	1960859	2
7120753	7120754	1
12136220	12136219	1
5623613	5623614	2
8922957	8922958	2
921012	921011	2
9127421	9127422	1
11425303	11491239	1
3678964	3678946	2
6816152	6815975	2
6312566	6312570	1
6064695	6064696	2
11800053	11800054	1
7893031	7893050	1
12682632	12682631	1
3863447	3767937	1
11498970	11499097	1
6509316	6509311	1
7119024	7119015	3
8335446	8335457	2
3579156	3579153	1
11762201	11761235	2
10429361	10429364	1
6725024	6725023	1
9800378	9800377	1
5651272	5651271	1
9285497	9285500	1
6904161	6905519	1
704174	704191	1
4786273	4786274	3
2381480	2380451	2
9483664	9485520	1
4238420	4237038	1
7995965	7995956	1
1681503	1681506	1
5160629	5160906	3
9689	9695	1
6920856	6920876	2
5167761	5167764	1
1060988	1060987	1
6762735	6762736	1
6390998	6390995	2
9802094	9803193	1
7931061	7928978	1
2593208	2593205	1
6343331	6342492	1
4155853	4156023	1
5306195	5306196	1
1853014	1853013	1
3579819	3590021	1
2243839	6213438	1
4423456	4423467	1
11091709	11091590	1
6121358	7911267	1
2447883	2486616	2
168294	169004	1
513242	513566	1
10666851	10679717	1
10669843	10669844	1
7151903	7183975	1
675115	683430	1
7646040	7646036	1
987032	988995	2
10547213	10546493	1
9113548	9113547	1
12756231	12756198	1
9556183	9558417	1
1674463	1674466	2
1928661	1928662	1
3980837	3980509	1
9155169	9155170	1
9188363	9188364	1
8266841	8266828	1
5155721	5155722	1
927009	927010	1
7910889	7910890	2
6261519	6261528	3
9686080	9686077	2
10703402	10703968	1
9581650	9580125	1
10727049	10727506	1
5942505	5937617	1
707839	696669	2
5808993	5808994	2
6506037	6506038	2
3488017	3487174	1
10437540	10436731	1
10284547	10284548	1
9194568	9194600	1
1141803	1141804	1
5645631	5645638	1
12227771	12227880	2
1922727	1927079	1
11167449	8251906	1
2366904	2295521	1
9510244	9510246	1
10417283	10487973	1
10550869	10549446	3
2729671	2729674	2
5966196	5967596	2
11148457	11155534	1
7820957	7820949	1
2847871	2847872	1
1265590	1265537	1
5133337	5133338	1
11911521	11911514	1
8344242	8344082	1
3195597	3195598	1
2956020	2953719	1
1250250	1250190	1
9278743	9282956	1
4580634	4580633	2
7625199	4482936	1
3507909	3507888	2
2285110	2250035	2
7695111	7695112	1
10542569	10542570	1
12385185	12385186	1
3788135	3791813	2
11150991	11150337	2
7811329	4599584	1
3942323	3942324	1
358858	359644	1
6500200	6506728	1
8521028	8521076	1
5420545	5420834	1
5665267	5665268	2
6618465	6618468	1
2641082	2641075	1
8153157	8153158	1
11426452	11426433	1
9013328	9013327	1
5738133	5740966	1
1895532	1895563	1
4602648	4754863	1
10762353	10762354	1
8301543	8301759	2
8876415	8876416	1
3543622	3553869	4
5203881	5203867	2
12651458	12651009	1
12406318	12406317	1
874847	874828	3
7182672	7907557	1
8420737	8421665	1
7796576	7796575	1
8361892	8361891	1
5718894	5718922	1
7185924	7185923	1
11374338	11374337	1
5146998	5146997	1
12010502	12170529	3
510018	508910	1
10681982	10681981	2
12225312	12225311	1
6678296	466602	1
5989418	5989417	1
10371081	10371167	1
9621924	9621923	1
4797320	4797367	1
3139441	3139442	1
5076495	4903492	1
3004317	3005830	2
3068191	3068194	2
6950390	6953733	2
690721	690722	3
10083137	10083138	1
3870665	3865712	1
10096480	10096479	1
1524910	1524776	2
12372925	12372562	1
5152341	5152342	1
10870684	10861732	1
5970277	5970278	1
2255077	2255078	1
3940375	3939633	2
4035162	4035183	2
5102123	5102124	1
10220001	10223533	1
1341628	1341627	3
6469551	6471947	1
2709572	2708779	1
10044659	10044660	2
7735916	7736532	1
5446583	5446584	2
10882062	10882059	1
157619	157620	1
11963152	11963162	1
7877451	7877452	2
1502014	1502010	1
7159153	7159154	1
555981	555987	1
9949126	9949125	1
478929	478930	2
2880980	2880979	2
11202043	11202044	1
4039653	4039654	1
11288702	11288701	1
7643139	7643068	1
9076827	9074900	2
10759299	10759300	3
5253034	5254659	1
2849107	2892465	1
1898769	1896948	1
6117616	6117007	1
4991605	4991407	1
5533615	5533616	9
8847869	8847870	2
12186961	12186962	2
11485760	11488801	2
2446780	2446723	2
10468759	10468760	1
3139439	3139440	1
5452341	5450689	2
1448416	1448445	2
11078322	11072500	1
2845143	2845204	3
3589927	3589928	1
7638109	7638697	1
262487	262488	2
4629183	4627213	1
9168140	9168139	2
4417697	4416065	1
9590579	9590576	2
12721663	12721664	1
2201145	2201146	2
12205060	12205059	1
11799481	11799482	1
12336127	12326469	1
11197454	11192671	2
3118679	3118682	1
2830779	2830780	1
5744018	5744013	1
385061	385062	1
10361804	6243455	1
1446214	1449224	2
12493478	12491556	3
2061694	2068673	2
7341845	7341851	1
447486	447485	1
7389862	7389968	2
12660646	12660645	2
3971959	3971960	2
8484104	8484103	1
4677268	4677267	1
12010219	12009218	1
11163668	11163498	1
3060348	3059702	3
1497424	1497423	4
11120102	11120101	1
2394848	2394847	2
11707844	11707841	1
12405983	12376116	2
12132457	12132460	2
1334000	1333999	1
1236229	1236230	1
1370489	1370490	1
4272437	4272438	1
2226449	2227072	1
2120946	2120945	1
9681007	9681008	1
7271873	7271858	2
12447112	12447111	3
1596663	1596664	1
1185134	1183389	1
2710292	2710271	3
12435363	12435284	1
10893991	10893996	1
12803154	12803180	1
11636334	11636333	1
1529177	1529178	2
8344109	8343169	1
8301035	8304650	1
12360629	12360632	1
6367235	6367238	1
8579459	8579460	1
10600091	10596493	1
2309526	2309901	1
5466064	5466041	1
10650365	10651402	3
836233	836234	1
2982831	2881248	2
990879	990880	1
7288961	7288964	2
5515015	5515018	2
8579301	8579302	1
847940	848542	1
7483294	7482544	1
10111497	10111498	1
10380664	6360346	2
2808370	2810970	2
5528011	7969808	2
6843550	6843549	3
5755425	5758823	1
8155404	8155407	1
9001675	9001697	1
9190662	9190661	2
3159730	3159729	2
6738063	6813684	1
7893888	7893126	1
5928013	5928016	2
2507804	2502794	2
2364265	2364268	1
5132784	5132783	1
5848103	5848104	1
2476842	2476839	1
3996222	3996221	1
11577294	11577293	2
10498660	10498659	1
8479049	8479122	1
489494	490216	1
3660177	3660139	1
6692523	1469859	2
682033	682036	1
11397920	4312546	2
7110626	7110625	2
11995021	11995022	1
4601742	4606377	1
8022299	8022300	1
7523501	7521166	2
12381130	12381129	1
2953792	2953736	2
11062226	11062565	1
11636334	11636331	1
1635684	1637021	1
5669345	5669346	2
1250049	1250050	1
1727679	1738738	1
5206115	5447158	1
1610667	1612996	1
3999505	3998189	1
8442454	8442453	2
2968515	2987427	2
6682789	6682617	1
9815362	9815361	1
3363796	3363795	1
3431488	3431487	1
406224	542754	1
3593699	3593700	2
877692	873974	1
1347343	1348100	1
1558857	1558858	1
3070312	3008529	4
12621934	12621465	1
6145053	6145054	5
9135808	9137171	1
8661025	8658704	1
942942	942941	1
3585351	3590686	1
4532006	4532013	2
1188454	1188432	1
5679858	5679857	1
255333	258149	1
9896850	3459790	1
9123842	9123845	1
1727995	1727996	1
8424332	8440548	2
3401780	3401927	1
9112547	9111656	1
8505462	8504045	1
10579485	10578253	1
4682123	4682124	1
1759475	1759476	3
5346061	5346064	1
8614274	8614261	2
1834777	1837118	2
6377746	6376558	2
4119653	4119654	1
12675142	12675278	1
6921333	6921301	1
8991392	8991395	1
3821210	3821209	2
1361897	1359435	1
699657	703872	1
9117737	9117738	1
10870477	10870479	2
9263530	9263527	1
1665555	1665502	1
12599683	12594573	1
7328277	7328278	1
7107321	7107254	1
5207934	5207933	2
5708955	5708848	1
604465	604466	1
1102419	1098787	1
10128636	10128635	1
8880764	8880786	1
1203301	1223035	1
6653231	6653232	2
11936644	11937348	1
5493623	5493624	3
6942375	6942353	1
32238	7032704	1
8096009	8096010	1
12017047	12016757	2
1941987	1941988	1
10058008	10058007	2
9158900	9161486	1
5538591	5538592	1
9019274	9019271	3
1268969	1268980	3
9726278	9726281	1
12320692	12320691	2
12141550	12141556	1
6323051	6323049	1
218781	218782	1
534443	534444	6
9089668	9089667	1
8406152	8407442	1
3353326	3352213	1
349825	349826	2
12210478	12210477	1
9623469	9623735	1
2692366	2692363	1
3507118	3507117	1
11383734	11383720	3
7376670	7376669	1
9088221	9088145	1
10091622	10091676	2
951525	951436	1
6176444	6177125	1
11540456	11540455	1
12247058	12247057	1
9237436	9237457	1
3579156	3579155	1
9081045	9081046	3
11197034	11138205	3
5712649	5712650	1
12365081	12365082	1
825621	825569	1
2809279	2809284	1
3394482	3394481	3
4565393	4565388	1
10265840	10266572	1
6364073	6364076	1
5316713	5318769	1
7345673	7345674	3
6856374	6854725	1
8109112	8109117	1
11921860	11921859	2
6552929	6552930	2
11044190	11044185	1
9761042	11455168	1
4634042	4634041	2
1196033	1195972	2
12152439	12152440	1
4234205	4234208	2
2609702	2609696	1
1732826	1602801	1
11492730	11492739	1
4210995	4210996	1
11117407	11117408	1
5380673	5380674	1
6392797	6392045	3
11637466	11637282	1
4745262	4745265	1
4201944	4203205	1
10992007	10992008	1
2281465	2281485	3
2232411	2232275	1
11996217	11996218	1
12656671	12656653	2
5553758	9680526	1
9753324	9753323	1
12769416	12729512	1
7408931	7408932	1
3164177	3164178	1
3390111	3390112	1
12340355	12340358	1
11723316	11723315	1
12237702	3809403	1
3767467	3767468	1
4603648	4603647	1
1489641	1489966	1
2733960	3345082	1
2613698	2613697	2
12425768	4102242	2
7562596	7562595	1
6076405	6076406	1
12664203	12660499	1
2111099	2111050	2
6540992	6540991	1
912527	908999	1
7993102	7994103	1
10462877	10462878	1
8603624	8536051	1
8077235	8077236	1
2422183	2450269	1
10804699	10805878	1
6550117	6549963	1
2414821	2414734	1
11100649	11107126	1
11680890	11680889	1
3508601	3508602	1
3481381	3481360	1
4854421	4854840	1
1415606	1416138	1
8164238	8164237	2
2166440	2166439	1
4268633	4270948	3
5627927	5627928	1
5332362	5340854	2
1623884	1617588	1
3034444	3185826	2
4693067	4690917	1
6970583	6970584	1
4649098	4649097	2
554762	554898	1
4786269	4786270	4
10423411	10423423	2
11524336	11521588	2
701409	701411	1
2704479	2704480	1
9162919	9162920	1
9974650	9974658	1
1717831	1716719	1
9770606	9672710	1
1642068	1642067	1
9618557	9618558	1
1376240	1389364	1
10003158	10002312	1
3040868	3040867	1
1961802	1961799	1
7227982	7176820	1
8509097	8509098	2
1125174	1125173	2
9171105	9171252	1
1354677	1354678	2
7490464	7490334	1
8487547	8538928	1
1170086	1170000	1
2747066	2746446	1
8842904	8845556	1
10630078	10621371	3
7224401	7228524	1
9363404	9363403	2
2786594	2786593	1
1274939	1274940	2
1955984	1955983	2
5386756	5386753	1
6209780	6209775	1
5606701	5606462	1
6653587	6653654	1
3476877	3476870	1
1735694	1735710	1
3467076	3467075	1
11551875	11551884	1
7077522	7077804	1
8902654	8902653	2
2605726	2605601	2
4535406	4535347	2
5342461	5342513	1
11764729	11764401	1
12461559	5993411	2
5649490	5648385	3
6257325	6257326	1
10659475	10659476	2
1101180	1101087	2
8252208	8252156	1
5757524	5757186	1
7926820	3917851	1
696600	696599	1
6889016	6889015	1
3130378	3130252	1
4299780	4299734	3
7012817	7012818	1
6682787	6682788	1
4405459	4405460	1
6868724	6873537	1
6119273	6119259	3
8958293	8958294	1
10289529	10289022	1
7462622	7462621	1
1742732	1742731	1
2378334	8945949	3
4418517	4419638	3
5102070	5102069	1
5489168	5489167	2
8225907	8225908	1
4669259	4669439	2
1357404	1357637	1
4500565	4500535	1
1164994	1283887	1
2798235	2799799	1
11871416	11871353	2
5056081	5056082	2
1361901	1360531	1
11831040	11830510	1
12017730	12017729	2
9952006	9950997	1
821827	820925	1
9870143	9870144	1
12596863	12597684	1
7704546	7705654	1
1147380	1147379	1
4144004	4144007	1
3404981	3397160	1
5198248	5197957	1
10243876	10243879	1
1797539	1804213	1
2675849	2675853	1
821107	821330	1
12316006	12315975	2
9377319	9377320	3
9249465	9250182	2
12274102	12276834	1
8897019	8897015	1
6254919	6254922	2
7962916	7962915	1
11615517	11615506	1
1414166	1414163	1
11723460	11723666	1
2245006	2245005	1
5797666	11167313	3
2975514	2975513	2
7604108	7604105	1
1730603	1730604	1
5390414	5390412	1
11032068	11032061	1
6148631	6148632	1
4535789	4538407	1
8407363	8407364	9
10882058	10882057	1
5470455	5470456	1
1881958	1950221	1
6526574	6526577	1
3261144	3261146	2
7618687	7618681	1
1192449	1192450	1
2145026	2145017	3
5899197	5899198	1
9610083	950047	2
1060293	1060191	1
12754492	12754456	1
6588050	6588073	1
9829016	9829061	1
10300582	10299846	2
1787805	1787979	1
11119155	11119156	1
6305764	6305837	3
2601577	2605074	1
9309916	9384905	1
7341866	7341466	2
755421	755422	1
7616322	7618785	1
2052262	2052189	1
10098397	10098356	1
5903589	5903590	1
630178	650404	1
1922646	1922643	2
11032068	11032065	1
8214026	8214029	3
8298695	8298782	1
7374021	7374022	6
2829022	2829025	2
3884423	3884424	1
10476718	10438785	1
2320223	2320224	1
7460434	7460433	1
11777200	11777213	2
8407367	8407370	4
5952357	5952759	1
5246261	5246262	1
11532334	11532333	3
4667325	4667326	1
10057704	9963894	1
11384534	11378184	3
9994276	9994334	1
4752456	4721660	3
452083	452084	1
3277140	3278226	3
5992177	5992182	1
3682015	3682016	3
12355061	12351727	2
186129	237025	1
840876	840875	2
6150252	6214907	1
8228157	8228158	1
12429922	12432390	2
2287936	2287931	1
7631694	7632082	2
4360102	4360101	2
813521	813522	1
7662959	7662926	3
5222634	5224258	3
4818751	4818752	1
6029138	2278206	2
6188233	6188257	1
12033379	12033296	1
2012917	2012920	1
6568066	6568065	3
10648623	10648628	6
5807946	5807945	3
9567586	9567585	2
10998494	10998475	1
11469019	11469020	2
7604106	7604105	1
10002295	9997594	1
4265331	4265332	1
12755724	12755723	2
12392634	12392641	1
3660140	3660139	1
5098792	5098790	1
10662121	10661506	2
9587479	9587480	2
10969615	10969616	1
57742	60533	1
588281	588282	2
1372381	1373873	3
860455	862613	2
8078495	8078510	2
144701	144688	1
7221903	7221904	1
5538560	5539403	1
215039	215078	1
11069068	11069067	2
1360207	1360208	3
8191819	8192156	2
2728637	2728638	1
756471	756472	2
10251389	10251390	1
915612	915611	2
6622159	6622160	1
1155438	1156410	1
4731196	4566240	1
9127977	9127978	1
12172994	12190479	1
837531	837532	2
3477695	3477696	2
5979640	5981495	2
2749491	2749492	1
6917620	6917619	2
5041800	5041799	1
3878991	3878584	1
2373137	9039525	1
9613994	9613993	1
10222568	10222575	1
284631	284632	1
1754370	1754369	2
11390573	5705421	1
9558418	9558417	1
1075624	1075621	1
9858672	9857616	1
2290210	2290209	1
5045434	5045373	1
4188171	4188390	4
11912221	11912222	2
10390449	10390450	2
12742384	12742383	2
6870673	6870674	1
11124274	11124273	3
6128420	6128419	2
11404106	11404105	3
743310	743033	1
8066283	8038491	2
9740533	9740534	2
1334719	1334679	1
2583926	2620397	1
8381786	8381785	1
6277106	6277309	1
11749656	11749653	2
106165	106168	1
507480	506053	1
5289610	5289609	2
11526185	11526186	1
12237871	12238119	1
11198364	11198363	1
6066140	6065303	1
11241667	11241668	1
6270346	6270362	3
3397161	3397162	1
12797964	12798068	1
1575469	1575424	3
6130383	6130384	1
2246229	7907531	1
285782	285788	1
10466941	10466942	1
7624342	7624341	1
2225225	2225226	2
833535	833536	2
11503081	11510987	2
314561	316026	1
6166560	6166559	1
5251919	5251920	1
9856987	9856988	1
4199061	4199062	1
328541	328542	1
12721665	12721676	1
2259382	2259381	1
6994675	6994676	1
10812097	10812098	1
7795437	7803936	2
8873187	8873188	2
332290	332985	1
4387059	4389128	1
5466476	5484723	2
1463480	1463479	1
7566869	7566870	2
11994876	11995041	1
1282896	1279315	1
1519693	1519694	1
12417399	12610763	1
6935675	6935652	1
10384447	10384448	1
7980831	4989438	1
11269893	11269894	1
9687053	9686310	1
832280	677705	2
12762307	4484025	2
12752424	12752423	1
3118677	3118678	1
10904128	10904134	2
1224635	1222269	1
7428083	7428191	2
8339798	8339693	1
9464247	9464248	3
9918322	9918813	3
12506467	12505807	3
1619594	1619593	1
6207041	6206992	1
12597943	12597944	1
1086558	1086561	2
11529737	11531678	1
1371211	1371218	1
3183476	3183473	1
2762181	2762182	1
1190010	1192496	3
4600715	4600163	2
1348788	1351632	1
9229314	9229317	2
1695322	1695321	1
7110624	7110621	2
12619482	12619481	3
7988807	4696541	2
7377500	7377682	1
2094773	1875478	2
5256225	5264690	1
3031515	3031516	1
8260308	8260307	1
897786	897360	1
11220218	11220217	2
8885061	8885455	1
10843592	10846248	1
1923264	1923263	1
12232638	12232621	2
8408507	8407362	9
4820035	4820036	3
6925189	6925190	2
9711165	9705787	1
1729497	1602721	1
2544244	2544243	1
901454	901453	1
2975329	2975332	1
9266440	9266443	2
2232156	2232155	1
2580982	2580888	1
11733475	11733504	1
5475695	5475696	2
11144250	11144243	1
3717142	3514839	1
2739687	2738355	1
1920338	1920385	2
9531883	9531933	3
67932	67856	1
2131821	2131822	1
10354951	10355236	2
1479248	1479245	1
9871658	9871703	1
8230154	8230153	1
5458084	5461482	4
1022164	1022163	1
1558857	1459387	1
4189265	4189266	1
1988870	1988863	1
1068899	1068900	3
1730605	1733350	1
1150243	1147870	1
6920226	6920309	1
10092326	10147977	2
9090987	9094909	2
4554452	4554483	1
5438921	5439472	1
10796477	10796220	3
12698981	12697855	1
11006827	11007402	1
11153695	11154237	1
3276995	3276996	2
12042917	12043142	1
10204740	10204501	1
11548823	11509551	1
12430269	12430270	1
4647493	4647494	1
10958254	2133185	4
338189	338190	1
11167449	11167450	3
4306331	4305935	1
12395578	12395580	2
1397874	1397873	1
5862101	5862888	1
8213141	8213142	1
3793861	5779296	2
8666585	8666586	2
3755884	3755786	1
8526264	8526263	1
3582380	3582264	1
8884281	8883582	1
1404273	1404274	4
1414166	1414165	1
12758033	12814081	1
6386250	6385632	2
12207735	12207700	2
2039434	2039433	1
6259610	6261864	1
10131676	10089505	1
2517313	2517314	1
11739518	11739520	1
2890135	2890072	1
10271545	10271546	1
9906767	9906768	1
4656526	4656525	2
10990331	10992397	2
12382523	12382528	2
6061263	6056568	1
4584235	4584237	1
3942277	3947947	1
768224	1240827	1
5050290	5050287	1
6202294	6202293	1
11527546	1202998	1
57742	60535	1
345664	351375	1
4104142	4104141	1
9180948	9180953	3
9754032	9755458	1
7633868	7633867	2
4626978	4621288	1
1364621	1364624	1
5258761	5258758	2
10107417	10107418	1
7579185	7579188	1
2728059	2726602	1
9719088	9719087	1
9841884	9841883	2
12016609	12016610	1
5384379	5384380	1
2667739	2667740	3
2974149	2974063	2
6063767	6059568	1
11727107	11727102	1
10749947	10749948	3
7852416	7852415	3
2838767	2838768	1
4768697	4768698	1
12037636	12036985	1
7446387	7446388	2
2665302	2665301	2
7694847	7694845	1
6206533	6206534	2
6060155	6059881	1
9142904	9142903	6
11101447	11101448	2
6026148	6026147	1
6869339	6869329	1
9854301	9854302	1
11534169	11534172	1
12531849	12575275	2
51536	51534	2
12372927	12372562	1
2488135	2501245	1
8224715	8227228	1
3021179	3021180	1
2956811	2956812	1
4397706	4398882	1
9945670	9945669	1
11194665	11062323	1
1286950	1286916	1
2604105	2604021	1
605351	605352	2
6258450	6258447	1
6651983	6651984	1
1968596	1966825	1
11487543	11446078	1
4381429	4381430	1
6599751	6598082	1
10317219	10317208	1
11963163	11963164	1
2744290	2743132	1
2171227	7760597	1
4399704	4399701	1
8220166	8220168	2
7333324	7342512	1
10430845	10431161	1
789529	789521	1
12663552	12663549	1
7136756	7135586	2
11413464	11413459	1
1866415	1866206	1
10613750	10613749	1
2617769	2617754	1
1109727	1109708	1
13131	14724	1
11048387	11048388	1
8291268	8645104	2
4803428	4803425	1
10826126	10828042	1
1217364	1217391	1
2894552	2894551	1
11119035	11119036	3
9881737	9881717	1
8514052	8514051	1
3884427	3884687	3
11907619	11918641	1
5157612	5157564	2
12766784	12766783	2
11910823	11910824	2
9186704	9186703	1
465868	465867	1
7013247	7012839	2
1188455	1188450	1
12023978	12023977	2
11507854	11507861	1
11906000	11905999	1
3380262	3380261	1
4072463	4072464	2
9131326	9131325	3
5504623	5504775	1
12324113	12324114	1
10648259	10648260	1
3567916	3567905	2
11506066	11506096	2
8923014	8923013	5
3336753	3336754	2
9055760	9057068	1
5183513	5183524	2
12025855	12021264	1
7105585	7105575	1
6125934	6125852	1
4754179	4754180	1
2479352	2479351	1
12337411	12337414	2
2468848	7430650	1
10861060	10861059	1
2168849	2172401	2
9324402	9324401	1
4786008	4786007	2
11444846	8888805	1
6270105	6268305	1
5599766	5601093	3
2322553	2321550	1
4577570	4577567	1
8603909	8605116	2
4433641	4433644	1
7218197	7218200	1
2770154	2770190	1
8502001	8502002	1
11190335	11189844	1
6930825	6928487	1
3438731	3438732	3
6987818	6987817	1
10099624	10099436	1
7764355	7764337	2
2772838	8526277	1
10623864	10323601	1
6403065	6403072	1
9086775	9086846	1
7033920	7033696	1
10711687	10711460	1
7989410	7988806	5
10356195	10356198	1
7223907	7223908	1
9995783	9995924	2
5802263	5799820	2
1179992	1179989	1
11903964	11903963	1
9597548	9598886	1
12206144	12206141	1
9363883	9363884	1
11259831	11259748	1
3451034	3449699	3
7126611	7126590	2
3289074	3286507	1
10849059	10849062	1
11124566	11124459	1
1778541	1778542	1
2812472	2812471	1
3346284	3346283	1
10247734	10247733	2
7144049	7144040	1
6975766	6975949	1
9841574	9841573	1
2665232	2665240	2
9645757	9645755	1
980831	980832	1
6371807	6374241	2
4674296	4790096	1
5868386	5868385	4
12619505	12619483	3
7323285	7312662	4
10088065	10087426	1
7662547	7662530	1
1950506	1950505	4
8839667	8837473	1
3439731	3439732	1
8863091	8863213	1
5144318	5144273	1
8528330	8562377	2
10096480	10096477	1
3600682	3600688	1
2134318	2134307	1
9783244	9783243	1
10310721	10310722	1
7240325	7158033	4
10916319	10916320	1
874845	874846	1
9007630	9007496	1
4007152	4007948	2
3115190	3110696	1
1361223	1361166	1
2136912	2136910	1
5406135	5406138	2
11378187	11378188	4
11757441	11757423	1
3985280	3984952	2
1261943	1256606	1
9125213	9127721	2
1776299	1584965	1
12813551	12813552	1
8307606	8308213	1
3821208	3821207	1
315970	315969	1
8461422	8461421	1
11044236	11044981	1
9862411	6830657	1
5913421	5913286	1
7218117	629828	1
8173453	8174846	1
11822111	11822112	2
1987838	1987837	1
10722121	10722122	2
4840202	4840201	3
10133811	10133786	1
4376789	4377301	2
12445835	12448967	1
11207822	11209999	1
10560588	10560587	1
12426533	12426534	1
9686608	9686607	2
10522394	10522393	2
6049037	6049038	1
987034	987033	3
10317369	10317372	1
12193596	12193595	1
8557	9860	4
8959868	8959812	1
4838347	4838348	3
1147070	1147082	1
5318848	5318841	4
11545360	11544945	1
1851899	1852074	1
8794249	8794250	1
8376178	8376180	1
4352736	4307708	3
4009309	4007950	1
5183790	5183789	1
2043022	2051471	1
10110374	10110024	1
6630345	6665783	1
11769768	11769726	3
4028494	4026744	2
157940	157618	2
1382893	1382894	2
2205678	2206682	1
4903208	11132526	1
10094537	10094538	1
12340381	12340358	1
4205288	4205297	1
10740287	10740413	1
10250653	10251388	1
3526722	3524499	2
5956197	5956198	1
2665234	2665233	2
3575876	3575873	1
6070687	6206456	1
2358669	2360528	2
1539476	1454184	2
10362681	10362682	1
10497223	10497133	3
5666760	5666759	1
2397758	2397757	1
213699	213700	2
7056996	7056550	1
12499812	12499794	1
6289613	6288619	1
2151987	2151988	3
7462624	7462623	3
2743821	2743262	2
814004	814006	1
1278904	1274185	2
9880803	9880799	2
12529224	12528329	1
12529503	12529506	6
12166071	12166072	1
5249425	5249426	1
12566177	12566180	2
11167816	11166750	1
3481119	3485619	1
1462536	1462535	4
3485618	3485617	1
10729834	10729823	1
10441154	10441153	1
4988437	4988438	2
8331165	8330592	1
604455	604464	1
6731832	6731829	1
9272462	9269045	1
8189145	8189142	1
2248707	2248708	1
11466021	11466022	1
2741186	2741185	1
8432477	8432478	1
2248141	2245100	3
3595487	3595527	1
11481346	11481345	2
1151093	1151094	1
655323	655324	2
11220821	11220822	1
3128114	3128113	4
59684	59843	2
3886284	3886289	1
6412716	6412713	1
1674515	1674812	1
7627140	7627138	2
11787737	11787738	2
10888685	10890888	1
4338823	4339544	2
8682115	8682116	1
3950396	3880340	1
554298	553252	2
3616477	3616527	1
11480739	11480740	1
4502075	4502076	1
10859199	10859200	1
2796439	2796440	2
8288100	8288591	1
10916317	10916318	1
935587	935588	1
8516221	8516179	1
7201396	7201395	1
6377735	6377736	4
742924	742643	1
5386439	5386463	1
11178094	11178093	1
7220557	7220577	1
10194920	10194919	1
5764624	5764615	3
3004313	3004314	2
800138	800141	1
1932801	1932802	1
4729200	4731222	1
1114779	1114806	1
2660934	2660227	1
2728624	2728619	1
12225310	12225309	1
3097881	3097882	1
9477545	9477207	2
5942097	5942098	1
1521529	1521530	1
11070815	11071797	1
11529733	11529734	1
9837974	9839157	1
12769418	12769417	3
12458117	12458118	2
542125	542126	2
2891294	2891292	1
5715045	5714979	4
11523510	11533585	3
2273543	2273544	2
12233212	12231457	1
5335207	5335208	1
9836439	9837362	1
7288965	7288968	1
12431380	12431379	1
9896595	9896596	1
2412064	2420521	1
6038300	6038299	1
674431	674432	1
9824931	9824955	1
4388461	4562389	2
11204264	11204263	3
6571078	6571077	1
9665205	9665206	1
1609214	1609210	1
12472442	2537438	3
2728620	2728619	2
6122472	6122471	2
3716851	3710968	2
3464513	3464516	1
7957775	7957776	1
4597020	4597309	2
7342632	7343136	1
9984376	9984378	1
1767142	1767141	1
8315414	8310887	1
12359019	12359153	1
5956199	5956200	1
8151077	8153241	1
9767944	9765496	1
8550898	8550872	1
598731	598732	1
8430181	8430182	2
9822212	9822209	2
7566873	7566874	2
10828557	10829773	1
198901	198904	1
2333661	2329467	1
12520522	12520521	1
3967594	3967644	1
8501942	8502002	1
1311306	1311305	2
2868574	2868573	1
11167037	11167038	3
6680902	6680817	1
10508385	10508379	1
6741377	6741373	1
9658684	9676076	1
3507887	3507888	3
3047373	3048059	1
10888321	10888226	1
5272578	5272577	1
9855518	9855470	4
974852	974825	1
1224444	1223741	1
4475068	4474107	1
7155907	7155243	1
2238824	2238823	2
9963885	10060119	1
3294967	3295908	1
2728624	2728621	3
4593374	4593377	1
7703712	7703682	1
2928374	2928392	1
8884124	8884122	1
1213891	1213708	1
7469619	7469620	2
10422787	10420225	1
7374333	7357385	1
6935283	6935430	1
10095566	10097213	1
1209502	1209243	1
10448617	10448827	1
4222874	4222873	1
10099854	10099853	2
2429638	2429637	1
1953842	1953838	1
11124272	11124271	3
6968967	6969981	1
11465068	11465067	2
4202684	4202681	1
3950396	3950395	1
775425	775426	1
5043272	5043279	1
11937234	11937231	1
11786543	11786544	1
739903	739904	2
11870050	11870049	1
1875479	1875480	1
533500	533499	1
2847873	2725386	1
4726199	4726200	1
4365995	4365907	2
1757491	1759015	1
6048770	6048455	1
1649853	1649854	1
11505622	11637742	1
10401779	10401780	1
3806873	3807958	1
7080728	7080727	6
3729204	3729203	2
3341184	3340673	2
6330089	6330103	1
2803089	2803090	1
1666282	1666281	1
2477984	2477981	2
4788918	4788917	1
10481455	10481517	1
10058017	10058018	4
8078493	8078510	1
4584137	4584165	2
4927154	4924156	2
6558720	6420956	1
1487193	1487783	2
3982712	3980951	1
11906825	11906793	1
3328469	3328470	7
12530058	12530057	3
6481514	6481476	1
9558427	9769873	2
11117285	11117286	1
12315976	12315975	3
11009548	11009547	3
7998144	7991848	1
5538589	5538590	1
5155707	5155882	1
6575346	6575343	2
8286130	8282926	1
1361404	1362096	1
6149949	6149952	1
4437008	4437007	2
9708224	9715273	2
2309889	2268338	1
8387589	8399387	2
11758058	4245485	1
3784978	3784951	2
823168	823162	1
3792196	3792195	1
11283598	11283399	3
2087082	2087081	1
4414327	4414173	1
11000982	11000981	2
1690453	1690352	2
3492331	3521564	1
3507909	3507890	1
1581509	1581491	1
273958	6197313	2
3699025	3699026	1
2510810	2510802	1
4739774	4739771	1
3105927	3106462	1
10701961	10701962	1
7644495	7645911	1
10094543	10094544	2
2872495	2872496	3
8758976	8758784	1
5963595	5963596	1
4138067	4137454	1
5022451	5022452	1
12177805	12177806	1
11713584	11833551	1
5760628	5760631	1
1986593	1986364	1
7291037	7291040	1
4702954	4704943	3
761240	760359	2
4591019	4591020	1
5510213	5511938	1
4471370	4471367	1
1898765	1898766	1
10079900	10062114	2
5089167	5089126	1
7290854	7290853	2
8190367	8190368	1
6455361	8880268	1
8208208	8208211	1
2692488	353581	1
2838776	2838766	1
8690263	8690675	1
11890538	11890535	1
7222169	7222170	1
4544342	10437210	3
9019276	9019275	5
12370091	12370092	1
6218089	6218090	1
6154836	6142585	1
12566285	12463304	1
10008804	10008801	1
7829567	7829564	1
3037851	3037901	2
603878	611552	1
2609135	2609139	1
2704591	2704429	1
2389499	2442325	2
12481806	12481790	1
2851263	2851266	1
818114	818113	1
10977185	10977110	2
10656541	10656546	3
11466023	11465038	1
2470128	2471338	2
3743459	3743461	1
4640679	4643140	1
898312	947156	1
641628	641627	1
9736148	2918832	1
12404074	12404073	1
2762784	2762783	1
3276997	3277473	3
11461016	11461004	1
3679422	3679421	1
4811033	4811034	1
10036588	10036587	1
821951	821952	3
9020320	9017375	1
2537532	2537535	1
1557051	1557029	1
12770654	12770653	1
5227657	5227650	3
10017205	10014418	1
584794	586317	1
8417045	8417046	1
11350221	11350222	2
275891	275892	1
3109661	3108192	1
5364567	5364568	1
4572668	4572667	1
5254821	5254822	1
9462449	9462450	2
48200	48199	1
8078049	8077994	1
10607056	10600011	1
12450250	12450340	1
12119759	12118842	2
11234437	264780	1
623062	623061	1
5227033	5227034	2
5043276	5043275	1
5232945	5229784	1
6632792	6632791	1
11145703	11159673	1
10112636	10109654	1
11940845	11942125	1
912061	912062	1
7568338	7568012	3
12538709	12538710	1
12669277	12669278	1
3099445	3099440	1
10106680	10106679	2
2910963	2910977	1
11365530	11368356	1
4323688	4320563	3
7178650	7178647	1
12434013	12435164	1
4603753	4603702	1
3457403	3457394	1
2335900	2335899	3
9155464	9155463	2
9728866	9728841	1
4436260	4436259	2
6152314	6152178	1
10699433	10684290	2
10047557	10048980	2
6959580	6959255	2
3071397	12026713	1
3464291	3464292	1
10046875	10047333	2
8304672	8316417	1
5959052	5958516	4
5126126	5126121	1
7428081	7428082	3
10872032	10872043	1
6716661	6716664	1
5943632	5943631	1
12662633	12662637	1
9883628	9883627	1
9647632	9647631	1
11759596	11760757	1
12803574	12775535	1
2705625	2706070	3
2245308	2245307	1
2384662	2384688	1
7093060	6903737	1
2832001	2832002	1
8300225	8300226	1
3394482	3395562	1
1968329	1968330	1
1188347	1188405	1
11313669	11313670	1
10019472	10019471	1
9808198	9808944	1
12800835	12800840	1
3856055	3856056	2
4602945	4602946	2
9164522	9164521	1
2384664	2384663	1
7097387	7097453	1
8995963	8990756	1
4608816	4609306	1
1282900	1282899	2
3248633	3248634	1
4994025	4994026	1
6735573	10220623	1
1930301	1923897	1
3616969	3616970	1
703588	700141	1
10636884	10636883	1
10959706	10959705	1
8469542	8469539	1
12484653	12484654	1
6655305	6651805	1
6970015	6970048	1
1449230	1449229	2
11174166	11174244	1
5712647	5712648	2
833487	833739	1
12813428	12813427	1
359686	359703	3
10584645	10582176	1
11000218	11001584	1
12683363	12683364	1
1237777	1237778	1
10052121	10052122	1
11115559	11115564	1
11444427	11444428	3
2096484	2096483	1
5101438	5101437	1
3401780	3401929	2
5681005	5681006	1
8870602	8870100	1
11651220	11651256	1
10299040	10299056	1
613322	627077	1
2855710	2855793	1
11823629	11823622	2
10381935	10381875	3
12275177	12275152	1
8151075	8151076	1
988498	991044	1
5629413	5629424	1
10383154	10382621	2
5110513	5110514	1
12183155	12183156	2
6997851	6997854	1
1331239	1331240	1
1855175	1855176	1
2519275	2519276	1
12689063	12687999	2
10046600	10042971	1
8336024	8335875	1
1223457	1223458	2
2202929	2202447	1
921278	921277	1
11638985	11623968	1
6253662	6253661	1
11136236	11133295	1
10992396	10992395	1
7483299	7483300	1
486844	486843	1
7303106	7302553	1
3439727	3439732	1
11364942	11365315	3
12721193	12720966	2
12210933	12210885	1
11881627	11881628	1
2654857	2654871	1
6550971	6550972	2
7370606	7360208	1
5882097	5882098	1
2208170	2208225	1
3028761	11432564	2
10644227	10644228	1
2131988	2131820	1
9435192	9421971	1
12426154	12426153	1
2944289	2944290	1
1188403	1188406	1
7407503	10665306	3
3789872	3790024	1
8898064	8898063	1
9127979	9127939	1
1529179	1529180	1
12030259	2366794	1
7224400	7224397	3
11439137	11435872	2
7316247	7316250	1
8661022	8661063	2
6837914	6837913	1
8846010	8846283	1
8608267	8608268	2
8513927	8513928	1
956655	1386161	1
5144304	5022791	1
5626625	5625621	1
4947994	4948515	1
9282475	9282506	1
3481830	3480200	2
569235	569236	1
10227708	10165072	1
5336118	5338217	1
6592542	6592541	1
6714796	6714858	1
1427729	1428105	1
12808677	2591029	1
12656745	12656703	1
1207349	1207350	1
1056454	1056453	1
12549335	12550440	1
8654859	8654860	1
8058091	8057195	1
12627566	12627565	1
11564495	11562049	2
8506640	8506596	1
301000	300980	1
9010349	9010350	2
388438	386969	1
11767934	11767113	1
4807744	6134582	1
3071751	3071752	1
9237135	6310548	1
8590003	8589421	1
10378757	10378764	1
12780845	12780842	2
11299121	11299122	1
4690326	4690325	1
5837924	5837923	1
7019154	7162924	1
10224602	10227542	1
2292018	2337559	1
12656722	12656719	1
1178025	1178022	1
7344786	12515189	1
12150451	12150440	2
12732595	12732596	1
11038721	11038724	1
5862889	5862890	1
11126842	11126511	2
12040740	12040810	2
12646361	12292000	1
1420794	1420793	1
5684246	2234984	1
7930039	7930040	1
2451737	2398442	2
1976298	1976640	1
8077652	8067904	1
4336883	4336712	1
1466438	1466437	2
3103466	3103866	3
12056922	12056921	1
12305606	12306201	1
11513074	11628840	3
10233631	10233608	1
2096735	1928501	3
6281017	6281120	1
1992081	1992082	1
9970515	9970529	1
11581140	11576670	1
909814	909813	1
11961195	11961196	3
1539746	1539828	1
332984	332983	1
612467	612470	1
515645	515648	1
11052632	11052634	2
11777884	11777623	3
12151719	12151720	1
3698491	3698492	2
397108	397076	1
3277140	3274982	3
8314916	8314915	1
4851218	4851091	1
7114515	7114516	1
8948842	8946807	1
5718374	5718362	1
4080909	4080910	1
9989044	9989053	2
9123702	9123699	1
513170	513169	1
9857015	9856986	1
172829	172830	1
1207349	1207352	1
2406669	2406670	1
7946665	7946871	2
6353217	6353671	1
6127383	6127460	2
1334527	1334528	2
6772151	6772152	1
8412240	8412284	1
8922929	8922956	1
5943085	12664777	1
8370557	8370789	1
3953239	3953223	1
6266121	6266122	1
378739	378742	1
5586503	5586533	1
520103	520095	1
4994023	4994024	1
3392403	3392404	1
949976	949843	1
6371805	6371806	2
2467768	2467792	1
2992921	2992922	1
838665	838708	1
5446749	5446750	2
12233212	12231455	1
8014571	8014574	4
2744656	2744655	2
1695680	1695679	1
6163438	6163437	1
2977053	2977054	2
4317978	4317977	2
5126009	5126010	2
6609634	6609718	1
2016475	2016476	1
1733723	1733351	3
660043	660044	2
8876291	8876292	1
9948523	9948524	5
8283501	8283502	1
125359	66569	2
3696792	3696861	1
2605753	2605754	2
1360910	1360909	1
10416895	10416892	1
1448270	1508293	1
3146364	3238004	1
9658684	9676074	1
10619085	10619542	1
7446469	7446465	1
11011754	11005410	1
4646530	4646529	2
647351	647225	1
10547008	10547007	2
1519455	1519463	1
1786576	1787221	1
1409890	1496109	2
3092187	3092619	1
1594531	9069384	1
8461420	8461425	1
6163432	6163431	1
2909487	2910996	2
1855963	1855997	1
3226940	3226935	1
8227008	8227006	1
4381852	4381722	1
5465570	5465556	1
3531488	3796603	1
6636805	6638149	3
4726197	4726198	3
5606704	5606701	1
10120491	10121173	2
11980981	11981110	1
8525494	8525491	1
533951	533952	1
9755463	9755464	1
6052881	6050669	1
9992584	9992574	1
12538174	12538177	1
11202686	11202685	2
9768190	9768324	2
2639170	2639169	2
10189629	10189630	1
4554862	4555331	2
9614472	950828	1
353508	353503	1
6243456	6243455	1
7564977	7564978	1
9490779	9488244	3
951437	951438	1
11720806	8212133	2
9969807	9961628	2
1092332	1092758	1
8230527	8230560	1
11606287	11606288	1
6048610	6048759	1
8462570	8482842	2
11144034	11144033	1
11524110	11524109	1
6688496	6688495	1
6467387	6467384	2
5567885	5567886	2
6148017	6152443	1
6880243	6879255	2
3560495	3560496	1
173089	173090	1
2809766	2800242	1
6853220	6853366	2
10028066	10022867	1
10249592	10248247	1
2066406	2066068	1
3711053	3711054	1
12318442	12318514	1
10653637	10650601	1
3353360	3281130	1
10017000	10018915	1
12568784	12570702	1
10959903	10959164	1
217469	205145	1
1988872	1988871	1
7619550	7611616	1
11905708	11905707	1
6396131	6396132	1
2880251	2880334	3
2949605	2948961	1
9957545	9957532	1
6333521	6333522	2
7673301	7671013	1
2616355	2612966	2
5152910	5152886	1
9566908	9567217	1
9384004	9382294	1
11050552	11050551	2
11130408	9117556	1
8319772	8319771	1
4013671	4006296	1
4662016	4662015	1
4028496	4026744	1
12623426	12623425	1
6271840	6272438	1
2102743	2039435	1
6129299	6129300	2
8484104	8489853	1
2744045	2744974	1
2455085	2455091	1
10982596	10986464	4
8830778	8839356	1
3473124	3473123	1
4729223	4731229	1
1748803	1748804	1
1531751	1531707	1
750838	750837	1
12237871	12238117	2
931187	897988	1
9296598	9296597	1
7984919	7986688	2
790489	790490	1
7343333	7343334	1
3199562	3199554	3
11262386	11262385	2
954908	955331	1
10652786	10653149	1
800056	743102	1
5750827	5758297	2
10326391	10326436	1
11431907	11431966	1
1455938	1455937	2
5473728	5473727	1
3592884	3591781	5
5958809	5958797	2
7110689	7110686	1
4593376	4593375	1
1420932	1420795	1
11175923	11175918	1
6496620	6500791	1
4183685	4183726	1
11178092	11178926	1
4826657	4827022	2
1676652	1676970	1
9258551	9258614	1
10391443	10391449	1
12326716	12326849	1
6731031	6731032	1
3534920	3534919	1
12310935	12310923	1
7916393	7916394	2
9829326	9829380	1
204916	217936	1
147888	147914	1
4161844	4161843	1
12345854	12345853	1
7672327	7670039	1
7876615	7876616	2
12572725	12572726	4
11012033	11012479	1
7205556	7205555	1
12489372	12489371	3
9996366	9996365	1
5223943	5223944	2
8746850	8746890	1
10758766	10758754	1
11138159	11138160	1
368190	368956	2
9906475	9906476	2
6714505	6714508	1
11349464	11349469	2
1105491	1103480	1
5830886	5830891	2
7430677	7430678	1
4796270	4796267	1
5938923	5938924	1
7047145	7047122	2
3325424	3325423	2
4073169	4063927	1
9686080	9686079	1
12283531	12283532	1
5675122	7712498	1
6280707	6280704	2
1387170	1387169	1
5136476	5144130	1
11455655	11458813	1
6271755	6271756	1
2367000	9039524	2
10237435	10237436	1
10612836	10612831	1
11091591	11091592	2
3049789	3050351	1
5418820	5418819	1
1082965	1082966	1
3443670	3443659	2
7492402	7492410	1
4910824	4910807	1
4844429	4844430	3
384105	384106	3
468497	710885	1
9023668	9028252	2
7699386	7699540	2
6686317	6686318	1
5098943	5098944	1
6142584	6142583	1
3871092	3871091	1
10227966	10227965	2
7276736	7276887	1
10540979	10540310	1
11527228	11527220	1
12786814	12786813	2
8250951	8250894	1
6048827	5993972	2
12429634	12429656	1
520927	520928	1
6724271	6724204	1
10438772	10464055	2
11528911	11528898	1
2201996	2201995	3
5459824	5459823	1
3532513	3531711	1
10236924	10236988	1
2482759	2482755	1
859419	859420	1
7658863	7658819	1
12234627	4444985	1
12675303	12675304	1
838661	838662	1
8289336	8289308	1
3654786	3654785	1
7647145	7647146	1
34731	34732	3
12239131	12239150	1
6881788	6881871	1
11171679	11171660	1
6352851	6352871	1
1501010	1503410	1
4594726	4594725	2
3022246	3022251	1
2064483	2064484	3
5469349	5263346	1
10425120	10425114	1
9997129	9997130	1
5365969	5365970	1
6589691	6589044	3
7345238	7345210	1
2838721	2838722	1
1311308	1311307	1
6622373	6622361	3
10884057	10884058	3
1366919	1366920	1
1460359	1459623	1
5815928	5815908	1
8870095	8870098	1
10508281	10513424	1
11179543	11179521	1
11268079	11268080	1
10084631	10082732	1
7562594	7562590	2
3794200	3794199	2
6583497	6569542	1
10138651	10138609	1
10648257	10648258	1
8864906	8927082	2
1505181	1505182	3
5366514	5373441	1
12443884	12444179	1
8332405	8332406	2
5278971	5278972	1
2546612	7429269	1
765909	770432	1
3584353	3584335	1
6015703	3833489	1
7519582	7529265	1
11119037	11119042	1
516324	516323	3
2604105	2604023	1
7266185	7266186	2
10321632	10321665	1
7275196	7275484	1
6959171	6959174	1
835231	835232	1
8520529	8520552	1
2378338	2378335	2
6157109	6157115	2
4258476	8385257	2
604453	604454	1
4858827	4858828	3
11439335	11440656	1
1642462	1642456	1
8222363	8224486	1
2227134	2251119	1
5899199	5899200	1
7119668	7119667	1
1064081	1064178	1
5246259	5246260	1
7988807	7988808	2
3603175	6997785	1
8339871	8340911	1
1031030	1030982	2
3468392	3468391	2
11020131	11020115	2
8339989	8339990	1
5204491	5420968	3
10500249	10500250	3
4501142	4501136	1
10465602	6998102	1
9713713	9793460	1
906181	903719	1
11847477	11847478	1
3759748	3763160	1
8765713	8729638	1
510202	510030	1
6269836	6268630	1
6282637	9243333	1
6731010	6730263	1
7314429	7314432	1
10345594	10348208	2
11185676	11185675	1
7712061	7712062	1
7027129	7027130	1
10371749	10372741	1
5150305	5148310	2
11510590	11510589	1
12395298	12390726	1
1361578	1361577	1
10596496	10596493	1
938892	938891	2
1176070	1176069	1
3105925	3105926	1
10008806	10008805	1
8211892	8210785	1
5588592	5584908	1
10170461	11186441	2
6250420	6250423	1
12416168	12416167	1
8509312	8509311	1
2333738	2333737	1
7993522	7987945	1
8713195	8736347	1
1301019	1301000	2
9875801	9873897	1
8275105	8275106	1
9308091	9308088	1
1184179	1184215	2
9019268	9019267	1
8442456	8442453	1
7304889	7410821	1
11127060	11127097	2
3600683	3600684	1
5974955	5974956	3
10690501	10687087	2
12799778	12793089	1
4704931	4704934	2
9963887	10060119	1
3950394	3880340	1
11895954	11895951	3
9417294	9548591	1
11580042	1450426	1
847375	847376	1
3972640	3972468	1
11550696	11551639	1
1741803	1635456	1
83853	6913631	2
3818720	3821207	1
397472	397967	2
10222310	10229500	1
3956095	3955539	3
4635138	4635102	1
448171	448175	1
10828225	10828226	1
2536934	2536933	2
6206457	6206458	2
6586026	6585898	3
1666284	1666283	2
9676075	9676076	1
1851637	1147081	1
11585747	11585748	2
1510966	1511064	1
11107853	9134179	1
10022127	10023561	1
392554	392553	2
11903503	11903504	2
1536875	1536876	1
676447	678550	1
10393063	10393054	2
1486665	1485707	2
2853732	2853768	1
11787739	11787740	2
11445582	11445581	2
1285611	1285650	1
3337027	3336969	1
5206059	5297129	1
11992162	11986682	1
5724315	5724316	1
10536133	10533077	1
1731482	1731485	1
5235007	5239740	1
9192432	9192436	1
7801590	5627145	1
7390965	7390800	1
1145724	1145723	1
10512710	10512707	1
6465154	6426074	1
5130102	5130101	1
2577367	2582567	2
1157191	1157344	1
1376489	1379557	2
6676339	6676390	1
8997350	8997349	1
11232025	11012559	2
1525984	1525898	5
6766096	6766095	1
10857361	10857364	1
2250347	2250350	1
2051470	2051469	1
2845145	2890085	2
12283366	12283488	1
5742037	5742040	2
367950	580042	1
5381775	5381776	1
5879361	6186405	4
12370446	12370401	1
3095809	3095810	1
2812069	2814236	1
3219342	3228878	1
7945915	7945916	1
6312564	6312570	2
9019274	9019267	1
7931166	7931175	1
2241915	2243414	1
11124908	11124907	1
7810736	7810735	2
1533187	1533188	1
300828	300827	2
2387055	2387046	1
2484393	2484399	1
5266951	5266952	1
9146262	9146566	3
7497960	7498320	1
5991230	5991179	1
9948525	9948528	1
6370291	6370294	1
10888267	10888256	2
9978082	9976290	1
8495404	8495395	2
724811	724790	5
6484598	6562166	1
10122646	10124134	1
6018551	6018917	2
8515891	8515892	1
11551885	11551886	1
5844143	5846889	1
7175319	7168794	1
9389364	9389363	2
7223483	7223484	1
10861733	10863456	1
2497963	2497964	3
6000473	6000474	2
6312566	6312565	4
12778084	12778083	2
9112731	9112667	1
638724	638723	1
9134088	9134178	1
11606263	12659511	1
2373134	2367305	2
10079902	10062114	1
1639689	1639690	1
1744246	2360704	1
2723271	2723272	1
10006629	10006226	2
994737	994742	1
8973953	8973954	1
9875892	9873899	1
11469021	11469022	1
6573839	6573842	2
3713797	3713798	1
2465346	2465369	1
2889907	2845645	2
5485136	5485135	1
7686062	7686543	1
8964408	8964407	1
8099919	8099920	1
831193	831194	1
11186440	11186439	1
3088883	3088884	1
5919006	5914022	3
8180724	8180762	1
5641488	5641487	1
12458908	12458852	2
10077402	10074953	1
7618597	7634657	1
10826042	10826041	1
12378668	12378641	1
8548034	8548033	2
3584879	3609929	2
1662147	1662148	2
3615328	3615331	1
11847508	11847476	1
470754	468848	1
9018556	9017138	1
12752421	12752360	1
10391355	10391356	2
1224499	1344677	1
10344644	10344643	2
10507619	10507620	2
2069730	2070917	2
11131162	11131161	2
9813423	9813424	1
12289770	12289779	1
12177807	12159019	1
691859	691860	1
6310254	6310244	1
8779184	8787500	2
11450054	11450053	1
11498392	10917790	1
11665003	11665005	5
6052543	6052544	1
9768816	9768813	1
4804566	4804538	1
6312569	6312570	1
7249484	7249483	1
720967	720968	1
1322954	1322949	1
4474046	4474045	2
6098599	6098563	1
3098076	3098075	1
11385245	11385246	4
8628517	8628518	2
3044008	3039565	2
8981255	8981266	1
2639174	2639171	1
10119436	10272211	2
4601950	4601965	2
11467403	11467374	1
7673678	7673521	1
9556863	9556866	1
3315767	3315768	1
8216066	8217664	2
8512503	8512504	1
542124	542128	3
1658064	1658063	1
5228605	5229381	1
4501373	4501374	1
3371888	3371887	1
122773	122206	2
4716390	4716389	1
2810345	8599124	1
7486208	7486213	1
5586532	5586531	1
1400206	1399658	1
3475643	3475644	1
4837001	4836965	1
10118850	10118835	1
10492094	10492158	5
5830605	5830606	1
1241582	1241578	1
751942	751941	1
970853	980970	3
10759207	10759208	2
949194	949193	2
3385181	3385177	1
6162478	6162477	1
8677393	8661333	1
3021213	3021178	3
1195973	1195974	1
7006372	3932360	1
9670782	9670779	1
806728	806727	1
7883726	7883730	1
5446559	5446582	2
6276770	6276769	1
5690236	5691601	1
10047555	10047556	2
5649441	5649615	2
7928136	7928135	1
9187286	9187285	2
9753326	9753325	1
7704459	7704460	1
4452849	4452850	2
965122	965126	1
1623976	1623975	2
10766576	10766575	2
2920601	2920602	1
4420043	4418394	1
883470	883472	2
1052117	1052172	3
3759628	3763138	2
11022011	11021967	2
5347916	10317093	1
12029792	12028221	1
1372614	1373918	1
12544184	12542384	2
11649069	11650048	1
2249883	2250207	2
7391369	7391381	3
1373792	1373815	2
12247056	12247053	1
4362287	4363084	2
3464289	3464290	1
9689566	9689565	2
10940577	10940578	1
9915755	9915899	1
12222055	12222056	1
5808991	5808992	3
1224646	1344687	1
3160181	3016874	2
5401275	5401336	1
5533617	5533620	1
6228657	6228661	2
11439165	11439174	2
5352508	5279080	1
10665939	10665940	4
3428904	3428903	2
7954939	3044308	1
4739772	4739771	1
1620546	1620545	3
913997	913998	2
419670	419669	2
4325095	4325422	1
9386623	9386787	1
2469368	2469994	3
11122843	11123518	1
2688243	2688244	1
10654613	10654622	1
582670	582669	1
9668868	9776643	2
10584882	10584840	1
1263498	1263500	2
7803282	7803281	1
4646528	4646527	2
306713	306714	1
11550174	11550171	1
12161487	12161488	2
5964464	5964461	1
2329175	2334194	1
38502	38523	1
10567337	10567637	1
5609152	5607860	2
5515561	5515564	1
11334288	11334042	1
6721473	6721654	1
1248613	1248614	1
8462953	8462108	1
10894477	10895842	2
11365314	11365313	3
445472	445471	1
5508027	5508465	1
7333256	7333289	1
5844978	5844977	2
5153054	5159504	2
2660307	2660582	1
4393220	4392755	1
8103371	8103372	2
1361508	1361498	1
5227040	5227009	1
11172875	11172994	1
2409278	2409277	1
8298628	8299899	2
66053	66054	1
10969617	10967300	2
10664818	10664817	1
7466184	7466229	1
8089860	8089819	1
4374294	4379079	1
9394636	9394641	1
9131324	9131281	3
1164239	1186421	1
10560719	10560671	1
1505573	1506961	1
5973937	5973938	2
12758031	12758032	2
7237071	7236879	2
4682125	4682126	1
1750429	1750430	1
1406536	1406544	1
5434028	5434043	1
5594252	5594249	2
9182078	9183307	1
11918640	11918639	1
6254923	6254924	2
3731300	3728834	3
8319325	8319326	1
5532288	7967253	2
9106899	9108723	1
9257545	9258335	1
6978827	6979188	1
912614	860876	1
4839331	4840569	1
11231147	11231108	1
6157249	6157250	1
5977761	5975164	1
12170715	12170716	1
6539385	6534343	1
5555488	5555485	1
1453812	1455919	1
7931593	7931590	3
7477879	7477874	1
2723100	2723097	2
7960442	7960441	2
2746280	2745522	2
9921851	11773085	2
4323905	4323906	1
6802783	6802863	1
10239617	10140368	1
6186879	6186880	1
8898067	8908217	1
1835774	1835773	3
9275282	9274142	1
4205696	4205695	1
3729245	3728357	3
1827889	1827354	1
6906506	6906553	1
11316019	11316020	2
2791574	2791482	1
12303951	12303372	2
2985590	2990263	1
11917462	11917172	1
11750008	11750696	1
11385243	11385244	4
5006352	5006366	1
4595476	4594913	1
4792843	4792844	2
5280699	5280700	4
179970	180572	1
11195541	11197356	1
1147080	1147079	1
11262390	11262385	1
729974	729978	1
1970523	1970524	1
1465436	1465409	1
9145201	9152200	1
1282898	1282897	1
12813426	12813736	1
2223771	2223772	1
12360985	12360986	1
7235235	7235236	2
280129	280130	1
11554485	11551765	2
4363284	4363375	1
7521344	7521341	1
4412207	4412344	1
6654799	6654805	2
12461830	12461829	1
5810096	5809560	2
5562329	5564482	1
6798662	6798763	1
8199197	8199198	1
12200489	12200480	1
5447599	5447600	1
9998987	9999123	2
4739774	4739773	1
4637184	4637444	1
10382463	10382459	1
11003302	10998475	2
1183647	1183396	1
3488015	3488016	2
11851024	6909831	1
7910887	7910888	4
582779	582881	1
9574856	9572653	1
7977428	7977398	1
10361736	10361735	1
1324269	1246398	1
7967294	7967172	1
9131029	9130959	2
976038	976037	1
10389152	10389151	2
11483034	11483037	1
3884423	3884426	1
7697016	7697015	1
8382528	8382525	3
2364267	2364268	1
12292284	12292283	1
11529735	11529736	1
11519401	11519402	1
3639788	3639826	2
5509855	5510330	1
9787595	9787608	1
10007055	10006994	1
9159980	9161141	1
11420539	11420514	2
1369824	1334022	1
7610196	7610199	1
10534534	10534533	1
10348645	10348849	1
4452254	4452193	2
9618019	9618156	1
4989439	4989440	2
6987610	6987819	1
6289791	6289801	1
6539595	6539550	1
342872	342871	3
10670594	10670773	1
7570417	7570124	3
10567337	10567635	1
12625424	12619462	1
9247910	10820118	1
7960747	7960748	2
10443456	10099198	3
9384004	9382296	1
9258568	9258527	1
6350771	6350772	1
12030870	12030848	1
3192322	3192487	1
4563495	4563496	1
9112928	9112927	1
11131160	11131159	2
286921	286914	1
4612722	4612769	1
12592635	12592636	2
1350772	1350779	1
4863778	4864578	2
2572884	2458890	1
11444429	11444204	3
9679629	9775822	1
11444964	11445348	1
6838396	4093520	1
343596	343610	2
5927003	5927004	1
4440372	4440371	1
8897933	8897936	2
2546612	7429271	1
9748063	11445123	1
6716655	6716658	1
707303	708108	1
12144668	12134822	1
9478258	9478683	1
8340110	8340109	1
5471440	5471439	1
10311454	10311300	1
7394832	7394831	1
1899739	1899740	1
11830936	11830939	1
9395005	9395006	1
11118082	11118312	1
8604499	2799796	1
3879589	3875373	1
6338718	6338713	3
10486162	10486161	1
6664244	6664423	1
1798137	1797459	1
3167705	3167722	1
1065455	1065458	1
3398273	3398388	1
3940375	9527898	1
9493225	9488478	1
8514486	8514485	1
2541173	12475398	1
8687919	8680826	1
9836180	9836179	2
12020276	12023245	1
9711163	9711164	1
8014575	7923070	2
10810797	10810798	1
6272906	9698537	1
1032936	10798959	1
759124	759123	1
8991207	8990716	1
993005	993006	1
10374668	10374641	1
2932907	2932908	1
5856975	5856976	1
346591	352238	1
10178535	10178536	2
11268081	11268051	1
7803937	7803938	2
8902652	8902233	3
4632518	4632780	2
2735552	2735551	1
5891416	5891438	2
2710294	2710293	4
7434188	7434187	3
48448	42141	1
8227800	8230155	1
11115019	11115020	1
11957743	11957744	1
2999912	2999911	2
3610109	3610075	1
5452341	5450687	1
1209435	1209436	1
10992009	2021335	2
3212715	3211542	1
6282634	6282633	1
10509615	10509616	1
11094195	8989441	1
25980	25979	2
5093925	5093888	1
9111030	9111029	1
5160629	5160908	1
4529095	4450857	2
5353325	5353326	2
9011311	9011243	1
9374342	9262584	2
5020715	5020716	1
114464	114461	2
4068174	4068173	1
2482381	2474583	2
12490452	12736138	4
7270481	7271872	2
11128717	11128089	2
12813430	12813429	4
1307199	1307200	5
1633063	1633066	1
1899399	1899400	2
4838349	4615964	1
1466303	6569916	1
2749818	2749817	1
5473726	5473725	1
8353464	8353220	4
245896	245895	2
1191667	1191668	1
11092441	11092381	2
8839364	8839363	1
8324950	8324949	1
11707281	11707295	1
7024434	7024433	1
2654467	2650682	1
7520211	7520212	2
2440298	2437221	1
3092968	3091262	1
4649523	4650112	2
6983978	6983859	1
4571309	4571650	2
10407431	10407432	2
11510590	11510587	1
9768816	9768815	1
724709	728867	2
7446442	7446441	1
8897931	8897932	2
12406382	12406387	1
1466440	1466439	1
5297130	5297129	1
11868827	11868828	1
3599468	3596172	1
5349356	5350667	3
4406206	4405203	1
10244085	10244086	1
8061769	8061770	2
2355566	2355565	1
3097055	3097056	1
8757407	8756366	1
3052386	3378460	1
8338827	8338204	1
8357617	8365839	2
11145585	6567055	1
475693	475694	1
3041787	3040664	1
8687917	8687918	1
292744	292743	2
701403	701404	1
9480658	9501236	1
9486616	9486613	1
9565062	9532523	1
8222843	8223610	1
9932561	9932562	1
3995607	3995608	1
5461738	5461737	1
7270349	7270352	1
10704608	10704607	1
5555387	5555388	2
3956093	3956094	3
5437663	5422323	1
12642848	12642847	1
8512774	8512773	2
7340097	7344089	1
6076110	6076107	1
176162	176161	1
4021228	4021227	1
2719475	2849660	1
11168127	11168116	1
2613779	2613536	1
4669260	4669262	1
9153830	9153832	1
8228516	8263838	1
3615330	3615329	1
5276579	5274542	4
4112965	4111327	1
50876	50880	2
5444703	5443422	2
2353733	2349823	1
932387	932388	1
8307608	8307607	1
12233064	12233061	2
1455502	1455068	1
8998585	8996727	1
2703125	2703159	1
7220594	400151	2
905428	905427	3
5283197	2829963	1
5832429	5832434	2
3875370	3875492	3
7985010	7986441	1
6097419	6097420	5
4634102	4634101	3
2792614	2792611	1
319120	315549	1
9926742	9926739	1
4615154	4615153	1
1970583	1970584	1
624882	624879	1
9170620	9172828	1
11072586	11072585	1
11161736	11161735	1
619350	619349	2
11052505	11052506	2
4639393	4631161	1
6458881	2836243	1
1299578	1299577	2
12051403	12051447	2
4600709	4600710	1
9777018	9776711	1
3249720	3249719	1
6873767	6873768	1
5080958	5080957	1
10254020	10254070	1
1151459	1151466	1
10437211	10437212	2
10710339	10722120	2
6260202	6261327	3
1400761	1400762	2
4957435	4957377	1
5353829	5353830	2
1052174	1052173	2
6102409	6103978	1
844513	844514	2
1470917	1470294	1
7810738	7810737	3
9275074	9275073	1
4615156	4615153	1
11336116	11335565	1
9126342	9126341	3
7811977	7816853	1
11431879	11435405	3
6408103	6544258	1
1176086	1176085	3
3500223	3735950	4
5526105	5525726	2
11771280	11763949	1
11753114	11753096	1
8634128	8635536	1
2068382	2068367	1
10523096	10523099	1
2043022	2051469	1
1763523	1763524	1
10241975	10241976	2
4791713	4791714	1
2245222	2245217	2
11190799	11190800	3
6036771	6036772	2
1090873	1090879	1
11327141	11329223	1
9627366	9627363	1
8949553	8949556	4
12128836	12258800	1
6204780	6204779	2
7137237	7137238	2
8229110	8232480	2
1011785	1011646	1
5586576	5588478	1
2632815	2629912	1
1003761	1002065	1
8788259	8788260	3
10158272	10158451	1
859725	859726	1
9155507	9157314	1
4569937	4569938	1
2870175	2870176	1
7446258	7446255	1
7345238	7345208	1
4584526	4584522	1
8389171	8389391	1
12286657	12283259	1
5535373	5539932	1
365407	365408	1
9515863	9515864	1
1052176	1052175	1
8762670	8683555	1
5844976	5844700	2
5291647	5289227	1
12788877	12788873	1
1261495	1261496	3
2230357	1985242	2
478925	478928	2
11268347	11268345	1
11163499	11163500	1
2335131	2335132	1
7281889	7280582	1
8448758	8448757	1
7194086	7193269	1
1695678	1695677	1
5491399	5491418	1
9740535	9740536	2
6412253	6416828	1
7499833	7499834	1
838911	838928	4
9164482	9164567	1
11439333	11439334	2
99670	99667	1
5784749	8478867	1
3976687	3977135	2
6975888	6975887	1
6596021	6596022	1
12685550	12685555	1
10650239	10650500	2
10760589	10760590	1
2486029	2486032	1
7198927	7198928	1
4446520	4446519	1
9880462	9880258	1
11966200	11966214	1
10703197	10703198	1
1489639	1489640	1
1273025	1273028	1
12174835	12179186	1
2613126	8894977	2
2791572	2791250	1
3364765	3364664	1
7268015	7267257	1
6585184	6585183	2
12384646	12406458	1
665070	663325	1
11072045	11072058	1
4050440	4050437	1
2524272	2524271	1
10097513	10097516	1
6362932	10378104	1
4047517	4047478	2
6149964	6148653	1
11559507	1245442	1
2532802	2532286	2
6154998	6154990	1
6007411	6007412	2
2611195	2611200	1
3791770	3797954	1
6636202	6639982	1
4762783	4762784	1
2202142	2202141	3
9906477	9906478	2
5693027	5692960	1
10829001	10829002	1
7465001	7465002	1
10765789	10765793	1
6248654	6248736	2
1898765	1896948	1
11048390	11048389	1
9168135	9168136	1
2597687	2546615	1
11563972	11563853	1
7144049	7144050	1
8227802	8227801	1
7270349	7270350	2
12000970	12000969	2
7451920	7451919	3
11017622	11018993	1
4618269	4649095	1
1855961	1855962	2
10126181	10126179	1
9070386	1570986	1
4544736	4544735	1
10024373	10024374	2
12381832	12385384	2
6950951	6950952	1
7349925	7349953	1
7270085	7270066	1
8997198	8997197	1
1209720	1209719	1
12320690	12320687	1
1186563	1186566	1
2255705	2258679	1
11124912	11124909	1
4399704	4399703	1
10271880	10271879	1
10361804	6243457	1
11786219	11788821	1
11314217	11314239	2
11618759	11618659	2
4392462	4392461	3
706221	706222	1
9794073	9793538	1
1541214	1540238	1
11000980	11000979	1
3513890	3513889	1
2534395	2534396	1
10452867	10453153	1
9272419	9272420	1
8461424	8461423	1
11650607	11650608	1
4068438	4068445	1
3655288	3655287	1
784801	784778	2
1195463	1195510	1
10753848	10753847	1
11137011	11137012	1
10299044	10299041	2
619116	619361	1
7502245	7499533	2
6233585	6229544	1
869605	460111	1
4822874	4726442	1
9171253	9171254	1
5489635	5502780	1
6448073	6477322	2
12119349	12119390	2
5054561	5054551	1
10249721	10249722	2
11524108	11524107	2
11512591	11512592	2
6610351	6610545	1
9320649	9320650	3
5611922	5611917	1
2544713	2544716	1
7306715	7306716	1
639762	532114	2
12030259	12030260	1
3195885	3195886	1
1186633	1186567	1
5455776	5456163	2
6675748	6688511	1
5692848	5692847	1
1609993	1609997	1
1251113	1251086	2
2683332	2683331	2
7190073	7190076	1
11134773	11134738	1
6850351	6850593	1
12288396	12288417	1
11355336	11355290	1
6253664	6253663	1
2102775	2102776	1
3945687	3946675	1
5257913	5255951	1
2780880	2780879	1
8884491	8884492	1
9526096	9528377	1
7210699	7210700	2
5807948	5807947	3
8530254	8530251	1
1898895	1898896	1
9391894	9391893	1
7382809	7382810	1
1275803	1275570	1
10368621	10370699	2
9532522	9532521	1
6207465	6207466	1
7210701	7210702	1
2503256	2503255	1
5424500	5424623	1
12465270	12465269	1
1351062	1351059	1
4661910	4661917	1
12468022	12467979	1
990680	990679	1
5076495	4903490	1
4152317	4152318	1
12120498	12120487	2
8391560	8391071	1
6220670	6221464	2
6100321	6100322	2
11299030	11300037	1
12342761	12341530	2
9932581	9932560	2
10672797	10672690	1
6975948	6975767	1
11382971	11382972	3
11185678	11185675	1
9117735	9117738	1
4994022	4993948	1
9382295	9382296	2
2780882	2780881	1
4849125	4849127	1
11294108	11294107	1
1361221	1361222	1
1872644	1874376	1
6457919	2901371	1
12627564	12627567	1
7802815	7801764	1
1215491	1215479	1
9737091	9735694	1
2696275	2695954	2
5805209	5806007	2
1361245	1361248	1
10481351	10481352	1
6517943	6489197	2
2649779	2649780	1
5533617	5533618	7
3008530	3008490	1
3377256	3377253	1
2249881	2249882	1
1189836	1189518	3
1151095	1151096	1
9945052	9945051	2
8335450	8335449	5
2100228	2099454	1
1914065	1913653	1
6130449	6130450	1
12400099	12400100	1
10409065	10409066	1
1218203	1218204	1
5096837	5096838	1
4137224	4137223	1
6189707	6188097	1
3918248	3918247	1
68271	68272	2
7823866	7809886	3
8312824	8312823	1
629090	531801	1
10151447	10143118	1
10538660	10538704	1
4995539	4999271	1
11813390	11813389	1
10210369	10210370	2
692897	692895	1
12386247	3810018	2
9600598	9600597	1
3714201	3714202	1
4444999	4444990	1
10123479	10120289	1
9491264	9492312	1
9099315	9099316	1
1351062	1351061	1
11758977	11758978	1
5913420	5916293	1
10883501	10835307	1
6503102	6503101	1
10359113	10359114	1
11124274	11124271	1
5381771	5381774	2
4385014	4385488	1
3804121	3804154	1
7645749	7644424	2
1274473	1274476	1
2188149	2188150	1
5100012	5100011	1
6153008	6153007	1
6049111	6049112	1
2638094	2637625	2
7061916	7058014	1
1976640	1976639	1
4715905	4608446	1
9873203	9917135	1
10549447	10549448	1
10190177	10190110	1
7194800	7194799	2
2409473	2409474	1
85051	85085	1
12517156	12667338	1
7611178	7614504	2
10406599	10411148	1
9009803	9012847	2
1242169	1242173	1
2428855	2425181	1
4849123	4849124	1
9483313	9534576	1
4018625	4018626	1
2977051	2977052	2
10863760	10863750	1
11661140	11665004	2
4324014	4322751	1
4527633	4588611	2
9978709	9978633	1
6983676	6983678	1
4091766	4090192	1
2584321	2583658	2
1416820	1413951	1
7490904	7489042	2
8968974	8968956	2
7610362	7610361	1
7930158	7931172	1
8401587	8401588	2
7693087	7722640	1
11117943	11118002	2
11011495	11011496	1
6032359	6032360	1
3767463	3767464	1
11024378	11024377	1
5536272	5536267	1
12687998	11572326	2
1460359	1459621	1
4036832	4036831	2
10206780	10205999	1
8467178	8467143	2
6122474	6122471	1
10507525	10508277	3
6682314	671624	1
7328323	7328324	1
9164524	9164523	1
8870097	8870098	1
8337553	8337554	1
12614598	7429646	1
1003757	1003760	2
7934126	7934123	4
2778516	2780305	1
10311948	10311913	1
5735475	5975038	2
1921745	1921742	1
11146072	11144404	1
12800400	12800399	2
624882	624881	1
3107446	3108166	1
10967748	10959382	1
628205	628206	1
11530629	2654785	3
402793	407780	1
10644523	10645153	1
9947181	9945154	1
2566907	2566949	1
5911452	5911213	1
6144082	6144089	1
11672439	11670584	1
5400418	5400421	1
3330137	3330140	1
11129684	11132783	3
3485717	6543617	1
4045264	3962777	2
11713234	11713233	1
4016311	4016316	1
1957598	1955495	1
12416733	12416726	1
7146853	7181830	1
4201495	4201496	1
12784999	12785000	1
6395327	6395328	1
2486029	2486030	1
8488589	8487389	1
4560665	4560653	2
10082461	10082462	1
5373547	5373548	1
2430936	2430935	3
7921839	7921840	1
9875732	9875190	1
4234038	4234209	2
2261534	2265611	1
10591921	10432303	1
1149778	1150031	1
4732904	4732903	1
1117947	1116061	3
7019977	7019978	1
6154469	6154470	1
2227633	2227634	1
144751	144752	1
1188453	1188454	1
10340724	10340682	1
7651313	7645872	1
7390227	7390061	1
6112895	6112892	1
2429742	2429741	1
10042475	10042476	1
126359	129794	2
11851952	11852182	1
5878706	5691337	4
3786888	3786891	1
10492155	10492156	2
12422064	12422180	1
4694718	4694717	1
10077777	10077832	1
8343195	8343196	1
1210512	1216228	2
618691	619021	1
547309	546987	1
6866697	6866698	2
4594729	4595917	2
7091157	7086976	1
10973387	10974312	3
11860390	11860395	1
176952	177348	1
481203	481204	1
12358850	12426148	1
2245197	2245198	1
3420668	3420667	1
2100230	2100229	2
6166562	6166561	1
2620197	2621257	2
1209687	1209702	2
8050084	8049208	1
1519116	1519629	1
5737944	5738410	1
6677761	6677762	1
12692893	12692894	2
1919848	1919847	2
11185678	11185677	1
6364069	6364076	1
4322422	4321251	2
9170945	9170914	1
10170023	10169022	1
10188183	10188256	1
933338	933337	1
1275523	1272832	1
10021479	10021482	1
9116441	9115983	1
1968327	1968328	1
3682017	3682061	2
12447118	12447113	2
10926909	10926910	1
5443751	5443752	1
7841145	7841146	1
1523730	1523900	1
9900234	9906481	1
7237971	7237168	2
9884645	9884652	1
9166923	9166924	3
8391550	8391547	1
702459	952204	2
2483390	2577526	1
12381130	12381139	1
8534805	8534781	1
6216014	6216011	1
7488407	2205503	1
5163187	5163188	1
12730005	12729998	1
1602800	1602803	1
533498	532754	2
9993580	9993625	2
3824469	3823651	1
12467110	12466589	1
4136008	4139510	1
1218189	1218190	1
11173758	11173757	1
1099344	1099343	1
12773712	12775466	1
9699959	9692424	1
11841266	11841265	2
12615973	12376084	2
6147802	6147801	3
12188330	12188329	1
5755973	5754827	1
1761578	1761577	1
7973813	7973814	1
12259785	12259786	2
10760863	10765237	1
8963475	8963365	1
3132161	3045906	1
9816725	9817688	1
5993501	5993502	3
11532712	11532677	1
8640032	10168470	1
3132903	3132904	1
6680904	6680903	1
2741536	2741535	1
5341892	5341886	1
11930695	11935466	1
5244868	5244867	1
11091707	11091590	1
8504233	8504234	1
6247495	10364010	1
4514005	4491778	1
11901521	11901522	2
526634	526633	1
4352155	4350824	1
6377737	6376933	1
6884736	6884754	2
10208605	10208608	1
5380456	5380672	1
9186710	9186705	1
10026520	10026519	2
11118262	11118045	1
11197023	11202670	1
4476027	4476024	1
3672537	3672540	1
6837912	10409856	1
6814677	6814678	1
3695364	3695363	1
10503910	10503909	1
1068383	1068384	1
6568068	6568067	2
2749232	6623941	1
12774565	12774566	2
7935951	7935948	2
10660384	1362987	2
419707	419710	1
760366	760365	2
723525	722812	1
11555766	11555774	1
5621050	5621034	1
2517845	2517846	1
4393882	10449654	1
4689459	4689460	2
1147068	1147082	1
4879823	4864583	4
11606285	11606286	1
3273815	3272701	1
12603279	12603449	3
7626688	7626681	1
3381796	3381395	3
11198861	11198875	1
11793525	11791236	2
9128992	9128989	1
2425311	2425312	1
7796462	7796461	1
9980003	9980004	2
12434315	12434316	3
6075582	6075581	1
12731413	12729560	1
7617403	7578218	1
6572759	6572760	1
11132748	11132747	1
5088504	5087325	1
3129779	3125143	1
8390500	8390502	1
12491415	12490718	1
3114639	3111814	1
1706085	1705841	1
2578166	2578165	1
628207	628202	2
12053471	12053472	1
12125938	12125940	1
12518362	12518361	5
10206782	10205999	1
7137717	7141752	1
5485050	5489247	2
1667380	1667383	1
4124532	4124531	1
5859218	5859217	1
2540117	2540118	2
323407	323408	1
1673962	1673965	1
12340381	12340356	1
6174365	6174382	2
9866065	9866393	1
11108658	11108415	1
4362287	4363086	1
3378016	11335564	1
4339745	4342562	1
3671529	3671725	1
475468	475751	1
550305	550076	1
12667313	12667337	1
3156741	3156742	2
1885987	1885988	1
2332702	9720567	4
10316224	10316104	1
5910704	5910826	3
3940375	3940376	1
9582731	9581603	1
10595756	10595755	2
6217066	6217443	1
10319237	10319249	1
6839323	6839324	1
11384882	11336011	1
11114773	11116673	4
117645	117548	1
6994433	6994434	2
3577417	3577418	2
6075580	6075579	1
6741988	6742946	1
12692168	12692045	1
11383734	11383722	1
11742013	11742014	1
5385674	5384656	2
10097515	10097516	2
1527089	1526097	2
7114267	7114268	1
9951240	9951508	1
7673508	7673775	1
4200069	11806927	2
1475221	1475222	1
12695009	12695010	1
12141508	12141524	4
8165809	8166330	1
9140178	9156356	1
7486960	7486966	3
1188404	1188403	1
6476023	6535175	1
8531339	8531340	1
11120073	10759892	1
9598393	9594829	1
7652980	7652979	1
11752262	11752261	2
6148629	6148630	1
11394358	11394357	1
6273468	6365853	1
12479842	12450040	2
706223	710963	1
7323097	7323098	1
5155128	5165908	1
634418	634417	1
5918805	5924707	1
1193649	1193652	1
10248246	10248245	1
9377317	10824367	1
5877119	6053222	1
11450816	11450823	2
12672854	12672853	2
6094636	6094633	1
2367004	2367001	1
2138492	2137617	1
10670296	10670284	1
12799950	12799949	1
1942052	1942055	1
1291284	1291283	2
10460328	10460325	1
5256834	5256873	1
6575342	6575341	1
36606	36669	1
9237133	9237134	1
2427276	2427287	1
1448418	1448443	1
12610175	12371891	1
1655887	1655888	1
12279176	12279175	1
3599429	3602357	1
949278	900929	3
7135049	7135050	3
9464251	9464254	1
12687213	12685949	1
1381639	1381421	1
4620694	4620697	2
10556404	10320345	2
10035703	10054573	1
5619700	5619645	3
811440	811012	1
6628997	6626080	1
356378	356377	1
7611480	7611484	2
4752458	4752457	2
6987024	6987023	1
2556347	2556351	2
7537951	7537952	1
1070627	1071817	2
5978080	5978079	1
1774136	1774134	1
9768814	9768813	1
4413018	4413017	1
9962541	9960453	2
9685970	9685124	2
5542875	5542878	1
671608	671607	1
7266183	7266184	2
7309105	7309106	3
10252797	10252785	1
11974373	11974376	1
6221766	6223775	1
4472913	4472767	1
2539879	2539880	1
498276	498275	1
5503511	5503512	2
9157933	9139456	1
7146738	7146645	2
504207	504208	1
1209722	1209721	1
10006598	10005586	2
12443026	12443025	1
4479159	4476200	1
11220839	11220820	4
7003784	3483254	1
4152571	4153023	1
3322916	3321614	1
10383233	10407505	1
10546170	10550821	1
2971892	2971891	1
779398	779413	1
6276362	6276361	1
5839873	3563138	1
12536382	12536381	2
5288126	5288132	1
493091	493092	1
6688505	6687659	1
9839715	973691	1
2695912	2695915	1
6121358	5996545	1
2732087	2731459	3
7640851	7637539	2
6648059	6648060	2
713040	637648	1
4706370	4706369	1
1312605	1312606	1
11113550	11113549	3
4609348	4609347	5
5855955	5855956	1
12465299	12467342	1
3132694	3132693	4
12006494	12128526	1
6987811	6987816	3
5164044	7672642	1
9523335	9523336	1
9686610	9686609	2
11038721	11038722	2
4244643	4244644	1
10614987	10372599	1
7441372	7441371	1
4715696	4715695	2
8033160	8032964	2
8473575	8473566	2
8515964	8515963	1
2470130	2471338	1
2762183	2772059	1
5808961	5858964	1
8077237	8077238	1
6468333	6468334	3
4265333	4265360	1
7237039	2543473	2
11645793	11612494	1
4188863	4188866	1
6552878	6552894	1
4467407	4469859	2
1941845	1940494	2
9154451	9154157	1
11344991	11344992	1
8227521	8227522	2
7393893	6035454	1
418074	419014	2
6346315	6346257	3
2678808	2678877	1
11064828	11064833	1
10658353	10658354	2
6835221	4381846	1
10210066	10208842	1
12442260	12439338	2
4555330	4555329	2
4030867	4030868	1
4359594	4359593	1
1185136	1185135	1
10411723	10411724	1
8849911	8849167	2
5902489	5902490	1
10497108	10497107	1
5735569	5735607	1
2831747	2831877	1
3644693	3644694	1
12616572	12616571	1
6967369	6967370	1
1371354	1371661	1
12596084	12561457	1
1182527	1182528	1
7378820	7378815	1
11828142	11832048	2
8666587	8666582	1
11532307	11532288	1
10440142	10440141	1
262084	262109	1
11879836	11849108	1
4757981	4757982	1
6841109	6841110	1
12316006	12315977	2
9744681	11439886	1
12755919	12755920	1
8873902	8873899	1
474260	474269	1
6994431	6994432	5
5484433	5484434	1
6055559	6055549	1
5993892	5993891	2
7342644	7368349	1
12443766	12443121	1
10145354	10145353	1
1638990	1642425	1
4099430	4035165	1
8816634	8760961	1
10598274	10598273	1
11081562	11081567	1
5766583	5766584	1
4021226	4051231	1
12489370	12541915	3
12049897	12049898	1
98223	98226	1
8717658	8717657	1
5481731	5481732	1
5667473	5666798	1
5361584	5361583	1
4989490	7980830	1
5973943	5974026	2
3770478	3767824	1
6592666	6592665	1
8764304	8766009	1
7548347	7548348	1
5493412	5493411	1
5022789	8366953	1
10231871	10231872	1
4645099	4645100	1
2212098	2212097	1
2831999	2832000	2
7712063	7711921	1
5846600	5846599	5
10233627	10233630	1
9228487	9228488	2
360972	360971	1
2929069	2929072	2
932043	929713	1
4749197	4747128	1
2363829	2363830	1
354127	354128	2
11910825	11703184	1
251936	1202	1
4044458	4050441	1
1954105	1954106	1
8820987	8819836	1
399256	396725	3
7465811	7472161	2
1188433	1188434	1
2591064	2591029	1
5525841	5525844	1
12407792	12407791	3
3938791	3938792	1
11707846	11707845	1
6655243	6655137	1
12745837	12745850	1
11517827	11517828	2
4495832	4494950	1
8981255	8981268	1
5118041	5119240	1
1426319	1426320	1
6976872	6977295	1
12292045	12301276	1
10407986	10407941	2
7450440	7450443	1
8902434	8902433	1
6555659	6554322	2
745089	807494	2
7522683	7522684	1
6628585	6628586	3
5594252	5594251	3
4786269	4786272	1
11635871	11651006	1
10453980	1251141	1
10167099	10167100	1
11113307	11115791	1
9685146	9685125	1
9358244	9358243	1
7620055	7620058	1
4819561	4819590	3
6688498	6688497	1
2334083	2332764	1
97748	97743	1
887717	887718	2
5383551	5383552	1
7266181	7266182	2
6229399	6229400	1
4380344	4380095	3
3106072	3105541	1
4440591	4440592	3
7614156	7613414	2
836246	836232	1
4947991	4947997	1
1467474	1463858	1
2227520	2227519	5
11072787	11071569	1
10356195	10356196	1
2694072	2693919	1
11996850	11996853	1
4704627	4704628	1
10895543	10895536	1
6143435	6141937	1
12683002	12683001	1
7227982	7176822	1
2605746	2605752	1
5907190	5907189	1
1289321	1324376	1
778538	778535	2
12656811	12656812	2
1022105	1022083	1
1258025	1258026	1
5680709	5680756	1
5860319	5860320	1
1187374	1187815	1
658085	658093	3
6783901	6783902	4
10620432	10620646	2
6368632	6368235	2
12437202	12437201	1
9680855	6471912	2
10233627	10233608	2
7739229	7739230	1
2971120	2971893	1
10355409	10355410	1
10442597	10447407	1
9805453	6215546	1
10658351	11120003	1
6716657	6716658	2
2983905	2983906	1
3358024	3358031	1
5444702	5444699	3
10395237	10395238	1
6986955	6986949	1
8402212	8403324	1
7190547	7190548	2
3194993	7095421	1
12206146	12206145	2
6583933	6639161	1
3509098	3509097	1
9896852	9896851	1
1252065	1334985	1
2976648	2976966	1
619114	619361	2
117833	117858	3
5364986	5373546	2
12610104	12610301	1
332290	332983	1
3284803	3284266	1
2577210	2509901	1
1848050	1141357	4
2957562	2957542	1
4923378	4923377	1
7655043	7655044	1
11507860	11507859	1
11868829	11868830	1
9164520	9080080	4
9869835	9869819	1
6207997	6207992	1
5899012	5899011	1
2207742	2207741	3
399947	399948	1
4038266	4038275	5
12613274	12613273	1
10876192	10876191	1
1361576	1361573	1
11463639	11464747	2
7758339	7758340	1
10266573	10266529	1
7790864	7790786	1
11532332	11532331	3
3670411	3670412	1
11457489	11458465	1
10364722	10364721	1
7566871	7566872	2
8404310	8404301	1
4696095	4696100	1
11575491	11575483	1
9081049	9081052	2
7137239	7137252	1
7872588	4788964	2
11740324	11740323	3
4954012	5269817	1
3509096	3509095	1
1950504	1950503	3
4028498	4028495	1
4030865	4030868	1
34684	34681	1
6884755	6884756	1
79798	75426	1
11660756	9986050	1
4717845	4717848	3
2894598	2894597	2
11873445	11873446	2
1251111	1251112	2
482224	479784	1
8054680	8054677	1
4985121	4998271	1
2667739	2667742	1
3031513	3031514	1
12758172	12758562	2
11767645	11767646	2
11930693	11930694	1
11588011	11588012	1
9127418	9127417	2
3479530	3637643	1
5644622	5644625	1
1635457	1635458	1
11549601	11549602	2
4674298	4674297	1
8585664	8585661	1
5225578	5223653	1
3913481	3913482	1
9334391	9334392	2
10355128	10516461	1
10740412	10740411	1
935589	935643	1
6904252	6904251	1
10407823	10387895	4
11085098	11042599	1
5320842	5323252	1
4141057	4140730	1
520755	520756	1
9110353	9111051	2
11090508	11090507	2
709289	709452	1
8729085	8729445	4
7227271	7227272	2
8999200	11470336	3
11454643	11454411	1
6277436	6277435	2
10037858	10046710	1
10459180	10459179	1
2590700	2590699	1
8230139	8230140	1
8273747	8273748	1
938890	893708	2
1386232	1381412	2
1355616	1355611	1
9081047	9081048	2
10760976	10760975	2
2256375	2435630	1
6677094	6677097	1
11958971	11958972	1
1461283	1461875	1
7728123	7728124	1
12292731	12292719	1
8091389	8091390	2
10760976	10663320	1
1193436	1195070	1
1193649	1193650	1
2548328	7229889	1
2591636	2591621	1
10317666	10317663	1
868296	868295	1
6920644	6920643	3
1339253	1337603	3
9455028	9455025	2
6622161	6622162	1
8561829	8561830	2
1926243	1927076	2
3373240	3372248	1
5462797	5462842	1
8081001	8080992	3
5678394	5680711	2
4008594	4008593	1
6463554	6463543	1
4258076	4258082	1
11627551	11627552	1
12283533	12283534	1
5708849	5708852	1
12522642	12522641	2
8948844	8946807	2
5244133	5250061	2
1352609	1352610	2
2613128	2613127	3
9781049	9781046	1
5858284	5858283	1
2397911	2413520	2
4311906	4311905	3
3858777	3858831	1
355347	355348	1
10170023	10169024	1
8410025	8410028	1
6465942	6463498	1
1090268	1090165	2
12402154	12404694	1
7817570	7824934	1
1757972	8785498	1
6067203	6067118	2
4468546	4468545	1
5110258	5110257	2
4598548	4598564	1
2810258	2810247	1
2000125	2000119	1
912074	912060	3
11976418	11976422	1
5343003	5343004	1
8727141	8727202	1
217430	218302	1
12189091	12191512	1
10272322	1079790	1
10378322	10378321	1
728866	728865	1
152989	147578	1
2712425	2712322	1
8162966	8162965	3
2196193	2196194	1
11148643	11148644	1
9941194	9941108	1
4701576	4701573	1
956154	956149	1
4032624	4032623	2
11493181	11493182	1
1942052	1942047	1
9125559	9125560	2
3640811	3640812	1
7468403	7470186	1
1463482	1463481	2
6741603	6742037	1
3038825	3038826	1
11152268	11152267	3
9509568	9509567	1
9683589	9682885	1
6596542	6596648	1
3105921	3105924	1
11781747	11780556	2
4156678	4156913	1
1530511	1538288	1
598097	598109	1
9035291	9046264	1
3989246	3989263	1
12536410	12536385	1
10661018	10661017	1
1721570	1721569	2
7032888	7032887	2
9701523	9701504	1
12191844	12195543	1
940753	940195	1
4354759	4351298	2
10448207	10448009	1
11666513	11667352	2
11832049	11832050	1
7464990	7464989	1
4269814	4269813	4
2446718	2446475	1
111189	111190	2
2713375	2713376	1
839892	836973	3
7056854	7057284	1
4501400	4501402	1
1643980	9053266	1
11369675	11344621	1
5204268	5204267	1
5973939	5973942	2
3013326	3013325	1
1930032	1934835	1
6030652	6030651	1
12538411	12538414	1
1519695	1521500	1
10508235	10508232	3
9069879	9068982	1
12239135	12239150	1
11450951	11451529	1
7616324	7616323	3
2799898	2799895	1
12800839	12800840	2
3898537	3898538	2
3946881	3946697	1
4230069	4229917	1
557341	561102	1
2556099	2556714	1
8481538	8481537	2
2764847	2765968	3
5217248	5217247	2
6157114	6157113	2
5276115	5276060	1
9035291	9046266	1
4401720	4401433	2
6450985	6450988	1
12803644	2587733	2
4485016	4485024	1
750305	750306	2
11064832	11064831	2
2872499	2872500	2
3903665	3903600	4
6650854	6650853	1
2095481	2095532	1
5899195	5899196	1
2683650	2685436	2
10212322	10212321	2
8073500	8073499	1
7877514	7877445	4
10077301	10081054	1
1265197	1265198	2
9282589	9274483	1
9499324	9499320	1
10644878	10643777	1
1080384	1080383	1
11357844	11357807	1
6885277	6885278	1
11489138	11485518	3
1750431	1750432	1
6047252	6026149	1
11163997	11164027	1
1623886	1617588	1
412534	485850	1
7561721	7561722	1
10508381	10508408	1
993699	993763	1
6825350	6825349	1
3538152	3538941	1
1258553	1258558	1
12755266	12755265	2
5135671	5134719	1
11554991	11554992	2
5263351	5263292	1
8365280	8365277	1
10435547	10435548	2
7231527	7231528	1
772412	775176	1
11614112	11614111	1
10426972	10463314	1
12809178	12809181	1
7199772	249910	2
634098	634097	1
3469597	3469598	2
11479836	11479835	2
3958239	3958214	1
6165338	6165337	1
7744711	7743971	1
5365927	7779485	1
3483325	3483930	1
830162	829755	2
9807933	9807968	2
5729706	5729705	4
716953	716954	1
869955	9794979	2
11450054	11450051	1
3748457	3749029	1
8846675	8846676	1
12000129	12000271	1
2583928	2583927	1
8479049	8479124	1
5912583	5911346	1
9807935	9807968	1
2441729	2441656	1
2043628	2044271	1
5627925	5627926	1
748009	748010	1
1923275	1923263	1
1774112	1774137	1
5459825	5397000	1
7135005	7136358	3
11579491	11579492	1
12669718	12656817	2
1613449	1613345	1
6609216	6610873	1
11316021	7992711	1
4570524	4570523	2
11152944	11152911	1
598733	606179	1
7354039	7352585	1
5588479	5588480	1
4510077	4509902	1
10292556	10292555	2
6825804	6825795	1
12529507	12529501	3
5493738	5492615	1
11917755	11917756	1
10501166	10501117	1
2066847	2066785	2
7974896	7974886	1
2787700	2800942	2
704445	704446	1
4593326	4593349	3
1272987	1272988	2
11123373	11123374	1
10614982	10614628	1
11507597	11507598	1
429509	6813048	2
2709332	2709331	2
252430	252429	1
7622181	7622182	1
10588696	10589102	2
10766574	10766573	2
9995781	9995782	3
841176	841223	1
6228068	6228065	1
2274398	2274411	1
1644206	1644187	1
11777159	11779913	1
1371660	1371659	1
10141259	10141260	1
9127423	9127424	1
10983027	10982400	1
11355336	11355288	1
5364565	5364566	1
1843779	1843782	1
11108254	11108253	1
11404499	11402531	1
6986452	11676052	1
4618269	4649099	1
7528632	7528631	3
4818826	4818867	2
2376175	2376176	2
10095687	10095688	1
66568	66567	1
2636561	2636562	3
5427318	8883579	1
12762418	12762417	2
11124503	11124504	1
10426985	10469256	1
11518876	11518875	1
6837110	6837109	2
11355289	11355290	1
1662149	1662150	2
4417695	4417696	1
1151097	1151266	1
10565744	10563763	4
807878	807808	1
3428902	3428901	1
1230964	1230963	2
5493625	5493626	3
9855471	9855472	3
7471756	7471759	1
4877337	4877338	1
11471650	11471649	1
6119271	6119272	4
54133	54134	2
11426452	11426435	1
3268295	3299305	1
2884958	5235046	2
8928449	8928627	1
11602068	11604304	1
4254125	4254128	1
11960036	11960008	1
5678467	5677896	1
10615931	10634990	1
9683610	9685095	1
5211840	2890214	1
6636076	6574577	3
5856182	5860248	1
1177632	1161313	1
1466583	1466584	1
7351353	7351354	1
9683591	9683592	1
6266123	6266072	1
9493878	9493901	1
6707279	6711238	1
2139160	2139159	2
724791	724794	2
8624391	8624392	1
8898062	8908194	1
10313987	10249435	1
2480809	2480810	2
5005522	5005800	1
10128690	10142514	1
6279754	6277868	1
3755331	3754622	2
6691800	6691799	2
5956753	5957222	1
9102307	9102308	1
12458912	12458911	1
1757385	1757386	3
1378782	1378762	1
7801731	7801734	1
1283501	1292858	1
7230697	7232239	1
8367494	8362784	1
6129680	6130475	2
7604108	7604107	1
11637924	11637923	1
268297	268298	5
5908844	5887518	1
4502077	4501831	2
2472527	7193718	1
8289162	8290685	1
7504580	7504589	1
10216942	10216941	1
8662961	8662964	1
6453695	6452401	1
5669928	5665268	1
9926543	9926547	2
8075302	8305915	2
1269518	1264981	3
12595096	12594564	1
8103375	8103376	1
8361184	8341341	1
3465343	3465344	2
2511107	2510570	1
1326205	1326206	1
3444074	3448194	1
3372837	3372838	3
11093155	11091041	1
10636597	10636657	1
2811212	2810438	1
12685435	12685436	2
11299119	11299120	1
11720810	11720807	1
12801296	12800401	1
7960745	7960746	1
10489336	10496588	8
5414256	5414252	1
3096812	3099277	1
4188865	4188866	1
1277635	1277640	1
12530055	12530058	1
8331733	8331735	2
8407365	8407366	6
2723098	2723097	2
9932689	9932690	1
2738925	2738921	1
3072881	11632247	3
5423420	5423419	3
9543213	9543183	1
11216727	11217571	1
605000	605005	1
4530073	4530074	1
9741410	9741416	2
196406	198438	1
4924159	4924160	3
8320950	8320835	1
5981288	5974650	1
9084354	9084357	2
8365280	8365279	1
4094045	4094047	1
12794273	1079790	1
8022301	8022302	1
1104343	1104433	1
3511211	3510453	1
1019782	1019815	2
4936731	4936732	1
12518943	12518944	1
1465535	1465550	1
8434531	8430180	2
4182187	4183931	1
7139355	7139356	1
4476441	4476442	1
1342635	1342636	2
9603970	9604916	1
956148	956151	1
3404463	3402885	1
8228518	8228517	1
11532305	11532306	2
1313989	1313990	1
12496282	12624520	1
6655126	6655133	4
9241452	9240964	2
8355599	8355602	1
1062127	1062128	1
12166694	12161488	1
1183388	1183387	1
1455918	1455915	2
2003727	7113638	2
11907619	11918639	1
12182998	12183025	1
3894830	3898960	1
10669841	10669842	1
4987315	4987316	1
1274941	1275370	2
8525496	8525495	3
5318848	1329963	1
10265840	10266529	1
12491065	12491066	1
664782	665526	2
10538492	10538491	1
2413228	2413227	2
627074	627073	3
9394491	9394492	1
5533619	5533622	2
6575348	6575347	2
6640118	6640117	1
6639998	6639983	1
5325679	3251725	3
10644880	10644879	1
2752125	2746684	1
11091879	11091897	1
8087869	8087890	1
11617942	11617934	1
4016315	4016316	4
5211647	5212216	1
2199169	2199170	2
12778574	12778573	5
4737907	4737883	1
5440305	5440306	1
2556560	2553492	1
12160402	12160334	1
833288	833355	1
1678785	1678758	1
4270949	4270950	3
8656170	8656169	3
382268	382267	1
10993479	10993449	1
11869148	11869140	2
11465902	11465901	1
11123569	11115456	1
1635507	1635508	1
10025481	10025482	1
1193954	1193953	2
12647088	4096181	1
8623382	8623381	1
2380688	2380687	1
1521531	1523874	1
4525144	4606013	1
10298465	7446419	5
3216165	3215193	1
12424495	12424496	1
1361251	1361252	1
2660226	2660225	1
2218136	2213614	1
8419687	8419688	1
9696012	9696011	2
8210666	8210665	1
12764922	12759941	2
7191606	7191605	1
6377737	6376935	1
3184553	3184050	2
11425122	11425121	1
9898249	9898234	2
10383229	10383232	1
3461963	3461964	1
6621843	6621844	2
2623130	2620261	2
9019270	9019269	1
6117342	6117340	1
1763231	3314278	1
6237504	6237503	1
10132910	10132908	2
787873	787887	1
3401782	3401781	3
2788147	2788144	1
2151980	2151979	1
9059793	9025673	1
11871418	11871417	2
4603753	4603700	2
4192257	4192260	1
6909022	6908579	2
6250422	6250421	1
276537	276538	1
5554095	5554096	2
419711	419712	1
252512	252503	2
10612054	10612053	1
7616796	7617224	1
4272568	4272436	1
4230654	4230614	1
1952804	2108288	1
1646309	1647518	1
2139158	2139973	2
10486345	10440911	3
12656640	12656723	1
7325456	7325452	2
932387	932390	1
7230041	7232976	1
4022982	4022981	2
8922324	8922323	1
4106760	4104141	1
10104673	10094613	1
4452849	4452852	1
9960794	9960793	1
2725174	2725173	1
3691598	3690694	1
11013275	11013280	1
8315412	8310887	2
7790613	7790614	1
7631793	7631794	2
11904929	11904926	1
1362097	1362098	2
993007	993008	1
1223123	1223659	1
10188259	10188260	1
10129843	10129846	2
11637026	11646860	1
3042037	3042058	1
5885324	5886800	2
8847335	8845848	2
12323515	12323499	1
7782343	7782344	2
8505164	8505163	2
6600085	6600086	2
1557087	1557088	1
4500561	4500564	1
7547416	7547415	2
10348643	10348644	3
6139765	6139716	1
5858921	5858965	2
3684438	3688456	1
1275003	1275004	2
7258523	7258524	1
5974651	5974652	2
3829682	3829681	1
9495045	9495071	1
12132837	12132838	1
11723460	11723683	1
10271859	2324648	1
12742382	12742381	1
2989342	2989149	1
2329174	2329173	2
1843779	1843780	3
7204697	268185	1
8468307	8468308	3
11203852	11106286	3
6200536	6200535	1
5624815	5624816	1
3728479	3728480	1
10378755	10378756	1
3826198	3823596	1
11216264	11216270	1
8509099	8509102	1
3830224	3830222	3
9142511	9141373	2
5875626	5901689	1
9017328	9022576	2
12234242	12234241	1
3590565	3590515	4
9166921	9166922	3
9341408	2324846	1
12683000	12682999	1
6989696	6989123	1
7676928	7676917	1
553615	553616	1
6146455	6135714	1
83851	83852	1
1186486	1164240	2
11994762	11995020	1
11813390	11813398	1
541105	541103	2
1162488	1162485	1
3675173	3675174	2
12647180	12299655	1
4118442	4118441	1
1629173	1629202	2
10109633	10110232	2
6388055	6391043	1
10648069	10648070	1
12175455	12175456	2
280120	280119	1
4417627	4417628	1
6557644	6557643	1
7293607	7293771	1
2589458	2589457	1
11912046	11912034	1
10144107	10144068	2
3689613	3689614	1
7730449	7730429	1
6339362	6339386	1
7454847	7454848	2
3537847	3537823	1
6000337	6000341	1
9141717	9142909	1
3999715	4006190	2
3802095	3800824	2
6689735	1659238	1
11339625	286339	1
9253911	9253905	1
10394745	10394750	1
1977183	1977184	1
12814283	12764923	2
2243343	2243746	1
3165303	3165285	1
759122	11377687	1
5070741	5070742	1
10114797	10117331	1
5533619	5533620	3
3602354	3594405	1
3456739	12201251	1
1898893	1898894	1
12141695	12141753	1
5177537	5177538	1
11237461	11238803	1
4416150	4416147	1
2842376	2838838	1
6659451	6659153	1
12048693	12248654	1
8197275	8197276	2
1207351	1207352	1
3216888	3216881	1
9142144	9142128	1
11173246	11173214	1
11572182	11572181	1
4299897	4301200	1
7135781	7023789	2
7432300	2548153	1
1666280	1666279	1
1175286	1175219	2
7269027	7255707	2
1579736	1579730	2
5757526	5757525	1
10891976	10892337	1
826493	826494	1
8517455	8567035	1
5100010	5100013	1
7839310	7839088	1
11165085	11165086	3
4022335	4022338	1
8275109	8275110	2
199902	199901	1
11136238	11136237	1
4810735	4810736	1
1187814	1187813	2
5536292	5536273	1
347681	347684	1
7032564	7032563	1
7257209	7257210	1
7304887	7304888	1
11796943	11797761	1
7118292	7118708	1
1767743	1767744	2
12239281	12239265	1
3599427	3599428	1
509272	509262	2
341586	345009	1
4188867	4188868	2
10628454	10628429	1
8050453	8050428	1
7435148	7432296	1
2581997	2581998	1
11459012	11459011	2
10616681	10616684	1
1404275	1404276	3
11376916	11376912	1
2211335	2211363	1
2162140	2162139	1
9669657	9669836	1
8388625	8388626	1
5224022	5224017	1
5863830	5863818	1
12209916	12208065	1
12349543	12350481	1
6223311	6223270	1
6402815	6402816	1
9164524	9164521	3
11512593	11512662	1
12466303	8389642	1
7119666	7119665	1
7369944	7377697	1
3371888	3371885	2
4247625	4247626	1
8714939	8714940	2
4575416	4575267	1
3181244	3181241	1
9995879	9995881	1
5267424	5570760	2
9536591	9536592	1
11383324	11383323	1
11324588	11324664	1
1635063	1631619	1
5420969	5420970	3
2978791	2978605	2
10693876	10733135	2
5662480	6983813	1
9625391	9625431	2
10142515	10143192	1
5079431	5081134	1
11337955	11337967	1
2590209	2590212	1
4459976	4459975	1
5669928	5665266	2
4598695	4598698	2
3764683	3763130	1
2724653	2724654	1
7346773	7347715	1
4786187	4083535	1
4750285	4746929	1
6417802	6417801	2
9293146	9293145	1
2322775	2321562	2
3577419	3577420	1
1883160	1883159	3
1273627	1277293	1
11418362	12742155	1
5480483	5480454	1
515645	11769189	1
6128418	6128417	1
6096730	6096729	2
542127	543691	2
5131360	5132278	1
1051862	1049898	2
4751520	4748183	2
2099455	2099456	1
12049263	12049264	2
10275811	10275812	1
10558038	10557903	1
9018788	9018191	2
2227616	2227620	2
8656180	8656179	1
9163470	9163469	1
11115792	11115791	1
1644429	1661351	1
5713745	5713746	1
5069436	5069461	2
5909013	5909027	1
10549447	10546821	2
1101182	1101181	2
5966778	5966777	2
5737013	5736627	2
4634104	4634103	3
735360	735359	1
12409537	12409399	1
6203419	6203416	1
11052264	11052263	1
704609	704604	1
1635509	1635510	1
7350999	7351000	1
831653	831654	1
11165085	11165791	2
3642200	3642138	3
6477727	6479079	2
11295213	11294852	1
10771893	10768953	1
12384181	12384182	3
12522640	12522653	1
12006978	12006977	1
1378400	1378399	1
10108524	10106567	1
1334141	1334144	1
4883605	4875151	1
2248878	2248887	1
5901954	5901953	1
9936306	9936301	1
2835169	2835176	2
9882480	9882479	1
11382969	11382970	3
11054992	11056958	1
8769179	8769174	1
11717378	11717377	1
8722884	8722881	1
6431304	2919364	1
11061717	11061718	2
6329429	6329430	1
1763053	1763054	2
6010060	6012800	1
10126367	10128458	2
12166694	12161486	1
5378751	5378605	3
2521624	2549028	1
2272662	2272661	1
9604082	9604187	2
1196012	217544	1
11200488	11200487	3
9781236	9773354	1
5204266	5204265	1
11072470	11072457	1
10317371	10317372	1
776230	776229	2
611824	611823	1
1000520	1000519	1
9996221	9996222	1
9280276	9280273	1
11905710	11905709	1
8383900	8383908	2
490747	489337	1
10380656	6358711	1
7144051	7144040	1
1068897	1068900	1
5503413	5503414	1
12594068	12719405	2
10140038	10141258	1
10348645	10348851	1
5483798	5483797	1
7038442	7031576	3
2041368	2041365	1
9475200	9469992	1
1284424	1284423	1
3988669	3988641	1
10464054	10464053	1
5967597	5967598	1
7423451	7423452	1
1408401	1408402	1
7328410	7327765	1
2796229	2795189	1
8509099	8509100	1
1276374	1275029	1
2725288	2704490	1
11380574	11363186	1
1178828	1166523	3
11504500	11504499	3
5846598	5846595	4
11970227	11970228	1
10167098	10167097	1
1558859	1459387	1
5101440	5101439	1
2880001	2879998	1
12132851	12133169	1
8425263	8425264	1
5738411	5738414	1
8275107	8275108	1
9523337	9522079	2
10530077	10530078	1
635481	635482	1
2987903	2987904	1
2274339	2272960	1
10709753	10709754	1
1633351	1633352	1
1192451	1348070	1
3962764	3962734	1
4717849	7848709	3
6326807	6369331	1
1362890	1362889	1
5259454	5259453	1
53981	53973	1
12498717	12496287	1
11055553	11055556	1
6558102	6558101	3
3236798	3232479	1
4435027	4435303	2
4381433	4381434	1
12764189	12760511	2
2869943	2869944	1
2486025	2486028	2
9122916	9122915	1
5265818	5267497	1
11113548	11113547	2
4649096	4649095	2
11218313	11218484	1
5830580	5832307	1
10356193	10356194	3
4311418	4308992	1
4109032	11971655	1
8484102	8489853	1
610901	610902	1
11436197	11436198	1
11753097	11753098	1
6825794	6825793	1
2202140	2201997	3
4574483	4574484	2
13980	13979	1
4815384	4815381	1
7735613	7735614	2
10274939	10274940	1
10223531	10223532	1
627076	627075	3
1477858	1479301	1
2592902	2592901	1
1876991	1876992	1
360586	360529	1
935584	935586	2
10637729	10637688	2
9268505	9268506	1
5816965	5816966	2
5225404	5225403	1
4167554	4167553	2
7724026	7699540	1
1279614	9107795	1
6352739	6352676	2
11924189	11924190	1
12345054	12345125	1
7290852	7291145	2
5600761	5600762	1
7281398	7283722	1
547641	343528	2
9927604	9930242	1
6793691	6792237	1
10764405	11122075	2
9822020	9820823	1
6636803	6636804	2
7392071	7392072	1
5113247	5114732	1
7681470	7681473	1
1098856	1098855	2
11129216	11129215	1
751942	1837563	1
4374613	4374610	1
2111476	2111475	3
12458912	12458909	1
2441405	2442006	2
4513561	4513562	1
9740533	9740536	1
7446336	7446339	1
8870095	8870096	1
2475009	2475010	1
11507112	11507111	1
11064830	11064829	1
7119014	7119013	2
2588239	2587113	1
8621441	8620979	1
8501962	8501961	1
7790879	7790880	2
10387894	10387893	1
12432662	12432661	1
1669725	1669728	2
5752709	5751192	1
2245236	2245235	2
2476840	2476839	2
3574390	3574381	1
9648329	9648330	2
2810221	2810691	1
5847401	5847398	1
1480517	1480527	2
9916177	9916193	1
4724572	4724286	1
3508603	3508631	1
10235000	10234999	1
1184631	1186425	1
2947893	2947894	2
6568270	6568226	1
7673678	7673523	3
12020940	12020964	1
1612707	1612708	1
1363964	1363967	1
2921236	2921235	1
9285041	9285042	1
5906087	5792465	3
7543653	7543654	1
3488010	3488009	1
10521976	10521975	2
12301277	12301278	1
7811432	7811429	1
5787053	5787056	1
3481119	3485617	1
1186629	1186630	2
6527666	6527693	1
5837722	7644739	1
11801164	11799316	1
5883215	5883204	1
2332284	2335243	1
5557251	5557252	1
797192	797191	1
6097421	6097422	4
2729669	2729670	1
1368293	10669280	1
10600091	10596497	2
1446262	1446261	1
1539744	1539743	1
3605821	3605822	2
7847613	7843211	3
6440480	6440479	3
7830407	7830591	1
11822295	11820504	2
1121011	1131521	1
6922193	6922194	2
8445146	8445160	1
9686243	9686220	3
11640152	11640151	2
7108395	7108396	2
918190	919491	1
3313337	912060	1
8067770	8067769	1
2224926	2224954	1
9120157	9120160	1
3340506	3339986	1
11813388	11813398	2
8958964	8958963	2
4226740	4226746	1
882673	594779	1
10037603	10037604	1
6334955	6335294	1
4134704	4133349	1
5142716	5142823	1
1059693	1059694	2
7193200	7193713	4
12051446	12051445	2
789314	789311	1
5820910	5820909	1
5065455	5065456	1
11749914	11752263	2
7218551	7220452	1
6628134	6628133	1
6689910	6688261	1
9697655	9697620	4
9963215	9963216	2
6248382	6249269	1
2065391	2065392	1
9023989	9023826	2
9349192	9349197	2
11504498	11504497	2
9124425	9124429	1
6215791	6215792	1
7141341	7139354	2
751944	751941	3
1159677	1159678	1
9604180	9604629	2
2429742	2430488	1
4527502	4527501	1
5978170	5978169	1
10915790	10915789	1
5560037	5560040	3
9365404	9365403	2
11336116	11335567	1
6891153	6891154	1
2832001	2832004	1
4325301	4325302	2
11376918	11376917	2
9765465	9771449	1
7374151	7374148	1
12362714	12362684	1
4786440	7854243	1
8047999	8044913	2
9012040	9012049	1
5852270	5852269	1
1360661	1361912	1
10656541	10656548	1
1192190	1192203	1
328855	328286	1
4753171	4790097	2
9776186	9773254	1
9851360	9851359	1
8686552	8686588	1
5526902	5526496	1
7787791	7787792	1
4570016	4570015	2
9179519	9180944	2
5323465	5323470	1
3497548	3497547	1
3534922	3534921	1
7328410	7327763	1
5195185	5195180	1
4688776	4688768	1
11544728	11545360	1
7240321	7240324	3
12000482	12000971	2
1050751	1051872	1
346244	347474	2
6104049	6104252	1
5080956	5080955	1
1053874	1053873	1
147484	147489	1
5878708	5878707	4
4647491	4647492	1
11925538	11925537	1
10504563	10503940	1
121812	121778	1
7558044	7551530	1
1245692	1231402	1
12811898	12813249	2
5882551	5882558	1
8407443	8407444	1
642270	642249	1
8357394	8357370	2
9168144	9168143	2
11484755	11486212	2
2415310	2415309	1
4746030	4671756	1
502313	502317	1
8306572	8306569	2
6696165	6698369	1
9129911	9130077	1
3021181	3022006	1
528757	528671	2
4175748	4175747	1
4914588	4914587	1
6433824	6433823	2
5692846	5692849	1
10598027	10598028	1
2725167	2725177	1
3431568	3610849	1
9117735	9117736	2
7114882	7114879	1
9515863	9515866	1
2224935	2224936	1
5984235	12525566	2
12182753	12182754	1
10381127	10440363	1
6330106	6330103	1
6637539	1464194	1
6539817	6410893	1
7226371	7226372	1
12130385	12130420	1
1358892	1358891	2
2248869	2248870	2
6778343	10179561	1
686351	686352	1
11510407	11506763	1
8259722	8259721	2
638722	638740	1
11314215	11314216	2
1146857	1146858	2
1594449	1594442	2
6948367	6948370	2
7207864	7207863	1
5636780	5635455	1
7586053	7586054	2
474781	474266	1
2425309	2425310	1
10145962	10145961	1
7712576	7712575	1
1526114	1526113	1
11796829	11796830	2
6873538	6873537	1
1189838	1189837	5
2227349	2224293	1
369530	369566	1
4016373	4016374	2
11134122	11134121	1
8182271	8176367	1
4786011	4786016	1
12102427	12102463	1
10266689	10216999	1
4566241	4566242	1
9736129	9736562	2
8892025	8892026	1
11321005	11322099	2
6008131	6006915	2
9717615	2334965	1
2324889	2324890	1
3888562	3887760	1
5756189	5756190	1
1892277	1892280	1
9547080	9548049	1
6910154	6907354	1
6523957	5511940	1
9906769	9906797	1
4862741	4862969	1
8880009	8881300	3
4696095	6163848	1
7670721	7670718	1
229080	233530	1
9778387	9778390	1
9033040	9043993	2
5950009	5950010	1
2245220	2245217	3
2736891	2741030	1
9436629	9436596	1
5729708	5729707	3
6140631	6140636	2
2891368	2891367	2
941934	941933	1
10633439	10556077	3
1648896	1648895	2
2586621	12804630	1
12693761	12693781	1
6442010	6442013	1
4104378	4094527	1
8767709	8767710	1
6322426	6274604	2
7132197	7132198	1
8773870	8773105	1
5645631	5645636	2
3748837	3743485	1
6402247	6402193	1
6506993	6506994	3
3042926	2978443	1
10092954	10092537	1
6895519	6895808	2
908737	928774	1
5041798	5041797	1
11165593	11161637	2
9065649	8993063	1
8233051	8230946	1
8192750	8192707	1
4319074	4319070	2
11516504	11516506	1
12292045	12301278	2
3328550	3325895	1
1695682	1695681	1
2879781	2878216	1
5555486	5555485	2
12027009	12026980	1
9665310	9665485	1
2623993	2547442	1
2678810	2678809	2
1355933	1362285	1
514054	515377	1
10099199	10099200	3
8803943	8803944	1
11920770	11920769	1
9328925	6715905	1
3729202	3728252	1
6139763	6139764	1
5787051	5787052	2
9617436	9612463	1
11017926	11017928	1
5281839	5353324	1
10281716	10281715	1
3805691	3805692	1
3187862	3187861	2
12354186	12354185	2
11717384	11717383	1
11558337	11558338	1
4500865	4500904	1
11741254	11741253	1
12340381	12340354	2
2251070	2248870	4
7407829	7407769	1
8044445	8044434	1
8048518	8048517	1
7914460	7913129	1
10402282	10402281	1
6351894	6351893	1
1283888	1283887	2
7235100	7235099	2
828818	828817	1
9966602	9966601	1
12279177	12279178	1
4503968	4503967	1
1273930	1273985	1
4501719	4501561	2
9652368	9010348	1
6000475	6000490	1
10476575	10476576	2
12421764	4019298	2
723470	723507	1
10595050	10595045	1
11720639	8188578	1
56586	56585	1
1442483	1440715	1
1264958	1264951	1
4776334	4791276	1
7891926	7891925	1
11147892	11147891	1
10453982	10453981	1
1205679	1205606	1
10394982	10394981	1
5341578	5180285	1
1857396	1857395	1
12758348	12755921	2
4688132	4688081	1
3461961	3461962	2
8319450	8319449	1
8980290	8981746	1
7840586	7841379	3
6341616	6362534	1
12466588	12466587	1
10136520	10130487	1
12010470	12168563	1
2429341	2429165	1
12654754	12654043	1
4792847	4792848	1
1643731	1643732	2
1344294	1345933	3
3040619	3040620	1
821947	821950	2
12752052	12752051	1
8743367	8743368	1
1271315	1271316	1
921686	919551	1
9932579	9932580	2
5423422	5423421	3
2401410	2401351	1
12268473	12263372	1
7251785	7252621	1
12755221	12755222	1
12454437	12454438	2
2159364	2159363	3
1338922	1341510	1
2740518	2778314	2
140332	140331	3
9801699	9801700	1
4730927	4730928	1
4354599	4354600	1
11146376	9898504	2
3578515	3578525	1
10104329	10104330	1
8407365	8407370	2
1372304	1370849	1
3212309	3212310	1
10104209	10096103	2
11680165	11679880	1
7243409	7242586	2
12346315	4003893	3
8387086	8383635	1
1256156	1256150	1
3054317	3054318	1
12723604	12663354	1
7534285	7534286	1
3016578	3159932	2
9740537	9742789	3
10354100	10355847	1
5241418	5242201	1
4193060	4196417	1
11170564	10219498	2
9103762	9103759	3
2330237	2330238	1
9948525	9948526	4
2732722	2732719	1
3603141	3603148	1
6615847	6615833	1
11101451	11101452	1
6122970	6122969	1
447484	447483	1
9786273	11148014	1
1470633	1470924	1
10256027	10256173	1
6014651	6014654	1
5784474	5783076	2
2666790	2666789	1
956154	956153	1
2948307	2948320	1
10571128	10569610	1
4726199	4726131	1
12633809	12629939	2
4615963	4615964	1
8339789	8339790	1
6992448	3612552	4
7126026	7126025	1
5155141	5155142	1
6367810	6368888	1
2330027	2330028	1
10381874	10381873	1
4440823	4440772	1
8177396	8177412	1
5265406	5265405	1
2744290	2743130	2
12118966	12118963	1
10353158	10353157	1
9670247	9670895	1
2976913	2976995	1
8347409	8347442	1
5255113	5121337	1
9120	9074	1
2639172	2639171	2
10771816	10771815	1
5761044	5761043	3
2127828	2127130	1
5226122	5494854	3
7645577	7637883	1
4555033	4554998	2
8892027	8892028	1
9125559	9123324	1
9364749	9364750	1
10717115	10717116	1
4087632	4087631	1
7133987	7119248	1
1883160	1883157	1
12025855	12025856	2
10265327	10265471	1
4694716	4694715	1
4279467	4279465	1
868161	868162	1
10003524	10003429	1
9751317	9752177	1
8210664	8210408	1
9604186	9604185	2
4803428	4803427	1
6208596	6208595	1
5258759	5258760	1
5485136	5485133	1
11231147	11231110	1
9647508	1283419	1
11627553	11627556	1
3957261	3957262	2
79437	4620879	1
7814985	7814986	1
5244133	5250063	1
9056605	9055680	2
2441405	2442008	1
1283886	1283885	1
1971092	1971097	3
10496995	10497244	1
811959	811977	1
10145960	10145958	1
3150997	3151000	1
12683365	12683421	1
7814983	7814984	1
9522078	9522077	2
9976110	9976998	1
8232561	8232562	2
9046376	4320645	1
6328708	6328692	2
11420146	11420114	1
9446624	9328435	1
4554862	4555329	2
2043446	2045436	1
10354100	10354099	1
5151676	5153436	1
12360633	12360636	3
4321250	4321247	1
1371580	1371577	1
2452935	2452937	1
11240357	11240358	1
5227653	5227654	5
2804947	2728636	2
12382733	3531650	1
2848162	2848161	2
624062	624066	1
12765011	12764923	1
9128171	9127908	2
10457388	10456598	2
4588614	4527681	2
1545905	1545909	1
11403801	11403464	1
11330865	11330866	1
9848111	9849443	1
520704	518421	3
11092921	11092922	2
11545678	11545677	1
8104810	8104809	1
5606704	5606703	5
6377321	6379004	1
6142966	2041350	2
11169289	5799758	2
4819593	4819594	2
9557184	9557183	2
8255099	8254130	1
8487901	8487902	1
6055959	6055960	2
9027983	9028199	1
6666597	6666600	1
7346319	7356795	1
9131317	9131318	1
2956813	2875879	1
4555878	4555877	1
9947172	9945152	3
4802699	4803632	1
5648359	5648360	1
1617681	1617304	1
7137878	7137884	1
6818860	6818859	3
17513	14358	1
2006360	2009737	1
3164175	3164176	1
12394997	12407793	2
12053473	12052275	1
8803941	8803942	1
6206535	6198506	1
4651259	4651496	1
11489450	11489486	1
4982731	4982732	1
1017755	1017188	4
12209100	12205658	1
9515865	9515866	1
4477502	4477499	2
11122664	11122672	1
8233050	8230859	1
8233351	8233363	1
394689	394690	3
10664166	10665921	1
10843594	10836808	2
9808876	9878697	1
11192670	11192669	3
12151071	12151718	2
54798	51524	1
6626581	6626584	1
7446252	7446251	1
6126229	4840200	1
1535174	1535093	1
6090060	6089844	1
5021833	5021834	1
4689830	4689851	2
11746719	11746978	1
7643153	7643206	1
4139182	4139181	1
2316208	2314651	1
4640679	4640680	1
8001448	8001447	2
56943	56944	1
8397571	8395160	1
4610825	4610826	1
3605875	3605822	1
2363768	2362972	1
11507854	11507859	1
1362020	1362019	2
7724026	7699387	2
7532577	7532578	1
5365971	5373235	1
7604143	7604125	1
8375034	8375033	3
927354	927286	1
12307879	1953839	1
12401620	12362156	1
6261529	6327629	2
8306574	8306573	2
10870048	10863934	1
2981645	2981646	1
2406855	2368998	1
5055783	4992356	1
4595799	4597436	1
5634142	5634141	1
7582469	7582474	1
5785708	5787524	1
3591780	3591779	4
4317982	4317979	3
1135344	1031197	1
1270199	1270200	3
475222	475221	1
5080954	5080953	1
9834794	9833711	1
9813418	9822478	1
7608259	7606515	1
9184563	9184357	1
9998937	9998734	1
5111846	5183620	1
9036015	9036018	1
3341351	3339013	1
10687326	10687325	1
4784417	4782838	1
3624359	3624390	1
8066922	8065610	1
12378898	12378897	2
2480227	7225101	1
10426190	10429864	1
9751315	9751316	1
12550007	12549928	1
1741299	1741323	1
8508972	8508971	2
1798329	1799286	1
9955888	9955887	3
6496972	6496971	1
11062131	11061955	1
2507806	2507805	3
7698210	7698315	1
5579829	5577837	3
5289032	5289031	2
2402744	2402743	1
7851760	7851786	2
5211872	5212373	1
7235062	7235061	2
3826358	3826295	2
11752160	11752136	1
12568670	12568640	1
8461420	8461423	1
8482328	8482327	1
9329726	9329725	1
6749641	6749713	1
6186404	6186403	4
7270415	7270416	1
10911233	10911229	1
11422478	11422480	1
5152910	5152909	1
2938403	2938398	1
2792755	2792756	2
4298773	4298774	1
2931218	2931217	1
1642066	1642065	2
5748837	5748895	1
4325271	4325274	1
2713377	2713380	1
2010652	2010651	2
10865303	10865304	1
11032064	11032061	1
4904375	4902578	1
12801164	12801161	1
6821293	6821294	2
12122630	12327326	1
11108779	11108780	1
9149011	6689192	1
9817800	9817797	1
1647952	1645538	1
12052674	12053466	3
675378	675377	2
5206059	5297131	2
8925455	8923990	2
10117083	10117084	1
10658250	10658247	1
9580888	9580887	1
6622955	6632874	1
518847	746094	1
3206236	3206235	1
6868724	6873539	1
11692135	11690764	1
2881403	2881404	2
588928	588927	3
2493688	2495402	1
6800288	6800287	1
3031805	3034064	1
12271388	12272156	1
4363085	4363086	3
1187672	1349662	1
6561042	6561041	1
6338942	6338719	3
3815949	3815831	1
7639942	7640793	1
138688	138687	1
5012941	5012878	2
3342096	3342095	1
2086894	2088086	3
8420419	8420420	2
1500959	1496603	2
80296	81025	2
4016317	4016318	4
2226449	2227070	2
5938921	5938922	1
7189920	6161033	1
148512	148509	1
10092954	10092539	2
7849806	7849805	1
9828358	9829711	1
2720755	2848946	1
2297410	2297417	1
6666595	6666596	1
9320651	9320652	2
2049027	2050343	1
1361404	1362098	1
12798505	12798506	2
11374336	11374334	1
10389154	10389153	1
12784130	12783983	1
811971	811972	3
9309008	9308698	1
3483137	3482657	1
3041020	3041019	1
1599104	1742764	1
9553853	9553854	1
8798543	8801828	1
7791665	7792498	1
6157438	6158783	1
6490811	6490874	1
290479	290583	1
1299594	1298947	1
5858282	5859217	1
3561279	3560660	1
12046934	12046933	1
4927154	4924158	2
5493629	5493630	1
2652601	2649393	1
300020	300017	2
11276959	11278839	1
5756481	5935447	3
904905	904906	1
7015897	7019690	2
12611558	12611557	2
2270121	2270122	1
4199063	11791405	1
10828584	10828583	1
12615333	12615155	1
4081213	4081779	1
11523695	11523696	1
5861745	5861748	3
1402987	1402988	1
1470925	1470926	1
102842	102824	3
827321	827722	3
12141195	12141053	4
1731123	1731131	1
9607091	9607396	1
5482425	5482422	1
10968503	2290211	1
5503228	5503384	1
6531989	6534199	2
7978089	7978050	1
11137013	11137014	2
8678545	8678569	1
2566948	2566951	1
9046265	9046266	1
9777095	9777096	1
2107011	2107012	2
2438684	2437779	1
5787057	5787058	1
204677	204670	1
6686191	6686192	1
5241074	5231089	5
7336333	4096668	2
6367703	6367704	1
763391	763386	2
3102737	3102802	1
5863133	5863134	1
11795772	11795771	1
9416234	9305543	1
10673401	10671287	2
8553796	8553795	1
1549958	1549957	1
6059880	6059879	1
9394015	9394490	1
751746	747843	1
3976689	3977135	1
4819591	4819592	3
2894580	2877716	1
2501184	2491025	7
8304674	8304673	2
12379790	12384180	3
6269809	6269810	1
10581427	10581428	2
11436193	11436196	1
6869692	6869691	2
5299719	5299720	1
1272739	1272740	1
480691	480692	1
9044351	9044320	1
2241939	2259451	1
11191985	11191990	1
6231905	6231906	2
11717382	11717379	1
9341273	9341274	1
12444178	12444177	3
11612111	11612871	1
11741752	11742108	1
5695402	5692585	1
9190664	9190663	2
1750429	1750432	2
10646729	10646730	1
6364069	6364072	2
2335133	2335134	1
5406777	5406782	1
3035390	3045768	1
2991820	2991817	1
3156743	3156746	1
11577294	11577291	1
9320649	9320654	1
1715514	1715597	2
2391298	2394849	2
850333	850334	1
7155706	3494876	1
10463031	10465726	1
875605	886881	1
8420535	8305032	1
10339468	10339566	1
11504500	11499546	1
10762121	10763008	1
12772506	12772503	3
2712425	2712320	2
11489487	11489488	1
8230041	8230042	2
11161515	11161468	2
11119331	11119332	2
7013378	7013360	2
10088063	10088064	1
11723694	11723693	2
1256368	1261494	3
9182098	9182337	2
10121004	10121267	1
6671002	6666951	1
6620137	6620148	1
8103373	8103374	1
12310597	12310598	1
2378749	2378750	1
7783581	7783582	1
1466308	1465137	4
9797896	9797889	1
10977798	10977797	1
5910163	5910164	1
7636214	7636213	1
2786490	2786595	1
5472780	5195208	1
7270351	7270352	2
5729710	5729707	1
2885452	2846131	1
8066346	8066353	1
200636	200635	1
2351963	2351249	1
4334057	4334061	1
1432727	1432746	1
3097811	3097812	1
6141688	6142723	2
11787741	11787742	1
2578168	2578167	1
11643770	11643769	1
5693695	5693696	1
4250469	11281692	1
4739770	4739769	2
4690330	4690325	1
8516641	8516217	1
10141998	10141997	1
4876612	4876611	1
6638202	6640119	2
3540379	3540044	1
10620432	10620648	1
5894745	5894198	1
11119037	11119040	2
10439278	10439277	2
7371986	7371985	1
682211	682212	1
8222085	8222086	1
6338284	6338202	1
6214844	6211377	2
10752953	10748916	2
11352149	11351393	1
2038053	2040885	2
7926120	7929226	1
11204257	11204463	1
1080598	1082964	1
2881249	2881250	2
3131027	3131646	1
4563730	4563727	1
12288416	12288415	1
4175746	4175749	1
10411721	10411722	1
8363890	8361647	3
7639874	7639873	1
2872501	2872502	1
10270117	10270438	2
6974695	6974696	1
520823	520754	3
6409264	6409275	1
6377126	6377137	2
1882221	1882210	1
8506642	8506596	1
1312774	1312771	1
9428781	9428754	1
3476413	3476404	2
9179161	9179118	1
6343067	6342876	1
6029445	6029446	2
1991111	1991112	1
2005950	2005949	1
6500490	6500342	2
1115493	1115494	1
5017825	5017816	1
2484587	2483208	1
85057	85078	1
10135868	10136570	1
6395585	6395586	1
9419434	9418938	2
1377638	1377606	1
384107	384108	2
2399831	2399832	1
612471	612437	1
3142611	3141867	1
6440616	6440615	1
1369350	1368116	1
11132782	11132781	2
9861660	9862243	3
8226338	8230100	3
6128420	6128415	1
5793739	5793740	1
12293309	12643422	2
5713462	5713461	1
10210694	10210693	1
10606661	6279944	1
5721269	5713961	1
3271888	3271885	1
11250895	11250984	3
6353200	6351895	1
12568786	12568785	1
1643036	1643035	2
6972662	6972658	3
954652	954651	1
5863701	5860737	1
4322147	4328302	1
9960678	9960698	1
3261147	3261148	1
12281508	12281505	1
4704716	4704715	1
7275505	7299017	1
200543	200544	1
11577292	11577291	2
10658351	10658352	4
6330089	6330107	1
528711	528757	1
6958370	6958373	1
8231052	8231051	1
357396	357112	2
11458374	11458371	1
1850586	1850585	1
3456739	3456740	4
3040842	3040906	1
3491342	3490625	1
11503086	11504640	1
10382644	10382501	2
12624043	12624044	1
10429426	10429425	1
6602083	6601933	1
5130100	5060052	1
4554160	4578475	1
8393573	8393574	1
4347711	4347698	1
10438953	10438962	1
5736461	5736636	3
8290684	8289161	1
147915	147916	1
5830890	5830889	1
6837108	3913952	2
12234240	12234237	1
12340357	12340358	2
11130410	11130409	2
9150845	9150853	1
8612730	8614210	1
5678329	5678224	1
9093995	9093996	1
12378284	12378281	1
11811222	11811229	2
1361124	1361123	1
10743278	10743275	1
6043395	6043348	1
10370166	10370165	1
10129372	10129651	1
6042538	6042535	3
3010375	3010338	2
5334532	5334531	3
314990	314989	2
2486989	2486150	1
3136927	3136681	1
3136623	3136926	1
7558254	7558598	2
5535153	5535613	1
3890033	3886753	1
6323036	6321947	1
4074569	4078301	2
10473614	10473613	1
11662233	11662234	1
729134	715543	2
8360463	8360365	1
2001234	2001238	2
5114942	5270635	1
4044633	4044634	2
7240000	7240420	1
2519277	12802296	1
4304066	4304064	1
1489214	1489441	1
64030	64029	1
8657156	8658170	1
5168293	5167764	1
6570323	6570324	1
4478376	4479250	1
2840693	2840694	1
7804755	7832458	2
1768679	1768680	4
7647550	7648183	1
5478755	5478760	3
11786820	11786641	2
4864584	4864600	1
5418818	5420798	1
6101977	6101978	2
7967828	7967827	2
6611746	6611977	1
11038723	11038724	1
10163268	10163267	1
1727252	1727251	3
11935467	11935468	1
358860	358859	1
12550297	12550215	2
5960080	5960079	2
5874267	5874268	1
4303007	4303008	2
1413472	1414578	2
3583768	3583767	1
7654263	7654321	1
7798912	7799387	1
3621448	3621633	1
1121360	1121359	1
11146535	11146509	1
6985778	6985780	1
5911489	5911490	1
9989022	9989010	2
3456741	12201251	3
7174083	7175221	1
6014818	6014814	2
8601194	8601178	1
8183747	8183748	2
11491238	11491237	1
491357	491358	1
4664560	4654834	2
245894	11297774	1
4610820	4610819	2
8888193	8888196	2
8295978	8295980	1
5997588	5997587	1
6211691	6074118	1
4042255	4042252	3
8666216	8665886	1
4667321	4667326	1
2106327	11007926	2
12237434	12231320	1
4177695	4177696	1
3545354	12384805	1
8360003	8360004	1
10882692	10882637	1
6306380	6306379	1
10604583	10604631	1
7592943	7586052	1
7393452	7393471	1
942185	939847	1
2572631	2572632	1
4786264	4786263	2
2744297	2744605	1
10063581	10063582	1
9313648	9313647	1
895642	895060	1
7239984	7239983	1
587174	661482	1
2096105	2096095	1
12458561	12458562	1
1383849	1383850	1
2509439	2508004	1
513170	513167	1
7954190	7953896	2
5217246	5217291	1
11563800	11563516	1
1296009	1296005	1
5043278	5043277	1
2106325	2106326	2
12026709	12023979	2
4043193	4035867	1
1147136	1147312	3
987034	988995	1
6850817	7074888	1
8841982	8843793	2
6284310	6284309	1
9791550	9791549	1
5116972	5116971	1
10302625	10302628	1
937524	937523	2
12570829	12520979	3
1731146	1730907	2
12806594	12806558	2
6032506	6032459	1
12364918	12341701	1
12534516	12534610	1
10077299	10077300	2
11637767	11637768	1
6082154	11545361	1
8623380	8623379	1
1414164	1414163	1
9604496	9604517	1
3529920	3529919	1
10423321	10422681	1
12121294	12121319	1
6147804	6147803	4
4115770	4115769	1
3946939	3946940	1
7121626	7121625	1
12200411	12200470	2
9115483	9115484	1
679618	679617	1
1727995	1727970	1
12592637	12592958	2
4044631	4044632	5
11663118	11663126	1
5814341	5814366	1
5772632	5772631	2
9500674	9500673	1
11119390	11117257	1
2060099	2060100	1
12289170	12343796	1
1376632	1375631	1
6184699	7204318	1
4711437	8702350	1
5729710	5729709	3
3004315	3005830	1
2503372	2510879	1
6284308	6284721	1
1008226	1008225	2
11636332	11636331	2
813375	813376	1
3581309	3582908	3
10269560	10269559	4
1502925	1447465	1
5254710	5262143	2
7583601	7584019	1
8319323	8319326	2
9155309	5843892	2
4381845	4381846	2
1189838	1189518	1
5778512	5856512	1
11498394	11498393	3
8096055	8096008	1
7705706	7701272	1
5688745	5879122	2
2604022	2604021	1
8301543	8301761	1
2928393	2928394	1
5353832	5353831	1
2667349	2667324	1
1872545	1871090	1
5888350	5888349	1
8729444	8729443	4
3800229	3800195	1
652930	652929	1
3689946	3687989	1
11208019	11208479	1
12610762	12610765	1
8526572	8526571	1
5047734	5047733	1
110299	109529	1
7567248	7567247	1
12319276	12319430	1
12676889	12676890	2
10120288	10120287	1
7935933	7936478	1
4858829	4858830	1
433402	433438	1
5848101	5848102	2
1549034	1549037	1
9787273	9787483	1
499904	499903	2
1951795	1951798	2
5417526	5417525	3
7035242	7035241	1
482226	482225	1
12374063	12374064	3
132781	132766	1
10657570	10759300	1
1556264	1552435	1
10687324	10687437	2
8222841	8222842	1
6293449	6292770	1
10141262	10141261	1
9954007	9954008	1
5227119	5227120	1
8678689	8678692	1
546013	355637	1
8509101	8509102	1
1484614	1484607	1
6566258	6477722	1
4501786	4501876	1
12175455	12176728	1
5814339	5814340	2
6261519	6327629	1
10869898	10869944	2
10094539	10094540	1
9162921	9162922	1
9247885	9247888	1
4411051	4411052	2
6367699	6367702	1
12351975	12303068	1
5227655	5227656	4
12397895	12395648	1
9792063	9793806	1
1312561	1312604	3
11579490	11579489	1
10740767	10740768	1
8754941	8754933	1
10857365	10860531	1
1364134	1364216	1
5550747	5551152	2
4610125	4611158	3
6431313	6431580	1
11815716	11815715	2
12642905	12642902	1
4753594	4746396	1
7640849	7640850	2
10634413	10634946	3
10560589	10560293	3
7129227	7129237	1
1919850	1919849	1
6568068	6568065	1
5907886	5907885	1
8479123	8479124	1
2609043	2609044	1
5354700	5352132	1
4086852	4086849	1
12598525	12600131	1
11121809	11121810	2
8353225	8353228	1
4497903	4503270	1
6341911	6341912	1
874845	874828	1
8554121	8553719	1
7425057	7425058	1
9751940	9751939	2
6102525	6102526	2
9004700	9004709	2
7441370	7412608	1
5680911	5681004	1
5821511	5820229	2
12354007	12354447	1
4341973	4339773	1
2928374	2928394	1
6147063	6147064	2
11637769	11637770	1
850331	850332	3
10711385	10711386	3
9371628	9371625	1
7434615	7434616	3
3213913	3213914	1
9574465	9574466	1
1521562	1521328	2
4234207	4234208	2
1366427	1365589	1
4563726	4563725	1
10833599	10826998	2
8291336	8291333	1
11370733	11370759	1
1531021	1530992	3
11504498	11499546	1
147917	148241	1
11044893	11044191	1
3560516	3560499	1
4696095	4696098	2
1185360	1185359	3
5352233	5352731	1
9134406	9134405	1
6677761	6677809	2
4786271	4786274	1
6202815	6200883	1
10230456	10230453	1
3020347	3020751	1
5874270	5874269	2
12486373	7247253	1
5711587	5711588	2
2202140	2201995	1
10089406	10089403	1
12502108	12502265	1
5695044	5693451	2
8382528	8382527	1
5407394	5407393	1
12358816	12358844	1
10344648	10344645	1
11390239	11387062	1
4004837	4004835	2
10609277	10648622	2
5237973	5237974	1
8078493	8078494	1
12613177	12610625	1
8528164	8528163	1
6493693	6493694	1
9604182	9604181	2
8786304	8786307	1
8395560	8391168	1
5986875	5823754	2
7004947	7005028	1
12420035	12420036	3
9940996	9940978	1
8953152	2367193	1
10547010	10547009	1
12295601	12295546	1
9679201	5553712	1
7618626	7619963	1
845579	845580	5
4188863	4188864	1
10046296	10046313	1
6578893	6578894	2
1327411	1336732	1
11682775	11682776	1
8467179	8467180	4
7789437	7789434	1
12119347	12119348	1
5477976	5477975	1
10595044	10595043	1
12238310	12238390	1
11430711	11430714	1
2657407	2657408	1
6104198	6103332	2
1172380	1176013	1
5244131	5244132	1
10949755	10950190	1
3427747	3427748	1
6097419	6097422	1
7294415	7294416	1
99668	99667	1
7262789	7262793	1
9817451	9817452	1
4469854	4469853	1
7510624	7510627	1
11758979	11758976	1
2469038	2469035	2
6650527	6650528	2
9680460	9680908	1
5917193	5917194	1
10604064	10604591	1
1448444	1448443	2
3597188	3598383	1
4161623	4158301	2
1515224	1514105	1
11493171	11493180	2
10993115	10993116	2
10525253	10522858	2
1281861	1281862	1
2263315	2263316	1
4827339	4827340	2
2250829	2251061	1
12727237	12717647	1
10129843	10119667	2
10827555	10828585	1
8888498	8888497	2
8028941	8028936	2
1346164	1346163	1
6199622	6199973	1
1930962	1930961	1
7410983	7418875	1
9858193	9820948	1
2246671	2246910	1
1718411	1718438	1
1494228	1494227	1
6023254	6023479	1
4876119	4876120	3
9816816	9816811	1
2617767	2617768	2
10172001	6755627	1
5424624	5424623	2
2226317	2214393	1
7935718	8006944	1
6707483	6707484	1
12345856	12345855	1
652928	652931	1
9041659	9041642	1
4323690	4323689	2
4563522	4508080	1
2724655	2952676	1
9948527	9948528	4
11543522	11542772	1
1978375	1978376	2
3751398	3751397	1
2741542	2741541	1
10289149	10289141	1
12631834	12631811	1
2791576	2791575	2
4500836	4502866	1
1158844	1158843	1
1798501	1800885	1
10861113	10861119	1
2723102	2723101	4
11991445	11992274	1
7171345	7171346	1
336828	336827	2
6036767	6036768	1
11335566	11335565	2
3679828	3679827	1
3456737	3456738	5
8074567	8074568	2
7806055	7805968	1
10355845	10355846	1
5241847	5490260	2
9568997	9567576	2
6405501	6405502	4
2964312	2964311	1
6056404	6056403	1
3878991	3878582	1
12402714	12366061	1
5195209	5478754	1
7103772	7098939	1
499906	499905	2
8230172	8230169	1
8918646	8918624	2
2872774	2872773	1
477455	477456	1
11067523	11067524	1
9696014	9696011	1
7966752	7966749	1
4691103	4691104	1
7350997	7350998	2
6333743	6333744	1
1904981	1904982	1
5472229	5471719	1
3513379	3513342	1
2218622	2218621	1
7631588	7631587	1
7685878	7685948	1
1642395	1642461	3
8584501	8583004	1
7193719	7193720	1
3620811	3620812	1
2921416	2921433	1
7247693	7247673	1
3146668	3231270	1
6499437	6499438	1
6675819	6672416	3
11323170	8045478	1
10940978	10940977	1
1376660	1376659	2
44835	9233141	2
10767003	10766208	1
660045	660046	1
10469373	10473051	1
1617681	1617302	1
12798507	12798508	1
8437416	8433122	3
8085804	8084518	1
5481604	5465696	1
206453	206454	1
5365565	5366531	1
9377321	9375656	2
7235237	7235240	1
8526570	8526567	1
11167449	11167452	3
4989490	4989438	2
10312623	10312624	1
1746278	1746277	1
10140760	10152539	1
11145187	11645972	1
3724835	3722213	1
8898964	8898835	1
3910905	3910906	1
8223273	8223540	1
6194147	6194148	1
9100626	9100361	2
2992088	2992504	1
10507523	10507524	4
1068383	1068386	1
7219585	7219586	3
11119128	11122032	1
4640681	4643140	1
3960335	6114121	1
8255792	8255887	1
9527866	9528975	2
3711469	3716637	1
8873900	8873899	2
3950398	3950397	3
9614089	9614090	2
12733703	12733704	1
1414241	1414419	1
11081564	11081563	1
11482439	11481242	1
433439	433440	1
4667321	4667324	1
4802729	4802756	1
11594365	11595305	2
12522887	12522888	1
8808846	8808845	2
12310724	12310723	1
9916008	9916007	1
8397668	8396606	1
11072584	11072583	1
1351034	1351031	1
3786368	3782799	2
12536369	12536370	1
7897837	7897864	1
2320227	7430571	1
12371486	12412935	1
965127	965128	1
7706278	7706277	1
6599363	6596640	1
3337723	3337726	1
3741306	3741305	1
3304014	3299548	1
8420417	8420418	2
8682931	8650357	1
10104331	10104328	1
6361286	6361285	3
11643839	11643771	1
8482795	8482796	3
12032965	12032923	2
9728227	9729046	2
7674774	7668875	1
4381431	4381432	1
2613700	2613699	2
9547797	9547800	2
2043024	2043023	2
10299018	10292882	1
5973939	5974026	1
2869941	2869944	2
11895952	11895951	4
12648310	12648066	1
8645655	8645509	2
5966094	5966093	1
4140681	4140538	2
8475318	8473348	1
844797	845578	1
7037028	7037027	1
6994677	6994678	1
10000922	10000737	2
6817175	6817177	1
12737509	12735769	1
8625707	8624390	1
6063820	6061033	2
6987022	6985271	1
7757270	7757179	1
9184356	9184355	1
11357846	11357845	1
6853577	6853578	1
11884599	11883682	1
2509134	2509435	2
4205700	4205697	1
346784	346759	1
9558390	9770583	1
4396247	4396239	1
8251593	8251642	1
6325850	6325849	1
8999202	8999201	2
3139443	3139444	1
4450034	4450059	1
5276554	7763306	3
5373930	8880529	1
1187374	1187817	1
99380	99379	1
5414256	5414255	2
6149755	6149756	1
6448477	6442860	2
8374352	8306577	3
5259452	5260926	1
7927308	7927307	1
7636212	7636211	3
9613670	9613669	1
12270934	12270924	1
7642532	7645461	1
10206782	10206781	1
7429270	7429269	1
9696010	9698718	2
6911828	6911825	2
10171999	6755627	2
2955065	2955066	2
636264	636263	1
10742854	10742853	1
7354591	7354592	1
2224927	2224889	2
2967623	2967624	1
11400992	11404427	1
7388098	7388123	2
10765156	10765155	1
5794932	5794931	3
1371015	1371459	1
1598166	1597657	1
11864904	11864903	1
6261541	6261542	2
8541784	8541777	1
5352133	5352134	1
11122071	11119034	3
7443483	7425623	1
11584211	11584212	1
4586465	4586112	3
5825503	5823755	2
3567208	3559931	1
9918933	9915708	1
2201147	2200592	1
11903962	11902220	1
3583131	3583134	1
4414000	4438059	2
11258886	11258885	1
1230954	1230953	1
5881211	5882527	3
10349759	10349760	1
6486946	6486945	4
4833246	4833241	1
3605851	3605854	1
4393837	4393838	1
12458119	12457651	2
2693694	2693674	2
1898765	1898768	1
8564091	8555491	1
7183489	7150122	1
9033997	9034000	1
6312564	6312572	1
7467305	7467306	1
2591147	2590581	1
1068897	1068898	2
1623972	1623971	1
5303474	5303477	1
2547472	2547471	1
531011	401060	1
10658246	10658245	1
9283110	9283186	1
7221456	7221453	1
5919998	5919997	1
11394356	11394343	1
11441750	11443097	1
9142509	9142510	2
8180559	8174962	1
1701228	1701227	1
7705708	7705707	1
10086821	10081417	1
1843781	1843782	4
5219316	5220734	1
11503466	11503465	1
2270007	2270008	1
6841111	6841112	1
10494390	10497470	1
8635355	8635360	1
6102516	6102521	1
2402742	2402741	1
7775543	7775544	1
6948367	6947313	1
1347211	1347214	2
1246782	1231866	1
943621	943598	2
11121807	11121808	2
2836223	2836224	1
11119041	11119042	1
6592664	6592662	1
475228	475223	1
12435082	12434829	1
3833648	3833600	1
7740867	7740868	1
1231719	1231715	1
6991769	6993612	1
982169	982170	1
2759599	2759600	1
7486967	7486968	3
7362612	7362146	4
2849618	2850491	1
4383593	4383791	3
6598386	6597742	2
5132782	6298164	2
10398379	10398172	1
9995867	9995363	2
2617771	2617754	2
8506642	8506641	1
2112977	2112980	1
3530791	3530814	1
1223459	1223383	2
1190164	1190190	5
6320066	6320065	2
10534051	10534347	1
6911824	6911823	2
5555385	5555386	2
996037	996702	2
10440717	10440421	1
1010712	1010711	2
4064869	2090381	1
6276768	10697964	1
11206585	11206602	1
11292231	11288703	1
7953500	7956363	2
1640142	1646729	1
10481363	10481364	1
12205518	4826631	1
1505183	1695286	3
6650525	6650526	3
5942771	5942716	1
2909439	2909440	1
1191259	1190565	1
9828464	9828463	1
2381538	2381438	1
868691	868692	1
1265592	1265591	1
397110	397109	2
6654797	6654805	1
12803572	12775535	1
3513379	3513340	2
10530856	10530855	1
2461717	2461687	1
3304241	3305522	1
9258613	9258614	2
1273939	1273189	1
3599427	3602357	1
6324761	6325488	1
10435689	10435690	1
8849166	8849165	2
474781	474782	2
1614445	1614446	1
5493627	5493628	1
7444375	7444376	1
8363134	8361505	1
12601461	12602060	1
2269307	2269244	1
12324049	12324069	2
7921493	7921476	1
2873719	2874176	3
5919838	5919837	1
6403065	6403066	2
1231480	1231012	3
6906336	6906540	2
4415127	4415128	2
3949684	3949683	2
10188261	10188262	1
2730176	2730175	2
9253909	9253910	1
4486421	4486422	1
4789942	4789937	1
1329962	5318841	1
6694720	6687873	1
10662697	10664663	1
5793187	5793188	1
11465115	11465118	1
5749170	5747957	1
10234998	10235014	1
5999995	6001101	2
3874709	3705615	5
1174889	1174885	1
4634100	4634041	2
5844978	5844700	1
4338416	4338890	3
1378398	1378397	1
10889225	10888685	1
6526047	6429054	2
11687997	11687998	1
8310618	8315399	1
8758978	8758784	1
64017	64018	1
8219485	8223100	1
11015581	11017975	1
2551630	2551622	1
5808959	5808960	1
5278973	5279006	2
10447758	10447898	1
11107900	9134407	1
5003847	5006353	1
4137866	4137879	1
7917764	7917737	1
10416893	10416894	1
7379950	7379326	1
5910340	5912897	1
8315414	8315413	1
2476842	2476841	2
3803676	3803675	1
7348537	7348538	1
11614560	11514992	1
5993503	5993433	2
9882782	9957922	5
11554993	11551933	3
11444205	355917	1
1586646	1586643	1
10852828	10851839	1
6701301	6701302	1
12808677	2591065	1
11009501	11009502	1
11145577	11145578	2
11078308	11080521	2
3073969	3074085	1
6783903	6783880	3
1355735	1350315	1
12345856	12345853	1
1521564	1521563	2
9942153	9942154	1
69411	69412	2
10092956	10092955	3
3336755	3336756	2
1355162	1355176	1
11162348	11167448	8
1185358	1184691	2
928673	926570	1
2245222	2245221	3
4691101	4691102	1
9060873	9060876	1
3401928	3401927	1
11146533	11146534	1
10742937	10740627	1
3062476	3062464	2
12726794	4118366	1
5735709	5735710	1
2907715	2906630	1
2086057	2086058	1
10367723	10367724	1
5183792	5183791	2
1328107	1328415	2
11119035	11119042	1
12017728	12017727	1
1051869	1051872	1
7338511	7334812	1
50932	50939	4
4432611	4440590	1
4685095	4685096	1
3193388	3193387	2
8894976	8894975	2
7640654	7634488	1
10671168	10670737	1
970757	970758	1
813523	813374	1
777473	777474	2
5829676	5829675	1
9353165	9353166	1
1479244	1479255	1
8713275	8713276	1
11269883	11269892	1
7659731	7659735	2
3858775	3858831	1
11119130	11119129	2
7485730	7485752	4
2001234	5677360	1
8541902	8541899	1
6704275	6704272	1
3063015	3098973	1
782011	782504	1
3653287	3653288	2
7711279	7712224	1
12238118	12238117	1
11149743	11149746	1
3617611	3617612	2
9500470	9499842	1
1163753	1163754	1
5051344	5051341	1
3884423	3884687	1
5820579	5820580	1
12306215	12431150	1
4256566	4256582	1
12775672	12780320	3
10100443	10100444	2
1473131	1473132	1
11939903	11939904	1
5364988	5364987	3
6998716	7108337	1
8785497	8785498	2
11041234	11041222	1
10848048	10848047	1
5688450	5688453	2
564793	565795	1
4328916	4328915	1
4028496	4028495	1
8553798	8553797	1
10977796	10977795	1
2580675	2580676	1
3507889	3507890	5
2669132	11425212	1
7059624	6925188	2
9362949	9362946	1
5281858	5281839	1
6277434	6277431	1
7446432	7446431	1
7652978	7652325	1
1342311	1344919	1
6988762	6988774	2
12135084	12135083	2
2977430	2978720	2
5481729	5481730	1
8898064	8908194	1
9168142	9168141	2
7133497	7133502	2
11769188	515646	1
8199829	8199869	1
1128375	1128376	1
12800835	12800836	2
891362	891361	1
7969793	7969811	2
11537210	9747763	1
8420417	8420420	1
5472967	5472968	1
6335848	6335871	2
1579731	1579732	1
11603054	11603097	1
2983899	2983900	1
5773873	5783634	1
7143850	7141461	1
7715960	7715889	1
3084309	3084310	1
1347880	1347879	1
1124081	1124082	1
10884055	10884056	3
777455	777499	2
11231522	11231521	2
4600245	4595872	3
9368233	9394250	1
12267746	12267663	1
7847282	7847284	1
3403089	3403090	2
9140887	9140888	1
6233048	6407529	3
6637920	6638242	2
323409	326382	1
11091707	11091708	1
5988975	5988976	3
3205386	3213912	2
2963579	2963764	1
1255885	1256490	2
10874031	10874032	1
8566989	8528235	1
10162510	10162509	1
873977	873978	1
5352231	5352232	2
8382524	8382523	4
10507622	10507410	1
280131	280173	1
8335448	8335447	3
11081566	11081565	2
10125236	10125235	2
4406467	4406461	2
2872093	2872096	1
9815565	9817367	1
4603701	4603702	1
10247348	10247347	1
6543310	6543309	1
2685479	2685626	1
9816953	9816973	1
9072626	9072625	1
10025479	10025480	2
12281510	12281505	1
10833488	1927084	1
5845920	5846052	2
9115832	9115831	1
3188930	3188929	1
7129225	7129226	1
2097334	2096132	1
10096478	10096477	1
6584938	6585476	1
9285682	9285765	1
6321755	6321756	2
8526572	8526567	1
9477206	9477205	1
4875165	4875176	1
2380992	2379268	1
9158843	9159380	2
2267155	2267156	1
274390	284294	1
4634100	4634043	2
9692313	9686867	1
4808031	4808017	1
7313355	7313356	1
10649629	10646923	1
1223123	1223124	1
568790	568789	2
10234659	10245113	2
4664916	4664921	2
3500183	3735953	1
5472036	5332319	1
6987146	6979542	1
11510177	11510178	1
11170566	11170565	1
12642905	12642900	2
9677873	9677874	3
1227094	1225548	1
4946572	4946583	1
10437360	10437359	2
9464249	9464250	3
2887903	2887904	1
7436240	7436237	1
10201546	2639123	1
6185263	6185264	2
6321757	6321762	2
4595873	4595874	2
365950	365949	1
4792376	4654826	1
4851216	4851091	1
7628191	7628264	1
7616320	7618785	1
8362195	8362575	1
1071690	1071689	1
4323688	4323687	1
7189922	7189921	1
4612151	4612154	1
3107017	3107018	1
3010373	3010338	1
7323727	7323792	1
8869611	8869612	1
12689307	12689308	2
3791658	3792291	1
927007	927008	1
11513382	11513381	2
9960337	9960317	1
11510179	11507275	1
7268015	7268016	6
11378185	11378186	4
4016317	4016320	1
5925491	5926607	1
5056083	5056084	1
172279	172280	1
10233084	10233083	1
9150845	9150855	3
4597616	4597562	1
36339	36284	1
5588594	5584908	2
7175166	7175201	3
12626339	12625060	2
2271585	2272244	1
1372525	1372526	1
3890342	3890430	1
10054285	10053826	1
4325269	4325270	3
9986478	9986477	3
2561949	2561943	1
3483848	3483631	4
4677146	4677077	1
12567733	12568156	1
10246343	10245554	2
11627783	11627784	1
1760772	1041946	1
12813480	12696811	1
851341	850157	1
1044257	1044258	1
11033760	11033775	1
5352510	5352509	1
10840874	10840873	1
11269033	11274699	1
6743117	6743198	1
2331751	2329973	1
3579154	3579153	1
7434972	7434971	1
1685934	9070387	2
3617607	3617610	2
1312230	1312248	1
1666282	1666279	1
9938586	9938585	1
8043942	8047035	1
8995996	8995987	1
8804273	8802217	2
7970215	7891875	1
2249879	2249880	1
9686221	9686224	2
1766617	1767742	2
8656168	8656179	2
7593850	7593849	1
5806674	5806654	2
5611916	5611927	2
2655918	2655912	1
9916196	9916193	1
9926742	9927070	1
1258757	1258763	1
489494	490218	1
6126349	6126350	1
8983792	8983791	1
6293128	6293127	1
12734720	12734719	2
10486345	10440909	1
12053467	12049991	2
8251907	11167452	1
5765132	5765131	1
11857332	11857339	1
12614818	12614817	1
5368399	5368294	1
4665832	4665829	1
2762179	2762180	2
3696667	3692073	2
8192016	8192015	2
11175987	11175745	1
11103064	2060408	1
11741252	11743749	1
6329038	6329037	2
7019156	7019155	1
7660389	7660390	1
8213139	8213140	1
2628330	2628329	2
11139530	11139529	1
3930741	3926337	1
7374019	7374020	5
9720566	9720565	4
3567418	3569589	1
4183725	4183726	3
1539112	1539109	1
12491063	12491064	2
4798330	4798329	1
8474358	8476621	1
5250062	5250061	2
8471139	8469032	3
7996687	7996757	1
4864579	4864580	1
797189	797190	2
10667385	10670083	1
2487388	2487387	1
1058825	1058826	2
4690330	4690327	1
10185034	10185018	2
5802786	5802789	1
8073498	8073497	1
5285331	5283194	1
7264256	7260010	1
6018037	5712925	1
1732826	1602803	1
7020658	7103649	1
8316230	8316229	1
11907544	11907540	1
2386512	2391083	1
3468402	3652326	1
6202296	6202293	1
2689184	2689670	1
6853746	6853811	1
10215952	10215831	2
11493171	11493182	1
11849735	11849758	2
593894	593897	1
12035296	12026208	4
5880662	5880659	2
886377	886382	1
11769749	11769424	1
11986336	11985772	1
9508080	9508129	1
1197755	1197756	1
12654501	12654329	1
10442133	10444294	3
12672940	12673584	1
4636059	4453913	2
7852416	772934	1
6105879	6105880	1
3614132	3614131	1
10452256	10452255	1
5494145	5494641	1
1201579	1201580	2
7942275	7918145	2
2927784	2927780	1
267475	267454	2
1399407	1398920	1
10435687	10435688	2
134269	140708	1
12314817	12311924	1
10801472	10801462	2
1193567	1193569	1
1193651	1193652	1
11937201	11937202	1
4415850	4416151	1
845115	845992	1
12232263	12234033	1
12186814	12186960	2
10412178	10412177	2
2398522	2398521	1
5960750	5954891	1
12377853	12377854	2
7908522	7937430	1
7775583	7775580	1
6574828	6574827	1
4917878	4917788	1
624880	624879	1
10612836	10612835	2
7639889	7639890	1
1973418	1969659	1
1996893	1997136	1
8201615	8201616	1
11439333	11440656	1
10429681	10429682	1
2935135	2933763	1
1222268	1222267	1
7181952	7181788	1
8128699	8128700	1
3985282	3985281	1
10711442	10711384	4
7763307	7763310	3
11517829	11517830	2
533198	533197	3
4602880	4716389	1
5878710	5878709	3
10661497	10661555	1
11123371	11123372	1
5472780	5478754	2
10099720	10099719	1
904245	904248	2
5291643	5291646	2
10278646	10283010	1
326396	326395	1
8474659	8391551	2
8888505	8888799	1
5584298	5584320	1
11532334	11532331	1
3656230	3656227	1
8519717	8519738	1
9999398	9999401	2
2506616	2506599	2
12036685	12036654	1
8632538	8631830	3
6654511	6654340	2
3184476	3184475	3
3499135	3499113	1
1513431	1516650	1
5844701	5844702	2
7006373	7006374	1
10971132	10971131	1
3560497	3560498	1
10468594	10468593	1
12418840	12418847	1
348611	2687318	2
5555449	5555451	1
4856019	4856024	1
10086823	10081417	2
5515559	5515560	2
7461210	7461209	1
4607268	4607267	1
5366940	5366939	2
7511269	7511270	1
7437068	7437067	1
2534944	2535055	1
5666807	5666835	2
4809524	4809562	1
11970337	11970338	1
4671352	4671363	1
6202296	6202295	1
8001446	8001449	2
10344646	10344645	1
7258525	7260358	1
4806361	4806456	1
10097488	10097494	1
8311189	8311129	1
8992943	8993224	2
6731029	6731030	2
4798642	4798641	1
11158917	11158932	2
12719623	12719649	1
8626122	8626121	1
12047371	12051236	1
2258530	2258529	1
6200180	4542875	1
10650239	10650502	1
3103788	3101428	1
3529075	3529076	1
9556183	9558419	1
11784738	11784501	1
6715896	6718613	1
2613126	8894975	1
13978	13977	1
8980292	8980291	2
9543182	9543181	1
10957030	10957496	1
6047254	6047253	1
7305272	7307700	1
8195324	8195987	3
12292282	12292247	1
1434429	1434430	1
1303623	1308946	1
1341626	1341625	2
6194425	6194146	2
4843747	6125058	2
4154731	11000146	1
12237869	12237870	3
6534887	6474941	2
12230625	12230458	3
12667248	12667247	1
2373135	2373136	1
7188126	7188125	1
10122089	10122092	1
5446751	5446752	3
3830703	6064259	1
9033995	9033996	1
7913663	7913687	2
5704985	3829839	1
8909581	8908393	3
10309891	10309984	1
1448418	1448417	2
10897811	10899718	2
8481313	8481314	1
10483821	10483822	2
35961	35787	1
10448826	10448825	1
7868744	7868743	2
1943016	1943013	1
3039733	3039734	1
10766576	10766573	1
8464020	8464019	1
6618435	6618436	1
3209327	3210438	1
1951793	1951794	2
11453508	11484313	1
7383494	7383167	3
2671348	2671347	2
9027031	9194658	3
4323686	4320563	1
1040301	1040302	1
1624172	1624169	2
1426242	1426225	2
9824046	9860131	1
5848120	5849125	2
9544599	9544600	2
10465043	10465044	1
7441501	7441374	2
10379196	10438430	2
11740121	11730769	1
2656175	2655547	1
9146264	9146263	2
6334982	6350446	1
10963900	10966744	1
1048653	1048654	2
2704616	2725300	2
12141525	12141526	3
3910682	3910681	1
10100445	10100446	2
12515589	12518674	1
5223943	5223946	1
1974548	1978374	3
1981869	3971958	1
5306197	5259852	1
7715888	7784419	1
5237934	5239983	1
7221895	7221898	2
1650337	1650346	1
7978200	7978199	1
5451342	5451444	1
419707	419712	1
10666217	10666220	1
6354190	6350770	1
8796218	8796093	2
6852647	6852640	1
3294877	3294878	3
12623112	12623425	1
5932433	5932429	1
5493627	5493630	2
7903406	7903405	1
6163436	6163433	1
11367353	11367354	1
5217248	5217245	1
6219031	6219413	1
4153736	4155108	1
7775151	7775174	1
4423590	4423589	1
6568070	6568067	1
21269	7185925	1
1723444	1723449	1
5222636	5222635	1
12726907	12726908	2
6713964	6713887	2
10530858	10530857	1
6053725	6058015	1
8726383	8726384	1
9711491	9711492	1
7258818	7258817	1
9047384	9041476	2
2803091	2803092	1
9086773	9086774	1
11123867	11123868	2
6872352	6872351	1
10502220	10502216	1
392552	12466303	1
7101812	7101814	1
4361746	4361743	1
5258024	5258023	1
12642901	12642902	1
310282	310281	1
10870560	10860056	2
7106360	7106439	1
9358246	9358243	1
2649879	6469626	1
10143859	10143860	1
4792845	4792846	2
1731004	1731003	1
5954768	5954767	1
10884059	10884060	1
4502865	4501372	2
10492157	10438713	2
1649242	1649245	1
6279620	6278420	2
5846598	5846597	1
6451796	6457657	1
12477219	12477221	1
5160907	5160908	1
12676989	12676888	3
5555488	5555487	3
3498639	3497882	1
5974342	5974339	1
4879279	4879043	2
420821	420822	1
11264108	11264099	2
3468847	3419085	1
11051348	11051342	1
10129843	10119665	1
11397920	4312548	1
8888039	8888040	1
990881	992335	1
9313686	9313798	1
11128088	11128085	1
10537403	10537671	2
6986409	6986388	1
2613779	2613780	1
12725693	12725694	2
7341843	7341844	1
10452113	10452114	1
60536	60535	1
10536287	10536288	1
11197790	11197812	1
4261167	4262809	1
6830885	9862728	1
4454668	4454665	2
621880	620888	1
10643758	10642840	2
1272817	1273017	1
2304311	2304312	1
6036769	6036770	1
1646006	1647831	2
12746792	12746941	1
3657461	3657462	1
10875857	10875054	1
1188450	1193648	2
10356903	10356904	2
10024076	10024092	2
1466844	1467801	1
1256368	1261496	1
4696101	6163848	2
3699390	3699384	1
11464746	11464745	2
2729669	2729674	1
11156352	11156351	1
7641299	7641300	2
1654995	1649689	3
4452849	1835062	1
10430449	10430450	2
12688354	12534627	1
12324701	12334225	1
10088942	10088941	1
7788972	7816937	2
12752054	12752053	1
3029596	3029241	1
4148480	4148476	2
9134088	9134176	1
11123139	11122884	2
2249085	2249104	1
6641752	6641777	1
8447229	8447199	1
11676148	11675061	1
2830681	2830672	1
4324014	4324013	2
7782085	7782086	1
11064830	11064833	1
7832597	7832570	1
2478441	2480514	1
11196212	5793031	1
7537345	7537348	1
7475270	7475354	1
1214245	1216051	1
6687892	6687889	1
7821833	7821224	1
5041256	5041255	2
10654877	10654899	1
9179159	9179118	1
1951793	1951798	1
6342311	6486711	1
723572	723564	2
6306998	6301947	1
11554156	11556512	1
6013910	6013913	1
6568070	6568069	1
9650807	9654025	1
5644624	5644623	1
1244425	2096734	1
252432	252431	1
11858435	11858436	1
8229909	8233177	1
6109992	4544601	2
5429550	5429553	1
1188407	1188408	1
12170978	12170977	1
12379790	12384182	1
6455978	6455975	1
2389264	2389263	2
1757383	1757384	3
7125704	1988047	1
11447509	11446193	3
12749278	12749273	1
6998716	7108339	1
8027421	8027422	1
820749	820750	1
3742781	3742782	1
15900	14628	1
8479553	8456534	1
8311596	8310523	2
3363385	3365267	1
9125561	9123324	1
9876373	9877666	1
3479701	3479513	2
1215884	1215883	1
6262520	3038941	1
51533	51653	3
2228968	2228967	1
11038883	11038884	1
9106900	9110658	3
1783044	1783038	2
2507808	2507807	3
947257	947258	1
709378	709381	1
11437282	11437279	2
448167	448168	3
12225308	12225307	1
1496531	1496532	2
7351275	7351276	1
2534393	2534394	2
11134132	11134121	1
12026764	12026712	1
9918954	9918152	1
10128541	10126366	2
1851897	1851898	1
8031595	8031596	1
5214441	5212769	2
7394834	7394833	1
7537953	7537954	1
9193071	9193117	1
7323280	7323277	1
9141372	9141371	2
12127642	12131851	1
10094541	10094542	2
1539742	1539746	4
9483693	11017896	1
7876315	7876316	1
2364831	2364970	1
243600	243489	2
215033	210928	1
5846596	5846595	1
354972	356377	1
5854814	9169916	1
6279833	6279834	1
9805441	2279289	1
7591651	7591652	1
4036258	4036257	1
2506720	2506719	1
11643933	11643934	1
8200403	8200242	1
5206998	5256721	1
4355053	4355075	1
10889716	10889715	1
4359592	4359316	1
1278135	1277448	1
9761088	9761087	2
8291375	8291368	1
173087	173088	2
1138360	1094887	1
12378284	12378283	4
4495836	4495833	1
7626339	7626340	1
8538311	8538312	1
4809839	4808387	2
10024279	10009312	2
12375589	12375590	2
314922	314864	2
7775345	7775346	2
10354102	10354101	2
10645111	10645116	2
5997196	5997144	2
9571037	9571038	1
5755500	6205294	1
12205062	12205061	1
3716849	3716850	2
10086819	10086820	4
915610	915600	1
1203599	1203600	1
1268271	1864649	1
10101382	10097512	3
2786490	2786593	1
722615	723003	2
7656885	7656886	2
619116	619115	1
7993017	7992957	1
5357299	5357300	1
416128	265428	1
3002832	3001576	1
7291082	7291036	2
9602172	9602157	1
2613131	2614713	2
9096848	9096859	1
7026787	7026788	2
3429438	3445890	1
4655848	4655851	1
10509032	10579874	1
1206723	1206724	2
2092420	2091664	2
474783	474266	1
3640809	3640810	2
2486031	2486032	1
8053709	8054407	1
6493695	6493684	1
10541094	10544752	2
9318673	9318674	1
11936642	11937348	1
11800051	11800052	2
10346390	10353492	2
2524196	2521321	2
10782305	10768145	1
12022982	12018419	1
6992571	6992451	2
363374	363373	1
10263441	10263444	1
2052733	2052730	1
2736325	2736746	1
5046847	5046822	1
10288551	10288552	1
25727	24138	1
5446500	5446482	4
5963965	5966584	1
4135935	4143812	1
1068385	1068386	1
7024436	7024435	1
3306193	3306194	2
11962968	5976499	1
2891326	2891241	1
6807477	6807478	1
1218040	6232445	1
2524205	2524273	3
6274775	6274773	1
7801593	7801596	1
5240947	5238346	1
9762424	9762423	2
11432518	11430188	1
10440910	10440909	2
3422342	3417858	1
185314	162394	1
11367863	11367864	1
3878583	3878584	1
5931191	5931201	2
3339991	3328468	5
8227402	8227414	1
4539228	4539231	2
4368953	4368624	1
6346313	6346314	3
10120609	10120610	1
988992	987022	2
11619975	11619183	1
2692419	11390485	1
6581726	6581725	1
941936	941935	1
6087597	6087598	1
3163972	3102006	1
7729166	7729165	1
7437108	7436503	1
1222748	1222747	1
354322	354321	2
250457	250449	1
2696260	2696268	1
10268151	10269246	2
3637975	3637490	1
10677551	10677552	1
1377638	1377637	1
11437278	11437277	1
10854513	10854526	1
488152	488151	1
5384778	5384741	1
3880341	3880342	2
5600648	5600760	1
6852591	6851495	1
12524381	12524384	4
8876413	8876414	1
9959237	9958606	2
6898649	6898650	1
10079902	10079901	3
2100828	2100836	2
6488078	6488087	2
10429640	10476787	1
3320844	3320833	1
432481	432482	1
7462620	7462619	1
4742558	4742561	1
12017726	12017725	1
6416293	6416627	1
8468047	8468044	1
11417748	11417747	1
7321459	7321460	3
2476838	2476837	2
10852597	10149323	2
4692648	7989170	1
11473388	11473387	3
9058489	9058490	1
1042211	1043396	1
5912506	5912499	2
9539469	9567344	1
3865398	3865397	1
1479674	1479641	1
1054607	1054226	1
11615406	11615422	1
980842	980924	1
10579096	10579095	1
4205522	4205525	1
10676849	10676850	2
1372523	1372524	1
5744014	5744013	1
10373911	10373932	1
4238418	4237038	2
5508250	6459431	1
520929	520930	1
7266187	7266168	1
1463478	1410660	1
5450915	5450916	1
4487890	4487903	1
7461208	7461211	1
11316019	7992711	1
6396736	6396500	1
10567636	10567635	1
6731830	6731829	2
2557822	2557821	2
1546668	1546785	1
5472967	5472970	1
9058491	9058492	1
10225307	10226325	3
783162	783161	3
7627852	7627851	1
6573701	6573575	1
9348789	9349239	1
3261834	3261833	1
280118	277607	1
11508640	11508639	2
11970476	11970336	3
6157109	6157113	2
4663928	4663927	1
10805766	10806466	1
5280690	5280698	4
2208216	2208861	1
12609370	12612986	2
12555429	12557066	1
5984954	5985377	1
5222555	5222637	1
2969649	2969650	1
7670767	7670997	1
10370164	10370163	1
3584940	3584167	1
10429424	10429423	1
9648536	9648535	1
533502	533499	1
10109655	10109656	1
4184479	4372399	1
634395	633622	1
10632439	10554998	1
2636557	2636560	1
11456684	11472996	1
8210172	8210171	7
1466442	1466439	1
4809415	4808382	3
6009320	6009843	1
634091	634094	1
6332987	6332988	1
10106108	10276017	1
5323268	5323267	1
8348038	8348010	1
4809411	4809414	1
11286590	11287920	1
12254585	12254586	1
6676113	6663217	1
8873902	8873901	2
1911502	1911501	1
1081060	1140047	1
5610803	5610804	2
5780769	5780731	1
3596689	3596543	1
7638691	7638692	1
3796857	3517306	1
10929459	10929460	1
7171378	7171382	1
2744549	2744542	2
5293683	5293680	2
12170717	12170718	1
11547931	11547948	1
6105877	6105878	1
9442920	9441469	1
7108336	7108335	2
720969	720970	1
11418632	11418631	1
3263301	3263302	3
2200342	2200341	2
11120791	11120917	1
1638992	1638991	1
3109665	3107120	1
10094537	10094540	1
1339357	1339473	2
5334534	5334533	2
2649777	2649778	1
8264605	8252248	1
7729262	7727210	1
10077833	10077834	1
5645633	5645634	1
1446973	1448455	1
10216902	10216661	1
5468328	5468324	1
6210967	6210912	2
396561	398049	1
3769228	3769227	1
4826292	12197308	1
2036290	2027132	1
7428081	7428191	1
6190007	6190008	1
11390237	11390238	1
2505615	2505616	1
7026789	7026554	2
8607870	8611494	1
11000339	10999930	2
4311478	4311292	2
12505947	12510787	1
5711993	5710842	2
7879458	7879457	1
724572	724432	5
6454003	6452392	2
2746321	2746338	1
1846601	1846637	1
1351236	1351235	1
5358526	5358525	1
11966207	11966208	1
11355906	11248013	1
7969810	7969809	2
10414920	10414919	1
2470130	2470129	1
6765531	6765532	1
12146691	12146561	1
1234306	1234303	2
6299216	6298186	1
2694359	2694360	1
2245507	2241860	1
3600995	3600996	1
11204266	11204265	2
3922470	3922469	2
831241	831242	1
11595304	11595303	3
5746175	5746178	1
12687350	12689306	2
5199269	5199503	1
4688102	2725284	1
10398558	10489053	1
2228970	2228969	1
2040404	2040401	1
4995203	4995564	1
6534885	6474941	2
8516219	8516220	2
5692113	5695405	3
7423453	7423454	1
12030770	12030440	1
7435348	7435622	1
1131977	10547944	1
4483743	4483744	1
12483541	12489053	1
12597687	12597688	1
3722729	3786291	1
1512800	1516569	1
4508981	4521039	1
7184636	7187769	1
8845429	8845432	1
1361249	1361250	1
6002819	6002820	2
10069291	10069292	1
5637854	5637865	1
8000622	8000625	1
6449977	6447593	3
12741616	12741613	1
6456325	6456314	1
9720564	9720563	4
6000335	6000336	2
1846503	1846504	1
2921238	2921237	1
8164236	8164269	1
10517767	10517768	1
7711446	7711503	1
1368686	1368689	1
10270476	10270240	2
868236	868690	1
4440184	4440173	1
10651374	10651373	1
7650950	7649785	1
10713651	10713352	1
7270660	7274026	2
9930715	9930716	1
4808021	4808022	1
10612834	10612831	1
6972664	6972663	3
7656889	7656950	1
10212691	10212692	1
3711051	3711052	1
4982733	4982746	2
12206871	11983810	1
9947605	10059659	1
10481516	10481513	1
12784391	12784328	2
3858775	3858776	1
561267	561268	1
12206872	11984340	2
5152908	5152886	1
3036262	3036305	1
5784753	5784770	1
5912855	5912905	1
838434	821844	1
2461686	2461310	1
4999956	4999955	2
2486025	2486032	1
515647	515648	1
11730767	11730768	1
11136241	11136296	1
6885279	6884940	1
249057	248561	1
338027	338148	2
10117081	10117082	1
1378269	1379812	1
12153087	12153088	1
3006286	2998686	1
8845429	8845430	6
11152932	11112249	3
1223728	1223727	1
821340	820879	4
1149885	1149886	1
12596774	12598432	1
10742188	10742187	1
8845431	8845432	5
3617607	3617612	1
10426231	10426233	2
5471610	5471609	1
11107512	11107511	1
3748190	3748187	1
1007655	1000521	1
2731311	2731271	1
10544753	10544754	2
1642061	1642069	1
2641753	2663478	1
5955301	5955302	2
1149530	1149529	1
11287112	11286957	1
7306717	7306719	1
7448302	7448301	1
6689000	6657334	1
3573869	3573870	4
8412622	8412619	1
12650961	12651166	1
2452383	2450066	1
5811354	5811353	2
7444830	7444829	1
10356899	10356902	3
1864783	1864784	1
12421216	12421095	1
10370166	10370163	1
9999400	9999399	1
12606885	12606886	2
4512783	4512784	1
3697264	3698905	1
726255	338494	1
2273545	2273546	1
4808273	4809410	3
2306241	2306294	1
8224147	8224105	1
10656547	10656548	2
11590180	11590178	1
9111030	9111027	1
1350440	1350439	1
6469164	6469150	1
12410058	12410057	1
8297051	8434388	1
2790480	2790676	3
3947283	3946730	2
3133870	3116621	1
4817947	4815385	1
11150275	11150271	5
9547797	9547798	1
12675726	12677772	1
2680756	2680755	1
9250519	9250493	1
11580028	11580025	1
625770	625552	2
10025031	10025478	2
2872497	2872498	3
1099349	1099224	1
11982994	11981972	3
8231126	8228369	2
3725307	3725113	1
8339791	8339792	1
8614260	8609052	2
11450359	11450360	1
3478218	3478217	1
7192921	7192918	1
6492801	6492802	1
12775467	12775468	1
3425789	3425783	1
4573027	4573028	4
11186870	10175202	2
433402	433440	1
10673395	10671287	1
7797663	7797674	3
12813737	12813738	4
12017045	12017046	3
7313723	7314279	1
7734119	7734108	1
5327351	5327352	2
6110357	6110403	1
419668	416264	1
7190075	7190076	1
9590294	9334626	1
9584295	9470511	1
7227491	7227492	1
1335522	1370402	1
6581724	6578458	1
5535151	5535152	3
12049172	12049849	1
7066412	7078774	2
5305153	5305154	1
483244	484046	2
10564207	10564280	1
6500343	6500344	2
1657374	1657373	1
2569345	2568793	1
3560473	3560474	1
7641278	7639327	1
4558003	4558004	2
10354098	10355847	1
774247	777019	1
4818753	4818754	1
9788363	9788377	2
8291365	8291368	1
8375028	8374294	3
10216938	10215492	1
11510337	11509700	1
6980351	6980352	1
10209209	10212211	1
6344258	6343629	1
2521153	7429881	1
6282705	6282729	1
7348539	7348465	1
5435964	5438676	1
2709343	2709333	1
5611812	5613543	1
7563153	7563154	2
12000014	12240405	1
11410501	11413243	2
10129841	10129842	5
5111103	5111088	2
9031953	9007921	1
10008806	10008801	1
10377676	10377675	1
11082346	11083433	2
1448747	1448748	1
12175457	12176728	1
9547799	9547800	1
9462451	9462446	1
2889897	2889898	1
9008404	9008403	2
1097771	1098510	1
5787053	5787058	1
8411573	8411501	1
4312547	4312548	1
11807073	11807074	1
5899014	5899013	1
8958943	8958965	2
5594250	5594249	3
7435511	7334015	1
7566886	7566868	3
11139932	11137538	1
7967119	7967116	3
6687658	6687657	1
2227071	2227072	1
11958985	3610012	1
8314162	8314161	1
5843513	5842230	2
4436983	4437009	2
9331768	9331767	1
4331318	4331317	1
2607045	2615567	1
12597685	12597686	1
3786888	3786893	1
8513525	8498791	1
5947391	5947392	1
483178	7354885	1
7988982	4560923	2
9995877	9995878	1
1324377	1324378	1
6126814	3751491	1
6495374	10766358	1
3736989	3737390	2
5465087	5465088	1
6102520	6102519	1
7461974	7697292	1
11733505	11733506	1
4838349	4615962	2
5641488	5641485	1
1681501	1681502	1
9873020	9872415	1
11557935	11558006	1
4721556	4721664	2
8993526	8993512	1
3426477	3426478	2
5422729	5422510	2
2636559	2636560	3
8606449	8613951	1
1227284	1227278	1
8519739	8519740	2
4137868	4137867	2
10145964	10145963	1
12445835	12445836	2
3740211	3745028	1
9143812	9143809	1
2437651	2437773	1
949582	949581	2
577147	577171	1
10257103	10257104	1
6107671	6107672	1
10814006	10812222	1
4215440	4215439	1
9998665	9998666	1
2890829	2887634	1
10559170	10559167	1
4051044	4052780	1
2272660	2272623	2
2085420	2087791	1
12424503	12424494	1
10274937	10274938	1
10099624	10099619	1
9513909	9513783	2
3878281	3878040	1
12049077	12049588	1
27481	27482	1
6717413	6717414	2
7407827	7407828	2
2263035	2263036	1
4536307	4536308	1
7064141	6923437	1
5901688	5901687	3
6540861	6540656	1
5177624	5177623	3
8865134	8868733	1
6321173	6318697	1
735358	737754	3
5782316	5760635	1
9135734	9131318	1
6208082	6208350	1
1472936	1473702	1
6048909	3975953	1
1411955	1411956	2
5988977	5714450	3
3802449	3802531	1
1348716	1348414	1
3758299	3759065	1
10317369	10317370	1
5772630	5887582	1
10170459	10170460	2
5559075	5556036	1
448169	448170	2
10881978	10881944	1
1007655	1000519	1
9135734	9131316	2
250519	250520	1
2450830	2450829	1
3489124	3491102	1
10085036	10085035	1
3238289	3195596	1
3013332	3013325	1
1201577	1201578	1
3184480	3184479	1
2639174	2639173	2
3113587	3113588	1
1183352	1183351	1
2435631	2328346	2
3250990	5323269	1
5481885	5485809	1
5256406	5252591	1
9564529	9556862	1
7383461	7383462	1
7172616	7172615	2
3087143	3087144	1
8988263	8996661	5
3787785	3787894	1
6547599	6544665	2
5913418	5916293	2
9995664	9995761	1
8376003	8376004	1
1980040	1980039	1
5656760	5659402	1
1377636	1377606	1
10520464	10520491	1
119985	59351	1
9069296	1832723	1
12616008	12615417	1
7247124	7247123	1
10870562	10870561	2
8966068	8949552	4
4115768	4115767	1
12463188	12463187	1
3294965	3294966	1
5645633	5645636	1
3132905	3132914	1
12447118	12447111	1
11118266	11118046	1
9787609	9787610	1
833033	833036	1
6655028	6655393	1
6212073	6209828	1
7794276	7848372	1
6038423	6038424	2
7446470	7446467	1
5722726	5722731	2
6484810	6561050	1
7217924	7218030	1
12746794	12746793	2
1658074	1655798	2
10673395	10673400	2
9942066	9942065	1
4016311	4016314	5
5767658	5767655	1
3207451	3207452	2
5936335	5936423	1
4810150	4807476	1
10010532	10010152	2
9738695	9744830	1
7037026	7037025	1
11146074	11146073	1
6951700	6951699	1
5808523	5808524	1
2315726	2315878	1
2592900	2484323	1
11104205	11104206	1
8297049	8297050	1
4360106	4360103	1
4581419	4581380	1
5994619	5994956	1
12053685	12053686	1
4744906	4744905	4
5904211	5904212	1
10009038	10009673	2
4161621	4161622	2
2977432	2977431	2
11456671	11462111	1
2099833	2099834	1
1361637	1361878	1
5616648	5616645	1
6604953	6604944	1
4811163	4810003	1
1351060	1351059	1
4867209	4860769	3
2844949	2848163	1
11050550	11050470	3
7864465	7864840	1
5938921	5938924	1
7643796	7645910	2
7682442	12530056	1
5969952	5969951	1
12477593	12477594	1
10058006	10058005	2
4990046	4990045	1
4612151	4612152	1
4553674	4553745	1
4152955	4152956	1
11115565	11115658	1
8305914	8305911	1
4628189	4628190	1
10450773	10452866	2
4011001	4011002	1
87539	87540	1
8391143	8391149	1
3163438	3163461	1
12340355	12340356	1
2535357	2535358	1
4436983	4437007	1
4164146	4164087	1
2812067	2814236	1
9960336	9962350	2
731167	731168	1
6857733	6857734	2
831608	831605	1
7298593	7214282	2
4267153	4267154	2
2446720	2446719	1
9058114	9048965	1
9012055	9012058	2
835275	835473	1
4259063	4259064	1
7434911	7434912	1
5369048	5369045	1
4733357	4733365	3
4990293	4989151	1
3968107	3968094	2
2556960	2557235	1
12409255	12409527	1
831655	830197	2
11030774	11030773	2
10603977	6366034	1
2744295	2744296	1
9123305	9123306	1
6417800	6413023	1
833187	833057	2
12125381	12125382	1
1118998	1118994	1
2041368	2041367	1
4767867	4767868	2
3749967	3742052	2
5257911	5257912	1
10151445	10151446	1
2661487	2661417	1
8335448	8335457	2
12384803	12401415	1
11141458	11140501	1
3013999	3013978	1
6509310	6509313	1
3961687	3961688	2
1326204	1324522	1
9592934	9593717	1
2329998	2330026	1
5641550	5641699	1
2507795	2487522	1
12396930	12396783	1
2780304	2780303	1
7522685	7522686	1
11639565	11639566	1
2107341	2108768	2
11222401	11222586	1
6021074	6024634	2
11807075	11807076	1
2134224	2134223	1
2811542	2700698	1
631385	631386	1
7316211	7316246	1
6819701	6819702	1
6060155	6059879	1
5021900	5021899	1
11118313	11118314	1
1853012	1853011	1
76023	75643	2
5286439	5286440	1
6403067	6403072	1
1349332	1350441	1
1876065	1876073	1
759128	759127	1
1674467	1674468	1
9280276	9280275	1
11127062	11127061	2
10883787	10881793	1
9988592	9989023	2
2389262	2390860	1
3954671	3954672	1
4602880	4716391	2
609378	609822	2
1272233	1272354	1
5072217	5072220	1
2175684	2176005	1
39470	40844	1
1525941	1525300	1
11190801	11191061	3
6552880	6552879	1
8411573	8411574	2
6704832	6707590	1
5435101	5435104	2
3386609	3390079	1
3760968	3760967	2
3046831	3051888	1
10450773	10453153	1
4286420	4286352	2
5440958	5440957	1
3545356	3545355	1
1244278	1244259	2
11639614	11639613	1
4521354	4521634	2
503451	503445	1
11919192	11919191	2
1363851	1364059	1
4072471	4072472	1
9933254	9933253	1
9353162	9353164	1
8513523	8498791	1
7673522	7673521	2
1553039	1553033	1
10265326	10265242	1
2729504	2729503	2
1252782	1252781	2
4535408	4535407	2
12374123	12373589	1
6312571	6312572	4
11112248	11112247	3
6195170	6163645	1
1736336	1736333	1
11406957	11406958	1
2887374	2887373	2
1783747	1783748	1
1913425	1914730	1
8865172	8865165	1
1296455	1296373	1
2067532	2068160	2
3623769	3623770	1
10125234	10126768	1
6229397	6229398	1
2229227	2229228	1
4240643	4240644	1
6145083	6209409	1
3013332	3013327	1
10921990	10921279	1
6259652	6259156	2
8386716	8313721	2
6510520	6515733	1
7412345	7412346	1
1360209	1360210	2
9197695	8978155	1
3184480	3184477	1
7682100	7830674	1
5843080	5840455	2
4786271	4786272	3
12562877	12562878	1
6013912	6013911	1
6130243	6129279	1
10241565	10241566	1
1194290	1209724	3
9384142	9367338	1
5160305	5160306	3
5581127	5581130	1
2544719	2621692	1
2666788	2666791	1
6122474	6122473	2
2377740	2377766	1
852246	858460	2
10212320	10208336	1
10661173	10661114	1
6174835	6174836	3
1255611	1219900	1
10879838	10879837	1
4699469	4699472	1
9006409	9006410	1
4816152	4816626	1
8168903	8168904	1
10966102	10966492	2
10440212	10440420	1
3195887	3195902	1
12445837	12448967	2
11568229	11567826	1
4502617	7626078	2
10323867	10323868	1
9030630	9030629	1
3610388	3610387	1
3699035	3698442	2
7967582	7968872	1
1299578	1305853	1
250724	250723	2
10485219	10485220	2
10038444	10038342	1
2605751	2605752	1
5960078	5960329	1
5472206	5471392	1
9446164	9446155	1
8714293	8714294	1
2067517	2067518	1
2064927	2064928	1
709113	709114	1
3786489	3786866	1
3926330	3926329	2
10152538	10152537	1
8513523	8513524	2
10534345	10534346	1
486972	486971	2
10499120	10499400	1
2988143	2987948	1
3043447	3043448	1
6541964	6411009	2
246981	246732	1
5412361	5412362	1
12294961	12293854	2
11784740	11784739	1
4578812	6178244	1
2147869	2147854	1
7705710	7701272	1
5441681	5444315	1
1371581	1371582	1
10534542	10536286	1
11556278	11649248	1
5849230	5849229	3
4863517	4863518	1
5328190	5328371	1
12632014	12632046	1
914717	914718	2
1271277	1271278	2
3579461	3579456	1
11961208	11961197	2
9115834	9115833	2
315744	310653	1
9337813	10864846	1
4227221	4227222	1
1225545	1225548	2
2694098	2697857	2
10183395	10183396	2
1539868	1539902	1
12597941	12597942	1
10676853	10676854	1
8508544	8508613	1
11198894	11198893	2
4600709	4600714	1
2366795	12030260	1
7522088	7522065	2
11910085	11910065	1
2730043	2730098	2
5469040	5469039	2
3092940	3093582	1
2397909	2397910	2
9744787	9744788	1
10056453	10056413	1
6942769	6943321	1
9696016	9696015	3
11108781	11100773	1
2307316	2307146	1
6948371	6947313	1
1603588	1602900	1
10519307	10519308	1
7644757	7644650	2
8654288	8654287	1
2955434	2955433	1
5998114	5998113	1
5715180	5715179	2
2760421	2763146	1
12463186	12463185	2
6502836	6523923	1
2857010	2857013	1
2330096	2330083	1
2688042	2688271	1
12030255	12030258	3
3884425	3884426	1
9902828	9902831	1
2456871	2459142	1
7566652	7566651	1
10497322	10497109	1
6428972	6428935	1
2667741	2667742	3
4219328	4219327	1
4949492	4950821	1
1548679	1548601	3
1549918	1549254	1
2233921	2233922	1
778131	778136	1
300523	292063	1
3215370	3215369	1
3050969	3053108	1
12658272	12646849	1
7189922	6161033	1
10938639	10938634	1
6209408	6209407	1
2391298	2394847	1
3715171	3715175	1
5113594	5113596	1
11906823	11906824	1
5437663	5422321	2
12006652	12008118	1
1655799	1658034	2
3217617	3217618	1
4111731	4111732	1
10008867	9996367	1
1482366	1490329	1
8313249	8313250	1
4253082	4253074	1
3161284	3159952	1
7638720	7832910	1
11159450	11159449	1
8382526	8382525	1
8876417	8876411	1
991638	991637	1
7881534	7881554	1
2943616	2943579	1
10085363	10085006	1
5126122	5126121	1
12309070	12433065	1
9263193	9263196	1
3946937	3946938	1
6902129	6902257	1
5661048	5661047	1
4646959	4645098	1
9948390	9949901	1
9368179	9368871	2
6154640	6154639	3
6486944	6486943	3
5345982	5345981	3
7183199	7114180	1
12808887	12808888	1
8318298	8317236	1
9087092	9087047	1
5306768	5306767	1
5484429	5484458	1
10582177	10582178	1
10542928	10542552	2
2693670	2693669	1
5606702	5606701	5
4580632	4580587	2
467780	467779	1
3481272	3481361	1
12381128	12381139	1
1280233	1280592	1
1276318	1276046	1
2081874	2082552	1
8202254	8209011	1
1231403	1231404	1
8171067	8171060	1
11974249	11974253	1
1050751	1051868	1
5750275	5750276	1
11343789	11342822	2
104244	104924	1
9417633	9417634	1
12289770	12289769	2
8777645	8777642	1
5384381	5384382	1
4586632	4586636	2
5854609	5855867	1
6621246	6618707	3
12569725	12569726	1
7235064	7235063	1
8823362	8763326	1
11481507	11481508	1
12661531	12661532	2
1777217	1777214	1
1176084	1176069	1
10085405	10085447	1
12780843	12780844	2
11585705	11583334	1
307567	304893	1
3426479	3425590	1
9042426	9042362	1
748810	753261	2
2881407	2884000	1
12134963	12134771	1
1430546	1428559	1
10208926	10210308	5
9684573	9772754	1
11115901	11115904	1
379193	379185	1
2617769	2617770	2
9127715	9127718	1
6973451	6973452	1
1101673	1101681	3
8260306	8260305	1
4554864	4554863	3
634194	612932	1
1734224	2355567	1
3312889	3312886	1
10763314	10763313	1
9611830	9611829	1
2889331	2889002	1
8879220	8879238	2
4499071	4499072	1
10141544	10130787	1
4381845	6835220	1
5481604	5465692	1
6983978	6983857	1
5086663	5086666	1
7001110	7001113	1
2463929	2463963	1
1341594	1344759	1
6980361	6974068	2
4632544	4632543	1
9017057	8963869	2
10523098	10523097	1
4552073	4554819	1
535775	535778	1
1864783	7402971	1
3203530	1586638	1
9941181	9950834	1
5221247	5221339	1
5744018	5744015	2
3252465	3252466	2
4469107	4469080	1
447406	439661	1
4412479	4412482	1
10793069	10793070	1
5939693	5939695	2
7783579	7783580	1
5689452	5696234	1
1348483	1348497	1
9154330	9156304	2
2583879	2583777	2
9926738	9927070	1
7953502	7953501	2
4674298	4790096	1
6652660	6653179	1
10402495	10402496	1
6850814	7078774	1
6000335	6000341	1
3078156	3074524	1
1367731	1367745	1
6772590	6550727	1
1771055	1768680	1
1705839	1705840	1
12814526	12814474	1
12787827	12787828	2
8233349	8233350	1
2942747	2942748	1
6665695	6665696	1
8355603	8355604	1
1186631	1184518	2
11557234	11557230	2
8006537	8006951	2
6210942	6210966	2
3568807	3568808	1
963753	964184	1
12341780	12341665	2
3578513	3578514	1
931185	931186	2
11165030	11165029	1
1033710	1033709	1
22731	22422	1
5978499	5978500	1
4752418	4752463	1
1271279	1271280	1
694643	694644	1
10198727	10198724	3
3465347	3465348	2
4730133	4730176	3
2649043	2650542	1
1293112	1294005	2
394687	394688	4
4525144	4606015	1
27977	27978	1
11431453	11432237	2
461176	461291	1
2211264	2211263	1
9932691	5897486	1
12534580	12534579	1
8190134	8191614	1
804031	805403	1
10604630	10604629	1
10391998	10398943	2
101337	101245	1
8850079	8850082	1
5705205	5714130	1
10269741	10270099	1
9866545	9868261	1
312447	312448	2
3010373	3010374	2
5785249	5785250	3
12052335	12052918	1
4072467	4072468	1
9909636	9909635	3
4036274	5890950	2
4817109	4816996	1
7840688	7840687	1
11783810	11783836	2
11102800	9128018	1
7951686	7951685	1
9111028	9111027	1
506111	506112	1
154413	154414	1
9564529	9556866	1
3644937	3644406	2
4590294	4589848	2
7950391	7949738	1
10913550	10914899	1
3130090	3130034	1
10379627	10438443	2
7631593	7631974	1
11606285	11606288	1
1468077	1467609	2
6107673	4085019	1
12811425	12811426	1
5261381	5261382	1
12302428	12302427	2
11283532	11283075	2
5808266	5811264	2
10612087	10612088	2
6332345	6332340	1
509603	468496	1
1657372	1657368	1
4320038	4320004	1
8987109	8987112	1
12225306	12225315	1
9987709	9987710	1
10460326	10460325	1
5515565	5515566	1
3928284	3927742	2
6473271	6468845	1
11120071	11120072	1
11758520	11758702	2
1861126	1861249	1
10087767	10087768	1
7462622	7462619	1
6139763	6139716	2
11636064	11636063	1
6506652	6506651	1
2741540	2741539	1
9767137	9767138	1
3568199	3568200	1
4028498	4028497	2
9027027	9027030	1
315743	315747	1
8442236	8442235	2
2548150	2548813	1
3689323	3683866	1
314924	314923	2
10265470	10265469	1
887512	887511	2
10355407	10355408	1
2295835	2295836	1
10014476	10006588	1
10756550	10756549	1
1942046	1942055	1
4027312	5806905	1
8198351	8198088	1
7606514	7606513	1
11648335	11648306	1
7131371	7131335	1
8925453	8925454	3
4935817	4935818	1
6026146	6034074	1
8907409	8907412	2
6838406	6838403	1
2643598	11526184	1
4612153	4612154	1
6277436	6277431	1
1224123	1230955	1
8034465	8034619	1
7407768	7407767	1
2831645	2831646	1
4566299	4565660	1
11101449	11101450	1
10059080	10059073	1
4722381	4722382	1
6317469	6317473	1
4863778	4864580	1
12175857	12176230	1
1415608	1415607	1
12295624	12291770	2
5803687	5803688	2
12547467	12547489	2
9696014	9696013	2
5695404	5692585	2
12242245	12238480	1
9665221	9665216	1
6519959	10337244	1
8382528	8382523	1
9019270	9019267	1
6325848	6326763	1
11088519	11088521	1
4477504	4477503	2
10475510	10424964	1
11608471	11504836	1
11101449	11101452	1
5414254	5414252	2
6102523	6102524	2
12458114	12459312	1
2260547	2260550	1
5743727	5742695	2
10371576	10499548	3
9950996	9950995	2
11401815	11399902	1
10063343	10063332	2
1642061	1642067	1
6380353	6380389	1
8981267	8981268	1
8948844	8948843	1
6305522	6305533	3
10065040	10065039	1
3823644	3823654	2
398723	9377917	1
10377674	10377694	1
12025857	12021264	1
7262792	7262791	1
1309494	1309493	1
533502	533501	2
7558599	7558602	1
12510786	12510785	2
4706368	4706371	1
11824014	11823895	3
1378400	1378397	1
12295624	12291772	1
9584129	9584168	1
676445	676446	1
8405766	8410402	1
1932799	1932802	1
1354679	1354680	2
10475285	10475157	1
5981288	5981287	2
10010873	10010874	1
2696916	2696915	2
4595875	4595876	1
12252315	12252316	2
11450052	11450051	1
3974464	3974461	2
9648331	9648332	2
9421974	102567	2
7401772	7401771	1
1344686	1344685	1
357128	357451	1
7648946	7671401	1
11183859	11183860	1
5981286	5974650	2
11771961	11771879	1
4317984	4317983	2
460079	868965	1
4234205	4234206	2
11581431	11581432	1
4310611	4309652	1
887510	887509	2
10099618	10099436	1
293695	293696	1
776694	776693	1
1223125	1223659	1
192556	192507	1
12595607	12595787	2
5240826	5231122	1
2333240	2333239	1
10516907	10516908	1
