fend1	fend2	count
7504463	7504466	1
2166438	2411982	3
2176491	2180859	1
2785333	2784467	1
1984799	1979030	2
8205276	8200252	2
5101696	5101856	1
6269129	6269130	1
11545332	7301654	1
8257887	8346595	1
9634152	9634151	1
11649044	11648989	1
7960661	7960719	1
11101341	11100139	1
10191936	7916446	1
6306828	6306827	2
12017279	12017217	2
4040933	4040969	1
840780	840777	2
8035626	8035625	1
542559	542596	1
6592865	6592721	1
8220580	8220579	1
4795021	4795022	2
6272133	6268408	1
4082119	4082107	1
9940589	9940610	1
2808458	2799967	1
7975543	7611717	1
5212178	5212177	1
4611862	4611861	1
150136	150135	1
3873556	6051570	1
12489459	12489460	3
10564529	10728234	1
6201871	4046083	1
6043438	6018770	1
7878619	7685441	1
7199559	7199655	1
11663376	11663375	3
7993513	7993550	1
1984797	1984798	2
5002649	5002667	1
11967477	11965624	2
3961997	3961937	1
9500584	9500583	1
3301043	3298753	2
7261693	7261694	1
1981649	1981652	3
3517580	3517596	1
4787029	4787030	1
11909134	9952189	1
10703637	10706193	1
9827439	9827442	3
12140374	12140125	2
5776057	5776058	1
8289397	8289399	1
11420276	11420818	1
5642251	5642242	1
4288894	4288893	2
9825441	4029150	1
11997705	11997706	2
11416544	11417467	1
10443309	10443312	1
12613514	12404444	1
8596094	8596037	2
10772175	10772165	1
8496187	8418948	2
1320136	8699460	1
1208198	1208451	1
5931552	5931599	1
6032771	6032772	3
4162681	4162682	1
4082285	4093807	1
3201606	3201611	1
3202836	5526839	1
3889033	4093499	1
1533423	1533433	1
1648539	9705895	1
6671643	6671644	1
1371139	1371140	1
8022723	1792343	2
12676756	12522666	1
11418181	11418201	2
1285961	1286335	1
3933690	3935507	2
9747733	9746880	1
9074117	9074118	1
4569217	4612818	2
3372690	3380838	2
8398331	8398332	1
8925184	8925177	1
4554554	4555329	2
122939	103375	1
7971572	9980696	2
815057	815139	1
8338029	8338030	1
3108615	3108631	2
10928216	10928215	1
5060349	5060350	1
4659675	4665770	2
1284142	1282894	1
6868078	10298246	1
12745939	12745733	1
4090172	4090171	1
2889321	3125118	1
799508	799507	1
7813275	7813276	1
9521415	9521416	1
2757369	2757810	1
10227477	10227478	1
2193634	8273466	1
658097	658103	1
3736413	3736424	1
6488367	6488368	2
11207530	11211855	1
7380915	7380949	1
916216	916185	1
9273646	10359603	2
10093426	10084025	1
10743297	10744844	1
1893399	1882490	1
10151326	10151330	1
6346633	6353338	1
10222880	10223742	1
3547093	3547097	1
335663	333326	1
5963324	5967786	1
5551920	5551914	1
4015289	4015290	1
6686133	6686171	2
2991386	2991311	1
772657	772658	2
7205660	7205667	1
7812368	7812326	1
3541998	3541997	2
47424	47423	1
4063161	3590616	1
9353522	7456962	1
10670910	10670825	1
2018173	2077716	1
12477732	12477731	2
9008111	9131840	1
1895358	1895357	2
12715575	10363887	2
6277307	6277316	1
987885	984962	1
7963617	9363427	2
1329500	1194585	1
7368424	7368421	1
8695868	8695867	1
6881236	6881235	1
5775235	5733036	1
8996085	8994467	1
12776433	12774458	1
443063	443121	1
1458863	1632377	1
8741939	8741541	1
3173390	3174032	1
8809979	8804687	1
2817574	2817573	1
10611353	10611354	1
6466831	6466770	1
1882182	1882197	1
8602072	8602071	2
1931575	1954397	1
1836298	7945590	1
3016371	3016372	1
8773476	8774431	3
9235337	9261267	2
10154519	10154520	1
5961654	3790271	2
5462856	5463443	1
3769609	1147058	1
8527735	8527802	1
8014565	8014488	1
10422937	10422938	1
12056106	12056109	1
8804614	8804681	1
3874892	3875415	1
10926935	10926936	1
6651091	11004491	1
1763646	1763645	1
4252489	1641690	1
10877934	10877977	3
5720103	5720104	1
7202911	7202928	1
6067433	6085032	3
8442479	8281366	1
4018142	4018141	2
1404235	1404238	4
9553192	5490989	1
11137516	11137557	1
11395607	11395608	1
7863544	7863592	1
5084021	5084387	2
9914185	7900229	1
512050	520181	2
8072573	8074194	1
1559104	1559103	1
126049	126050	1
8821702	8821701	1
10556663	10556664	1
3704731	3704732	1
11664956	11664955	1
6739668	6739550	1
8023264	8023294	3
1295771	1295745	1
11591418	11591417	2
11251460	11251462	1
10545307	10545127	2
12009398	12009346	1
9386927	9385917	1
6658628	6658627	1
4019153	4019154	4
5705241	5705242	1
3354927	3383840	1
5656753	5656754	1
11078483	11078484	1
6332307	6331699	1
10034076	10033883	1
2583553	2583554	2
6161567	6161570	1
5858397	5858403	1
1118217	1118218	3
8456096	8456107	1
10908402	10907509	1
8027486	8027219	1
420701	420496	1
3311628	3308935	1
11434787	11434219	2
2869860	2869755	1
10087875	10087950	1
4732984	4732983	1
8760399	8760327	1
4099718	6153623	1
7542700	7542677	1
9271211	9270827	1
339030	339391	2
2230989	2231973	1
1051539	10688826	1
4851055	4851263	1
346965	347030	1
4121796	4122609	1
7823740	7823531	1
11558703	11558706	1
10884865	10884866	1
7949872	1119746	2
10902465	10903106	1
7961901	7948827	1
8014571	8014574	3
6973169	6973170	1
5134621	5134610	1
11433917	11434994	1
6568599	6568600	2
3638262	3638261	1
1964406	1964405	1
10024621	10024593	1
10081364	10081363	1
6189910	6189909	1
7545437	9248233	2
7739876	7739854	1
11552183	11555517	1
7276832	7276859	1
3925454	3925452	2
11539940	11587942	2
6072958	6073025	1
5451043	5451044	1
3603907	3603903	1
3650125	3650081	1
3654857	3654854	1
681784	681783	4
10086520	10067938	2
12302839	12302840	1
44450	44367	2
7996606	7996595	2
1880230	1880591	1
9863282	9863281	3
8442795	8439639	1
6707950	6707572	1
7111765	7111768	2
8581166	4951238	1
3710045	5952655	1
3028029	2966846	2
2710793	4904102	1
1932848	1932875	1
3822864	3822863	1
5393689	5396724	1
12641655	12641812	1
3640308	3640294	1
11778243	11778244	1
12574273	12574274	1
3736811	3736812	1
7056744	7056743	1
10787646	11150224	1
8191280	8191250	2
3015269	3015270	1
12664210	12664205	1
12783755	12779486	2
11591155	11591227	1
1077669	1077670	4
10502491	10502595	1
10495109	10495110	1
7293521	7293538	1
1860668	1860663	1
7027108	7027107	1
9516079	9516060	2
12533026	12689016	1
11335392	11335391	1
1639429	1639436	1
3239885	3239886	1
6064118	6064117	1
12612094	12612093	1
1103786	1103792	1
11374215	11374218	1
6966288	6947483	1
4823126	4823134	2
2809685	2809422	1
3629681	3629682	1
7205567	7205575	1
8479211	8480253	1
5071225	5071281	1
8092825	8208190	2
4296419	4296420	1
6125637	6125638	1
6797192	6797275	1
6155015	6155016	1
11189365	11190161	1
12652730	12652729	1
8374528	8373440	1
12302226	12302493	2
5626183	2476197	1
117916	118089	1
2618828	2618942	1
9958691	9958692	1
11730291	11730292	1
12715141	8154567	1
1691175	1691178	1
673968	8671946	1
9059239	9055679	1
1872129	1872132	1
10307160	10307165	1
8390228	8390227	1
5287964	5287761	1
3739816	3746695	1
107633	107634	1
5755443	5756724	2
11639869	11640149	1
7019939	6311501	1
6790240	1680665	1
10044460	10044257	1
10883636	10884636	1
2836744	2836743	1
3947534	3947384	1
10699607	10699611	1
9789014	9788813	1
9344369	9344370	1
5589905	5589748	1
8472526	8471820	3
10114012	10111741	1
1865079	1865080	1
1521204	1521203	2
10617316	10617315	1
9792414	9798425	1
1878424	1878300	1
11547480	11547479	1
1709383	1709334	2
311843	312187	2
2452110	2452192	1
9377344	9375739	1
2517403	2517404	2
3864112	3863931	1
11351395	11351333	2
12154086	12153875	1
6154189	6154167	1
12271227	12271228	1
11232175	11232176	1
3897576	4023573	1
320952	320951	1
10969957	11596147	1
8482715	8482716	2
9855478	9855477	1
11774726	11774497	1
10441304	10441670	2
10737862	10737445	1
10702405	10702406	1
5470799	5470800	1
3741645	3741666	2
5421900	6595128	2
7614953	7614954	1
3096271	3098223	1
11460342	11460339	2
924609	924446	2
7809302	7809301	1
12234473	12232283	1
4195637	4190545	1
12773255	12773244	2
2423590	2423295	1
12485492	12486317	1
7922785	10884351	1
9886963	9886964	1
12412933	12412936	1
103668	104647	2
3946492	3946491	1
4557255	4556954	1
6276988	6277017	1
8797446	8796950	1
3270331	3272352	1
9184727	9184686	1
2321894	2337997	1
3034204	3032911	1
6683640	4057823	1
7519182	4262979	1
2198538	2199119	1
10731030	10731161	1
12148670	12148200	1
2238955	2238830	1
5993797	5993798	2
1597632	1426626	1
1339792	1007430	2
1666386	1666383	1
9392423	9392411	1
6869946	6872883	1
7808109	7808192	1
6239039	6722450	1
10427314	10425145	1
11661050	11660963	1
7933592	7933338	2
5879687	5879688	1
3279031	3279239	1
3257507	3257520	1
9101624	9101621	3
594976	594952	1
9968718	7462421	1
8674636	8674196	1
5164373	5164398	2
4656713	4671778	1
6728482	6728545	1
1741789	1741790	2
11649291	592656	1
8179631	8179636	1
2976231	3092292	1
11885904	11888052	1
4708995	7339857	1
6431223	6431384	4
10839729	10839750	1
8270624	8270342	1
10418522	425750	1
7222625	7222626	1
5167207	5167208	2
3823253	3823254	1
1315889	1085685	1
5096143	5096144	1
10185432	10185947	1
2354263	2124648	1
6686133	6686173	1
5902312	6039890	1
3662490	3662473	1
4722908	4723021	1
4722695	4722696	1
4546136	4546074	2
7790872	7790871	2
3778697	3777175	1
7050530	7050529	3
7758814	7755002	1
468196	468189	1
11442449	11441171	1
11386614	11386623	2
2988800	2851355	1
8231123	8231124	2
5339407	4559947	1
7602990	7602935	1
6865088	6865272	1
10963002	10969169	1
2760663	2760664	1
191560	191557	1
2384521	5795780	1
6145172	5721315	1
9346562	9346391	1
11185355	11185303	1
6200437	6200438	2
7403085	7403086	1
1746572	1742498	1
4118772	4118771	1
10043278	10039597	1
4611474	4611472	1
5993484	5992930	3
5998546	5998541	1
3531063	3528350	2
12526699	12526700	1
6017392	6017391	1
5042787	5042788	1
4796459	4796460	1
4488135	4488136	1
4618041	4618042	2
2964787	2964788	1
10473450	10473449	1
6146652	4012681	2
1743953	1744048	1
8849257	8849309	1
8199642	8194453	1
11984019	11984020	2
2060635	2060596	1
10645721	10719628	1
10729078	10729122	1
4304071	4304072	1
5899158	5899157	1
9241953	9242054	2
9828406	9828409	1
501871	501872	1
4678581	4678600	1
166821	166918	1
10177002	10176722	1
3135912	3135905	1
4922090	11682519	2
7740786	4826847	1
9163235	9162742	1
11590035	11590058	1
5507406	5507405	1
5383345	5383346	1
9525239	9525178	1
11102148	11093402	1
6205854	6205849	1
6454498	6454485	1
670922	670921	1
3774751	3774752	1
7653424	7653407	2
12424752	12424751	1
7452556	7452731	1
7451110	7451416	1
7949960	7949959	2
10232322	10232321	4
2540658	2541069	1
5990570	5990919	3
3925517	3925491	1
4271669	3551862	1
3995610	1082115	1
12438539	12540368	2
6767335	6767336	3
7713051	7711773	2
6167370	6167397	2
1656539	1595716	1
9139120	9139097	1
3541845	3541852	2
5933462	5933413	1
4157479	4157481	1
6046666	6046601	1
11641320	11641319	2
1264448	1269530	1
9823328	9823327	1
3377882	3377881	2
1273682	1273684	1
7870838	7870458	2
9046658	9019332	1
7720839	7723095	3
10166934	10166933	1
1172628	1166455	2
11121707	11121883	1
5927127	3946401	1
11111740	11111512	1
8997032	8997021	1
985494	985493	1
5201516	5201515	2
9508774	9509419	1
5188937	4946933	1
9309957	9309958	2
12294101	12295177	1
12144393	12144578	1
439839	439933	2
6463773	6470385	1
7530260	7530055	1
7870387	1731929	1
1239412	1239411	1
6900753	6900735	1
2219152	2216742	1
419315	419356	1
9779043	9779835	1
6685695	6685610	1
12745732	12745731	1
8051873	8052061	1
2760124	2760123	1
7973457	4839381	1
7741169	7741164	1
5201716	5199964	1
551324	551349	1
3998477	3998478	1
7320949	7320955	1
9905992	9905991	2
11587609	11587610	1
6147243	6147244	2
8560355	8560301	1
5239349	5239350	2
6413468	6413467	2
10971113	10971143	3
5359771	5359739	1
6711119	6711128	1
442912	442907	1
3949765	11421683	2
8621682	8815817	1
3012035	3012036	1
1208030	1208008	3
5631437	5631438	1
6062681	6058232	1
6005342	6005530	1
11443	11444	4
5134067	5134068	2
1721192	1718896	1
6570060	6569954	1
4810539	4797851	1
3120	3117	1
12322548	12021750	1
8793151	8793152	2
11004490	11004489	1
9038386	9028470	1
162404	623990	1
10100406	10100470	1
3691754	3691753	1
2688950	2688949	3
8492824	6822093	1
10208283	10205626	1
2321609	2321610	1
7440500	7440499	1
3472089	3707619	1
3629683	3629684	1
1827516	1633953	1
10168708	10168718	1
9287015	9396263	1
6873882	6874550	1
12743080	12743079	2
3275414	3275413	2
2417936	2110836	3
5181577	5181578	1
2003801	2002897	1
1430899	1432669	1
9062182	9062245	1
11984523	11984524	2
1008095	1008092	1
1113894	1262277	2
5194493	5193420	1
4546167	4546176	1
10046649	10046652	1
7111258	7111185	1
12678879	12678880	1
10312917	10312909	1
9678077	5333114	1
10281608	10281607	1
622716	622715	1
11117253	11117205	1
6761447	6766821	1
171579	173119	2
4619689	4619690	1
3631485	3631486	1
3747201	3747202	1
5655175	5655176	2
6704929	6704964	1
1624359	1624362	1
12464557	12464247	1
7855115	7855090	2
2640857	2640853	1
2814831	2814813	1
5874117	5874784	1
4360128	4360127	1
7566934	7566955	1
3203777	3203778	1
11256341	11256342	2
5876743	5640361	1
1251635	1212266	1
10980413	10980411	1
4491123	4490911	1
6665289	6665292	1
9719088	9719087	1
4384142	4384182	1
8513437	8513405	3
8077623	8196798	3
3708700	3808457	1
612134	611853	1
10081290	10081365	2
8800231	8799515	1
5924996	5924995	2
3549216	3549221	1
10511315	10511316	3
1301842	1301403	1
10406903	10406895	1
8286326	8179890	2
2617748	2578218	1
3814482	3814481	1
5663982	5663981	2
8204805	8186071	1
11867871	11867779	1
6271605	6271606	1
3067658	3067988	2
8759330	8759356	1
4367278	9470796	2
6236759	6649581	1
5946381	5946382	1
11026615	11026616	1
4438345	4438346	2
4639848	4641479	1
3651662	3651661	1
5544250	5561390	2
8531299	12660696	1
1283624	1283859	1
5274936	5274116	1
6850445	6850275	1
8872581	11226798	1
1159922	1051681	1
1668928	1668930	1
2342626	2343646	2
6498886	6498885	3
5066847	5066848	2
10673519	10673520	1
3870081	3870082	2
9153682	9153685	1
914521	914524	1
5908726	5908645	3
9907262	9907261	1
9077555	9077754	1
1042771	1042631	2
11771485	11771486	2
665891	665980	1
11212740	11213374	1
5714040	5632130	1
3296104	3300125	1
3937023	3937076	1
12284837	12284868	1
3862924	3864404	1
2817799	2817800	3
5097158	5097156	1
3510759	3511346	1
4041779	4041689	2
9294530	9294196	2
11121886	11122845	1
6890289	6890292	1
7774183	7774340	1
2256980	2256979	1
10839074	11088877	1
4252130	4229136	1
11995334	11995333	1
4629475	4605437	1
12026684	12021492	3
7682275	4488134	1
5797518	5792522	1
4346163	4346153	1
5476708	5310724	2
8373317	8373318	2
12011755	12013884	7
3142561	3142559	1
10653066	10653754	1
4660804	4660803	1
3289034	3289033	1
8747894	8747797	2
9387892	9387891	1
7033816	10651103	1
2196507	2396405	1
7758282	7758272	2
5596557	7191593	1
1024410	1024409	3
2374574	2493433	1
95571	95572	1
2790625	2790626	2
8971649	8971650	1
5966701	6030011	1
7455476	7454180	1
2046529	2046481	1
10245612	10245611	4
3321553	3311278	2
12241838	12241837	1
8179631	8179634	2
10860501	10860514	1
6859598	6859597	1
11835154	11833265	1
7453579	7454381	1
461467	461468	1
3252608	3252607	5
12163967	12163968	2
5388299	5388064	1
1740906	1743471	1
8078863	8079990	1
7074619	7074620	1
2007172	2007197	1
9536673	1047815	1
4099656	4099655	6
3699164	3699183	1
12723446	12747882	3
1962042	1962025	1
11591226	11591225	2
6379264	6378614	1
107635	106802	1
4687832	4687829	1
773791	773794	1
2978697	2978698	1
6934197	6934198	1
6676909	6675110	1
2201926	2201989	1
2807949	2808004	1
3414486	3414591	1
7439891	7439892	1
6054544	6054556	1
3911163	3911115	1
6952101	6952102	1
1743522	1739458	1
9618734	9618561	1
9986576	9986398	1
11939861	11939862	1
11853699	11853146	1
9248455	1089767	1
8764423	8764642	1
12528041	8465731	2
622701	622702	1
8651730	8643509	1
8307391	8307392	2
9088884	9088930	1
9283865	9505199	1
257865	95572	1
10562403	10562383	1
12500672	12491973	1
1056794	1056793	1
10614904	4385784	3
10810901	10810867	1
2151400	2155826	1
11452179	11452397	1
6986891	6985710	1
5303712	5303789	1
7790208	7790215	1
3813400	3828606	1
5671122	5671121	1
4057074	4057073	3
2578906	2578911	1
7203544	7202992	1
11352514	11351234	1
4076132	4076129	2
10936	10935	1
8208195	8208196	1
1928485	1928169	1
6960310	8086635	1
232623	114802	1
11143703	11143440	1
8183514	8183517	1
6336810	6336798	3
2455927	2455899	1
2813069	2812933	1
10640798	10640797	2
914680	903566	3
5572842	5572322	1
2091470	2091623	1
9923255	9930552	1
5937776	5937775	1
2334880	2334922	1
6395018	6394528	1
7153264	7153215	1
4743663	4743664	1
9139184	9139152	1
4006523	4006524	1
7213933	7213934	1
3671143	3666625	2
8383422	8383592	1
10974144	10974143	3
3755163	3755164	2
9446719	9446571	1
3244519	3359293	1
5721237	5723435	1
8507356	3462337	1
12666210	12810958	1
591410	591407	1
9325157	9307396	1
8033260	8032999	3
3164655	3165630	1
2551671	2551672	1
8569562	8568939	2
1160460	1147415	1
3822618	210193	1
1419122	1419179	1
6066863	6066864	1
12686252	12686249	1
10268932	10268931	1
11520638	11520637	1
5125055	5109912	2
1532551	1532693	1
1314566	1314565	1
8232269	8232270	1
7592071	7592072	1
4306670	4434695	1
1071604	6858826	1
350019	350020	1
4375127	4132847	2
1734391	1734392	1
11457954	11457671	1
8231754	8231645	1
10456143	10456144	1
5722945	5743878	1
774569	359321	2
11989602	11989601	1
7984706	7984529	1
2030040	2027084	1
9900165	9900166	1
11365271	11365312	3
10175399	10083058	1
3913597	3913112	1
4367616	7693063	2
9889636	9889685	1
7220851	7220891	1
7731847	7777302	1
1358976	7110395	1
3440617	3440625	1
8454625	2270601	3
11454585	11454702	1
11388071	11388018	1
9491315	9491226	1
7056419	7056420	1
10483141	10499832	1
12042268	12042267	3
9377815	9377816	3
7169069	7168567	1
7996608	7996607	2
9319767	9319760	1
8306107	8306108	1
3641410	3641263	1
3292952	3292942	1
7016331	7016329	1
5540182	5128921	1
4569481	4569444	1
5855627	5855552	1
5049164	5049177	1
3372472	3363346	1
9806271	9806281	1
6491162	6491244	1
4125153	4125046	1
4120726	6173846	1
2372858	2372855	2
6082031	6138365	1
6851226	6851854	1
506990	506989	2
9509100	9509928	1
3543582	3543606	1
3086920	3086901	1
12270402	11997699	1
3941139	3941140	1
4504466	4504465	1
4222232	4227532	3
3204280	3204264	1
5856718	5859489	1
5371968	5371967	1
5699071	5697726	1
11907260	11907274	1
6352998	6353235	1
5916009	5915993	1
3511932	3512096	5
10832029	10832030	3
12357365	12357366	2
7265264	7264439	2
4879618	4914895	1
5800706	5800703	1
11549465	11549543	1
6670560	6670438	2
12146689	12146682	3
2687992	2687991	2
10147408	10147126	2
2909297	2909298	2
7642014	7476874	3
10387245	10387274	2
8675826	8787575	1
9101626	9101625	3
3191622	3191910	2
8551701	8551973	1
5991382	5991540	1
2161832	2161831	1
177228	95472	1
3937772	3932649	1
10647058	10720030	1
1455018	1453923	1
3279235	3199667	1
1822992	1823057	1
193278	676391	1
3631743	3590246	1
4032945	3896723	1
11002349	11002165	1
11208077	11208014	1
3058337	3058338	1
10070818	10068277	1
4715640	4715639	2
10311144	10311940	1
5976007	8334295	1
7696806	7696831	2
9174145	9174151	1
6118881	6118882	1
11142255	11144737	1
186143	207455	1
7870847	7870839	1
4397125	4313022	1
9725491	9599466	3
3613083	3620326	1
2954209	2668978	1
5219624	5234211	3
8199588	8077739	1
9133322	9001711	1
8626948	9083406	1
9021740	9021739	1
5628573	5628556	7
825003	825004	1
10078625	10078626	1
5018895	5005765	2
3905986	6269126	4
7397337	7397348	1
11384479	11403494	2
5648988	5648987	1
4269615	4269613	2
2574570	2596276	1
11665645	11665273	1
527508	527583	1
3199344	3199300	1
1756761	1756702	1
6907373	6907374	1
7589647	9529912	1
4111132	4111131	1
7813424	7813423	1
9294383	9294428	1
8807338	8807328	1
4994246	4994245	1
6045771	3984754	2
4698987	4698988	1
9551600	9545631	1
4454121	4454110	1
2589771	2263261	1
7888511	7897459	1
58788	58787	3
5655173	5655174	2
9895483	9897143	1
2683158	2683536	1
11705351	11705311	1
9528867	9528486	1
5014713	5014540	1
681569	6445964	2
9435590	9435593	1
5820276	5822730	1
7317869	7317906	3
1617879	1617886	1
8534749	8535507	1
5698614	6035499	1
6162016	6162031	1
1580129	1580130	1
11774833	11776839	2
2954667	8538322	1
2148051	2148076	1
6116105	5960113	1
9514911	9514912	1
1206625	1206626	1
2449866	2451078	1
3704729	3704730	3
585657	320003	1
10905032	10905031	1
8496185	8496186	3
10103622	10103724	1
2995371	2995372	3
9512981	9513017	2
9709709	9710027	1
9494967	9489755	1
11724183	11722614	2
6803556	6803555	2
12804880	12807282	2
12132387	12137941	1
276324	276463	1
914523	914524	2
10310137	10310138	1
9145541	9145532	1
8449934	8449902	1
6868080	6868079	1
11494848	11494847	1
5991249	5991250	3
7627053	7559702	1
4745538	4745537	3
6499380	6502898	1
7614955	7614956	1
7352929	7352915	1
889893	5427524	2
1514254	1514253	2
3935105	3935106	1
1006483	1009157	1
4723402	4723399	1
7692357	7693203	1
6865870	6530302	1
3533418	3563166	1
2964176	2964175	2
6585677	6584559	1
3185247	3186336	2
3674660	3674659	1
11510168	11509965	1
8077986	8077981	1
1995681	1995689	1
650594	11234385	1
1974927	1981982	1
7339874	7339897	1
2831958	2831964	1
10734054	10730534	1
798333	818272	2
8634576	8634575	1
7669168	7669165	3
8022723	1792345	1
3681198	3682586	1
3346264	3346269	1
986246	986243	4
12279356	12279355	1
168195	168479	1
12239624	12240485	1
5755686	5755685	2
9590680	9592491	1
8512014	8512000	1
2297111	2297112	4
7552317	7680613	1
5355696	5353106	1
8499794	8491350	2
11561742	11561718	1
6757665	6757610	1
5763636	5737976	2
2794783	2794951	1
2753120	2753126	1
3747203	3747209	1
9010628	9012358	1
913063	913070	1
4104677	4104678	1
10894243	10894260	1
7640798	7640795	1
987025	987191	1
1063187	1065709	1
11771381	11771382	2
3501544	3501597	1
5816748	5816751	1
11145534	11130471	1
2662096	2660806	2
6249075	6249267	1
10814901	10814601	1
3643702	3643397	1
4454111	4454112	2
687585	696773	2
1512653	1512647	1
2517492	2517478	1
549833	549834	2
6310558	6310555	1
3860291	3860292	1
7019868	7019866	1
2007172	2007171	1
4572959	4575649	1
177166	172814	1
4954322	4954075	1
4033172	3770276	1
11612995	11612938	4
8766698	8787108	2
8153533	8154687	2
8950277	7596076	1
10085964	10085175	1
9665554	9665521	1
8696133	8683816	1
8266158	8276039	1
3144621	3144338	1
10414390	10413459	1
1301840	1301418	1
5203772	5203771	2
3010124	3010104	1
9525237	9525178	1
10484891	10484728	1
5863708	5859501	1
4021806	4023998	1
7731603	7731588	1
4188134	4188571	2
11663285	11663259	1
11753837	11753840	2
353171	353172	1
1874623	1874561	2
5605554	8528441	1
7306199	7306196	1
4041956	4041955	1
12569730	12569713	1
9101141	9101142	2
9073084	9073083	1
5913634	5913633	1
9058399	9058400	1
4080220	4078306	1
447788	190415	2
363857	362331	2
7613742	7608688	1
5742516	5742515	2
5380502	5380700	1
8876576	8876644	1
4637277	4700557	2
2878739	2878740	1
4028383	4028384	2
12627809	12629027	1
6451411	6451395	1
6672333	6672334	1
8416816	8419418	1
5724317	5724297	1
9686362	9692725	1
3237833	3237834	1
1905849	1905850	1
8088752	8088719	2
3982511	3982493	1
29815	29816	1
4419225	4419226	1
8501396	8501479	1
10921201	7820722	1
6343197	6342372	2
10177175	10177176	3
6501951	6501952	2
7807695	7689753	1
11140655	11140658	1
5730081	5730082	1
11987408	11989320	1
7751802	7751796	1
9013057	9013058	1
4671500	4671515	1
3928506	3928505	1
12203874	12204220	1
5998638	4364211	1
10815017	10814995	1
10056948	9933494	1
6024094	6028058	1
5918696	5917875	1
12053939	12053940	1
11919673	11919645	1
8105117	11718940	3
10147381	10147384	3
3114576	3114584	1
10495293	10496401	1
317169	695789	1
6048610	6048609	1
7279390	7279393	1
12554856	12554880	1
5101158	5201701	1
11702319	11702320	1
11869545	11869599	1
4856760	4856759	1
12659438	12659437	1
9158700	9158699	1
7076397	3140859	1
1559106	1559105	1
10898640	7825497	1
9088534	9088513	1
3775261	3775262	1
3572498	3572497	1
8432033	8431450	1
4037255	4007398	1
2347149	2347150	1
1565452	1565455	1
9241227	9241238	1
12146742	12146741	2
8264568	8264567	1
4836989	4836992	1
4560130	4561194	2
3194964	3194308	1
5205317	5205290	1
10601023	10601185	1
519895	519852	1
4295055	4645705	1
1739917	1739861	1
6908671	6908687	3
6515165	6518325	1
1116305	1116413	1
318104	318657	1
10668581	9854925	1
7293176	7293282	1
5962719	5962685	1
11733626	11733625	2
12645750	12646037	1
6567597	6567598	2
4647941	4649048	3
9256775	9256814	1
8692091	8692092	2
3058270	3058265	1
3893586	3893583	1
6651660	6651533	1
7340492	7340491	1
9094711	9094712	1
6734619	6734610	1
10830638	10830648	1
600287	600466	1
11795785	11795786	3
7686464	7687085	1
3291005	3291302	1
3991413	3991414	2
7469240	7463880	1
450116	436204	4
5483996	5483995	1
5227295	5224447	1
4477165	4577132	1
11755652	11755611	1
6694505	6694506	1
1982984	1981043	1
1035161	1035162	2
6101344	6100450	3
7115525	7114433	1
4586328	4585815	1
7909224	7909111	1
3212361	3212362	1
3909047	4005232	1
3993973	3993450	1
1291256	1290912	3
5378381	5379630	1
7151712	7151711	5
4028385	4028392	1
11253139	11253178	1
5943112	5943109	1
2712099	2712100	1
11138202	11138201	1
11602894	11614998	1
3016171	3016148	1
3024148	9302728	1
286884	287002	1
8480221	8480033	1
4368791	4368779	2
4671026	4668902	1
11453984	11452422	2
7602194	7602515	2
3544946	3544945	3
7546564	7546264	1
4992548	8558595	1
6708144	6708143	2
6997844	6997843	1
753580	753596	1
7237345	7245988	1
10644054	10644188	2
9172138	9175607	2
8066910	8073721	1
7755204	7755201	1
2806164	2806163	1
8616060	8616078	1
12176041	12176042	1
8491992	8495401	3
1199995	1201255	1
9128639	9128640	1
7280215	7280122	1
74148	74207	1
1594088	9703709	1
77374	77373	1
3903179	3903180	3
10009523	10048620	1
6356441	6368186	2
1736205	1736279	2
150257	150258	2
10025588	2790696	1
7693329	7691412	1
2113188	2113187	1
12412931	12412932	1
11963821	11963782	1
766285	10140840	1
6826884	6826872	1
369033	369101	2
6732770	6791086	1
5884411	5864237	1
5967268	6014761	1
6440020	6440103	1
6130492	4015071	1
9072192	9072191	1
686585	299805	1
8377901	8377220	1
6859573	6859574	1
7320382	7258079	1
1587259	1587260	1
1043033	1041765	1
8866165	8866166	2
7016464	7016100	2
5282823	5282995	1
11903810	11748987	1
9479172	9479256	1
11751173	11817646	1
8324758	8327530	1
310389	6371292	2
4012680	4012679	2
5917593	5917598	2
10218760	10002949	1
6008140	6003071	1
2564116	2565990	1
6718443	6718454	1
2809685	2809424	1
7131066	7131065	1
3357958	3357962	2
5053224	5053223	1
12542584	12542490	1
4185647	4296418	1
7586739	7586740	1
10314475	10313180	1
4851067	4851072	1
11546044	11592523	1
2321484	2594080	1
600578	600692	1
5654867	5754527	1
2149632	2142838	1
757127	756229	1
12547033	12546991	1
7375142	9787505	2
1245042	1245047	1
76185	18851	1
6643841	6643648	1
8876647	8876648	2
2411125	2411132	1
4863674	4865244	1
8811110	8812366	1
849805	849808	1
506964	506996	5
5902437	5902444	1
1043449	1044019	1
2576048	2576045	1
3368153	3368154	1
6579273	6579279	1
12472733	12472716	1
3762084	7432404	1
4714467	4714468	1
9761826	9761835	1
2878602	2878599	2
3296729	3296730	1
9492891	9508631	2
5365124	5365123	1
10660247	10660248	1
10201286	10201285	1
9344527	9344528	2
6563599	6563808	2
5360528	5360527	3
2188254	2188251	2
3887691	3887727	2
9026895	9027272	3
7841707	7841708	1
3833994	3833981	1
10291149	10291150	1
2121747	2432448	1
12475216	12475215	1
5516947	6841383	1
1107246	1107245	3
7842367	1781600	2
11861314	11861313	2
8566120	8566051	1
3249105	3249106	2
7340023	7340024	1
10488310	10488268	1
8703131	3109610	1
7206427	7206504	1
9464146	9463632	2
10893548	10893158	1
674126	8677118	1
10155731	10155817	2
12038512	12037738	1
6810679	6810680	1
8129470	8129462	1
5248303	5248308	2
5841856	12799205	1
1623786	1623785	1
1043031	1043032	1
7712063	7712141	1
11470594	11470593	1
9015494	9015491	1
5490464	4936924	1
10707774	10707802	3
139178	70193	1
1252631	1249801	1
3603845	3406559	1
4539965	4539966	1
12811620	12811617	1
6686843	6686844	1
1804879	1799515	2
9239013	7799206	1
2119069	2119131	1
11428429	11428430	2
9682404	5524992	1
4199821	11265873	1
4147082	4147081	1
5578501	5506237	1
9758353	9771115	2
5161805	5161431	1
6145677	6141678	1
6593764	6593763	1
12564711	12565347	1
626675	626652	1
11493401	11493389	1
2843050	2814165	2
9150760	7193468	1
3586467	493348	1
8634578	8634575	1
1258031	1258032	1
3956532	4119366	1
9083742	9083752	1
10125379	10149025	2
796671	796676	1
5613767	5614864	2
5652573	5652574	1
4019000	4018997	1
3095677	3115912	1
914521	914522	2
8764223	8764224	1
767621	767622	1
9855476	9855475	2
1513590	1508940	1
9967146	9951935	1
6735143	6735125	1
11047029	11069504	3
892210	892168	1
2342964	2343453	1
4710751	4710792	2
2380345	2380308	4
11588290	7326045	1
9645315	9645702	2
8656288	8656266	1
7206801	7206579	1
603939	603940	1
3236461	3236488	1
6016753	6048267	2
10144007	10144009	1
10892868	10991104	1
7200006	7200005	2
12198823	12198824	2
150196	150195	1
5655202	5655201	1
3130345	3130032	2
6466926	6468256	1
6680412	6680221	1
3852661	4116931	1
2150099	2150100	2
7841250	7841276	1
8541417	8541418	1
10748187	10748188	2
190998	442466	2
7921739	7921567	3
5572853	5273860	1
5890992	5890925	1
8248065	8247924	1
6605414	6585425	1
861939	861940	1
11160579	4044066	1
3467391	3467400	1
6697383	6697369	1
501263	572953	1
9663737	9663738	1
2869853	2869230	3
3473136	3464908	3
2975093	2718054	1
2562260	2562167	3
2095924	2093420	1
1361157	1360454	1
11970379	12433563	2
5446519	5446763	2
8155037	8155208	1
7388162	7388161	1
7010175	5110219	1
10124329	10124332	2
3538503	3539113	1
7860833	7860805	1
3068498	3067558	3
7584845	7584846	2
1840024	1645976	2
2388877	2388878	1
5434092	5434089	1
10200167	10200158	1
2876599	2876602	2
447741	447822	2
11646385	11647054	1
8175709	8175547	1
11780249	7992668	1
1549658	1549660	1
208383	218577	1
5526045	5526021	1
8611858	8612493	1
6422244	6422325	1
3043307	3043308	1
5872811	5765713	1
769580	160362	1
3054788	10206462	2
12118962	12118766	1
4208962	4339578	1
823791	823792	3
5511180	5511179	1
5859275	5859265	1
245234	245223	2
5626258	5625419	1
2530012	2530011	2
3737548	3737535	1
1930665	1930666	1
9914411	9914423	1
7493202	7493201	1
10641949	10641950	1
1079617	1077942	1
10301467	9914412	2
10888536	10888533	1
11130042	11118025	2
9849503	9849504	3
1598366	1598257	1
7200192	7200274	1
3874508	7101285	1
1212818	1248905	1
4345906	4345905	2
4189444	4189563	1
4704109	4703456	2
11913259	11913366	2
1898210	1936883	1
5743636	5743571	4
12176168	12176167	1
2529300	2529295	3
885568	881667	1
6014593	6014594	2
7848249	7848231	1
3002840	3002837	1
5776059	5775969	1
2142258	2464539	1
7158103	372692	2
5334612	5334652	1
1202266	1203982	1
4075598	4075621	1
8607971	8607972	1
4672099	4680976	3
3234603	3234604	1
6211489	6211490	1
7246773	1724727	2
1905191	1905192	1
1804380	1804377	1
2537551	2535950	1
7665973	7665981	1
2564803	2564645	1
1044992	1044991	2
10043808	10043807	1
4614331	4567645	1
6135369	5960096	1
3832704	3832703	1
673559	673688	1
6166139	6170873	1
6937608	6937152	1
6048862	6048861	1
7986615	7983146	4
8685029	8685030	1
5442245	5478490	1
11263507	11262565	1
9307323	9307324	1
7686074	7686073	1
6029614	6199864	1
12633175	12633116	2
11555132	11555129	3
2506946	2506857	1
4080556	4078880	1
3899876	3899875	1
7609398	7612110	1
64723	63602	1
6192241	6192242	1
2895793	2895794	1
10444007	1761460	1
7226805	7348402	1
7823921	7823702	5
11561697	11561698	2
10496665	10496668	1
11767595	11767566	2
8513611	8513617	1
11873247	11873184	3
3744540	3743938	1
208302	233989	1
12164714	12164713	1
1697969	1697970	1
5256925	5256851	1
5330406	5330377	1
521678	521677	1
4084269	4084212	1
3619357	3619360	2
1605161	1605162	1
2148780	2148777	1
7947681	7946649	1
6447838	6447832	1
6966487	6853603	1
283858	285361	1
11863525	11863526	3
3040791	3040792	1
7243562	7243614	1
11270879	11270880	1
6109189	3309624	1
6698322	6698319	1
7544624	7544623	1
650601	650602	2
1094767	1094796	1
6055494	6056232	1
8491795	8491796	1
9822049	1741983	1
4994469	5489539	2
8768188	8768187	1
5071480	5071479	1
3017587	3018246	1
6408737	6408708	1
2343603	2343020	1
6961464	6961463	1
5562105	5562095	1
3216412	3216401	1
7812155	7812156	1
6097588	6090937	1
11742064	11742807	1
10369624	10369638	1
3269530	3269529	3
7446360	7446359	1
2481173	2375518	2
1674269	1674276	1
483466	483514	1
636745	636757	1
2075231	2075232	1
6193293	6193289	2
10931256	10930974	1
1658545	1658546	1
6474488	6474593	1
10266006	10265685	1
847611	847609	1
3482657	3482658	2
808404	808374	1
11274499	11274500	1
3994139	3994142	1
11466764	11466763	1
6446431	6447044	1
10347997	10348000	1
12527814	8602073	2
11291641	11301833	1
10043806	10045560	1
383749	383571	1
11626831	11626818	1
6095877	6095637	1
7786165	7786166	2
121772	121693	1
11984525	12311801	1
7756601	7801881	1
809283	809284	1
3525502	3522986	1
4015435	4018989	1
9142489	9142414	3
8767934	8767975	1
4526737	4526749	1
2466735	2069678	1
6401766	6349608	1
5411626	5411942	1
4252083	4544325	1
5536086	5536083	1
9903099	9903102	4
6983731	6983752	3
11018980	11018962	1
4794074	4794071	1
7437087	7436800	1
10201619	10207142	1
11978001	12402533	1
2192736	2192772	1
6798212	6762971	1
11011062	11011057	2
5581107	5581110	1
8389149	8389093	1
9665960	9666121	1
2591966	2592644	1
10466402	10466250	1
3158228	3158234	1
8035352	8035351	1
8471447	8471448	2
3387208	3387207	2
5312428	5312901	1
6577779	6577770	1
5761157	5761162	1
5017214	5017211	1
8538554	11858131	1
1075739	1075760	1
6907183	6907154	1
1691171	1691176	1
1951356	1920601	1
9940269	9940223	1
6285082	6283745	1
1221913	1221888	2
10807430	6857490	2
3202606	3202605	5
3902411	3902426	1
8767639	8767640	1
372289	391967	1
679422	679421	1
6457251	6485640	1
12797070	12797069	4
12656539	12351778	1
4069195	4069718	1
1933051	2309243	1
3317940	3317918	1
4093987	4093371	1
1111003	8025709	1
6159144	12546358	1
6131311	6108027	3
11715536	11715526	1
5753263	5754462	2
5839772	5839569	1
12611780	12672287	1
6951668	6960701	1
1742503	1741446	1
4851069	4851070	1
6830142	6830141	1
7598585	7598721	1
7702327	7702330	1
6226095	6226551	1
10536230	10536239	1
1957016	1897651	1
2882480	2872839	2
7936615	7936626	1
1699577	1699578	1
1584873	1584576	1
303491	699694	2
5679136	5679194	1
6952141	6952142	2
9387117	9894906	2
12385947	12363638	1
8535220	8535457	1
7098173	7098198	1
10870263	11037760	1
10920118	10920389	3
6777499	5217429	1
8654593	8654606	1
9306084	9306113	1
5912222	5912270	1
10438459	10438460	2
5701067	5698071	1
8693312	8694054	2
5740831	5739373	1
6316285	6316654	3
7104552	7104548	1
9827437	9827442	1
10019437	10013345	1
11769330	11776918	1
2557283	2557338	1
5703323	5703272	1
1252626	1252598	1
8646298	8796770	1
6343374	6343373	3
10860499	10860500	1
8272096	8272295	1
5759348	5810212	1
624410	624187	1
8581019	4057604	1
9297872	9297871	1
1964298	1964297	1
6107448	6107447	1
2449870	2449867	2
2253148	2253164	1
7414192	7411127	1
12791001	12335525	1
8332417	8332418	1
12694307	12694308	2
1302444	1302443	2
3852175	3852176	1
2852890	2853960	1
1308616	1259426	1
3131195	3131196	2
6037743	6037744	1
11192468	11192463	1
5383844	5383843	1
2369943	2181375	1
9336505	9337798	1
12583611	12583612	1
5987658	5987657	2
8465709	5792507	1
6754085	6754088	1
6901080	6901112	1
8842484	8841166	1
2723173	2723174	2
3608949	3612708	1
1758960	6472352	1
3583824	3583823	2
6507642	6507787	1
12678291	12612095	1
10800283	10796445	3
3968429	3968433	1
6795343	6795344	1
5465577	5465580	1
6282257	6282470	1
10995979	10997773	1
2041360	710586	1
12014214	12013907	1
11000275	11000223	1
8686399	8686427	1
8630540	8630539	1
5792756	5785063	1
2099157	2099158	1
9077287	9077288	2
7642787	7645380	1
10982092	10982091	2
399536	399535	1
7810800	7810798	1
2585867	2585848	1
7894813	7894803	2
9231723	9231724	1
451209	451212	1
5426935	5427052	1
8590117	5223190	2
7340901	7341550	1
9492439	9491322	1
7665007	7665046	2
6498941	6498956	1
10727589	10728259	1
9966733	9966758	1
7682482	7682639	1
3666604	3666601	2
7140560	7140583	1
4272963	4272964	1
7494357	7494358	1
11348608	11532918	2
6621033	6372804	1
3540299	3524354	1
2052428	2052427	1
8928034	8928125	1
637680	637679	1
4407844	4407843	2
4573069	4577787	1
3203063	3203081	1
6535418	6539259	1
2442803	2442510	1
9903113	9903114	1
1601309	1602253	1
5675077	5675078	2
5190613	5190540	1
7515773	7515774	1
9710172	9710167	1
3454714	4063906	2
12372837	12376058	1
5096761	5096700	1
1982214	1983171	1
1712563	1712578	1
6556707	6490483	1
9024755	9024723	2
10167303	10167371	2
5659796	5659793	1
12151520	12151519	1
10094827	10094846	2
8020078	8020457	1
6111595	6111437	1
8697050	784894	1
23403	23404	3
8033657	8033742	1
7419994	7419991	1
6952290	6967683	1
9849498	9849497	2
2658815	2659840	1
802595	802600	1
4668293	4668263	1
7174805	7174808	1
2667184	2667035	1
9293505	11995262	3
6434127	6436316	1
3743755	3743756	1
521228	480171	1
7541654	7596729	1
279149	279143	1
8067141	8067211	1
6138528	6138527	1
11106893	11106894	1
1800763	1834983	1
2044961	2143149	1
10067476	10084590	2
9793506	9437698	2
2711047	2711011	1
3751762	3751041	1
2896401	2896402	1
9004583	9004584	2
378836	460077	1
3966880	3966883	1
11055233	10865922	1
11761334	11761333	1
10394902	10985025	1
5818439	5818097	1
12678311	12678225	1
5289463	5289464	1
8846241	8846242	1
2607694	2609458	1
3239878	3239893	1
5715335	5715323	1
2962387	2962388	1
7455726	7455753	1
912537	912080	1
6490552	6490923	2
12037842	12037850	1
7849103	7849104	2
223493	223494	1
10889027	10889028	1
138933	137972	1
7179585	7179829	1
7798739	7798729	2
5710143	5710127	1
10185432	3671770	1
8006037	8006040	1
176269	176270	2
1433384	1433381	1
3802410	3801030	1
8353652	8353651	1
4364325	4364326	2
10322215	10322225	1
10801696	10801693	1
1370890	1370887	2
11061462	12241839	1
6199695	6199679	1
9390076	9390075	2
6653330	6653381	2
1737103	1737104	1
9091336	9091335	2
4272224	4272223	1
1067632	1067783	1
5486525	5484349	1
11766189	5637362	1
7379441	8849236	2
9099155	9099158	1
10458921	10479544	1
3323059	3323060	1
5551337	5551338	1
9320005	9319951	1
7064416	7064415	3
3963357	3963583	1
11567342	11568112	1
705991	715302	1
1982937	1982938	1
3442915	3441082	2
8263952	8310845	1
915114	914941	1
7149950	7149968	1
430575	430576	1
9940060	9940059	1
3552035	3552038	1
3770507	1145117	1
6074790	6074923	1
3695344	3694717	1
8787352	8787392	1
5494208	5494212	2
1588232	1585694	1
10274493	10274494	1
540527	540528	1
5903532	5903531	1
4859047	4858963	1
5271174	5271173	1
2548314	2548436	1
8225988	8225987	1
161931	161936	1
10742484	10740951	1
4734999	4735000	1
8316147	8316148	1
7916278	7916068	1
11196269	11196293	1
8901747	8901829	1
10706055	10699004	1
9305537	9305538	1
10006749	10007517	1
12600385	12609822	1
3484497	3484498	1
3104939	3104940	1
11014420	11014898	1
12334622	12334621	1
465646	465645	1
3723953	3723957	1
3940670	3940625	2
10611304	10611303	1
7695877	7695921	1
12632936	12632933	1
714442	713012	1
5492733	5492734	1
8799189	8799205	1
8311932	8307390	1
12167528	12175467	1
9749922	9746514	1
4040507	3992173	1
1968538	8243450	1
5941464	5941489	4
5918784	5918783	1
10364679	10362800	2
3411232	3411212	1
6045497	6045498	1
7765576	7765575	1
9169990	9168475	1
9232482	9232481	1
8312845	8314921	1
1137480	1033709	1
2047158	2047157	1
99285	99288	1
11190405	11190406	1
10904223	11095930	1
1234905	1234906	1
576020	570894	1
2846121	2846142	1
3887870	3888042	1
9313019	9312915	2
9749651	9749652	1
5892320	5892319	1
10119592	10119656	2
4089893	4089894	1
9653372	9653369	1
7823007	7823008	1
4353686	4350121	1
7379696	7377873	2
8084059	8084057	1
6176041	6174454	4
3234601	3234604	1
4036494	3818220	1
7900332	7749295	2
5708995	5708945	3
12167900	12167899	1
6120568	3689755	1
10133094	116457	2
11382775	7383104	1
6798214	6798213	1
9942518	10006922	1
11539110	11539308	2
2710337	11312211	1
2084323	2086552	1
3028653	2631548	1
10543421	10543422	1
8759864	8759863	3
6940854	6940828	1
12266144	12262985	1
10974146	10974145	2
5201514	5201513	2
595005	10223218	1
7274823	7274940	2
1571309	7213110	1
8672032	8672022	1
3697245	3697259	1
3054193	3032041	1
866358	860451	2
12544162	12545696	1
5182117	5181948	1
4167858	4219507	1
11378209	11378210	1
1630801	1630802	1
9471541	9471556	2
11584105	10929375	2
12347212	12347218	1
7115525	7114431	1
161933	161936	1
8544784	8546894	1
7714469	7712707	1
6263032	6263031	1
716984	716787	4
3712143	3714655	1
4101946	4101949	1
7243784	7243783	2
9753983	9753545	1
6849061	6849062	1
6976769	6975497	1
9802810	9802809	1
12163778	12230439	1
3726430	3726429	1
438184	778876	1
5820678	5820349	1
225273	225274	1
12150671	12152891	1
4108620	4108243	1
12388260	12388257	1
6999631	6997845	1
5861214	5861374	2
5903554	5903941	1
4550312	4687854	1
466498	466533	1
8031492	8031473	2
5384869	5384901	1
5773098	5773095	1
9847694	9847141	1
3661450	3661547	1
7152599	7152618	1
8921680	8921686	1
5699629	5699465	1
1113548	1115721	2
11054189	11051679	1
7008473	7388163	1
11190409	11185843	1
8785251	8785292	1
2568843	2568697	1
1298746	1298627	1
7753647	7748015	1
3985008	3984990	1
5400041	5400042	2
7854288	7902268	1
11108137	11109062	1
9849502	9849501	8
11342770	11342753	1
7592884	7593164	1
6367894	6367893	3
7797222	4509113	1
10811640	10812014	2
1361238	1361071	1
11928150	11928637	2
6856051	6856035	1
423963	423901	1
4690019	4690167	1
7937604	7937603	2
2263056	2252892	2
4475949	4475952	1
996490	996489	1
1009990	1013327	1
6735141	6735142	1
5212180	5210396	1
2795093	2796240	1
7515084	7514529	1
8051787	8051788	1
3388385	3388386	2
2474572	2474571	1
5904339	5838277	1
4454610	4453956	1
3201026	3201025	3
5885511	5884946	2
7410629	7410630	1
11518399	11518471	1
7507940	7507939	1
4224448	4223644	2
6132245	6132228	1
3826654	3826651	2
9879726	9879733	1
7109574	1358968	1
5907061	5907062	1
5000475	5000478	1
3028027	2966846	1
2898318	2898339	1
4106472	4106458	2
10592696	10592695	1
5089528	5089570	1
7142578	7142577	4
4227668	4250521	1
6929298	6929399	1
2832320	6949976	1
8806930	8806929	1
11113079	11113555	1
8577968	8576948	2
1999738	1999735	2
9954073	9957344	2
9383015	9383066	2
3234601	3234602	1
11363128	11363127	1
9133194	9134936	1
9183739	9183735	1
10931751	10931754	1
3424417	3424441	3
5919133	5919144	1
3424441	3424442	1
8477503	8477612	1
4635396	4635395	1
7179128	7179133	1
9763019	9763020	2
5167207	5167210	1
3731489	3731522	1
6341064	3902512	1
2898369	2898280	1
8489688	8489687	1
873654	871591	1
9670167	9670168	1
3554658	178083	1
5249278	5249277	2
10666557	10666558	1
7606718	7606407	1
12647373	12673109	2
2640488	3026692	1
5191301	5190797	1
5669318	5669338	1
10421326	10424207	1
2517026	2517008	1
12161939	12161940	1
11111565	11111271	1
5617799	5615964	1
11825805	11825738	1
6757958	6757957	1
2425771	2425772	1
2551673	2551596	1
11307596	11307591	2
4814393	4814394	2
2773501	2773133	1
7315279	7320281	1
5874317	5874439	1
7680466	7704036	2
5600991	5600992	2
6631968	6630635	1
3214873	3214846	1
10584713	10573943	1
224130	224073	1
9169395	9169370	1
10964936	10855114	1
4355403	4355404	1
6296779	6296780	1
7906118	7906256	6
9641866	9641863	1
367272	367271	1
8813107	8813108	3
2135887	2135888	1
10007218	10007217	2
9779300	9766330	1
289877	289878	2
11494576	11496354	1
8415156	8415151	1
1670189	1438954	1
11380710	11380513	2
156195	156204	1
1603725	1604363	1
8682001	8682002	2
7466399	9443392	1
7839193	7839194	3
4469670	4255538	1
10328249	10317704	1
6743658	6743657	4
11131442	11142789	1
11770101	11770078	1
11148535	11148550	1
8849529	8849530	1
11710283	11710284	1
8998132	8997877	2
10354712	10354696	1
3704825	3704826	2
3957114	3957113	1
7432733	7432734	2
4936647	4936648	1
1603254	1603257	1
12260747	12264010	1
5385205	5385206	1
9156282	9156281	1
2643675	2643676	2
9328680	9328670	1
6784267	6784268	2
5879987	5649932	1
675655	675711	1
4283602	4292522	1
10828173	10828174	1
1302704	1302904	1
6024075	6024036	1
11056242	10868672	3
1603723	1603724	1
10753635	10753058	3
562246	562245	1
9309959	9309960	1
1114005	1115018	1
5537059	5537060	1
9671606	9473615	2
12318923	12318938	2
118969	11260117	2
11041097	11041098	1
3028025	3028028	1
11365267	11365270	1
7511235	7511236	1
17987	17988	1
10795492	10805150	1
5136961	5316585	1
1671577	1671580	1
401829	402011	1
4135325	4135326	1
860576	861881	2
4901859	7446336	1
11170852	11170931	2
5265839	4565433	2
7317480	7301038	1
9521398	9521387	2
4252491	4252492	2
3922215	3922216	2
12186080	12186082	1
7454024	7454098	2
4616296	4615717	1
10573110	10573113	1
4245005	4245006	1
9340511	9340533	6
8264570	8264567	1
9531684	9531683	2
3587735	3959767	1
90648	90647	1
5544212	5544253	2
2058706	2059575	1
10427837	10427829	1
11095152	11095151	2
2725348	2725347	2
8368495	3476985	1
5150736	5156528	1
2964174	2964173	2
2254344	2253789	1
11620730	11620729	1
8741092	8741009	1
6786112	6784803	1
11284545	11284546	1
4546960	4546951	2
4418357	4418358	2
10276290	3263578	2
1454493	1454663	1
8577873	8577846	1
2311485	2311486	1
10285530	10285317	2
4042456	3528994	1
11526189	11526200	5
3952432	3952422	1
8866935	8866960	3
2434553	2583552	2
4441085	4424358	1
8694055	8694056	1
8959120	8965169	1
8179885	8179886	2
8511550	8190030	1
10091580	10091920	1
7125047	7125053	1
5829576	5770770	1
4204635	4235803	2
3551986	3551975	1
6272266	6272265	1
3033714	3033377	2
4538871	4538777	1
9107411	9101953	1
10673245	10673229	1
8049298	8049360	1
1369006	1369017	1
4793314	4802683	1
3482436	3482724	1
294475	294647	1
4049038	6100384	1
6408586	6408585	1
1757997	1757998	2
10152306	10152180	1
11247306	11247305	1
1872131	1872132	2
3979126	3979316	1
1332873	1332874	1
1252629	1249801	1
4390636	4397318	2
11550621	11550618	1
5365126	5365125	2
11931782	11931663	1
6332258	3913767	1
6398151	6398167	1
9346867	9346871	1
5161803	5161804	1
11743837	11776782	1
3575394	3575370	1
5848331	5848575	1
2909733	2909631	1
9909695	9909696	1
4582978	4582969	1
8300470	8298641	1
5134378	5135375	1
9991011	9991387	3
1188135	1188136	2
10891393	10891394	2
12404513	12404514	1
303855	303833	1
98607	785757	1
5168420	5168367	1
7872602	7872601	2
5725552	5725551	1
6503867	6504318	1
15315	14306	1
369885	369886	1
3202610	3229278	1
9383416	9383442	1
4834898	4841682	1
2908028	2959468	1
11041245	11040449	1
11936328	11936327	2
3195474	3195443	1
3048671	3048672	1
692704	693023	2
10690142	10690139	1
6791484	6791481	1
5949225	5949144	1
7205807	7205718	1
5907607	5647718	1
7455023	7455004	1
7462801	7463403	1
4022635	4022944	1
657464	657531	1
7073945	7073757	1
3050651	3050652	1
1996851	1996852	1
3100394	3100393	1
8222279	8222280	3
4771497	4772483	1
9113851	9113854	1
3940670	3940627	2
11626284	11626282	1
6174725	6174482	1
4654636	4777613	1
12399547	12431250	1
4880653	5152091	1
11309768	11309767	2
3826654	3827228	1
9969442	7462301	1
5295534	5295118	1
7802174	7802173	3
5942938	5942937	1
11456943	11456944	1
4109955	4109956	1
9633103	9633109	1
5071478	5069594	1
10128897	338471	1
271294	271293	2
1720525	1720572	1
2030435	2030466	1
7202127	7202128	1
7966585	7966801	1
6972156	6972325	1
6769027	6769028	1
8101838	8101843	1
7179256	7179045	1
9233129	9232247	1
1281819	1282681	1
7349703	7349715	1
9417141	9417164	2
4540262	4539942	1
9255949	9256094	1
6323835	6323836	1
6739391	10993460	1
5007177	5006655	1
6364486	6365039	2
916452	916451	2
3741413	3741409	1
6431997	6431962	1
1609086	1609008	1
5590195	5590196	2
11831849	11797798	1
4179744	4179743	4
6707080	6707077	1
4771163	4784877	1
1177220	1172834	2
6090740	6090737	1
5091557	5091558	1
588633	588737	1
12374261	12374262	1
7338295	7338265	1
6496856	6496616	2
10543423	10543163	1
9850622	7586190	1
3930259	3932613	1
10187744	8826792	1
6086192	6086129	1
166377	166378	3
6851132	6852088	1
10321139	10321242	1
11657386	11563567	1
9069709	9069663	1
5333636	5333613	2
3099107	3101212	1
7478526	7482032	1
2480828	2479613	1
544651	544652	2
10737715	10737826	1
9422416	9426266	1
132203	131627	1
119520	118143	1
3507834	3507833	1
8700552	8700551	1
7286430	7286167	1
5725695	5725698	2
10589784	10590597	1
10499992	10499991	1
753926	753930	1
4627283	4627295	3
2464864	2464841	2
7335476	7335513	1
11498938	11498602	2
436205	436206	3
7592030	7592020	1
1588247	1588584	1
2124960	2151784	1
11521360	11521357	1
6045499	6020125	1
10509451	10513826	1
9622508	9622472	1
8970437	8784222	2
6537318	6537299	1
7926181	7926704	3
3704979	3704980	1
3668404	3668374	1
3898951	3896558	1
1173798	1172194	1
9435543	9435546	1
9442047	9442048	1
7592511	7591422	1
6812792	6812802	1
12735580	12735579	1
11224563	11224566	1
11097931	11096568	1
7601295	7602086	1
2747846	2747841	2
6016755	6048267	2
3023197	3023250	1
6680220	6680219	2
4986051	4985977	1
4077363	4075850	1
2233415	2233409	2
318660	318659	2
1035163	1035164	3
495004	715325	1
5671169	5670169	2
12599879	10486311	2
4745542	4745539	1
11263591	11285957	1
6158182	6157985	1
7559730	7564688	1
5579744	5579838	1
10117872	10117871	2
863676	864075	1
110005	667714	1
10781196	10781500	1
7923893	7923930	1
2337928	2342299	1
10289328	2818213	1
10059848	10059830	1
10324612	10327244	1
422191	422203	1
10873341	10873743	1
5941452	5940929	3
11086683	11086698	1
8416683	8416494	1
7637871	7640799	1
1651232	1651223	2
10789216	10789215	1
6069297	6069393	1
5430717	10621190	1
8353630	8353653	1
4197670	4197531	1
9385140	9384471	1
939575	939576	2
7834265	7836211	1
6961464	6961461	1
9179534	8959955	2
2132467	2132468	1
1989694	1988030	3
10190272	10190299	1
12163664	12163663	2
4787	2288	1
8039423	8040388	3
11785117	11785118	2
9164301	9164307	1
5650787	2472440	1
12169958	12169957	4
6493555	6493556	2
1681275	1681370	1
913063	913048	1
6236460	6236463	1
1757194	1757193	1
9365014	9365013	2
10915894	10915893	2
10518731	9866605	2
10143865	10143926	2
8003681	8003676	1
12482874	12482895	1
8197782	8198047	1
4954767	4955063	1
10587389	10587390	3
12774459	12774460	1
5675195	2044669	1
5739619	5739620	2
5677038	3281121	1
871739	11255838	1
10976150	10976149	1
9945135	9989189	1
11770099	11770100	1
774374	359562	1
518147	517554	1
11784452	11784176	1
4435491	4435492	1
9563259	5502475	1
7517207	7515774	1
759850	761890	1
9826239	9826266	3
667346	667915	1
597323	322744	1
9192359	9192360	1
5163524	5163523	1
6898640	6900315	1
7056746	7056745	1
10502491	10502703	1
12632936	12632935	4
10590274	10590273	4
1194304	1126961	1
6959603	6959604	1
6296722	6296623	1
10293367	10295023	1
3995630	3995584	1
3793881	4027027	1
10665572	10616044	1
4042553	4042554	4
12669047	12669048	1
8996525	8997463	1
11990361	11990661	1
161931	161932	2
5677279	5658340	1
4709966	4709953	1
8327244	8321663	1
1762971	1762972	1
1522209	1522210	1
12177506	12178766	2
4559313	4559314	2
126356	3451417	3
10063562	10035934	1
5266898	5266897	4
3663493	3636946	1
2722482	2727941	1
7962956	7962955	1
8670533	8670534	2
2832730	2801041	1
674944	674943	1
6549888	6549535	1
8701835	8701656	1
7746848	7536622	1
8628679	8628618	1
3531065	3528350	1
6524392	6524391	1
11497493	11497494	1
12536834	12540022	1
1240151	12594311	2
3611348	3611345	1
11214877	11214878	1
1858896	1859104	1
11394052	11405739	1
8323434	8323406	1
6272488	6272487	1
8656161	8658881	2
12187503	12187504	4
8292114	8262770	1
6014611	5976729	3
10318516	10318515	1
9827437	9827438	3
4163038	4163037	2
2415216	2417301	1
11174564	10813848	1
8513691	8513775	1
10871403	10871406	1
7954711	7956463	1
3403071	3402181	2
12543764	12537996	1
12009451	12009454	1
3267984	3267983	1
3738591	3738592	1
11729097	11729672	2
11670355	11670582	1
18284	18283	1
946719	946720	2
3825646	3821492	1
5691687	5691688	1
6111008	6111066	1
10435501	10435502	2
2621639	2621648	3
3287956	3287942	1
7669164	7669174	3
7934611	4941747	1
10850570	10850525	1
7205843	7205847	1
2229160	2229157	1
652573	652552	2
7885793	7885759	1
9188004	9181825	1
8292047	8335382	1
10544641	10544538	1
7145713	7145714	1
7277441	7277442	2
10196832	10196735	1
12641225	12641565	1
6357951	6358061	1
9673975	9672595	2
9077555	9077556	2
2830985	2830986	1
10177173	10177174	4
3060295	3060296	1
9849505	10699139	2
6298367	6298391	2
1133773	1133774	1
12328898	12343315	2
4166775	4166643	1
4665509	4669890	1
3903989	4008189	1
11931784	11931783	1
11149065	11149066	2
138448	139243	2
7481145	7481239	1
4647772	4647771	1
1437046	1437179	1
3149334	5367959	1
4042363	4042150	1
6708777	6709020	1
12245833	12245834	1
7415109	7235128	1
3965806	3959461	1
8561562	8561561	2
10885690	10885554	1
7748904	7748903	2
8787574	8787573	1
7140680	7140631	1
7746467	7746478	1
10162479	8662249	1
9174097	9172863	1
5276106	5276105	1
6499487	6499490	2
2802936	2791737	1
5252994	5252993	1
3778967	3779106	1
3272122	3272093	1
3891828	3891846	1
4520785	4520871	1
3981987	3981988	1
4070470	4070465	3
62702	62701	1
7546291	7546296	1
9138534	7350054	4
12521224	12521223	1
8525297	8525284	2
8579894	8579893	2
7141640	7141623	1
3638577	3638564	1
6266068	6266073	1
7150186	7150760	1
5473180	5473204	2
9299108	9299107	2
11499627	11499628	1
7046002	7046001	4
9836901	9836389	1
6567599	6567618	2
10846259	10846261	2
1877577	1877578	1
4818829	4818737	1
6145267	5722212	1
7310609	7310610	1
10474491	10474492	1
1838089	1837100	1
11778435	11778468	1
193559	198553	3
2574521	2602064	1
3151990	3151989	2
10692163	10692164	1
11852616	11852615	1
10803300	11179961	1
4272222	4272221	2
10634725	10754541	1
7895201	7895202	1
8780297	8778800	1
4408976	4409042	2
11295738	5364999	2
11984525	12311799	1
6134197	452575	1
7859810	7859702	1
5714342	5714341	1
3498261	3498273	1
2581204	2581203	3
5677990	5665297	4
6801063	6801075	1
3139415	3139418	1
11272207	11272159	2
11526197	11520944	2
5949996	5950037	2
6738922	1790895	1
8792695	9032921	1
6842955	6842956	1
3057626	532677	1
11665272	11665269	1
7790684	7790701	2
3232516	3359984	1
6617825	6617671	1
12641123	12641054	1
3925440	3925547	1
5712333	5712376	1
7272132	7272131	2
4743747	4743752	2
3711028	3710576	1
11090820	11090822	1
847309	590083	1
866951	866952	1
8364988	8365483	1
514236	517484	1
9486143	9486127	2
7939154	7939153	1
4590050	4590046	1
6850227	6850327	1
10519732	10537807	1
7598563	7598593	1
9563027	9563028	2
1827107	1827108	2
2902876	7072111	1
6187666	6187638	1
9357137	7862649	1
6350205	6350208	1
5518275	5518276	1
9550630	9550649	1
12292660	12292656	3
8886187	9092068	1
1056445	10696314	1
438186	438185	1
109075	108847	1
3624465	3624468	1
4694850	4638990	1
6325408	11218827	1
11563813	11563504	1
3228523	3228526	2
6432078	1719021	1
4298476	4299875	2
7132094	11845936	1
3043362	3041685	1
11494841	11497488	1
3985228	3985227	1
7505003	7505004	1
3319284	3319281	2
1603721	1603722	1
11405680	11405679	3
12689212	12689834	1
10448085	10448086	1
12226398	12226397	1
6976769	6976770	1
1176689	1176690	1
8179762	8179757	1
7095802	7095795	1
10082232	10082264	1
10648782	10649121	1
12037844	12037843	2
7455726	7455751	2
6269452	6269451	2
5063894	5063893	1
4108729	4108732	1
1829460	1829482	1
6028380	6028609	1
10476342	10476341	1
9386553	9390081	1
12433791	12433792	1
6107441	6107444	1
402844	824873	1
1530123	1530143	3
1473273	1306423	1
2034749	2034750	1
4108765	3738715	2
6351982	11206854	1
5044353	4477824	1
9063270	6755969	1
5422503	5400143	1
1437490	1437475	1
5089339	5089340	1
12681844	12682153	1
7503094	7503093	1
3534050	3534019	1
9272938	9272935	1
7095383	7016122	1
11871331	11871334	2
11249104	11248413	1
3934373	3933833	1
5855467	5855505	1
2405739	2405699	1
6961295	6961296	1
11696465	11696468	1
3776020	3787888	1
7200857	7200864	3
8764323	8764801	1
2130350	2130349	2
5863406	5858163	1
7659864	7659827	1
8851230	8805757	1
5714221	2553955	1
9881953	9881255	1
6774624	3339071	1
1659209	1659210	1
2464840	2464837	2
10325470	10325469	1
38203	53897	1
7135771	7135772	1
8817644	8833271	1
10551173	10548962	1
6197143	6196693	1
1021269	1021272	2
1207422	1207137	1
4589440	4589551	1
7357123	7357124	3
330576	330014	1
6161543	4088917	1
11530297	11530298	1
9346279	9346282	3
8299395	8373761	1
2337301	2337302	2
6182106	5876276	3
3834772	3834757	1
8519805	5256175	1
5494215	5494216	1
7805981	7805982	1
6474679	6474541	1
3996251	3996252	2
11293860	11284842	1
6093055	6086629	1
8399405	8399406	1
11669518	11669507	1
5723976	5723975	1
3374564	3374563	3
11218407	11218645	1
4143664	4143661	1
7851077	7851078	2
9363174	5011581	1
7929377	7929378	2
4296547	4304829	1
11205709	11205630	1
4169579	4179743	1
2666077	2666082	1
6047852	6048839	1
2313820	2313819	3
10541612	10542090	1
3707977	4063932	1
1153705	1158346	1
11059265	11059266	4
8765212	8765211	1
7292824	7292821	1
8102171	8102174	1
10670499	10670500	1
6205848	6205847	1
6086951	6088186	1
6048868	6048902	1
5721314	6145173	1
3145103	3145105	1
6069739	6069740	1
5160249	5159630	2
7316278	7316281	1
4108155	4108144	1
10367429	10367653	1
7686097	7686075	1
4673482	4673477	1
1187457	1187458	2
368998	368997	3
9517741	9517635	1
399741	399481	1
7405917	7405920	1
5645962	5645961	1
2306	2343	1
5604662	8063962	2
3748446	3742982	1
3304837	6110028	1
11824171	11823044	1
9101419	9101805	1
3304287	3304288	1
9684582	9684579	1
9622489	9622500	1
9882857	9882858	2
1276625	1276626	1
4803084	4802935	2
5010586	4999437	1
7589749	9584979	1
7760437	7760492	1
9510798	9510793	1
6840893	6840894	1
6880966	6880965	2
1630052	1629894	1
12033027	12029583	1
7368997	7368998	1
11470971	11471749	1
3495679	3495734	1
7436696	7428936	1
11772284	11774388	1
3367067	3367114	2
418182	418181	2
420745	420899	1
5917071	5913534	2
9585975	9586050	1
7401062	7400942	1
11803545	11803763	1
2416745	2416746	1
10336801	10336786	1
8520045	8520050	1
5590189	5590190	4
9966731	9966732	1
8227187	8227188	1
5821179	5940586	1
1656186	1486454	1
2090122	2092199	1
7941574	7941606	6
6381027	6366214	1
2722265	2722266	1
768831	768848	2
7952771	7952759	1
2337340	2337368	1
11395426	11395425	3
10146527	10149713	1
9168172	9165618	1
10314197	10314203	1
6197407	3599989	1
8705304	8705993	3
6961462	6961461	1
12193441	12193383	1
4684520	4738799	3
10776738	10776737	4
6200844	6200931	1
648854	648623	1
6204089	6203884	2
2597193	2597194	4
1002584	1002283	1
4530130	4530134	1
7433389	7433392	1
11071383	11071384	2
2418076	2418075	1
3973536	3973444	1
2895642	2895646	1
4366029	4366198	1
1048576	10700504	1
10117870	10119628	1
9816482	9816388	1
423920	424316	1
3700778	3476035	1
11524335	11524428	2
6127759	6127829	1
7713648	7708453	1
1761742	1761739	1
10226951	10226954	1
2604781	2604782	1
11865610	11865628	2
4691241	4691624	1
10691826	10628499	1
6711980	6712056	1
7547834	7547960	1
5240294	5326461	2
4647624	4647623	2
3031857	3052993	1
7100994	7106525	1
6737966	6737802	1
11008551	11008626	1
7609471	7970529	3
7046000	7045999	3
9346940	9346937	1
11200047	11203819	1
6886199	6898427	1
8222180	1915561	2
4577607	4577608	2
903325	903328	1
6172783	6172763	2
3981168	6046921	1
4184044	4184032	1
5427126	5426768	1
1329467	1329011	2
8442443	8442767	1
6358180	6358179	1
6809192	6809107	1
3540155	3637393	1
10070096	10070091	1
1324358	1324357	1
881997	881603	1
3245642	3245651	1
8189928	8189927	2
3737527	3737487	1
10735685	1252814	1
7571554	7571553	2
6152774	6152773	1
8975147	8975150	4
3265935	3265844	1
7701068	7701065	1
4743956	4743955	1
11937003	11936415	1
2448470	2447242	1
11871331	11871336	1
7438209	6733753	1
5663377	5663378	1
6050468	6048527	1
4307249	4307181	1
4476136	4476500	1
6966545	6964007	2
12046593	12046634	1
10471394	10468607	1
4592595	4592596	1
1572411	1572412	1
10801694	10801693	1
3212273	5569759	1
9344529	9344674	2
10030848	10026933	1
2339420	2338453	1
1243318	1243327	2
1107248	1107247	2
3439070	3438397	3
11591418	11591415	1
7774304	7774303	1
7361730	9730853	2
7384101	8975121	2
9424624	9424654	1
6172551	6158246	1
1526194	1526003	1
3557416	3558223	2
5574316	5574315	2
7704611	7704615	1
2272348	2272347	1
5796693	5796666	1
5362820	5362194	1
4019473	4019434	1
6690702	6690874	1
7598537	7578263	1
8029741	8029734	1
10639322	10646263	1
12203841	12203842	1
3812738	3632967	1
8325975	8325976	3
7446251	7446208	1
3570230	3570154	1
6329856	6329855	1
5468980	5468979	1
7812429	7812430	2
4263314	4261301	1
9052791	9052792	2
5818984	5827018	1
12433888	12434723	1
3535526	3535529	1
6183468	6183467	1
8174835	8174789	2
9024755	9024725	1
12565529	1282298	1
3445139	3445140	1
5494213	5494214	1
7446473	7446418	2
408455	408451	1
2001828	2005397	1
5095937	5096127	1
6893612	6893624	1
269885	268945	1
4641861	4641864	1
5304238	5304237	1
11176300	11154339	2
11854842	11855608	1
10369336	10369335	3
3612498	3613369	1
1428397	1417975	1
6005529	6005349	1
1141628	1141672	1
11079085	11079093	1
534170	532096	1
6772941	6772948	2
6341887	6341890	3
11769737	11710986	1
299794	686394	1
1108969	1108696	1
8664058	8664057	1
12508735	12508771	2
2474999	2384098	1
3676639	3677164	1
4706922	4706795	1
7649915	7649803	1
7802170	7802169	5
4439326	4439359	1
657195	657153	2
3134881	3134831	2
912920	722460	1
4477483	4477485	1
9314889	9314903	1
8530385	8530488	1
12202088	12202087	2
2787763	2787732	1
1418997	1419000	2
7143402	7261692	1
8616293	12104055	1
2013761	2013762	1
530475	10245777	1
11395424	11394091	1
6343376	6343375	2
3191706	3191705	1
9546211	9546212	1
318662	318657	1
233074	236663	2
7963802	7963801	1
9843448	9843927	1
761153	761101	1
6206330	6206339	1
4057169	4057457	1
11446694	11435878	1
9995214	10027082	2
11910251	11910243	1
4152420	4151652	1
8761002	8681066	1
8499797	8491348	1
3923086	3923738	1
4188480	4188479	3
4586847	4586843	1
12796919	6223722	1
499400	499563	1
7494980	7494979	1
6737377	6739761	1
4208257	4208258	2
6608095	6608098	1
11851550	11851549	1
4405559	4419224	2
1446916	1448678	1
1706117	1706103	1
1096792	1096778	2
2249114	2427847	2
6368977	6368978	1
10394175	10394255	1
10223049	10223050	1
5998652	5998661	1
428604	4278223	1
1548329	1548313	2
3687068	3687010	1
6018527	6051055	1
9384470	9384469	5
5532641	5532010	1
7694027	7694028	4
8838244	8838243	1
9916533	10694308	1
2097731	2252868	1
8850963	8850964	1
12038498	12038493	1
4439732	71854	1
6463353	6463340	1
11758592	11758164	1
7858348	7858051	1
4526607	4526592	1
1843715	1843762	1
4041877	3520211	1
3671211	3671221	1
10356720	3250388	1
3602440	3603893	1
4010202	4025473	2
9040662	9068834	1
5669537	5668796	1
11771604	11771584	1
2666254	2666253	2
1341052	1341032	1
6430646	6430617	1
7371015	7371016	1
3388217	3143012	1
7812298	7812190	1
10194976	10194975	4
6842365	6842369	2
1726295	1742613	1
8688448	8688496	1
3269536	3269531	5
6514326	6510206	1
4070079	4070071	2
11522203	11522195	1
1625192	1625191	1
6026287	6026288	3
9133424	9133423	1
6751607	6751608	3
5993453	5695740	1
5817050	5817049	3
4755707	4755678	1
2570677	2569038	1
3541517	3541518	1
5018896	5018814	1
4320020	4318606	1
4627251	4627550	2
7349704	9155592	1
10624401	10624440	1
12495896	12669315	1
6778279	6778299	1
5401399	5401039	2
6931921	11102584	1
3707332	3557818	1
174630	174298	1
10252935	10252936	1
5058173	5058450	1
3519249	3519354	1
11485431	11485534	1
9510316	9510313	2
7805983	7805984	1
607784	603945	1
4005845	4005846	2
9551046	9551045	1
985393	985394	2
2500458	2505276	1
3252606	3255735	4
10601419	10601420	1
12671384	12661034	1
6921680	6921679	1
6151087	6022245	1
10520494	10520491	1
6608902	6608459	1
6835455	6835474	1
6350211	6347752	1
11361204	11361203	1
2561094	2606260	1
4986101	4986130	1
7826124	7824567	1
8006043	8006044	2
5841295	12799359	1
6614085	6614106	1
12486562	12486634	1
407755	407756	1
9158635	9158701	1
9114203	9114204	3
10922732	10924711	1
2200580	2201136	1
7659058	11827796	1
3649530	3649529	2
278585	278601	1
3700191	3700876	1
9955862	9958690	1
924361	861524	1
4157989	4157990	1
4553273	3365225	1
7503092	7503091	1
9762825	9762864	1
3507318	3507315	1
4876417	5151590	1
8651650	8651647	1
12786418	12650223	1
4295583	4296020	1
10669941	10669942	1
3012262	3012261	1
9233378	9233367	1
3677122	3677121	2
8072550	8072549	1
2226234	2226233	1
3907918	3538371	1
1484343	1484344	1
10484828	10485025	1
8573759	8573760	1
3532349	3532465	1
11876340	11876339	1
1865834	11710344	1
286166	286164	2
10094552	10094551	2
7960718	7960735	1
3642494	3642297	1
2320516	7352230	1
2319145	2319146	1
1984196	1982896	1
10614887	10614888	4
1930662	1930833	1
641837	641929	1
11011028	11007014	1
3142107	3142108	2
5058671	5058617	2
22231	22232	1
11739092	11739069	1
9258107	9258110	2
11213655	10872895	1
11136561	12382164	3
4856178	4856194	1
11715560	11715525	1
9574573	9574576	1
1741859	1741860	2
11897917	11897922	1
5461470	5461444	1
264349	264350	1
8006037	8006042	1
431862	450185	1
9728622	7056843	1
4088811	4088712	1
3818520	3818102	1
6015264	6015263	3
8576393	8576362	1
1529871	1529872	1
3200069	3199893	1
9422722	9424510	1
6881018	12163256	1
9990620	9990603	1
8656288	8656287	2
10076838	10076837	5
10395469	3193246	1
6283078	6259647	1
9272938	9272933	1
9649846	9649907	1
6432833	6432834	3
2228888	2517481	1
184414	11434214	1
4252489	4252490	3
10557013	10557016	2
5924994	5926442	2
11182921	11182922	1
1827105	1827106	3
4073634	4073643	2
4245887	4244454	2
1434446	1434438	2
4936923	4936939	1
1903320	1903319	1
5773181	5773077	1
3359520	3359278	1
12695883	12698766	1
5998462	3285416	1
4283235	4283236	1
3793860	3793859	3
5127788	5127574	1
2552197	2552198	1
6803626	6803560	1
5444734	5444733	1
7064412	7064411	1
12485006	12485005	1
12464561	12464562	1
4374320	9467286	1
2127321	2127311	1
1899439	1896439	1
7172020	7172032	1
6778321	6778352	1
12656687	12656534	1
2312334	2312333	2
6761350	6709203	1
4583943	4583963	1
7446435	7446471	1
5508434	5508433	1
12654384	12654383	3
10150754	10158782	1
1671476	1671475	2
7252101	7251957	1
3481694	3481746	1
4041956	4041953	2
6653329	6653553	1
4307180	4307177	2
649138	649522	2
10155964	10155963	2
1167474	1166059	1
3923766	3937518	1
3034174	3034165	1
11111513	11111516	1
10116812	10116587	1
283459	284534	2
926612	911507	1
6903444	6903650	1
12677039	12677125	1
10230021	10230022	1
1067707	1067721	1
4674956	4675483	1
3582441	3582444	1
11237981	11263700	1
9501835	9505195	1
12564813	12565031	1
6479048	6479045	1
2096725	2439905	1
6349568	6349572	1
3302138	3294394	1
5164092	5164091	1
3152628	3383289	1
7263560	7264182	1
5070170	5069272	1
12464739	12465088	1
1083334	1083417	1
10328248	10732010	1
10624057	10627431	1
10382002	10382001	2
10714876	10714871	1
8530706	8530701	1
4746172	4746943	1
11546388	11546281	1
9063270	6755967	2
7374412	7584844	1
4651323	4651324	2
1317789	1405938	2
15824	15821	1
4596388	4596406	1
3937251	3937093	1
5933892	5934620	1
3977980	3974190	1
3821326	3821115	1
6716808	6716807	1
3674662	3674659	4
10598420	10598289	2
12360975	12360976	1
6984267	6984270	2
3494287	3494257	1
5053615	5053616	4
6459955	6459956	1
5119724	657587	1
5923973	5923974	3
8001635	9850044	1
9777027	9788879	1
670188	670187	3
92995	91743	1
3737504	3748047	1
584660	584637	1
7863542	7863592	1
4250776	4232349	1
1117702	1535508	3
1092057	1092058	3
6875731	6876137	1
9736370	9736369	1
2444859	2444860	2
5506525	5506509	2
9989501	11919599	1
11658427	11658428	1
3354936	3354935	2
10517185	10517186	1
3440274	3437898	1
12656539	12656540	2
809088	809091	1
5095483	5095484	1
671082	605875	1
3608584	3621431	1
985216	989656	1
6415035	6416690	1
5759218	5637353	1
974830	980639	1
6868075	6868937	1
5949221	5949224	1
4745851	4671160	1
9582333	9582334	1
7573615	7573624	1
11425694	11425190	1
5643816	5661341	3
1795113	1796474	2
9622962	9554124	1
5936770	3925581	1
10307204	10757954	1
6998412	5549637	2
10838009	10838010	1
5844381	5843088	1
11270877	11270878	1
3891655	3891656	1
6132255	6132913	1
1018755	1018756	1
6189908	6189911	1
3614607	3616410	1
8216786	8216715	1
7626037	7626038	1
3407189	3407192	1
8760399	8760325	1
6584445	6584446	1
6396276	6335831	1
6447940	6448175	1
9317211	9317212	2
11749218	11749915	1
4384439	4384440	1
7780715	7780716	2
9273011	9272939	2
4638957	4694980	1
1037169	1037170	1
2774847	2773500	1
3755159	3755160	3
3696337	3696491	1
7933147	9427269	2
11132595	11132622	1
6762318	6762301	1
10423451	10423366	1
8475003	8475013	2
12687085	8318992	1
5529382	5529381	1
716759	720593	1
12608976	12608964	1
11865812	11865803	1
8878883	8878866	1
3943940	3941138	1
6340687	6349158	1
9871331	9871335	1
100263	114703	1
6848649	6848650	5
3218197	3137218	1
5283766	5318924	1
6458415	6458416	1
9374337	9374327	1
10151331	10151342	1
9066426	8749393	1
11120397	11120398	3
5629123	5629124	1
6353102	6353123	1
7528864	7529201	1
1114570	1114594	1
6371010	6587831	1
8222367	8199948	1
7654556	7651512	1
6287045	6287050	1
11721271	11750706	2
283800	283691	1
6844259	6844744	1
843295	518701	1
5109194	5108823	2
7640240	7640373	1
9851304	10309071	1
6606973	6606974	1
3500866	3499354	1
3947027	3947028	1
4058712	4057079	1
2843593	2843600	1
9384468	9384467	6
4187169	4185886	1
5646783	5646786	1
2998720	2932580	1
8839792	8864995	2
273042	272738	2
2687588	2687599	1
783162	760943	1
7771572	7771660	1
11932335	11932336	1
6070098	6070069	1
4323131	4323132	1
10165793	10165985	3
9284744	9284424	2
7486404	7480038	1
11009750	11009675	2
5073102	5073805	1
7826344	7826339	1
9849505	10699135	1
1519444	1505991	1
3071709	3071696	1
7669627	7669628	1
3961666	4041774	2
2631206	2631151	2
5070944	5070943	3
858264	856577	1
5448475	5398833	1
5574505	5574506	1
10081847	10081646	1
10781436	10782014	1
7451320	7451319	1
4831568	4831575	2
325704	589004	1
787830	787826	1
6849786	6849785	1
583260	584969	1
5041887	5042886	1
12199571	12199052	1
1872581	1872640	2
10877964	10876127	1
3541836	3800622	1
5401040	5401039	2
12420296	12420424	1
10765071	10764759	1
949408	949284	2
10026331	10026332	1
2643134	2643087	2
7102003	7001203	1
10287623	10287624	1
4955427	4956881	1
4626000	4616089	1
7076395	7076396	2
5877027	2441396	2
9364601	9365342	1
9526911	9526853	2
9009203	9009204	1
7446345	7446364	1
6468270	6461922	2
9884441	10534188	3
777615	777616	1
12302243	12302244	1
2927181	2929466	3
10004035	10001453	1
5342245	5350042	1
6123281	6123329	1
2529300	2529297	2
8924866	11000204	1
7660865	7660866	1
2476575	2476560	2
611903	167433	3
9520829	9520849	2
3271847	3028500	1
2379343	2379344	2
826305	823790	4
7586149	7586199	1
11018392	11018224	1
2211042	2211041	1
2648016	2647975	1
3496228	3496209	1
7251199	7251200	1
6306453	6253239	1
2226076	2224047	1
3012037	3012038	1
5285664	5285688	2
2260457	2260458	2
9435799	9436092	1
8928336	8928646	1
6088596	6058790	5
4711221	4711260	2
3012687	3325167	1
5160991	5160971	1
1145196	1148814	1
10956038	10956435	1
4729273	4729276	1
9320375	4867032	1
11149078	11149064	2
9593313	9593316	1
8409819	8466131	1
8357192	8357189	1
10997382	10997379	1
1697391	1697667	1
6359098	6359837	1
6004095	6004119	1
4187808	4187807	1
7957112	7957664	1
6769482	6769479	1
12777701	12777575	2
9644640	9644660	1
1236250	1236420	1
4343000	4342999	1
1271153	1271154	1
4217264	4216843	1
1792344	1792343	1
5267365	5267366	1
1398809	1398810	1
5948690	5948636	5
1091056	1091060	1
2532887	2536488	1
12003916	11999984	1
7581754	7583164	3
22513	22489	2
3943454	3943677	1
4381966	4381965	1
9021742	9021741	1
1757437	1757438	2
1546725	1557028	1
6261270	6261269	1
5589668	5589667	1
1336081	1336687	1
4992805	4993457	1
7911058	7912162	1
4699444	7965460	5
3515636	3526121	1
9144242	8917153	1
2585163	2584919	1
1785263	1785227	2
1796108	1796076	1
5860818	5860690	1
4270903	4270904	1
1243224	1243221	1
6027174	6037198	1
8683625	8683650	1
9922753	9930599	1
4438347	2715978	2
5808143	5808144	2
6716038	6716682	1
3202005	3202189	1
277186	276325	1
8655238	8655258	1
1330501	1332388	2
10780132	6293912	1
7155896	7155996	1
4572920	4572930	2
7027217	7027109	1
5537057	5537060	1
2945934	2945931	1
8581770	8580580	1
18953	18940	1
7819746	7814884	1
3743645	3743451	1
10392312	10393299	1
11259688	11259687	1
6981492	6981491	1
3933559	3747741	1
2222264	2222225	1
6168822	6169734	1
10232835	771936	2
7422635	7422636	2
5848193	5848190	1
4242959	4329589	1
7007411	7007412	1
5422755	5422436	1
6063577	6063200	1
11982096	11982153	1
10257773	10257732	1
8613510	5394661	1
3368576	3368243	1
12036771	12036772	2
11029916	10968745	1
2889775	2889821	1
6066560	6066556	1
4511416	4517289	2
9748182	9745228	1
11046045	11046046	1
8399494	8399568	1
12770012	12770011	1
2129772	2088246	1
3541843	3541844	1
6885062	6885082	1
9277569	5530302	1
3853777	3853778	2
6907177	6907213	1
2954777	2954784	1
7802985	7802986	2
11405682	11405679	2
6249075	6249265	1
8212877	8220277	1
585294	585469	1
709945	709976	1
2941530	2941529	1
4666061	4666151	1
10359602	10359601	2
6533620	6533619	2
5495133	5495149	1
2770900	2771940	1
4476501	4476137	1
8325146	8325145	2
8333920	8334353	1
5655157	5655158	1
4214742	4214741	1
5154373	5154374	1
3603991	3603992	1
4051698	4052570	1
9424511	9424512	1
3898364	3898363	1
7837881	7837787	1
11581512	7309359	1
1283076	1168729	2
5997012	3752835	1
9703314	9703780	1
5621700	5633831	1
12330896	12330933	2
6186625	6186560	1
1024529	1024459	1
2974736	2974724	1
4714376	4714468	2
6317029	6317032	1
5973003	5991351	1
2552199	2552200	1
2964161	2964162	2
3366642	3366525	1
8022434	8022436	1
9901131	9901132	1
3867920	3875885	1
9069470	9069469	1
12652356	12652365	1
6142032	6142031	1
6029107	6029761	3
8347847	8347894	2
12224440	12224430	2
2439666	2440236	2
7346433	4716990	1
3782083	3782084	2
6851230	6851854	1
2297105	2297108	1
4913078	4913070	2
7398407	10763158	1
4842917	415419	1
9810199	9810039	1
1091255	7106301	1
7344565	7343106	1
5717318	3306031	1
5675079	2141029	2
10415353	10414901	1
4592597	4592631	1
7705983	7706434	1
7287868	7287936	2
10625364	10708365	1
11048710	11048672	1
4476144	4476143	1
11713226	11713225	1
4057076	4057075	3
1183428	1183425	1
9786416	9781547	1
6040008	6040007	1
9955881	9955963	2
10460767	10465953	1
4208920	4313508	1
3301425	5756512	1
9392175	11091076	2
11852130	11852125	2
9501210	9501185	1
2086557	2419151	1
6395018	6394530	1
4926737	4926738	3
4736501	4736182	1
10640370	10640360	1
10710537	10710538	1
5929132	5712009	1
5898939	5898940	2
2006260	2319003	1
11313436	11313385	1
3250427	3250243	1
3028025	3028026	2
11712408	11776221	1
2722255	2722256	2
7983056	7981858	1
12656541	12351778	2
6421428	6421839	1
3881323	3886991	1
7362909	7363292	1
3960431	3960441	1
2482108	2482107	2
9934312	9934384	1
3296093	3296094	1
9809180	9809192	1
9346940	9346939	2
6980187	6980069	1
11466038	11466041	1
640033	640034	1
1541288	1541287	3
10362092	10362122	1
6730268	6716069	1
8016990	8016987	1
5649182	5918231	1
10687336	10687335	2
3773144	5941752	1
8243879	8243392	1
6487590	6487529	2
339948	339284	1
1363856	1363960	2
12649045	12667274	1
10979323	10978067	1
7556620	7566065	1
2853106	2853134	3
10637129	10637115	1
1332836	1332833	1
5541345	5541346	1
5244051	5221348	1
9742331	9741595	1
2312332	2312331	2
1085966	1085965	1
8722469	8714724	1
8627638	8629107	1
8900095	8900091	1
719701	719702	1
9320375	9320376	1
2213674	9287827	1
1473134	1473198	1
7652639	7652613	1
7446442	7446441	1
5309745	5309867	1
5847736	12799362	1
8566875	8566847	1
6304940	6305360	1
12176043	12176044	1
11521621	11521622	2
6097815	5821852	1
10238171	10238172	1
1279237	1056313	1
8399108	8399107	3
7671103	7671104	2
12688505	12688584	1
6769586	9111016	2
6096841	6096842	1
11302510	11302551	1
8086369	8083615	1
5740654	5739490	1
7926179	7926180	4
9758508	9758507	2
11262143	11262475	1
1434189	1435051	1
2674670	2678776	2
5347349	5347550	1
10423018	10423017	2
9960388	9962368	1
5384836	5383455	1
12445786	12265611	1
290258	290257	1
9493748	9493759	1
1640115	1640116	2
1767408	1767407	1
2276330	2276308	1
4456173	4455249	1
8423765	8423940	1
2054476	2056319	1
422924	1321164	1
6315362	6315700	1
11510748	11105874	1
8052876	8052870	1
12202086	12202085	2
3989451	3990231	1
3396269	3396299	1
8399697	8399724	1
3638666	3639526	1
11217998	6326955	1
126410	670184	1
2161190	2161094	1
6781455	6781456	1
5049328	5049327	2
10108859	10108860	2
3383392	3383324	3
7550828	7550886	1
164621	3552927	2
3652684	3652683	1
6164896	6166011	2
3932118	3932117	1
6544625	6544562	1
9704836	9704862	2
7086557	7065288	1
1544675	1543070	1
9074119	8956521	1
3544121	3544143	1
5572295	10883293	2
753625	753650	1
7334002	7334063	1
7512453	7513513	2
11831720	11830379	1
6902179	6902087	1
6234353	6689919	1
1531819	1531820	3
11567440	11566682	2
8044488	8044485	1
1939794	1899819	1
3277805	3277806	1
11073553	11072724	1
639516	639515	1
9120453	9120454	1
7398819	7398828	2
8776293	8776480	1
12352080	12344354	1
8973210	8972593	1
6377852	6377849	1
1343730	1529167	2
10764151	7392070	1
2793618	2793617	1
11792434	11883129	1
3525222	3525250	1
5804485	5804428	1
10064687	10064688	1
12363660	12365425	1
9133425	9133953	1
4180429	4180430	1
5802313	5802314	1
11778820	11783975	1
2729364	2729363	2
1373172	1372942	1
6037710	6037709	1
2113186	2113262	2
10420359	10420339	1
3771535	3770802	1
8228943	8232830	2
11281645	11281818	1
3913653	3913654	1
6265123	6265124	1
10255889	10255890	5
12436105	12439221	1
12351216	12351227	1
8179823	8179817	2
2012633	2012634	2
5917677	3613936	1
8226874	8226488	1
3992710	3992709	5
7339061	7339062	1
1779243	1782735	1
512373	512352	2
3136402	3137290	1
2659946	2659147	1
1540278	1541621	1
964269	963793	1
800541	800523	1
3278304	3278297	1
6470292	10433927	1
2548157	2605607	1
5070599	5072468	3
12204388	12204387	1
148201	148202	1
2176544	2180831	1
8611312	8611311	1
8301721	8301722	2
11284837	11284899	1
3149336	3149335	1
3484773	3484774	2
9244390	9246358	1
114718	150534	1
4323127	4323132	1
4041583	4041584	2
4065662	4065644	3
4042557	4042558	2
2415854	2415853	1
5677994	5677991	1
10335821	10347208	1
5635889	5635890	1
12121139	12160331	2
9827443	10038627	4
1035165	1034865	3
6137121	6137122	1
5692175	5692785	1
8630852	8630851	2
7573765	7969799	1
8463803	8463787	1
1593143	1591884	1
5677685	5677449	1
1426870	1629530	1
5655845	5655846	1
6852620	6852619	1
6242484	6242483	4
7620477	7675743	1
2817797	2817798	3
10109849	10109871	1
11378208	11378733	2
11941211	11940210	1
5213221	5212720	1
3288576	3289625	2
5068467	5068899	1
1765327	8886630	1
11284694	11246186	1
6665061	6665881	1
2891921	2891947	1
11012599	10981464	1
1093987	1094374	1
10380609	10380612	1
7990306	7990312	1
11676159	11680590	1
5993799	6006021	1
5209579	5208986	1
10622166	10622193	1
2043560	2043555	1
9382063	9382064	1
4651757	4651588	1
10373598	12569032	1
11521292	11521291	1
7246773	1724723	1
2899139	2899144	1
7022663	7022664	2
4421427	4417444	1
42366	39064	1
7094669	7095739	1
12199631	12199762	1
4706759	4703895	2
9364876	9364875	2
4532104	4530164	1
3387208	3387205	2
2631208	2631207	2
5369573	5369517	1
11010697	11010731	1
10769261	10769275	1
4566801	4566572	1
7979422	4797717	1
11842223	11837712	1
10444851	10444583	1
4956027	6756249	1
8768479	8768656	1
8005814	8005946	1
7830832	7830827	1
2836742	2837106	1
4425762	4405820	1
9814781	10098804	2
6269131	6269132	2
1755834	1755833	3
7967408	7967407	1
9938969	9937508	2
5356578	9747544	1
418182	418179	1
5948231	5960890	1
11303860	11303859	1
3398685	3398686	2
4917768	4917771	1
3652682	3652681	1
8491797	8491850	1
849579	849592	1
8505616	3462317	1
5129153	5129169	1
12685734	12685733	1
4045598	4045597	2
5948318	5948317	1
11871941	11871946	1
7696828	7696827	2
8752778	8732254	1
3072227	3072228	1
12397724	12397723	2
6493553	6493554	2
6663675	10999644	2
3870083	3870084	1
9177723	9177731	3
3607339	3607340	1
4490910	4490909	1
7335222	7334240	2
9042567	9053471	1
10463376	10463047	2
891367	8723341	1
12717714	12717698	1
7337937	7326302	1
1402892	1402876	1
3412662	3412919	1
515142	515373	1
4696346	4693328	1
9668158	9669633	1
5734348	5726135	1
5526041	5526044	1
8839840	8869361	1
6116797	6116119	1
10850790	10850787	1
10413339	10413390	1
7965381	7965392	1
8078395	8078396	2
4039280	4029084	1
1135060	1135018	1
11398218	11398217	1
2909731	2909732	2
3857462	3857461	2
4347978	3300475	2
2867418	2867417	1
2119555	2120111	1
12377124	12377123	1
11826135	11826136	1
5587130	9712411	1
10064137	10116611	1
3204082	5528247	1
6850770	7446423	1
3608863	3608864	1
587053	587054	1
6478805	6481521	1
4618038	4618258	2
9238160	9241576	1
10563056	10563059	1
913804	911590	1
8088437	8088504	1
11249669	11250043	1
9641866	9641865	1
11851435	11678784	1
675075	675042	1
3275700	3229274	1
10393091	10393092	1
1027382	1027015	2
3694446	3694080	1
7428325	7428326	1
5127238	5128055	1
1338950	1257418	1
8827041	8826751	1
9778507	9778511	1
9921139	9921113	1
10983884	10983883	1
6953989	6953301	1
3070803	3073944	1
3300232	3300268	2
5950220	5950187	1
4397061	4396964	1
657276	657275	1
449545	449546	2
4863254	4862787	2
6027880	6025139	1
5610833	5610834	1
7436265	7436266	1
4382807	4305782	2
144755	144734	1
8099138	8099137	1
3210457	3210167	1
913071	913048	1
3484775	3484776	2
11399698	4546290	1
3295762	5755561	1
12207932	12209320	3
1215281	1325202	1
402845	402846	1
5963045	2843836	1
5628557	5610263	5
7907509	7907510	1
6058022	6137394	1
6115546	6115436	1
9665551	9665552	2
8859620	8858991	1
4307201	4307504	2
3739939	3743421	2
3060344	3060349	1
8939587	9012014	1
8860791	11008551	1
231347	231348	2
847053	847054	1
2788327	2788345	2
3755161	3755162	3
10920976	10920434	1
84849	3394529	3
3524247	3514311	1
5866447	5866043	3
2324024	2324027	1
1137989	1137990	1
5760495	5760496	2
2454587	2453655	1
5635768	5631370	1
8661821	8661849	1
2876826	2876056	1
2082503	2062512	3
12574141	12574144	1
1234595	4410622	1
7189558	10385546	2
5049902	5050617	1
8501739	8501734	1
4631362	4685350	1
11151795	11151796	4
12355653	12355566	1
7133901	7133624	1
12651061	12651062	1
4054842	4056070	1
8804616	8804615	1
2958290	2958224	1
3336459	3336460	2
3802708	3802665	2
8734488	8720664	1
10466701	10466694	1
1872129	1872130	3
10018632	10034277	1
6778038	6778251	1
1237842	1237839	1
7446331	7446361	1
712936	712952	2
1065384	1035796	2
6006345	6006346	1
9713074	9712156	2
4840213	4840214	3
651092	651111	3
8572788	8547742	1
668088	668101	1
12237694	12237693	1
9354493	7693862	1
10811979	10811982	1
7237933	7237934	1
11179771	11182922	1
9389150	9389149	2
1845760	1845743	1
10037178	10038002	1
9125391	9128055	1
7372399	7372447	1
1148699	1148656	1
1040720	1040616	1
3410070	8602529	1
1119160	1119150	1
8280122	8280121	1
1098825	1098826	1
51796	351639	1
7346841	7346806	1
6124810	6124809	1
5266893	5266903	5
9131553	9131554	1
3085945	3085946	1
3102785	8739426	3
11333528	11333255	1
8110339	8110963	1
5380705	5380706	5
4187457	4187458	1
209400	209378	1
2180350	2180349	1
11128247	10974971	1
720819	722950	1
9616282	9616281	2
305906	305928	2
6657996	6322781	1
8218425	1943930	1
4065046	4065045	1
1901071	1902535	1
1457956	1664350	1
8725808	8725811	1
8640179	8640180	1
9841737	9841738	2
5249893	5249823	1
3246691	6130264	1
7622791	7622809	2
12787511	12787227	2
11936796	11936824	1
3877014	3876549	2
161215	168113	1
6541094	6541093	1
12514612	12514597	1
10592051	9989423	1
9823254	9823170	1
9098778	9098737	1
5648570	5648533	1
3429586	4037828	1
8696014	3134695	1
3429532	3442908	1
10755088	10356209	1
8972854	3303663	1
49124	49121	1
2522547	2522508	1
6308728	6308283	1
10520409	10520141	2
10437213	10433859	1
11521290	11521222	2
11388097	11388085	1
2021854	2021910	1
1778533	1778337	1
8998225	8998256	1
4788216	4789729	1
12482640	12482509	1
6097858	6097823	1
4435658	4435657	1
661534	661807	1
5647351	5647352	2
622591	618188	1
11325918	11352096	1
2198186	2199549	1
9447695	7461424	1
12619753	12619953	1
3680302	3681507	1
4583985	12483684	1
4701122	4701153	1
3604741	3611802	2
2214673	2214843	1
10376163	10380612	1
8287820	8287836	1
6559363	6557459	2
8292542	8292570	1
4783019	4783013	1
10503340	10500469	1
8490873	8500730	2
926130	926129	1
8631785	8621627	1
208056	211226	1
7437122	7437141	1
11432562	11429761	1
5888703	5890347	1
11616057	11616043	1
2128812	2128895	1
2671128	2958187	3
11824961	7491858	1
4673478	4673477	2
7687102	4367831	2
12779621	12779692	1
3143623	3194081	1
11561715	11561716	1
10565459	10565504	2
10824331	10824332	3
10886308	10886196	2
4876004	5590389	1
6038647	6038645	1
9512317	9286973	1
106561	106564	1
4715980	4716274	1
10976343	11120396	1
5463530	5463571	1
6125836	6124811	1
1633962	2307290	1
9593290	9593287	1
6792248	1674784	1
3127334	3127333	2
8231121	8231122	2
9324030	7806184	1
262379	262640	1
6809380	6752358	1
11255767	11257035	1
3294255	6109937	1
10279770	10279649	1
11714969	11714955	1
1592464	1592565	2
11166109	11166603	1
2461789	2461790	2
3582283	3582284	1
4280949	4280950	1
10213867	10215504	4
3238434	3237308	2
3302580	6187519	1
8821936	8822458	1
9619496	9620750	1
8572685	8573480	1
4787029	4787032	1
12139366	12139373	1
8651640	8651639	1
8841103	8841104	2
10976343	10976344	1
11328935	11328936	1
8260287	8260288	1
3407292	8601676	2
4196383	4219589	1
12266638	12266637	2
6226403	6225118	1
12226362	12226399	1
3023459	2837305	2
6892411	6892412	3
8735305	8735306	1
1545693	1545694	1
1481696	1484165	1
2190910	2190995	1
7505282	7505285	1
6681963	6682148	1
1338240	1338900	1
818437	818438	2
1161078	1157602	1
1845762	1845761	1
9129929	9007632	2
9159669	9159670	1
504809	10217000	1
9254003	9254004	1
11057794	11069771	1
3766550	3817510	1
717545	717546	1
5164371	5164398	1
12228029	12225923	2
8768477	8768478	3
7575070	7575014	2
8399112	8399109	2
9542342	9531824	2
10566652	10566651	2
6849788	6849787	1
1415288	1416503	1
2708743	2707852	1
6534240	6534147	1
11663789	3985433	1
6693268	6693267	1
6617130	6682071	1
7340720	7041052	1
3965848	3965819	1
9091038	9091037	1
4559302	4357039	1
6104473	6104361	1
662725	6682668	1
12572275	12565739	1
12182365	12182366	1
2923648	2923571	1
3852661	4116929	1
4494740	4494739	1
7128724	7129166	1
9914605	9914601	2
1105470	1105439	1
8451263	8451264	1
3418070	3418207	1
2229165	2229166	2
9064998	8752959	1
6351001	6351034	1
10053960	10053959	1
4553055	4553056	2
10257518	10257515	1
4500045	4496533	1
8326522	8326757	2
6925594	6925600	1
2785716	2785766	2
9778473	9778498	1
4118020	6037233	1
532676	532681	1
12779176	12781783	1
11175917	11154533	2
10802818	8040516	1
6446431	6451073	1
9961105	10444653	1
8103605	8099954	1
12681351	10359582	1
9436097	9436098	2
5466610	5466504	2
3714808	3717290	1
5420216	5420213	1
9472209	9471397	1
3409585	3602366	1
7114432	7114431	1
11467167	11467168	1
3646048	3654150	1
10824333	11154621	1
758491	758988	1
6242591	6242592	2
6676014	11003775	2
815742	817169	3
3709244	3709248	1
7504305	7504316	2
10510342	10509713	1
2645556	2646994	1
5598596	5598677	1
4577792	4581690	1
7327277	7327745	1
2709810	2709809	1
5710486	5689716	1
6562064	6562063	2
2265081	2265082	1
2058710	2058707	2
5362985	11266350	1
5345029	5345032	2
228231	228232	2
1274559	1274503	1
597687	438675	1
8569562	8568941	3
10411484	10411483	2
2583555	2583556	1
3924673	3924010	1
10550671	10550705	1
10435320	10435255	1
2702341	2702326	2
12613630	12745580	1
5876741	5876742	1
8175730	8175729	1
3146583	3146581	1
7978933	7977966	1
8483340	5842514	1
1384613	1384624	1
7227471	7227450	1
9863280	9863197	2
7713267	7713885	1
2795635	2793740	1
6027326	6025183	1
12153705	12153696	1
3827677	3799257	1
4057698	4056372	1
2341610	2341582	1
12574145	12574124	1
5240062	5240288	1
897380	8706569	2
4299232	4299187	1
4430474	4430516	1
5845645	5845633	2
3609994	3609993	1
10508307	10508317	1
3034095	3032680	1
6275233	6275748	1
8851023	8851024	2
10483689	10483699	1
9273646	10359601	2
7508962	7804294	1
7567010	7567007	1
1832822	1800762	1
4499273	4803702	1
2286046	2286041	1
9923437	9923438	1
5146798	5146713	1
7309652	7309171	1
1735913	1735920	1
11259686	11281641	1
2035741	2035744	1
8768657	8768658	1
9899314	9899313	1
6128119	6128018	1
6450199	6450219	1
352891	6658629	1
2256158	2255549	2
8033262	8033261	3
2554723	2373801	1
8005898	8005897	3
662603	6619843	1
4115888	4115860	2
1636975	1636976	1
1241573	1241574	1
1784513	1784478	1
1724726	1724723	1
7023840	7023837	1
5208257	5208291	4
8029882	8029636	1
1680661	6796991	1
12612084	12612083	1
3062237	3062268	1
4128006	4128005	1
6330356	6353322	1
7203536	7205563	1
3569272	3569269	1
4365260	4365286	3
2367705	2381717	1
1175984	10258510	1
12486316	12486315	1
8237652	8394817	1
3930964	3930963	3
2807949	2808002	1
10876891	10905033	1
8474818	8462640	1
2375859	2376680	1
6753355	5082148	1
9307399	9307400	2
11004698	11010624	3
9371322	9359970	2
5225377	5229182	1
3464924	3464662	2
4786517	4786507	3
1648110	1648109	2
9360122	9452115	1
7328610	7328874	1
295031	295032	2
1122486	1206716	1
9790801	9790802	2
7615137	7615138	1
8984566	1830106	1
6420255	6421882	2
11126202	11126201	1
10817711	10817683	1
11164327	11164328	1
7697055	7185202	1
10902987	10902988	2
7968167	7967903	3
3496217	8582271	1
10396458	10385658	1
6521881	6521882	1
5792384	5791968	2
8786267	8786268	1
10989473	10989409	1
11631935	11631892	1
12695611	12695612	1
11453531	11448768	1
6273286	6273261	1
6856494	6856481	1
3328135	3329043	1
11071590	11058353	1
2890797	2890798	1
5600143	5600144	2
1604437	9635782	1
11357284	11307886	1
322118	10222612	1
11100534	11100802	1
7773374	7769208	1
6022282	3352499	1
4643498	4627243	1
5257922	5257942	1
6184676	2341859	1
5349423	5331820	1
2205254	2293230	1
11371155	11371156	2
67538	67537	5
7414183	7414164	1
9827066	9826874	1
3779473	3779474	1
5622095	5622098	2
11128015	11128016	2
6269127	6269132	1
3868367	3868368	2
4709692	4709609	1
903757	903758	1
5718308	5718311	1
11762795	9969965	1
6192057	6192058	1
4137234	4137244	1
101963	101917	1
4669818	4669817	1
166946	290730	1
12783651	6546420	1
8850646	8850635	2
6181998	2343237	1
6423306	3910636	1
2467958	2467993	1
5360839	5360828	1
3008942	3008932	1
8688843	8688844	1
8432746	8430713	2
7592886	7592885	1
6945497	6947596	1
11178165	11178166	3
4138410	4138413	1
5613583	5613639	1
1720490	1720513	1
5543075	5542970	2
12478137	12478138	1
9943310	10689457	1
8680048	8679802	1
270476	270446	1
5719929	5719935	2
11545845	11545854	2
1791510	1791547	1
10209183	10209125	1
7779589	9521212	1
6083924	6084053	1
8108082	8108076	1
5009185	5009075	1
10415612	10333469	1
5645501	5645278	1
4822933	7985094	1
7278822	7282959	1
8093286	8093277	1
6270290	6270289	1
2024935	2026484	1
4742501	4742617	2
10002932	10002752	1
8959313	8959202	1
3620300	3620299	1
5263438	5263454	1
8745487	8745673	1
12289901	12290021	1
11911021	11910974	1
6882835	8812062	1
6400715	6320787	2
6433808	6436410	1
11960025	11959868	1
1293692	1293689	1
2621637	2621638	2
11561742	11561714	1
1047816	1047815	1
4611478	4611475	1
1994368	1994367	1
8166911	8166912	1
3138670	3136595	1
3444472	3444442	1
4544558	4544548	2
5014116	4921061	2
5987912	6215998	1
1006094	1006093	4
3205132	3205228	1
11746311	5617087	1
7586986	7592300	2
1159158	1154219	1
4575327	4575563	1
6569313	1549637	1
1271528	1269836	1
5883693	5901595	1
1485775	6706232	1
5590191	5590192	3
12468334	12468800	1
3694147	3694148	1
11266858	11266854	2
607355	607356	1
12450484	12450459	3
8652466	8652451	1
5271157	5271158	1
356708	356747	1
6015328	6015327	1
34992	27162	1
12785462	12785481	2
7340088	7340902	1
3509274	3575291	1
5521125	5521394	1
7237307	7230973	4
11121707	11121881	1
2133233	2133234	1
3757137	3757139	1
10736852	10739147	3
7890213	7890235	1
514230	474581	1
9176934	9176931	1
2430839	5903728	1
5976417	5976418	2
3358519	3358394	2
11361204	11361201	1
2780552	2780551	1
4164654	4397189	1
3562325	3562326	1
10905562	10905690	2
1101686	1101715	1
11340498	11340540	3
1832222	1832218	1
4716471	4716472	1
12615631	12615632	1
10924861	10924862	1
2602111	2576051	2
8793150	8792295	1
3646536	3654106	2
9724406	9724405	1
3690278	6119496	1
5597174	5597171	1
4723780	4723779	2
8851711	8851318	1
6870062	6871672	1
812152	813411	1
2180501	2180502	2
8958296	8958293	1
5656235	5655807	1
9139697	9189260	1
9120336	9120335	1
4314363	4314364	1
11527525	11525255	1
8003680	8003679	3
7841684	7841672	1
9864325	9864328	1
7143803	7143835	1
4877677	4877678	1
6384714	6384713	1
3721356	3722812	1
4853952	4853963	1
5845223	3471036	1
12423060	12423057	1
6220199	6220200	1
12304589	12305131	2
1953021	1953022	2
6017390	6017389	1
65486	65391	1
4573902	4573985	1
3832702	3886917	1
3933283	3932062	1
11472293	11082141	1
2461791	2479908	2
6216851	4048142	1
10317680	10317679	1
583640	583632	1
3360705	3186546	1
7854288	7902266	3
772619	772620	1
2336139	2336140	2
12379072	12379069	1
9365016	9365015	1
7614951	7614952	2
1881643	1883174	1
11374221	11374826	2
1639913	1640114	2
1232579	1232580	1
1766461	1764728	1
176642	176641	1
10332447	10332328	1
2797322	2797321	2
7526800	7501466	3
12775534	12775531	1
155903	155904	1
6135133	6139715	1
10171725	10171726	1
7492369	11824856	1
1633962	1627313	1
4374150	4373967	1
3633769	3633202	1
806064	806038	1
5056551	9323442	1
11177826	11178164	2
3278012	3278059	1
3928266	3928180	1
5814260	5814259	1
1467401	1467383	1
4514486	4605968	1
938355	896988	2
4647626	4647625	1
2780633	2783012	1
4060431	4060377	1
7406133	7405916	1
10356920	10359250	1
3124341	3123395	2
10456373	10457572	1
3936529	3936530	1
8540696	8540861	1
1127501	1127466	1
11347445	11343994	1
4574310	4574298	1
7531397	7883199	1
8557616	8557945	1
1306126	1306112	1
4015166	4015163	1
1623507	1623508	1
6204122	6201086	2
6528494	6528572	1
6886324	6886358	1
7874177	7874145	1
11791510	11791468	1
6757880	9113294	1
9614741	9614742	1
7802172	7802169	1
6104976	6105015	1
11802137	11802249	1
3279767	3279801	1
983683	983686	4
10823146	10823125	1
11214875	11214876	1
6009428	6008303	1
9348087	9348075	1
10296394	10296393	1
11728166	11728195	1
252797	252190	1
6004327	6063251	1
2831589	2831590	1
1506071	1506072	1
1116563	10445192	1
8892533	8892601	1
9915914	9955771	1
8959198	8959210	1
11814099	11814100	1
8541415	8541416	1
12197433	12197434	1
2244387	2244388	1
175813	178471	1
10182454	10182324	3
269681	268754	4
10083082	10082898	1
5641078	5641077	1
4020994	5996979	1
9847645	9847646	1
3569272	3569271	1
2761938	2768763	1
7187166	7187121	1
7851097	7851098	2
11549427	11549430	1
4019473	4019474	2
9248098	9248097	1
394128	394127	2
5723386	5723658	1
6492933	6508368	1
12118937	12118938	2
1361889	10451849	1
4176493	4176526	1
2265083	2267094	1
665757	665761	1
1286160	1274278	1
7830834	7830833	2
8989230	6681953	2
9241116	9241115	3
2211436	2211285	1
12196122	12196422	1
10491681	10722989	1
1301842	1301841	4
10832667	10832670	1
4073667	4073549	1
385346	385262	3
9436704	9436703	1
9434873	9434697	4
11073608	11073600	1
8823764	8823792	1
8835069	8835070	3
6690949	6690950	2
1134059	1134060	2
4229971	4229972	2
8483118	5838503	1
12244824	11115170	2
7834899	7828910	1
8191937	8195962	1
1258042	1256768	1
2239237	2235383	1
161929	161930	6
6617692	6617686	2
4222705	4224289	1
11836568	11836584	1
11824774	11808197	2
10169500	10169499	4
11847920	11847919	4
881155	881233	1
4355658	4355917	2
12162001	12162245	1
3667466	3667465	1
1389191	9531793	1
5596553	7191593	1
6198849	6198850	1
1252629	1252630	1
6205442	6205473	1
5704627	5704628	1
366355	366356	1
10387240	10387192	1
8149978	8445281	1
4713801	4712324	1
4079948	3860395	1
4163429	4171129	1
12493438	5941346	1
4084978	4084929	1
7611665	7615758	1
11608442	11608441	1
2160526	2177738	2
3989696	3989686	1
7495107	7495108	1
10803437	10803438	1
5707642	5707641	2
9070739	9069988	2
689936	689935	1
3542329	3542330	1
7781283	7781278	1
3983081	3983082	2
7715562	7715561	1
12141410	12141413	2
1791716	1789108	2
9129622	9129313	1
6109443	6109463	1
12691618	12537513	2
5620972	5621253	1
157336	155349	1
64691	64692	1
8325973	8325974	3
6054415	6054416	1
3142499	3142500	1
3710636	3643402	1
5278485	5277858	2
10712793	10712794	1
2482921	2482922	1
2908586	2908585	1
3857464	3857463	2
5151792	4903041	2
8685939	8685940	1
1269428	1269427	1
5953282	5953281	1
1617393	1617394	1
7835250	7835249	3
9922058	9962601	2
7749597	7749534	1
7498929	7498930	1
9516996	9516995	1
6860985	6860983	3
468532	468539	1
5216587	5216589	1
5462670	5462669	2
401221	402008	1
5578677	5578659	1
10476366	10476343	1
4860425	4860414	1
1189511	1189512	2
5820680	5820679	1
1737524	1737911	1
5849900	5847881	1
7620952	7620951	1
11513560	11371184	1
8059154	8059171	1
3696622	3699533	3
11033500	11031213	1
7788478	7788517	1
6075064	6073891	1
5388069	5388135	1
3202264	3202263	1
1904578	1904581	2
1648106	1648194	1
7178611	7178612	1
4757554	4512793	1
4096445	4096446	2
11579678	11575809	1
9509929	9509101	1
236692	236691	1
11111941	11111942	1
10662535	10665337	1
2047158	2047155	1
4035081	4035086	1
2276330	2276310	1
10300667	10300726	1
417576	417943	1
8223835	8223840	1
9645556	9645598	1
9694351	9694352	1
11010438	11010437	1
12735578	12735586	1
3103243	3102991	1
7232560	7232559	1
10540615	10540616	1
9159724	9159686	1
4003993	4003994	1
5058430	5055672	1
5009415	5009416	1
8574163	8574164	1
3425048	3425084	1
6192198	6192186	1
11235268	11237296	1
1149131	1148256	1
2931524	3065201	1
2482806	2482825	2
11361717	11361718	1
3728900	3730122	1
3668558	3667467	1
3134830	3134829	2
161723	161027	3
1757893	1757894	1
3893250	3893253	1
9255112	9255111	2
6034598	6034555	3
5641151	5641152	1
7967795	7967913	2
7100427	3942291	2
5071758	5081234	2
3968382	3968385	1
997193	997194	1
12236775	12236776	1
665134	665133	1
825005	825006	1
9659723	9676327	1
6772949	6772950	2
2485501	2485502	1
2096907	2096910	2
7091602	7091601	1
5659542	5659728	1
2368270	2368225	1
4917806	4917811	1
1243256	1243255	1
5924444	5924238	2
6142030	6140967	1
1169915	1169240	1
8561560	8554382	1
291087	291589	1
5913042	5913063	2
12746921	12745123	1
6756537	5209163	1
8058963	8058979	1
10759992	10760008	1
6420264	6594662	1
7258468	7262448	1
4758806	4758838	1
696877	697217	1
6621407	6631060	1
675714	675586	1
8999897	8998979	1
8524800	6204899	1
277756	277755	1
8463093	8463094	1
476767	576249	1
10863423	10916127	1
11472607	11472608	3
9905261	7452895	1
346407	346408	1
4546950	4546949	1
11870748	11870747	1
12250081	12250949	1
4161865	6071863	1
3089744	3089743	1
10748203	10748206	4
5431264	5431294	2
1552654	1552653	1
9015508	9018101	2
6987648	7402989	1
5222933	5222943	1
2462109	2455308	1
7022465	7022466	2
7198450	7198563	1
7271699	7271700	1
406987	406161	1
8020152	8020207	2
11383984	11383257	1
10897942	10897903	1
5436697	5431683	1
10760833	10348373	4
1460128	1460131	1
9359713	9359716	1
1638477	1641355	2
5878702	5802217	1
8468283	8468892	1
11757396	11757395	1
10621494	10613779	1
9467060	9467039	1
5108126	5120642	2
122598	128741	1
11856158	11856155	1
7760437	7760490	3
3913753	3913710	1
11407381	11407126	2
11171695	11171696	1
292074	611836	2
8972278	8972006	1
7668035	7668056	1
9799230	9793220	1
2766488	2641794	1
4531263	4531278	1
228233	228234	1
12495624	12648843	1
3982587	3982590	3
5811011	5811012	1
1943258	1943266	1
9792017	9792024	1
11328354	11331276	2
11155287	11193881	2
6004363	6004358	1
8515227	5246826	1
758354	759314	3
6183850	6183855	1
1591462	1591431	1
7766080	7766077	2
8399695	8399696	1
3364631	3364616	1
5805386	5805391	1
8997708	8997707	2
2666527	10468230	4
9259942	9260595	2
6667433	6667434	1
11682362	11682361	1
6842527	6842538	1
11041490	11041372	1
4662835	4662836	1
5364083	5364084	1
4575368	4576733	1
11153925	11152907	1
4533846	4533852	1
3535712	5953711	1
3377639	3375335	2
11567987	11567979	2
6328370	6328369	2
8373441	8373442	1
5976009	5976010	1
4040302	4040463	1
12772706	12772709	1
6092898	6083233	2
450117	450118	1
440938	440961	1
6447091	6537294	1
11261124	11262016	3
5615986	11904015	1
10708364	2513721	1
6165540	6164412	1
513724	513723	1
2575947	2575948	1
9768967	9768861	2
11513337	11513677	1
9753705	9758835	2
7419483	7419484	1
9182056	9181509	1
9273540	9273594	1
12456982	12456987	1
4724916	4733928	2
3600458	3600457	1
829068	829058	1
10856473	10856359	1
10285472	10285471	1
4038775	311930	1
4023628	4023645	3
10339956	10339969	1
2931502	2928973	2
1742294	1742293	1
8569626	8569793	2
7638981	7638724	1
2015527	2015318	1
11318305	11318316	1
804802	804783	1
4550796	4550757	2
8047490	8047513	1
5411675	5411949	2
3320705	5694319	1
6610391	6672399	3
8824040	8824064	1
12184771	12184767	1
2343142	2343133	2
7787344	9251080	2
5007142	5005999	2
11046560	11046603	2
1360961	1360958	1
8369183	8369204	1
1655953	1655902	1
5578677	5579656	1
5724265	12393268	1
6390440	6390483	2
10555727	10555743	1
9593288	9593287	2
8622842	8622821	1
11585956	7352461	1
8024521	8024531	1
3487361	3487392	1
3589158	3589261	1
6330102	6329873	1
5572295	10883297	1
9715074	9711858	1
6950463	2825346	1
6183466	6183463	1
5441972	5442061	2
5336406	5339958	1
5920273	5753377	1
866955	6846998	1
10389040	9178180	1
8250858	8250768	1
2233509	2233510	1
2761808	2761774	2
6250351	6254942	1
7803181	7803167	1
12592322	12592039	1
4028184	4027787	1
8183914	8183913	2
4453370	4453356	2
6212764	6212784	2
8373319	8508250	2
8526348	8526347	1
2396435	2388895	1
12780199	12779061	1
9097733	9097746	1
11833413	11933831	1
11583398	11583410	1
3803092	3806517	1
7744092	7744091	1
4035367	4035389	1
4209008	4214682	3
850809	846676	1
11935127	11935128	2
1167827	1167828	1
5053226	5053223	1
4272965	4273753	1
2582355	2580468	3
6431831	6431832	2
3980302	8572624	2
9974251	9971438	1
1860445	1860663	1
10972346	10972357	3
5392363	5392407	1
12271426	5720726	1
3736181	3736182	1
10542411	10552032	1
12420336	12416045	1
1743391	1743392	1
10396277	10385642	1
5595366	5595363	2
3094698	3094712	1
103484	103524	2
6358894	6358893	1
12324136	12324117	1
4112440	4113490	1
8218423	8218424	1
2536144	2536983	1
3212361	5460490	1
11907286	11907291	1
4336040	4335953	4
2469901	2365987	1
5511898	5511854	1
3473917	8199280	1
11244145	11243421	1
7451111	7451321	2
6755968	6755967	1
2861519	11327229	1
4053631	6491405	1
2370022	2369987	1
7975376	4839398	1
8882847	8882819	1
5996980	5996979	1
5268056	890529	1
2859931	2859936	1
12202093	12202089	3
3747428	3747427	2
11701267	11702078	1
462411	463817	2
6509918	6509917	2
8889490	8889489	1
1736609	1736610	3
10047656	10048204	1
1849602	1849475	2
1156663	1156628	1
2390540	5698161	1
4489159	4489124	1
5307829	5307784	1
5280084	5280058	2
6202919	6203427	1
1187459	1187457	2
11445987	11453640	1
10339973	10339974	2
10251813	10251814	1
3926089	3926642	1
1700855	6817692	1
10953965	10953980	1
7697188	7697116	1
12783221	12781795	1
5570688	5570685	2
7147320	7086460	3
8767934	8767977	2
8224804	8224865	2
9102210	1696540	1
9679677	9679678	1
3565578	3422120	1
3475237	3474956	1
830505	830353	2
6600866	6600725	1
1971017	1971123	1
7775634	7775639	1
8412335	8412338	1
2099157	2099160	1
3422261	3422256	2
2578191	2615090	1
7860765	7857495	1
12452829	12453000	1
7801927	7751061	1
10970237	11593941	1
3939961	3939962	1
2906439	2906440	1
7793228	7792575	2
12431948	12431892	1
3400227	3400212	1
1730116	1730119	1
10166394	10169351	1
8707597	8707598	1
2580883	2580884	1
7734422	7734599	1
10194976	8014570	1
9880868	10540248	1
11993150	7931428	1
1176307	1176422	1
10898841	10898838	1
5450097	6774752	1
1527744	1527712	1
4320766	4320765	2
1172843	1177215	1
6400088	6400087	1
5248294	5239891	1
10154519	10154779	1
12562971	12562972	1
4875854	4876193	2
8094469	8094445	1
788370	8692456	4
847412	847411	2
6743865	6741862	2
4020994	5996981	1
502323	159762	1
2831246	2831245	1
9568636	9568070	1
784375	784236	2
5707098	5707116	1
7414350	7414254	2
10988026	10988025	1
2073119	2073120	1
1971585	8251012	2
5246538	5246537	3
3502515	3608095	1
7826338	7825520	2
8819297	8819330	1
6840891	6840892	1
8020680	8020679	2
11839850	11806064	2
3772165	3772151	2
638585	638655	1
2607050	2607045	2
3703123	3590316	1
3338279	3338296	1
8166092	8166910	1
12748279	12724851	1
4586436	4586435	2
1079455	1079456	1
11773826	11773774	1
793626	710033	1
4557347	11517795	2
6109930	6109929	3
3108628	3108627	1
5381687	5381639	2
7370911	7370912	1
5995688	6199467	1
6674331	6666522	2
7797484	7797483	1
10393408	10393508	1
5657573	5657574	1
4956573	4956626	1
7853884	7853883	1
4079408	4079174	2
1874813	1874814	2
633184	633155	1
1184986	1184965	1
6494979	6495171	1
11999927	11999928	2
9900927	9900925	1
9825169	9825071	1
7547180	7547135	1
10638958	10638957	2
3256312	3256311	1
11440834	11342282	1
1667050	1667075	1
6341033	6341034	1
909611	909222	1
10076360	278594	1
1393597	1393598	1
9909919	9909920	1
11877446	11877451	1
9307397	9307398	2
1612464	1612461	2
9394614	9394613	1
5645136	5645134	2
9540008	9540007	2
3730761	3730800	1
529412	572435	1
6009450	6009449	4
8161889	8161835	1
8224864	8224863	2
10914398	10914397	2
11405680	11405677	3
7030852	7030795	1
2184914	2184909	2
2211436	2211283	1
501574	585525	1
8299109	8298690	1
12300511	12300514	1
12528589	8463587	1
2238642	2238641	1
11607177	11607178	2
2105511	2106453	1
1371457	1371454	1
4082113	4082104	1
8883879	3204049	1
1260831	1260968	2
12540200	12540204	1
1501442	1501441	2
763984	763974	1
6172131	6171991	1
3508518	3508517	2
2341655	2453204	1
7997039	7871755	2
3232005	3231897	1
10789179	10789180	1
11598759	11598760	1
341923	341924	1
7755202	7755201	3
5013440	5012151	1
1952180	1952210	1
5389504	5389520	1
1671478	1671477	2
3955020	3957078	2
7560365	7560396	1
4355956	4355955	1
11672233	11672234	1
9809131	9900850	2
7154076	7154837	1
12163678	12163803	1
1313790	1314211	1
11395488	1450144	1
9905990	9905989	1
4305854	4310767	1
4078046	4078003	2
2724081	2724089	1
10803137	10803138	1
1134076	1133450	2
2249597	2245213	1
10456634	10456752	1
952907	952908	4
4663517	4662834	1
11827451	11833998	2
8230412	8230415	1
6710077	6710162	2
6161732	6159353	1
6623333	6622222	1
1165022	1165055	1
1930063	1928718	1
5948316	5948315	1
10865671	10865672	1
10902987	6940827	1
2668152	2668127	1
6947561	6947562	1
2840712	2811787	1
7015287	7015288	3
7082456	7073894	1
1441102	9170925	3
11637849	11637850	1
3976415	3976481	1
591412	591411	2
631714	631736	1
6692026	6692025	1
2662151	2662178	1
6273688	6273525	1
5828679	5828841	1
5532011	5532012	1
5542971	5542972	1
5455636	4707093	1
148214	148200	1
246370	246348	1
9301632	9301663	1
3990613	3990248	1
3643132	3646897	2
12275030	5609132	1
5303541	5303573	1
3832898	3832892	1
1589315	7425309	1
4567515	4567517	1
6491189	4049772	1
4019108	4019178	1
5211082	5535616	3
9390410	9390409	2
2536279	2532342	1
9374990	9374989	1
3695949	3695950	1
6348630	6348473	1
11663787	11663788	1
5924239	5924240	2
363241	4852764	1
1092655	7099812	1
11876342	11876341	1
4207256	4207253	1
5838353	5838373	1
10393002	10393092	1
10744189	10353539	2
11867735	11867838	3
5059528	5059508	1
809614	809587	1
6200848	6200847	1
1423691	1423692	1
9792017	9792022	4
7542332	7542699	2
4179081	4179082	1
4796437	4828489	1
6809133	6809134	1
378408	1178422	2
95482	95285	2
745242	745284	1
3087901	3087904	1
4702545	4702141	1
10962937	10959605	1
1372746	1034864	3
5494213	5494216	1
4612435	4612436	1
7613581	7608803	1
8204770	8204652	1
5634235	5634236	1
11992874	11993006	2
10046647	10046648	1
8875397	8875136	1
5001494	5001491	3
12277685	12277686	3
9241953	9237152	1
3289734	3289739	1
4242855	4417275	1
4379152	4379120	2
7187924	7187921	3
5778359	5778360	1
2473144	2473143	1
10056731	10065695	1
11604408	11604411	1
7904730	7904628	2
1794334	1794333	2
4588375	4588452	1
11872528	11872592	1
9469780	9469764	1
2952746	3079795	2
1252815	1252816	1
6903750	6895235	1
5700692	5702971	1
5271148	5271175	1
2907507	2907503	2
6615160	6347256	1
5478392	5478387	1
5905154	5898936	2
5595838	6846563	1
5470803	5470804	1
5399563	5407053	1
11466836	11466599	2
7760491	7760492	2
2059412	2063587	1
1720011	1719971	2
898160	898159	1
8093907	8099137	1
2700775	2700776	1
3185592	3185591	1
3443208	3443207	1
6978171	7410628	1
7914485	7914486	1
2725835	2670651	1
10319536	10319531	2
1391587	1391552	1
3732952	3732951	1
1550479	1550729	1
8329213	8328799	1
6675281	6675482	1
2399793	2110708	1
11269603	11269584	1
2700753	2700754	1
5898935	5898936	2
8483859	8053238	1
9584612	9584599	1
9313018	11942936	2
11609820	11609819	1
11332696	11445193	1
12262395	12262396	1
3395659	3396447	1
11798297	11796950	1
9243937	9243982	1
10041701	10039295	1
2256027	2256046	1
10342566	10342565	2
1504768	1504767	1
5826697	5655200	1
5362993	11266369	1
4826646	4299003	1
7850033	7849653	1
10902465	10903108	1
8590727	8599909	1
8760326	8760325	1
4342225	4342470	1
2008044	2008647	1
8870440	8870859	1
2150439	2150440	1
1769444	1138450	1
5607708	970635	1
7540757	7540759	3
7262389	7262390	1
4313162	4183118	2
4953129	4953098	1
345762	345761	1
1575458	1575455	3
2180503	2180187	1
936777	936773	2
10511334	10510764	1
2671306	2671305	1
12795405	12795444	2
10047154	10047063	1
12252430	12252152	1
6331178	6331156	2
8419040	8419302	1
2448873	2448876	1
12455346	12455050	1
7290428	7290427	1
12508459	12508082	1
10544249	10544357	1
3891712	3891453	1
6574140	6574139	2
9065856	9065884	1
666734	666733	1
7805491	7580733	1
2830987	2830489	1
5489554	5489193	1
6395744	6395743	1
7272134	7272133	3
2373225	2373273	1
11009763	9149782	1
3789872	3789891	1
7691107	7691108	10
11325917	2869892	1
9825056	9825055	1
7053219	10762718	1
7110862	7110859	1
4012074	4012086	1
3814473	3814483	3
5708375	5708306	1
9851473	9851474	2
6710163	6710164	1
4523002	4523112	2
6642471	6642472	1
11878250	11878219	1
4589496	4589477	1
2343601	2343020	1
12420101	12420117	2
7548224	7548217	2
256483	256983	1
11729321	11729322	2
5997762	5997761	1
3281679	3281680	1
4266429	4266430	2
33969	64962	1
3095371	3095352	1
5654499	5654502	1
7490893	7472103	1
5600196	5600116	2
11064796	11064795	1
6943587	6872905	1
5324939	5325016	1
5899986	5899144	2
1475421	1475589	1
11718645	11718646	1
5939194	5939193	1
9294530	9294202	1
7746904	7746503	1
6451735	6451738	1
8501396	8501481	1
3797419	3797420	2
1648108	1648194	1
4775877	4775650	1
10150108	10150101	1
3288161	3288164	1
8247227	8248707	1
9822046	1741822	1
9611738	9614673	2
7550828	7550884	4
10129050	259844	1
6681854	6681853	3
7131066	7131063	1
8482964	8482969	1
4589442	4589441	1
2650557	10193724	1
3159089	2719165	1
10337271	10337295	1
10985412	8923610	2
5283063	5282006	1
7233281	7220962	2
10022542	10022758	1
7739816	7739787	1
5526239	5370503	1
6088374	6088392	1
9905355	9905387	1
11466838	11464446	2
141512	70283	1
719903	717552	1
340685	340686	1
1324431	1324309	1
1239570	1239569	1
3141673	3141674	1
4786506	4786505	2
6242815	6242816	2
5882927	5882933	2
5052628	5067459	1
2177030	2177232	1
336593	336559	3
2652802	2652721	1
122722	104463	2
6838167	6838153	1
3761219	3761310	1
7106059	1090616	2
11350009	11350012	1
6987428	7380800	1
5801633	5763339	1
10171687	10171688	1
510018	509958	1
2102288	2100975	1
9052791	922884	1
10008305	10008326	1
5621700	5633829	1
9040002	9023594	1
9339095	9339096	1
240338	240163	1
8066398	8066397	1
2581202	2581201	2
5861031	5861032	3
4498447	4497557	1
5698965	5699184	1
12455346	12455052	2
1318278	1317576	1
10238417	10238365	1
7755698	7755705	2
4022277	4024592	2
378029	378211	2
7626610	7633894	1
12253217	12251290	1
9119394	9116007	1
8751816	8753158	1
6432311	6432312	1
4367219	4363347	1
4832019	4832029	1
10030431	10030432	1
3236349	3236104	1
1928854	1928849	1
4005847	4005848	2
5164371	5164372	1
12693802	12693801	3
9668114	9693787	1
2683523	2685521	1
11861316	11861315	1
1559106	1559103	1
11631833	11631961	1
1850264	2425713	1
4014714	4014713	1
298632	298619	2
4844685	7889184	1
3247320	2983874	5
1222643	1222644	1
9377839	9377816	1
1829161	1829164	1
6987055	6987013	1
1318344	1401467	1
1550837	1550757	1
6117061	6117174	1
994368	994366	1
10796249	10796250	1
6408326	6408255	1
3121352	3122941	1
10939567	10939461	1
12224935	8225441	1
6723645	6723508	1
6100615	6100334	1
11865578	11865440	1
10904985	10904986	1
10586729	10586730	1
1029367	1029368	1
5724296	5724295	1
880878	880877	1
506304	506310	1
12718419	12039119	1
10596507	10596508	1
8926490	8920221	1
6383872	6383900	1
2678714	2677132	1
1771743	1296578	1
3641283	3654809	1
9386761	9386818	1
1493661	1493662	3
3301828	3301827	1
12676658	12676657	1
4880653	5152093	3
7162911	7162912	3
4878032	4878031	2
3634782	3482828	1
11702317	11702318	1
11698123	11698285	1
8016283	8018558	1
3750186	3750217	3
8495373	8493524	3
5042789	5042691	1
9545111	9545112	1
6864753	6929643	1
10310761	10310826	1
10393002	10393090	2
4788800	4788680	1
1114790	1114789	2
2345813	2345814	3
6300717	6300718	1
11926988	11927623	1
6541092	6692027	1
6697275	6696735	1
3621708	3620286	1
2536796	2536795	1
11915886	11915885	1
456089	456045	2
788372	8692458	1
12650811	12668214	1
8549363	8549364	1
11847613	11847664	3
9665554	9665519	1
10625969	10625732	2
10030303	10028398	2
5360526	5360426	2
1471053	1471047	1
2756175	2746707	1
8652979	7935514	1
12634389	12634390	1
4673482	4673479	2
12408711	12408777	1
7136875	7136876	1
10263506	10263523	1
1421976	1417480	1
1457856	1459298	1
6197289	5982208	1
3454391	4062403	2
7720737	7720738	2
11045604	11052029	1
10357735	10357736	1
225813	3801307	1
1741217	1741218	1
9281305	9281306	1
310061	311138	1
7851073	7851076	1
11836973	11836974	1
5870647	5870648	1
2834274	2834273	1
6949694	6949693	1
969608	967425	2
2350800	2350789	1
6952654	6934196	1
707289	353170	1
1597426	1595853	1
8884701	8886243	1
9655213	9639601	1
1090617	1090618	1
9536736	9536552	1
9153995	9001879	1
5047891	5047892	1
9560704	9560703	1
7371709	7371105	1
1742292	1742291	1
5622315	5620989	1
6393619	6393599	1
2430286	2430332	1
693753	10145206	1
5232958	5310200	1
3977407	3977262	1
10318514	10318791	1
8170077	8170082	1
11599417	11598494	2
10513304	10513278	1
8342395	8342402	3
8022295	8023315	1
1000899	1000906	1
2140962	5677880	1
6603190	6603189	1
5968495	6063709	1
11697722	3273721	1
9619181	9620271	1
8549168	8549161	1
4266928	7702583	1
3107378	3108572	1
2898321	2898286	1
595001	11601558	1
3989274	3989230	1
9115200	9115240	1
3308881	3309451	1
7844597	7844598	1
11682888	11682857	1
5880322	5880321	1
7931438	7931450	1
2423569	2423659	1
11845718	11845684	1
7173569	7173576	1
8369818	8369834	3
6737871	6737844	1
5952766	5951972	1
4673993	4673985	3
3010446	3010419	2
7276298	7276297	1
12481866	12480744	1
2094730	2094723	2
198552	198551	2
12239116	12240235	1
3561752	3561528	1
7955965	7955951	1
5822417	5822418	2
9103704	8808418	1
2321941	2321944	1
11620728	11620731	1
2955492	2955525	1
686417	686418	1
4272827	4273330	1
6165436	6165405	1
6680717	6680718	1
7401001	7381013	2
1132541	1132673	1
4584726	4583414	1
1109765	6472782	1
6513081	6507800	1
11561717	11561718	2
7926179	7926704	1
8110366	8109934	2
10828868	10831730	1
11466673	11466674	2
8606406	8606401	1
4957465	4957866	2
9179009	8956339	1
526916	526678	1
6829296	6828809	2
6197104	6197098	1
7837922	7837925	1
11995263	11995264	2
5677690	5677689	1
9940253	9927130	2
7720342	7720339	2
11486870	11486830	1
7292200	7291987	1
1551901	1551902	1
6862451	6862452	3
4062419	4062420	1
4179742	4179741	3
9188008	9188007	1
9368899	9368333	1
4738775	4685096	2
5939228	5939227	2
745955	745925	1
1184272	1183902	1
8300546	8300427	1
5451408	5450782	1
12687652	12693963	1
7654167	7654145	1
7300579	11610120	1
10479869	10479859	1
12437736	12437766	1
976286	976276	1
11935136	11926274	1
2599242	8350319	1
11826487	11826488	3
4435402	4435310	1
5188058	11200627	1
10274495	10440663	1
7037513	7037514	1
6257321	6257206	1
6728805	8980077	1
3281515	3281531	1
7996045	10312228	1
7291717	7294935	1
7952178	7953937	1
9346944	9346943	3
10281314	10276813	1
8464568	1849205	1
3941743	3940694	1
4600239	4600358	1
9302230	9429418	3
2067389	2088496	1
12167528	12175465	1
7996135	4828189	1
206094	206093	1
2758660	2758658	1
3642669	3642670	1
3396001	3395821	3
5850098	5850085	1
6045635	6045636	1
7117259	7117280	1
2576050	2576045	1
3735504	3735503	2
927900	927938	1
10197995	10197996	1
1741861	1741862	2
6508207	6507148	1
4713164	4713163	1
7590043	7590088	2
9712376	6273262	1
6509916	6509915	1
6279646	6279645	1
9119861	9119862	1
2954206	2668979	1
3514519	3513879	1
7723094	7723093	3
11130698	11130697	2
3652039	3958314	1
5068991	5068992	1
8036241	8036186	1
123434	123433	1
1171370	1171410	1
3061581	3061549	2
4611590	4611589	1
6142961	6142962	1
3142109	3142110	2
4830502	4830505	1
6652599	6652600	1
12765005	12766458	1
2023251	2023254	1
6684572	4990972	1
648680	650041	1
5723978	5723977	1
4019155	4015071	3
5325675	5326760	1
3508518	3508515	1
7232645	5421061	1
7519198	7519197	1
11392535	11393041	1
1981927	1981928	2
10681435	10681436	2
10893363	10893354	1
11477691	11477648	1
1057503	10747086	1
3302057	3302058	1
10154016	10154026	1
12524093	12524094	2
820292	815216	2
11797011	11797012	1
4370111	4370112	1
10260856	10261095	1
6900499	7376075	1
2070812	2450849	3
1240026	1239922	1
4526737	4526740	1
9319950	9319949	1
7382821	7382822	3
7319680	7319864	2
7859837	7859838	1
5053226	5053225	1
10700828	9915872	1
2095039	2095042	1
9919071	9917369	1
7411399	7411400	2
1788045	1787828	1
5239351	5239352	2
6531666	6531039	1
6882985	6882982	1
7003179	7002247	1
8465730	8465729	2
8613366	8613363	1
10373285	10374437	1
11466838	11466599	1
6200846	6200845	1
6249190	6249189	1
5886406	5886268	2
1358906	1358905	3
3888986	3888945	2
7476120	7476119	1
7085543	7082117	1
7775672	7775643	4
8866873	8866960	2
8626494	8626458	1
10408263	10408264	1
7990069	7992829	1
4344189	6209009	1
4681177	4744726	2
2649981	2649972	1
6503925	12752651	1
348701	348711	1
9293901	9527069	1
12358779	12358801	2
11935057	5974246	1
2985491	2985492	1
10171711	10171684	1
4331166	4331142	1
365127	363440	1
2901152	2901151	4
8461622	8461682	1
7424986	7423738	1
6711254	6711414	1
10268063	10268193	1
7573009	7573010	1
12402499	12402500	1
11322201	11322615	1
5434023	5433989	2
9359306	9371342	1
10347997	10347998	2
630136	630135	2
2261267	2261268	3
6331157	6331158	2
11771977	11771483	1
2104386	2104385	1
3659514	3659513	1
10845276	10849555	1
6206012	5983091	1
1766786	1766957	1
9704447	6260796	1
8517078	8517088	1
4242959	4329591	3
4015244	4048403	1
10226951	9841598	1
498258	497873	1
10360170	10360129	2
11178350	11178345	1
7692669	7692670	1
6482622	6482603	1
7813206	7810131	1
6667694	6667598	2
2060496	2065605	1
12426417	12784247	1
9070737	9070738	2
10046815	10053064	1
7151363	7151230	1
4830502	4830796	1
9010990	9010989	1
3832679	6130283	1
6451735	6451736	1
11409576	11409553	2
4524637	4524638	1
2046153	2046154	1
4590312	4588530	1
12717718	12717717	1
12811346	12808150	1
636313	636300	1
6270292	6270289	1
9779206	9785082	1
2148784	2148781	1
2252241	2252496	1
6155823	3771483	2
1463668	1463667	1
7789231	7789232	2
3302228	3302227	1
12238395	12238398	1
8403589	8383877	1
2235227	2144780	1
5969824	5934772	2
6724663	7839632	1
1658314	1658311	2
12767165	12767297	1
2964176	2964173	2
4693326	4693328	1
7830453	7830454	2
8429284	8428971	1
2397894	2614764	1
7222621	7222622	1
5301235	5321063	1
1696306	1695902	1
1404239	1404240	4
2507152	2444231	2
7971845	10576653	1
5786719	5786663	1
10496669	10496670	1
637682	637681	1
5633673	5633639	1
8902371	8902411	2
7545085	7544978	1
3600389	3600174	1
4064988	4064063	1
4609281	4609282	1
11819649	11819650	1
6451737	6451738	2
828678	828676	2
407658	3954093	1
10824786	10824781	1
8196017	8196003	1
7716263	7716264	1
7211957	7212073	1
6828148	6828147	2
11525799	11544512	1
7535363	9245930	2
10421402	10423019	2
5202636	5202667	1
9521417	9521429	1
8757437	8756808	1
9801133	9801134	1
888567	716652	2
2134808	2077386	1
5594904	5594931	1
11198464	11198476	1
9237153	9237154	4
1757192	1766167	1
3445232	3445274	1
4537663	4537752	1
807247	796841	1
6951715	6954064	1
5810469	5810470	1
36859	36862	2
5975508	5975353	1
10820046	10819756	1
1992846	1992849	1
10203133	10203134	1
5331055	5331028	1
2996427	2996118	1
10053985	10054112	1
934551	934554	1
5249890	5249868	1
1775006	1775700	1
1110892	1117660	1
6171676	6171554	1
3242320	3242319	1
5537057	5537058	2
1267824	1267814	1
4184046	4184045	1
9377839	9377814	2
10339615	10340574	1
7002981	7002934	1
9173915	9173916	1
6888067	6888068	1
7441207	7441208	2
7137775	7137776	1
8878723	8878724	1
3144018	427151	1
9238203	9238204	1
5022190	7207880	1
5509259	5508194	1
10443194	10443193	1
1307118	1303485	1
6849788	6849785	1
3586370	3586368	1
1458863	1632379	1
993697	9515953	1
1008845	1008289	1
10704454	10706126	1
9885387	9885348	1
11573467	11573468	4
8939333	10210837	1
81629	81630	1
7446322	7446321	4
701234	558629	1
4737826	4737825	1
2472278	2472332	1
6530446	6530445	1
4647277	4647286	1
8318678	8318686	1
8078885	8088135	1
3481239	11846379	1
3992712	3992711	5
5639133	5675664	1
6005443	6005444	1
4079408	4079405	2
910986	909022	1
4454113	4454114	2
9713691	9713686	2
6207790	6207814	1
6919911	6919912	1
2925657	2925658	1
9070026	9072318	1
9070546	9070517	1
11392776	11392775	1
7947386	7848582	1
10933364	10872513	1
4697203	4697283	1
1588796	6875036	1
2575	7333	1
10605751	10605752	2
7148646	7148668	1
9928010	9927318	1
2107775	2231069	1
2207257	2207258	1
12143487	12143484	1
4036588	4036587	1
3132297	3132164	1
6020933	6020145	1
6574669	6576600	1
9830433	9830434	2
2555749	2348499	1
3691673	3691763	1
5705745	5708030	1
7879589	7901499	1
307637	307638	3
6653534	6653550	1
23407	23408	2
11897527	11897475	1
5119644	5118560	2
6094818	6094844	1
1157432	1136926	1
6159905	6158227	1
2468159	2468160	2
34395	51051	1
11120399	11169477	1
11830274	11830256	1
3463468	5846119	2
10032297	10032298	2
2364737	2364738	1
8150141	8150139	1
3239651	3239652	2
11533473	11533433	2
5974432	5966345	1
1382947	1382882	1
10876889	10876890	1
11493201	11493202	1
4487038	4487137	1
3930161	3930158	1
1519061	1519062	1
541210	544648	1
3922057	3922127	1
7379894	7379893	1
6761847	6761848	1
9053322	9054522	1
6809106	6809103	2
12604453	12370808	1
7505015	7505002	2
2993879	2993886	1
8342654	8343393	1
10012246	10012049	1
8093907	8099139	1
7955025	7955026	1
1608571	1608572	1
11546121	11546122	1
7301094	7301087	1
12592531	12593084	1
2460312	2460311	3
3800157	3719903	1
12047638	12047643	1
11153208	11153659	1
4054959	4055022	3
9293477	2878377	1
10040678	10040737	1
11252844	11255585	2
9351030	9351025	1
12595319	12496430	1
3655576	3656565	1
11188838	11187812	3
9584855	10835191	1
1134061	1133467	1
1057695	1057696	1
2467267	2467208	1
12425569	12425570	1
7779909	7780136	1
12143408	12143407	1
5353115	5352524	1
10615555	10615556	3
11561669	11563016	1
2991305	2991470	1
11082431	11082099	3
10979378	10978335	1
11174548	11174463	1
1487200	1486928	1
11115171	11115172	2
11472096	11472095	1
3380870	3381020	1
7329725	11394971	1
4374642	5996894	1
821315	821722	1
1301840	1301403	3
10487894	12598656	1
1463666	1319242	1
866419	866623	1
11467524	11467523	2
7855622	7773338	1
343537	343590	1
9887762	9807836	1
12519764	12519709	1
2042454	2042453	1
2725829	2725830	1
4155036	4155044	1
5109913	5109914	1
7122204	7128274	1
216069	214545	2
2904328	2904327	1
3378361	4551402	1
3306911	3306914	2
12362986	12626871	1
10293804	10293807	1
7353614	7353588	1
3835064	3834815	2
10841301	10978685	1
8448530	8448529	1
6892250	6892247	1
4374938	4374937	1
12785042	12785027	2
6014334	6014402	2
9597696	9597689	1
2641537	2642044	1
4295758	4293627	1
5905154	5898938	1
9480450	9622963	1
3132353	6819416	1
11847899	11752374	1
1971582	1971535	2
5160737	5160738	2
6007730	6007729	1
1073661	1073664	1
7281253	7281254	1
6376071	6376072	2
1560728	1560680	2
5944178	5832586	3
3274300	3274299	1
2252241	2252242	1
4825147	4801654	1
1353270	1353279	1
3497566	3497565	2
3194011	3245903	2
967412	967425	1
5290499	5290500	4
12377146	12377125	1
2372893	2372516	1
286784	286754	2
11771426	11771425	1
5996317	5996526	1
506988	506987	1
5653186	5652927	1
3416887	3411313	1
6348662	6348969	2
12689141	12689142	2
8651648	8651647	4
2875448	2875441	4
1770726	1773009	3
6585580	6585609	2
12037701	6499822	1
6660935	6660950	2
10065100	10065136	1
12238322	12238321	2
3528333	3528334	1
3606021	3775977	1
8528837	8528827	1
11026682	11027458	1
11070892	11065382	1
11295194	11295571	1
10151328	10151327	1
902229	902230	2
6458335	6458310	1
12537512	12537507	2
4365916	4365693	1
11030372	11030371	1
9804253	9804254	3
2638904	2638903	1
2417502	2412794	2
2361977	2362179	2
4856383	4856458	1
6342136	6240611	1
12508083	12508084	1
10550909	10550979	1
4143055	4199708	1
8837593	8837594	4
9388027	9389033	1
9665553	9695450	2
11874331	11874310	2
11840076	11795360	2
7763639	7763640	2
2529296	2529295	2
10307141	10307142	2
4735688	4735841	1
5339405	5339406	1
3662490	3662489	3
7521531	7522146	1
8190292	8190934	1
988292	988266	1
5488687	5485043	1
2567146	2566975	1
3980849	3980850	1
1763661	1763647	1
2351715	2351107	1
7686484	7460763	1
2953704	2667474	1
977030	977029	1
546312	546265	1
7151693	7151713	2
8062901	8062902	1
9713048	9712157	1
7830494	7830452	2
2878598	2878738	1
11099932	11109261	1
10280799	10280752	1
9907837	9907840	1
2896175	2896176	2
9395907	9395908	1
9101620	9101619	3
6185732	6185875	1
10479923	10479930	1
588811	588814	1
3937240	3937244	1
1761414	1761426	1
5119640	5119735	1
8194570	8194569	1
4090156	3743790	2
3287899	3288093	1
6826881	6826882	3
9658696	9658699	1
10653260	10653259	1
10642048	10642047	1
3258459	3258498	2
1530117	1526377	1
4070737	4070738	3
652645	652646	1
362704	362065	1
8624686	8624675	1
4033675	4036240	2
1232838	1232835	1
6587537	6576351	1
7110539	7110551	2
3965761	3972456	1
2350937	2350813	1
2945934	2945933	1
3873206	3873144	1
5839560	5839512	1
252292	79777	1
8961109	8961110	1
3788986	3788989	1
504491	504488	1
11445959	11410303	3
7048582	7048581	1
7871560	7871414	1
1597881	1461320	1
6093475	6094464	1
7199406	7199381	1
7434126	7434100	2
2784741	2784782	1
2768628	2768627	1
5917632	5917602	1
5893008	5896139	1
179597	186147	1
250490	249193	1
5076865	5076866	2
3494835	3494836	2
1267028	1267027	2
6995359	6995360	1
7292784	7292825	1
4661885	4645094	1
1674740	1674770	1
1635023	1635024	1
1435943	1435944	1
3048169	7282339	1
3200304	3142826	1
9843239	10309405	1
10030429	10030430	1
9229023	9231542	1
4310516	4311306	1
6487089	6486994	1
3028429	3026922	1
10495326	10495319	1
5309603	5309604	1
7482239	7482240	1
2113291	2114486	2
5962083	5962084	1
8546297	8547357	1
5222763	5222746	1
2227491	2226801	1
9561075	9561078	1
3283630	3283610	1
6851851	6851852	1
4378570	4378506	3
10335973	10335990	1
9786273	9786276	1
10981720	10981719	1
4751150	4751149	2
5454754	5465426	1
3888948	3890021	1
131901	143680	1
7631512	7631249	1
11773826	11773772	1
10879164	10879163	1
6739389	6739390	1
5882925	5882926	2
11944981	9314585	1
12509085	12509043	1
5221401	5243977	2
9357618	9357600	1
6517244	6517243	1
5044245	5044086	1
9342178	9342660	1
5700692	5700687	1
11935041	11932495	1
8877713	8877723	2
12486487	12486521	1
4818829	4818739	1
11552506	11552567	1
9896456	9896455	1
2204166	2458841	1
4987121	4987084	1
1454048	1454047	1
10283432	1748585	2
5170954	5171680	1
7145711	7145712	1
2012635	2012636	1
5266902	5266899	2
7878069	7878041	2
9550482	12268452	1
2003567	2012772	1
9510593	9510581	1
2890527	2890528	1
4863578	10265024	1
4667044	4667069	1
5770771	5770772	1
10332614	10351236	1
12773854	12771443	1
12693802	12693791	1
10018847	10018848	1
6046527	6046528	1
10401246	10401156	1
6289149	10770285	1
8822652	8822651	1
6983753	6983754	4
5119897	5119898	1
1656567	1656570	1
9153829	9142287	2
11404738	11404499	1
850805	850808	2
5417703	5419743	2
3698337	3700254	1
5125055	5109914	2
5270183	5270184	1
5526182	5526168	2
5674793	5671016	3
4514488	4514487	2
12699847	12699699	1
8965587	8966274	1
4854634	4854633	3
5562035	5562040	3
9838643	9838644	2
2833949	2833340	1
5466810	5509733	1
7003246	7020764	6
3996341	3996103	2
10480551	10480552	1
3068500	3068499	2
8009426	8009486	1
9717373	9717374	1
2465695	2530234	1
3753424	3750150	1
4669921	11434784	2
5458305	5458306	1
3673486	3672587	1
7151699	7151713	1
2670741	2670735	2
7856867	7853964	1
4089800	4089950	1
1267026	1267025	2
1578941	1578942	1
9320373	9320374	3
1222368	1222367	1
2329042	2329041	2
2291524	2291168	1
7965467	7874082	1
11825532	10587700	1
6635184	6635179	1
21001	21009	1
5799833	5799834	1
10643594	10643632	2
6439887	6439872	1
8155868	8155472	1
1447617	1447661	1
4662651	11365270	1
5635488	5635362	2
3521325	3521326	2
8169153	8169154	1
8219807	8224596	1
5918698	5918697	2
6384712	6384504	1
507707	507708	1
10717255	10717256	1
5450797	5450798	2
3087690	3087710	1
11341971	11341982	1
2184916	2184915	2
1407283	1407284	1
1068550	1068549	2
5541349	5541402	1
6396522	6402187	1
5659327	5659204	1
3698886	3698885	1
5004174	5004169	1
1706859	1712923	1
177739	176633	2
5705243	6103019	1
11873247	11873186	1
5664529	5732916	1
10081103	10081091	1
5968560	5968485	1
9317445	9317446	1
7374364	7374363	2
3985974	3985969	1
10561143	10561146	1
8821700	8821599	1
5309945	5285515	1
11824961	7491856	1
10902995	10902980	1
11964848	11964847	1
12802856	12802870	2
4990571	4990560	2
9592067	9591609	1
7101145	7101329	2
5067695	5067696	1
10411054	10411483	1
11196905	11203028	1
12315189	12315781	1
7790261	7790262	1
7516993	7518658	1
5553050	5553049	1
3899019	3899107	1
11286693	11286696	1
8957384	9074296	1
7098007	7098008	1
6996912	6994932	1
4153267	4153246	1
10312258	10312142	1
5958920	5958919	1
1922212	1930616	1
1390831	6530447	2
10988028	10988027	1
2024363	2024364	2
7174809	7863030	1
751586	748267	1
4572671	4364665	1
5963937	6032979	1
2609202	2609245	3
1202039	1202012	1
11644765	10963311	1
3325483	10236813	1
195738	10131048	2
11792045	11792034	1
2145759	2145760	1
651090	651111	1
4821969	4821970	2
9751431	9751394	1
10780382	10780381	1
8747957	8745770	1
382618	383021	1
10357737	10357740	1
5808992	5808991	2
6767485	6767401	1
1860588	1860587	1
6107555	6107534	2
7620409	7620374	1
3876427	3880374	1
8937853	8937854	1
151855	152017	1
8824807	8824808	2
5201221	5201212	1
3764927	3866019	1
9783881	9783863	1
3826215	3694503	1
5078977	5080394	1
9395631	9395520	1
5765834	5765824	1
3981607	3982650	2
6773479	6590898	1
3323741	3323728	1
5656381	5656480	1
3274369	3274370	1
10655469	10643110	1
4063617	4063618	2
8501480	8501479	1
8602127	8602128	1
9991452	9991454	2
9326481	9326477	1
6502371	6502356	2
10452383	10452384	1
3328481	3328482	1
2274509	2274500	1
12358807	12358808	1
10832356	10832393	2
4588336	4701299	1
5702231	5702223	1
4074522	4074513	1
2260234	2312652	1
2684182	2684640	1
7307744	7303096	1
8551150	8551427	1
7446325	7446329	1
10982092	10982089	1
362106	362321	1
4388178	2673740	2
12754052	12754051	2
1760449	1760450	2
5913053	5913783	1
12809280	6524782	1
9390522	9390521	1
8101803	8103869	1
10265716	10265712	1
9161877	9161879	1
10589784	10588235	1
995702	995768	1
12788263	12788261	1
7374073	9852859	1
12660825	12660816	1
681782	681781	1
6587267	6587062	1
1966622	1882916	1
11157817	11157320	1
10063891	10038446	1
12770348	12770347	1
1542348	1542191	1
5374322	5374321	3
4006517	4006520	1
2230037	2145549	1
4486875	4486877	5
4014156	4014155	2
529809	529810	1
2287189	2287190	2
8404051	8404052	1
1434446	1434440	1
5272426	5272253	1
9153591	9153592	1
12685884	12686855	1
9305574	7932713	1
1883192	1881732	1
6390883	6361066	1
2650641	2650642	2
6717724	6717585	1
7830335	7830277	3
8023511	8023512	1
12721454	10367525	1
10464790	10464789	3
2506508	2507163	1
8231125	8231110	2
9033239	9033942	3
1191753	1342707	1
4912022	4912021	1
3717099	3717103	1
10968515	10968516	3
12205715	12205619	1
1739374	1630511	2
4502531	4502534	1
6318763	6318764	1
6672008	6664921	1
7119848	7119847	1
9235292	9235291	1
2345532	2345535	1
11387652	11387682	1
9066426	8749391	1
11167002	11159095	1
2211284	2211283	1
11920779	11920780	1
1460591	1398808	1
5900968	5900955	1
7654593	9654005	1
4549466	4549742	1
5303261	5303262	1
9535258	9607133	1
3746657	3746447	2
1508382	1508381	1
3631846	3821137	1
7543037	7537192	1
10149476	10149186	1
1283548	1283547	1
1246700	1246699	1
5837274	5836172	1
6707065	6707066	2
9621992	9621991	1
5881472	5895304	1
4565873	4565819	1
11287602	11287601	1
1665134	1664971	1
607357	607455	1
3035453	3035454	1
5293147	5293096	1
10958215	10947846	1
2629977	2630006	2
9510794	9510793	1
2062428	2062427	1
5596555	5596556	1
10371038	10371037	2
10113978	10106748	1
7587562	9418142	1
822432	473623	2
7581880	7581879	3
6649737	6237078	2
4647783	4647784	1
181819	183740	1
5725691	5725692	3
11328784	11339085	1
4802442	4802421	1
9804255	9803303	3
11110006	11110005	1
2933193	2933167	1
2365784	2365783	1
4044067	3520620	3
5712439	5746449	1
1076978	1076633	1
6944244	6942303	1
1660987	1660498	2
11866757	11866791	1
8966345	9057519	1
4022547	4022934	4
10496675	10505259	1
3603258	3603257	1
9681300	9681512	1
4005605	4005631	1
2027664	1979998	1
1865855	11710332	1
9475083	9475084	1
7312972	7312998	1
3108788	3108787	1
2273231	2273232	1
839759	837421	1
3337695	3338447	1
367276	367275	2
4988262	8564535	2
9077544	9077543	1
7749289	7749294	1
9305859	9305860	1
9519631	9519632	1
12757846	12741645	1
1339498	1215441	1
12528041	8465729	1
10545904	10544842	1
4031782	4031457	1
430114	433792	1
1179868	1179871	1
5414359	5416432	1
6255968	6256817	1
5725550	5725431	1
7178607	7178610	2
4286837	4809446	1
9305539	9305507	1
2213988	2214212	1
9315228	9315198	1
3358135	3357847	1
12688226	12688225	1
7491857	7491858	1
5330376	5330375	1
8038921	8038870	1
11546121	11546124	1
4802417	4798596	1
161935	161936	3
2180601	2180292	1
3193840	3247132	1
6200018	6200057	1
5422628	7218178	1
5649516	5641807	1
12522151	8610449	1
5784049	5749415	1
1302706	1302705	1
3543574	3544033	1
6002865	6187343	1
9947773	9935250	2
8605160	8604597	1
2163571	2163662	2
9635168	9636711	2
11666313	11666123	2
2725831	2725834	1
5092530	5092477	1
5513588	5513283	2
2889302	2889296	1
9755979	9760379	1
138263	138264	1
3851978	3851878	1
1295854	1295853	1
2730884	2730883	1
651379	11443835	1
10837177	10836816	2
3197161	3280990	1
3937774	3937773	1
2199956	2199955	1
7373392	7373096	1
4609880	4609883	1
3522543	3522544	2
4396965	4396966	1
5914924	5914697	1
10167264	10167108	2
7655850	7639535	2
12735580	12735586	1
2127425	2127426	1
2421523	2429337	1
9178586	8957944	1
9255508	9255541	2
8506103	8506130	1
5197566	5197496	1
7187615	7187706	1
3384756	3239320	1
6104028	6104027	3
2092108	2091422	1
10081941	10076433	1
4060776	4062423	1
9366134	9367172	1
788633	788839	1
3183747	3183748	1
1092573	1237306	1
5761217	5761218	3
5535379	5535372	2
674942	676523	2
970067	970385	1
7027664	6999726	1
9652807	9634152	2
6984928	6983666	1
4856971	4856980	1
3782079	3782084	1
3779105	3779106	1
719713	719714	1
6786832	6786831	1
10776134	1924699	1
6169330	6170506	1
4755677	4755678	1
840778	840777	2
5707415	5707416	3
12168769	12168772	2
3246019	3246061	1
4297164	4297140	1
5924241	5924242	2
8631781	8631784	1
6482057	6482058	1
4255111	4254889	1
7438209	4848196	1
5450799	5450800	1
11875261	11875262	1
7020704	7024251	1
10373274	10373284	1
12542119	12542117	1
9014052	9014051	1
2413354	2413353	1
1303215	1323456	2
8054647	8054648	2
7766076	7766071	1
11495958	11495614	1
10846152	8216039	1
2111804	2111814	1
3651664	3651663	2
9251717	9251718	1
7017597	7017598	1
8020727	8020702	1
55912	56101	1
12120805	12151499	1
9237208	9241998	1
5005046	5005045	2
2183252	2183246	1
8351708	8349683	1
9738538	9686466	1
1424917	1432419	1
5495544	5497631	1
8827696	8674686	1
2225780	2253535	1
3870009	3869092	1
1666382	1693971	1
8903739	8903740	1
2876516	2876480	1
1068915	1069196	1
11118959	11118960	1
2343601	2343602	1
10762809	10761976	1
9283112	9273415	1
2193428	2161133	1
6508053	6508054	2
932318	932290	1
2465693	2465694	1
9295049	9295050	3
6395022	6395019	2
5849502	5849962	2
2878710	2878652	1
10556184	10556183	1
1207990	1213510	1
3022438	3022437	2
4547553	4547554	1
9851679	9851680	2
10040599	10040728	4
439932	439931	2
9191502	3096375	1
3822784	3822759	1
5806413	5761947	1
8828366	8826168	1
9735210	9735205	1
6202535	6202649	2
12661063	12662640	1
12682599	12682594	1
2852807	2854912	1
4040931	4040932	1
12401870	12401826	1
9232484	9232481	1
8290974	8287285	1
4612804	4612803	3
4577263	4577260	1
9999144	9999141	1
10801692	10801691	2
5334656	5334655	1
1582883	1582919	1
395084	395083	1
8652980	8672219	1
9338330	9425638	1
4611644	4611643	1
9522372	9523836	1
5692809	5692325	1
10063705	10061340	1
8569475	8569476	1
8579913	8579864	1
11686464	11686439	1
8337384	8341136	2
9993386	10405631	2
11214875	11214878	1
4292521	4292522	3
2776596	2777100	1
4205271	4201908	1
3745428	3745408	1
772659	772098	2
6883447	6892721	1
10752064	10752625	1
11462016	11462389	1
5596555	7191593	1
4810834	4816596	1
1114810	1114809	1
6265125	6265040	1
6899961	6899962	2
11723090	11723089	1
2270575	2270578	1
4079457	4079458	1
4090173	4090091	1
10655889	10659895	1
7004183	7407329	1
5948318	6017175	1
1112898	1338898	2
1493663	1493664	2
3103357	3104306	1
2139613	2139499	1
6140659	5991470	1
996492	996491	2
10210200	10210197	1
1133468	1133467	1
2993001	2990590	2
2459658	2459644	1
7751648	7751647	1
527967	527968	2
12532418	8607970	2
534871	534872	1
6084831	12764016	2
12515425	12515268	1
6394529	6394530	2
926972	828679	3
10945529	10850921	1
5880324	5880323	2
10214220	10214219	1
1018470	1018207	1
5191092	5191095	1
3359985	3360010	1
10854614	10851003	2
7066605	7145803	1
12496422	12519846	2
4188476	4186156	2
10606080	10591376	1
11815220	7494358	1
3556567	3556568	1
5808141	5808142	2
4775877	8552346	1
7348380	6984920	1
10540968	10540914	1
2697694	2702871	1
12752343	12752346	2
10601868	10601867	1
10538541	10538542	1
9164299	9164300	2
3963326	3963325	1
4752159	4752071	2
6944228	6998411	1
8971651	8971652	1
2918383	2745665	1
3263600	3263573	1
3993202	3991908	1
6482097	6482110	1
2875450	2875449	6
3198558	3198340	3
6241062	6239919	1
6418612	6418609	1
12447696	12447720	1
11741683	11891107	1
50521	50522	1
11555449	11555450	1
5997690	5997702	1
6690919	6690948	1
1829159	1829160	2
1636816	1637919	1
12194320	12194319	1
6502239	6502258	2
6849767	6849791	2
8375189	8375157	1
7434917	7434918	1
10192998	10190698	1
750674	750680	1
3608865	3608866	2
2907115	2907116	2
7517660	7517659	1
9655215	9639601	1
4744714	4744713	1
5333413	5331895	1
3944327	3944328	2
3571047	3571048	1
5984325	5984326	1
10756529	10756543	1
12682100	12682132	1
12695447	12695980	1
5400041	5400044	2
768296	768042	1
7123575	7123576	1
2963774	2964160	2
4626997	4626990	1
6031697	6031698	1
11595384	11595383	1
6439529	6439530	1
9063405	9063285	1
12558828	12558827	1
7360390	7274546	1
3925442	3925195	1
228600	114808	1
8445442	8445320	1
7909885	7371690	1
3375400	8878900	1
4681647	4680339	1
3418784	3395470	1
5711234	5710980	1
4859288	4858838	1
2831233	2831247	1
4104381	4104382	1
330298	677091	1
8492142	8492141	1
4236341	4236324	4
11571730	11350984	1
9496680	9639197	2
7629393	7629394	2
2150093	2150094	1
4606809	4606815	1
10148684	10124332	1
10700598	10700590	1
2938133	2940995	1
5835187	5847964	1
8242173	8242020	2
10552468	10552467	4
9678565	9678040	1
12573983	12570809	1
10622206	10622205	2
8311211	8327210	1
11395321	11395346	2
9662180	9694952	1
5325015	5325016	1
1384115	1384124	1
10773836	2441636	1
7436284	7436446	1
12788265	12788261	1
664949	664929	1
7866183	9788377	1
10410633	10416967	1
12117437	12117397	1
6924364	6924503	1
7730606	7730605	2
10801696	10801691	1
11393703	11393698	1
4564001	4704704	1
6457609	6457610	2
8774884	8774707	1
2321365	2403249	1
2180865	2180880	1
2792090	2787606	1
11784359	11784362	1
9676003	9676004	1
6518234	6527071	1
8310400	8314916	1
6034970	3977835	2
7416913	7410668	1
24205	24841	2
7540366	7540365	2
6118895	5723979	1
7880234	7880231	1
6472849	6472185	1
4026371	4026352	1
2890529	2890530	1
8566093	8566177	1
9118857	9118751	1
11845291	11845292	2
11788126	11788110	1
48925	48879	1
6160975	6018851	1
9982895	9920231	1
10844262	10844245	1
4552753	4628311	1
12574522	12574461	1
884703	664453	1
8457046	12524094	1
10882333	10987690	1
3364895	3239690	1
8002583	8002573	1
9793508	9793507	2
360333	360353	3
583111	583112	2
8968703	8969197	1
4573009	4573010	1
3542000	3541999	1
5328241	5328303	1
9764016	9764015	1
10718748	10718698	1
3315823	3993374	1
6928679	6928695	2
6062665	6058702	1
7041257	7040752	1
8463760	8464201	1
12457988	12184406	1
5844949	8521849	2
6954052	6953517	1
3191754	3191753	4
10255891	10245611	1
8319772	8319774	1
5577002	5576968	1
9464440	9464439	1
10008620	2520592	1
193595	192318	1
2658960	2658978	1
2207335	2204302	2
5377831	5378255	1
12226396	12226395	1
5455923	5451144	1
5481852	5481851	1
3313017	3317519	1
8887761	8887762	1
9313702	9313701	2
11818724	11818690	1
11157325	11157326	1
5469906	5469903	1
2309169	2309172	1
12693800	12693791	3
12721399	12721400	1
8950697	8820391	1
7824251	7824146	1
12754927	12754934	1
9655213	9655214	1
3356449	3936888	1
4837911	4837912	1
4356588	4355961	1
6104028	6104025	3
7094667	7095739	2
584426	584536	1
11721912	11721921	1
3913183	3913184	1
9163235	9163236	1
12489461	12489462	3
1116085	1116115	3
7168799	7168800	1
4199073	4544204	1
2825792	3266658	1
1119587	1525902	2
8831135	8803657	1
9810813	9815853	1
8786315	8674871	1
1957476	1957505	6
8834511	8834512	1
8772748	8772686	1
9519172	1331262	1
5936101	5936031	1
7991441	7991295	1
9949174	9949222	1
9317309	4943326	1
3510653	3510654	1
11895875	11895876	1
5152607	5152557	1
59539	59542	1
5449343	5449355	1
1874028	1874027	2
4647176	4647216	6
6733709	6733775	1
3468889	3468890	1
9972152	7461366	1
6398028	6399534	1
985515	985490	1
2314757	2315002	1
2485340	5606508	2
886303	886189	1
7955711	7951856	1
201271	196456	2
588297	589667	1
1670153	1668670	1
860009	859415	1
5996710	5996688	1
5702047	5702057	1
1006476	1006475	1
9521213	9521214	1
8234388	8241145	1
3591497	4029150	1
6507823	6507596	1
10981796	10981862	1
6093660	6094826	1
11073427	11073412	1
3191756	3191755	1
5259595	5427975	1
5690752	5690800	1
2364126	2364024	1
6709679	6709682	1
9136671	9136672	2
10439935	10425146	1
8183516	8183515	1
4295529	4295530	2
10069337	10067493	1
96287	96288	1
3651665	3651666	1
5658338	5609113	1
8438348	8438316	1
911494	911493	2
10169390	10169562	1
10486395	10486396	1
9643882	9643881	1
5576437	5576434	1
5154902	5125507	1
10638956	10638955	1
7353110	7353112	1
8739427	8739428	3
3440221	3440171	1
2048608	2048574	1
12268453	9550572	1
48345	48346	1
12721089	12721092	1
4154567	4154540	1
8866873	8866934	8
11888915	11888916	2
312916	10140312	1
3681048	3681017	2
2220693	2220656	1
3257505	3257506	1
10085317	10085318	1
8232676	8232684	1
3665123	3665124	2
1656487	1656488	1
6662917	6662920	3
12334873	9752348	1
11555587	11555588	1
10150110	10150109	1
5941751	5941752	1
1671413	1662316	1
1692435	1692444	1
8403457	8403458	1
7175962	7175959	2
2337299	2337300	2
7422949	7406563	1
3456541	3456571	4
170020	169986	1
8554354	8554338	3
3464650	3464940	1
9951277	9951278	2
3940893	3941057	1
12761842	12722822	1
3986875	6048336	2
10704110	10704014	1
3909002	3909001	1
6069869	6069870	1
5536934	5536976	5
545308	545296	1
6836229	6828415	1
7178545	7178546	1
12651311	12651312	1
4848416	7974025	1
3289457	3288202	1
7918331	7918339	1
3764083	3764084	1
1497145	1490473	1
5323684	5323659	3
1548289	1551537	1
6269127	6269130	2
2979434	2979433	2
1459518	9516059	1
10323654	10326819	1
5899057	5899034	1
2737779	2737782	1
10873791	10873792	1
6009097	6009100	1
7640242	7658554	1
10168422	10168413	1
6160229	6159639	1
5816296	5817049	2
7727155	7727522	1
4188570	4188569	1
2479164	5619041	1
10753326	10744767	1
3100396	3100393	1
6767333	6767334	2
2585591	2585493	1
3906474	3906461	2
10776716	10776737	2
4178925	4174804	1
9000163	1375048	1
4471959	4471960	1
9056783	9057041	2
922682	922681	1
2852628	2852492	1
5836997	5836825	1
6047770	6046846	1
1290913	1290914	1
7983221	7986658	1
4678373	4789238	1
1695456	1728556	1
10231958	10232323	1
4743661	4743664	1
9908314	9907743	2
12255961	12287073	1
12809297	12809272	3
3212363	5460490	1
6093057	6086629	1
12019574	12019475	1
6282177	6280769	1
2248643	10677698	1
10821042	10904364	1
8851116	8849906	1
11970444	11970443	1
8353419	8353420	1
4351068	4351032	2
9909110	9909109	1
9484176	9484175	1
3586467	3586470	2
10721436	10721594	1
12137861	12137954	1
11079367	1866711	1
10262981	10263168	1
3521151	3520364	1
1114788	1114811	1
1223779	1223784	1
7179216	7179215	2
8227353	8227275	1
402450	836589	1
8574960	8574951	2
12653880	12542927	1
10603368	10604284	1
1161080	1160679	1
2704901	2701855	1
9316522	9316609	1
1203169	1203170	1
276535	276475	1
1655690	1655685	1
37948	359384	1
11770099	11770078	1
11229538	11460503	1
8975805	8975808	1
10864246	8891642	1
8625263	8625264	1
6090928	6091424	1
9252113	9252154	1
2889323	2890429	1
11823659	11823662	1
3707315	4066248	1
11450361	11623463	1
7878619	7878620	2
367274	367273	1
7087199	7087200	1
3119682	3119681	1
11161093	11159550	1
11665062	11664755	1
11282974	11282188	2
11307143	11307144	1
5518264	5518263	2
81668	81626	1
2254895	2228366	1
8802219	8802207	2
10397775	10397551	1
5082377	5081696	1
9090872	8886166	2
9809641	9809798	1
10059831	10059763	1
4505689	4503720	1
3614128	3614109	1
11898691	11898709	1
6492086	6508324	1
8465348	8465347	3
9851681	9851589	2
9344566	9344565	1
7636468	7636467	1
3142336	3142309	2
8880130	8880112	1
3275414	3275568	1
11148203	11148488	1
12449016	12449015	1
9282734	9280365	1
9950706	7782794	1
1146377	1146394	1
2368985	2368986	1
3008353	3008437	1
1268428	1268122	1
661504	659847	2
7835248	7835281	2
11506726	11462387	2
3295128	6940294	1
3818715	3813401	1
2012631	2012632	2
3980865	3980850	2
937424	937427	1
7343502	7342463	1
8570674	8569827	1
1448265	1449473	1
6299594	6299599	1
10536061	10536064	3
1682846	1682855	1
4005601	4005604	1
3066156	3066155	2
4402676	4400761	1
7222769	7222752	1
7494978	7494936	1
2413899	2138904	1
5935133	5933629	1
11923640	11923603	1
1592464	1592563	1
6637338	6638154	1
2381630	2381560	1
7983638	7983525	1
5263621	5263550	1
2788265	2788230	1
123977	6306827	1
3422378	3607825	1
11893983	11930419	1
10730258	10730257	2
6814513	6814942	1
3264472	3264471	1
10433571	10433853	1
3041206	3041205	1
5509636	5509635	3
3662472	3662489	1
1725970	1733043	3
7701901	6972046	1
11173926	10846160	1
9852930	9852984	1
1763661	1763645	1
7427064	9471886	1
10909664	10909663	1
1561567	1561551	1
8281713	8280120	2
1888524	1888527	1
1625218	1625193	1
9434696	9434695	4
1965937	1964344	2
402888	402887	4
10087423	10087315	1
8066105	8291140	1
4186627	4186713	1
10613116	10613317	2
6011864	6074475	1
1680280	6723151	1
4811089	4811004	2
8795816	8795815	1
7806102	7806084	3
1056796	1056795	1
10006690	9930959	1
8420047	8406659	1
4755707	4755676	3
8220285	8220288	2
1852879	1924704	1
10282537	1724956	1
1301402	1301418	3
3703928	3703925	1
2710789	2710792	1
7930307	7930308	1
6519059	6519070	1
10800447	10800448	2
4057478	4058169	1
474139	474127	1
4474959	4474960	1
7180271	7180289	1
6129124	6129144	1
3925546	3925545	1
5698614	5698613	1
1632724	1632510	1
1271151	1271152	1
4054411	4054414	1
9106862	9108463	1
11280183	11280184	1
6758123	6758124	1
292335	292336	1
6377852	6377851	2
9951277	10404018	2
4049802	6166156	1
11448181	11442917	1
11588032	11588031	1
9816792	9820692	1
6037771	6038404	1
11299243	4432912	2
4021095	4021849	1
8560668	8560374	1
8948239	8948240	1
12028277	12027610	1
10773079	10773190	1
190974	190997	1
3797727	3797410	1
3049677	3032615	1
9238870	9238869	1
9365952	9376395	1
8216453	8216989	2
3541841	3541844	1
9510573	9510576	1
5919475	5919476	1
4339540	4345324	1
9613126	9611696	1
8541602	8558564	1
5084019	5084387	1
8016275	8016037	1
11723088	11723087	1
4438345	2715978	1
4060526	4868772	1
9922654	9922657	1
6520080	1542481	2
6280696	6280695	1
4428900	4247100	3
8869105	8869106	1
9914086	9914085	2
4812350	4809530	1
9851747	9851748	2
4581234	4581248	1
10670501	10670502	1
8996980	8996861	2
2021249	2307613	1
10076893	10080252	1
2085431	2397050	1
7880260	7880323	1
12715981	12715984	1
3933586	3933570	1
742741	742455	1
2554421	2554408	1
4387588	4381331	1
10641473	10641594	1
11132577	11132580	2
6213053	6213049	1
2413054	2413355	1
7048580	7048576	1
4339763	4338603	1
2781135	2739570	1
7361374	7361373	1
10655448	5444802	2
6343457	6341886	3
1608071	1608064	1
1353954	1353951	1
9372930	9372918	1
12303499	12303504	1
4359292	4359327	1
5363583	11621498	1
12380125	12380126	1
7450415	7450416	2
360331	360332	3
3319855	3319566	1
866953	866954	1
7194896	5515323	1
12472659	12472242	2
4537928	4536639	1
4681217	4681218	1
2572760	2572776	1
9267721	9267696	1
9515166	1588499	2
3701415	3701563	1
5751501	5750009	1
6884381	6884358	1
3543572	3544033	1
4746226	4746185	1
335962	338205	1
3611881	3611885	1
3445234	3445274	1
6272131	6272132	2
3201022	3201021	3
2734709	2734710	1
10401379	10401380	3
11296916	11280948	1
3562323	3562324	1
11061075	11035231	1
9663726	9663667	3
1849135	1849205	2
6170266	6170265	1
4497829	4500117	1
7190797	7191217	2
1415643	1415682	1
6480363	6480360	1
7342183	7344083	2
7979259	7979260	1
8421276	8421275	1
8779928	8683576	1
10043026	10043308	1
8492005	8492143	1
3616010	3614813	1
12203843	12194574	1
9365018	9365017	1
6112013	6112269	2
11110651	11092191	3
9891164	9891169	2
2603239	2603240	1
657364	657363	1
9302598	9302607	1
7586451	7586452	1
7371143	7371144	1
11558705	11558706	2
1987979	1988193	1
2579925	2579926	1
9503373	9503376	2
10710539	10710462	1
763213	763196	2
3860300	4079737	3
9231804	9350328	1
1929255	1929653	1
10919963	10919964	3
4738308	4738283	1
2692483	2692484	2
10099856	10103729	1
6465936	9464286	1
11584927	11584938	1
5536936	5536935	6
12231758	12231751	1
5600222	5600196	1
1987594	1987893	1
11626687	11626688	2
1243254	1243941	1
12612812	12612811	1
3660282	3661123	1
4076134	4076133	3
12296530	12296529	3
1764155	1763352	1
12302298	6879337	1
12119847	12119848	1
7964951	7965425	1
4789239	4789240	1
9110646	9109490	1
12321314	12447564	1
2386244	2387293	1
10239768	10238170	2
7986838	7991073	1
5945239	5946928	1
2925657	2925660	1
8817198	8817197	3
11206766	6356221	1
3556670	3556675	1
2904330	2904329	1
3442899	3442851	1
8042439	8042384	1
8679989	8678891	1
3794428	3794427	3
10298905	6868149	1
858640	6825642	1
4800046	4756394	1
9815740	9815571	1
6118975	6118880	1
5464487	5464445	2
9689725	7285244	1
5904123	5904128	2
10081000	10080994	1
5505103	5505108	1
443330	442042	1
940046	205949	1
11980560	11980559	1
3242936	3243574	1
5748182	5748185	1
3661692	3661672	2
8300854	8300851	1
2389809	2390442	2
2230109	2144488	1
3803004	3802984	1
6892732	6891911	1
3256310	3256309	1
9422724	9422723	3
6395886	6399363	2
10909157	10909108	1
9841250	9986559	1
8545565	8545555	1
1423134	1434202	1
7453741	7453759	1
8611476	8613413	1
612260	625553	2
7446426	7446478	2
8263000	8262999	2
10538218	10538660	1
4496532	4496527	1
8237976	8237975	1
779671	8678997	1
10284807	10284910	1
9932521	9932522	1
9853481	9854305	1
7524155	7523605	2
3981325	3981326	1
7940547	8011702	2
10191520	10191087	1
6929968	6929674	3
2226106	2464279	1
12661187	12661132	1
3497043	3497044	1
10097908	10098202	1
3684851	3684941	1
6995335	6995219	2
4865049	4864068	2
10789218	10789217	2
11192468	11192465	2
11909983	11909984	1
3910156	3910329	1
10692165	10692166	2
6845991	6845992	1
11707274	11707237	1
7504292	7504291	1
10237591	10237599	1
6679774	6679253	1
3100181	3100105	1
7271701	7271746	1
8006041	8006042	1
5631721	5801236	1
12431948	12431900	1
2006798	2006881	1
11395490	11395489	1
10885636	10885749	1
555584	555581	2
4866955	4866985	1
7763487	7763498	1
1101823	1101824	1
6431963	6432084	1
1489476	1489475	1
9504510	9503979	1
870177	866561	1
9064333	9064334	2
10302889	10302851	1
8471452	8471446	3
122670	122634	1
1230315	1230316	2
687706	673908	1
1154287	1154693	1
5128522	5131498	1
1446621	1446622	1
6907266	8951298	1
8666850	8666831	1
8565214	8565379	1
7255644	7255639	1
6981498	6981497	1
9991617	9990913	1
10647708	10647707	1
10993350	10993359	1
3700511	3700300	1
7615745	7615746	1
850550	850549	1
7056132	7058916	1
939573	939574	1
9642578	9642577	1
2425164	5882041	1
6275467	6274312	1
8318646	12683809	1
9912021	9908259	1
1271151	1271154	1
7955976	7955962	1
5260643	5260656	1
2489218	2489217	1
10182525	10182502	1
5577282	5577281	1
7231590	7231584	3
2323155	2322890	1
9843239	10309407	1
10906533	10906549	1
7162281	7162683	2
6110666	6110761	1
1216074	1216079	1
7446285	7446286	1
6494373	6494362	1
1696388	1696478	1
9540422	9540574	2
10738756	10737806	1
8483882	8489699	1
8380809	8561502	1
3201095	3201108	1
10553818	10543875	1
3995985	3995988	2
11524602	11523776	1
5737391	5737366	3
6432455	6432780	2
9064253	9064222	1
6704023	6703994	1
12237513	12238394	3
7382754	11402166	1
840780	840779	3
6390493	6392401	1
9334407	9334408	2
6503284	5092273	1
5882753	5889780	1
3159200	3159491	1
8311976	8311550	1
6528344	6527850	2
3202604	3202598	5
1547971	1548730	1
5289940	5289561	1
5650623	5650753	1
8454208	8451635	1
12622954	12622900	1
3999862	6413864	1
10166932	10166931	1
2229167	2229168	2
12139150	12139145	1
4735899	4735924	1
4823662	4823665	1
6568536	6568102	2
8357839	8280123	2
1545371	1546228	1
6440068	6440067	1
12485008	12485007	2
3662488	3662473	1
2416641	2416642	2
9331466	9331413	2
2875442	2875441	2
607355	607455	2
1006474	1009197	1
2417014	2416565	1
3903173	3903174	6
7186586	5516894	1
6765860	6765857	1
5303358	5303297	1
10319662	10319748	1
11411895	11398940	1
5710981	5711640	1
2410963	2404705	1
10915892	10915891	1
10419271	10419570	1
648662	648659	1
4277715	4277641	3
5751537	3466653	2
8612968	8611313	1
1836589	1836590	1
1194950	1190247	1
5222946	5223114	1
5255260	5254890	2
10448019	10461474	1
10499993	10597039	1
7397233	7396743	1
1691177	1691178	4
3726428	3726427	3
7440341	10702148	1
12725804	12725803	1
2378889	2378951	1
3028025	2966846	1
9843690	9841736	2
9164202	9164201	1
9115241	9115242	2
12032314	12032313	1
3353059	3353104	1
8764319	8764320	1
1933522	1934107	2
7471268	7471184	1
4229748	4187809	1
10354334	10354333	1
9346942	9346941	3
851539	851430	1
12543689	12543690	1
8409266	8409259	1
10555090	10555089	1
1696825	1696627	1
603944	603943	2
11937866	11939860	1
8583280	8583447	2
11621758	11621757	1
1753306	1753305	1
7808524	7808521	1
7224564	9177840	1
3337854	3337853	3
72736	73121	1
11757394	11756355	1
10310759	10310760	1
3910461	3910462	2
2764255	2764284	1
12560336	12561527	1
9069475	9039213	1
7446301	7446420	2
8415012	8414980	1
7851256	7851255	2
1832301	1832304	2
7175824	7148127	1
12634024	12634156	1
9194384	3365153	1
2361732	2361731	3
455042	440929	1
5606976	5606975	1
7757508	7757487	1
7981766	4807653	2
10347999	10348000	2
1396275	1455437	2
2776407	2776408	1
10363691	10363654	3
2811388	2811387	2
9973846	9974006	2
3867649	3867658	1
2185129	2183843	1
11573469	11573470	2
9922062	9922059	3
7297093	7303628	1
5193398	10883428	1
6772921	6773157	3
7563833	7563841	3
10627177	10627067	1
10877936	10877935	2
9589775	9589776	2
1369575	1369623	2
2637105	2637103	1
11286726	11286725	1
292669	292701	1
4863999	4864002	1
10908383	10908384	1
8412803	8412240	1
7207876	7207866	1
5854357	5854337	1
8881803	8881804	1
10869340	11000440	1
7581960	7581882	1
6504381	6504382	1
10547477	10547478	1
7716950	7789670	1
11454584	11454630	1
10555092	10555091	1
6459900	6459960	1
1829541	1829954	1
7295950	7295949	1
2695017	2695018	1
5504566	5489919	2
6072962	6073025	1
5273279	5273334	1
233829	149717	1
8838867	8838870	1
2554409	2554410	1
2899143	2899144	1
10254495	10255768	1
5705050	3928198	1
11616055	11616056	1
8194568	8194567	1
4030909	4030655	1
8760324	8759439	2
10448588	10448587	1
4299757	4299758	2
6243581	6693800	1
11173143	11173144	2
7730606	7730603	1
10498976	10498984	1
12718285	12718516	1
4347217	4347218	2
8673534	8673533	1
5615852	5615845	1
7174509	7174510	1
770900	770148	1
7866954	7867004	1
8451937	8451938	1
6473777	6473829	1
10496846	10559141	2
10985879	10985880	1
9013019	9013020	1
1082399	1077064	2
4783326	4783411	1
2376239	2376219	1
12815017	12815018	1
4210712	4210468	1
9183190	9183189	1
11178404	11183002	1
2118294	2086599	1
6350508	6350507	2
4789216	4789199	2
5967084	5967195	1
3322287	3322288	1
1151414	1151413	1
4297228	4297231	1
1002318	1002597	1
3251379	3251392	2
10717246	10717256	1
8320414	8055740	1
3972805	3972820	1
1356360	1356363	1
425749	425750	1
3010124	3004608	1
49120	47920	1
12756717	12756774	1
7936342	12315418	1
4042691	4041993	1
11494751	11494752	1
5770687	5770695	1
6852622	6852619	1
6208383	6208355	1
2239570	2239569	1
10296089	10296086	1
8950910	8950475	2
4087769	4087656	1
8223835	8223836	1
9850591	7586673	1
2768335	2768339	1
3569270	3569269	1
6369567	6365142	1
11020057	11019988	1
6853448	6853438	1
9101139	9101142	1
4057486	4057481	1
4051246	6490463	1
2876826	2876825	1
12182649	12232276	1
4768536	4768436	1
2254829	2254837	1
2205543	2205557	1
8472243	8470342	1
8007270	10184752	1
4547883	4547884	2
2669187	2669188	1
10877814	10879366	1
6579271	6579272	1
953751	953599	1
7712494	7712493	1
1508592	1508591	1
6790500	6790497	1
6873344	6887665	2
10462337	10708938	1
2998058	2749271	1
9940583	10240592	1
4034272	3805830	1
10194974	8014570	2
2319503	2319504	2
3511591	3710691	1
6727521	8341136	1
12722611	5996493	1
4723118	4723117	1
6589692	6589691	1
5919503	5923309	2
10099635	10100931	1
7116936	7116935	1
2334374	2334371	1
5451450	5450939	1
1451605	1451621	2
2858324	8079866	1
4824152	7981508	2
3249489	3249878	1
11639338	5357710	3
712315	714162	1
11649896	11628636	1
9316065	9312160	2
7095229	7095426	1
3928950	3929191	2
12157534	12297168	1
6147241	6147242	2
2790697	2790700	1
3653995	3653996	1
11453653	11453677	1
3511067	3708287	1
5979180	5979179	1
4723120	4723119	1
428336	430893	1
10595180	10548572	1
11832207	11832693	1
5134069	5134070	2
6018249	6053792	1
2730278	2730382	1
2416743	2416746	1
4607790	4607957	3
7805979	7805980	1
4252489	4252492	2
5357099	5357328	1
3855421	3855488	1
3991415	3991459	2
3307797	3307798	1
10973805	10973810	2
4542653	4542744	2
7029921	7038644	1
1835303	1835306	1
5744662	6123390	1
3199589	3199489	1
5659327	5659328	2
3960751	3960704	1
12480167	12480168	1
10480812	1252882	1
7637879	7637838	1
8859336	6319827	2
4941694	4941683	1
3661170	3663902	1
1954937	1954953	1
4609905	4609906	1
973751	973709	1
1670187	1670188	1
10947042	10947069	1
623749	623752	1
4273331	4272889	2
12527191	12416280	1
1292206	1292203	1
8839694	8801661	2
8742728	8959083	1
8875250	8875333	1
6698631	6772793	1
890578	890652	1
12502999	12503024	1
5509914	10891392	6
10307189	10369245	2
5909999	5819570	1
11549431	11549407	1
1522215	1522194	1
3525228	3525223	1
9622792	9553979	1
8796120	8796187	1
1024527	1024459	1
11933969	11935177	1
10655469	10655470	1
12654382	12654385	1
3971554	3971545	2
8726112	8726111	1
10126700	10126688	1
10964426	10964425	1
330248	330247	2
968474	968105	1
1932914	1882040	1
3905478	3905477	1
1172744	1274879	1
5401401	5401041	1
6533624	6533621	2
555332	566123	3
3556550	3556634	1
12791103	12790375	1
3738596	3738592	1
12359785	12409797	2
4811515	4811568	1
2786407	2796044	1
12640920	12640858	1
3952576	3952657	1
1217101	1217102	1
5383462	5384837	1
5749533	6192401	2
718422	718419	1
5952558	5953407	1
9565867	9565868	1
8635620	8635619	1
3541965	3541966	1
3359980	3360508	1
10120627	10121189	1
11535218	11620314	2
3095455	3095456	1
6037549	6037550	1
3743273	3743316	1
3888948	3890019	1
7206898	7206924	1
7042131	7042171	1
1998661	2022582	3
10194974	8014574	1
10690150	10690143	2
8199704	8205087	1
3321371	10198041	1
5128724	5128672	1
9507180	9507074	1
1777932	1778230	1
10984840	10984839	3
1596936	9637328	2
4070739	4070740	2
12168090	12168752	3
3676507	3673512	1
1914426	1914418	1
7332940	7332627	1
10316096	10316095	2
1579722	1579755	1
12514612	12514599	1
3746393	3746653	1
6210007	5995756	1
2856640	2856694	1
9773893	9774482	1
9531057	9530963	1
1467397	1467400	1
11979719	11980483	2
4618036	4618258	3
4169020	4169017	1
11964707	11964708	1
3666976	3663956	1
10266463	10266395	1
2021854	2021853	1
10130311	10130200	1
2970728	2939185	1
10643849	10643468	1
3241812	3241391	1
5847291	5847349	1
9575596	9575590	1
5778829	5794267	1
940989	941172	2
2474573	5624690	1
4080088	4072442	1
4223103	4223104	1
10438423	10438458	4
11356598	11329161	1
10814602	10814601	2
4283987	4283937	1
5190190	5372982	3
4717808	7349459	1
10750352	10748008	1
12296528	12296156	3
9682619	9682586	2
5122098	5122095	1
9436807	9436799	1
1857363	1857364	1
9375559	9388222	1
4854636	4854635	2
5086824	5086821	1
10465055	10465056	1
9758351	9758352	2
8954530	8909975	1
1127705	1129835	1
1725988	1726035	1
7960550	7960161	1
7115001	7115524	2
2215331	2211043	1
6838862	6855641	1
6447045	6451073	1
6895536	6871402	1
2842138	2926563	1
2882709	2882832	3
8291272	8290653	2
1096779	1096780	2
12412931	12412936	1
7277446	7277368	1
6263910	6263909	1
5400043	5400044	1
9851329	9851315	1
3602999	3609020	1
7553782	7553684	2
3483676	3483675	2
11533828	11535342	1
8652461	12015743	1
651079	651093	6
8665709	910434	1
7276727	7276461	1
11852554	11852546	1
1040984	1039009	1
1634814	1639129	1
7785485	7785486	4
6836558	6836557	1
7095383	7016120	1
5705241	6103019	1
8713952	8713949	2
10728994	10728993	1
9422455	9302987	1
2982911	3350421	1
2130268	2130267	2
2584723	10936413	1
9665546	9665578	1
11522810	11532395	1
8024218	8023480	1
4752475	4752476	4
4014718	4014715	1
792595	547662	1
7453329	7453330	2
660798	660819	1
2343132	2343162	2
3555261	3555246	1
985494	985491	1
10401168	10401380	1
4158100	4157865	2
10874142	10873774	1
11871335	11871336	2
6461300	6461299	3
5924692	5924733	1
5814787	5814788	1
10187745	10187746	1
11337802	3194877	1
1905418	1905529	1
2572522	2569173	1
4015164	4015163	1
6949696	6949693	1
8085566	8085053	4
8148532	8148493	1
3463488	3463522	1
1783642	1781895	1
1178274	1178371	1
895928	895925	1
7459399	7459410	1
2662098	2662097	1
7988102	7988101	1
6204196	6204195	1
9142330	9142208	1
6724960	6724959	1
6138352	6134653	1
5207241	5207242	1
12539361	12539362	2
9659749	9659722	1
2287619	2287620	1
5451750	5451735	2
5248305	5248308	1
2235378	2235390	1
1413984	1415827	1
10280181	10279263	2
3492581	4017902	1
8583446	8583317	2
6474165	6473861	1
12197810	12197809	2
3764911	3764082	1
472024	472023	1
11781372	11781479	1
7388858	6975283	1
5509914	10891394	2
9652899	7654673	1
10726230	10726346	1
7191103	7191104	1
10128434	10128405	2
12660509	12660507	1
9452218	9351940	2
607784	603943	1
2567827	2382757	1
1536894	1391007	1
7314386	7314364	1
2047545	2047546	1
12522210	12522209	1
1398514	1398517	2
1721996	1721855	1
8171904	2962580	1
3126168	3124091	1
1693652	1693633	1
2896643	2896676	1
3698658	3698654	1
4809531	4812322	1
1370384	1370410	1
4949977	4949979	1
12426708	12426677	1
2311114	2312335	2
11209716	11209750	1
1253338	1253355	1
10671992	10670153	1
7398487	7398464	1
5922410	5921831	1
9355848	9355842	1
6210295	6210296	1
2143906	2143738	1
4345904	6209348	2
5795084	5795083	1
10655471	10643110	1
9160758	9079520	1
10616188	10616187	1
3557471	3557464	1
11098063	11071321	2
6548264	1540222	4
8847205	8847197	1
2463653	2463654	1
7261170	7260951	1
11552704	11552695	1
5647680	5677963	1
4662831	4665514	1
7884005	6918792	1
2942144	2942171	1
5595368	5595367	2
3752146	3750064	1
9255110	9255294	2
5542172	5542171	3
7341718	7341717	1
9096799	9096802	1
8417619	8417622	1
5947383	6016611	2
10596921	10597409	1
11920781	11920782	1
12777574	12777573	2
11003501	11004825	2
1259190	1259135	1
11645240	11645228	1
2370864	2372154	1
7320949	7320953	1
1535066	1534950	3
1591742	1591732	1
6166924	6167001	1
3938350	5996837	1
9821352	9821449	1
2891723	3196171	2
885556	885555	2
8437829	8437830	1
11917994	11917993	3
254905	254999	1
10376163	10380614	1
2689162	2719493	1
7927444	7930996	2
5101248	5131532	1
3944234	3944326	1
6054557	6054558	1
7869816	7869815	1
3756934	3864161	2
3310747	3319779	1
6125121	6126299	1
7734838	7734805	1
7228323	7248138	1
10314465	10314466	2
12512279	12511847	1
10015384	10015383	1
8299132	8293071	1
5215333	6779082	2
9069475	9069476	3
11607849	11607705	1
11140650	11140654	1
7924093	7924030	1
7530902	7530901	1
6241706	6243378	2
8776078	8775697	1
11595896	11595895	3
8352541	8352680	1
10256133	10256212	2
11833332	11833329	1
4067006	4067005	2
10341644	10341647	1
3621445	3621446	1
5175714	5203447	1
11870714	11870787	1
280813	4121062	1
8768479	8768658	1
9899368	9899315	2
11395420	11394091	2
8482919	8509107	1
3774753	3774773	1
8685923	8692218	1
6666965	6671642	1
2103531	2103532	1
11598048	11598789	2
8017151	8017945	1
10003642	10003639	2
4737824	4737827	1
9925171	10688068	1
2926765	2926766	1
3930063	3923421	2
8320632	8321664	1
54413	54414	1
4792679	4792667	1
4557747	4557748	3
48045	47978	1
782459	776548	1
1736556	1696339	1
4723122	4723121	1
3428200	3428259	1
4380747	4380748	1
8251474	8251473	1
2989526	2993300	1
4252625	4326885	2
2997691	3000168	1
6927756	7446302	2
8651646	8651639	4
11631833	10177820	1
6434388	6434387	1
6115737	6116746	1
12265616	12265615	1
9385947	9386384	1
5201696	5198692	1
5462668	10882430	1
10258536	10258510	3
11732689	11732174	1
10929613	10928627	1
6054559	6054560	1
12661798	12662347	2
8785834	8775657	1
479960	479912	1
1224049	1226144	2
12457261	12455350	3
12724520	12724568	1
8574067	8575623	1
10569207	10560155	1
3813877	3630240	1
8869107	8869108	1
4082336	4082335	2
9929635	9930387	1
3936766	6193385	1
2905226	2905225	2
11408495	11408428	1
6137119	6137120	2
9559693	9559936	1
10444301	10444283	1
1358978	1358977	1
9897144	9897143	1
6836121	6837069	1
11522810	11522809	1
8883045	8883066	2
7774605	7774606	1
7100410	7100409	2
5000176	5000017	1
7861366	7861365	1
8543903	8549936	1
11019214	11019213	3
781087	779695	1
6118684	6118905	1
4699574	4699573	2
7369416	7366722	2
222903	224958	1
7210919	7210920	1
992541	3958125	1
1358473	1358474	1
123432	123371	1
5948314	6017175	1
7216678	7217428	1
5694165	3321351	1
6868982	6869061	1
1975450	1975414	1
8450802	8450801	2
4592138	4592137	1
12186730	12186729	1
3609889	3609862	1
9715459	9603636	1
8001589	8001590	1
8651913	8651914	2
6955192	6949739	1
2539732	2537930	1
1730141	1730096	1
8023095	8020952	1
12033027	12033028	1
7287937	7287938	2
7101277	7099831	1
9827315	9827263	1
137300	137299	1
8497225	8497216	1
11453810	11436325	1
1773008	1773007	3
9712378	6273262	1
1234907	1234908	1
11746670	11746977	1
3923428	3923468	2
1077671	1077672	2
8606794	8599966	1
10700839	10700879	1
12628059	1275443	1
4560656	4560573	1
2369795	2371731	1
1742481	1739571	1
4612806	4612805	3
9145431	9144322	1
1691171	1691178	1
4248094	4248082	3
7108190	7108697	1
5806654	5806650	1
1163140	1163153	1
9097965	9097521	1
3556880	3561672	1
1943532	1943531	1
12168753	12168754	3
3359485	3359039	1
11325526	2868441	1
7851808	7851795	1
9351531	9351161	1
4048402	4048401	2
1068893	1068894	1
10495113	10495114	1
10755121	10755271	1
11862535	11862421	1
226496	3795703	2
9979789	9979790	2
3429239	3423018	1
543199	542954	1
12466270	12466269	1
1671480	1671479	3
9000163	9050371	1
4104495	4104558	1
12024402	12024525	1
11815626	11816268	1
12752650	12752661	1
9634150	9634149	1
5786721	5786663	1
8846653	9549409	1
1252673	1251064	1
10004092	10004091	1
8501643	8500842	1
11688300	11688299	2
12360643	12360656	2
10988030	10988029	1
4701426	4701688	2
2113188	2113262	1
1182711	1183743	1
1860445	1860669	1
7413313	7413349	1
598405	599046	1
7191372	7190465	1
7382349	7382350	2
3996119	3996319	2
9654795	9654796	1
10736728	10466940	3
3811669	3703445	1
9848932	9848921	1
331240	831157	1
6458387	6677517	1
74309	74310	1
6518399	6518400	1
3028027	3028028	1
8787572	8787571	1
723887	723928	1
2521591	6004391	1
6093748	6093747	1
12658608	12658607	1
7951734	7951391	1
132541	133484	1
9428147	5597792	1
9353751	9353759	1
11987502	11987560	1
8666637	8666763	1
163757	163758	1
376589	6818807	1
7593575	7593576	1
12240817	12238499	1
11840087	11840181	2
8046970	8268152	1
4726172	4724731	1
8672245	8674227	1
6563809	6563810	3
10349172	10349171	1
9882168	9882167	3
5773190	5773189	1
3341098	3341140	1
2254586	2380608	1
11897686	11901134	1
9903668	9903214	2
3973775	3973776	1
8686180	8686169	2
4059059	4059060	1
9127694	9127731	1
7833044	7832911	1
7997173	9860011	1
306398	306395	1
10229547	309173	1
3881339	3871734	1
5998133	5996230	1
1209462	1203680	1
5628919	5628905	1
8202494	8201278	1
7110496	7110088	1
4607691	4607727	2
2279912	2279948	1
2926832	2928806	2
2286871	2023792	1
3242041	3242117	1
8767976	8767975	2
7992667	7992668	1
1684783	1684614	1
6420253	6420254	3
7402578	7020428	1
1832642	7822208	1
4429485	4429297	1
7348758	7348763	1
7053592	7053643	1
2371772	2372516	1
5669339	5669340	1
3451081	3447325	1
9717305	9599684	1
10505065	10505684	1
12814944	12814910	1
8196015	8196016	1
11546123	11546124	1
10462866	10462776	1
6732093	6740142	1
657276	657271	1
8554465	8554466	1
10398368	10398367	1
5978227	11935277	1
5741295	5742833	2
7246464	7061065	1
2459036	2458173	1
8085283	8085054	1
4441663	4441644	1
1418100	1418255	1
2562976	2564484	1
11269833	629232	1
6041045	6070184	1
3135084	3135427	2
4015166	4015165	1
9057124	9057123	1
11358625	11358626	1
6161819	6161758	3
8707017	8707018	2
4251272	4251940	1
9279316	9278977	1
12253474	12205039	1
6196618	6196912	1
1267028	1267025	1
2013297	2013831	1
2735029	2737395	2
8572363	8572307	2
7498221	7498222	1
9767084	9766801	1
7533082	7533081	1
11935161	11935162	2
326024	326101	1
333863	335001	1
6093041	6093042	2
8554383	8561573	1
2825608	3266780	4
5460072	5446982	2
5925237	5925238	2
12654386	12654385	3
5861373	5861030	3
11717554	11717548	1
3738665	3940613	1
7849105	7844770	1
7971149	8000389	4
3477950	3500501	1
7599593	9375196	1
8352403	8352424	2
1526907	1526891	2
4782091	4782092	1
3146459	3146445	1
9627299	9627174	1
11012393	11013691	1
5311313	5311314	1
5677992	5677991	3
8815833	8815846	1
1113235	1112472	1
224072	224071	1
7594309	7924503	2
4056385	11687657	3
10509712	10509707	1
2479425	2479470	2
5212182	5212174	2
8835071	8835072	2
258019	258020	1
11771647	11771648	2
9758510	9758509	2
7520498	7519199	1
1261302	1256846	1
2724354	2724351	1
3825330	3825329	2
372976	372973	1
1247445	1247599	1
8610860	8608386	1
12546011	12546012	1
6431309	6435505	1
5852305	5852160	2
7850749	7850750	1
6437372	6437344	2
22325	22293	1
6146389	6146436	1
3185574	3185593	1
765424	765423	1
7941517	7941297	3
6923425	6923426	1
1929745	11085695	1
7574043	7572063	1
3236100	3236099	1
5825951	5825952	2
3555399	3555402	1
10341648	10341647	1
2673741	2673742	1
4576890	4576889	1
680603	616438	1
6637313	6637073	1
4016557	4016558	1
1607359	1608622	1
9536673	1047817	1
10789648	10789641	1
379765	379459	1
3108080	3108079	1
7982243	7982173	1
6383542	6382180	1
898395	654195	1
10403382	10403417	2
9780428	9773108	2
12686877	12686863	1
7421441	7427458	2
4681645	4681646	1
9699614	9694026	1
9094713	9094714	1
8582328	8582106	1
4136000	4135999	1
15313	15314	1
3004520	3004512	1
3985038	6045267	1
6638647	6638650	2
8432746	8430711	7
1923823	1896329	1
9304593	9298744	1
12191224	12207417	1
5578503	5506237	2
8445456	8445455	2
406337	407756	1
12151522	12151521	1
3056809	3056969	2
5724779	5725429	1
6203937	6203761	1
3834369	3834370	1
9012481	9012482	1
6892411	6892414	1
7243146	7241449	3
6548953	6543848	1
3860869	3776243	2
920320	9081110	2
12608521	12602645	1
9965268	7874679	2
7764892	7764891	1
816325	818485	1
4726908	4726910	1
3493863	3493906	1
8387717	8387718	1
6996657	6997332	1
1590077	1590078	1
651149	651023	1
6385995	6578356	1
2679344	2679343	1
12258994	12377198	1
2799885	2786036	1
8260006	8260696	3
4353192	4353191	1
3267137	3267138	4
4467847	4608830	2
5539754	5155587	1
2495332	2495343	1
6734453	6734345	1
8465350	8465349	4
3633886	3633891	1
8800260	8799464	1
11796079	7486912	1
10033379	10032968	1
7196105	7196073	1
8449903	8449904	1
3022436	3022435	1
11787442	11787441	1
3109221	3109272	2
1341051	1341052	1
4374331	4374211	1
5053615	5053610	1
2297556	2297302	1
6528133	6528139	1
6479664	6337917	1
1693296	1693287	1
458517	458555	1
4473888	4473887	2
8548484	8547844	1
2607050	2607047	1
8034890	1108192	1
4143824	4144912	1
7259789	7259790	1
4016559	4016560	1
2201738	2028256	1
3806484	3718620	1
11761203	11761208	1
8024567	8024586	1
5323499	5123341	2
12457354	12456067	1
1958212	1984313	1
1540996	1541040	2
10836758	10836816	1
7855886	7855848	1
4618040	4618037	1
7961181	10905538	1
3696383	6108159	1
10250585	10250459	1
6404867	6323724	1
10045273	10045168	1
6976771	6975497	2
5432478	5432381	1
8867368	8869386	1
6861537	6861549	1
3284743	3195159	1
10083392	10083404	1
824586	824595	1
3447657	3447658	1
6108026	6108232	2
4990363	4990350	2
5595362	5596094	2
11175195	11175207	1
661543	661544	1
4392463	4172917	1
7215223	7215224	2
10327917	10327918	1
5822623	5822684	1
3761217	3761218	1
3261295	3261285	1
4078002	4078001	2
4814252	4815247	1
9097679	9097689	1
10672335	10704510	1
8692093	8692094	1
9018406	9018455	2
10824331	11154621	1
3383371	3383372	3
5720740	5720747	1
1759761	1759154	1
6368821	6368824	1
1410971	1410972	1
10348964	10348963	1
11435551	11435438	1
10548969	10548922	1
9339989	9340015	1
6716775	6716291	1
9729854	9787457	1
4227668	4250523	1
2412691	2412701	1
7841010	7841706	1
2572441	2570341	1
1614525	1614578	1
5891730	5891740	2
1502346	1502343	1
2893614	2918471	1
8448193	8448194	2
544649	544650	2
7924840	7924838	1
189879	189891	1
5181401	5263150	1
6691435	6691196	2
7957813	7955024	1
499828	499827	1
5693704	5693724	1
7532301	7532287	2
6446903	6446871	2
11854006	11853930	1
10664640	10590585	2
8344771	8209087	1
5596553	5596554	2
3542461	1168460	1
4715931	4715872	1
850313	845908	1
9283061	9283062	1
1551536	1551535	1
5926913	5926611	1
1936888	1936869	2
11091988	11110165	1
11042293	11042294	1
6521883	6521884	1
9545958	9536013	1
12635842	12724732	1
6546309	6544682	1
3743793	3743794	1
785009	855112	2
5322450	5322554	1
12620592	12728515	1
6020988	6021298	2
11175826	11175825	2
3889251	3889852	1
1736611	1736666	3
4095988	4096067	2
11709745	11417064	1
3032227	3032228	1
9243844	7174841	1
11398524	4716366	1
6554723	6557179	1
6101874	12515228	1
5053617	7466266	1
7183561	7182364	1
6717524	6717523	2
4323127	4323130	1
5618365	5618366	1
8883451	8883452	1
9232484	9232483	1
3500333	3500244	1
4562916	4620256	1
6161759	6161760	1
7517207	7515772	2
9998466	9998549	1
10806860	10807543	2
11136381	11136382	2
2022583	5321516	1
6660933	6660934	1
7682219	7682220	8
3584747	4031026	1
11179223	11178256	1
5226219	5225873	1
6851230	6851227	2
10568627	10568257	1
9503371	9503372	2
163895	163892	1
2871428	2871479	2
12122730	11172484	1
11875836	11875965	1
426127	426130	1
6758704	10108580	1
7933635	7933572	1
485883	485886	1
77507	121346	1
4942769	4942753	1
967419	11834864	1
10298255	10298557	1
11911564	11912350	1
10740196	10740195	3
6192947	6193046	2
4224124	4224123	1
8837333	8837334	1
9963339	9982910	1
11130698	11130695	1
7106669	7106558	3
7322159	595613	1
1132672	1132671	1
9816516	9811740	1
950720	950723	1
9526799	9589827	1
5917698	5917683	1
8166716	8166719	1
11589321	11589198	1
7692582	7692581	1
12515287	12515282	1
3654722	3654649	1
9378224	9378097	1
5338906	5349043	3
5276797	5276845	1
12263092	12260118	1
5345244	5345204	2
3800335	3800257	1
4136561	4137710	1
3961656	3961672	1
1836672	1836671	1
131942	141454	1
2310770	2310769	1
12431893	12431900	2
11290296	4714613	1
8581299	8581300	1
6712814	6706871	1
10195626	10195625	2
9442496	9380097	1
8731655	8731656	1
10408365	10408314	1
10981642	10980722	1
562227	561975	2
2104139	2104067	1
8163817	8163820	1
6285972	6285990	1
7807967	7807970	1
10914398	3352101	2
1645800	1645799	1
433192	4386821	1
555584	555583	1
11571213	11571214	2
1257490	10677813	1
2382341	2382249	3
7342181	7342182	2
3591481	3591482	1
3096595	3092533	2
6166001	6165983	1
87389	87328	1
11591420	11591419	2
12558824	12559203	2
2645926	2645949	1
854190	856866	1
4662175	4681249	1
12488164	12690895	1
4078420	48285	1
11861306	11861317	2
11677744	11677895	1
406889	406862	1
8916954	8861568	2
3866362	3866361	1
8077982	8077981	2
1167639	1197848	2
6294419	6294423	3
1353118	10448587	1
2322150	2124487	1
10510342	10509707	1
7802172	7802171	2
7566028	7566031	1
11712145	7558601	1
3155038	3154876	1
11251386	11251033	2
7237509	7251920	1
4851067	4851068	2
12396850	12396968	3
4611592	4611591	1
9824413	9824379	3
7779587	7779588	1
4421441	4421894	1
5698612	6035499	2
11164249	11164282	1
4679680	7830720	1
8251472	8251471	1
6289466	6400930	1
1542350	1542349	2
8258429	8258430	1
2896173	2896174	2
10743957	5436378	1
4437084	4436978	1
12293661	12293651	1
6089643	6089644	1
9672594	9670170	2
9883368	9883384	1
7215066	10889918	1
4997360	4997359	1
3586588	3585193	1
275247	275250	3
4797964	4797963	1
4241825	4241826	3
11251049	11130825	3
10298271	10298272	2
4435772	4382091	1
8764800	8764799	1
4010088	4025496	1
9094711	9094714	1
10215626	10216004	1
9186399	9186400	1
4066862	4066861	3
9236766	9236761	1
3508649	3510140	1
9156408	9156405	1
2276309	2276310	1
6507815	6507822	1
11785697	11781537	1
10025243	10025206	2
5238969	5238899	1
3318330	3316967	1
11408916	11408918	1
7263172	7123159	3
3802061	3802062	1
2117210	2117246	1
6374003	6374046	1
7178769	7179138	1
11286817	11286820	2
2030308	2028009	1
10256310	10254312	1
10340768	10340260	3
10076836	289024	1
10360038	10360041	1
2523863	2523864	1
322962	322922	1
10751435	10751450	1
462369	461409	1
11420382	11420808	1
5970855	5970856	1
3527445	3527610	1
6104026	6104025	3
1548615	1548619	1
10130108	10131257	1
12463567	12463561	3
5358017	5358018	1
12539357	12539360	3
1658547	1603129	1
9332451	9335624	1
1601022	1600895	3
583113	583114	2
4189481	4193383	1
8013898	7867369	6
885554	885553	1
9285699	9285704	1
2307291	1627313	1
1074828	1074260	1
3782079	3782082	1
3184400	3184216	1
5158758	5158753	1
5278787	5278760	2
6048965	6048863	1
12423060	12423059	1
1030781	1030782	1
588414	587301	2
1918542	8223559	1
401221	401222	1
5898937	5898940	1
10524475	10524476	1
696875	696876	1
5751237	5751238	2
5926845	3940648	1
63093	66239	1
1068563	1068564	1
3185578	3185575	1
8797945	8797946	2
8068195	8067683	1
521682	521679	1
9571189	9571190	2
8455456	8455471	1
8958296	8958291	2
3267913	3267914	1
4991289	4991121	1
7671858	7671537	1
10437375	10437376	1
8749390	8749385	1
1968939	1968953	1
5049326	5049553	2
11164286	11167585	1
4846319	4841301	2
6720759	6720640	1
2077776	2079949	1
9620125	9620100	1
10377073	10377079	1
7457417	7457418	1
12777700	12774967	1
4196427	4196428	1
8709632	8706185	1
1572065	1572066	4
7964951	7965423	1
7594307	7594308	1
167023	167673	1
4237531	4426990	1
6130625	6130695	1
9683506	9683509	1
1528700	971880	1
11403617	11403571	1
4603365	4603366	1
1540895	1540995	1
1799901	1799923	1
11858463	11758057	2
11821510	11821509	1
3558603	3558727	1
3960778	3544861	1
11984021	11984022	1
6892413	6892414	2
1514115	1513628	1
8456106	8456105	1
10755317	10755365	1
685678	10075486	1
8692457	8692458	3
6353796	6353854	5
6016610	6016609	2
1308618	1308617	1
3936887	3936888	1
8390230	8390229	1
3456138	3456124	1
5007174	5007173	1
4582612	4582611	1
4214877	4214880	1
7990214	7990244	1
6320602	6349654	1
8758782	8758547	1
3636059	3636060	1
10148318	10150527	1
859874	846560	1
2814269	2814266	1
240494	240630	1
8549361	8549362	1
1121840	1123080	1
12260239	12260240	1
292345	300701	1
4691539	4695389	1
10809140	10808588	1
1761283	1761284	1
3396314	3396292	3
9788627	9788025	1
5839390	5839495	1
1100847	1100848	1
2817801	2818019	2
5298089	5298092	1
5201672	5201671	2
2686558	2686531	2
8379722	8377029	1
784296	784369	1
5322686	5324242	1
9184671	9183726	1
6008976	6012372	1
8332415	8332416	1
9301636	9301632	1
10909109	10909110	1
9840218	9840226	1
8665610	8665639	2
9945881	9991497	1
7137777	7138040	1
9675689	9675576	2
12456157	12302849	1
7226999	7351545	1
2532531	2532532	1
6096373	6096384	1
5251267	5251912	1
6718254	6718187	1
3443208	3443205	1
12716607	12716545	1
6560774	6562431	1
5085668	3203804	1
9912905	9912866	1
8870858	8870857	1
991972	991976	1
2895996	2906857	1
3734877	3734878	1
9135186	9135185	1
6206599	6206600	1
3066158	3066157	1
5901535	5896356	1
3697808	3697807	1
6210898	6210835	1
9190722	9140388	1
759852	759851	1
8947346	8947375	1
3903887	3903890	1
645154	645153	1
7578627	7578594	1
8877775	8877776	1
4745542	4745541	3
6158691	6158694	1
9357763	9244796	3
7068947	7060228	1
2702594	2700371	2
8334732	8334731	1
2439614	2439613	2
6713699	6713700	1
7013166	6871162	1
8304780	8304871	1
5876281	5876284	1
2152558	2172957	1
11931121	11931376	2
8590115	8590116	2
9482828	9482825	1
11470164	11470163	1
11713220	11713219	1
5788680	5788679	1
3302240	3302500	1
1743412	1742252	1
9811483	9811478	1
11241203	11241204	1
20684	20683	1
10352755	10351492	1
6981210	6984005	1
11181430	8854399	1
10438585	10438717	1
6328372	6328371	2
3398271	3398274	2
2479524	2478937	1
6144184	6054555	1
217788	217737	2
10293059	10291282	1
302751	302765	1
2345519	2345493	1
2266360	2267741	2
3117180	2657518	2
2998061	2908194	2
5401399	5401041	1
6179553	6179518	1
9101139	9101140	3
11278072	11627769	1
1337036	1171011	1
2105692	2256261	1
12262984	12262983	1
11738784	11777094	1
1767263	1767271	4
7943483	7943782	1
1286736	1286723	1
7190724	1755623	1
7639282	7644015	1
7168725	7163153	1
10214195	10214196	1
436207	9080002	1
7765939	7761928	2
6013660	6014456	1
1236976	1235934	2
1158679	1135128	1
7887154	7887502	2
6609571	6609233	1
965588	1533219	1
5091559	5093581	1
2618448	2618445	1
6009600	6009597	1
11608129	11606832	1
5958896	5958893	1
1243226	1243221	1
10153604	10153598	1
8068248	8070196	1
5171681	5171682	1
7317497	7321981	1
5737436	5665229	1
1695071	1695744	1
1856395	1856396	1
10265773	10265774	1
3727733	3496396	1
8969186	8969183	1
4788546	4788545	2
2413527	2413403	1
5786946	5786833	1
5646633	5645945	3
8213870	8213869	1
4587715	4587685	1
8456096	8456105	1
11643923	11643841	2
3053258	3053333	1
495171	495172	1
5120000	5119999	1
414813	414811	1
4574183	4574251	1
11591425	11591433	1
9984978	9984823	1
6429881	6429882	1
6693204	6693188	1
7644007	7644008	1
4277289	4277290	1
1258033	1258034	1
5323471	5323404	1
7072400	7072397	1
11731352	11731363	1
8638657	8638718	1
3594621	3599553	1
10982090	10982089	2
12676634	12676659	1
8978251	8974622	2
10078759	3282840	1
9242055	9237152	3
533614	533609	1
9436701	9586092	1
2443177	2443188	3
668117	660967	1
6070290	6070289	1
4649049	4649050	3
5589684	5589639	1
6836517	6832537	1
2552691	2552706	1
6946540	6954547	2
11652208	11654412	2
4045536	263768	1
6208279	4344837	1
10573559	10573642	1
12192676	12192675	1
8696783	8696544	1
10434096	6470303	1
2506415	2506432	1
325702	325638	1
9680843	9513956	1
7031388	7031601	2
7490369	7490585	1
2984831	2984835	1
6622540	6623325	1
1207993	1207994	1
3821357	3631700	1
1301626	1301623	1
9418387	7268051	1
8423270	8423269	1
3985169	3985170	1
3503609	3503623	1
1004833	998053	1
1238109	1238068	1
4263438	4263096	4
6429046	6429005	1
8073107	8069350	1
245236	245235	3
8951299	10062718	1
6980433	6976981	1
2639826	2639825	1
2708950	2708949	2
1921086	1919326	1
3935861	3935881	1
3960260	3960299	2
10202583	10202308	1
1584255	1584256	1
11676905	11676899	2
8222281	1915566	3
11158132	11158129	5
3192213	3192483	2
6186172	6186116	1
10004302	10004336	1
12652731	12652738	1
3322285	3322286	1
1957856	1955222	1
11713224	11713221	1
406335	406336	2
4609679	4609695	1
11584105	10929377	1
2120711	2120720	1
4848197	7055915	1
8183990	8183987	1
10132007	258737	1
3887450	3885421	2
10147379	10147384	2
5296447	5296355	1
7694224	7694244	1
3624256	3624323	1
12340602	12342719	1
9543971	9544105	2
3234736	5507046	1
11256243	11256244	1
12421767	12421768	2
6455119	6455120	1
3108013	3108014	1
10929609	10929261	1
10347637	10347791	1
260013	260772	1
10177173	10177176	1
2819322	2819321	1
6270292	6270291	2
3302768	3302648	1
6424537	6424491	1
6588962	6574985	1
7287855	7291416	1
4702260	4702257	2
5838380	5838427	1
12488150	12488153	1
6318756	6318755	5
8253689	11902654	1
10280288	10280681	1
3695326	3695324	1
8321973	8322082	1
5816296	5817051	3
9959426	9901725	1
6464658	6464709	1
3304120	3304110	1
2946455	2946447	1
3329654	3329653	1
1560254	1560253	1
7556320	7556311	1
2846288	2846287	1
9342661	9342662	1
5646785	5646786	2
4006521	4006524	3
9650356	9650355	2
12169962	12169961	2
10967425	10967426	3
2126449	2126450	1
11938541	11939441	1
11039423	11039927	2
10369330	10369329	2
4859350	4859432	2
1528725	1528726	1
12254369	12254347	1
7165341	7156455	1
7404914	6978018	1
559529	559530	1
3076516	3134349	1
11689715	11935424	1
8179635	8179636	1
947572	947608	2
827203	827204	1
2286040	2286047	1
2424491	2567148	1
6766008	6766116	1
2849132	2896172	2
12603434	12603503	1
12251369	12251382	1
7022498	7022664	2
10778446	10775402	1
6109446	6109523	3
240430	244610	1
6707082	6707081	1
143090	143092	1
11319309	11319310	2
6138530	6138529	1
7152858	7152777	1
5776662	5776672	1
3606021	3775979	2
10858570	10858567	1
3399451	3399613	1
3426278	3426031	1
11663533	11663534	2
4386035	4385874	1
6182845	6182799	1
2645827	2645830	1
7849101	7849102	2
7949958	7949883	2
5368627	5368630	1
185901	185902	1
10831185	10831186	1
1041333	1023894	1
2998059	2998060	2
10168201	10168299	1
3485823	3486604	1
3557978	3557958	1
3421316	7163153	1
11079717	11083553	1
3661692	3661670	1
2760964	2645711	1
7432322	7432449	1
5534572	5528712	1
2945932	2945931	2
1291495	1291743	3
1873456	1873682	1
3810066	3808670	1
425203	6306978	2
12785983	12485819	2
2230936	2230932	4
4369189	4370922	1
4828854	4828705	1
2716889	2716890	2
2403304	2400224	1
9593463	9597162	1
5725552	5725431	1
9365018	9365015	1
10758866	10758616	1
1443429	925111	1
4421537	4417516	1
12475245	5773069	1
8513191	8513164	1
6989882	6989848	1
4112925	4112517	1
3083829	3083158	1
10774806	10775275	2
10246643	10246644	1
3592723	3820190	2
4371186	4378396	1
959626	959765	2
9120321	9120316	1
5771891	5771864	1
9120455	9119168	1
5677994	5677993	2
8841398	8843682	1
3137153	8761246	1
11630516	11630515	1
2189352	2189347	1
7349411	7349412	2
339615	339412	1
161638	626060	1
9385140	9384469	1
3513814	3513811	2
6299585	6299826	1
10214137	10214138	1
3527637	3529481	1
8046972	8046971	1
9968614	9968609	1
3302055	3302056	1
3356050	3356076	1
11921317	11923543	1
3100396	3100395	1
8881301	8880937	2
8589868	2581369	1
11667008	9323891	1
8843116	8818811	1
8353405	8353418	2
6853236	6853235	1
3677120	3677117	1
896629	896630	1
662601	662602	1
3873678	3873677	2
2297558	2297557	1
9033089	9033092	1
6457847	6458311	1
9505334	9505805	1
5049552	5049551	1
4618901	4618946	1
7043897	7043898	1
5625494	5625510	1
6859623	6859632	2
6093041	6093048	1
7489452	7489751	1
11485388	11489863	1
5392506	4591125	1
8561626	8561625	1
12754933	12754934	1
6313743	6313745	3
6482976	6484334	1
5355362	5355261	1
6317170	6317677	1
4571843	4571844	3
10327406	10327477	1
11770089	11770090	1
5450481	5450484	1
2360690	2360623	1
11637243	11632759	1
6121358	6641302	1
296439	296423	1
2062513	2062514	1
1324473	1133103	1
5449366	5449499	1
11147691	11147692	1
9507095	9507223	1
4665458	4665457	1
2492504	2492264	1
12187505	12191838	2
3678684	3679901	2
5981315	5981357	2
1568513	1568345	1
9383067	9383068	1
9436093	9436094	1
11129078	11129076	1
5979883	2638684	1
5976007	5976008	1
6461427	6459954	1
3409138	3399201	1
7155735	7155090	1
8615388	8615391	1
2735470	2735469	1
3785295	3785053	2
9364957	9364875	2
3697602	3697601	1
3809518	3809517	2
1233343	1233344	1
10129272	10129476	1
7358903	7358901	1
9150771	9150797	1
6907375	6907376	1
4150815	4150816	1
3957080	4117167	2
9497164	9498193	1
1070361	1070367	1
970980	970964	1
8412026	8412055	1
4093806	4093805	1
10482855	10482862	1
8232678	8232677	1
2269486	2269489	1
2723175	2723178	1
3275412	3275568	1
9128775	9128778	1
6011954	6005574	1
1655768	1655705	1
11920783	11920784	1
10829462	10829580	1
7433565	7434282	1
10540306	10540305	1
6613235	6614007	2
3991406	3992864	3
11729323	11729324	2
4101619	4101821	1
4751148	4751147	1
3279507	3279508	1
2786928	2786920	1
11212829	11212957	1
11909858	11909853	1
1568480	1568704	1
3638794	993699	1
2530010	2530006	1
543168	543142	1
10279118	10288083	1
6818823	6818824	1
8527631	8527424	1
2613220	2613242	1
2535368	2535367	1
11771685	11792629	1
1639920	1646609	1
4065730	4065750	1
4263536	4262986	1
11730363	11730307	1
8330025	8330026	1
3479076	3478491	2
9564638	9417354	2
1353950	1220984	1
4355881	4545482	1
207320	207079	2
10317810	10315123	1
10499990	10499989	1
4940970	5025166	1
3050087	3049790	1
3731088	3731083	1
11847182	11753859	1
9678652	9676000	1
2616450	2616455	2
1050877	1051630	2
307992	309980	1
5301233	5301234	1
1240443	1240448	1
11908513	11908514	1
6037708	6037711	1
640031	640032	2
2237712	5873285	1
10445294	10443977	1
4108490	4108188	1
3861306	3861448	1
6804497	6804509	1
10242858	10242868	1
1100879	1100887	1
9426719	9425646	1
5903116	5903115	1
5466782	5461471	1
9238205	9237570	1
9787759	9787804	1
2207087	2207088	1
2296124	2296565	1
7196193	7326028	1
8747956	8747955	3
1974197	1981991	1
8016	8015	1
8382580	8382789	2
4589263	4589274	1
7934575	7932259	1
3206066	3206117	1
8795330	10307840	1
682139	682082	1
7789048	7789082	1
10348962	10349177	2
6482264	6482263	1
10356395	3252293	1
5471656	5471643	1
6119539	3690243	2
11461454	11480799	1
7540755	7540759	1
12196078	12196073	2
8823934	8833686	1
8609745	8517101	1
5058669	5058670	3
6076280	6075768	1
903759	904756	1
1410069	1410054	1
10820204	10820201	1
9621990	9621993	1
7200865	7200866	3
5311312	5311309	1
10853132	10853131	2
10299974	10299866	1
460923	460924	1
11694969	11694970	3
4353425	4264788	1
5654667	5825680	1
4378794	4378797	1
3514774	3514971	1
11664960	11664959	1
621452	621599	2
5048382	5048372	1
2262492	2100978	1
6572310	6572308	2
1699575	1699576	2
2274648	5651511	1
9246437	9364870	1
4289283	4269134	1
3767852	3767960	1
5870087	5870138	1
8614136	8614141	1
8260096	2496947	1
3116483	2908782	2
7586614	7586594	1
7826338	7826341	1
5500866	5497688	1
9312559	9312016	1
5882559	5917516	2
2776749	2776714	1
6525694	6511077	1
6205236	6209190	1
5773357	5774663	1
7414996	7414995	2
1015494	1015423	1
12467084	12450294	1
3995981	3995982	2
2887534	2885895	1
6847128	6848976	1
657278	657277	1
6397369	6397325	1
4646785	4646812	1
4580109	4583356	1
8514150	8514143	1
2962391	2962394	1
9546213	9546214	1
6068335	6068336	2
9420176	7267699	1
4852644	4852643	1
7016158	7016212	1
7155723	7155716	1
5795935	5795907	1
5761219	5761220	2
7251228	7251227	1
4205865	4205889	1
3530809	3530839	1
10443197	10443198	1
10307942	10307941	2
7231787	7231790	1
7283889	7283762	1
3888367	3888336	1
8685998	8685995	1
7232090	7232060	1
11491004	11491003	1
1472945	1472946	1
12569901	12569780	2
11910314	9966262	1
2840347	2840786	1
3947282	3947023	1
144502	144501	1
11473556	11473642	1
6064064	6064125	1
9527633	9529365	2
622714	622702	1
1519808	1346872	1
8448096	8448192	1
3117208	3117039	2
4531978	4472876	1
3711058	3711057	2
8342305	8342306	2
10844280	10843837	1
10717248	10717247	2
12459307	12459336	1
11584699	11594701	1
8746767	8746768	1
48758	48906	1
7625322	7628139	1
6370801	6370557	1
8549162	8549161	2
428122	428133	1
1515592	1470416	1
9364499	9370993	1
8091463	6883742	1
10076836	289022	4
8533063	8533280	1
11805362	11817168	1
7664224	7665119	1
2456078	2149771	2
11916569	11916534	1
9313763	9313720	1
893368	889600	1
11232460	11232960	1
4355658	5166000	1
3255886	3255707	1
735889	614579	1
9924276	10005861	1
5234310	5234309	2
2976793	2972496	1
9510573	9510574	1
10689193	10688361	1
262162	261976	1
166520	166118	1
4651386	4651383	1
10149325	10149326	1
3364282	3364281	4
3066154	3066157	2
2270577	2270578	1
8867793	8909464	1
8228256	8228253	1
1756156	1756153	1
3818715	3828606	1
3210416	3210411	1
11835548	11835524	1
5745993	5745998	1
10071636	10071635	1
7645212	7645670	2
7968451	7588736	1
7468451	7468508	1
5266902	5266901	2
10443192	10443195	1
12308796	12308801	1
10610121	10610122	1
12745939	12745731	2
9172994	9172993	2
1563983	6383443	1
8260884	8260890	1
12643359	12643384	1
2312741	2312742	1
4737614	4737613	1
10447099	10447100	2
10030433	10028020	1
2586498	2485980	1
3292011	6111791	1
1850573	1850585	1
2678817	2678818	1
11819641	11819677	1
3949881	3949882	1
6889784	6889783	1
8896680	11615166	2
9023262	9185967	1
530755	530756	1
5203267	5228461	1
8569927	8569928	1
7415192	7415110	1
1528485	1528486	1
4772459	4770992	1
1534853	1534580	1
490665	490716	1
1249743	1249737	1
5455172	5410359	1
645066	11658103	1
6011705	6011708	1
3826742	3826741	1
11171428	11171352	1
11648078	11650985	1
1015867	1015868	1
12306999	12307000	1
8876645	8876646	2
8191226	8239819	1
3963182	3963289	1
3906380	3906359	1
10258837	10258838	1
12244194	5723408	1
3260135	3260106	1
8327632	8327498	1
10159390	10160118	1
6459759	6459760	1
6556883	6556892	1
2984685	2984686	2
5226844	5226868	1
9925520	9928035	1
7198116	10403368	1
3788051	3788052	2
6521213	6521231	1
938088	937378	1
6457607	6457608	2
8750779	8750788	1
9395442	9393657	1
10090159	10090125	1
2747846	2747845	2
8606072	8606153	2
4682285	4682286	1
8318886	8318885	2
450463	189612	1
9665548	9665547	2
1466716	1466721	1
3611346	3611345	1
5707419	5707420	3
5773178	5773182	1
5381682	5381532	1
7471426	7471199	2
9816099	9812508	1
3469106	3469164	1
474524	474431	2
9519656	9519786	3
8493516	8493521	1
2008233	2008228	1
457546	457545	2
11803353	11803354	3
5779600	8325383	1
12404545	12404554	2
167370	167369	1
5382234	5382231	1
7420749	7420750	1
6848649	6850640	2
6076404	5961239	1
11802839	11802840	1
8732578	8732610	1
10314463	10314464	2
6973217	6974151	1
5287200	5287203	1
11336001	11336002	1
8688444	8688443	1
3724567	3724568	1
12289213	12289144	1
4686128	4686124	1
4438343	4438344	3
6772624	6771123	1
1631362	1450234	1
11200626	11200629	1
10748009	10748010	1
6584296	6582937	1
3068773	3068774	1
6175255	6180924	3
6017266	6017265	1
1309648	1315980	1
3191624	3191623	3
2215329	2215330	1
3907052	4046408	1
2488451	2485774	1
2782120	2782119	1
9510798	9510797	1
8372391	8372394	2
1528483	1528484	2
133036	133035	2
3369150	3144276	1
2429061	2428718	1
1380393	1380394	2
11986567	11985835	1
3944559	3944631	1
8676323	8676324	2
1629724	1629749	2
4057072	4057071	3
6500458	6500392	1
5998133	5998134	2
12037841	6499847	1
194055	194056	1
3700310	3503482	1
8606459	8606460	1
5290497	5290498	5
6249266	6249265	1
2683128	2681744	2
1724772	1724769	1
9438855	9438856	1
7556637	7560684	1
9532441	9532123	1
1612460	1612465	1
5679136	5679135	1
3478655	3478656	1
6037708	6158699	1
10928041	10928042	1
12654349	12654350	1
746120	906143	2
12343902	12343899	1
1662553	1662566	1
7902267	7902268	2
1920861	1920862	1
5119234	5119538	1
449237	3562790	1
6775251	6775077	1
1307022	1071915	1
8013205	8013185	1
11254313	11255869	1
7325963	7351971	1
3770114	3770051	1
5181579	5181471	1
5364085	5364080	1
3510972	3510971	1
7994962	7744682	3
6907183	6907152	3
5248694	5012935	2
10570334	10570684	3
2272172	8571939	2
12482707	12482708	1
9805226	9708050	1
11541299	11562830	1
5126814	5126813	1
163161	163162	1
2579920	2615387	2
4784491	4674875	1
350017	350018	1
3994713	3994343	1
11281257	11281670	1
3204493	3204496	1
9494550	9494549	1
5876281	5876282	1
10194586	8014493	2
1224051	1224072	1
10000531	9828131	1
10453871	10453872	2
1606896	1606895	1
11819651	11819652	1
8682003	8681977	2
2226862	2226835	1
5754839	5754840	1
5656231	5656232	1
17408	3659	1
11517797	11517630	1
3400726	3611366	1
515938	515930	2
10476634	10476633	1
973522	1143779	1
11602405	11602406	1
7744713	7744714	1
3539543	3540698	1
6461298	6461262	3
3506709	3506710	1
5262998	5265201	1
3868363	3868366	2
1745945	1745471	2
101068	101067	1
8183912	3472255	2
10669943	10707603	1
10035756	10035608	1
5535728	7220321	1
404959	404960	1
3500322	3500321	1
3482370	8441639	1
11638872	11635959	1
7296139	7296140	1
10873789	10873790	1
932470	932714	1
917787	935359	1
5943930	5942654	1
5652715	5652662	2
3829997	3828914	1
5541347	5541348	1
8220302	8220278	1
1232912	1232835	1
7504698	7504697	1
4057838	4057548	1
8357839	8280121	1
9899368	9899313	1
10822091	10822092	1
775186	3999329	1
6350143	6349595	2
2962146	2962210	3
3614602	3614601	1
3909234	3519659	1
2934091	2661739	1
590843	598769	1
2458313	2458314	1
12520892	12520889	1
9973044	9970110	1
3213396	3203045	1
8389177	8389175	1
6149797	6149882	1
6030995	6030966	1
11235136	11268188	1
10245596	10245625	1
525583	525591	1
820663	820664	1
4568680	4568689	1
6702794	6702814	2
7000467	7000468	1
2191427	2191423	1
8813453	8813454	3
5562847	5564014	1
11268646	11271594	1
7544628	7544625	1
6943134	6943131	1
8578412	8578228	1
3674662	3674661	1
1189005	1189006	2
6981496	6981493	3
4042555	4042556	2
6372225	6372226	1
4745540	4745539	3
5640176	5639071	1
4006521	4006522	1
2499578	2496807	1
8322821	8322078	1
7016817	7016984	1
8379316	1620718	1
2529663	2529544	1
7693062	7693059	2
4118013	4118014	1
11283774	11284072	1
9265657	9266658	1
5930628	5930332	1
7216550	5093810	1
7737458	4539156	1
2756348	2766679	1
4949603	4949604	2
2991936	2854875	2
10755885	10760376	1
3357172	3357178	1
11153979	11153957	1
5401012	5400970	1
9603959	9603949	1
10288240	10288992	1
11263659	11263664	2
12614330	12614329	1
10279772	10279771	1
7684127	4373122	1
3975550	3975988	3
8076458	8076457	1
5502996	9560169	1
8321910	8325117	1
7151693	7151711	1
12484905	12484959	1
1906695	1921582	1
3439117	3439118	1
12428306	12785577	1
11003501	11004823	2
486925	486928	1
5712423	5712424	2
7022217	7022173	1
2702339	2702340	2
8501397	3457337	1
5329926	5329925	1
9289550	9283190	1
5401399	5401400	2
3760296	3760271	1
6313310	6313360	1
10117872	10119628	1
5849902	5849901	1
9136786	9136814	1
10003391	10002745	2
8225346	347785	2
3298293	3297747	1
8623477	8623433	1
10671994	10671993	1
4990598	4990568	1
8038805	8038844	1
7983643	7983853	1
10993669	10993670	2
6347806	6347791	3
2239229	2239222	1
12003974	8092718	1
2245544	2244925	1
3431009	3430286	1
1794216	1794215	1
6632373	6572577	1
12418203	12418204	1
8088552	8088551	1
10860499	10860514	1
8422417	8422328	1
8275835	8275836	3
4646789	4647031	1
6123380	6123326	1
4795261	4794610	1
1167743	1167756	1
10255018	10255017	1
3825513	3825516	2
11000532	6663053	3
1650260	1650268	1
704173	702821	3
10042487	10042566	1
4027190	4027189	1
3892493	3892191	1
3737371	3737372	2
986242	989391	3
8432495	8432496	1
12124663	12124601	1
1876347	1876429	1
8160032	8161832	1
4042367	4042022	1
1836591	1836592	1
5366178	5366181	1
10210814	10210813	1
6613235	6614003	1
9351030	9351029	2
9269987	5069234	2
4735899	4735926	1
5881556	5881532	1
9727587	382573	1
6341117	6341118	2
4368230	4370110	3
4820752	4667768	1
5586746	6832474	1
8102066	8208161	2
10424266	10424265	2
9426845	9426645	2
3231531	3154904	1
12383343	12383344	1
3123421	3123422	1
1856384	1856383	1
5584223	5584296	1
5508432	5508397	1
5967018	6100208	1
870968	845772	1
8231505	8231618	1
12531332	12531347	1
5997830	5997824	2
11265296	11462178	2
3242977	3240724	1
10179625	10179626	1
2860385	2860399	1
10351896	10352751	1
6367896	6367895	1
11157327	11157490	1
10643469	10643470	2
10635	10636	1
4301451	4301529	1
7294932	7294931	1
1186940	1186883	1
3930477	3930478	1
8090260	6924278	1
12559575	12559576	1
5823822	5823821	1
4858736	9318956	1
1197843	1197808	1
7660936	7661513	1
133034	133022	2
8817196	8817195	2
9511170	9507829	2
9176207	9177397	1
1262760	1262973	1
3602385	3790918	1
9726449	9724407	1
8953189	8953180	1
12169960	12169959	4
23405	23408	1
5384554	5384535	1
7446183	2279056	1
7863776	7863780	2
10340261	10340262	3
7450087	7453204	1
11551698	11551700	1
5994099	5994049	1
4651312	4658947	1
6158781	6158782	1
7349189	7349289	1
5644251	5644851	1
7503141	7503095	1
10999356	10999347	1
11024424	11054265	1
8078109	8077987	4
6204994	6205061	2
7292087	7292088	1
3878052	3878049	2
1746700	1774548	1
185901	185904	1
2338414	2338393	1
12466125	12466155	1
2435088	2219978	1
7484427	7484428	1
4677940	4678013	1
12564948	12567306	1
1489474	1487186	1
4380329	9875308	1
5856397	5856044	1
7742299	7460842	1
916611	916612	1
9017430	9017429	1
5270136	5269833	1
8776142	3309047	1
6690947	6690948	1
11374215	11374220	2
9879684	9880584	1
8059855	8060006	1
10778631	10778632	1
11789422	11789419	1
665493	665494	1
10323096	10323039	1
4235904	4235907	1
1067847	1067883	2
1989975	1989704	2
5665135	5613079	1
6330982	4124868	1
6893643	6893644	1
7756599	7756600	2
8398596	8398593	1
10755721	10767638	1
778710	778709	1
1792056	1790689	1
12596032	12595896	1
3142318	3368509	1
2374028	2374008	1
7589592	7589591	1
1259415	1343360	3
1906282	1905848	1
6865620	6866014	2
1697389	1697390	1
10490814	10727486	1
4308690	4309317	3
12120185	12120186	1
6382684	1494884	1
7578807	7578754	1
9356351	9356974	1
11086697	11086698	3
3526974	3526997	1
3085193	3084923	1
4156267	4156069	1
10876507	10905040	1
2340846	2340848	1
4040462	4040458	1
7349310	7349410	2
1464041	1468791	2
10733463	10733103	1
621619	621620	1
6025385	6025398	1
4415083	4177719	1
3159968	3159966	2
11337554	11338073	1
1283460	1283270	1
5081983	5081994	1
10256871	10256874	2
5340760	5336378	1
5755519	5755520	1
7421439	7421440	2
10095316	10094369	1
186490	185680	1
7870541	7870542	1
2909733	2909629	1
7997995	7997943	2
5199965	5199966	1
12802517	12798559	1
11608284	11608283	2
7592238	7463087	1
5450652	5451072	1
9093621	8893849	1
3500728	3500727	2
7880230	7880229	2
10266493	10266494	2
8341639	8341628	2
7659222	7659221	1
7046695	7334136	1
3772966	3773038	1
5731089	5731230	1
12802477	12802484	1
9873702	9873782	1
95482	95283	1
7894847	7894848	1
7017599	4015106	1
7379859	7379845	2
9120368	9058782	3
6976705	6976706	2
3186083	3185204	1
10824331	11154623	1
1977371	1976411	1
8332415	8332418	1
10313857	10313860	1
102421	102426	1
1573051	1575459	3
5572847	5573553	1
421310	385885	1
3118499	3118475	1
2445999	2446000	1
10285308	10287622	1
10622210	10622207	2
10426809	10426782	1
12194575	12194576	1
8670535	777339	1
4491123	4490909	1
3895742	4011201	1
10191936	10191935	4
8292916	8285423	1
11753822	11753836	2
9390080	9390077	2
8967334	8966767	1
9909921	9909922	1
6704485	6703893	1
10111551	10110315	2
3888327	3889171	1
11689302	11689301	1
3782569	3782570	1
2026278	2024936	1
7313177	7313178	2
3939699	3939700	1
3501542	3501597	1
4272565	4272566	2
11523627	11523630	1
2784419	2792680	1
649137	649127	1
3279777	3280960	1
3639535	3639536	1
8404984	5005047	2
5976827	6144425	1
1720121	1720194	1
4048023	4048026	1
3113907	3112196	1
5764632	5764627	1
354884	354881	2
10468841	10468842	1
4280976	6991133	1
4455252	4455251	2
2343647	2343648	1
7796472	7796054	1
2611568	2612304	1
4424432	4388439	1
11729673	11729674	3
10624440	10687337	1
12767903	10283431	1
10847175	9373639	1
1963738	1963726	1
3980715	3981817	1
6638645	6638646	2
944787	947812	1
2175874	12461014	1
11392664	11395606	1
10189196	10203215	1
6468257	6468258	1
3488475	3488465	2
10325979	10418185	1
9808793	9808800	1
9363023	9363096	2
6184981	5936500	1
890707	890712	1
2488883	2351789	1
3308277	3308278	1
10653087	10653088	1
10730256	10449896	2
6536677	6452088	1
5336406	5339956	3
521682	521677	1
53378	53416	1
3151557	3151549	1
5722622	5722621	1
12562070	12562082	1
3352142	3352595	2
9144263	1745034	1
12466809	12467713	1
10639025	10639465	1
8087333	8087260	1
12689212	12689832	1
10495111	10495112	1
10433114	10417448	1
785301	788246	1
10780217	10778177	1
2706048	2705938	1
12600305	12600306	2
3926335	3926344	1
8107506	8107447	1
7063629	7063667	1
7485633	7485634	1
3041016	3041224	2
6360909	6360890	2
1875640	1875946	1
9624518	9621695	1
7813269	7813597	1
7893172	7893171	1
9960275	9960276	1
11327065	11327066	1
740360	739163	1
3545439	3545440	1
9285997	9287069	1
8928649	8928650	1
440642	440641	1
9307367	9306956	2
11048992	11048996	1
10467134	10467146	1
10689561	10689539	1
3597856	3599553	1
5359746	3245305	1
11179771	11182918	1
7814824	8012877	1
2070814	2070813	3
9375189	9375190	1
5013577	5014383	1
9114201	9114202	2
12360977	12360978	1
662610	662621	2
7759822	7759874	2
9849500	9849497	2
4405559	4419226	1
8745487	8745671	1
11839796	11806354	1
2730217	2730174	1
11175937	11174782	1
1008024	1008068	2
2893641	2891123	2
8080794	2851815	1
4275958	4338978	1
10773662	6249793	1
4787909	4787910	1
2866075	2866076	1
4531976	4472876	1
7919943	8880275	1
11041099	2375236	1
5299687	5299688	1
11538672	11538671	1
906978	906983	1
10028992	10028991	2
10332135	11765864	1
10803091	10797474	1
2880333	2887802	1
3611711	3862885	1
12155087	12155048	1
3771062	3771061	1
8280860	8287499	2
9272656	9272542	1
12761349	12761354	2
4306123	4306124	1
2636969	2637031	1
7895022	6906331	2
6568590	6568654	3
6443941	6440192	2
4048571	4048572	1
7243146	7241451	1
3460438	3473055	1
11973144	12138932	1
3870887	6193606	1
4494956	4492721	1
8027382	8027411	1
5899156	5899155	1
4144571	4144525	4
1959697	1959698	2
6346533	6232472	1
7179653	7179654	1
7895899	7895900	2
11391729	11391328	1
6831129	6831097	1
7030180	7030263	1
10759631	10348884	1
11522013	11522014	1
6208396	6208412	1
9153593	9153594	1
6902073	6897484	1
10556182	10556185	1
1604761	1604767	1
1649783	1637248	1
583115	583116	1
3189896	11425240	1
7564215	7564216	2
947193	881581	1
11506898	11506919	1
7045998	7046011	5
6434442	6434441	1
2349774	2350059	1
5489918	5489911	1
11405682	11405681	4
1278894	1278880	1
5897720	5897615	2
4634016	4632982	1
8841396	8843682	1
8517053	8609758	1
1412045	1412046	1
6790218	6790215	1
1201414	1201417	4
3449898	3449897	1
9013131	9017700	1
6294412	6294470	1
3508516	3508515	1
7391530	7392109	2
7452490	7452208	2
7758997	7758998	1
5840397	5838439	1
10275004	8030073	1
1156383	1156428	1
3245904	3245897	1
1894665	1894666	1
3505733	3507099	1
10243535	3051853	1
8041936	8042284	1
3952134	3961121	1
8085291	8085279	1
70833	68789	1
10180752	10180782	2
1098367	1098462	1
12511037	12511241	1
11114198	11114197	1
167366	167371	1
1537732	1538237	1
12179507	12179503	2
777672	777315	1
8790227	8800166	2
9920582	9920565	1
6332042	6332056	1
3398275	3398276	1
8369808	8369805	1
2246494	2245661	1
2520616	5691686	2
8092364	8092188	1
9895483	9897145	2
6127757	6127758	1
12139686	12151643	1
12769025	12769625	1
9051878	8958875	1
3262603	3262604	2
10573112	10573111	1
10462288	9961231	2
4779246	4779243	5
9119297	9116103	1
11255973	11255974	1
9574171	9742067	1
9204695	9342521	1
10581156	10559710	1
4252074	4251992	1
12616009	12619262	1
584918	583337	2
7446452	7446451	2
3830036	3830605	1
5789828	5789862	1
10980860	10976282	1
595507	308015	1
5246203	5246204	2
6491749	6491745	1
7930997	7931000	3
7537093	7536781	1
2909841	7184459	1
6122882	6122878	1
9816559	9815876	1
5067693	5067694	2
7956593	7954627	1
9427866	5598019	1
3995983	3995984	2
10625652	10625836	1
1926143	1926155	1
5321117	5321118	2
5620240	5620256	1
4948251	4858745	1
8993108	9004350	1
4838048	4836804	1
2840246	3023534	1
6157067	6155442	1
742401	742402	1
11071001	11070458	1
2558363	2557538	1
10794144	10795410	2
10012796	10012787	1
10240917	10240929	1
7433391	7433394	1
11383520	11383517	2
3903825	3903826	2
9597057	9589442	1
11965264	11964223	1
10281606	10281605	2
8560775	8384655	1
2297105	2297110	1
5245040	8517421	1
8448528	8448527	1
11487320	11487319	1
3459188	3459198	1
6546305	6546308	1
7550053	7550054	1
3141287	8759865	1
7401825	7401826	2
7560486	7560407	2
2452964	2450702	1
5321407	5329126	1
8761190	8823294	1
11825194	11825106	1
5000477	5000478	3
3829514	55106	3
10015382	10015381	1
10764424	10366067	1
11598788	11598787	1
3764886	3764823	1
3508318	3508334	1
8578919	8578920	2
10053960	10054376	1
2047156	2047155	1
594734	594733	2
10316744	10318397	1
8291603	8340710	2
5233236	5311782	2
2837225	3023397	1
7169627	7067371	1
7805252	7805241	1
4491853	4491854	1
8410742	8410741	1
6576156	6576135	1
4945735	4945767	1
12478137	12478140	1
5500068	5500064	1
9695451	9695452	1
1612651	1612613	1
6162464	6162467	1
7419485	7419416	1
529549	527937	1
2227350	2229030	1
9926042	9928250	1
9717375	9599661	1
11715853	11708950	1
6526266	6526263	1
9435968	9435860	1
8430712	8430711	1
1536559	1536620	1
6037797	6037021	1
9077557	9077754	1
8575429	8574162	1
6479044	6479043	2
6442026	6441933	1
2903553	2897774	1
8531901	8451477	1
5522781	5287977	1
8789399	8789383	1
11478746	11476077	1
12770789	12770792	1
7693863	7693864	1
3041016	3041226	1
9611176	9611257	1
9815238	9815258	1
9063093	9062508	2
4199709	4198253	1
126333	126334	2
5095481	5095482	2
6829533	5584365	1
252716	252715	2
4078404	4079601	1
9786313	7377768	1
9558603	9558604	1
7343118	7340493	1
2237827	2237829	2
4272583	4272566	1
11789819	11789957	1
11722652	11718785	1
12814949	12381971	1
4028724	3564260	1
788249	788250	1
8185780	8204921	1
11102419	11101865	1
11004319	11005687	1
8456531	8456532	1
11086111	11086134	2
7198804	7212039	1
8030018	8030026	1
6975723	6975647	1
6347553	6347570	1
3731088	3731087	1
3449898	129231	1
6753433	6754371	1
4160597	4160624	1
5024130	5024129	3
9550482	9550572	2
3300148	3298119	1
11449832	11449831	2
759315	759316	3
10981657	10872889	1
9272934	9272933	2
3513810	3514047	3
4696346	4693327	2
11773773	11773774	1
8326756	8326755	1
3318557	3318558	1
3693581	3693582	1
2488054	2487979	1
2233507	2233508	1
1328420	1328635	1
180597	179498	1
385716	11513772	1
5118609	5119647	1
4523003	4523004	1
7429115	7437231	1
7083513	7083532	1
11830804	11830846	1
4223105	4314481	1
7975510	7975507	1
10484846	10484833	1
5790618	5790617	1
8260296	8260288	1
11868379	11868020	1
5095638	5408902	1
2222525	2432435	1
5130583	3365093	1
7197754	7326029	1
2896397	2896465	1
3624216	3815320	2
3951053	3960107	1
10258839	10244793	1
2975093	2718052	3
11716914	11716063	1
967986	967958	1
6569029	6569030	4
7594635	7594636	3
9303823	9303817	1
7327749	7327108	1
10098830	9814766	1
181590	180922	1
12211343	12211344	1
7161835	7161821	1
8486235	8486236	1
3040065	3042711	1
6157932	6157823	2
5736659	5736453	1
8927722	8919080	2
4392263	8877518	1
1792745	1792746	1
9162259	1754691	3
11251749	11252034	3
1987942	2237050	1
11534690	11576898	1
12474189	12474190	2
2272346	2272340	1
10279772	10279649	1
7396254	7396251	2
9560192	9560202	2
4585414	4585413	1
2538533	2534736	1
11812294	11814029	1
9517138	9517137	1
8066519	8065512	1
10893719	10893790	1
9188006	9188005	1
11541177	11541178	1
10906548	10906545	1
8568940	8568939	4
2372562	2372991	1
10069101	10069108	1
7000509	7000074	2
9846590	9846587	3
9161841	7219948	1
1663262	1663247	1
1327669	1327327	1
745244	745243	1
8444469	8444489	1
5919464	5920645	1
9749649	9749650	1
9679679	9679647	1
10822093	10822094	1
7324721	7324716	1
12033029	12029583	2
3982728	3982726	1
9509155	9509918	1
10022085	2811261	1
5695893	5695894	1
12228030	12227421	1
8016273	8016274	1
12463846	12463839	1
3947440	3947439	1
12762437	12762430	1
2342849	2342758	1
7109051	7109052	2
9033093	9033032	2
9480729	4060179	1
810221	810222	2
6020394	6020386	1
6569626	6569625	1
7023031	7022925	1
10309377	9843146	2
797308	855023	1
4293407	4296298	1
9026487	9026490	1
8496183	8496184	3
7931001	7931002	3
6773823	6773626	2
1358978	7110395	1
7701194	6972082	1
4374199	4374200	1
10786188	6243023	1
6039812	6039811	1
3606509	3606510	2
7269423	1747687	1
7022498	7022662	2
12192122	12192138	2
3410075	3409964	1
9635530	9635529	1
2239514	2239906	1
5201716	5199966	2
11384143	11384150	1
7125052	7125047	1
457544	329465	1
10962670	11220038	1
2020273	1977318	1
3782079	3782080	2
5290025	5290026	1
4687830	4687829	1
1002604	1002597	1
3956993	3956972	1
7074621	2902655	1
9965563	11909147	1
4827797	4827930	2
9012925	9012867	1
11540538	11540537	3
12472657	12472658	2
3032910	3032909	1
2898338	2898337	1
10404756	10404713	1
5552817	5552848	1
6016753	6016754	2
2013759	2013760	1
1076950	1076949	1
940250	885292	1
8871207	9163019	1
11870603	11835383	1
2661185	2678035	1
11764851	11764852	1
4079071	4079096	1
265609	265578	1
12245906	11961627	1
11575971	11576002	1
7283628	7281994	2
591601	591632	1
4407842	10517184	2
8250769	8250770	1
5266900	5266897	1
2483417	2483788	1
12179954	12179919	1
2282808	2282329	1
4046930	4046918	1
9849065	9849066	1
5339770	5339769	2
11445252	11445264	1
3449896	129231	1
10445130	10445129	1
11555170	11555150	1
7268260	7268254	1
1782056	1782086	1
7242905	7242906	2
12803372	12803375	1
4825672	4826647	1
1741811	1741812	2
3933281	3933282	2
8164497	8164520	1
10450941	10450942	1
5806679	5830739	1
8266800	8476628	3
1283881	980506	1
8088550	8088496	1
2818209	2818149	1
10154521	10154779	1
8574947	8574959	1
11670731	11670742	1
2567825	2567826	1
11681247	11680977	1
7175077	7175167	1
8897320	8898194	1
7854861	7852942	1
5664852	5654660	1
1379982	1379981	1
10217564	10217563	1
5656939	5656942	4
59575	59580	1
3746582	3746581	1
6365470	6365469	2
5653095	5653138	2
241854	245930	1
8090336	8090500	1
9857171	10329909	1
6521103	6521104	1
9237927	9238104	1
7824502	7824525	1
3866931	3866953	1
3443206	3443205	1
6882191	6882192	4
5309743	5309744	2
2735472	2735469	1
5595754	5595753	1
12774570	12753875	1
2656311	2656335	1
4554386	4554294	2
3035808	3035452	2
10142702	10142707	1
3787748	3787499	1
3153540	3153375	1
9516334	9516161	1
3201024	3201023	3
10227677	10227922	1
6250718	6250717	1
10178357	10178358	1
5645968	5645963	1
894064	894070	1
7996608	7996595	1
9377817	9377800	2
2175090	2175089	1
12472798	12472797	1
12372306	11133459	2
5700737	6016205	2
6056445	6056436	1
5013756	5013775	1
4840215	4840216	2
11899348	8254847	1
5324939	5325014	1
1636366	1636536	1
7878303	7880578	1
7011980	7011979	2
4019153	4015071	2
4653178	4652523	2
3912864	3917957	2
3203907	5526361	2
2859931	2859932	2
2975201	2975202	1
1940770	1940769	1
2173899	2173900	2
7860831	7860832	1
10358665	11191272	1
11813431	11813419	1
1986821	1986844	1
7755204	7755203	4
274891	274892	1
4242913	4242854	1
1185693	1185725	1
3267130	3267141	1
2544212	2544211	1
5120263	5120264	1
7861368	7861367	1
3757642	3857917	2
12694357	12694360	2
12554804	12554803	1
3057626	532681	1
8353602	8353779	1
4588667	4588668	1
6280653	6280654	1
6596037	6596202	1
10778633	10898521	1
3746418	3746163	1
3248503	3248504	2
1781990	1787442	1
6337711	6339765	3
3782081	3782084	1
5451071	5451072	3
12622612	12622627	1
6574669	6574676	1
12718867	12659583	1
4348345	4348468	1
9043086	9043062	1
1105414	1104467	1
8198139	8198140	1
3069636	3135084	1
11587689	11587690	1
1295822	1295817	1
1286036	1286054	1
4374570	4374569	1
610277	736848	1
12432030	12431991	1
2471695	2471696	1
7590077	7590078	2
3680350	3680381	2
2238640	2238637	1
3774772	3774771	1
11516655	11516658	2
4803907	4803914	1
3827232	3827218	1
9792023	9792024	3
11761332	11758958	1
11484438	11482900	1
4700120	4638093	1
2030390	2028447	1
9017432	9017431	1
6100159	5937319	1
2477253	2477254	1
2566090	2566085	2
5913084	5917933	1
8651646	8651641	1
3473005	3473740	1
8858753	8858754	1
3527651	3529856	2
1736609	1736666	1
3016311	3016360	1
10980988	10980985	1
1229453	1229455	1
8680602	8680157	1
10258536	1175985	1
9159671	9159672	1
11397751	4777727	1
11341424	11347264	1
2768626	2768629	1
7967174	7967173	2
4122017	4122018	1
5443612	5444773	1
2457672	2455608	1
1693089	1779777	2
11524333	11524334	2
9434873	9434695	3
2892938	2892935	2
12689139	12689140	1
8396443	8392513	2
2279544	2279561	1
7140560	7140559	2
11181341	11181344	1
3641722	3641721	2
1264837	1264838	1
3995408	3995398	3
2543602	2538160	2
8849531	8849572	1
4752477	9244590	3
2488024	2524876	1
12810358	12810164	1
3237835	5374132	1
11111740	11111516	1
4853711	4752926	1
9488408	7925742	1
4201061	7471301	1
1106589	1106566	2
11802109	11804752	1
1669175	1668784	1
6011997	6057419	2
8914492	8914431	1
10858570	10859109	2
6120883	3703009	1
5189220	5189188	1
449416	449410	1
5577080	5578426	1
6578381	6578384	2
6040236	6040284	1
1635039	1635042	1
8170829	8553460	1
11368881	11368415	1
5711011	5711334	1
3450829	4849314	1
4113537	4117182	1
5602355	5602574	3
452600	3395748	1
4223785	4223624	2
11622577	11621102	1
7921314	7921317	1
4040631	4040650	2
5890051	5888127	1
3950645	3950646	2
7880234	7880233	1
2265184	2258442	1
8087107	8087160	1
9247402	9247395	1
530301	530285	1
1507497	1510427	1
574748	567766	1
10215898	10215895	1
3779839	3781303	1
3821950	3821663	1
11363554	11359391	1
1119765	1319594	1
9701269	9483278	1
7113960	7113944	2
10062891	10062892	1
5901729	5901732	1
3587990	3587985	1
5498871	5498960	1
1796267	1794031	1
10098229	10098239	1
4426162	4426204	4
6396407	6396410	1
2568614	2568613	1
10341234	10341220	1
6522170	6522169	1
11377150	11377149	1
12007388	12014295	1
1083984	1083898	1
7979188	7978485	1
8086118	8086142	2
6821681	6821621	1
468196	468195	1
8019498	12327024	3
2099159	2099160	1
8707180	8707198	1
5673851	5673852	1
11260032	11259880	1
8958290	8958293	2
2614225	2614226	1
11444879	11444880	1
9883182	9882856	3
1802031	1802032	3
11689300	11689303	1
3243801	3243802	1
299256	299255	3
1766757	1766704	1
6432833	6432836	1
6308778	6264084	3
3341810	3341809	1
6251621	6254441	1
8456459	8454986	1
7769469	7769559	2
9978074	9977921	1
1696481	1696482	1
4646966	4651829	2
11604414	11604409	2
6874547	6880669	1
56124	56123	2
796208	796117	1
5048097	5047489	1
6363242	6363241	1
885850	885854	1
310573	694861	1
4292741	4288226	1
6912847	6912848	1
10978021	10978031	1
9145407	9145408	2
2649831	2649811	2
939573	939576	1
8588052	3481639	1
3619359	3619360	2
4594473	4596302	2
2710071	2709845	1
6786832	6786128	2
11540536	11540535	1
11892501	11892251	1
7046002	7045999	2
9191756	9197150	1
4640236	4640213	1
12522208	12522207	1
3679902	3679400	1
505669	508828	1
5266381	5266382	2
4025500	4025497	2
4518383	4572675	1
10225424	10226827	1
2048947	2063690	1
4597561	4597759	2
3773544	3821651	1
3527477	3546156	1
5542077	5542080	3
6758693	6790753	2
7463175	7463176	1
3733835	3732305	1
6018261	6018262	1
3820451	3820452	1
12537828	12537996	1
6148895	6148902	1
5507717	5507715	1
12450115	12450254	1
808196	543867	2
7584308	7584219	1
12505988	12497240	1
8705306	8705305	4
4108469	4108473	1
12731603	12731604	1
10714415	10715526	1
158097	158098	1
7628822	7628817	1
12472490	12472799	1
6294558	6294557	1
7118486	7118485	1
10587387	10587388	4
928428	928427	1
3746281	3748053	1
11405721	11405404	1
11633976	11633975	1
2013759	2013762	1
1371137	1371138	1
7188774	7188977	1
2903182	2896466	1
6456657	6455329	1
9808791	9808792	1
4608045	4608067	1
3939980	3938595	2
11913463	11913371	1
7378811	9801147	1
5891791	5892085	1
5800248	5800245	2
2082444	2236819	1
12379068	12379071	1
981405	981406	1
1152433	1153373	1
5518275	5518263	1
12542538	12542535	2
8614474	8615688	1
6048965	6048861	1
8881125	8881126	1
9258117	9258106	1
1291149	1291150	1
3431400	3431408	2
10566711	10566714	1
9187701	9187396	1
514180	514198	1
4482752	4537122	1
12033025	12033028	1
8044157	8044489	1
3868377	3868597	2
4584578	4583934	1
4903442	4903731	2
11216732	11217398	1
4032290	4032289	2
400169	780969	1
4397297	4396673	1
11123581	11116789	1
2352783	2353217	2
9808272	9808271	2
12302063	12302051	1
10605591	10605698	2
5907007	5903184	1
9346942	9346939	1
229169	229089	1
3209302	3213713	1
1797707	1797708	1
5731388	7797485	1
10007414	9823311	1
7769789	7769790	1
4250670	4250669	1
10978274	10978273	1
11650184	11654587	2
6689179	8999185	1
5956093	5864865	1
3210455	3210456	1
12405128	12405150	1
7649695	7649729	1
7864708	7864726	2
3737375	3555347	2
11664437	11664422	1
11122451	11122452	1
513039	516596	1
5632258	5632212	1
276917	276098	1
1754847	1754842	1
5340894	5339404	1
1753699	1753728	1
11124319	11124380	1
6745259	6770497	1
7022267	7022252	2
5055865	9335988	1
3028237	3028240	1
2878598	2878740	1
3638656	3638663	1
1669999	1670000	1
7186109	7186110	1
9677234	9677102	1
10548467	10547436	1
6318584	6276819	1
9932523	9932524	1
6839112	6840337	1
809386	809133	1
7105832	7105852	1
8399112	8399107	1
9993388	9993387	2
3234923	3234924	1
9876076	9876075	1
4266431	4301610	1
1448295	1448530	1
10621625	10625622	1
4079817	4079820	1
8536219	8536288	1
6915648	6896442	1
11861306	11861313	2
8301027	8301110	1
7933791	7933628	1
8323573	8323523	2
368007	648211	1
2928556	2931472	2
9075324	9075323	1
2459723	2209804	1
11665588	11665362	1
1171183	1171184	1
9822721	9823057	1
178508	178500	1
3690768	3690833	1
9128781	9128782	2
3852759	3852760	1
3281050	3279557	1
1927797	1927798	3
12811574	12753947	1
1332846	1332872	1
8047180	8047272	1
7802174	7802169	1
2694767	2701293	1
6574138	6574137	2
2249940	2250220	1
9086934	9087928	1
8454015	8454247	1
10482948	10482947	1
12447400	12447411	1
3997562	3997566	1
24819	24711	2
9797244	9417794	1
10983880	10983879	1
6487622	6487621	1
4117472	4117551	1
935845	935598	1
3355788	3353768	1
9179847	9179270	2
5011757	5011856	1
12463347	12463321	1
6260458	6260457	1
10822633	10823132	1
3621541	3621544	1
11289019	11288333	1
6117562	6117561	1
9383069	9383070	1
7484429	7503772	1
4669259	4827828	1
5837103	5806072	1
351497	351683	1
9508449	9505452	1
2311205	2311378	1
2482110	2482109	2
7984173	7984798	1
7965424	7965423	1
10245610	10245609	5
12799603	12799606	1
10631940	10720599	1
5171326	5171325	1
6476519	6474834	1
10612997	10602386	1
3463401	3463379	2
2948843	3037866	2
5796610	5796609	1
6892868	6893088	1
3416897	3416900	1
8430710	8430709	7
5777701	5777702	1
2004201	2004202	1
9906014	9906011	1
334377	334179	1
6220201	6220204	1
8186065	8186066	3
5550342	5550341	1
3286156	3286511	1
11720557	11805195	1
11696411	11698718	1
6481887	9012141	1
2460314	2460313	3
1567244	1552655	1
1482862	1482848	1
4658365	4658449	1
7049873	7053593	1
6005510	6005509	1
10576652	10576651	1
2505646	2495883	1
7150885	7147892	1
11662099	11662137	1
8960061	8960793	2
11609862	7300970	1
6836885	7161684	3
7780657	7780714	2
591410	591409	1
3356449	3936886	1
7509613	7509614	1
115423	111761	1
3637930	3637948	1
6459456	6459655	1
1276856	1279490	2
7624374	7627399	1
9335153	2882976	1
4095327	4089779	1
1353225	1353136	1
5754866	5754865	1
11591416	11591415	2
4096447	4096448	1
11868308	11868487	1
8750789	8750792	1
1266286	1266285	1
10406354	10270289	3
4152879	4152881	1
8877781	8877782	1
10953977	7974302	1
10498098	10498094	1
3326717	3326710	1
468194	468189	1
465960	833464	2
9647599	9647602	3
11000887	11000825	1
2928442	2928593	1
11281644	11281525	2
7701894	7701893	1
12762435	12762436	1
2336752	2336827	1
1414282	1414269	1
6422347	6422337	1
2817098	2817095	1
3755204	3755206	1
1351815	1351842	1
5486808	5503510	1
10939633	10939423	2
3795766	3795690	1
5437450	5438478	1
5917858	5917857	1
8958296	8958295	1
7803048	7803061	1
8362848	8359349	2
11147964	10899760	1
7313183	11564667	1
242418	242575	1
9121745	9110201	4
2892286	2892290	2
1567866	1567860	1
11233252	11233256	1
6448781	6535517	1
1111453	1111454	1
1513038	1513693	1
9607050	9604614	1
1269426	1269415	1
2816808	2816827	1
610264	618222	1
12559577	12559578	4
9961103	9961104	1
7046000	7046011	1
10997382	10997381	1
12008222	12000507	2
10678565	1257570	2
10067471	10065137	1
12455348	12455347	4
289023	289024	4
2415495	2415496	1
2093332	2089747	1
3022966	3024144	1
2197419	2196224	1
3422245	3422246	1
6547784	1798076	1
1560881	1566950	1
6634092	6624332	1
174853	174854	3
1739368	1728187	1
6552012	6566269	1
887658	656834	1
4370248	4369378	2
11505505	11505549	1
5624439	2475226	2
7244865	9674431	1
4673476	4673475	3
7368417	7369822	1
1444851	1664066	1
6017709	6017712	4
8774886	8774885	2
5468982	5468981	1
12018944	11098779	1
6005575	6005576	2
5096444	4937451	2
3268145	3268049	2
5882040	5882037	1
7866018	7866037	1
2474969	2474970	1
7801650	7757674	1
2907195	2907239	2
10562776	10562914	1
351883	351884	3
1720861	1720862	1
3071441	3068770	1
3252290	3252267	1
4051443	4051887	1
7494411	7494412	1
12163972	12163928	1
1431663	1431664	1
735091	735098	1
11486872	11486871	1
6900038	6900135	2
4137079	4137080	1
8844758	8861132	3
10610554	10610563	1
3524468	3636363	1
8494703	8494698	1
2513249	2513239	1
4836987	4836988	1
1232842	1232839	2
10555200	10555199	1
2617524	2528144	1
10370788	10370787	1
3293512	3293507	1
370012	365699	1
3622612	3705591	1
6298663	6298670	1
2849132	2896174	1
7535965	7535899	1
6526275	6526276	1
12163662	12230446	2
10478415	10478351	1
4189507	4189534	1
6568597	6568598	4
5544252	5544251	2
2233507	2233510	1
9690149	9689779	2
11608106	11608094	1
1545785	1545786	2
3279836	3279896	2
9274445	9267861	1
6377850	6377849	2
3531063	3531064	1
2287191	2287192	2
10838618	10837078	1
7396254	7396253	1
7945749	7945674	1
5414050	5414201	1
8175728	8175727	1
3704388	3704306	1
1659679	1659620	3
9826678	9826912	1
7075849	7075850	2
5951971	5951972	1
6952143	6952205	2
10636061	10636062	1
3211936	3212373	1
9388200	9389149	1
11120401	11169477	2
321389	321525	1
1106015	1106016	1
11883259	11794239	1
11732402	11733538	1
11040179	11040180	1
2408245	2407590	1
12783813	12783820	1
5325055	5325056	2
4224152	4224123	2
4002867	4002868	1
7901317	7901318	1
1984943	1984944	1
1999745	8228363	2
11540957	11613877	1
3763520	3821642	1
7345765	7345768	1
1545691	1545692	1
3357048	3373014	2
3249107	3249108	1
8423704	3978214	1
8800707	8800713	1
7863544	7863543	1
3541967	3742124	1
3398683	3398684	2
1235399	1235402	2
6051977	6052318	2
12770789	12770790	2
2860620	2863093	1
11417915	11417880	2
8866935	8866962	3
2252032	2252013	1
5493403	5500889	1
10346374	10346353	1
6537011	6537003	1
5518277	5518265	2
3386959	3387547	1
11031352	11031351	3
8692091	8692094	1
7386201	7386210	1
3515986	6956421	2
3513816	3513815	3
6665697	6665698	1
1018757	1020570	1
5991251	5994418	5
11182919	11182920	1
8656286	8656266	2
7172959	7172960	1
440887	440962	1
7446354	7446353	3
10947611	10947612	1
12377262	11146405	2
9773610	9773609	2
7602548	7614692	1
7325963	7351969	1
9645460	9642577	1
9700033	9699987	1
12536999	12541672	1
2609116	2609115	1
1963286	1963289	1
12629849	1283371	1
7224925	7224928	1
8881266	8885261	1
6929240	6929089	1
48869	49327	1
11116250	11116249	1
6458057	6451147	1
10719073	10645393	1
3535251	5955430	1
3541836	3800620	2
5588910	5588906	1
5915989	5879689	2
6663957	6663960	1
3937647	3939954	1
10397749	10397742	1
8948882	8948876	1
110776	110769	2
11696764	11689057	2
4084928	4084927	1
10758384	10347996	4
12750939	12750929	1
12781784	12781738	1
10871254	10871251	2
1632378	1632377	1
7904062	7904082	1
6257984	6255613	1
7449468	7449489	1
12267755	12380390	1
2150095	2150098	1
6395022	6394528	1
9184922	9181218	1
9808274	9808273	2
7050152	7050140	1
6403345	6263033	3
11192234	10509065	2
3674664	3674663	6
12311800	12311799	1
10884859	10885535	2
4180715	4406762	2
10259576	10257750	1
12785185	12782882	1
11517787	11517788	1
2416743	2416744	1
484422	484413	1
7696830	7696829	2
3494770	3493903	1
10411054	10411485	2
7834897	7828910	1
9779099	9698676	1
2236319	2236320	1
4296923	4296980	1
9787372	9787528	1
2263519	2263691	2
4582610	4582609	1
9849500	9849495	2
12262397	12256775	1
5840938	5840031	1
11128017	11128018	2
3643511	3648494	1
10090712	10090637	2
4066877	4066845	3
916390	916383	1
3655462	4078762	1
11455653	11455656	2
10902463	10902464	2
2117624	2375235	2
8892876	8900396	2
11140250	11140252	1
3152765	3152766	1
1655415	1657225	1
3607000	3606432	1
7290877	7290897	1
8965549	8962004	1
1353662	1353411	1
5907003	5903184	1
5446983	5446984	1
10427914	10427967	1
7434915	7434916	1
7286168	7281136	1
10336799	10336800	1
6946471	6946472	1
7155733	7155734	1
5336278	5182154	2
4039459	4039460	1
2828181	2828182	1
10155158	10158229	1
9717278	9592960	1
6613662	6613661	1
743630	743716	1
7966011	4545720	2
234449	153739	1
10418522	425748	2
9282096	9281968	1
9536256	3062481	1
6008106	6008105	1
9621175	9621176	1
7151349	1852035	1
150134	150137	1
7284028	7284027	2
2270575	2270576	2
527641	527563	1
8325634	8325613	3
1691175	1691176	3
7281908	7292539	2
369084	369042	1
3339375	3341197	2
1401098	1401392	1
7878617	7878618	1
4851071	4851072	2
10010559	10010595	1
3663182	3663181	1
1431594	1431240	1
4666036	4666144	3
2037125	2309232	1
6269127	6269128	1
11434377	184883	1
2348178	2348176	1
349994	349820	1
10283431	9745112	1
5552483	5552484	1
3499614	3514002	2
488859	508975	3
7593144	7592845	1
7941576	7941575	5
8442442	8442253	1
2666083	2666098	1
102421	102428	1
6054413	6054414	1
183704	183695	1
1316224	1312202	2
5325057	5325048	2
6120762	6120680	1
9849500	9849499	2
6791124	6798047	5
11909673	11915678	1
1930832	1930831	1
2609108	2609105	2
2264414	2264401	2
5601052	5676936	1
3659001	3659002	1
7908737	7712495	1
6709681	6709682	1
5335245	5334949	1
7087084	7088557	1
10147379	10147380	3
3108573	3108574	1
8979661	9023759	1
5913632	5913631	1
3773193	3860931	1
6525760	6525746	1
1889775	1964929	1
8797446	8796952	1
3940146	3929928	1
5705441	5705483	1
10282659	10282660	1
8237761	8237762	1
8969629	8834150	1
7941576	7941606	1
11445937	11453628	1
6568602	6568684	1
4029313	4027073	1
6043449	6148441	1
632191	7136475	1
7967402	7880155	1
6846561	6846562	1
1529876	1529873	1
11004179	11031353	2
2336664	2015276	1
8410236	8553496	1
5820069	5810804	1
10863766	2372689	1
8046465	8046454	1
859371	859372	1
2322862	2120849	1
7206205	7206077	1
12600303	12600304	2
11733321	11733363	5
11387818	11387792	1
11172709	11174991	1
9171500	9171499	1
9150769	9150770	1
2548842	2548772	1
6223983	6338592	1
11861316	11861313	1
1840369	1840370	2
478288	478618	1
10079621	3281633	1
5208006	5212183	2
8585382	8585407	1
7313179	7319175	1
4123183	6403779	1
1941673	1941674	1
11664954	11664953	1
9525237	9525238	1
10779940	10779939	4
11280949	11296917	1
479759	8723932	1
6546736	6546735	1
6706254	1485772	1
10573273	10573732	1
10210355	10210356	2
820665	820666	1
4796725	4796726	2
7281251	7281252	1
5607661	5607601	1
3731086	3731083	1
4556581	3371065	1
3123394	3123393	1
2533936	2527954	1
12404515	12404516	1
1618760	1611683	1
9265655	9265656	1
6829664	6829208	1
11074045	11074159	1
10464499	10464379	1
1503868	1503850	1
1744600	1744572	1
11679063	3486076	1
3125122	2892256	1
7872443	7872465	1
8765292	8765105	1
6440072	6440069	1
2197088	2197087	2
9913310	9913309	1
3977249	3977301	1
807461	527471	1
3239653	3239654	1
11522808	11532395	1
12388565	12388563	1
11198833	11191832	1
1999611	1998109	1
5816989	6172383	2
10178308	10177285	1
9262584	9261270	1
2446139	2446140	2
7205716	8398330	1
9590813	9590793	1
10948716	10948715	1
91267	89631	1
2639824	2639823	1
4224152	4224125	1
6596081	6596103	1
4831992	4831996	1
11533134	11574027	1
10534021	10534022	1
4480589	4480590	1
9665520	9665519	1
5385419	5457010	1
5919938	6211682	3
11068477	11069090	1
1279731	1281218	1
9960279	9960280	1
9345515	9345506	2
1613573	4991349	1
12020444	12020447	1
7791144	7791147	1
9069474	9069471	1
3697246	3697237	1
10446981	10446982	1
4405617	4316149	1
8216895	13841	1
5868776	5867569	1
6314227	6315203	1
10401168	10401378	3
9098033	8982961	1
1545783	1545784	2
3591579	3591768	1
7887696	7887722	1
4467847	4608832	1
11167859	11164796	3
1763616	1795877	1
268344	268523	1
314507	314546	1
9702525	9702526	1
4019153	6130493	1
327491	327492	1
11436068	11436280	1
6053300	6053297	1
3629685	3629686	1
2858565	3645589	1
8236756	8234672	1
7438209	7055915	1
9347591	9347592	1
2809423	2809424	1
4507606	4501244	1
4152407	4152414	3
9723931	9724027	1
8098442	8098458	1
11422603	11423401	1
5134067	5134070	1
1291483	1292962	1
2770187	2770188	1
1592357	7184445	1
8801862	8800832	1
8521848	8521847	1
10364525	10362816	2
7290430	7290429	1
8019384	8019330	1
11733059	11733046	2
10590272	10590271	2
6554399	6555499	1
6009448	6009286	4
3539968	3539967	1
3125712	3125720	1
10879079	10878770	3
6058231	6058232	1
1068221	1068222	1
5673879	5673880	1
3560247	3560117	1
3697352	3694950	1
5972286	5972285	1
10178359	10178360	1
2493876	2495060	1
9667068	9260253	1
9090671	9090672	1
2201756	2201685	1
9331470	9331467	2
8614140	8614139	1
6093055	6093056	2
3751787	4378795	1
8670533	777339	2
9811814	9811840	1
10169464	10169428	1
9921949	9921942	1
9969985	9969986	1
3385232	3385229	1
7079502	7079838	1
159757	159785	2
5882866	5883961	1
10285472	10285469	1
3736077	3736078	1
2868975	2868976	1
10466943	10466944	5
5916721	3408823	1
448063	448109	1
2423658	2438093	2
9708219	9640376	1
3981055	3980791	1
21510	21507	2
6015296	5975822	2
8767641	8767642	1
7633801	7633802	4
4264807	4264808	1
12534352	12482440	1
274887	274888	1
1002318	1002605	1
12472655	12472656	2
8483843	8485668	1
12465709	12465710	2
7049885	7049872	2
7106885	7110518	2
2718053	2718054	2
7237167	7237124	1
6523413	6523414	2
318658	318657	2
6862337	6859801	2
9694353	9694315	1
4014105	4014069	1
3075220	3136629	1
12721093	12721094	1
4690315	7954917	1
3589395	3576158	1
6682497	6682498	1
3513816	3513811	1
10653981	10653923	1
5587292	5587291	1
7965075	7964978	1
4179083	4179084	1
5315289	5315309	2
5419393	5419412	1
7179709	7377738	1
4724785	4732659	1
1222373	1222374	1
970982	970981	1
10025025	10025026	1
3583800	3583799	1
1113020	1113019	1
10058650	10058647	1
2599314	2599313	1
653359	653071	2
4400477	4400478	1
43736	43673	1
4713812	4713811	1
2991150	2991147	1
1468173	1468174	1
432679	432717	2
2135000	2110586	1
7653426	7653425	2
4913166	4913165	1
1333392	1331611	2
4577907	4577908	1
9921112	9921115	1
1287436	1287391	1
10214874	10214873	2
8824289	8824007	1
3761318	3767625	1
9951279	10404018	2
743212	743204	1
3607668	3607667	1
3505730	3505725	1
3650856	3653503	1
3307088	8758989	1
12636113	12635540	1
8672657	8673274	1
10653942	10652919	1
1515750	1506466	1
10353193	10353182	1
12146370	12143648	1
509097	509203	1
12496909	12054424	1
11405738	11395223	1
7399449	7398281	1
1612863	1612864	2
2431380	1870648	2
8766476	8766475	1
3463091	3463092	1
8614261	8614301	2
809090	809089	1
9422722	9424512	1
10146275	10146152	1
10266489	10266492	2
1572409	1572410	1
7677162	7677206	1
3487427	3488923	1
12478139	12478140	1
2560518	2443625	1
1860617	1860589	1
2811970	2815523	1
6894287	6894290	1
9577587	9577590	1
6096574	6096573	3
4348977	4348978	1
8261469	8294515	1
8428219	8427901	1
3615480	3615490	1
3291049	3290958	1
10487034	10487133	2
6454486	6454485	1
10598422	10598421	3
10739154	10739150	1
1748623	1748624	1
7937518	7937603	2
2486198	2486237	1
1751732	1718508	1
11969680	11719135	1
8662657	8663129	1
9871677	9921199	1
2382339	2382340	4
10293365	10293366	1
4044671	4044672	2
3456495	3457318	1
4757312	4757262	1
2797975	2797972	1
8014489	8014490	1
10040090	10040069	1
11201926	11201920	1
1838279	1838309	1
2785419	2785420	1
1741863	10041779	1
7426529	7426551	1
3675343	3675344	1
9957345	9957348	1
6170648	6100845	1
1757439	1757440	1
5230463	5230300	1
11534587	11566397	2
2775325	2775335	1
6168624	6169633	3
947804	947573	2
1349256	1349253	1
10992840	10993238	2
9531825	9531826	1
10747147	10747137	1
425590	425905	1
4597783	4602024	1
1738965	1738966	2
5819464	5654706	1
9431700	9422052	2
7120167	7120179	1
4535743	4535049	1
1975037	1974981	1
7660362	7660248	1
7402347	7402338	1
9920097	9920108	1
5718840	5718839	2
4851069	4851072	1
3949762	3979450	1
4178857	4175813	2
12464559	12464560	1
4711243	4713663	1
4571074	4571077	2
8973015	8973002	2
5266900	5266899	1
8404050	8404045	2
8300619	8300523	1
923401	9052857	1
1712579	1712580	1
1475819	1482475	1
12721354	12721455	1
323087	596554	1
9291847	9291848	2
7156796	7156817	1
8963106	8963105	1
9114100	9114103	2
9988237	9988238	1
11003022	11001841	1
3985438	3985437	1
11389093	11389334	2
10935479	10935480	1
244623	246989	1
3376151	3375033	1
5222942	5222941	1
1444849	1444850	1
997451	997452	1
6446098	6446090	1
5516347	5516375	1
2237825	2237826	2
2665926	425793	2
10899924	10899962	1
8311271	8311252	1
10231527	7776592	1
9743852	9741956	1
4158772	4301548	1
9602330	9602327	1
10393137	10393138	2
11286688	11286668	1
10164234	10164233	1
2429337	2429335	1
7720572	7720571	1
2375651	2375652	1
7122151	7122081	1
6024477	6024319	1
3541841	3541842	1
11306462	11306492	2
506986	506968	1
5712535	5712536	1
7597046	7597053	1
6141679	6141680	1
10702407	10702408	1
313625	313626	1
5725695	5725696	1
11908371	10443394	1
5401401	5401039	1
8897433	8897347	1
6631505	6631478	1
2313690	2313689	2
6925842	6928553	1
6066589	6066637	1
7862688	9357075	1
4104510	4104509	1
2779163	2780948	1
11052244	11052196	1
6360822	6358181	1
3506675	3506708	1
1790038	1786926	2
4481419	4481429	1
1096695	1096472	1
2004918	2009908	1
9526888	7593694	1
9175092	1447960	1
1254611	1254637	1
3624218	3624217	2
5215891	5218662	2
1315135	1315394	1
4796723	4796724	2
11715232	11709199	1
9750905	9750895	1
7257608	7257607	1
6542087	1537955	1
5671829	5668918	1
11716942	11788675	2
12754061	12754051	1
11493433	11493292	1
1212617	1212623	1
10031577	10010691	1
9567828	9568269	1
3074163	3074065	1
8035344	8035045	1
11084212	11084210	1
1249611	1249686	1
11664958	11664957	1
4057804	4060227	1
3788053	3788066	1
6720667	6720668	2
9164615	9164067	1
9193125	3143155	1
10319358	9936257	1
5238967	5238968	1
8323884	8323891	1
9052793	922884	1
3070307	3070351	1
8486729	8486865	1
10109096	10109095	2
3749570	3749646	1
11867869	11867870	1
3782081	3782082	1
6520783	6520214	1
11845650	11832161	1
11126133	11126134	2
2331469	2331478	1
7221146	7221111	1
7789233	7789216	2
3194465	3194490	1
9388200	9389151	1
7904780	7904715	2
5377627	5377633	1
10028726	10030289	2
4054833	4054834	4
5822419	5822420	1
3461700	3461699	1
5226594	5226670	1
1501411	1501412	1
2459435	2459556	1
2792353	3122945	1
3296846	3296845	2
11313897	11313893	1
7960822	7960775	1
1587721	1587724	1
11785570	11785567	2
12380391	12380392	1
8707849	8707850	1
7100683	7100711	1
2725800	2726132	1
2806168	2806163	1
11274068	11274047	3
11472586	5549686	1
4455250	4456206	2
9866716	9866715	1
7537000	7539484	1
7356878	7357865	1
9932735	9932736	2
6443611	6443673	1
83738	112105	1
9703781	9700029	1
8269201	8269202	1
10615553	10615554	2
9145070	9145406	2
353431	353432	2
10245612	10245609	1
2146130	2461514	1
4525677	4524299	1
6834581	6834211	2
9319388	9319209	1
12042294	12042267	1
1899981	1967255	1
7066655	7066658	1
8254792	8254791	1
1107231	1102318	1
5523151	5523178	1
2638902	2638901	1
1924186	1925539	1
1937750	1937749	1
5772099	5775420	1
7992030	7977250	1
8328237	8328324	1
6146828	6146848	1
7727685	7727701	1
7006115	7005436	2
1162727	1162730	2
8534386	8534338	1
10587918	10585843	1
6025375	6025376	1
6927992	6928015	1
70645	70773	1
5453948	5453791	1
7994429	7994430	1
3726658	3726667	1
6062681	6058230	2
10076838	289022	1
9004440	9004445	1
2242409	2242423	1
4587851	11336000	1
3909513	3909508	1
2667906	2667905	1
3478274	3478273	1
6770519	6750172	1
2706050	2706049	2
2250219	2250220	1
12421869	12421870	1
8263528	8263539	1
5737066	5737063	1
7535898	7535897	2
791099	788628	1
4308321	4726888	2
8667254	8648063	1
3215766	3215757	1
6385221	1495999	1
9092575	9092573	2
8219459	8219843	1
11769509	1865506	2
5635533	5635534	2
2532950	2533012	1
5174124	5177139	1
2995168	2995066	1
4579412	4573008	1
2190781	2190777	2
287650	4067540	1
10827088	10826614	3
597321	597322	1
6745310	6745281	1
10317676	10320420	1
130055	130056	2
4381502	4381967	1
12717252	12715980	1
4984624	8508160	1
9510796	9510795	1
6695770	6769644	1
12450484	12450461	2
4019475	4019434	2
10026235	10026236	1
3719648	3734698	1
3906677	3979669	1
3800371	4091272	1
12181583	12268445	1
11574613	11579907	1
11878496	11878485	1
9135043	9135038	1
4744725	4744726	2
6682574	6682573	1
5241139	5241120	1
8449229	8151810	2
1481698	1481697	1
2811970	2814328	1
10652712	10654728	1
8417406	8417405	2
10988125	10988128	1
7462799	7462493	1
9061910	9062516	1
10601766	10609037	2
1316773	1318793	2
621339	640356	1
12403664	12418967	1
9038279	9037368	1
5093124	5093242	2
5208006	5212174	1
8767810	8778653	1
1370371	1370545	2
7863603	7863578	2
4754775	4754759	1
12175466	12175465	1
9310384	9311124	1
3135418	3138296	1
2187327	2187328	1
8102169	8102170	1
5656312	5656314	1
8279909	8279922	1
7433389	7433390	5
6664626	6667422	1
7248195	7246580	1
9508855	9508896	1
483180	483115	1
11895314	11895079	3
7211767	7212673	1
6146470	6146469	1
5376423	7224252	1
1665556	1665536	3
8728543	8728403	1
1283548	1282531	2
6994723	6994724	1
3482823	3501748	1
9120441	9120442	2
7048211	7048212	1
6066370	6004444	1
11467286	11468042	1
11700059	11700060	1
2234997	2112911	1
9961103	10444653	1
3201093	3201094	1
2105161	2105182	1
8190010	8192752	2
10824786	10824779	2
7483146	7483043	1
1605823	1605824	1
8937455	8937464	1
4571076	4571075	1
9431702	9431701	2
4014720	4014719	2
11010961	11037637	1
7752802	7891982	1
12610608	12610441	2
2709808	2708560	1
518787	844535	1
3127534	3127603	1
743590	743589	1
3856322	3861559	1
12720903	12524092	1
11896763	11896153	2
7998619	7999898	1
11863046	11863063	1
1243294	1243354	1
3320335	5707116	1
8673857	8673858	1
1752171	1752180	1
967039	967040	1
176632	176631	2
9279243	9280989	4
432908	432907	2
3631493	3631507	1
5437227	5433871	2
1220573	1220574	1
8187160	8190179	1
10299522	10299521	2
3419996	3419995	1
7198947	7198959	2
8326522	8326755	1
4863997	4863998	1
5730641	5730642	2
896531	896387	1
2086827	2084939	1
12344793	12344820	2
1625287	1625288	4
6853234	6849641	1
3337852	3337786	2
6764667	6811501	1
5116660	5116670	1
465632	465645	1
5217386	5217385	1
8729780	8730073	1
11740991	11740870	1
8894932	11612529	1
1068565	1068566	1
7859670	7859738	2
6052596	6052593	1
3398777	3403666	1
11334319	11333830	1
1511180	1350456	1
11823849	290995	1
6690919	6690946	1
4059072	5919829	1
2851810	2851809	1
6264754	6262658	1
5427053	5427054	1
10511334	10510766	1
10211952	10243053	1
5747415	5747577	1
8795829	8795836	1
5516300	5516299	1
10282779	10282541	1
3960309	3968870	2
12634659	12632908	1
3827965	4080969	1
2099460	1874660	1
5662717	5662718	1
9959622	9959635	1
8634578	8634577	1
3581	2491	1
10216862	10216747	1
12314486	12314485	1
2187641	2187642	1
10652863	10652860	1
4751226	4751347	1
8885600	8887285	1
11622005	11621824	1
763211	763196	3
9334048	9334406	3
6049024	6049037	2
12043371	12263856	1
968895	969448	2
2491400	2491395	1
11532887	11543209	1
2952938	2952941	1
3802407	3802452	1
10262984	10262920	2
305245	305280	1
137302	137301	1
8541306	8541305	1
7464939	7465440	1
3853567	3853257	2
4478160	4478206	1
7962962	7962957	1
10573942	10573941	1
11479303	11405219	1
1560160	1560159	2
5672998	5673878	1
11881339	11881360	1
6786830	6786128	1
6750548	6042889	1
7230508	7230652	2
11451494	11451493	2
7977534	7977375	1
95284	95283	2
8231852	8231835	2
4681177	4744724	2
7135104	7135103	1
8225986	8225989	1
9519787	9519788	2
3619357	3619358	2
657365	657366	1
1674290	1678712	1
6360527	6353774	1
9078134	9078224	1
1404241	1404242	3
3680707	3680954	1
6157786	6157780	1
2215048	2215051	2
10296167	10296300	1
4539283	4539255	1
6793942	6778117	1
6859759	6859477	1
2347430	2347439	1
8254788	8254787	1
11299546	11291220	1
6070288	6070287	1
9080313	9080314	2
5671553	5671520	1
10258901	10258527	2
6459759	6459766	1
10285313	10285314	3
4530577	4532347	1
12204618	12204617	1
362720	361559	1
12722533	12722531	1
1202528	1202532	1
6835417	5516127	1
3277980	3277869	1
2979434	2974940	1
11268411	11268412	1
8759696	8759448	1
5130489	5280456	1
11384481	11403494	1
12143647	12145622	1
1048269	1048202	1
10018142	10018097	1
10324436	10324375	1
9341709	9341710	1
3865821	3892955	1
10223584	2270601	1
11867480	11869467	1
4807652	4807649	2
2389238	2389241	1
2131573	2131999	1
4188478	4188477	2
8067190	8072551	1
3267907	3267836	2
7521509	7521505	1
895356	895355	1
4582332	4581852	1
10446767	1356660	1
2425525	1847299	2
6920336	6921671	1
492284	492152	1
1714657	6438415	1
6176720	6177167	1
4868037	11688668	1
9536489	9536337	1
6714079	1536451	1
5970879	5970854	1
3239021	3242890	1
1245262	1245301	1
3286203	3286204	1
2491401	2491424	1
8751608	8751607	1
3636061	3636062	1
1086317	1086532	1
9055681	9055682	1
773484	771114	3
10087537	10087540	1
2272350	2272349	1
3903175	3903178	6
2776405	2776406	1
10307139	10307140	2
6988021	6976017	2
2848879	2879955	1
10335639	10335917	1
7335668	7338433	1
11871792	11872174	1
9166725	9166720	1
2573623	2431676	1
8377219	8377220	2
749931	749988	1
5625870	5730640	1
11347715	11347722	1
9131568	9131909	1
4194487	4194438	1
12764140	12754935	1
8703550	8703617	1
10757245	10751165	1
748623	748624	4
9124032	9124095	1
3322289	3322290	1
297394	24965	1
8450800	8450267	1
5379264	5379311	1
6340335	6340336	1
12424761	12466303	1
9891179	9891180	1
10540021	10539953	1
1107250	1107249	1
9748709	9749879	1
920004	9065636	1
8223837	8223840	1
2611355	2530790	1
1110763	8025582	2
11830199	11794360	1
5140426	5140428	2
1393599	1394317	1
12496665	12496276	1
2427938	2423010	1
4373331	4373319	1
11847611	11847612	1
7138152	7138151	1
10797671	10796878	1
8839927	8801108	2
10699677	9851147	1
4544723	4544724	2
7486741	7484736	1
10231956	10232323	2
763131	308784	1
310478	310437	1
6050712	6050740	1
2500017	2500018	1
10094554	10094553	1
5943099	5985070	1
2243833	2243779	2
4272150	4272148	2
7711393	7711598	1
8217666	8214284	1
7279682	9686998	1
475509	564401	2
6176798	6176653	2
9433971	9541150	1
81631	81632	1
10401293	10343943	2
3886990	4115050	2
3572496	3572794	1
6687354	6691540	2
10184214	10184213	1
9103445	9100283	2
1433386	1433385	2
10314434	10314423	1
437839	437628	1
318662	318661	2
3011763	3011789	3
10980984	10980987	1
7123298	7263171	1
11090394	11091202	1
10854830	10854953	1
934239	722255	1
7095088	1082771	1
7043000	5454393	1
10960268	10960247	1
6743656	6743742	3
4041775	4041776	1
7167811	7165120	1
1630260	1630223	2
10374105	12613066	1
5625663	5635532	1
1722073	1722076	1
5266902	5266897	1
6177661	6177662	2
8524766	6204899	2
3532793	3532590	1
7340382	7340459	1
8841398	8841397	1
4688785	4687001	1
11238126	11236953	1
9789363	9788654	1
2954657	2954660	1
3167523	3159974	1
8754857	8754850	1
8765240	8765279	2
3936695	3932119	1
2488051	3286702	1
2757122	2756880	1
3717365	3717366	2
7639274	7640937	1
10877226	10877229	1
3400811	3398844	1
10169498	10169497	2
3493697	3494471	1
10789227	10789178	1
11428427	11428430	1
504078	563076	2
7098146	7098145	1
5815291	5815197	1
7887689	7641914	1
7597706	7597603	1
11750700	11817300	1
2908971	6970839	1
8409131	8409087	1
6091012	6091056	1
11857910	11857588	1
11836585	11836586	1
5700686	5702971	1
5925329	5925236	2
2664080	2664326	1
12004576	12004573	2
8880652	8880682	1
5515723	5515726	1
781697	781667	1
2291941	2291944	1
11188246	11188236	1
5930117	5930118	3
7290430	7290427	1
10468181	10468165	2
7104621	7104968	1
6767639	6768427	1
7204501	7204469	1
7049469	7053761	1
6751609	6751610	3
1283546	1282531	1
5419083	5419090	2
7386663	7103024	3
406337	407754	1
8656199	8797181	1
1705510	1705563	2
9267059	5070827	1
3508888	3508901	2
11260201	11260384	1
3142842	3142875	1
1444693	1444690	3
9385140	9384473	3
1741813	1741790	1
11804009	11834934	1
7473905	7473906	1
8753522	8753466	1
9038927	9040864	1
1282766	1283031	2
8638814	8638813	2
3320880	3320844	1
1544601	1544707	1
657365	657368	1
7725917	7728046	3
3450968	3451306	1
8092047	8092645	1
4605638	4605637	2
3661301	3672073	1
904757	904758	1
11323895	11326560	1
5099721	3236593	2
8174969	8174970	2
2282331	2282332	2
1469522	8280120	1
9247538	9247339	1
972626	971142	1
3961666	4041776	1
7287872	7287869	2
6468231	6466866	1
1844581	1844917	2
4101744	4101743	1
5996677	5996693	1
2841278	2839966	1
8615359	8615360	1
10444848	10444847	1
9649846	9649905	1
4830504	4830503	1
11593825	11593826	1
1264868	1264865	1
11557287	11557298	1
2859933	2859936	1
6000232	6000231	1
7458195	7458279	2
6047242	6047241	1
1545689	1545690	1
9445678	9440154	1
5997760	5994956	1
3521741	3521742	1
1119787	1119788	1
9758510	9758507	1
9605904	5585504	1
3197701	3196189	2
12459347	12459417	1
134909	136295	1
6547703	6547693	1
6048266	6048265	4
9298625	12247276	2
10319614	10319599	1
6784998	6784995	2
7741360	7786642	1
4618040	4618039	3
5748347	5748359	2
604302	604203	1
12754927	12754932	1
7094667	7094668	1
4166263	4207618	1
4609281	4609284	1
6285880	6285759	1
6611406	6613663	1
2523637	5684585	1
9073141	9073142	1
11680797	11836663	1
1570645	1570646	2
8282503	8282504	1
1849274	1849304	2
892136	892213	3
4276131	4814666	1
1498792	1498780	1
1206293	1206221	1
3756189	3755170	1
1165118	1165117	1
3892066	3891310	1
2350544	2351372	1
12459499	12473938	1
7566583	7566584	1
8763532	8756597	1
6755551	6755552	2
6674725	6675221	1
9630189	9630190	1
302140	302000	1
6093043	6093048	2
3375891	3375872	1
3930174	3930217	1
9622858	9623429	1
3642205	3651832	1
2868446	2868028	1
4859354	4859351	2
9870214	9868090	1
5940404	5950399	1
7395911	7395859	1
11577031	11577032	2
5123148	5123164	1
11000885	11000886	2
9134986	9134970	1
10299072	10299080	1
6431477	6431916	2
8800578	8800587	2
12788263	12788264	1
469272	469191	1
749975	788488	1
12472655	12472658	1
2986281	2986282	1
9957741	9957760	2
2887536	2880380	1
4332554	4332553	2
1352642	1352579	1
4846089	4279477	2
1398520	1398515	1
1113018	1113013	2
6524390	6524389	1
5393681	5393695	1
1529185	1526920	1
11236249	11236250	2
8756635	8756638	1
7866568	7866567	1
1911209	1905523	1
6891658	6891655	1
5598781	5598678	1
2602372	2602405	1
7207220	7207232	1
1202901	1271039	3
5053617	5053610	2
1925646	1926018	1
11213030	11213048	1
7147324	7147321	5
2082451	2082445	2
360329	360330	3
10660766	9830215	1
5869419	5885509	2
10330192	10318122	1
3468162	3468165	1
11563448	11602108	1
4680977	4680978	1
5273007	5272995	1
3960429	3960430	1
7098883	7098877	1
7445350	7445310	1
10242874	3047894	1
4469996	7492271	1
5001464	5001495	2
818647	818648	1
916450	5257745	3
174485	177228	2
4446739	4446740	1
3234939	5099981	2
11785067	11771380	1
3798870	3397745	1
10717246	10717254	1
7446454	7446451	1
2319143	2319144	1
7257003	7314633	1
9808276	9808275	1
10319888	10316234	1
2511869	2511875	1
4713915	4714734	1
3305608	3306864	1
5450652	5451070	2
10119737	10119723	1
2388879	2384514	1
2862411	2857057	1
11154793	11154794	2
11171695	11171700	2
7594481	7594479	1
10891120	5463052	1
10824333	11154623	1
10839866	9596554	1
7941655	7941656	1
3818741	4003475	1
5540364	5539435	1
1999081	1999082	2
10625253	10626339	2
9883208	9883241	1
2443108	2443107	1
12799358	12799357	2
9080315	9080316	1
5610676	5629122	1
1599917	1599918	2
5119998	5119997	1
1150344	1145300	1
5304565	5321843	3
10959582	10960043	2
8877955	8877956	1
719618	735199	1
10374555	10373223	1
3964214	3964212	1
7615743	7615744	1
11663285	11663261	1
3104794	3103471	1
4566203	4566206	1
6751720	5082245	1
30766	29889	1
3975557	8432471	1
2415747	2415707	1
9386886	9386972	1
11114196	11114195	1
6846819	6846822	1
8363014	8363594	2
6324764	6324763	1
6431300	6431299	1
608082	608106	1
11734037	11771472	1
1180109	1180110	1
3980865	3980848	2
11755269	11755270	1
11426327	11426397	2
3542000	3541997	2
10255016	10255521	2
9427271	9427382	3
9933211	9933204	1
8385879	8439099	1
8066547	8066146	1
4031511	4031556	1
3641720	3483099	3
4788548	4788547	2
2338160	2337956	1
8635219	8632363	1
8766494	8766477	1
77285	101137	1
6849612	6847297	1
2690641	2689556	1
6072962	6072959	1
3873105	3891285	1
11728166	11728199	2
12814804	12814814	1
2818033	3323727	1
9351028	9351025	2
5880326	5880325	2
2436367	2436438	1
10800449	10800463	2
2689521	2689563	1
1171185	1047915	1
2892291	2892292	1
7268944	7268767	1
8993110	8993109	2
7344756	7344755	2
4364514	4364511	2
10871407	10871414	1
6980753	6979030	1
2815532	2815535	1
11228717	11228718	1
2183555	2187052	1
6192358	6192171	1
12199590	12199562	2
10536061	10536066	1
2980669	2980670	2
7343107	7343108	1
7921429	10885534	1
1584523	1584524	1
844065	844073	1
350491	350492	1
11384479	11384480	1
7976391	7976392	2
4679044	4679028	1
5339768	5339767	2
603337	603338	1
3139246	3138904	2
5338710	5338709	1
8576949	8576950	2
1671478	1671475	1
11259849	11259885	1
10611929	10611352	1
9320023	9326421	1
10983882	10983881	1
3130434	3130433	1
10011707	10011495	1
11875086	11875093	3
12543114	12548749	1
10524645	10524277	1
11088429	11088441	1
10252475	10252481	1
9434436	9435398	1
3748643	3748011	1
7428331	7419458	1
1591371	1545268	1
3971510	3958959	1
6030394	6030382	1
7027163	7027141	1
10726247	10726248	1
1760451	1760452	1
7992032	7992031	2
4350953	4350954	1
1172195	1172196	1
5742514	5742513	3
10905851	10905852	1
4014718	4014713	1
3466611	3467026	1
11672250	11671771	1
794113	794107	1
5998135	5996230	2
8635407	8630927	1
2161830	2161829	1
5759942	5759960	1
3309460	8775659	1
953778	953763	1
10448251	10449392	1
684273	684271	1
8087391	8075016	1
3669585	3669575	1
1531821	1532023	1
2021852	2021910	1
7265595	7265596	1
5924349	5924350	1
5374329	5433988	1
6663237	6663255	1
1737777	1737536	3
4087159	4087160	1
12149367	12149360	1
705989	705990	1
1964440	1964407	1
8606402	8606401	1
3998117	4000008	2
8674550	8674546	1
7115463	7091603	1
159242	159249	1
7241450	7241449	1
998454	998859	2
9303500	9427397	1
7222619	7222620	1
788247	788248	1
10566320	10566317	1
10247100	10247067	1
2991460	2991449	1
11075772	11075794	3
4283602	4292520	4
2616454	2616453	2
7462102	7462127	1
60635	60636	1
6124116	6106119	1
3829188	3829165	1
9086845	9084681	1
2706048	2705936	1
7673529	4263886	2
11350013	11350004	2
9112913	9117462	1
4714378	4714377	4
2800833	2800834	1
8963867	9029634	1
4548885	4549619	1
5452312	5452311	1
2747323	2747332	1
5338708	5338711	1
1537684	1537679	1
8763041	8763045	1
10085321	10085322	1
6490030	6490272	1
6330163	6359170	1
8606406	8606403	1
4785001	4724260	1
10270882	10270662	1
371793	371715	1
2875448	2875443	2
10803435	10803436	1
3278411	3278313	1
4925832	10989409	1
9827909	9911448	1
7150391	3203776	1
10226955	9841598	1
2901541	10751778	4
9675577	9675578	2
6908045	11883130	1
9124497	9123810	1
6313739	6313742	3
11389153	11440428	1
7883189	7876797	1
5077932	5474063	1
5452651	6774995	1
9177730	9177729	3
12593695	12593696	1
5809024	8523117	2
5203769	5203770	1
6204729	6204734	3
3974315	3974316	1
2166837	2167654	2
7976460	7611611	1
11588464	11588033	1
10255891	10245613	3
10883296	10883293	1
9856829	9856316	2
5646783	5646784	3
4729457	4729272	3
2550835	2550845	1
3052000	3051996	1
11674183	11673775	1
940048	940047	1
7015446	5441715	1
9082460	9082713	3
7949269	7949262	1
1768661	1770074	1
8959209	8960863	1
3096593	3096594	1
2018514	1953020	2
5997858	5997857	2
10119737	10119738	2
11873185	11873186	2
9334625	9334607	1
2954588	2954591	1
6767337	6692824	2
6211031	6211032	2
6093290	6075270	1
9486829	9491310	1
11318707	11318708	1
4740738	4740715	1
12015924	12015883	1
8303807	8303808	2
12632934	12632933	3
10519060	10519074	1
12814943	5761590	1
6472697	6472698	1
5916992	5916708	1
10045500	10045499	2
8739766	3102578	1
10929376	10929375	1
558048	558077	1
5613583	5613637	1
6734960	6734959	1
1239407	1239408	1
6341701	6341702	1
5248303	5248304	1
3725933	3725874	1
8758784	8758783	2
11374219	11374220	1
1626435	1730919	2
3994133	3995797	1
3329395	3329229	1
2537084	2536706	1
12307001	12307002	1
4912020	4912019	1
3934958	3934957	1
3962682	3962675	2
12479834	12479821	1
5223398	5223395	1
5269663	5268200	1
12678021	12677899	1
7890364	7889041	1
7110702	7110083	1
514290	474287	1
3544962	3544947	3
866360	860451	2
6395202	6224211	3
3567241	3587205	1
6604331	5419701	1
9159669	9159672	1
3632670	3632673	1
5760189	5758430	1
1849135	8464569	1
7101539	7101536	1
19679	20818	1
1006699	1006852	1
8687588	8717844	1
2011554	2013758	2
5705104	5705103	1
4409869	4415109	1
8103375	8103376	1
4788271	4788274	1
9163233	9163234	2
4051168	7446441	1
6392311	6392312	1
9315892	9315891	2
9666573	9666588	1
7017597	4015106	1
3439548	3439661	1
5810988	5810980	1
4787031	4787032	1
10894175	10894121	1
1651277	1651278	1
11728198	11728195	2
12778050	12774479	1
6568595	6568596	4
1164815	1164818	1
2888772	2888785	1
12723976	12752554	1
2404178	2404077	1
4837706	4837705	3
5998309	4142929	1
10953964	10953963	2
7751169	7751161	1
3991903	3991918	1
10863820	10863819	1
9000858	9000619	1
11925671	11870996	2
5526169	5526172	2
7414165	7414166	1
3933109	3927908	1
7508878	7508708	1
6761844	6761767	1
7480038	7478514	3
12790428	6228281	1
4083410	4083409	3
4328429	4328478	1
6107344	6107305	2
4811274	4811242	1
12745937	12745938	4
6795349	6795390	1
10551539	10551540	4
10545167	10545168	1
5048097	5047487	2
8258626	8258608	2
11434785	11434786	2
710001	710002	1
5628072	5627867	1
9166849	9166852	1
8658776	8737143	1
849510	847197	1
7684112	7684115	1
6272133	6272134	2
7447368	4581877	1
3106424	3106423	1
9920978	9920975	1
10369334	10369331	2
7986021	7986032	1
2806168	2806165	1
4329590	4329589	2
6380495	6381314	1
2054722	2214125	2
9024877	9024847	1
3398683	3398686	1
12179549	12151686	1
2494253	2494245	1
11785119	11785212	2
2486048	2485999	1
1454046	1454045	2
11546125	11546126	1
4032302	4032148	1
10527185	10527198	1
11584552	11584426	1
7455752	7455751	1
6981490	6981497	2
465169	465177	1
3678430	3678429	1
10357735	10357740	1
5049812	5048097	1
8903467	8940682	2
923672	923674	1
8372395	8509476	1
3385236	3385233	2
3826519	4101774	1
3995981	3995984	1
7712554	7712947	1
4641527	4641528	2
4711847	4709776	1
10748248	10748209	1
2876234	2895711	1
5156732	5142092	1
12815220	12814819	2
9567977	9567930	1
5012562	5012544	1
8887104	8886930	1
6454498	6454487	1
10535916	10536493	1
997453	997454	1
5157871	5157936	1
9076247	9169390	1
958745	958810	1
8780007	8780008	2
228294	100276	2
5578501	5578502	2
9850622	7586895	1
758602	758606	1
4434138	4434137	1
3463093	3465074	2
4015701	4015575	1
8427750	8423972	1
6324130	6324129	1
8793606	8793562	1
7541656	7541655	1
7215437	5094001	1
3735965	3733630	1
8066274	8065885	1
1336747	1337919	1
10248752	10248751	1
5060578	5060581	1
11038335	8882195	1
5679134	5679194	1
3923517	3985160	1
8593226	8593216	1
11884075	11884076	1
2827020	2826278	1
11627527	11627508	1
1918808	1922846	1
10440678	10440672	1
8001586	8001812	2
5574314	5574313	1
7115342	7115018	1
9258270	9258296	1
7448822	7448139	1
7434915	7434918	1
5139105	5139065	1
638198	637276	1
7186341	7184204	1
5647835	5647836	1
11005174	6675524	2
11576580	11576656	1
6002868	2665550	1
8971459	8971386	1
12253476	12253475	1
8804107	8802255	1
8332942	8332834	1
5845281	8522303	1
8963865	8963866	1
2320518	2320517	1
5722267	5722237	1
4851067	4851070	1
8706325	7446235	1
6699371	6699372	1
7986019	7986020	1
10439286	10439386	2
5795086	5795085	1
1349225	1522030	1
3882361	3882362	1
4108733	4108734	1
6658231	6658429	1
6180805	6180617	1
6907153	6907154	3
6058791	6058792	3
7783077	7783448	1
2797610	2797606	1
3684843	3684844	1
1356237	1222642	1
8214060	8214059	2
1099618	1099617	1
10544356	10544355	1
2174233	2174234	1
3951488	4111292	1
3589727	3589728	1
10056062	10029383	1
11286619	11286816	1
10223592	10223412	1
12208497	12208540	1
9593290	9593289	2
9525408	9522861	1
3884814	3884772	1
1767619	1767330	1
1832301	1832302	1
305819	763088	1
11773103	11773104	1
8725977	8726368	1
9723135	9722077	1
5579928	5579744	1
8499795	8499796	2
6026289	6028798	3
10337262	10337232	1
8247252	8247214	1
4818738	4818737	1
865369	865370	1
10424077	10328273	1
5753908	5752971	1
4603611	4603364	1
3697003	3697004	1
11552573	11556688	1
5923829	5923972	3
5656233	5656234	1
1351843	1351846	1
4835174	4835173	5
2272956	2272868	1
10027083	10027084	1
8060888	8060289	1
8198137	8198138	4
6127290	6120471	1
4813496	4812815	2
10478280	10436343	1
7482134	7482148	1
9653386	9653385	3
12612244	12612310	1
6335970	11195581	2
12430018	12469845	1
6142032	6140967	1
10976250	10976188	1
5876277	5876282	1
3144336	3142528	1
4527401	4527880	1
273867	273844	1
9524134	9524189	1
5448140	5227701	1
11208077	11208080	1
11290296	4714611	1
991138	1233128	1
396193	396526	1
6318754	6318997	3
5898937	5898938	2
10789211	10789219	2
8822935	8822948	1
1370676	1370536	1
7701064	7701063	1
7401827	7405415	2
9346938	9346937	3
6127974	6128189	1
4182382	4313340	1
7450096	7687006	1
8897449	8898298	2
2380321	2359895	1
11587687	11587688	2
4073638	4073637	1
8817938	8822882	1
3909425	3909603	1
10964430	10964427	1
6761941	6705081	1
7820201	7820202	2
2873550	2878820	1
10619232	10623951	1
302557	302558	1
8535226	2668440	1
5512843	5512878	1
3822685	3822738	1
9460785	9460786	1
2599065	2596895	1
9384472	9384471	3
10551537	10551538	2
1126332	1126334	1
2206509	2191948	1
3633641	3633633	1
1522207	1522208	1
7715652	7715623	1
10751923	1051838	1
9926442	9926450	1
11441	11444	2
8881795	3354307	1
10313610	10313609	2
1108991	1109047	1
3145558	3145617	1
5788500	5788855	1
11516009	11516022	1
3190336	3190352	1
936184	935941	1
9508630	9508629	1
8474820	8474819	1
8438507	8438508	2
11261754	11285317	1
12171417	11986607	1
12699105	12699088	1
6160773	6160444	1
6472695	6472696	1
12429694	12477733	2
9751196	9751200	1
5481341	5287752	1
1540091	1539899	1
9596569	9597543	2
10991717	10991718	1
8796951	8796952	1
6276341	7955890	1
181245	181246	1
5256419	5256042	2
4575890	4575803	1
583474	583505	1
1225702	981125	1
12207693	11995335	1
1249623	1249596	1
7117195	3947371	2
4044389	4044153	1
7049340	7049596	1
1661369	1661370	3
1765392	1765391	1
11051923	11051942	1
8891017	8921136	2
4609283	4609284	1
3390039	3390035	1
8546467	8546468	1
11697703	11697706	1
9385914	9385922	1
4917619	4917810	4
10078399	10078419	1
6369016	6368441	1
3507932	3507931	1
5816713	5817249	1
3884541	3885281	1
2105688	2256261	1
12207693	11995333	1
1160693	1159204	1
137302	137299	1
104628	104633	1
12308367	12308368	4
7149325	7149328	1
1519063	1519064	1
10738594	10738546	1
9757031	9757032	1
6017713	6017714	3
10666559	10666562	1
2239568	2219320	1
3423686	3423754	1
6053743	5695796	1
3941480	3941549	2
330250	330249	3
512652	512648	1
1576550	1576549	1
7200487	7200430	1
2951036	2950405	1
7350374	7350844	1
6482057	6482306	1
3924269	3924272	4
11175749	12466349	1
3129002	10235915	2
11405682	11405677	3
8558439	8558375	1
7797475	7797478	1
681782	681779	2
6109686	6109685	1
8043686	8043459	1
10735180	11789815	1
1354655	1354656	1
4057878	4057881	1
1530674	1108333	1
10902385	10903065	1
12438091	12540876	1
3202262	3202261	1
6440870	6440583	1
1914720	1914719	3
5702626	5702640	1
9599572	9601140	1
9470999	9483279	1
9541249	9541250	1
2323953	2378974	1
3089082	3072317	1
6610389	6610647	1
1498265	1498266	1
5149758	5149761	2
11427946	11428411	1
10474781	10474747	1
11274914	11276084	3
3880323	3880224	1
10615088	2672266	1
8983475	8983489	1
11914600	11914598	1
7910920	7910939	1
1865081	1864786	1
10419269	10419270	1
7540755	7540756	3
7254541	7254542	1
1693392	7267942	1
8860420	8860064	1
1989505	1989484	1
7294700	7296378	1
8192000	8191872	1
2895061	2888058	1
5160739	5160852	2
10182947	10182948	1
8198221	8188982	1
10713784	10713858	1
9993111	9993112	1
7605351	7976004	1
1413714	1413982	2
2080491	2080721	2
8366062	8302466	1
1570633	1570642	1
6831014	6832357	1
426076	426005	1
1583190	1583193	1
2979432	2974940	1
4169582	4169581	3
10053940	10053943	1
10419159	10419170	1
8448532	8448531	1
12717125	12717279	1
2548844	2548843	1
10154095	10154096	1
5848159	5835956	1
6069416	6069415	2
2338183	2342391	1
11771462	11771461	1
7287868	7287938	1
6423413	1284303	1
9515954	993696	1
2150093	2150098	1
8337384	6727520	1
7191592	7191591	3
586809	586805	1
7640696	7640721	1
8474836	8476777	1
3506688	3497077	1
12227000	11123866	1
10090323	5156955	1
594722	594721	3
12319291	11968355	1
3779233	3779236	1
53498	53502	1
6413466	6413465	2
6078630	6075671	1
10832671	11076349	1
4714509	4714511	1
7131064	7131063	1
10896084	10896018	1
10751435	10751448	1
11585970	11595514	1
4437019	11385887	1
4572957	4572958	1
3985329	3985349	2
5239459	5265719	1
6611406	6613661	1
3027617	3027618	3
6102581	3865028	1
10810899	10810900	1
10110109	10110162	1
10680278	10680191	1
5537274	5537206	2
6810101	6811183	1
4358378	4358373	1
10064911	10064922	1
6139714	6139713	2
634849	634838	1
9174723	9174728	1
4649008	4649095	1
2269921	2269922	1
110768	110767	2
8470486	8470485	4
3081322	3073250	1
2576959	2582785	1
1860086	1859817	1
3512213	3512234	1
3620302	3620301	1
9781891	9779891	1
9089850	8845917	1
6916804	7581174	1
7384123	8975144	1
8552771	8410575	1
6066265	6066261	1
873733	873734	1
3745017	3742873	1
11476846	11476868	1
9891177	9891178	1
3019024	3019013	1
11172856	11172855	1
1232134	1232578	3
1358514	1534494	1
5543075	5542972	2
10450943	10451011	1
7024707	7024537	1
3960282	3960322	2
1963288	1963287	1
6696981	6697167	1
12785183	12785184	2
1975079	1975080	1
5507237	5508903	1
11561742	11561716	1
1974679	1974714	1
9249510	9248070	1
9131194	9131191	3
8375250	8375292	3
7777036	7777035	1
12657273	12656742	1
4586438	4586437	3
4671025	4671026	1
8178104	8180765	4
7824931	7824935	1
5272810	5272747	2
9988239	9990764	1
10377072	10377055	1
1413716	1413715	2
3924278	3924150	1
335095	335392	1
2778315	2778316	1
9297839	9297873	1
11873478	11873477	1
8190675	8190676	2
10738927	10738930	1
6603276	6603851	1
7006933	7023172	1
333407	333311	2
3063019	3062919	1
3671771	10185947	1
11132581	11132582	1
11088288	11088276	1
11417885	11412416	1
976864	3571960	1
4714376	4714466	1
4549041	4549762	1
6482903	6540904	1
3803094	3803093	2
3318676	3318675	1
938812	939600	1
11208081	11208014	1
11458143	11458224	2
5816750	5816749	1
4664981	4663644	1
4594199	4594200	1
11730723	11730690	1
7901251	7901057	1
7813284	7813283	1
11278402	11278369	1
12020260	12020257	2
2162122	2175094	1
7686097	7686073	1
2003799	2002897	1
7655905	7655882	1
7611903	7614876	1
5976428	5975026	1
588966	588965	1
10657010	9819139	1
5807463	5632508	1
8231024	1995306	1
1141274	1142290	1
4645354	4645316	1
10041282	10041206	1
198411	199998	1
6812794	6812793	1
5278405	5278452	1
7703818	7703816	2
80408	348499	1
10324189	10313611	3
11481558	4694772	1
6165891	6170872	1
6888616	6888659	2
10466941	10466942	4
8215474	8207932	3
3131292	3131291	1
2816826	2817121	2
11164285	11155845	1
2396229	2396230	1
4736513	4752096	1
10214199	10214200	1
910631	910648	1
1797908	6547739	1
2776224	2777599	1
9046978	9034522	1
6146260	6146536	1
5810471	5808145	1
4619322	4619330	1
1115307	1115310	1
2450375	2450277	1
6192400	6192399	1
4609924	4609923	1
2012637	2319079	1
10479973	10479971	1
9757162	9757184	1
1298168	1298167	2
2105692	2105689	1
3661671	3661672	1
3277120	3277250	1
10753549	10753617	1
1644873	1644875	1
7352911	7352788	2
11604413	11604414	1
4544345	4685255	1
8441727	8441701	1
6709923	6709924	1
5000475	5000476	4
3956760	3956759	1
2185082	8273377	1
8399155	8399156	1
9505804	9505894	1
6799968	6800280	1
3490005	5915445	1
6017392	6017389	1
9740051	9740071	1
1884107	1884371	1
9736007	9736008	1
10037202	10059955	1
6504885	6504894	1
11145831	11146432	1
12552665	12552608	1
852203	851363	1
12300511	12300512	2
1253	1274	1
5978313	6016842	1
1514256	1514255	2
7186124	7186206	1
2833203	2833225	1
5613706	5613703	1
4724282	4724254	1
9922660	9922655	1
5014481	5014459	1
7446237	7446240	1
9516201	9516202	1
11184313	10807176	1
6166926	6166925	2
3942119	3941970	1
8699153	8699159	1
6739006	6739005	1
3534250	3534339	1
5613225	5612815	1
9979791	5545336	1
420908	420904	1
11622573	11622574	1
6778356	6778355	1
6512395	6512410	1
1240885	1240808	3
7868244	9788763	1
12050959	12050966	1
3829693	3829694	1
12537253	12537256	1
11668589	3927079	1
8524800	8524767	3
9761782	9753071	1
7389102	4977523	1
6199939	6199940	3
1745033	1741989	3
11277499	11277536	1
7686767	7686866	1
8177022	8177037	1
5708490	3290440	2
4801250	4801253	1
4987610	8590108	1
11909241	11753285	1
2227675	2227676	1
7008473	7388161	1
11848675	11858909	1
7256316	7264348	1
5989253	6138984	1
332873	242879	1
5270155	5104509	2
5641846	5814449	1
9242160	9242996	2
8020878	8020881	1
9851949	7373890	1
7428580	7428514	1
6578130	6578437	1
10066454	10066910	1
1311050	1404437	1
3734879	3722199	1
7720839	7723093	1
7882658	7882591	1
1050383	1050897	1
8698407	8698410	1
7925572	6901133	2
11271667	11271686	1
1358035	1357836	1
8726550	8726346	1
3294847	3296092	1
10017545	10017949	1
8981224	8982143	1
1731251	1690672	2
10793019	10793020	1
11556969	11556970	1
11622575	11622576	1
5884507	5884505	1
2858836	2858833	1
9037926	9037924	1
7724804	7724803	1
372325	392019	1
3991016	3990591	1
6073024	6073023	3
9984318	9984348	1
7032031	10644716	1
3688258	3688705	1
599498	629079	1
11701371	11702316	2
4936630	4936646	2
7749595	7749596	1
5339926	5339925	3
5707640	5707643	1
1741791	1741792	1
11583640	11583625	1
9798877	9798672	2
5732056	5728852	1
8187390	8193504	1
4106116	3740130	1
10608494	10608500	1
5322219	5322220	1
8898299	8898300	1
1843712	1873762	1
11126204	11126203	1
11967097	5629785	1
4438347	2715976	1
11404740	11404739	2
7875102	7875083	1
10769714	10770135	1
36863	36911	2
6983992	6983972	1
10182893	10182959	1
12576385	12576394	3
3141287	8759867	2
711325	711329	1
7781575	7781589	1
985391	985392	2
8918953	8918964	2
1338117	1347235	1
2282810	2282809	1
3419994	3420009	1
6798214	6762971	1
1435945	1435946	1
823604	826564	1
2558291	2558314	1
9009203	9009431	1
4111130	4111133	1
1968237	1968329	1
4295531	4295532	2
2274657	5651449	1
9517136	9517133	1
11651584	11651583	2
5854638	5832856	1
11877998	11877995	1
6324003	6323913	1
5238275	5267473	1
12300937	12300340	1
2581530	8589962	1
1855086	1855152	1
1468175	1468178	1
4433348	4246452	1
10455259	10455260	2
10098209	10100165	1
7621907	7621908	2
8535612	8536255	1
8470484	8468671	4
2168316	2168315	1
649105	649522	1
174574	174852	3
4531978	4531977	1
10730535	10730536	1
5566473	5566474	1
1243226	1243225	1
3590873	3616413	2
11286574	11286567	1
7831933	7831816	1
2801156	2801155	2
7433391	7433392	3
6213051	6213065	2
10211478	10211468	1
9373274	9373273	1
4853697	4853717	1
6642473	6642474	1
6025138	6025135	1
1177222	1177221	3
10082213	279582	1
8702130	8702129	1
5655843	5655844	2
11595981	11620560	1
7049600	7050060	1
9417949	7378097	1
9879140	9879150	1
3730456	3730235	1
11499629	11499638	1
3985167	3985170	1
9117179	9118543	1
5526041	5526021	1
5441974	5441973	1
6457607	6457610	1
772502	772475	1
11635477	11635467	1
3068771	3068772	1
3923747	3923351	1
3833466	3833508	1
7446249	7446250	2
11106261	11106255	4
9241830	9242707	1
7977459	7977439	1
6366083	6366084	2
6089448	6088214	1
6313744	6316808	1
11395424	11395421	2
11582345	11582391	1
9525305	9525306	1
2606820	2606813	2
10699138	10699135	2
2299570	2052189	2
9291531	12005625	1
6615764	6615763	1
8877824	8839610	1
950718	950963	2
9832446	9832419	1
11358623	11358624	1
10934261	10934262	2
6134294	6138176	1
7398592	7393765	2
8494587	8496577	1
9485576	9485575	3
979942	979992	1
1508027	1515986	1
1298166	1298165	2
8198247	8199671	1
5590392	4875979	2
7659762	7563666	1
10171727	10171686	1
3483996	3488387	2
614248	614531	3
7720069	4284015	1
4060870	4060869	1
5907003	5907006	1
7669798	7671280	1
6117373	6117377	1
6456057	6462878	3
3630159	3784268	2
11192464	11192463	1
210919	153051	1
6568592	6568591	1
12728537	12728538	1
3148282	3148281	1
1714929	1714942	1
5454559	5454560	1
11302634	11306444	1
1356814	1356811	2
2578952	2578946	1
1346826	1212231	1
6070775	6070780	1
11853782	11853775	1
3632742	3632727	1
3203447	3203448	1
3652121	3654109	1
527562	527561	1
9874263	9872091	1
1335426	1335492	1
10777455	10777485	1
10896219	10895809	1
10498760	10504140	1
11788674	11788673	2
12204616	12221447	1
8578917	8578918	2
4240117	4240799	2
7084437	7084438	1
280341	280289	1
1542783	1542784	1
3248504	3248501	1
9377856	9377885	1
2710390	2710389	2
5632260	5632259	1
9935389	9935383	1
11366302	11366394	2
6135974	6138658	1
894084	894114	1
654214	654190	1
3525246	3525200	1
910733	896628	1
9004585	9004576	1
2953999	2954000	1
4700152	4701634	1
784298	784297	2
4795896	4795815	1
10750432	10750480	1
2147433	2148893	1
10647706	10647705	1
4114263	4114264	1
1861504	1856473	2
10452482	10452433	1
5263642	5263730	1
2705937	2705938	2
8174967	8174968	3
3890020	3890019	1
1104825	1104869	1
977029	977069	1
10424271	10424267	1
1445690	1445611	1
5645137	5645133	1
9126480	9126479	1
7595705	7595677	1
7121139	7123753	1
7374362	7374361	1
1077610	1077607	1
3304289	3304290	1
4070810	4070809	2
10393596	10393480	1
11086683	11086696	3
431222	372647	1
3973135	3973185	1
2950527	2950528	1
2440237	2440238	3
110776	110767	2
8646605	8646567	1
9392169	9392170	1
640308	640311	1
3676485	7191217	1
6881795	6881796	1
3149050	3149056	1
268755	268756	3
1575545	7181912	2
10197997	10197998	1
4768310	4768307	1
6478292	6278222	2
9438468	9382293	1
5314567	5314568	1
7433393	7433394	4
1168043	1168044	1
7111769	7111770	2
6590092	6590294	1
9589860	9589774	1
10930179	10930141	1
542955	542956	1
6192762	6192562	1
402844	824877	1
9689840	9689810	1
4724255	4724256	1
3757021	3797261	1
1748138	1749588	1
11608127	11608128	2
10376163	10380608	2
12717208	12717207	2
1284	1240	1
1858150	1861401	1
9507273	9507274	1
1510254	1509608	1
5007691	5007692	3
4797077	4797078	1
2048000	2038492	1
9163505	9078833	2
7977891	7977892	1
5633830	5633829	1
6728793	6728794	1
674836	356070	1
7550885	7550886	4
3239572	5271109	1
4538728	4538694	2
12678914	12694356	1
11120399	11120400	1
4110531	4110224	1
3517311	3637815	2
10058650	10058585	1
1055666	1151160	1
6529544	1393466	2
10779938	10779937	2
5202305	5202320	1
7805243	7805244	3
12693002	12691905	2
1877097	1877174	1
5555334	5553516	1
6563598	6560051	1
7379348	9787903	1
5289968	5289970	1
8438509	8438510	2
5152092	5152091	3
12317538	12317552	1
2940499	2995860	1
1967254	6803130	1
5383454	5383453	1
10641951	10641871	1
11519132	11519119	1
785756	785755	1
4456171	4456172	3
9385916	9385915	1
4614112	4556931	1
136392	128369	1
9128779	9128780	2
11043652	11043464	1
828687	828688	1
7930992	7931896	1
4580220	4601450	1
12664212	12664205	1
1154763	1154693	1
8762785	8705369	1
6310640	6310763	1
5869564	5869561	1
11296333	11295364	2
9977343	9974370	1
4608831	4608832	1
6072085	6069431	1
2645464	2645463	1
10903107	10903108	1
2952773	2952125	1
11784359	11784360	1
621621	621622	1
10283431	10283432	1
11669434	11669417	1
9810721	9810328	2
10084236	10083671	1
5246557	5246202	3
11833332	11833331	1
1934106	1934105	2
5208481	5211018	1
1494488	1494487	2
11516743	11516757	1
6491744	6491743	1
2004883	2004974	1
2282320	2282330	3
2899139	2899142	3
12177737	12167427	1
809616	809615	2
6980947	6980948	1
2672932	2672931	1
10838286	10838285	3
7775156	7774581	1
5927208	5927121	1
6011954	6005576	1
10367047	3253102	1
8565211	8565212	1
3410082	3410079	1
2145761	2145762	1
1751065	10879732	1
7853882	7853538	1
351769	351772	1
9710921	9710965	2
8264570	8264569	1
9469619	9469645	1
10980986	10980985	1
5148424	5415714	1
9575600	9575597	1
5809553	5809556	3
4413826	4157536	1
12367142	12367488	1
6135976	6135975	1
12747859	12724748	1
2166414	2208195	2
10912560	10912577	1
12574141	12574124	1
11598408	11600238	1
7870845	7870846	1
1482871	6784999	2
6780741	6769026	1
2249940	2250218	2
2314183	2314200	1
8451476	8451475	2
7354946	7302093	1
12682595	12682598	1
7138110	7138353	1
6752357	6751671	2
1262209	1118508	1
9516775	9517057	1
8838248	8838247	1
2230110	2232560	1
9344034	9344064	1
1729532	1729531	1
1635262	1637234	1
11593249	11593241	1
5973187	5973188	1
10691828	10691827	1
11293485	11293486	1
10453873	1206620	1
12343166	12342253	1
6688572	6688559	1
7032346	7032356	1
404454	406835	1
4743745	4743746	2
5952766	5951970	1
6121568	6121598	1
9351032	9351031	3
7081171	7081115	1
6664813	6664816	1
2697521	2694529	1
10858566	10859109	1
1767598	1749945	1
7884323	7884366	1
10331314	10331135	1
2494256	2494326	1
4119061	279178	1
11581393	11581394	1
238017	122360	2
6843117	6843080	1
11906490	11906430	1
2396909	2396840	1
8438284	8438384	1
7065182	7065516	1
1440913	1441245	1
1117383	1110823	1
5601790	5601799	1
833524	833523	1
7251246	7251224	1
11120397	11120400	1
2074052	2074073	3
2324156	2187568	1
2705139	2745018	2
983681	983682	4
4587737	4588015	1
10088523	10086521	1
10978460	10978457	1
8514979	8613975	1
1186566	1186569	1
10111724	10111723	1
3907343	4009196	1
6507874	6507548	1
5720105	5720112	1
10548680	10548679	1
11867899	11923041	1
3371637	4577396	1
7309790	1721686	1
7452776	7452778	1
12786593	12649976	1
3620006	3620003	1
2852892	2852891	1
8471761	8471762	2
4480591	4480549	2
2437907	2436740	1
403998	403833	1
7466267	5053610	1
12509861	12509562	1
11867421	11867424	1
1354653	1354654	2
6127622	6127825	1
4776229	4776232	1
7924777	7924839	1
95309	95317	1
3697078	3697077	2
2739621	2771207	1
11333490	3208804	1
2191872	2186433	1
6552205	6549227	1
6584148	6584137	1
4369651	4369635	1
9113851	9113852	1
3033159	3033168	1
6226369	6226370	1
5399579	5263592	1
12501206	12501184	1
4356060	4356042	1
1694675	1694741	1
8958294	8958291	1
4557345	4557346	3
2191915	2191916	1
3747414	3747429	1
1828620	1826360	1
950722	950721	1
6606180	6606158	2
2993021	2856344	1
7934104	7934103	1
4002997	4003306	1
5856583	5856514	1
5380327	5095804	1
11800727	11800702	2
1224852	1224865	1
10346461	10353189	1
5075570	5075569	2
6380146	6380113	2
4381705	4381706	1
6465926	1759662	2
4802416	4802140	1
12184159	12184129	1
3984423	3984391	7
11920360	11920389	1
11584697	11584698	1
10847265	10847266	3
27961	26994	1
6594753	4986370	1
946841	946718	2
6953419	3515350	1
1299645	1299646	1
11942135	11942136	1
11538805	11587978	1
6694034	6569936	1
9682965	9682968	1
10148616	10148596	1
12806614	12806995	2
4300615	4300645	1
4312833	4390415	1
1232842	1232835	1
9092622	9094710	2
5822415	5822416	2
11383255	11383256	1
11089970	11091147	1
1114788	1114809	2
2683657	2694894	1
6079660	6075989	1
5412251	5411618	1
3387206	3387205	1
2962395	2962396	1
9243987	7174747	1
9057046	9058224	1
7186111	7186274	1
9476607	9476858	2
8494937	8494938	1
3865106	3865159	1
11991086	12197948	1
647755	587188	1
4732871	4732659	1
3858638	3858637	1
6996655	6996656	1
209111	209112	1
8577081	8577082	1
3327051	3327058	1
9054987	9078089	2
8560181	8437976	2
7459542	7460535	1
3744397	3743998	1
12614259	12614260	1
10196431	10196314	2
6222934	6222946	1
9304591	9298744	2
11158988	12177698	1
11004179	11031351	2
7232558	7232557	1
11438121	11438203	1
7215437	5093999	1
2835347	2841733	1
6158112	6158127	1
9273011	9272935	1
5622093	5622094	2
1324356	1324353	1
6683003	6683039	1
6269452	6271710	3
10770281	10770282	1
10696767	10696762	1
3431404	3431401	3
4276768	4276792	1
161211	161214	1
1575060	1575080	1
9593402	9601128	1
5133494	5135767	1
2239570	2219320	1
2019763	1988267	1
7586191	7586895	1
10323877	10323894	1
10697858	10697857	2
51298	50277	2
3149606	3149582	1
8228106	8229064	2
3488852	3488889	1
8303809	8303802	2
2706050	2705936	1
10279943	10279944	1
6795438	6795461	1
11605215	11562033	1
882525	882528	1
9327972	9327971	3
10999884	10999877	1
3513814	3514047	1
7967370	7967409	1
9452218	9351942	1
5898939	5907440	1
11715902	11717228	1
6978167	6978170	1
10645284	10645334	1
1731049	1731268	1
2293239	2162019	1
9510721	9510722	1
7521744	7679149	1
10046147	10045917	1
91280	92994	1
12185989	12154550	1
10815015	10815016	2
5858698	5858752	1
5901512	5901511	2
7464434	7472067	1
7142576	7142575	3
12767928	12767915	1
9614302	9614219	1
12155429	12202019	1
7623116	7675921	1
3242825	3238986	1
627676	607218	2
6090451	6090573	1
4757313	4757052	1
6030993	6030994	1
1962659	1962423	3
3040377	3040378	1
9604606	9605180	1
10194586	8014491	1
6126645	6125972	1
7648316	9238754	1
3876934	3878518	1
110778	110777	3
7877104	7877204	1
4673512	4736464	1
5993944	5993943	1
9597835	9597733	2
8759866	8759865	2
6353791	6353824	1
7269032	7269031	2
11105886	11536177	1
1372867	6565521	1
742295	742296	1
2831595	2831597	2
5482822	5482982	1
8918343	8918344	3
6522246	6522262	1
564914	564871	1
973101	973007	1
12006466	12006500	1
1655690	1655687	2
2876706	2876724	3
11758342	11858291	2
5010432	5010421	2
1094740	1095181	2
418180	418179	1
2177233	2177236	1
10279487	10279488	1
11968566	11968565	3
1174040	1174038	2
2006800	2006799	1
11327154	11327134	1
4446373	4446266	1
6361067	6361068	1
5715139	5715338	2
7771844	7771847	1
5667127	5667128	2
1040195	1040196	1
4070426	4070621	1
4638991	4638992	2
8560436	8560420	1
9683611	9683603	1
2415852	2415855	1
12391327	12391353	2
6719888	6658992	1
3440959	3443359	1
349762	349747	3
7039996	7037056	1
2285111	2051252	1
10105822	10105737	1
7526678	7526572	2
12523319	12523315	1
4746685	3346284	2
1076946	1076951	1
10799764	10798829	1
894063	893749	1
7551890	7551915	1
8398738	8398737	1
11158939	12173915	1
4818827	4818828	2
1829233	1829224	1
8614224	8393465	1
3537479	3537313	1
1069593	1070138	1
5565868	5565867	2
10195624	10195623	2
4571235	4571238	1
5236740	5236739	2
4609348	4609351	1
7823546	7822025	1
243436	99730	1
4381502	4381965	2
5510054	5274664	1
2666086	2666051	2
6019580	6019579	1
6125278	6125275	1
12225153	12225903	1
3996154	6277467	2
8492826	8492825	1
7851254	7851253	2
12757850	12757849	1
9056660	9060558	1
6421627	6421628	1
10017974	10019171	1
460927	1294611	1
6479042	6479045	1
1079935	1069811	1
10732569	10733773	2
5149625	5149626	1
618023	618844	3
2351785	2351790	1
6812122	6812121	1
225262	225261	1
8249899	8259048	1
11439626	11439860	1
6210900	6210899	2
6176608	6177321	1
6161624	6161623	1
4119132	4119110	1
2131808	2131811	1
6134536	6134364	1
11784077	11786420	3
12012494	12012907	1
5009190	5009189	1
10615523	10621386	1
5600660	5600048	1
4743661	4743662	1
2589723	2592592	1
9390412	9390411	2
6731102	8977344	1
8208020	8214842	2
8329948	8329214	1
3047494	3047497	1
11070912	11068348	1
1531937	1531724	2
3057240	3058619	1
8169053	8168650	1
3149655	3388710	1
4017903	4017904	1
2414600	2414599	4
4150631	4152346	1
10289017	10289510	1
3253926	10755018	1
8251494	12635827	1
1617995	1617996	1
10298718	10299292	1
10914396	3352101	1
5818634	6180958	2
4526741	4526749	1
9908257	9888478	2
6849790	6849789	2
9957761	9957762	1
1612466	1612465	1
4438612	4438595	1
8917152	9144243	1
6892382	6890967	1
4272583	4272564	3
10510765	10510766	1
6711015	6710784	1
6709679	6709680	1
2211641	2216863	1
5647630	5641150	2
4820549	4820550	1
7346836	7335479	1
5800677	5800607	1
11171697	11171700	1
5697955	5704257	1
7708023	7707786	1
2909731	2909629	1
161931	161934	3
6103732	6103729	1
8510381	5235143	1
3353941	3353942	1
927715	927301	1
10920390	10920389	3
6426562	6425578	1
10915892	10915889	2
2468513	2527866	2
5234308	5233866	2
1362274	1362290	1
5098756	5098762	1
5307325	5307326	2
3781029	3775507	2
11494837	11494840	1
3984421	3984422	6
5360530	5360527	1
2372355	2376199	1
2794115	2656108	1
208663	215115	1
11719515	11719516	1
2837109	2837110	1
6224501	12796347	1
1185146	1185207	1
3773144	5941750	1
5876283	5876284	2
10528698	10529184	1
7996081	7996084	1
3589467	3589468	1
1288846	1288868	1
5709233	5709401	1
9721410	9721445	1
10173026	10173050	1
6066127	6066128	2
11141468	11144678	1
10369364	10369361	2
5695558	5695557	1
5819729	5821874	2
3462092	3463624	2
361671	361746	1
6719750	6718084	1
5290351	5307709	2
612264	271240	1
1134061	1133469	1
7065079	7066128	1
6733752	7055915	1
2969264	2969287	1
12376792	12354520	1
4954842	4954841	2
2425304	2573462	2
3809516	3809515	1
11269633	4603257	1
3976440	3975996	2
2638900	2638899	1
5765821	12813892	1
3500803	3500310	3
3567906	3567954	4
4273526	4273529	1
11581228	11508980	3
73120	73119	2
1507455	1504769	1
5378643	5378335	1
7349310	7349412	1
8230414	8230413	1
3709841	3709696	1
8825053	9104367	1
961135	961230	1
3211292	3210513	1
2066390	2066386	1
4289746	4289802	1
9198217	9198218	1
224130	224071	2
364236	364394	1
3703924	3703923	2
8613372	8616576	1
967035	967038	1
1454048	1454045	1
6316738	6316495	1
4399309	4399381	1
7313558	7312294	1
3321376	3321379	1
11784177	11786304	1
7412425	7412426	1
5280059	5280060	1
3192304	3192351	1
5890372	5882665	1
446779	446780	1
12425861	12425568	2
10915851	10915854	1
3591479	3591480	2
11920778	11920791	1
6610241	6613429	1
6224494	6224480	1
6379554	6377833	3
4568692	4566881	1
431191	434013	1
4603272	4603422	1
5537270	5537206	1
5650790	5869780	1
8020323	8020276	1
4065663	4065580	1
5219653	5219654	2
8369802	62254	1
5950394	5950468	1
7222923	7222924	1
6942493	6942494	1
3778967	3779104	1
6317038	6317032	1
2962389	2962390	1
7740924	7742163	2
5644636	5641673	1
8783527	8783530	1
11139547	11139440	2
3329429	3329430	1
5481911	5481857	1
2643875	2893550	2
9432236	9432259	2
9287027	9287006	1
6211959	6211889	1
126051	126186	1
8496101	8497604	1
3274367	3274368	1
3129680	3130133	1
1408918	1411934	2
513595	513581	1
1827109	1827112	1
10279679	10279707	1
4037283	6344603	1
9295051	9295056	3
461469	462359	1
1703588	1703587	1
7074619	2902655	1
10871403	10871414	1
6530231	6865956	1
161933	161934	1
6868331	6869192	1
11680795	11680796	1
6237082	6237079	3
4188478	4186156	1
1418777	1418778	2
8110341	8110963	1
8646746	8646563	1
4904625	4904551	1
6737359	6737217	1
4737824	4737434	1
7941314	7939360	2
1174070	1183940	1
5450391	4701343	2
248874	248873	1
7147500	6832626	1
12129666	12129663	1
9093816	9093819	1
11285490	11290962	1
6115735	6115736	1
3322159	3322194	1
3557014	3557071	1
3703988	3703985	1
598578	588128	2
3964715	3964767	1
3296844	3296843	1
3394528	3394527	2
2351021	2350961	2
8823089	8824806	3
3199287	3199402	2
12721354	10367525	1
10282010	10282030	1
6852202	6851738	1
3923455	3930056	1
8281713	1469523	1
7446374	7446367	1
2747192	2747847	2
9773314	7864053	1
8972235	8972238	1
3500889	3500883	1
438186	778876	1
1071088	1390285	1
7975516	7975511	1
10789650	10789649	1
9488368	9488363	1
6487289	6487290	1
1193105	1328799	1
10014075	10037565	1
2413425	2413426	2
1168413	1174499	2
3704180	3704177	2
147160	147172	2
11652799	3169917	1
8390101	8389872	1
102427	102428	1
5060064	5060027	1
451211	451212	2
12555705	12557152	1
6103552	6103733	1
7119848	7119845	1
7173604	7173603	1
7328042	3879100	1
3594409	3594410	1
3516761	3516627	1
6066129	6066712	3
1484438	1514217	1
11992314	11992313	1
12772708	12772707	1
2061106	2061098	1
2007170	2007197	1
1658693	1602573	1
427152	3144019	1
7561638	7561712	2
8812644	8811817	1
3894830	3894468	1
2896431	2896411	1
9516994	9516993	2
3534825	3547170	1
7273167	9419448	1
9439219	9439220	1
4775869	4775870	4
12018232	12018677	1
292333	292334	1
822330	821238	1
3902513	3902516	1
10316465	10316446	1
12728145	12728302	1
10042203	1741708	1
5428338	10744291	2
12630053	12630045	1
8784491	8784591	1
4794070	4672174	3
3648886	3648330	1
197867	197868	1
1264839	1264840	1
10853382	10853215	1
3423837	3423878	1
7407296	7407257	2
10182325	10182326	1
5567265	5567802	1
7042021	7041977	2
8207385	8194261	1
1757194	1766167	1
1018232	1018120	1
3938621	3938622	1
3283582	3283579	2
7283140	7284922	1
4343103	7717787	1
3902517	3902518	1
3953753	3953636	1
4665507	4665508	1
9033943	9033944	1
2925659	2925660	1
11474919	11467668	1
413396	413395	2
5675395	5675390	1
4593528	4593641	1
1106769	1106772	1
5301970	5308516	1
4042555	4042558	1
7621909	7621910	1
9435435	9543709	1
2582008	2582142	1
9909917	9909918	1
3244814	3364009	1
6614006	6614003	2
1208032	1208031	2
6269450	6271710	2
1031836	1024027	1
8554345	8554346	2
6559733	6559729	1
12225814	12225834	1
5492719	5492720	2
10328272	10328271	1
3650929	3644560	1
9476366	4370438	1
5530444	5531881	1
11140391	11140392	1
10425316	10425315	1
9810719	9810720	2
8764176	8764173	1
2458315	2453926	1
6789753	6789758	1
1753306	1753340	1
7148057	7148821	1
2897430	10397056	1
12244833	12244834	1
6973895	6973404	1
8231633	11828411	1
3441083	3441084	1
2027812	1979824	3
10354556	10744292	1
5094875	5094872	1
9297839	9297871	1
7966233	7966217	1
3632126	3815407	1
8275833	8275834	3
5334737	5334769	1
5653488	5653487	1
6786638	6786814	1
645711	644826	1
8349174	8352488	1
608920	608922	1
446777	446778	1
1326346	1326327	2
2080485	2067568	2
11383253	11383254	1
11648660	11652761	1
11606574	11606573	2
137531	74406	1
7730604	7730603	2
269533	269836	1
1568482	1568481	1
11562615	11562590	1
2277577	2277635	1
2295296	2295295	1
12501185	12501186	1
5661467	5661486	1
9285464	9394287	1
602910	602854	2
9124390	8975025	1
5613638	5613637	1
7785119	7631851	1
1188176	1188134	2
10358029	10358068	1
9021744	9021743	1
5222458	5222445	1
736246	736245	2
4266706	4266897	1
3215755	3205739	4
10191934	7916446	4
6556222	6556196	1
4005845	4005848	4
11295570	11295569	1
4190355	4442291	1
9522282	9522265	1
1781193	1781194	1
9056317	9054745	1
645814	646701	1
11663402	11663530	1
1202449	1170468	1
892212	892211	2
12674201	12674709	1
5041672	5041684	1
12481099	12454352	2
6777482	5229470	1
6102038	6102013	1
11078307	11081878	1
2619579	2546357	1
6852622	6852621	1
3756227	3756196	1
10167261	10166967	1
7498474	7496331	1
1696479	1696480	1
9835426	10218042	1
7584801	7584780	1
888835	888460	1
2961615	2962715	1
4416057	4416079	2
2898336	2898335	1
5534198	5534234	1
3913185	3913174	1
6432835	6432836	3
3525228	3525250	1
6070518	6070506	1
2489290	2489289	3
5993944	5993941	1
10908385	10906845	1
3822198	3822197	2
8867316	8867116	1
3368508	3368507	1
5239349	5239352	1
7446450	7446447	1
8550164	5605435	1
2539932	2540529	1
3949761	3949764	2
2551033	2551036	2
12017904	12005593	1
2875584	2873407	1
439839	439931	1
9576727	9576728	1
9536646	11889861	1
10900548	10900533	1
7941657	7919442	1
12053294	12375386	1
5570897	5571463	1
11483675	11483463	1
6567597	6567618	1
8858755	8858756	1
9194265	9193888	1
11818677	11818678	1
1988112	1988087	1
5538002	6742843	1
11912660	11912640	1
7885080	7885079	2
8390224	8390223	1
9515337	1663610	1
3626418	3626417	1
5247920	5247919	1
10357541	10357734	2
5124177	5109465	3
5248068	5239764	1
2618943	2618944	1
1244241	1247336	1
1233853	1233854	1
12196783	12196784	2
7258249	7258252	1
4854763	4854734	1
8173992	8173991	1
3673754	3673753	1
3012260	3012259	1
10096905	10096919	1
9776538	9776580	1
12033025	12033026	2
10094522	10092424	1
9928502	9928501	1
9974371	9974372	1
10053958	10054376	1
3903173	3903178	1
5596540	5596548	2
10575311	10575312	1
5927150	5927042	1
5606974	5606977	2
506988	506968	1
12055923	12056041	2
10766355	10766356	1
8175730	8175727	1
1337888	1344192	1
8925159	8925185	3
11752405	11749023	1
3985338	11663804	1
2466733	2466734	2
3539609	3539613	1
9515954	9515953	2
10912676	10912675	1
1839044	1839048	1
916452	5257745	1
916380	916337	1
8778373	8707600	1
8035275	10384516	1
7903682	7903681	1
8014492	8014491	2
9704395	9703962	1
7498141	7529187	1
2198961	2049106	1
3328468	5734447	1
891700	891290	3
2895601	2895547	1
8779742	8779203	1
5601882	5601824	1
2702596	2702595	2
5539409	5207240	1
7065066	7065080	1
10723578	10723593	1
9676005	9676010	1
10613466	10586972	1
7200004	7200003	2
4533479	4533508	2
5753544	5808015	1
1398516	1398515	2
12799699	12799700	1
4025575	4025683	2
10897836	10911644	1
7283962	7283938	1
5924260	5924802	1
5240521	5240524	1
2617569	2616832	2
329857	556575	1
871000	869928	1
1098803	1098824	1
7294934	7294933	1
7150109	7146728	1
9436702	9546048	2
9760685	9760530	1
5113368	5113367	2
9516061	9516062	3
126049	126186	1
2584517	2572915	1
5537587	5537585	1
8365437	8352855	1
4266850	4266853	1
3241948	3240037	1
9868391	10520479	1
3476403	4070181	1
7844179	7844249	1
9628573	9628574	1
3431513	3431521	2
10119739	10119723	1
1776257	1776258	1
672747	672340	1
9711458	9711457	1
5557494	5557493	1
10532598	9969562	1
11933331	11933484	3
10122965	10122975	1
9465	9468	1
7174774	7174815	3
3070733	3066357	1
8903133	8903136	1
5216007	5215580	2
4067004	4067003	1
12328715	12343213	2
5084019	5084020	1
4559940	4560395	2
8589521	8588642	1
10714183	10714184	1
7837602	7837787	1
11892250	11892249	1
9601207	9620093	1
9995109	9993425	1
1691858	6801783	1
2327384	2327363	1
8399331	8399415	1
9624703	9624671	1
318104	318661	1
11689694	11689820	1
10707518	10709361	1
10888521	10888522	2
5474061	5474062	1
4056296	4054832	5
7956860	7956735	1
7601429	7601420	1
2144250	2144218	1
11504737	11504784	1
11910512	11910980	2
8878530	8904744	1
11094218	8212132	1
6731941	6731524	1
9683650	9684754	2
11338115	11337921	2
8651650	8651649	4
4717259	11335393	1
6847906	6847903	1
7276395	5226322	1
4548854	4474537	1
657367	657368	2
10751449	10751450	1
4210454	4210453	2
11852124	11852123	2
11164984	11166927	1
4582608	4580911	1
3969410	3969681	1
7633803	7636888	4
11912346	11903533	1
7050151	7423366	1
11190407	11190408	1
5048484	5048483	1
7479839	7479840	1
9249347	9256554	1
6391010	6391100	2
6985172	6984085	1
10485524	10485503	1
2439616	2439615	3
7775642	7775635	4
7168725	3421317	1
7609615	7610536	1
11247558	11247591	1
293025	303429	1
8161242	8162298	1
12631957	8301280	1
4302284	4302254	2
5833377	12518025	1
8876788	8876865	1
6780689	5215853	1
773357	773365	1
8398322	8397899	1
2467651	2468158	2
5795086	5795083	1
6966368	6966321	1
10317678	10317677	1
3318002	3317998	1
700793	558601	1
4481458	4555991	1
9965315	9965075	1
10262413	10262414	1
7357125	7357126	2
4407801	4392303	1
7190797	3676484	1
6574677	6576600	1
1179880	1179879	1
5764603	5802331	1
3800623	3800624	2
4879700	4879699	3
5095557	5095326	3
7178791	1093531	1
6884671	6944367	1
2348414	2350812	1
107240	110822	2
8569925	8569926	2
1203526	1203476	1
444728	444602	1
11906453	11906472	1
2909630	2909629	1
5725693	5725694	3
3437353	3445465	1
3570655	3810849	1
4500662	4500031	1
8351574	8351545	1
4024118	4024176	1
3746580	3746590	1
5673849	5673850	2
3930475	3930476	1
5817110	5819172	1
3000773	3000963	1
257865	95570	2
4715597	4715526	1
882840	941753	1
5363882	5363881	1
7981766	4807649	1
9565778	9565777	1
3893231	3866808	1
157062	157150	1
3055105	3056113	1
3889328	3889327	1
377966	377965	1
3409583	3409584	2
1574029	1828464	1
8542315	8415490	1
3527727	3527446	1
10995083	10995398	1
4116930	4116929	1
2454685	5848805	1
6652623	6359394	1
11871329	11871330	3
8768450	8768449	1
9556326	9556316	1
6090612	6090632	1
660218	660353	2
5823830	5824492	1
4563336	4563343	2
11481502	11481632	1
2393682	2322512	1
9724665	9724586	1
8178106	8178105	4
8968752	8968660	1
1980537	1980658	2
8796129	8796227	2
11152265	11152305	1
10094514	10094841	1
4207252	4207251	1
11468088	11468087	1
10779964	10778187	1
7172518	7173061	1
9746515	9746516	1
127473	11441222	1
10767153	10767185	1
5855161	12786220	1
5010573	5010574	1
4587524	4588106	1
2526575	2529690	1
9854953	9854468	1
5768561	5739563	1
8421393	8422055	1
12316728	12316028	1
3330121	3330122	1
5528198	5528197	1
6890074	6888829	1
9517295	9517441	1
4444607	4444608	1
1691107	1695125	1
7662789	7662804	1
4999356	4999355	2
6388386	6388407	2
10533546	9886309	1
6482059	6482306	1
5079483	5079484	1
5551915	5551916	1
390378	390470	1
4536734	4536737	1
11408382	11408377	1
6687068	6572089	1
12037292	12036944	1
9650046	9664685	1
4003995	3901386	1
7158102	7160276	1
4157355	4157342	1
2580835	2581038	1
3549613	3561150	1
8102089	8091808	1
6684640	6684796	1
12236777	12236778	1
3871260	3871300	1
3642205	3651830	3
4555799	4556603	1
1641691	4252492	1
10072351	10072352	1
11437752	11443133	1
9294197	9294198	1
9553970	9553969	2
5913630	5913629	1
10085319	10085320	1
8390226	8390225	1
2442978	2443281	1
9636352	9621174	1
1116710	1116764	1
1926052	1852878	1
5512983	5512614	1
1434439	1434440	2
6778047	5461650	1
7873649	7873621	2
6040236	6040235	3
6039294	6039293	2
4701312	4701891	1
2962858	2960549	2
1082608	1082605	1
9241577	9241578	1
11863527	11863494	2
11039880	11039879	3
12774984	12774927	1
3429243	3429351	3
438493	600875	1
5966728	5966783	2
918117	918118	1
12785181	12785182	2
11889502	9536647	1
5446192	5446202	1
9899545	9896457	1
2311114	2312333	1
6277840	6277851	2
4851054	4851025	1
5709913	5709914	1
8301593	8301594	1
9922034	9922016	3
12720096	12720065	5
598403	598404	1
4199297	4199300	2
7814223	7809890	1
11131759	11132326	1
3985010	3985001	1
4009769	4010119	1
8680395	8684786	1
9743943	5358894	2
9534502	9536958	2
10556818	10556817	1
1701843	1701881	1
9028445	9028425	1
9073082	9072989	2
12632938	12632937	5
2772509	2772750	3
736757	736782	1
11175866	11175914	1
8692373	8692374	1
7764198	7764207	1
11213574	11213561	1
5893923	5893924	1
828209	827922	3
8088752	8088717	2
8088718	8088717	1
9303905	9305537	1
6799085	6799086	1
1383744	1383769	1
10776716	10776739	3
4990569	4990570	2
2666077	2666098	1
5551917	5539322	1
4797919	4798562	1
6257956	6257955	1
10546985	10553027	1
2735472	2735471	2
4049785	4049786	1
1071940	1071749	1
12344509	12344514	1
1565742	1565795	1
10593976	10564112	1
1233173	1233174	1
9018135	9018136	1
1899082	1899007	2
10873787	10873788	1
4599996	4599995	1
3167850	3167843	1
6512359	6512364	1
5760923	5760924	3
2220343	2220346	1
10407791	10407792	1
12434324	12434333	1
8454625	10223585	1
9359231	9359227	3
11130696	11130695	4
5514982	5514998	1
3730313	3730277	1
7030431	7030432	1
2405698	2405695	1
7100581	7100582	2
3855020	3855019	2
10760516	10760340	2
9710327	5591241	1
3692598	3692607	1
9137999	9138000	2
8432048	8432041	1
3993557	3993478	1
2935507	2936058	1
7555093	7555066	2
12721087	12721088	1
10988129	10987745	1
3863154	3749267	1
9557092	9557089	2
7719126	7719115	1
68866	50358	3
6127761	6127910	1
10736728	10466942	1
12165477	12369862	1
1507958	1508464	1
5267323	5267326	1
3441036	3441035	1
1399170	1397139	1
9335354	9336115	1
6808529	6808530	3
3814333	3815366	1
7971845	10576651	1
1895807	1895780	1
1925015	1925017	1
3565901	3565981	1
9163237	9162742	1
8077986	8077983	2
985492	985491	1
4265324	4265329	1
10083222	10082178	2
5339957	5339958	3
2892286	2892292	1
9339743	9339744	4
850223	850224	1
9893829	9893810	1
6117947	6117948	2
4208135	4201410	1
3148284	3148283	1
4551796	4552066	3
2650555	2650556	2
12204386	12204385	1
9537945	9541328	1
8149904	8445300	1
6340901	6341421	1
4695260	4695259	2
12797067	12797068	2
3924727	3924728	1
5524895	5524896	1
1540223	1540224	3
3721173	3727746	1
6120253	6119979	1
2740144	2740068	1
3871301	3871279	1
7874668	7874665	1
3767517	3767518	1
1483801	1484221	1
88481	88396	1
8457046	12524092	1
7761258	7766384	1
6914558	6915846	1
3193582	3193466	1
651079	651111	1
9851679	9851589	1
9074117	8956521	1
9712378	9712377	1
12815013	12815016	1
2156568	2156573	1
10476066	10476017	1
11098778	11098777	2
11710164	11929455	1
8972233	8972234	2
11795787	11795929	3
5425850	5425884	1
10369334	10369329	1
4299759	4299760	1
6524570	6525283	1
12695973	12695953	1
12367495	12445475	1
9435499	9547076	1
10016189	10017085	4
3747400	3748379	1
11686550	3687715	1
9850084	9850328	1
7669798	7671278	2
9315848	9315712	1
12147873	12147874	1
2008480	2008477	1
10752375	10752379	1
1623034	1622961	1
8778652	8778656	1
7976389	7976390	2
11558331	11558334	1
9001320	9001307	1
5013890	5013905	1
7396252	7396251	1
7680499	7517940	2
8052212	8051825	1
6055958	6056016	2
7616689	7616692	1
6272264	6272263	1
1176687	1176688	1
7650554	7650551	1
5234313	5233979	1
6949200	6949241	1
454490	3741027	1
3111619	3111167	1
3148545	3148548	2
5400045	5400040	1
6535423	6437265	1
7193631	10430981	1
1659156	1611798	2
11448910	11448960	2
4994414	4994439	1
7151693	7151698	1
9463032	9462608	1
10161393	10161396	1
11826489	11826479	1
3784277	3784249	1
6663673	6663674	2
10323812	10322430	1
7542268	7542986	1
1263611	1262317	1
6123252	6123251	1
7900454	7748101	1
11289097	11287479	1
1674379	1674380	1
2723799	11240818	1
763211	763212	2
8251476	8251475	1
11740586	11740573	1
6809860	6807947	2
5842115	5842008	1
3796733	226121	1
363856	166372	1
9891482	9891481	2
5047488	5047487	1
4040931	4040969	1
3372460	3372459	1
11004824	11004823	2
2904738	2904737	2
2849091	2849070	1
6785663	6785739	1
3622397	3622945	1
5423589	5424017	1
6385589	1557065	1
9229024	9231553	1
5295917	5295918	1
12499631	12499634	2
2715977	2715978	1
6430525	6430526	1
5419391	5419392	2
11967819	11967820	1
6103031	3314601	1
2572207	2572208	1
10681437	10681811	1
3302230	3302229	1
5134667	5135076	1
5321441	5321592	2
7388772	7007410	1
8604342	8604574	1
729825	729815	2
11873444	11873479	1
6015888	6100831	1
9247913	9243514	2
1747255	1749188	1
10141305	10141306	2
6577482	1557183	1
2834989	2834975	2
5651034	5651033	1
9348087	9348077	1
11917996	11917995	2
9734654	9734658	1
8306051	8306071	1
3508317	3795365	1
7811374	7811373	1
1203379	1203380	2
9465677	9465678	3
8638816	8638815	1
10785588	10785587	1
2725189	2725192	2
2928760	2928945	1
7222623	7222624	1
2837107	2837108	1
7614953	7614956	1
1094259	1100083	1
3106694	3110085	1
8845262	8845503	3
7417951	7417952	1
440640	440639	1
1547279	1547216	1
5901839	5901874	3
4418539	4418530	1
6273263	6273264	1
8529448	8528933	1
3808079	3807056	2
2834138	2833729	1
3701218	3701558	2
9470974	9470688	1
6677290	6677284	2
9149591	9149558	1
5094480	5094446	1
1874811	1874814	1
2759292	2767388	1
9648563	9648226	1
11329551	11329511	2
6541749	1115452	1
11179911	11180145	1
3942290	3893691	2
4627242	4627241	1
4076016	4077367	1
12047090	12047011	1
1562005	1554803	1
5105697	5117576	1
5942469	5942690	2
11620973	11493517	1
47921	47898	1
10285470	10285469	1
7626783	7626784	1
7950770	7952670	1
11857669	11857670	1
8489350	8486051	1
11291095	11298336	1
3743757	3743758	1
8625464	8813106	2
12809875	12809876	1
4990552	4990519	1
7302158	7302173	3
5194187	5194174	1
9510766	1459066	1
12168090	12168754	1
5926443	5924845	2
7918389	7918392	1
3699425	3699468	1
12680978	12678767	1
11288821	11288867	1
3505732	3505729	1
5976434	5976429	1
5281144	5281734	1
4116037	4115706	1
4374669	5998448	1
5979439	3268539	1
8351351	8350638	1
7336461	4717519	1
12301478	12301592	1
7297736	7353330	1
11101559	11465110	1
12023857	12023830	1
5988570	5988504	1
2961157	2941691	1
8417623	8417647	1
8877777	8877780	1
12140676	12141106	1
10735685	1252816	1
1448844	1608646	1
3089951	3089954	1
9960277	9960278	1
585468	585467	1
6025920	3284674	1
4069257	4069258	1
4194490	4194456	2
7179132	7179129	1
7878299	7878302	1
12654557	12694758	2
1592355	1592356	2
6622429	6624670	1
6180310	6181772	1
4110465	56064	1
2296763	2296764	1
8377901	8377218	2
11492414	11623329	1
11021442	11021441	3
7839479	7835539	1
9299517	9299141	1
11867425	11867441	1
11487606	11487613	1
1981987	1981988	1
10297499	10297500	2
1096681	1096739	1
3263629	3263630	1
11340283	11340145	1
11467212	11467235	1
10496663	10496664	1
4613993	4609349	2
9465679	9465680	3
5626060	5778358	1
11734961	11734962	2
9112947	9112940	1
3767519	3768397	1
6377955	6377956	1
7825908	7825414	1
4583794	4583807	1
4674568	4673849	1
657709	5104172	1
7692604	7692601	1
3238444	3238307	1
3526485	3526486	1
6178313	6178286	1
10169593	10169594	1
6482095	6482096	1
3465587	3458554	1
11494749	11494750	2
8052965	8057718	2
1675342	1491539	1
285739	285258	1
3651831	3651832	3
7157196	7157195	1
8935454	8917251	1
4383004	4382996	2
5719104	5732691	2
8997417	8996542	3
9326739	9326792	1
6380070	6380069	1
3364767	3364770	1
6732794	6797699	1
12761015	12569882	1
7662181	7663505	1
11441	11442	4
12380127	12380481	1
8877519	4397450	1
9510318	9510317	1
9461719	9461654	1
9657697	9683320	1
12803824	6608252	1
10742288	10752325	2
8940750	8940767	3
3624708	3625273	1
3370239	3369887	2
11261003	11261004	1
5924795	5924367	1
9645460	9642579	1
1697568	6743730	1
4609922	4609882	1
3117729	2898343	1
5707417	5707418	3
7821010	10883501	3
8273061	8272573	1
10638348	10658926	1
8396066	8396079	1
8554395	8554393	2
9529454	7593622	1
5167209	5167210	1
8825452	8761069	1
7934102	10166010	1
3704731	3704736	1
451209	451210	2
480540	12286175	1
9181097	9181098	1
6176199	6176468	1
7880232	7880231	1
6807691	6807696	1
11801710	11801576	1
2211750	2218571	1
1599086	1599923	1
8418960	3502346	1
7721458	7720013	1
3565958	3605932	1
4425951	4425952	1
12042294	12042269	3
10148684	10124328	2
6510309	6510310	1
2345815	2345816	1
7422794	7406746	1
4047722	6363241	1
8700374	3063719	3
5318230	5318265	1
3292935	3293116	1
10332621	10332622	1
1930670	1930669	1
6272219	6272287	1
6702063	6702046	1
6676035	6675263	1
675380	8676127	4
4204633	4204634	2
5834289	5837100	2
6848651	6850640	3
3807946	3807847	1
3533571	3533535	1
7227684	7228583	3
11789477	11789502	1
11796851	11796926	2
5213576	5213508	1
10455269	10455084	1
3999017	4028667	1
11447402	11248850	1
622714	622700	1
6691466	6692095	1
5010751	5010532	1
1403444	1400992	1
2344524	6000554	1
10571517	10571501	1
827843	828281	1
8756639	8758695	1
2351921	2352170	1
10976345	11120396	1
1716	9827571	5
10610123	10610126	1
5613078	5612569	1
10149763	10149764	1
5814791	5814908	1
8822654	8822653	1
2876979	11325165	1
6155013	6155014	2
8060609	8060814	1
10795535	10795536	1
12549984	12550551	2
7005655	7005715	1
3743795	4091289	1
3913236	3913144	1
7705465	7705466	1
5522439	5522442	1
3531113	3531063	2
10536065	10536066	1
7476118	7476515	1
1085695	1085696	2
7672186	7671350	1
1541286	6519271	3
4743745	4743752	1
1640557	1640572	1
11915462	286865	1
10814901	10814603	3
604313	609710	1
9921145	9964073	1
5559299	5559300	1
6682176	6682750	1
12632512	12632402	1
8192694	8192512	2
542699	525474	1
6832589	7147419	1
11782343	11782297	1
5220065	5220355	1
4526732	4526729	1
2396404	2396401	1
7019937	7019938	1
12457768	12457479	1
4081999	4089952	2
4322286	4322446	1
8689160	8688431	1
4643498	4627241	2
4618038	4618037	2
6802844	1697365	1
3028808	3028960	3
11892523	11894100	2
9251699	9251091	1
5588809	5588852	1
12486121	12486122	1
6969223	6969343	1
898158	898103	2
11081187	11081183	2
3256028	3256313	2
10195566	10195947	2
5759204	5759203	1
11203140	11204605	1
3942945	3942946	2
2576050	2576049	1
1100177	3546116	3
1648108	1648107	1
4545193	4545136	1
8973015	8973000	1
9089952	8090491	1
5759896	5759895	1
6790185	6780549	1
5611063	5605173	1
3203089	3203090	1
4724785	4732870	1
12635872	12635880	1
8848987	8952553	1
8838246	8838245	1
7962335	9364206	2
7272132	9774725	1
8675828	8675827	1
9156280	9186552	1
2227545	2227486	1
5264218	5264161	1
8666824	8666823	1
2982608	2982550	1
2766673	2766676	2
10881752	7918928	1
11365267	4662650	1
12778793	12778794	3
8066793	8070821	2
3704733	3704736	1
2464078	2231237	2
5942936	5942939	1
10065025	10065026	1
9507275	9507276	1
510723	502967	1
4481320	4481319	1
2889670	2889735	1
6624309	6634027	1
826413	826467	1
10714185	10714117	1
11412361	11412362	1
3017151	3017152	1
3611348	3611347	1
9123319	9123321	1
3942943	3942944	2
8094166	8249554	1
9738688	9738567	1
4586438	4586435	1
10870575	10870817	1
10775707	10775855	1
10744290	10744289	2
10310912	10310911	1
2197601	2198267	1
2815251	2815252	1
5772495	5772464	1
2124967	2124969	1
1456896	1407783	1
12665823	12665818	1
9808791	9808800	1
4249888	4249887	1
11723090	11723087	1
1216078	1216077	1
5751239	5751225	3
6492067	6492234	1
11611431	591601	3
8191379	8191428	3
6944316	6904497	2
4644956	4645269	2
12314488	12314487	1
4716880	4713073	1
655893	655499	1
4015184	4015149	1
824876	824873	1
2957532	2959949	1
6499009	6499010	1
12423058	12423057	1
9521384	9521409	1
8541075	8535768	1
3674288	3715683	1
2229036	2227351	1
8267699	8268298	2
2607046	2607045	1
9071809	9071467	1
4087567	3550176	1
762638	762637	2
9435497	9435498	2
7955404	7955417	1
3855941	3869756	1
3874362	4120394	1
10892137	10892138	1
9351941	9351942	1
1173142	1173141	1
1845060	1845058	1
2168314	2168085	1
3590065	3633887	1
7284026	7284025	2
6858597	6858598	1
5703404	6030780	3
5437225	5437226	2
4848896	4839695	1
8372840	8510823	1
4306495	4306496	1
5360530	5360529	3
10310309	10310310	1
1139824	1139817	1
11383558	11383370	1
4329043	4328995	3
126335	126411	2
9549709	9436307	1
2175092	2175091	1
3197458	3197457	2
858651	858652	1
2782118	2782006	1
7382958	7382981	2
4687832	4687831	1
8473375	8473022	1
7691109	7691110	8
4017714	4017711	1
1726552	1726549	1
8701540	8701644	1
9238203	9237570	1
6422861	6422936	3
3582281	3582282	1
4847803	4844072	1
1137991	1137992	2
9517138	9517133	1
10824780	10824779	2
4673022	4792879	3
11596064	10970012	1
8696589	8696581	1
7379698	7379697	1
9177306	9177305	1
901154	902689	1
5207204	5211267	1
4914506	5134066	2
12173072	12173087	1
6962008	6962007	1
437092	437095	1
10985909	8876306	1
3228482	3228514	2
9527874	7593574	1
1137482	1137481	2
9066720	9066635	1
2781232	11412373	1
6474843	6474844	1
10788226	10788191	1
3274226	11700058	1
1371167	1371136	2
8956169	8955874	1
5955718	5952272	1
3977639	3977640	1
4384067	4311663	1
10192429	10192430	1
9810508	1744786	1
1096794	1096793	1
2933037	2932037	1
6973628	7238329	1
6742808	6742807	2
6130852	6171318	1
11990173	11990324	1
5095555	5095556	3
35249	33964	1
9004988	9005067	1
9930419	9930058	1
11834965	967439	1
9138536	9138535	3
509379	509380	1
7178543	7178544	1
3957724	3957723	3
4181900	4185981	1
5997633	5997634	1
11639463	5351472	1
452375	452376	1
10996029	10996030	1
8041319	8041307	1
7435037	7434991	1
288347	289726	1
6105890	6044027	1
138450	138449	2
1591772	1592475	1
8210775	8205875	1
9099624	9099843	1
1273188	1273836	1
6957592	6957600	1
6136874	6136969	1
5703070	5703148	1
6795508	6715030	2
1592606	1592156	1
5570499	7215825	2
471817	463953	1
3983025	3983032	1
5636418	5641357	1
2070814	2450849	1
1737524	1737913	1
6128806	6153567	1
527969	526111	2
1671581	1693282	1
2609104	2609107	1
10883805	10883777	1
3632970	3958109	1
9082712	9082711	2
3909472	3909510	2
6249257	6249258	2
10445134	10445131	1
8607909	3668879	1
9128641	9128637	1
1705011	1705013	1
7502459	7501977	2
11267019	11267020	2
2828183	2828167	1
1443167	1443102	1
852046	852012	1
4878715	4878716	1
3922982	3922981	2
4627109	4627126	1
5157382	5156336	1
5876277	5876280	2
11673176	11673284	1
4517138	5316543	1
5267283	5267284	1
12598744	12598792	1
11124099	12228106	1
9849496	9849495	2
9140492	9143112	1
5528196	5528195	1
9759259	9770521	1
6508055	6508056	3
3277364	3277371	1
10766501	10766419	1
1756903	1756949	1
3256027	3251674	2
226615	3827077	1
6981498	6981491	2
7282338	3048168	1
12199465	12323016	1
6755553	6755586	1
5913051	5913052	1
12245515	12245891	1
5659329	5659204	1
12208507	12208331	1
11384306	11380059	1
8027342	8027297	1
2577830	2577832	1
3464317	3463514	1
1592564	1592563	3
7384440	7384437	1
4415832	4427567	1
4627416	4513990	1
11558703	11558704	2
2982932	2982931	1
1448780	1449949	1
11366986	11366985	1
12619918	12619917	1
11609659	11609682	1
3407154	3406801	1
1719497	1720402	1
7199300	7199357	1
1655686	1655685	1
5856771	5836102	1
4353901	4353954	1
9110200	9110199	5
8534727	8550787	1
4107809	4107810	1
12169556	12169721	1
971399	971314	1
12536036	12536034	1
5657217	5657467	1
7680497	7680498	4
616401	681250	1
6456585	6455012	1
3902370	3902335	1
7132338	7130798	1
6242993	6242485	3
12408357	12408358	2
4520454	4756584	1
8609842	8609860	1
5219655	5219639	1
8553693	8553724	1
295010	299384	1
6363240	4048409	1
1396262	1396261	2
2336668	2015340	1
3108630	3108629	2
5962085	5962086	1
11395717	11395703	1
483515	483516	1
8261578	8261577	1
6421626	6421653	1
2297109	2297110	2
9616280	9616279	1
3541996	3742123	3
9514697	9514518	1
4831462	4819888	1
4070841	4070299	1
2157379	2321388	1
8693528	8693552	1
8866961	8866962	3
1371137	1371140	1
3272123	3272124	1
10949662	10949567	1
11778368	11778394	2
6660602	6660285	1
1141671	1141672	1
1699271	1699296	1
7457959	7457754	2
7721112	7719972	1
5798330	5798329	1
5157288	6756333	1
3931461	3933215	1
11467006	11465420	1
2049025	2047903	1
9265826	9265654	2
9783084	9783025	1
3365496	3365267	1
8698595	8698596	1
11898640	8254904	2
262114	263448	1
5098916	6579514	1
7073036	7073040	1
8815739	8810359	1
6164150	6089104	1
5671245	5671252	1
318660	318657	1
9382075	9382015	1
67540	67539	2
5705496	5705490	1
8380336	8380420	1
5710485	5689739	1
3833070	3833098	1
7771846	7771845	1
8740914	8745901	1
6152821	6152775	1
5167241	5167237	1
2173979	2174008	1
4568679	4568928	1
5537274	5537271	1
12668970	12669044	1
3574733	3574700	2
6937304	6937303	1
9101243	9101153	1
2252239	2252240	1
2710773	2710774	1
8607193	8607215	1
10043869	10046573	1
6753338	9053921	1
4460720	4460719	2
986453	986377	1
2512609	2523860	1
2687427	2687428	1
11811665	11811632	1
1503298	1185297	1
12197812	12197811	3
9332030	9332034	2
9574750	9574749	1
12672056	12658406	1
7671279	7671280	2
9496670	9496668	1
7347193	7347137	1
595754	595753	1
3924273	3924274	3
5113364	5113363	1
11818679	11818680	1
1015074	1015035	2
5639801	5743947	1
11595979	11620560	1
5146907	5150457	1
946009	946010	2
1977141	1977122	1
176640	178345	1
8658672	8658671	1
2319505	2341014	2
3008938	3008931	1
4047722	6363243	1
3589938	4030072	1
1572812	1572412	1
2895527	2895825	1
4082259	4082266	1
11616053	11616054	1
5935139	5935140	1
3720558	3720557	3
7758763	7758758	1
11107288	11107287	2
1121995	1122003	1
152645	224818	1
9246359	9246360	1
8612968	8611311	1
11410805	11406108	1
784391	775444	3
4027013	4027100	1
1240875	1240878	2
940048	205949	1
4074698	4078701	1
9361857	9361787	1
10634929	10634868	1
1988459	1988462	1
3041225	3041226	1
10119002	10118979	1
7120807	9421248	2
2940732	2941531	1
1791942	1791939	1
4231100	4197467	1
9419105	7372643	1
5487015	5488764	1
223495	226118	2
3673637	3673632	1
9530750	9530746	2
9994378	11781433	1
11072300	11071264	1
7011978	7011514	1
8640630	8677388	1
5858805	5858811	1
1578347	1578167	1
119081	119082	1
5383347	5383350	1
3518310	3539463	1
7112645	7112062	1
11460344	11460343	2
8148519	8148520	2
4591841	4596023	1
6378596	6378540	1
7347075	7347160	1
115421	115422	1
9464898	9464923	1
3398531	3404408	1
11916673	9988675	1
10443491	10443492	1
3020433	3020538	1
1075872	1075871	1
96289	96275	1
11568621	11568838	1
4055861	4055905	1
3683783	3679397	1
702570	704118	3
6504760	6504743	1
2995534	2987240	4
9621177	9621178	1
9778510	9778509	1
3602383	3602384	1
8632424	8634683	1
7883134	7876449	1
11098466	11098694	1
7200002	7199999	1
3963288	3963287	1
2249659	2588734	1
8386713	8386682	2
4041954	4041953	1
7830409	7830499	1
9175416	9175440	1
10283826	10283823	1
9617384	9617383	1
9315917	9315893	2
508529	536835	1
329460	835724	1
5600603	5600604	1
2217872	8284319	1
10700882	9912655	2
1691171	1691174	4
8249550	8249549	2
3940626	3940625	2
7231791	7231792	1
3265257	3269812	2
7748913	7748905	2
1741811	1741788	1
2520754	2513791	1
4265330	4265329	1
851434	854551	1
8601468	3408645	1
5464768	5464716	2
1706010	1706141	1
5055025	5055026	1
2905808	2902878	3
1663266	1366162	1
311000	310933	2
6158941	6158929	1
6838493	6838581	2
1395587	1395588	4
8085003	8085036	1
9009205	9009431	1
6500466	6500465	1
7863042	7862966	1
3457615	3457619	1
5653481	5809703	2
12537828	12543765	3
4143295	6018260	1
4010848	3749963	1
1451497	1451498	1
12611868	12612075	1
11097238	11097616	1
9634154	9634153	1
11221835	11221843	1
4693326	4693330	1
10058646	10058585	1
6317322	6436016	1
5760921	5760922	3
4675431	4675425	1
91242	89750	1
11567219	11571309	1
11677165	11677135	1
7802174	7802171	3
960598	960595	2
7491124	7503086	1
9719867	9719868	1
11771748	11771777	1
10822095	10820321	1
12200017	12200174	1
7790259	7790260	1
10920118	10920391	3
106378	922108	1
6412740	6413469	2
10255018	10255521	1
1758118	1758104	1
4651533	4652410	1
10728793	10476607	1
5451422	5451410	1
7633801	7636888	1
12784246	12784249	1
8051469	8468605	1
262575	262567	4
7032639	7042424	1
6070122	6070661	1
7257606	7257605	1
7446454	7446453	1
3607753	3398927	1
2747844	2747841	1
5912400	5912399	1
6294830	6293450	1
2545751	2564976	1
7286170	7286169	2
4836572	4839208	1
5790620	5790619	2
1722309	5435254	1
3313715	3313716	1
10287770	10287403	1
6017264	6035432	2
8615390	8615389	1
7089517	7089524	1
9133422	9133951	1
8905513	8905514	1
10231958	10231957	2
6773156	6773155	2
10439303	10439770	1
4241825	4544722	1
12347990	12347383	1
5889969	5889871	1
11186357	11188434	1
4244523	4244524	2
12466303	8878463	1
2034564	2200408	1
10047186	10046283	1
2776398	2763966	1
10601125	10601126	3
1905116	1905190	2
8661105	8661106	1
9995048	9994386	1
1044223	1044224	1
9964244	9964243	1
10180754	10181131	1
6781149	6694178	1
6793487	6793492	1
10877228	10877227	1
10076838	289024	1
7025402	7046514	1
3501544	3501543	1
1930662	1930831	1
3411679	7659111	1
10663119	10660129	1
7613055	7613041	1
7864393	7864429	3
11190275	11190283	1
300595	300604	2
1658956	1658942	2
307664	307663	1
12809337	12809338	1
3956758	3956748	1
5736486	5794991	1
5489822	5489788	1
2799263	2799264	1
5345033	5345034	2
5311432	5311308	1
3216155	7070520	1
10977433	10977434	1
6827308	6827325	1
9351059	9351060	1
1044225	1044248	1
2375653	11077758	1
3534899	3534966	2
4345531	4341884	1
9980594	9980591	1
7092503	7136201	1
5670152	5739952	1
937433	900756	1
9012607	9013339	1
2668504	2668489	1
5014458	5014457	1
4715638	4715637	2
949285	949286	1
1333150	1333177	1
7808531	7808532	1
441850	443529	1
7081811	7073565	1
887853	888027	1
10506817	10506738	1
2459100	6142100	1
2090096	2093303	1
7874565	7874559	2
8260296	8260286	1
11173145	11209220	3
2701284	2694768	1
4047867	4047870	1
4035599	6339854	2
11269631	11269632	1
5280084	5280060	1
7671105	7671106	1
225382	224101	1
1367665	1367666	1
4560572	4560571	1
9957672	9957921	1
7207643	7207572	1
349764	349763	3
12196359	12196420	1
7531701	7524433	1
3744122	3744147	1
2926767	2922638	1
133534	133464	2
11959817	11959820	2
6154334	6154333	1
11232177	11387555	1
11405678	11405677	6
12277687	12277728	2
2815522	2814328	3
9144914	9144909	1
967776	966769	1
9556762	9558403	1
3506380	3507000	1
5823466	5827104	1
9757268	9752580	1
4064911	4076279	1
11818826	11817274	1
3263784	3314226	1
4114665	4113064	1
3335673	3336458	1
3360268	3362031	3
9824160	9824239	2
4039366	3416037	1
9300806	9300605	3
11814606	8099936	1
10125903	10126007	1
11444153	11443377	1
8977436	9025688	1
11323895	11326558	1
10622210	10622205	1
11522196	11521620	2
1064683	1064010	1
2052747	2052748	1
285628	283456	2
10231262	10231261	4
3655267	3655310	1
1685264	1685287	1
9963255	9991858	1
962104	962242	1
2972491	2945305	1
2495297	2496163	1
4288892	4283844	1
6208883	6208898	1
5311418	5311417	2
3441034	3441033	1
2082450	2062609	1
4019847	4019560	1
2252450	8573783	2
10255889	10245613	2
10365665	10365675	1
10748579	10748588	1
4079404	4079174	2
4617085	4617086	1
6469359	6469423	1
4693329	4693330	2
12123489	12123286	1
2318282	2318268	1
10927460	10927459	1
161926	291361	1
6002452	6104029	7
6118893	6118894	1
651092	651091	1
685607	685608	2
8596094	8596039	1
8464112	8464853	1
976892	1230827	1
12052085	12052086	1
12522210	12522207	1
3961668	3961667	3
892212	892168	1
7366560	7366483	1
4476111	4476550	1
8477422	8269564	1
6677287	6457690	1
5705158	5705410	1
7213278	7213784	1
10294820	10292277	1
11172917	11172918	1
1030166	1030083	1
3685778	3684833	1
9069477	9039213	3
8755057	8627481	1
3913655	3913670	1
4385244	10433575	1
3495369	3495370	1
10092990	10084875	2
3669133	3811755	1
10399728	10399614	3
4712275	4712999	2
6353339	6353340	1
11805818	11808729	2
10907123	7960749	1
2479483	2479484	2
9742724	9742732	1
3621177	3608275	1
6949696	6949695	2
2828361	10291619	1
6617694	6617693	2
7082767	7157197	1
1832024	1612821	1
4792101	4792158	1
9339033	9338485	2
11101113	11097863	1
681780	681779	1
12754061	12754053	2
7889617	7889620	1
11861306	11861315	1
10521845	10521848	1
8155984	8148747	3
2808003	2808004	1
12730458	5249830	1
11577019	11577030	2
22320	22284	1
4209904	4212506	1
10650533	10650521	1
9334048	9334408	1
9293902	9294216	1
2774847	2773133	1
11248584	11248406	1
8080142	8080200	1
6157767	6157759	1
4087579	4026709	1
2229163	2229164	2
2785073	2785074	1
2839558	2839734	1
10964430	10964425	2
2589690	8567764	2
3738596	3738590	2
3735418	3739356	1
10884689	10884818	1
6641738	6641737	2
3733736	3733785	1
5328952	5328917	4
4019128	3747888	2
3593082	3616709	1
1435773	1438684	1
4184033	4424443	1
10763009	10763010	1
9931994	9931993	3
9596453	9596455	1
1189792	973202	2
9348076	9348075	1
3934909	3934910	1
1438105	1438106	1
787801	682224	1
6381271	6381272	1
5694043	5694344	1
8965302	8964858	1
23405	23406	2
2804233	2804252	1
4187653	4187654	1
2559984	2559983	2
677492	673502	1
11207838	11207828	1
939525	203201	1
12606307	12599161	1
1548289	1551535	1
7744090	7745168	1
8844638	8927716	1
794072	794023	1
2106493	2314561	1
1753698	1440701	1
6930009	6929667	1
8234392	8234658	3
4090461	4090494	1
3052535	3052587	1
2252546	2104508	1
272315	272556	1
3730900	3720559	3
4070808	4068897	2
4553864	4474875	1
2139403	6351009	1
8961246	8960733	1
2171932	2171940	1
5768293	12475242	1
9320377	4867032	1
9548749	9607070	2
10004505	10000902	1
7015640	7015639	1
4671161	4671162	1
9569915	9569921	2
9912759	9912560	1
1086575	1086576	2
8606461	8606344	1
3907694	3907432	3
3464652	3464651	1
2353604	2355078	2
12612810	12612675	1
1666278	1668224	1
7187318	7187316	1
9804805	9804811	1
9013087	9010853	1
8762449	8762450	1
10062122	10062157	2
7596497	7539862	2
1787239	8024392	1
9818255	9818239	1
12669045	12669046	1
384012	383969	2
3783069	3785852	1
7734478	7734984	4
5478414	5478393	1
5137747	5137748	1
6094891	6094892	1
9345394	9345393	1
12715458	12715486	1
9377078	9378525	2
7805263	7805235	1
7377865	7940400	1
5091635	5091389	1
11596100	11596104	1
7663533	7660514	1
3080875	3080859	1
1955728	1956296	1
3597817	3599514	1
6923465	6923424	1
23417	50638	1
6057180	2465167	1
11323027	11323046	1
9394492	9393604	1
6523415	12645641	1
6171604	6171571	2
4808709	4286836	1
6940151	7009396	1
7421438	7421254	1
7546200	7546194	2
318104	318663	3
11188277	11188355	1
11213017	11215910	1
4241827	4544722	3
659532	659529	1
15313	14306	2
10872576	10872565	1
9523038	9515120	1
9662392	9261266	3
4022545	4022546	4
8049773	8049774	1
3382371	3382372	1
3095774	3095726	1
1982903	1984195	1
866360	866359	1
7075851	7075863	2
5605556	5605555	2
9315708	9316050	1
4551412	4551404	1
10321836	7996752	1
3907473	3907421	1
2817683	2926436	1
7446392	7446356	2
5754835	5754838	2
5930069	5930070	2
9362958	9362960	1
10586727	10586728	1
7863140	7863156	1
6315248	6315247	2
10116030	8674570	1
6660060	6659813	2
1187308	1187239	1
10978434	10978275	1
10681435	10681811	1
7539892	7539891	1
11784361	11784362	1
4589587	4605111	1
3871811	3871812	1
9564925	9564933	1
5919131	5919132	2
27163	27164	1
11695619	11695631	1
1840026	1840025	3
1507367	1516398	1
592571	7282143	2
2485499	2485500	1
8695926	8695925	1
1753304	1753340	1
7451894	7451686	1
2370839	2370474	1
5668401	5668402	1
11932432	11932334	1
9428686	9428690	1
9508109	9508114	1
8820080	8820109	1
6027174	6037196	2
4588079	4588073	1
7400603	7400580	1
9649996	9661282	1
5938618	5938663	1
12307887	12310128	1
952909	953050	2
2460090	2460089	1
10540304	10540208	3
8000373	9981313	1
10534023	10533684	2
185903	185904	1
7187131	7187132	1
472946	4279686	1
10218478	10218561	1
8569925	8569928	1
3563739	3563488	1
5137657	5137663	2
11404961	11404971	1
7362694	7369752	1
10246643	10246646	1
6851548	6851547	1
69451	73259	1
7612479	7612903	2
9952362	9952386	1
4201296	4201295	1
12466268	12466285	1
3934943	5931425	1
5216963	5216964	1
749354	749348	1
8464200	8464199	1
12689833	12689834	1
5975765	9302908	1
5691234	5692976	1
848226	847775	2
946011	946012	2
12664212	12664211	1
10694682	10694677	1
12723387	12723457	1
1096945	1096781	1
10642046	10642045	1
1620677	1640899	1
6040234	6040284	3
7574039	7574042	1
9542236	7593608	1
9602912	9600063	1
6032551	10633982	1
5804199	5804208	1
5657618	2476247	1
11607179	11658393	2
3297596	3297591	1
10714882	10714877	1
2504014	2503921	1
9972826	9974292	1
3603630	3603629	1
11780249	7992666	2
6379613	6378018	1
3607541	3607530	1
10743644	10347667	2
5739644	6115918	1
7794416	7794480	4
11418946	11418959	1
11352516	11352515	1
12635407	12633501	1
7000479	7008953	1
11926431	11926218	1
8999010	8995769	1
11995089	11995097	1
9160378	9160372	1
6383901	6383873	1
12309764	12309906	2
12186560	12182572	2
1781191	1781192	1
1570643	1570644	2
8003678	8020916	2
10905707	10907144	1
1507729	1507709	1
9327974	9327973	3
8533618	8533643	1
626823	599320	3
1874811	1874812	2
11928636	11928635	2
1966514	1967523	1
8363913	8353982	3
12299238	12298304	1
10801696	10801695	1
555582	555581	1
7727467	7869710	1
6141783	6141771	1
3123392	3123391	1
5398348	5398347	1
7111765	7111770	1
8740685	8740688	1
1804492	6444688	1
3309418	3309415	1
1624355	1624358	2
3291803	3291804	1
8431413	8431992	1
4540876	4541111	1
2023267	2023032	1
10473500	10473859	1
8217563	8217564	2
2277793	2277794	1
1274927	1274928	1
6962530	6962495	1
1621748	1621747	1
1964090	1964125	3
10765022	10764737	2
3875267	3547874	1
5914302	5858589	2
8368407	8368408	1
8965433	8965434	1
6862453	6862454	2
7780180	9974074	1
11784992	11784991	1
5266893	5266899	1
7511686	7511685	2
12566907	12726791	1
10902989	6940827	1
3375957	3377356	1
662628	168957	1
3015977	3015970	2
10312656	10411358	1
1642931	1642919	1
5160514	5160533	1
5313136	5313247	2
11069400	11067366	1
4372693	4372694	1
9178181	9178182	1
3464926	3464925	2
7847433	7847434	1
11674238	11674251	1
8296916	8296915	1
1468287	6701864	2
10169595	10169596	1
7559963	7559960	1
6443939	6443940	2
6449333	6449334	1
6791126	6791125	6
12651852	12651833	1
70881	50114	1
3741793	3740408	1
3440921	3442921	1
3723319	3723326	1
6271678	3905804	1
9791698	6289182	1
6799692	8821594	1
6285350	12790832	1
1213185	1213341	1
7184972	7184961	1
11558797	11558885	1
12721097	12721098	1
3296847	3296850	1
4713668	4710693	1
4157219	4157371	1
12666236	12654348	1
10870516	10870308	1
4016538	3492638	1
2719784	2720409	1
6666875	6667266	1
1003088	1031241	1
3985167	3985168	2
876033	876287	1
3800621	3800622	1
10048553	9828426	1
11795783	11795784	3
8919081	8919082	2
2662100	2707286	1
6080456	6080455	1
6370988	6370956	1
6883747	6883775	1
7808526	7808525	2
1053420	1053416	1
2199954	2199934	1
5465148	5465580	1
841608	841607	2
7902201	7855732	2
27700	27697	1
6009144	6009096	1
34992	27164	1
7135235	7135238	1
10703752	10703745	1
10462981	10462789	1
5655462	5655478	4
3191310	3191276	2
10210242	10210200	1
10189141	8837592	3
6537044	6450509	1
11139691	11139651	1
12472490	12472797	2
399618	772253	1
3132817	3132818	1
483534	483529	1
7675873	7720301	1
11327947	7264614	2
1782487	1782432	1
6039432	6039477	2
909266	909265	3
3743669	3743670	1
10596412	10596411	2
6146652	4012679	2
3642028	3497769	1
4622369	5329017	1
4527154	4527129	1
7272130	9774725	1
2375109	2482017	1
12314676	12314646	1
5725697	5725698	1
10345758	10346290	1
6709021	6709022	1
5992931	5992932	4
10645335	10645336	1
11851616	11910639	1
9447256	9447255	1
3531927	3531906	1
8403667	8561346	1
9977676	9977648	1
5992492	5994816	1
11204020	5188818	1
7352789	7352790	2
1739915	1739916	1
8567725	8567726	1
12239071	3572438	1
6196405	6196400	1
10915890	10915889	1
7470621	7465932	1
6343209	6343278	1
6002191	6002362	1
7552677	7556742	1
1493661	1493664	1
7844599	7844581	1
4228531	4402535	1
6038648	6038638	1
2329040	2329039	2
5889162	5882350	1
7247320	7247298	1
6793482	6793486	2
814929	814930	1
8015984	8015889	1
10722325	10722298	2
12732577	12732578	1
5517605	1390594	1
84849	3394527	1
10340142	10340141	1
1741813	1741788	1
2138961	2414601	5
10301671	10301672	1
3981327	3981332	1
8924666	8924644	1
10395662	10395617	1
7756109	7756112	1
4988596	4989958	2
5707644	5707643	1
5392151	5476279	1
3260587	3260588	1
4634031	4634029	1
3679277	3681093	1
11561443	11607435	1
3358221	3358885	1
5811005	5811010	1
2472488	2472487	1
5007172	5007010	1
7474988	7475976	1
4142672	4152807	1
5290349	5290350	3
9364957	9364877	2
7469710	7469752	1
859420	375925	2
2028486	2305324	1
3828958	3828999	1
6037197	6037198	1
11009822	11009858	1
9129331	9022303	1
6105621	6104965	1
4992550	4992549	1
6009450	6009286	1
6785532	6635897	1
10100382	10100855	1
4492915	4493265	1
