fend1	fend2	count
9518238	9518363	1
673307	792516	1
11875636	11833830	1
1926562	1926561	1
5218207	5218208	1
7608523	7608528	1
4392061	4392062	1
3044244	3044229	1
8648222	8648181	1
7670641	7670642	1
9986973	9986761	1
12764744	12764743	1
3026062	3026061	1
9283426	9283416	1
824697	824698	1
2191898	2193769	2
3580839	3660744	1
4059280	4059275	1
381989	381063	3
3731696	3709642	1
4045081	4045082	1
12303403	12303412	2
2114783	2114784	1
12559975	12765735	1
10800618	10792720	1
1332126	1329262	3
12184846	12184845	1
8900387	8900388	1
10457345	10460784	1
103837	166756	1
10069330	10069329	4
1788201	1798611	1
11163907	11163338	3
1339107	1339108	1
1850628	1850627	1
11085113	11085114	2
1530340	1530335	1
2563298	2557484	1
6086126	6086125	1
3929245	3929187	3
378781	378782	1
7170628	7170627	1
5352861	5382782	1
7314217	7314218	1
6121171	6121172	1
5519335	5548844	1
5184320	316550	1
121616	121904	1
10664074	10664334	1
3831773	3831774	1
12684640	12684639	1
9019572	9019571	1
2184856	2495020	1
6638529	6638530	2
9148013	9148014	1
3086242	3086241	2
974138	973350	1
7995755	7995789	1
5410948	5410947	1
6689254	6689253	1
6530557	6530558	1
6952207	6952187	1
6755803	6744973	1
7844708	7844821	1
3395757	1903118	1
4073549	4067677	1
11164713	11164714	1
9060376	9060375	2
544382	544381	1
11853076	11853073	1
9499000	9498999	2
11073588	11106043	1
8846253	8846256	1
10409845	10409846	1
1995379	1995380	1
8529148	8545227	1
7704520	7704519	1
4693699	4693940	1
7684181	7684182	1
3105488	7202727	1
2082140	2082139	1
7844301	7844304	1
3555708	3555701	1
232996	232348	1
508793	482376	1
1234136	1233977	1
898348	898347	1
4470586	4470577	1
10683707	10683714	1
4036641	4034804	1
6520469	6522673	1
7941968	7941967	1
6943833	6943834	1
312249	10932334	1
7824429	7824430	1
776482	776481	1
1289375	1289376	1
12751065	12748705	1
11294542	11294541	1
339147	339148	1
7877734	7684489	3
12742786	12742785	1
5806355	5717613	1
6447307	6446931	1
583348	2460635	1
4231246	4231217	1
5918152	5918151	1
8651302	8651344	1
2119789	2119790	1
12496098	12496097	1
1752563	1751069	1
3086483	3086484	1
12572119	3962906	1
6538621	6539080	1
7216713	7216714	1
10717078	10757002	1
9711302	9707534	1
12008987	12008988	1
7071949	7071943	1
7818363	7818364	1
4450490	4450489	1
10311333	10311387	1
734195	823093	1
4318017	4545001	1
7885563	7885564	2
5340651	5340652	1
2169915	2169916	1
7065540	7055849	1
6107846	6107845	1
10694247	10695584	1
4495831	4495837	1
5430770	5430769	1
3925781	3925782	3
8185442	8185441	1
10933265	10933268	1
4500785	4744027	1
1258855	1320909	1
7268710	7268709	1
7314219	7314505	1
11332168	11330077	1
2660089	2660338	1
7175967	7175770	1
558552	558465	1
12650629	12650630	1
10705483	10705484	1
2579267	2509175	1
2471603	2361106	1
11464244	11643011	2
8274596	8274593	1
8060131	8060132	1
10239476	10239356	1
5042175	5042176	1
5615862	5615861	1
1051970	1335350	1
874473	888025	1
664632	665638	1
8541383	8541384	1
2094606	3747520	1
12192720	12192719	1
8255594	8249559	1
8674501	8678124	1
5057012	5057011	1
5584932	5584931	1
2424995	2424996	1
11458376	11458375	1
9751217	9756740	1
1254609	1254610	1
4700056	4700055	1
3747870	3747400	1
5191990	5191987	1
6139170	6139169	1
2648926	2649285	1
7923988	7923985	1
2168602	2166107	1
8078506	8277277	2
2961582	2961581	1
5763851	5713398	1
6574151	6369608	1
10420208	10420207	1
11665136	11665135	1
5045187	5045188	1
4113490	4113492	3
12292085	12292086	2
860393	860394	1
1782055	1782018	1
8184267	8184259	1
9721910	9721909	1
1871435	1871436	1
5758289	5758290	1
11554350	11557526	1
5346871	5346828	1
5237784	10574181	1
6541224	6540984	1
5925398	5925444	1
8097676	8092474	1
3818569	8411863	1
3032293	3032324	1
2484851	2484852	2
12607945	12607946	1
5225794	5129299	1
1023805	1022278	2
3011105	3011106	1
9379241	9379264	1
11701402	11701401	1
2444267	2444463	2
6254705	6272424	1
9096719	9096720	1
2667064	2666858	2
12509777	12509778	1
4700059	4710856	2
2290893	2290915	1
5853015	5853016	1
2457672	2457523	1
8712744	8712743	1
7446287	7446288	1
5151442	5275063	1
6768486	6768483	1
2434873	2434874	1
2231573	2231574	1
625184	625183	1
8275051	8276624	1
3278866	3279216	1
5846479	5854128	1
6090870	6018073	2
8575568	8575565	1
7580797	7681827	1
8398284	8398281	1
10228356	10228355	1
6378515	6377861	1
5147338	5217348	1
9533090	9533089	1
1910231	1910232	2
4264732	4264874	1
9337047	9337048	1
8294835	8292993	1
11895750	11895749	1
4733573	4724580	1
3020081	3020098	1
320374	320373	1
3420187	3420188	1
12415335	12543760	1
9318250	9319121	4
4648175	4648176	1
6152278	6152324	1
8776278	8776857	1
12226533	12226534	1
2997914	6857734	1
1551419	1551420	1
7446310	7446309	1
12790358	12790352	2
9576793	9576794	1
1578674	1578671	3
8526348	8526173	1
10419786	10419785	1
2405301	2405265	1
6004687	6008452	1
11546514	11546545	1
3296341	3296342	2
5692754	5692751	3
4132991	4132997	1
8156338	8166112	2
1979231	1980821	1
9318140	9318139	1
1006071	1006042	3
9741774	9730901	1
3891356	3890563	1
2344347	2344348	1
10702111	10702114	1
5411027	5410949	1
6671210	6671209	1
5375245	5375246	1
9012872	9012871	1
10472957	10472929	1
947672	947671	1
329649	329650	1
12645703	12514817	1
5269944	5279496	1
7581049	7581050	1
5533073	5533081	1
157207	294335	1
6670017	6669996	1
4505010	4505009	1
6864753	6864790	1
8762589	8762592	1
934033	935867	1
8740724	1050693	1
1235631	1235632	1
11667057	11669226	1
10904511	10904500	1
3050924	3050923	2
2691315	2691316	1
187073	186934	1
3030273	3030274	1
1953499	1957140	1
7773653	7773654	1
9889632	9889631	1
8061381	3724326	1
7735653	7735654	1
5431609	5431519	1
5119524	5119488	1
7787060	7848397	1
11393673	11393674	1
11265248	11526720	1
5515282	5515279	1
5820622	5820621	3
11915157	11915166	1
9418585	8721155	1
673076	673071	1
9724300	9717162	1
8107677	8108402	1
7750491	7750492	2
5901499	5901500	1
3319692	3319691	1
12730438	12663373	1
5707230	5707229	1
824733	826405	1
4382898	4382895	1
12472985	12473011	1
4749697	4749698	1
1637639	1637633	1
7740026	7739765	1
9235049	9235769	1
9319798	9319797	2
11967005	11967006	1
10592705	10592706	1
3473550	3473526	1
8422379	841149	1
10630950	10630917	1
6940150	6940153	1
3417829	3417830	1
10221573	10219547	2
5631962	5630791	1
2425978	2425977	1
3601324	3601329	1
7749783	7749784	1
11777310	11745494	1
2135112	2135122	1
7979931	7978592	2
11054083	11054086	1
767387	767388	1
9783925	9783926	2
1665005	1664895	1
12513497	12513498	2
5907415	5907447	1
11825311	11825312	1
1005706	999309	1
8306688	8250500	1
8362860	8406274	1
7373582	7373581	1
3476295	3476296	1
5023147	5023148	1
11786837	11786840	1
12056948	12056916	1
11085744	11085741	1
8785723	8785622	1
5755718	5761321	1
6377860	6377126	1
9790899	9790900	1
8824163	8824164	1
11173215	11146153	1
1722780	1722739	1
12263830	12268199	1
9283494	9283538	1
649537	649538	1
5627305	5627306	1
628938	628937	1
11633712	11633845	1
12252649	12250709	1
9655108	9655105	1
8755067	8733681	2
300970	300059	1
9349330	8785127	1
2346428	2346427	2
5431246	5431245	1
12562024	12554017	1
4936985	4937010	1
2835429	2835430	1
5315512	5315685	1
7585014	7585013	1
6105521	9073112	2
6718495	6721343	1
6201192	6113547	1
8417357	8417298	1
10886066	10886065	1
10045221	10045222	1
7509347	7507288	1
9604103	9604104	1
7072069	7072038	1
8897189	8898951	1
8509376	8509373	1
9131300	9131412	1
5141470	5242111	1
6885735	6885736	1
7869165	7869163	1
5432150	5432149	1
3021234	3022278	1
3572213	3572237	1
10748265	10748266	1
12205881	12205882	1
7853404	7853403	1
7251759	7251806	1
183397	183398	1
5773496	6434370	3
7104132	10156738	1
418251	418252	1
4875	2426	1
11169988	11169987	1
5446279	5446301	1
1463732	1154439	1
636430	636755	1
4044162	4044161	1
11239083	11239086	1
5787260	5786993	1
6898216	6898228	2
2161082	2161036	1
9907063	9907079	1
10800157	10800158	1
965471	965734	1
170250	170257	1
9040770	9064577	2
2968907	2968908	1
10114249	10114250	1
12324163	12324164	1
11419851	11419903	1
8543706	8505832	1
6340824	6340846	1
4142319	4142311	2
9678799	9575599	1
3328865	3328908	1
1696808	1696807	1
1433809	1433784	1
1087490	1087489	2
10644203	10640204	1
7370525	7370526	1
11661070	9426846	1
1737755	1737382	1
8447768	8447767	1
4327607	4327296	1
2383862	2397134	1
3287618	1784242	2
10921453	10921456	1
6154508	2577425	1
6811915	6812826	1
8172087	8172090	1
4472587	7952291	1
10618174	10680129	1
2606154	2606153	2
7727049	7727050	1
3312676	3312673	1
7695828	7695827	1
5799513	5799526	2
6641646	6641645	2
692328	692317	1
6102220	6102414	1
9445715	9445718	1
1126612	1126611	1
1765321	1765322	1
9319120	9319119	2
2289857	2233618	1
6536458	6536457	1
2844797	3025029	1
9308629	9308630	1
10313546	10313545	1
2361454	2361453	1
3298015	3298018	1
9785926	9781353	1
11859469	11860637	1
6494089	6494530	1
692921	692906	1
5509345	5509346	1
8264889	8264890	2
11701405	11699293	1
9746400	9746399	1
12018503	12018508	1
12670633	12660952	1
350401	350404	1
8208803	8208804	1
3759740	3759739	1
2138155	2144991	1
5384095	5384096	1
3254865	3254687	1
7454585	7454588	2
9746462	9746401	1
667262	650662	1
8406799	8406800	1
6601058	6592106	1
4776867	4776868	1
5055394	5055393	1
11130918	11130917	2
1079582	1079480	1
9958154	9958153	1
12394724	12394723	1
12465254	12723775	1
10557487	10361780	1
10750322	10750321	1
837518	828792	2
2796645	2789647	1
4094566	4110060	1
361485	361465	1
556027	556028	2
8044838	8056786	1
6906093	6906094	1
1212898	1212897	1
1155352	1155351	1
10399691	10399653	1
10134410	10134409	1
7614497	7612307	1
10121823	10121824	1
7101280	7101279	1
9555184	9555222	1
10138250	10138249	1
175548	175547	1
8970714	8970713	3
11965636	11965635	1
3544406	5092434	1
7446386	7446323	1
1852899	1853311	1
10802861	10802862	1
707946	707127	1
893749	434975	1
717040	717039	1
2143822	2143821	1
8278759	8075990	1
9917287	9917288	2
1940818	1940826	1
10056941	10056952	1
3894771	3895067	1
9713335	9713348	1
11305439	5941741	1
5892077	5892078	1
10279105	10279160	2
4314656	4314655	1
11443553	11443554	1
11153622	11153596	1
7171837	7171840	1
7475407	7475408	4
6740219	6740220	1
10905338	10882428	1
3362816	3359751	1
10571761	10571762	1
10414801	10414806	1
4337380	4337322	1
4747369	4717460	1
10250177	10250178	1
8430965	8431588	1
8106392	8106391	1
12556919	12556920	1
7989950	7989949	1
1531682	1531681	1
2590377	2590378	1
2902838	2902837	1
8962657	8962658	1
12020298	12020297	1
12492913	12423001	1
6622567	6622568	1
9012416	9012415	1
584422	584421	1
6240024	6240004	1
661868	659985	1
673543	673544	1
4302814	4302813	1
1144913	1144914	1
821123	821175	1
12487432	12233947	1
10722599	10718227	1
5584930	5584927	1
12389897	12389900	1
9393395	9393396	1
7284586	7284583	1
10669733	10669583	1
10884667	10884668	1
4860149	4860150	1
2784006	3231231	1
9712550	9712563	1
5944230	5944229	1
12195271	12195272	1
10262361	10262362	1
7138361	7138362	1
6696730	6703277	1
8774188	6114557	1
802902	802901	1
249950	249949	1
4248141	4248796	1
6288496	10478066	1
6424988	1117404	1
6892487	6892564	1
7144540	7144335	1
5612283	5617315	2
11443276	11444323	1
2141671	2141649	1
9492295	9494264	1
9965499	9996235	1
357205	357206	1
6452967	6452968	1
5780374	5781198	1
10880459	10913479	1
7637196	7637195	1
6836649	6836650	1
1568165	1568166	1
488708	488707	1
3878436	3878435	2
12691582	12691579	1
5693229	2614119	1
10499023	10499024	1
216767	236782	1
722829	436076	1
5669597	5669598	1
8046794	8228121	1
10198288	10198287	2
9943023	9943026	1
4881487	4881488	1
8787111	8787112	2
2712294	2712259	1
6337768	6337767	1
7144542	7144541	1
11777312	11777311	1
3381819	3381820	1
2881284	2881281	1
5134512	5132008	1
8109184	8109183	1
11000542	11000541	1
2955711	2955712	3
9830341	9830342	2
11941934	11941933	1
8396951	8396952	1
8021571	8021568	1
2808872	2808845	1
10969031	10969032	1
8897884	8897883	1
1615589	1615590	1
1204615	1204616	1
9547961	9513456	1
9513461	9513462	2
1128169	1128170	1
4244001	4244002	1
5714701	5714702	2
12666721	12666692	1
7359581	7359582	1
3638318	3638317	1
5125031	5160631	2
5750180	5750276	1
10750324	10750323	1
10358665	10358744	1
12768683	12768684	1
7287077	7287134	1
5361855	5361856	1
7962317	7962318	1
2282585	2127426	1
8993712	8960590	1
4938915	4939006	1
8839598	8839601	1
5994850	5994849	1
3278740	2833916	1
11265232	11526723	1
2383864	2383863	1
9344781	9344325	1
10153523	10153431	1
10760610	8243257	1
10241073	10241489	1
8666358	8666357	1
5804144	5804240	1
4365209	4475611	1
5374627	5374628	1
4828294	4815741	1
11044254	11044214	1
9455165	11826132	1
6013863	6013866	1
10546975	10546976	2
11891526	11891507	1
1848167	1848168	1
11568540	11568539	1
12782288	12782287	1
6497399	6497448	1
802900	802899	1
5123947	5123914	1
8503890	8503889	1
11002344	10972864	1
11157647	11157648	1
9292222	9301265	1
10045211	10045212	1
2999279	2999280	1
8531999	8530668	1
11677845	11677834	1
9977215	9977216	1
1100025	1100026	1
7596795	7645077	1
6740224	6740223	1
6531808	6531805	1
892347	892348	1
9337602	9337601	1
8724224	8723978	1
7334660	7334659	1
2083010	2083009	1
926459	926460	1
4322186	4322185	1
2148439	2148440	1
8303485	8303456	1
9005881	9005882	2
454715	454686	1
3011485	3011575	1
2703494	2703767	1
8831896	8837022	1
11072581	10938931	1
2175805	2159326	1
10518473	10518474	1
5429975	5429542	2
3194780	3194810	1
3938996	3938995	1
10748723	10748724	1
8029942	8029941	1
9145410	9145409	1
2493045	2185455	1
5840977	5837759	1
2965111	2955147	1
10319984	10319736	2
4322164	4322059	1
4593355	4593356	1
1336838	1337719	1
1168573	1167326	1
381987	381988	2
472321	472326	1
10315360	10316474	1
1667699	1667700	2
7182571	7182572	1
3267118	3267117	1
2395413	2395526	1
11604796	11562092	1
1359895	6727507	1
3898907	3898910	1
2499605	2499606	2
7844303	7844304	1
10666356	10661643	1
5533510	5533493	1
4081390	4081387	1
7978705	7978706	1
4095580	4095579	1
9239402	9239401	1
10837202	3075261	1
6393788	6393791	1
825295	825296	1
74480	105602	1
647414	647413	2
2185903	2185896	1
11803587	11905675	2
10584388	10584425	1
8196924	8196923	1
515974	515971	1
9670187	9670188	1
4204105	4204106	1
9937999	9938000	1
4651903	4651836	1
5862773	5862776	1
5634866	5634865	1
2849450	2849473	1
5811293	5811326	1
12252080	12252136	1
11093361	11093253	1
1991229	1991230	1
7064171	7059653	1
11214938	11214935	1
11241729	11241730	1
953366	952166	1
4366493	4366494	1
9527230	9527260	2
2374537	2373385	1
11455319	11455320	1
6130509	6130510	1
4837111	4837232	1
929141	929146	1
2132827	2132828	1
11795991	11795910	1
3629741	3629742	1
3649061	3649062	1
10716181	10716184	1
10307218	10307217	1
2105022	2105025	1
2608681	2608678	1
1360968	1360866	1
4270705	4270706	2
4124111	4124382	1
9944853	10180633	1
1329090	1327710	1
5189663	5189664	1
644917	644918	1
7398102	7398389	1
2841366	2841421	1
5750182	5750181	1
7482293	7482173	1
4662964	4658965	1
4473545	4474217	1
4057005	4057006	1
5552759	5552883	1
8529114	8529113	1
10685239	10685240	1
593545	593022	1
8514918	8514894	1
7052467	7052468	1
833358	826098	1
2978818	2978817	1
5619271	5612620	1
7544174	7544169	1
12559971	12559974	1
7227533	3055509	1
8833240	8779770	1
10257741	10257742	1
1658690	1658689	2
11275064	11356303	1
1392007	1391984	1
9714563	9714564	1
9120587	8823352	1
5471427	5471428	1
6004429	5923219	1
522048	522045	1
7261078	7354606	1
3660041	3590569	1
10659605	10587891	1
1789393	1790536	2
2387393	2387394	1
2428612	2428610	1
6857919	7115512	2
12152148	12152147	1
2322592	2616955	1
9499509	9499518	1
8256502	8256501	1
12754247	12757205	1
871845	871846	1
4837109	4837110	2
4435231	4299599	1
7270741	7270742	1
7443751	7443752	1
10657035	10545741	1
2080801	2080802	1
6105202	6187890	1
11529365	11529544	1
1169622	1169621	1
5827221	5827238	1
5693491	5693492	1
12498408	12498405	2
1607474	1607461	1
7609049	7609050	1
5129298	5129295	1
9468209	9468210	1
179293	179294	1
3282559	3282560	1
1479701	1479027	1
5914242	5914241	1
6831816	6846715	1
7026223	7021213	1
9338414	9338453	1
7766419	7766420	2
11994498	11994497	1
1133110	1132450	1
12344251	12344252	1
5700032	5700029	1
10774518	10775795	1
2992977	5738185	1
11544462	11544461	1
11580225	11381918	1
5916465	5916466	2
6440518	6440513	1
7170204	7170145	1
2182455	2182456	1
5669601	5669602	1
1201765	1201766	1
10148299	10095803	1
295777	295785	1
10308821	10308822	1
8185444	8185443	1
6178496	6179436	1
1241988	1241927	1
11194429	11194430	1
2490431	2490188	1
1933803	1933804	1
8823945	8815502	1
7079565	7079693	1
3547564	3547563	1
8733682	8733665	1
5273611	5273612	2
7727047	7727048	1
9757993	9757997	1
11812463	11808277	1
10599019	10592460	1
12478003	12477954	1
10424953	10424894	1
5240399	4957392	1
1681301	1681302	1
6623418	6623417	1
7426143	7281876	1
3293037	3293042	1
10539035	10539081	1
1184910	1184907	1
9825165	9815763	1
10085594	10085593	1
10052347	10052348	1
5976202	5963880	2
7224426	7224606	1
12519291	12492281	1
7968306	7924038	1
8055967	8055968	1
9555535	9548434	2
6927000	6926999	1
4220815	4220816	1
8762134	8762133	1
9057069	9057070	1
5786225	5786410	1
12152146	12153545	1
1725395	1725389	1
10143277	10143284	1
6622430	6622656	1
8217334	8217595	1
786899	786923	1
8230455	8230456	1
4560210	4559553	1
8195459	8195460	2
4073792	8618448	1
11523987	11512306	1
3419367	3419346	1
9992956	10040304	1
6671208	6675452	1
6197693	6197694	3
5005059	5005060	1
113302	113301	1
12797187	12797494	1
4333943	4333948	1
12381811	12404452	1
2941863	2941305	1
5557913	5531282	1
6462499	6278291	1
5644000	5644003	1
6081137	6081005	1
3925891	3925806	1
7784085	7784090	1
2232186	2232219	1
522050	522049	1
8896073	8896074	1
9797504	9654341	1
6303070	6303164	1
1926560	1926557	1
6004258	6004257	1
4669964	4669963	1
1865789	1847789	2
2793761	3154089	1
4505012	4505011	1
6998820	6998970	1
9915252	9936503	1
1942699	1942656	1
5616254	5616251	1
4396432	4298476	1
10680855	10680856	1
10332299	10377245	2
2789646	2789645	1
12790952	12790951	1
5263508	5263505	1
329651	329652	1
1279758	1279757	1
3351940	3351939	1
10716382	10716381	1
1254335	1223234	1
5300547	5300548	1
8259203	8259204	1
7748364	7748363	1
11334517	11334518	1
1790541	1791017	2
12598997	12601062	1
4855022	4854783	1
11408249	11461952	1
3969416	3969325	1
6146580	6146579	1
8408469	8405450	1
7193485	7193486	1
10766890	10124034	1
2161509	2151066	1
1521426	1568164	1
4549658	4549642	1
11941938	11941935	1
4611742	4612618	1
5873177	5873157	1
6186199	6186200	2
915016	915015	1
7787037	7787038	1
11203457	11057567	1
8005025	8006078	1
5410366	5410363	1
9625648	9625630	1
4377788	4428439	1
8341572	8341571	1
3771946	3771945	1
6058453	6058456	1
5700187	5700541	1
5134322	5133150	1
6530555	6530556	1
12331612	12331611	1
10751317	10767272	1
853438	868903	1
237135	237152	1
5709188	10747231	1
12791438	12789105	1
902154	872254	2
11547427	11547428	1
9337047	9337050	1
3458331	3458074	3
5788395	5788396	1
7623741	7621907	1
9115036	9110455	1
8479842	8479176	1
9455150	9455125	1
454661	454662	1
10554737	10554738	2
6354021	6353998	1
6801227	6801228	1
9152211	9152212	1
5917995	5917996	2
3063396	3063367	1
8185421	8185422	1
6717961	6717964	1
1553270	1553727	1
3959273	3479313	1
235367	235368	1
4475610	4475609	1
8826290	3387114	1
2076821	2076822	1
11965984	11965138	2
2934966	2934965	1
6335828	6335839	1
8108212	8309101	1
10679749	10675905	1
10380276	10380275	1
10673493	10673494	2
6999053	6999342	1
8541906	8518268	2
10383536	10382993	2
10631222	10631221	1
11238934	11238933	1
12264203	12270088	1
339292	339291	1
10760612	10760611	1
8579482	8579479	1
4007990	4007619	1
9295715	9296691	2
3319690	3319689	1
5732701	5775332	1
4484967	4484955	1
4322769	4318191	1
702676	702628	1
5060161	5060164	1
3167855	3167866	1
4446783	4449955	1
10919744	10915748	1
2375887	2375888	1
8355158	8068568	1
6075546	6047889	1
12198610	12198607	1
408660	408659	2
9601207	9601208	1
1257208	1257207	1
10137741	10137742	1
6628679	6628682	1
6744972	6744926	1
4201242	4201223	1
8860875	8860876	1
7753393	7522650	1
12778499	12778519	1
3022281	3022286	1
2013330	2012578	1
1193659	1190741	2
5202163	5201594	1
1763258	1764345	3
2851811	2851935	1
5868788	5762196	1
8824205	8823532	1
3991764	3990951	1
1870977	1876361	1
2757043	2643209	1
10680368	10680367	1
2456137	2456138	1
11724780	11724779	1
11011040	11011039	1
9319099	9319100	1
1398114	2953800	1
11186270	11186269	1
11135283	1799954	1
11756475	11757784	1
10126925	10126938	1
3151274	3151273	1
8750789	8748735	1
6229678	6226562	1
5190041	5117328	1
4534320	4534370	1
10850769	10850770	1
7335564	7223472	1
4232869	4232957	1
5059074	5059064	1
3302168	3302167	1
3829150	3544022	1
10670369	10425826	1
4293147	4293056	1
4837233	4837234	1
6102151	6102593	1
947500	947499	1
11392358	8862885	1
11695757	11695767	1
8280874	8295175	1
2841512	2841509	2
5148315	5148316	1
2450013	2443670	1
5811301	6507324	1
1658072	1658071	1
4746040	4721272	1
6663051	6712619	1
8967777	8967778	1
8984555	8984772	1
2635443	2636328	1
12252558	12252549	1
428052	842468	1
5923218	5923217	1
6667983	6642315	1
5773994	6089891	1
6102592	6102591	1
10532199	10658246	1
6263285	6263286	1
3473552	3473551	1
11068142	11068140	1
5386705	5386696	1
1511073	1511123	1
7417860	7417859	1
9997757	9997758	1
5925058	5925057	1
2040421	2040432	1
7344813	7344814	1
5669422	5669421	1
11087860	11087859	1
9478670	9478667	1
12381466	12381465	1
11416235	11416268	1
10294662	10294661	2
12802947	12779584	1
9451804	9451803	1
10987289	10987290	1
11089617	11089618	1
10337365	10353024	1
1002964	1003595	1
10621513	10621514	1
4302804	4302803	1
4185393	4185394	1
9600359	9600379	1
12262041	12262042	1
12376096	12376107	2
2932894	2932893	1
1968223	1968226	1
1912633	1911218	2
286024	286023	1
12228466	12228465	1
505413	503339	1
2308559	2308560	2
4474311	4474339	2
4823934	4823900	1
5593184	5593187	1
11490418	11490417	1
12498271	12498786	1
4380325	4380326	1
1456687	1458584	1
11916735	11916736	1
6546742	6546741	2
12501294	12509729	1
3157469	11941939	2
5430639	5429630	1
11454825	11454843	1
12607947	12607876	1
6358059	6358659	2
6521337	6521338	1
9257707	9258901	1
6671206	6675452	1
1305763	1305764	2
12168006	12173575	1
5462044	5462043	1
10935023	11122964	1
6372788	6372787	1
4503339	4503340	2
12788610	12788546	1
5482469	5482470	1
3767775	3767767	1
1311124	1311111	1
8558924	8558923	1
6925672	6925671	1
7335581	7336720	1
10958999	11186864	1
8389517	8389610	1
9107565	9107570	1
10613217	10613218	2
1400338	1404882	1
9012870	9019946	1
9157420	9157419	1
1940915	1940960	1
9103669	9106307	1
616741	616742	1
9501313	9554817	1
12528621	12528622	1
892058	892057	1
10576343	10576908	1
7161577	7161518	1
7337169	7337170	1
7071942	7071941	1
4246196	4246193	2
10118977	10120407	1
5986550	5986549	1
10716855	10716698	1
4061198	4061197	2
1164746	1373871	1
3855480	3855483	1
417289	417283	1
10973671	11149284	1
1410226	1410225	2
8970712	8970711	3
2466469	2471487	1
3700719	3700722	2
12155082	12147208	1
6493389	6493390	2
1756102	1839191	1
3655235	3655236	1
10121667	10123504	1
6247665	6247666	1
10309992	10309991	1
10506729	10506642	1
4073547	4073548	1
189404	275318	1
4271304	4456212	2
3212323	3212324	1
11970120	11970276	1
3130727	3130728	1
11938378	9523930	1
5673582	5673581	1
7730903	7730906	1
418427	418428	1
626904	626901	1
3693411	3693412	2
4505757	4505758	1
12049180	12049179	1
4673393	4707617	1
3642889	3851634	1
10751588	10751587	1
6396773	6396774	1
4685767	4682005	2
12281022	12281021	2
12262043	12262044	1
11087165	11087166	2
4302765	4302766	2
11457308	11457307	1
2528204	2531161	1
5117490	5117483	1
9386577	9386578	1
2434171	2434172	1
9056226	9054347	1
6998845	6998846	1
1224956	1124735	1
626906	626905	1
7644031	7644032	1
9921946	9921945	1
3375178	3376935	1
9351583	9351584	2
545600	545599	1
10549458	10551091	1
11561677	11319634	1
6337691	6337692	2
12569663	12568698	1
11904409	11904418	1
11607772	11607769	1
7564683	7564684	1
10233435	10233436	1
5171901	5171904	1
9311496	9310670	2
2362683	2362684	1
5481664	5481663	1
11579391	11579392	2
6649734	6636533	1
4348123	4259830	1
6472278	6428127	1
11429273	290776	1
10883442	10883423	1
10804841	10795898	2
2849911	2849912	1
9649385	9649386	1
3784751	4036587	1
3049600	3028928	1
6377191	6377609	1
12624617	7298588	1
5140785	5140786	1
6520467	6520468	1
3667082	3667081	1
10772019	10772016	1
1241910	1241410	1
1031140	1272651	1
6724208	6724205	1
5781199	5780910	1
11440987	11440988	1
5669599	5669600	1
2590445	2590446	1
1049075	1049063	1
12665329	12665332	1
6228562	6228561	1
10057257	10057258	2
3599562	3595143	1
8020803	8020804	1
7512134	7512166	1
8863672	8850240	1
5891418	5896871	1
2521238	2521237	1
10329469	10323457	2
11400923	11400944	1
11614934	11613932	2
618849	618850	2
598477	598655	1
5134184	5135171	1
1362626	1362650	1
1639042	1639041	1
11299774	11299773	1
10727864	10727863	1
2311010	2311009	1
8422377	8422378	1
638247	640240	1
11282479	11282480	1
5465368	5465367	1
8505543	8505544	4
6852554	6852553	1
4395272	4395271	1
10680853	10680854	1
6203606	6203605	1
11388853	11389069	1
4219944	4219943	1
5631962	5630789	1
8792	8791	1
10495342	10495339	1
4055853	4056124	2
320304	320303	1
2159623	2159624	1
6998435	6998439	1
12740738	12740737	1
150351	50325	1
417233	417285	1
12532729	12533752	1
9932511	9932673	1
3764415	3764426	1
7961001	7961002	1
9664890	9664889	1
10746900	10747032	1
9675873	9677647	1
828966	828965	1
5445479	5445480	1
150346	150657	2
8364310	8364149	2
12791043	12791198	2
6979950	6980686	1
3400214	3400281	2
2118693	2118735	1
6447305	6447306	1
10444657	10444658	1
10503864	10503935	1
10420210	10420209	2
3524904	3524903	2
7541781	7541785	1
5066749	5066750	1
10426953	10669384	1
2355312	2355311	1
7735638	7735652	2
8207559	8207581	1
357341	356869	1
1536355	1536569	1
3101323	3101324	1
4524165	4524204	1
10271234	10271843	1
5777249	5777250	1
810320	810579	1
2747741	2711097	1
8574881	8567351	1
3425590	3425589	1
4238974	4238847	1
2351292	2351291	1
4422319	4422300	1
9095848	9095847	1
3251476	3251484	1
3530787	3530788	1
3202460	3250112	1
12757392	12808834	1
2187477	2187478	1
3038351	3038923	1
8009947	8011442	1
1413569	1413579	1
9478664	9479330	1
3532152	3532151	1
2607383	2606479	1
6028261	6033517	1
7683050	7683049	1
8603461	8605972	1
6426006	6497856	1
10630418	10630417	1
372087	371218	1
2681971	2681972	1
6498427	6495333	1
5786630	5786629	1
2526598	2526589	1
3145562	3145422	1
6081002	6081026	1
7093682	7093681	1
7804646	7783247	1
6897783	7161795	1
10903206	10903437	1
6622395	6622657	1
2533361	2610357	1
2983236	2983231	1
824695	824696	1
1787476	1787777	1
6443331	6443332	1
6528990	6528989	1
10408992	10408989	2
687614	687609	1
12781490	12745344	1
10052345	10052348	1
11866846	11866960	1
9751215	9751216	1
8075937	8075940	1
8570403	8570412	1
990113	990114	1
2851152	2846426	1
7475095	4317541	1
7574148	7574147	1
2835185	2835159	1
8324955	8324864	1
11130916	11130915	1
11437331	11437332	1
7608529	7608530	1
8823945	8815504	1
6589153	6589154	1
1649899	1504433	1
8180968	8181130	1
8060133	8060134	1
11549827	11549766	1
12052052	12052051	1
3629327	3629330	1
12622209	12621871	2
10749324	10747928	1
6208647	6208648	1
452389	452390	1
2844794	2844737	1
2484853	2484788	1
11814233	11814234	1
1685026	1685025	1
2484787	2484788	1
211811	211812	1
6213117	6213118	1
2635509	2635510	2
2231575	2197943	1
2984828	2984827	1
9308760	9308759	1
12379722	12379721	1
5219431	5219436	1
8645716	8645715	2
2460155	2460156	1
4745260	4745259	1
10761568	10765137	1
7263850	7293220	2
1405740	1405739	1
78230	78204	2
2521227	2521228	1
127399	192042	1
667854	666402	1
7787043	7787044	1
10347961	10347715	1
10002771	10002772	2
12754886	12747379	1
11161327	11161328	1
4046688	4046685	1
12611207	12611202	1
12691582	12691581	2
9551445	9551476	1
6208649	6208650	1
1773923	1773924	1
356166	356165	1
5315514	5315513	2
3906468	3907190	1
1825065	1721685	1
10578962	10578961	1
1426541	1426542	1
9551167	9551213	1
4344655	4344656	1
6076651	6074312	1
666965	666966	1
12194327	12194302	1
4201276	4300232	1
9710270	9710269	2
4593837	4593838	1
2357183	2349388	1
1885738	1885737	1
198824	198823	1
4630780	4637293	1
174200	310167	1
11416	11413	2
9732213	12442611	1
6079846	6084983	1
2243428	2243427	1
5828547	5832615	1
6477052	6477037	1
775877	778472	1
9427025	9427026	1
2606156	2606155	1
5603275	5603048	1
8742044	8742065	1
1554687	1560371	1
6856813	6856533	1
3551079	3551080	1
6639541	6639521	1
2642818	2642817	1
3082721	3048436	1
8712746	8712745	2
249008	249007	1
9427023	9427024	1
4418147	4418148	1
10921380	10918919	1
4508214	4508213	1
1696712	1696809	1
6013861	6013862	1
3382727	3382728	1
3566049	3565866	1
7693560	7693559	1
10676897	10676898	1
9833593	9833594	1
8245770	8245769	1
6566476	6566473	1
11900996	11901008	1
10636660	10636659	1
11880921	11880922	1
3690695	3691531	1
4831648	4831647	1
738980	738554	1
11895152	11895145	1
6541742	6541741	1
3389605	3389425	1
2531782	2507681	1
8794263	8794267	1
11692577	11706094	1
2266566	2267126	1
9688214	9583808	1
5907489	2550364	1
6850562	6850561	1
12262820	12262819	1
12559264	12559365	1
2758084	2758015	2
10159207	10159208	1
6070497	6070500	1
9198132	9198131	1
2374575	2441562	2
7800008	7551727	1
9980646	9980811	1
2426317	2426318	1
9095565	9161006	2
3250520	3250519	1
7502989	7503443	1
454531	743173	1
10325225	10325219	1
7637797	7637787	2
6433139	6452966	1
7400640	7337919	1
12561901	12561902	1
413141	413142	1
11241162	11241222	1
3809454	3809232	1
5329294	5328535	2
5274533	5274536	1
3386921	3386922	1
4593839	4590040	1
650682	650681	1
11451550	11451401	1
7964964	7964963	1
2443668	2442226	1
8310866	8310865	1
9816423	9825207	1
7766421	7766422	2
8990731	8990442	1
11377014	11620896	1
2385454	2399396	1
12447566	12447565	1
2933749	2874268	1
2709854	2709853	1
1570010	1521084	1
7838650	7838892	1
6587445	6583879	1
10636244	10631845	1
2749135	2756204	1
6406966	9337024	1
4553362	4469666	1
1737960	1737989	1
8483254	8483503	1
1480811	1490978	1
3769196	3769195	1
7448701	7448702	1
2331529	2331549	1
4090611	4090612	1
2224043	2224044	2
2232588	2232427	1
5135170	5135209	1
11151983	11149833	2
9785040	9785043	1
3895322	3894299	1
6927279	6927001	1
644438	644916	1
5656261	5798539	1
12766758	12771250	2
5239577	5239578	1
590843	590673	1
9776555	9783924	2
11515034	11515033	1
1187076	1188106	1
11113172	11093280	1
10685238	10683706	1
11747557	1972772	1
5223055	5223056	1
11753953	11753900	1
3155452	3155451	2
2394704	2394703	1
12018685	12018688	1
5759446	5759448	1
6009607	6008592	1
7730418	7730417	1
4195313	4194729	1
250106	250190	1
2016930	2016929	1
5465157	5465965	2
2486965	2617606	2
5318327	5318328	2
7224972	7224971	1
4812998	4812997	1
10311335	10311389	1
8371200	8371199	2
5379052	5379877	1
6447067	6447068	1
3351637	3351638	1
3555562	3555561	1
6537737	7816224	1
10216661	10216662	1
10316260	10314556	1
4053404	4053403	1
10962130	10967623	1
2082138	2082137	1
2608852	2608851	1
12645534	12645533	1
9075438	9075437	1
8231665	8238245	1
10566453	10613216	1
6533767	6533849	1
4348133	4348134	1
8658037	8658043	1
535717	535681	2
3419398	3419429	1
12526339	12526340	1
1235356	1235645	1
7071947	7071948	1
3294009	3099837	1
2488678	2484533	1
5788397	5788398	1
2488671	2488676	1
3962227	3961148	1
10262363	10262364	1
7462258	3541570	1
10630422	10630417	1
6110649	6110464	1
1915597	1945509	1
24991	24964	1
6469125	6469126	1
11237878	11283703	1
6139992	6072315	1
7604553	7604281	1
3889591	3889592	1
7238566	7238565	1
5739677	5740403	1
12379060	12374126	1
11363343	11363344	1
12767368	12519554	1
7860779	7860780	1
6140634	6140633	2
10684109	10684110	2
7403687	12761761	1
942360	942359	1
9655087	9655092	1
7929537	7929538	1
11904674	11904673	1
12757778	12754267	1
965471	965472	1
5229178	5220138	1
8861309	8867910	1
12512096	12512093	1
5671648	5671647	2
4549003	4548980	1
3043205	3043206	1
3666812	3666811	1
10699180	10732283	1
915014	914409	1
975225	975038	1
5104336	6423724	1
5558781	5558782	1
9752459	9752462	1
5715345	5715346	1
7574146	7574145	1
2093559	8734684	1
6743700	6743699	1
11595549	11595685	1
7780084	7780069	1
7182869	7094347	2
10809946	10809964	1
9898202	9898201	1
2792928	2792927	1
6281547	6281548	1
10232468	10232467	1
452389	452392	1
739438	739435	1
2013497	2013490	1
1619049	1619031	2
7750489	7750490	2
1607679	1607680	1
1153713	1153714	1
7860089	7860090	1
6305744	6306358	1
5650055	5641246	1
5004412	6793162	2
1224887	1225016	1
8506053	8510545	1
9587394	11190693	1
3769988	3769985	1
10119212	10119333	1
8188045	8188046	1
8195552	8195549	1
8502525	8502526	1
1083634	1083633	1
5617314	5617309	1
3706743	3706563	1
8422371	8422376	2
10095003	10095004	1
6761500	6782697	1
9318891	9320425	1
7461539	7461540	2
378564	378574	2
4219486	4219485	1
514860	514859	1
4834517	4834520	1
11014198	10976958	1
6720359	6720764	1
738698	738653	1
2221074	2221055	1
10931929	10931930	1
9518362	9518361	1
9829361	9829362	1
5581431	9527669	1
9830339	9830340	2
3854207	3854127	1
11257048	11257047	1
8681608	8681274	1
4578290	4578529	1
7027034	7027031	1
8681785	8681770	2
11563906	11563903	1
10567194	10567193	1
797332	795180	2
776486	776481	2
9375218	9375217	1
11049487	11052227	1
1235358	1235357	1
535323	535435	1
5820835	5820836	2
5309906	5312756	1
10382670	10382702	1
5201023	5197860	1
2478559	2478560	1
6057346	9010717	1
5730520	5713589	1
5408203	5408270	1
1270411	1270412	1
9319796	9319795	1
2494444	2494812	2
11440983	11440984	1
6191635	6191636	1
2595884	2595881	1
8680927	8681784	1
2071219	2068294	1
7855148	7855147	1
5381365	5381612	1
2415711	2438314	1
7874809	7801786	2
7507292	7507291	1
1392381	1392960	1
11607770	11607769	1
7103819	7103820	1
11530625	11530688	2
9789263	9789250	3
2813306	2813311	1
8646784	8657601	1
3993569	3993570	1
12174439	12174323	1
9953271	9926006	1
4372111	4366971	1
11373067	11372990	1
11648196	11648193	1
9719871	9720014	1
7856390	7856389	2
2427898	2427805	2
1279759	1279760	2
8992940	8992939	2
4614230	4614229	1
10541533	10547768	1
3298019	3298020	1
7621906	7621905	1
3615483	11531190	1
12378311	12378312	3
8029477	8029478	1
5482471	5482472	1
4001586	4001583	1
3739456	3739455	1
647047	592259	1
2246838	2246837	3
3978638	10183902	1
3354649	3354650	1
12360637	12360812	1
4337323	4337324	1
12501826	12501825	1
8900385	8900386	1
9096107	9096108	1
8226907	8371696	1
1788692	1791470	2
6289199	6289200	1
5005061	5005062	1
7625293	7625635	2
2722814	2722632	1
5437997	5521949	1
7596793	7596794	1
6547162	6412730	1
6305746	6305745	1
9749704	9749703	1
7566737	7566611	1
9540387	9540388	1
5310558	5310569	1
2749236	2736247	1
518037	518038	2
3049331	3027417	1
12018507	12018508	2
2810706	2810705	2
8018575	8018558	2
8195457	8195458	2
7666183	7666184	1
10748968	10184976	1
9635563	9635564	1
2701211	2701212	1
7666185	7617321	1
5854901	5859773	1
7101278	7101277	1
4276764	4276763	1
6379123	6379124	1
10014181	10014156	1
6151997	6152186	1
2884522	2884519	1
1757725	1757654	1
2137795	2143462	1
9835525	9830369	1
5325463	5325464	1
11857449	11857461	1
1381384	1381381	1
426069	426070	1
5118459	5118460	1
3410738	3410737	2
9017064	9017061	1
7607746	7615787	1
10667106	10660218	1
1929282	8647382	1
6477599	6477600	2
12562542	12562429	1
1959410	1959409	2
12262818	12163484	1
10232735	10232736	1
5089932	5089929	1
5639955	5639956	1
9976124	9976025	1
390133	390134	1
6160835	6160836	2
9688083	9688084	1
873444	873965	1
10768720	10768726	1
2179890	2181141	1
3867390	3867389	1
6574151	6574152	1
2926133	2926136	1
2623186	2606606	1
397632	397631	1
3552087	4688044	1
11215704	10978919	1
10460736	10460735	1
5896200	5896199	1
2479001	2479002	2
4541469	4264267	2
2355792	2350149	1
12121190	12129446	1
3568702	3899176	1
966502	966501	1
11779107	11779219	1
11161363	11161857	1
8005023	8005024	1
4368571	4368572	1
2649716	2704397	1
1708680	1708627	1
4533239	4533240	1
2789644	2789643	1
2560535	2568535	1
10307218	10307215	1
6698714	6698676	1
11016553	11065383	1
2123387	2123390	1
4226668	4234832	1
4630749	4635514	1
8344990	8344989	1
10156951	7352526	1
6209994	6209991	1
7784085	7784086	1
12280634	12280577	1
6740215	6740216	1
1344319	1344361	1
1101528	1097264	1
4553224	7945279	1
7795409	7800373	1
11844281	11844282	1
10968738	11113700	1
7211296	7211064	1
3544939	5537699	1
2515841	2515844	1
8353195	8355485	1
2950679	2953800	1
10577131	10581317	1
4520177	4520178	2
3738220	3738219	1
10897269	10897270	1
4476865	4514478	1
1658696	1658693	1
378486	378416	1
3132415	3133607	2
10608034	10605266	2
6662193	6662232	1
3873097	5276112	1
10678366	10678357	1
6927279	6926999	1
5139047	5139048	1
3925807	3927724	1
3609115	3606451	1
4821063	4821064	1
1538930	1541426	1
5739894	5739893	1
11164784	11164696	1
236768	236625	1
872438	904985	1
3617246	3617252	1
977281	977282	1
5895693	8713540	2
4270707	4270708	2
1293277	1293278	1
6254068	6254067	1
10369510	4913265	1
4169585	4169749	1
11283702	11283701	1
9804266	9804265	1
5476045	5476046	1
10123529	10123444	1
9481680	9481610	1
730621	730622	1
7241541	7239014	2
2119785	2119786	2
5692761	5692762	1
773246	773216	1
10023175	10023692	1
11150559	11184680	1
10052345	10052346	2
4418432	4418483	1
11778706	11778841	1
9422350	9422349	1
10248769	10248770	1
4140472	4149004	1
1356491	1266180	1
3633003	3683011	1
3958766	3958756	1
5410364	5410363	1
11508981	11506956	1
5940156	5938974	1
5045382	5045186	2
250132	250105	1
128916	128838	1
3653300	3653303	1
3241587	3241588	1
11356952	11356476	1
9721883	9736605	1
11117710	11117709	1
11938380	11938379	1
8610975	8610976	1
3651084	3651364	1
2001148	2001147	1
3726096	3726081	1
8422377	841149	1
9827152	9827151	1
6059042	6059041	1
3021879	2939886	1
3739454	3738221	1
4826375	4826376	1
1380105	1381007	1
4651852	4651861	1
11366945	11366958	1
9761854	9761851	1
3801506	3801501	1
2568498	2568497	2
7145759	7145760	1
2606152	2606151	2
4286898	4286897	1
6366665	6366419	2
7144506	7144505	1
1502915	1502916	1
11820751	11820752	1
6048463	6046117	1
11550834	11550833	1
9849087	9849088	1
3515034	3515033	1
1575530	1575529	1
5347772	5347771	1
3664332	3663069	1
7600278	7597216	1
3542893	3542894	1
809107	813152	1
5794776	5794733	1
10050186	10050247	1
5497681	5497686	1
5774293	5774294	1
10485222	10485221	1
4146692	4146695	2
4807517	4809671	1
7930888	7929930	1
5363801	5363802	1
10066677	10061693	1
5230687	5208545	1
12270089	12270090	1
1361993	1361994	1
7991670	7991669	1
11709748	11709747	1
167069	167121	3
9704709	9708832	1
3216568	3216625	1
3092398	10855865	1
3597679	3596805	1
6546811	11340955	1
10697937	10699438	1
11363343	11363852	1
35915	35916	2
6137733	6137734	1
5004570	5004428	1
3403947	3403626	1
5051794	5051197	1
5411359	5411362	1
3934396	3931369	1
11670243	11670244	1
11497971	11497972	1
4241926	4151176	1
9939801	9939802	1
3422117	3422118	1
12368562	12611876	1
626874	626873	1
10198785	10198786	2
2638869	2670665	1
10979536	10979535	1
3964922	3964921	1
12673811	12673473	1
7144504	7144503	1
9859462	9859461	1
9055485	9055486	1
6289197	6289198	2
1963307	1963308	1
1765632	3048895	1
9095846	9095845	1
11720307	3495567	1
6477036	6477061	1
5674785	5676733	1
7237300	7354455	1
6140632	6140630	1
932303	929140	1
5600123	5600124	1
1838691	1838692	1
8216310	8216309	2
3493096	3471917	1
10042601	10042602	1
5431797	5431798	1
10714784	10714813	2
5548560	5549589	1
9513459	9513460	2
7533887	7458841	1
4322184	4322183	1
8543363	8520661	2
1978198	1978197	1
11298867	11298868	1
11881709	11773371	2
10128669	10127965	1
5935985	5935986	1
11315240	793873	1
9522051	9522052	1
2934949	3138057	1
5358375	5371506	1
10742192	10741693	1
12281024	12281023	2
8490435	8490438	1
6953133	7063358	1
4051121	4052306	2
5707981	5707982	1
1565366	1565369	1
5751800	8716609	1
2602801	2595506	1
8502536	8502535	1
448612	381834	1
5227820	5224979	1
3776296	3776295	1
9578743	9575226	1
10399680	10399679	1
2634065	2628768	1
7322461	7322462	1
4279476	4279475	1
12416994	12416780	1
11403731	11403732	1
8925354	8925351	2
6150388	5839158	1
9870745	9870746	2
9970601	10261100	1
8888127	8888132	1
3260125	3259954	1
673873	673874	1
8673965	8673730	2
6832163	6832071	1
12018505	12018506	2
2835427	2835428	1
12569812	12569811	1
6811913	6812826	1
4809923	4809928	1
2230040	2234603	1
6206274	6205954	1
12184076	12184047	1
792968	792967	1
6131854	6131856	1
199501	198430	1
275319	275320	1
677494	9827153	1
2936580	2936579	1
505241	505259	1
3285850	3285849	2
6574153	6369608	1
2223510	2185161	1
11538725	11538034	1
2503411	2497090	1
8536026	8536023	1
360541	360542	1
472725	521686	1
9150603	9150604	2
8924503	8924504	1
8879187	10198113	1
5913870	5915362	1
5845869	5842513	1
3061169	3061170	1
7709108	7709101	1
10082297	10082298	3
10492750	10492749	1
8900381	8900384	1
4314601	4314484	1
2182457	2182437	1
4104980	4104979	1
2941302	2941300	1
2398160	2398159	1
1037853	1037854	1
11943251	11943289	1
3666784	3674219	1
5250057	5250060	1
2603797	2603798	1
6707543	6627900	1
9629195	9629196	1
4336666	4343407	1
7317126	7317125	1
6822103	6822862	2
7885565	7885566	1
628928	628953	1
6732316	6733095	1
860391	860392	1
738215	5443876	1
11689637	11689638	1
311418	311417	1
2902836	2902264	1
10353489	10353490	1
2106308	2106307	1
8833278	8833277	1
522755	522756	1
8244803	8245272	1
10575134	5143249	1
10111736	10111735	1
738215	738216	1
12382477	12382517	1
1028734	1028733	1
6621570	6621618	1
2382409	2382395	1
5099618	5095047	1
1539679	1539693	1
1269783	1269790	1
12556703	12562384	1
12528235	12537795	1
2992975	2992976	1
3788169	3788170	1
660069	660070	1
3806506	3803427	1
1201761	1201764	1
9132923	9130592	1
1180887	8992941	1
6143138	6169057	1
2566446	2566445	1
6191429	6192118	1
11718717	11718718	1
10228362	10228359	1
833943	820578	1
7536621	7536622	1
2983221	2983224	1
8666676	8666675	2
11533704	8374994	1
6577521	6577522	2
10479473	10479474	1
6020649	6020652	2
8109182	8109181	1
3194018	3194017	3
1453464	1453463	1
5473109	5473127	1
1781624	1776133	1
9877264	9877263	1
332840	332843	1
5863743	5863744	1
12465459	12226151	1
8422076	8422075	1
1329263	1329264	2
4045763	4045080	1
11187453	11187454	1
711575	711576	1
10085596	10085595	1
2398727	2534301	1
5908366	5908365	1
12498412	12498411	1
11627652	11627642	1
3050922	3050921	3
9503397	9504457	1
632169	632170	1
1305765	1305757	1
7800372	7800371	2
7014932	7014929	1
549196	549195	1
5707228	5703083	1
3008463	3008464	1
9338600	9338454	2
6937206	6943832	1
1113496	1113493	1
5443012	5443011	1
4664539	4664540	1
5221970	5221968	1
6020653	6020654	1
3160611	3160078	1
5440725	5440864	1
5739892	5739891	1
2601523	2601662	1
1648366	1648365	1
8527585	8527586	1
7670457	7670471	1
5165723	5165724	2
4590747	4590750	3
3121136	3121350	1
5501011	5501012	1
3312484	3259939	1
12672103	12666234	2
3210965	3210966	1
5856752	5856751	1
7938426	7938425	1
12389634	12389633	1
7431802	7431801	1
2247827	241984	1
6674709	6660968	1
10072380	10072470	1
11440985	11440986	1
9790961	9790962	1
11641379	11641384	1
2888292	2888315	2
10644006	10644005	1
2424997	2424998	1
2973617	5671489	1
12683403	12685406	1
1098518	1098431	1
8997363	8997596	1
3151941	3151942	1
6191633	6191634	1
10762869	10762870	1
5599049	5599051	1
2048408	2048407	1
826336	826199	1
8531993	8531994	1
11611727	11426971	1
9645341	9645342	2
4605652	4605651	1
6886916	7201313	1
3821884	3821883	1
7344149	7343152	1
1671878	1671877	1
406345	406346	1
6281549	6281550	1
860797	860798	1
611743	608925	1
8616209	8616210	1
6984022	6984021	1
8400833	8440272	1
6362112	6361624	1
7879915	7880809	1
2317429	1291694	1
3056647	3056718	1
2759815	2759818	2
6372513	6372516	1
3933381	3933227	1
10920090	10919774	1
966500	966499	1
396984	397160	1
8865359	8865316	2
12343379	12343380	1
3447973	3447974	1
6807926	6713588	1
120611	120612	1
9495339	9495340	2
6033632	6033917	1
5958270	5958682	1
6585525	6589245	1
8193781	8193782	1
392087	392088	1
5301837	5300546	1
8869965	8869968	1
4867144	4867278	1
10464472	10464471	1
2905296	2905429	1
2935367	2935368	1
736233	736234	1
5740488	5742560	1
8269162	8268998	1
10599261	10597683	1
4831646	4831645	1
8802506	8802503	1
4314489	4314639	1
2934942	2935083	1
2836713	2836700	2
9545812	9545122	1
5841012	5840483	1
5023779	5023780	1
12371770	12371724	1
986226	986225	1
10988636	10988640	2
11327899	11327900	3
9898198	9898194	1
8733852	8734262	1
11714651	11714557	2
3768208	3768207	1
3162627	3162660	1
1688721	1688722	1
716243	716244	1
2187955	2181660	1
9021348	9025570	1
6494868	6494861	1
2876919	2921966	1
3365546	3369550	1
10030902	10031006	1
4468843	4468844	1
5740123	5740388	1
12457521	12457526	1
12800745	12800746	1
3194846	2859945	1
6581830	6581829	1
9797505	9797534	2
9231835	9231836	1
5908412	5908367	2
1658688	1420518	1
6469811	6469354	3
2955146	2955143	1
2319379	1289482	2
8231941	8074775	1
5377901	5377880	1
7622267	7798045	1
4064065	9862745	1
10389003	10389006	1
8213424	8213423	1
261737	261742	1
1228000	1227928	1
12596036	12596263	1
6175721	6175722	2
11289895	11289896	1
7303956	7303310	1
667264	667263	1
10729373	10729374	3
11838718	11838717	1
1670577	7045995	1
2436351	2422398	1
2322830	2322829	1
1631297	1631298	1
2845070	2887344	1
12399413	12399407	1
8371405	8371394	2
12420164	12420163	1
3550339	3550342	1
4741983	4810850	1
10644004	10643844	2
1103254	1103253	1
787918	787886	1
5534323	5548378	1
8822699	8822700	1
10681839	10686008	1
6495011	6495510	1
2767379	2767380	1
9365286	9365285	1
1940816	1941170	1
6890613	6890614	1
10841243	10841246	1
4064063	4064064	1
776488	776487	4
1924856	1924647	1
7290308	7290000	1
7939749	4471072	1
3816427	3817547	1
12245732	12238414	1
5842232	5842231	1
652504	652513	1
382880	382873	1
2361456	2361455	1
5828779	5823854	1
6379123	6379128	1
9649387	9649388	1
2423810	2423807	1
8292992	8292991	1
3152602	3152601	1
9451802	9451797	1
6850558	6850557	1
11089923	11089924	1
8079242	8294017	1
1949767	1949768	1
3868221	3868032	1
10122898	10122897	1
9813985	9813971	1
5928263	5928319	1
11225972	11225971	1
5175518	5175517	1
3038065	2992043	1
8172452	8172451	1
1066627	1066667	1
9009431	9004177	2
5598554	5557094	1
4581194	4581193	1
5847647	6135221	1
8646786	8646785	2
9142998	9142997	1
1400316	1400315	1
756853	757067	1
7017437	7099315	1
9544456	5561391	1
9905758	9892098	1
4220559	4220560	4
2853966	2853963	1
926461	926462	1
7560847	7560814	1
8962655	8962656	1
1646360	1646359	1
5758157	5739616	1
4615673	4405462	1
5126607	5127051	1
9498998	9498995	1
6168419	6146144	1
2207936	2207935	1
10252496	10232272	1
733232	733229	1
922408	922422	1
774372	774376	1
6623289	6623290	1
6662029	6662030	1
12200876	12304312	1
6291493	6292076	1
82809	88853	1
11824534	11824533	2
3993575	3964923	1
9315121	9315229	1
397634	397633	1
9536736	9536693	1
11257789	11257950	1
5742542	5742541	1
9697643	9697644	1
3808417	3808418	1
6991887	6991888	1
357748	357747	1
9579469	9579507	3
5891420	5891419	1
12790950	12795811	3
4700538	4695195	2
7625286	7641258	1
4183077	4191839	2
11283147	11282512	1
4595065	4595147	1
1042089	1042090	1
1092996	1093027	1
12614820	12423821	1
4117546	4117550	1
4859484	10871264	2
5707230	5703083	1
3417831	3417797	1
10391146	10391145	1
5619651	5619592	1
7725249	7725250	1
8235242	8234405	1
9177962	7272225	1
2701976	2714019	2
121620	121619	1
10798476	10800245	1
6160837	6160838	2
10111713	10111714	1
11422228	11422227	1
10338641	10489642	1
8468994	8468993	1
4399709	4399582	1
6203286	6121024	1
10237808	10237802	1
8384438	8385203	1
10633129	10632504	2
10332297	10332298	2
2704396	2704395	1
12465459	12465460	1
5074921	4999994	1
3664896	3674105	1
9972831	9973268	1
5876153	5876154	1
8293642	8293641	1
390135	390136	1
6559953	6559954	1
2543809	2543810	1
1179678	1179677	1
10556519	10556520	1
2953801	2953802	1
917545	917546	1
11536073	11536074	1
9681357	9681642	1
1744294	1744344	1
6441187	6446741	1
9061315	9061316	1
8070407	8070408	1
2164255	2164256	1
12498384	12497735	1
8720832	8720831	1
5213144	5213141	1
1756843	1756844	3
9167476	12794565	1
2935446	2935445	1
2426319	2426320	1
5820620	5820619	2
12655197	12655198	1
3259312	3259302	1
11529729	11530689	1
6547873	6547163	1
3608935	3621367	1
6349260	6349259	1
1607458	1607457	1
7182867	7182868	1
8238107	8236941	1
10243025	10243026	2
10852814	10852813	1
6070698	6070728	1
194146	191351	1
11016551	11016552	1
4560742	4560741	1
2595509	2595414	4
4303903	4304447	1
7352527	7352528	1
4525997	4527564	1
1981179	1981180	1
9508775	9508992	1
2082144	2082141	1
818891	818892	1
4760317	4760320	1
5559426	5559417	1
9098087	9098074	1
2976798	2976797	1
8544689	8544690	1
4860151	4860152	1
12447564	12158213	1
3927773	3931997	1
123482	123481	1
7133414	7133413	1
8913884	8913883	1
1775882	1763652	1
7044586	7044585	1
9393129	9393130	1
11337876	11333742	1
860389	860390	1
3328863	3328864	1
7683048	7683047	1
11327983	11327986	1
5566458	5561613	1
10931934	10931933	1
3596930	3594921	1
4302767	4302770	2
7759266	7759265	1
4292561	4292562	1
121618	121617	1
2468485	2468486	2
10754202	10755280	1
1933392	1933391	1
10285393	9981235	1
1493863	1493864	1
6146941	5917994	2
11576916	11576924	1
11622575	11622576	1
8910198	8910195	1
8249702	8249786	2
12568959	12568960	1
2189474	2189542	1
10045219	10045220	2
2439574	2373092	1
9393397	9393398	1
762539	733233	1
5633603	5633608	1
11174974	11174973	1
11094803	10938317	1
2827982	2658036	1
11253647	11252617	1
650684	650683	1
6998221	6998224	1
284869	284870	1
2588304	8514010	1
9083622	9083490	2
1183879	1198440	1
11941938	11941933	1
4710931	4710895	1
317662	317661	1
12717960	12717922	3
9348371	9361782	1
8476782	8476781	1
8764040	8803322	1
1595919	1595304	1
9996279	10045349	1
1086510	1107347	2
9757991	9757992	1
7461541	7461542	3
7025026	7023136	1
12762205	12762246	1
4783535	4783536	1
6175719	6175720	2
11006572	11144761	1
10718516	10718515	1
9945605	9917454	1
1738083	1738084	2
7876821	7876924	1
5273400	5273399	1
11496527	11496531	1
10235452	10134973	1
7418925	7417868	1
4219596	4186054	1
12497727	12497728	1
6515213	6460172	1
12381441	12381467	1
5467772	5468418	1
6776092	6776079	1
2515843	2515844	1
5118239	5118240	1
9598459	9598419	1
12008553	12008554	1
2318555	2318523	1
7660837	11198602	1
563061	563062	1
192532	192071	1
6076235	6076236	1
9968201	9968190	2
12055009	12055003	1
6001179	5922345	1
522753	522754	1
7666530	7666529	1
11919957	11919958	1
1237539	1237540	1
7368070	7368067	1
5619269	5619270	1
5597970	5598300	1
552921	809798	1
1624640	1624639	1
12281020	12281019	1
2243403	2243387	1
1516516	1516396	1
2548064	2548063	1
4653643	4653656	1
10436996	10435829	1
9099136	9099051	1
12568957	12568958	1
1106505	1092060	1
8781338	8781337	1
5361853	5361854	1
2143463	2143464	1
8371202	8371201	2
4812996	4812995	1
4276130	4279293	1
5966896	6931916	1
6622430	6622654	1
9549562	9549561	1
4114692	4114402	1
3712137	3713459	1
1183650	1183649	3
9193027	9193028	1
10338639	10338640	1
3615481	3615482	1
9422980	9422351	1
6127938	6127937	1
1984697	1984748	1
6199567	6199568	1
9932509	9932510	1
10568060	10549347	1
11283216	11283263	1
12381464	12381463	1
3944013	4021316	1
11602700	11411785	1
1801594	1798870	1
7369625	7367444	1
11641385	11641386	1
4350031	4350032	2
1645645	1645652	2
786079	786080	1
6881638	6881635	1
7943717	7943651	1
742490	742489	3
3592259	3596881	1
9164415	9164416	1
5560175	5544205	2
1171545	1171792	2
879318	879317	1
6425425	6465301	1
4856037	4856026	1
6284549	6284550	1
11529038	11529035	1
9060378	9060377	2
5631296	5858743	1
8068291	8354208	2
7788605	7788573	1
1299153	1299154	1
5797147	5797979	1
817998	818331	1
12735580	12741583	1
9914886	9915952	1
2311243	2311244	1
360539	360540	1
8233050	8231213	2
699912	699911	1
10120559	10120560	3
4388406	4388393	1
2127150	2127149	1
9863183	9871390	1
8866343	8872364	3
2770794	2761031	1
7608507	7608508	1
7960808	7960631	1
5080808	5255088	2
8900404	8824162	1
11641266	11643171	1
837518	828794	1
12225246	12036796	1
4855684	4855681	1
6342788	6342781	1
7116230	7116227	1
8659542	8659541	2
5923606	5998215	1
9911480	9907182	1
1652943	1652944	1
2647422	2647421	1
7455264	7455261	1
11194669	11195216	1
10572495	5227995	1
9574825	9751206	1
5917972	6445759	2
10006625	10006572	1
1597827	1513597	1
12207986	12207985	1
628022	627814	1
3649067	3649092	2
7813791	7813692	1
12378313	12378314	2
3500093	3500094	1
12176897	12181236	2
2515852	2515840	2
4144929	4144930	1
4087688	4087385	1
1551415	1551418	1
9974861	9981702	1
518039	518040	2
10676899	10676902	1
12054473	12055713	1
7001969	7001970	1
8396970	8396950	1
9751215	9756740	1
10121765	10692525	1
1912629	1912632	1
7915400	7915399	1
6172982	6172981	1
6254576	6254536	1
10262494	10262497	1
6027873	6027853	1
10648030	10648029	1
5889639	5889640	2
7334811	7334812	2
2895094	2895093	1
1106622	1106653	1
2954443	2954755	1
4059282	4059281	1
5102778	5102761	1
3642898	3759741	1
1681410	1681409	1
2751575	2751957	1
10564267	10564268	1
4180168	4180068	1
10077491	10077477	1
1319987	1319988	1
11636839	11636840	1
3325624	3325623	1
9346827	9346830	2
6531804	6531803	1
7303556	7303555	1
11848639	11848640	1
6768692	6768691	1
8441948	8445303	1
10681826	10719393	1
2041714	2041713	1
11282513	11282514	1
679099	785013	1
801287	801288	1
6952865	6952866	1
5281632	5278481	1
1465857	6789778	1
9020635	9020636	1
10580138	10537192	1
2962260	2976178	1
9318133	9318113	1
8244407	8244410	1
3549316	3690304	1
10615278	10615277	1
2838551	2843691	1
977839	977840	1
934863	934870	1
5234102	5234097	1
3186282	1765560	1
3731139	3627390	2
11096636	11096625	1
1164748	1164747	1
7725335	7725336	1
12515923	12515924	1
2997628	2997625	1
1537281	1539908	1
3629739	3629740	1
2383218	2394711	1
4261224	4261223	1
9604311	9604094	1
10458649	10458650	1
9672730	9672729	1
6029511	6029512	2
5755033	5755034	1
11751954	11752173	1
7344667	7318525	1
11392356	8862885	1
9854971	9854972	1
5239206	5239205	1
5055396	5055395	1
6987048	6986696	2
7368070	7368065	1
3664332	3663067	1
10184142	10184117	1
11529040	11529039	1
606932	606942	2
6743702	6743699	1
9908068	9908067	1
2341786	2341785	1
2311245	2311246	1
6817561	7877540	1
5773098	9320398	1
10911841	10898744	1
9020637	9020638	1
8816725	8816726	1
5827500	5829015	1
6892541	6892542	1
5786634	5786633	1
10505309	10505294	1
6926998	6926997	1
4497460	4377730	1
11054374	11054418	2
10417406	10417405	1
3282268	3280624	1
135829	134525	1
8556139	8555810	1
6495511	6495512	1
6002702	6002700	1
10551090	10551089	1
5127298	5126305	1
3389424	3389421	1
6531158	6531157	1
2871284	2871283	1
10848114	10848113	1
6530559	6530560	1
9990435	9978260	1
5263410	5263409	1
12622691	12622692	1
5384093	5384094	1
9749706	9749705	1
7869549	7869550	1
10689538	10681056	1
9371573	9369995	1
8560570	8518525	1
4564637	4564638	1
7918475	7918243	3
11962145	11962536	1
7588014	7587932	2
2307359	2307360	1
1543378	1543377	1
9281139	9281104	1
9285550	9332362	1
11433519	11433547	1
7362470	7305962	1
10558465	10558466	1
4826309	4826312	1
11266878	11266877	1
2179892	2179891	1
919694	919693	1
5359678	5359677	1
666967	667473	1
11146152	11173242	1
7322459	7322460	1
8516151	8490434	1
243431	220921	1
1607534	1607533	1
4060864	4060866	1
9600355	9600379	1
3983869	3983872	1
3014025	3026052	1
2564108	582700	1
871836	871826	1
91592	91591	1
9290965	9290966	1
6240028	6240025	1
7548945	7632926	1
10356575	10356576	1
622984	622980	1
8295174	8295171	1
12389897	12389898	1
6667981	6667982	1
11732580	11732579	1
6233514	6233513	1
11993261	11986320	1
2753880	2753873	1
6720792	6720791	1
1286325	1286328	1
5728876	5728875	1
8188047	8231324	1
3660198	3631594	1
12171648	12171698	1
4118076	4118608	1
5117256	5117255	1
4053535	5574244	1
11681249	3989650	1
10374474	10370217	1
2253140	2253120	1
1004125	1004127	1
2141648	2141647	1
11305391	11305394	1
7507343	7509304	2
7448701	7448704	1
9598334	9599539	1
5127058	5189460	1
670585	670586	1
9498857	9498858	1
1951077	1951233	1
965473	965734	1
9349751	9350913	1
9161007	9161008	2
1206074	7278801	1
10237273	10136570	1
8316948	8317099	1
2267212	2267654	1
9145150	9145153	1
625057	625058	1
7855222	11229439	1
4302757	4302764	2
776486	776483	1
10473489	10474660	1
5699468	12290583	1
598222	598221	3
2714438	2714593	1
5544306	5544305	1
1173230	1173229	1
575502	805780	1
11282718	11283516	2
204446	204803	1
10971920	10971917	1
7448703	7448704	1
2874783	2874784	1
8600977	8600978	1
6720790	6722376	1
4449938	4607084	1
93174	71919	1
7714570	7714625	1
7631994	7627464	1
4066642	8503891	1
162925	162926	2
1569181	1568812	1
3055508	3055507	1
2948142	2954728	1
12226634	12226633	1
9638456	7971942	1
8862169	8862170	1
6194291	6192397	2
6420168	6420161	1
2022156	2022169	1
986224	986223	2
234799	234800	2
3776347	3776403	1
3214180	3253451	1
3022903	3022904	1
87073	87074	1
6069009	6070484	1
1227929	1205881	1
10539594	10539593	1
11611181	11610945	1
2836711	2836700	1
10188714	10189599	1
9391104	9391103	1
12208537	12208538	2
9515719	9515720	1
4837111	4837234	1
2127148	2127165	1
6881636	6881635	1
4082373	4082374	1
8389515	8389516	1
10162606	10057256	2
6258010	6258009	1
7334549	7334661	1
2244851	2244868	1
10012487	10012483	1
3617921	3617922	1
1867498	1867497	1
10873380	10873379	1
4444713	4444714	1
3151911	3151940	1
9652706	9652705	1
1330264	1330263	1
10982477	10982480	1
4258098	4253333	2
660393	660394	1
4614071	4587665	1
2355835	2355792	1
3271860	3267321	1
7395344	7395341	1
10707292	10707291	1
732683	912542	1
2420434	2420436	1
8951491	8951492	1
7725337	7722113	1
12564450	12564470	1
1860870	1860869	1
6564192	6564191	1
142660	142659	1
2478999	2479000	3
3056262	3056259	1
11930795	11930796	1
2030047	2030040	2
5709539	5706722	1
1835545	1835546	1
2074560	2074557	1
4495881	4652076	1
677188	677187	1
4109953	4117617	1
6197691	6197692	3
3000731	3006120	1
9124766	8975998	1
9103668	9103667	1
1745115	1746395	1
11711070	11711093	1
1648088	1635042	1
6864791	6864792	1
616986	616985	1
12750932	12758955	1
8802148	8802147	1
8213426	8213425	1
1831479	1831480	1
4278420	4278264	1
6100438	6100435	1
2236775	2200045	1
11185855	11185858	1
5883432	5883399	1
10898088	10898087	1
11387064	11390296	1
6825097	6934610	1
5700034	5700033	1
4169750	4169749	1
11863558	11863547	1
12541003	12541004	1
8809453	8809454	1
1725599	9132939	1
5421527	5434730	1
11921193	11921194	1
8418489	8418490	1
12459804	12486382	1
5465672	5463544	1
7547655	7548072	1
2046580	2046579	1
1715185	1715186	1
10152610	10152659	1
8531991	8531992	1
11631288	11631287	1
6019134	6019133	1
5482469	5482472	1
204197	204371	1
5478873	5478874	1
2291129	2291161	2
6724204	6765303	1
4596788	4596681	1
1428878	1481844	1
10875184	10875181	2
7888277	7888316	1
8253557	5713589	1
2226592	2226589	1
10317267	10317270	1
10571759	10571760	1
1973284	1973251	1
7439068	7439067	1
8797148	8784141	1
1087492	1087491	2
7604443	7603969	1
12420162	12420751	1
12292084	12005054	1
1977282	1977281	2
4302736	4302771	2
6739576	6740379	2
66127	66128	1
12562552	12562539	1
11490420	11490419	1
11183884	11183881	1
2992857	2992863	1
4804768	4805061	1
11861085	11859710	1
9241035	9241451	1
9145408	9145407	1
6564154	6564193	1
2349389	2349390	1
11598159	11598160	1
670581	670584	1
8085998	8085997	2
6154535	6154536	1
2569360	2568499	2
11016549	11016550	1
8157668	8163153	1
3928917	3929242	1
9962681	9962666	2
6892558	6892557	1
10898256	10897219	2
5968778	5966767	2
9832487	9832492	1
12343381	12343382	1
4302802	4302743	1
159774	159773	1
4291606	4293706	1
55098	55108	1
10888466	10888475	1
140899	10283429	1
4940709	4940710	1
1185379	1185380	1
11849780	11849779	1
10255121	10255063	2
11354678	11354677	1
5714923	5714921	1
2507264	2507267	1
2010171	3853445	1
7353444	7353443	1
5605211	5605278	1
9889042	9889072	2
6740378	6740377	2
7290001	7290002	1
6423725	5008447	1
7410402	7410401	1
10897198	10897268	1
7420561	7410569	1
10257358	10257357	3
11490915	11490918	2
10331993	10331467	1
11825886	11825925	2
7631162	7667753	1
3694705	3694706	1
12743246	12743251	1
10486047	10498322	1
1074636	1076706	1
6362189	6362196	2
9853372	9902365	1
4456213	4456214	2
4008718	4008668	1
8397194	8397193	1
2376471	6192146	2
7613428	7612716	1
7623588	7623587	1
8821297	8821298	1
5245176	5314138	1
891261	891281	1
7375690	7375696	1
1544327	1544328	1
7947505	7947506	2
5556609	5558780	1
12163243	12163244	2
452365	452388	2
10807280	10807279	2
3603419	4000936	1
7684179	7684180	1
12569810	12569809	1
12304843	12304081	2
4298361	4335566	1
5054440	5054439	1
1478207	1478208	1
8177382	8177926	1
5755468	5755467	1
4118878	4120431	1
3381817	3381818	1
719128	719127	1
10444618	10444636	1
11559535	11559536	1
1721076	1721075	1
4005500	4060267	1
7124149	7125349	1
1586936	1586935	2
6190066	6190065	1
9054585	9056241	2
4054078	4053789	1
6380288	6381079	2
6490445	6518336	1
11448177	11448630	1
7115077	7115069	1
4136260	4136259	1
4139078	4139077	1
10288916	10288913	1
10754857	10742594	1
8094922	8094897	2
9827090	9826766	1
5633676	5633602	1
9354007	9347875	1
11117767	11117937	3
3812555	3811943	1
11103075	11103076	1
513980	513979	1
1006257	1006258	1
9721908	9721907	1
4372114	4372113	1
1458262	1339532	1
6148965	6148966	1
6170252	6170251	1
4026777	4026764	1
1447305	1447227	1
1930980	1931004	1
4244003	2428021	2
5179982	5179981	1
2835639	6864645	1
3564263	3564461	1
6869014	6861350	1
4264875	4533784	1
9438846	9438845	1
10498505	10498506	1
9872687	9874964	1
10118753	10118754	1
539217	569564	1
1237759	1237762	1
4323865	4321758	1
12292089	12283850	1
4313459	4313462	1
5366026	5366025	1
6620837	6677144	1
2795008	2666135	1
1552919	1674798	1
8181168	8181167	1
1624903	1624904	2
1480521	1480524	1
1575478	1575470	1
11789631	11789443	1
4681949	4681952	1
9905738	9905461	1
9169361	9169395	1
1787776	1787775	1
3329477	3267388	1
6071296	5910224	1
900912	900911	1
3251029	3250540	1
1356994	1102795	1
8839668	8839674	1
2078777	2078780	2
6442027	5703732	1
7992450	7992427	1
708488	704636	1
2960447	2960448	1
860799	860587	1
3724086	3607271	1
11413604	11413603	1
489385	489386	1
3204	2915	1
11558000	11557997	1
5239695	5239677	1
8395938	8395937	1
2506831	2506832	1
7666532	7666531	1
10331789	10331790	1
9893701	9934210	1
2168217	2168314	1
8215518	8215517	1
9979385	9979546	1
2848761	2848862	1
6674895	6674896	1
3710177	3710180	1
1170040	1170039	1
3619053	3619054	1
284867	284868	2
2351455	2345212	1
932303	929146	1
4740199	4740200	1
1051974	1051971	1
11612256	11380230	1
2106247	2106248	1
2281340	2281339	1
9806767	9806768	1
5798332	5798504	1
2998555	3387632	1
1544329	1544330	1
6776769	5504250	1
2429080	2429076	1
3979029	3535032	1
9513457	9513458	2
5886973	5886974	1
7446491	2758014	1
11895752	11895751	1
4375770	4375769	1
11803585	11803586	2
5407725	5407726	1
8666356	3154888	1
5801034	5801123	1
7488093	7483283	1
11713161	11886064	1
10239490	10259188	1
4520143	4520144	1
8874071	8874072	1
7570565	7566988	1
7670639	7670640	1
11392358	11392357	1
11422240	11422239	2
11498678	11498704	1
12373774	12373773	1
7307679	7307779	1
7413132	7413131	1
3382725	3382726	2
606943	606935	1
11964839	12005852	1
3831775	3831782	1
4284044	4282805	1
5333578	5321063	2
11378723	11378724	2
3646759	3651551	1
11158006	11158266	1
2102201	2102202	1
2836711	2836712	3
7193487	7193488	1
3109001	3109004	1
6158574	6158573	1
5841769	5841770	1
1838438	1838437	1
6397553	6397589	1
11885503	11883762	1
12177962	12179776	2
7450511	7448700	2
600662	615099	1
1493647	1499545	1
3400280	3400277	1
3351869	3366231	3
6518207	6515423	1
5693074	5693073	1
2932493	3005510	1
4514534	4363708	1
6958972	6966182	1
11490914	11484859	1
12055317	12055342	1
4585451	4446632	2
5915225	5915226	1
4575072	4575071	1
7809718	7809702	1
7987338	7987350	1
12030782	11985222	1
7805132	7805129	1
5353103	5353349	2
11398300	657277	1
10128272	10128234	2
9354005	9354006	1
10427115	10427120	1
5896195	5896198	1
6662031	6662032	1
9575577	9752042	1
2547224	2547155	2
6264546	6265714	1
6090787	6090788	1
3532153	3532156	2
5460180	5460179	1
8398286	8398285	1
7792774	7792804	1
2118353	2118354	1
8795518	8794120	1
12314297	12313536	1
5368172	5368156	1
4309960	4319229	2
11326413	11326414	1
2594091	2595377	1
7752414	7752413	1
9365539	9365532	1
12006652	12006651	1
1521083	1521084	1
5623509	5623510	1
6509329	6509437	1
11180342	11180341	3
5917974	5917973	2
5092583	5088631	1
2087051	2076473	1
6195261	6195262	1
357188	357187	2
6268809	6256187	1
8601759	8601760	2
6528213	6528218	1
11486729	11486732	2
3097216	3097215	1
1402357	1402358	2
8519324	8520504	1
9571800	9571799	1
8774188	8774187	2
4376821	4376824	2
6764686	6764685	1
11087646	11087645	2
5650064	5650047	2
3220865	3220706	1
12526680	12526679	1
628940	628939	1
647045	592259	1
1072683	1072684	1
8242193	8242180	1
11469260	11469257	1
2438292	2438315	1
2518044	2518043	1
8635614	8635613	1
6222324	6222512	1
9916860	9916859	1
5177960	5177959	1
11896382	11896394	1
327423	327424	1
11782670	11782669	1
9552758	9552757	1
11017410	11017496	1
11985507	11985508	1
6207816	6207815	1
5626875	5626742	1
3425588	3425587	1
9375216	9375219	1
8431589	8431590	1
9337049	9337050	1
11103069	11103074	1
11251539	11251540	1
11820192	11820191	1
2936714	2936730	1
35208	35204	1
6907327	6907328	1
3114919	3114920	1
931287	938286	1
7867901	7867902	1
12694696	12694681	1
10658247	10658250	1
5629327	5629328	1
11649992	11649991	1
6146407	6146579	1
11418	11417	2
5692750	5692749	3
2341789	2341792	1
2273547	2273548	1
2418288	2402077	1
6840583	6840584	1
7978707	7978717	1
5846563	5850824	1
5534458	5534472	1
3041127	3041128	1
6750537	6750559	1
11122575	11122576	1
8476782	8476738	1
4514536	4514535	1
8785576	8785635	1
350539	350540	1
11767073	11767084	1
8430391	8430399	2
11998975	11998976	1
3101325	3101898	1
8367708	8420547	1
2476285	2476286	2
3400271	3400274	2
6211500	6207866	1
3478378	3478483	1
2844795	2844796	1
1631747	1630954	1
9666960	9666931	1
10279103	10279104	2
593023	593024	1
10380306	10380305	1
748695	748696	1
7775937	7775920	1
417288	417290	1
6350430	6350429	1
11330076	11330075	1
185250	185249	1
8445279	8445280	1
2577912	2579600	1
5559045	7785582	2
879893	879894	1
6998843	6998844	1
9990924	9912306	1
12245663	12245664	1
5509019	5509325	2
9906476	9906436	1
11608950	11608998	1
5075936	5075935	1
5177562	5177377	1
232658	232657	1
3973356	3973404	1
9467643	9467644	1
6188381	6188382	1
7992319	7991671	1
6743704	6743703	2
7953113	4550871	2
6659969	6658952	1
10002767	10002770	2
8097928	8098070	1
8741135	8741136	1
4305739	2416514	2
3759809	3648144	1
4595614	4595634	1
7335193	1965590	1
518041	518042	2
6194418	6194415	1
5359502	5274989	1
4648173	4648174	1
3014978	3014977	1
11930898	11928762	2
3369520	3369551	1
11616738	11445931	1
4537484	4383149	1
610896	610895	1
8105011	8105413	2
3130725	3130726	1
9002087	9008391	1
610898	610895	1
3262305	3262310	1
10329438	10328744	1
11065382	11065381	1
610593	954353	1
11665721	11665722	1
12238191	12299232	1
7798388	7798387	1
11533245	7998500	1
1829729	1552157	1
1526352	1607678	1
1914354	1914246	1
7125614	7125543	1
5971686	5971685	1
232615	232616	1
10211962	10211948	3
6035939	6032083	1
6689256	6689255	1
2578191	2578150	1
2528966	2529044	1
3194816	3194815	1
2761156	2761159	1
11076691	11076700	1
6691231	6688387	1
10695959	10695981	1
1294356	1294355	1
8697791	8700411	1
8107056	5362513	1
1765561	1765562	1
3879757	3816796	1
753808	753807	1
12561848	12561847	1
9616848	9616877	1
619118	447003	1
5692759	5692760	1
10750796	10750882	1
8354431	8354432	1
3748917	3748918	1
7157825	7157826	1
4483443	4483490	1
11689912	11695286	1
11530832	11268505	1
9706046	9763998	1
657094	657091	1
10630292	10630120	1
5816864	5816863	2
7548270	7548274	1
4808525	4738696	1
5391255	5391256	1
464021	464024	1
11774886	11774885	1
5642335	5642406	1
4547230	11078751	1
5483269	5483272	1
4355861	4355862	1
12369889	12369890	1
5917580	5917579	1
6313843	6313844	2
1624638	1625531	1
3878951	3878952	1
11149932	11149929	1
2127152	2127151	1
468681	468684	1
1513333	1513334	1
6379129	6377659	3
7943802	7943801	2
8070405	8070406	1
11808885	11808886	1
5121759	5128838	1
11874347	11850283	1
6052963	6052984	1
5615568	5615567	2
10963505	10963506	2
2148441	2148442	1
8558365	8558368	1
3089101	3089078	1
12759289	12758111	1
5376667	5376784	1
189406	189405	2
3482236	3482235	1
6623420	6623419	1
12184238	12184237	1
4605650	4605649	1
11075491	11075492	1
9470481	9470540	1
9191684	9191586	1
6813265	6813272	1
10737204	10736623	1
12197551	12197545	1
4269589	4270032	1
1343366	1343365	1
96022	96021	2
7950720	7950719	2
10490142	10490141	1
12262088	12262087	2
7258001	7258002	1
1087493	1087494	1
10675510	10671191	2
3949203	3949204	1
10850413	10850414	1
2423812	2423811	1
2272288	2272342	1
10718392	10718390	1
11833831	11833832	1
1943659	1943634	1
1381698	1381697	1
660083	660119	1
2590375	2590376	1
1586938	1586937	2
4067676	4067675	1
1454224	1454220	2
10804290	10804316	1
9996364	9996392	1
7950722	7950721	1
336828	10615279	1
9189063	9189064	1
5776307	5776308	2
1980443	2037637	1
7865545	7865546	2
12667422	12665575	1
4702191	4702127	1
6090789	6090804	1
203193	202522	1
1221552	1221549	2
6507264	6507263	1
10674012	10674011	1
165762	165807	1
7268708	7268714	1
3080060	3080086	1
2456135	2456136	1
12132864	12132863	1
9642596	9636298	1
8155011	11532917	1
3986000	4119496	1
8714025	8711088	1
12021367	12021368	1
8350781	8350782	2
7685167	7685168	1
6151995	6151996	1
9308764	9308761	1
4079947	3954701	1
6991937	6999855	1
3633206	3633205	1
5704038	5702935	1
6051266	6067408	1
8430640	8455688	1
1693027	1693032	1
6254072	6254069	1
6696869	6703277	1
9279552	9279551	1
6682263	7868112	1
10884936	10810484	1
3018295	3018296	1
10042345	10085954	1
12306394	12306393	1
2921550	2921564	1
942358	942357	1
3550724	3550658	1
5442694	5442697	1
2203365	2203366	1
5139579	5139605	2
6953145	6954064	1
9954028	9954021	1
3972522	3972344	1
12646646	12180380	1
11926173	11926174	1
6788716	6791761	1
1227465	1227466	1
11454820	11454813	1
11266681	11266682	1
5135208	5135207	1
10432	10423	1
5707979	5707982	2
6243717	6243639	1
783240	778260	1
2708289	2708290	1
5846477	5846478	2
11675003	11672675	1
3678184	3589336	2
4085537	4083660	1
12601054	12601213	1
2286393	2224042	1
6502110	6500116	1
2066110	2066109	1
4110236	4111068	1
5770785	5785230	1
9385185	9385186	1
1671690	1631529	1
11446516	11446520	1
8292990	8292989	1
11476238	11478814	2
7304648	7306452	1
3800364	3800520	1
11805342	11805367	1
707948	707947	1
10209387	10202043	1
4953781	5003589	1
10805354	10805353	1
12304728	12304198	1
11713291	11713292	1
3152873	11708130	1
7190519	7189192	1
7557569	7622997	1
8826075	8826291	1
3540806	3540507	1
11763572	11759503	3
4703938	4703937	1
2114661	2114452	1
488710	488709	1
1282657	1282708	1
9757786	9757751	1
12018503	12018504	4
7702177	7702178	1
2590038	2590037	1
11433331	11433332	1
3400341	3400342	1
10685241	10685304	1
7264724	7264723	1
1858879	1858880	1
12380104	12380103	1
3413944	3413943	1
1837565	1711303	2
3380557	7614059	1
12296890	12296889	1
9907061	9907062	1
7877141	7877155	1
2685548	2685547	1
5788911	5788912	1
6813263	6813264	1
8928675	8928662	2
1396925	1396926	1
8098109	8068577	1
12158542	12398254	2
6937153	6937154	1
11457141	11457142	2
8310868	8310867	1
12747716	12759288	1
9932742	9932741	1
2080799	2080800	2
5537102	5537101	2
6650516	6650515	1
2229147	2229059	1
5601188	5601187	1
8086027	8086044	1
10056815	10058345	1
8188970	8188905	1
12023163	12209661	1
8536538	8536537	1
5558479	5558480	1
1178610	6791564	1
5177144	5177143	1
3829611	3829773	1
1063320	1063331	1
11161749	11161754	1
5776305	5776306	3
1380088	1380087	1
2592282	2583521	1
2161208	2143513	1
9746462	9746399	1
416886	416885	1
1378662	1390163	1
7468070	7468069	1
8989724	8990158	1
1628166	1628110	1
2702764	2697394	1
11648479	11651035	1
10294877	10294878	1
10556057	10379167	1
6494870	6494869	1
9571804	9571803	2
5613547	5613548	1
5545665	5545666	1
1174945	1458063	1
7470230	7470829	1
3402860	3402857	1
5845517	5845518	1
11354674	11354673	1
4604356	4696756	1
9174932	9174965	2
10233423	10233619	1
9088869	8963264	1
7410562	7393121	1
8324948	8324947	1
646641	646562	1
2607381	2607382	1
12556195	12556964	2
3819281	3819446	1
488712	488711	1
11741415	11741669	1
1226019	8829103	2
5925056	3990379	1
6082144	6082139	1
7858322	7858160	1
6414406	6414405	1
2388651	2388652	1
8080484	8080483	1
8432226	8432231	1
828968	828967	1
10579229	10518472	1
5376647	5376648	1
2077563	2084429	1
12490920	12490919	1
2561493	2561494	1
11429586	11429584	1
5872241	5872242	1
6560091	6559952	1
11567227	11567300	1
1855120	1855140	1
6439294	6455761	1
12017593	12017594	1
11398826	11397415	1
7338555	7338081	1
1578018	1578675	3
6739263	6742086	1
10352150	10352149	1
11274107	11274108	1
11916893	11916896	1
1251718	1248015	1
628942	628941	1
6690196	6690195	1
9528485	5586944	2
8544587	8544588	1
11135769	11135770	1
3353061	3353066	1
1207023	1460417	1
6904868	6904853	1
12195267	12195270	1
12489779	12486466	1
11876265	11876266	1
2501267	2501270	1
8387285	8387286	1
6720792	6722376	1
7433371	10294876	1
2440619	2424110	1
11177545	11177546	1
11657696	11633474	1
3524918	3524917	1
2793747	2793766	1
11491667	11491668	1
8897886	8897885	1
9533020	9533091	1
8438209	8438210	1
5363803	5363804	1
4103572	4103571	1
6338701	6355550	1
8672599	8672499	1
1971704	1971108	1
199503	198430	1
5639378	5639377	1
10599018	10599011	1
2260655	2260656	1
9145410	9145407	1
5768183	5768168	1
5266449	5278959	1
12531290	12526681	1
1790537	1790540	2
7893241	7882081	1
12304313	12304310	1
5642454	5642098	1
11079440	552520	1
5829655	5829477	1
291959	291966	1
5359676	5354959	1
3580305	3580306	1
5148313	5148314	1
6022833	6023532	1
2168315	2168316	1
2922577	3043204	1
6718493	6718494	2
4560744	4560743	1
748693	748694	1
11213756	11213707	1
9300402	9300535	1
5852984	5852998	1
3244132	3244114	1
5832585	5832586	1
11280857	11280858	1
5754346	5754345	1
2840420	2840419	1
5474412	12625383	1
10594964	10594963	2
2649171	2649172	1
6570020	6570019	2
341494	341493	1
3369951	3370086	1
12389899	12389900	2
9741957	9742168	1
7979255	7979256	1
6504019	6478974	2
11429585	11429579	1
6119062	6168609	1
3668427	3567807	1
3131705	3131586	1
2060134	2060133	1
7610735	7645707	1
9349749	9349750	1
7536631	7536632	2
7911172	7446311	1
1203215	1203129	1
2370191	2370192	2
9762688	9762581	2
6145931	6145932	1
5857063	5857035	1
12574177	12574757	1
10886621	10886509	1
2256924	2256923	1
5792516	5874840	1
10557487	10361782	1
7350435	7350436	2
4270709	4270710	1
11346642	11346494	1
10323456	10327208	2
6141294	6098757	1
5901497	5901498	1
7730416	7730382	1
1063322	1063321	1
10488905	10488910	1
11496528	11542216	1
657276	657275	1
12545108	12735832	1
12401988	12401923	1
11795896	11795895	2
11019312	11002054	1
5638826	5643550	1
4339359	4339360	1
9310671	9310672	1
1132943	1132944	1
1709893	1705838	1
10044322	10044321	1
10031422	10031421	1
3474641	3477663	1
2572211	2572212	1
6522596	5929334	1
2648509	2648510	1
8293640	8293639	1
12188096	12188093	1
10315852	10315821	1
10742255	10742074	1
8089633	8089634	1
5244658	5146384	1
7019654	7019770	1
11890399	11890914	1
7049986	7050049	1
11175840	11175843	1
12691577	12691578	1
7174996	7174993	1
2694617	2704733	1
6140474	6140473	1
1185600	1190323	1
10216918	10216917	1
5429832	5430771	1
2247079	2247080	1
3389601	3389901	1
5616412	5616411	1
6574746	6574745	1
2950679	1398115	1
10241852	10241870	1
6244266	6243654	1
7617319	7617320	1
3601327	3596201	1
5230970	5230969	1
10145490	10070318	1
3034106	3034101	1
10919635	10919636	1
5086907	5188233	1
10202695	10202696	1
12393683	12128570	1
12449576	12449573	1
6116739	6116756	1
6079255	6079329	1
7014934	7014933	1
2798831	2798684	1
5438664	5438663	1
2314200	2314199	3
7890223	7890224	2
290338	2278131	1
5260581	5259779	1
3127258	3127256	1
10287970	10287969	1
3514694	3514687	1
1466163	1466164	1
10307216	10307215	1
11826672	11826671	1
5998941	5998927	1
5863071	5864243	1
2681969	2681970	1
8970281	2358300	1
11964513	12293711	1
4474338	4474335	2
7660755	7660725	1
11961875	11961876	2
2849450	2849471	1
2819321	2819322	1
1931390	8669945	1
8764632	8764196	1
6018689	6019454	1
1263746	1263745	1
1842671	1842674	2
5811226	6508217	1
2684069	2684264	1
8578305	8578310	1
2701515	2701516	2
2765997	2765998	1
2254099	2258234	1
6940	6939	2
5405467	5405463	1
6092326	6092325	1
1456689	1458584	1
4219484	4219483	1
5558477	5558478	1
5782941	5782942	1
9044997	9044998	1
10626218	10638779	1
5880341	5880342	1
6900226	6894907	1
3010764	3010751	1
8520731	8520732	1
2466467	2466468	1
10987287	10987288	1
9973992	9973861	1
8422863	8422990	1
317660	317164	1
5465366	5465363	1
55517	139732	2
12527122	4725757	1
9884697	9884706	2
5622121	5690704	2
11134369	11134370	1
10733013	10732720	1
12184046	12184043	1
3273047	3273086	1
6577523	6577520	1
11602552	11602551	1
5163100	5183310	1
8575693	8575694	1
94728	94727	1
8884190	8779301	1
8061183	8061131	1
3445137	3445138	2
4539979	4539704	1
8561280	8561277	1
10099655	10099649	1
10707998	10707997	1
2621266	2621218	1
12645532	6130199	1
2439006	2439005	1
3018720	3049795	1
12807234	12807233	1
10198286	10198253	1
7070687	7070688	1
12390354	12404705	1
11515925	11515592	1
8603687	8603739	1
2967716	2967715	1
12762125	12762126	1
4665014	4665007	1
7095353	7190393	1
10463268	10463267	1
1532278	1532277	1
6520074	6520071	1
3539079	3539224	1
403243	403253	2
5755031	5755032	1
2771997	2771998	1
418460	421353	1
4404495	4404496	1
7046057	7046058	1
516203	517313	2
5443877	5443880	1
6341701	6341718	1
3108999	3109000	1
3078748	3078747	1
2999100	2954570	1
12239141	12239142	1
4306243	4306248	2
7926295	7926289	1
244584	244583	1
10272617	10272618	1
3299938	3299937	1
3470731	3470789	1
418401	418402	1
6050286	8041364	2
338968	339001	3
4556564	4556563	1
2561572	2561571	1
11317210	11317209	2
694192	694309	2
2143917	2143918	1
4697022	4697021	1
10243027	10238377	2
11358522	11358491	1
10707996	10551675	1
6635212	6635211	1
12629695	12629768	1
3706738	3706590	1
11478005	11478006	2
3183742	3183746	1
8353381	8353436	1
11529551	11529490	1
7226159	7226160	1
11045656	11047449	1
443565	443541	1
1047541	1047564	2
6163330	6163329	1
1729521	1729532	1
306885	307491	1
11752666	11751751	1
4049591	4049592	1
862372	862371	1
7600815	7598608	1
6546740	6546752	2
3029477	3029478	1
10170121	10170122	1
657092	657091	1
2070209	2043890	1
11469755	11469756	1
244582	244581	1
11326637	11326642	1
10898090	10898089	1
9490284	9490283	1
632198	632168	1
4721673	4710928	1
12797864	12797827	1
7058173	7050096	1
4344725	4344726	1
8900379	8900380	1
11175842	11175841	1
2604983	2604984	1
8883277	8883278	1
4195102	4192440	1
4482157	4482184	1
6375066	6292642	1
4521682	4521681	1
994215	994172	1
6580382	6577519	1
6213701	6213905	1
12378682	12377111	1
4517632	4703939	1
11145588	11141095	1
8493013	8395939	1
11960690	11960666	1
6372790	6372789	1
6102149	6102150	1
5457375	5462721	1
5184606	5184603	1
12165017	12164911	1
5741531	5741532	1
299330	11302840	1
3874477	3874478	1
5702904	5702903	1
9330871	9333084	1
11805366	11726229	1
10235681	10135029	1
1299901	1298834	2
10552112	10552128	1
8022003	8022004	2
10097166	10097163	1
6707288	6707285	1
3312096	3257503	1
4782994	4782993	1
10420961	10421218	1
2705220	2705216	1
10948785	10948789	2
921847	908446	1
12207984	12207983	1
2410417	2410418	1
8823961	8815505	1
310416	174216	1
3272287	3272290	1
10560268	10560207	1
3060738	3060644	1
3710572	3710571	1
3658254	3658253	1
11064518	11064437	1
5534219	5534010	1
9528483	9528484	2
1152076	1152066	1
7784087	7784090	1
11408486	11408686	1
11283807	11291095	1
8214911	8214912	1
11776769	11776770	1
8959198	8959197	1
2900070	2900069	1
8802502	8802501	1
4444757	4444743	1
10948294	10948283	1
12180054	12180053	1
10201718	10201717	1
2310348	2309535	1
9702916	9702915	1
11294681	11294675	1
783225	783241	1
11475488	11475487	1
6850560	6850559	1
2922160	2922191	1
10403484	5759729	1
265332	265364	1
10251243	10149920	1
984885	984888	1
10705477	10705482	1
4557484	4634190	1
10814081	10814082	1
2708872	2708040	1
12686225	12686226	1
3643178	3649890	1
113008	113005	1
3285036	3285139	1
1832771	1832772	1
10364322	10364321	2
6398272	6398271	1
8424423	8386658	1
9665998	9665562	1
10651236	10672100	2
11266411	11266247	1
10259696	10259695	1
6979945	6979946	1
1126610	1126609	1
7609047	7609048	1
6169116	6169096	1
4544096	4544095	1
5093574	5093573	1
798696	824694	1
4404625	4656214	1
5674143	5674144	2
5204227	5204269	1
4144308	4144305	1
2332091	2332092	1
10819751	10827839	1
8658966	8653794	1
5800391	5780952	1
12018505	12018508	1
11665220	11665139	1
529180	523543	3
4721362	4709917	1
1194010	1193925	1
11871009	11865229	1
6366783	6366784	1
6043879	5884200	1
4468733	4468734	2
9295713	9295714	2
1822458	1822457	1
11607772	11607771	1
11165041	11165042	2
6166222	5972451	2
8956564	8956563	1
3600961	3600965	1
10419551	10419658	1
12611204	12374539	1
11366959	11366960	1
11972571	12327894	1
12335710	12335709	1
5220447	3757662	1
4382224	4382219	1
9478666	9478665	1
11875636	11833832	1
7395346	7395345	1
8092969	8092809	1
2427241	2427302	1
9510232	9514830	1
9709945	9740618	2
733846	733909	1
3400343	3406445	2
7874063	7893218	2
7947581	7947582	1
1973250	1973249	1
1106368	1106367	2
4520215	4520174	2
9710625	9710730	2
9891686	9895670	1
875493	10689903	1
3091715	3091716	2
1217784	1217783	1
11434827	11434828	1
8895025	6197690	2
8760505	8760506	1
2313313	2313178	1
11475486	11475509	1
2760433	2759391	1
3244185	3244203	1
5883397	6003980	1
4598611	4590750	1
3184851	3184852	1
6539081	6539082	1
8075935	8075936	2
11435558	11435557	1
11168177	11168178	1
2136860	2136859	1
4386083	4386115	2
12262818	12262817	2
11225970	11225969	1
8725521	8725522	1
9371160	9371224	1
8590680	4125504	1
1490979	1490980	1
488712	488707	1
914394	914399	1
2568494	2560534	1
12461533	12461534	2
8315419	8315420	1
1326475	1327414	1
10814193	10814194	2
6353437	6297121	1
5620343	5620344	1
5041877	5041878	1
7838884	7839058	1
4429650	4429647	1
2935076	2935075	1
3052803	3049174	1
6175337	6175299	1
9745820	9745819	1
3040983	2936581	1
9294931	9294207	1
11704956	11704953	2
10411685	5765712	1
8418491	8418492	1
10631363	439548	1
7446355	7446356	1
5075959	5075937	1
6140000	6139993	1
5707472	5707471	1
5545463	5542915	1
5642087	10508748	1
6907238	11968932	1
6045170	6046906	1
11874977	11874978	1
6080313	6081404	2
705542	705541	1
11936547	11939347	1
11282477	11282478	1
7982949	7982950	1
9290822	9416832	1
1410925	1311125	1
122413	122469	1
259352	286025	1
1694808	1694807	1
8714579	8714580	2
3204110	2900166	1
8230453	8230454	1
10138250	10138247	1
1711778	1707547	2
4751147	4745059	1
9528483	5586944	1
685107	749310	1
10567192	10437627	1
3387633	3387634	1
2990436	2990449	1
8269054	8269051	1
5400055	6781110	1
7989954	7989951	1
3414202	3414693	1
7787048	7787047	1
6076173	6076174	1
3260123	3260124	1
935320	935317	1
295784	295783	1
1656903	1656859	1
12528623	12531707	1
325585	335448	1
3876919	3881172	1
7258003	7261679	1
4757154	4718435	1
10963503	10963504	2
3759717	3759718	1
11590759	11577702	1
12592963	12592964	1
4821469	4821461	1
5432572	5432509	1
10911839	10911840	1
6166177	6166178	1
10138252	10138251	2
454659	454660	1
6590207	6590208	1
9513471	9513472	1
9706048	9706047	1
816086	806954	1
3796933	3796934	1
3797256	3797255	1
12172258	12180663	1
4681949	4681954	1
1104462	1104461	1
2021687	2019105	1
10761109	10761073	1
8053732	3554483	1
9010412	9010365	1
6136289	5884059	1
2719273	2745236	1
1760214	1762501	1
219776	219775	1
4598611	4590746	3
9574454	9573334	1
12170540	12170370	1
1532746	1532736	1
2196290	2196289	1
1966354	1966353	1
6172980	6172971	1
5819773	5819776	1
10585525	10649270	1
150348	150347	2
6157280	8756627	1
8059590	8059149	1
9275907	9276556	1
9516942	9516939	1
5651428	966941	1
2469936	2469800	1
11229438	11229437	1
8280054	4015459	1
5376665	5376784	1
6000099	5999674	1
8395895	8484785	2
5180201	5180356	1
5789213	5804668	1
6349452	6349449	1
1037870	5711921	1
2277942	2276502	1
7093684	7093683	1
6011561	6011562	1
11075493	11072189	1
1396586	1395434	1
7224970	7225797	1
2270109	2270110	1
5177142	5177141	1
10892032	10892036	1
200481	10304326	1
2478531	2478540	2
1417431	1417432	1
2025390	2025439	1
8101068	3821885	1
5663773	7501236	1
11080902	11080901	1
5963995	5963996	1
1498044	1499669	1
6001212	6001195	1
7779122	7779121	1
3978209	4103575	1
2115513	2115514	1
12751924	12739872	1
12607328	12369590	1
10592040	10590037	2
1719201	1716212	1
2758514	2758555	1
10931835	10931836	1
1014010	1014009	1
2525874	2525873	1
10726328	10633954	1
12482299	12482507	1
5238551	5239576	1
8842933	8890205	1
7673830	7681448	1
2391554	2386792	1
8562958	8543269	1
2768975	2768976	1
4237549	4161640	1
12395215	12395218	1
9571802	9571799	1
8397192	8497271	1
4284397	4284342	1
8963728	9034116	1
4881484	4881483	1
4743465	4739707	1
4539524	4539523	1
1334992	1333629	2
2439641	2439642	1
12423000	12422999	1
1037259	1016660	1
12802223	12802224	1
7992426	7992425	1
8180385	8221948	1
9101786	9101032	1
8970537	8970789	1
11112072	11112103	1
6019132	6019131	1
6368033	11352400	1
2447038	2447157	1
10075116	9902945	1
9438850	9438849	1
5556017	5556624	1
10896863	10896864	1
6878419	6878420	1
8067890	8068972	1
7497759	7497762	1
10031431	10031423	1
5690535	5690525	2
10916159	10916429	1
5432148	5432147	1
5118241	5118242	1
284871	284872	1
12389863	12785997	1
8862171	8861965	1
2787846	2660306	1
1244335	1244336	1
535311	535322	1
9320601	9320602	1
2591909	2591338	1
11885961	11885998	2
11122577	11117338	1
1033731	1033121	2
11539917	11405075	1
12391165	12391172	1
9025976	9025975	1
640475	5409346	1
5218205	5218206	1
3767773	3767774	1
3527240	3527239	1
1731983	1731984	1
7257427	7262385	1
3772262	3772259	1
2579725	2579726	1
6741752	6741576	1
6534826	6736586	1
78205	78206	1
3590560	3590268	1
12668869	12668302	1
5488501	5488504	1
3774523	3774524	1
11346065	11346068	1
5967833	5963994	1
12751433	12751434	1
9848504	9846594	1
487264	487277	1
4702125	4702126	1
699910	699909	1
5552542	5552524	2
6197195	6197207	1
7962208	7962207	1
3384523	3339336	2
11341577	11341721	1
1331348	1341634	1
10630422	10630419	1
7183794	7183729	1
2976040	2976072	1
9711306	9711303	2
642187	642189	1
5231345	5247259	1
1026222	1331569	1
6715694	6796469	1
8948287	8948288	1
11904672	11803669	1
279948	261809	1
10331734	10331717	2
2247077	2247078	1
4736258	4736225	1
9524127	9523530	1
11185859	11185860	1
4315232	4315231	1
9565770	9565753	1
8294829	8294830	2
616984	616981	1
6574655	6574656	1
3208055	3208056	2
2299466	2299465	1
777540	613834	1
3061173	7530309	1
5117997	5117381	1
11102360	11102355	1
3380920	3380919	1
2991516	3109063	1
1563774	6880611	1
10886067	10886722	2
5868987	5868988	1
391010	393006	1
1865789	1865812	1
7219075	6998220	1
603904	822128	1
11317105	11500625	2
2561574	2561573	1
3272198	3272286	1
2980045	2980046	2
6621064	6629944	1
5613203	5613204	1
3014023	3014024	1
12330475	12330476	1
1182116	1182119	1
12272543	12272544	1
513991	590646	2
7237452	7237447	1
11827652	11829789	1
5129294	5129293	1
235370	235369	1
418394	418250	2
5638830	5638829	1
7173549	7173550	1
7323688	7323687	1
1087495	1087496	1
1454947	1454292	1
189404	275320	1
9973994	9973993	2
5989688	5989687	1
4298359	4298360	1
4082375	4104781	1
8307599	8195042	1
9546025	9546026	1
11094644	11094643	1
6070488	6070323	1
10602714	10602713	2
1667701	1632625	1
8534818	8534815	2
5911352	6152152	1
6000542	6000541	1
4309963	4309964	2
1587427	1445035	1
1780321	1780295	2
660071	660096	1
5622728	5627890	1
6605703	6388149	1
3641931	3641932	1
2609408	2609407	2
3428691	3420947	1
12659737	12455592	1
7756649	7756650	1
9389750	9389477	1
676537	675864	1
5363799	5363800	1
8561233	8561242	1
8035235	8032110	1
7851338	6127217	1
1122415	7700805	1
6663959	6663852	1
3020743	3021995	1
10514347	10409309	1
12622694	12622693	1
5634347	5634348	1
4641428	4641427	1
11237888	11237885	1
6358057	6358659	1
5092459	5092460	1
12419096	12375927	1
11149939	11149940	1
382880	382879	1
2264129	2264130	1
7663650	6089321	1
3273045	3273046	1
11403719	11403722	2
807360	807398	1
7777781	7777787	1
7626985	7626994	1
9312610	9312813	1
7176355	7248428	1
9898200	9898199	1
4296492	4296491	2
403295	404836	1
5165721	5165722	2
10381328	10381341	1
5845519	5863968	1
11536548	11536547	1
8882056	6214289	1
7446247	7446216	1
10036496	10036495	1
8927504	2563808	2
4586584	4586581	1
6850593	6850594	1
6317707	6317708	1
4854782	4784859	1
893165	893121	2
3212641	3212644	3
9946865	9947020	1
4228704	4227029	2
7665126	7665146	1
12306396	12306395	1
8586399	8466869	1
8888659	8888660	1
12630842	12633695	1
7818359	7818362	1
12014028	12014027	1
1729519	1729520	1
3997977	3997978	1
7725248	7725214	1
12461449	12522023	1
9905740	9905739	1
2759819	2764279	1
91590	91621	1
17370	69809	1
11700343	11782666	1
6178365	6178366	1
3746115	3746116	1
10716179	10716180	1
12552989	12552992	1
5059071	5059075	1
12254942	12254941	1
11548457	11548458	1
6383810	6383815	1
3330246	3330150	1
8148769	8154304	1
3041120	3041141	1
4068272	4068271	1
1174498	1174497	1
1365916	1365300	1
5666949	5763118	1
6092324	6092347	1
5821541	5821542	1
1502917	1490468	1
1907388	1907385	1
11782667	11782668	1
7261240	7261239	3
6268809	6256189	1
2163142	2163141	2
56840	56759	1
10570473	10557548	1
10919791	10919775	1
8581437	8578507	1
7027263	7027264	1
10353487	10353488	1
10667204	10667158	1
3651097	3651100	1
4104105	4104106	1
472323	472326	1
3715996	3715995	1
91594	91593	1
5431421	5431422	1
8604788	8604891	1
1186000	1181776	1
1175890	1175889	1
12565265	12564160	2
1459785	1207780	1
3511340	3511319	1
4175897	4176002	1
2797242	2797236	2
7098068	7015540	1
9734080	9734079	1
5864242	5864241	1
2934003	2934016	1
10502190	10500719	2
9548849	9548883	2
3663068	3663067	1
10456831	10456832	2
525550	537843	1
10460734	10460733	1
4350033	4350034	2
12673926	12673876	1
1180587	1180588	1
472321	472322	1
11012591	11011547	1
150350	150349	1
2001144	2001175	1
902157	872961	1
11910438	11910437	1
10248738	10248783	1
1072132	1072052	2
3254861	3254864	2
9235768	9235765	1
1780567	1779522	1
6040502	6034697	1
5707784	5707471	1
6036472	6165353	1
2840418	2840417	1
5242110	5242109	1
405746	405745	1
3202418	2899913	1
10575259	10575260	2
8159066	8081482	1
9970462	9970457	1
5877906	5877905	1
8288286	8288285	1
11542661	11542615	1
5982276	5857040	1
2983230	2983229	1
10294894	10294893	1
10544294	10544293	1
12758954	12750933	2
1223231	1223234	1
675379	675380	1
10394893	10468486	1
10831985	10831986	1
9857779	12347375	1
8330925	8330926	1
8774186	6114557	1
3792826	3792825	2
11146328	11145371	1
2127164	2127163	1
2922162	2922161	1
9580676	9752458	1
10870615	10870616	1
12165015	12165016	1
6716183	6716186	1
12722975	12718213	1
5659776	5660852	1
9789251	9789252	2
11449598	11449597	1
511812	512105	1
11734327	11734328	2
10741938	10742238	1
4049055	5505598	1
11526722	11526721	1
12742781	12742782	1
306883	306884	1
11267623	11267624	2
7380768	7380765	1
3929186	3929183	3
8887537	8887538	1
8659540	8659539	1
619118	447005	1
741057	741058	1
2925633	2926153	1
5434502	5421651	1
12685083	12685103	1
11296602	11296126	1
10411067	10509016	1
9908650	9908647	1
9872324	9873445	1
10431413	10431426	1
7192051	7192052	1
9318142	9318141	1
12137093	12136434	1
5284872	5286020	1
8956997	8957083	1
10484913	10335104	1
3556643	4472928	1
11089615	11089616	1
22168	22167	1
5558954	5558953	1
10058172	9867974	1
3209971	3210560	1
4319131	4319132	1
9190166	9183119	1
2159327	2175801	1
11996297	11996300	2
9826929	9826930	1
1266116	1266089	1
2847987	2847988	1
5497483	5492872	1
2243426	2244584	1
6962788	6962787	1
7264722	7264715	1
12494807	12494810	1
9697645	9697631	2
2668938	2753520	1
3591469	3591470	1
6542919	6547514	1
4450493	4450534	1
7766417	7766418	1
6612839	6612840	1
5131457	5131462	1
2133958	2011458	1
382878	382873	1
11549356	11549355	1
9416039	9416049	1
4223530	4205427	1
6515422	6515421	1
1233555	1255790	1
9475410	9475357	1
10052133	10060838	1
5880343	5880344	1
3473916	3473915	1
8806022	8733589	1
3010961	3008462	1
8427760	8432227	1
6060335	6060419	1
8082015	8224631	1
12119651	12119652	1
10232356	10244510	2
1955482	1955481	1
7987662	7992327	1
12613207	12613208	1
9300438	9300513	1
9734348	9734081	1
84638	84662	1
3870813	3826523	1
10226151	10149471	2
1687105	1687088	1
2435529	2435666	1
2166230	2166241	1
3396947	3397410	1
11438770	11438756	1
12339022	12339021	1
11446404	11446517	1
8090279	8090282	1
6954481	6953460	1
8858364	1246885	1
9562244	9562343	1
1832757	1711292	1
2020418	2022457	1
4361080	4361079	1
2001697	2001700	1
10402397	10340579	1
4681953	4681954	1
9370393	9292928	1
2312633	6210569	1
4300233	4300234	1
5376665	5376666	1
5344297	5344298	1
865266	832127	1
3799904	3799946	2
6263283	6263284	1
12236393	12238354	1
4095578	4095577	2
674676	676374	1
2737879	2737880	2
2164445	2164486	1
826099	826100	1
4528027	4552311	1
8409972	8409971	1
11110017	11101948	1
7751907	7643852	1
3588780	3588779	1
66694	66126	1
8324950	8324949	1
5902289	5902290	1
597313	597314	1
6387575	6387678	1
9693202	9693199	1
10138248	10138247	1
2022170	2022169	1
3629743	3629744	1
10195213	10195207	1
1246138	1249720	1
9048551	9047146	1
12304563	12304564	1
2641612	2762280	1
7652737	7652738	1
5204268	5204267	1
7848202	7848201	1
4453415	4433256	1
5521948	5521943	1
2446863	2374919	1
3480338	3488262	1
2436637	2436638	1
229690	331640	1
5193945	5193946	1
4435832	4443486	3
904308	904307	1
7633054	4676024	1
4573908	4573907	1
384612	384611	1
8625635	8625739	1
12815206	12815205	1
4687628	4687586	1
2016932	2016931	1
804725	777489	1
7555011	7555016	1
5177962	5177961	1
6536749	6538250	1
4796356	4796355	1
1097300	1097299	1
10155840	10149532	1
5944021	5944022	1
6721342	6721341	1
9562342	9562341	1
12785996	12785995	1
7318526	7318525	1
2331279	2333300	1
10393957	10393958	2
11634956	11634869	2
3951706	3951703	1
6711483	6722334	1
12739707	12739682	1
1619950	1569555	1
7609364	7609363	1
8086988	8086374	1
5066747	5066748	1
8579305	8579306	2
9360017	9360020	1
5053860	5053859	1
6559633	6470050	1
12018501	12018502	5
6881638	6881637	1
9569039	9622534	1
4106844	4106591	1
3989069	3988791	1
200199	200200	1
4500597	4496143	1
6080423	6080424	1
10085592	10085591	1
860385	860388	1
8215520	8215517	1
5820624	5820623	3
77747	48762	1
10558467	10558468	1
12118261	12118262	1
9573885	9574031	1
6358657	6358658	1
928878	927974	1
5089932	5089931	1
2388525	2388526	1
1356110	1415330	1
9305099	9305006	1
10102052	10102051	1
5962647	5962549	1
5116395	5116396	2
9806769	9833567	1
6029513	5998477	1
12457528	12457527	1
2691880	2707285	1
11859160	11859272	2
1987787	1987788	1
9431893	9299506	3
7794353	7794995	1
3522260	5999518	1
1129619	1129143	1
744845	743824	1
2295098	2295095	1
9731292	9731279	1
5699779	5699780	1
9817874	6924351	2
1319737	1319738	1
10309968	10309967	2
11096851	11100195	1
7536312	7541746	1
5612689	5612677	1
8618211	8618185	1
5933696	5933695	1
10642630	10644737	1
11595778	11595686	1
10873382	10873379	1
6913922	6932468	1
467431	467577	1
10816155	10827471	1
1457996	1339473	1
3010497	3010498	1
458834	458868	1
5361847	5361848	1
11392635	11392636	1
1881210	1881209	1
11490770	11505631	1
6176478	6176477	1
9717163	9717222	1
7175367	7174295	1
2581777	11473259	1
6605893	6605541	1
9898947	9811145	1
10742798	10767283	1
1683514	1683511	1
6201897	5963491	1
10968621	10968624	1
12254114	12254113	1
9945916	9945915	1
5515283	5515953	1
2853962	2853970	1
3635911	3699382	2
7265398	7267560	1
8896112	9086278	1
10084138	10086022	1
12538398	12538397	1
12595171	12595212	1
1933407	1933393	1
7490537	7490538	1
6421493	6420705	1
1943221	1943222	1
2043649	2043652	1
10533527	10533528	1
9525842	11881343	1
4700058	4700057	1
12713504	12713503	1
1227314	1227305	1
1008757	1009948	1
934031	934032	1
11473258	11473257	1
3151943	3151944	1
9982180	9975842	1
4985572	5219570	1
9670189	9670190	1
10721221	10721222	1
2425618	2415710	1
4429207	2429818	1
10440887	10440890	1
9855565	9855566	1
12691580	12691579	1
2237018	2249730	1
6945902	6945901	1
3649055	3649060	1
9598083	9581439	1
11909188	11909157	1
6753240	6690743	1
3294786	3294785	1
4504929	2429821	1
200201	200204	1
232658	238555	1
4938913	4938914	1
1698135	1698271	1
8919256	8919255	1
1339580	1209613	1
10691310	10691409	2
9358295	9358115	1
11876090	11876087	1
5799384	5799444	1
4316449	4316642	1
8409977	8409971	1
12345618	12339293	1
5401161	5407724	1
903227	903228	1
8695817	8695813	1
12631504	12631503	1
6650518	6650517	1
5757815	5757780	1
7726451	7726369	1
11049937	2774360	1
3396398	3396393	1
10831308	10831307	1
11611903	11348973	1
3285138	3285137	1
3269126	3269125	1
3493519	3476689	2
2528967	2508761	1
7258244	7256813	1
10427121	10427122	1
1339106	1340647	1
11767011	11767012	1
9719361	9719340	1
2002589	2003027	1
9382285	9382642	3
3736867	3735386	1
980873	980874	1
10396560	10396359	2
3666782	3706337	1
5124569	5124570	1
1967235	1963660	1
11288805	11288806	1
12794564	12794563	1
7671783	7670483	1
8086000	8085999	2
7860087	7860088	1
7717244	7717237	1
2815123	3155581	1
8968445	8968446	1
8337437	8337494	1
9836389	10167731	1
5604522	5630952	1
11876640	11876269	1
312062	312057	1
1628148	1628147	2
12429964	12620747	1
3588993	3588994	1
8492914	8492665	1
8267698	8356405	1
6811913	6811914	1
12675978	12676002	1
6379125	6379128	2
10427123	10427124	1
2260400	2260399	1
4273989	4273990	1
5960597	6026422	1
3050144	3049913	1
2468966	2358414	1
2615480	2443926	2
5063916	11247245	2
5852161	5852162	1
10503371	10503187	1
4999044	5121954	1
8997573	8997574	1
1848165	1848166	1
11857978	11857977	1
11787405	11787406	1
1446745	1453910	1
11886236	11886500	1
6220313	6224305	1
4998278	4998277	1
7995836	7995835	1
11607545	11607674	1
6044836	6044833	1
12156217	12156470	2
4394448	4371788	1
3910362	3910117	1
9060293	9060294	1
4013978	3985355	1
12596262	12596261	1
3420786	3420785	4
10988846	10988845	1
6009056	6009024	1
7410568	7410576	1
2784008	2784007	1
9362287	9362288	1
5666313	5668140	1
8645149	8645150	1
6507325	6507326	1
3759366	5365678	1
3094295	3094230	1
8466434	8465076	1
3556302	3556301	1
3543495	6537942	1
1256916	1256913	1
5277996	5277999	1
2291160	2291159	2
9507491	9507492	1
3020743	3021997	1
10156757	10156758	1
11490416	11490415	1
5859860	5859857	1
3800977	3800011	1
471315	471316	1
902343	902344	1
1196212	1196209	1
3913350	3913349	1
4339365	4503338	1
10039922	10039921	2
3099886	3099883	1
12204565	12204566	1
12785200	12781868	1
9133773	9133774	1
11117708	11117724	1
4068268	4068273	1
7748366	7748365	1
5363520	5363519	1
4599233	4601056	1
4235527	4235528	1
9600355	9600358	1
6129563	6129566	1
3710576	3710573	1
12462057	12186514	1
8349199	8349200	1
1797032	1797031	1
2313477	2355067	1
10202697	10202873	1
3600964	3600963	1
10196021	10196022	1
2793759	2793760	1
9582601	9582602	1
10618176	10618175	1
10748725	10748316	1
142658	142060	1
9746333	9746331	1
1052661	977808	1
12813672	12814388	1
9622838	9622837	3
12556917	12556918	2
3667083	3667084	1
10114247	10114248	1
6201745	6201746	1
3573451	3573452	1
4733245	4853777	1
1460597	1460567	1
4611930	4611914	1
9878455	9878277	1
5799557	5801834	1
4940707	4940708	1
11988014	12200233	1
10213074	6193821	1
6358057	6358058	2
5855906	5855901	1
9360721	9360701	1
12436229	12436230	1
3458329	3458330	2
4044164	4044163	1
3928917	3929244	1
9891687	9891688	1
9326753	9326754	1
3798790	3798789	1
3144166	3101673	2
5669424	5669423	1
1471717	1471733	2
11095415	11096211	1
5830029	5830147	1
9533020	9533089	1
7329593	7329594	3
3288119	3289268	1
5975005	5975006	1
3444022	3440830	2
8604762	8604761	2
9884589	9884592	1
3566237	3566238	1
4824185	4824186	1
11864160	11864229	1
4145791	4144203	1
4344657	4344658	1
7490427	7490488	1
1268040	1453093	2
9286317	9247145	1
5410365	5410366	1
10361781	10361782	1
2694252	2694237	1
2706864	2706859	1
12675794	12675793	1
6840585	6840511	1
11930900	11930899	3
232618	232617	1
9636940	9636939	1
8465439	8465440	1
12029084	12029081	1
8475479	8475482	3
10031429	10031430	1
4658965	4658966	1
3014022	3026063	1
7093449	7093450	1
53865	185251	2
971174	980872	2
8474928	8473539	1
2926137	2921612	1
10733971	10733972	1
10604753	10558464	1
12770455	12768121	1
4325712	4325711	1
7019290	1198486	1
698808	698807	1
10088310	10089513	1
5850825	5825069	1
6980814	6998092	1
3867388	3867387	2
7118759	6868941	1
6967355	1140491	1
8073280	8073235	1
1188107	1188108	1
3599984	3592214	1
6635214	6635213	1
10495343	10495344	1
4253943	4253944	1
2584379	2584380	1
3231641	3231642	1
3532220	3532175	1
10036494	10036493	1
6779035	6765552	1
6640179	6657193	1
9932280	9932253	1
3925479	3925480	1
7657468	7657467	1
3891358	3891357	1
527842	527841	1
3527242	3527241	2
2364639	2364657	1
11910901	11910902	1
6539812	6539811	2
7084498	6858831	1
3163898	3163897	1
7792795	7792789	1
3051869	3051870	1
9521022	9521021	1
2460918	2458959	1
11299772	11299771	1
3491078	3491077	1
7007971	7007938	2
681284	465315	1
1254335	1223230	2
6872548	6872554	1
5231681	5232263	1
4647646	4496170	3
3934398	3934397	1
10589293	10516471	1
1283172	1283171	1
1847788	1865812	1
1979821	1979822	2
10102707	10090992	1
9130593	9130594	1
3370087	3370088	1
2544891	2544892	1
7916690	7916718	1
6971608	6971605	1
443434	443433	1
8662946	8664397	1
9870933	9864898	1
7135177	7135748	1
5667448	5667447	1
3326601	3326602	1
8948869	8948870	1
6335714	6335708	1
6743702	6743701	1
7939054	7939053	1
8826747	8821909	1
4826695	4826700	1
4346124	4346067	1
7135175	7135176	1
7846898	7846897	1
2069440	1938016	1
9508993	9508996	1
2788091	2788112	1
11455254	11455318	1
2174739	2174742	1
3459470	3458256	1
9261267	9261268	1
9005883	9005888	1
398885	398886	1
9096093	9096106	1
6196283	6196284	1
5228022	5217173	1
8288411	8167715	1
6369193	6370014	1
5791014	5791013	1
2370193	2369770	2
482375	482376	1
12362755	12362758	1
2991935	2991936	1
5346829	5346830	1
2143820	2143660	1
4631951	4458349	1
5584934	5584933	1
4516309	4517051	1
649187	649188	1
4207522	4203748	1
7693728	7694371	1
12165011	12165014	1
9761303	9761304	1
459586	459585	2
8055965	8055966	1
6814549	6692421	1
8716371	8725520	1
11576691	11576692	1
2041712	2041711	1
11307510	11307507	3
12389732	12389635	1
12372090	12653610	2
5640142	10502419	1
914526	914525	1
1753536	1550130	1
5653911	5653914	1
5901488	5901487	2
9965970	9965913	1
1298115	1298135	1
5287876	5287875	1
12018835	12018782	1
5651247	5651248	1
4176750	10039923	2
3288809	3288857	1
8296456	8296455	1
4942993	4942996	1
10308819	10308820	1
4825269	4825270	1
8071701	8071600	1
6838575	6838576	1
6192830	6192898	1
5629532	5611811	1
2849472	2849471	1
5552982	5552536	2
8562568	8522153	1
6092346	6092345	1
10489643	10489644	1
3910801	3912125	1
6942936	6937738	1
5588975	5588976	1
4244929	4244930	1
7490489	7490576	1
7224970	7225799	2
10444505	10446407	1
10684111	10684112	2
12566368	12566367	1
11143456	11206367	1
3476294	3476285	1
3591866	3572716	1
7434066	7433889	1
1359893	1359894	1
5374625	5374626	1
9500528	9525331	1
9306498	9302315	1
3078404	3078403	1
158811	158815	1
5146712	5146958	1
3035500	3035499	1
9393399	9393945	1
3925783	3925784	3
11889723	11889717	1
8685992	8690475	4
4220561	4222484	4
6001137	11479792	2
10599319	10592704	1
2997624	3101322	1
7877681	7710023	1
1008756	1008676	1
1447553	1447557	1
5462517	5462518	2
4845790	4846500	1
9124138	9124058	1
7503442	7503441	2
6414772	6414771	1
4021317	4021318	3
9486036	6552683	2
778765	778766	1
4573906	4572731	1
4347797	4298260	1
2982640	2980224	1
6396771	6396772	2
10233437	10233508	1
12793497	12793498	1
10371600	10371749	1
7794994	7794993	1
10847214	10847213	1
8100230	87248	1
11517173	11516562	1
3692835	3692836	1
3776294	3798448	1
12790947	12791150	1
11848641	11873003	1
12775931	12775932	1
10343873	10356160	1
270212	270205	1
10818255	10814499	1
3443065	3443066	1
4143158	4142144	2
9566212	9768543	1
10634699	10636661	1
1738751	1738752	1
4520086	4520085	1
10851904	10484638	1
8608785	8608689	1
7670455	7670456	1
7192049	7192050	1
6181649	6181650	1
9683217	9683218	1
12666235	12666236	1
518803	518804	1
7118215	7118216	1
11318176	11318175	2
10014387	10005904	1
8809455	8809419	1
5374623	5374624	1
1737172	1737171	1
3792824	3791042	3
10070319	10070320	1
3022279	3022280	1
873446	873965	1
10680366	10680369	1
301422	301467	1
8294833	8294834	2
6212037	6211774	1
11046591	11046592	1
10900303	10904503	1
10321507	10321489	1
1641609	1641610	1
10241871	10241872	1
2926664	2926663	2
7637793	7638253	1
10100273	10088311	1
9595090	9589305	1
11338699	11338700	1
3243845	3243874	1
8105412	8105411	1
2949345	2955710	2
2746088	2751176	1
100441	101937	1
6497752	6497751	1
9051143	9051148	1
3509661	10888244	1
6101463	6101466	1
5601553	5601554	1
7175336	7174497	1
983122	983337	1
747349	585964	1
4796354	4526241	1
12604179	12419769	1
10250200	10250199	1
6718495	6721341	1
5925919	6683369	1
10063394	10066764	1
2577705	2577708	1
3296339	3296340	3
12692297	12691502	1
2840997	2632870	2
4315144	4315233	1
3328680	3328300	1
11373622	11373619	1
1225640	1269033	1
5438941	5438933	1
5255525	5255528	1
4593864	4593614	1
10792721	10792722	1
6702682	6723754	1
2765382	2765381	3
7416415	12788301	1
8475483	8476007	3
9591453	9591454	1
10883359	10883363	1
11391881	11391666	1
11314085	11318127	1
8712755	8707310	1
6351552	6351551	1
1796598	1796597	1
11095163	11082972	1
1723407	1723408	1
3320360	3320359	1
7631164	7631163	1
7017852	7017818	1
7850669	7850670	1
5415920	5415917	1
1901181	1901188	1
408803	408661	1
1454943	1454944	2
9783932	9783931	1
1890293	1890294	1
12387652	12387651	1
2468847	2468848	1
9513473	9513478	1
6475758	6279761	1
9649538	8989354	1
5884199	5884190	1
12259668	12259667	1
4146681	4146682	1
1294699	1294692	1
11209609	11209006	1
2523648	2521239	1
6190068	6190067	1
11242767	11242768	1
6160998	6161267	1
7891298	7887401	1
593167	645448	1
2080799	2080802	1
6011199	6024686	1
5762712	5762722	1
629950	629956	1
6835237	6835238	1
8536540	8536539	1
8070409	8070410	1
2827984	2827983	1
10419547	10419548	1
1139562	1139559	1
9094388	9094430	1
203191	203192	1
11795894	11795893	1
9013907	9013908	1
508793	482374	1
9644840	9645340	1
10138252	10138247	1
10669890	10561495	1
3860873	3860874	1
244101	244102	1
120795	284071	1
9783934	9783933	2
5291066	5292207	1
9921944	9922354	1
3299936	3209409	1
4806101	4806102	1
6114543	6114286	2
2902793	2902795	1
9762005	9762006	1
9888609	9889169	1
2846811	2846812	1
2119787	2119788	2
5442696	5442695	1
291958	291957	1
3820628	3820422	1
448537	448538	2
4435205	4435214	1
2513430	2513876	1
802728	802727	1
9532106	9529705	1
3787402	3787401	1
5436734	5436733	1
11786948	11786947	1
11446521	11446522	1
1543376	1543375	1
11651034	11651033	1
3983873	4022028	1
5148313	5148316	1
9231654	9231682	2
2983228	2983227	1
11370456	11370407	1
9784719	9796220	1
6082972	6143790	2
10567067	10567068	1
1196208	1170650	1
5219571	5219572	1
3003093	3003094	1
6689787	6689788	1
1618723	1618724	1
3400288	3400270	2
760501	622632	1
7801861	7801829	1
10648999	10727346	1
8616211	8614006	1
4322767	4322768	1
6605703	6388151	1
8766464	5932742	1
558432	558427	1
4794601	4794602	1
12207982	12207989	1
9498855	9498856	1
1193572	1193569	1
4879816	4879815	3
9928482	9928481	1
9026504	9020277	1
1482183	1482186	1
5382390	5382055	1
3763653	3763654	1
11733231	11733232	1
12565930	12565929	3
2401419	2401422	1
9527263	9527222	1
10029766	10054979	1
199501	199502	1
12465461	12226151	1
7967313	7967296	1
575227	575223	1
5284874	5284873	1
3989894	3989879	1
3800817	3800818	1
11335374	11335371	1
4854249	4736357	2
1139025	1114962	1
11517422	11512756	3
6661676	6719869	1
3073247	3072685	1
10444655	10444656	1
8357935	8186199	3
8159068	8159067	1
9952028	9952032	1
6565079	6565080	2
2561576	2561575	1
9834733	9834734	1
8215520	8215519	1
3329685	3329686	1
3231609	3231610	1
10120561	10136245	1
3535033	3535036	1
9523931	11942262	1
8685754	8685608	1
8362537	8362931	1
4147255	4147256	1
7046211	7046212	1
5988647	5988648	1
2765380	2765379	3
2996225	2996226	1
8245473	8245474	2
12331610	12331609	1
4520175	4520176	2
3164228	3164217	1
10832700	10814080	1
6572541	6572493	1
12611206	12611205	1
8565060	8534815	2
112828	53663	1
3138	3137	1
10137739	10137740	1
3194016	3194015	3
9893679	9893728	1
6297271	6297272	1
3832908	3803008	1
2895086	2846661	1
6144170	6143018	1
4204392	4202445	1
10114441	10114442	1
2282475	2282487	1
8572976	8572975	2
10472955	10472956	1
8924505	8924506	1
5639807	5639808	1
302792	302791	2
10989093	10989094	1
10036457	10035288	1
10931931	10931834	2
8559182	8559181	1
2097517	2097520	1
8632414	8632413	1
10703880	10646718	1
9706048	9763998	1
5727303	5728866	1
9916557	9916558	1
11704985	11704957	2
3825973	3825974	1
8309091	8309092	1
12179877	12179878	1
494933	549225	1
8032867	9798347	1
4276279	4276280	1
8185320	8185732	1
5469996	5469993	1
3689021	3746114	1
6895951	6895952	3
9931254	9931253	1
5375241	5375244	1
4053533	4053534	1
10980797	10980808	1
5054443	5054444	2
11703234	11703219	1
2524459	2524460	1
2566444	2566441	2
2078775	2078776	3
11330340	11330339	1
2603795	2603796	1
6850018	6850017	1
8975302	8975301	2
11889255	11889258	1
7943800	7943799	1
6361883	6362076	1
11047979	11047980	1
6739578	6739577	2
10492642	10498504	1
6698701	6698710	1
5630790	5630789	1
10797345	10795897	1
10809464	10809463	1
1098971	1099037	1
10461938	10461002	1
5379054	5379053	1
10352148	10558445	1
10569836	10569842	1
8476780	8476738	1
5350441	5315954	1
956691	956692	1
3480197	3481052	1
8266800	8266717	1
8869955	8869964	1
1303622	1303617	2
5711086	12366049	1
7934293	7934296	1
3644807	3644801	1
6632137	6632138	1
3309046	3309045	1
8480332	8480331	1
5431348	5431347	1
8883275	8883276	2
7825464	7825390	1
4125505	4125506	1
1128956	1128953	1
12535623	12535624	1
10444632	10464093	1
6209086	6209123	1
9919442	9919441	2
3834831	3834832	1
11677835	11677568	1
9888775	9888776	1
10469417	10470454	1
8565060	8534819	2
1298134	1298133	1
8437645	8437646	1
10748213	10748214	1
2501265	2501266	1
10455638	10455615	2
9979555	9971040	1
2615825	2478076	1
9485105	9485106	1
11371247	11371371	3
1530397	1530323	1
2309575	2595381	1
12484598	12484597	1
10807278	10800234	1
957343	957346	3
9083617	9083625	1
8791229	8791230	1
1114846	1114845	1
7398380	7398103	1
3262076	3262075	1
5811261	5811262	1
5606044	5606837	1
5177214	5176786	1
7022255	7024217	1
8026289	8026290	1
11510479	11510480	1
171379	171380	1
11848560	11849839	1
7669878	7576773	1
9252870	9249540	1
12609363	12609503	1
1920613	1920614	2
2060132	2052221	1
5123915	5123916	1
11767009	11767010	1
1109099	1109102	1
5125051	5125052	1
11602596	11602595	1
4694380	4694375	1
11177443	11177480	1
5431419	5431420	1
10458754	10407254	1
12021369	12021115	1
759224	759221	1
3825272	3769989	1
3613796	3723964	1
6244268	6244267	1
9626024	9626021	1
7349064	7236298	1
2500013	2500014	1
6259194	6258011	1
10257356	10251325	2
12024613	12024616	1
717038	717052	1
11033157	11033158	1
7397199	12524897	2
9543031	9543034	1
2542747	2542562	1
6847950	6847982	1
3473171	3473172	1
7334809	7334810	2
5837250	5837249	1
2953233	2969569	1
2313265	2313266	1
7962210	7962209	1
10280042	10221354	1
8666829	8660545	1
12657995	12525482	1
8835955	8835969	1
9248832	9327156	1
59618	59546	1
9591405	9591452	1
2159625	2171438	1
6082144	6082141	1
4985574	4985573	1
1237491	7001858	1
3641933	3641753	1
4580867	4580868	1
517312	517311	2
2282486	2282485	1
1330266	1330265	1
6808858	6693140	1
8955125	8955126	1
8009277	8009291	1
9701909	9702142	1
9438027	9438037	1
12343383	12343377	1
384036	384035	1
7303560	7303557	1
5525662	749181	1
1550000	1550709	1
4262104	4262103	1
1180744	1180741	1
2296794	2296793	1
7461615	7461616	1
6845854	6830678	1
12281020	12293712	1
9948343	10152898	1
4520145	4487313	1
7395348	7395347	1
10647937	10647940	1
5409347	5409348	1
2277811	2277812	1
1000505	1000506	1
472319	472320	2
1254462	1254608	1
12541424	12541463	1
1106366	1108185	1
644919	644920	1
8214909	8214910	1
874959	879196	1
69808	69807	1
673545	673546	2
4662107	4662024	1
679809	677189	1
6108484	10192024	1
8231407	7994592	1
11006574	11006573	1
232656	238555	1
1183648	1183647	3
11187455	11187456	1
6667010	6667080	1
3959406	4055643	1
670105	659915	1
6526537	9475260	1
6473445	6461932	1
7809703	7809704	1
3766410	3766347	1
12498410	12498409	1
3060271	3075142	1
869954	870240	1
9230992	9252299	1
5377370	5376576	1
977841	1183897	1
2984826	2990709	1
6895953	6895954	4
1290454	1203593	1
12123169	7170629	1
5670506	5817303	1
10002781	10004606	1
6639357	6639495	1
10901159	10902885	2
834425	711574	1
6632135	6632136	1
9573641	9712871	1
8333922	8153616	1
624169	757703	2
12208539	12208540	1
7226161	3058124	1
5843490	5874021	2
6953461	6953462	1
1588119	1588120	1
11607768	11607765	2
6082140	6082139	1
12666471	12455599	1
9336471	9331224	1
10111715	10111716	1
6369191	6369192	1
1800987	1800988	1
1098105	1098106	1
1665959	1665960	1
2245418	2245417	1
2247081	2247061	1
4044160	4044454	1
4879722	4241962	1
10694544	10694872	1
5556910	5549033	1
2561491	2561492	1
7548275	7548276	1
11250803	11250798	1
8416643	8414760	1
5192597	5192598	1
3395048	3395050	1
4051119	4051120	2
1650520	1650519	1
3951702	3951701	1
3244116	3244115	1
10342372	10342371	1
1995377	1995378	1
10368760	201577	1
9534240	9326752	2
329598	331188	1
5235868	5236102	1
9864297	9864298	1
6004538	5882230	1
9753539	9739834	1
53877	185246	1
3531842	3531841	1
11665138	11665137	1
8357389	8357390	1
7216715	7216718	1
7393442	7393430	1
11438159	11438645	1
6395254	6395249	1
498803	498804	1
765206	765217	1
4280402	4279796	1
562264	562263	1
10095650	10097167	1
2827984	2658036	1
5455754	5455753	1
10050246	10050361	1
662564	662563	1
1034152	1034293	1
12771251	12771252	1
8130065	8110706	1
1132945	1218204	1
6019455	6019456	1
12715834	12455752	1
6460958	6460957	1
10524831	10531510	1
5354769	5361129	1
462334	462333	1
1971111	1971099	1
7644029	7644030	1
7357877	7359580	1
4879818	4879817	2
8655139	8654093	1
12754555	12749081	1
10036689	10036690	1
7916719	7916720	1
12169504	12169518	1
9422348	9422347	1
2344349	2344350	1
3390962	3391725	1
8760503	8760506	1
6483026	6479765	1
7995838	7995837	1
5565490	5565144	1
1197422	1197419	1
8154577	8154578	1
5974548	5974547	1
10228354	9905854	1
3745443	3745444	1
8540149	8540152	1
1983968	1982799	1
484342	798078	1
5823855	5823874	1
7319567	7381957	1
12788299	12788300	1
2787756	2812598	1
3086797	3086838	1
9117544	9117543	1
10308823	10308933	1
11966641	11967208	3
11920160	11920159	1
5473172	5472876	1
8697789	8697790	1
1185196	1185378	1
9915469	9915419	1
10865111	10865112	1
821121	821175	1
4372112	4374333	1
7313080	7312962	2
10001310	10001305	1
7628302	7628301	1
11429587	11431014	1
2432546	2432545	1
8787008	8722990	1
1716393	1756840	1
10685224	10743876	1
5043051	5044904	1
3515032	3515023	1
6838573	6838574	1
2466465	2466466	1
10414807	10414808	1
10022963	10022964	1
12559941	12559942	2
3940840	3947866	1
7150655	7150656	1
7961003	7961004	1
2563300	2563299	1
7609366	7609365	1
4038856	4038893	1
8294831	8294832	2
7027265	7027668	1
4492404	4492403	1
10233618	10233617	1
11493270	11542366	2
3317792	3317791	1
10358147	10357909	1
5355748	5355625	1
10160664	10160782	1
7798386	7787036	1
6155054	6155053	1
10113768	10113767	2
11366945	11366960	1
10136246	10136245	1
3285036	3285137	1
7499439	7499440	1
5708403	5996699	1
2657529	2657552	1
9684404	9684403	1
10419784	10419783	1
731289	916099	1
5277994	5277406	1
3061171	3061172	1
4563876	4528428	1
6074202	6073267	1
12510989	12510990	1
10687917	10559781	1
7899208	7899722	1
5296653	5296654	1
1478531	1478472	1
10042097	9937998	1
1516414	1516403	1
11960057	12280635	1
9976233	10145202	1
7409071	7409072	1
12268691	12268692	1
914398	914397	1
8012659	9622832	1
893163	893164	2
4740201	4740202	1
11734180	11732581	1
2123984	1302056	1
12576369	12600879	1
8632412	8661038	1
10287968	7434471	1
5654535	5654536	1
5528105	5527370	1
5308173	5308242	1
1291793	1434425	1
7300533	7256846	1
2356630	2356629	1
12119653	12118691	1
11531293	11531296	2
7976715	7976647	1
9051147	9051148	1
1745814	1745813	1
11876225	11875169	1
3463618	3463626	1
9937576	10052344	3
1572376	1572413	1
8835913	8835914	1
3374467	3372728	1
610898	610897	1
12610651	12610652	2
10979538	10979537	1
8164310	8372671	1
6433394	6433393	1
3272577	3272578	1
12570581	12492407	1
339025	340304	1
10446647	10446648	1
4368573	4368229	1
7852433	6187235	1
3608933	3608934	1
8090769	8188708	1
2511795	2513303	1
741059	741060	2
9833566	9833565	1
8428088	8428085	1
5981735	5983737	1
5051650	5051649	1
3643000	3762598	1
1538918	1538915	1
5494992	5443013	1
12572724	12675795	1
5768982	5769100	1
10537193	10537194	1
4440284	4494654	1
5350195	5350196	1
10090337	10090380	1
8611694	8611693	2
642368	642656	2
12800747	12800749	1
2813239	2812753	1
2950677	2950678	2
1976145	1976426	1
11306492	11306491	1
6480113	6480114	1
12203129	12203130	2
1568311	1570933	2
2518151	2507843	1
8080552	8080551	1
9304273	9304593	1
5190039	5190040	1
2336021	2335799	1
4783537	11146398	1
9790897	9790898	1
3954488	3954493	1
5042177	5042178	1
1208493	1208471	1
11435245	11435277	1
11206595	11206596	1
2460153	2460154	1
10460726	10460715	2
7103040	7111297	1
5731788	5731753	1
5639376	5639375	1
3543185	3543186	1
11162470	11162634	1
6865182	6865181	2
1335009	1042897	1
3212321	3212322	1
1105775	1089987	1
9682262	9682261	1
10571758	10576259	1
11063814	11063813	1
10311388	10311387	1
2432548	2432547	1
2712623	2712626	1
11888848	11887871	1
7123033	7118407	1
5290734	4838745	1
7239015	7239016	2
5134990	5132009	1
5614186	5615569	2
9283702	9283699	1
7778093	5588974	1
9523531	9523532	1
9084353	9078995	1
11917937	11917938	1
719126	719125	1
163852	11278930	1
10511636	10511621	2
5355166	5355165	2
6564421	6564410	1
2026933	1962902	1
12652596	12652527	1
8091589	3757344	1
1756841	1756842	2
1990310	1988119	1
11649386	11649137	1
10141095	10092826	1
335230	334210	1
4856657	4856036	1
196556	196555	1
7155020	7154342	1
8840878	8839862	1
1745959	1745960	1
11998883	5645900	1
9320603	9320606	1
12561349	12509922	1
9569238	9558357	1
6349262	6349261	1
12515704	12572592	1
11122575	11117338	1
6831946	6831935	1
6174953	6174954	1
1300909	1532737	1
5862223	5861458	1
7046209	7046210	1
7344667	7318527	1
10969030	10931935	1
9895354	9853973	1
11826670	11826667	1
1587424	1587494	1
12224401	12051356	1
5480864	5488500	1
8290419	8290420	1
5666311	5666312	1
1276233	1275563	1
6090785	6090786	1
3514686	3514685	1
9965484	9965483	1
2544889	2544890	1
12188675	12188676	1
10294892	10294663	2
12658917	12658918	1
2346525	2346489	1
11554766	11554765	1
10321488	10321204	1
9841369	9840857	1
1578018	1578671	1
3532157	3532180	2
11826307	11826308	2
12477026	12231071	1
10572493	10572494	1
4536673	4536674	1
340331	340310	1
8296458	8296457	1
10196666	10182701	1
12208525	12208526	1
2142043	2142046	1
7336724	7336723	2
12414805	12037519	1
10883444	10883443	1
5559290	9546024	1
3669633	3669634	1
7125542	7125541	1
5586757	5586758	1
7174172	7247797	2
7610825	7672864	2
11403725	11403730	1
12739873	12739741	1
9576793	9576796	1
6536456	6536455	1
3361732	11125915	1
9478677	9478678	2
10485894	10485893	1
1061282	1061317	1
2484853	2484786	1
2349992	2349991	1
7417858	7417838	1
4224959	4197421	2
12722928	12715523	1
10228358	10228357	1
4084757	4084758	1
11980935	12197541	1
3140573	3109093	1
11937345	11937346	1
7446475	7446478	1
5969562	5975004	1
3653435	3653377	1
9373616	9373527	2
2447040	2447039	1
10211964	10211963	1
10683218	10683217	2
11602594	11602593	2
5782943	5782893	1
5625171	5623508	1
1241048	1241047	1
609283	779723	1
5656603	5656604	1
9614572	9614562	1
5725933	5725937	3
8760503	8760504	2
6279760	6279759	1
7610733	7610734	1
11354676	11354675	1
1664988	1665958	1
7392808	7392807	1
3023312	3023254	1
12387654	12387653	1
7744667	7586381	2
6252572	6252567	1
4842480	4702124	1
5155862	5155861	2
1456687	1456688	1
3411873	3411789	1
4827805	4704939	1
2491475	2491480	1
7728666	7728669	1
12179777	12179778	1
2017933	2106946	1
6484708	6484707	1
5704289	5704340	1
11491665	11491666	1
2189543	2189544	1
6319526	6321055	1
8334582	8334581	1
417107	417108	1
9009429	9009430	1
7956693	7956704	1
4635184	4633322	1
10652719	10652715	1
3298799	3298014	1
5497687	5497688	1
9118688	9104677	1
1621220	1621215	1
3774519	3774522	1
2665631	2666239	1
6696732	6696731	2
446632	446631	1
12247322	12247321	1
3375182	3375179	1
5042597	9789539	1
2040599	2040600	1
11333941	11333916	1
4395270	4395269	1
1639040	1639039	1
6539830	6539829	1
403252	403249	1
12513499	12513500	2
5590215	5590236	1
1166950	1166949	1
3287620	3287619	1
4859394	4859532	1
1394696	1298389	1
7319565	7319566	1
2474232	2474231	1
8437643	8437644	1
5145678	5145677	1
1918869	1918874	1
2120336	2122011	1
1359891	1359892	2
873446	873445	1
3834373	3834374	1
5707983	5707984	3
10088051	10043488	1
3592276	3592393	1
8345726	8346719	1
3369520	3369553	1
4197420	4197419	1
11858019	11858020	1
9782322	9782464	1
8815503	8815504	1
10707998	10551675	1
7688456	7689349	1
11826127	9455178	1
9571802	9571801	1
7766540	7765937	1
7443682	7443750	1
514862	514861	1
8294835	8292989	1
9888821	9888774	1
2441563	2441564	2
8252222	8252219	1
10493101	10490295	2
2258235	2258236	1
8886396	8886930	1
12687962	8925355	2
2056738	2056810	1
862295	862191	1
6641644	6628685	1
11820379	11819492	1
6925700	6886452	2
1534968	1534587	1
12312244	12312241	1
4678404	4710644	1
8966868	8966871	1
9550086	9550059	1
11108959	11108229	1
3691454	3691522	1
11179872	11179918	1
11315240	11315239	1
10261311	10260556	1
11161247	11168956	2
777878	832639	1
9169359	9169360	1
6740217	6740218	1
10421219	10421220	1
2850676	2850675	2
671876	671875	1
587199	587200	1
1079481	1079482	1
1319739	1319740	1
7947507	7947508	2
2058722	2058460	1
3011051	3011283	1
3721356	3808289	1
3336654	3336653	1
9610519	12171258	2
11089619	11094364	1
4380602	4691537	2
2118521	2015072	1
11857809	2808996	1
738982	738981	2
529182	529181	3
8248791	8248794	1
6572454	6572453	1
2944845	2944846	1
4108690	4109752	2
1247633	1247634	1
1847590	1847587	1
10127738	10027620	1
7625568	7625407	2
9827091	792969	1
1417357	1417435	1
1136522	1136567	1
3202870	3249736	1
10599100	10599242	1
9529327	9526481	1
8946352	8948286	1
10417404	10417403	1
10011698	10011474	2
8884879	8884654	1
11430828	11439972	1
5327137	5327004	1
2737881	2722565	2
4604360	4604357	1
10419549	10419550	1
12775933	12775934	1
11814222	11662759	1
5376649	5376650	1
9778500	9778532	1
4022530	4022127	1
3388677	3388678	1
4508216	4508215	1
5268948	5268947	1
9598981	9608956	1
459196	459195	1
9338601	9338602	1
8409977	8409973	1
3896758	3896742	1
7468656	7446650	1
8566331	8566229	1
9906476	9906469	1
6589155	6574747	1
2270138	2270108	2
7163719	7163720	1
4117551	4117552	1
6777198	1192913	1
6414404	6414773	1
8047199	8047186	1
11540919	11541000	1
9306171	9384074	1
2843303	2843567	1
2095421	2095422	1
11359150	11359108	1
5638828	5638827	1
537075	537218	1
459586	459583	1
5707784	5707473	1
11537045	11537048	1
12814961	12814962	1
9683928	9700868	1
7099325	7281289	1
418251	418254	1
12374564	12374538	1
9438848	9438847	1
7761222	7761221	1
2372282	2372278	1
12536191	12537227	1
381987	381063	1
1772574	1772508	1
11478007	11478160	2
2488677	2488685	1
919692	625185	1
1420519	9010451	1
3478379	3478413	1
7735342	7717245	1
395278	395277	1
3539077	3539078	1
10655251	10566052	1
11286294	11286297	1
4676025	4676109	1
5050410	5050428	1
10442573	10442571	2
10232731	10232734	1
10634699	10636659	1
6581832	6581831	1
1216616	1215470	1
9782361	9782355	1
11930888	11930833	2
9451804	9451797	1
2752792	2751460	1
10682617	10685577	1
12394726	12394725	1
3197246	3198032	1
6115571	5845890	1
7290219	7290220	1
1681412	1681411	1
5230953	5227693	1
10451810	10457344	1
6750349	10766277	1
2895855	2895638	1
3543396	3548296	1
4740197	4740198	1
3596793	3594887	1
1434721	1434853	1
7735640	7735639	2
6696730	6696868	1
6217986	6217989	1
7844301	7844302	1
11576602	11576579	1
11446523	2275567	1
9783936	9783935	2
949280	957342	1
4537425	4407708	1
1570010	1521082	1
5784624	5784621	1
62395	62384	1
11342925	11348685	1
10931932	10931928	1
3516606	3516605	1
11608537	11424329	1
6707288	6707287	1
6643410	6643923	1
11740513	11740514	1
2199580	2198863	1
11237147	11237133	1
825771	825772	2
7783565	7777791	1
992784	1186374	1
6105836	6105835	1
3318410	3318259	1
12774007	12773953	1
5070827	5070830	1
444483	444459	1
6256188	6256187	1
6214288	6214287	1
9534761	9525038	1
4404646	4404645	1
11548459	11548465	1
10045209	10045210	1
8325391	8326800	1
2616472	2616471	1
2861938	2861930	1
7865564	7865544	1
4957393	4957394	1
8219592	8180351	1
341483	341502	1
9705970	9605271	1
512710	512709	1
3500095	3507789	1
437275	436897	1
5972521	5972522	1
11042775	11146201	1
2360454	2360453	1
960601	1026070	1
10369243	10369246	1
10136246	10136243	1
3532150	3532149	1
3279217	3279218	1
5120486	5120490	1
11085111	11085112	1
5790965	5790966	1
3530547	3529602	1
1374701	1374702	1
12782286	12815207	1
9324403	9324070	1
12511863	12511866	1
3771092	3784354	1
2333301	2333302	1
7989900	7989965	1
2415518	2415512	1
9178816	9178815	1
6576187	6576188	1
11826419	11827220	1
2581359	2581364	1
4812541	4812516	2
5118833	5120472	1
5816862	5816861	1
10451810	10460784	1
2934964	2934963	1
6959698	7014614	2
5804241	5804242	1
7000641	7000642	2
12299951	12299952	1
10216659	10216660	1
8970849	8974651	1
5201541	5201542	1
4646987	4648429	1
2171441	2173877	1
1185551	1180745	2
3308252	3308251	1
6747433	6747434	1
2895087	2895088	1
4332283	4332284	1
8756830	8756829	2
6542076	6539813	2
5055824	9746332	1
871847	871837	1
4268081	4435190	1
4496071	4496072	1
1429201	1429204	1
10626198	10626194	1
3678677	3683209	1
3730767	3730660	1
3270740	3271979	1
6150390	6150389	1
4444813	4583756	1
5208985	5208986	1
5760138	5760137	1
4844142	4844254	1
6511786	6368597	1
5161796	5163955	1
10417404	10419546	1
11824536	11824535	2
2610103	2508218	1
2388505	2388524	1
3707420	3458842	1
3253073	3253074	1
5826871	5826872	1
6539832	6539831	1
5191994	5191991	1
3889593	3889612	1
7793817	7793818	1
116201	116202	1
8357453	8357463	1
9870080	9863304	1
657094	657093	1
961602	961601	1
9761305	9706856	1
8642776	8642775	1
7888888	7888887	1
12668303	12668304	1
6125169	6125184	1
5786632	5786631	1
12498415	5502034	2
5845233	5845163	2
7225798	7225797	2
1499873	1499874	1
10358906	10358909	1
10716185	10716188	1
10237271	10237272	1
4418581	4426602	3
11080626	11080623	1
7559899	7559900	1
5377883	5303512	1
778062	778124	1
6712618	6663205	1
2264138	2264137	1
2621771	2621772	1
10987285	10987286	1
1896022	1895045	1
10198787	10198788	2
5626743	5626510	1
2899391	2884523	1
12018685	12018686	1
4269512	4269459	1
11648475	11648478	1
3036733	3102970	1
8466439	3902333	1
2639829	976811	1
6690194	6690197	1
8543344	8541382	1
6868067	7020795	1
11063741	11056092	2
6788749	6788750	1
3616218	3616215	1
2160269	2161095	1
3929243	3929244	1
4404206	4404205	1
8179671	8179672	1
6305937	6305757	1
2521229	2521230	1
8918408	8917256	1
12494648	12501617	5
3078402	3078381	1
7368066	7368065	1
1715062	1715059	1
8813203	8816568	1
4853127	4853130	1
2084909	2084629	1
10976167	10976168	1
6577432	6576736	1
4325257	4325247	1
5864714	5864713	1
4433012	4390922	1
10919789	10919790	1
7302604	7302603	1
10540685	10540686	1
448542	448541	1
2986321	2986315	1
11342301	11342328	1
6303165	6303166	1
4846033	4856338	1
9576795	9579724	1
10057522	10057521	1
10515074	10515192	1
10693831	10693832	2
5449108	5453966	1
7638814	7638813	1
2565045	2565070	1
3529034	3529033	2
860576	860351	1
8846257	8846258	1
12625382	12625381	1
8641904	8641903	1
3818819	3788045	1
2581357	2581358	1
7657470	7657469	1
6484710	6484709	1
3599564	3599563	1
9153978	9153972	1
1872291	1872296	1
622633	622634	1
2791240	2787282	2
1286329	1324811	1
5462912	5462905	2
12514816	12514815	1
771612	771609	1
2537208	2502294	1
3602952	3602951	1
10120561	10136247	2
10599261	10597681	2
8195461	8195507	1
10734115	10734081	1
185283	185284	1
2665029	2665069	1
652596	768643	1
7920456	7920453	1
10890848	10890847	1
12610649	12610650	2
1737962	1737961	1
2102981	2098763	1
10564269	10566059	1
11967007	11967008	1
7714574	7714571	1
7460028	6539853	1
1511122	1511121	1
8475479	8476007	1
6151539	6149219	1
7080649	7080721	1
10412872	10412871	1
9776551	9776554	2
6767237	6614199	4
4835399	4703825	1
8321565	8321566	1
8804115	8804625	1
11161755	11161756	1
3278868	3278867	1
4066134	8548441	1
93176	93175	1
3373583	3373584	2
7494966	7494965	1
9758013	9758014	1
12262816	12163484	2
12380577	12417896	1
3694879	3694880	1
10539592	10539589	1
7265132	7265131	1
9758015	9715015	1
7410577	7413822	1
2336680	2336679	1
11373267	11373603	1
8408076	8491149	1
10272619	10272620	1
1299152	1456719	1
3296343	3296344	1
4718343	4717806	1
6562430	6562429	1
3272575	3272576	1
9629192	9599164	1
1646373	1620504	1
2784626	2784625	1
5833733	5833524	1
3218336	3253585	1
2605575	2602871	1
7950109	7950110	1
2515841	2515842	1
9692826	9693795	1
11634109	11634110	1
5374887	5272648	1
5792393	5806610	2
11457312	11457309	1
9422346	9422345	1
9513023	9395515	1
739540	739530	1
12248952	12248951	1
8492916	8492915	1
356949	356950	1
2317866	2317865	1
6316330	6316329	1
11544457	11651417	1
11826309	11826310	1
6441634	6441172	1
10705475	10705476	1
11888025	11888497	1
6316332	6316331	1
11740511	11740512	1
10829151	10807936	1
5881005	5881006	1
11886836	11886833	1
9640609	9640621	3
10648997	10648998	1
12201392	12201391	1
6472247	6472265	2
3582504	3573450	2
452391	452392	2
2195531	2195162	1
12122839	12122827	1
11358321	11357718	1
2332943	2331369	1
9507493	9507494	1
10222441	10221705	1
4083661	4083662	1
5737248	5737245	1
12419381	12418834	1
4224957	4224958	2
4627882	4627915	1
10386726	10386725	1
7759697	7759594	1
11618703	11618792	1
11065464	11065460	1
11194429	11194432	1
5007729	168971	1
7695279	6424290	1
12627633	12407670	1
6340765	6340766	1
3286158	3286157	1
3588778	3588777	1
11845982	11845949	1
8665881	8666670	1
8026287	8026288	1
5856919	5856920	1
1499501	1500077	2
3575062	3575082	1
12139287	12139288	1
8230540	8230539	1
2948155	2954758	1
8697947	8697999	1
10309990	10309989	1
10369920	10369918	1
3661719	3661720	2
6043879	6037537	1
6060333	6060334	1
1987797	1987785	1
1925533	1925537	1
2171439	2171440	2
11774888	11774887	1
6027855	5976338	1
9014037	9017378	1
11853078	11853077	2
7247796	7247795	1
2677481	2677546	1
9635565	9636938	1
7103957	7103995	2
11175886	11175885	1
12184236	12184235	1
2486331	2486338	1
7993363	7993364	1
6329760	6329741	1
6516759	6516773	1
3353970	3353973	1
2895096	2895095	1
1247946	1247960	1
3620045	3620046	1
4404208	4404207	1
1696712	1696807	1
8009070	8009069	1
10256604	10095002	1
12340837	12340840	1
9830264	9830243	1
617071	617477	1
7423852	7441767	1
6152187	6152188	1
2344351	2344352	1
4870291	4870292	1
5916281	6175032	1
9564051	9564052	1
8505545	8389840	3
10425827	10425830	1
3195355	3193176	1
7190754	7189193	1
12684638	12684681	1
7416396	7416395	1
2122327	2122328	1
9890546	9890545	1
9325127	9325128	2
7103955	7103956	2
11660652	9426663	1
11249607	11249610	1
8787113	1009900	1
863717	863718	1
739434	739433	1
3819447	3819450	1
2416515	2416516	2
1040198	1067072	1
259667	259668	1
4582255	4580866	1
9511743	9545342	1
10145203	10145206	1
6166913	6208624	1
10437261	10567066	1
4083663	4083664	1
5177140	5177139	1
8221949	8221950	1
4356456	4356459	1
5845162	5845161	2
96020	96019	1
5654534	974377	1
2849470	2849469	2
5927835	10729841	1
759651	751583	1
489383	489384	1
11834540	11834571	1
4999038	5121955	1
9521904	9489752	1
3389989	3388676	1
11490919	11490920	1
3798096	3778563	1
6032398	6032397	1
8928867	8928870	1
8702811	8702812	2
4169585	4169751	1
10370543	10373233	1
7911172	7446309	1
10311333	10311334	1
575111	575112	1
11363345	11363852	1
3566239	3564523	1
2308543	2308558	1
914528	914527	1
2193623	4250465	1
9906468	9906436	1
3951708	3951707	1
375796	375808	1
11454495	11454496	1
5989462	5989457	1
9495341	9494246	2
5715347	5706592	1
7420561	7410576	1
10895500	10895515	2
6070748	6070703	1
4513328	4513343	1
10875186	10875185	2
10205334	10205333	1
9020639	9020640	1
1221554	1221553	2
3163908	3163899	1
1759620	1759619	1
344258	446633	1
3817723	3818191	1
11044280	11044279	1
9141219	1660813	1
10453427	10453428	1
11987943	11988034	1
4005503	4121583	1
11860636	11860635	1
7953266	7953265	1
9800671	9794793	2
8502456	8502455	1
11689488	11689487	2
11241727	11241728	1
2001146	2001145	1
9668504	9668503	1
3912133	3912124	1
77746	49666	1
8357391	8357392	1
11713293	11713294	1
1115967	1115968	1
3653642	3653594	1
3976972	3976987	1
5245773	5245774	1
1469623	1469778	1
4103574	4103573	1
2853875	2858650	1
8802506	8802501	1
5155864	5155863	2
12505973	12505978	1
10338637	10338638	1
3126657	7623050	1
5165725	5165731	1
10168453	6517527	1
6362197	6530954	1
6178498	6178497	1
11567747	11567226	2
8965207	8965157	1
4825333	4825196	2
10364362	10364323	1
10579561	10578823	1
12484434	12481900	1
11931003	11929501	1
2875008	2875005	2
4853263	4853264	1
2649716	2704395	1
7446291	2666227	1
11709629	11708777	1
4235334	4185092	1
8628622	8628603	1
2468849	2468850	1
7066545	7066548	1
10593725	10593726	1
5436732	5436731	1
6865264	6865031	1
7133412	7133411	1
5873175	5873176	1
4136258	4136938	2
6834266	6834479	1
3369519	8019353	1
5699777	5699778	1
5331294	5331018	1
7644485	7644486	2
8176235	8172086	2
3083722	3083712	1
9051143	9051146	1
4019498	4049590	2
1998257	1986861	1
11631275	11631276	1
6461933	6461934	1
8882349	8873812	1
2595380	2595379	1
8635610	8635615	1
4517772	4517771	1
4729402	4729401	1
1193935	1194021	1
10060995	10060996	1
2655845	2655785	1
8295179	8293388	1
2436350	2436347	1
10989925	10989926	1
10724255	10723910	1
5188371	5192599	1
9324607	9324071	1
3527512	3527511	1
12248240	12167765	1
7538180	7539682	1
4254075	4252648	1
6950595	6950596	1
7494968	7494967	1
10802565	10802566	1
11918045	11918048	1
5089930	5089929	1
2234602	2234601	1
3020111	3020112	1
6278290	6278289	1
9808625	9808626	1
11606971	11615652	1
3747859	3747871	1
7116620	1206133	1
9700869	9700870	2
2929836	3110461	1
10185751	10185752	2
3931368	3931367	1
2888294	2888293	2
11087167	11087145	2
2255113	2260970	1
6292643	6292644	1
2312025	2312026	1
7422272	12804359	1
166852	166841	1
9630457	9630464	1
11993498	11993449	1
8702877	8702810	2
12200232	11987969	1
7461543	7461546	3
10831983	10831984	1
7920199	7920200	1
7498462	7497951	1
10983451	10983452	1
6562781	6560689	1
9576797	9579724	1
3671501	3671502	2
10129962	10129965	1
3379535	3374225	1
12141948	12145874	1
7545389	7542438	2
11016335	11016336	1
9909865	9909866	2
6477726	6480112	1
10848118	10848115	1
9779843	9779844	1
2261238	2261215	2
9057326	9057325	1
123493	123489	1
563997	563998	1
7175338	7175337	1
1610667	11189843	1
2595507	2595508	5
3492129	3490844	1
6101461	6101462	2
11529727	11529728	1
10019448	10019460	2
10248771	10298940	1
12742908	12742905	1
1538922	1538919	1
12319403	12318353	1
574435	574436	1
12325551	12325494	1
11846225	4115995	1
3554337	3543607	1
2241965	2241966	1
12514814	12514813	1
2514727	2590530	1
1137733	1137734	1
384038	384037	1
99633	99764	1
5634597	5634598	1
5667129	5667289	1
4275778	4365526	1
11798318	11780312	3
11478018	11477988	2
459584	459583	1
9658660	9658683	1
11824854	11824537	2
3834825	3834830	1
7198680	7198679	2
11346643	11284977	1
9482280	9482279	1
7150657	7150658	1
730109	729874	1
5634599	5634600	1
10136244	10136243	2
9174718	9171025	1
10058174	10058173	1
10583039	10583040	1
4612526	4615158	1
8021587	7982948	1
11287966	5945719	1
