fend1	fend2	count
6422588	6418397	1
1621788	1621787	1
2529446	2519798	1
11391368	11389304	1
1029296	1029955	1
2094806	2094805	1
11822605	11822608	2
6332867	6332922	1
4405899	4406548	2
3751896	3751895	1
9166541	9167061	1
10709424	10709423	1
8879685	8879686	1
5374301	5373616	1
8897566	8897569	1
6205928	7956918	1
11785883	11785884	1
1787509	1786882	4
1061538	1061537	1
3057628	3057627	1
5100345	5100348	1
8551583	8551584	1
9011159	9032334	1
1139424	1139423	1
5045361	5045362	1
9140878	9140873	1
637245	637440	3
6674401	6674326	1
6494942	6494941	1
4789684	4789683	1
750593	750594	1
2142417	2142418	1
4414102	4417342	1
4381460	4381459	1
11332793	11332794	2
8391271	8391272	2
9640569	9640570	3
7666321	7654655	1
4161895	4161896	1
8742274	8742273	1
1314076	1314817	1
12499085	12499086	1
6351389	6354826	1
7536069	7536070	1
11732109	11731258	1
4131471	4131491	1
3147470	3147469	1
6456888	6457483	1
8225041	8225042	3
6570857	6570858	1
11284388	11284387	1
815958	223342	1
7152774	7152654	1
7009212	7010141	1
11531017	11531018	2
5986908	5986861	1
3908477	3908502	1
6975444	6974633	1
7823069	7823070	1
6750279	6750280	1
1529343	1529344	1
3672401	3672402	3
10539359	10539360	1
4776063	4775989	1
2039140	2039139	1
10398967	10398968	1
814890	814889	1
10871445	10871457	1
814042	813310	1
242280	242279	1
2597353	2597354	2
6642217	6642218	1
6995923	6995943	2
10182	10181	1
4092617	4092615	1
4246470	4246469	2
9635245	9638154	1
2417942	2417941	2
10590012	10590011	1
3362753	3362754	1
813083	812704	1
925707	925708	1
7383717	7383718	2
9254653	9254947	1
7422961	7420265	1
118014	118068	2
5715360	5715359	1
4012797	4012798	1
11068301	11068302	1
2315387	2315388	1
8033571	8033572	1
4266399	4266400	1
11172553	11173656	1
746194	746193	1
6864732	6864672	1
12206503	12206504	1
12185047	12185048	1
5292283	5292284	1
12212431	12212432	1
4683483	4683484	1
6060935	9113439	3
11435446	11435465	1
10281262	10281261	1
11921876	11921875	1
6578704	6578703	1
7397896	7397847	1
7055941	7055942	1
8519022	8187934	1
6102161	6102162	1
4097259	1619606	1
8078083	8078084	1
622224	622108	1
6014695	6014696	1
1932594	1930373	1
11396031	11396032	2
8867895	8867892	2
4679389	8582247	1
10002831	10002854	1
5112599	5108940	1
11513816	11513815	1
6317390	6317399	1
5774118	5774117	1
7900203	7900204	1
1522258	1522257	1
8473191	8473192	1
10117354	10116977	4
4280148	4280147	1
3949083	3947553	1
8404040	8404039	1
4106622	4107234	1
2968865	2968866	2
1770360	1770359	1
4513018	4513015	1
4592605	4592886	1
3092271	3092272	1
9427511	9427514	1
10393986	10393985	1
9519073	9519074	1
12715310	12715309	3
10482488	10482487	1
151101	151153	1
7452007	7452010	1
8675056	8687904	1
7444558	7444557	1
7834325	7834326	1
11569133	11636023	1
11367020	11367019	2
4364733	4364734	1
10648791	10648869	1
6092357	6094348	1
7986043	7986044	1
3830571	3830572	2
2278292	2278291	1
10751696	10751699	1
2850496	2847850	1
11102860	11102859	1
34730	34729	1
7224594	7224606	1
10436092	10436091	1
9855021	9855022	3
7703069	9944444	1
8212500	8212515	1
4087124	4043551	1
2592280	2592279	1
2555882	2555877	1
5470956	5471703	1
12509162	12509159	3
10075799	10075803	1
6494940	6494939	1
4988262	4988299	1
4877829	4877691	2
304117	304118	1
9063188	9063187	1
5926882	5926869	1
8308718	8308711	1
10274037	10274038	1
185251	185252	1
8437854	8437853	1
7847497	7847498	1
12024325	12024326	1
2907924	2907910	1
7423772	7423771	1
8388762	10928140	1
11768149	11768152	1
6733278	6733277	1
10434459	10434460	1
10213596	10213595	1
3510323	3510087	2
5616176	5616226	1
342131	342132	1
6681636	6681635	1
4609325	4609326	1
7154893	7154894	3
10683337	10683198	1
11843139	11843140	1
1541426	1541965	1
11916650	11915807	1
9145695	9145696	2
524994	525031	1
7324439	7318197	1
5231191	5231178	1
7857634	7857755	1
8104890	8105187	1
6870774	8209436	1
11995417	11995418	1
7547895	7547906	1
5046054	5046053	2
2633266	2633229	1
1537722	1537721	1
6941672	6941671	1
3962977	3962978	1
2881216	2881215	1
11677751	11677754	1
4417272	4417367	1
11350213	11350214	1
7436091	7436078	3
6220775	6220776	1
8198787	8232669	1
4380622	4380644	2
8297102	8297101	2
7617356	7532892	1
9698208	9698207	1
7444372	7443960	2
9387698	9387697	1
235274	10943664	1
4808658	4808617	1
189662	189661	1
11281831	11281832	1
765612	769378	1
80319	80320	1
8035701	8035702	1
4136957	4136958	1
3976295	3976303	2
8557446	8557445	1
10666530	10666583	1
6305685	6305669	1
5298400	5298399	1
4596309	4596310	1
12476293	12476294	2
8128758	8128757	2
2544353	2544354	1
418814	418813	2
5226208	5226207	1
3239242	3273604	1
8748291	8748292	1
1762391	1762392	1
1987531	1987532	1
12228439	12228440	1
11518883	11518838	1
1266710	1266709	1
7682442	7682441	1
8480273	8480233	1
7602600	7602595	1
5835879	5835837	1
5926640	5926639	1
9543363	9543364	1
12495173	12495176	1
660688	660687	2
12413896	12413895	1
11734253	11734254	4
6355756	6355755	1
434678	435205	1
11205284	11205281	1
4584565	4584566	1
2384138	2387026	1
7993501	7993249	1
3692119	3692120	1
288466	288447	2
8417774	8417773	1
5721258	5721311	1
2006398	2090259	1
1120932	1120935	1
3221323	3221324	1
1500935	1504698	1
2375918	2380631	2
8895400	8895399	1
799017	799485	2
7970002	7970166	1
4814687	4814688	1
7707050	7707049	1
1917036	1917029	1
6754135	6754136	1
6162381	6162382	1
11773421	11774663	1
2924379	2924863	1
4207016	4216623	2
4531022	4531162	1
5420879	5421632	1
11908484	11908487	1
8682803	8682804	1
932042	942918	1
1885523	1885524	1
12761978	12763547	1
5340682	5340681	1
8885126	8885125	1
4225722	4225876	1
4411950	4410959	1
10711068	10710882	1
1544573	1544574	1
4790912	4790911	1
7620757	7619417	1
2331461	2331462	1
9389841	9389842	1
12718108	9094842	1
3632781	3633316	1
4602072	4243124	1
3639333	3639321	1
5494091	5494092	1
4173368	7512505	1
7257277	7257278	1
983979	984091	1
891800	891808	1
6670028	6670027	1
9265227	9265228	1
10510035	10506029	1
2816623	2816624	5
12464601	12464602	1
1336356	1336355	1
2637614	2637611	1
5305470	5305469	2
5581261	5581265	1
5653707	5653708	2
5449647	5449648	2
6150867	6150900	1
11404716	7917144	1
3913551	3913030	1
9546463	9605069	1
11747564	11747563	1
11758408	11756465	1
9432912	6113163	1
6976508	6976470	1
3811720	3811717	2
12563830	12563938	1
9525778	9525777	1
7655387	7602357	1
10642850	10642849	1
4020019	4020020	2
8373863	8373864	1
9017833	9017815	1
4295587	4295588	1
4427321	4427306	1
12422274	9169624	1
98579	98582	1
10769336	10769626	2
247079	247082	1
3050759	3050760	1
10645151	10645204	1
6682926	6683731	1
11894866	11894868	1
6766521	6766526	2
1304716	1304715	1
4176868	4176867	1
3023097	2851257	1
2181821	2181822	1
2034722	2034721	1
3880460	3887328	2
3240763	4046792	1
11983885	11983892	1
10511927	10511928	1
8149136	8149135	1
1351818	1351815	1
10209390	10209387	1
7561882	7561837	1
10377379	10377220	2
339287	339471	2
169595	169598	1
3707543	3707544	1
200922	200921	2
9892438	9892437	1
653770	7198572	1
5961349	5961350	1
4381305	4381306	1
1751232	1751712	1
10121852	10121849	1
4533915	4533916	1
1989205	1989206	1
10787651	10787936	1
12185979	12185980	1
1152419	1152415	1
10651240	10651129	1
372949	7290212	1
11627199	11627372	1
3492425	3492435	1
4674436	4674428	1
10163898	10163766	1
2159123	2157879	1
9873139	9873046	1
2266849	2266850	1
12142912	12142915	1
9915596	7688954	1
1616385	1616386	1
2607296	5977800	1
1968551	1968556	1
11150763	11150764	1
1977126	1976427	1
1953676	1953675	1
4083231	4083232	2
1596273	1596274	2
1204506	1204505	1
4259059	4259060	1
5231593	5231594	1
9063350	9063353	1
1834327	1834328	1
6523297	6524076	2
449621	449622	1
513372	513371	1
12799438	12799437	1
11723662	11723661	1
869018	869301	1
3572018	3569607	1
7837166	5093890	1
3182627	12670395	1
5308879	5308861	2
7978484	7978483	1
9736412	9736323	1
1498504	1499565	1
884993	884967	1
7666185	7666186	1
3216594	3216448	1
5242576	5242575	2
7551416	7550689	2
5824497	5398135	2
9360765	9360515	1
2712426	2712425	1
2477041	2477042	1
4747728	4747716	1
6656830	6656820	2
8082499	8082500	1
10607254	10607253	1
7201455	7201423	1
9060085	9012106	1
1567472	1567069	1
10998090	11226286	1
7372238	7372311	1
7493116	7493115	2
2259731	2258977	1
8979186	11472330	1
5604566	5604569	1
5102754	5102753	1
1915129	1915132	1
3585459	3585111	1
787320	788375	1
8212865	8211701	1
3735707	3735724	1
2104465	2104466	1
2297499	2297500	1
4328949	4328950	1
12623263	12623264	1
10380063	10379787	1
2129648	2129647	1
8680792	8680791	1
10809671	10809609	1
9452920	9453762	1
5378177	5378280	1
2502208	2502205	1
3106260	3106259	1
2668634	2668613	2
2324899	2325039	1
628559	767091	1
6849174	6849173	1
2305595	2305596	1
178908	178911	1
8128836	8021650	1
10775711	10775705	1
1571777	1395437	1
9015288	8988916	1
6596126	6596123	1
12608785	12608801	1
5319810	5318868	1
9978959	9978962	2
12495486	12505970	1
4340454	4340442	1
8256858	8256875	1
8349473	8349692	2
9939024	9943202	1
9092956	12204999	1
2628005	2628006	1
2146910	2146909	1
9482378	9482390	1
9863586	9863583	1
9015452	9015451	2
2132074	2132088	3
11387183	11387186	1
11529417	11529418	1
6103087	6103090	1
10870755	10870756	1
12149141	12149142	1
12425885	11438845	1
10983753	10983714	2
2590209	2590212	1
10059276	10059845	1
3979228	3979227	1
4527482	12525411	1
4565405	4565406	1
4656507	4656508	1
7986751	7990459	1
2004518	2004517	1
12348337	12348136	2
5571514	5571379	1
6624726	6624725	1
10373455	10373456	1
10166382	10166401	1
4005402	4005401	1
10079790	10079789	1
10050137	10050138	1
1460310	1209643	1
2906737	2906717	1
5514379	5514339	1
8955923	8955924	1
12125925	12125919	1
9783669	9783670	1
8985371	8985206	1
4574064	4693057	1
194305	193333	1
4283889	4283890	1
8478084	8478083	1
12672985	12718712	1
10828613	10828614	2
6540948	6283464	2
10904645	10904646	2
7088985	7088893	2
10723566	10723565	1
5246802	5244013	1
4691037	7995939	1
12548330	12375187	1
7465023	7465024	1
11791730	11791729	1
3262970	10231014	1
3583177	3582983	1
9593276	9593275	1
9606229	9606230	2
2399324	2399376	1
1638028	1638027	1
1351842	1351841	1
10493970	10496722	2
8075726	8078846	2
11182718	11174259	1
7303163	7303164	1
12714668	12712654	2
2572952	2572951	3
11445905	11445906	1
8412059	8413243	1
9072313	7001675	1
10467748	10467747	1
1760081	6043792	1
10695610	10695609	1
6362012	6362011	1
8683895	8684107	1
11391782	11391499	1
1874027	1872781	1
4925701	4925702	2
277284	277283	1
9239142	9239141	2
6396005	6395764	1
2772631	3697814	3
1584016	1583843	1
10902459	10902460	1
5239400	5239399	1
9538402	9532959	1
9296674	9296673	1
11131678	11131677	2
5847549	5847552	1
9341659	9341660	1
8174336	8174335	1
9161204	9162205	2
204002	204001	1
2269594	8874571	1
6964560	6962380	3
7188905	7188906	1
6793492	6793489	1
887024	887369	2
10910537	10910538	1
1503213	1503216	1
7547534	7547546	1
4495373	4495374	1
2511607	2511608	1
7452878	7452885	1
3168716	3168759	1
3991424	3991423	2
9795250	9795249	1
5422727	5422728	1
2813615	2813616	1
849554	849553	1
189664	189663	1
9567385	9567845	1
12337983	12337984	1
6422094	6422091	2
5713489	5713490	1
7136039	7136040	1
10513726	10513036	1
845229	845413	1
8008988	8008987	1
304821	304822	2
9629653	9629611	2
1168595	1176581	1
8421615	11977372	1
7187013	7187014	1
11517711	11517679	2
7502877	7502880	1
7572215	7507745	1
6297275	6297276	1
2119212	2119211	1
1828274	1828273	1
11330725	11330728	1
10437097	10433746	1
4288732	4290080	1
6113644	6113906	1
1303131	1301325	2
9967170	9967169	2
12425098	12425074	3
3417649	3417650	1
4034415	4034416	1
3274377	3274378	1
3088362	3088188	1
3982883	3982884	1
1062561	1062564	1
8405032	8405031	1
11436395	11436396	1
7305940	7305918	1
1007718	963975	1
7138320	7138319	1
3332684	3332625	1
2920074	2920073	1
10450230	10450229	2
887741	887742	2
9781611	9781614	3
12347000	12346999	1
443229	443230	1
1582686	1582689	1
9150119	9150120	1
3563024	3563023	1
552834	553754	1
7408736	7436929	1
8372864	8372863	1
123935	123936	1
7873732	7873216	1
5853584	5854526	1
6764843	6764844	1
11501437	11501346	1
5250985	5250986	1
11907727	11907728	1
7993499	7993500	1
1532066	1546358	1
7416259	7416260	1
9908452	9931295	1
7558375	7560668	1
3455962	3455985	1
7069328	7069327	1
7675532	7675529	1
1132782	1133348	1
4832980	4839211	2
7161749	7163207	2
12120454	12120453	1
4414550	4414542	1
12248588	12248587	1
11822940	11928427	1
814026	814025	1
1315425	1705034	3
2781563	2875184	1
1353585	1353586	1
2060848	2061867	1
8919572	8919571	1
12593160	12593159	1
6706996	6707017	1
2816617	2816595	1
3939355	3939356	2
671865	671866	1
3239962	3239961	1
9526866	9526863	2
8799104	8799202	1
4614319	4614341	1
11869467	11869422	1
1378860	1378857	2
4609676	4609662	1
5222116	5221652	1
8057256	8057255	1
7814721	7814189	1
10336566	10336569	1
6263823	6327081	2
1758763	1758730	1
12659924	12659923	1
6433673	6433674	2
3733195	3733183	1
3938238	1695892	1
10430578	11753257	1
5702728	5702727	2
807078	806326	1
6758257	6758272	1
559076	559075	3
5946743	5946744	1
5979263	5979264	1
2081191	2081192	1
11802620	11802619	1
10833181	10833186	1
1520824	1520823	2
11696780	5947276	2
12284763	12284764	1
4596311	4596312	1
10132444	10133318	1
11264775	11264776	2
7561456	7561453	1
3108799	3108800	1
6909827	6909857	1
608137	608007	2
3151773	3237695	1
6276737	6276665	1
9683432	9683229	1
442175	442178	1
6952133	6952134	1
1934997	1934998	1
12199319	12199311	1
9827986	9827985	1
12562690	12562689	1
1839527	1839528	1
157613	157614	1
1608931	1608932	1
5541107	5541108	1
11746205	11746289	1
5269064	5269063	1
3697700	3697699	1
11349372	11349332	2
10687186	10687185	1
6498889	6498890	1
1000940	1000939	1
7755501	7755504	1
4990935	4990936	1
496779	419470	1
7383586	7383585	2
10375242	10375246	1
3116530	3116529	1
675419	675411	1
5485650	5485649	1
4702347	10437539	1
249269	244907	1
2934120	2935342	1
4582965	4582966	2
2476502	2476056	1
7986338	7986304	1
3221462	3221322	2
5568906	10732294	1
11755123	11755124	1
6554829	6554586	1
2890912	2890927	1
12634674	12635190	1
10414950	10414970	1
12224725	12224726	2
6364204	6361271	1
1722603	1722604	1
7280596	7337567	1
11775522	11775521	1
817056	817053	2
12395097	12395098	1
3522343	3523046	1
11037170	11037169	1
11548354	11548353	1
8423985	8423986	1
4050237	4050238	2
4628112	4628078	2
11769069	11787019	1
7794749	7794728	1
1897007	1896816	2
7931212	7931209	1
5526750	5526749	1
8570749	8570751	1
6628148	6628147	1
188540	188493	1
788716	7266193	1
5543782	5543781	1
9252733	9252734	1
10594569	10594892	1
305068	303893	2
6293537	6293538	1
6888689	6873441	1
1520193	1520196	1
9077809	9077820	1
3497084	3496902	1
10052548	10052006	1
21320	21319	1
5859759	5859760	1
8972999	4064585	1
12311725	12302984	1
1455851	1455852	1
1077494	1077493	1
11528577	11528578	1
3563300	3563297	1
10735281	10735282	1
5961347	5961348	1
10290817	10290784	3
6126095	9431685	1
8621579	8621580	1
5085669	5084008	1
9513360	9514075	1
4242780	4242777	1
12489058	12489057	1
9855209	9855210	1
11386556	11386594	1
10180660	10180557	1
3877904	3877903	2
8383895	8383896	1
4118348	3998064	1
8893264	8893263	1
4055505	4055533	1
6092960	6092959	1
3810760	3811143	1
10991874	10991994	1
930347	930348	1
4025981	4025984	1
467202	468561	1
5772155	5772156	1
4210754	4210753	1
12228657	12228658	1
7722114	7721224	2
11825830	11825829	2
8689802	8777960	1
7820361	7820362	1
8604075	8604076	1
9693147	9693148	1
12717852	12717851	1
9768367	9768370	1
9088450	9088437	2
7811493	7811495	1
1876875	1876878	2
11918651	11918652	2
10281089	10281090	2
6804197	6802977	1
5698431	4175260	1
9044921	9044922	1
8024013	8024077	1
5240798	5240797	1
11568054	11563441	1
10646394	10645304	1
10787570	10787569	1
8602606	8602603	1
7491512	7491511	1
10439811	10439812	2
1927071	1927072	1
11718876	11718879	1
3830532	3830079	1
7106906	7107261	1
10944514	10944513	1
11275095	11275096	1
4283206	4283205	1
6897873	6898084	1
2747683	2746621	1
1132133	1131773	1
8518976	8517143	1
4806932	4803785	1
8565077	8565078	1
3340827	3340828	1
8000132	11446708	1
1249598	1249597	1
7198017	7198018	2
6508514	6508513	1
3269814	3270828	1
3426374	3426371	1
289177	289180	1
4038012	4037685	1
12117813	12656357	1
3530891	3530656	1
10393469	3277056	1
5807222	5806924	2
6897243	6897244	1
2864773	2872319	1
1155418	1155902	1
648028	648027	1
771720	771445	1
9702258	9702257	1
11750768	11750610	1
10698411	10698414	2
6813589	6494854	2
1748463	1747777	1
11330066	11330055	1
4690063	9086141	1
3974987	3974984	1
11786083	3271939	1
5700419	5700124	1
3997259	3997229	1
11082009	11082010	1
11965016	11965489	1
4751358	4751357	1
10404281	10404282	1
10477595	10477596	1
6731736	6732550	2
10764835	10765371	3
6312626	6312625	1
9062433	9062434	1
689936	689931	1
8464388	8464370	1
4136633	4136594	1
10479635	5514390	1
147629	7020940	1
7198156	7198491	1
11641315	11643636	1
9054292	4604480	2
6835863	6835868	1
7494660	7494641	1
4121769	11926554	1
12036306	12036324	1
7620482	7620479	1
3291962	3291961	1
9101218	9101213	1
5826643	5626760	1
1339559	1339560	1
12385324	12385323	1
4505161	4505162	1
6310546	6310550	1
7531741	7531742	1
749653	749656	1
660038	660017	1
7848820	7848950	3
12698621	11806927	1
1970027	1970034	1
8102938	8102937	1
4116455	4116448	1
1895498	1895497	1
10778611	9252466	1
5948689	5949422	1
9476280	9476279	1
11268816	11268598	1
2950272	2950271	1
3317754	3318233	1
4413210	6126451	1
4125518	4125565	1
8672558	8672557	1
12758187	12758175	2
8288459	8289075	1
3969559	3969560	1
7028810	7028807	1
3410086	11724302	1
806501	806502	1
11196946	11196945	1
12739910	12739909	1
366348	366347	1
7650522	7650521	1
9427214	9427213	1
2277787	2277790	1
11201321	11198950	1
2796225	2796226	1
9133655	9133656	1
7873773	7873774	1
450501	449620	1
7884004	7883997	1
2002341	2002275	1
5441203	5441206	1
11273525	11273526	1
10279091	10280369	1
5936484	5936483	1
4275163	4275164	1
9472285	9472929	1
3088362	3088186	1
10055237	10055142	1
10871253	10871254	1
10854292	10854291	1
10620535	10620444	1
378946	415032	1
6935737	6935738	1
531766	531765	1
7067247	7067250	2
3593879	3593870	1
4750458	4750457	1
10360871	10360876	1
1324263	1324264	1
300560	300591	1
2311946	2311945	1
119845	119846	1
12208987	12209052	2
8088593	8095594	1
3353016	3351708	1
708739	708860	1
1732057	1732058	1
9878445	9878435	1
2956713	2956716	1
3609721	3610868	2
1107063	1107064	1
6810416	6810421	1
9576137	9576138	1
9345590	9345637	1
8757533	8752936	2
12450958	12450689	1
4284171	4284172	2
5443270	5443281	1
10201574	10201573	1
100439	100440	1
3447531	3444918	1
11648502	11648497	1
1032712	1032709	1
8212636	8212635	1
9306206	9308822	1
9061455	9062132	1
304823	304816	3
11899448	11900185	1
5987261	5987262	2
4425024	4425184	1
924013	923196	1
3703959	3703960	2
3309601	3309604	1
10360819	10360822	1
11007832	11007831	1
1287717	1287720	1
2041595	2041939	1
3416213	11443136	1
3981712	3981849	1
12546039	12546042	2
11062772	11069692	1
206822	886192	1
9123823	9123824	1
11758730	10813263	1
4087461	4087462	1
8865247	10982296	1
1662110	1662700	1
3742921	2829445	1
11042277	11042278	1
4302685	4302686	3
6341216	6261205	1
11580619	11580620	1
1561574	1561573	1
3208891	3208076	1
434774	434773	1
3632026	3632025	1
6336482	6491757	1
10349982	10349981	3
6630209	6630182	1
6509896	6509882	1
7129079	7129082	1
6037251	6037252	1
10374888	10374887	1
9877418	9877417	1
4360641	4360642	1
1826222	1826221	1
6488221	6488222	2
8646946	8646945	1
772962	772984	1
5558542	5558541	1
11426189	8946958	1
1301289	1301290	3
6438308	6439087	1
9672255	9672256	1
11031283	11031284	1
11513747	11513748	1
1287740	1287616	1
1571419	1571420	1
11515788	11515787	1
1572109	1572110	1
9005085	9005086	2
5212585	5212582	1
7855635	7855636	1
4214054	4214051	1
8967582	8967579	1
12231328	12231327	1
4713679	4713670	1
10368101	10368102	1
4957975	10377507	2
3555732	3555845	1
10197292	10197291	1
5669832	5674959	1
11394435	11394468	1
6310564	6310563	1
1280357	1280321	1
4251005	4251308	2
8824173	8826262	1
2228535	4051355	3
6149636	6149687	1
2817084	2817486	1
11340685	11341791	1
189641	189655	1
10462318	10463448	1
5707135	5707136	1
7943037	7943038	1
8829479	12715311	3
5270698	5270716	1
6377780	6377777	1
11489551	11423920	1
10332473	10332474	2
1826419	1826420	2
9149910	9149909	2
3639004	3639003	1
710326	710003	1
12726489	12726490	1
10614337	10614340	1
2397844	2397843	1
7013740	7012821	1
9802046	9802049	1
9683356	9683355	1
7721780	7721779	1
914823	914824	1
9497468	9497467	1
7247585	7247586	1
11099351	11099352	1
1531881	1531882	1
790343	790344	2
1540070	1540073	1
935553	935406	1
1340892	1268267	1
8808224	8805798	2
812094	812093	2
4748882	4748881	1
1460374	1460368	1
4387152	4745470	1
1456030	1456029	1
4690535	4835208	1
4713660	4713659	1
11989574	11989599	1
9890008	9889902	2
8046808	8045872	1
10618068	10618067	2
4844963	4844895	1
3264239	3264837	2
9897856	9897769	1
786662	786661	1
4085044	4084035	1
12186448	12186445	1
5069798	5069797	1
9998386	9997981	1
8427645	8427646	1
11937470	11937580	1
3956940	3956939	1
241276	252409	1
11070215	11069860	1
3166074	3165626	1
8703719	8703720	1
7596784	7597913	1
8086781	8086786	1
7603836	7603835	1
11605859	11585842	1
5663301	5666798	1
6051209	6052368	2
5451178	5451177	1
1290171	1290172	1
4124969	4124970	1
5194362	5194361	1
6575607	6577959	1
6414154	6414134	1
1765757	1765774	1
6679518	6679517	2
10634142	3338770	1
5471223	5529222	1
6023604	5842048	1
3274691	3274581	2
10715706	10715705	1
1582688	1582687	1
10259688	10259687	1
4837377	4837400	1
7907452	7907451	1
10705933	10705934	1
3960802	3960801	1
8796675	8796676	1
12679268	12679267	1
41077	41078	1
9829332	9830110	1
5434388	5435711	1
1715485	1715395	1
11508561	11508564	1
2901987	4069623	1
10214544	8969736	1
5630976	5630975	4
10498898	10503325	2
4364735	4364736	1
2479527	2479557	1
10410955	10544784	1
2438300	2295824	1
6453046	6453045	3
6643645	6643646	2
6843882	6843885	1
4233997	4233998	1
684126	684123	1
4108078	4108015	1
1664145	1667608	2
12465234	12465628	1
10360717	10360718	1
1828417	1828401	1
4985859	4985860	1
10608684	10608683	1
2533683	2532393	1
5751210	5751209	1
511778	511777	2
11037642	11037641	1
12008434	12009559	1
5299845	5299846	1
4121715	4121572	2
11736897	11737213	1
1250530	1249751	1
4672624	4671368	1
10627197	3098600	1
6054576	6146357	1
2457294	2457293	2
6412509	6412602	1
5199296	5199300	1
8627862	8633369	1
11176384	11175596	1
11008546	11006983	1
8877936	11580400	2
2842133	2842134	1
3477663	3477664	1
8310840	8310839	1
10855585	10859400	1
9273445	9273448	1
10097148	10097145	1
1521965	1521966	1
8075409	8077975	1
2249986	2249466	1
5806925	5806928	1
4122920	4122892	1
6731812	6731807	1
297657	297658	1
5010740	5010739	2
1869387	1869388	1
5298050	5302169	1
4268755	4268756	1
11739449	11739450	2
2097093	1999786	1
5019185	5019186	1
6779881	6779882	1
10980208	10980207	2
1346988	1346987	2
7850484	7850483	1
10813651	10813652	1
2085268	2085267	1
3508502	3508501	2
757600	927922	1
11514269	11514270	1
1513910	1513909	1
864192	863738	1
8553338	8549742	1
7978949	8000011	1
9044642	1630965	1
12504695	12727502	1
11123899	11123900	1
6978679	6978739	1
11407888	3364055	2
2223024	2223023	1
6552628	6552753	1
720836	719928	1
2836659	4086088	1
9163240	9163311	1
8384038	8384037	1
10373850	10310495	1
8793878	8820247	1
4250999	4251002	1
6551583	6551595	1
536244	539461	1
3089839	3216107	1
6011930	6011929	1
10528161	10502463	1
6053497	6051677	1
10212672	10212661	1
2489798	2489797	1
6632435	6632436	1
9512514	9512513	1
2260701	2260132	3
9146253	9649204	1
4438729	4438730	1
1653937	1653942	1
9580417	9580740	1
94742	10197739	1
5381358	5381357	2
7470642	7471073	1
2315472	2315519	1
11371906	11371963	1
6342704	6342707	1
4277426	4277425	1
1904846	1871280	2
2313271	2313272	1
9938597	9938598	2
4381489	4381490	4
3679178	3635214	1
6359585	6359586	1
1013691	1013661	1
9145769	9145770	1
4070794	4070793	1
3564043	3564979	1
12201684	12201687	1
11342142	11349134	1
688878	686800	1
10761798	10761797	2
9125505	9125325	1
10007315	10007316	1
7699528	7699527	1
7007121	7007122	1
3328337	3328338	1
10591850	10591849	1
10519198	10519197	2
1773266	1770794	1
7008774	7008771	1
4634488	4634463	1
6198890	6198889	1
62685	62359	1
7793313	7665980	1
7476125	4246471	2
4468733	4468734	1
6457509	6456904	1
2948916	3164496	2
4210723	4210724	1
1379879	1379880	1
1664081	5487357	1
1753088	1577860	1
1201949	1201950	1
10935816	549155	1
10568995	10568990	1
8764348	8764347	2
3112522	3112521	1
7758257	7795552	1
7395227	8424978	1
4380300	4380319	2
12434504	12434519	1
12394679	12396059	2
4684195	4684196	1
2905583	2905584	1
8521364	8521337	1
837363	637376	1
3419958	3419955	1
10763452	10763695	1
11339026	11339025	2
2957202	3215730	1
10333731	10334598	1
982211	982164	1
8035540	8035548	2
7184950	7183798	1
4560334	4568359	1
3077204	3077199	2
3978128	3978127	1
1668064	1668918	1
5985307	5985308	1
9481977	1031385	1
2714210	2713660	1
252509	253675	1
7254401	7254402	2
6248954	6248953	1
5050489	5050784	1
11904162	11904159	1
2467798	2467797	1
12169669	12169670	1
4831705	4831706	1
11761252	11761247	2
6161167	6162410	1
7895273	5263188	2
8653226	8653225	1
11531422	11531611	1
3706548	3706547	1
2130282	2225054	1
542266	649342	1
12187610	12187607	1
10211633	10211634	1
2689578	11998420	1
8563071	8563065	1
11800659	11793446	1
7767899	7767900	1
10164238	10164185	1
12249934	12249933	1
2129337	2129461	1
7084733	7084734	1
5817199	5817206	2
10588602	10579969	1
8061992	8061991	1
849808	850977	1
7582917	7582918	1
778827	778828	1
8920202	8920244	1
4123058	4123032	1
3258016	3257684	1
449589	449611	1
7274317	7274320	1
9419544	9419525	1
8576377	8576378	1
8476980	8476979	1
3600907	3600872	1
4369199	4369200	1
7309267	7309268	1
3005062	3005061	1
3716555	3716557	1
7446445	7446446	1
7544027	7544269	1
4310018	4310017	1
6032225	6032381	1
8409005	8408578	1
2827922	2827921	1
12141705	12141608	2
7159694	7159693	2
6799100	6799099	1
12661966	12661965	1
9730987	9332572	1
1961218	1961217	1
9995729	9995730	2
2891874	2891871	1
5962864	5951136	1
6047783	6047784	1
5329577	5329578	1
1380493	1380494	1
7702561	7702564	1
5885875	5885876	1
3634466	3634465	1
8832996	8832995	3
4445263	4445264	1
1928612	1928831	1
973738	973581	1
8830369	8830370	1
3216836	3216835	1
11531789	11807293	1
1719376	1719373	1
912715	912716	1
10044244	10044414	2
3002907	3002908	1
12536357	12536358	2
5920325	5920326	1
2692090	2692087	1
10516836	10516841	1
12463903	12463904	1
1164412	1164411	1
472012	472758	2
3000630	3000629	1
4278921	4278922	1
2603907	2603908	1
8408136	8408135	1
10519375	3316560	1
10885756	10885752	1
8236020	8236019	2
10514040	10514847	1
1323895	1323988	1
10310561	10310614	1
9881573	9881629	1
3317046	3317045	1
5253175	2486722	1
918963	919751	1
4283542	6863977	1
6152765	6152766	1
7454473	7454468	1
9069193	9069194	1
11453065	11453066	1
3940537	3940540	3
8884389	8884390	1
9967281	9967282	3
10454705	10454706	1
4783875	4783876	1
6870290	6870289	1
10739152	10739151	2
7462805	7462806	1
4612650	4613396	1
11233584	11233562	1
1307095	1307096	2
11592957	11592958	1
6907221	6907224	2
5200134	5200041	1
5223291	5223393	1
4294893	4294894	1
5562733	5562670	1
4393414	4393413	1
4051948	4051947	1
8617845	8615779	1
10667629	10667630	1
11904056	11805138	1
1114872	971266	1
5854889	5853845	1
2374014	2374013	1
10760228	10760227	1
3014490	3002877	1
4174278	4174277	1
8824679	8824680	1
1462380	1462379	1
11498658	11498655	2
11660820	11660819	1
251712	251697	1
9576205	9578243	1
1058072	971303	1
1760079	1760080	1
4565173	4565174	1
4326983	4326984	1
11239004	12691642	1
1778652	1780339	2
1988794	1988793	2
8019809	8020271	1
3084848	3089046	1
9782160	640989	1
6285309	6285310	1
10091316	10091315	1
1258229	1258230	2
11851938	11626447	2
7020436	6941233	1
4088212	4087758	1
9238706	9237966	1
4237686	4237674	1
5095083	5095084	1
10191007	10191008	2
10267554	10267553	2
12338900	12338882	1
3592697	3592698	1
7015369	7015370	1
3788552	3791317	1
5109372	5109365	1
9113075	9113076	1
2250939	2250925	1
7109317	7109329	1
4233175	4233081	1
8849022	5893033	1
1159619	1158330	1
10830397	10830398	2
7737655	7737622	1
9770840	9770839	1
7499217	7499218	1
10992114	10990849	1
11495588	11495587	1
7571954	7571951	1
12674973	12674974	2
1887151	1887152	1
12170803	12170257	1
7683798	8455440	1
5795485	5795478	1
5532136	5531227	1
9390956	9390934	1
5215237	5215238	1
1370348	1370347	1
10566529	10566520	2
11895897	11889708	1
9423179	9423256	1
5011212	5011290	1
12198848	12198484	1
7535028	7535027	1
10230440	11789687	1
8565947	8565948	1
11976577	11976578	1
6835262	6835259	1
6650789	6651584	1
8611182	8397236	2
9842480	9842479	1
5003119	5003122	1
7605684	7605799	1
721169	719696	1
2614707	2614708	1
7793195	7793120	2
11886794	11886793	1
12469943	12496095	1
6575961	6575962	1
753352	753351	1
6107622	6107116	1
11625962	11625620	1
4528844	4528841	1
8814096	7474353	1
6960729	6960730	1
2230814	2230820	2
10747211	10746914	1
8982290	9069199	1
12430905	12430913	1
8969370	8968486	1
6371410	6371409	1
3130408	3130908	1
1127515	1127946	1
11331764	7055486	2
8674764	8674630	1
343930	343923	1
7601850	7602200	2
10214578	10214577	2
11850929	11850932	1
11609889	11609890	1
8574445	8574339	1
9596488	9596487	1
3087876	3087875	1
8013344	8013341	1
6483015	6483016	1
9765489	9765490	1
10461185	10461188	1
8171484	8171483	1
5758836	5758835	2
11930133	11930134	2
857813	857814	1
3922064	3922055	1
7935659	7934967	1
8622249	8622250	1
9236047	9236048	1
1509113	1508365	1
11608428	11608427	1
10384164	10384163	1
4598307	4598308	1
11621564	11626948	1
11346106	11346105	1
12451061	12451062	1
11660638	11660635	1
10016140	10017218	2
6155066	6155065	1
8967016	8967015	2
9087738	9087728	1
9604450	9604449	1
6435368	6435367	1
3230762	3230761	1
8214863	8214864	2
7700601	7700602	1
5565186	5565185	2
12186743	12186746	1
9041336	9041335	3
7266830	7266829	1
3545751	3545742	1
7723210	7720844	1
10531053	10531252	2
10352158	10352210	1
11198920	11198923	1
11115220	11115219	1
4433456	4433455	1
2773940	2773937	1
12137077	12137078	1
4571126	4571123	2
3026822	3026821	1
11665217	11666063	1
12181687	12181512	1
7770586	4650997	1
10218374	10218350	1
6106443	6106444	1
9369251	9369252	1
2169180	2169179	2
3015062	3015061	1
8635630	8636198	1
1398481	1398969	1
3287835	3287687	1
11721838	11721859	1
9151444	9151180	1
2637155	2637156	1
2281059	2281060	1
10801399	10801400	1
9929484	9928902	1
295051	295052	1
4582886	4528841	1
646559	646560	1
6727728	7807847	1
6093693	6093694	1
11669208	11669550	1
4847092	4782265	1
10024253	10024256	1
11325819	11325820	2
5506965	5506968	1
5412504	5412503	1
2898758	2898757	1
9418710	6121915	1
3100606	3100697	1
6392649	8059686	1
10766664	10766663	2
7397048	7397047	1
8223722	8223721	2
4015811	4015812	1
11769609	11769612	1
4343680	4343709	1
3209658	3210239	1
424035	424036	2
6045058	6045057	2
5670536	5670559	1
3004032	3004031	1
8675407	8675408	1
10458183	10458184	2
139776	139773	1
8440808	4369289	1
3016119	3016120	1
10437394	10437393	1
4187832	4223617	1
2317857	2317858	1
9836115	9836116	2
11585413	11515366	1
6602663	6598685	1
1498283	1498284	1
4958685	4958686	2
11460891	11460894	2
1504325	1504326	1
6489688	6489687	1
2265210	2266917	1
8372080	8372079	1
6320129	8077123	1
1844222	1844506	1
8301455	8301456	2
9624670	9624669	1
6507209	6507223	1
11628291	11628400	1
10904120	10904119	1
6205980	6205910	1
1760110	1760109	1
2339045	2339046	1
8968413	8813397	1
4836482	11827879	1
11845945	11845946	1
10155499	10206051	1
6472896	6722533	1
10688216	10688215	1
746523	726229	1
7646406	7646405	2
5048785	5048778	1
6535496	6536745	1
4864682	4864681	1
2479539	2479540	1
2148988	2148987	1
1459692	1459113	1
617246	617245	1
6489974	6489971	2
11019351	11019352	1
12676674	12676673	1
10188827	10190647	1
7724592	7723702	1
4068587	4069748	1
4791224	4791211	1
12380605	12381280	2
10306557	10306558	3
4917154	4917153	1
9042714	9041888	1
2011605	2011608	2
1114240	1114239	2
6161188	6161229	1
10731663	10731664	1
5822123	5822124	1
3321673	3321762	1
11003835	11003918	1
11853279	11853280	3
1575092	1575104	1
5124486	5124483	1
4827192	4826893	1
7258756	7258783	1
7295208	7295205	1
4919420	4919419	1
9944295	9944296	1
9508262	9508100	1
8871236	8871556	1
4383475	4383476	1
11499546	11499551	1
7479942	7480038	2
4752049	4752050	2
11698623	11698624	1
999697	999401	2
4233777	4233778	1
7017403	7017404	1
1624131	1624132	1
7552620	7553073	1
9967323	9967280	1
7777639	7777391	1
3911479	3913726	1
6696648	6682509	1
895221	894712	1
3356422	3356421	1
2282892	2282887	1
955255	7439222	1
9350063	9350064	1
293351	293348	1
3195164	3193999	1
7973525	7973526	1
9441074	9440979	1
12320392	12320514	1
2558692	2560364	1
101642	101607	1
8748354	8748353	1
4351192	4351191	1
6729818	6729553	1
4735573	4737374	1
8997320	8997319	1
3494472	3494503	1
4262946	4263615	1
266830	266767	1
3213385	3213386	2
9992233	9991541	1
6429185	6429186	1
9623974	9624000	1
5676262	5676259	2
7883077	7743505	1
3984566	3984563	2
3357817	3358115	1
8716105	8716108	1
1632215	1632216	1
6826814	6826811	1
3528131	3528035	2
6768786	6768785	1
5997246	6005108	1
9580415	9580416	2
2116242	2116241	1
12052383	12052016	1
11514332	11514331	1
12155458	12654232	1
3447589	3442040	2
7329455	7329456	2
9088971	9088972	2
10765505	10765506	1
11000854	11000853	1
9840862	9840850	1
9793536	9532766	1
4146293	4146294	1
6719920	6719919	1
10235226	10235225	1
8375272	8375134	1
8082115	8082116	1
3632646	3632645	1
2846861	2846862	1
12714517	12390044	1
10286208	10283808	1
10801572	10801571	2
1257604	1257603	1
7430656	7430655	1
8611184	8611183	2
11490233	11490234	1
7827749	7829245	1
2296530	2296523	1
10573259	10573260	1
11708507	11708508	1
7451755	7451657	1
7149824	7149830	1
5925647	5925648	1
3972601	3972604	1
7455256	7688560	1
9981908	9981907	1
1617466	1617803	1
8413269	8606335	1
12567148	12567152	1
12317473	12317474	1
6483378	6483598	1
5761997	5761998	1
12359277	12359278	1
11660638	11660637	2
1681719	1680935	2
8876783	8876904	2
520387	525994	2
395786	395783	1
7993639	7993640	1
9354578	9354577	1
7006225	7006226	1
9915607	9916263	1
5200275	5200276	1
2635696	2639790	1
11648362	4024381	2
1171344	1171343	2
2344214	2343861	1
7141978	1394448	1
1042792	1042791	1
5458172	5458171	3
1969758	1969757	2
11144934	11144933	2
1174237	1174238	1
7129081	7129082	1
7465126	7465125	1
11917040	11917063	1
6753212	6753477	1
5659772	5659771	1
4037250	4037249	1
11596340	11596339	1
5093936	5093935	1
10646368	10646367	1
2835112	2835111	1
10153018	10153015	1
11064566	11066891	1
8786303	8786304	1
6055629	6117905	1
9558409	9558410	1
8869333	8869249	1
2836753	2836754	1
5381987	5381235	1
8875956	6439505	1
2228313	2228314	1
5424557	5424544	1
28856	28851	1
1161971	1161974	1
2370377	8824668	1
1722595	1722602	1
347052	347051	2
5827639	5827640	1
1040650	1040810	1
12207712	12207711	1
9860856	9860855	1
12457872	12457814	1
8829133	8829134	1
2338773	2338774	2
8473979	8473985	1
3463696	3463685	1
875010	796183	1
3986637	3986638	1
5268304	5268303	1
7955444	7958941	1
3135708	3135700	1
9395671	9339570	1
5057789	5058380	1
6778083	6778090	1
12607926	12607925	1
4437556	4437555	1
6496602	6496849	1
8833225	8833279	1
5466604	5466603	1
3958933	3958397	1
11785423	11784964	1
4224732	4224755	1
6237151	6237152	1
5066086	5065618	1
3471041	3471042	1
4528842	4528841	3
8819724	8819723	1
9316801	9316802	1
2452568	2452597	1
1500479	1509295	2
3752799	3753418	1
3593979	3598213	1
4763270	4760240	4
543784	560806	1
1738422	1738413	1
1037566	1037569	1
11207429	11206124	1
7953168	7953167	1
3155453	3154676	1
9241183	9241184	1
4595451	4595452	2
925347	954824	1
1845049	1844852	1
8388635	8388627	1
6792750	6793063	1
12729423	12729424	1
12367263	12367558	1
1656169	1655098	1
806992	806987	1
2227852	2227851	1
10910982	10910891	1
10165038	10165251	2
7099301	7097312	1
3907542	3907558	1
3928321	3930921	1
10226797	10226798	1
11878815	11878816	1
10913647	10914407	2
12482223	12384857	1
2317648	2317693	1
1149536	1149533	1
10851701	10851939	1
7219680	650212	1
6330411	6330412	1
9539018	9539017	1
1086611	1086612	1
6005661	6003993	1
4048054	4048053	1
7974638	7975114	1
1802009	1802010	2
3324140	10728610	1
4353268	4353256	1
5151973	5151497	1
11858228	11858227	1
2828145	2828118	1
4852724	4852478	1
452292	452291	1
7852334	7852189	1
3910373	3911052	1
7524168	7523949	1
12471770	12471756	1
8676563	8676290	1
3123394	3123420	1
342671	342672	1
8700354	6473482	1
8840810	8840809	1
10898973	10896333	1
12679579	12680825	1
3715330	3715329	2
4537589	4551127	2
10904923	10904955	1
2148911	2148914	1
1843554	1843553	1
7238671	7241508	3
8065203	8065009	1
8445679	8445601	1
2282295	2282316	1
8967050	8967049	2
11441658	11441657	2
8059851	8059852	1
4393449	4724129	1
7479712	7479711	1
11794070	12409176	2
7399147	7399150	1
4065436	3536128	1
12723085	8961263	1
5380452	5380451	1
9592529	9592530	1
6671418	6671327	1
1863640	1863626	1
4829940	4829986	1
1000658	1000657	1
9531610	9531609	2
8452159	8452160	2
7788351	7788319	1
6496199	6314372	1
1380820	1380819	1
306731	306732	1
5376079	5376110	1
6408792	6408791	2
1693240	1693237	1
10476979	10476980	1
6166772	6166771	2
5657331	5657332	1
11731996	11731995	1
325732	326206	1
1447293	1447294	1
847646	848170	1
10336150	10336147	1
6316913	6317096	1
3300771	3300772	1
8870462	8870161	1
3600905	3600906	1
3819600	3819427	1
10318570	10318546	1
12547634	12543329	1
4427307	4427338	1
8518735	8517939	1
7975115	7975116	1
5038607	5038612	1
8567546	8567366	3
10277612	10277609	1
8391736	8520833	1
125541	124201	1
2825719	2825720	2
11072061	11069699	1
4007005	4007006	1
4301616	4301611	1
5835760	5835759	1
11997997	11997998	1
12459029	12459030	1
9317540	9317539	1
8045087	8045088	2
8547415	8547418	1
6748972	6748971	1
6893073	6893076	1
6266211	6266212	1
12807563	12807566	1
11217972	11217971	2
3764607	3764608	1
9801264	9548725	2
10115409	10115131	1
10615527	10620600	1
8025697	8454153	1
12777178	12777177	1
1616745	1616772	2
5011359	5006740	1
4070356	11281132	1
9965247	9965323	2
6134387	6134458	1
9791357	9791358	1
1281783	11548017	2
8967507	8967508	1
8513188	8513206	2
11293756	11293755	1
6659978	6659977	1
9587755	9587720	4
9009723	9009724	1
11335081	11335082	2
5917664	5917725	2
5416501	5416502	2
9123766	9123765	1
12746217	12746218	1
6686365	6686366	1
3140028	11576545	1
1140299	1140300	1
740133	740134	1
12682459	12682497	1
9126436	9126435	1
1018205	1018212	1
2189439	2189684	1
164964	161112	1
11429436	11429440	1
5974458	4353045	1
360350	360345	1
7014984	7014983	1
6279302	6279301	1
9679430	9679439	1
9575654	9575653	2
3700466	3700465	2
6565305	6565308	1
3004395	3016666	2
1073105	1073108	1
9095578	9095577	1
4916712	4916711	1
9426101	9426102	1
4153718	4153703	1
4710882	4713907	1
9427238	9427258	1
8023875	8023876	2
1748821	1748822	2
9728807	9728808	1
12459156	12458725	1
12004157	12005511	2
9086567	8006664	1
5716875	4332248	1
3977923	3977924	1
12124889	12124882	1
7496225	7496211	1
7573168	7573161	1
4342661	4342703	1
11553111	11553112	1
1590060	1590063	1
9445890	9445983	1
11794776	11794775	1
8488222	8488218	1
10569132	10569131	1
10046536	10046535	1
6825312	6825063	1
8372983	8372984	1
762484	762493	1
11742871	11742872	1
10771876	10771756	1
4008262	4008261	1
12593121	12592740	1
9172097	9172098	1
10511598	10511458	1
7687747	7691224	1
1845881	1845898	1
3601580	3601579	1
11333323	4082310	1
6360856	6361369	1
10648717	10648718	1
7047014	7047013	1
7748306	7717112	2
4293469	4294916	1
8863895	8767790	2
11805680	11822070	3
8286599	8286602	2
8687021	8687022	1
292006	10590867	1
1082339	1292733	1
10095714	10094949	1
12726843	12726564	1
7907664	7907453	1
6050135	6050136	2
3709339	3821492	2
10124520	10122278	1
6751831	6751700	1
12463708	12463730	1
3691051	3691052	1
2250949	2159834	2
6412511	6412602	1
3955430	3953337	1
8197287	8197288	2
10684809	10684810	1
5420560	5420549	1
5000370	5000369	1
9714619	9714592	1
5490670	5490673	1
1694532	1694531	2
922329	920675	3
4106064	4106081	1
4238519	4238520	1
7948888	7948887	1
6251007	9282260	1
8078035	8078036	1
7940421	7938357	1
8000092	8000091	1
6800281	6799300	1
2341674	2343511	1
7596523	7596524	1
3979385	3979386	1
4433472	4433471	1
4647455	4647456	1
1045963	4131207	1
12041360	12038843	1
11977409	11977410	1
10466815	10466818	1
8723231	8723232	1
7852532	7852529	1
1792890	1792656	1
7141595	7141596	1
8330450	8330412	1
11545560	11545559	1
6538624	6538792	1
4261766	9848590	1
11812464	11812463	1
11257501	11257502	3
7272183	7272184	1
663309	806904	1
2830970	3117323	1
576806	576506	2
6759026	6758957	1
3142500	3142499	1
867620	867619	1
9797434	9797433	1
2348540	2348539	1
5008500	5008499	1
11371906	11371905	2
673252	672105	1
4236233	4236234	1
2838296	2838783	1
7829885	7829886	1
3100196	3100195	1
7721392	7721391	1
12266465	12266468	1
11188974	11188969	2
1707513	1707498	2
817058	817057	2
7674030	7674027	1
1902469	1902470	1
5931995	5931915	1
9797826	9797825	1
9835481	10052814	1
4755148	4755147	3
924203	924204	1
780606	780609	1
3516633	3516636	1
7790655	7790656	3
7954895	7954804	2
4070484	1704886	1
7632179	7632180	2
7775694	7775146	1
865371	865372	2
5541311	5541312	1
7867645	7867710	1
115876	115500	1
3629335	3629336	2
5304144	5304131	1
2171395	9840021	1
9963323	9963324	1
12367288	12367287	1
5835815	5835816	1
1171193	1170218	1
10518056	10517094	1
762206	762485	1
11804769	11436187	1
11349011	11349012	1
2499075	2499078	1
38688	38687	1
7530887	7530888	1
12380350	12380347	1
9848603	9846996	1
9251761	9251762	1
8722182	8722181	2
3735076	3735502	1
2217482	2217481	1
1727176	1726940	1
1648216	1648977	1
8110086	10177178	2
6284322	6280790	1
11319991	11319992	1
3133405	3133406	2
9081855	9081857	1
10993744	11099916	1
4631105	4631106	1
12225432	12226716	1
11406774	11405728	1
7421055	7421056	3
6681356	6681353	4
11084003	11138439	1
11792284	11792227	3
9571479	9571611	1
9254479	9232806	1
4057619	4057628	1
4223468	4224329	1
7191234	7191233	1
4160521	7696270	1
12665227	12665228	1
5164438	5164437	1
35405	35406	1
5042479	5042482	1
9566249	9566250	1
5691196	5691195	1
10337958	10337957	2
11338677	11370351	1
1615377	1615378	1
1402697	1402729	1
2859233	2863553	1
2384355	2384356	2
6160431	6160437	2
12678232	12684996	1
11351072	11351071	1
12713583	12696386	1
8833137	8833138	1
11862667	11862668	1
7647403	7647404	1
3233324	3233323	1
11697639	11697640	1
11844795	11844796	2
11249669	11249672	1
3909342	4093240	1
4082963	4082999	1
1100068	1100061	2
3667130	3667119	1
10102284	10102283	1
5010654	5010695	2
2054263	2054288	1
12465335	12465336	1
11250006	11250589	2
8215762	8213518	1
11253317	11253318	1
5976742	5977705	1
7695852	7696567	1
4241231	4241240	1
198334	7031411	1
149272	117402	1
2434609	2434610	1
5991569	7897855	1
5048734	5049661	1
11177138	11177137	1
12243768	12243773	1
5605802	5725022	1
4349783	4349784	1
4609323	4609324	1
3523233	3523227	1
12282102	12289590	2
5975900	5975899	1
4595443	4595446	2
7353940	7353939	1
5427888	5427885	1
9816238	9816237	1
11421812	11421811	2
8924328	8923656	1
3072227	3078208	1
4303401	4303404	1
8424390	8423657	1
2675553	2675281	1
886417	885905	2
6834209	6834368	1
8377765	8377796	1
2095450	2047998	1
5580397	5580398	1
8761165	8761168	1
7459753	7459754	1
9924408	9924407	1
7596147	7596148	1
2107599	2107600	1
647930	7149216	2
3676497	3676498	1
6364623	6364624	1
8490766	8490765	1
9283526	9283518	1
8103177	8103178	1
11916284	11915009	1
1861127	1861128	1
3635829	3635830	1
472452	471634	2
5150967	5150968	1
11410055	11410591	1
4958851	4958854	2
11409565	11409273	1
6100359	6128716	1
4830524	4830523	1
1257639	1256513	1
4296008	4140864	1
5217907	5217908	2
7967441	7967442	3
8108202	8108201	2
11854021	11854022	1
1448425	1448449	1
4999261	4999473	1
7020886	7020885	1
2392068	2392022	1
3474095	3472141	1
10380925	10380926	2
5927402	5927384	1
3323119	3323120	1
6119426	6119425	1
1486526	1486525	1
2087107	2086348	1
933276	933275	1
11725988	11724046	1
8885618	9377479	1
4012317	12480581	1
1456394	1456393	1
11599785	11599179	1
5932003	5932004	1
1302913	1302289	1
9998198	9997420	1
993144	995095	1
7541746	7541788	1
12268353	12119286	1
5281044	5281043	1
7592302	7592301	2
4121845	4121789	1
8377909	8379770	1
2878273	2874489	2
6983213	6983214	1
11861194	11861176	1
1075480	1075640	1
11735330	11735329	1
12387089	12387090	1
7822263	7822264	1
11535646	11535624	1
2414039	2506354	1
11608846	11608845	2
1386547	1215055	1
3159326	3159325	1
11241015	3356507	1
888000	888173	3
11273385	11273388	1
1398707	1398708	1
11158252	11158228	1
10976711	10976518	1
9995103	9995104	1
6618942	6618939	1
12452565	12452566	1
44096	44101	1
6806048	6806047	1
10381837	10381838	1
9342919	9341552	1
2033536	2033525	1
3950752	3950751	1
12801435	12800928	1
6106095	6106096	1
2062487	2064436	1
6458277	6458278	1
1498281	1498282	1
10457543	10235416	1
11790536	11790528	1
10054698	10054697	1
9669695	9669696	1
3883496	3883495	1
6444657	6444658	3
3907394	3907399	2
8982979	8761942	1
10584243	10584244	1
2150880	2002278	1
6426657	6433412	1
8035999	4500032	1
12425857	11443601	1
7096779	7096780	1
5344779	5344850	3
6777964	9107800	1
5331921	5332271	1
10894670	10894673	1
8287547	9582721	1
2586189	2586190	1
4175909	4173710	1
2438858	2438857	1
8975239	8975240	1
8613967	8613968	2
4582635	4582636	1
8780904	8780901	1
9779152	9779151	1
7388290	7105780	1
358370	358170	1
4041881	4041884	1
162270	162269	2
3361454	3361453	1
1154158	1154107	1
9835504	9835381	1
12252488	12252485	1
10137796	10137795	1
4302788	4302817	1
12227539	11278489	1
4828559	4828560	4
9536228	9484475	1
5998717	6201520	2
3202886	3202883	1
891010	891012	1
10543776	10543772	2
11668929	11666552	1
11415262	11481703	1
679165	679166	1
7124670	7124132	1
814028	814027	1
3102452	3101491	1
1398709	1398800	1
1738305	1738306	1
4858778	4858409	1
9285506	9285505	1
8063443	8063444	1
701417	701418	1
2549704	2549703	2
590592	590589	1
9995625	9995628	2
11710142	11710141	1
12020249	12021510	1
2529546	2529545	1
1954231	1954232	1
12301075	12301076	1
4511207	4510994	1
8402864	8402861	1
5201687	5201685	1
7095262	7095261	2
7276871	7276872	1
12299156	12298627	1
10089162	10089258	1
2664816	2198568	1
2892288	2892287	1
2654579	2654580	1
8401950	8401949	1
8995959	8998956	3
4279831	4279832	1
4017807	4017808	1
12016179	12014803	1
8465509	8465512	1
8521135	8521267	1
282606	282793	1
4417501	4599338	1
670766	670765	2
5376714	5376713	1
1075792	1075791	2
1943113	1943114	1
7013470	7013469	1
1469363	1469364	1
3360260	11382678	1
7685581	7685582	1
4437558	4437557	2
1456174	1456173	1
1501927	1501928	1
12175420	12175419	2
9127109	9127112	1
1677446	1677445	1
699656	699655	1
6598508	6598526	1
2210102	2210197	1
2971364	2971363	1
8445545	7473750	1
4034457	4034458	1
11003610	11003570	1
10238601	10236500	1
2756991	2756992	1
147502	7020887	2
10911756	10911755	1
166964	166961	1
2504076	2504075	2
2938422	2938419	1
6986321	6986322	1
11958836	11958835	1
3440515	3440516	1
747917	747918	1
3101473	3101474	1
329828	131386	1
4115277	4115278	1
840291	840292	1
437611	437612	1
4860245	4860159	1
10298926	10298869	2
312867	312848	2
1709554	1710151	1
901879	901941	1
4005827	4005828	1
3133824	3136090	2
8310374	8309947	1
2274646	2274645	1
11789895	11789616	1
147756	147755	1
5449800	5449799	1
11665522	3281066	1
5612684	5612683	1
7749657	7749658	1
7281019	7280988	1
10836222	10836221	2
2420663	2420664	1
8758296	8761880	1
1066975	1066991	1
5738308	5738307	1
2467914	2468381	1
9834559	9834560	1
2481149	2482323	1
2341142	2341139	1
9049381	9049382	1
10115139	10115140	1
11266377	11269920	2
4940369	4940327	1
684111	684112	1
3085226	3085225	1
7147119	7147130	1
9365412	9365411	3
8817324	8817350	1
5205653	5205615	1
11880857	11880858	1
8990115	8751317	2
5478539	6029523	1
7768465	7766859	1
2479014	2478956	1
10336648	10337255	1
9395501	9395673	1
9434748	9434485	1
12126	12125	2
5709624	5709612	1
7822354	7822262	1
11337389	11339857	1
6291261	6299407	2
10533598	10533559	1
1361366	1360247	1
7139268	7139267	1
10587313	10587230	1
2263584	2263583	1
7954805	7954806	2
1661585	9785404	1
1901316	1903948	1
5562738	5562489	1
5269791	5269792	2
1183545	1183546	2
10242959	10242960	1
9883213	9883214	1
2586469	2586470	1
678033	678034	1
8005271	8005297	2
6522454	6520854	1
2046830	2043417	1
7115301	7116874	1
11997940	11997994	1
6264526	6264525	1
2616324	2611722	1
6762853	6762854	1
2013087	2013089	1
9494275	9494293	2
9846653	9846654	1
2779914	2779882	1
3909942	3911499	1
995848	996214	1
3948587	3949177	1
9682414	9682413	1
6514997	6512128	1
3640688	3640685	1
4955305	4955307	1
4525621	4525622	1
2467914	2467913	1
11717074	11717073	1
9544215	9544321	1
4594960	4594959	1
8223720	8223909	1
3284578	3284415	1
4289036	4289035	1
11500044	11500043	1
2518602	2517199	1
7110638	425651	1
312865	312848	1
11528633	11528634	1
2939219	2939222	1
7725106	7725105	1
1204486	1205382	2
6455475	6455372	1
1786883	1786884	3
3318614	3318613	1
5264009	5264010	1
799795	799796	1
5706457	1085568	1
7406829	7406830	2
5155754	5329070	1
11257494	11257491	1
12425098	12425072	1
1255894	1255269	1
2830846	2830845	1
3597122	3597121	1
11459137	11460130	1
3798848	3798847	1
10511457	10511458	1
5148335	5148336	1
2852745	4008711	1
8681202	8681201	1
12203440	12203439	1
2398583	2398584	1
12124000	12123999	1
11577003	11577004	1
4789682	4789681	1
8536242	8536515	1
9361531	9361519	1
10280230	10280226	1
2339631	2338420	1
9063205	9030378	1
8023832	8024160	1
9061305	9061306	1
11680093	11680094	1
2014156	2014154	1
1696596	1696713	1
9812739	9812721	1
9317711	9319865	1
5265959	5265960	1
428491	428496	1
1891436	1891435	1
3311118	3311117	1
7586887	7585364	1
11454376	11454378	1
9072813	9072742	3
2577633	2577864	1
3214005	3214810	1
4915366	4915365	1
12372461	12372450	1
9850354	9851442	1
10887184	10887183	1
2180643	2180629	1
10291816	10291815	1
5196248	5196246	1
9541990	9541989	3
4713467	4713468	1
5430871	5430872	1
2142067	2200480	1
1881678	1881677	1
7136563	7136564	1
5596387	5596388	2
2555878	2555877	1
4440033	5869355	1
5003637	5003638	2
7352629	7352630	1
7614619	7612878	1
10179914	7010859	1
669110	669109	1
26235	26735	1
6715785	6806049	1
3711812	3726082	1
5449045	5449046	1
3357022	3356979	1
9578670	9567664	1
12367286	12367285	1
9776973	9776974	1
1362054	1361879	1
9032366	9037423	1
2162452	2162451	1
5439978	5439977	1
2200022	2200021	1
6803092	6803184	1
11317507	4258533	1
6018385	5994423	1
12509655	12509632	1
4851191	4851928	2
4065500	4065523	1
8963098	12721460	1
6121560	6121559	1
10708674	10708673	2
3638414	3637675	1
2386981	2386982	1
9165808	9165805	1
9010927	9010928	2
165090	165087	1
2354400	2354399	1
4686527	4686538	1
6279052	6279051	1
3303762	3304003	2
6994185	6994186	1
7818213	7817529	1
11668852	11669701	1
7768160	7768128	1
6008079	6007761	1
407023	407024	1
8561252	8561251	1
235141	235144	1
4915362	4915355	1
2785788	2696081	1
12735604	12735581	1
259322	10815078	1
9874477	9873903	1
3537788	3537822	1
5277662	5277661	1
1252587	1252366	1
1406097	1406098	2
139244	139206	1
10954045	10954046	1
12433019	12433020	1
8731121	8731122	1
8620211	8620190	3
3993018	3993017	1
4009984	4009458	1
8439686	8439688	2
11983460	11983459	1
10516516	10516515	1
7446449	7446387	2
10904017	10904020	1
11744077	11744082	1
7269300	7269297	1
2880184	2746282	1
673188	8441887	1
526841	526470	1
4221887	4221789	1
7697177	7697178	1
8824777	2365984	1
8526958	8526914	1
1449817	1470296	1
11750121	11751312	1
10212723	10212724	1
875990	874492	1
7867026	7866778	4
2879114	2879099	1
7795553	7795554	1
2108385	2108386	1
9953	9910	1
1487495	1487489	2
8650085	8650079	1
3496225	3496226	1
750841	751591	1
6341387	6340274	2
4329985	4329986	2
4580745	4580637	1
383535	383538	1
11588103	11587073	1
3112704	3109263	1
6677452	6675060	1
3589808	3589807	2
10163003	10163004	1
9057255	9057256	1
2919676	2918583	1
4818936	4818935	2
12673899	11778381	1
10045667	10045668	1
6704603	6702632	2
11607895	11606441	1
370572	370226	1
9012150	9012153	1
4610888	12465817	1
11541600	11541309	1
8415735	8415738	1
824823	824824	1
9955862	9955848	1
6379164	6376269	1
2941398	2941420	1
7872665	7872666	1
3948503	3948396	1
6064839	6064840	1
792646	791970	1
4388706	7677105	1
4149641	4149742	1
11807509	10648024	1
11094421	11094406	1
10472814	10465218	1
12022086	12022517	1
633130	633129	1
5215105	5215106	1
2278310	2280065	2
12440006	12425884	1
5782000	5739745	1
1508793	1508797	1
11929425	11929426	1
3125541	3125543	1
3381571	3381574	1
6462635	6462636	1
9432843	9432844	3
3213706	3213705	1
3078639	2959103	1
3740972	3741001	1
6030575	6031139	1
159154	159258	2
8758171	8756374	1
2526882	2523045	1
5281228	5281227	1
5065381	5065138	1
10787973	10787974	1
3539020	3539017	1
3933457	3933458	1
1084726	1084294	1
9766008	9766007	1
9540048	9540045	1
9095074	9095287	1
3027218	2905533	1
4033827	4033817	1
4530587	4530588	2
6667537	6667538	1
6424014	6424108	1
9847579	9850101	1
1018721	1022371	1
9950603	9950606	2
7881479	7888284	1
4590406	4590405	1
10832139	10832140	2
443784	7017676	2
8779549	8779550	1
11631260	10756897	1
7631500	7631497	1
7817249	7817250	1
4839016	4839015	1
1149532	1149531	1
974306	974297	1
10004873	10004874	1
11499307	11498937	1
197150	197149	1
3902809	2976097	1
8557642	8330413	1
3240860	3240859	3
1535195	1763109	1
12186409	12271074	1
4247464	4249126	2
12169378	12169377	2
10148328	10148327	1
1060728	1060508	2
2812688	2812687	1
6681361	6681357	1
11775915	11775916	1
5827880	5863717	1
1503241	1503232	1
5237535	5237539	2
6192314	6192337	1
8963276	8963397	1
8211006	8211005	1
3355902	3355858	1
9238948	9263456	1
2177262	2177337	1
11870996	11870995	1
6722746	6732691	1
9258280	9258279	1
10793716	10793715	1
6453513	6453706	1
1664203	1664204	1
5239398	5240237	1
11596707	11596708	1
5225192	5225191	1
6307498	9494162	2
10855583	10859400	1
6006770	6006769	1
8331958	8331957	2
10405227	10405294	1
843670	843669	1
7225034	7225033	1
5580255	5580256	2
2342842	2342841	1
10748024	10747999	1
4367866	8886656	2
1506137	1507346	1
7775694	7775693	2
8287534	8225665	1
7769808	7769807	1
8073164	8073076	1
3218074	3218073	1
8983708	12673287	1
5524197	5524198	1
2319408	2319338	1
11341790	11341789	1
6373960	6373959	2
5518058	5518057	3
6021992	6021991	1
813266	813265	3
5497100	5497099	1
290529	290530	1
3903749	3903752	2
11408033	11378103	1
5207914	5207361	1
10961652	10961651	1
4757736	4756085	1
10080415	8937383	1
8242444	1895640	1
6193154	6193151	1
6178853	6178854	1
4497169	4497252	1
3268288	3263834	1
7373414	7373417	1
5446977	5446978	2
8878309	11575259	1
4032228	4032227	1
7817325	4474472	2
11405729	11405730	1
2878390	2878689	1
5595327	1405940	1
8171454	8173491	3
2297149	2297150	1
9564628	9564622	1
10605056	10605054	1
10510503	10510504	1
3465916	3465895	1
2780146	2780145	1
155188	7029566	1
10512413	10512414	1
12366040	12366039	1
8617849	8617850	1
9278540	9278556	1
1730662	1731230	1
116481	116334	1
4066256	4066255	1
214834	214833	1
7652109	7652112	1
8739817	8739910	1
8316638	6906137	1
8612838	8612837	1
3248715	3249690	1
709915	709918	1
3005064	3005061	1
8725023	8725024	1
12223366	12223361	1
5818076	5817861	2
4614537	9025992	1
3558129	3558126	1
674325	674326	1
5460863	5460860	1
4176804	4176803	1
7566025	7566008	2
9838267	9838268	1
11352809	11352810	1
9081304	9081303	1
9585996	9584626	1
4072187	4072188	1
7169851	7169854	1
7535967	7535968	1
2014791	2014558	1
752158	752157	2
1094385	1095760	1
8358705	8358706	2
2817998	2818107	2
12664298	12664413	1
1945090	1945204	1
6279006	6278397	1
10260643	10260648	2
8532135	8529322	1
10445898	10445896	1
2145450	2145393	1
23863	23864	1
10101601	10101602	1
6145875	6145876	1
8900680	11548409	1
12673221	4028829	1
3160251	3160252	1
385224	385223	1
3118311	3118312	1
4917638	4917635	1
12035606	12034764	1
8553738	8553596	1
6040794	5816981	2
6727340	6468883	1
11595674	11385035	1
10349570	10349569	1
11915276	11915318	1
4703354	4703353	3
8469064	8469063	1
5657027	5655856	1
8647952	8648075	1
651185	651186	1
12294245	12294246	2
2921517	2921518	1
7374580	7375132	1
8867201	8867202	1
12678743	12678337	3
4143068	4269573	1
45864	41550	1
890768	892275	1
3862006	3862005	2
5190244	5076505	1
10685958	10670375	1
4380316	4380315	3
909983	909452	1
11829888	7917492	1
11963525	11963526	1
11553078	6144969	1
8562661	8561838	1
3962753	3962776	1
2133274	2132520	1
11825828	11825900	3
3931320	3931325	1
6812753	6812350	1
9346001	9346002	1
10270633	10270634	1
10210574	10210573	1
6804205	6804206	1
8897568	8897567	1
9684988	9682630	3
8411311	8411223	1
2956413	2944978	1
11424318	11424332	1
11268095	11266714	1
6137092	11965390	1
1789497	7022779	1
6386925	6389987	1
3927957	3927958	1
4954373	4954804	1
8216229	8216230	1
9061303	9061304	1
6833734	6833733	1
3739496	3739481	1
9068315	9068331	1
12683305	12683306	1
5838894	5839009	1
9329824	9329823	1
4625355	4625356	1
1837253	9522107	4
9091632	9091491	1
7768739	7768740	2
4563738	4563737	1
11557237	11557238	1
6093695	6093696	2
2343835	2343809	3
7416878	7416844	1
1920802	1920822	1
11865282	11865334	1
11912153	11489292	2
9173323	9173038	1
9908223	9908224	1
11041389	11085046	1
6026219	6026220	1
424438	424437	1
1311357	1311358	1
5132109	5132130	3
5322961	5322972	1
2255556	2255593	2
397663	397664	1
6044577	6044578	1
4058553	4058529	1
6806519	6806520	1
6426655	6423763	1
9328540	9328539	1
5414039	5414040	1
2658086	2658085	1
6766911	6768549	1
5517261	5517276	1
8242741	8242957	1
4016451	4016415	1
10567362	475250	1
12503570	12503567	1
6934080	6934079	1
9247538	9247537	1
11401695	11401696	1
9464580	9464579	1
2997505	2891756	1
3284351	1712119	3
9788411	9788412	1
7631255	7631286	1
4823133	4815165	1
6976864	6944492	1
7473751	7473752	1
2029425	2029426	1
9693001	9694408	1
4244370	4244369	2
1382264	1205285	1
8905378	8905377	1
2992470	2992469	1
1675557	1675523	2
5138316	5138315	1
1877504	1877503	1
4678699	4239390	1
2337526	2337529	1
3642506	3642505	1
10221317	7833175	1
4281908	4282795	1
3979706	3979723	1
5310022	5310019	1
10478099	10478100	1
3642904	3642893	1
2509248	2509247	2
11070961	11070962	1
1705075	3280009	1
8070899	8071328	1
3401249	3401250	1
11761162	7685169	1
1891438	1891437	1
421859	421860	1
1257713	1257714	1
3852588	3852592	2
10382527	10382528	2
8201964	8201963	2
9616378	9616375	1
11666966	3260055	1
10031308	9984973	1
4868876	4868300	1
895810	895805	1
11401697	11401698	1
424973	424974	1
4266912	4266911	1
11175153	7194878	1
1584300	1584297	4
11965016	11965015	1
9231705	9231312	1
5056037	5056038	1
7693401	7694906	2
6959281	6959282	1
3477216	3477232	1
4647460	4647459	1
11958537	8906115	1
5342162	5522278	4
7178689	7178690	1
11214106	11214111	1
758878	758877	2
5605842	5606293	1
11341743	11341744	1
9851128	9851127	1
9146539	9146759	1
1158740	1159718	1
8852472	12673279	1
11987045	11987046	1
4073102	4073690	1
7198019	7198020	3
5008450	5008449	1
3127086	3127085	1
7665108	7665107	1
11134487	11134488	1
8758533	8758504	1
3423606	3423609	1
7446383	7446380	1
977805	977606	1
3893019	3893022	1
5378643	5378644	1
4016414	4016413	1
4548832	4531075	1
1121564	1121563	1
7859887	7855892	1
102277	102239	1
1633357	1633358	1
2848050	2848053	1
7710336	7712349	1
7270279	11871693	1
4858545	1087402	1
2831067	2831068	1
3155432	3154770	1
6782186	6782616	1
9702606	9702605	2
3926840	3926939	1
1121827	1121770	1
1285976	1285973	1
5057170	5057169	1
5761257	5761262	1
10309858	10309857	2
7248708	7244720	1
5907902	5907877	1
4699721	4699722	1
11698546	11698563	1
7658065	7657762	1
9813908	9813907	1
6523009	6522774	1
535712	535728	1
1510133	1510134	2
11789475	10230385	2
9476787	9476788	1
1621840	1621832	1
3638594	3638451	2
10431551	10430884	2
3199280	3199388	1
10866322	10866257	1
1823430	1823429	1
11613977	12208752	2
11601196	11562857	2
670764	670749	1
5750512	5750544	1
937134	937133	1
10804721	10798253	1
828719	828720	1
2500145	2499530	2
12130740	12789433	1
4428550	4428686	2
9493315	9493316	1
8255705	8267102	1
11406625	11406264	1
1037658	1037657	1
5521028	5525065	1
10045582	10045585	2
6132123	6132124	1
883186	881901	1
3185069	3185070	1
11183602	7214769	4
4826430	4826470	1
204845	204848	1
10445389	10445390	2
7213873	7213919	1
2725547	2725666	1
8014871	8014872	1
3754911	3754807	1
321202	321201	2
5461738	5461737	1
5923393	5923394	1
3525865	3525866	1
8161344	6364217	1
7888173	7888104	1
5363858	5363857	1
6479300	6314718	1
2086338	2086337	1
5411553	5411554	2
4255661	4255662	1
8818749	8765135	1
1639891	1639892	1
1885136	1885135	1
7820821	7820822	1
11736895	11736896	1
391364	391447	1
682437	682438	1
844223	844317	1
7915449	7915450	1
108842	108841	1
4747950	4615285	1
796715	796479	1
6135373	6135374	2
321204	321203	3
680455	680456	1
10399610	10398779	1
1631394	1631406	2
5200619	5200620	1
5901703	5901704	1
5211516	5211515	1
10267481	10267482	1
530367	530368	1
8830262	8830261	1
4123540	4123580	1
810163	7296006	2
2879953	2881020	1
2509346	2508184	1
5579885	5579886	2
5628651	5628615	1
3479074	3479071	1
11371568	11371045	1
10801397	10801398	1
6874865	6874890	1
8404778	8514769	1
4022871	4022872	4
12591686	12591685	1
708714	708618	1
263697	263698	1
8664498	8663502	2
2278312	2278311	2
3390763	3390764	1
10442450	10442449	2
2170992	10012202	1
4990929	4992165	1
8471811	8151791	1
10406787	10406788	1
6206188	6206187	1
7824018	3355184	1
6100401	6100410	1
1111070	1111069	1
7657640	7795201	1
7821907	7821908	1
8581434	8517170	1
10147039	10259249	1
839883	838265	1
11791241	2419734	1
10894717	10894718	1
11807419	11516047	2
5968007	5930710	1
739159	740202	1
2089352	2089247	1
8445543	8445544	1
1758016	1758622	1
4047144	4047143	1
6417645	6424968	1
12456851	12456852	1
12252688	12119295	1
3475193	3475184	2
10664057	10664565	1
12235567	12235716	1
7148354	7149613	1
12379308	12379311	1
11680993	11680994	2
7552965	7552966	2
8738400	8738399	1
342133	208493	1
438175	438176	2
3943446	3943445	1
11107437	11107438	1
6133095	6133096	1
10312715	10312716	1
1840130	1840092	1
11965066	11585318	1
3829847	3829777	1
447751	448282	1
390634	390122	1
6191379	6191380	1
6454955	6454956	1
4496205	4495918	1
10865748	10865747	1
7731198	7730886	2
1316271	1316272	1
3158790	3186069	1
12555980	12555979	1
4594908	4595579	1
8599152	8599155	1
11710972	11710276	2
946021	946022	2
6222797	6222798	1
8374898	8375378	1
7454611	7454328	2
11103120	11102997	1
4480770	4480769	1
5592772	5593030	2
10647695	10647696	1
1764505	1764506	1
11332581	11770620	2
12193339	12188187	1
9340932	9340931	1
11826281	11826282	1
9426099	9426100	1
7738729	7738730	1
6842256	6842255	1
5017701	5016630	1
2009277	2009308	2
10091516	10091515	1
3532582	3936603	1
6424679	6424682	1
10281085	10281088	3
11589190	11589212	1
9426095	1415406	1
8980939	8822879	1
4823824	4823823	1
1462378	1462377	1
8809491	8729169	1
7677384	7677383	1
8842697	8842698	2
587261	587262	1
4121548	4121547	1
7091980	7091979	1
8372074	8372073	1
3590494	3590307	2
3258942	3258941	1
11373894	11373893	1
2140255	2140256	1
8160069	6364620	1
11849544	11849543	1
932505	945106	1
2342235	2342236	1
11528631	11528632	1
3209190	3209189	1
9341092	9341658	4
9128086	9128091	2
1441679	1434298	1
4374604	4374608	1
6499371	6499374	1
12176023	12402928	1
6850353	6850354	1
2418702	2418701	1
8836125	8942088	1
7453465	7452039	1
2329618	2329617	1
4021210	4022079	1
6009060	6008966	1
1360055	7342971	1
11877915	11877916	1
10922334	10922333	1
4328203	4328306	1
7050111	7050092	2
6942869	8635821	1
3193035	3193036	1
6792160	6792159	1
8570287	8570288	1
6498731	6498732	1
12465503	12465504	2
12373695	12373698	1
5153629	5153595	1
2590669	2590670	1
4217375	4217376	2
751517	749269	1
7811963	7811964	1
10927255	10926045	1
9876313	9888140	1
3214681	3214682	1
8208081	8207526	1
386323	386326	1
486562	486561	1
8876324	8876323	1
8845548	8845563	2
2278071	2278074	1
7499183	7499184	2
3513347	3513326	1
6485052	6485082	1
9593400	9593399	1
10739830	10739806	1
6507330	6330410	1
3473485	3473498	1
5271382	5270802	1
3136548	3136545	1
10924231	10924232	1
5370995	5371000	2
12647596	12647589	1
9508320	9508319	1
11038482	11038472	1
2976743	2974734	2
2005010	2005009	1
4231063	11760698	1
5053996	5053682	1
2020273	1851714	1
2458985	5761582	2
10727225	10727226	2
8702947	8702948	1
1168595	1176579	1
350510	350509	1
551177	551180	1
7857309	7857323	2
344560	344559	1
3852685	3852686	1
9358280	9358279	1
2376462	2376459	1
4085680	3232850	1
2120324	2120375	1
10652404	10652628	1
470400	470399	1
7522724	11226831	1
6030306	6029810	1
8073937	8073938	1
7180948	7180951	1
12462116	12461208	1
7940723	7942575	1
5624268	5624267	1
3202444	3202331	1
3350611	3350614	1
4126054	4125362	1
2558734	2558733	1
4697734	4697731	1
882554	882544	1
8165654	8165653	1
9683022	9680815	1
3605559	3605928	1
326295	326296	1
5615435	4318527	1
3229475	3229476	1
12537536	12537535	1
5585897	5585898	2
6300521	6300651	1
5092930	7924459	1
10411323	10410687	1
8606118	8606117	1
9993695	9993696	1
11394537	11394538	1
9354117	9353844	2
2610297	2610327	1
7352695	7376851	1
11015547	11015635	2
1781698	1781697	1
12800889	12800893	1
6846140	6846246	1
9811005	9842139	1
40322	40216	1
8084800	8084799	2
1648895	1648896	1
4119642	4121414	2
4842364	7944288	1
6426199	6427093	1
1610056	1610055	1
1265319	1264396	1
4819295	4819534	2
8833804	8833803	1
9079968	9079967	1
4448124	4448123	1
8957468	8957467	1
11757587	11757588	1
6344011	6344033	1
7019151	7019152	1
689968	689937	1
10499920	10500224	1
10740705	10740967	1
6560373	6560478	1
2759568	2648521	1
9544213	9544214	1
8822198	8822185	1
7699194	7699193	1
3337804	3340552	1
8804001	8804680	1
2971183	2971218	1
4159899	4162184	1
5281898	5492034	1
9667514	9666281	2
3822829	3822834	1
6201245	6201246	1
11820624	12381820	1
892113	892114	1
1708267	1708268	1
2752388	2752387	1
7664716	7662961	1
12283273	12365217	1
2215033	2215041	1
2826159	2826160	1
12451737	12451817	1
3246453	3246629	1
10588604	10588603	2
9583757	9583758	1
3166624	3166623	1
972158	972157	1
9553406	9795251	1
4261718	4598346	1
4303953	4303954	1
10031999	10032000	1
10829586	11713591	1
10591848	10591833	1
5673625	5673626	4
8973476	8895185	1
275615	275616	1
2534752	2533909	1
2614705	2614706	2
9920542	9921205	1
12524566	12524569	1
12665810	12665146	1
7104818	7224516	1
5519647	5519648	2
11936897	11936898	1
10246570	10246601	1
2968867	2968868	1
11994084	11994083	1
11124875	11124876	2
8437315	8434620	1
12719517	12719461	2
6221268	6221267	2
11439644	11439643	2
2799999	2800000	1
2107311	2107312	1
6183462	6183645	2
693929	693930	1
1864840	1864839	1
8922632	8921715	1
2143894	2143893	1
7833453	7833445	1
4295383	4295384	1
10441024	10441148	1
11453067	11453068	1
7586901	7586904	1
9973993	9973994	1
11239125	11238184	1
11438842	11438841	1
9311407	9311408	2
7198948	7198932	1
6425218	6456060	1
12618368	12617752	1
521763	521764	2
9802375	9802335	1
9874969	9874970	1
5792414	5792413	1
10766365	10766820	1
1520824	1520088	2
12261682	12682244	2
39207	39208	1
1685756	1685755	1
7022701	7022483	1
1693543	1694866	1
9363131	9363132	2
3591297	3591298	1
242950	242949	1
3241376	4046045	2
7266828	7276726	1
10195989	10191118	3
8801194	8801193	1
11938822	11938821	2
6308453	6308646	1
1535486	1535481	1
1604363	1604364	1
6427954	6427953	1
4570371	4570372	1
4956200	4956199	1
10422116	10422198	1
10117534	10117531	1
1568529	1568473	1
5824958	5824957	1
10060589	10060597	1
4285090	4285174	4
2488913	2488914	1
189215	189216	1
9150652	9150699	1
7496170	7496167	1
8877417	8877310	1
2195175	2195644	1
5456082	5456081	2
7933804	7933803	1
1763284	8570356	1
8818889	8818890	1
8018155	8018156	1
5549042	5549039	1
10300933	10300934	2
5670176	5670175	1
12018375	2670682	1
7418616	7389808	2
1084085	1083251	1
5443017	5443011	1
7989913	7989890	1
12771062	12771059	1
6437564	6437561	1
8378020	8378019	1
11580920	11580917	1
2886402	2886428	1
11322874	11322426	1
7703452	7703451	1
1769576	1775740	1
3248172	3248171	2
7175974	7175973	1
9797824	9797840	1
6365007	6365019	1
11485971	11485972	1
9062082	9062077	1
700822	744739	2
5968487	5968488	1
8345838	8345837	1
10908938	10908937	1
12673099	12673100	1
10852375	10852376	1
12604781	12609373	1
1237144	1237143	1
8682882	8682892	1
1368953	1368956	1
7774165	7775096	1
11921423	11921424	1
3833613	3833525	1
7975524	7975523	1
5320842	5320841	1
11069854	11069857	1
10165035	10164266	1
2087414	2087442	3
5408569	5408570	1
1242216	1308689	1
6930880	6930877	1
5199385	5198543	1
3214765	3214045	1
6231027	6231019	1
2586739	2586820	1
4283887	4283888	1
11583880	11583879	1
10599422	10599332	1
7349105	7349106	1
4280822	4280821	1
644705	644706	1
5281226	5282414	1
2674763	2674674	1
945579	945580	2
12420076	12420073	1
11452822	11469046	1
11807918	11908485	1
11262846	11262625	1
10759159	10759162	1
6433952	6433352	1
11528525	11528526	2
6481341	6482436	1
8234521	8234522	1
11382380	11382379	1
4585967	4583979	2
10125229	10125230	1
686859	686860	1
2573591	2573579	4
6379478	6379523	1
10354004	10352840	1
448045	447214	1
3632032	3632061	1
12607385	12607386	2
6028129	6025305	1
10612736	10612779	1
9171436	9171002	1
3158853	3158800	1
4259343	4259344	1
6404309	6404310	2
8017719	8011392	1
2958029	2958030	1
4134114	4134113	1
3232033	3232034	1
10320944	10330124	1
6118894	6118903	2
10228902	10228901	2
6163067	6163068	1
11940045	927230	1
869243	869244	1
3563936	3563253	1
12272787	12272788	1
12468272	12468267	2
7327742	7327739	1
7451553	7451554	1
8635632	8635631	1
3248715	3248716	1
10284699	10288572	2
11921012	12456485	2
11161425	11161426	2
2363517	2363523	1
5716167	5716844	1
11541305	11541306	1
9842124	9842123	1
10982163	10982164	1
4599337	4599338	1
5342162	5522280	1
1876226	1875436	1
11260428	11260427	1
10011708	10011707	2
11422560	11422559	2
7749507	7749481	1
10333720	10333719	1
4043118	4041583	1
8959661	8959664	1
2025201	2025204	1
7531272	7530182	1
3989376	3989375	2
11981557	8472738	1
7864296	7864295	6
9788413	9788414	1
9262829	9262830	1
9707184	9707093	1
10367475	10367476	1
8067565	8069967	1
1450453	1321755	1
1591353	1593115	2
3383503	3382423	1
5247558	5247557	1
7606838	7606837	1
4383217	4382745	1
12718642	12718641	1
8977072	8977038	1
11117822	10870190	1
1248365	1247795	3
3657447	3657474	1
2149927	2148515	1
5376350	5376355	1
6727023	6727024	1
12616912	12618983	1
1361255	1361256	1
898237	898238	1
7914864	7914863	1
5329481	5329482	1
5468935	5467095	1
2853711	2853712	1
2880095	2880096	1
10065109	10071509	1
8182673	8182674	2
3294106	3294105	1
9341659	11916103	1
11555832	11555823	1
7465995	7467762	1
8806434	12165375	1
1461377	1453996	1
11723764	11723761	1
11547055	11547127	1
8946791	8946794	1
11295598	8863896	1
1907037	1907038	1
10444644	10444643	1
3767141	3767138	1
8172997	8173002	1
4068865	4068866	1
3280282	3280281	2
7232121	7232122	1
806422	803598	1
206822	206821	1
5726447	5720294	1
4607876	4607873	1
156651	156652	2
931002	931001	1
1694048	1694047	1
2955988	2956025	2
4906961	4906964	1
9470939	9470940	1
4557881	9162019	2
6863265	6863266	1
11769993	11907726	1
2180317	2180318	1
9570982	9570981	1
7672012	7666870	1
2098191	2098192	1
1771395	1771398	1
8573994	8573993	1
1779819	3386078	1
6655432	6659704	1
5373279	5373280	2
8529783	8583608	1
11587668	11587667	1
1332519	1332520	1
5322948	5323638	1
5244885	5244760	1
1970986	1971015	1
469566	469565	1
11589906	11589905	1
11896731	11890981	1
9595942	9595939	1
1072169	1072172	1
6264619	6264620	1
10511598	10511456	1
6240311	6240314	1
7865454	7856313	1
4345953	4345956	1
929007	930510	1
1263237	1263128	1
10656056	10656055	1
8635411	8634945	1
632082	7316290	1
2087774	2087505	1
9253647	9252551	1
4284274	4284277	1
12376390	12378642	3
764499	765184	1
11168492	11168491	2
224056	222900	1
8867893	8867894	2
10573160	10573159	1
10775561	10775568	2
5469984	10148705	1
1042952	1042951	1
1715485	1715397	1
8289896	8289914	1
12546258	12546445	1
163006	7175828	1
8384035	8384038	1
8489701	12127675	1
6997976	6997975	1
4958685	4958688	1
4307819	4307820	1
11368911	11368656	1
4048498	4048497	1
8092570	8092577	1
5275413	5275416	1
8299386	8300246	3
3600905	3600872	1
4702557	4702558	1
1838793	1838779	1
5092861	5092923	1
8453029	8453030	1
12402706	12411267	1
12270799	12264920	1
4662625	4662626	1
9148964	9045922	1
740827	740828	1
8784108	8784790	1
2712410	2712431	1
1098242	1098236	1
415853	415830	1
2057631	2057632	1
12230696	12230693	1
11185963	11185965	1
9981430	9981421	1
8470871	8470876	1
11117164	11117169	1
11844575	4258267	2
3159021	3159028	1
7084302	7084301	1
3008746	3008745	1
534457	534458	1
105835	105867	1
6930188	6928648	2
5353754	5353753	1
11451759	11451760	2
3467279	3467266	1
6904476	6904473	1
1164785	1164765	1
9355562	9355561	2
2332033	2332036	1
9047132	9047131	1
11206047	11206048	1
9236545	9237131	1
11789299	11789300	1
4351139	4351140	1
7104115	7104116	1
1248916	1248906	1
3148404	3148488	1
7887593	7887594	1
2786331	2786332	1
4569382	4569381	1
2091655	2091656	1
10195958	10195898	2
10097431	10097432	1
7366374	7366373	2
9032602	9032601	1
1313948	1313947	1
4130341	12425403	1
2046480	2046477	1
1396772	1396771	1
11640712	11640711	2
205678	205677	2
1948827	1948843	1
4084945	4085043	1
11566613	11566614	1
8699425	8699191	2
6042887	6046486	1
11749773	11788468	2
351806	350640	1
478990	274665	1
9425882	9425881	1
1134445	1134423	2
9352853	9352854	1
6272670	6272669	1
1205155	1205156	1
817255	756177	1
8035543	8035546	1
2046830	2046829	1
974118	974117	1
2538729	2538730	1
11811676	9049959	1
5771185	5771188	1
6928043	6928044	1
719180	709852	1
1464231	1464196	1
8967839	8967840	1
9659598	9659597	1
6833736	6833735	1
12428359	11446000	1
10362111	10362112	1
5409703	5409704	1
7253719	7254825	2
4440744	4272994	1
5370099	5209734	1
10405227	10405228	2
9476231	9475887	1
249687	249688	1
6553813	6551625	1
933610	929641	1
6815058	6815055	1
2021988	2021302	1
1827454	1826746	2
4226387	4225043	1
2162450	2162621	1
751909	748546	1
12351294	12351293	1
11732341	11732342	1
11055613	11055614	1
6341385	6341386	2
2532936	10706412	1
12264349	12270339	2
5012393	5012394	1
6462330	6462311	1
6420418	6420417	1
8035900	8035729	1
9482751	9482754	1
10613639	10613640	1
7275182	7277653	1
1249441	1249442	2
2640895	2640896	1
11298352	11298833	1
7451481	8820051	1
6064837	6064840	1
4818934	4818933	2
6019998	6015694	1
3638489	3640739	1
8773583	8773586	1
4284549	4285087	1
3970609	3970610	1
9811401	9811402	1
4818875	4818866	1
11355737	11355738	1
3991119	3991484	2
595505	595496	2
6854008	6854007	1
12635101	12635102	1
8226643	8226646	1
7515915	7515916	1
6942045	6942624	1
2758891	2758898	1
8366758	8366757	2
6521379	6521380	2
790830	790905	1
2375608	2375667	1
4351442	4353863	1
11911322	11916192	2
11074498	11001763	1
7216317	7216318	1
2653336	2653335	1
11387041	11387042	1
3043398	3043400	1
11289937	11289421	1
12465816	4414301	3
11586108	11277241	1
1564954	1566982	1
2097748	2098308	1
2853525	2853526	1
719877	721084	1
3357823	3356449	2
6638484	6635389	1
8779329	8729479	1
6486758	6486757	1
10981726	10981725	1
7284923	7285017	2
6279821	6279822	1
6366059	6366068	1
3594406	3594409	1
1189709	11282769	1
8764799	8764782	1
1882852	2033695	1
299140	299137	1
12205415	12205416	1
6555367	6555368	1
3503005	3503008	1
10779296	10779235	2
304662	304661	1
10056687	10056016	1
8627473	8633913	1
9180777	9022799	4
3906563	1700730	1
4615599	4615600	1
5105972	5105971	2
12320658	12320661	1
6081079	6081080	1
8169561	8169539	1
4496987	4497078	2
6805563	6805566	1
9786251	9786252	2
4663784	4663781	2
7478458	7478135	1
7526660	7526659	1
11614486	11614428	1
4606734	4606731	1
12781646	12781645	3
5789721	5874252	1
5979017	5979004	2
5626665	5626374	1
5376411	5507571	1
11193653	11193654	2
4607344	4607343	1
10408105	10407307	1
4940449	4940220	1
4757923	4757924	1
10568499	10568440	1
5503286	5503285	1
6456905	6456908	1
6719554	6718831	1
6984127	6984128	2
12337563	12337567	1
9192360	9192359	1
4783306	4785023	2
3697979	3694428	1
26697	26689	1
5093689	5093690	1
4724331	4724332	1
8395666	8395665	1
6617787	6617780	1
5502012	5502015	1
887781	887762	1
4526194	4526193	1
3673332	3673021	3
3665235	3649677	1
12279177	12395080	1
4989699	4989474	1
3639002	3639005	1
2939221	2939222	1
2116372	2116371	1
5773627	5773628	1
3902273	3902274	1
6379480	6379479	1
7899994	7899993	1
12520111	12520088	3
3109241	3109244	1
600052	599340	2
8708405	8708397	2
1843256	1843276	1
3260845	3261022	1
12338791	1735026	2
9125299	9125306	1
7723904	7723903	1
8054147	8054148	2
2398589	2398582	1
11122789	11122790	1
8162045	8164299	1
6241870	6241869	2
409121	409122	1
7383588	7383587	1
11149349	11149350	1
769668	767140	2
11774333	12770567	1
8924842	8924841	1
3531406	3531405	1
9843127	9843130	1
1441679	1434300	1
11584017	11584020	1
6093801	6093834	1
2610156	2610155	1
11346209	11430072	1
9308823	9308824	1
2706765	2707318	2
6067520	6067519	1
8860211	8860660	1
6450882	6450881	1
8973976	8973835	1
4690057	4690062	2
7246725	7246726	1
10184087	10184085	1
7492215	7492216	1
7283860	7283859	1
11152158	11152261	3
2796242	2796844	1
10885171	10884576	2
10332115	10332110	1
12789290	12787246	1
3320884	3323586	1
11427300	11425525	1
5925118	4367657	1
2951844	3167558	1
7696039	7696040	2
4086112	4086111	2
4047537	4047538	1
8422767	8419548	1
1605033	1605036	1
843010	843009	1
5052142	5052141	1
10312079	10312080	1
4008925	4008832	1
4860038	4860005	1
3040819	3040824	1
1836689	1836690	1
1781139	1781140	1
12627481	12627463	3
6870213	8463114	1
11471590	11469654	1
4555375	4560423	1
9766477	9762204	1
9919659	9919660	1
3742326	3744820	1
1504877	1504878	1
3974007	3974005	1
8450899	8450892	1
4013857	4013755	1
6279819	6279820	1
12251245	12251246	1
5266287	5267165	1
7777187	7777188	1
2664020	2664019	1
5529640	496849	2
12425402	12425401	1
11572345	11572348	1
948565	948566	1
6803402	6801274	1
7043819	7043820	1
159133	441156	1
2025277	2025397	1
2698363	2698375	1
10472118	10472117	1
7016477	7016478	1
12290079	12290909	1
2167839	2179303	1
5285712	5285711	1
5725468	5725467	1
869502	862107	1
8893266	8893265	1
11545053	3652697	1
144529	144577	1
935579	935580	1
12267088	12267085	1
10504910	10505470	1
6111960	6111959	1
9946223	9946224	1
1563653	1563654	1
8338100	8338099	1
11876183	11876184	1
4601322	4597453	1
5748575	5748601	1
2489830	2489776	1
11309144	11243397	1
7821911	7821912	1
11860522	11860513	2
11017773	11017774	1
8384068	8576991	1
7861081	7817068	1
2818327	2818328	1
4345955	4345956	1
3479696	3472516	2
10079224	10078752	1
11395570	11395569	2
6741165	6741166	2
12166184	12166183	2
12337985	12337986	1
6571005	6571006	2
8399445	8399403	1
10488040	10488039	2
5199999	5199994	2
319297	312764	1
383471	383472	1
1716602	1716579	1
9942885	9943299	2
7967283	7947048	1
9486008	9486007	1
8045089	8045096	2
2927400	2927399	1
3823837	3823838	1
7848165	7848166	3
8807858	8808279	1
2976403	2976416	1
6500824	6501032	1
9101639	9101703	1
1832565	1832562	1
12724819	12724948	1
10514683	10513143	1
3203483	11824225	2
10273609	10273610	1
7338159	7338160	2
10454872	10455011	1
7926405	7978547	1
8079025	8079026	3
5042821	5042822	1
8687445	8687446	1
8253496	8253495	1
4433944	5887604	1
10912347	10912232	1
6915787	6915788	1
4369199	4369250	1
12228614	12228562	1
1615026	1615023	1
6247167	6246952	1
738482	738481	1
9572617	9572649	1
9363558	9363557	1
8424058	8424055	1
5118304	5118000	1
3787475	3787476	3
2656926	2656979	1
6676590	6677679	1
4824797	4824798	1
7550476	7550473	2
144527	144528	1
4056897	4056898	1
2519814	10450363	1
4353802	4353797	1
279407	279415	2
10441848	10441841	1
2202277	2202590	1
2854266	2854265	2
8722557	8722558	1
8849834	8849852	1
8706252	8706356	1
3104773	3104941	1
12457980	12457979	2
12674982	12674972	2
5479262	5479200	1
1155771	1151600	1
11258650	11258649	1
6321205	8151501	1
5535727	5547603	1
2818284	2818286	1
5322214	5322213	1
5835762	5835761	1
3111282	3113810	1
531939	532272	1
10444683	10444720	1
986591	978042	3
12401118	12401117	1
6591757	6722075	1
10413905	10413906	1
441942	441941	1
514114	514193	4
346919	346920	1
2496276	2496262	1
12226072	8987576	1
5524463	5524464	1
6835639	6835767	2
6196438	6196437	1
1759307	1759308	1
7778124	7778123	1
11413366	11480384	1
8785998	8785843	1
4105193	2897722	1
4019354	4019478	1
7093267	7093268	2
7202953	7202954	2
9599994	9600047	1
4228202	4228201	1
1360249	1360341	1
5531491	5531518	1
10177102	10177101	2
12646095	12659248	1
5566643	5567369	1
5452689	5452690	1
7782933	6126445	1
4715395	4715396	2
8682862	8682861	1
7030815	7030816	1
11250055	11250058	2
2836755	2836758	1
10533752	10533609	2
5115756	5115755	1
9020351	9020346	1
8812870	8812869	1
3629121	3629122	2
319828	319827	1
6107415	6107416	1
7451607	4309234	2
791313	791308	1
12192411	12187553	1
6652962	6769539	1
6638675	12187318	1
1127573	1127574	2
5576328	5576327	1
12500491	12500492	1
6526383	6526384	1
10876666	10876687	1
1467869	1470617	1
3750289	3932268	1
9284096	9284093	1
8819107	8819110	1
7378963	7378964	1
12051025	12051196	1
465063	459278	1
592716	592938	1
12567853	12567854	1
2104369	2103032	2
2177721	2177728	1
10166751	10166752	1
11425256	11255185	1
3267373	3243657	1
446437	446438	1
1099871	1099872	1
4258995	4258996	1
11476778	11476610	3
7501270	7501269	1
2548522	2548932	1
12750802	12750835	1
745747	745748	1
3687201	3687023	2
4595449	4595452	1
7099835	7098879	2
4068678	4068677	1
11772352	11836212	1
2277751	2277778	1
11379534	11379531	1
8689346	8689283	1
1468784	1468783	1
3700403	3700406	1
2502034	2502039	1
6871265	6876123	2
4445233	4605071	1
12537534	12537533	1
12505639	12505640	1
6283320	6283317	1
11609885	11609888	1
3017916	3017922	2
1584773	1584774	1
11742813	11742814	1
12693874	12693873	1
1197409	1197448	1
12801433	12801434	1
11071666	11071677	2
12416287	12686284	1
6698294	6698775	1
8020587	8020588	1
10045461	2010250	1
3134236	3134310	1
12163430	12163398	1
3892625	3892626	1
10792414	10792413	1
6294418	6294691	2
9589858	9589857	1
2608910	2608909	2
12348896	12348895	1
9651840	9651839	1
2723057	2723290	1
8062873	8064009	1
7313713	7313824	1
6171488	6169725	1
3247050	3246971	1
2604904	2604919	1
1552152	1552151	3
6128096	6128095	1
1671030	1670673	1
10447994	10449281	1
6327263	6327270	1
5374981	5374982	1
9329822	9329821	1
10117523	10117524	1
317231	317232	1
7649259	7649309	1
11281829	11281830	1
5590732	9326844	1
10728130	10728129	3
110649	110637	1
5410553	5410554	1
11618952	11619256	1
5924385	5924467	1
10398969	10398978	2
11525024	11524995	1
328997	328998	1
2512397	2512079	1
7275862	7275859	1
8446962	8446959	1
6491661	6491662	1
147370	7020641	1
9918355	9918358	1
134052	134051	2
5140160	5140159	1
10741452	10741451	1
3164497	3164500	1
117911	117912	3
9139363	9139364	1
4265867	4265876	1
11481251	11481224	4
10724883	10724889	1
3748885	3749041	1
4497524	7796038	1
1176580	1176579	1
5227958	5227957	2
6127539	6127540	1
8008037	8008038	3
12226020	12226019	1
12209890	11489210	1
5919626	5919625	2
9711918	9711917	2
10336662	10337961	2
9795704	1661526	2
7022936	7022935	1
2681653	2586193	1
2571579	2571261	1
4045518	4045538	1
4655286	4655285	1
12512988	12512987	2
6033802	6061583	1
4833803	4833804	1
3634060	3634059	1
3489383	3489384	1
9937262	9937267	1
11099596	11092724	1
8645041	8645044	1
11377621	11377622	1
6900437	6901851	1
3081238	3081265	1
1058440	1059209	1
7688739	7688742	1
5156166	5156165	1
8878341	11575355	1
11874556	11874587	1
5734534	5734533	1
12643137	12643176	1
197569	197570	1
6413742	6413599	1
5234031	5234032	1
11649032	10766336	2
7282560	7283423	1
5554657	5556164	1
5131522	5143022	2
3983945	3983946	3
7203166	7203164	1
8764409	8764323	1
1483830	1483829	1
8862306	8861331	4
11136790	11136406	1
12652026	12652007	1
4868887	4868888	2
2282896	2282893	1
5177220	5178147	1
2789433	2789434	3
12477954	12475163	2
9793215	9793216	1
12304310	12304305	1
3154901	3154953	2
11870906	11870905	1
5893206	5893205	2
9821985	9821986	1
11370273	11370276	1
4196292	4183166	1
10824382	10824381	3
7988222	7988221	1
11249335	11251859	1
12431372	12433007	1
1168428	1168427	1
2321030	2321198	1
11609831	1592224	1
1038084	1038081	1
5045497	5045498	1
4033413	4033191	1
9841773	9841776	1
9356617	9356618	1
12051729	12051730	1
5999577	5999578	1
3967661	3967295	1
9488552	9488551	2
2389500	2389499	1
2845320	2845319	1
12768930	12768929	1
4266910	4266909	1
9729264	9730278	3
3499943	3499952	1
2321746	2321745	1
7189623	7189472	1
752420	747739	1
3316458	3316455	1
2669437	2669810	1
1760079	6043792	1
10631224	10631223	1
9692372	9692371	1
11974369	11974298	1
7672410	7672409	1
3554555	3554721	1
10140764	10140747	1
2346663	2346646	1
4959343	1486071	1
351936	351935	1
5320760	5320748	1
4939703	4938083	1
10731640	10731521	1
3265826	3265825	1
10096190	2346249	1
7728418	7728392	1
12600187	12600188	1
11329485	12685021	2
4034417	4034418	1
7232842	7232841	1
1323090	1322710	1
1851756	5172455	1
4744899	4744900	1
8984559	8984562	1
10467746	10467745	1
2503182	2503181	2
5994465	5994466	1
4288685	4288686	1
10391345	10391346	1
4876153	4876154	1
1737621	1734479	1
4129507	4129508	1
4566346	4566417	1
12776798	12782627	1
9333510	9333090	1
10647183	10647156	1
3368604	3368603	1
4821983	4821988	1
6736542	6736552	1
2091048	2090710	1
6539681	6539682	2
7216201	7216139	1
6676132	6676139	1
8625613	8625616	1
5472240	5472239	1
1061009	1061010	1
4435112	4435111	1
2747363	2747364	1
6231026	6231025	1
6134038	5989616	1
2600650	2600647	1
449545	449555	1
4087293	4087294	1
4990617	4990618	1
11350094	11350091	1
7742821	7742826	1
4241194	4241267	1
11777274	11786828	1
7472956	7472955	1
10938472	10871458	1
3320564	3320563	1
11376049	11376050	1
9068365	9067677	1
1317869	1318119	1
12663358	12663357	1
10887619	10887620	2
11746775	11745792	1
6001634	6001640	1
4113083	4112028	1
168775	168778	1
10519663	10519799	1
198625	198626	1
6867041	6867042	1
10800189	10802475	1
4322729	838473	1
9793317	9793320	1
3130958	3131397	1
789522	790338	3
9677142	9677137	1
12150330	12150327	1
7358282	7323360	1
2484556	2484555	1
5541640	5541634	1
4009552	4009709	1
6551795	6551703	1
11874159	4231179	1
928743	929256	1
7192850	7192892	1
4384426	4384425	1
620936	640891	1
7553396	7562678	1
11985067	11985068	1
6220826	6220825	1
4474037	4474038	1
7814931	7814932	1
8051201	8051202	1
2740020	2740043	1
1352774	1341841	3
7148803	7148804	1
4414195	4414198	1
10754317	10754677	1
8471881	8471829	1
6698293	6699032	1
8008082	8008090	1
8893370	8893365	1
12124358	12124357	1
3381575	3381576	1
12200238	12200247	1
1500317	1500166	1
9620254	9620251	1
10488038	10488037	2
8724420	8724570	1
3049680	3049679	1
7279464	7279457	1
9054741	9053781	2
11687719	12694528	1
123212	137131	1
4123713	4123716	1
6901852	6901851	3
12330108	12327074	1
8994532	8994531	1
4669135	4669136	2
5086461	5086462	1
6225179	6227222	1
7195405	7195400	1
8319203	8319299	1
876898	876897	1
4617558	4617384	1
8316882	8316881	1
5880264	5880263	1
6311227	6311135	2
8951375	8951376	2
6921826	6921825	1
3134619	3134620	2
5500817	5500818	1
9811003	9811004	1
10001345	10001346	1
5904001	5904002	1
8960496	12669807	1
9909515	9909516	1
10290646	10290643	1
3907611	3907612	2
6808395	6808385	1
7726244	7726246	1
6396882	6396881	1
8569235	8569213	1
8464450	8464445	1
10471087	10470553	1
4113837	3944181	1
12384839	12384840	1
902632	11627282	1
3358167	3358168	1
316098	316097	2
6683759	6683760	1
7937749	7937730	1
11983793	11983794	1
11210760	668706	1
3926323	3926324	1
2478653	2478654	1
4070387	4070388	1
2393537	2388284	1
8784044	8784041	1
10836292	10835957	1
3239964	3239963	1
1135532	1135531	1
8549490	8538630	1
10272885	10272886	1
2786620	2786619	1
5381354	5381353	2
2138633	2138730	1
6232771	6232772	1
7844040	7844039	1
11287442	11287439	1
438424	438423	1
2876397	2877835	1
2330184	2330610	1
5114019	5114072	1
3016518	3016517	1
1443836	1436122	1
10160538	10160537	1
8048476	8048475	1
1720668	1720663	1
6622434	6622905	2
11611713	11611722	1
10065995	10065996	1
12632164	12632161	1
8968351	8968336	1
4809876	4809875	1
10851958	10851819	1
6901909	6901902	1
4690375	4690428	1
11051703	11051704	1
9477823	9480833	1
2641589	2641662	1
8022693	8026206	1
5221862	5221861	1
8848964	11759957	1
4388861	4390727	1
9912077	9912078	1
2908965	2835512	2
11895145	11895146	1
11844793	11844794	2
1112075	1112076	1
2349409	2349412	1
1902471	10031233	1
5610348	5610347	1
3803409	3804414	3
7361473	7324102	2
8825561	8825562	1
8188173	8188182	1
6279271	6279272	1
10539383	10539384	1
8843463	8843008	1
469564	205985	1
9579795	9579964	1
2740527	2744565	1
11928861	11928862	1
7492881	7492848	2
824261	823735	2
6204506	6202610	1
11961418	11961417	1
9465633	9465636	1
2983853	2960312	1
7080680	7083658	1
12604984	12604981	1
12796763	12796759	1
3288256	3288255	1
6502726	6502725	1
5248683	5248684	1
8444859	8444836	1
10063447	10118060	1
8190846	8191071	2
2825722	2825749	1
7592831	7592882	1
1571729	6923273	1
2144788	2144111	1
4117022	4117021	1
12396549	12396550	1
10473412	10473411	1
8326691	8326692	1
907841	907842	1
7810598	7810597	1
817644	817643	1
9369618	9369617	1
3706204	3704214	2
5290310	5290790	1
1104827	1104828	1
1875223	1875224	1
1539309	1539310	1
10154079	10154080	1
335071	334145	1
12152407	12152408	1
2268249	2268250	3
10842510	10842509	1
3993727	3990258	1
9363463	9363559	1
1046121	1046122	2
2850713	2850714	2
2831911	2831912	1
1017040	964245	1
6164321	6164272	1
897302	897314	1
2221912	2221893	1
11960872	11960871	1
10516066	10516021	1
5470778	5470781	1
11179901	11179902	1
1406600	1406599	1
2728010	1888565	1
11565110	11565109	2
6160204	6160209	1
8516228	8516227	1
11514064	11514061	1
8665957	8665958	1
4829238	4833123	1
12303473	12303474	1
11146557	11145573	1
6905097	6905087	1
2138383	2138110	1
8952692	8951891	1
22241	22242	2
1127571	1127572	2
7153184	7153183	2
1356486	1356495	1
3715464	3716320	1
3125358	3125102	1
7493518	7493516	1
7974165	7973480	1
11850000	11849999	1
4878837	4879994	1
2468983	5265958	1
6511075	6510299	1
11055492	11056093	1
8103810	8103809	2
1653728	1653727	1
10763673	10764213	1
12611420	11658033	1
6656821	6656824	1
255858	243853	1
9497932	9496722	1
8862420	8862776	1
7381629	7381630	1
6951653	6971125	1
1880824	1880823	1
1175569	1177376	3
7984613	7982512	2
57425	57426	1
8486779	8486782	1
3395821	3394423	1
4752825	4752826	1
4071760	4071759	1
2370374	2370366	1
11032126	11032125	1
7754937	7716564	2
1748823	1748824	2
10255851	10255852	2
7857531	7857532	1
5053137	10339947	1
8759945	8759946	1
9086184	4685696	1
10231221	10230892	1
3776767	3952864	1
5285690	5285687	1
7224569	7224570	1
8382826	7373471	1
3360824	3360823	1
6028429	6028430	1
11642373	11642374	3
5010667	5010554	1
8753341	8753342	1
11690865	11690886	1
4136372	4136521	1
10718359	10718360	1
8981331	8981332	2
11733894	11726152	2
5807909	5808359	1
3370235	3371010	1
2551242	2551216	1
3304092	3304141	1
11635889	11635892	1
9776389	9776390	4
12556479	12556480	1
5130667	5130562	1
5812121	5811889	1
5441278	5441277	1
1766641	1766642	1
1532156	1532151	1
4338048	4338047	2
8570747	8570748	1
263445	258057	1
8077974	8077973	1
3988353	3988354	1
11868081	11868065	1
3537976	3537975	1
4551416	4551403	1
1033597	6367379	1
11533842	11533841	1
1101458	1101455	1
11197080	11197079	1
4420249	4420187	1
3770813	3770814	1
9354761	9355563	2
9751482	9748461	1
6415174	6415171	1
5773876	5773904	3
6099993	6099989	1
10483078	10483077	2
4024362	4024361	1
9604347	9605194	1
1533227	1533228	1
9241107	6389174	1
12342682	12342681	1
12468629	12468632	1
384381	384382	2
7735942	7735939	1
2666773	2666774	1
7752488	7761848	1
6422449	6422450	1
7876620	7801036	1
12204922	12204921	2
6223399	6223400	1
755382	756439	1
1366050	1367450	1
7696040	7857522	1
7567191	7567194	1
5730543	5730544	1
8307438	8307435	1
10713030	10713027	1
4115273	4115274	1
11835389	11835392	1
2419097	2419098	1
12348160	12348159	1
12627110	12627109	1
934699	934702	1
12308071	12308144	1
2340904	2340838	2
7842228	7842232	1
8664933	8799416	1
3780807	3780808	1
6562629	6562630	1
1731970	1731969	1
11502844	11502858	1
11670433	11668340	2
2545254	2545253	1
7620480	7620479	1
4527690	4527687	1
11573903	11573904	1
2517764	2517759	1
12754043	12754044	1
2725656	2725662	1
7472731	7472734	1
2837023	2837024	1
5984211	5988375	1
5317589	5317585	1
6566514	6566513	2
5120657	5120658	1
8799766	8799765	2
10206	7007373	1
6753112	6809584	1
11903517	11903801	1
11128010	11128009	1
9114114	9114087	1
1039068	1039067	1
9796548	9796547	1
11238220	11238219	1
9077118	9077117	1
7023829	7023799	1
12609856	12609855	1
3124505	3124506	1
6465093	6467029	1
2281782	2282000	1
10163765	10163766	1
8366872	8234547	1
4435086	4430438	1
3641952	3641946	4
9842482	9842479	1
5656975	5656976	1
12206406	11911034	1
6890661	7264949	1
12776907	3329506	1
11909177	11909178	1
3116616	3116615	2
4160694	4160693	1
4940454	4940453	2
8336948	8336810	1
1356700	1356699	1
1823040	1823035	1
12768248	12768247	1
7730203	7730204	1
989050	989049	1
9633620	9636706	1
12459031	12459032	1
7793634	7793630	1
10572832	10572831	1
8729518	8729517	1
10865982	10865608	1
1192362	3827452	1
2889438	2889465	1
2960364	2962886	1
9420025	9420026	1
7320075	7319100	1
4323781	4323378	2
2496789	2496793	1
638779	837356	3
10149810	10149567	1
3131413	3131414	1
7460883	7461520	1
3713894	3713893	1
6334620	6335178	1
9285884	9285926	1
4177195	4177196	2
722357	723487	1
6610110	6567617	1
10000898	9912481	1
2853120	2853713	1
3523490	3523489	1
2674992	2674961	1
6364621	6364622	1
10669204	10668896	1
7263641	7263642	1
9917669	9917670	1
10753470	10753469	2
4713623	4713867	1
2263153	2259118	1
6781719	6781720	2
7094644	7085655	1
3555908	12247241	1
1060706	1060705	1
2664476	2664473	1
7832241	7832243	1
6844602	6844601	1
1200016	1200015	1
2014601	2014602	2
9098674	9098673	1
8984146	8984248	1
8800257	8800258	1
985413	985414	1
7625414	7625379	1
11075379	11075503	3
2787547	2787548	1
3416896	3416895	1
4023617	4019436	1
7510384	7510383	1
9441709	9441777	1
3705497	3705498	1
3300769	3300772	1
12370729	12371775	1
1681509	1681847	1
4724329	4724330	1
5775898	5775897	1
3510280	3510279	1
10761241	10761678	1
7180744	7180743	1
3987127	3987128	1
10453779	10451880	1
9754628	9754625	1
10620824	10620821	1
6972768	6972765	1
7259495	7259496	1
6825515	6825516	1
12513240	12513237	1
11414361	11414362	1
4281320	4281298	1
10313615	8834269	1
11590742	5669262	2
3562471	4714234	1
11745785	11745759	1
10589755	10589756	1
6310548	6309077	1
2410176	2410175	1
1255776	1254989	1
12225689	12225744	2
11472006	11473280	1
10889394	10889393	1
9476923	9478432	1
10749655	10750058	1
9617499	9617502	3
386297	386825	1
2018025	2018026	1
7777032	7777031	2
384827	384828	1
4445265	4445266	1
7735232	7735231	1
9510570	9510569	1
3541480	3541489	1
6946657	1299253	1
3897538	3897421	1
6787125	6787126	1
879291	880107	2
10471676	10471675	1
10038768	10038767	1
12031521	12031522	1
2712072	2712071	1
8633994	8730792	1
2537120	2537119	2
8005891	8005888	1
11048012	11048011	1
5117044	5118197	2
6768940	6768939	1
3675133	3677522	1
4799716	4799715	3
10502997	10502998	2
11290515	11290516	2
11446734	7899649	1
7992889	10294143	1
10465915	10466239	1
4472673	4472674	2
7415144	7415141	1
4447267	4447268	1
8568555	8568556	1
11936895	11936896	2
452288	452447	1
9253307	9253308	1
4104661	4104662	1
5224520	5224519	1
10877475	10877662	1
4864670	4864683	1
6739260	6314579	1
9365788	9365958	3
11797503	11797483	1
9741640	9741639	1
9095574	9095571	2
12348527	12348528	1
8854875	8854887	2
3799333	3799380	1
2503397	2503398	1
6367874	6367873	1
3297923	3297924	1
4828007	4827009	1
2164598	2164628	1
9754428	9754459	1
2610152	2610151	2
10100693	10105731	1
9020478	9020417	1
11992897	11992898	1
11814628	11814627	1
2903894	2903608	2
4991660	4991657	1
11790569	11790570	1
11171610	11171486	1
8018169	8018266	1
5611025	5611026	2
10171010	10171009	2
11872955	11872956	1
3947796	3947756	1
4543255	4543256	1
3159425	3159428	1
7578746	7578745	1
10738647	10738650	1
7954152	11493444	1
2081183	2081184	1
2763609	2763847	1
10299257	10298526	1
1322738	1322775	1
5628968	5823212	1
9446663	9446678	1
12120452	12120451	1
3366687	3366688	1
1514780	1514735	1
7696417	7696418	3
5763329	5763330	1
2123916	2123887	1
830473	786632	2
413996	413977	1
11317639	11317640	1
1379702	1379701	1
3811685	3811686	2
5908059	5915138	1
12539299	12412774	1
4020313	4020329	1
3271186	3271185	2
4580675	4580676	1
4370757	4370920	1
8973609	8973618	1
1789097	1302346	2
2849683	2849686	1
6270044	6469017	1
5407489	5407490	1
2512313	2512554	1
12233242	7473620	1
9775837	9775838	1
11103672	11106343	1
7369493	7369224	1
2816817	2816818	1
6932380	6932156	1
11912609	4414741	2
7296007	7296008	1
3081223	3077410	1
4811181	4811182	1
11825891	11825894	1
4259626	11838477	1
3508506	3508503	2
9483281	9526101	1
1165291	1164900	1
6050483	6050484	2
6527163	6527164	1
4113189	4113190	1
10486680	10486700	2
1092457	1092477	1
7503979	7503506	1
7601924	7601479	1
5430911	5431010	1
248567	248722	1
9839170	9839169	2
6354164	6268815	1
3545703	3545604	1
3991006	3990961	1
4017936	4017935	1
12123735	12123736	1
1619551	3861633	1
6902856	6903689	1
9469443	9469444	2
6032792	6032719	1
4709190	4527691	1
6819263	6819264	3
11765439	11765440	1
5149019	5149658	2
2680899	2681575	1
7749963	7749966	1
11428380	11428379	1
3634601	3634602	1
7852526	5756329	1
11611534	11611531	2
8731389	8731390	1
2894585	2894595	1
12185142	12185119	1
2373600	2373599	2
1313441	1313442	1
168741	168742	2
11425454	3564157	1
5211553	5211556	1
287808	442073	1
6756646	6770217	1
3952010	3955371	1
1953092	1953213	1
585697	585698	1
11961143	11584701	4
4460722	4460721	1
10973899	10973900	1
6264621	6264527	1
7886165	7886134	1
7409340	7409339	1
8451293	8451321	1
9116470	9125187	1
6551986	6551985	2
5859236	5859235	1
5986628	5986625	1
11007618	11007598	2
2757171	2757174	1
98647	98648	1
11388124	11388902	1
10253056	10253672	1
71901	71902	1
1975004	1975003	2
8973679	8973680	1
11929416	6193451	2
8813822	8813774	1
12544890	12544889	1
5570684	5570779	1
1091694	1091693	1
916307	916308	1
10826311	10826312	1
11389229	11389232	1
10906254	10906253	2
429529	429984	1
2779319	2779993	1
973689	973690	1
4080962	4080959	1
11326921	11326911	1
11494103	11494104	1
11828568	11826350	2
4612386	4612543	1
1245110	1245109	1
8850940	8850937	1
8512528	8512527	3
11829483	11829901	1
1876368	1876366	2
12396610	12280953	1
10635349	10635352	2
2387548	2387781	1
5549121	5549122	1
11926594	4116738	2
7714268	7714267	2
1509292	1509291	3
10526371	9927015	1
5014336	5014335	1
11723972	11724212	1
4608259	9025573	2
1295759	1296739	1
7397163	7397195	1
3156888	3156928	1
1894205	1894233	1
8048325	12014384	1
3134350	3134349	1
5991513	5991531	2
5890997	5892230	1
8044424	8044442	1
3286478	3286477	1
4153804	4153803	1
2605237	2605238	1
11785197	11785234	1
6780587	5557027	1
8329571	8323462	1
3779214	1244164	2
8761881	8761860	1
8014458	8014520	2
3355770	3355774	1
3774759	3774760	1
6124047	6124048	1
6954817	6954818	1
4281828	10020181	1
12626443	12625939	1
8477172	8477976	1
8380926	8423713	1
2342550	2342547	1
7645947	7562424	1
791690	791574	1
4657940	4657939	2
9948009	9948113	1
12641964	12641963	1
12485417	12796180	1
4709482	4709481	2
96581	96582	2
12771589	12771590	1
11368356	11368226	1
3899395	3899396	1
12573457	12573475	1
681869	685832	1
1125618	1125712	1
2180319	2180320	1
6945713	6945706	1
8101150	8102957	1
8267444	8258111	1
1962068	1962067	1
4625799	4625800	1
9582121	9586138	1
3003406	3003405	1
8552680	8552679	1
851281	856118	1
7851559	5755290	1
4200400	4200399	1
2124681	2124700	1
817021	817099	1
3545049	3545050	1
10972137	10975065	2
2312481	2312469	1
10810092	10811554	2
7557145	7557146	1
10813894	10814001	1
1757490	1757489	1
7615603	7615604	1
9426634	9330086	1
8067944	8067909	1
4806412	4806400	1
9430663	9430664	1
3926237	3927279	1
1723540	1723539	1
8973189	8973134	1
4696086	4696081	1
7021806	7021248	1
4672255	4671596	1
8331732	8330397	1
6368834	9480736	1
12618980	12618979	1
8092881	8092930	1
4834232	4524861	1
12788261	12788262	1
300120	300107	1
2157696	2157693	1
3709531	3709532	1
7774419	7774521	1
8007903	8007895	1
12181095	12181096	1
4344314	4345260	1
2939808	2939836	1
10831147	10828869	1
6697806	6697805	1
7057285	7057286	1
11294234	11294233	1
3244859	3244854	1
12434316	11803627	1
12734603	12734465	1
6499375	6499377	1
5346992	5346991	1
7023508	7022512	1
11322341	11322359	1
3899966	3899968	1
4038733	4038734	1
7095514	7095513	2
7114415	7114416	1
2167129	2167130	1
3990936	3990981	1
9501435	9501426	2
8687246	8687243	1
3704992	3705011	1
12494455	12494456	3
7898006	7898005	1
938152	945883	1
7176807	7176808	1
5823107	5823806	1
103047	108821	1
11411166	11411165	2
7867169	7867858	1
9099214	8982746	1
8609892	8609891	2
11923385	11847821	1
5697155	5697156	1
12293884	8811665	1
8729366	8730050	1
5238397	5238398	1
8378437	8378438	1
11569458	11388395	1
6441962	6442025	1
2738534	2738549	1
6918886	11177177	1
1953939	1953942	1
7592288	7592293	1
1536928	1536886	2
3972285	3971947	1
10490594	10491337	1
265927	265928	2
1404327	1404163	1
9821927	1880731	1
1868184	1868181	1
10732652	10733210	1
636814	636089	1
6561510	6696812	1
10466817	10466818	1
8550223	8557085	2
6506898	6506895	1
4540815	4541436	1
9681269	6156363	1
1618728	1617104	1
9579779	9579780	2
806992	806989	1
8666315	8666316	1
12792248	12294244	1
3370511	2442214	1
10261291	10260150	1
9847386	7470279	1
12664981	12664913	1
4560068	4560067	1
8867695	8867731	1
10097792	10097798	3
11885715	11885716	1
2319748	2319747	1
6752632	6750930	1
3264933	3264934	1
610800	610793	1
9421329	9437493	1
5490979	5303568	1
10744986	10741276	1
12235566	12236789	1
6483449	6483371	1
8287778	8287777	1
9292331	9292332	1
5471746	5472056	1
1680374	1680373	1
9853225	9853694	1
8232047	8233057	1
2534029	2534030	1
10628446	10628445	2
8640792	8641178	1
11688174	11688202	1
4263396	4684844	1
1700096	1700095	1
12797938	12797963	1
2631627	2631395	2
4159193	4159032	2
2621165	2621166	1
5933561	5933547	1
10250464	10250461	1
2086884	2086883	1
2826145	2825939	1
6414185	6414171	1
8032620	8032124	1
5306396	5167088	1
12295545	12294238	1
3342425	3342028	1
10771716	10771715	3
11083467	11082740	1
977803	977804	1
1800729	1800730	1
2177984	2177645	1
6888687	6888688	1
1949795	1949796	1
6758062	6758024	1
1571661	1571662	1
11068908	11068911	1
11914143	11914146	1
2488535	2486190	2
5182314	5182313	1
10034384	10035387	1
5551554	5551553	1
7524729	7524730	1
426791	431788	1
2612491	2585276	1
9625508	9625507	2
7783596	7794783	1
12778295	12778434	1
5449560	5449559	1
9260411	2124266	1
8456363	7817248	1
5236149	5236150	1
11771505	11769935	2
2416909	2415996	1
4902739	4902743	1
4103303	4103304	1
7603967	7604020	1
5809445	5809446	1
11697607	11697608	1
4256713	4253383	2
4124622	4124617	1
4581998	4581997	1
1616831	1616832	1
12535868	12536356	3
405435	405610	1
4784145	4783862	1
1166797	1167583	1
12405959	12405960	1
10075692	10075691	1
4374597	4374598	1
10914651	10914318	1
10885701	10885702	1
11460084	6209195	1
10126441	10121721	1
5489279	5489280	1
4796814	4796811	1
5624315	5624316	1
462481	462743	1
590078	590062	1
10514959	10514962	1
8527643	8583878	1
6846551	6846554	2
10998962	10998961	1
3898233	3898234	1
4523260	4643380	1
9807543	9810380	1
12464344	12471889	2
11410658	11410657	3
9329388	9329385	1
10092118	10092117	1
10969631	10969632	1
7101976	7101924	2
6282851	6282852	1
6802801	6802296	1
10288234	10288245	1
12796843	12796844	1
3993543	3993544	1
6715883	5584762	1
4282285	4282286	1
5159230	5159229	1
3424650	3424822	1
8961	8962	1
5432717	5432718	1
12632180	12632179	2
6654494	6654493	1
11681367	11681242	1
5295247	5295248	1
7870788	7869887	1
8746016	8746015	1
4060521	4059354	2
12446965	12446966	1
12671421	12671422	1
9009402	9004750	2
5581196	5581193	1
3498093	3498094	1
10366785	10366786	1
12361253	12360998	1
6346348	6346377	2
8066420	8072182	1
2538636	2540138	2
6312628	6312627	1
3949182	3949181	2
10772690	10858762	1
12472357	12472358	1
8429427	8429428	1
6113983	6113984	1
7901295	7901298	3
1069168	1102085	2
4818932	4818931	1
5317843	5317852	1
6134373	6134356	1
9703424	9703423	1
212347	212303	1
8018236	8018235	2
6535771	6535774	1
5901572	5901571	1
12362483	12362484	3
7514061	7514038	1
9573039	9573047	1
7727981	7727982	1
159259	159260	1
1348261	1348262	1
4227919	5715983	1
7701371	7701363	1
1927179	2027756	1
9094762	9094761	1
9084779	9084780	1
12280783	12279422	1
8185926	8178538	2
10828370	10828380	2
9491203	9491215	1
9085866	9085865	1
10034347	10034171	1
1243391	1243392	1
7957190	7957189	1
11515977	11515699	1
3902149	3902150	1
9827881	9827882	1
3744434	3744433	1
11107017	11107018	1
686801	686802	3
4374007	4463639	1
3341198	3341197	1
3163400	3163395	1
2535751	2535752	1
9162560	9162559	1
530326	749208	1
7969391	7969392	1
10751120	10751119	1
9858967	9859343	1
9823526	9822969	1
9769484	9769620	1
9122225	9119011	1
11132238	11132237	1
751517	751518	2
11619738	11620270	2
12341483	12341424	1
10434385	3108742	1
1398088	1398087	1
1121771	1121772	1
1971637	4941980	1
4573098	4573095	1
5052138	5052141	1
798079	798077	1
6849216	6849192	2
4762929	4762930	1
3976892	3976891	1
8959419	8959420	1
6235021	6235022	1
7726957	7727650	1
5845923	5845924	1
11446930	11446929	1
9589228	8225618	1
11123544	11123217	1
705512	705027	2
11554478	11554477	1
915411	915416	1
4276595	4276651	1
11708957	11708160	1
8229077	8229078	1
6870635	6870624	1
4388731	4386551	3
8689169	8689170	1
6439199	6439345	1
9736080	9737040	1
5485678	5485675	1
12119299	12119300	1
10199593	10199594	2
591493	591494	1
9162308	9161994	1
6102981	6102216	1
11894356	11894355	1
1704041	1703415	4
9350196	9349588	2
11359729	11359730	2
1747072	1747071	1
8001980	8001979	1
11861003	11862319	1
9238244	9238241	2
4048451	4048510	1
6104975	6104976	1
586030	586029	1
10741277	10741278	1
3873367	3873368	1
5294267	5294268	1
1089816	1089815	1
1851177	1851178	1
283589	274357	1
10349793	10349814	1
6706207	6706208	1
7868344	7868146	1
2734885	2732358	1
1796156	1796155	1
8784034	8784033	1
9825269	9824822	1
1926	1925	1
9874050	9874049	1
3583545	3583546	3
12775650	12775643	2
7339843	7339844	1
8691613	8691603	1
11378951	12652894	1
10285338	7820754	1
5602037	5602038	1
8437276	8433982	1
235039	10938319	1
6597345	6597360	1
8572890	11226143	1
11295408	11295395	1
8765180	8765179	2
157870	157591	1
1745977	1745978	1
207509	207510	1
6718967	6718968	1
5104033	5104034	1
10463025	10463045	1
12635777	12635235	1
2982383	2982384	2
10905363	10903103	1
4943206	4942644	2
11787423	11787426	1
242278	242277	1
7576169	7575098	1
9789489	9789490	1
3167686	3167685	1
2055585	2148569	2
7282387	416495	1
11335244	11335897	1
5707648	1083431	2
12209640	12209619	1
3373369	3373370	2
1779035	1778952	1
3015811	3015812	1
10478109	10478114	1
10830040	10829953	1
1165608	1165607	1
7474226	7474309	1
2664472	2664021	1
4825689	4825692	1
5022693	5023980	1
6449738	6447331	1
2740042	2740041	1
3509527	3509528	1
2960163	2960164	2
12613614	12613613	1
612233	365986	1
1824916	1824718	1
295446	295059	1
7650366	7650413	1
3004754	3002930	1
10924647	10915536	1
7731865	7731849	1
9480832	9480831	1
8105767	8106285	1
10440535	10440538	1
2423009	2424337	1
11542874	11535309	1
800135	800136	1
3803103	3803104	1
548876	10934105	1
263546	263545	1
6548351	6548352	2
5677443	5677516	1
884991	884992	2
12524990	12524989	1
1509013	1509042	1
5210742	5210741	1
4610142	4610350	1
11795520	11795519	1
8794934	8794933	1
3108794	3111676	1
12379600	12625041	1
10453865	10452894	1
8179816	8179940	1
2618649	2621361	1
5951313	5947079	1
6594797	6594800	1
10403690	10403689	1
10297575	10297576	1
10080061	10080062	1
12425073	12425074	1
3107819	3108690	1
11174470	11173356	1
405967	405968	1
10764920	10764919	1
5101169	5101189	2
25830	24766	1
11116636	11116635	1
6365504	1092331	2
5694097	5694135	1
10704834	10704831	1
6294511	6294514	1
2939223	2939226	2
8895184	8895183	1
11251239	11251240	1
870284	870150	1
5727202	5727166	1
8474291	8474292	1
2809953	2809956	1
746032	673373	1
7283737	7283738	1
1789681	1789682	1
8066746	3251101	1
9654163	9654164	1
6222928	6222927	3
1906371	1906372	1
12747867	12679077	1
1094065	1094076	1
11395344	11395343	1
2734224	2734281	1
135956	136049	1
3733193	3733194	1
3060342	3059716	1
11989860	11989397	1
10609794	10609805	2
11038562	10982560	1
7038728	7038727	1
1525466	1316501	1
6691509	6691413	1
7248515	7248481	1
9954850	9954811	1
727333	727334	1
4006761	4006762	1
4193108	4193118	1
6177102	6175535	1
4812739	4812740	1
9625963	9625964	1
3980539	3978283	1
7354301	7354205	2
7224940	7224939	1
11395470	11395438	1
1058399	1022739	2
9076161	9076162	1
7759308	7795551	1
10030161	10030162	1
8331387	8324244	1
6892621	6891914	1
2819354	2819353	1
5294901	5294902	1
3950969	3950970	1
4851322	4851306	1
1898100	1895515	1
813095	813098	1
12725481	11811975	1
6486388	6484475	1
2413243	10391478	1
1265565	1265626	1
9031775	9031776	1
1340782	1340781	1
7502619	7502810	1
3711413	3888187	1
4708639	4708640	1
5690499	5691023	2
8850686	8850685	1
12404697	12404698	1
11840286	11840253	2
11649233	11649155	1
5120964	5120963	2
9775625	9775628	1
9151385	9151386	1
22883	23382	1
6439665	6439657	1
3990119	3990122	1
2588452	207217	1
3499938	3500598	1
11090061	11090062	1
10074699	10074700	4
6703771	6705769	1
8502053	8502054	3
8775509	11642127	1
6266211	6266214	2
2182632	2184099	1
6289940	6289958	1
2148042	2146984	1
1835655	1835656	2
6684999	6685000	1
5004841	5004842	1
6847986	6847801	1
4606612	4606611	1
6276438	6276437	2
11672259	11672304	1
3087039	2771423	1
773098	773093	1
5424737	5424738	1
10060853	10060856	1
2185204	2186416	1
7444374	7444373	1
6663507	6663508	1
6374000	6373999	2
7645072	7625519	1
9853681	9853682	3
5206289	5206290	1
5112597	5112598	1
3295055	3295056	1
5777290	5777860	1
4537847	4537848	1
9349614	9350211	1
7263675	7263676	3
9362223	9362224	1
770711	770712	1
8908419	8908420	1
8952640	8952637	2
7262337	7253154	1
1825868	1825867	1
5761856	5761855	1
431306	432104	1
9533050	9533049	2
9232811	9232843	1
5856265	5857347	2
9094507	9092563	1
11184212	11184229	1
6684949	6684950	1
6002718	6002717	1
10320238	10319737	2
4046795	4046796	1
1378207	1378208	1
6813078	6811986	1
11650071	11650072	1
1992714	1992725	2
1551154	1548999	1
3767314	3764095	1
10065350	10114784	1
5279257	5279258	1
4043738	4043737	1
10116333	10116271	1
1754878	1754921	1
5454919	5454920	1
39509	39510	1
3137505	3137506	2
10435797	10435798	1
8978489	12672948	1
6125339	6125340	2
1658801	1658802	2
9670575	9670576	2
6800236	6800235	2
10068559	10069264	1
8958918	8959017	1
11291143	11289420	1
8031726	8031803	1
8645741	8645770	1
4660149	4659942	2
2497320	2497315	1
6059923	6059926	1
11406774	11405730	1
12511557	12511558	1
10916429	10916430	1
5150871	5365737	1
1124171	3477375	1
9084658	9086009	1
6642103	6632288	1
3691663	3691664	1
682890	684561	1
4472576	4472546	1
11817057	11817058	3
11550795	11550798	1
11017356	11012103	1
11962786	11962747	1
6977331	6977332	1
12324888	12324108	1
882209	882210	1
3691225	3691226	1
8410233	8409889	1
11451028	8937490	1
6737764	6737763	3
5205526	5205529	1
1250978	1250977	1
5869556	5869555	1
11291429	11291418	1
8085004	8085003	1
7379343	7379344	2
9904183	9904184	1
12797585	12797593	1
8030175	4687867	1
11670769	11670770	2
9721905	9713588	1
10380061	10379787	1
5446595	5446601	1
1843799	1843802	3
11153845	11153050	1
8025917	8025918	1
10446380	12713728	1
8693835	8693836	1
2925819	2925820	1
7811961	7811962	1
11362526	11362325	1
2277819	2277569	1
7647559	7647600	1
9099974	9099973	2
8671884	8671914	1
8786655	8724344	1
9273009	2104036	1
1324236	1324235	1
3021775	3021947	1
9143043	9140925	1
8548664	8188579	2
7790527	7792383	1
4503118	4716412	1
3470735	3470736	1
3352087	3352088	2
9087065	9087071	2
12175281	12175278	1
265925	265926	2
8058025	8059241	1
2655474	2655473	1
11000488	11000487	1
1629877	1629878	1
4254878	4254877	1
4591211	4590193	1
7176700	7136097	1
1715396	1715395	1
12547365	12547382	1
4766532	4766531	2
9686901	9651838	1
8767771	11304695	1
9126368	6143886	1
11576254	11576253	1
11492395	11492396	1
10408237	10408238	1
8445431	8445432	2
5969416	7822917	2
8517741	8366777	2
977203	995485	2
10088254	10087274	2
7525088	7525023	1
4831964	4831963	1
11027559	11027586	2
9112847	9112824	1
4124634	3879678	1
10493972	10493971	1
758915	758916	1
2276729	2276730	2
7015751	7015752	1
9083527	9083528	1
6974755	6974756	2
4069574	4069573	1
8476619	12427862	1
8802190	8802189	1
5706308	7447221	1
6234250	6234400	1
1242926	1423002	1
2667953	2667954	1
11585249	11585250	2
9878445	9878446	1
6820853	6820854	1
9134209	9134210	1
1823036	1823035	1
10445342	10445349	1
7868592	7872489	1
8833622	8833621	1
3100819	3101472	1
6549446	6549468	1
7783353	7783354	1
5918316	5918325	1
4123303	4123708	2
5779485	5778824	1
5580726	5580725	1
10768246	10971037	1
9565603	9565604	1
8366570	8366573	1
6088893	6088844	2
7190909	7191055	1
12613583	12613584	1
8018945	8018946	1
12184427	12197902	2
9755373	9755837	1
11337430	11337429	1
10430513	10431149	1
4832886	4832157	2
971841	971842	1
11406614	11406208	1
7192028	7192027	2
2835897	2835898	1
9981587	9981590	1
1189384	1189383	1
2375855	2376492	1
7771936	7771938	1
1136190	1136187	1
7218340	7218941	2
5528362	5528653	1
4690389	4690390	1
11577411	11583271	2
12572809	12572812	1
10161263	10161264	1
561051	561203	1
4280132	4280131	1
3758950	3758949	1
7968693	7945953	1
1824785	1824897	2
6439531	6604429	1
10690201	10690231	1
5807454	5807453	1
6449869	6451182	1
6714453	6710568	1
5399720	5469700	1
7694575	2010924	1
9971710	9971298	1
3000621	3000622	1
11450971	11450968	1
6935079	6935080	1
10836299	11715784	2
3601465	3601466	1
6977819	6977820	1
11926147	11926148	1
9942119	9942120	1
7998833	7998834	1
4814844	4528825	1
1590751	1589989	2
5239090	5239089	1
3906960	3906959	1
8972651	8972652	1
1236694	1236889	1
11680379	11681120	1
11648687	11648732	1
1929410	1929409	1
11892961	12469201	1
4526190	4526189	1
10198133	10198134	1
4056431	4056432	1
8446196	8445617	1
7854655	7854656	2
5552348	5552693	1
3865861	3865862	1
1665471	1661334	1
8084203	8084204	1
5938693	5938694	2
4298813	4298814	1
4373258	5896108	1
4648084	4674672	2
4375187	4375188	1
9676503	9676440	1
2323698	2323697	1
6638108	6638107	1
7415089	7414824	1
11597134	11597218	1
11435844	11963066	1
11780967	12461166	1
1030659	1030621	2
2838868	2897074	1
4193112	4193109	1
6310763	6310764	2
3000511	3004272	1
10459455	10459946	1
2818432	2818472	1
5860894	5860560	2
1102280	1102279	1
6566556	6566555	1
3159431	3159451	1
3713306	3713283	1
6031443	5818337	1
2775651	3154386	4
7446451	7446452	2
12721039	12720896	1
4688404	4688441	1
167807	167808	1
6098610	6098609	1
8356869	8356870	1
7706008	7706316	1
11497739	11497534	1
9072311	9072312	1
9776385	9776386	1
11214727	11214728	2
4302133	4302134	1
977201	977202	3
7804490	7804874	1
8645045	8645046	1
5982634	5982633	2
1747469	1747470	1
6475453	6474958	1
930989	932090	1
2744572	2744615	1
7996175	7996176	1
6103712	5997682	1
7493397	4202564	1
10828170	10828169	1
8674909	8674910	2
9558411	9558412	2
7446362	7446361	1
10915517	10924530	1
3231454	3310054	1
306105	306106	2
10139424	6884188	1
4107672	4107495	3
6692189	6692175	2
4168189	4168190	1
2170799	2171814	1
3167057	3167626	1
2737914	2737913	1
3487987	3487988	1
6022359	6022360	1
1991192	1991191	1
3895030	3897806	1
7473105	7473106	1
10661781	10661782	2
7047043	7047093	1
6674364	6674363	2
10436855	10436856	1
1746263	1746095	1
7390228	7390225	1
1466040	1466039	1
11420118	11420117	1
5611027	5613013	1
8864717	8864470	1
1706879	4107580	1
2440779	2440780	1
4095673	1557268	1
6677837	6677640	1
823054	823168	1
4268387	4268051	1
169637	168714	2
9993693	9993694	1
8955755	8959094	1
4499320	4499317	1
5988976	5981737	1
5119038	5119037	2
10837446	10837445	1
5670206	5670209	1
5538667	5538592	1
5081237	5081238	1
7948023	7948024	1
10586801	10445617	1
3472234	3472233	2
2322848	2322855	1
11088278	11088277	1
11260208	11255588	1
10206624	10206623	2
11394571	11394572	1
5197991	5197992	2
11528590	11528587	1
10397623	10397624	1
4665228	4656995	1
6247656	4790110	1
6204331	6204332	1
446300	446410	1
280273	198624	2
7779426	7779421	1
5975053	2607590	1
3497786	3497785	1
4439137	4807059	4
1039066	1039065	1
9318971	9096098	1
3511364	3511363	1
4233758	4233757	1
9271726	9271507	1
5374112	5374111	1
4433340	4433339	2
11731162	11731161	1
2882997	2883011	2
9094495	9090882	1
4565898	4565897	2
3731994	3731993	1
6842952	6819507	1
3898951	3898687	1
4136839	4136847	1
5847553	5847554	2
6032490	6032489	1
10189251	10189273	1
5777940	5777974	1
9028113	9028114	1
8982008	8982881	1
2378877	2378878	1
4164188	4164187	1
7139270	7139269	1
11611853	11611854	1
10927268	10927265	2
3256435	6862152	1
9756974	9756973	1
8967896	8967928	1
8849712	8849549	1
7259798	6836128	1
10881278	10879842	1
6498386	6498385	1
820120	820119	1
8014634	8014633	1
4230231	4230232	1
8449619	8449620	1
737822	737821	1
10281083	10281084	3
2860026	2860025	1
12457042	12457045	1
6896654	6896408	2
5691738	5692058	1
880692	7219839	1
3741276	3741267	1
4226387	4225045	2
11528586	11450861	1
7098878	7098877	2
2476295	2476296	2
9988620	10124098	1
1442852	6546287	1
8698241	8698242	1
9016595	9018899	1
1658803	1658804	2
1396105	1396106	1
8084068	8084067	1
6497440	6497757	2
2745594	2744633	1
7780860	7780859	1
8680518	8681251	1
628848	628845	1
3906960	3908538	1
7388340	7386647	1
9693214	9693573	1
2370372	2370366	2
12600122	12600365	1
958819	958820	1
3923237	3923238	1
11762048	11762051	1
2335069	2334783	1
11112332	10973898	1
6726146	6726193	2
6417017	6417018	1
11961461	11961462	1
5613958	5610872	1
12294243	12294246	2
11170756	11170753	1
8423876	8423875	1
10393687	10393688	1
3248717	3249690	1
11931666	11931665	1
1022098	1022097	1
12001811	6382717	1
475888	475887	2
9937335	9937336	1
418066	284633	1
6810598	6810597	2
2091223	2091226	1
8049210	8049209	2
8375379	8375380	1
1720107	1720108	1
2004203	2004204	1
1522326	1522325	1
5630969	5630946	1
2721671	2721674	1
6743090	6743089	1
11282228	11282650	1
8149006	8149005	2
9681180	9681179	2
3403957	3424125	1
7738119	7738120	1
8385336	11194260	2
6396315	6395682	1
1592225	1592228	1
11226946	11227357	1
7555113	7555114	1
1937450	1937614	1
6026611	6026612	1
11549616	11549439	1
5751480	5751479	1
7922965	8031814	1
4130176	8922484	1
9251758	9251757	2
12150927	12186203	2
11361270	11357859	1
11799932	10262190	1
10251689	10251690	1
985492	985567	1
8369588	8369587	1
9796219	9796315	2
9483325	9483326	2
3290141	3290507	3
1036057	1036058	1
6562002	6561999	1
12715433	12715434	1
9983682	9983680	1
4277914	4277900	1
11887537	11887679	1
10126855	10126856	2
8334755	8523455	1
3021551	3021552	1
849879	849880	1
2466939	2466987	2
12393172	12393171	1
7521291	7521292	1
2556820	2556870	1
183039	183040	1
3366269	3366270	2
488718	488738	1
5416503	5418389	1
773626	823365	1
1620131	1620132	1
5579649	5579652	1
7905349	7905675	1
1707509	1707512	2
1525576	1522194	1
901903	901890	1
7517246	7517245	1
11987032	12012635	1
6382969	6382488	1
9500813	9500814	1
10194049	10194050	1
11887672	11887671	1
4261068	4261067	1
8884404	8884403	1
11783478	11309656	1
7224748	7224741	1
174157	174158	2
8411305	8411287	2
11545384	11545383	1
6494615	6508458	1
12392878	12401519	1
6683757	6683758	1
998232	998231	1
9330726	9330783	2
5533521	5534492	1
6197337	6197340	1
6420429	6420432	1
12149157	12149763	1
2752416	2752413	1
7383719	7383720	2
5975813	5975814	2
3485305	3485306	1
10760482	10761564	1
5627828	11678423	1
3394190	4304775	1
11239715	11239716	1
10237533	10237534	1
10048202	10048266	1
9779150	9779149	1
3692019	3691751	1
1314066	1117110	1
4273391	4273392	1
4070861	4070858	1
6483158	6481507	1
11755374	11755373	1
10334688	10334706	1
891880	891879	1
5003631	5005508	1
3416469	3416897	1
8440559	11194959	1
9543289	9543290	2
10163001	10163002	1
5450254	5450168	1
959117	959148	1
2904518	2903219	1
10101603	10099906	1
1778746	1778745	2
6458981	6456560	1
6114897	9431867	1
1673859	1672706	1
1762166	1762390	3
5598016	5598015	1
3401720	3401861	1
4684335	4228382	1
12259317	12485083	1
11393991	11476603	1
10808079	10811225	1
3467273	3467274	2
32409	32410	1
10720038	10720009	1
8661006	8661005	1
8383232	8536244	1
1106077	1106078	2
4089097	4089102	1
5148779	5149183	1
10827199	10827200	1
5432124	5431996	2
10172912	10172890	1
8527975	8526488	1
6977033	6977034	1
4124596	11649371	1
5438349	5438350	1
118138	117632	1
8516972	8517016	1
7020360	7019326	1
8558869	8558870	1
6902275	7099432	2
443647	443648	2
12349139	12349412	1
9610379	9610875	1
12246516	12246733	1
5884445	5884446	1
9816233	9816234	1
4417377	4417544	2
1328438	1443579	1
1912792	1912783	1
738299	738300	1
11392843	11392844	1
10351733	10351734	1
7951468	7951464	1
3961787	3961788	1
499530	499529	1
6282510	6282509	1
9386777	9386778	1
10760484	10760483	1
10339959	5053136	1
1664543	1631815	1
7240917	7240857	1
3125356	3125102	1
1826747	4316204	1
8949357	8949358	1
10436438	10436091	1
1358080	1358079	1
4534450	4535255	1
2475939	2475940	2
4472664	7807557	1
8971517	8971518	2
3981714	3981713	1
10417417	10417849	1
1358571	1357921	2
6132051	6133100	1
4828005	4828006	1
12293347	12293376	1
10962059	10962060	2
11716517	11720313	1
6442024	6442023	2
8917925	8917926	1
10409482	10409481	1
7608446	7532017	2
5346559	5346573	2
12303278	12303277	1
5222967	10204521	1
5618518	5618517	1
11486257	9084189	1
11415352	11415351	2
3287293	3287294	1
1205192	8597722	1
11824681	11824630	1
7106896	7106895	1
688876	686800	2
2668224	2668629	1
12117436	12117433	1
286323	286324	1
6901321	7154903	1
9077024	9077014	1
602336	602316	2
6631882	6631885	1
11004610	11004758	1
603299	609731	1
11959738	12039676	1
2589184	2589129	1
11458436	11458433	1
2785279	2785280	1
441930	441929	1
7191106	595125	2
6205013	6205587	1
10930931	10930934	2
2355775	2355478	1
6413285	6413286	1
3866373	3866349	1
3563295	3563303	2
473107	473638	1
11687586	11687585	1
8414728	8414727	1
4666902	4666899	1
2187327	2187328	1
7411147	7411148	1
12812007	12812008	1
4688500	4689199	1
3931141	3931142	1
6016659	6016647	3
4677654	4677653	2
6566495	6566515	1
12300940	12768605	1
7661734	7661727	2
931002	932170	1
9610796	9610801	1
4132573	4132442	1
11582677	11582678	2
3520776	3520773	2
11306122	11306121	1
10382997	10382998	1
10479587	10477512	2
945982	946042	1
2178981	2178982	1
5551439	6205846	1
12259062	12259061	1
7867429	7867430	1
7875419	8036162	1
3249956	3249953	1
7622990	7047928	1
3477213	3477341	1
5294361	5294048	1
11391304	11391303	3
765609	765610	1
10351456	10348961	1
5058675	7870792	1
3239778	3271661	1
11846584	11846434	1
8035964	7898350	1
11673131	11550269	1
2346273	2346986	1
3341200	3341199	1
3554029	3554037	1
8705651	8705652	1
5100643	5100549	2
7390987	7390988	1
8303836	8303899	1
11472114	11472111	1
3016672	3016737	1
2196785	2193819	1
3600447	3600448	1
11627413	11627414	1
5537323	5537324	1
12693728	12694976	2
8404754	8405077	1
6032227	6032381	1
8465773	8465119	1
1047089	1047080	1
860829	859364	1
6366144	1036228	1
12385413	12387428	1
2883262	2885314	1
2886559	2886536	1
3023366	3023415	2
3581948	3581947	1
10246952	10246961	1
2159855	2148394	1
2165460	2165459	1
11363943	11262659	3
6054937	6054938	1
11489656	11490326	1
7831916	10224594	2
4549532	4549426	2
2143187	2143188	1
2928551	2928554	1
8568914	8568879	1
9132804	9143471	1
6866014	6866013	2
5890168	5890163	1
8631259	8631231	1
6749589	6746588	1
2633058	2633057	1
9820443	9815753	1
11367701	11367702	1
8823105	8823566	1
1203258	1202171	1
5589961	6540383	1
9507242	9508331	1
3940493	3940494	2
5219670	5219669	1
8628168	8628184	1
10080270	10080327	1
2189580	2189579	1
11662243	11662340	1
7198128	7198127	1
5487467	5487468	1
5323517	5323104	1
7218991	7218992	1
6950672	6950417	1
10413822	10414020	1
1448669	1448672	1
5282213	5282201	1
9392221	9392224	2
6902133	6901908	1
11143797	11143799	1
4175965	4175966	3
8677816	8679008	1
8915198	8915197	2
11565101	11565102	1
4002267	11317956	1
8454721	8454713	2
7055852	7055782	1
12533922	12535223	1
11632443	11632444	1
5678865	11688917	1
9306509	9306510	1
3261658	3249819	1
3523233	3523229	1
4844640	4844643	1
3354928	3354923	1
11147517	11147515	1
10329020	10329036	1
8542913	8542914	1
10850006	10850005	1
3359805	3359806	1
3824002	3825069	1
388099	390112	1
8876380	8876379	1
4105872	4105871	1
4219770	4219769	2
11926281	11926282	1
11717330	11717329	1
11203655	11203656	1
344881	341697	1
5837627	5837628	1
5925464	5925463	1
7159489	7159490	1
6125794	6125801	1
1771393	6111844	1
5024236	5024235	1
11757627	11757600	1
2533101	2533104	1
2366889	2366890	2
11186021	11186070	2
1314219	1314220	1
11318490	11318489	1
12472172	12472171	1
5270654	2569989	1
11762532	4246746	1
12510272	12509452	1
7643587	7643743	1
4604082	4604201	1
11721563	11721922	1
7239833	7239736	1
1076511	1076330	1
11403407	11403408	2
9595058	9595030	1
3582155	3582144	1
11338624	11338623	1
11794017	12414797	2
4639793	4639809	1
965605	965607	2
12396779	12396780	1
4852075	4852076	1
6670201	6670193	1
12290156	12290155	1
5006832	5006831	1
4086112	4086109	1
1239186	1239185	1
7214628	7214645	1
4037248	4039774	1
1787642	1787747	1
4030653	4033178	1
5811449	5810802	1
5576720	5576788	1
1588250	1588249	1
11817059	11817006	1
9077281	9077115	1
2324844	2324843	1
576808	576807	2
8786385	8786386	1
7856554	7856538	1
128067	4001854	1
9464831	9464832	1
9826114	9826153	1
6293539	6293540	1
5096383	5096384	1
5924751	5924813	1
8950364	8950584	1
12716604	12716601	1
12776568	12776522	1
298916	300740	1
6544072	6544067	1
7592596	7592593	1
5812667	6006940	1
12294603	12294604	1
8004942	8004971	1
3059405	3059406	1
8726124	2366411	1
10753761	10753762	1
430781	430593	2
8765125	8765126	1
2040345	2040170	1
7682496	7684493	1
2320063	2320029	1
1118521	1392152	1
10528663	10528664	2
8780427	8728614	1
192160	192202	1
8891844	8890504	2
10405171	10405185	1
11644055	11644056	2
4368465	4368466	2
11995168	11995194	1
11779474	11779473	1
11183486	11183485	1
3966248	4008895	1
1910071	1910072	1
11379515	11379516	1
6120236	6119861	1
1622133	1621787	1
2785900	2785893	1
10962987	10955402	1
7013147	7013148	2
1970022	1970021	1
5667090	5667087	1
10288774	10288797	1
6175837	6180507	2
7246123	7245987	1
6496604	6496603	1
7829887	7829888	1
7577225	7577226	2
2734245	2734238	1
8865245	8865246	2
2840340	4109443	1
1763165	1763168	1
9274755	9274756	1
943223	943224	1
7685981	7685984	1
10392844	10394420	1
7293224	7314278	1
9236543	9236544	1
11109859	11109860	1
11784168	3271940	1
11915698	11915701	1
2637501	2637525	1
10065107	10065108	1
313122	313121	1
12460011	12460012	1
7525018	7524841	1
7165458	7165367	1
7415045	7415046	2
3651106	3651105	1
12423893	12423898	1
10202060	10202397	5
9198208	9198207	1
8871489	8870641	2
4339991	4339992	1
9132461	9134423	1
3416463	3416464	1
11597258	11597257	1
5352830	5352867	1
10824497	10824498	1
6033480	6052041	1
10778048	10779301	1
6250136	6250134	1
7909621	7909624	1
3498003	3498004	2
6816235	6816204	1
3005062	3005059	1
11392187	11392188	5
6037244	6037243	1
3423913	3423914	1
2896130	2896129	1
1152970	1134465	1
10925281	10925754	1
3120120	3120157	1
835487	835488	1
1037568	1037567	1
11568481	11568482	1
8419353	8418504	1
9497290	1205712	1
8850543	8850544	1
1453785	1453764	1
3907164	3907163	2
2746231	2746244	1
10291885	10292317	1
12720245	12720246	1
9092335	9092336	2
2165892	2165884	2
10330584	10330581	1
10467198	10467201	1
12239192	12239191	1
4271655	4271656	1
11279635	11279640	1
7652460	7652459	1
5010878	5010791	1
8245541	8245542	1
10988255	10988256	1
6723990	6724043	1
5420189	5420190	1
6558446	6552827	1
9526446	9526443	1
2601382	2601381	1
11060210	11060209	1
6553157	6553158	1
12162072	12162071	1
372463	372839	1
7592304	7592303	2
10673076	10673075	2
10354006	10354005	2
122634	122633	1
9235006	9235005	1
4749878	4749721	1
4572988	4571161	2
4351190	4351183	2
12619479	12619480	1
8811198	8949438	1
364394	364393	1
1989386	1989385	2
6282516	6282515	1
1560675	1560676	1
3128265	3128228	1
8331962	8331959	2
9416159	9421332	1
3108001	3191721	1
2909341	2910056	2
5454784	5454783	1
9000758	11333361	1
4910324	4910299	1
6623666	6623663	1
1885563	1885928	1
12048811	12049419	1
1572714	1572713	1
9029253	9029525	1
1785681	1785818	2
8195959	8340293	1
1239700	1239699	1
7622430	7622582	1
7188949	7188950	1
3647746	3643034	2
11943652	919247	1
520450	520449	1
4453993	4454067	1
6556986	6556983	1
1361367	1361363	1
876287	876288	1
5885275	5885356	1
1050939	1051110	1
4699723	4701049	1
5059449	5059450	1
10878487	10878514	1
4716314	4716313	1
359710	9620015	1
8787180	8787179	1
7759859	7759883	1
9355792	9354144	1
8000090	8000089	1
12009459	12008688	1
11597296	11596009	1
1653935	1653936	3
7817957	7817931	1
3931746	3931745	1
175854	175853	2
11931517	11931306	1
10084763	10084229	1
3898949	3898950	1
9569388	9569387	2
1681717	1681718	2
445227	445228	1
5720804	5720847	1
9780360	9780351	1
8534302	8534301	1
1608933	1608490	1
441905	441901	2
6816947	6717584	1
3703204	8896033	1
1593114	1593113	1
6582943	6582944	1
1132606	1132605	1
992603	992590	1
2540173	2540174	1
8426057	8426121	1
872560	872559	1
9570729	9429357	1
8076000	8075999	1
3159025	3159026	1
2572193	2572532	1
8017191	8017192	1
12193352	12193349	2
2345764	2345763	1
7559185	7559186	2
9030735	9030736	1
6488221	6498653	1
9429366	9429365	2
9500824	9500823	1
5370550	5371432	1
9430695	9433602	1
9539909	9539910	1
3738793	3738794	1
4179034	4174361	1
1998735	1998736	2
11770751	11770202	1
5794842	5794841	1
11884561	11884562	1
8706036	8705132	1
11873388	11873210	1
11763815	11764067	1
2087530	2088075	2
1700731	1700732	1
1288420	1288419	1
5483918	5483957	1
9234981	9234982	1
11771745	11771746	1
4588745	4588748	1
9258278	9258242	1
1197540	1197561	1
4901593	4901596	2
10553003	10553004	1
11739496	11739495	2
9240349	9240350	1
11325821	5894775	1
4074689	4074690	1
8582140	8582139	1
9419528	9419517	1
85896	20528	2
5867137	5867148	1
6471634	6471778	2
11993243	11993244	1
10706718	10706717	1
12389363	12389366	1
6613735	6613736	1
7910400	7910399	1
1187880	1190164	1
10353376	10353382	1
10547506	10547505	1
3561682	3561681	1
709985	710342	2
1696695	1696696	1
1642054	1642053	1
2200026	2200023	1
2424189	2424192	1
7709428	7709427	1
7086698	11322464	1
4081250	4081247	1
5378456	5378455	1
6197833	6197834	1
1134124	1134127	1
3081807	3081808	1
5217089	5215521	1
3034519	3081945	1
3650084	3650083	1
1297376	1581872	2
764621	764974	1
10993409	10992420	1
3581114	3581128	3
11054769	11054560	1
681497	682070	1
8178690	8186439	1
2840629	11467909	1
9707184	9707183	1
12333875	12333876	1
8046735	8046736	2
9735340	9735339	1
2277207	2277208	2
10441846	10441841	1
6959215	6959216	1
2784838	2784837	1
7922596	7922595	1
2150210	2415184	1
11779278	11779247	1
11697106	11697228	2
1197097	1197099	1
5600729	5600918	1
11190255	10878333	1
11399962	11399961	1
10766454	10766453	1
10439471	10439472	1
7675584	7675581	1
11944541	849645	1
3133751	3133752	1
1297757	7190882	1
12229112	12229934	1
5071995	5072083	1
2005718	7701699	1
9346643	9346657	1
8409413	8413853	2
7373560	7375160	1
11758076	11757800	1
3569093	3569094	1
4374236	4374238	1
7139787	7139788	1
141417	141418	1
9587144	9587143	2
11131674	11131673	1
10883260	10883265	1
4775507	4775508	1
1275312	1275286	1
2414347	2414348	1
8797784	4654223	1
3894960	3898725	1
6197874	6197873	2
8788600	8788641	1
9000634	9000721	1
796148	873404	3
1203020	1203019	1
11445041	11445148	3
11529419	11529420	1
12714713	12713757	1
1424309	1424310	1
11992468	11992724	1
8762051	8761798	1
3247095	3247035	1
7865704	7865703	1
12037656	12037655	1
12199459	12199456	1
9525710	9525709	1
922015	922016	2
4633810	4475673	1
2111852	2111874	1
11322876	11322875	2
11233668	11234044	1
307231	307236	1
4296417	4296418	1
5374692	5374691	1
8315138	8315135	1
3166717	3166718	1
1444563	1444564	1
7227383	7263833	2
784958	784957	1
7009460	7009459	2
7175802	7175801	1
12342257	12342254	1
1774461	1774182	1
3603228	3603032	1
8603799	8603802	1
1785042	1785831	1
6408794	6408793	2
5970833	5970834	2
4845819	4845820	1
1145404	1145403	1
8558764	8558774	2
8360761	8360505	1
8811213	8805669	1
10972056	10972055	3
8654639	8654642	1
7514132	7513316	1
2938431	2982155	1
1112644	1112643	1
318331	318334	1
1033772	1033771	2
10747718	10747715	1
1119299	1119300	1
8782569	8782551	2
1079128	1079127	1
7396105	7396023	1
3702238	3702235	1
1799417	1799529	1
2384513	2385879	2
9146842	4813582	1
638973	621324	1
2359498	2359497	1
85582	78661	1
10738944	5918800	1
10931407	10931408	1
2755533	2755537	1
3717203	1240606	1
11486751	11482923	1
2837528	4068673	1
1122093	1122094	1
2945682	2945484	1
7476048	7476020	1
3691708	3691730	1
3210242	3210241	1
5523292	5523289	1
3328253	3328228	1
9825845	9825846	1
5802085	5806433	1
3995789	3994788	2
4070870	4070869	1
4819853	4819491	1
12309633	12309634	1
1101418	1101390	2
6027272	6027844	1
6683910	6764561	1
11428904	11428963	1
5199294	5199471	1
3985596	3985595	1
10921285	10921308	2
6011631	6011594	1
12533851	12533852	2
10312687	10313183	1
7225465	7225984	1
10608518	10608685	1
6047063	6046284	1
7235930	7236726	1
2686477	2686478	1
11760215	11760204	1
7022343	7022344	1
11615568	11614716	1
3300934	3300843	1
6764789	6764792	1
5299138	5299137	1
2358779	2358202	1
10701156	10701155	1
4232633	4233570	2
12054448	12054398	1
9989987	9845984	1
6688917	6751489	1
9543742	9543737	1
10371941	2677013	1
5642791	5641562	1
2479438	2479435	1
4653719	4653720	1
1061007	1061010	1
3554013	3554014	1
6494587	6494162	1
9394064	9394063	2
4251568	4251611	1
4647453	4647454	1
3491910	3491909	1
11573906	11573905	1
10436438	10436093	2
7343147	7343697	1
50048	50047	1
8291092	8292111	1
11020854	11020853	2
6924543	6934763	1
6010270	6010269	1
6278398	6458985	2
16911	16912	2
7902131	7902132	1
10912029	10912349	2
4824526	4823826	2
10800267	10800268	1
9984907	9984908	1
504710	504709	1
1774059	1773025	1
1858069	1858071	3
4744270	4744361	1
12576650	12730856	1
5568722	5568721	1
7226986	7226985	1
11509768	11509767	1
8909297	8909298	2
9092251	9092252	1
5877327	5877321	1
4367868	4367867	2
6217634	6222831	1
3632259	3632425	1
8076076	6319829	1
5290295	5290132	1
5192286	5192285	1
3922713	3922028	1
4922991	4922994	1
1764675	1764588	2
6637898	6637904	1
364232	364231	1
5423092	5423083	3
1437308	1437307	1
12668385	8850548	1
383395	385756	1
9623165	9623280	1
8035541	8035542	3
691952	693280	1
4291063	4291142	1
8861267	8861268	1
6474693	6474694	2
1024506	1017129	1
666904	666903	1
10986963	10986964	2
7192622	7192603	1
7687902	7687874	1
9133065	9133054	1
2261434	2261517	1
265925	265928	1
3264237	3264238	2
8784042	8784041	2
9437887	9437888	1
8983663	8983664	1
12635021	12634987	1
2321415	2321416	1
7321458	7355275	1
8841050	8841049	1
4133340	4133211	1
3210238	3210237	1
6009628	6009625	1
5582953	5582954	1
10306559	10306560	2
1753905	1753910	1
12263346	12263345	1
3362839	3362840	1
5048084	10343119	1
11806773	11806774	1
10264176	10264276	1
1459559	1463177	2
7505546	4278429	2
5481117	5481118	1
3124518	3124504	1
5644854	5644853	3
9578105	9578106	1
10285380	10285377	1
10459527	10459797	1
12192417	12189076	1
6156189	6156190	1
7832691	7832692	1
2351691	2350996	1
5935450	5935449	2
3506952	3507051	1
1866205	1866208	1
4126153	4126165	1
6039201	6039202	1
592836	593407	1
6045191	6108526	1
4617837	4617838	1
1402547	4956284	1
6793492	6793487	1
1321589	1321386	1
7235641	7235838	1
3749523	3749524	2
4655094	4655093	2
10626964	10626959	1
6110837	8977579	1
653358	653319	1
1501929	5152386	1
5639074	5639073	1
2960839	2960842	1
2883010	2883009	2
10412260	10412259	1
6090330	6090329	1
1756477	1756478	1
7996451	4843659	2
1416389	1416442	1
1474908	1475033	1
1432707	1464451	1
891306	891305	1
1310680	1310698	1
8185309	8185310	1
6441489	6441481	1
12338692	12338691	1
1000656	1000638	1
10271878	10271877	2
587947	588071	1
4067261	4067534	1
7473628	4556689	2
352897	348673	1
5812661	5812664	1
2366891	2366892	1
4375240	4375239	1
2653000	2652999	1
11364781	11364784	1
2893487	2893488	1
6384428	6383830	2
1577740	1577696	1
12647210	12647209	1
2996865	2994752	1
10125628	10125627	2
12130443	12225899	1
3590469	3590470	1
1288453	1288454	1
5525149	5525150	1
168743	167977	1
3767743	3767744	1
11374218	11374215	1
2569135	2558329	1
11044075	11051460	1
9603049	9604533	1
11621683	11621684	1
418493	418494	1
4833376	7947233	1
3899327	3899324	1
7353410	7353938	1
10327585	10327586	1
1115051	1115038	2
10348948	10348947	1
12426193	12426296	1
4279714	4279713	1
8570572	8570286	1
6102354	6102322	2
7024614	7024613	2
7870910	7870909	1
1900990	1900983	1
2311197	2311198	1
11884706	11884705	1
70171	70172	1
12410556	12537398	1
5703647	5703648	1
6663488	6663506	1
5439942	5439986	1
10757732	10757731	2
11873696	11873695	1
11042192	11095485	2
6148069	6148070	2
1656018	1656017	1
11203025	11203066	2
7446253	11145095	1
5464755	5445581	1
10029226	1901276	1
12762420	12762419	1
7051611	7050996	2
2363901	2363902	1
6480091	6480600	1
7185661	7186334	1
8873748	8873747	1
12363899	12393834	3
7550688	7550687	3
1667694	1667693	1
3149648	3149647	2
3634991	3634980	2
11556982	11556954	1
10985684	10985683	1
8370665	8370666	2
7950407	7950410	1
4660285	4660286	1
9164083	9164241	1
11381228	11381227	1
11533844	11533843	1
3313121	3313134	1
7811693	7811694	1
12440280	12440259	1
9094560	9091323	1
12323299	12323300	1
2432826	2432825	3
8008283	8008278	1
4269436	4269435	1
3273196	3273434	1
11665731	6199768	1
6001569	6001404	1
7535499	7535500	1
4382482	4382481	1
9369865	9369866	1
9018639	9018640	1
3072928	3072860	1
4069964	4069982	1
8777184	11405914	1
6755662	6755661	1
3270268	3270267	1
11485325	11485936	1
12802888	12803657	1
2238281	2240157	1
12512990	12512989	2
10226639	10226640	1
12183726	12183921	1
9827988	9827987	1
8331962	8331957	1
751625	750424	1
4050028	4050027	1
12235908	12235907	1
8981397	8981398	1
5138556	5138555	2
6437818	6438059	1
11901286	11893163	1
2367393	2367411	1
11883032	11883031	1
550437	550438	1
9824580	9824579	1
6082531	6056778	1
6093172	6093000	1
2532628	2532636	1
7168296	7168322	1
6930508	6930507	2
8281498	8281491	1
12166193	12162561	1
7228392	7228391	1
7578115	7577150	1
4139201	4139202	1
9714791	9714792	1
1084910	1084909	1
825099	825100	1
306103	306104	4
4340833	4340824	3
1075790	1075787	2
4087126	4087125	1
3189901	3187898	2
1837378	1837377	2
11803980	12434317	1
1045274	1045273	2
11208213	11208214	1
4154116	4154658	1
7755270	7755269	1
8001617	8001620	1
4539706	4539705	2
174099	174100	2
7387214	11188460	1
11759704	11759655	2
2399311	2399312	1
51252	51612	1
1528612	1528611	1
3209256	3210985	1
1359052	9428299	1
1018103	1018104	1
3991889	3991879	1
10031174	10031171	1
614291	614812	2
7545169	7543185	2
11132052	11132049	1
11707331	11707332	1
11664573	7960774	1
1399544	1399557	1
8674386	8674385	1
7734709	7734710	1
4631489	4475672	3
2587114	2587113	2
10703236	10703233	1
8552678	8552677	2
10600319	10600320	1
5662314	11679963	2
5238964	5241390	1
12434133	3356090	1
10620872	10620871	1
12634850	12634840	1
8867782	8867781	1
7817603	7818208	1
10751698	10751697	1
8720802	8721867	1
8890593	8891360	1
244337	271792	1
12521641	12521642	1
7644475	7644460	1
3299098	3299097	1
1210679	1210683	1
11577001	11577002	1
2357371	2357372	1
3531926	3533248	1
3879627	3877277	1
2660321	2660322	1
5519649	5519904	2
7298590	7298472	1
6880401	6880402	1
4548991	4548992	1
2875338	2875337	2
5459910	5459909	1
8561679	8561680	1
4089717	4089712	1
3369965	3368916	1
8947212	8947211	2
8820284	8820269	1
5376710	5376682	1
2674770	2674769	1
1008047	1008048	1
6111352	6112078	2
4941700	4941699	1
2349778	2349773	1
11155086	11154317	1
3043308	3043307	1
5490572	5490571	1
4703287	4703290	1
6816092	9340423	1
10227230	10227235	1
9042834	9043148	1
10052977	9986034	1
1588415	1570490	1
1925220	2213795	1
8965115	9087790	1
4681729	7233139	2
7190909	7191057	2
5172879	5243601	1
153622	153621	1
9805066	9797902	1
9057908	9001597	2
6781468	6781467	1
8579015	8579016	1
11441871	11441872	1
8599142	8599139	1
1652850	1652849	1
3186479	3186480	1
10097146	10097145	3
3476839	3476775	1
10986606	10986605	1
5861790	5861789	1
8102657	8102836	1
437591	437459	1
2851123	2851126	1
12629036	12694958	1
3271934	3271930	1
167809	167810	1
5152277	5152278	3
1122264	1122174	1
1514638	1514624	1
189643	189655	1
8748551	8748383	1
4019094	4019778	1
6052040	6052039	1
1859425	1859426	1
9239259	9239260	2
3964287	3964635	1
8832998	8832997	3
6047431	6047432	1
8743517	8743518	1
11612479	4045041	1
1868968	1868967	1
1993429	1993200	1
2553359	2553360	1
9182943	9185419	1
55112	55111	1
5648191	5648192	2
4571126	4571125	1
2819270	2816171	1
5784579	5784580	1
11642371	11642372	2
7793631	7793632	1
8310256	8310255	1
10903939	658880	1
4145857	4145858	1
8104624	8105655	1
6189427	6189428	1
7984579	7984580	1
6838188	6838187	1
1748682	1740051	2
1033183	1182720	1
10387158	10386935	2
3109523	3109524	1
2304749	2304750	1
5550190	5550189	1
2417536	2417535	2
10277677	10277678	1
5562332	5562331	1
7426683	7426647	1
10079356	10079355	2
4350119	4357667	1
5926682	7773873	1
5059117	5058379	1
10689276	10688303	1
12477672	12477671	1
429951	7112373	1
6658666	6657769	1
6125754	6125753	1
1299523	1299524	1
1182450	1178381	1
1670810	1678547	1
7491234	7491233	1
9090746	9090745	2
9239398	2123588	1
5640926	5640925	2
9993577	9993578	2
8437003	8438844	3
4851456	4851455	1
8201962	8202898	1
2557800	2568877	1
6890824	6887913	1
247004	247171	2
7659861	7659880	1
4112947	9500144	1
7198324	7281223	1
11370578	11370577	1
4740887	4739369	1
8977074	8977073	1
12787608	12787578	1
5213386	5213383	1
8632947	8633224	1
10976755	10976756	1
1357584	1482269	1
4055561	4055564	1
8399891	8399892	2
4198256	7602025	1
4068283	4068335	3
3672618	3672579	1
7579154	7578956	1
1975923	1975924	1
5873388	5873383	1
7951586	7995512	2
1695755	6427057	1
7220353	7220354	1
806424	806423	1
7731199	7812234	2
1663240	1663239	1
10198383	10198384	1
663225	663226	1
7611361	7611728	1
11791663	11792000	2
4445986	4445983	1
3313759	3313670	1
12349137	12349138	1
4828557	4828558	4
7768099	7768100	1
12678427	12678425	1
6751315	6751316	1
10774149	10774152	1
164154	164160	1
2261678	2261473	1
10704409	10704410	1
8643820	8643847	1
7421140	7421129	1
11598212	11598211	1
10370702	10370699	1
11829937	11847172	1
9141983	9142672	1
6531842	6531841	1
10443626	10443625	1
2209287	2209288	2
7913482	7911638	1
10896308	10896282	1
4812983	4812984	1
533873	647336	1
8518003	8518004	2
5901183	5901186	1
10757492	10757491	1
7424164	7425023	1
11918247	11918248	1
7949376	7781278	1
8574509	8574510	1
7705717	7705904	1
3288511	3293323	1
54860	54859	1
6705437	6705388	1
1076445	1076480	2
8456340	8456339	1
9786730	9787345	1
3245718	11317340	3
5121182	5120965	2
2646992	2646977	1
6408104	6408147	1
7888285	7888286	1
1782123	1794753	1
5657561	5657734	2
11682072	11682071	1
46155	46144	1
10189387	10189388	1
4748552	4738110	1
10623209	10623210	1
12038343	12038344	1
7340051	7340052	1
2284226	2284210	1
1501738	1501762	1
6043189	6043925	2
8891364	8891363	1
8674911	8674908	2
11879195	11879182	1
6589208	6588295	1
5702730	5702729	2
1128288	1128287	1
8925184	8924499	1
4131035	4131036	1
7374183	7374184	1
12007539	12007540	1
373430	373492	1
3149257	3149258	1
431952	427949	1
9370414	9370239	1
12574782	7893472	1
11193794	11193857	1
8389166	8390428	1
11661239	11661231	1
6734191	6734192	2
12457846	12442446	1
6727344	6721980	1
172346	278059	1
667534	667533	1
6842511	6842168	1
7336629	7336630	1
9475987	9475988	1
8892524	8892523	1
7184034	7184084	1
7696042	7696041	2
11723762	11723761	1
3721174	3721173	1
8850934	8850933	1
10878543	10878475	1
7215338	7215377	1
4754125	4754245	1
2671797	2671891	2
8058476	8058475	1
5262759	2469059	1
9431960	9434069	2
8754143	8754144	1
5349654	5349651	2
3970193	3970194	1
5983730	5983725	3
12559485	12558780	1
86186	86185	1
11806186	11534409	1
1260787	1260788	1
10903760	10903755	1
3148193	3148194	1
3961032	3961031	1
1203210	1203209	1
5293233	5293234	1
12018792	12020066	1
11073045	11073046	1
4021756	4024352	1
10909679	10909686	1
7034185	348587	1
3396403	3396389	1
4680753	4680762	1
8434313	8434314	2
6738306	6738357	1
12003305	2682240	1
713858	713846	1
11480317	11457722	1
2765217	2765218	1
9543366	9543365	1
3952416	3952392	1
11587746	11435554	1
9505613	9505614	1
6137489	6137490	1
2297438	2297437	1
12392433	12392434	1
673253	673461	2
3985317	3985408	1
7215883	7216010	1
10741416	10741415	1
11892861	11823943	2
3524316	3524315	1
926452	926451	2
103968	103967	1
3930549	3930550	1
3380283	3379487	1
1634355	1634309	1
9427515	9427405	1
954412	948377	1
3865863	3865864	1
3539461	3542483	1
9532767	9532768	1
8625617	8625618	1
972148	972147	1
10829099	10829010	2
2784453	2784454	1
9513039	9513040	1
518063	518064	1
11263373	11263374	1
12381011	12381270	1
10176655	10176631	1
1287553	1287554	1
4055561	4055562	1
10779234	10779233	2
7534113	7534114	1
5354683	5354684	1
11926313	11926314	1
5217271	5217736	1
3753312	3735690	1
4875968	4875967	1
11396001	11396004	1
3548700	3548699	2
5052142	5052139	1
1698247	1698250	1
338686	337227	1
4204792	4204791	1
2734224	2734223	2
8637069	6942348	1
3830033	3830036	1
10218671	10218868	2
7615069	7615072	1
1087257	1087592	1
11940425	11940426	1
1760177	1832749	1
7061093	7061090	1
3365755	3365756	1
6743292	6743291	1
9139990	9139982	1
11481061	8965188	1
2316490	2316489	2
2088073	2088074	2
2156815	2156816	1
11154653	11154654	1
5538300	5539918	1
8875837	8875838	2
6496325	6496326	1
4592998	4593010	1
10799989	10800579	1
8525292	8525280	1
7353530	7353529	1
10066555	10066582	2
4880743	4916419	2
422371	422372	1
812032	812031	1
7897854	7897853	1
3543509	3543592	1
4312284	4312283	2
3555736	3555735	2
2459765	2459378	1
6349024	6350096	1
3022266	3026390	1
4393466	4393700	1
3437943	3438645	2
12311276	12311279	1
6125604	6125613	1
11849169	11849176	1
11762521	11762523	1
1006680	1006796	1
439776	439771	1
2342731	2342732	1
1520987	1520770	3
259795	259796	1
8748352	8748355	1
4111308	4111307	1
7773407	7773408	1
12682023	12682024	1
5120655	5120658	1
5383693	5383499	1
7610671	7530265	1
12404358	12404357	1
10441192	11992036	1
6742511	6742512	1
5399497	5400111	1
8378018	4228203	1
10794671	10794672	1
2827333	2827334	1
6083875	6083876	2
4716863	4715998	1
8553415	7436641	1
823623	823626	1
6014935	6014936	1
4376621	4376622	1
4102220	4102219	1
1223282	1223293	2
8951485	8951486	2
5486609	5486610	1
11189571	11189572	1
2317536	2317533	1
6756568	6770201	1
6793721	6794159	1
9054425	9054426	1
8765316	11371557	1
8875839	8875842	2
1206784	1205358	1
9054377	9054386	1
7279537	7278800	1
310842	310939	1
11339720	11339719	1
2779608	2779510	1
9001365	8998089	1
6052119	6052120	1
7638145	7638146	1
12006186	12006185	1
4633812	4633811	1
11451886	11485935	1
8884910	8884909	1
11891112	11891109	1
11321883	11321914	1
9160844	9166276	1
5047985	10337876	1
5076071	5076072	1
4224911	4224912	1
12385322	12385321	1
4177587	4177559	1
92175	92176	1
4309107	7735304	1
3966413	3966414	1
2531215	2531216	3
11425957	11425961	1
4807825	4807826	1
8562155	8578894	1
5750541	5750542	1
8989786	8678643	1
3909469	3909470	1
10451943	10451944	1
12717921	12717922	2
10717671	10717811	1
10801775	10801776	2
8484145	8484146	1
10302007	10302008	1
6902131	6902132	1
7739507	7739510	1
4681748	4797168	2
4251772	4251771	1
6529171	6529172	1
5943351	5943352	1
3935085	1703674	1
2247557	2247558	2
10271876	10271873	1
1423035	9568058	1
8826228	8826120	1
5239303	5238928	1
6175087	6175088	1
10210373	10210381	1
5621643	5621677	1
10190454	10190453	1
10720590	10718444	1
9431186	9431505	1
4821681	4821682	1
2019754	2019753	1
584369	10888893	1
3151745	3151746	1
6021737	6025936	1
6126867	11829665	1
6021990	6021989	1
1061011	1061012	2
5251	5252	1
6814473	6814474	1
2085666	2085663	1
12237686	12238412	1
634357	634374	1
4815446	4815445	2
8048263	8048264	2
11393795	11393683	1
10711120	10682974	2
7689445	7689446	1
12022824	12022823	1
6803885	6803886	1
10361662	4877448	1
7454469	7454472	1
2440744	2440747	1
10004871	10004872	1
382644	382643	1
1247885	1247886	1
11752893	6127066	1
4856557	4856558	1
5250436	5250440	1
10391893	10391886	2
2859724	2859980	1
11777553	11777754	1
8103189	6284617	1
5299118	5308498	1
7780823	7780892	1
1109498	1109497	1
3526571	3527073	1
2005313	2005314	1
127808	127753	1
10189210	10189209	1
3593590	3593589	1
2251629	2251630	1
8478203	12130112	1
8304274	8304273	1
8420396	8420395	1
1257602	1257351	1
5009694	5010039	1
2310264	2311268	1
3229475	3229486	1
6199296	6199295	1
5660589	5677512	1
11037168	11037184	1
8845048	8836951	1
4637425	4637406	1
9487672	9487736	1
11682559	11682722	1
11551810	11551809	1
8723221	8723222	1
10591740	10591301	1
5766848	5766847	1
1059196	1061162	1
2771471	2771348	1
1773166	1773163	1
7977917	7977918	1
9988078	9988077	1
11438639	11438640	1
12124379	12124380	1
499258	499257	1
2827722	2827923	1
1083663	1084233	1
2698363	2698373	4
4088938	4088956	1
11318492	11318491	1
321177	321180	1
4813557	4813558	1
1718369	1718370	1
3131415	3160246	1
7892564	7892563	1
1075641	1075642	1
11221582	11221579	3
1632178	1632177	1
4799675	4798638	1
4593111	4593062	1
2432824	2432925	3
105715	105734	1
9687694	8663113	1
7875006	7875005	2
50422	64688	1
11804970	11804969	1
6260756	6260807	1
2522716	2522715	1
1015487	1015490	1
1936116	1936115	1
5627508	5627507	3
68770	66660	1
10218009	7840348	1
5528050	5504418	1
3899412	3899591	1
2362093	3975304	1
12769343	12768535	2
1404576	1404575	1
3007800	3007799	1
10449765	3389855	1
10823640	10823636	2
7374335	7374336	1
11667568	11667541	1
1632219	1632226	2
10325181	10325214	1
5434389	5435464	1
2678300	2678244	1
10650524	10650523	1
6032087	6033454	3
6471181	6471879	1
2852994	2851537	1
5189269	5189393	2
7597025	7597251	1
1123130	1123129	1
5477115	5477116	2
8583566	8583565	1
10498133	10498134	3
7032540	7030681	1
6871432	6871431	1
12477374	12477527	1
4023434	4023115	1
11254787	11252918	2
6520095	6520096	1
364035	366889	1
7279578	7279575	1
11196547	11196548	2
5105435	5105357	1
2418840	2418839	1
10342812	10342811	1
322919	322920	1
6381624	6381631	1
8259408	8259407	1
5574308	1739846	1
12023130	12023124	1
6504155	6506810	1
4708791	4708630	2
3705237	3705238	1
5248568	5248567	1
5615719	5615722	1
1927069	1927070	2
5569929	5569753	2
4472149	4471074	1
9969404	9969906	1
9616057	9616060	1
12231991	12232084	1
3485510	3484102	1
10452923	10453024	1
11912638	11912637	1
2742384	2742381	1
5657824	5657910	1
1804340	8909692	2
7271691	11847045	1
3161143	3161070	1
4018249	4018250	1
817275	393267	1
10211635	10213411	1
11174072	11174053	1
10199014	10199013	1
11987775	11987776	1
174938	174937	1
11272935	11272930	1
11709795	11709813	1
1841447	1841444	1
927611	927612	1
9916026	9825685	1
9815660	9821150	1
3476554	3475567	1
6017297	6017298	1
9036329	9036330	1
6031758	6067449	1
4796816	4796815	1
11079685	11080142	1
5748045	5748046	1
11386560	11386569	1
4819495	4819496	1
199834	199839	1
1102354	1102353	1
836275	836276	1
7643585	7643743	1
1212848	1212843	1
12503572	12503571	1
11718070	11718069	1
10679488	10679487	1
7910349	7910350	2
12037705	12038460	2
4261657	4261660	1
3160827	3160828	1
1519489	1519490	1
5152569	5152570	1
203997	203998	1
7292125	7313404	1
10915103	10915104	1
5652994	5652967	1
5664006	5664050	3
11519965	11512531	1
6169958	6169957	1
2685679	2685666	1
3275177	3275191	2
7137649	7137680	1
139900	139899	1
1167583	1167584	1
8378295	8405130	2
5134935	5134936	1
5501082	5501051	3
11808496	11808495	2
5657063	5658364	1
2414162	11294235	1
927022	927253	2
11306124	11306182	1
339177	339178	1
10498135	10498169	2
6430804	6430807	1
12124522	12124564	1
6065541	6065762	1
9634380	9558743	1
5824958	5824955	1
9599480	9596223	1
295049	295052	1
10472816	10472815	1
702043	904702	1
7064259	7064260	2
3212806	3212805	1
11460774	11460895	1
11122115	11122116	1
12345346	12345391	1
5042817	5042818	1
7300921	772712	1
937550	937549	1
6935535	6936284	1
7725714	7725713	1
11575906	11575903	1
3284894	3284893	1
6713512	6711568	2
11806920	12285765	1
8307434	8302083	1
12633206	12633197	1
4663256	4662151	1
6721981	6721984	1
7408271	7408272	2
4552335	4552203	1
11687593	11687594	1
5439980	5439979	2
12635734	12635726	1
10478413	10478414	2
9076147	9076148	1
5444933	5444936	1
12635462	12634977	1
6067391	6066706	1
10439618	10439810	2
5206036	5206035	1
4603007	4603008	3
9162271	7782888	1
9273800	9273803	1
12596614	12596613	1
5399971	5400007	1
11310876	11310875	2
4256603	4256604	1
2853314	2853313	1
7729037	7728980	1
5526856	5526855	1
1321634	1321456	1
10291814	10292909	1
7401660	8573467	1
3964719	3964739	2
764881	772088	1
9995848	9994896	1
7182984	7182983	1
4010924	4010927	1
1025372	1025588	1
6482256	6482255	1
1616875	1616876	1
4024360	4024359	1
7015753	7015754	1
2641245	2641246	3
11328903	11328901	2
1452077	1452078	2
3912249	3912252	1
9118992	9118989	1
335237	333358	1
1759868	6042369	1
10197252	10197249	1
4085754	3914556	1
643815	745738	1
586812	586815	1
3779624	3798815	1
2093290	9997754	1
7384341	7384342	1
9062082	9062079	1
11589904	11589901	1
6846551	6846552	1
11652309	11649086	1
6423762	6423761	1
4169809	4169773	1
4118549	4118550	1
4302764	4302761	3
12248590	12248589	1
6383989	6383990	2
1677399	1677400	1
1601160	1639959	1
2244521	2244522	1
2968869	2860570	1
9493348	9493343	2
5564717	5564718	1
9471703	9470524	2
11186086	11186085	1
12426030	12427114	1
1770078	1770077	1
6379748	6380007	1
2146300	2146299	1
6928332	7226235	1
895332	895280	1
2704610	2704609	1
12522653	12522272	1
9185504	9185503	1
1612181	1612157	1
7631981	7632030	1
4740272	4740271	1
7757542	7750009	1
5045945	5045946	1
4876751	10374122	1
9494976	9494975	2
10263469	10263451	1
3211479	3211482	1
5942372	5942371	1
542260	542273	2
12513578	12513575	1
3090604	3090587	2
12232494	12232507	1
5267041	5267042	1
11656435	11656436	1
12265027	12255463	1
11055558	11055557	2
1353357	1357217	1
8384273	8531793	1
7942322	7942593	1
6122559	6122560	1
428057	431907	2
2040198	2041609	1
10283431	10283432	1
11395935	11395938	1
1910073	2203175	1
4017934	4017186	1
3105255	3107137	1
11968132	12230887	1
4003933	4003934	1
8579006	8579005	1
2499309	2498974	1
7879583	7879099	1
12432357	4681108	1
1942941	1942942	1
7880422	7880611	1
8609413	8610195	1
10539292	10475209	1
10410799	10410939	1
7162698	7162697	1
11713229	11713040	1
7530983	7530984	1
4814938	4814937	1
1505307	1505308	1
11903364	11560686	2
3913298	3913063	1
12730514	12730513	1
7826048	7826043	1
2991283	2991284	2
2229213	2229260	1
3863249	1607944	1
10698297	10698298	1
1180111	1180112	2
6167958	6167957	1
3495433	2657198	1
6002841	6002875	1
12801031	12801032	1
10386445	10388022	1
1734860	1734859	1
1758286	1758285	2
1638032	1638031	1
7848620	7848619	1
3976391	3976394	2
10873192	278854	1
7810647	7810648	1
44893	45473	1
2023264	2023263	1
4049344	4049343	1
8952172	8952171	2
1459359	1459360	2
8785628	8785627	1
4339618	4340324	1
10532759	10532760	1
5008452	5008451	1
11468278	11460887	1
656916	656907	1
27682	22250	1
10828418	7579214	1
3771682	3771681	1
6519840	6520437	1
10828372	10828371	1
8922611	11286347	2
1107936	1107940	1
11137027	11137028	1
12800607	12800608	1
5308830	5308829	1
5743580	5743577	1
2278077	10215280	1
11752155	1116484	3
10292683	10292686	1
11528940	11528978	1
1142585	1142586	1
11903558	11804237	1
12528912	12528911	1
11395933	11395934	1
9965618	9965617	1
3509358	3509357	2
9843906	9843468	1
11848703	11848721	1
7450717	7450680	1
11428378	11427374	1
9131489	9131505	1
11129134	11129129	1
6791971	6791972	1
1212007	1212648	1
1186125	1186126	2
1571773	1571776	1
11286780	11286782	1
4183054	4183053	1
9761912	9761911	2
4266901	4266902	1
8407820	8407819	1
5360372	5210403	2
6251803	6251804	1
5004839	5004840	1
10640334	10640333	1
9430326	9430325	1
6096304	6096502	1
12640323	12640324	1
4374282	4790913	1
2275286	2275285	1
6637948	6637947	1
9518289	9518366	1
4424511	4424518	1
11915028	11707875	1
10534199	11792320	1
12320368	12320367	2
243491	243486	1
12558894	12558893	1
8334755	8523453	1
1705035	1705036	3
1096264	1096256	1
10213246	5088118	1
207347	207483	1
10190913	10191604	1
1165105	1165108	1
4708632	4578545	2
9870694	9870693	1
3835258	3786617	1
7201844	7013719	1
9834544	9834543	1
12724130	12724129	1
11648502	11648501	2
11985992	11983327	1
3998022	12459865	1
4236270	11665856	3
8714140	8714139	1
12223362	12223361	1
6415766	6412716	1
11610671	11610674	1
3233523	3233524	1
8110217	8110218	1
2672187	2672957	1
8005351	8005352	1
5977830	5978201	1
11551443	11549715	1
7280878	7280885	1
8876266	8876559	3
4088469	4088470	1
345162	345125	1
10191013	10191004	1
12159868	9078601	1
12726936	12726935	1
2694941	2694927	1
12243006	12242867	1
6687228	6688750	3
2660317	2660318	1
6222056	6221972	1
4829310	4829742	1
12251249	12251250	1
305596	305580	1
275891	275892	1
9664337	9664338	1
12566241	12732724	4
6901739	6901740	1
10764470	10764469	1
1471963	1471964	1
2907431	2907854	1
3610877	3610786	2
10335495	10335510	1
10368487	10368488	1
8337917	8337934	1
8534838	8534648	1
812583	810238	1
6354168	6354167	2
11285451	11284674	2
722533	722700	2
970635	970636	1
2005008	2005011	1
7801627	7801628	1
7584194	7584193	1
4605245	4417530	1
7848951	7848954	2
11296381	11296398	1
2282001	2282002	1
4268385	4268386	1
142330	122555	1
9061242	9061230	4
796908	796913	1
7115334	7115333	1
8033998	5268556	3
3287295	3287296	1
9477581	9477586	1
6866148	126604	1
8627862	8627861	1
4675450	4675449	1
11886948	11894673	1
1565053	1551553	1
4300088	4300097	1
6187115	9079382	1
9751480	9772172	1
4510942	4510941	1
8602604	8602603	1
2786224	2786223	1
6729265	6729266	1
4841757	4841748	1
5066622	4993441	1
1292993	1292994	2
143460	143459	1
7136570	7352578	2
7020589	3294160	2
10902148	655809	1
4580263	4580264	1
10508827	10508828	1
1779896	1778065	1
1085999	1086135	1
1132774	1132703	1
6330837	6330841	2
11443504	11443359	1
10311178	10311187	1
11023461	11028887	1
3441891	3441892	1
5769918	5765847	1
6683693	6804840	1
3953225	3953226	1
12494783	12494784	1
5638534	5638504	1
12051023	12051024	1
12605353	12605354	1
6966222	8983889	1
9577966	9577965	1
4650077	4650078	1
8950698	8950697	1
885991	885992	1
3968692	3968631	1
6394341	6394342	2
7973297	7973192	1
11533942	11533971	1
11582140	11582139	1
7220242	10285503	1
6224600	6224769	1
10879530	10879529	1
658736	659320	1
1754361	1754362	1
10673925	10735665	1
10031310	10031309	1
12272818	12277726	2
9773446	9773445	2
1398479	1398480	2
6535058	6535139	1
8906212	8906211	1
3559591	3559592	1
105504	314327	1
3698181	3698182	1
8873331	8873332	1
9110939	9110940	1
2350195	2350108	1
620090	620089	1
8518663	8518664	1
10508829	10508832	1
4116000	4116173	1
3168347	3168350	1
5972197	5962934	2
8702449	8702450	1
5489361	5489369	1
2149734	2149713	1
11853388	11788258	1
5442025	5442026	1
11409707	11409708	1
6520654	6519828	1
89199	89202	2
11414274	11422713	1
11080559	11080560	1
11602981	11602982	1
3976072	3976081	1
6483172	6483308	1
3698271	3698272	1
2950534	2950533	1
3144021	3144008	2
4491427	4480771	1
688181	688182	1
6443126	6443125	1
131048	131047	1
7710228	7882987	1
7073966	7073965	1
3906122	3906121	1
3508806	3508804	2
358871	358872	1
7517953	7517954	2
7632828	7632825	1
10906741	10906742	1
6538103	6538104	1
12149285	12149286	2
11216476	11216482	1
352907	349576	1
5522279	5522280	4
5689379	5748222	1
8055280	8055256	1
9541748	9542807	1
6018160	6017742	1
10277478	10277477	1
8477696	8477693	1
11877277	11877278	3
10504260	10504259	1
11528296	12610842	1
2837739	5514605	1
1544193	1544194	1
9452275	9452276	1
9436154	9436289	1
2628111	2628327	1
2786349	2786350	1
3450597	3450598	1
3136402	3136401	1
2353535	2353536	1
9586001	9586002	1
12402706	12402705	1
9192889	9192890	1
2702485	2697642	1
4531104	4548806	1
11114448	11114325	1
7640846	7639005	1
7835833	7835834	1
8819262	8819218	1
4104622	4104619	1
11319703	11319706	1
795582	795579	1
10964689	10964690	1
7808049	7808050	2
7821909	7821910	1
10820038	10820037	1
11214801	11215295	1
9685262	9685261	1
9130558	9130551	1
9513548	9513945	1
5907665	5907666	1
10943944	10943939	1
2743001	2743049	1
1854841	1854842	1
12412672	12409446	1
7858092	7858819	1
199799	199800	1
8686311	8688635	1
7226988	7226987	1
2541041	2541042	1
5184289	5184293	1
2813154	2813153	1
11312666	11312665	1
8952823	8952266	1
4678629	12695971	1
10351130	10351129	1
1310682	1310681	1
892895	887271	1
10147761	11681962	2
1089341	1089342	1
11341232	11341221	1
4596913	4591938	1
4823969	4823970	1
8217347	8217577	1
9368320	9368226	1
5653020	5653019	1
765976	768875	1
7844121	7485107	1
4575668	4693755	1
10311233	10309325	1
10927526	10927525	1
3080874	3089337	1
837357	837358	2
10532446	10472476	1
6018746	6018745	1
4925232	4925231	1
4673589	4673592	1
1864737	1864738	1
11394338	11394337	2
8632482	8633169	1
11395984	11395983	1
908402	908421	1
6602744	9804982	1
8900347	8900348	1
1076673	1076347	1
3005060	3005059	2
2450619	2450620	2
5196810	5196809	1
10337960	10337959	2
12482287	3054312	1
11980922	11980921	2
3520753	3520756	1
3084538	3084328	1
12162074	12162073	1
10121393	10121394	1
8017575	8017853	1
9690831	9692019	2
2804476	2715785	1
7723370	7723161	1
795898	793896	1
1327199	1327200	2
2319410	2319409	1
4851759	7974994	1
1123242	1123241	1
9248049	9248956	1
8638071	8647104	2
8380340	8440207	1
11269670	11267102	1
871693	871393	1
10294321	10294336	1
1335079	1335080	1
4119532	4119517	1
9087141	9087142	1
12488132	12488203	1
11402328	11402181	1
1475030	1475029	1
11999027	11999025	1
12369958	12368111	1
189666	189665	2
1133841	1131645	1
889539	889544	2
6687440	6687437	1
6604036	6613943	1
12662678	12662677	1
5675096	5675438	1
2376617	2376620	1
12366685	12366822	1
12053875	12053876	2
5714848	5714853	1
9985347	3668558	1
11160204	11160201	1
11186378	11186377	2
9716733	9716734	1
11177377	11177378	1
4936354	4936353	1
6564885	6564871	1
7104434	7104373	1
6311840	6312799	1
6563877	6563836	1
596188	596359	1
10681843	10681844	1
2206969	2206970	1
1095222	1095219	1
10514086	10514319	1
7377250	7377429	1
7744870	7744869	1
10474804	10474839	1
8231480	8288462	1
12328377	12328378	2
7920316	7921652	1
5153447	5153460	2
7912523	7913253	1
8531804	8531766	1
3412318	3412381	1
6804846	6804843	1
7694104	7694103	1
4830994	4831271	1
6309126	6309125	1
11721016	11721015	2
2522277	2522278	2
9348926	9348925	1
1284695	1284696	1
5757531	5757532	1
11461022	2832481	1
5805684	5805683	1
5690737	5691217	1
6977359	6972083	1
12037235	8472628	1
1825915	1824477	1
10614339	10614340	1
5993466	5992999	1
4676877	4786819	1
8755444	8755443	1
8185206	8185205	2
4347458	4347453	1
9834200	9834199	2
372304	374020	1
7610591	7610592	1
8574716	8574860	1
10340781	10340782	1
9871530	9869060	1
3481556	3481424	1
6791333	6792232	2
5488754	5488757	1
11545999	11546000	1
12120230	12258625	1
10896081	10893576	1
12466119	12467501	1
895650	895748	1
134220	134219	1
1264254	899818	1
1234895	1236043	1
1296421	1296422	1
6781428	6781526	1
3476124	3475969	1
8828246	8827565	1
5164030	5164055	1
5489351	5489352	1
3821284	3822304	1
2964434	2968033	1
3533221	3533222	2
4048573	4048574	1
946885	946886	1
5591343	5591917	1
8967557	8967558	2
6945974	6945973	1
1152980	1153159	1
5699204	5699201	1
3143999	3144000	2
3314450	3314449	1
4157366	4157365	1
3953628	3953625	1
8783293	8783294	1
11400714	11399019	2
5890715	6723098	1
6044560	4750022	1
8285862	8284145	1
7178795	7178850	1
10302411	10302731	2
8984884	8984920	1
5797979	5731894	1
5937375	5937347	1
9369218	9369217	1
8214861	8214864	1
1446144	1446143	1
5433013	5432987	2
9143966	9150145	1
795486	795345	1
9554167	9554168	1
6604468	6604467	1
3275684	8928114	1
1959526	1959547	1
11568771	11568782	1
11501833	11501834	1
9808543	9808544	2
11762025	11762026	1
10171426	10171439	1
1500650	1500649	1
10876942	10877492	3
8849340	6998402	1
8939546	8939545	1
5428955	5428956	1
9693425	9693426	1
4212544	4177971	1
1401118	1401256	1
2170823	10011701	1
10582501	10580933	2
7476396	7476339	1
2157768	2157765	2
405845	405848	1
10828991	10828992	1
6816020	6816019	2
3034726	3034723	1
10316075	10315910	1
5492752	5492344	1
350387	350388	2
10837711	10837712	1
9715666	9716285	1
1561272	1561898	1
8558413	8558414	1
2404367	2404368	1
7533705	7533706	1
9829334	9829333	1
7404799	7404800	1
2157774	2146301	1
360046	7188513	2
6122572	6122571	1
1524631	1524683	1
9523356	9523355	1
11252040	11252039	1
1572792	1572791	2
5236070	5235950	1
4134898	4135316	1
10056203	10056204	2
5772158	5772157	1
12461564	12461939	1
11351351	11353171	1
2971105	2974999	2
7001652	7001651	2
6687892	6687889	1
11516032	11516044	1
103272	108841	2
4664530	4664529	1
5196249	5196250	2
8149954	8085032	1
251354	244900	1
10054345	10054346	1
1313056	1313055	2
12524019	12524020	1
8735602	8735601	1
11398620	8779674	1
4010046	4012304	1
3241557	3241558	1
11702286	11702285	3
5515421	5515426	1
6007995	6006525	2
6531988	6532123	1
9160175	9160178	2
4067272	3925285	1
12269648	12269647	1
5954806	5957506	1
1981981	1984905	2
9339221	9339222	1
4879000	4876959	1
9196197	9194411	1
6458539	6458540	1
4038546	4038545	1
7802231	7801687	2
12120604	12120714	1
8515911	739080	1
3907580	3907579	1
9260823	9260824	1
10678486	10678485	1
4540813	4540814	1
6148840	6148854	1
5536144	5536143	1
12148878	4368270	1
2352571	2352574	2
11332795	11332796	1
4581268	4581294	1
4025981	4025986	1
1862568	1862575	1
4350820	4350819	1
6310026	6310025	1
11396099	11396100	1
2525557	2525590	1
3664822	3664821	1
5452827	5453123	1
640990	9782161	1
2229997	4051113	1
11363692	11363691	1
10966551	10966552	1
11531022	5676568	1
4235706	4235705	1
11535792	11535832	1
5695572	5695571	1
11429601	11429602	1
5013857	7866620	1
8966477	8966475	1
839610	655445	1
6579939	6579940	1
10906694	10906693	2
3960541	3962540	1
12462224	12462223	1
6177125	6177126	1
9981431	9981490	1
11680312	11680311	1
9183999	1956431	1
10199597	10202266	1
11533620	11533619	1
5629793	5629794	1
11363892	11363891	1
3288254	3288253	1
10506408	10506407	1
807544	809541	1
4444070	4444558	1
11525212	11525221	1
12507456	12507459	1
3501544	3501506	3
6051769	6051770	1
2298160	2298159	1
7920656	7920344	1
1756808	1757616	1
7729273	7729325	1
11041725	11079026	1
2103953	2103954	1
11485971	11463641	1
10878541	10878542	1
5517236	5516607	1
3322533	3320768	1
7191054	7191053	3
1110204	1110201	1
8806674	8802211	1
6753960	5504647	1
1140436	1140435	1
4530291	4530278	1
10789491	10789492	2
12748515	12748518	1
11628632	11628651	1
1053429	1053430	2
11445715	12421833	1
7911376	7911375	1
2615532	2615531	1
11580992	11580991	1
7184715	7183841	1
3502309	3502312	1
7608339	7608340	1
9160251	9160252	1
4345848	4345913	1
9167327	9167328	1
496740	496781	1
3530889	3530890	1
6737762	6737749	1
1745113	1745114	2
642899	642842	4
10171378	10171377	1
8825195	8825196	1
7593997	7593050	1
5663729	5663730	1
1108635	1108638	1
4296475	4296468	1
9180747	9180794	1
10268735	10268736	2
342673	342674	1
8296258	8026761	1
12201247	12187382	1
2549721	2549722	2
9329303	9329583	1
6128209	6127601	1
9471611	9471612	1
12793469	12793470	1
8438717	8438728	1
4648020	4648019	2
6439890	6440180	3
4904576	4904635	1
8627248	8627481	1
5936033	5936034	1
11388341	11388342	1
7805258	7804797	1
11395526	11395525	1
347054	347053	1
2846863	4070472	1
7999613	7999614	1
12036947	12036975	1
5971384	5971341	1
3230599	3230600	1
12800609	12800610	1
1050240	1017500	1
3148778	3148194	2
4017938	4017937	1
6945274	6946436	1
8726041	8726042	1
7775311	7775312	1
7446287	7446288	1
12477920	12478073	1
1545975	1545982	1
4136633	4136634	1
1263130	1263129	1
11908795	11805139	1
2315528	2315525	1
11633961	11633962	1
3545640	9309280	1
11959123	11959124	1
5182308	5182307	1
2467176	5880003	1
1057802	1057774	1
652710	652691	3
11671894	11671923	1
7095146	7085401	1
10197535	10197536	1
1058074	1058073	1
2104035	2104117	1
1299995	1299993	1
7949318	7948972	1
12303550	12303549	2
8800762	8800761	1
3595141	3595142	1
1270232	1270231	1
370568	370996	1
651374	653394	1
8185204	8185217	1
3386289	3386423	1
11333204	11333203	1
4465237	4467024	1
9113438	9113437	3
2148600	2148597	2
9954331	9954458	2
10063480	10063477	1
9964389	9964390	1
9888625	9888626	1
10795029	10795030	1
11666381	6200496	1
12386730	12368133	1
4278467	4278468	2
11003040	11002971	1
823052	823168	1
10865617	1058395	1
10270375	10270438	1
9853324	9854263	1
5193826	5195551	1
652027	651787	1
8755193	8755194	1
6169724	6169723	1
8869673	12225405	1
6643548	6799604	3
135956	136047	1
1417663	1416981	1
4602503	4602504	1
11817954	11817953	1
12626985	12627111	1
2161319	2161320	1
11239669	12679623	1
6637294	6637376	2
5391883	5391971	1
12269159	12185572	3
3247585	3247586	1
3424787	3424788	1
5674129	4562255	1
6692826	6692821	1
684194	684193	1
4404344	4404343	1
2121793	2122111	1
5244128	5244127	1
11404711	11405008	2
3136131	11621601	1
2896204	2896203	1
8859234	8859258	1
9838573	9838578	1
6744059	6744976	1
10225842	10226638	1
5570680	5571012	1
10343156	10343155	1
4581166	4581174	1
3107207	3107208	1
6205106	6205105	1
12770431	12770432	1
1097375	1083674	1
4086110	4086109	1
4299800	4300078	1
1712839	1712840	1
11371439	8983937	1
1301364	1301931	1
7024335	7024336	1
5991633	5991694	1
12721057	12721058	1
12501323	12501324	1
4054914	4054774	1
3593668	3593831	2
10036353	10036354	1
5542848	5542875	1
660802	10905258	1
6120678	6120677	2
597864	597863	1
2404006	2404010	1
370342	7294126	2
12522953	12522898	1
684293	683692	1
6522837	6522774	1
4513020	4513019	1
9812737	9812738	1
520387	525996	1
8409968	8408694	1
2993322	2993321	2
11120574	10902299	1
12017762	12029095	1
12752449	12752450	1
6748935	6748936	1
11070912	11070911	1
11113250	11113249	1
9703646	9703645	1
12747261	12748538	1
10294357	7988817	1
8478201	8478202	1
10333507	10333508	2
6009326	6009325	1
8308955	8308956	1
12030940	12030939	1
5117551	5117547	1
8402279	8402280	2
8526120	8525983	1
8150397	8150485	1
9274437	9274438	1
12186488	12186487	1
8189957	8189958	2
11582748	11960265	3
11384171	11384172	2
12600151	12594652	3
11051716	11051702	1
11834011	11759478	1
7593091	7593092	1
2272474	2272471	1
11721561	11721562	1
12401120	12401119	2
1044197	1044198	1
1571185	1571186	1
957100	7439044	1
6678934	6678933	1
1983978	1983711	1
6777931	6206176	1
1581034	1581033	2
5923486	5923483	1
7813374	7812320	1
3193037	3193038	1
12362214	12362213	1
399466	613575	1
2819070	2819069	1
6516461	6516462	1
11341504	11341503	1
11876316	11876195	1
5207428	5207425	1
11324359	2895220	1
46735	46736	1
2960481	2960254	1
8636754	8636747	2
10631166	10633883	1
3088364	3088363	2
2481260	2481337	1
8570574	8570573	2
2825660	2825659	1
11514064	11514063	1
2496724	2495840	1
8539326	8539325	1
4014926	4015590	1
5284046	5284045	1
11689150	11689149	1
12435637	12435630	2
1472544	1472543	2
478170	477163	1
9617930	9617916	1
756566	756565	1
7756982	7749467	1
11874840	11874839	1
5381128	5381127	2
8959178	8959177	1
7279368	7279465	1
522052	522199	1
11370576	11370575	1
12636746	12636745	1
5117366	5117361	1
9335799	9335800	1
1927091	1928532	2
4286245	4286248	2
4692996	4693637	1
1047313	1047314	1
3922540	3922508	1
4753136	4753135	1
10653434	10651898	1
10273036	10273035	1
8547344	8547343	1
9580063	9580067	1
6889935	8193246	1
4947313	4947314	1
3368648	3368670	1
6002876	6002875	1
11490923	11490924	1
8714598	8714597	1
10419749	10419752	1
4799033	4799034	1
6553180	6553179	1
11555963	11554479	1
12433666	12366928	1
2882208	2882211	1
4695425	4262050	1
11371823	11371824	1
12240816	12240815	1
5407332	5407331	1
5530504	5530503	1
5294334	5294333	1
7470815	4351497	1
5197944	5197943	2
3796929	3796930	1
9483749	9483683	1
10647050	10647049	1
7032347	7030525	1
6861079	6861080	1
12798339	12797028	1
3516629	3516630	4
7925405	7930447	1
8205408	6892022	2
5779755	5779756	1
5790955	5790960	1
10066359	10066353	1
12269931	12269951	1
3931044	3931041	1
12527296	12519445	1
6458243	6458256	1
7738969	7738970	1
5651942	5650995	1
4587808	4587794	1
386852	386824	1
9294742	9294773	1
8206441	8206442	1
3821537	3821538	1
2470851	2470852	2
307499	307577	2
3752567	3542462	1
11701600	11701599	1
1793342	1793341	1
10716965	10716641	1
8804095	8804076	2
2163760	2164503	1
9262825	9262828	1
5577570	5578609	1
3959842	3959841	1
7620833	7620834	1
11037225	11037226	1
7222606	7222272	1
4437981	10813262	1
1577782	1577724	1
3635445	3635448	1
12698650	12691522	1
10005233	2105616	1
6593527	6593528	2
5551479	5551432	1
12336570	12254648	2
351482	351470	1
350643	682186	1
8993193	12205571	1
9721696	9721695	1
9820339	9814753	1
2168760	2168759	1
743684	743726	1
1926066	1870479	1
4121335	4122250	1
11064075	11057123	1
7626932	7626945	1
8370311	8370312	1
11205328	11205361	1
4019642	4019706	1
6813379	6813380	1
12478072	12478071	1
925670	925669	1
6154486	6154262	2
7280878	7280883	1
3116049	3113692	1
3970611	3970612	1
3732381	3732522	1
9448554	9448516	1
9850668	9850641	1
1212512	1387252	1
3309603	3309604	1
1763163	1763164	2
12225722	8202357	1
6794575	6794501	1
1183740	1183739	1
2831186	2831185	2
6295353	6295354	1
1036970	1036835	1
8776834	8779693	1
9132946	11912761	1
10998337	10998389	1
10430827	10427995	1
68311	68312	1
11723502	11725220	1
3563868	3563926	1
4752859	4752860	1
6417709	6417689	1
5004308	5004297	1
7452005	7452010	1
8363301	8363302	1
11561054	6149064	1
517910	518122	2
11032137	10830283	1
9351095	9349273	1
7792382	7792381	1
10153341	8184730	2
7006275	4691701	1
3911302	3911301	1
6711026	6711030	1
952536	953255	1
12149475	12149476	1
944151	944152	2
10511929	10511930	1
1094539	1094540	2
846312	846829	2
10770070	5627158	1
2907478	2907477	1
5956463	5956464	1
10503506	10503505	1
1101672	1101052	1
7775956	7775955	1
8865519	8864834	1
1613390	1613177	1
10915094	10915093	1
4826132	4827434	1
7985733	7985734	1
5260571	5260572	1
10384404	10384403	1
6483194	1297611	1
1594104	1594308	1
11321393	9093842	1
3361603	3362322	1
10516032	10517167	1
9095233	9095234	1
9240958	9240272	1
10384166	10384165	1
982279	982280	1
6631944	6631943	2
2962593	2962594	1
1509294	1509293	2
8313267	8313268	1
11848341	11848343	1
5292285	5292286	2
9797697	9797948	1
1734902	1734817	1
6293160	6293159	1
10078571	10078572	1
97273	97274	1
55577	55578	1
12661712	12661711	1
436124	436123	1
12683927	12683928	1
9142487	7343820	1
12452505	12452508	1
11153948	11153945	1
11591241	11591242	1
4272065	4272066	1
10537920	10537753	1
521761	521762	2
12325430	12325429	2
7428920	7428913	1
2994406	2994405	1
11434864	11433046	2
5448095	5447503	1
6048189	6048212	1
12520466	12520567	1
2377352	2378574	1
8379017	8379018	1
11580922	11580921	1
5002270	4995067	1
1644590	1644589	1
9714769	9715722	4
842704	842626	1
10181076	10180752	1
2233224	2233221	1
856358	856357	1
9051689	9051715	1
12396569	12396570	1
8552795	8552796	1
4590921	4590922	1
6905678	6905836	1
5136057	5136058	1
10311065	10311066	2
4185433	4185434	1
10393844	10393843	2
5264007	5264010	1
1571483	1571484	1
6009890	6009480	1
6759236	6759891	1
2572408	2572186	1
11595326	11420207	1
3798595	3798596	1
3990117	3990118	2
593972	593971	1
11288456	11286213	1
10084264	10484051	1
4277543	6834138	1
3717386	3717383	1
860762	860777	1
1135061	1135062	1
7422947	7422948	1
1930229	1930230	1
8895657	8895541	1
4084828	4084827	1
6540858	6540861	1
8828274	8828210	1
202227	202228	1
2557364	2557363	1
11042513	11042274	1
10084744	10085100	1
10980206	10980205	1
4588749	4588750	1
1113618	1121565	1
12800561	12800606	2
9078404	8973199	2
4516942	4516891	1
5926684	5926683	1
4596470	4596472	2
7567242	7561947	3
10193452	10193449	1
11769175	11769178	1
1447436	1447435	1
7195061	7195049	1
11080227	11112826	1
7262415	7262410	1
5551861	5552874	1
3108936	3108943	1
12189036	12201381	1
1050174	1050173	1
10352544	10351870	1
1379726	1379725	1
11604583	11964601	1
2909858	2974605	1
10244682	10244877	1
7529488	7529487	2
7460860	7460909	1
11612694	11612351	1
1538314	1537824	1
2243959	2243950	1
8529704	8529702	1
8979184	11472330	2
452290	452289	1
7588463	7588464	1
4110493	4110466	1
200655	200842	1
6037434	6038317	2
10387746	10484871	1
9266223	9266228	1
3903217	3903157	1
282792	282791	1
6847831	6848816	1
7514541	7514544	1
1183543	1183544	2
4268887	4272804	1
11756664	11743201	2
8862311	8862587	2
8970054	8970049	1
36258	36257	1
1776912	1776887	2
8093842	2699955	1
9185595	9185596	1
258265	258216	2
2514757	2514758	1
6642147	6642148	1
5350660	5350657	1
3481849	992029	1
991805	991806	1
6770196	6756543	1
11885948	11885764	1
11877208	11877190	1
3907479	3907480	1
10903194	11086201	1
6926993	6926994	1
8305156	8305155	1
5456	5146	1
11988271	11989866	1
9674311	9674312	1
5457850	5456770	1
11260943	11260944	1
12306396	12306395	1
8231232	8231562	2
5841847	6019138	1
12213010	12228778	1
649240	7151556	1
5504571	5504572	1
2009743	2009744	1
12292193	12292214	1
2281057	2281058	1
7548361	7548362	1
11578666	11578665	1
5371784	5372055	1
5350629	5350630	1
6189390	6193973	1
11845378	11855170	1
12782582	12782581	2
11087231	11087234	1
12275913	12360395	2
10758109	10758073	1
4101693	4101469	1
3311103	7948277	1
7496928	7496927	1
6662795	6662905	1
12365506	12286521	2
10310547	10310548	1
6544311	6555598	1
8785913	8785569	1
7240350	7239325	1
8182159	8181929	1
1346082	1342028	1
9103787	9103715	1
10266189	10266190	2
925711	924875	2
10747720	10747719	1
4936473	4936030	1
4085102	4106739	1
11927173	11927171	1
4946027	1382283	1
7723647	7723648	1
701415	701416	1
7538531	7538775	1
2001427	2001302	1
8089516	8089515	2
3511785	3507411	1
7384632	7384429	2
8329694	8329696	1
7570413	7569272	1
8456361	8456362	1
9684087	9684088	1
9499247	9499248	1
4146820	4146819	2
6029658	6029657	1
11827665	11827828	1
8576177	8576228	1
880135	880138	1
690894	690893	1
6458608	6457809	1
10711563	10711564	1
9853761	9853434	1
646555	646558	1
11567309	11567117	1
11909685	11909686	1
1697719	1700777	2
11131837	11131838	3
2655710	2655709	2
4237339	4237340	1
5769920	5765847	1
8793480	8793479	1
6857173	6857213	1
4827639	4827640	2
1596223	1597908	1
383969	384809	1
9087634	9313681	1
10909681	10909682	1
3323243	10702359	1
1050508	1050507	1
2467912	2468381	1
8835834	8835837	1
2614707	2614663	1
11959137	11959140	1
6798259	6798260	1
891090	891100	1
7057120	7056981	1
11203071	11203072	1
1525651	1371834	1
12652991	12203514	1
10614423	10606851	1
11412491	11412262	1
8824694	8880258	1
12604675	12604876	1
1103056	1103055	1
2002695	1071404	1
4309014	7449863	1
5430764	5431575	1
12369111	12368795	2
7172774	7172773	1
112412	112411	1
11400213	11400214	2
25492	25507	1
9308889	9308899	1
3704682	3593739	2
10771878	10771877	2
2251575	2251576	1
7201282	7202133	1
1356642	7246949	1
12030127	12030128	1
1304441	1304442	1
2474414	2474413	1
10998339	10998389	1
1199671	1199666	1
4517237	4516941	1
11193698	11194477	2
4689314	4689317	1
5374940	5374980	1
9352727	9352730	1
6069877	6073643	1
3904338	3904337	1
9072743	9072744	2
2393430	2393429	1
9896302	9893786	1
9121480	9121479	2
8291464	9598194	1
9685625	9685626	1
12663360	12663359	1
12421183	9172595	1
6432473	6432453	1
2066385	2066386	1
8516422	8516419	1
10374478	10360519	1
3575388	3575387	1
8850678	8850677	1
7014118	6877948	3
3240202	3242431	1
3477212	3477772	1
10872664	9476484	1
2180643	2180644	1
10041564	10041563	1
10779120	10779119	1
3300625	3300626	1
3602193	3602194	2
2671713	2671716	1
11460740	11460739	1
4310027	4310028	1
8275007	8275010	1
4373127	4373128	1
3641808	3641807	2
6922810	6922807	2
8315136	8315104	1
4566158	4565404	1
856356	4792615	1
8713578	8713577	1
8952982	8952469	1
1589155	1588638	1
9478529	9478578	1
1300296	1299546	1
7872877	7872878	2
8254736	8248871	2
306184	306183	1
7203679	7203680	1
10244247	10244248	1
8863221	8863324	1
1580085	1579954	1
7820336	7820673	1
10417305	10416211	1
11290862	11295588	1
12150277	12150331	1
6137109	11501832	1
4955303	4955304	1
6999599	7000027	1
6137917	6149527	1
3015299	3015300	1
3693713	11537412	1
9097427	9097382	1
4064863	4064905	1
3965904	3522869	1
9555679	9555396	1
5289535	5289536	2
1956671	1956805	2
2903451	11337895	1
8362495	8362843	1
10233794	10233793	1
6199109	6199110	1
3066870	3066869	1
11333835	11333822	1
9582851	11402913	1
10284760	10278832	1
4155991	4156165	1
3246646	3246827	1
3202518	3202517	1
315135	315136	1
2105843	2105844	1
2370679	2370680	1
11826770	11827131	1
9594745	9602974	1
5676819	4350489	1
7692638	7692637	1
2770627	2770630	1
4185898	4185895	1
12609569	12609570	1
6758216	6758239	1
12391976	12391975	1
11506655	11497703	1
9240118	9240117	1
1112035	1112205	1
7029872	7029875	1
196689	196690	1
1447334	1447333	1
7728338	7728326	1
2760767	2760832	1
2470771	2470772	1
11329068	11329238	1
5677614	5677608	1
12228352	12228351	1
4530607	4530608	1
10081294	10081293	1
9624061	9624062	1
2586794	167170	1
1765733	1765734	1
3537979	3537980	1
9246364	9246363	1
662530	662227	1
1882852	2033697	2
11766970	11767177	1
11613976	12239090	1
1767558	1767479	1
5211617	5211618	1
5206016	5089983	1
6290447	6562938	1
416970	163103	1
9995941	9995942	1
6656533	6660068	1
6716375	6716376	1
2106476	2106508	1
10311748	10311849	1
9502549	9503972	1
11316460	3254580	1
4104472	8022423	3
1704614	1704358	1
11903525	12472993	1
3694311	3694312	2
3412380	3412379	1
2226544	2226502	1
5280768	5280758	1
7491930	7491929	1
4054332	3980486	1
8056434	8056425	1
12338358	12338352	1
1368953	1368954	1
7221871	7221908	1
1121745	1119979	1
11446261	12428285	1
12198079	12197143	1
7701716	7701715	1
7136858	7136861	1
9339223	9339209	1
11022596	11022514	2
5215239	5215240	1
11296965	11296968	1
7156081	7156088	1
6166807	6166808	1
6468870	6726904	2
7255262	7255261	1
3513595	3513564	1
2530594	2599873	1
8765178	8765177	1
2450621	2450622	1
6543423	6552594	1
8239267	8240100	1
12328436	12328376	1
8402281	8402284	2
6992280	6990276	1
1876396	1876395	1
10084602	10086976	1
8073497	8073347	1
12264811	12264812	1
4833176	4833143	1
1386194	1386193	1
9826246	9826255	1
5091578	10174883	1
3108365	3108366	2
9786756	9787347	2
10154846	10154872	2
11704808	11704818	1
10913931	10913932	1
1110786	1110628	1
2075119	2075120	1
4261492	4261491	1
12037974	12036955	1
4273659	4273662	1
1205195	1387086	1
5662845	5656012	1
10353849	10355602	1
4863214	4862791	1
6802814	6796515	1
8160265	8160294	1
3494613	3494618	1
9583090	9583103	1
12359937	12359938	2
5254835	5254820	1
3426291	3426485	1
10822887	10821759	1
4817883	4817884	1
9530003	9530017	2
1972608	1972773	2
11825282	11824794	1
11864246	11864245	1
6500353	6500443	1
8405359	8405366	2
9373781	9392230	1
4281910	4281909	1
1738303	1738304	1
8920401	8920402	1
6035176	6035175	1
5361319	5362432	1
12040487	12041321	1
7785530	7785503	1
8184012	8183809	1
3601569	3601544	1
4046840	1536646	2
12434749	12437244	1
2693039	2693040	1
3570665	3570666	1
3316209	3316210	1
5283384	5283383	2
358836	359122	1
4746894	4746891	1
8583863	8583864	2
2263505	2263473	1
1376366	1376365	1
4413586	4413585	1
2200258	2197125	1
3424789	3424738	1
10055061	10055086	1
9302622	9303934	1
1095448	1095447	1
8314098	8314097	2
6166669	6168209	1
3504977	3506524	2
5751677	5923685	1
3551652	3551651	1
10265258	10265257	1
2149735	2150588	1
3562969	3562919	1
7869921	7871247	1
11992697	11992698	1
6718809	6717652	1
4213594	4213591	2
1949397	1949398	1
8951375	8951745	1
1120460	1120380	1
947014	947136	2
8517319	8518081	1
10026210	10025581	2
10565548	10565572	1
4823618	4823617	1
8469223	8469224	1
4136176	4136195	1
8950085	8950086	1
7853231	7853232	1
4107405	3985322	1
4788581	4788582	1
7988806	7985732	1
2874291	2874292	1
1371609	1371235	1
1575092	1294040	1
10386066	10385926	1
11918657	11894263	2
12186442	12184546	1
1770376	1770336	1
8032088	5925771	1
12491961	12491962	1
892584	892583	1
12658532	12658385	1
6740897	6740900	1
11931475	11931478	1
1205406	1203618	1
12722577	12722978	4
11412440	11412508	1
1547433	1547434	2
1248430	1248383	1
6978911	6978914	1
7940144	5644854	1
11001283	11001288	1
7686365	7686506	2
10241650	10242559	1
1804722	1804669	1
3940558	3940557	1
4089676	4089673	1
11769708	10532245	1
6339010	6337614	2
8547565	8549398	1
4571807	4571808	1
2211046	2211280	1
8542244	8542243	1
11819871	11819874	1
8486798	8486797	1
9433267	9701699	1
7383588	7383583	1
5210683	5210684	1
11815869	11815870	1
5523848	5523847	1
5761060	5761059	1
9094475	9094476	1
7810592	7810007	1
1226739	1226740	1
11580039	3136208	1
12223618	11638423	1
390083	390084	1
8781281	8781282	1
9536131	9536201	1
2503013	2504530	1
5270803	5270804	1
10513903	10513904	1
11767162	11767193	1
9374627	9374628	1
634863	634864	1
12696543	12696551	1
4166285	4166286	2
9830218	9830215	1
11064079	11057123	1
8799764	8799700	1
5527134	5527133	1
8227191	8227192	1
3589918	3589917	1
2028472	2027644	1
1953255	1953253	1
1735278	1735275	1
5181690	5181709	1
3395191	3395192	2
8903605	8903606	1
8239915	8239916	1
10128032	10128031	1
5984815	5983574	2
9149912	9149909	1
4414328	4413677	1
11793762	12416246	1
1704507	3534469	1
9472283	9472284	1
8515845	8382496	2
11220495	11220496	2
11567599	11567600	1
12721678	12720309	1
10187703	10187705	1
5949780	5949779	2
4101294	4102608	2
11642128	11642127	1
2204123	2204124	1
1720003	1720004	1
3889730	3889681	1
1238526	11587528	2
4420298	4420297	1
5559857	5559858	1
9841111	9841179	1
5469715	5469791	1
1600772	1600791	2
8804075	8804076	2
5655279	5655045	1
420280	420279	1
10378913	10378914	1
4534345	4534346	1
3149446	3149445	2
730506	731953	1
7339225	7339226	1
11795397	11795398	1
875546	875877	1
5267162	5266573	1
4661539	4661572	3
5607725	5607726	1
5180149	5180150	1
8009978	8009977	1
4040650	4040649	1
1824442	1825923	2
2660323	2660326	1
4628779	7806338	2
3961249	3963669	1
1587481	1192765	1
11698424	11699110	1
11662115	11662133	2
10204660	10203832	1
7222553	7223087	1
11991060	11395145	1
5970835	5970053	2
12757786	12758597	1
8230003	8231883	2
2759232	2759231	1
9030090	9030089	1
9840450	9840449	3
11312664	11729104	1
12386199	12386200	2
12465459	12465460	1
7057711	7057712	3
9335013	9335016	1
9705757	9705375	1
3675358	3675355	1
1928047	1928595	1
11479203	11480045	1
5511732	5511735	1
5847551	5847552	1
6211779	6211780	3
8293591	8292590	1
7746628	7746632	1
7849682	7849681	1
1839812	1839809	1
5104037	5104032	1
7253413	7253399	1
6811950	6810221	2
12467363	12467364	1
9417294	9417293	2
5443400	5443399	1
12239572	12239569	2
5263611	5263612	1
769820	769828	1
9940805	9940806	1
971665	971660	1
5443019	5443020	1
11627547	11627548	1
5489311	5489312	2
5358578	5358232	1
10467748	10467745	1
703478	703477	1
1988792	1989069	2
884462	7232960	1
8384878	8383894	1
6177129	6177130	1
809540	809539	1
8465513	8465514	1
12029881	12029882	1
263004	263003	2
6420793	6420794	1
11287442	11287441	1
2316490	2315883	1
6152947	9669555	1
8284285	8284286	3
675012	675764	1
10777144	10777143	1
7817940	7733370	1
7771698	7771697	1
8102936	8102935	1
3566140	3563705	2
10663785	10663786	1
597947	597948	1
7491361	7491362	1
3588722	3588645	1
2313985	2313986	1
12254491	12254494	1
6738885	6738886	1
202466	202479	1
1312226	1312175	1
10059276	10059275	2
6566693	6566694	1
6431448	6431443	1
1653039	1653040	1
1267102	1268834	1
8015167	8015159	1
5538671	5538672	1
9185959	9185960	1
1264287	1263131	1
1200344	1200309	1
9246186	9246185	1
784960	784959	1
4032447	4032448	2
7108121	7108122	1
808145	808188	1
5186298	5186569	1
2148184	2148183	1
3368604	11403003	1
9033356	9033355	1
656225	655550	1
5097768	5095154	2
8995606	9005105	1
10697682	10697681	2
6315283	6315284	2
8967898	8967897	1
1643272	1645242	2
6934805	6934806	1
3806467	3806468	1
6070386	6070383	2
10374958	10375302	1
9106472	9106471	1
684467	684554	1
6309691	6309883	1
8734984	8734988	1
4612744	4613237	1
225299	225300	1
4271271	4271272	1
837935	837936	1
10421095	10421239	1
5264181	5264182	1
10814650	7187075	1
6013324	6013279	2
5270654	2569991	1
5212373	5212376	1
5619409	5619410	1
4339003	4338872	1
11988261	11988179	2
6719966	6719659	6
3138312	3139428	1
10237135	10241938	2
2165988	2165987	1
1068069	1068070	1
11161427	11164851	1
9194795	9194653	1
11156901	11156902	2
11126314	11126313	1
9916025	9916026	1
2508756	2508745	1
2493442	2493580	1
2556495	2557097	1
2189375	2189376	1
11780170	11780418	1
3414243	3414244	1
6362419	6361571	2
4580863	4584131	1
6834249	6834250	1
7945723	7945724	1
3557698	3557697	1
4266908	4266907	1
11522111	11521384	1
3236601	3236602	1
12304302	12304301	1
11757696	11757695	1
3195094	3195093	1
10789303	10789490	1
2655220	2655219	1
11674457	11674458	1
11371461	11371509	1
4798213	4812910	2
12133912	11496893	1
3963552	3963551	1
1787741	1787399	1
12171831	12173059	1
11507103	11506729	1
1298927	1298354	1
10227293	10227255	1
5197649	5199850	1
11334830	12674341	1
9272014	9270866	3
11322894	11322950	1
5593146	7972010	2
7600323	7600324	1
370499	370500	1
8438568	8438567	1
11064073	11064074	2
3514395	3513758	1
1560677	1560683	1
6496691	6496692	1
1318325	1318326	1
4747640	4744924	1
3466464	3466455	1
12007866	12008773	1
4005274	4005287	1
2065980	2110799	1
4532014	4813556	2
12144146	12144145	1
2505040	2503558	1
3353351	3353890	2
8054478	8049211	1
9434206	9435604	1
7227717	7257778	1
2971658	2971607	1
6684733	6684734	1
9933715	9911064	1
4665189	4665190	2
7603966	7603956	1
9378121	9378122	1
12641479	12641283	2
10973222	10973221	1
7005184	7005183	1
4025251	4025252	2
874553	874666	1
6198858	6197822	1
3909587	3909588	1
8948495	12177775	1
2034127	2034124	1
5200435	5210551	2
12271982	12277568	2
11435521	11435524	1
7911474	7911473	1
2034273	2033979	1
3365548	3365559	3
5935872	5935869	2
6143784	6143783	1
2022218	2022281	3
4222018	4223261	2
10763493	10763579	1
10228187	10228548	1
8198926	8198697	1
11422558	11422557	1
1936155	1936156	1
3530031	2778039	1
6839452	6839451	2
11335083	11335054	1
4122975	4123683	1
11335244	11335895	1
8979186	8979185	1
12475471	12475472	1
7924458	7924457	1
3005069	3005070	1
635171	635205	1
4708637	4708638	1
5419744	5311900	1
11267285	3036259	1
5962037	5862250	1
3639834	3639813	1
3168032	3168031	1
8702077	6458276	2
1468524	1468554	2
8315134	8315104	1
975465	975462	1
5322151	10884945	1
2175983	2175984	2
12311494	12311493	1
1939516	1938589	1
5579649	5579650	1
6364206	6364205	1
7368847	7368984	1
11763954	11763923	1
9955516	9964421	1
10669208	10669205	1
9922152	9922151	1
1864735	1864736	1
7662650	7662649	1
10753035	10753040	1
10404111	10402559	2
12187354	6638674	1
12531035	12531036	1
11485072	11378803	1
333738	320300	1
5420728	5420731	1
7106696	7107186	1
671145	671146	1
2499572	2495129	2
12491213	12298570	1
8869749	8869765	1
2707319	2707320	2
8445043	8445028	1
6867788	6867801	1
2782743	2783264	1
379456	379438	1
1337918	1337920	1
11599362	11599361	1
3738627	3738628	1
7451574	4377392	1
4064561	4065880	1
12815057	12815058	1
10664601	10664003	3
5700972	5700975	1
6345693	6345694	1
11339899	11405563	1
338996	338995	1
6148347	6148348	1
9004792	9004791	1
8296997	12314773	1
2676859	2676921	2
7232840	7232351	1
1443092	1442240	1
5364006	5364534	1
7142014	8866008	1
10759154	10759153	1
11652061	11649053	1
2346989	2347304	1
178375	178376	1
5078624	5078623	1
11665982	11665981	2
674871	674872	1
10259690	10259689	1
10757646	10757288	1
4070776	4070915	1
5523372	5523369	1
9495158	9496299	1
848497	848498	1
5611497	5611498	1
6584383	6584384	1
444743	444744	3
1956435	1956436	1
4693139	4447427	1
9062251	9062252	1
8229739	8229742	1
5677497	5677498	3
1975509	1975510	1
2204775	2204776	1
12426039	12426045	1
3267508	7958805	1
7424313	7424260	1
4876362	4876361	1
6898935	6898936	1
7806993	7806994	1
7764119	7764161	1
11183892	11183891	1
10141189	10138881	1
673812	674552	2
512974	513269	1
4094584	4094581	2
4356597	4356600	1
5441930	5442104	2
11909715	11909716	1
10196291	10196294	1
1456274	1456175	1
3142882	3144524	1
2804476	2804475	1
4605164	4734946	1
6500742	6500554	1
1632174	1632179	1
12715447	12715448	1
4911409	4910586	1
6891823	6891845	1
7709519	7707512	1
10466815	10466816	1
7012170	7012169	1
7963493	7963390	1
11244267	11243453	1
8379938	8379937	1
8035180	8035208	1
11394571	11394057	1
10192496	10192699	2
8731449	8731450	1
10051757	10051760	1
5937412	5937281	1
12730078	12730083	1
6788747	6788748	1
2266797	2266798	1
11422333	11422334	1
4264722	4264721	2
4046981	4046974	1
5093702	5093701	1
11990575	11990576	1
812893	2623172	2
7775338	7775242	1
1773166	1773165	1
12196262	12196261	1
10943830	10943426	2
10988263	10979737	1
10284687	10288651	1
2892280	2892289	2
1206378	1373744	1
11832509	11832510	1
5007646	5007645	1
4280145	4280146	1
11790165	4610418	2
4376694	4376693	1
3747370	3747318	1
5574868	5574568	1
7495943	7495944	1
4151469	4151470	1
3140012	3137323	1
6452225	6452226	1
1940774	1940773	2
10598884	10591297	1
9709086	9708624	1
8797004	8797003	5
268809	268810	1
11395576	11395575	2
6814279	6497789	1
11848199	11848224	1
6555809	6555816	1
12232535	12232542	1
6595532	6595514	2
6517437	6518425	2
10241571	10242522	1
10957365	10957368	1
9265958	9265957	1
252128	252558	1
10275518	10275566	1
123069	157536	1
10609	10629	1
10186365	10186327	1
3998545	3998490	1
4281907	4281910	2
660040	660039	1
6869688	6869687	1
11489283	11488046	2
6030426	5518519	2
7008432	7008431	1
10811742	10811741	1
10986030	10985421	2
11082510	11105011	1
1781464	1781011	1
7370456	7370655	1
3994758	359847	2
5249041	5249042	2
7140366	7140365	2
10892835	10892836	1
12666603	12666604	1
350389	350390	2
12149734	12149730	1
1635104	1634402	1
4030877	4030878	1
4278810	4265892	1
5490602	5490605	2
12592540	12592367	1
6008117	6008118	1
7638067	7638001	1
8071133	8071134	1
6962385	6964269	1
11589753	11589754	1
34732	34731	1
8513894	8513891	1
11502859	11502860	1
6153745	6153746	1
6634660	6634659	1
2194334	2213314	1
1241434	1241433	2
8572752	8572714	1
6758761	6758779	1
3386040	3367152	2
8104885	8104345	1
3545843	4044233	1
4221317	4221347	1
2276141	2276142	2
6058895	6058003	1
8434302	8434301	1
6418396	6418395	1
9584627	9584628	1
4841772	4835438	1
10093855	9928484	1
6357314	6357152	1
10382529	10383211	2
2560169	879529	1
1532154	1532151	1
4095706	4095705	2
6007797	6007798	1
7793482	4478138	2
2253811	2253812	1
2924855	4035321	1
11647679	11647680	2
8551385	8551386	1
9192698	9111376	2
176408	176405	1
4122893	4122896	1
4213594	4213589	1
1358629	1358630	1
12762183	12775634	2
10915106	11094520	1
9679704	9679786	1
7070403	7070404	1
7043019	7043024	1
3034887	3034900	1
9480539	9480537	1
10913645	10914407	1
821998	392989	1
7935516	7935515	1
7021166	7021165	1
931503	931504	1
39397	39341	2
6206414	6205228	1
10553134	10552436	1
8866742	8866741	2
10190747	10190765	1
9271855	6252138	1
11376301	11376302	1
7350831	7350847	1
12349256	12349253	2
7766322	7766321	1
6772664	6772663	1
3929795	3929796	2
12304960	12290571	1
1888655	1888658	1
3492426	3492425	2
3022900	3024118	1
9238244	9238243	1
2545081	2550219	1
1252528	1252514	2
342378	343262	1
960326	9249065	1
6708101	6708102	1
6193460	6193459	1
12480615	12480616	1
12290049	12290030	1
5203230	10787880	1
926450	925381	1
6032540	6032546	1
7911389	7911472	1
7505548	7505547	1
7864355	7864356	1
12379058	12290025	1
3581946	3581941	1
3641788	3641787	1
7473607	7552964	1
276139	276140	1
9890527	9874555	1
2667476	12039120	1
10120620	10120617	1
9707478	9685030	2
9066415	9066360	1
8777408	8777407	1
5954521	5954549	1
10795350	10795349	3
3036701	3035149	1
2641578	2641577	1
12208408	11613833	1
592349	592350	1
2695856	2695855	1
9429364	9429289	1
4801127	4801128	1
7992756	7993184	1
7751109	7750286	1
3322131	3322132	2
9488786	9488785	2
7449458	7449457	1
11856681	11856682	1
6263821	6327081	2
9678149	9678150	2
11253038	11251836	1
8463304	8463303	1
4790753	4791589	1
5788459	5788460	1
3231176	3231706	1
5830419	5830426	1
8940049	8940518	1
8169815	8169816	1
3781481	3781484	1
9418082	9418081	2
7366156	7366153	1
3668431	3668434	1
7996905	7996717	1
1566797	1566798	1
12682855	12682862	1
1982363	1982366	1
11660764	12432480	1
1987392	1987391	1
3966246	4008895	1
9323519	9323559	3
4022339	4022340	2
1252590	1252602	3
1020059	1860799	2
5995464	5995463	1
6803299	6803300	1
2646426	2646425	1
4486062	4485933	1
6805453	6805454	2
1120928	1120748	1
11735983	11735984	1
6128680	4603755	1
1082113	1082114	1
11871162	11871372	1
11301506	11301505	3
10778817	10778818	1
6137067	6137068	2
420282	420279	1
648008	648007	1
5655161	5655171	1
414046	413181	2
7914470	7914469	2
11817059	11817060	3
1632224	1632243	2
4060506	4060514	1
12735652	12735651	1
11346092	11346107	1
11173657	11173658	1
33358	11537739	1
1706023	1705629	1
5524166	5524062	1
2280061	2280062	1
5362370	5362672	1
10664153	10662314	1
10133302	10133299	1
6741497	6741489	1
10066202	10066201	1
1874025	1874026	1
7924623	7924624	1
6016421	6016422	1
5727154	5724347	1
5439985	5439986	2
2343826	2343825	2
3060588	3059702	1
7571952	7571951	3
441928	441927	1
11633255	11633256	1
7010742	7010741	1
9765399	9763480	1
12485226	12485270	1
11316321	11316322	1
4812981	4812982	2
11221242	11221241	1
5474639	5474629	2
11404898	11404897	1
9231977	9231978	1
4688569	4688570	1
167484	167483	1
11853219	11853135	1
6581853	6578151	1
10114785	10114786	1
3201043	3201044	1
11794317	11794318	1
2349407	2349408	1
11389542	11389541	1
3711385	3711386	1
11732339	11732340	1
8919069	8919046	1
867140	867139	1
7454574	7454569	1
11532963	11532964	1
1588463	1588464	2
739488	739480	2
10794618	10794617	1
1885331	1885332	1
3598003	3598004	1
4229199	4228709	1
12803754	12803753	1
942846	942845	1
11607169	11607174	1
1791004	1791003	1
6338024	6338057	2
5750803	5750798	1
9165806	9165805	1
15992	15987	1
4110153	4111114	1
12382611	11820184	1
10069688	10069687	1
10706927	10706928	2
902185	908293	1
4089055	4089056	1
1379912	1379911	1
5540693	5538557	2
7143039	7143283	1
9595271	9595272	1
6508345	6508350	2
11710459	11710460	1
8800053	8800036	1
4990708	4990707	1
12532383	12531716	2
559165	559166	1
5896093	5896094	1
10293299	10293300	1
11908793	11908794	1
5819897	5627977	1
1247794	1247793	2
9359700	9359699	1
3168858	3168857	1
12656749	12656750	1
3369468	3372510	1
7957188	7957185	1
2795494	2795497	1
8877853	8877854	1
8075181	8074132	1
5702896	5702895	1
393038	393037	2
9272016	9272015	1
11961587	12134193	1
3260998	3260995	1
10243460	10244984	1
1507794	1508252	1
3853280	3853262	1
584722	10805201	1
3950737	3629334	1
4599389	4599109	2
11395246	11395245	3
7395371	7395351	1
10764369	10764367	1
9140722	9140721	1
203392	203391	1
3055061	3055053	1
8865247	8865257	1
8848728	12717516	1
8824379	8824380	1
420455	420456	1
4185130	4185129	1
6310370	9500102	1
4596571	4596572	2
2143668	2143667	1
11408388	11407894	2
7427522	8516229	1
213333	213401	1
10987011	10987012	1
8368024	8376482	1
101823	101072	1
2516680	2507671	1
11561434	11561433	1
4936713	4936714	1
8485860	8485859	1
11182413	11182414	1
3202665	3202666	1
4280820	4280819	1
8084201	8084202	1
7689403	7689406	1
8828785	8828663	1
1535940	1537834	1
2342267	2342216	1
1609197	1609198	1
1520660	1520683	1
423081	420735	2
2140916	2140915	1
11500252	11500249	1
11702480	11702194	1
2737647	2737648	1
12316296	12316299	1
1551983	1556554	1
7950025	2415667	1
3980139	3980140	1
10882464	10882463	1
2926783	2926784	1
6184136	6184135	1
6213026	6213025	1
7682254	7681218	1
3158270	3158273	1
2220665	2220666	1
5431175	5431079	1
525995	525996	2
307113	306322	1
3288963	3288675	1
5043245	5046055	2
7023311	7028476	1
1919592	1919611	1
11299505	11300281	1
5373760	5373639	2
2732172	2732171	2
9554000	9556697	1
6945984	6945983	1
6667539	6668167	1
821951	821952	2
12244143	12231522	1
7855857	7855736	2
9325902	9091992	1
6620140	6620146	1
8013145	8013153	1
1086315	1086757	1
12462517	12462518	1
6583213	12040466	1
4071703	4071704	1
1660330	1726687	1
11371497	11371498	1
10599316	10599315	1
1452488	1452472	2
1875225	1922483	1
3033593	3034370	1
4048073	4048074	1
6086421	6086423	2
3727384	3727381	1
12196714	12196713	2
11407134	11407122	1
4051970	4052227	1
9914660	9914651	1
5616067	5616068	1
11478615	11478608	1
1826895	1826896	3
6034056	6030595	1
6748720	6746229	1
3806393	3806394	1
7187243	7187244	1
7811186	7811183	2
606697	637732	1
585856	585855	1
3901190	3900851	1
11060983	11057811	1
10263467	10263451	1
8794561	8794562	1
1297506	1297505	2
200653	200842	1
3243544	3243543	1
10738741	10738742	1
618777	618778	1
2990148	2905466	1
9488784	9488781	2
1059007	1061203	1
10082020	10082540	1
7795544	7795541	1
2478614	2478617	1
11709514	11731762	2
6584137	6584112	1
6575498	6575546	1
288212	288488	1
10771802	10771786	1
11519409	11513788	1
11768148	11768816	1
4313070	4142204	1
4577463	4577464	3
5656386	5656385	1
5540027	5540028	2
5286545	5286071	1
9341939	9341940	1
3676495	3676498	1
10500318	10500348	1
4084955	4085241	2
9542747	9542487	1
6734791	6734806	1
11337680	11337679	1
10127671	10126120	1
6395555	5711957	3
3144809	3145128	2
6602325	6602326	1
3231126	3231389	1
3565900	3565899	1
628530	626803	1
8951795	8951420	2
11356604	11356603	1
4518385	4518331	1
10253246	10257280	1
5540753	5541241	1
10617708	10617707	1
8563064	8563063	2
5766407	5766408	1
7960722	7951601	1
2794673	10386587	1
11095117	11095264	1
7427708	7426901	1
6166809	6166810	1
7287907	7287912	1
3698282	3698281	1
8665650	8665071	1
5795229	5795198	1
1549114	1549113	1
10343508	3728379	1
837425	837426	1
10198427	10198428	1
3601665	3601449	1
7654164	7654163	1
4833161	4833214	1
474850	474847	1
174097	174098	3
9360254	9360253	1
3679116	3635029	1
2444246	2444127	1
9118993	9118280	1
9479752	9479751	1
8549037	8549038	1
6019823	6019824	1
1102488	9466537	1
705145	705128	1
2440777	2440778	1
7982519	7982520	1
262278	262592	1
3241853	3267111	1
4300159	4300160	1
5260376	5260375	1
8323483	8324603	1
9582533	9582941	1
5541685	5541709	1
2337723	2337724	1
9548984	9548983	1
8941631	8941632	1
6513060	6513059	1
519800	519799	1
8042115	8043413	1
6611372	6568602	2
8875212	8875211	1
4602716	4599225	1
2750798	2750797	1
7058845	7058848	1
12024720	12022981	1
9982793	3491175	1
5374786	5374785	2
895320	895319	1
1859059	1859031	1
11279633	11279634	1
8654436	8654433	1
11377319	11377320	2
9638063	9638064	2
235030	236900	1
2900188	2900176	2
2304648	2304647	1
2019472	2223025	1
8963775	8963776	1
10241652	10241651	1
7090045	7090046	1
11461367	11452949	1
1431560	1425992	2
5977903	5977904	1
8608172	8608171	1
10718900	10718636	1
11417045	11417046	2
8949948	12190087	1
10163339	10163340	1
8253933	8253938	2
158902	158897	1
11572038	11572037	1
12815037	12815341	1
11398189	11398190	1
7277374	7277373	1
4451341	4451279	1
7757341	7757344	2
3002521	3002524	1
2003491	2003492	1
5729950	5729949	1
9785270	1838860	1
10368081	10368096	1
6029656	6029655	1
9089843	11396309	1
12756788	12755636	1
749655	749656	1
501827	5344362	1
3134348	3134347	1
3055052	3054884	1
356240	356625	2
3095451	3095454	1
6172315	6172367	1
12328647	12328648	1
9147207	9147208	1
7600591	7600191	1
1338237	1336988	1
4104222	4104221	1
11439876	11439658	1
6461568	8702251	1
11398187	11398188	1
1757025	1757026	1
5215416	5215415	1
7633008	7633014	1
1232286	1231212	1
9821727	10022550	1
6591534	6591533	2
12534001	12534015	1
5514340	5514339	1
2205189	2205192	1
11584227	11583943	1
12205034	12205022	1
2056083	2056115	1
12124156	12124155	1
2274420	2274423	1
7988292	7988245	1
7197147	7197148	1
10906054	10906053	1
651788	651787	1
434519	10402508	1
56460	11556063	1
7729544	7729825	1
3365319	3365902	1
5936428	5936476	1
3651897	3651881	1
519164	519163	1
755454	755444	1
793038	792534	2
9970855	9970856	1
9143881	9143882	1
6495415	6495418	1
11968801	11968655	1
1318701	1318702	2
4126103	4126098	1
10189312	10189311	2
12649411	12259026	2
632224	632231	1
9000784	9000791	2
11739051	11739052	1
8826025	8826141	1
4778943	4778946	1
4655105	4655106	1
3907789	3911500	2
12671419	12671422	1
7794823	7802658	2
758876	758448	2
11992107	10441193	1
148560	122592	1
12324965	12324966	2
9132332	9132276	1
8580294	8580293	1
3906958	3908538	1
11604881	11604882	2
10647890	10647889	1
3101475	3101476	2
6770200	6770199	1
41120	41159	1
5104949	5104950	1
1540195	4109263	2
11312717	11312727	1
343929	4010293	1
7652111	7652099	1
453006	7051984	2
10662834	10662714	2
92867	92868	1
4819540	4819539	2
2722231	2722232	1
8025970	8026501	2
6683125	6761870	1
6599178	6599273	1
3317009	3317047	1
5507397	5507398	2
7395422	7395497	1
3460970	3460909	1
2795886	2795885	1
2014467	2013090	1
9506836	9506835	1
7330810	9113915	1
888892	888891	2
5646598	5645939	1
695944	695943	1
3886748	3885951	1
11591663	11395188	2
7168304	7168303	1
3340829	3340799	1
4047941	3979209	1
10150703	10151229	1
196023	196024	1
11629355	11629356	1
9841028	9841027	2
4798114	4798113	1
3952670	3952669	2
2299579	2299568	1
2466900	2466899	1
3087568	3087567	1
649355	649356	1
9101847	9101848	1
4798111	4798112	1
8162939	8162942	1
9352308	9351782	1
1900086	1900085	1
10965649	10965650	1
10040846	10038682	2
12356034	12356033	2
7758255	7758256	2
3204609	3204610	2
8384663	8384664	1
4414986	4414985	1
8599678	8599677	1
2909551	2909554	1
9365410	9365409	2
1319327	1319328	1
766909	766910	1
5427052	5427051	1
9713142	9713139	1
5824956	5824955	1
8055259	8055279	1
5712937	5712938	1
1982024	1982470	1
4348313	4348703	1
9638776	9638802	1
4534229	4534360	1
3933029	3933059	1
7673789	7673809	1
7814346	7814343	1
8382156	8382155	1
4249472	4249479	1
3040674	2960582	1
4635186	4635115	1
378005	377808	1
189913	189710	2
2878341	2878346	2
3733798	3733797	1
1859423	1859426	1
5535702	5535671	1
1621842	1621841	1
121889	121915	1
7366152	7366151	1
7959831	7951407	1
3595139	3595140	1
12016189	11999893	1
7320073	7320074	1
1423596	1443575	1
6700992	6700991	1
3970154	3970153	1
5443220	5442994	1
1179749	1179750	1
11995097	11995008	3
839139	839140	1
9084775	4537351	1
11906230	11460819	1
4109790	4109323	1
11774862	11774861	2
2487492	2487430	1
4115275	4115276	1
11124157	10870737	1
3570940	3571065	1
518843	518844	1
3674898	3674673	1
709919	709973	2
2130661	6277785	1
630623	630630	1
4078205	4078436	1
7864282	7864281	1
9247812	9286845	1
3533219	3533220	1
1641324	1641323	1
1577766	1752924	1
8995555	8995556	2
836194	7176933	1
6616112	6616126	1
2446320	2557410	2
12371453	12371454	2
8512334	12209049	1
4371477	4371187	1
11041639	11041640	1
11297357	11415619	1
10193971	10193972	1
6119105	6119108	1
10779334	10779219	1
9579777	9579778	1
887743	889432	1
11103674	11103673	1
12029465	12024518	1
2282799	2282623	3
9753398	9753397	1
5670164	5664758	3
7127903	7128762	1
7102019	7102020	1
11112566	11112563	2
7115941	7115942	1
11478961	11478962	1
9965161	9965162	1
3642891	3536880	1
5151590	5358299	1
7062879	7062880	1
12614458	12612719	1
12136444	12133094	1
1477028	1477025	1
1829530	1828387	1
1105089	1105090	3
12224481	8337028	1
7234549	7232206	1
8330251	8330252	1
9432115	9432116	1
8297100	8297134	1
5551786	6205887	2
4989814	5086788	1
12389367	12389368	1
2365206	2364040	2
5646343	10460433	1
7355226	7321449	1
10853406	10853405	1
9260832	9260853	1
1261381	1336969	1
5357854	5357853	1
3354553	3354556	1
6325442	6325441	1
12041943	12041196	1
5477117	5477118	1
3425185	3425186	2
2157770	2157765	1
4468254	4468253	1
1096283	1096284	1
2259363	2259366	1
7806075	7806076	1
8601974	12200843	1
787600	928872	1
3776558	3776557	1
8575071	8575074	1
11271132	11271131	1
10907379	10907382	1
12815220	12815219	1
10679484	10679483	1
3903874	3903892	1
1307091	1307092	2
10406958	10406003	2
8380739	8380740	1
11835250	11830363	1
12302399	12302400	1
3510840	3510839	1
9523301	9523137	1
8549502	8548645	2
5502350	5502295	1
12427354	12427353	1
888165	888166	1
443786	443785	2
9118188	9118187	1
4911028	4917096	1
2500143	2500144	2
11791799	11795396	1
5010221	5010222	1
5595082	5595081	3
1134407	1133687	1
588972	589405	1
6555293	6554944	1
5350632	5350628	1
5333493	5335433	1
9850718	9850711	2
12359279	12359280	1
10357980	10358289	1
959953	959956	1
11441656	11441655	2
5248435	5248438	1
9730990	9731423	1
10283432	9971072	1
9834555	10052744	1
12723540	8961004	2
6042837	6042838	1
444431	279214	3
10534018	10534017	1
6403264	3400872	1
10271876	10271875	1
11941616	11941686	1
7280876	7280873	1
2245485	2245488	1
3251869	3251870	1
4325425	4325426	1
1970020	1970019	1
10368885	10368886	1
11855068	11855168	1
9360216	9432349	1
1541135	1541136	1
5235498	5482783	1
11316660	11316042	1
8544879	8544880	1
9922097	9921626	1
9992938	2098346	1
11959141	11959142	1
938558	938572	1
1601715	1601716	1
9872473	9872474	2
3314418	10412208	2
11389966	11389965	1
2106478	2106477	1
1159759	1159760	2
3066600	3067093	1
7897691	7897692	1
2366751	2366754	2
5521144	5521139	1
160079	160080	1
11721227	11721228	1
1592771	3577769	1
6798606	6798605	1
3509317	3509318	3
12137410	12142854	1
8005996	8005978	1
4112533	4112536	1
6028129	6025303	1
1170675	1170676	1
12296034	12647048	1
5240913	5240914	1
11256314	11256268	1
1260785	1260786	1
9380809	9380878	1
4355735	4355736	2
5957893	5957894	1
8562696	8563334	2
6060370	6060369	1
10059274	10059845	1
9906702	9905400	1
8538507	8538508	2
2974604	2974603	2
2492305	2492306	1
517082	517081	1
11351125	11709477	1
3370515	3370516	1
11328667	11328668	1
11039829	11039847	3
5129309	5130530	1
7451344	7451413	1
5263871	5263872	1
4258674	4258673	1
11967350	11967349	1
8974233	7153803	1
5322520	5321961	1
8130010	8130009	1
688075	688076	1
520873	515185	1
165337	165338	2
12160150	12160145	1
7688652	7463358	1
12635089	12635381	1
9334552	9334549	1
9381293	9381294	1
885986	886045	1
7571703	7571704	1
1978855	1978856	1
10265019	10258130	2
11233678	11233755	1
275891	275894	1
395120	395218	1
3881041	3881042	1
1286111	1286043	1
11968712	11968711	1
3762412	3762411	1
8177073	8177245	1
3931692	3931706	2
9065234	9062535	1
9944756	9944197	1
6630679	6631180	1
11260201	11263067	1
7297851	7299668	1
8516247	8516419	1
200074	200073	2
7547699	7547758	1
11873014	11873011	1
4372144	4349568	1
7260225	7260226	1
10827180	10827179	1
3900597	3900598	1
2553361	2553362	1
11925758	11925757	1
10187325	10187326	1
7295886	810031	3
10630749	10608236	1
6520570	6520569	1
5884619	5890837	1
3253983	3253986	1
3677353	3677359	1
1772254	11673722	2
1000753	1000745	1
7904601	7904602	1
7866779	7866782	3
554553	554554	1
12293505	12293438	1
10376343	10357087	1
5376961	5376962	1
2661047	11239643	1
2349407	2349412	2
11887715	11887716	1
1657649	1657653	1
863678	863677	1
10510353	10510354	1
1564915	1566405	1
11100208	11100207	1
2005703	2005704	1
10742056	10741420	1
5754830	5754829	3
3738960	5044695	1
70169	70170	1
7409182	7409179	1
8869239	8869250	1
2992611	2992612	1
12722979	12185004	2
11990577	11990574	1
5415777	5415778	1
5356676	5464128	1
6935535	6936282	1
10911562	10912242	1
254275	252773	1
5796610	5796408	1
11192718	11192717	1
5278087	5275236	1
10266337	10266538	1
11657160	11271246	1
12593445	12593446	1
5553176	5553175	1
11358124	11358123	1
2728012	2728011	1
4527414	4527411	1
8764259	8764260	1
9897847	9897848	2
2366607	2366608	1
1630963	1630964	1
7242847	7242820	1
1839730	1839727	2
6235292	6235289	1
11212664	11212384	1
2992963	2992966	1
10262088	11797608	1
5461120	5461119	1
11665639	11665642	1
10623744	10623696	1
8006800	8006799	1
2276622	2276621	1
7885121	7882974	1
8839937	8839938	1
3731708	3731697	1
10377377	10377378	2
11451691	11596974	1
6830163	6830251	1
12288907	12792274	1
7649261	7649262	1
11205929	11205930	1
462770	462767	1
5732838	5732837	1
4383338	4383337	1
6554587	6554590	1
11540835	11540757	1
6024050	6024052	1
5572610	5572587	1
8723047	8723048	1
10085328	10085327	1
9666287	9666288	1
1262723	1262724	1
914282	723297	3
7969222	7969250	1
494254	494211	1
92000	91999	1
9874475	9874476	1
6768784	5537306	1
6843574	6843571	2
6362873	6362840	1
8153970	8465102	1
4081895	4081896	1
1393229	1393230	1
7734715	7734716	1
551790	551787	1
5013898	5012241	2
3861812	11527625	1
8412859	8412860	1
8923723	3275507	1
973664	973663	1
2233095	2232147	1
11394923	11394924	1
7281661	7283861	3
11991602	11991599	2
1090149	1090150	1
11703987	11704014	1
10353570	10353569	1
5882227	5882235	3
9424898	9424897	1
4073304	4073303	1
2838784	2838783	1
11171979	11171980	1
5366303	5366301	2
9945311	9945312	2
1591056	6548874	1
347463	347464	1
2879116	2879115	1
3976528	3976527	2
7120827	7120828	1
7657080	7656364	1
2310551	2310552	1
2390884	2390883	2
8768192	8768066	1
4027896	4027939	1
8784106	8784790	1
10517701	10517696	1
443863	442756	1
1368955	1368956	1
8211702	8211701	1
416586	416585	1
1980682	1980662	1
3353980	3353979	3
2772617	2772618	1
11495390	11591330	2
7581371	7581362	1
7055672	7055631	1
4061839	4061921	1
10762629	11610569	1
4086374	4086373	1
3157336	3159488	1
189641	189642	1
11584949	11584950	1
7133395	7133396	1
7808957	7808901	1
11996710	11996709	2
7833803	7833804	1
8162943	8162944	1
10369855	10370124	1
10330185	10325133	1
2091208	2091207	1
6106237	6106238	2
463511	463512	1
5623081	5623082	2
12334003	12334004	1
2314600	2314599	1
5975044	5975043	1
4815409	4814820	2
5486040	5486029	2
1050201	1050211	2
4648408	12692612	1
12476645	12476646	1
4712351	4712800	1
1326485	1326471	1
7929012	7928984	2
7634643	7620283	1
4527155	4527156	2
207447	207448	2
10098593	10098602	1
2542350	2542349	1
2220829	2225428	1
11849749	11834397	1
178356	178355	1
9839968	9839967	1
2283447	2283448	3
8565088	8565087	1
6135375	6135376	1
1971146	1971145	1
7134845	7349881	1
7120275	7280980	1
3910889	3909230	1
4685711	4685901	1
8691517	8691518	1
8554310	8554309	1
2665085	2665515	1
7781404	7781403	1
10605917	10605918	1
1392213	1392214	1
11792216	11792225	1
6044178	6044175	1
5807815	5807816	1
7990449	7990450	2
12797119	12797120	1
8705649	8705650	1
11038126	11037917	2
1776813	1776814	1
11296474	11299014	3
12137881	12426212	1
4611116	4611115	1
6891897	6891898	1
8477977	8478010	1
7959872	7959871	1
8448833	4370489	2
768898	768895	1
3361736	3361753	2
11871433	11871434	1
10420603	10420604	1
279050	279176	1
2150254	2150253	1
9624852	9624851	2
1632897	1632900	1
3405282	11437203	1
8279546	8279545	1
7749384	7754445	1
7266831	7266758	1
9832526	9832525	1
4702779	4702780	1
4473067	4473068	1
11806922	11806921	3
11763709	12724862	1
4328981	4328836	1
6157823	6157824	1
7864357	7701599	1
5383160	5383159	2
4632514	4631962	1
10276323	10276342	1
8786190	8786189	2
3073602	3072846	1
1665354	1665353	1
1746652	5573370	1
766448	769085	1
10324623	10317937	1
9487357	9487358	3
5711063	5711064	1
3927117	3927123	2
11039227	11039265	1
1204680	1203762	1
1080604	1080393	1
4228428	4228427	1
5985192	5985233	1
4082001	4081619	1
2586794	167168	2
7613066	7613054	1
7530144	7530143	1
4361392	4361433	1
3905449	3905450	1
3703243	3703302	1
11170261	11170262	1
11524992	11524991	2
1037120	1034385	1
4581431	4581432	1
7205165	7205154	1
8859578	8690793	2
5231595	5231571	1
8226152	8286598	1
4274996	4274881	1
6671952	6671981	1
9114237	9114238	2
6036351	6036352	1
12345841	12346020	1
6495486	6481085	2
10098523	10098515	1
11512149	11512150	1
11602959	11597363	1
12393835	12393836	3
8425580	8426404	1
6708489	6708490	1
4493635	4493672	1
7808957	7808899	1
10443034	10443046	1
4701234	4701233	1
10270239	10270240	1
5716516	5716515	1
4202562	4202533	1
6206253	6206254	1
1776152	11671021	1
785280	7412902	1
7020360	7020359	2
6344131	6344132	1
5462545	5462516	1
6775192	6197832	1
11481512	11411652	1
3300769	3300770	1
3288867	3288868	1
249683	249778	1
4948199	4947695	1
1822204	1823608	1
6002187	6001679	1
3947537	3947505	1
3617862	3617852	1
652504	652503	2
11265236	11265118	1
9686613	9686614	2
5015212	10884574	1
3565123	3565499	1
3935899	3933448	1
12427231	12427232	1
8406493	8406449	1
6187678	6187677	1
12546877	12546878	1
6578709	6578710	1
2356955	2356846	1
8924348	8924246	1
12157743	8949691	2
8110123	8110126	1
11900359	11900360	1
10702024	10702023	1
7181097	7181068	1
3019029	3021557	1
4661204	4660345	3
1156433	1156441	1
3635740	3635810	1
11801606	11790568	1
7761100	7761099	2
6732475	6732476	1
3139352	3138404	1
1319329	1400628	1
1072446	1072441	1
909178	909177	1
12503574	12503573	1
8798196	8798195	3
2088080	2088072	1
2899624	2899623	1
7852528	7852527	1
10824358	7594412	1
11658589	11645230	1
5238394	5238393	1
4303484	4303483	1
4205176	6325759	1
7771106	7771105	2
10381361	10381362	1
5487354	5487353	1
2597677	2597678	1
3093274	3093273	2
11325110	11325109	1
997906	997905	1
3050098	3048552	2
11075445	11075469	1
2584396	2584395	1
1913376	1913356	1
12361519	12361520	2
6939310	6939309	1
6032491	6032492	1
5378078	5378077	1
2036600	2216071	1
1257152	1521288	1
4005049	4069405	1
5924468	5924467	2
421853	421856	1
6059923	6059924	2
11095390	11095389	1
11608060	11608059	1
10299700	10299736	1
5962031	5962036	1
7890146	7889921	1
1316701	1316702	1
6538105	6538106	1
949457	949458	1
7267933	7267934	1
4267934	4439134	1
12773882	12773881	1
1990637	1998734	1
11646557	11646528	1
2485024	2485023	2
8920611	4139666	1
7372090	7372089	1
8898915	8898916	1
9340871	9340809	1
11713289	11713290	1
9709332	9709380	1
1823042	1823041	2
7016943	10172227	1
10437392	10437391	1
4820500	4820497	1
4345953	4345954	1
10179978	10179977	1
3823839	3778656	1
9692643	9692924	1
1581028	1581110	1
8106854	8106853	1
5406352	5406351	1
7959727	7959728	1
11849183	11847252	1
2376458	2376457	1
327233	251325	1
5551298	6206189	1
11833087	11833088	1
3972283	3972284	1
8821347	10443228	1
143458	143584	1
8260266	4224960	1
3978841	3978842	1
11728236	11728233	1
11255721	11255425	2
12647796	12646606	1
1396109	1396104	1
7044215	7043322	1
5521981	6033509	1
811102	811101	1
11276417	11277068	1
9382666	9382665	1
7248565	7246568	1
4926755	4926756	2
5748799	5748797	1
8071527	8071522	1
2924258	2924562	1
390892	3138126	1
2547431	2545322	1
6479965	6478901	1
6608237	6608253	1
11112338	11112337	1
2701355	2701356	4
3819845	3819823	1
11549206	11483373	1
8654820	8748110	1
6848036	6848035	1
1779787	1779788	1
9491222	9491418	1
7794389	7794390	1
11453958	11453957	1
7470474	7470282	1
5720801	10834228	1
12187181	12187182	1
2107445	2107557	1
5113546	5114018	1
1681335	1681754	1
5269597	5270763	1
8631539	8631540	1
420839	420486	1
7844042	7844041	1
12338942	12338941	1
1778874	1779129	1
6568018	6568007	1
10943461	10943836	1
6494967	6494968	1
7990639	7990640	1
7859919	7859920	1
4631232	4631231	1
5598414	5598676	1
9251797	9251798	2
1986725	1986726	1
9097059	9097053	1
6825351	6825352	1
11672629	11672630	2
5247725	5247726	1
7870071	6000384	1
7247587	7247588	1
8452103	8452107	2
10771755	10771756	1
11601576	11601561	1
11524696	11654381	1
1652848	1652847	2
11565114	11565113	2
12242520	12242517	3
10971122	10971121	1
11935395	11927913	1
888453	888454	1
7905337	7909344	1
6932794	6932793	2
7151463	7151374	2
12377632	12375102	1
4651905	4651906	1
11485973	11463641	1
1113163	1307108	1
10244985	10244986	1
6011459	6011950	1
1529196	1396673	1
8764786	8764800	1
4079622	4079621	1
3296910	3296899	2
746870	8388451	1
8274888	8274887	1
10679130	10679129	3
6063726	6063725	1
3827558	3827557	1
11494762	11494724	1
6440294	6440576	1
2552788	2509842	2
11174658	11174657	1
6927365	6928540	2
5245471	5245472	1
10132986	10132989	1
6154355	6154399	1
4610466	12692634	1
1878213	3502488	1
9296553	9296536	1
11276211	11276212	4
8555027	8555028	1
12352727	12437947	2
1117178	1117177	1
766353	766354	1
4093175	4000831	1
2149322	2150182	1
7906426	7906425	1
10381010	10381009	2
8561672	8562373	1
3300154	3300153	1
5583672	5583671	1
7982403	7982404	2
11276250	11275855	1
12785140	12791664	1
4388706	7677107	1
4538331	4539137	1
2075436	2075435	1
2690250	2689339	2
5231887	5240912	2
1743580	1743579	1
2378293	2378296	2
2280388	2280539	1
6004014	6001095	1
4525015	4525016	1
2075592	2075595	1
3212808	3212807	2
2213003	2213004	2
2161251	2161257	1
5884447	5882332	1
8250992	8250980	1
5266028	5266027	1
10904748	10904747	1
2235885	2235886	1
2692020	12017820	1
7180292	7180291	2
4807572	4807571	1
12719233	12771888	1
7822909	7822910	1
5457375	5457358	1
9020349	9020350	1
8224162	8224161	2
4754380	4753912	1
12674341	12674299	2
8798194	8961715	3
5812923	5812734	1
1121562	1121559	1
242948	248180	1
2245566	2245565	2
11595247	11592639	1
11460507	11460508	1
8576647	8576648	1
9797432	9797431	1
8545526	8545525	1
3212514	3212513	1
183037	183038	2
11644071	12210091	1
4001122	4001121	1
7141426	7141425	1
1493859	1493875	3
5835817	5841024	1
12441326	12441325	1
6684837	6684680	1
5199385	5198545	1
2442027	2442074	2
4138570	4138607	1
6654878	6653818	1
5725466	5725465	1
7762394	7872290	1
8797000	8796999	1
12022134	12022133	3
3814271	3814162	1
8960266	12203194	1
4941726	4941725	1
3052592	3052591	2
12754136	12754135	1
8511049	8511021	1
12038738	12037903	2
1756690	1756687	1
1735083	1735084	1
6100399	6100400	1
4559691	4557514	2
7915451	7915186	1
11854632	11853955	1
9556471	9556474	1
8808572	8808571	1
11853118	11853444	1
3057626	3056937	1
582671	582672	1
12148265	12185518	1
7308074	7308073	1
8432092	8432120	1
6441242	6442022	1
5917876	5917983	5
1564908	1564172	1
1009546	1009949	1
3397403	3397404	1
1885558	2034988	1
9500818	9500815	1
4382219	4382220	1
10616140	10603539	1
4830867	4831752	1
3913151	3913152	1
6172920	6172917	1
9197977	9197978	1
9070013	9070014	1
2786179	2786180	1
11249065	3559590	1
6452972	6452971	1
6311450	6316247	1
1167117	1166958	1
9430324	9430331	1
12451469	12453398	1
9328500	9328499	1
3245483	3245484	1
7271143	11849644	1
7413259	7413260	1
1335699	1335725	1
11418959	11417798	2
2252414	2251265	1
3622298	3622293	1
657228	657227	1
9525557	9525958	1
8973477	8973475	1
7176443	7176444	1
10608346	10608238	1
8385325	8385326	1
11392190	11392189	3
6489104	6490262	1
11171151	11170142	1
11731314	11731313	1
1567686	1463371	1
885641	885755	1
452034	452033	2
3524666	3521993	1
142226	142225	2
5101236	5101235	1
923522	923521	1
3099400	3099399	1
4797512	4797511	1
11411038	11411037	1
9048591	9048401	1
4354135	4354136	1
1459826	1460045	1
7397239	7397240	1
3021553	3024020	1
2304847	2305300	1
7885117	7885120	1
12663342	4127030	1
6332317	8100891	1
2481155	2482323	1
10342814	10342813	1
4080755	4081291	1
4354942	4354792	1
1975002	1975001	1
11607554	11608047	1
3853270	12640604	1
4612248	4612247	1
3565384	3565423	1
5328287	5328288	1
4634488	4634461	1
908030	908029	2
2169389	2169509	1
8890505	8890506	1
9709985	9709988	1
9778169	1431799	1
5134082	5306196	1
10154152	10258900	1
5703889	5704456	3
12639745	12639746	1
5368730	5368729	2
8282930	8283208	1
5350356	5350355	1
9102027	9101965	1
11113732	11113731	1
10332461	10332462	1
10346082	10346107	1
7123240	7123310	1
9104563	9104523	1
12019373	12019376	1
7145391	7145327	1
6365641	6365642	1
5813495	5757481	1
5089162	10180705	1
4077645	8900597	1
12200279	12200280	2
6146603	6140195	2
3979317	3979607	1
10062534	10062533	1
9162310	9162309	1
9771987	9771988	1
5288884	5288883	3
3704861	3704947	1
3217193	3217194	1
2627455	2627514	1
2106509	2106510	1
5321698	5321697	1
10063476	10063481	1
10474830	10483079	1
2839180	2839179	1
4111672	4111671	1
292203	292204	1
6458942	6458941	1
12315398	12315987	1
1771523	1771524	1
11916102	9341660	1
6775638	6775626	2
972186	972166	2
2131812	2131811	1
4816683	4817616	1
8373692	8394520	1
7450304	7450303	2
2439711	2478236	1
4256019	4256038	1
9426810	9358681	1
11410640	11410659	2
3781134	3715571	1
11357096	12792874	1
9238242	9238241	1
7718631	7718632	2
9619864	9619951	1
7726083	7726084	2
11706114	11706117	1
5930056	5929997	2
10079354	5222965	2
7266365	7266368	1
9974150	9974149	1
10835105	10826516	1
9035701	9035702	1
9842482	9842481	1
5221860	5221859	1
4608888	4608887	1
8818262	8818888	1
7144313	7144327	2
429675	425748	1
6071025	6071026	1
8217502	8320272	1
12286507	12286807	2
8543075	10274156	2
8779720	8779719	1
6060366	6062571	1
688878	686802	1
1298358	1298357	1
5053458	5053555	2
11912604	11912565	1
4753481	4753482	2
5926655	5926656	1
10411615	10411616	1
12390667	12390668	2
793069	793056	1
4681715	4681716	1
5705561	5705586	1
10059842	10059841	2
429671	429672	2
1015489	1015490	1
1568827	3872935	2
8129269	8129270	1
4056485	4056351	1
7472175	7472176	1
5503793	5503794	2
3364960	3364963	1
11164392	11164391	1
3320734	3320733	1
1544575	1544578	1
1102822	1102840	1
2485905	5259279	2
9247237	9247228	1
11677004	11677003	1
2270343	2270344	1
5152594	5527023	1
6093548	6094147	1
8905376	8905358	1
9623409	9623410	1
4956168	4956155	1
1189184	1313246	1
4829740	4829739	1
11942397	11942444	1
8875269	8875270	1
2086233	2086234	1
11518928	11516309	1
11668372	11668369	1
3235746	4086293	1
7339096	7339496	1
10191631	10191840	2
746289	746290	1
2089352	2089251	1
10297585	10297586	1
6181578	6181587	1
8387733	12208050	1
2764241	2763670	1
46476	48114	1
3480711	3480712	1
5056200	5056199	1
2370503	2370443	1
7731385	7731396	1
5248500	5248499	1
7859189	7859190	1
4391562	4392737	1
6528960	6529373	1
11431825	11431905	1
10661640	10658936	1
11848555	11846968	1
6841129	6841130	2
3985870	3985869	1
10404283	10404284	1
8093211	8093212	2
8832221	8832222	1
11166815	11166818	1
2858424	2853283	1
12296615	12296742	1
1654446	1654445	1
11668292	11668291	1
8041059	8041060	1
277258	277272	1
10803763	10803774	2
3964130	3964129	1
6314312	6314366	1
8423500	4303088	1
4043723	4043724	1
5974953	2607622	1
10953740	11003245	1
11909197	11909198	1
4413584	6125258	1
10218422	10218419	2
9376039	9376040	1
2103945	2103948	1
8516247	8516423	1
10298033	10298034	1
2060865	2064582	2
10714925	10714879	2
6048241	6048242	1
5225939	5225940	2
3890788	3890787	1
12806112	12810965	2
11908107	11907926	1
1080303	1080304	1
4216164	4216163	1
7652553	7652554	1
2685128	2685147	1
12376982	12376968	1
507507	507705	1
12341020	12341019	1
9419315	9419316	3
6198031	6198032	1
10787847	10787974	1
11396109	11396110	1
1111763	1111877	1
2075540	2075533	1
7810595	7810124	2
11112340	11112339	1
10600609	10600642	1
173733	67278	1
12228839	12228840	1
5206542	2275679	1
1477169	1477170	1
2002138	2008591	1
4851456	4848286	1
1667807	1667792	2
4251003	4250283	1
12124414	12124411	1
10922536	10923347	2
381067	381313	2
1874271	1874272	2
7665621	7665622	1
58425	667699	1
11447789	11447790	1
3135400	12478140	2
12636744	12780956	1
945628	11545539	1
12232494	12232509	1
1921997	1921998	1
1106523	1105818	2
12633040	12633083	1
9296676	9296675	1
4130479	4130480	1
3087104	3087131	1
10264238	10265031	1
8518978	8518977	1
6652077	6652086	1
5156094	5156093	1
11233692	11233687	1
7742026	7742025	1
6550869	6550870	1
5526759	5526764	1
9557841	9557842	1
11400113	11401194	1
4652662	4652661	1
12373262	12373261	1
6580717	6580718	1
7729345	7731197	1
4990097	4988858	1
4808553	4807223	1
8013145	8013149	1
1886777	1887153	1
12721039	12720900	1
12204706	12204705	3
12772821	12772772	2
9579042	9579638	3
2321395	2321396	2
3247092	3247155	1
4126099	4126100	1
3165618	3165597	1
6131531	6133306	2
5958737	5958730	1
11115043	11115044	1
4790358	4790854	1
11282366	11282365	1
12237870	12237869	1
9272767	2105408	1
11385719	11385720	1
10312065	10313032	1
799807	799808	2
4866730	4866729	1
4986395	4986520	1
11593008	11593005	1
2266916	2266915	1
11250768	11422102	1
7683257	7683258	1
8084477	8084478	1
10263467	10263468	1
4528709	4812907	1
1050310	1050307	1
11596812	11532724	1
1358567	1358568	1
12714595	12714590	1
4255328	4254331	1
8000859	8000862	1
5427850	5427849	1
4747594	4616005	1
2777597	2777598	1
12245355	12245276	1
120033	121601	1
5619314	5619534	1
10393452	4102261	1
11061	10207	2
1025369	1025370	2
390085	390086	1
9432082	9435711	1
1306623	1306624	1
11721381	3362799	1
6931804	7022926	1
5671862	5671855	1
7962721	7962602	1
5334728	5334738	1
1206328	1105923	1
10605921	10605887	1
10937231	10940493	1
10278445	10278446	1
4054226	3245432	1
3795511	3795512	1
3704215	3704216	2
6623477	6624013	1
10469005	10469062	1
7027513	7027514	2
3481042	3481041	1
293948	293921	1
6068048	6068016	1
2262316	2262315	1
7967443	7967444	3
11425256	11255183	1
5941170	4656834	1
2342546	2342545	1
9499247	9499327	1
9141162	9141159	1
11582140	11582137	1
7085355	7085356	1
718642	723002	1
7696372	4380376	1
7809333	7809344	1
9018641	9018642	1
2039911	18358	1
7690770	7690209	2
949459	949460	1
11831315	11831316	3
10133300	10133299	1
4269513	4268903	2
1459828	1460045	1
12206295	12207027	1
1738787	1738906	1
3016748	3016747	1
6808712	6808752	1
10205518	10211299	3
2614228	515368	1
9795854	9795853	2
1032841	1032842	1
4380036	4380035	1
52695	52696	1
11901101	11901650	1
6005883	6005888	1
7373597	7372034	1
9818332	9821264	2
6804159	6804153	1
10697680	10697673	2
1211912	1211911	1
2001854	2001853	2
9625068	9625067	1
1932578	1933355	1
6739344	6739343	1
8373942	8422695	1
6159464	6130154	2
16928	15577	1
8203015	8202614	2
760060	760059	1
2175111	2175112	1
2788242	2787452	1
8281753	8281754	1
11717076	11717075	1
7945626	7945620	1
279215	279216	2
3735673	3735674	1
5053292	5053278	1
11713291	11713292	1
9588181	9588182	1
5304088	5304087	1
3731377	3731378	2
10600888	10600871	1
5840479	5840480	1
2503163	2503181	1
6507189	6508561	1
9586519	9586520	1
204004	204003	1
2699950	8093841	1
4685259	4685260	1
1632276	1632275	1
2537301	2541933	1
11448159	11448170	1
8291620	8291619	1
359686	7182568	1
6804842	6804841	2
4179751	4179752	1
7724072	7724071	1
12596256	12592400	1
6766521	6766524	1
7602220	7602219	1
6305187	6305188	2
10729267	10729270	1
6978053	6978054	1
4159897	4159898	1
6818741	6818742	1
12301663	12301758	1
12232908	12232907	1
1731793	1731721	1
1639231	1639209	1
11566342	4259767	1
6775183	6775184	1
6247372	6246506	1
8762780	8762779	1
3017065	3017058	1
11872893	11872894	1
4083045	9471175	1
8223878	8222181	1
10355967	10355968	1
11294959	11294975	1
5217909	5217260	1
5661087	5659301	1
3085250	3085225	1
4101432	4101466	3
4105780	4105779	2
4341598	4341513	1
358958	358677	1
7679806	7679875	1
10746438	10747120	1
6629984	6629983	1
3867319	3867320	1
4578065	4578765	1
4479349	4479310	1
626844	626669	1
9130439	9130429	1
3475651	3476337	1
5497913	5498078	3
5407333	5405976	2
4561367	4561368	1
6225021	6225022	2
723236	723243	1
5123326	5123101	1
36256	36255	1
2664689	2199550	1
4185161	4185149	1
1714548	6035658	1
2644469	2644472	1
7172793	782756	1
4384095	7818585	1
1696643	1696644	2
5269597	5269598	2
4350199	4350200	1
6422234	6422233	1
11439642	11439641	1
6714966	6715025	2
2049822	2090365	1
12409408	12409407	1
9753396	9753395	1
5800888	5801324	2
5286888	5286887	3
517659	517660	1
1922444	1922443	1
10888561	10888564	2
7495774	7495773	1
10199589	10199592	2
7993716	7993715	2
601417	364691	1
3524851	3524663	1
432766	432765	1
12530066	12530065	1
585977	585962	1
4259893	4259919	2
6643203	6688325	1
6702195	6702669	1
7190238	7191413	1
7963539	7963540	1
8973781	8973775	1
9198206	9198205	1
5567414	5567413	1
3964285	3964286	1
1712118	1712117	2
7809948	10153396	1
10980339	10980340	1
4800378	4799745	1
5267884	5267881	1
12270746	12392432	1
3104429	3103739	1
1503863	1504317	1
8489352	12118222	1
12459033	11764351	1
6409321	6409322	1
3367543	3367544	1
10613633	10613634	1
1915927	4051355	1
4382170	4382169	1
12299732	12299680	1
8582982	7428465	1
1531761	1531762	1
11986392	11991321	1
11087666	11087108	1
7118721	7118749	1
11529104	11529325	1
9530142	9530141	2
4010571	4010491	1
9797867	9797749	1
11484019	11494102	2
8973477	8973478	1
12201213	12652995	1
7492622	7492619	1
8316074	8316021	1
11402461	11402388	1
129719	129724	1
6129134	6129132	1
1616507	1616508	1
8923073	8923074	1
1119882	1119881	3
5293235	5293236	1
6992764	6992758	1
4324827	4325402	3
8518005	8528733	2
2926146	2926143	1
731726	731699	2
1461453	1461454	1
6648270	6648269	1
7410929	7410923	2
9328008	9327446	1
7270776	7270775	1
10160971	10160972	1
12167740	12170139	1
9276024	9276023	1
8991687	8991688	2
10187327	10173171	1
3873481	3873482	1
11345623	11345624	1
5327274	5327273	1
6433593	6433603	1
11958025	11958026	2
6477616	6484034	2
11519148	11519147	1
1843798	1843248	2
2368915	2368935	1
7139106	7139067	1
10018543	10018844	1
1664995	9722258	1
5541188	5541181	2
5484166	5481990	1
8265204	8255217	1
949758	949749	1
3806465	3806466	1
1778582	1778941	1
11796439	11802682	2
2960255	2960256	1
6439502	6439501	1
162833	162269	1
7414441	7414442	1
12476025	12476026	1
1266010	1266009	1
1287655	1287656	1
2030355	2030257	1
11454921	11454922	2
11374220	11374219	2
5694277	5289141	1
2921216	11460890	2
10258830	3350613	1
11401679	11401680	1
9247349	9247333	1
10449660	10449659	1
10814300	10814299	1
11852837	11852838	1
8987333	8987181	1
3245777	3245782	1
6348619	6348685	1
4916119	8847870	1
2949369	2949370	1
8651454	8651432	2
11703062	11703061	1
2496272	2496262	1
2374416	2370668	2
5716463	4304754	1
7751585	7751791	2
5423143	5423144	1
9370419	9370282	1
11332391	11332392	1
8204835	8204836	1
5217680	5217679	1
8695789	8695790	1
11740908	11741860	1
11958027	11959384	1
9570815	9570231	1
9946767	9946768	1
1833821	9476281	1
2523044	2523043	2
5844743	5844875	1
1224281	1224282	1
1968473	1968519	1
5809056	5810338	2
7045657	7045699	1
9624833	9624824	1
4906959	4906960	1
12191351	12179842	3
11433505	11433506	1
6420433	6420494	1
6592128	6572900	1
667532	667531	1
2345033	2346632	1
5092951	5092952	1
1068647	1068640	1
9307804	9302274	2
2658665	2658813	3
6684984	6685010	1
7771168	7771167	1
1104256	1104255	1
11644962	11646276	2
3758995	3758996	1
6692195	6692020	2
7682373	7682374	1
5664016	5664015	1
10161353	10161347	3
12327456	12327455	1
5265396	2280995	1
4848269	4848270	1
983470	983501	1
8308204	8308160	1
9320144	9320143	2
3289102	3289138	1
11992830	11992696	1
943218	943217	1
5272094	5272079	1
12446985	12446956	1
6972658	6972657	2
3043496	3043495	1
8864727	8866217	2
1677110	1677109	1
8795401	8795404	1
10549506	10545493	1
215052	215223	1
10656092	10656057	1
7944629	7944630	1
1250536	1250531	2
8861361	8862055	1
10103540	10103421	1
6273231	6273371	1
8893019	8893020	1
7677867	7610286	1
7742888	7742981	1
3889354	3907587	1
6526229	6526230	1
6050194	6050092	1
11322333	11322334	2
6911644	6911831	1
2684797	2684982	1
12461503	12461504	1
3144075	3144076	1
7794132	7664641	1
8745949	8745950	1
12598781	12598782	3
12717456	12717455	1
7304594	826388	1
10418970	10418969	1
8612840	8612839	1
8820633	8820589	2
6803916	6803472	1
5338835	5338836	1
4478876	8807801	1
1872991	1872985	1
9589860	9589859	1
6992370	6992369	1
8101651	8101541	1
7767145	7767187	1
3471039	3471040	1
8995969	8995970	1
3957071	3919825	2
8800899	8800900	1
45600	45599	2
6929814	6929813	1
2042348	2085926	1
10533832	10533819	1
4373233	8579611	1
6128291	6128168	1
11082513	11082514	3
1650423	1650337	1
3313851	3313854	1
8859034	8859033	1
3963148	3963147	1
459475	458979	1
8919629	8919597	1
420282	420281	1
5938409	5938410	1
5279164	5279163	1
5711664	5712936	1
10464586	10464579	1
1100501	1070352	2
306107	307464	2
5534918	6094666	1
528765	528768	1
7175281	7175342	1
3617539	3617540	1
8503077	8502484	1
4674713	4674714	1
291677	291678	1
8573970	8574170	1
387604	250973	1
1831719	1831720	1
1568893	1568927	2
6349547	6349548	1
5869319	5873492	1
11602845	11602846	3
1088013	1088014	1
4452846	4452845	1
5555878	10569570	1
5804219	5804665	1
11325849	11325850	1
963406	964187	1
10986331	10986512	1
187171	187167	1
10327811	10327812	1
1799451	1798930	1
240640	238287	1
1544579	1544580	1
1532068	1532067	2
4465498	4465501	1
1780477	1780466	1
1468312	1468309	2
6260287	6260288	2
8271489	8271516	1
4115091	3753848	1
10076394	10076261	1
5326743	5326744	1
6063571	6065437	1
2315942	2315941	1
2094183	2094141	3
4102046	4102045	1
9982121	9982122	1
8201160	8201159	1
8995557	8995558	1
8970413	8970415	1
9672397	9672254	2
1764554	1764553	1
11700212	11700243	1
8905049	8905050	1
10297583	10297584	1
3692117	3692118	2
9353611	9353612	1
12136170	11444022	1
9888495	9888496	1
9773625	1444973	1
11921398	6128987	1
8726148	8725672	1
2437382	2437381	1
9902793	9902857	1
5102740	5102739	1
1801272	1802082	3
5741824	5741823	1
3506175	3506176	1
10188506	3295104	1
8259803	8259804	2
7678387	4392433	1
466002	466001	2
9673274	9674228	1
371658	371653	1
6192479	6192480	1
1748074	1748131	1
6310032	6310029	2
417035	417036	1
10089164	10089163	1
9587142	9587141	1
10260480	11762293	1
7374337	7374338	1
12230701	12309632	1
2373989	2373990	2
3677757	3677758	1
497934	497931	1
5639139	5639070	2
1213744	1213734	1
9147209	9147187	1
10268817	10268818	1
10283013	10283128	1
3908881	2984100	1
11846895	11846896	1
2357369	2357370	1
7205874	7206315	1
3554216	3554215	1
9420248	9424990	1
9768371	9769860	1
8731388	8731385	1
10882132	10882131	1
8397854	1392153	1
6057680	6057762	1
403407	403591	1
9084063	11316243	1
5284851	5284852	1
12691007	12691008	1
3518433	3518434	1
1612683	1612684	1
12237961	11485380	1
5427060	5427063	1
8849768	10372698	1
11319229	11319221	1
4321304	4321098	1
4355039	4410143	1
6722756	6722755	1
10470552	10401629	1
3514358	3514357	1
4110385	4113289	1
3312205	3312206	1
8906986	8906918	1
8021581	8021582	1
8024010	8025955	1
4015773	4015774	1
9708920	9708759	1
5281898	5281897	1
4752245	4752246	1
7518256	7520594	1
8884071	8884072	1
973687	973688	1
135121	135122	1
4106138	4106137	1
383393	383394	2
3729515	3729575	2
10089634	10089633	3
2780873	2780874	1
6487272	6487271	1
4279714	4279711	1
7579411	7581260	1
5317587	5317588	1
1155249	1156747	1
1393900	4938450	1
752960	752957	1
2747365	2747366	1
8353682	8353679	1
10460321	10460322	1
11726103	11726088	1
5526644	5526643	1
3015060	3015098	1
1252587	1252588	1
11874698	11874697	1
9452810	9454581	1
8648798	8648837	1
12352725	12352726	2
10975402	9254468	1
11738115	11738120	1
12208474	12208109	1
4046622	4047096	2
6274025	6274026	1
2375239	2375643	2
5328881	5159662	1
7642432	7642431	1
9572843	9573837	1
4476614	4476613	1
815652	816401	1
6820526	6820459	1
13388	12730	2
1732504	1732503	1
2283245	2283138	2
7578069	7652297	2
12480052	12480023	1
2837146	2836658	1
7387886	7387943	1
9347377	9347378	1
11480291	6088659	1
7703081	7703082	1
7120825	7120826	1
3909686	3909662	1
1452315	1452316	1
1997915	1996300	1
9589496	9589495	1
9150859	9150914	1
1473597	1479066	1
11181879	7744614	1
7257749	7257750	1
10669204	10669209	1
10892816	10893283	1
11404896	11404895	1
7536159	7536160	1
7397132	7397080	1
5208282	5208281	1
676264	591825	1
6754114	6755990	1
10764952	8867386	1
11274137	11249777	1
9443340	9443339	1
11550209	11673229	2
11524264	11524263	1
9195423	9196669	1
9254651	9254947	1
11964480	11964217	1
4852050	4852076	1
10612737	10612738	1
5463207	5463179	2
1228748	1228766	1
4797528	4795538	1
10989392	11190106	1
6918856	7384737	2
208485	209753	4
6969482	6931937	1
9091164	9091264	1
7458667	7458668	1
4639949	6021347	1
4848010	4848009	1
4704566	4704552	1
8787350	8787357	2
2476484	2476483	2
4560070	4560069	1
9824619	9824624	1
10000400	10000399	2
10120763	10120764	1
12668289	12668290	3
1696511	4112145	1
8611785	8611786	1
7818219	7818220	2
4447995	4447996	1
8973479	8973475	1
7176809	7176810	1
11927175	11927171	1
1800725	1800728	1
11362556	11362555	1
11333917	11333920	2
8543249	8542809	1
5597699	5597827	1
10650522	10648716	1
2640809	2640810	2
4833661	4833662	1
12786327	12786328	1
465301	469152	1
2718262	2718261	1
9194838	9194837	1
12407492	11797727	1
4217447	4217448	2
3277138	3277137	1
5411109	5411110	1
5975583	5975584	1
2490859	2489148	1
7158913	7158945	1
1371801	1371802	3
10998488	10998991	1
2793969	2804346	1
7809029	7809030	1
12378895	12292318	1
9087361	9087362	1
3396347	3396348	1
11787206	11787175	1
6925228	6919589	1
963853	964576	1
6238182	6238181	1
2090168	2090147	1
11639615	11298541	2
11994749	11994750	2
7216833	7216898	1
8104661	8104992	1
3368650	3368649	2
3572579	3571839	3
6419449	6278094	1
10181146	7016009	1
1596902	3833432	1
10153724	10153721	1
10578665	10578666	1
6730840	6730839	1
1466851	1466852	1
10417608	9487063	1
7689330	7689329	1
9699061	9697573	1
11662815	4823315	1
1121743	1121744	1
9788280	9341057	1
8631230	8631229	1
5697551	4273988	2
7362402	7390580	1
5875593	5875594	1
4551013	4551173	1
4215483	4215484	1
7778288	7778291	1
6444940	6444939	1
8293429	8293432	1
10198458	10198351	1
5880934	5880181	2
10684334	10684329	1
4102636	4102599	1
4220624	4220623	2
7688743	7688746	1
10236361	11716891	1
3492020	3489872	1
2103945	2103950	1
9834546	9834545	1
5425332	5425385	1
4756395	4756396	1
5051800	5051799	1
8809731	8811212	3
11432177	11432178	1
4382952	4383273	1
7177269	7177296	1
569120	569123	1
8035543	8035544	2
6976595	6976596	1
6025304	6025303	1
9840513	9840514	1
12347644	12349791	1
12022721	12023678	1
5735336	5755834	1
3867264	3866110	1
2891434	2891433	1
10157383	10147768	2
4276240	4276239	1
9994154	9994153	1
9572083	9572084	1
8974233	8974234	1
9850640	9850639	1
1445401	1445290	1
267281	267291	1
325734	325733	1
7725087	5970183	1
11509385	11509386	2
8815996	8816844	1
3287291	3287292	1
4611617	9013465	1
292037	292040	1
3444131	3441802	1
7037220	7037219	1
12766630	3006186	1
3546592	3546598	1
7152277	7152530	1
8533106	8533105	1
10708676	10708675	2
11355391	11355392	2
10554646	10554643	1
3476423	3476424	1
4637712	4637711	1
5523368	5523367	1
1872553	1872550	1
7647755	7647785	1
11306856	11306855	1
6860812	6860811	1
10291023	10291109	1
7458203	10875517	1
3192068	3192067	1
3931888	3931885	1
2547955	2547958	2
11853247	11853248	1
7548378	7548373	1
1452187	1452526	4
8471824	8471818	1
7897651	7897653	1
5080828	5080833	1
3819832	3819829	1
7328569	7319803	1
11597263	11597349	1
6080520	6080519	1
12573286	12573281	1
375825	375821	1
5872912	5872911	1
6063571	6065435	1
4656508	4656621	1
1960028	1960027	1
8129944	8129943	1
1095979	1097194	1
12205868	12205856	1
437589	437590	1
9354324	9354323	1
1311120	1311127	1
8929123	8929120	2
3679106	3679102	1
9581744	9619226	1
12472448	11877273	1
3167028	3167537	1
10558249	10560333	1
11929636	11929585	1
12614076	12614075	2
12659012	12658442	1
8767495	11319495	1
7659907	7659910	1
2259729	2259730	1
8392426	8392401	1
4515408	4515379	1
4198941	4198929	1
807303	807261	1
7872669	7872670	2
5541180	5541179	2
5249834	5247921	1
1525960	1525959	1
6802323	6796238	1
5213577	5213608	1
6470440	6470405	1
6203736	6207195	1
2264975	172763	1
9848241	9848274	1
4687570	4688091	1
4345475	4345971	1
8385966	8385965	1
2365518	2367253	1
9908603	9908606	1
3506781	3509526	1
1591474	1591471	1
5564715	5564716	2
11259607	11259612	1
2362700	2362699	2
8808221	8808222	1
9843123	9843078	1
5604474	5605531	1
844647	7240054	1
184473	184474	1
4747563	6004916	1
1568984	1567641	2
11268554	11268592	1
7213321	7213322	1
5434242	5434295	3
10430439	10430440	2
6361066	6518382	1
2634467	2634468	1
5068574	5070321	1
1760811	1760812	1
4029801	4029767	1
5140976	5140975	1
12734445	12734446	2
7857845	7857846	1
11473481	11473482	1
8381418	8382157	1
106793	106794	1
2073004	2070010	1
440394	440393	2
5625173	5625174	1
6643906	6643271	1
12672802	12672801	1
9566840	9566839	2
9813906	2802710	1
12380352	12380351	1
4333989	4333990	1
4117939	4117940	2
5568385	5569905	2
4201400	8531874	2
7723229	7723230	1
8014636	8014635	1
7255688	7255687	1
5135465	5135466	1
8130511	8148558	1
9084557	9076071	1
6453044	6453945	1
11902315	11913030	1
11678205	11678206	2
8011461	8011462	1
12005510	12005507	1
5124784	5324153	1
9789380	9789090	1
2278294	2278293	1
8327	8330	1
5529987	5529988	1
1084057	1084060	1
3903357	3903358	1
1596516	1596515	1
3444436	3444435	1
6395229	6394608	1
4856969	4857423	1
4407490	4407464	1
3237964	3237963	1
2577851	2577854	1
401749	401752	1
3672310	3418558	1
2711871	2711872	1
10716558	10716471	1
2835895	2835896	1
9860396	9859749	2
8775072	8775068	1
4189201	4189202	1
4326884	4326880	1
7942055	7942056	1
6718054	6718053	2
1389173	1389174	1
11847369	11847363	1
7446473	7446474	1
1534369	1534370	3
713847	713848	2
12439210	12435679	1
6266213	6266214	1
10758072	10758071	1
2932018	2932017	1
12399350	12403385	1
1928502	1928329	2
3754684	3755532	2
313464	4989199	1
3729176	3729175	2
4364590	4363826	1
11269459	11269460	1
3311145	3311913	1
4678910	4678909	1
6579114	6581524	1
6189171	6190132	1
7700277	7700278	2
7198157	7198158	1
5280944	5492750	1
12053159	12047483	1
12641466	12641471	1
8836807	8836798	1
8452159	8452162	1
6970781	6970782	1
8762522	11340285	1
808775	808770	1
6978562	6978565	1
12613618	12613617	3
3747499	3749767	1
5055446	5055346	1
4809874	4809873	1
12186741	12186742	1
11010659	11010662	1
11653580	11653590	1
11944909	11944910	1
8170407	8169383	1
2889785	2907728	1
2789435	2789436	2
6243495	6243536	2
3261628	3260499	1
599102	599101	1
11189588	11189587	1
8379453	8379456	1
5102085	5102123	1
4643132	4643129	1
6562205	6562500	1
11999771	11999772	1
3251103	8066749	1
11996621	11996953	1
9496723	9496724	1
487618	487658	1
4842709	7900131	1
2091645	2091824	1
778765	779032	1
1318324	1318919	1
4620576	4620575	1
11343131	11343132	1
5807317	5807318	1
5153631	5153595	1
3467074	3468025	1
4866726	4866731	1
985399	985412	1
5596430	5597005	2
901907	901908	1
7235415	7235416	1
11071823	11071797	1
10827738	10862557	2
9142485	9142486	1
6705610	1599647	1
12811688	12811687	1
7494271	7493234	1
1635029	1634481	1
7930850	7930788	1
7823071	7823068	1
2304497	2304319	1
6541857	6541858	1
316999	317000	1
7988710	7988456	1
10413614	10416069	1
8418089	8418090	1
940322	840421	1
11171172	11169303	1
2840319	2840302	1
4188425	4188428	1
3093029	3101244	1
5915389	5916205	1
11880199	11880200	2
4598226	4598225	1
3869901	3869902	1
11155740	7766696	1
7079949	7080548	1
11334587	11334821	1
3414248	3414928	1
757577	10888468	1
11743448	11743461	1
1172	1171	1
10085326	10085325	1
2551704	2551703	2
8832577	8832578	1
6422591	6422592	1
5244126	5244125	1
7119050	7121015	1
4084123	4083963	1
3368817	3368818	1
9172594	9172593	1
9682631	9682632	2
7258043	7228743	1
10279772	10279771	1
4077042	4079315	1
4085959	4086375	1
8626046	8626564	1
1316274	1316273	2
10301285	10301287	1
7778124	7778121	1
766023	765890	1
7472729	7472730	1
7734717	7734718	1
486229	486230	1
864237	7166566	1
2734222	2734281	2
4067684	4067576	2
10235228	10235227	1
7768463	7768464	1
12512921	12513734	1
2572950	2572947	1
3213328	2952732	1
1988249	1988258	1
70500	268806	2
8755206	8753441	1
11563625	11563626	1
2341860	2341859	1
12330685	12330686	1
4070768	4068564	1
3194373	3194334	1
4903947	4904288	1
3356641	3356663	1
2983747	2960833	1
3266647	3266658	1
11662677	11662634	1
7609275	7609276	1
7343871	7343872	1
891878	891877	1
4029003	12672444	1
268308	268307	1
932905	1274295	1
138674	126826	1
7399702	7399012	1
4060394	4060393	1
12633221	12632593	1
4570392	4570391	2
2542149	2542152	3
4404630	4404629	1
11175619	11175620	1
2695854	2695680	1
182017	182018	1
2313974	2313783	1
11538025	11538026	1
9089812	9089811	1
9087069	9087200	1
10381797	10381804	1
8799169	8795459	1
389563	402101	2
2884131	2884132	1
4214685	4214686	1
9431799	9431915	1
294132	294131	1
300564	300561	1
573035	573038	2
7810627	7810568	1
1252585	1252586	2
8821345	8821346	1
12052017	12052018	1
1537746	1538275	1
9381295	9381952	1
788758	790095	1
8284287	8284288	3
11937381	3056102	1
10645563	10645564	1
9824848	9824955	1
8379451	8379452	1
11552616	11531336	1
10223715	10223716	1
3268456	3268455	1
1771393	1771394	1
640990	640989	3
10741236	10741235	1
11931285	11931286	1
3322531	3322532	1
71539	71540	1
1519613	1519614	2
6832835	6832836	1
5425515	5425516	1
12749699	12749700	2
573418	573417	1
11607901	11607245	1
11862180	11862179	1
3731431	3731415	1
9958953	10064395	1
4618450	4621216	1
12149986	12149985	2
6733588	9526337	1
457968	457967	1
303079	303080	1
11382378	11382095	1
6070382	6070381	2
860064	860063	1
7487301	7487302	1
11749385	11749432	1
9353183	8901098	1
9981491	9981492	1
7276622	7276621	1
9078371	9078372	1
5371626	5537540	2
3520460	3521706	1
6382022	6382021	1
1784761	1784762	1
5398597	5398600	1
2835515	2835516	1
12121762	12451304	1
10596213	10596214	2
517907	473228	1
4113911	4114537	1
3173410	3173409	1
6096040	6095724	1
6047659	6047660	1
8923075	8923076	1
4145887	4145888	1
4698515	4698516	1
2434109	2434122	1
12308855	12308856	1
4854269	4854270	2
9726082	9717562	3
11577297	11577298	2
6838186	6838185	1
6844167	6843942	1
9072755	7002314	1
7455116	7453904	1
3640547	3684434	1
9060761	9060762	1
8397668	8397673	1
5162827	5163824	1
5970697	5970466	1
3423241	3423242	1
3273984	3273983	2
372273	370999	1
11275255	11275260	1
6873699	6873951	1
344306	344305	1
245897	243475	1
2721679	2729465	1
5557696	5558007	1
5452586	5380664	1
11386269	11386270	1
10539408	10539405	1
4111261	4110299	1
3555226	9337277	1
3362819	3362838	1
11977405	11977408	1
8994587	8994588	2
1523029	1523030	1
5023224	5023256	1
1532563	1532564	1
4535560	4535583	2
8447311	8448031	1
9846298	9846280	1
1016571	1017499	1
2013302	2012891	1
8970546	8872575	1
648473	648828	1
6292243	6292244	1
12616883	12684875	1
6386813	6386808	3
12486516	12486515	2
5477117	5477120	1
5646319	5646320	2
4595449	4595450	1
1779821	3386078	1
7048633	454422	1
1292103	1292104	1
895810	895803	1
6816843	6816844	1
10579007	10579008	1
769042	769045	1
11981258	10757826	1
1018296	1018325	1
3212578	3212577	2
7992625	7992636	1
8447803	8447804	1
959775	959776	1
1117717	1117718	1
6118177	6118178	3
4600933	4600936	1
5745856	5701503	1
5425378	5425375	1
8731388	8731395	1
10874216	10874215	1
6731198	6792869	2
2556535	2556536	2
4564589	4564590	2
5058331	5058332	1
12384200	12384199	2
12658225	12658226	1
6758178	6759325	1
305596	305578	1
10888955	10888956	1
6496221	6497046	1
4833959	4834256	1
6324319	6330079	1
11641915	11641916	1
8617839	8617840	1
7399785	7399788	2
10762491	10762492	2
11614703	8878120	1
10472122	10472121	2
1886252	1885019	2
9873707	9873708	2
183442	184989	1
277626	277625	1
4220922	4201304	1
11471384	11526594	1
3549318	3549273	1
11862669	11862656	1
11992107	11992036	1
6312227	6312247	1
10003385	10003386	2
477371	196465	2
10888908	10888907	2
1465980	1465972	1
5375678	5375677	1
7811188	7811187	3
8991150	11406809	2
8939230	8940031	1
1575235	1575236	1
12287468	12647242	2
1782188	1782187	1
2774550	2774537	1
10822116	10823307	1
6849942	6849933	2
3756314	3756313	1
12782634	12782633	1
11907611	11907612	1
3448002	3448001	1
1596179	1596167	1
10692267	10692268	1
11728699	11728673	1
8800819	8800820	1
1834399	1832414	1
1032573	1032541	1
8471583	8471574	1
9012313	9012436	1
6751269	6751377	1
306970	306969	1
4539880	4539875	1
8407091	8407821	1
6404311	6404312	1
4265637	4261495	1
354408	354407	1
2770464	3193523	1
10926427	6428639	1
5275385	5118496	1
867320	868627	1
2045446	2045445	1
12529453	12411607	1
10666414	10680288	1
299723	299822	1
12453314	12453313	1
12332548	12332547	1
4476184	4699318	1
8859668	8859656	1
11916585	11916647	1
8985469	8985467	1
8869382	8869037	1
10676617	10676608	1
632260	627948	2
2748570	1919836	1
8544604	8544603	1
3696165	3694140	1
2920072	2920067	1
6468872	6468871	2
3566571	3566572	1
3261201	3261202	1
6414608	6414607	1
4086940	4086534	1
10837314	10837311	1
4550151	4550152	1
593470	593770	1
11464510	11464509	2
4258623	4258651	1
9906798	9906797	2
5960438	5961432	1
9804520	9804504	1
2542062	2542055	1
1349959	1349588	1
1466022	1465205	1
6490136	6490135	1
9018252	9015667	1
3124483	3124473	2
10397945	10397946	1
5012564	5012563	2
5481232	5225805	1
1282764	1282763	1
4135610	4135605	1
2489796	2489268	1
3938397	3939354	2
999566	998468	1
11487263	11487544	1
4532883	4532889	1
10603745	10603748	1
6802268	6752570	1
6943822	6943842	1
5855624	5953043	1
11335896	11335895	1
5070320	5070319	1
9107815	9107816	1
4089715	4089716	1
10377047	10377048	1
695942	696152	1
2209579	2209580	1
10467744	10467818	2
6615183	6615169	1
7446378	7446363	1
11942253	11942254	2
4094037	4106237	1
1765025	1763352	1
9733022	9733025	1
1324787	1331711	1
5571013	5571014	1
2958253	3216500	1
2760983	2760984	2
363932	937385	1
9293438	8047224	2
8547179	8547182	1
4879332	4879331	1
3043520	3043519	2
3087827	3087828	1
1591856	1589938	1
5205794	10221587	1
1190979	1190982	1
12001610	12001573	1
5839220	5839181	1
2739327	3477321	1
5649037	5649038	1
7633653	7631644	2
10759952	10759949	1
6575790	6575805	1
7173989	7173986	1
8067654	11999699	1
750597	748512	2
12671574	12671573	1
7599248	7599287	2
3317047	3317048	2
10058192	10058190	1
2139564	2139563	2
8850017	8850018	1
163051	163002	2
5973148	5973147	1
2835732	2836003	1
2307456	2308840	1
6383987	6383988	2
5641429	5641430	1
364394	364391	1
2397664	2399293	2
5899399	5899400	2
1693766	1693765	4
984005	985283	2
4834275	4834276	1
5515696	5515695	1
3882259	3884361	2
3123413	3123313	1
790835	790836	1
4043550	4043549	1
8885266	8885265	1
4238363	4238339	1
1875220	1876027	1
4572556	4572600	1
11655436	11647943	1
11086639	11086640	1
7826050	7826049	1
3307212	7957336	1
6238180	6227614	1
11515738	11515733	1
2177986	2177645	1
907140	906832	1
4652903	4651235	2
919750	919749	1
4256605	4256606	1
10300782	10300781	2
7030231	7030232	1
5656866	4675191	1
8779327	8779328	1
9854708	10046008	1
5667797	5667798	1
8974501	8974502	1
7310117	7307431	1
9323336	9323463	1
12737317	12737375	2
10077957	10077396	1
11920884	11920881	1
1398477	1398478	2
5446979	5384504	2
6017563	6017564	2
7812361	4283542	1
3108801	3108802	1
4384049	8456345	1
4548409	4548410	1
5550875	5550886	1
1581986	1581985	1
3704992	3705013	1
9488257	9488258	1
7929519	7929520	1
308989	311056	1
8084270	8084269	2
11479186	11490927	1
5433856	5433855	1
5478429	10299971	1
8188439	8188459	1
1666262	1632270	1
2287620	2287579	1
7730332	7730329	1
1513079	1512496	1
6028368	6028347	1
1111065	1111068	1
11819493	11819494	1
306736	306730	1
9427403	9427404	1
3342743	3342744	1
4235134	4234453	1
7454515	10780708	1
3697771	3697772	1
8587993	8587994	1
3397762	3396746	1
233654	232458	1
8434388	8434387	1
10315022	10315021	3
4235970	4235969	1
11582749	11582750	1
7528747	7528748	1
3765114	3866916	2
1318355	1525983	1
7180833	795746	1
10198609	10198610	2
2103955	2103956	1
6786299	6734825	1
11290745	11290748	1
1088571	1093354	1
12727044	12727043	2
7467480	7467479	1
8431146	8431208	1
4255409	4255410	1
8693550	8693549	1
1800618	1800613	1
2608130	2608913	2
10721266	10721265	1
5621165	5621323	1
849556	849555	1
3553411	3553412	1
1744403	1744406	1
8352815	8352822	1
10636845	10636851	1
9140951	9141278	1
5570349	5570350	1
6569847	6569848	1
635541	635542	1
5788872	5788871	2
9747053	9747054	1
6936283	6936284	1
521320	535536	1
2259767	2258808	1
2963675	2963676	1
11771374	11771382	1
2500479	2500480	1
2505044	2505036	1
11753158	11753157	1
858629	858245	1
10768109	10768114	1
12009701	12009817	3
10467221	2415512	1
3092293	3092294	1
7009632	7009671	1
4631226	4631215	2
768894	768893	1
553235	557386	1
5378080	5378079	1
6169802	6169801	1
10144314	10144311	1
300316	300336	1
7915028	7915027	1
4285922	4285855	1
4747521	4747522	1
12229370	12229367	1
5672577	5672572	1
887042	887041	1
11443836	11443352	1
3756115	3756097	1
4864547	4860067	1
7761098	7761232	2
3166715	3166716	1
6241439	6241440	1
3044170	3044660	2
10712904	2539799	1
11788389	11671658	1
12658992	12658991	1
3299127	3299128	1
7684195	7684196	1
4143488	4269600	1
10723895	291267	1
8748753	8748731	1
12358862	12787936	1
12187023	12187024	1
3966891	3966894	1
7918658	7918655	1
10661516	10737431	1
8315619	8315620	1
11940422	11940421	1
9177050	9177047	1
1534507	5007752	1
8221824	8293878	1
3977411	3977412	1
5935358	5935357	1
11472823	11472824	2
5637814	5637813	1
12454769	12454763	1
10490653	10491160	1
9971090	9971089	1
7007590	7007624	1
6757036	6757035	1
2207273	2200315	1
6607407	6575960	1
5699769	5699770	1
9553171	9553172	1
10296123	10296124	1
4043467	4043468	1
11799149	11797284	2
11696452	11694979	1
8291244	8291243	2
11027888	11027891	1
9530442	9530441	1
1560882	1560881	1
206820	886192	1
10446209	10446210	2
6630257	6630258	1
1290180	1288431	1
9067304	9067303	1
954838	954837	1
3365868	3365871	2
1119205	1118554	1
12122361	12122362	1
8310376	8310375	1
9916178	9916821	1
6953481	6954087	1
12437516	9157431	1
7023163	7023164	1
11790302	4610553	1
10787847	10787972	1
1397142	1397072	1
10186110	10186109	1
3484411	2748814	1
656570	656835	1
2263164	2263163	1
1252053	1252054	1
7708913	7709218	1
7021164	7021154	1
10927275	10927276	2
9520527	11969487	1
11224108	11226277	1
12558	12555	1
4275699	4269450	1
12613616	12613613	1
10353665	10353666	1
8951684	8951683	1
6929037	6928425	2
10589759	10589757	1
11266872	11266871	1
3354118	3354456	2
5088870	5088694	2
8730497	8730996	1
11068263	11068243	2
11411839	11411840	1
2148222	2148219	1
4413517	4413518	1
12225473	12225474	1
11394336	11394335	1
3260955	3260956	1
10367272	10367271	1
4510186	4509886	1
2274644	2274647	1
11319443	11319334	1
1595924	1552151	2
10927524	10927523	1
8282289	8297149	1
5691795	5691796	1
4249131	4249132	1
806861	806862	1
6054429	6055295	1
3055059	3055060	1
10471773	10471774	1
4994170	4994865	1
6770093	6770094	1
10927270	10927265	1
1868302	1869585	2
4131687	4130720	1
4879330	4878069	1
7446429	7446435	1
10251691	10260839	1
291681	291686	2
5274728	5274727	1
2352302	2352299	1
912995	912996	1
11529050	11529049	1
4367410	4367409	1
10413903	10413904	1
9172950	9172968	1
6808395	6808389	1
5613123	5613124	1
8244103	8244104	1
10106625	10106626	1
8610180	8610179	1
7231759	7232954	1
1650332	1650336	1
873827	873832	2
3950214	3950211	1
3938956	3938964	1
3751672	3752057	1
5451176	5451175	1
6688047	6688048	1
4416548	4416547	1
8301395	8301278	1
10408673	10408676	1
1772259	1773237	2
5942236	5942239	1
8151723	8153458	1
6908095	6908096	1
10348799	10352350	2
10811023	10811024	1
5578100	5578099	1
9396064	9396042	2
3340612	3340609	1
12474081	12474060	1
4375183	4375184	2
8893634	8893637	1
4699277	4699278	1
7335428	7335427	1
12533008	12541784	1
11924768	11924804	2
11346509	11356392	1
1213791	1213772	1
7720891	7720898	1
10326418	10326491	1
2319746	2319745	1
2890822	2890536	2
2139562	2140304	2
5560763	5560764	1
5885273	5885356	2
4057131	4056999	2
956723	956713	1
3361480	3360078	1
9543623	9543362	1
6480162	6480161	1
1995995	1995996	1
5915705	5915706	1
8862809	8978570	1
11544688	11593053	2
48412	48756	2
2840800	2840799	2
5200667	5200668	1
3252439	3252440	1
11772605	11772606	1
2971366	2971365	1
1670261	1668778	1
4326959	4315604	1
5065207	5041255	1
5368193	5368194	1
2475977	2475978	1
11484137	11484138	2
4025979	4025980	2
10276348	10276389	1
12014707	12013742	2
2411976	2411671	1
12575543	12606788	2
5362353	5363033	1
8405111	8493875	1
10291013	10291016	2
4006441	4006444	1
2853709	2853710	1
2376462	2376457	1
4845719	9123322	1
137694	137693	2
7978036	7971948	1
2557016	2556555	1
4073308	4073307	1
1608761	3866819	1
2480668	2480667	1
2683018	2683017	1
7814719	7814720	1
5690333	5690336	1
5601765	5604042	1
8761956	8761517	1
9638361	9638362	1
10368097	10368100	1
3511914	3511909	1
4582755	4582756	1
11262773	11262796	1
931825	931608	1
739203	739363	1
10071262	10071254	1
8971085	8971086	1
5048785	5048776	3
8512526	8512525	1
11754956	11762318	1
6670110	6670109	1
11577296	11577295	2
5971784	5971781	1
11296174	11296171	1
7834810	5092501	1
10449131	10449132	2
3812038	3497925	1
11323688	11323687	1
6219294	6219293	1
2445213	2445214	1
5720288	5720287	1
3929004	3929036	1
8300507	8226822	1
5814390	5812263	1
2099257	2099258	1
7481303	7481314	1
11927075	11927076	1
4405208	5975045	1
11104830	11104829	1
7678728	7678725	1
12175796	12175795	3
1330039	1330040	1
2208621	2208622	1
5464264	5464263	1
11859535	11859536	1
2573160	2573159	1
6604466	6604465	1
10557669	10563016	1
11014811	11108359	2
10039192	10039745	1
7219618	7219617	1
8299862	8299827	1
3907166	3907165	2
4041908	9509434	1
4789479	4789480	1
4420775	4590267	1
1724661	1724662	1
3990752	3990749	1
779857	779699	1
12312381	12312384	2
7093665	7093688	1
2415519	10467294	1
2853876	2853875	1
8521671	8521672	1
2274650	2274645	1
11642937	11642820	1
7536680	7536679	1
2593784	2593783	2
9140819	9140756	1
826836	826833	1
12785372	12785369	1
10976761	10974762	1
11170163	11169578	1
7543258	7696625	1
8462836	8462827	1
4256607	4256608	1
11662369	11662370	3
2568529	2568530	1
6758820	6758819	1
5013902	5013901	1
1130672	6961011	1
10441146	8816990	1
11836033	4231915	1
10403922	10403937	1
10227230	10227237	1
12506143	12513744	1
1250495	1250496	1
3622447	3622636	1
931850	931609	1
12497225	12497226	2
5379078	5379024	1
7776547	7776530	1
1894191	1894192	1
3282298	3281793	1
7463359	7688461	1
8103743	8103744	1
6922812	6922811	1
8666313	8666314	1
2370374	2370373	2
12481413	12272788	1
4127071	4127074	1
9958736	10001060	1
10729944	10729943	2
169592	168772	2
1601262	1604481	1
932777	1344600	1
273675	273931	2
12419548	12419547	1
10648384	10648383	1
9292181	9292182	1
6340384	9245273	1
10787847	10787970	1
769969	769970	1
7916959	7917001	1
11370444	11272909	1
9532052	9531940	1
11183487	11183488	1
2412152	2412173	1
10478106	10478105	1
7109778	7109838	1
3253395	3253396	1
12593125	12593126	1
7125456	7125455	1
243858	247347	1
788979	788982	2
8568227	8568222	1
6443348	6443347	1
9279035	9279036	1
33698	34690	1
3376833	3376834	1
11442591	11442592	1
1648654	1648653	1
7018542	7018485	1
8511792	8511807	1
11743541	11743542	2
10651242	10651241	1
7872291	7871874	1
11120587	11120588	1
301283	10559708	1
7817938	7733370	1
11294974	11294973	1
4512966	4513119	1
10693986	10664679	1
1033657	1033658	1
3274580	3274579	1
7787915	7787916	1
9685199	9680228	1
8756365	8767582	1
1392758	1392761	1
3520802	3520805	1
861618	861617	1
828367	827676	1
2090513	2090518	2
12796509	12796510	1
9240301	9240363	1
4371615	4371768	1
10302481	11738005	1
1198359	1198803	1
12361697	12361698	1
800281	801293	1
8796611	8796612	1
10230452	10230657	1
11814009	3049742	3
4613130	11829484	1
8416289	8416292	1
6856733	6856686	3
1781976	8026975	1
1249748	11622063	1
10891259	10892435	1
10682419	10685461	1
12226751	8986503	1
447584	447583	1
8316401	8316402	1
8107508	8107571	1
5203137	5203138	1
4154422	4154421	1
2308536	2308535	1
5588011	5587526	1
6421687	6416488	1
7977091	7977092	2
5435467	5435468	1
7629236	7629241	1
1165996	1129975	1
5443021	5454967	1
12683328	12753881	1
9785620	9329734	1
7583455	7583456	2
8621723	8621724	1
7728630	7728633	1
8889507	8889508	1
7526572	7526571	1
262925	263321	1
11317505	11317506	4
9848601	9848602	3
7752893	7752894	1
7579129	7579130	1
5664834	5664833	1
11995171	3088735	1
6054866	6054865	1
11245145	11245146	1
4146818	4146817	3
207566	207565	1
9834990	9835612	1
3828485	3828600	1
7934482	7934485	1
8664781	8663940	1
1641326	1641325	1
494592	494591	2
12395993	12395994	2
10635619	10635620	3
8197043	8193891	1
3085210	3085209	1
5317429	5317492	1
5900007	5900447	1
7862188	7862126	1
12427356	12427355	1
12149139	12149142	1
9494853	9494845	1
3193034	3193033	1
3597759	3597760	2
11681315	11681316	1
3863778	3863777	1
6682453	6681477	1
11299537	11299538	1
5159663	5159664	1
1577707	1577709	1
3628793	3631045	2
8525294	8525293	2
4987848	4988172	1
10227288	10227287	2
8606062	8606061	1
3294053	11666384	1
3439227	3439228	2
685333	685334	1
3527356	3527355	1
2095107	2095108	1
1975092	1975091	2
5427552	5427551	1
2173494	2173569	1
8864530	8864041	3
2247222	2248891	1
11865419	11865435	1
10215301	10214170	1
11489335	11489336	1
7436624	8554348	1
10761471	8986919	1
10952529	11013397	1
11400896	11400891	1
7473606	7473612	1
7943988	7943161	1
5612689	5609067	1
8765519	8765520	1
12341200	12340694	1
1302911	1302912	1
1831653	1831654	1
11876684	11876350	1
11500044	11501932	1
1641436	1641573	1
2696082	2696081	1
5571349	5571350	1
12718624	12718623	1
11072910	11072909	1
593903	592921	1
12399220	12399219	1
9938599	9938600	1
10674338	10673116	1
8622802	8623263	1
10936121	10936122	1
7195809	7195877	1
4648759	4602867	1
2306957	2305292	1
12014802	12014801	1
11372219	11372220	2
1872551	1872552	1
1586188	1586187	1
4025985	4025986	1
5807319	5807320	1
9068833	9069624	1
4052202	4006027	1
9332566	9332551	1
6836173	6836174	1
4064433	3929103	1
8531679	8531680	1
11829524	11830118	1
4432686	4432685	1
7795922	7795739	1
7004552	7002873	1
3690749	3690750	1
12681842	12681982	2
3702917	3702918	2
11766258	11785994	1
6011723	6011594	1
2316488	2315883	1
1028262	1028261	4
10279382	10279381	1
1172889	1172890	2
7598806	7598841	1
7651044	7651047	1
3355641	3355649	1
6364972	6364971	1
5365824	5365823	1
5819123	5819124	1
1307132	1307129	1
1733420	1733068	1
2270542	2270541	2
7018508	7018507	2
7860902	7861765	1
10665470	10665469	1
3146294	3146293	1
5678212	5886946	2
1753203	1753205	1
8963711	8963712	1
3738879	3738880	1
11627268	11627267	1
10907837	10907959	1
705130	705129	1
2873268	2873250	2
2103949	2103950	1
8296904	8282288	1
4046031	4046028	1
10081692	10081641	1
3302577	3302451	1
9368637	9368633	1
10711561	10711562	1
3199375	3199003	1
5469057	5469058	1
2357595	2357596	1
8797880	8797863	1
7678739	7678740	1
2614331	2614332	2
5540539	5540542	1
3133434	3133404	2
8512471	8512472	1
12042654	12044732	2
9309675	9311977	1
11109176	11109173	1
740131	740132	1
7899032	6101925	1
1003570	1003569	1
9916612	9916611	1
11726101	11726102	2
6310765	6741315	2
12683919	12683926	1
3049225	3049226	1
9979184	9978653	2
10997703	10991046	2
2718675	2718676	1
8578125	8578126	1
5011037	5011038	1
10825639	1034281	2
835485	835486	1
1123886	4066550	1
3753301	3753302	1
3921924	3924162	1
8640083	8638277	1
5979261	5979262	1
10958226	10958582	2
3891554	3891553	1
1991190	1991189	1
6778131	6778132	2
1546995	1546626	1
1069461	1069462	1
8081809	8083811	1
3934157	3934158	1
1722605	8446894	1
4180265	4180903	1
8181956	8181951	1
5939655	5939656	1
1727043	1727152	1
7345733	7346001	1
3164390	3164389	1
8230762	8230761	2
5982468	5982465	2
5010041	5010042	1
11626715	11274094	1
8768065	9285645	2
4007001	4007004	1
8573128	8573127	3
4117824	4117724	1
6797228	6797225	1
2021819	2021084	1
7869248	7869232	1
12242520	12242519	1
2706047	2706048	1
5510888	5510876	1
6454138	6454137	1
11367606	11367419	1
7446739	7446748	1
272792	272791	2
355334	355333	1
2146872	2146874	1
10413862	10413861	1
1525095	1526621	1
11791559	11791560	1
1823008	1823138	1
5394986	5393924	1
2370597	2370038	1
4864732	4863278	1
3634160	3633525	1
10768854	10768853	3
1477798	1477797	1
10812668	10813096	1
1763353	1763354	1
3777343	3777353	1
8375737	8375738	1
11396111	11395473	1
6382022	6274794	1
2173389	2173087	1
3678842	3681088	1
6052647	6053402	1
1281197	1281220	2
687698	687695	1
4138576	4138575	1
3922508	3923236	2
1720533	1720536	1
2275523	2275524	1
11518354	11517365	1
12238156	12238174	1
3899428	3899425	2
4571126	4571121	1
3552050	3552049	1
5164438	5164435	1
3447646	3447645	1
406014	406013	1
10798338	10798337	1
9046352	4826602	2
7305360	7305359	1
7207818	7207778	1
12239572	12239571	1
3983681	3984579	1
615788	613763	1
9499216	9499213	1
10128008	10127256	1
8996736	8996708	1
6430732	6430731	1
7644123	7596454	1
5662804	10780330	2
7734719	7734720	1
2971105	2975001	1
1396165	1394936	1
5006830	5006829	1
9361457	9361458	1
7661506	7661505	1
12290047	12290048	1
12465229	10437193	1
7012961	3259006	1
1580684	1580683	1
12155503	12155504	1
12226082	12189011	1
2632731	2640645	2
1296736	1296735	1
11408754	11408753	1
12723023	8950010	1
6751181	6751162	2
7086793	7086810	1
4988606	4988585	1
3276737	3276738	1
430385	430390	1
7264775	7264478	1
3490544	3490767	1
9349335	9349367	1
12461118	12461143	2
2606619	2606594	1
10982853	10982933	1
1129190	3653570	1
5099327	5099328	1
2786009	2786010	1
9877795	9877796	1
5897974	11688491	3
9836889	9836890	1
4801481	4801482	1
7180742	7180741	2
8413539	8413540	1
11914147	11914148	1
9294291	9294120	1
7833885	7833910	1
10929400	10904684	1
6915954	6915953	1
663942	663932	1
10770628	10770627	1
6189392	6193973	1
11718157	11717914	1
12203910	12203881	1
250521	250524	2
2365731	2365732	1
10688362	10688209	2
1785593	1785421	1
10040687	9939829	1
2007557	2007558	1
1779103	1779104	1
7653632	7653569	1
7175309	7175313	1
3310335	3310336	2
2427065	5966374	1
45328	45327	1
908092	908104	1
635653	635654	1
4819755	4820517	2
10711860	10708321	1
11918985	11918986	1
7645659	7646576	1
11820193	11820194	1
11197541	11197542	1
11276992	11276991	1
624702	624699	2
10462218	10462037	1
2893487	4071076	1
2453921	2454441	1
11499296	11499300	1
11822802	11822801	1
7705075	7705076	1
6871430	6871429	1
11932103	11932061	2
12734443	12734444	1
7889857	7889858	1
12419333	12419303	1
6757036	6757042	1
10802711	10802698	1
8305158	8305157	1
2451763	2451764	1
10299946	10299926	1
5925870	5926721	1
2538731	2538732	1
7425827	7426064	2
3950514	3950511	1
7436825	7436826	2
9647904	9647903	1
11783482	11783481	1
884518	884517	1
10718241	10718235	1
7876756	7745442	3
4069576	4069573	1
3871932	3871893	1
9846657	9846658	1
6468531	6468555	1
814858	814857	2
647932	7149216	1
7214885	11176310	1
2274422	2274421	1
11039282	11039291	2
779555	563057	2
7735699	7735700	2
773096	773093	2
1035080	1035079	1
4011864	4011863	1
4279499	4279500	1
9569504	9569604	1
7982405	7982406	2
1538377	1538382	1
1882024	1882074	1
4619293	4619320	3
1187887	1045275	2
4807095	4579955	2
7421409	7421410	2
11399960	11399959	1
7381256	11172206	1
2116374	2116373	1
11409331	11409332	1
8292082	8220372	2
1748921	1748922	1
3798884	3798883	1
8867780	8867779	1
6712654	6712653	1
2174565	2174584	1
4988855	4988856	2
12653668	12653667	2
8872293	8872282	1
5888933	5888934	1
1751718	1751715	1
7914089	7914082	1
3562341	3561683	1
5149297	5149298	1
6008932	6008931	1
5804431	5804392	1
6378286	6378206	2
11321340	11321339	1
9003287	8250332	1
5688691	5688692	2
6014272	6014577	1
3978365	3978366	1
7257411	7257414	1
11538015	11536813	1
2112654	2116955	1
11736007	11736008	1
6910766	6910510	1
1778442	1778441	1
7446478	7446475	1
12031523	12031526	1
658134	658133	2
9709170	9709169	1
12209018	8512988	1
7994606	7994603	1
10762878	10762877	1
7397845	7396507	1
6643645	6643648	1
9780329	9780330	1
12474757	12474758	1
9502377	9501761	1
2655229	2655239	1
7190338	7190337	1
11395939	11395940	1
8520343	6291497	1
12371549	12371571	1
425783	425784	1
3565119	3565120	1
12227833	12227854	1
9272961	9272962	1
4607999	4608097	2
6180770	6180310	2
5892523	5892524	1
7832828	7832827	1
1318560	1318581	2
1705186	1705286	2
9095580	9095579	1
4235721	4235722	2
7151711	7151712	2
473743	473071	1
7782032	7782031	1
6652075	6652076	1
11806519	11807726	1
9995540	9994157	1
12605351	12605352	1
10574398	10574197	1
8841764	8840839	1
303341	303425	1
8225043	8225044	2
11469036	11469033	1
7446316	7446315	1
7772364	7772443	1
2372814	2372813	2
2801475	2801476	1
10190361	10189489	3
6598877	6598878	1
1505556	1505784	1
10494097	10494098	1
12102357	12102358	1
10477029	10477096	2
10770264	10770263	1
10860042	10860041	2
12141609	12141610	1
3137509	3137510	3
2790566	2790523	1
8168360	8168476	1
11316553	10753580	2
12724949	12460103	1
10397507	10397508	1
5353149	5353212	1
11992705	11992706	1
12750834	12750833	1
5373542	5373483	2
5533936	9316802	1
5758269	5758270	1
4144153	4144154	1
1576184	1574231	1
4586771	4586772	1
7179673	7179678	2
2414349	2412911	1
11583385	11583386	1
11387183	11387184	1
11749076	11749112	1
11041478	11001282	1
7719542	7719550	1
3543694	3543720	1
5153949	5154810	1
12199195	12199192	1
5507797	5507798	1
9715806	9715805	1
11027559	11027590	1
2477887	2477888	1
1010440	2033033	1
7653632	7653631	1
9335557	9335562	1
7089456	7345588	1
8797494	8797491	1
6729267	6729268	1
806905	12571787	1
4233462	4233081	1
6768548	6769709	1
7550333	7550334	1
11150468	11150470	1
4575379	4575380	1
6129828	6127560	2
5280770	5280769	1
12197811	12197793	1
8486796	8486802	1
7015371	7015375	1
8880536	8880535	1
4348926	4348925	1
2830442	2830436	1
6098743	6098744	1
9945916	9950262	1
10850004	10851291	1
12761403	12761408	1
6953740	6953739	1
316072	5061725	1
9646487	9646490	1
425018	425017	2
7628978	7632400	1
6732046	6732018	2
5623841	5621700	1
7353944	7353943	1
6011683	6011684	1
11448220	11448219	1
2842380	2842377	1
12208714	12182713	1
8666637	8664820	1
12463146	12463145	1
351473	351474	2
11117844	11117841	1
6212985	6213304	1
1358992	1359397	1
12180682	12180681	1
10552871	10552778	1
8099966	8099965	2
587321	587322	1
4125594	4125591	1
8696511	8722570	1
1841824	1842573	1
2594749	2255516	1
158217	158218	1
4320047	4320048	1
11616329	11616330	1
3467084	3468022	1
7853611	7853944	1
5952849	5953331	1
354732	354731	2
3592107	3592264	1
9189541	9189542	1
3993905	3993906	1
6181124	6181123	1
5991566	5991565	2
8842699	8842700	2
11762133	11762134	1
11325819	5894775	1
4205373	4205376	1
4041405	4114342	1
10757730	10757729	1
12461752	12461828	1
6364932	6365030	1
2342550	2342545	1
1722508	1722507	1
844062	844052	1
4642492	4642482	1
10685564	10685563	2
5164983	5164975	1
8082110	8082113	1
10365978	10365977	1
1190974	1196899	1
5795081	5795082	1
8829732	8829861	2
10335484	10335463	1
5356152	5349553	1
8633833	8633834	1
10971384	11112860	1
9544174	9544173	1
6134036	5989616	1
366680	366704	1
3360737	3360738	1
2004015	2004018	1
4002576	4091775	1
5427521	5427615	1
12203663	12203664	1
5448278	5450765	2
11730312	11730311	4
285247	285571	1
9285164	9285163	2
1720666	1720663	1
7277898	10882964	1
11337269	11340513	1
8722125	8722126	1
2814224	2814223	2
5657698	7842257	1
2463565	2463581	1
10648121	10648122	1
2339854	2339853	1
5391827	5391813	1
24420	24419	1
4279712	4279711	1
12240155	12240144	1
10251063	10251018	1
6049059	6045774	1
4824528	4824527	2
10091506	10091450	1
6127399	6127402	1
4189511	4189348	1
11281044	11279599	1
9800945	9800946	1
4071324	4072312	1
10330487	10329998	1
827260	827259	1
6525752	6525755	2
2639382	2643708	1
4531915	4531916	2
1645502	1644556	1
12255623	12255604	1
6120714	6120713	1
5381356	5381355	2
10662580	10660757	1
4054810	4054809	1
5723759	5722996	1
5692426	5692425	1
6749274	6677911	1
12291666	12291099	1
9030379	9030380	1
3003781	3005968	2
10718376	10718375	1
5559749	5559753	1
6625313	6628549	1
328861	328996	2
7688755	7688737	1
11113934	11113733	1
11923143	11924755	1
5430421	5432230	1
6079947	6079978	1
11813695	11905584	1
915436	911216	1
6742466	6742646	1
6939538	6939535	1
6122616	6122618	1
7590869	7590683	1
2928858	2928857	1
8046810	8046809	1
2217907	2217896	1
8708428	8708445	1
5811829	5811830	1
5524404	5524403	1
3624624	3622960	1
10980341	10980354	1
7778060	4685087	1
342118	342117	1
2243177	2243189	1
3714736	3714735	1
4431967	11741579	1
12722294	12722498	1
113407	113408	1
3162880	3162879	1
9729266	9729265	3
10609616	10609592	1
6247542	6247536	1
2865748	2865747	1
11409705	11409706	1
9442035	9445098	2
2834663	2836647	1
7901539	7901292	1
1785313	1789938	2
12627349	12790372	1
6729954	6729957	1
7771023	7771024	1
7133156	645829	1
1287555	1287556	1
12508738	12508737	3
8830082	8830081	1
9285927	9285930	1
5231307	5231308	2
3522891	3522889	1
1665841	1662859	1
7932020	7931594	1
7101377	7101374	1
10721264	10721263	1
10360887	10360888	1
6531983	6548352	1
7270541	7270542	1
12649458	12651125	1
10170703	10170704	1
6562783	6563518	1
2742108	2742132	1
69535	69536	1
772297	771390	1
8292077	8292078	1
6896614	6896384	1
11577819	11577820	1
8829085	8829086	2
3741015	3741016	1
2779992	2779505	1
838472	4322222	1
9360112	9357935	1
7263677	7254967	1
3555734	3555733	2
5042387	3705133	1
9360957	9360960	1
11487259	11487262	1
11766723	11766730	1
4855697	4855698	1
11924734	11924733	1
8152471	8152472	2
10610333	10610339	1
4046811	4046812	1
6491464	6491463	1
5732834	5732832	1
474850	474849	1
11392418	11391381	1
1612847	1612848	1
2235881	2235601	1
12661494	12661491	2
5608311	5608304	2
8428717	8428408	2
7717851	7719202	1
421711	10469385	2
1572020	1572023	1
8533108	8533107	1
11088879	11088880	2
11416898	11416897	1
7693613	7693614	2
8243153	8243059	1
6162379	6162380	1
10651604	10651649	1
11635483	11603659	1
6575524	6575523	1
3593879	3593872	2
6033356	6033764	1
5784528	5784498	1
3613913	3613914	2
9000636	9000635	1
3044598	3044510	1
4941707	4941705	1
9294684	9294858	1
5394986	5393926	1
5102306	5102324	1
2049953	2095106	1
5349825	6970676	1
5209306	5209305	2
4162106	4162039	1
4607878	4607877	1
4022297	4023539	1
1006726	1006925	1
3152426	3152425	1
6214111	6214088	1
12412775	12412776	1
10953964	10953963	3
3715330	3716266	1
11122054	11122035	1
11445715	12421831	1
6258679	6258680	2
5053294	5053293	1
4539808	4679931	1
3624388	3624385	1
4871975	4871865	1
2266170	2266167	1
2361171	2361172	1
4582049	4582050	1
11260247	11526241	1
9374398	9374397	1
6243341	6243333	1
2088023	2088024	2
7354715	7265444	1
7026155	7026156	1
6773285	6773286	1
4383662	4383661	1
6166029	6166030	1
7353532	7353531	1
7705135	7705074	1
12459135	12459037	1
10492099	10492100	2
8551995	8551996	1
5762509	5759924	1
8209899	8209900	1
750789	750790	1
1503058	1503039	1
652997	653005	1
1617880	1617879	1
11678551	11678552	1
5149745	5149303	1
11417083	11417006	1
11604650	11604649	1
11765214	11765493	3
2324077	2326221	1
8972487	8972653	1
3944190	3943511	1
12555090	12555922	1
5735519	5735520	1
5758594	5759895	1
10832252	10830774	1
1346539	6938429	1
11058630	11006291	1
8042597	8042598	1
1793108	1793107	2
6641734	6641733	1
9101218	9101217	2
4681753	4681756	1
3521598	3521597	1
7863731	7632931	1
3952293	3952294	1
5817784	5817783	1
3970195	3970198	1
2888208	2888207	2
2383902	9825307	1
10054151	10054859	1
6505204	6507414	1
8421613	8421614	1
3133563	3133558	1
6313237	6313247	1
10898465	10898466	1
1201654	1103198	1
1115564	969019	2
172090	171862	1
6254161	6254162	2
3203468	3203467	1
1320668	1320671	1
11861894	11861893	2
528637	528764	2
6282106	9284533	1
12205397	8821367	1
2958029	2958024	1
4624456	4624485	2
10443454	10443453	2
5630968	5630977	3
422354	422353	1
4852050	4852074	1
5562222	5562225	1
5510562	5510358	1
6431630	6431498	1
11874420	11874419	1
12698355	12698356	1
10730342	10730347	1
2058353	2058483	1
544305	544310	1
5657819	5657820	1
5163489	5163490	1
5350606	5350648	1
5294971	5294972	1
9452525	9452528	1
5136366	5136365	2
11471082	11460506	1
1146917	1146918	1
1092530	6248955	2
7661926	7662119	1
11320342	11320345	1
3755138	9094400	1
9543249	9543053	2
5160660	5427050	1
4528000	4585726	1
58457	62162	1
287645	287646	1
11143753	11131457	1
11906151	11906152	1
11856260	11856247	2
10927275	10927278	1
1317235	1317236	1
7817605	7818208	1
8431614	8384879	1
5351526	5351776	1
8981881	8981877	1
3554390	3553663	1
10460601	10460602	1
12187178	12187177	1
11967354	11967353	1
3676495	3676496	1
11243369	11243370	3
9433759	9433760	1
5308649	5313009	1
9160175	9160168	1
3580752	3580751	2
3341158	3341185	1
11966150	8292370	1
10071553	10071568	1
4940755	1391572	2
10337504	10333160	1
7631498	7631497	1
4664390	4664389	1
12134257	12134260	1
5453596	5453555	1
936648	936647	1
6558277	6553122	1
252937	252938	1
3565422	3565419	2
9969406	9969405	1
3195088	3195087	1
10875907	10875908	2
12360394	12360393	1
7957431	7957432	1
8049352	8049351	1
4955130	4955129	1
921313	921318	1
1612836	1612835	1
5292030	5292029	1
2895800	2895799	1
4337221	4337109	1
473080	473077	2
11725890	11725861	1
1841273	1841274	1
6531983	6548350	1
4103566	4103563	1
6660653	6660654	1
3061821	3061835	1
2469187	2470788	1
7828673	7829487	1
7050997	7050998	1
11786566	11787100	2
12801721	12801722	2
10968292	10959066	1
1130713	1130666	1
857908	857907	1
10633880	10631058	2
2124677	2124678	1
5930746	5936032	1
10450200	10450197	2
3325383	3323831	1
7802523	7802475	1
12016179	12014801	1
7268202	7268201	1
6263047	6263048	1
9328555	9328701	1
5447568	5447567	2
11909195	11909196	1
4046803	4046804	1
3422329	3422970	2
3485463	3485464	1
11078807	11005731	1
5485452	5485451	2
4407652	4407658	1
12156563	12156564	1
11096403	11100452	2
82893	82894	1
425820	423203	1
10489529	10489553	1
3239806	3240932	2
2588674	2588671	1
18730	18729	1
7956421	4786468	1
4867219	5003735	1
11101698	11101754	1
338535	339282	1
7093064	7093063	1
12163426	8997968	1
3728205	10325041	1
11296965	11296966	1
12463589	12463590	2
6935531	6935534	2
12660858	12752814	1
11174258	11182719	1
10456922	10452945	1
8587877	4655095	1
1541429	1542313	1
8404540	8404445	1
3154675	3154676	2
7954807	7954808	2
3088098	3088087	1
2779162	2859682	1
4693427	9071761	3
7467865	7467866	1
2373598	2373597	2
10647206	11907519	1
2901653	2904848	1
11346255	11346256	1
11221146	11221145	1
5427083	5427053	1
11940848	11930168	1
12365210	12370435	1
5198718	5086374	3
3383371	3381570	1
4136955	4136956	1
12497112	12497111	1
8652334	8652331	1
6772227	6772228	1
4388202	4388129	1
10344392	10344391	1
7084300	7084299	1
8708399	8708400	1
2718727	2718722	1
12285254	12287383	1
984005	985285	2
2247208	2247192	1
8645111	8645112	3
151152	151151	1
11916846	11916849	1
11319256	11319255	1
4517204	4516940	1
1014741	1015560	1
1988041	1988042	1
7257307	7257308	1
1083322	1083306	1
3492893	3492894	2
3055375	3054689	1
10497732	10497731	1
11990093	11990094	1
8327008	8340612	1
3051516	11844344	1
5454731	5383616	1
4953869	10375801	1
11819491	11819492	1
11818430	11818429	1
6443250	6443249	1
10452102	10451190	1
2677860	2677864	1
9901284	9903546	2
2547959	2547960	2
4531919	4531933	1
293986	293983	1
6414086	6414085	1
1887723	1887720	1
9559772	9559260	1
8630812	8630807	1
5368481	5368483	1
12537393	12537396	1
636026	635995	3
6810002	6810001	1
11459832	7954533	1
3424115	9300758	1
8307208	8306913	1
2600756	2600788	1
1725801	8572388	1
7099433	7099436	2
1132438	1132437	1
6288580	6288579	1
1773386	1773385	1
10988339	10988334	1
9926779	9926780	2
7471787	10814241	1
5949163	5949166	1
3043401	3043402	1
7831918	7831917	2
5202978	5202973	1
6189399	6189426	1
5671884	5671883	2
6273603	6274000	1
5734727	5734728	1
7648997	7648924	1
3155451	3155452	1
10717560	3196021	3
6336275	6336276	2
5131070	5131069	1
9376685	9376686	2
3524529	3524530	1
3000649	3000157	1
5375100	5375099	1
11435863	11435864	1
6139166	6139188	2
9097656	11870070	1
1394260	1395109	1
371347	651681	2
10102288	10102285	1
11536721	11536949	1
4838701	4839310	1
5981774	5981773	1
5411958	5411957	1
6740045	6740046	2
2161103	2161104	1
10626243	10626244	1
2239553	2423519	1
4586766	4586778	1
6680203	6680210	1
11417858	11418470	1
10348355	10348366	1
185767	184271	1
814029	814030	1
11022978	11022977	1
11258520	11258519	1
4088855	4088600	3
3100424	3100421	1
6331282	6331281	1
3652916	3652941	3
9239615	9239616	1
8206859	8211007	1
8541248	8542247	1
4551611	4541133	1
639614	639608	1
11455353	11455354	1
6844264	6844263	1
7173991	7173989	1
12161288	12161287	1
4427783	4430156	1
5594735	5594736	1
11771177	11829656	1
10270366	10270365	1
4103568	4103567	1
11918899	11909686	1
3258267	3253370	1
10478415	5514083	1
3993359	3993360	2
7794384	7794380	1
1050506	1050311	1
5370265	5370266	1
2938793	3139429	2
2969824	2969823	1
6296933	6296934	1
641453	782698	1
10176346	10176345	1
2522132	2522131	1
8388447	8388448	1
333640	4005312	2
3834027	3834028	2
5831027	7741035	1
3295735	3295736	1
8860334	8860333	1
109226	109225	3
5415775	5415776	1
6371402	6371401	3
10835664	10835715	1
2534506	2534503	1
12204441	12204270	1
10986963	10986966	1
11118781	11118782	1
2262910	173320	1
9784264	9786766	1
931038	931005	1
11366880	11366896	1
11472825	11473225	2
2403707	2403708	1
2850277	2850280	2
10071264	10071263	1
873184	2555534	1
5153056	5153068	1
5149431	5149432	2
9903216	9903222	1
1002371	6835009	1
343239	343240	1
4106138	11787717	1
11961503	11961504	1
6121916	6121915	1
8782682	8767307	1
2577056	2577055	1
6857543	6857544	2
11299015	11299016	3
3379486	3379485	1
2255339	2255340	1
6192262	6192261	1
8648274	8648273	3
11473803	11473804	1
10117536	10117535	3
3132091	3160826	1
11262480	11262477	1
9280945	9279709	1
1532344	1532343	1
1447336	1447335	1
4660973	4660479	1
4751321	4751322	2
9669761	9669762	1
7098032	7098031	1
2939219	2939220	1
8186889	8174749	1
2150948	2151476	1
10643999	10644002	2
9328482	4014546	1
860396	860395	1
2673695	2673696	1
8841052	8841051	1
10226419	10226405	2
790339	790342	3
8851287	8851981	1
4284175	4284176	1
5808413	5808646	1
7518486	7518483	1
7048859	7048539	1
9825837	10516749	1
3382496	3382495	1
3655316	3651629	2
11989452	11989451	1
1034467	1034468	1
358629	358557	1
9661338	9783291	1
1243985	3784190	1
11446801	11446803	2
4612466	4612534	1
8652551	4697242	1
12538567	12538568	1
524418	524417	1
3873176	3873175	1
9948816	10089327	1
3660504	3660503	1
11475526	11475525	1
6870830	6870829	2
10982161	10982162	1
8404392	8404391	1
1338108	1337972	3
422369	422370	1
10904643	10904644	2
11371919	11371920	1
10313332	10314153	1
1541855	1545499	2
711869	721569	2
9697744	9694343	1
12274155	12147202	1
10778737	11725977	1
9891835	9891836	1
1568189	1568190	1
12022185	12022186	1
8447985	8443793	1
6175837	6180505	1
7586887	7585362	2
5536043	5536044	1
5880473	5878204	1
11616076	10758022	1
4752401	4752402	1
4501463	4500475	2
4061757	4061758	1
12236386	8952184	1
10895463	10895464	2
3515879	3515880	2
8980227	8981151	2
2988652	2988651	1
11660636	11660609	1
6316995	6315954	1
8749807	8749808	1
11811607	11806856	1
3729255	3728065	1
6145073	6144884	1
3097785	3093275	2
515393	516195	1
2430717	2430718	2
1985316	1984985	1
12482198	12482197	1
10959559	10959560	1
8762566	8764393	1
8901911	8901865	1
6159168	6159165	2
8821273	12323941	1
8054781	8054695	1
5059722	5060406	1
9418710	6121917	1
2680261	12401036	2
12192039	12192040	1
10358254	10358253	2
595516	595502	1
11942350	11944041	2
11304714	11304713	1
6847340	6847313	1
7263677	7263678	2
10458752	10746355	1
12396781	12396782	1
11378138	11378133	1
2291848	2291828	1
11875568	11875244	1
12019933	12019934	2
988028	988027	1
1941440	1941231	1
11660574	11660573	1
3941600	3941599	1
7933598	7933597	2
10608518	10608683	1
5057550	5056769	1
9071996	9071993	1
6557511	6557975	1
5569189	1726563	1
11875032	2301667	1
4261369	4261370	1
3831309	3831050	1
3165864	3165849	1
5673408	5672682	2
10140764	10140745	1
5551585	5552242	1
3692053	3692054	1
6550190	6544534	1
3556289	3556290	1
10882045	10882046	1
5309628	5309627	2
11874046	4575269	2
2122110	2122109	2
7343398	7343397	1
10198381	10198384	1
4497154	4497153	2
6184484	6184468	1
9359696	9359701	1
7930735	7930738	1
4105892	2898003	2
12632299	12636259	1
2842693	2842694	1
5511516	5511515	1
10578066	10578065	1
806760	806759	1
4374203	4374206	1
1240131	1240153	2
929827	929828	1
7517955	7517948	1
1443580	1443579	1
7390182	7390181	1
10285792	10285810	1
7625518	7625517	1
9244520	9246512	1
912717	912666	1
10802235	10802236	2
5460920	5458924	1
2621167	2621799	1
183041	183042	1
11832981	11834257	2
5651111	5651112	1
3984739	3984740	1
11146375	11146376	1
5442967	5442968	1
5599673	5599674	1
7660733	7660734	1
5336827	5336843	1
10208137	10208138	1
1089162	1089340	2
6752374	6796709	1
7699403	7699404	2
4353018	4352934	3
6172710	7943088	1
1361068	1361067	1
6503399	6497714	1
10769140	10769139	2
8815811	8815834	1
9616883	9616884	1
3359783	3359784	1
11529436	11529476	2
5471507	5534832	1
752686	752685	1
11583521	8879355	1
3110626	3110625	1
1796109	1796110	1
7335532	7335531	2
5049951	5049930	1
1595026	1595022	1
4738555	4738547	1
1052401	1052402	1
2815706	2815300	1
5941630	5941629	1
4993843	4993794	1
593209	592150	1
7408367	7408133	1
7468387	7468479	1
6813815	6813820	1
5644717	5644718	1
6755951	6755628	1
296111	296112	1
8376546	8376553	1
3316316	3316315	1
11701180	11701179	1
11774179	11774863	2
8557153	8556776	1
9280094	9281489	1
6846555	6846556	2
9118993	9118994	1
9097756	9097768	1
8419034	8419062	2
9340934	9340933	1
6474691	6474692	2
10848821	10848824	2
6813693	6814100	2
7550692	7551383	2
11322777	11322778	1
1989261	1989841	1
1616202	1613913	2
8545014	8545097	2
9762232	9762231	1
7771715	7771716	1
8517020	8517019	1
11166281	11166282	1
2377683	2377671	1
7973970	7973969	1
9081946	8972219	1
11086647	11086575	2
5236050	5236041	1
2559889	2559892	1
445321	445224	1
6106402	6106401	1
744369	744391	1
4228321	4228322	3
8283610	8283609	1
10482053	10482207	1
12797938	12797961	1
7684971	7684972	1
6103085	6103086	1
11680323	11680324	1
11580110	11580109	1
718565	573949	2
6158872	6158881	1
11751098	11750853	1
12796641	12796642	1
5980567	5980570	1
11939696	11939668	2
12453908	12453907	1
5982598	5982597	1
5210438	5210437	1
5526953	5526304	1
3209743	3209744	1
10650364	10650363	1
8564443	8562680	1
3964717	3964718	2
12723311	12723326	1
5596363	5596338	1
6938275	6938316	1
7039598	7039569	1
3261660	3261659	1
11582751	6137564	1
7015456	7014981	3
3762408	3762407	1
9521233	9521234	1
10431145	10430499	1
3221366	3221365	1
7838149	7838150	1
10896283	10896284	1
7608952	7608999	1
11530246	11389688	1
2209253	2209289	1
3457290	3457289	1
10608255	10608256	1
762425	762823	1
6471878	6471877	1
4510145	4510146	1
12603133	12610403	1
11640807	12143537	1
2811915	2811918	2
10809816	10809815	1
1711975	1711976	1
5645021	5645750	1
11087235	11087236	1
12646997	12647000	1
9511011	9511012	1
1190282	1282222	2
5893032	5893031	1
11172456	5022596	1
1974563	2241709	1
5885415	5885447	1
12595172	12595171	1
10280355	10280356	1
8052444	8052443	1
4504379	4504428	1
7919736	7919840	2
1572022	1572021	1
4189852	4189555	1
3852031	3851321	1
8878285	11575723	1
1515768	1515798	1
8338179	8338180	1
11824035	11824036	2
2165474	2165473	1
2660964	2660963	3
1735405	1735372	1
6617652	6617651	1
702503	702497	1
8728139	8727516	1
4167816	4167815	1
7345709	7348310	1
6199464	6199463	2
12152863	12153429	2
12762334	12762409	1
8345617	8345922	1
8880409	1819244	1
2798484	7476931	1
11265119	11265122	1
2007559	2007560	1
3549916	2666110	2
2199551	2199552	2
3030799	3029789	1
10518175	10518176	1
254926	254923	1
875670	7180972	1
7330316	7330220	1
12718659	12718660	1
3234765	3234766	1
12152463	12204532	1
7395644	7395643	2
7432686	7432685	2
8708430	8708429	1
6748933	6748934	2
7948807	7948808	3
11586711	11599389	1
9731422	9731421	1
4370761	4370762	1
9744630	9744629	2
6580480	6580505	1
4527484	4527483	1
1032497	1032498	1
8407420	8406575	1
1737073	1737074	1
2342027	2342028	1
7293423	7293415	1
6859127	6859128	1
7864265	7864258	1
9097049	9097050	1
2881805	2881808	1
9119107	9119145	1
8103808	8103805	2
364002	364001	3
6974584	6982806	1
8601134	8601068	1
6030232	5978733	1
11515458	11515537	1
10903739	10903740	1
7709380	7709379	1
3756197	3756198	1
9062678	9062489	2
503248	503260	1
7495015	7495053	1
9427984	9427983	2
10756881	10756882	1
4258658	4258675	1
6686922	6686921	1
2903789	2904490	2
11428437	11428438	1
11031276	11031275	2
3083949	3083950	1
11705552	11705551	1
474848	474847	1
3500680	10208136	1
5899211	5899212	1
2603444	2603443	1
1626176	1626179	1
6319003	6319004	1
3052998	3053017	1
11454998	12333886	1
8834872	8834888	1
9565864	9623610	1
12575176	12575316	1
8638736	8638342	1
7872988	7872987	2
8401356	11985763	1
8830773	12713608	1
2740510	2740526	1
2142419	2142420	1
11090946	11091055	1
9779148	9779903	1
11627266	11627208	1
268818	268817	1
3769278	3769277	1
4497167	4497168	1
10119321	9959557	1
11543419	11543420	1
10758106	10758104	1
5227103	5227104	1
8540786	8540595	1
2567826	2567840	1
1099646	1099645	1
7449330	7449329	1
6510000	6509999	1
8869042	8869037	3
8019479	8019480	3
1266005	1266006	1
9089380	9089379	1
7772367	7772368	1
8429161	8429162	2
755712	755711	1
5364491	5364496	2
8477066	8477395	1
3913328	3913325	1
4242784	4242783	1
650213	650214	1
11444868	11444867	2
6968941	6968942	1
3261920	3261919	1
9973049	9974093	2
11659895	2642173	2
5294903	5294244	1
8048765	8054257	2
1520827	1520828	1
3631607	3631852	2
2768094	2768093	1
7218374	7218373	1
7325957	7325923	1
2496276	2496273	1
3458717	3458718	1
2557796	2557795	1
11135139	11135140	1
11498389	11983461	1
2908676	2853509	1
1696697	1696698	1
1313249	1170998	2
1954696	1949794	2
8917491	8917492	1
7296916	7296913	2
9358362	9431440	1
7372673	7372393	2
2026121	2026122	1
8987721	8990091	1
8906976	8906975	1
7000862	7000861	1
750868	750327	1
585610	585609	1
8680052	8680077	1
10357343	10357344	1
8447354	8447348	1
6897922	6895902	1
11922017	11669114	1
11565910	11565719	1
7815644	7815763	3
11618163	11618133	1
11177605	11177888	1
3073299	3073315	2
7804965	7804928	1
2779233	2779234	1
5021025	5021026	2
11109935	10870504	1
6097961	6097962	1
3250772	3250771	2
1351315	1351316	1
8905051	8905054	1
440670	7027512	2
177665	9884	1
11250823	11258966	1
4551222	4551221	1
4986757	4986129	1
2540739	10716942	1
423871	423872	1
174121	174893	1
9918034	9918091	1
5104697	5104704	1
12392488	12392483	1
4769233	4769236	1
11674917	11674874	1
6467669	6467670	1
10219793	10219794	1
9587731	9587732	1
1399210	1399209	1
8673658	2138853	4
223616	223625	1
7602769	7598547	1
67686	36030	1
6394277	8063911	1
7731561	7731465	1
6590716	6590714	1
6682623	6760832	2
11698625	11698756	1
1159135	1155263	1
8126129	9419554	1
6530716	6530715	2
2605553	6147717	1
5203884	5203883	1
4468651	7744712	1
3908065	3908066	1
10769517	10769518	1
4676875	4676876	2
3989800	3989791	1
3341710	3341723	1
809503	809515	1
8949950	8949949	2
3998574	3998776	1
9149321	9150524	1
11394138	9097339	2
12478261	12478263	1
8751098	8750838	2
11778955	12278668	2
6222914	6336471	1
3513320	2226356	1
7768073	7768074	1
5279978	5279977	1
11689148	11688309	2
10765486	10765485	1
11591446	11591443	1
6421865	6421868	1
2832485	2832341	1
7096562	7096559	1
675598	675607	1
2003752	2003751	1
5018141	5018142	1
764619	764620	1
8109182	8109219	1
8535455	8535456	1
4013999	4014000	1
11157063	11157064	1
2411179	2411152	1
3369993	3369994	2
9076744	9076743	1
9395402	9395401	1
10906838	1703168	1
9100419	9100250	2
8224031	8224287	1
7029355	453224	1
12350187	12350188	1
11328304	11370256	1
2618599	2623654	1
10460310	10460600	1
12750473	12750474	3
3266093	3265425	1
11521576	11521575	1
11377722	11377721	2
4238521	4238522	1
7007288	7007287	1
4856576	7899102	1
10205224	10205227	1
432998	435959	1
6680278	6680277	1
3579229	3579230	1
6041788	6041787	2
6553639	6553640	1
8961585	10440280	1
8700836	8700835	1
3235186	3235164	1
9541395	9541396	1
7399789	7400116	1
4056511	4055899	1
9365848	9365846	1
2907711	2890095	1
4275986	4276018	1
3929419	3929420	1
4859253	4859230	1
7448902	7449201	1
6235279	6235274	2
5564464	5564656	1
11932775	861474	1
960905	960906	1
3994964	3994886	1
1459901	1460160	1
1406598	1406601	1
4104666	4104623	1
4697842	4697841	1
9818272	9818530	1
9990331	9990332	1
1139068	1139028	1
6316913	6317098	1
7002789	7002790	1
3819961	3819962	1
4055709	4055710	1
7591511	7591781	1
4598738	4606464	1
3888223	3888224	2
540249	540250	1
9185506	9185505	1
8378092	8379093	1
12527711	12531685	1
6915645	6915646	1
2234362	1968194	1
10577918	10729949	1
1758941	1758942	1
547422	547546	3
2256408	2256407	1
1616338	1616337	1
4390747	4390748	1
516953	418558	1
7020457	7020458	1
10498793	10498794	1
147502	7020885	1
5239326	5239325	1
3476560	3450691	1
12384202	12384201	2
3731808	3731807	1
6267499	6269899	2
10165534	10161478	1
5524689	5524692	1
1912080	1912079	1
11438671	11438672	1
6309873	6309874	1
7095668	7095667	3
10745904	10745784	1
2519662	10450445	2
3557696	12462588	1
3874711	3874712	1
4880270	4880269	1
7968434	7968433	1
6887182	6887181	2
6844499	6844502	1
9343093	9341487	1
10569366	10436937	1
10258205	10258193	1
7866011	7866012	1
12267569	12356589	2
12186173	12184523	1
6207881	6207882	1
11987777	11991986	1
4043740	4043739	1
11343393	11343396	1
1736973	1736044	1
12453338	10772238	1
128157	310693	1
8513273	8513649	1
12045622	12046029	1
4597024	4597023	1
8031525	8031526	2
9488554	9488553	1
11458916	11458915	2
12464597	12464598	1
8965489	11397882	1
1579211	1579212	1
3329093	3328852	3
11617220	11577303	1
4954020	4953915	3
9000787	9000765	1
7167129	7167132	1
59843	59844	1
9320174	9320173	2
10335493	10335512	1
6569338	6637783	1
318954	318953	1
10359953	10359941	1
4793657	8449056	1
4752047	4752050	1
11131835	11131836	4
11357174	11358123	1
11203641	11208898	1
3159027	3159028	1
9985533	7700579	1
3690648	3689917	1
4602756	11794585	1
2780325	2780326	1
4551011	4551012	1
8295287	8295288	1
10226795	10226796	1
6684500	6685013	1
644703	644704	2
7704973	7704974	1
175928	175927	1
10692071	10692072	1
11939332	917257	1
5120841	5120773	1
2172418	2172251	1
2677611	2677612	1
5784232	5783642	1
1896729	1896730	1
1197295	1197296	1
5893427	5893428	1
8367576	8367575	1
12259817	12260553	3
10104818	10104457	1
1111067	1111068	2
533910	533849	1
8703263	8701258	3
6112542	6112539	1
7504798	7504824	1
11831723	11831724	1
11409132	11409131	1
40213	40216	1
11183744	11183743	1
8684067	8684070	1
1786927	1787698	1
10013664	10013549	1
12328466	12327084	1
5506811	5506812	2
3293604	3293603	1
6895554	6895579	1
10734313	10733035	1
6637915	6637918	1
4255407	4255408	1
712461	711868	1
3905053	3907831	1
3878262	3831045	1
6969473	6970106	1
318054	318053	2
4672073	4672104	1
1737067	1737070	1
3418855	3418920	1
5251066	5249352	1
200076	200075	1
6874968	6874967	1
6193359	6193360	1
3609711	3609736	1
11759677	10536915	1
9908358	9908338	1
11390132	11390131	1
3873296	3873295	1
7993813	7993748	1
5231309	5438435	2
11000493	11000494	1
5921746	5921745	1
460847	460848	2
11189458	11189455	1
9344159	9344162	1
5728112	5728111	1
5553542	5553540	2
4569380	4569811	2
10749234	10749233	1
6932155	6932156	2
2257541	2257505	1
8891834	8891831	1
7147441	7147434	1
559168	559167	1
8850684	7241546	1
7339751	7339006	1
8693548	8766198	1
9997971	9997972	1
5328952	5353666	1
2477889	2477892	1
6478397	6478398	1
4302609	4302610	1
3414164	3414163	1
1970296	2238374	1
6220304	6220303	1
9537921	9537922	1
11209024	11214744	1
8994591	8966439	1
10043454	10043451	1
311520	311519	1
1320672	1320671	1
4323822	4323821	1
1919092	1919357	1
896999	896627	1
11272859	11270434	1
8201045	8192982	3
8281577	8282146	1
1191013	1191014	1
3382494	3382493	1
5462686	5462685	1
6895555	6897176	1
6637909	6783432	1
3364622	3591632	1
3691133	3691178	1
3297427	3297419	1
7446331	7446332	1
4854311	4854312	1
492104	492103	1
12482039	11887609	1
10464954	10464504	1
8992825	9129331	1
12685480	12685479	1
2538073	2538074	1
6371412	6371409	1
1398749	1398916	2
8686653	8686631	1
8108003	8226331	2
8878694	8878693	1
12312379	12312380	2
6289865	6289816	2
3295527	3295528	2
6558449	6552838	2
3300623	3300624	1
1830252	1830494	1
10517086	10517085	1
11177603	11177604	1
2384357	2384394	1
11000831	11000832	2
4711955	4711958	1
1109496	1109495	1
2342440	2342439	1
769161	768620	1
3966341	3965004	1
696817	696757	2
5294859	5293182	1
4706150	4369765	1
3629677	3629678	2
5595080	5595079	3
12364946	12364945	2
11445631	11445632	1
11981999	11981938	1
11910286	11910285	1
4304290	4304289	1
3467332	3467331	1
1312313	1312314	1
1363860	1366778	1
12314551	12314552	1
74935	74937	2
6915952	6915918	2
12618	12816	1
9343629	9343841	1
7838511	7838512	1
8456768	4383040	1
1032602	1032599	1
1832461	1774456	1
871495	871496	4
3854385	3851576	1
9278931	9278932	2
2209381	2209382	1
12440776	12440775	1
3405284	3405283	1
1128907	1128949	1
9576490	9579253	1
872970	872982	1
5856283	5856287	1
5692428	5692427	1
1668938	1668951	1
6175677	6175678	2
2975000	2974999	1
3489769	3483280	1
4426600	4426710	1
1469588	1566285	1
7631500	7631499	1
2565663	2565664	1
1168422	1168421	1
5381356	5381353	1
8434621	8434622	1
6403558	3404929	1
8229690	8229689	1
5598981	1404495	1
9537501	9537515	1
513146	513145	1
1567325	1567326	1
11329971	11330137	1
12400385	12400386	1
8749133	8749134	1
7818358	4475282	1
8184280	8184279	2
3741723	3741724	1
12414359	12542855	1
6155068	6155067	1
8387355	8387356	1
5225036	5065540	1
11319099	11319100	1
8820742	8820741	1
7848137	7848138	1
2003379	2003417	1
8728595	8728246	1
10298377	10298380	2
1354818	1355921	1
10280357	10280358	1
9539803	9539806	3
10186080	10186079	1
7404034	7404055	1
5552481	5550670	1
8295273	8295286	1
4118696	4118693	1
9234820	9234819	1
2423841	2423842	1
2126106	2126086	1
3798822	3798819	1
9036640	9036637	1
4013117	9329845	1
9853662	9852439	1
11944405	11945055	1
7504849	7505646	1
11024478	11024475	1
3146029	3146003	1
7400520	8573848	1
8408806	8408805	1
6150480	6150352	1
11920331	11920321	1
6114210	6114174	2
8502993	8503078	1
4839128	4839127	3
6020334	6020333	1
3905632	3907771	1
3994789	3994790	2
5693826	5693837	1
349076	352847	1
4085321	4085965	1
1843803	1843804	3
11384782	11384670	1
5116662	5117055	1
6250156	6250069	1
10566521	10566499	2
3629674	3629673	1
4174647	4169666	1
10444934	8821626	1
4246468	4246467	2
6839454	6839453	2
9816954	9816953	2
12608292	12608742	1
3973157	3973158	1
2697380	2760003	1
10206	8308	1
12662612	12662722	1
8258713	8258755	2
908292	908295	1
6531845	6531070	1
2039147	2039148	1
2902498	2902497	1
8982653	8982656	1
6006768	6006765	1
11296518	11296517	1
7414530	7414529	1
6679713	6699165	1
5897015	5897016	1
8384618	8384248	1
11196575	11195983	1
11278887	11278837	1
1481346	1481354	1
11389540	11389539	1
8602302	12194036	1
5505959	5505991	1
4113764	4113998	1
8096880	8096879	1
11920320	11920319	1
9462030	9462029	1
12021114	12021111	1
3323550	3323560	1
1111065	1111066	2
8801622	8801621	1
2198569	2664825	1
4663466	4663381	1
514119	514154	1
2336894	2336893	1
8445680	8445430	2
7133155	7133157	2
2633225	2633226	1
4377393	4377467	1
5706592	5706591	1
3679835	3679830	1
3017056	3017467	1
7960535	7960536	1
12735573	12128557	1
1238222	1239428	1
12609796	12609795	1
1251724	1251723	2
11407088	11408070	1
12550473	12550474	1
7215251	7215252	1
3565898	3568913	2
6631953	6630663	1
4256007	4256146	1
9532506	9532505	2
7338630	7275534	1
4267897	4266949	1
12698403	12698404	1
3425237	3425245	1
10497822	10492098	2
10405169	10405170	1
6959782	6960111	1
10965018	10965017	1
9702256	9702255	1
1453603	1453512	2
9786104	9786101	1
11008664	11008663	1
1149536	1149531	1
7242740	7242737	1
3781485	3781486	1
9647962	9648092	1
12632108	12632107	1
10567161	10567141	1
2584277	2584281	1
12280573	12280574	1
8767769	8767770	1
10882462	10882423	1
12123598	12123597	1
2306998	4060861	1
2651569	2651570	1
5285022	5285021	1
2300086	2300083	1
10399193	10399194	2
10514086	17860	1
12616301	12616302	2
6453944	6453943	1
4173370	4173369	1
7771176	7771169	1
7949706	7949705	1
3089547	3088599	1
5273736	5273733	1
8152007	8152008	2
12361373	12361374	2
8974223	8926489	1
7958023	7958475	1
11853742	11853741	1
7174756	7175293	1
2313238	2312748	1
11156542	11156541	1
6361622	6361621	1
11185872	11185043	1
2909973	2909974	1
7528291	7528292	1
41157	41158	1
5381595	5383047	1
1182724	1182723	1
3058082	3058081	1
7219898	7220352	1
8437350	8437349	1
8957262	8957261	1
1680990	1680989	1
839815	641334	1
10378458	3964341	1
11165049	11165050	1
5225938	5225914	1
8833862	8833861	1
3880518	3880517	1
9344018	9344009	1
6350898	6350897	1
693075	693076	1
12012636	12012635	1
9537532	9537531	1
10410852	10410851	1
11532956	11542085	1
3291681	3291682	1
2039179	2039180	1
3299688	12457290	1
1146896	1146916	1
12652839	12652853	1
6933838	45601	1
12249934	12249931	1
504634	504636	1
2886112	2886109	1
683232	685167	1
8547179	8547184	1
11829345	11829346	1
9568193	9568086	1
10677225	10679131	3
12014698	12014697	1
1922839	1922840	1
3462598	3462597	1
10140423	10140424	1
11338004	11337999	1
7967539	7967540	1
1283921	1284763	1
11258203	11259606	1
3237682	3237681	2
7742246	7742292	1
4663780	4663779	2
5487357	5487358	2
667520	667519	1
8013398	8013397	1
6536224	9526542	2
3320731	3320735	1
3884994	3884993	1
10179276	10179275	1
184754	307658	1
4486664	4486650	1
11582091	11582179	1
7809909	7809910	1
12609701	12611866	1
3868461	12648985	1
8153793	8153808	1
1401465	1401472	1
7651183	7651066	1
10914787	10911380	1
6283946	6282341	1
6766911	6769709	1
4298341	4299715	1
8892957	8892855	1
4031468	11649859	1
5947268	5947267	1
888291	888308	1
1829316	1829315	1
11508919	11506823	1
5414513	5414514	2
11183604	11183603	4
4256500	4256507	1
12148012	12148082	1
6895779	7958077	1
3134951	3134986	1
5089463	5091477	1
11132106	11132105	1
9317909	9317910	1
7190091	7189195	1
5699935	5697961	1
1499115	1499116	1
9355275	9355429	1
2160191	2160194	1
1733869	1734030	1
7135918	7135917	1
5997927	5998012	1
8356867	8356868	1
11149936	11149935	2
9693574	9693573	2
8869463	8869464	1
5888935	5888940	1
3694370	3694342	1
307113	307114	2
8567114	8567111	1
8892782	8892781	1
9939401	9939402	1
4419598	4419597	1
12360290	12360260	1
1389628	1389627	1
7187011	7187012	2
3676363	3675649	2
9002949	9002950	1
2847216	2847214	1
11798811	11798812	1
7022998	7023003	1
6766521	6766522	1
1869389	1869320	1
3085187	3085188	1
1062626	1061990	2
8815815	8815785	1
7370786	7392184	1
987998	988889	1
11198153	11146597	1
12797778	12797954	1
4257927	4257816	1
8043233	8043246	2
6798255	6798258	1
10061599	10061532	1
1109403	1109404	1
2992472	2992471	1
11464508	11429602	1
4146086	4146038	1
1113473	1113474	1
2670239	2670240	1
8974221	8974222	1
9693212	9693575	2
3137507	3137508	2
809361	809422	1
8714634	8714633	1
2265792	2265791	1
4113513	4113516	1
8710180	8710179	1
10024244	10041402	3
650490	650489	1
10466252	11770527	1
307988	307987	1
9656780	9536133	1
3217195	3218888	1
326204	326203	1
2779257	2779264	2
1791142	1791141	1
8783959	8783957	1
7751585	7751789	1
5381593	5381594	1
11721643	11720309	1
9481183	9481184	1
1006879	1006789	1
11575824	11575823	1
12664979	12664980	1
2878983	2878984	1
970023	970024	1
7070388	7070385	1
7924265	7924378	1
7614610	7612860	1
9416936	9416853	1
3869695	3869698	2
11010671	11010672	1
12304546	12304759	1
3983680	3983655	2
2184136	2184561	1
2556022	2556021	1
1610566	1610512	1
1360380	1360379	2
9185755	9185756	1
7003797	7003807	1
7632181	7632314	1
6454383	6454384	1
6741661	6741590	1
12331627	12331644	1
5058560	5057672	1
5407873	5407874	1
3992645	3992646	1
11126151	11126154	1
11624283	11653627	1
3735736	3736672	1
9279981	2103952	1
7702942	11995669	1
766930	753558	1
7641441	7641442	1
7833805	7833806	1
8734989	8734990	1
10100527	10101385	1
10418187	10418190	1
12020935	12020205	1
4757480	4757624	2
3231354	3310431	1
3109037	3109035	1
10803605	10801336	1
6768938	6768937	1
8054930	8054935	1
1397863	1398066	1
5886271	5886272	1
1592411	1592414	2
2953220	2952956	1
1452331	1452535	2
12166385	12165329	1
1685697	1685757	1
8456308	8456307	1
5016147	5016129	1
4817724	4817709	1
3156598	3156597	1
6863678	6863677	1
7497075	7497076	1
1801776	1801775	1
7210294	7210293	2
4903225	4903226	1
5330996	5330995	1
8535455	8535458	1
1498265	1498266	1
6766523	6766524	1
8308377	8308380	1
1497560	1497221	1
3985877	3985878	1
10582790	10582688	1
10811025	10811340	1
12243000	12242999	1
3213707	3212868	1
1830280	1827607	1
3705012	3705011	1
11917541	11917542	1
8778889	4332707	2
11241497	11241477	1
11841724	11841761	1
2227493	3979289	1
10419202	11747077	1
4093318	4093317	2
7874827	7874891	1
9343091	9343092	1
8352680	8352679	1
7530142	7530141	2
9265172	2107041	1
5551861	5551862	1
3703327	3952350	2
11939445	12655709	1
2922069	2923431	1
11828107	4837251	1
1696641	1696642	2
11582167	11582168	1
11320184	11320195	1
10518173	10518174	3
1616786	1616783	1
1133189	1133190	1
284776	284775	1
7726085	7726086	2
1398473	1398474	1
4878532	4878479	1
7832624	7832623	2
5667324	5670177	1
39464	39461	1
1328178	1443451	1
10064606	10064605	2
5004479	5003774	1
9958422	9958421	3
6717420	6717433	1
9625070	9625069	1
12546522	12631674	1
11862351	11864215	2
7351261	7351269	1
10247472	10247471	1
2888206	2888205	2
10198287	10198288	1
1663238	1663237	1
1835339	1835340	1
872558	788958	1
4007673	4007674	1
5170418	5170417	1
9728809	9728148	1
8088790	8088787	1
49485	49486	1
6245598	6245597	1
11650758	4031937	1
3913328	3913327	1
7613767	7613768	1
8042189	8041472	1
4303907	4334872	2
7387278	7107039	1
8611787	8618047	1
1515681	1515682	1
2341668	10186502	1
6841181	6841196	2
2842362	4110828	1
5860606	5862428	1
11281141	4070752	1
2771493	2771344	1
3195100	3195099	2
1789365	1789591	1
11893048	11893047	1
8186276	8186275	1
8666376	8665212	1
4539216	4539215	3
4328951	4328971	1
6030277	6030278	1
9589723	9589687	1
7123242	7123241	1
9518771	9518767	2
10772939	10862280	1
9537776	9537775	1
2118838	2119213	1
5198542	5198539	2
11168577	11168578	1
4646937	4647117	1
12451539	12451542	3
9820443	9815755	1
5993466	5993439	1
8049823	8049824	1
12056038	12056035	1
10309897	10309898	1
10675674	10675613	1
4204790	7492146	1
11460892	11460889	1
12388923	12388938	1
11432369	11432396	1
11784991	11784590	1
6875870	6875924	1
1932898	1932920	1
4958684	4959110	1
11643815	11646056	1
3145129	3145130	1
3800093	3800094	1
8036109	7793364	1
3524312	3524311	1
5615634	7541109	1
3524522	3524521	1
12331682	12331644	1
8820204	11375524	1
11252372	11252068	1
10951244	11120795	1
4666902	4666901	1
3935383	3934638	2
10532458	10532457	1
7880610	7880609	1
10690167	10693653	2
4483078	4483081	1
1076511	1076512	3
3507050	3507049	1
419973	420454	2
6984025	6984027	2
11989574	11989603	2
1080643	1080644	1
10368881	10368884	2
1514247	1514248	1
8875214	11390237	1
5977423	5977715	1
3974857	3974858	1
10177062	10177036	1
3785084	3777967	1
4941707	4941722	1
2853874	2853873	1
307184	307178	1
886750	886936	1
12457780	3299125	1
11097391	11097394	2
4854658	4854670	1
693073	693074	1
5994793	5994798	1
5336683	5336798	2
11395244	11395243	2
7703070	7702890	1
627765	627766	1
5508640	5508639	1
2881235	2881236	1
3323835	3323836	1
662122	662121	1
11727775	11727776	3
10914319	10914320	1
9477818	9477664	1
2277699	10212929	1
8564285	8564286	1
7064116	7063156	1
9562370	9561487	1
3100819	3101474	1
7108174	7108155	1
5515090	5515089	1
11268695	11268696	1
2299363	2299364	1
1939925	1939926	1
3131998	3132433	1
3909787	3909788	1
12607928	12607927	1
5279273	5279274	2
10882604	10882603	1
4071701	4071702	1
9496397	9496402	1
9610099	9609680	1
8008256	8008285	1
1039757	1039758	1
6781699	6781700	1
12193653	12193654	1
7782506	7782501	1
7905245	7905246	1
8404561	8404562	2
8108444	8107366	1
10340004	10340003	1
4443996	4443995	2
2397167	2397508	1
11846890	11724138	1
6333925	8191509	1
8751175	8751176	1
6657093	6657090	1
10947797	10947807	1
4860422	4860634	1
3157825	3157826	1
5502755	5527773	1
11561122	11561121	2
6793488	6793487	1
11388986	11388983	2
2651013	2651014	1
11793932	10234484	1
11730807	9740801	1
10270357	10270358	1
4217377	4217378	2
9371968	9371950	1
11509766	11509765	1
5445874	5445522	1
3136653	3137062	1
7600335	7600339	1
11028277	11028278	1
2997135	2997410	1
1182452	1182451	1
3890093	3890094	1
4057358	4057170	2
11530106	11530105	1
7749280	7749279	2
5889462	5887616	1
7605770	7605769	1
2393594	2496099	1
5990924	5990923	1
7381540	7215501	1
5652966	5652963	1
9417274	9417290	1
5732052	5732049	1
2922192	2922191	1
2927591	2927555	1
4200796	4200795	1
6488052	6488051	1
10882610	10882609	2
1452874	1461680	1
8797465	8797466	1
5086512	5086756	1
8022284	8021677	1
9429191	9429192	1
945684	945683	1
8796727	8796728	1
11719611	5665336	1
3071034	4094512	2
4585529	4585530	1
5673623	5673624	4
1322711	1322712	1
11877275	11877276	3
9917407	9917408	1
11358476	11352122	1
4170547	4173917	1
160481	160482	1
8763787	8763788	2
7349158	7345559	1
3265475	3265476	1
2011161	2010407	1
3741017	3740999	1
11247110	11247109	2
7098023	7090072	1
4825374	4825392	2
4301073	4301074	1
3961505	3961506	1
8815572	8815571	1
11385942	11386564	1
436601	436602	1
7872671	7872672	1
275432	275223	1
7848662	7849476	1
2314795	2314796	1
9530436	9530332	1
8371612	8371614	1
2961574	3906107	1
4330391	4330229	1
5513334	5513333	1
10995497	11005994	1
5136364	5136058	1
500837	500873	1
8383641	8383642	1
4958939	4958917	1
6458538	6458541	1
3989414	3989413	1
5534926	5535598	2
1040031	1040032	1
133471	133613	2
909101	909102	1
11758611	11758612	1
2014028	2014652	1
8149225	8149220	1
12206226	12207306	1
9730992	9730991	1
442629	442630	1
849698	849697	1
3232504	3232499	2
162795	162917	1
2538729	2538732	1
11707600	11707599	1
7020358	7019326	2
41582	41560	1
923534	923533	2
7174755	7174636	1
5243596	5243595	1
4265190	4265187	1
2559083	2559790	1
1784011	1798425	1
7967281	7967282	1
6504916	6504915	1
3297410	3297409	1
1419790	1419850	1
947617	947618	1
2653135	2653130	1
8416977	8416985	2
11391302	11391280	3
5004089	5004090	2
7811128	7811195	3
1514017	1514018	1
11268644	11268688	1
4795869	4546039	1
1298685	1298686	1
3486610	3486609	1
9482365	9482311	1
1460159	1460162	1
890055	890593	1
9060624	9060623	1
11452531	11428082	1
10507705	10507706	1
9307347	9306626	1
1144650	1144649	1
252519	252511	1
12375380	12375379	1
7120273	7120274	1
6388862	6388861	1
1665356	1665355	1
8307065	8307066	1
5644507	5644508	1
2005976	2005973	1
2983477	2983478	1
8193562	12224838	1
9318526	9320606	1
12459734	3295526	2
11317662	11317668	1
5381508	5381539	1
8477296	8477299	1
2892576	2892575	1
6926055	6926056	2
6276129	6276130	2
1496105	1500707	1
3156262	3183811	1
5149123	5149072	1
10213345	10213346	1
1655101	1655102	1
1309014	9333158	1
1349549	1349547	1
10148960	10148579	1
9862238	9862237	1
8741606	8741599	1
3524849	3524663	1
3905190	3905189	1
10208345	10208346	2
12375382	12375381	1
1077227	1840417	2
6991142	6991141	1
3906861	3038458	1
9345640	9345942	1
7742028	7742027	1
12611262	11658057	1
11813873	11873613	2
7969784	5645348	1
1109928	1109637	1
1790049	1789954	1
7662031	7662032	1
11759477	11759478	1
5152921	5152924	1
10294507	10294065	1
3760979	3760980	1
12491212	12491168	1
1472546	1472545	2
2655478	2655477	2
5880782	5949282	1
4296503	4296616	1
10267190	10265386	2
2094672	2013215	1
10894594	10894593	2
7745243	7745286	1
3725534	3723326	1
3556745	3556746	1
7910905	7910906	1
8637587	8637365	2
5362913	5362914	1
3354205	3354206	1
8785577	8781344	1
4479349	4479306	2
12121153	12121154	1
5068400	84195	1
4042743	4043383	1
11545999	11546002	1
2355637	2355551	1
255468	255465	1
8730337	8730338	2
10647055	10647056	1
8755260	8755099	1
12725722	12725721	1
9578263	9578839	1
4324369	4324370	1
2561698	2561632	1
12124336	8449803	1
7246921	7246933	1
9625963	9625966	1
4262802	4262801	1
10848674	10848669	2
3323475	3322502	2
2158927	2158722	1
1823038	1823037	1
1598823	1598824	1
10191009	10191010	2
10040391	9984613	1
11004953	11004954	1
7692344	7692343	1
8249613	8249616	1
9529576	9529575	2
4223264	4223261	1
12680951	12683330	1
5448200	5448193	1
9994986	9996093	1
12342078	12342077	1
12375026	12375025	1
1242243	1242244	1
12368562	12366289	1
358676	358675	1
3641252	3641251	2
9724609	9724653	1
8775919	8764465	2
10354024	10354023	1
9824411	9824412	1
7723212	7723211	2
8567801	8568067	2
8224092	8223272	1
6032493	6032494	1
1267760	1267726	1
455395	455396	1
10530192	10530191	1
2157768	11934892	1
9765864	9765863	1
8784651	8784636	1
10662362	10662335	1
4374580	4374577	1
6940783	6940048	1
12053681	12189429	1
11921421	11921422	1
4280076	6834060	1
10615619	10615620	1
1205110	1205109	2
11136727	11137543	1
11433711	11432891	1
3126	3180	1
7021081	7021078	1
11089436	11089435	1
5112597	5108940	1
9530660	9530997	1
9714756	9715807	4
3681981	3681982	1
7100553	7100424	1
2108194	2109242	1
2367194	2367193	1
7094460	7094462	1
8967837	8967838	1
3753209	3822828	1
2013767	2013768	1
9916280	9916270	1
2124975	2125350	1
5779903	5779904	1
10943946	10943945	2
6423363	6421512	1
895749	895750	1
3692055	3691800	1
1058254	1058310	1
10652127	10436247	1
12305608	11622476	1
8031527	8031528	1
6828698	6826525	3
8558415	8551990	1
12672373	12672374	1
1300869	1789223	1
9700323	9700353	1
3539378	3539377	1
9686615	9686058	2
10354026	10354025	1
1584183	1584184	1
10886074	10886073	1
7545300	7546497	1
7097623	7097606	1
4125243	4125246	2
2253376	2253549	1
8675434	8675374	2
4919268	4919267	1
4031716	4031715	1
7937939	7937940	1
11535116	3817290	2
1083661	1083662	1
7781834	7781877	1
9851773	9851740	1
1675369	1674961	1
7775696	7775695	1
11989598	11989597	2
3522404	3522403	1
9833401	9834552	1
6710436	6710445	1
9013822	9140186	1
11682484	11682287	1
10828989	10828990	1
6495307	6495414	1
6114914	6114913	2
9589254	9589253	1
848499	848500	1
11801606	11790570	1
2873370	2873374	1
3142289	3142290	1
10758709	11616328	1
2655476	2655473	1
4463388	4463387	1
4915602	4915599	1
4270067	4269848	1
8161370	6280776	1
3026019	3026002	1
9035333	9035344	1
4747363	4747364	1
9387696	9387692	1
11356602	11356601	1
10104458	10104426	1
5872500	5872529	1
3044585	3044588	1
3768048	3768045	1
8103745	8103746	1
1977119	1975833	2
9295274	9295273	1
4940217	4940218	1
4117269	4117418	1
12124009	12124010	1
2267230	2267229	1
10915213	10915194	2
11766683	9087853	1
6279877	6279976	2
10498135	10498167	1
10893232	10893229	1
12407457	12407458	1
1351634	6937974	2
6310028	6310025	1
1133486	1133485	1
2728201	2728792	2
8918339	8918963	1
6484266	6484265	2
9235010	9235009	1
6870727	6870728	1
11615625	11615626	1
4139051	4139052	1
3397237	3397238	1
3425986	3425819	1
110678	110725	1
8710731	8718602	1
3166093	3166094	1
9498688	9498685	1
1666518	1666046	1
446754	446753	1
242333	817462	1
864838	864837	2
6652304	6651773	1
10297717	10297574	1
6184953	6184954	1
11317500	11317499	1
10158864	10158863	1
9018252	9015669	1
9099626	9099625	1
3303721	3304872	2
2134192	2134189	1
7156153	7155964	1
1604116	1603958	1
9959977	9959978	1
3976216	2895646	1
7692292	4302765	3
8367204	8367203	1
6693769	6693772	1
11246264	11247247	1
11325860	11325859	1
11371508	11371507	1
9421865	9437856	1
10217295	10217296	1
6781701	6781702	1
8907919	8907920	1
11754552	11754551	1
6466418	6466397	2
10240924	10240923	1
5264007	5264008	1
7764352	7766711	1
9765881	9758947	1
2797591	2811255	1
7958911	7959063	1
7651663	7651664	1
10891647	10891648	1
95686	95683	1
9853677	9853680	3
3790967	3787474	2
2091127	1971658	1
5600593	5600594	2
6643082	6643081	1
8799690	8799689	3
2681681	2681682	2
4265945	4261893	1
1280727	1279903	2
2187725	2187726	1
3285202	3284811	2
12366141	12387548	1
3531759	3531760	1
12012634	12012633	2
12325504	12325503	1
9123084	9123083	1
5152229	5152800	1
2921964	3871094	1
6059925	6059926	1
5269599	5270763	2
10153045	10153068	1
10678488	10678487	1
6678139	6678140	1
12451336	12451595	1
8562952	8378887	1
5048071	5047960	2
11412553	11309318	1
189440	188530	1
6026221	6026222	1
7102843	7102846	2
8576786	7828545	1
8642403	8642404	1
3447644	3447655	1
2223035	2223532	1
9086081	9086082	1
6850808	6850779	1
6683125	6767101	1
11577195	11577196	1
6789880	6789883	1
9743580	9741446	1
6808193	6808194	1
98581	98582	1
5936060	5936051	1
3988384	3988352	1
5023111	5023112	1
6953481	6954085	2
2743045	2743030	1
11318965	11318966	1
9361516	9361515	1
3762410	3762409	1
4688611	4688612	1
3984843	3984851	1
11917543	11920515	1
7568875	7568213	1
5811894	5811868	1
3298913	3298914	1
5646321	5646322	1
5392120	5392119	1
11241212	11241209	2
12763056	12763055	1
7212901	7212902	2
3476425	3476386	1
3107784	3107783	1
2730136	2730135	1
697218	697215	1
640896	640018	1
6734455	6734456	2
10119904	10119907	1
12013898	12013893	1
12599803	12599896	1
11188408	11188407	1
2539890	2539885	1
8419036	8419035	2
11342288	11342287	1
4534679	4534680	1
12249118	12249115	1
3942936	3942935	1
7907536	7907535	1
473490	473496	1
10051501	10052299	1
7383980	7378740	1
9920842	9957589	1
9039124	9038996	4
8498768	8498767	1
11430765	11429856	1
12373264	12373263	1
10813972	360310	1
6273029	6273030	1
11498238	3755503	1
2909450	2909449	1
8820744	8820743	1
360202	360201	1
12152458	12152457	1
8103741	8103742	1
11637945	11637948	1
6718052	6717325	1
3748469	3748466	2
6664381	6664382	1
9508322	9508321	1
8553791	8553792	1
6763985	6763986	1
7709426	7709425	2
312865	312866	1
7937403	7937404	1
3832402	3833317	1
1075017	1076005	1
8024488	7935515	2
7543443	7543603	1
3539022	3539021	1
10041562	10041035	1
5653018	5653043	1
11303649	11303650	1
8572381	8572382	1
8388745	8388746	1
649326	648041	2
8850936	8850935	1
7165815	7165816	1
8800259	10440281	1
8909366	8910175	1
754585	754620	1
1776423	1776369	1
8923073	8923076	1
6734213	6734216	1
11469863	11469523	3
1184087	1141667	3
12246035	12246036	1
1826083	1826061	1
2447137	2447103	1
8569662	8569658	1
12682253	12682254	2
3398924	3401013	1
3754373	3755198	1
10468474	10468489	1
3447519	3447520	1
5671042	12436372	1
9821963	9821945	1
1087935	1087880	2
11729647	11729644	1
6743914	6743913	1
9711597	9711606	1
6498384	6499905	1
11319777	11319752	1
407193	407194	1
2902757	2885038	1
7298870	7122416	1
3562162	3562161	1
1118569	1119403	1
6804405	6804402	1
3258235	11664137	2
3338779	3338932	1
2615575	2615598	1
7179214	7179211	1
4283208	4283207	1
11099353	11097627	1
12418932	12418850	1
2842753	2842754	3
4516313	4514850	1
1014739	1014740	1
8906122	11574496	1
10967887	10967850	1
10316924	10316143	1
5646532	5646531	2
8518153	8518154	2
9931818	9931817	1
6750988	6752481	1
5383693	5383694	1
2925029	4038464	1
8885880	8884175	1
2162620	2162619	1
11819495	11819496	1
2215294	2215307	1
6521385	6521386	1
8288021	8288022	1
11172307	11172310	1
10336568	10336567	1
12647588	12406785	1
11278640	11278639	1
8186286	8306831	1
3959843	3959832	1
12681492	12681077	1
10435779	10436691	1
11008068	11008065	1
12720301	12720302	2
11737384	11737356	1
5963912	5959161	1
5066215	5227187	1
3046907	3046910	1
10291021	10291022	1
7314279	7314280	3
10555778	10555775	1
3703675	3703676	1
11573445	11573446	1
2595157	5854906	1
5450744	5450743	1
10134536	10134535	2
7683235	7683236	1
1592237	1592238	1
7206383	7206413	1
12120940	12121498	1
1501813	1501816	1
7098030	6906015	1
3858237	3866533	1
11332478	11332477	1
10617950	10617947	1
10496228	10496183	1
4674930	2260813	1
799637	799638	1
4205176	6325763	1
7456536	8821181	1
8848587	8848507	1
3777746	3778553	1
11816119	11816120	1
11265649	11265940	1
6454647	6450300	1
9767773	9767782	2
6338056	6338055	1
3738539	3738457	1
5581010	5580622	1
8995557	8995560	1
7584978	7584975	1
11092637	11092268	1
5229008	5305653	1
6731208	6731164	1
7783012	7783011	1
10970479	9249257	1
12305327	12305328	1
422295	422296	1
10782090	10782093	1
11532224	11532219	2
8701277	8701207	1
4281465	4281061	2
10577337	10577257	2
10361215	10361489	1
6658468	6658591	1
12626023	12626024	3
2587694	2588134	1
1828415	1828416	2
3714435	3714436	1
11389826	11389847	2
12731016	12632652	1
7387157	7387158	4
6377782	6377781	2
5579964	5579963	1
12670145	12667805	1
3977409	3977394	2
11375184	11375035	1
5944854	5944853	1
1391741	1391742	1
2981911	2981912	1
5009172	5009162	1
8430601	8430602	1
8564899	8564896	1
1129895	1129453	1
7974913	7974845	1
1520825	1520826	1
2312361	2311842	2
3656012	3656011	1
4904524	4902878	1
1835958	1835085	1
6372611	6372612	1
3989574	3989569	1
8314450	9383382	1
4741250	4741276	1
9339965	9792557	1
6800436	6800458	1
6810386	6810389	2
1202028	1202018	1
9311775	9311778	1
8443422	11114763	1
11646875	11646876	1
12055974	12055973	1
6846550	6846548	1
1952529	1952757	1
4101268	4102005	1
5315620	5316227	1
2879941	2879942	2
152046	152045	1
2606599	2607342	1
1526166	1526165	1
7185764	7185926	2
83450	83449	1
9972745	7705688	1
6767077	6760804	1
11277999	11277008	1
11292583	11292591	1
2145849	2144302	2
10083170	10082988	1
6027174	6027696	2
6535496	6536743	1
9868988	9868987	1
7109192	7151708	1
5105190	5105189	2
2552719	2548032	1
4520915	4521932	1
4050511	4050512	1
4342659	4342660	3
1993205	1993206	1
12224143	12224144	2
12482124	12482219	1
9424691	9424692	2
1667609	1667612	2
11640710	11640709	2
1146251	1146255	1
5758810	5758809	1
5658350	5658349	1
10244844	10244842	1
2010703	2011819	1
10157843	10156862	1
9009106	9007906	1
180267	180268	1
12437832	12437831	2
3559561	3559562	1
724001	724002	1
7727011	7727014	1
8993625	8993652	2
3373552	3373365	1
11602849	11602850	3
1869709	1869651	1
9621117	9621118	1
2010880	7694588	1
8402860	8402857	1
10397972	10397971	1
11259724	11259723	1
2899622	2899621	1
5269130	5102705	1
3833437	3833438	1
12381837	12381824	1
10916128	10915914	1
1484711	1484712	1
8647480	8647477	1
3212510	3212509	1
4614317	4614318	1
950825	950826	1
11388394	11388393	1
12171136	12171371	1
9151310	9151309	1
2804474	2715785	1
5045363	5045364	1
325834	325862	1
9965161	9965164	1
7563642	7562592	2
6220690	4140733	1
2534076	2534075	1
7415429	7427197	1
3088723	3088724	1
5962212	5962211	1
863181	863177	1
10173569	10183028	1
11873390	11873389	1
11060208	11060197	2
6083877	6083883	1
12734670	12734618	1
6957072	6956131	1
8831542	8831923	1
11187240	11187239	1
1026135	1026136	1
1302687	1302688	1
4361962	4353805	2
4046801	4046802	1
4229516	7490169	1
2077569	2077615	1
11820627	12727255	1
8355166	8355161	1
3364540	3363561	1
11762843	11762845	2
4993753	4994561	1
7148775	7148762	1
4711196	4711148	1
3199259	3199260	1
6412846	6415925	1
2488192	2488191	2
4242782	4242781	1
5429251	5429252	1
3317049	3317050	1
9541498	9541431	1
4650025	4650028	1
3196817	3196833	1
5830427	5830428	1
5454499	5454500	1
3716658	3716727	1
9656598	9654097	1
12348494	12356593	2
5520285	5520175	1
108959	109748	1
9832966	9832965	1
11176156	11176205	1
6005433	6005830	1
5546309	5546981	1
11565189	11558100	1
1399208	1399205	1
2955618	2955597	1
9395400	9395399	1
4066271	4066304	1
7180746	7180743	1
2673404	2673403	1
8834526	8834507	1
12718110	12718109	2
6376665	6376666	1
4026350	4026347	1
949239	949477	1
8168251	1087244	1
1373571	1373572	1
10069826	10069822	1
11578717	11578713	1
7378513	7378514	1
4181098	4179651	1
11435512	11435525	1
3692934	3692316	1
1504150	1503858	1
3136389	3135949	1
10062067	10089178	2
7343785	7343857	3
2667769	2667770	1
7295204	7295203	1
11965269	6137066	3
9055448	9054841	1
10986606	10986603	1
3905451	3905452	1
5982470	5982469	3
9756985	9757490	1
10871599	10871583	1
5642462	5642435	1
9792351	9790929	1
7520448	7520447	1
3735838	3735967	1
7301489	7301492	2
355677	355678	1
8725154	8725151	2
6804846	6804845	1
6651455	6651474	1
8879549	8879550	1
1248697	1197614	1
10273809	10273754	1
778220	778159	1
857828	857812	1
1559217	1559218	3
8105788	8105787	1
4823307	11663643	1
9087301	8927842	1
7446426	7446425	1
11387175	11387176	1
3284146	3284140	3
515367	2618944	1
4600982	4600865	1
12224145	12224146	2
5265193	5265181	2
7864294	7864291	4
10437365	10436246	1
2852135	2852136	1
437099	422294	2
8324875	8324876	1
12042897	8264769	1
3948520	3948502	1
8366874	8366873	1
1526323	1526716	1
389923	401748	1
828940	828939	1
1357749	1357971	1
10517311	10517572	1
6085854	6086260	1
7772366	7772365	2
3079375	3080161	2
4724329	4724332	1
11528527	11528373	2
3715328	3716266	2
4623100	4623084	1
8882944	8882941	1
11528211	11528226	1
5078274	5077883	2
2184019	2184401	1
11020852	11020861	1
9472530	9472527	1
384897	384826	1
9936046	9936841	1
6681862	6681861	1
10377719	4957234	2
9717531	9716619	1
263997	263998	1
8562832	8562810	1
10649112	3325959	1
7831483	7831599	1
11665289	11665290	2
7678221	7678222	1
10195899	10195900	2
2778065	2778066	1
6925385	7226393	1
11639613	11639614	2
4121726	4121424	1
8163319	8163376	1
5632116	11438879	1
9968718	9968717	2
8821271	8821272	1
3977393	3977135	2
10565354	10565353	1
5452776	5453089	2
875204	877045	2
9285162	9285161	2
12125150	12125149	1
440679	440661	1
1116577	1116578	1
6130034	6129894	1
5508216	5508215	1
2252208	2252211	1
9588031	9446033	2
5456317	5456318	1
7111449	7111452	2
3534470	3534475	1
8456914	8456913	1
5452334	5452333	1
4664528	4664527	1
3296357	3296394	1
10379568	10379319	1
4081031	4081003	1
1027625	1027663	2
10052743	9834747	1
10600607	10600608	1
2207373	1876434	2
6032491	6032494	1
3189362	3189361	1
12212813	8195368	1
260743	260746	1
12186092	12186449	1
12387277	12717062	1
10449412	10449411	1
3882691	3882692	1
4957041	4956838	1
9144665	9144927	1
6227913	6227929	1
9933245	9933162	1
5668889	5668890	1
4032102	4032101	1
1287116	1287115	1
3552048	3552017	1
196379	10567083	1
4181882	4179811	1
11891112	11891111	1
1141733	1141734	1
10687145	10687146	2
7428939	7428940	1
9697940	9697939	2
5322959	5322960	1
5153773	5153634	2
3901951	3902059	2
1171342	1171341	1
7495636	7495635	1
3143717	3144374	1
8197341	8197286	2
7550120	7549687	1
7356917	7359289	1
12208608	12208585	1
6624325	6624328	1
2005731	2005413	1
1095670	1095449	1
2834772	2834771	1
8226420	8226417	1
10080911	10080840	1
306737	306769	1
2279805	2279870	1
9964387	9964388	1
9070887	9070888	1
4115857	4115858	1
392031	392032	1
6972763	6972764	1
4829600	4829599	1
5487140	5487145	1
5767851	5767852	2
2669247	2668000	1
4699403	9071634	1
5226206	5226115	2
1477290	1477289	1
7691272	7691438	1
2839431	2839434	1
11853744	11853743	1
5526176	5285468	1
7702537	7702628	1
5258057	5262158	1
7419927	7418579	1
636084	636521	1
3692926	3692163	1
9925985	9925982	1
7749026	7748180	1
2778760	2778759	1
7909357	7909343	4
4607411	4607294	1
358869	358870	1
7572751	5844691	1
794193	795878	1
3555846	3555845	1
11699257	11699258	1
10756165	12232176	1
282881	287602	1
1919197	1919844	1
455141	455142	1
9081029	9081030	1
11744180	11741014	1
3286181	3286184	2
1105381	1105382	1
7703414	7703411	1
4537349	4537199	1
6558444	6552827	1
5711593	5711561	1
10096738	10096737	1
11999036	11999035	1
9961335	2228686	1
6275503	6382309	1
4079561	9347859	1
12526334	12546051	1
9850616	9850615	1
7203975	7203976	1
10909683	10909686	2
4824894	4823023	1
238774	238773	1
6824887	6823786	1
8568557	7425590	1
2529474	2529640	1
8552637	8552638	2
5965829	5965830	1
5407330	5407329	1
4793447	4794067	1
7874724	7874723	1
2365468	2366007	1
12761749	12763298	1
1463176	1463175	1
4839073	4839074	1
7661703	7660121	1
5918889	5917436	2
11268095	11268096	1
3181944	3186344	1
1761578	1761577	1
6456886	6457483	1
10233542	10233622	2
6682881	6798671	1
538527	538528	1
6686755	6686756	1
32948	25503	1
3914037	3913795	1
920452	920451	1
11365990	1299052	1
4901884	4901779	1
584725	10890228	1
12757791	12758346	2
3303653	12635264	2
10080124	5222312	1
5375690	5375689	1
1866076	1865065	1
8833432	11709213	1
6648192	6648127	1
8078037	8076025	1
3635199	3635224	1
8606220	8606219	1
3970713	3970714	1
8106130	8106875	1
11242030	11577869	1
11180047	7881129	1
10739580	10739579	1
12799460	12799994	1
3548441	3548575	2
8151965	8151966	1
10403924	10403923	1
4136506	4136505	1
830184	830188	1
6377548	6377547	2
12426427	12426448	1
8057704	8057701	1
12337793	12337794	1
2608912	2608911	2
6400926	6400925	1
9970072	9971375	1
7678592	7678948	1
8784239	10310942	1
2398170	2399310	1
6961920	6962133	2
10888008	10888007	1
12612444	11830908	1
5442293	5442294	1
7747171	7747172	1
8297104	8297103	2
4832980	4832979	1
3855662	3855661	1
2490031	2490032	1
8410574	8405892	1
709728	709727	1
2372123	2372124	1
6838106	6838103	1
6032215	6033228	1
12139065	12139382	1
6984038	6983212	2
5468730	5468688	1
4121415	4121418	1
10284670	10284669	2
7512503	7512504	3
687843	348018	1
3081149	2897956	1
12336145	12336146	1
12333579	12333580	2
9844118	9844117	2
8540387	8539657	1
8900696	8900712	1
8849832	8849852	1
9640567	9640570	1
9101216	9101213	1
2937326	3889504	1
11331309	11331310	1
4067685	4067686	3
10554565	10555859	1
12162311	12162312	1
12019000	12018997	2
11418219	11418204	1
376195	7191831	1
11934526	11933842	1
8951686	8951685	2
9711918	9711915	1
10743398	10743397	1
3197705	3196912	1
12319159	12319160	1
11592047	11395179	1
4716861	4716862	1
7594279	7594280	1
8988504	8988497	1
550713	550716	1
12359939	12306752	2
10713559	10715177	1
4092652	4092651	2
11382380	11382095	1
5523286	5524205	1
11403119	11569848	1
7013392	7013394	2
364390	364389	2
983454	983453	1
1631426	1631423	1
6193337	6193355	1
7572311	7571885	1
10169913	10169878	1
10437681	10437676	1
1720095	5088574	1
3855664	3855663	1
5100190	885651	1
9531718	9793193	1
3790617	3788099	1
8865257	8865258	1
10757289	10757290	1
10439208	10439211	1
10340259	10340260	1
9690234	9690231	1
5790957	5790960	2
620107	614857	1
8536148	8536147	1
10320940	10320939	1
4594675	4594717	1
2588936	2586275	1
2530097	2530098	1
9789015	9789016	3
9541988	9543134	1
2304968	2305169	1
11936465	11936466	1
8602732	8602731	1
10438906	2533986	1
6930878	6930877	1
12032292	12206184	1
7570176	7568743	1
4071326	4071325	1
7409338	7409337	1
7559867	7559860	1
12187354	12187318	2
3565121	3565122	1
3186061	3186064	3
6890120	6876519	1
9151216	9151219	1
7794381	7794382	1
299654	299728	1
7971184	7971183	1
4151689	4151107	1
4823126	4824724	1
10355413	10354572	1
6998944	7000148	1
9387409	9387410	1
7179767	6198708	1
3751080	3751079	1
9113432	9113501	1
6552769	6552770	1
9569374	9569327	1
10970108	10970107	1
4359216	4359202	1
4055262	8026969	1
1827414	1827413	1
4340831	4340832	1
8520343	6291495	1
12297510	12297509	1
10267048	10267047	1
1955447	2144059	1
6488143	6488144	1
9471550	9471912	1
2549731	2549725	1
11732803	11732804	2
4941705	4941706	1
2621648	2621647	2
1608683	1608684	1
240300	239622	1
3472372	3472363	1
4052375	4052376	1
3252043	3252204	1
12620983	12377857	1
8490696	8490682	1
11584316	11584315	1
1572712	1572711	2
4054334	4054333	1
3201578	3201161	1
2927713	2927280	1
7837129	7837368	1
2524300	2524119	1
9165984	9166271	1
395613	418876	1
7857291	4307761	3
4041745	4040579	1
8606058	8606092	1
2259527	2260410	1
517163	517166	1
8541092	8539233	1
9301486	9301485	1
346915	346916	1
5741011	5740904	2
12249120	12249119	1
12771591	12771592	1
11633253	11633254	2
6331570	6331561	1
4629146	4629138	1
2594751	2594752	1
11286036	11286033	1
3252437	3252438	1
10029228	10029227	1
3448769	3448770	1
10021186	10021185	1
7831600	7831599	1
5723159	5723160	1
3296428	3296427	1
4485377	4485378	1
4257681	4257682	1
11265574	11265577	1
10187105	10187271	2
7617496	7617495	2
4190203	4196096	2
12720609	12721532	1
7607202	7607201	2
6182873	6182844	1
7737872	7737869	1
12198460	12198455	2
5897458	5900338	1
9443492	9443491	1
9532976	9532975	1
4687760	4688283	1
9164427	9164415	1
11423311	11423312	1
4331429	4331430	1
5366872	5236787	1
5039451	5039420	1
12370443	12370444	1
8058027	8059241	1
6147991	6148068	1
7730003	7729956	1
1805259	8908508	1
4829485	4829486	2
12046792	12046791	3
6479732	6479731	2
11385721	11385722	1
3300088	7161400	1
633931	633932	2
3149144	4093098	1
3209194	3209193	1
5196222	5210027	1
7067446	7067808	1
9851310	9851307	1
12448346	12448342	1
3749709	3749706	1
973662	973644	1
1610563	1613441	1
7413524	7415881	1
3629922	3629917	1
6013127	6013128	2
5485454	5485453	2
12434077	11529973	1
7378256	7378255	1
7432747	7432748	1
8521894	12159416	1
11918653	11918656	2
10405229	10405294	2
2351183	2351184	1
8635619	8636229	1
1215400	1215476	1
3970934	3970944	1
12463905	11882034	2
10812271	10812272	1
10663374	10663373	1
4183052	4183044	1
10213132	10213122	1
2255786	2255785	1
10338210	8843416	1
7414423	7414424	1
4754594	4754593	1
10173368	10173367	1
3229363	3229548	1
10740257	10741969	1
3970552	3970595	1
7629581	7629582	1
5875621	5875622	1
12320520	12320523	1
2551530	2551529	1
421328	421327	1
9899664	9899695	1
1546434	1546445	2
6282535	6282525	1
4146488	4146491	1
8485862	8485861	1
12729671	12729600	1
11476394	11476393	2
2267087	2267088	1
11588367	11588368	1
11318699	11318700	1
2835771	2835772	1
11829726	11829689	2
756438	756437	1
11941354	11941932	1
1563496	1563491	1
11529533	11531102	2
9381266	9381151	1
7597883	7597718	1
11576307	11575657	1
8602618	8602607	2
4104850	4104849	1
2451744	2451762	1
8499948	8499947	1
10892837	10892838	1
7446009	7441004	1
5451729	5451734	2
8649585	8752474	1
4095707	4095907	1
3403782	3403781	2
2541360	2543781	1
9416706	9416705	1
289594	289540	2
7335937	6808741	1
10465	6426	2
12728906	12728905	1
3961504	3961509	1
1954568	1953272	1
11874807	11874808	1
8409987	8407298	1
4134040	4134113	1
11223054	11225832	1
7998109	7995990	1
8574142	8574252	1
10973382	10973917	1
2209285	2209286	2
4125596	4125589	1
766207	758323	1
3906646	3906645	1
2535445	2534953	1
5639072	5639075	1
3880065	3880066	2
10504860	10504859	1
2457535	2457536	1
2014603	2010128	1
8128885	8128798	4
1402515	1400788	1
2579563	2579564	1
2542054	2542053	1
233032	233031	1
4902744	4902743	4
2584244	2610885	1
6444314	6444313	1
9046357	9046481	1
8280703	8280708	1
8645041	8645037	2
9313172	9312960	1
12389060	12390318	1
8778337	8778338	1
8370292	11219720	1
4276500	4274137	1
7424817	7424823	1
6987757	6989468	2
6630280	6630279	1
1755401	1755402	1
1801867	1801868	2
4582234	4708575	2
9243846	9243845	3
12465808	12465807	1
936141	935988	1
8666280	8666279	1
5641985	5641986	1
6082855	6082856	1
11540802	11806206	1
10374649	10374642	1
3309776	11662564	1
9702604	9703321	2
1769366	1769365	1
2482546	2496819	1
5114102	5115658	1
6444095	6444096	1
11117719	8443284	2
899840	518842	1
1304737	1304738	1
1166613	1214268	1
12463583	12463588	1
6216249	9194493	1
2789433	2789436	1
8230765	8228060	1
4676090	4676043	1
9759722	9759716	1
7463009	7462804	1
1430895	1430898	1
6819216	6819195	1
1376364	1375742	1
8009786	7963435	1
9071223	9071224	1
12193348	12193347	1
11330191	11330192	2
6505150	6505266	1
10193710	10193704	1
2561700	2561699	1
12500493	12500930	1
4785697	4785679	2
407171	407172	1
3481926	3481925	1
12753201	12753202	1
9943769	9943132	1
8762378	8757004	1
9587735	9587666	1
9776689	9772988	1
12444677	12444680	1
970637	970638	1
7273997	7273998	1
4528844	4528843	3
2147322	2147321	1
10265870	10265869	2
4302131	4302132	2
8792538	8792533	1
6793483	6793484	1
11762050	11762049	1
4102100	4101557	2
8218964	8218963	1
8045085	8045086	2
8202255	8202497	1
2277995	2277991	1
8940047	8940048	1
11518356	11518355	1
5208292	5208291	1
986429	986430	1
12507744	12623832	1
8797000	8796997	1
7430455	7430456	1
1894203	1894204	2
3977373	3977374	2
6039203	6039204	1
7090073	7090074	1
9031777	9031780	1
7926005	7926006	2
1963492	1963491	1
5705607	9834201	1
7775080	11192719	1
3336670	3336667	1
827982	829408	1
4579321	4579324	1
12320366	12348243	2
6162379	6162382	1
5624270	5624269	1
965601	965604	2
1545402	1545859	1
12364000	12363999	2
429133	7218824	1
3068409	3068442	1
4324496	4324495	1
337086	337085	1
10038309	10039626	2
11671394	11671393	1
4839849	4839850	1
12222169	12229938	1
9159326	9159499	1
5900708	5900705	2
9992765	9992766	1
11363722	11363721	1
7638143	7638144	1
202466	202477	1
8170405	8170406	1
2469287	5262758	1
10930993	10930994	1
6648372	6648371	1
2921711	2921712	1
11829640	11829619	1
8216231	8218476	1
750595	750596	2
3541540	3541543	1
9167911	9167912	1
961698	961695	1
1920692	1920877	1
9441709	9441710	2
767290	768394	1
2960583	4089165	1
2640597	2640598	1
1668068	1668065	2
11345413	11347378	1
8208333	8208363	1
2043622	2043621	1
2590995	2590613	1
9079459	9079460	1
998597	997962	2
9055470	9057596	1
4525017	4525018	1
9165412	9165549	1
5210583	5210584	1
12641136	12641142	2
1977062	1977103	1
542648	542712	1
1988364	1988363	1
10596490	10249462	1
824670	634558	1
1657702	1657767	1
9418428	9418427	1
4677656	4677655	2
7980601	7980602	2
9088490	9088690	1
5891960	11330700	1
9575056	9574832	1
3466381	3466382	2
11194250	8431871	1
4105905	4105906	1
8368851	8517979	2
11429175	11429204	1
3589806	3589803	2
9054414	9054413	1
1694739	1694734	1
12612493	12574167	1
4583734	11666374	1
4324827	4324828	1
12469943	12469944	1
2814614	2814613	1
10334125	10334126	1
2313976	2313975	1
8173490	8173489	3
7486769	7487226	1
8253730	8253932	2
6842254	6842273	1
12477815	12477816	1
10204276	10204275	2
3524849	3524850	2
2297497	2297498	1
2075899	2037366	1
9918558	9918557	1
4382151	4382208	1
5496556	5496555	1
4838485	4838208	1
550441	557810	1
4715736	4715995	1
2809951	2809952	1
9850967	9851437	2
2075439	2075440	1
1927073	1927074	1
7314402	7314401	1
7850486	7850485	1
6456802	6456801	2
9664627	9664632	2
863676	212984	1
371652	371651	1
11852740	11853377	1
7780436	7780435	1
6208391	6208392	1
11322812	9095096	1
11866586	11866585	1
7460841	7460658	1
11887178	11887177	1
11303608	11294182	1
9701908	9558288	1
5697952	5697951	1
7650851	11220382	1
8066424	8066423	1
4235979	7461033	1
1084059	1084060	1
2614046	2583992	2
7104109	7104110	3
2145349	2146030	2
8295271	8295272	1
2557818	2557817	1
11689811	11689812	2
5882476	5882475	2
10214580	10214579	1
6355165	6344658	1
11244587	11244588	1
10452106	10452103	1
906809	906810	1
6891160	6970780	1
11706256	11706255	2
2600099	2600100	1
3632742	3632647	1
7698404	7698403	1
5193639	5193619	1
8245551	8245452	1
2953924	2954211	2
274352	274792	1
10301115	10301160	1
6911628	6911936	1
11046251	11046254	1
7980824	7980823	1
5284382	5284972	1
10565715	10565716	1
173330	173327	1
4257994	11846527	1
4079969	4079970	1
753693	753694	3
2580719	2581149	1
6687786	6689898	1
10989369	10989372	1
1500422	1499361	1
12350995	12333999	1
6558914	6558913	1
9260601	9260602	1
3792063	3792064	1
123710	157254	2
1457462	1457461	1
12124883	12124884	1
8191690	8191689	1
7392873	7392874	1
1011919	1011811	2
12139381	11437670	1
5433996	5433993	1
10333509	10333510	3
3628485	3628521	2
7425338	7425337	1
3864690	3864389	1
3042989	3042990	1
2675457	2675458	1
12778837	12773664	1
6738811	6738814	1
3458511	3458327	1
11319254	11319253	1
3035671	3035672	1
10097433	10096739	1
3829200	3829199	1
1854620	1853017	1
655301	655302	1
6467957	6467958	1
1079410	1079409	1
4955464	4955537	1
6570620	6695095	1
7959438	7959437	1
5130541	5128932	1
4068867	4068868	1
3615024	3615023	1
11661246	11255773	1
4563736	4563733	1
12799252	4025354	1
12152847	10440692	1
6187542	6187541	1
12654815	12654816	1
1298618	1298670	1
6803624	6750987	1
1733067	1733068	1
7499318	7499317	1
1463715	1466006	1
7943715	7943712	1
2566588	2566564	2
10368703	10368704	1
6282106	9284535	1
10016142	10016141	1
7740833	7740834	1
7942057	7942058	1
3960800	3960799	1
9431569	9431570	1
8988925	8988926	3
1884218	1887748	1
9077116	9077115	1
5236965	5237515	1
1459410	1457461	1
5333917	5333886	1
9252869	9252870	1
2317341	2317342	1
12317523	11548953	1
318579	318580	1
10132561	10131938	1
9420027	9420028	1
12676102	12716605	1
10904146	4071283	1
11939909	11939913	1
11537189	11537168	1
4229337	4230027	1
11866566	11866565	2
8534300	1525315	1
3992451	3992410	1
1132657	1135008	1
7699615	7700321	1
809199	7295892	2
490431	492965	1
2630858	2630826	1
6999739	6999742	1
6235355	6235356	1
12276928	12276705	1
8020482	8020339	1
2786945	2411478	1
8370408	8370400	1
4822561	12813579	1
36023	2774556	1
6044562	6044561	1
10669213	10669210	1
8866580	8866527	1
10509329	10509330	1
6003126	4525963	1
1660578	1660577	1
4263419	4271532	1
7535225	7535226	2
12297842	12297841	1
1601462	1640802	1
7744010	7744013	1
11516308	11516307	1
8169043	8171214	1
5411660	5411659	1
8085850	8085972	1
12613616	12678244	1
2576142	2576137	5
2003803	2003804	2
1589243	1589274	1
958434	958433	1
11568483	11573348	1
11516045	11516046	2
6938039	6937872	1
8924330	8924329	1
12779849	12779850	1
12728580	12728579	1
8959088	8959087	2
4664438	4702346	2
11880667	12485263	1
11652373	11652374	1
3236523	4086989	1
5708575	5708576	1
8474283	8472335	1
8973594	9080029	1
7659984	7660036	1
4298537	4298538	1
446093	446268	1
7817940	7817939	1
2683805	2683867	1
12679097	12654236	1
7285849	7313879	1
3102413	3102416	1
1943882	1943881	1
10800480	10800391	1
6446014	6446024	1
6654966	712644	1
8593033	8593038	1
8151152	8151139	1
9802860	9802859	1
4003451	5071270	1
4001720	4001123	1
105833	105834	1
661788	661769	1
7805802	7805801	1
8761928	8763690	1
8696670	8696042	1
6447516	6447591	1
5554821	5554822	2
10799908	10799921	1
5663276	5663300	1
2229995	2229996	1
4255753	6120821	2
12475795	12475796	1
840657	840548	1
5612303	5611095	1
12449793	12449794	1
395120	395216	1
6932157	6938998	1
6007222	6007221	1
9100065	9100066	1
5225249	5225250	1
12612021	12612022	1
12792783	8811151	1
8149309	8149310	1
7283978	7283634	2
10125723	10125740	1
6127902	6127901	2
11446540	11446518	1
7529486	7529485	2
6280645	6280767	1
4515748	4515747	1
9579862	9582019	2
4367311	4367312	1
12020257	12020276	2
3379591	3379545	1
5657333	5657282	1
12609857	12610117	3
386295	386296	1
2898645	2898683	1
11290940	11290939	1
4919422	4919421	1
12764882	12763415	1
4127091	4127092	1
4784240	4784239	1
3092923	3102089	1
11321444	11321443	2
6738996	6738995	1
2034329	2034330	2
291677	291680	1
12421183	9172593	1
3830767	3830296	1
9818390	9818601	1
2998009	2998010	1
4738931	4738932	2
6492480	6491972	1
8543584	8404940	1
8869093	8868023	1
653101	653102	1
9579639	9579640	2
2874967	2874968	1
4555828	11796967	1
11076287	11077424	1
7774142	7935271	2
136435	136436	4
8802255	8802258	1
10499227	10499228	1
3100417	3100418	1
9006657	9018355	1
10403432	10403664	2
12232608	12232532	1
8922357	8922358	1
4879635	4879642	1
10243462	10243461	1
11599618	11599617	1
6050996	6050995	1
4372154	4372149	1
3990117	3990122	1
2554568	2555161	1
6419677	6419678	1
4205646	4205645	1
7559712	7559764	2
10521141	10521229	1
6804846	6804841	2
8282779	8282723	2
5514377	5514378	3
6551204	6551257	1
25892	25891	1
1800614	1800613	1
2404028	2404072	1
8603797	8603802	1
11770106	11769690	1
10741240	10741239	1
12669721	12669722	1
6846551	6846556	1
6927981	6927978	1
9439120	9439119	1
10800029	10800030	1
625745	7303836	1
2815706	2815302	3
1733420	1733066	1
2251109	2251110	2
5784581	4224195	1
3497324	3497321	1
6029524	6028969	1
2813152	2813151	1
4017625	3312896	1
8554636	8554632	1
7759635	7759636	1
30268	35340	1
3773367	3773368	1
284776	284771	1
12254805	12128021	1
6430171	6430182	1
4406386	4406476	1
6450242	6450935	1
5777901	5777860	1
11864952	11864926	1
1283548	1283547	1
8982369	8982370	2
7020457	7020464	1
11089621	11089622	1
8806934	8806933	2
1461862	1453906	1
6120612	6120611	1
11179134	11179514	1
9064396	9064372	1
4252613	4252614	1
11008066	11008065	1
8333900	8333899	1
2554064	2553993	1
11163733	11163729	1
8674855	8674856	2
6844664	6846309	2
7510386	7510385	1
11499256	11499287	1
2597641	2603131	2
11462514	11462513	1
1568194	1568193	1
7785583	7785584	1
7860902	7861763	1
10707471	10707439	1
11330821	11331116	1
6393388	6393112	2
9491880	9491879	2
8083893	8083894	1
6360773	6358864	1
7606472	7605798	2
635570	627663	1
3912693	3912694	1
12165180	12164787	2
5698429	5698430	1
5350881	5350882	2
916151	916152	1
6480160	6480159	1
7071743	7071712	1
4612859	4612860	1
10614252	10578069	1
8698044	8698043	1
5920173	5920176	1
12036974	12036973	1
6826651	4276945	1
10199304	10199303	1
5758475	5758476	1
7858784	7858783	2
715427	720409	1
9365959	9365960	3
9280582	9280581	2
599265	599266	1
7548772	7548920	2
10169512	10198525	1
1831826	1830675	1
4324418	4324417	1
3909360	3151451	1
11786581	11786582	1
9476808	9476778	1
5508172	5675692	1
3985594	3985591	2
9718919	9718920	1
1022096	1022095	1
12389585	12389586	1
11602987	11602990	1
8416908	8415557	2
8206483	8206484	1
2933936	2933935	1
8748518	8748348	1
9432948	9432947	1
11433748	11433747	1
1541429	1542311	1
2296238	2296237	2
6422821	6422847	1
1998694	1995669	3
7672371	7673274	2
1877502	1877499	1
1222185	1222154	1
12427681	12427682	2
8463800	8463684	1
7639230	7640437	1
10882608	10882605	1
231051	234766	1
3982132	3982139	1
12455642	9165740	1
9088755	9317964	1
4630268	4630267	1
8638343	8638344	1
2719906	2719888	1
12556116	12556574	1
4039845	4120735	1
11517178	11517177	1
1459582	1459526	2
4009150	4009156	1
10260649	10260650	2
6549337	6549234	1
11865335	11865336	1
6684267	6685843	1
8542003	8542904	1
11396	11395	2
7373880	7373879	1
3371519	3369023	2
3116436	3116439	1
11912691	11912692	2
7190336	7190335	1
9295272	9295275	1
1584185	1584188	1
1835348	1835347	1
10888906	10888905	2
4837460	4837459	1
8724135	8724115	1
8283632	8283631	1
912715	912666	1
7874328	7874327	1
4003190	4003187	1
10775498	10775587	1
12124524	12124523	1
1205877	1205878	2
104558	104557	1
5322245	5323866	2
6104417	6103108	1
7967281	7947048	1
5430464	5430463	1
8198203	8198204	1
11915700	11915699	1
6671607	6671608	1
4005406	4068228	1
2304646	2304645	1
2881237	2881238	1
5441276	5441279	1
11431804	11437448	1
7683259	7683260	1
7968581	7968582	1
9636666	9635940	1
9085374	9085646	2
10431145	10430497	1
5509584	5544740	1
8338063	8367031	1
12683596	12683595	1
9496127	9495730	1
7707513	7707514	1
4332943	4332944	2
5628236	5628235	1
6713158	6712338	1
4328312	4328311	1
858619	860194	2
3693541	3695439	1
8722694	8722732	1
3352425	3352426	2
9967323	9967282	1
4723360	4723359	1
9620248	9620247	1
3615830	3615690	1
6478876	6478873	1
680905	680921	2
6310315	6310316	1
11591898	11591897	1
12292382	12732864	2
7423562	7423569	1
4240667	4240668	1
4824147	4824148	1
12304146	11443528	2
1110983	2224964	1
1668588	1667635	1
1764606	1763381	1
4124973	4124974	1
6018474	6018473	1
4653712	4653711	1
6535535	6535536	1
5923339	5274598	1
9822048	9821420	1
6080298	6080315	1
7638275	7638276	1
8569233	8569234	1
10903540	10903539	1
8169074	8169071	1
11395439	11395440	1
7341811	7341812	1
5632118	5632117	1
3976276	3976342	1
1335949	1335950	1
1612115	1612116	1
9465979	9465980	1
1055240	1055239	1
10399617	10400539	1
4029450	4029291	1
314729	315823	2
8289052	8289047	2
11513745	11513746	1
5443402	5443399	1
11856665	11856666	1
3793917	3793572	1
5847732	5847195	1
7780858	7780857	1
4948725	4948726	1
765107	758795	1
7081828	7081827	1
8923633	8923634	1
3310702	3310721	1
7725504	7725721	1
11769067	11769068	1
6617721	6617722	1
3907168	3907167	2
7649820	7649823	1
11040685	11040631	1
12533883	12533850	1
9396057	9396058	1
5271043	5271044	1
4053542	4053504	1
558376	558960	2
7599255	7771510	1
384132	384166	1
2897868	2897858	1
12248836	12248835	1
1829357	1829358	1
10298379	10298380	1
10088322	10084867	1
2019301	1940192	1
10755159	10755160	2
11991532	11991531	1
1586346	1574362	1
4582898	4584618	1
9864910	10024098	1
12515930	12517039	2
1448926	1448925	1
7817129	7817132	1
2698350	2698345	1
4387676	4669214	1
295425	295426	1
1658805	1658806	1
11963067	11963068	1
10479222	286741	1
2519746	2519745	1
11583221	11583222	1
601094	601093	1
10673074	10673073	1
8834528	8834527	2
1009864	1009972	1
11000830	11000855	1
7964385	7964386	1
11037223	11037224	1
2669435	2669436	1
11850864	11850863	2
7084440	7085112	1
11174703	11174650	1
822768	822767	1
12466241	12466261	1
316963	316964	1
4312909	4312912	1
9245715	9245780	1
9480092	9479006	1
10870748	10870802	1
12427379	12427380	1
7979896	7979895	1
10066022	10066161	1
1841388	1841387	1
10824499	7594324	1
10210576	10210575	1
10443195	10443196	1
1636659	1636662	1
973744	973743	1
7808900	7808899	1
8454090	12307710	1
1644588	1638039	1
5139891	5139496	1
8777602	8777605	1
10449336	10449347	2
3084595	3084596	1
265789	265792	1
6700503	6700504	1
3752520	3752502	1
8300447	8300728	1
3753303	3753304	1
8608651	8608576	1
12474759	12474760	1
770303	770304	1
4812981	4812984	1
3706232	3951143	1
295049	295050	2
6120765	6120919	1
879689	880041	1
10559288	10560463	1
11127217	11127204	1
8991272	8991280	1
9323883	9323824	1
200653	200654	1
1378209	1378210	1
1974983	10342449	1
2079982	2079985	1
6555369	6556195	1
6648272	6648271	1
1111072	1111071	1
12694543	11570245	1
2385144	2385243	1
1114000	1113845	1
10342453	1974989	1
11381202	11381201	2
6103440	6102839	1
12614252	12614441	2
7545997	7545998	2
825706	821950	2
10914649	10914650	1
6278650	6280310	1
3693468	3693465	1
3237674	10515481	1
1801238	1801237	1
8367123	8341408	1
6701972	6701195	1
10614252	10578065	1
5551245	5560762	1
1547435	1547133	1
9257664	9258084	2
11237964	11283907	2
1854846	1854833	2
1080469	1097191	2
8023832	8023831	1
7179392	7179382	1
3144404	3144403	2
3104721	3104722	1
10781603	10781606	1
7994606	7994605	1
9050308	9050307	1
6031053	6112702	1
9547664	9546191	1
2785156	2785155	1
11997857	11997886	2
2921240	2921239	1
8848396	8848424	1
9429683	9429684	1
8502359	8502360	1
11987032	12012633	1
629084	769968	1
12694363	12694364	1
9488548	9488543	2
3707200	3707287	1
5148608	5148642	1
7784985	9932744	2
9926686	9926700	1
710343	710344	1
11409737	11409740	1
6355817	6355732	1
4111295	4111292	1
8599962	8600907	2
8253491	8253459	2
2162179	2162182	1
12723311	12723328	1
1629875	1629876	1
8552772	8553353	1
11587415	1239187	1
6100054	6100044	1
3261246	3249561	1
10563593	10563590	1
7524277	7524278	1
11664866	11665130	1
6521361	6521324	1
12538569	12538065	1
11373978	11373977	1
8607126	8607123	1
10889389	10889395	1
7632305	7613007	1
8024508	8024507	2
92173	92174	1
11648669	11648024	1
2227390	2227389	1
3955004	3954384	1
8896389	8896410	1
7105248	7105247	1
921088	949456	1
6469150	6469147	2
4664438	10437539	1
7084716	7084732	1
9339331	9338522	1
2298538	2298537	1
6845302	6845899	2
9712783	9715158	1
6425120	6425117	1
3149564	3149561	1
4697837	4697838	1
10823720	10823765	1
922015	922018	1
3688457	3688361	1
6803335	6803336	1
11714797	11714798	1
12676102	12716601	1
36260	36259	1
5017496	5017532	1
2304495	2304496	1
10408669	10408790	1
6484088	6484085	1
8876662	6441461	1
176408	175855	3
1639985	1640328	1
3757404	3757403	1
9793037	9793038	1
4393335	4393336	1
5477360	5477357	2
8985270	8985269	1
7351043	7351044	1
3860772	3860531	1
1027813	1007557	1
7593046	7593045	1
10343821	10343609	1
7060400	7060399	1
11873016	11873011	1
10148332	10148329	1
2600101	2600297	1
11958064	11959032	1
10830416	11010034	1
10095428	10095290	1
4274085	4273669	1
9484474	9484229	1
2413779	2413780	1
3883782	3882694	1
12226864	11961480	1
12575556	12575542	1
4666900	4666899	1
5659664	5659663	2
5817527	5817528	1
114130	114129	1
11270435	11270436	1
8408455	8408557	1
4049845	4049846	1
6699647	6700098	1
10702791	10702792	1
6766405	6766536	1
1103596	1103612	1
4020346	4051936	1
12130825	12130802	1
6970671	7036400	1
3803407	3803408	3
674916	675998	1
8949845	8949841	1
11376389	11376266	1
2534952	2534951	1
5943973	5944653	1
1537522	1537646	1
2317190	2317189	1
5968346	5966664	1
10756485	10760425	1
649097	535875	1
3830824	1401559	1
1032600	1032599	3
11188243	11187998	1
11627763	11627743	1
7168306	7168305	2
4109889	3983852	2
9099606	9099719	1
9583755	9583756	1
686857	686858	1
12250198	12250197	1
8896808	8896807	1
5730545	5731056	1
5285686	5285683	1
7885527	7885528	2
9990809	9990810	1
7968597	7968584	1
10904643	10904646	1
1190983	1196880	1
4989382	4989377	1
8567046	8564269	1
6804844	6804843	1
1240805	9314639	1
11358448	11358447	1
806762	806761	2
174119	174120	1
10071508	10065069	1
7905816	7905815	2
2999289	2999466	1
3312398	3312506	1
10890258	10890186	1
7615091	7615095	1
5380996	5380995	1
9490368	9490258	1
11239229	11239230	1
8254856	8254855	1
10161367	1121742	2
10565857	10565861	1
8636039	8645148	1
10435186	10435775	1
4111692	4111691	1
6603907	6603908	2
4026693	4027725	1
5595701	5595603	1
7934009	10467974	1
6272170	6272149	1
124188	124187	2
3249131	3249259	1
11411841	11411842	1
2827035	2827176	1
921669	921670	2
8409381	8407491	1
10990324	11189459	2
11621432	11621431	1
2378942	2378874	1
4667750	4667777	1
4859118	4859117	1
4644346	4644345	1
11602442	11602408	1
11190655	11190658	1
1794277	1794278	1
950438	909129	1
5041718	5022693	1
2438840	2438839	1
4618333	4618334	1
2557366	2557365	1
10279613	10279614	1
12463731	12463732	2
4310647	4310019	1
3802793	3802764	1
9350198	9350197	2
11006612	11006629	1
1072002	1072001	1
6519305	6519300	1
232459	232460	1
11483372	11483371	1
12327679	12327680	1
3618013	3451206	1
3951840	3923445	1
958485	958486	2
3108459	3108460	2
5152279	5152263	3
1141769	1143260	1
10469099	10469087	2
5923964	5751489	1
6107891	6107892	1
1330192	1330191	1
1869018	1869024	1
11708505	11708506	1
7050093	7050094	1
1705628	1705627	1
9516024	9516144	3
8017189	8017192	1
4007900	4008018	2
8557247	8367574	1
3284414	3284413	1
11457997	11457998	1
10307937	10309279	1
3297081	3297082	1
4760313	4760254	1
12312391	12312344	1
3263453	3263454	1
10191011	10191004	1
12748142	12565037	1
8344724	8344723	1
2733419	2733420	1
12789008	12274460	1
3493095	3493096	1
6908209	7100258	1
7722119	7722116	2
8293914	8293913	2
5962743	5962744	1
12290024	12290023	1
12766488	12766487	1
12730343	12730262	1
2729027	2728764	1
10197178	10197375	2
6139965	6114350	1
3339246	3338565	1
5988918	5988917	1
10469203	10469337	1
299197	301569	2
6908768	6908767	2
3116883	3116884	1
3830693	3830694	2
6753048	6684988	1
3057133	3057136	1
11293746	11293745	1
10127439	10127378	1
11517029	11517030	2
5705309	5705310	2
7913482	7911636	1
10276321	10276322	2
10258001	10258002	1
4697461	11549015	1
414820	415098	1
5942374	5942373	1
1457402	1457401	2
7848618	7849400	1
11864761	11334519	1
8383734	8515080	1
9480295	9480296	1
656659	655472	2
9240116	6387483	1
6508351	6508313	2
3558791	3558917	1
6564587	6564588	1
4030239	4030242	1
7099705	7100816	2
3551833	3693432	1
5554823	5554814	2
11784727	10227960	1
1381862	1381861	1
6136285	6136311	1
5877925	5773587	1
542505	542508	1
2134063	2134064	2
5275866	5274429	1
1500479	1509293	1
12641174	12641173	1
10961464	10961702	1
2960706	2960593	1
2974862	2974861	1
4549942	4549945	1
675728	675727	1
336473	336474	1
10180997	10180792	1
12760095	12760096	1
1954566	1953272	1
977520	977571	1
7704393	7704394	1
10443653	10443627	1
11576776	11585878	1
3108090	3108089	1
6758719	6758613	1
10761239	10761240	1
7110799	7109669	3
4443120	4443117	1
7976625	7976626	1
7060206	7060205	1
4322358	4322357	1
5254081	5253329	2
2938418	2938417	1
927904	927903	1
2530138	10708279	1
4601874	4601877	1
628079	628080	1
8759666	8759661	1
7033848	7033847	2
625833	821177	1
3547932	3547877	1
7790657	7791377	3
597455	597406	1
9792307	9792308	1
12651775	12796304	1
382940	382939	1
3950155	3950156	1
3352087	3352144	2
1653243	1651376	1
5503047	5503048	1
2139566	2139565	1
10289621	10288695	1
7239247	7239248	1
1653303	5488752	1
7925190	7925216	1
7123807	7123808	1
5367556	5367555	1
12759734	12759733	1
4132159	4132160	1
4956953	4956936	2
2843709	2843710	3
6263821	6263822	2
26356	26353	1
6410934	6410919	1
2987090	2987089	1
2340372	2340371	1
816233	816234	1
3776619	3776559	1
5045338	5045245	1
8439689	8439690	1
2475975	2475976	1
9587244	9587243	3
3865399	3865380	1
9354710	9354702	1
371742	371739	1
4801345	6150782	1
12464331	12464332	2
12225301	12225302	1
5713214	10742465	1
3977424	3977427	1
6810596	6810595	2
2039151	2039152	1
11287381	11287382	1
9360767	9360792	1
11647942	11650070	2
3638816	3639944	1
6684768	6684175	1
5273899	5273911	1
986435	986436	1
11910140	11910143	1
8747904	8747903	1
8039323	8039754	2
7833108	7833107	3
10521053	10521208	1
1503239	1502903	1
3675513	3675648	2
1140567	1140568	1
2176678	2176677	1
5751757	5751224	1
3978476	3978447	1
5939713	5939714	1
2394038	2394526	1
8373861	8404223	1
3022980	3032212	1
8511198	8510221	1
3269814	3270215	1
8170574	8170440	1
10202396	10202395	1
11702195	11702196	1
5896440	5896437	1
9587187	9587188	2
945452	945449	1
10541308	10540656	1
12730768	12730763	1
583910	574364	1
12465995	12465996	1
11134792	11137187	1
11603128	11603142	2
4740282	4740281	1
669627	669427	1
7549323	7549326	2
9246934	9247310	1
10417946	10417945	1
7109429	7257444	1
11928863	11932676	1
317042	317029	1
12026172	12026461	3
2345930	2344535	2
7174581	7174582	1
9824578	9824382	1
988026	988484	1
9089378	9089377	1
1850436	1851258	1
1615605	1615606	1
11909705	11877360	1
8799764	8799702	1
9251763	9251764	1
6343766	6343943	1
6472392	6471776	1
7650412	7650411	1
5199589	5199614	1
4069532	4069531	2
4822588	4823650	2
1433293	1223792	1
12283482	12283481	1
12207710	12207702	1
9426562	9426806	1
12036441	12036442	1
2309576	10924488	1
2781411	2781440	1
8972218	8972217	1
12013562	12013561	1
7771176	7771167	1
2398448	2398447	1
10089632	10089629	1
5629210	5629209	1
7747868	7747867	5
10669890	10667517	1
10442448	10442447	1
11255827	11255828	1
5321989	5321968	1
1832594	1832464	1
11665799	11665800	1
9620256	9620255	1
8221826	8293878	1
9149702	9149723	1
7180764	359524	2
9874052	9874051	1
10788001	10788002	1
10514088	10514087	2
3695204	3552093	1
5307886	5307885	3
12782580	12782579	2
6892009	6892010	1
3135102	3134966	1
3943904	3944385	1
11893050	11893049	1
10052164	10052163	1
12715908	12717210	1
6958225	6955982	1
6660655	6660656	1
5384505	5384523	2
1693632	4102650	1
11645335	11645336	1
10213643	10213597	1
8780176	8781771	1
12673375	12673376	1
2103256	2103255	1
1841286	1841242	1
4373233	8579613	1
6684601	6684602	1
4069500	4069499	1
6756721	6756722	1
3826765	3826767	1
426552	426549	2
4705642	4705606	1
7705689	7705690	1
6604430	6604429	1
2418584	2434473	1
11409192	11409191	2
11241638	11241670	1
2494242	2494101	1
7106894	7106893	1
5418835	5419865	1
5790955	5790956	2
1456287	1456302	1
4403929	4403932	1
2918557	2918558	1
7837335	7837166	2
9659036	9658835	1
11064588	11125462	2
7399441	7399522	1
836806	836805	1
10841725	10841726	1
2265316	174389	1
4273182	4273181	1
8550528	8550525	1
12280782	12280779	1
9047979	9047980	1
4015775	4015810	1
3930495	3930496	1
9797244	9797241	1
7554124	7555973	1
7957790	6207169	1
52661	52662	1
8760886	8760908	1
7768168	7768165	1
9931866	9931470	1
4827641	4827644	1
7495244	7495243	1
8646870	8646869	2
8871703	8871704	1
9754628	9754989	2
10771876	10771754	1
11919529	11919530	1
4586450	4586513	2
4138043	4138347	2
11327300	11327386	1
8835745	8835746	1
7280664	7280663	2
889655	889643	1
12636258	12636255	1
11432976	11432551	1
12231573	12231786	1
173326	173329	1
9952169	9958423	2
10778819	10778820	1
1634679	1506619	2
12152334	12152331	1
7495285	7496929	1
4989798	4989797	1
7481025	7481026	1
8559333	8559334	1
2858728	2858731	1
3903786	3903972	1
3487775	3487776	1
8822134	8822129	1
6810594	6810636	1
11989888	11989887	1
8955287	8955304	1
12325402	11718635	2
7626933	7631991	1
9595940	9595939	1
12493586	12493636	1
1288895	1288896	2
11729761	4256594	1
8756199	8756200	1
2105462	2105559	1
3511758	3511757	1
10581439	10581440	2
11880133	11880134	1
1572714	1572711	1
10076052	10076056	1
11100318	10932547	1
3619524	3618797	1
5817401	5817435	1
1328761	1328762	1
3206071	3206072	1
4230840	3396518	1
3700891	3701105	2
11848059	11848060	2
4468691	7702427	1
10980097	10979776	2
11011655	11018118	1
12320527	12320528	1
2352635	2352636	1
1646134	1654300	1
2899025	2899020	1
960874	960877	1
6170310	6170295	1
11721309	11721310	1
5373706	5373624	1
361460	361457	1
1637358	1636283	1
9621232	9620304	1
8877052	8877019	1
11805852	8018809	2
2489061	2491444	1
6389652	6389649	1
890780	890779	1
10336650	10336649	1
12747334	12747333	1
4583978	4583977	1
12187356	12187355	4
7687738	7691043	1
8419505	8419506	2
6716842	6716828	1
7465741	7465766	1
2091751	2091752	1
10739150	10739149	2
1131955	1131946	1
3366243	3366253	2
3292009	3259553	2
5535616	5535613	1
2278268	2278267	1
6045847	6045798	1
8817107	8817342	1
4828072	4828071	1
8993304	9125641	1
4328722	4328721	1
12762527	12761889	1
12341022	12341021	1
3371101	3370920	1
11372215	11372216	2
3086179	3077177	1
11860910	3982701	1
1030647	1031217	1
3470887	3470843	1
2708397	2708391	1
2495944	2495900	1
6142741	11558951	1
3075339	2950413	1
2634195	2634196	1
7944631	8008136	1
4143875	4143832	1
10169514	10169513	1
11393660	11393656	1
4033326	4032022	1
6107924	6107890	1
11646132	11649712	1
6422589	6422590	1
11903719	11894221	1
314749	316032	2
9162204	9162203	2
2542066	2542063	1
5923395	5923409	1
4745455	4737345	1
6445312	6445330	1
7025976	7026154	1
12494457	12492593	3
6017228	4641209	2
4022873	4022874	2
5103593	175395	1
3869645	3869648	1
4832243	9170139	1
7230603	7230604	1
4127078	4127077	1
3950153	3950154	2
4829240	4829239	1
4200363	8242706	1
12768246	12768303	1
4119564	4119563	1
12334995	12334996	2
11189454	11189453	2
7202397	7202242	2
520288	520430	1
2263706	2263705	1
10284472	10284471	1
5549994	5549993	1
11424703	8939968	1
2012846	2012816	1
4544463	4544442	1
8045775	8045776	1
11518879	11518838	1
5057179	5057182	1
2317476	2317473	1
12448498	12448497	1
12317944	12317943	1
10998960	10998952	2
4043852	4063196	1
9831307	9831308	1
6651369	6651372	1
10718446	10718445	2
7774347	7774348	2
5800488	5800487	1
9666707	9666687	1
11885223	11885224	1
1132844	1132843	1
191738	191735	1
7615519	7615520	1
12632178	12632177	3
10301415	10301416	1
6616599	6616600	1
4380558	4380557	1
9076289	9076179	1
6110615	4079851	1
8805591	8805574	1
2020979	10361915	1
12477997	12768394	1
7606971	7606732	1
12395641	12394920	1
1032606	1032603	4
8808191	8694905	1
11381197	11380097	1
2846687	2846688	2
5354390	5354385	1
5664014	5664245	1
8895826	3703290	1
7645072	7625517	1
5753053	5753054	1
7666238	7666237	1
5735054	5735077	1
4878839	4877586	2
2666058	2666190	1
1976628	1976627	1
589534	589533	1
6032650	6033229	2
4055057	4048884	1
7915454	7915554	1
3196322	2537626	1
10980891	10980892	1
4261523	4261614	2
7689079	7447242	1
7464668	7465022	1
7101925	7101926	1
284106	286929	1
5935698	5935626	1
7782842	7783177	1
8980101	8980163	1
4417538	4417537	1
5296453	5296454	1
5091900	1764551	1
7964174	7962965	1
6313646	6314113	1
3858048	3858047	1
4125596	4125595	1
4447426	4447425	1
8232332	8232335	1
12209608	12209502	1
5901187	5901188	1
9110780	9111049	1
12263832	12482310	1
243283	243284	1
2819070	2819067	1
11155391	11155394	1
10293301	10293302	1
7060208	7060207	1
6015296	6015295	1
1284718	1284715	1
3768102	3768126	1
6014722	6048676	1
7476038	7472855	1
12340277	12340278	1
9855601	9855602	1
7159374	7159136	1
6902926	6902788	1
10247249	5476979	1
1329542	1329541	2
5049396	5049395	1
6503827	6503828	2
8605180	8605250	1
2582606	2582605	1
4069689	4069690	2
11441423	11441424	1
11428758	11428757	1
9197456	9197455	1
4172766	4172830	1
5264183	7738113	1
2569838	2569837	1
11463001	11463002	1
1313490	1252591	1
11326168	11326161	3
2273720	2273719	2
9529889	9529890	1
157925	2278833	1
1779819	1779820	1
11978762	11976968	1
267812	267811	1
9734149	9734152	1
11288095	11288096	1
1534367	1534368	3
8420394	8419209	2
1266897	1267143	1
1046473	1046474	1
6501644	6340301	2
2811455	2811914	1
832078	832075	1
4381789	4381790	1
9434454	2586523	1
692633	694713	1
739490	739489	2
4841598	4841603	1
2091740	9832599	1
3823923	3777782	2
1189584	1189583	1
10259183	10259184	1
9075279	9075267	1
8909133	8909296	1
3208521	3207986	1
5651269	5651270	3
11996708	12009958	2
4697604	4697603	1
4786703	4786605	1
3190537	3190538	2
11528635	11528638	1
7933970	7933936	1
943219	943220	1
10902774	8973606	1
4485375	4485376	2
3673020	3673019	3
10209986	10209985	1
8028258	8028217	1
9910945	9898921	1
1018391	1058678	1
4228426	4228425	1
4155991	4156163	1
2607185	2607139	1
9366772	9366771	1
462131	7040340	1
10738649	10738650	1
12698407	12698408	1
6498990	6499190	1
4259891	4259892	1
12280637	12280632	1
10080963	10080964	1
4046160	4046159	1
944448	944447	1
5882063	5882015	2
3993317	3993358	3
7550118	7550117	1
8194667	8194663	1
9438934	9438933	1
12365508	12365507	2
10298135	10299278	2
5290097	5290124	1
10665211	10657429	1
401730	389898	1
11586149	11586533	2
5632267	5629155	1
6553291	6553292	2
12164299	12531481	1
10286416	10283915	1
1309686	1309685	1
3984841	3984842	1
1453312	1452076	1
649353	649354	1
3109674	3109671	1
11586067	11616236	1
5539756	5539996	1
419430	419429	1
2971677	2971678	1
4814887	4814888	2
5524601	5523293	1
11412462	11413300	2
5194886	5194885	1
10292255	5454993	1
8234244	8233135	1
6689833	6689834	1
1531154	1531152	1
12235533	12235534	1
6468456	6468455	1
3042308	3042307	1
3370502	3370501	3
8244713	8245144	1
11074142	11074141	1
3513374	4064741	1
4795893	4795894	1
5020273	5020274	2
7173568	449391	1
5140162	5140161	1
12008436	12008435	2
1544385	1544386	2
2554413	2554432	1
7081830	7081829	1
1333096	1333095	1
11829714	12284749	1
12228143	12228144	1
12019935	12019936	1
742628	742627	1
8199229	8199240	1
9595942	9595941	1
642870	640951	1
3966694	3966693	1
4344282	4345390	1
7386468	7386471	1
8647730	8648060	1
8373050	8373049	1
5736525	5736526	1
641803	641804	2
2653133	2653134	1
1351649	1351650	1
3144332	3144335	1
3088721	3088722	1
6836618	6836642	1
277645	277646	1
11388986	11388981	1
4276648	4276647	1
11149951	11149954	1
1326692	1326691	1
12802026	12802020	1
3194027	10646519	1
6348962	6348961	1
2049596	1989459	1
8114061	8114062	1
3906643	3906644	1
12338902	12338901	1
11932697	11932698	1
248381	231912	1
9291750	9291749	1
10709487	10709488	1
11273389	11273390	1
6587653	6587634	1
9297351	9297764	1
9864910	9864080	2
4024888	4024887	1
3294102	1793109	3
5123707	5123710	1
5126327	5126328	1
5294335	5294127	1
6696517	6696522	2
9094596	9092810	1
8174660	8174659	1
12373824	12373760	1
3876227	3875612	1
8827016	8827019	1
12412820	12412830	1
4041836	4041835	1
4797078	4797077	2
12123252	12458813	1
11409335	11409394	1
8795021	8795022	1
11599398	11599397	1
8105767	8105768	1
3266096	3265822	1
3532616	3532584	2
10144035	10144004	1
10165040	10165251	1
7120846	7120849	1
7620813	7620814	1
2673792	2675606	1
2257757	2257664	1
2148914	2148978	1
7561946	7561945	3
12722473	3996899	1
2892538	2895409	1
6790445	6790446	1
584455	584456	1
415781	415779	1
11890502	11890507	1
10905077	10800327	3
11997012	9291159	1
7415981	7415986	1
591401	591921	1
6345167	6345329	1
1939342	1939341	1
6336277	6334363	1
4390078	4390077	1
9085026	9085049	1
4938578	4938841	2
4414498	9341660	1
5654521	5653868	1
8110830	8110829	1
4436846	4423948	1
7353532	7353529	1
8718155	8718147	1
9483373	9483374	1
11317509	4258533	1
8898892	8898891	2
4853946	7973971	1
9430467	9430398	1
6674362	6674365	1
11803082	11908216	1
2464132	10606863	1
387354	387353	1
1581873	1581876	3
7566573	7564963	1
385820	385819	1
3798593	3798594	1
10212725	10212726	1
11861648	11676620	1
1591648	1592203	1
127954	127958	1
11761556	11761529	1
7390989	7390990	1
9587721	9587722	2
12635375	12635376	1
8030972	8030971	1
7247247	7247248	2
10765267	10765268	1
6187791	6200378	1
7292415	7292395	1
6457176	6457380	1
6243335	6243336	1
7074983	7066524	1
8579237	8579508	1
8722267	8722158	2
11771503	11771504	2
9007937	9006227	2
9141145	9141146	1
2997404	2997393	1
7004203	4367104	1
3200568	3197711	1
4265162	4265161	2
12341425	12341426	1
1614008	1613629	1
6500590	6500589	1
8666055	8666056	1
2834454	2837345	3
11880907	11880908	1
3799936	3799935	1
1835076	1834192	2
10737119	5917370	1
10413972	10413902	2
6198908	6198907	1
1353589	1353590	1
10229237	10229238	1
1099528	1099405	1
4060191	4060192	1
11777551	11777552	1
3130624	3130703	2
9775497	9775196	3
9692374	9692373	1
7692960	7530268	1
8716656	8716655	1
6419261	6420308	1
6513058	6513325	1
6581729	6581730	1
1998045	1998046	1
5373569	5373570	1
12286515	12286516	1
3636059	3636060	1
6901359	6901360	1
5089164	5089163	1
11390159	11387144	1
5237080	5237093	1
1980533	1980534	2
10873980	10874489	1
7825120	7824592	2
9503391	9503392	1
8599344	8599343	1
497936	497935	1
9008836	9008835	2
12452553	12452564	1
752684	752683	1
3811605	3811606	1
11435081	12421490	3
10995008	10994188	1
6752682	6752679	1
4081266	4081265	2
9837442	9837441	2
2059998	2077073	1
12356121	12357520	1
7958008	7958785	1
9106762	9106759	1
10215862	10215865	1
7475329	7473708	1
5188808	5188807	3
1664130	1664127	1
11336751	11336752	1
702751	774615	1
4533520	4683618	1
1100466	1100465	1
11281139	11281140	1
9431140	9431139	1
3125776	3125775	1
2925794	3144591	2
10474351	10473666	1
10254556	10597953	1
11761940	11760801	1
11622809	11622810	1
3999506	3999505	2
11392204	11392203	1
12148396	12148268	1
2434108	2434107	1
10021718	10021713	1
11321138	5889919	1
610331	774509	1
8801507	11885065	1
8247593	8247594	2
12652028	12652027	1
4069691	4069694	1
10198065	10197734	1
999082	999248	1
6330704	6330707	1
4234129	4234133	1
7198952	7198951	1
4989638	4989635	1
3360254	3362767	1
11400716	11400715	3
4050239	4050240	1
8226416	8226872	1
6856529	6857465	1
3465722	1120371	2
11817952	11817947	1
10198467	10198468	1
7277642	7277639	1
6551986	5586853	1
984015	984016	1
11230952	11230977	1
5251693	5252043	1
1585299	1584318	1
8533104	8533103	1
11155413	11155324	2
4731951	4731629	1
5277225	5277226	1
6011217	4646782	1
10545737	10545740	1
11865990	11866200	1
9439122	9439121	1
4690906	4690917	1
12455543	12455544	1
6125221	6125222	1
5806339	5805357	2
2968737	2968738	1
2781320	2781368	1
8917226	8917225	1
1649667	1649668	1
2557597	2445859	1
7909629	7910053	1
2739703	2739706	1
2350561	2351988	2
5461503	5461341	1
11919626	11919625	1
6847967	6846980	1
10513549	10513550	1
329995	329996	3
80002	80001	1
2878347	2878348	1
8409381	8409382	1
658700	658952	1
7913437	7913434	1
3564632	4723782	1
1079414	1079411	1
11777755	11777756	1
9088758	9088744	1
6321717	6321891	1
7808882	7808896	2
5541384	5538513	1
3668397	3668398	1
3941417	3941498	1
4832600	4832599	1
1445337	1445249	1
1524928	1525721	1
4153262	4153259	1
880357	880358	1
5317853	5317854	1
7011171	7011172	2
12249139	12242315	1
4384422	4384427	1
6778069	6778014	1
11152536	11152535	1
42653	45046	2
3042021	3042017	1
10606572	10611648	1
3155453	3154674	1
10160040	10160039	1
6638522	6638545	1
8847871	8847872	2
5697320	5698424	1
11816662	11898614	1
7892561	7892562	1
12748800	12748967	1
27994	27993	1
10089711	10089714	1
5608414	5608413	2
6127403	6127404	1
4155092	4155129	1
2123899	2124620	1
6952298	6949413	1
755383	755384	1
4344449	4344450	1
2568394	2568391	1
4693655	4693658	1
1348141	1407972	2
7988926	7989082	1
7814715	7814718	1
2004984	2004983	1
8377576	8531726	1
10318453	10321153	1
11992694	11992947	1
3085250	3085227	1
8796613	8796614	1
7620815	7620816	1
7199395	7199396	1
11725988	11724044	1
8284569	8284572	1
10349574	10349573	1
8574308	8574307	3
8897366	8897766	1
12133175	12133176	2
408325	408403	2
3403888	3422817	1
285459	285460	2
2128934	2128933	1
8674631	8674632	1
7579664	7579788	1
3317044	3317043	1
376477	376504	1
9054185	9054186	1
10244247	10244250	1
4919457	4919370	1
5587736	7936463	1
12615650	12802139	1
6448336	6445364	1
11901901	4407710	1
748249	748304	1
8020082	8020081	1
9062237	9062169	1
6414643	6414646	1
6996762	6996793	1
7354061	7354143	1
8094705	8094706	1
1053889	1053179	1
6348265	6346072	1
11254785	11254786	3
11500042	11501932	1
9314420	9314419	1
3876678	3876698	1
4003429	4003591	1
7216418	7216417	1
3229481	3229474	2
7019576	7019003	1
1017490	1017487	1
5738861	5738862	1
10473414	10473413	1
11099921	11099922	1
10794216	11750809	1
10179995	10179979	1
2925324	2926671	1
6451638	6451635	2
7435676	7435209	1
4474473	4474464	1
7387159	7387160	2
7367394	7367391	1
3981173	3981174	1
2872961	2872924	1
6502655	6502656	1
11708291	11708292	1
10111342	10111341	1
11261768	11261751	1
1824395	1829324	1
558856	559255	1
2021930	2021927	1
12673820	12673807	1
651915	651916	1
5240121	5240270	1
12773118	12773117	1
11780172	11780171	1
6368988	6368987	1
4995375	4998433	1
4661402	4660284	1
6046752	6046751	1
9094764	9094761	1
5858577	5858578	1
4834519	7945635	1
8873329	8873330	1
5654352	5654343	1
6531204	6531207	1
11172190	11172189	1
10282202	10282201	1
2033959	2033953	1
6145454	6145453	1
11561798	11512427	1
7222274	10285370	1
2015160	2015159	3
6898233	6898234	1
4550087	4550088	4
1200225	1199087	1
11885086	11885083	1
10646488	10648499	1
2883303	2883304	1
501586	497407	1
8512783	8512784	1
6175085	6175086	1
12201702	12202368	1
3298013	3298014	1
7959111	6156507	1
9176385	9176386	1
11651329	11651330	2
5264160	2552920	1
3000509	3000510	1
7792483	7789049	2
8228823	8226987	1
5353752	5353751	2
846328	846327	1
982863	982864	1
11539123	11539124	1
7643903	7655380	1
4527900	4363166	1
4130477	4130478	1
6046750	6046748	1
6448774	6448773	1
5956461	5956462	1
3306767	3306786	1
7294646	7294623	1
1386363	1386364	1
12401013	12468083	1
6634402	6566557	1
11372221	11372222	1
2628147	2628148	1
9530996	9530995	1
8781283	6466518	1
9879904	9879903	1
4009461	4010798	1
7803517	7803518	2
4264629	4264795	1
5520478	5520475	1
657395	657313	1
4452848	4452845	1
4558328	4558327	1
3950971	3950962	1
872560	788958	1
6576183	6576184	1
7591392	7591522	1
7862105	7862106	1
11899498	11899497	1
6998148	6998147	1
7912805	7912788	1
792952	793038	1
10294356	10294320	1
432175	432176	1
9285164	9285161	1
1297755	1297756	1
4214687	4214688	1
8946800	8946790	1
436843	436846	1
6414997	6414998	1
9170911	9170912	1
11509990	11509989	1
10704669	10704670	1
5303392	5304145	1
971197	971343	1
1645633	1645638	1
12149139	12149140	1
12362049	12362087	1
4275739	4275744	1
2557794	2557793	2
6159168	6159167	1
7649372	7649369	4
5501875	5501876	1
3979838	3979837	2
12656552	12722079	2
12799620	12799619	1
7254592	7255343	1
11662113	11662114	2
3209641	3209644	1
11445901	11445904	2
6454140	6454139	1
5749933	5749934	3
9392979	9393115	1
10056067	10056068	1
7481198	7481191	1
3440446	3440661	1
7342106	7342105	1
3727384	3727383	1
203995	203998	1
5084208	5084205	1
5019561	5018147	2
9114086	9114085	1
5355924	5355923	1
8768407	8768400	1
9621119	9621120	1
7380916	7379385	2
10297577	10297578	1
10215086	10215141	1
9083901	9083902	1
6703251	6703252	1
1288246	1288704	1
11350756	11350755	1
11089524	11089501	2
6096667	6096668	1
4432820	4388126	1
9061231	9061232	4
11815061	11815093	1
11912695	11912696	1
8210024	8217783	1
12365508	12286521	1
1997551	1997227	1
7172772	7174019	1
1242933	1241464	1
1845885	1845898	1
10858676	10858673	1
10728543	10728871	1
1068083	1067422	2
8084066	8084065	1
12672293	12672294	1
3632014	3632011	1
74933	74934	1
11537615	11537616	1
8519418	8519417	1
232919	232920	1
3265826	3265823	1
5965831	5965832	1
6148985	6148986	1
1335951	1335828	1
3368597	3368598	1
6409187	6409188	1
11420120	11420119	1
1036866	1036865	1
8438591	12182563	1
8087296	9284428	1
2892574	2892600	1
10074862	10075228	2
7600184	7600825	1
7441880	866002	1
6546797	6532458	1
7682440	8413787	1
3496095	3496096	1
6046142	6046139	2
3532600	3532612	1
7901212	7901969	1
9353532	9353531	1
4067687	4067688	3
8829440	12726815	1
7971148	7970045	1
2611650	2611649	3
5462831	5462799	2
6122417	6122420	1
3132205	3132206	2
6063724	6062427	1
8864340	8864225	1
3804582	3805991	1
4529053	5996954	1
7879167	7879491	1
5274828	5274827	1
10908806	10909162	1
7915026	7915848	1
5698919	5701557	2
3922345	3922346	1
12155773	12155774	1
2955990	2956025	1
1792616	1792615	1
6145675	6145728	1
4306362	8794633	1
8365151	8365034	1
7942059	7942060	1
9149699	9149751	2
5708462	5708432	1
871077	871078	2
6470442	6470441	1
5213514	5213486	1
11006003	11006702	1
4255291	4255292	1
1036862	1036861	1
1305555	1305556	1
4043469	4043470	1
7617494	7617493	2
2783824	2778539	1
6439531	6604431	1
9568426	9568425	1
11442134	11442148	1
1048702	10959789	1
7948287	7948288	1
11630678	11630439	1
435673	161715	1
5126831	5126832	1
11320959	11294993	1
3812739	3812528	1
3590471	3590247	1
3520808	3520803	1
364392	364391	1
9670858	9679406	3
10360815	10360822	1
4854507	4854268	1
176413	176253	1
3699587	3699588	1
9544222	9542783	1
7584022	7584021	1
5462216	5461915	2
8786655	8724342	1
964520	964369	1
5351267	5351268	2
11735554	11735529	1
12306085	12306086	1
228597	225708	1
5506639	5506640	1
12204439	12204440	1
6594719	6594720	1
6814906	6814596	1
1433478	1466125	2
10732246	10731012	2
7951596	3282693	1
1515412	1515411	1
9253815	9253816	1
7420203	7370966	2
11591541	11591216	1
929789	929792	1
9582288	9582300	1
11520554	11520553	1
10673556	10673398	1
6438478	6438356	1
446826	446825	1
842128	842223	1
3993050	3993049	1
10587311	10587312	1
2205189	2205190	3
1632598	1580023	1
4173372	4173371	1
3793915	3793916	1
12681082	12681111	1
417443	417444	1
10611415	10611416	1
6556986	6556985	1
6743910	6743865	1
3155451	3154674	1
4038856	4038855	1
5887707	5887704	1
7649379	7649380	3
6293867	6293868	1
421693	434277	1
7019139	7019125	1
6129741	6129719	1
5326655	5426444	1
7990452	7990254	1
10906692	10906645	2
9692939	9693146	2
7778122	7778121	1
4387600	4387599	2
2377695	2377864	1
11759962	11759961	1
6778013	6778023	1
9641412	9641432	1
8884662	8884642	1
7840256	5443661	1
1715695	1298359	1
9903784	9903783	1
6557509	6557510	2
6442667	6446630	1
2431901	2431902	1
3044581	3044582	1
1229035	1227943	1
7234597	7234598	1
12132872	12132871	1
4280322	4280327	1
12763414	12763413	1
6222799	6222800	2
11259923	11259924	1
1278621	1278622	1
5046716	10334850	2
8713930	8714780	1
2084976	2084975	1
5926783	5926786	2
6576564	6582650	1
4722816	4722815	1
12720897	12720900	1
40195	40196	1
5170973	5170969	1
11964918	11964921	1
5424898	5424884	1
2852881	2852813	2
12735582	12735581	1
5294901	5294244	1
327151	327152	1
7465420	7465503	1
4105778	4105777	1
6946332	6946331	2
11938337	11938163	2
8647105	8647106	2
6607405	6607406	1
6151583	6151584	1
3601448	3601447	1
6813809	6735523	2
5854890	5854884	1
7960057	7960058	1
3582145	3582146	1
5441845	5383616	1
8383909	8384662	1
7238661	7238662	1
9853435	9853436	1
3540242	3540239	1
9969101	9969157	1
2376621	2398836	1
4231228	4231227	1
12447225	12447208	1
5938661	5938644	1
10225460	7840365	1
6537676	6537675	1
9426829	9426830	4
38690	38689	1
3162585	3159258	1
12329007	12328975	1
4153046	4153045	1
5650858	5650867	1
12568940	12568937	1
8885684	8884852	1
5012566	5012565	2
193169	193170	1
1107061	1107062	1
2814475	2814324	1
3246998	3246997	2
3364521	3362810	1
8331382	8331360	1
9594066	9594065	1
2781352	2781351	1
2956024	2956023	3
11125129	10941260	2
10154202	10152565	1
4901869	4901874	1
8481326	8481280	1
6371400	6371413	2
2260411	2260412	1
8783163	8783164	1
4068620	4005082	1
1422610	1423748	1
9985527	9985528	1
12802248	12802298	1
781658	781464	2
12614440	12614439	2
2944530	2957517	1
2532795	2532796	1
11131837	11131840	1
7860906	7860905	1
3284141	3284142	2
1532156	1532155	1
6421869	6421870	1
3496815	3496824	1
3888568	3887955	1
11677224	11677227	1
7184790	7184789	2
6229973	6229974	1
3117	3147	1
10148426	10148425	2
11567142	11567141	1
2477307	2477308	1
6716209	6716210	1
645472	645469	1
11724069	11722646	1
8081352	8081310	1
3552533	3551452	1
5359782	5359781	1
935422	1344604	1
1970018	1970227	1
2183463	2183445	2
8858361	8858362	2
2904491	2904492	2
8890595	8891360	1
4407756	4407755	1
11990950	11990960	1
7827944	7827943	1
7695091	7695092	1
7533908	7535453	1
4867865	4867882	1
5005859	5005860	2
7383584	7383583	2
7811489	7811492	1
7290882	7304691	1
10971083	10974472	1
943221	943222	1
4367869	8727995	1
8625390	8627048	1
7339102	7339097	1
4250718	4251444	1
3754686	3754685	1
2045472	2046645	1
7691397	7691319	1
9772732	9772731	1
3055901	3055902	1
5059228	5058558	1
10894250	10898712	1
6159946	6159945	1
6151548	6151578	2
8858998	8859274	1
897823	897824	1
6985442	6984153	2
10826442	10826441	1
9975371	9975365	1
9416952	9416951	1
3125539	3125540	2
5653683	5653704	2
9864817	9864448	1
7372178	7372177	2
4819032	4819062	1
5521140	5521139	1
7025975	7025976	1
640019	640020	1
11670791	11671096	1
9703273	9702648	1
4867032	10312078	1
2846898	2846107	1
5461392	5461391	1
4674890	4674887	2
10540760	10540855	3
5156096	5156093	1
10975714	10975709	2
407169	407170	1
11104832	11104829	1
11788382	11787953	1
11316241	11316269	1
1942369	1942363	1
7443591	7444495	1
4500452	4500451	1
3298529	3298530	1
4864680	4864679	1
1632271	1632272	1
10417025	2522381	1
11650493	11650494	1
1661694	1660215	1
11004951	11004952	1
1583341	1583342	2
225301	225302	1
2784451	2784452	1
757814	757813	1
8748867	8748868	1
5901574	5901573	1
9826616	9826546	1
12348103	12297511	1
5539395	5540538	1
7486696	7486688	1
194774	407022	1
11876229	11876233	1
8001706	8001603	1
3498250	3496437	2
5954907	5954448	1
8447805	8447751	1
7372487	7373984	2
12608583	12609778	1
2170798	2170797	2
5966927	5966924	1
3635197	3635198	1
1330238	1257712	1
6872647	6873459	1
2816907	2816910	1
8817084	12248506	1
4674892	4674891	2
9703781	9703782	1
11441425	11441426	1
3085645	3085646	1
8759712	8759728	1
9078373	9078374	1
9788393	9788394	1
7739510	7739509	1
11721874	11721871	1
10001173	10001174	1
1317538	1317537	1
6826058	6824069	1
5536982	5536981	1
2152339	2152340	1
5975133	2607595	1
5551531	6095024	1
3185178	10623849	1
11367452	11367451	1
6173142	7943860	1
7666050	7666049	1
7931640	7930922	1
7521293	7520734	1
12786116	12790362	1
1845907	1845899	1
8568345	8568346	1
11796460	11796459	1
4570295	4570310	1
7220234	7219248	1
206783	207503	1
2777174	2777202	1
10989557	7200084	1
11159999	11161037	1
4113148	4113138	1
6594803	6594804	1
7448985	7448986	1
6373556	6373555	1
8940686	8942046	1
6481506	6481503	1
9964614	9964629	1
12718184	12718229	1
11936241	11936242	3
5490347	1654316	1
4177508	4177703	2
5281090	5281087	1
5100622	888444	1
2067820	2067819	1
9127482	9128258	1
9693214	9693213	1
4111566	4111962	1
6978554	6978563	1
3924430	3924429	1
5294264	5294263	2
8675405	8675406	1
12159816	12180429	1
4612652	4612651	1
7794753	7794754	1
3854714	3854436	1
5589192	10466314	1
3447009	3447719	1
2231528	2231527	1
6374540	6379271	1
97417	97418	1
10927277	10927278	2
3697254	3697253	2
8730935	8730936	1
10381826	10381825	1
11284679	11284680	2
12462678	12462681	1
5968489	5968490	1
11927173	11927174	1
3144827	3144828	1
1279583	1275679	1
395066	5487053	1
4539214	4539219	2
9518929	9520956	1
2830848	2830847	1
7652182	7653633	1
7936129	7936293	2
11304712	11304711	1
4903302	4903297	1
7861482	7910313	1
7206877	7206878	1
6592399	6592400	1
7905247	7905375	1
10015189	10015161	1
5364884	5364883	1
11704896	11704895	1
2595517	2595518	2
12729960	12729959	1
4154420	4154417	2
5253507	5253513	1
5520332	5520295	1
12672983	12672984	2
4948178	4948177	2
11002268	11010433	1
6127271	6127314	1
8727478	8727477	1
9652895	9652896	1
8486783	8486786	1
7010011	7010012	1
7095260	7130361	3
11383887	8917238	1
7771911	7771690	2
5424288	5424287	1
7921231	7921122	1
2854128	2856759	1
11352840	11352850	1
4769235	4769236	1
9503317	9502885	1
11790585	11790586	1
2038303	2049297	2
5105664	5105661	1
11791547	11791548	1
7780095	7780141	1
11851722	11851726	2
5592023	5592024	1
4039281	4123875	4
6482042	6482041	1
430607	432368	1
1757488	1757487	1
9636179	9636180	1
10410850	10410849	1
2763028	9285161	1
10049384	10048440	1
5761583	5761584	2
1845764	1845763	1
10371406	10371876	1
11754274	11754551	3
3193713	3193495	1
10263749	10460638	2
12393837	12393838	2
3932492	3932491	1
7210316	7210315	1
11546930	11546946	1
12194078	12197644	1
8664931	8664932	1
156839	156840	2
1105091	1106078	1
6637950	6637949	2
1122148	1122147	1
2603446	2603445	1
8986841	9648564	1
2315886	2315883	2
2305591	2305594	1
1038135	1038136	1
598904	598903	1
329430	329429	1
12381825	12381826	1
9565318	9355828	2
10426053	10426355	2
8544602	8544596	1
11909186	11909176	1
12264347	12270339	1
9937030	9937029	1
4156938	4157258	1
4277990	4277982	1
12314817	12314818	1
1311133	1311121	1
7225985	7225988	1
4531267	4531297	1
4078203	4078204	1
11622334	11622636	2
11588915	11588916	1
9903722	9902225	1
5523252	5523849	1
2177444	2417387	1
6476490	6476718	2
9419530	9419529	1
10226833	10226834	1
10690497	10690486	2
5773905	5773906	1
11270529	11270530	1
9079564	9079563	1
8029933	8029934	1
8811150	8811149	1
8997912	8997911	1
6062426	6062425	1
1863170	1863573	1
8151479	8151480	1
5213405	2480372	1
8765004	8765003	1
12316504	12316503	1
11412773	11412776	1
8726335	8726369	1
5317429	10123720	1
3696566	3696565	1
3861177	3861178	2
5285539	5285587	1
4047289	4047117	1
12460678	12459605	1
8884386	8884388	1
45602	45601	1
11710725	11710726	1
10902034	10902033	1
3913189	3913190	1
2136286	2136147	1
11249776	11249775	1
8555344	8556225	1
9926387	9926388	1
3461476	3461473	1
4496995	4497157	2
12278942	12278496	2
3569616	3569615	1
1451904	1451903	3
6871263	6871264	2
4002636	4002635	1
10432979	10651372	1
3250774	3250773	1
4370921	4370149	1
7974163	7974164	1
11457220	11457219	1
5876559	5876560	1
10297640	10297637	2
7941977	7941978	1
5823254	5823265	1
2143463	2205677	1
9144366	4121260	2
3769267	3769270	1
5272028	5272027	1
11969129	11969130	2
9173134	9173133	1
9476808	9476780	2
7912674	7912659	1
11059026	11050841	1
7419590	7419589	1
1266169	1266170	1
10794052	10794051	1
8869811	8869812	1
3966484	3966172	1
1826583	1826586	3
250665	250666	1
5093334	5093367	2
10950621	10950622	1
9099819	9099840	1
133032	133031	1
2343548	2340526	1
3704217	3704218	1
6675837	6676208	1
4652704	4652703	2
2889331	2891503	1
9625965	9625966	1
5293628	5293625	1
3414162	3413769	1
11993947	12012222	1
5102733	5102739	1
7354044	7354043	2
2547018	2547008	2
1700185	3908612	1
6049711	6049687	2
1103275	1132854	1
9770842	9770841	1
6684997	6684998	1
9316864	9316837	1
3880871	3880624	1
7734721	7734708	1
7745975	7745978	1
12273703	12273704	1
4008260	4008259	1
6808667	6808668	2
2755689	2755766	1
1134441	1134444	2
10552106	10552105	2
1146197	1146198	2
3981171	3981172	2
7734143	8796070	1
9826254	9826253	1
5952434	11752928	2
9272957	9272960	1
1060704	1060703	1
11306858	11306857	2
8664305	8664302	2
7873926	7873925	1
8997946	8997945	1
7440642	7445420	1
5857678	5857677	1
5337959	5337960	1
8054593	8054380	1
1031814	1032840	2
11547053	11547054	2
7475468	7475446	1
3697681	3697682	2
4091690	4091641	1
808052	808049	4
652027	651789	1
12161011	12161012	1
5916082	5916081	1
12128488	12128487	1
2789755	2789756	1
2994170	2994169	2
5477514	5477587	1
5333515	5333489	2
11159135	11159136	1
12149982	12149979	1
4559561	4559115	1
5165931	5165916	1
4105223	4105224	1
8863863	8863864	1
3124340	3124357	1
5814092	5814089	1
6470362	6470361	1
291691	290994	1
7811965	7812241	1
2123809	2123810	2
7525304	7525303	1
11826485	11826539	1
7841681	7843387	1
6089406	7783746	1
1480387	1480425	1
7620950	7620953	1
6394616	6394875	1
10499946	10499945	1
12761679	12761680	1
4784665	4784666	1
773098	773097	2
4584089	4584367	1
5346990	5346989	1
1928956	1928964	1
9931232	9931194	1
5840319	5840322	1
11095624	11095391	1
2421909	2421910	1
949781	949782	1
6187714	6187713	2
5547381	5547339	1
10889661	10889662	1
2758899	2758900	1
922017	922018	1
212259	212260	1
11834566	11835757	2
719901	719904	2
3088675	3088668	1
3081221	3081222	2
5725464	5725461	1
1563294	1563293	1
3015707	3015710	1
8148872	8148673	1
11699435	11699350	1
9116969	9116970	1
11306749	11306623	1
5835764	5835763	1
6170226	6170225	2
8360808	8360805	1
103272	108843	1
12167742	12167741	1
3199790	3199774	1
9116001	9115249	1
9586395	9586167	1
10194961	10195022	2
11991912	11991904	1
10820263	10820264	1
5075866	5076031	1
6999357	6999358	1
2312472	2312450	1
1006677	1006700	1
2094672	2013213	1
9027912	9028026	2
823054	823053	1
9449611	9447879	1
11345334	11345331	1
2864051	2864052	2
11991916	11991913	1
7702581	7702713	1
2259729	2258977	1
9260732	9260735	1
8440903	8440904	1
4267335	4267850	1
9095576	9095575	1
8555735	8380705	1
11104832	11104831	2
5576326	5576323	1
8658707	8998104	1
1773514	1773513	1
8014824	8014821	3
10653061	10653062	1
11373413	11371868	1
2246527	2246512	1
11169291	11169292	1
1204804	1204803	2
6365156	6365155	2
2587371	2587372	2
2603905	2603906	1
7769713	7767014	1
8983987	8983988	2
5988918	5975505	2
3756312	3756311	1
2309140	2309139	1
8626465	8626252	1
8805885	8805886	1
6887184	6887183	1
6035207	6035090	1
3593871	3593872	1
7873740	7873739	2
8299941	12311513	2
4171629	4169474	3
4722850	4722839	1
8813651	8787004	1
11486560	11486563	1
351514	351503	1
4637407	4637408	1
9509507	6504592	1
10802832	10802816	2
4677367	4678827	1
2432777	2432784	1
6048202	6048201	1
9806539	9806524	1
2025097	2022999	1
5535093	5534814	1
8707727	8708078	1
2936095	2936115	1
1754135	1754136	1
4068672	4068679	1
9505551	6735003	1
11986394	11986393	2
4033779	4033780	1
1746799	1742007	1
5359594	5359533	1
10719431	10719432	1
2413634	2413633	2
10863886	10863910	1
5590932	5590931	1
1319306	1319305	1
11386472	11390236	1
8890591	8890592	2
9801193	9557578	1
12442936	12442935	1
247520	247519	2
3522341	3522342	1
1445061	1444833	1
8937525	12202610	1
10787881	10787882	1
5411173	5409932	1
1890846	9811389	1
3520039	3518455	1
3196271	3196272	1
11278493	11277782	2
6555323	6555324	1
8617845	8617848	1
12195914	11379510	1
3960565	3960572	1
3942458	4040502	1
3197710	3197709	3
8057254	8057243	1
8379773	8379774	1
7201357	7201070	1
559254	559253	1
3994470	3994469	1
2267076	2267073	1
4705692	4705691	1
4400325	4400326	1
11965014	11965013	1
12553668	12553667	1
12697986	12697983	1
1549849	1549854	1
8197422	8197421	1
765753	765760	1
7985188	7985187	2
6082264	6082256	1
10170932	10170929	1
12336634	12336633	1
1074057	1074060	1
4069432	4069431	1
7677505	7677304	1
9702639	9703647	1
8424445	8424438	1
4642481	4673846	1
6212279	6212334	1
2346661	2346646	1
6935659	6935619	1
11704119	11704354	2
290023	290024	1
8898702	8898560	1
3055633	3055624	1
6312527	6312528	1
10885836	5011963	1
3206073	3206031	1
7011709	7011710	1
11648504	11648503	3
10373493	10373550	1
4370755	4370756	1
7443173	7443174	1
12129296	12357238	1
9160561	9160250	1
6778729	6778730	1
9682753	9682775	1
6409586	6409585	1
12613612	12678244	2
6479220	6479244	1
2537115	2537118	2
1800727	1800728	1
6543414	6543413	1
343989	343863	1
12242649	12242667	1
799969	799970	1
1116133	1115833	1
1606349	1601331	1
6931287	6939587	1
1943384	1943455	1
2918511	2918514	2
11337099	11338145	1
5504582	5504507	1
3881141	3881142	1
9350023	9350062	1
2641576	3320196	1
4757861	4757623	1
11228528	11228527	1
1481346	1481352	1
1906801	1906804	1
2887557	2887558	1
11462510	11467108	1
2552937	5264303	1
12332399	12332400	1
889447	889448	1
4537587	4537588	2
1049950	1049916	1
3968749	3968892	1
162916	162915	1
4901453	4902419	1
6044121	6044122	1
7687437	7687442	1
3396746	3396745	1
3010000	3009999	1
4030910	3875836	1
11824631	11824632	1
10184384	10184383	1
12028716	12028715	1
9247279	9247280	1
7133200	7133252	1
6392619	6391473	1
1153675	1153676	3
11550799	11550800	1
11167448	11167447	1
6630074	6630382	1
11860310	11860309	1
10744025	10744026	1
351575	351576	1
1527260	1318799	1
5822366	5822365	1
3516631	3516632	3
11416319	11421683	1
8603301	8603302	1
1463967	1463968	3
8742022	8738677	1
1290646	1290456	1
4918610	4926909	1
11860308	11860305	1
2342440	2342437	1
9526508	9526512	1
7606159	7606160	1
3259542	3259541	1
5587353	5587696	1
9476779	9476780	1
10288162	8416359	1
12469945	12496095	2
56730	56723	1
12560529	12560530	1
10519196	10519195	1
6392029	6391599	1
1138884	1778326	1
4652813	4652814	1
11393869	11393870	1
8351549	8351550	1
2228957	2228958	1
2394338	2394337	1
3997060	3996988	2
8370436	8370433	1
8799701	8799702	1
8066426	8066425	1
7276027	7276339	1
12396115	12396161	1
12144322	12144317	1
7638130	7638129	1
386570	386357	1
6019743	6019997	1
12129507	12129508	1
6310643	6310653	1
7441625	7441626	1
11289695	11289440	1
2657531	4049379	1
5807699	5807664	1
11875633	11875634	1
10377250	10377227	1
10150519	10150497	1
10483645	10483646	1
12675690	11310879	2
6352015	6358274	1
781790	782299	1
10409865	10414053	1
7548682	7548681	1
3668393	3668396	2
9358686	9358685	1
5968800	2573470	1
4902808	4902867	1
7106755	7106741	2
7293870	7293869	1
11000484	10998593	1
7059340	7059326	1
2478939	2478940	1
8031553	8031554	1
2831058	2831066	1
6275985	2126058	1
3476026	3475844	1
6014421	6013624	2
6164319	6164320	1
6343371	6342537	1
10875065	10875066	1
11601578	11601577	1
3166309	3166310	1
11216249	11216250	1
10279770	10279769	2
5511462	5511435	1
8417772	8417771	1
6011685	6011686	1
528416	528415	1
6920211	6920194	1
1167700	1167699	1
9565955	9514531	1
11159218	11159217	1
1116423	1528590	1
10261842	10262213	2
7780015	7780016	1
1498493	1498670	1
189681	189682	1
7378254	7378253	1
11604303	11599944	1
12208915	12208916	1
6553175	6553176	1
8918624	8918603	1
5483968	5483967	1
8893216	8893224	1
8508260	8508259	1
11104634	11104039	1
11615406	11610510	1
195225	195434	1
2285257	2285258	1
2048299	2048321	1
182015	182016	2
8024012	8024011	1
6952298	6949411	2
12548257	12548258	2
7000956	7000955	1
6535037	6535059	1
6271695	6271696	1
8252833	8261575	1
3528547	3528548	2
1952529	1952755	1
6952399	6972762	1
9064902	9063376	1
4520141	7867128	2
4713677	4713678	1
12608290	12608742	1
11774717	11774718	1
3240469	4046773	1
11285154	11285159	1
10231632	10231631	1
6512129	6512130	1
5321885	5321886	1
6670717	6670674	1
8401952	8401951	1
7117843	7119225	1
12130228	12131890	1
5760656	5760617	1
6342019	6336493	1
5477068	5477627	1
2848059	2847813	1
7777045	7777046	1
9819837	9821308	1
1419792	1419791	1
3834102	3834151	1
6785489	6785490	1
5914949	5915638	1
7932297	7932298	2
6052913	6052914	1
425781	425782	2
6805525	6805526	1
3961487	3962104	1
11604284	8901183	1
5445185	5445186	1
7446265	6188788	3
1749304	1749303	1
12531115	12531116	2
10559709	10559710	1
1648628	1650786	1
849552	796904	1
5134933	5134934	1
9995629	9995630	1
8229692	8229691	1
5065736	5065735	2
9580306	8209523	1
487616	487658	1
10286049	10286057	1
12471553	12471554	1
6601572	6618262	1
5359102	5359101	1
1544966	1544572	1
8938031	8938032	1
1381860	1118686	1
799761	799634	1
12232693	12242227	1
2479191	2479192	4
2271230	2272413	1
3985052	3985043	2
10203708	10203707	1
198103	200700	1
6429233	6429322	1
50050	50049	1
7858778	7858777	2
827677	827678	2
11123096	11123016	1
9112825	9112826	1
5022803	5022804	1
1763167	1763168	1
11120004	11121617	1
9382843	9382844	1
10346385	10346123	1
6688160	6690453	1
7724012	7724444	1
12721168	12721054	1
11932203	11931622	1
473363	473191	1
11897755	11901407	1
1152397	1150999	1
6073821	6073822	1
7316461	7316462	1
2681574	2681573	1
6778087	6778090	1
1764509	1764510	1
4052377	4053053	1
1765850	1766730	1
11268697	11267844	1
4698118	11761138	1
12642582	12642581	2
1425243	1425244	1
5048373	5047717	1
11112493	11112494	2
4752954	4752858	1
1648974	1648973	1
2685691	2685603	1
2067801	2120644	2
1866205	1866206	1
3740926	3740925	1
818347	819023	1
3368602	11403003	1
11331117	11331118	1
4621441	4621444	1
1745111	1745112	2
420959	5559630	1
1720005	1720006	1
9326438	9323955	2
12475880	12475877	1
12036984	12036972	2
7496030	7496085	1
1617399	1617400	1
6127371	6127372	1
11908764	11908763	1
644707	644708	1
8486876	12134297	1
5572586	5572585	1
6972462	6971529	1
1834060	1834059	1
4041393	4041394	1
12724115	12724069	1
4042401	4042424	1
5183894	5183891	3
8371009	8372031	1
7160724	7160761	1
11886577	11886578	1
1749536	1749535	1
4648869	4648870	1
5425632	5436753	2
12727048	12727047	1
10189385	10189386	1
2141542	2141541	1
2557512	2557511	1
863115	863120	1
8495745	8495746	1
12300944	12768605	1
9381152	9382054	1
11197770	6743618	1
616136	616135	1
10729948	10729945	2
8253458	8253457	2
10121391	10121392	1
1667297	1667298	1
82895	4993903	1
165135	165136	2
1833636	1833635	1
6480172	6480149	1
9158149	9158152	1
10572416	10572293	3
7535093	7453877	1
10334070	10334067	1
11148936	11148935	1
519148	519147	1
6457811	6457812	1
9097128	9097140	1
2862780	2862607	1
1279693	1279694	1
11534919	11538471	1
12120242	12120241	1
5373571	5373535	2
3814002	3813997	1
1664188	1664187	1
510613	510614	1
11438256	11438202	1
1296877	1296878	2
1823428	1830648	1
2858310	2971297	1
577811	577814	1
2123132	2123051	1
4822738	4823619	1
7227427	7227428	1
8642792	8642791	1
5055984	5055983	1
11610380	8969459	1
3483696	3483695	1
10480436	10480300	1
3477665	3476146	1
2507902	2507901	1
6512783	6512784	1
8602734	8602733	1
5676466	5677661	1
7632181	7632182	1
10953962	10953961	1
3194034	11994439	1
12400193	12420904	3
3481639	3480254	1
4185338	4184858	1
5354390	5354383	1
238319	238320	1
3418783	3673353	2
2921220	2921219	2
7446319	7446320	2
12174947	12174948	1
9246394	9291831	1
388570	388569	1
1115564	969017	1
2557593	2557594	1
3756199	11522170	1
945303	945674	1
12488772	12488771	1
11410185	11410018	1
9104885	9104252	1
8420330	8617838	1
9109574	9109580	1
6282538	6283321	1
6564589	6564590	1
1306625	1306626	1
1436124	1435828	1
2170798	2171609	1
4306624	4306623	1
7792141	7792119	1
11463801	11464286	1
2305086	685579	2
12669723	8813471	1
3871917	3871933	1
10502991	10502996	1
8389529	8389530	1
12641336	12641333	1
10460747	10460680	1
6562801	6562802	1
8917698	8917697	1
12149287	12149288	2
2515754	2516214	1
5274033	5274115	1
9920088	9920087	1
3498979	3498734	1
7567825	7567841	1
6874966	6875170	1
4591126	4587677	1
8653612	8650459	1
910862	919681	1
10653891	10653872	2
3597682	3597681	1
11218506	11218252	1
5098223	5098185	2
10282594	10282593	1
7798253	7798254	2
4210098	4210095	2
11393349	11393350	1
10991161	10991162	1
2104118	2104189	1
544307	544310	1
5270682	5270681	1
10371984	10371983	1
8497775	8497776	1
11720282	11720281	1
9705058	9704858	1
9531789	9531757	1
9293353	9293348	1
9962868	9962867	1
7819225	7820238	2
10415154	10415153	1
2507079	2507080	1
9000760	9000759	1
1996458	1996457	1
709413	709414	1
10031621	7698516	1
5933667	5933668	1
11491221	11489288	2
2185305	2185306	1
3078036	3078035	1
8630933	8630934	1
1681865	1682189	2
5824968	5824949	1
11323053	11323054	1
947137	947092	2
7269623	7269624	1
3083947	3083948	1
12763965	12763966	1
3413692	3413691	2
7190334	7190333	1
8909644	12243100	1
3698101	3697697	1
11995712	11995768	1
11515975	11515976	1
2545256	2545255	2
8396003	8396205	1
7148374	7148373	1
5830532	5830574	1
7792009	7792010	3
3967942	11376048	1
11268097	11266714	1
10043707	10043233	1
6166126	8035058	2
378001	377850	1
10507422	10506790	1
4266883	8909295	1
12537080	12537089	1
1835662	1533837	2
1149501	1149502	1
8423798	8428440	1
11229235	4049684	3
6425006	6425038	1
5570893	5897560	1
3147421	3147422	1
8714632	8714599	1
5962361	5962362	1
6104158	6104190	1
8154142	8469032	1
5927743	5927744	1
4571122	4571121	3
1460106	1460123	1
11182678	11182677	1
4070391	4070381	1
12299734	12299733	2
5651098	10465721	1
1640615	1641271	1
3623678	3623677	1
11598292	11606228	1
6971038	6970575	1
11249600	11249599	1
7798255	7798258	1
7539979	7539779	1
7965484	7965483	1
2004198	2004197	1
4695390	4695731	1
6128247	6128248	1
4118393	4118394	1
11534308	11534307	2
4647458	4647457	1
2257051	2597738	1
7907664	7907451	1
1404150	1404155	1
7612290	7612295	1
11817392	11816164	2
2812583	2812584	1
8023873	8023874	2
314349	314352	1
11042382	11126114	1
8317688	8317662	1
4341067	4340927	1
12315968	12319955	2
6808908	6808920	1
7687649	7687657	1
5225924	5225941	3
329997	330013	2
8217703	8218310	1
291687	291675	2
9061307	9061403	1
2868261	2868262	1
7931636	7931660	1
5590508	5590507	1
2836482	2836481	1
1931334	1931333	1
3307440	3307439	1
6122586	12313992	1
5850831	5842611	1
7835797	7835798	1
11728495	11726558	1
6722074	6722073	1
6844819	6844820	2
12759761	12759762	1
9921163	9918363	1
9587732	9587572	1
7199397	7389639	1
6038851	6042527	1
8363485	8363727	1
1268330	1268356	1
12515968	12515967	1
7214321	7214326	1
7984611	7984612	1
447697	447698	1
7651739	7652014	1
11591243	11591244	1
2942331	2942332	2
5734536	5734535	1
8420819	8517327	1
10971579	10971580	1
12448274	12448281	1
1735665	1735666	1
7665368	7665406	4
10053682	10053694	3
10117534	10117533	1
516866	516865	1
6993994	6993991	1
1280560	1198565	1
8027194	8011396	1
4555651	4556825	1
10998611	10998612	1
7239419	7239420	1
9187518	9198167	1
11484019	11494104	1
1164764	1164761	1
6543828	5590947	1
10580939	10580940	2
7863627	7863602	1
3323830	3323834	1
5900455	5900709	2
9046126	9158148	1
7866055	7866049	1
11663707	11663704	1
6595841	6595842	1
4047372	1766515	1
10982312	10982311	1
7911079	7911080	2
3137211	3139900	1
3639765	3639766	2
11150529	11150533	1
1109967	1109968	1
2956699	2945050	1
2094276	2094275	1
7584192	7584979	1
1912035	1912050	3
8338643	8340047	1
2376412	2376411	1
10504258	10504257	1
1874273	1874274	2
1880730	1880729	1
9354712	9354711	1
7142310	7142307	2
1747807	1748469	1
10270364	10270363	1
7057709	7057710	5
1008749	1008750	3
11295365	11401221	1
7661736	7661735	1
7677317	7677318	1
8513404	8513403	1
775744	775743	2
172088	171862	1
1191425	1587228	1
11873757	11873758	1
4917156	4917155	1
11198922	11198921	1
3899108	3899107	2
1571633	6922595	1
8167528	8167527	1
3984138	3984141	1
3600109	3600110	1
7792885	7792886	1
11324858	11324855	2
10732661	10732662	1
1982361	1982362	2
8847597	8847598	1
3245358	3245935	1
11661558	11661557	1
5096869	5096851	1
7814933	7814472	1
2549723	2549705	2
4266592	4261900	1
8924684	8924650	2
4999079	4999084	1
2255049	2255050	1
2646428	2646427	1
7001076	7000959	1
10143608	10143315	1
11908127	11908128	1
148170	146608	1
9476924	9479686	1
8652232	8652231	1
6634664	6634661	1
3429821	3429822	1
8399441	8399444	1
1199704	6927002	1
288856	288855	1
1877752	3513839	1
10183764	10183763	1
11660818	11660817	1
6175423	6175424	1
10540284	10414743	1
10410318	10410317	1
10551408	10551403	1
6309119	6309120	1
1033883	1033884	1
11833665	11833666	1
9826627	9826617	1
1013142	1017198	1
10334420	10334419	1
10437375	2539918	1
5967401	5965672	1
10195556	10195555	1
3019432	3019481	1
3707315	3707316	1
2879943	2879617	4
5526066	5526065	1
5442291	5442292	1
10053695	10053696	1
9121478	9120169	2
11762667	11762691	1
1165132	1165104	1
3539029	3539019	1
2766083	2766084	1
1283213	1281326	1
7248520	7248515	2
1068044	1068066	1
8730940	8730939	1
7939549	7939550	2
305563	305745	1
12454349	12454350	1
12603858	12577011	1
11330102	11330101	1
12434799	12434800	1
1501224	1504526	1
4401098	4401097	1
6452607	6452564	1
10147418	10147383	1
2834770	2834769	1
10039061	10039062	1
2899620	2899619	1
5513686	5513685	1
1240525	1240620	2
10128381	10128382	2
10928650	10928649	1
11908793	11805139	1
5515092	5515091	1
358500	358497	1
1547511	1547514	2
2960049	2960050	1
8928284	8928283	1
6473538	6473521	1
3645357	3644068	1
4554473	4554474	1
7048559	7048560	1
5850598	5850592	1
2280043	2280050	1
7430476	7430678	1
307186	307185	1
10413219	9417478	1
5487544	5487543	1
6364479	6364794	1
1620149	1620434	1
12677127	12677119	2
3961797	3961798	2
3358898	3358887	1
1863149	1862981	1
12666605	12666606	1
12436781	12436782	1
11182638	11182637	1
8796998	8796997	2
137692	135120	2
2070864	2070863	1
37753	37495	1
5594898	5594895	2
9575035	9575036	1
9279037	9279038	1
10449289	10448247	1
5373281	5539354	2
9092576	9092575	1
9816117	10024627	2
1834124	11729324	1
7566555	7564961	1
2339125	2339126	1
8110910	8110909	1
12120332	12120331	2
5274114	5274113	1
3285577	3285552	1
3231779	3231780	1
11646873	11646874	1
8818447	8819263	1
1243301	1243302	1
1315817	1315818	1
9315986	9316340	2
5773624	5773623	1
5448973	5448974	1
3055033	3055034	1
12285256	12285255	1
6405628	6405447	1
4049899	4049900	1
5184022	1986186	1
10444642	10444620	1
1182615	1182624	1
10971585	10971578	1
5464290	5464289	1
11829726	11829687	1
7119056	7119013	1
5196948	5210010	1
4689339	4689351	1
7012871	3261512	1
10023265	10023293	3
4102104	4102103	2
11575618	5420643	1
3133559	3133560	1
8764534	8764533	1
11999038	11999037	2
10957701	10957702	1
4052156	4052155	1
5149202	5148620	1
8173027	8174174	1
5455439	5455877	1
7083416	6987875	1
981872	981307	1
2350559	2350560	3
7051874	7051873	2
10177179	10177182	1
5829795	5829796	4
2228363	2228364	2
5588869	5588872	1
179787	181679	2
8329895	8511639	1
4010292	4010291	1
1322061	1322062	1
10189253	10189246	1
12019117	12014027	1
4044691	4044692	1
11885704	11885701	1
8767275	10754876	1
9251760	9251759	2
10233542	10233539	1
1205120	3114528	1
8894795	7009682	1
8165462	8165461	1
11356606	11356605	1
11697609	11697610	1
6323360	6323359	2
1376368	1376367	1
3957069	3957070	2
1549853	1549854	1
4697846	4697843	1
9346713	9346522	1
8987654	8987976	1
10058805	9856990	1
5242574	5242573	2
10804719	10804720	1
6183736	6183647	2
11428760	11428759	1
10565352	10565364	1
10198472	10198469	2
4252615	4252616	1
10074692	10074698	4
5318255	5318256	1
12018922	12022219	1
4032958	4032957	1
9539907	9539908	1
7613006	7613005	1
12536233	12536395	1
8432222	8432256	1
8653476	8653475	1
8811272	8956830	1
10568031	10568053	1
9375469	8884070	2
587564	587561	1
1356585	1356586	1
12245322	12245824	3
3089379	3077722	1
12569012	12732725	1
2258511	2258512	1
4829940	4829984	1
5120639	5120640	1
5472769	5472770	1
10307488	10307487	1
10679486	10679485	1
11041723	11041724	2
6332321	6332330	1
11318967	11318964	2
10743934	10743399	1
1572726	1572725	1
8659067	8659083	1
9829685	9829686	1
528729	528730	1
5714334	5714301	1
3535576	3535575	1
6331427	6331283	1
2414920	2414919	1
7661525	7661507	1
867147	225664	1
12686650	12409407	1
6888092	6890592	2
5501423	5501424	2
3142502	3142501	1
8825155	8825156	1
4425786	4425785	1
11072130	11072220	1
11275994	11275987	1
4185128	4185127	1
11721311	11720283	1
8588069	8588070	1
12149029	12149043	1
1799797	1799798	2
11514706	11514705	1
3397878	3397894	2
1308826	1308533	1
6587351	9552022	1
11184750	11184749	1
1132086	1132085	1
5992116	5992111	1
8023272	1776078	2
3982819	3982821	1
8078081	8078082	1
8970179	8970180	1
974206	9994471	2
2669334	2669346	1
6983598	6983573	1
5611405	5611834	1
11976334	12031409	1
6419532	6419531	1
3298531	3298532	1
11274703	11619675	1
11900473	11900476	1
5532138	5532137	2
7813976	7814004	1
8182862	8182861	1
12396058	12396053	1
7973527	7974113	1
5465729	5465968	1
11873567	11874110	2
3981777	3981778	1
12359926	12359925	1
12565079	12565080	1
3213387	3213388	1
1749543	1749305	2
7609273	7609274	1
11196543	11196544	1
499531	499538	3
5222241	5222242	1
7298894	7293146	1
10077017	10071133	1
3946964	3946961	1
9233602	9233601	1
2227902	1046159	1
10358482	10358481	1
1785597	1788951	1
3543088	3543065	1
4288683	4288684	1
6396248	6396230	1
2162368	2162367	1
2532093	2532094	1
6273013	6273014	1
4029065	4031442	1
11616539	11617623	2
10935858	10935855	1
9486338	9486341	1
2667161	2667162	1
7922594	7922593	1
7782929	7782930	1
10828596	11711460	1
8011	8012	1
1073760	1073698	1
8168477	8168478	1
10153102	10153109	1
9835951	9835952	1
12674394	12673446	1
1022996	1022995	2
4109034	4109041	1
7221188	11117609	1
7146111	7145515	1
11322402	11322399	1
12773738	12773731	1
12310562	12311042	1
6633599	6633600	1
752962	752961	1
9018994	9019887	1
9056980	9056979	1
11385883	1579532	1
11110620	11110613	1
1758284	1757691	2
8722177	8722178	1
5890796	5890788	1
8273195	8272485	1
11719749	11719750	1
4137856	4157264	1
4827834	4235644	1
4453577	4423491	1
1981825	1981813	1
1770165	1770166	1
9570243	1236409	2
8239877	8239878	1
8398211	8398212	1
7242960	1358819	1
12333074	12259365	1
10220297	10084913	1
4265186	4265185	1
8035209	8035210	1
1643696	1643695	1
364232	364229	1
5164982	5164981	3
37450	37447	1
8864868	8865362	1
2075698	2073267	1
2671589	2671590	1
11851009	11851295	1
1611989	9762157	1
4005286	4005315	1
9008840	9008837	2
863789	863763	1
3861908	12656566	1
11997851	12013502	1
4716986	4717372	1
7425947	7425556	1
1879681	1874712	1
1595515	1595516	1
12422888	12422891	1
6303079	6303682	1
4224022	7495031	1
8710380	2305590	1
725867	725876	1
2887179	2887153	1
660529	660530	1
5990092	5990091	1
4012627	4012628	2
4261314	4261312	1
10919087	10919143	1
11395635	11394907	1
5859827	5960889	1
4050241	4050242	1
10458047	10458048	1
3005659	3005546	1
8780827	8726900	1
4616026	4616176	1
2727879	2727880	1
7703739	7704834	1
7820325	7819977	2
3236858	3236863	1
4609531	4609532	1
4524094	4524093	1
844507	844510	1
3803578	3804274	1
10634486	10634478	2
10192091	10185870	1
2001460	2001459	1
9293309	11994277	1
11424174	11424801	1
7504554	7504720	1
10061384	10061351	1
7436827	7436760	2
11395528	11395527	1
4634462	4634461	1
10369403	10365697	1
7095431	7027013	1
12200584	12200583	1
4018693	4018861	1
5322466	5322465	1
940193	627613	2
1290837	7234257	1
1073796	1088438	1
7290304	7191576	1
10089630	10089629	1
9154252	9154249	2
4854673	4854665	1
10271874	10271873	1
11794105	11800656	1
8455378	8455657	1
9943771	9943132	1
150566	150561	1
1734950	1734944	1
530527	530528	1
11593006	11593005	1
9557550	9555926	1
9324124	9324121	1
5330691	5330692	1
9822643	9822644	1
5752527	4328476	1
3300773	3300774	1
7679214	7679226	1
7472626	7472600	1
2005311	2005312	1
4390695	4390700	2
3144338	3143998	2
4175972	4175971	1
2435282	2436214	1
2829772	2829771	1
11828833	11828834	1
266686	266685	2
173323	10873261	1
4532502	4533993	1
10271481	10271482	1
5787011	5787175	1
2887123	2886631	1
10961669	10961712	1
9162216	9162215	1
5364244	5364243	1
1032602	1032601	3
9845532	9845531	1
2190790	2190789	1
3888080	3888405	1
3756312	3756309	2
11595473	11612762	1
1686225	1685876	3
2874321	2874322	1
12202427	12202428	1
3757139	3757140	1
337089	337157	1
4236065	4236072	3
12354020	12354005	2
1769763	1769764	1
365008	365007	1
4207025	4207026	2
1982963	1983482	1
6185332	6200270	2
6026082	6026079	1
12200835	12199638	1
8687566	8687565	1
7218302	7218301	1
8768527	8770282	1
8216329	8216330	1
7792635	10137067	1
10187807	10187808	1
1345460	1345453	2
2047339	2047340	1
764199	764200	1
7095797	7095813	3
2640811	2640830	1
11475923	11812081	1
6034181	6034182	1
1715350	1715349	2
9974119	9974122	1
7343856	7343855	1
3474327	3474304	2
10755157	10755158	2
3997257	3997258	1
201320	201319	1
12298424	12301307	1
5179279	5179269	1
3947705	3947691	1
4034475	4034651	1
1920384	1920383	1
2324185	2328121	1
3248628	3248627	1
7262878	7262658	1
11894718	11801195	1
3408793	3408794	1
7136380	7136379	1
2593785	2593775	1
11624638	11625280	1
5882478	5882477	2
4590977	4590978	1
1180136	1180112	1
5453636	5392567	1
1890751	1865280	1
4624747	4622226	1
3958127	3958969	2
9165300	9165295	1
1458092	1458091	1
942708	947368	1
9260861	9260862	1
4136844	4136857	1
10513862	10513868	1
12750234	12750233	1
4531267	4531299	1
3269501	3268528	1
2391509	2391510	2
3941602	3941601	2
9772730	9772727	1
3242416	3242415	1
1879845	1879846	1
770318	633554	1
1258441	1253793	1
7957840	3272167	1
6237574	6237571	1
2850478	3090881	1
9170909	9170910	1
7193061	7193062	1
6856787	6856788	1
2006416	2006410	2
1330193	1330040	1
751691	747614	2
2876778	2878322	2
12184378	12184377	1
8698340	8698339	1
7600335	7600336	1
3871915	3871916	1
1318443	1318917	1
4038014	4038013	1
6680472	6680471	1
2346661	2346662	1
8970181	8969875	1
10197246	10197245	1
5939676	5939680	1
5830015	5830016	1
8320273	8320274	1
10440682	12156904	1
8185390	8185387	1
3941784	3942676	1
8448727	8448730	1
3159021	3159024	1
5823253	5823254	1
1109494	1109484	1
3467279	3467272	1
8308505	8308506	1
11257611	11257612	1
7513998	7514008	1
4925230	4925229	1
8226894	8227124	1
164143	164144	1
4652937	4652718	1
2405442	2405441	1
1641667	1641670	1
3560257	3421355	1
3414388	3414242	1
7814097	7814303	1
4278899	4278900	2
9252731	9252732	1
8102340	8089514	1
4716904	4716901	1
12200159	12201085	1
1510522	1511839	1
9165385	9165390	1
7531608	7532501	1
8536277	8536278	1
9604448	9603097	1
8052967	8052968	2
3594713	3596402	1
9566251	9566252	1
9147031	9706256	1
351471	351472	2
8000367	8000368	1
6223063	6223779	1
12035352	12035124	1
8714712	8714711	1
9142126	9142123	1
1754920	1754919	1
8571330	8571357	1
10010255	10010256	1
11793022	11792321	1
1252053	1251814	1
12510671	12515967	1
53499	53500	1
9559943	9559947	1
4061837	4061838	1
7991972	7991997	1
2836906	2838063	1
1632227	1632228	2
293140	293139	1
5965826	5965707	1
5853586	5853585	1
5105970	5110244	1
10176344	10176343	1
7780001	7780002	1
10199176	10199102	2
425026	425061	1
11280749	11280742	1
11929406	11929092	1
710345	710346	1
4087219	4087220	1
9250234	9250231	1
11581105	11581106	1
10762493	10252739	1
4276950	4276949	1
8797752	4475026	1
7893771	7893774	2
9672397	9672256	1
3704684	3704683	2
8869361	8868131	1
6862621	6862696	1
8487282	8489392	1
11597348	11597347	1
1928045	1928046	1
969018	969017	2
6320112	6319249	1
7513324	7513321	1
1613437	1613440	1
10089632	10089631	2
8349000	8502111	1
3252435	3252436	1
6413744	6413743	1
3932435	3932464	1
8452968	8452967	1
7186025	7186026	1
11000486	11000485	1
9765491	9765494	1
12467359	12467360	1
1402206	1402592	1
10471756	10471755	1
3374788	3374801	1
5056198	5056589	1
4514453	1799951	1
6986323	6986324	1
8293429	8293430	1
6851611	6851612	1
5994793	5994796	1
11829688	11829687	2
9017384	9011460	1
1331102	1331616	1
38364	38362	1
8109184	8109183	1
2440689	2440690	1
4261494	4261493	1
3294104	3294103	1
8221589	8221590	1
9612355	9612916	1
2865759	2865752	1
5354384	5354383	1
6101595	6101596	1
8885264	8885251	1
2199357	3695305	1
8682009	8681933	1
9974016	9974015	2
9329522	9329521	1
1994308	1994579	2
5911195	5911529	2
943829	370425	1
11608038	11608037	1
9694396	9694395	1
10205318	9980587	1
1379910	7330568	1
12198454	12198453	2
6106239	6106068	1
4121417	4121418	1
4136080	4136079	1
12662023	12659840	1
11699713	12681458	1
2144637	2144638	1
7282012	7282011	1
454874	454873	1
11318705	11318710	1
8388125	8388126	1
5697157	5696996	1
8295209	8295231	1
166400	164131	1
9388139	9388140	2
9783257	9783285	1
2602866	2602865	1
8440905	8388294	1
10745198	10745197	1
8503191	8503037	1
1068505	1103953	1
1577002	1757464	2
10287361	10287382	1
404813	404814	3
8534592	8534542	1
4054997	4054998	2
6820855	6820856	1
8682559	8679666	1
11333028	4081440	1
4954972	4954971	1
7287754	7289792	1
2776705	2776706	1
11191543	10993704	2
5962359	5962360	1
12547399	12547830	1
8758041	8758042	1
11719445	11719446	2
8828787	8828663	2
3879225	3879470	1
7372500	7372503	1
10574056	10574397	1
12420078	12420077	1
11836343	11836344	3
4407654	4407653	1
6643647	6643648	1
7407094	7407960	1
12185977	12185978	1
12133075	12133007	1
207518	207567	1
9064336	9064459	1
6189394	6189391	1
11909687	11909688	2
8543749	8546731	1
9780492	9780491	1
10100137	10100154	1
6683933	6664380	1
5095627	5095598	1
4088388	4088610	1
2313240	2313239	1
9419096	9419095	1
6740235	6740179	2
3745666	3744825	2
11721587	11721588	1
6901872	6901871	1
5921806	5753153	1
5294672	5294858	1
1662042	1662041	1
3826024	3826023	1
6527509	6527495	1
6336492	6336516	1
7744580	7744579	1
6433341	6435424	1
7848167	7848168	1
2974459	2974460	1
2851204	2851203	1
12239194	12239191	1
10826137	10826169	1
12301527	12301792	1
3869900	3869899	1
6284127	6283279	1
6933860	6933859	1
8565084	8565083	2
1506651	1506688	1
5209304	5209303	1
5762815	5762816	2
9356907	9356908	1
550439	550440	1
12167340	12163831	1
5220018	5220009	1
6592401	6592499	1
1047087	1047088	1
1468385	1468386	1
1828417	1828403	1
1481838	1481851	1
5816937	5816942	1
1139070	1139069	1
6502311	6502312	1
4014904	4014621	1
4785484	4785483	1
5375533	5375534	2
11860425	11860659	1
1325091	1325092	1
2556214	2556217	1
10550975	10550976	3
9531057	9531060	1
1107166	1105748	1
1836080	1836079	2
3217517	3217518	2
1261228	1282902	1
12715947	12688313	1
7728393	7728394	1
4614518	4614517	1
7387346	7387352	1
6968758	10202626	1
11184748	11184747	1
881757	882859	1
7001646	7002148	2
8265206	8265205	1
6414083	6414070	1
9520604	9520603	1
1023098	1023095	1
12577016	12577011	2
1520295	1520682	1
4046763	4046764	1
2776457	2776563	1
5985865	5987154	1
2387211	9826216	1
8051189	8050589	1
10220363	10220364	1
10793255	10793256	1
6345695	6345696	1
12259132	12787998	1
5277227	5277228	1
9474855	9474848	1
151311	151304	1
4210590	4210589	1
9093526	9093529	1
1641326	1641323	1
8995559	8995560	1
1467178	1466833	2
10169454	9975318	2
5688445	5688690	2
6402932	6402931	1
3932928	3932923	1
429410	429424	1
12658542	12724691	1
6752524	6752523	1
629069	629070	1
1782987	1781032	2
8385847	8385848	1
11695593	11695597	1
9299938	9299937	1
4356812	4356742	1
3947501	3947543	1
6480176	6480175	1
7675987	7675988	1
7097406	7097405	1
4617775	4617776	1
10337594	10332969	1
196106	196319	1
1444685	1442472	1
2838296	2838785	1
2926149	2926188	2
188498	188496	2
3329631	3329869	1
11907729	12465867	1
3814243	3641834	3
5254821	5254822	1
4540274	4540202	1
5366628	5366767	1
9050557	12720724	1
8812722	8811340	1
12769488	12769487	1
10439606	10566258	2
7831227	7831228	1
7655814	7655813	1
11037916	11037915	2
8833207	5951061	1
8366745	8366750	1
11738119	11738120	1
1031683	1031684	1
11544078	11515802	1
1080261	1080287	1
2177488	2177485	1
8890043	8890044	1
4101302	4101305	2
3871197	3871198	1
835812	835819	1
2835736	2836003	1
12719675	12719678	1
995478	995451	1
4069576	4069575	1
7011343	7012443	1
12721931	12721932	2
4586136	11795263	2
9638642	9638660	1
444719	444720	2
369942	363709	1
2902489	2902490	1
354914	354814	1
3648382	3648335	1
3133184	3133233	1
3099932	10627787	1
10450954	10450953	1
10106995	10106937	1
4560662	4560659	1
7233055	7232855	2
1563906	1562895	1
9422204	9422203	2
10097676	10097700	2
8721914	8721913	1
8971151	8971152	1
11265129	11272852	2
4405393	4405270	1
3319988	3322272	1
12597595	12597596	1
7149152	7149151	1
3247997	3248000	1
9162564	9162561	1
1226896	1226856	1
2990943	2991219	1
11080200	11080234	1
201227	201228	1
4534796	4535048	1
10907285	10907321	1
5667608	5667607	1
12185533	8603796	1
10686395	10686396	1
6455456	6414191	2
2512295	2512298	1
1389626	1389468	1
4521537	4521764	1
9598208	9595425	1
2373387	2373388	2
11315938	11316128	1
1180136	1180110	2
1591191	1591108	1
2036211	2036212	1
2721754	2721674	3
4313998	4313950	1
8561681	8561682	1
10678382	10679489	1
8633362	8633361	1
10165584	10165581	1
6371412	6371411	1
4286351	4286352	1
6477821	6477764	1
1930372	1930371	1
11264358	11264357	1
11205559	11205563	2
12328618	11429606	1
11885706	11885705	1
1068641	1068642	1
135373	135374	1
9349208	9349207	2
9553551	9553552	1
4860570	4860569	1
7143001	7143002	2
7184525	1715376	1
2793675	2793676	1
4546259	4546260	1
10026049	10026046	2
11174753	11174804	1
3712887	3712888	1
8488623	8488624	1
9191136	9191135	1
2836908	2838063	1
8847849	8847850	1
12336700	12336699	1
1046945	1046948	2
9839379	9840507	2
1986620	1986619	1
12483849	12483850	1
4032464	4032383	1
6680291	6678399	1
11737346	11737345	1
11802932	11802931	1
11727246	11727248	1
1168424	1168423	1
1831774	1832750	1
6514624	6514656	1
8862055	8862060	2
4044693	3238599	1
8450824	8450823	1
7770264	7601993	2
8066566	8065807	1
5675131	5675132	1
1155052	1155051	2
9014892	9014891	1
11606469	1235621	1
1971608	1971618	1
5876911	5876916	1
7544232	7544765	1
6812695	6812696	1
6014772	6014771	1
5707246	5707241	1
4777533	4777536	1
7829133	7829202	1
8421191	8421192	1
11989837	11989838	1
11180094	11179934	1
12750475	12750476	1
6861077	6861078	1
5538813	5538831	1
6551285	6551286	1
5989295	5989296	1
10657382	10657456	4
8922355	8922356	2
3874858	3874857	1
11877704	11877706	1
5671273	11392983	1
9007839	9005084	2
4089898	4089859	1
7589430	12492251	1
11531636	11663427	2
11827212	11827246	1
10384693	10384595	1
11856284	11856283	1
4592699	4592701	1
2346023	2346024	2
10653270	10653613	1
10287158	10287157	1
11772498	11772497	1
7672408	7652592	1
8062311	8062312	1
3928057	3928058	2
3455917	3455862	1
1059212	1059211	2
8901751	8901752	1
6753770	6753763	2
11277208	11277207	1
5057183	5057538	1
7139499	7139500	1
11293177	11293178	1
225313	225784	1
3089682	3089046	1
1466140	1466139	2
1661033	1661034	1
6117113	6118055	1
3564132	4723225	1
4110490	4088082	1
2025197	2025200	1
5571572	5565129	1
7829883	7829884	1
3113777	3113778	1
9629653	9629613	1
10884233	5014128	1
5010039	5010040	1
4243427	4243391	1
5376529	5376530	1
11744182	11744181	1
367312	367626	1
9852998	9853803	1
7359178	7359093	1
7446263	7446264	1
9520527	9520528	1
5475971	5475972	1
8973198	8973197	1
8561115	7404784	3
9649120	9649119	1
2311580	2311604	1
11817913	11817916	1
413217	413218	1
10719344	10719347	1
8805887	8805888	1
8484147	8484148	1
10046644	10046649	1
352905	352906	1
8894964	8894975	1
992320	992319	1
6485646	6485803	1
12349674	12349673	1
4576223	4700430	1
6780163	6781254	1
56639	56655	1
7393988	7199790	1
3084497	3086042	1
2700350	10390318	1
12264102	12264101	1
10674091	10663906	2
3983836	3982656	3
6866793	6866791	1
11460339	11460340	1
3168434	3169006	1
10664721	10664722	1
470311	470312	2
10335511	10335512	1
5824866	5824865	1
7205794	7205793	2
2843962	2843961	1
7283422	7283421	1
12410267	12410268	1
9417979	9417980	1
1329033	1329037	1
3134949	3134950	1
9715021	9715022	1
6509898	6509897	1
6792833	6792478	3
1318323	1318324	1
11650564	11650047	1
10333951	10333952	1
7405509	8560457	1
11602845	11602848	1
7912664	7912663	1
8170405	8169383	2
12304439	12305026	1
8828785	8828786	3
9585963	9585958	1
2439875	2439876	1
10688364	10688363	2
11921795	11921796	2
12229362	12229361	1
10262886	10262885	2
12608004	12601005	1
799635	799636	1
9984071	9981741	2
4747365	4746866	1
8471583	8471572	1
5462575	5459027	1
1244667	1244668	1
5568720	5568733	1
2601170	2601397	1
10486711	10486000	1
9506935	9507190	1
8026991	8027022	1
1433293	1223790	1
4708978	4708975	1
5518240	5518239	1
1754411	1754412	1
9569386	9569385	2
7022927	7022928	1
12337761	6620809	1
1749271	1749272	1
8519971	8519981	1
8159329	8159330	1
12372698	12372697	1
6218998	6219519	1
2440725	2440726	1
12511828	12511827	2
936331	936029	1
157994	158007	1
8648836	8648835	1
26550	3696341	1
1649328	1649332	1
5470396	5469878	1
897561	898503	1
6880003	6880004	1
4073871	4073872	1
2006220	2003753	1
11967552	11966196	1
6506246	6506899	1
6520090	6520089	1
2731518	2731517	1
9825781	9825859	1
5964439	5964440	1
6794745	6794746	1
5557992	5557485	1
5523252	5523847	1
1691863	1691866	1
1343941	1264194	1
8343437	8344046	1
1506688	1634008	1
3803576	3804274	1
4840413	4840414	1
9094564	12660741	1
1284431	1100213	1
9816056	9814910	1
3248223	3248224	1
7995629	7996408	1
5804278	5805673	1
10253388	10253371	1
12338797	12338800	2
2506585	2506594	1
11669709	11669699	1
639746	639767	1
5838471	5838472	1
2005503	2005504	1
424037	424038	3
12129950	12267050	2
5629212	5629211	1
5278448	5278411	1
5312111	5419749	1
7144235	7144236	1
4901804	4901803	1
11159787	11208212	1
8810581	8810582	1
3125765	3122041	1
6901737	6901738	1
289024	289176	1
3620066	3620065	1
450993	450991	3
4259995	4259996	2
9085421	9085453	2
5727970	5720611	1
11591093	11591094	1
10415375	10416310	1
9090744	9093180	1
6682757	6682760	2
10483537	10483566	1
6405916	6408197	1
11802113	11802114	2
9844354	9844351	1
10171008	10171007	2
10978176	10978175	2
3231779	3231665	1
3109914	3110136	2
12040358	12040357	1
11699113	11699105	1
970879	970871	1
1726998	1726997	1
3468838	3468837	1
5936775	5936776	1
8862291	8862292	1
3309424	3309427	1
4127075	4127076	1
3929006	3929005	1
12532089	12532435	1
9054503	9054504	2
909693	909678	1
2559722	2559721	1
637796	637664	1
8225676	8226657	1
3707175	3707287	1
7530448	9835432	1
5746802	5746801	1
9907443	9907444	1
1582297	1582298	1
10765370	10765369	1
3409579	11729023	1
1803353	1803354	2
969809	969810	2
505398	383077	1
1823040	1823039	1
1622749	1617697	1
250963	387318	2
9295583	9295726	1
10197147	10197159	1
3777447	3777448	1
5941330	5941321	3
1286907	7236043	1
2918515	2918516	2
3807321	3618746	1
11325817	11325818	3
2721129	2721130	1
8666495	8752690	2
7198485	7198486	1
190320	190401	1
3997110	3997109	1
11159137	11159138	1
7197946	7198093	1
4356981	4356950	1
2183109	2196145	1
4191432	7621797	1
11866208	11866207	1
1152414	1152413	1
2687377	10370399	1
8818037	8923431	1
4588093	4588096	1
9140702	9140701	1
5294407	5290545	3
11681227	11681228	1
11784388	12641228	1
11343104	11343567	1
3420011	3420017	1
11446373	7922082	1
1324095	1322203	1
10073630	9827989	1
2883975	2884130	1
5215546	5215545	2
3943495	3943496	2
9568832	9568831	1
11331867	11331571	1
4868620	4868619	1
5539527	5539528	1
866021	866022	1
8540029	8538854	1
7043544	7043656	1
7597719	7597720	1
4199098	4202520	1
11965016	11965013	1
3166066	3166025	1
4236073	4236074	1
11650511	11650630	1
7462604	7462592	1
12202429	12202123	1
7582898	7582897	1
12803516	12803515	1
332373	319004	1
4283798	4286915	1
4942541	4942542	1
12243101	12243102	1
1203803	1203804	1
2361177	2361178	1
11936340	11936335	1
9842598	9842597	1
11395931	11395932	1
6400340	6400276	1
11433217	11432777	1
884373	884347	1
3493082	3493079	2
4053052	4053051	1
7849684	7849683	1
4061557	4061558	1
611533	611534	1
11702284	11702283	3
12751059	12751060	1
3790520	3790397	1
10794616	10794363	1
10731189	10731190	1
11172466	11172465	3
6190067	6190068	1
9862704	9862625	1
29068	25979	1
12472167	12417999	2
6217204	6217203	2
36601	36604	1
3275705	3275706	2
10828993	10828994	1
7084328	7156100	1
7997398	10276727	1
992028	992025	1
304664	304663	2
1072396	1072395	1
4435442	4435441	2
7572801	7572802	1
10702793	10702323	1
3338898	3338897	1
9150232	9150244	1
12806114	12806113	2
6296071	8184669	1
9122874	9122873	1
1751744	1751743	2
11211515	11209921	1
377107	377122	1
1520070	1521385	1
2157690	2157689	2
805401	805402	1
7524540	7524539	1
6819037	6845101	1
6899875	8284133	1
1878232	1921640	2
2028024	2030273	1
12641524	12641523	3
10549429	10549430	1
2576142	871494	2
6309768	6309770	1
9386775	9386776	1
12657132	12652823	1
7189629	7189630	1
12436779	12436780	1
6383030	6383045	1
7120829	7120832	1
11180347	11181148	1
7922881	7923152	1
10971585	10971580	1
2771582	2771581	1
5285117	5285118	2
3693018	3693017	1
4828707	4828652	1
7895601	7895602	2
7770266	7770265	1
5364300	5364245	1
3447521	3445551	1
9171106	9172737	1
7592880	7592879	1
2293874	2293873	1
6417645	6417650	1
7659391	7661530	1
10981985	10981986	1
4516115	4516116	1
6893936	8210807	1
6976021	6986320	1
2848552	2848866	1
8846452	5181337	1
4755129	4755149	2
3217235	3217236	1
521765	521815	1
7735652	7735228	1
9157430	9157429	1
1140852	1147249	2
1510337	1496583	1
3906859	3906860	1
3131728	3131727	1
5060278	5060273	1
12651291	12125087	1
8570572	8570288	1
5705715	5705719	1
4073964	4073963	3
9554169	9554252	1
11959125	11959126	1
11591542	11591541	1
4940326	4940325	1
4575381	4575392	1
1595612	1595730	1
4610695	4610696	1
3898995	3898996	1
3497321	3497322	2
3733972	3733969	1
5857705	5858410	2
7999987	7999988	1
1922442	1922441	1
4687834	4687833	1
4172779	4172829	1
1881282	1880825	1
10296262	10296261	1
6671328	6671262	2
8847599	8847600	1
2168758	2168757	1
9964849	9964850	1
5322470	5322469	1
2490907	2489508	1
8000124	11446929	1
10866173	10866178	1
10400274	10400273	1
912228	912219	2
722178	722177	1
2968720	2966588	1
3888336	11862608	1
4024886	4024688	1
12765977	12765978	1
6952135	6948032	1
427084	427083	1
38504	38503	1
11738471	11738582	1
5407885	5407888	1
5471553	5475782	1
10921309	10921284	2
6464200	6443131	1
11646351	11646352	1
1975832	1975831	2
12224479	12224480	2
9069198	9069201	1
12756955	12756995	1
10247005	10247010	1
11198031	11198192	1
10794332	10794331	1
9812323	9812442	1
10411615	10411618	1
7108562	7108561	1
6100236	6100235	1
7446270	7446301	1
2976464	2871960	1
4106175	11787779	1
11387535	11386046	1
5547638	5547650	1
12298311	12063666	1
9962173	10771045	1
2893489	4071076	1
11151124	11151123	1
6219039	6219040	1
799112	799111	1
6472354	8699422	2
2255281	2255282	1
4806447	4806448	1
11499308	11499306	1
8847123	8847124	1
11787456	11787453	1
1223461	1223462	1
426554	426553	2
2899695	2899696	1
836184	836304	1
11287440	11287439	1
1076331	1076332	2
11110536	11108994	1
10857694	10857693	1
7779668	7780883	1
865373	865374	1
7776397	7776398	1
453261	453266	1
824284	824281	1
4332706	4332705	1
12269314	12269313	1
10094524	10094523	1
3938834	3938790	1
11802337	11802366	1
7214461	7214299	1
11827878	11827877	1
6527098	6526952	1
10535300	10535299	1
4359058	4359057	1
356116	357047	3
7426704	7426703	1
3705233	3705234	1
9244971	6341625	1
10725317	10725318	1
4137858	4137857	1
4055707	4055708	2
10998566	10998383	1
2983479	2983480	1
7372392	7372391	2
7629857	7629858	1
12298313	12298314	1
11721225	11721226	2
6003807	6003808	1
8390349	10289968	1
11750586	11750600	1
9111657	9111177	1
2943087	2943088	1
8345508	8345507	2
4685596	4684228	1
2355590	2353314	1
4936915	4936939	1
3132207	3132208	1
9924052	9924051	1
7945674	7945681	1
11776471	12644456	1
4632931	4632932	1
8673674	8673711	1
137517	137518	1
10107096	10514958	1
8828368	9092272	1
12534219	12412827	1
1499449	1499439	1
450157	450158	1
1880561	1879099	1
2559893	2559894	1
10464191	10756851	2
9329487	9329488	1
10672123	10664531	1
292814	292813	4
11436640	11436793	1
7680884	7680883	1
10052567	10050913	1
9346927	9346000	1
4300537	4300538	1
6830161	6830162	2
7550686	7550685	3
9233023	9233024	1
1829962	1823234	1
3326930	3326878	1
5782628	5782625	1
1911648	1912609	3
11652199	11652215	2
155996	155458	1
6296120	6296130	1
7396506	7396505	1
8296891	8296892	1
435382	435482	1
3503753	3503754	1
5427062	5427061	1
4083021	4083024	1
6481843	6481846	1
3704053	3593873	1
7552040	7552789	2
5454601	5454005	1
958644	958609	1
11137165	8309401	1
3894379	3894263	1
5105722	5105721	1
10831175	10831176	1
7859013	7858753	1
11251859	11253691	1
9080055	9078423	3
10540854	10540853	2
6244051	6244052	1
10097018	10097017	1
8918481	8918482	2
2418368	10461144	1
7126079	7126080	1
2709253	2709254	1
10162781	10162735	1
9077281	9077119	1
10349662	10349607	1
11870994	11870993	1
6121861	6121937	1
3247367	3246874	1
11666378	11666377	1
10268737	10268738	1
2576136	871494	3
6567113	6567105	1
12177339	11374293	1
4543475	4786424	1
9430117	9430118	1
8353682	8353681	3
7817603	7817604	1
10762544	10762571	1
8290760	8290759	1
8307080	8307079	1
7792634	7792633	1
1330044	1330450	1
3429821	3429824	1
5228069	5223482	1
7267935	7267936	2
10909784	10909783	1
11903641	11476395	1
860776	860775	1
333642	333641	3
5581798	5582930	1
2314245	10924558	1
8402285	8402286	1
327149	327150	1
9083609	9084805	1
9254651	9254652	1
970879	970880	1
5168565	5168566	5
7010563	7010564	1
9082918	9082917	1
7696415	7696416	3
11572563	11572564	1
11645257	11645254	1
4689374	4689373	1
9445994	9445993	1
1952756	1952755	1
2897381	2897379	1
8773178	4191967	1
1835688	1835677	1
5426016	5426056	1
7449342	7449329	1
385289	385269	1
11477092	11477091	1
2083727	2086232	1
6842719	6842720	2
9089166	9089165	1
9712637	9712542	2
10348527	10349056	2
1575371	1575455	2
1036911	1036912	2
2235881	2235884	1
8205139	3269302	1
4022875	4022878	1
11148567	11148568	1
8755049	8680660	1
11993043	11993044	3
12269950	12269949	1
12779000	12778999	1
12041594	12041536	1
5274729	5581260	1
2489879	2490753	1
12505214	12505213	1
1143774	1143773	1
12149984	12149983	2
8430611	8430612	1
12187663	12187664	1
3964805	3703695	1
8078271	8078231	1
7187240	7189404	1
10117532	10117531	1
2165679	2165673	1
6456324	6454541	1
11242569	945578	2
2637446	2638646	1
2672425	2672426	1
865882	866023	1
7651840	7651839	1
1483705	1476775	1
1505486	1505281	1
3581504	3581503	1
11715507	11905149	1
7049850	7051587	2
5361818	5361817	1
10455045	10455046	1
8054310	6859401	1
7872600	7872599	1
8523724	8345886	1
7522448	7522709	1
4173387	4173388	1
8650336	8649552	1
2338533	2339060	1
6947655	6947656	1
1072398	1072397	1
3973607	3973532	2
9907005	9907227	1
11642267	11642262	1
11538153	11538154	1
1761080	10646522	1
8026500	8026499	2
4396260	4396263	1
11070696	11070695	1
3236192	3236318	1
11597859	11597751	1
7207766	7207765	1
10741989	10741990	1
5962935	5962936	3
6310516	6310515	1
11547408	11546032	2
6736681	6736051	2
384115	384120	1
11483302	11483287	1
11578443	11435754	1
971554	971553	2
296639	295341	1
8766383	8766388	1
11640388	11640387	1
6819218	6819217	1
5337245	5336073	1
8808570	8808569	1
12573595	12571190	1
2740020	2740041	2
5962031	5862250	2
10764831	10764834	3
8202494	8204594	1
1454801	1398794	1
11891116	11891115	1
10317702	10317389	1
11984629	11982679	2
11828296	11828295	1
6977710	6977820	1
10464385	10464388	1
11610505	11610512	3
8600928	1515795	1
9981431	9981492	1
12515899	12516065	2
4251307	4251308	2
2375394	10792415	1
10074166	10074165	1
7049682	7051876	1
11715052	11715051	1
4904634	4904633	1
4597909	4261368	2
2851202	2851201	1
10818435	10865612	1
4363232	4363209	1
3972921	3972845	1
44889	44890	1
7740115	7740116	1
959320	959319	1
10926106	11084081	1
4085213	4085214	1
11850931	11850932	1
722844	722813	2
10751090	10751104	1
5860143	5860144	2
1980684	1980683	1
1094541	1094542	1
6395314	6395313	2
6279207	6279208	1
10744933	10744934	1
10972934	10972912	3
8043033	8043050	1
5248439	5248440	1
10039889	10039906	1
8972305	8875460	2
1956980	1956975	1
1648218	1648217	1
10079877	10079878	1
7825923	7825664	2
12328677	12347031	1
10528631	10527145	1
1769634	1770164	1
11688490	11688489	2
2613623	2613624	1
1968549	1968550	1
6328306	6328303	1
4105782	4105781	2
7925632	7925629	1
9839966	9840021	1
7413261	7413262	1
4651562	4651561	1
11807354	11907903	1
3309237	3309266	1
10726711	10726703	1
8792943	8792944	2
12751456	12747179	1
8043109	8043080	1
8486400	8486397	1
693927	693928	1
2909902	2909901	2
9837931	9837932	1
7723162	7723161	1
9320288	9320355	1
5695991	5695992	1
8654414	8655500	2
4053482	4091502	2
10648135	10648151	1
5726401	5726404	1
3563609	3563610	1
10264297	10264210	1
5003842	5003841	1
8971808	8970813	1
10311231	10311232	1
930665	928875	1
6188153	9070635	1
4869003	4868618	1
9864024	9864023	1
6888767	6888768	1
4591511	4591340	1
6009588	6009681	1
12756152	12756151	1
8291698	8291695	1
4261066	4261065	1
7343852	7343870	1
2498644	2498347	1
4362499	4610659	1
3981794	1800175	1
2180645	2180629	1
11967293	12765241	1
5818699	5818705	1
10471350	10471349	1
10219282	10226358	1
12664458	12689762	1
4536536	4536568	2
7007640	7007639	2
9298405	9298406	1
11771747	11771748	2
67815	56959	2
5003405	5003669	1
3456235	3456236	1
11485844	11494859	1
8096562	8096561	1
6225023	6225026	1
7296007	7296010	1
10212631	10212607	1
4700725	4700726	1
3693464	3693463	1
5445187	5445223	1
11132056	11132053	1
3150304	3150307	2
6369326	6371632	2
5050411	10341511	1
5671569	5671570	1
11994800	11994799	2
10884575	10884576	1
6496426	6496425	2
3803578	3803577	1
1843449	1843450	1
6343671	6343672	1
11885559	11885562	1
4238322	11579890	1
6617723	6617787	1
5887250	5887466	1
12152456	12152473	1
10197248	10197247	1
9820791	9820792	2
804181	803407	1
2043620	2043619	2
8738085	8738086	1
2591422	2591421	1
10100379	10100695	1
8263257	8263225	1
157875	157876	1
10503649	10503652	1
6191843	6191844	1
439930	438069	1
9521244	9521243	2
5556798	5556797	1
9143442	9132805	1
6283278	6283277	1
6973073	6851631	1
7468781	7467864	1
1569473	1569474	1
1190209	1190260	1
4106136	11787717	1
11697500	11697475	1
9497292	9497291	1
7446265	7446266	1
9919678	9919677	1
8029912	8029931	2
9101510	9101513	1
50812	48988	1
9165808	9165807	1
10212325	10212328	1
2481149	2481154	1
12549430	12549429	1
1854843	5172233	1
9785287	9785236	1
1484782	1453284	3
8844798	8839914	2
2445252	2445251	1
6618606	6619041	1
1799776	1799775	1
2270540	2270776	1
8202574	6890494	1
8287058	8287104	1
4006321	4006322	1
3016117	3016118	1
710431	723550	1
7809623	7811802	1
12509155	12509158	2
2377670	2377673	1
12208007	3352791	1
11983795	11983796	1
2145359	2145402	1
7778076	7779008	1
7548541	7538282	1
8799666	8799410	1
4784238	4784226	1
6186782	6186781	1
5050117	10338902	1
4595447	4595448	2
2091653	2091654	1
8565945	8565946	1
10311810	10311809	1
9371581	9371582	1
11238673	1190762	1
7456458	7456457	1
8905457	8905458	1
342498	342497	1
8995467	8994532	1
1989424	2001855	1
825050	825049	1
10509331	10509310	1
5219668	5219667	1
11393664	11393656	1
9785410	9785409	1
7869545	7869546	1
2435284	2435283	2
3274859	3274860	1
1673533	1673534	1
5678453	5678137	1
3018656	3018686	1
9636026	9635012	1
5938199	5938200	1
6027730	6027729	1
1299323	1299324	1
2593786	2593785	3
9369795	9372014	1
5460115	5460116	1
3955318	3955317	1
3890928	3890927	2
5243594	5243589	1
12237385	12232040	1
8778559	8778560	1
12002704	12002681	1
5102195	7901966	2
11407740	11407739	1
8844478	8844477	2
6029315	6029109	1
6790761	6790751	1
12224481	12224482	1
11381204	11381203	2
10687055	10687033	1
5575984	5571558	1
7408186	7404798	1
4693921	4693922	1
1560992	1620435	1
12014814	12014813	1
8963573	8963574	1
1935255	1935256	1
5335003	5335004	1
97040	97039	1
6680470	6679729	1
2355002	2355001	1
2588164	2588163	1
7146862	7146857	1
10978174	10978173	2
1696699	1696700	1
11252394	11248696	1
8651122	8651128	1
3125539	3125543	1
1400601	1400539	2
11280743	11280744	1
7790506	7790505	1
306147	306148	1
7922879	7923152	1
9833688	9835382	1
3538827	3538828	2
12317793	12317794	1
5994876	5999110	1
464476	464506	1
6866445	6866412	1
6673693	6673694	1
3956118	3956074	1
6144874	6144873	1
171116	171071	1
10216130	10216129	2
8230742	8306796	1
8749131	8749132	1
11726077	11438913	1
12726931	12726932	2
431464	431463	1
7902319	7902320	1
1637353	1638050	2
4006731	4006732	1
6819095	6819096	1
8560432	8386675	1
4130341	12425401	1
8939969	8939970	1
11244593	11244517	1
11281511	11281481	1
7011711	7010068	2
4106846	2839787	2
7269996	7269934	1
6867014	6870060	2
7823527	7823528	1
4620063	4620064	1
10479367	10479368	1
4058208	4058212	1
2205187	2205190	1
6633378	6633377	1
6872722	6872721	1
1832015	1832016	1
3234779	3233327	1
9246975	9247163	2
585413	585414	1
7775827	7775785	1
11281068	11281067	1
12691539	12683967	1
655573	655568	1
9113914	9113913	1
5266287	5266573	1
10296370	10296369	1
1108664	1108663	1
125254	125321	1
2876890	2876577	1
11833531	11833559	1
3291205	11848252	1
1956335	1956369	1
40751	41732	1
10498149	10498150	1
10211960	10211959	1
10150515	10150518	1
3939617	3940043	1
6311222	6311802	2
11162688	11166561	1
6326273	4204386	1
1727082	1727081	2
5956527	5956385	1
11921194	11921270	1
7225284	7225303	1
9160441	9061776	1
10692073	10692074	1
855449	856612	1
7872667	7872668	1
1195689	1195692	1
2405715	2405718	1
4606170	4606167	1
70287	72546	1
4137092	4137091	1
970670	970740	1
5334136	5334144	1
11484323	8975174	1
709917	709918	2
5412149	5412150	1
7117010	7027517	1
8156359	8156362	1
4573101	4576410	1
4738929	4738930	2
8096558	8096881	1
11672081	11672082	1
280322	280321	1
4127073	4127074	1
8732095	8732096	2
332499	332488	1
9465812	9465811	1
2942683	2942684	1
9296606	9296605	2
12292635	12291171	1
12608292	12608291	1
7472597	7472687	1
3048093	3113832	2
1070726	1070657	1
1739579	1739580	1
4116853	4117380	1
3907159	3907160	1
5168078	5170238	1
7359012	7359009	1
622114	622113	1
4860586	4860585	1
4118235	4118236	1
10398845	10398846	1
7808313	7809908	1
1362054	1361877	2
7821054	7820151	1
5278697	5278698	2
7707643	7707644	1
9599577	9599578	2
8784599	8781591	1
7601409	7601410	1
6050133	6050134	2
9160253	9160254	1
9118186	9117880	1
4901591	4901592	2
8719437	8719400	1
7536069	7536158	1
11332381	11332390	2
5810130	5704608	1
660302	660301	1
6362873	6362842	1
12045674	12045673	1
11709720	11709719	1
4205582	4205581	1
8423773	8423774	1
11870134	11870065	1
7958105	7958089	1
2329640	10514050	1
1643719	1643720	1
7374293	7374294	1
5945247	5945777	1
6731176	6731173	1
9320464	9320495	1
1733481	1733554	1
6214894	6214087	1
1336706	1336357	1
9143442	9143471	1
9113434	9113433	1
8374729	8373448	1
3142572	3142571	1
12317064	12325437	1
6470366	6470369	1
9109930	9109939	1
1869020	1869019	1
7832726	4676343	1
9985346	9984877	1
3938903	1696125	1
12294236	12294191	1
7839877	7839878	1
3241470	3240861	3
3939210	3939280	2
12209109	12209110	1
8229098	8224909	1
7863313	7548403	1
2455442	2455493	2
11964302	11964301	1
5251010	5246866	1
11084066	11083178	2
4097955	4075911	1
864706	864705	1
4087915	4087918	1
2908183	2907546	1
8792982	8792981	1
3062597	2978251	2
3123659	3123746	1
11945273	11933424	1
5671864	5671855	1
7107416	7107415	1
6730921	6781817	3
11320377	5891660	1
10316073	10315910	2
1458085	1458086	2
1086428	1086427	2
1777089	1777090	1
8813681	8813679	1
6354166	6354165	1
2342218	2342217	1
6412509	6412510	1
9285335	9285338	1
3258940	3258935	1
6435973	6435974	1
5214679	2339627	1
749153	707499	1
3458738	3458626	1
7300654	7297617	1
10411661	2520824	1
8920726	8920723	1
699839	725992	1
157615	157616	1
10735063	10735064	1
11885084	11885083	2
4992525	4992526	3
5086943	5086917	1
9114114	9114085	1
6756888	6567634	1
2106938	9264698	1
3866818	3866815	1
8611675	8611676	1
11670030	11775823	2
5671255	5903329	1
1570023	1570026	1
8444413	8444414	1
11542872	11542875	1
2351503	2351504	1
5351657	5350286	2
6369328	6369327	1
2021557	2021519	1
2236292	2236291	1
8663112	8663111	1
1574850	1576555	1
3768102	3768124	2
12625516	12625515	1
5905921	5905945	1
3984815	3985161	1
3494031	3494032	1
10235230	10235229	2
3513444	3513443	1
11815338	11838009	1
843394	849795	1
8395533	8395697	1
12599247	12599248	1
710133	710986	1
1272156	1272153	1
9142865	9140887	1
11268008	11268007	1
6774227	6774228	1
38325	38336	1
6932824	6934078	2
1196984	1196983	1
1947839	1947840	2
11159408	11159439	1
12488197	12489895	1
9039126	9039125	3
12427435	12427436	1
11678285	11678286	2
1119301	1119302	2
3309524	3309539	1
2541103	2541104	1
5176700	5176699	1
7530183	7526747	1
12365838	12364180	1
9868198	9868195	2
973018	972741	2
35447	35502	1
5021817	5021968	1
12373494	12372905	1
10991683	10990538	1
3208612	3208567	1
11289214	11289154	1
6697804	6697803	1
993570	991263	1
3195428	3195380	1
1678299	1678300	1
10588423	10588424	1
165544	164263	1
3276148	3276147	1
11519965	11512529	2
11117019	11117020	1
11608062	11608061	2
2237251	2237252	3
8301543	8301544	1
2601186	2601185	2
3993652	3993666	1
1970885	1973022	1
6422447	6422448	1
6021029	6020161	1
7407968	7407967	1
158635	158638	1
958843	958844	1
5915617	5915618	2
8739614	8739613	1
9063205	9030380	1
4938921	4938940	1
1161971	1161972	1
6440363	6437213	1
10823642	10823641	1
11624426	11651326	1
6294282	6294279	1
9330215	9330216	3
8613512	8614094	1
10729925	10729926	1
5343163	5345978	1
11847335	11847336	1
8908264	8908263	1
5977411	5977412	1
12425138	12425137	1
2025154	2025153	1
5380136	5380135	1
2492690	2492687	1
10399615	10399616	1
1823251	1823252	1
9154250	9154249	1
9418288	9418287	1
10376923	10376924	2
3975125	3975126	1
11125062	11125061	1
7906428	7906427	1
10502277	10714478	1
11193785	8440881	1
10969581	10969582	2
5019187	5019281	2
4599222	4599221	2
11835252	11835251	1
1836781	1837852	2
7022339	7022342	1
2829698	3117308	1
5899187	5899188	1
4124239	4124240	1
5350556	5349794	1
11349380	11349607	1
3316561	3316562	1
12376637	12376242	1
8923071	8923072	2
6127367	6127370	1
11981624	11981593	1
6685658	6685668	1
4285092	4285091	4
7584869	7584951	1
4990528	4990527	1
10743021	10743022	1
3790044	3790206	1
9093569	9094120	1
10514007	10514008	1
332412	335410	1
3404288	6402607	2
1007718	963973	1
2563948	2563947	1
4028443	4028444	2
4342043	4342129	1
10793696	10331229	1
5329479	5329480	1
11466730	11466690	1
5597004	5597003	2
5456813	5456814	2
5576789	5576790	1
2649747	2649748	2
4823651	4823652	1
7957335	7957336	1
4442023	4442024	1
4200079	4200101	1
1572871	1572881	2
2512579	2512555	2
11179935	11179938	1
2925797	3144419	1
9559942	9559941	1
264608	416587	1
11571037	11571038	1
2352547	2352548	1
4266269	4265070	1
10738647	10738648	2
4591040	4591039	2
3919009	3919010	1
10526577	10500921	1
11583221	11583224	1
12190217	12190218	1
10294971	10272768	1
10550101	10553240	1
4400779	4401255	1
4939172	4941762	1
9014588	9014587	1
6256083	6256122	1
8702976	8702893	1
4013486	3524390	1
3431283	3608898	1
1168426	1168425	1
8013152	8013149	1
12608296	12608293	2
3307212	7957334	1
4523713	4523714	2
285077	275623	1
10055237	10055238	1
5423145	5423148	1
1108955	1108956	1
5596444	5596447	1
6400761	6399868	2
10228576	11787721	1
8224780	8226076	1
11547553	11547580	1
10066553	10066554	1
2701017	2701018	1
265923	265924	2
11905032	11881301	1
7189473	7189474	1
1343939	1264194	1
3616398	3616397	2
3201843	3201844	2
5246867	5246868	1
5995199	5995234	1
7352187	7352188	1
12142711	12142716	2
4084509	4083677	1
1135262	1135384	1
6282386	6349985	1
2243652	2243651	1
6752280	6752279	1
81227	81229	1
1140381	1140384	1
4435114	4435113	1
3947636	3947635	1
9281269	9281270	3
3455159	3455280	1
5321528	5321527	1
10111344	10111343	1
683217	683218	1
4567886	4568090	1
11934697	11934427	1
4911012	5172085	1
2361173	2361176	1
10754452	10754769	1
1747467	1747468	1
5616147	5616148	1
12670941	12670942	1
4207637	4207640	1
10766309	10766310	1
1757920	1758648	2
6997978	6997977	1
4205584	4205583	1
2601380	2601177	1
1410136	1410135	1
8814279	8814280	1
1542312	1542311	1
9325107	9325811	1
9914452	9914466	1
9149793	9149384	1
6880110	6880002	1
12607560	12610283	1
12650399	12649155	1
11250539	11250540	1
3248404	3248439	1
8625619	8625622	1
5284437	5284438	1
4093978	2898892	1
5430549	5430550	1
3970945	3970946	1
12262476	12262473	1
8608577	8608580	1
7018648	6941282	1
2817795	2817805	1
9071760	9071759	2
2815840	2815839	2
11853051	9971979	1
5502014	5502013	1
4001855	4001856	1
3133182	3133911	1
2255650	2255647	1
6159166	6159165	1
5659617	5659618	1
4766530	4766529	1
10181758	10181757	1
824767	824768	1
3044583	3044584	1
7432311	7138089	1
7476021	7476022	1
4507846	4507845	1
7553451	7559766	1
12227177	12227149	1
6594711	6594688	2
4127210	10544840	2
7776621	7776622	1
5042819	5042820	1
8632123	8774884	1
7650708	7650707	1
6120257	6120258	1
10773749	10774879	1
7126207	7126886	1
2245567	2245586	1
12459133	12459134	1
7192026	7192021	1
8452161	8452162	1
10646523	10646524	1
5165095	5165096	1
519182	519181	1
2411479	2411480	1
10465236	10465135	2
6738943	6738884	1
7501268	7489616	1
293142	293141	1
12797297	12797819	1
5205427	5205428	1
2118223	2118224	1
11403849	11403850	1
3976530	3976529	1
7362989	7363521	1
11574994	11574896	1
7828478	7828211	1
7518069	7518070	1
11166034	11166033	1
3356229	3356423	1
11632154	1255779	1
3935890	3936864	1
8283608	8150587	1
5212583	5212584	1
5978825	2597888	1
6536744	6536743	1
6579116	6579115	1
5049127	5047747	1
8751312	8751804	1
9479078	1828553	1
4111242	3310460	1
726662	710402	1
264675	264680	1
11628290	11635110	2
9419524	9419523	1
10205767	10210357	1
5664051	5664052	2
9476781	9476782	3
5412328	5412593	1
11495724	11495723	2
7776630	7776620	2
10279992	10279991	1
2532771	2532772	1
5284200	5280441	1
12147191	12147244	1
1918736	1918743	1
11805577	11805274	1
7960543	3239541	1
1304492	1305536	2
11602847	11602848	2
3278824	3278823	1
7721621	7721242	1
12665902	12665893	1
7899899	7900399	1
10352327	10352318	2
2362698	2362697	2
5936999	9315718	1
3969561	2838064	1
1117549	1117781	1
1734894	1736258	1
5821524	5818491	1
11435063	11435068	1
10009823	10009824	2
6123919	6123920	1
9514844	9514843	1
3547071	3547260	1
11607593	11607594	1
6960731	6960732	1
6769051	6769052	1
1221907	1221908	2
11581529	2844053	3
10179274	10179273	1
8738091	8738092	2
8607122	4679483	1
10156897	10156898	1
5727976	5727971	1
8763527	8767716	1
10403243	10403244	1
9864485	9864467	2
966992	966991	1
8662511	8677985	1
11423669	11423661	1
8885124	8885127	1
746034	746033	1
6460494	6460493	1
4306865	4306866	1
10405109	10404030	1
12044509	12044510	1
7580410	7580391	1
11325811	11325812	3
3357430	3357367	1
6054641	6054867	1
11911324	11911323	1
4674715	4674716	1
12790339	12790340	1
11806896	8011132	2
6122903	9529421	1
4549390	4530430	1
11978580	11978582	1
11594315	11594316	1
8877054	8877053	1
9667516	9667515	1
10895253	10895256	3
12722381	11372603	1
10294142	10294141	1
8301208	8303015	1
4019996	4020018	1
2611004	2609336	1
11438844	11438843	1
7593669	7593670	2
6225311	6226916	1
604084	775023	1
1941949	1942067	1
9938224	9938223	1
1285439	1285440	2
2584275	2584276	1
248950	251398	1
7317976	7312746	1
12271006	12271005	1
3986991	3986636	2
9282619	9282732	2
3589935	3591236	1
9714565	9714710	1
398780	398779	2
3147499	3147500	2
8796849	8796850	2
8270537	8270540	1
6184254	6184250	2
3543925	3543928	1
7601071	7601072	2
4041307	4041302	1
3829247	3829248	2
2212601	2212602	1
6114119	6113654	1
989910	991761	1
5439944	5439984	1
7818221	7818222	2
6133577	6133898	1
2668044	12183028	1
7093310	7093293	1
6944058	6944057	1
5677521	5506597	1
2766765	2766766	1
8769358	8769357	1
9790888	9790884	3
2610156	2610153	3
6805563	6805564	4
11487322	11492027	1
5117054	5117053	1
1833815	1833820	1
7446427	7446428	1
7020459	7020464	2
2811238	2808312	1
3867688	3867687	1
3382440	3382439	1
946834	946833	1
6556748	6556479	1
7661531	7661532	1
4825084	12616338	1
7986938	7986933	1
4226686	4226542	1
8572771	8572772	1
5530502	5530501	1
4044609	4044610	1
291239	291240	1
11386318	11386313	1
6487875	6487876	1
4985545	4985546	1
5979265	5979270	1
8894161	8894162	1
5524393	5524546	1
8625167	8623371	1
5525994	5480943	1
661141	661142	1
486973	488885	4
8997318	8997321	1
7231161	7231040	2
6311116	6311115	1
7183148	7182370	1
11590528	11590527	1
12675690	11310877	1
10744986	10741278	1
6691881	6691805	1
7724070	7724069	1
9872132	9871398	1
12119669	12119670	1
8165656	8165655	1
4530056	4530053	1
6723971	6723972	1
136206	304751	1
4628071	4628937	1
1515410	1515344	1
11726722	11727885	1
2756741	2756742	1
4803360	4804811	1
3610875	3610876	1
1845881	1845884	1
9633537	9633498	1
6189315	6189318	1
4005278	4005277	1
9890096	9890095	1
11206130	11206127	1
3142989	3142983	2
5986864	5986861	1
6570764	6570761	2
8817891	8821438	1
5548032	5548031	1
9590268	9589768	1
5587706	5587259	1
1282979	1282910	1
3976395	3976582	1
3996778	3085251	2
9710346	9710345	1
1528129	1528133	1
8105657	8105661	2
1859423	1859424	1
52697	3874986	1
7181069	7181070	1
1429251	1429252	1
4063352	4063351	1
2958031	2958024	1
8972175	8970280	1
261400	261397	1
12023547	12023542	1
11861115	11861116	1
535525	542871	1
4407465	4407466	1
9513254	9513234	1
11586737	1239450	1
6210157	6210158	1
404143	404144	1
8872989	8872990	1
2675455	2675456	2
1507279	1507280	2
12365952	12365951	1
10873982	10873981	1
2488195	2488370	1
5424917	5303706	1
8790376	8790375	1
5937838	5937835	1
1524410	1524409	1
1938588	1938587	1
8418071	8418072	2
10909679	10909680	1
3106561	3194550	1
6137565	6137524	1
2814700	2814699	1
7956895	7957249	1
229393	248144	1
12240102	12240116	1
4276471	4276472	2
10472075	10472078	1
11834013	11759476	1
3812230	3635868	5
5359104	5359103	1
3970125	3970128	1
3769271	3769272	1
3726130	3727165	1
11760473	11760474	1
10170730	10170729	1
5052950	5053462	1
12168334	12168318	1
11567597	11567598	1
4600273	4600251	1
11925879	11925880	2
6501404	6501549	1
5292206	5292205	1
5441770	5441769	1
2766085	2766086	1
1731968	1731967	1
9054499	9054502	2
12424347	12424348	1
3951112	3951111	1
12688835	12688836	2
11498175	5943353	1
9086856	9086853	2
10191692	10191691	1
6665001	6665002	1
11957982	11957981	2
11918899	11909684	1
2609178	2609177	1
5617435	5634090	1
10273049	10273050	1
6127835	6127836	1
765031	765032	1
10192138	1783173	1
10445344	10445343	1
11673997	11554686	1
11075765	11075373	1
2486091	2486092	1
8631942	8631939	2
7473594	7552911	1
9769178	9769145	1
8023243	8023216	2
4006919	4006912	1
5430873	5430874	1
9832278	9832277	1
4022371	4022422	1
6773287	6773288	1
4157304	4157367	1
9165073	9163886	1
2543468	10620873	1
3247587	3247588	1
10776713	10972372	1
10753602	10753729	1
4801129	4801130	1
12557350	12557312	1
11388465	11536549	1
1693764	1693763	1
7434349	7436935	2
11359727	11359728	2
8109981	8109982	1
11332389	11332390	1
1279691	1279692	1
6373558	6373557	1
2039149	2039150	1
3873327	4021713	1
10823279	10823306	1
8661769	8661770	1
10168394	10168393	1
6053313	6093932	1
4787843	11984368	1
2506547	2506548	1
4380663	4382341	2
2537119	2537122	1
5907116	5907115	1
5847549	5847550	1
11052191	11052308	2
3876748	3831517	1
7823115	7823116	1
3248335	3247935	1
11996076	11996079	1
1600681	1600682	1
1823645	1823441	1
1307093	1307094	2
8830535	8830536	1
11050049	11049286	1
1100468	1100467	1
8286604	8286603	1
8822500	8882840	1
854090	854087	2
4938129	4938130	1
5482244	6043251	1
1240070	1241460	1
4521553	4521554	2
3369476	3369475	1
6809859	6809860	1
766907	766908	1
11992725	11992726	1
11226751	11226752	2
6207786	6207631	1
2621843	2621844	1
6632213	6632413	1
7549946	9862444	1
507569	507570	2
5229934	5305610	1
9530140	9530139	1
1566627	1566630	1
9640565	9640566	4
1194906	1194905	1
11433748	11433745	1
7371921	7371203	2
10986221	10986224	1
7951940	7951937	1
11631687	11631615	1
1396853	1396937	1
5697966	5697965	2
2589540	2589539	1
11119014	7378964	1
7749659	7749662	1
464542	459279	1
5039566	5039565	1
11412203	11412206	1
10051524	10051541	1
11773026	11773025	1
6120255	6120256	1
2157947	2157951	2
185249	185250	1
12653837	12654753	2
12232541	12232542	1
1329544	1329543	2
4610660	4610659	1
2191490	2180865	1
4441046	4441045	1
372304	372303	1
3439619	3438080	1
5506585	5506586	1
752978	752977	1
10373453	10373454	2
3978982	3978846	1
3112571	3112572	1
11169985	11150578	1
3289228	3288252	1
1845059	1845060	1
11938014	11937768	1
122171	122734	1
8373339	8540523	1
10787561	10787562	1
11476103	11476104	1
2779335	2773089	1
11388510	11388464	1
10060485	10060486	1
2131282	2131281	1
7313379	7313240	1
6396380	6395428	1
11542882	3943184	2
8284855	8284856	2
176496	176273	1
11476691	11476692	2
1542458	1542457	3
1831015	1831170	2
11132236	11133002	1
856613	856614	1
11041798	11041797	1
2844198	2844197	1
4075571	4075563	1
616712	616700	1
516659	516660	1
778829	779573	2
7331711	7330358	1
1837853	1538030	1
11512530	11512529	1
7574954	7574960	1
2376220	3970483	1
12273405	12273406	1
999695	999401	1
4673426	4673363	1
6945724	6945723	1
6330260	6330251	1
374009	374012	1
8225686	8225409	1
10973224	10973223	1
9524496	9524499	1
5056035	5056036	1
7713361	7713362	1
12374276	12374275	1
8798699	8806631	1
10690873	10704689	1
5446609	5446621	1
7724573	7724788	2
6514485	6514397	2
12195324	12195298	1
5015214	5015213	1
2213005	2213006	1
854127	854128	1
6507279	6507272	1
6920313	6920314	1
6198033	12416238	1
9253455	9253444	1
3231256	3231493	1
2757147	2757148	1
8721715	8721716	2
688878	688877	1
696260	696259	1
5568967	5568929	1
11409333	11409334	1
2848343	2848365	1
1174239	1174177	1
6541672	6541671	1
3208077	3208078	1
2941882	2941798	2
2539665	5266786	1
9781609	9781610	2
6127390	6123908	1
4718315	4718316	1
11575051	11575643	1
2346676	2346675	1
6049171	6049174	1
516114	516111	1
6175246	6175245	1
1371835	1371836	1
10468519	10468520	2
2266879	2266796	1
1709227	1709228	1
5528362	5528655	1
1835656	9785421	1
8708473	8708398	1
12294610	12295510	2
10808728	550742	1
3323357	3323256	1
7707216	7707213	1
11070789	11070792	1
10461105	10461106	1
4993663	4993664	2
6722986	6723667	1
5999146	5998989	1
9173201	9173202	2
7809031	7808886	1
6322724	6322723	1
11531196	11531016	1
4786703	4786607	1
11797609	11797610	1
6888662	6888661	1
4437330	4437329	1
2498345	2498346	1
11794774	11794773	1
9054841	9054842	2
6224413	6230067	1
5010712	5007647	4
6768096	5546221	1
5759470	5759454	2
5609080	5609104	1
6067518	6067517	1
11193652	11193598	1
10765484	10472018	1
11044771	11044772	1
9103444	9103418	1
6186783	6186788	1
6101402	6101352	1
11939358	11938651	1
5531226	5531225	1
1402531	1402532	1
1879968	1879967	1
12510671	12515969	2
8606746	8606723	2
9994470	9994469	2
9358392	9358391	1
10184998	10184997	1
2722228	2722225	1
3985864	3985869	1
8991051	8660555	1
10404807	10574807	1
5124482	5124487	1
5762817	5762818	2
1835664	1835663	2
5979439	5979442	1
2358232	2358213	1
8416650	8416647	2
1635064	1634648	2
2175707	2174856	1
10916693	10918263	1
1719748	1719747	1
40322	40212	2
6052704	6052703	1
588657	588717	1
7746822	7751657	1
1798000	1798012	1
1972165	2147465	1
6859125	6859128	1
9532769	9532772	1
8023239	8023216	1
10550706	10550705	1
9013431	9013432	1
11921909	6170473	1
1446943	1446964	1
5340912	5339826	3
7647218	7647215	1
10622958	10622957	1
8076917	8076936	1
7108217	7108218	1
4755951	4755954	1
1459410	1457463	1
10350005	10349379	1
11811605	11811606	1
7263080	7368155	1
1288822	1289033	1
2522321	2522322	1
7546963	7546979	1
6260129	6260130	1
9296676	9296673	1
4395482	4395481	1
5212172	5212171	1
10309859	10309860	1
9893578	9893575	1
4398514	4398097	1
7721394	7721393	1
359251	359252	1
1399613	1399614	1
3986943	3986937	1
12232508	12232507	1
10574775	10573299	1
720408	716208	1
1085997	1085998	2
4527490	4527485	1
163003	163004	1
5670247	5898778	1
7242243	7242016	1
7686942	7686486	1
7055748	7055747	1
12275762	3855763	1
9149914	9149911	1
5924742	5924618	1
8541090	8539233	2
4841670	4841669	1
10753571	10753707	1
7106654	7001574	1
1111161	1111162	1
6959447	6959448	1
11275097	11275098	1
7650641	7629037	1
12795955	12795977	1
9680982	9680981	1
7280829	7280830	1
1118274	1528120	1
9075648	9075647	1
10990324	11189455	1
3549604	3549507	1
11480550	11480467	1
2228535	1915926	1
11426263	11426264	1
11293622	11294224	1
3054865	3055916	1
614749	614750	1
5264302	5264299	2
2879320	2879319	1
3777352	3777351	1
7144328	7144491	2
1286650	1287117	1
4536588	4536585	1
4118387	4118392	1
403592	403591	1
1239702	1239701	1
4445396	12456850	1
3690335	3690336	1
9907221	9907216	1
7220224	7220223	1
3217757	3217772	1
10953979	10953980	1
12609650	12609632	1
6322722	6322721	1
7802822	7802702	1
9069195	9069196	1
8282804	8283894	1
8350492	8582211	1
314667	314701	1
1911078	1907343	1
12133382	12133516	1
11885088	11885087	1
5509636	5509613	1
2193357	2193358	1
12226657	12226658	2
4273393	4273394	1
1458232	1458084	3
547683	839537	2
1295809	1294902	1
8860922	4541641	1
1798540	1784235	1
4531298	4531297	1
3378906	3383063	1
5013400	5013399	1
10298349	10298352	1
5381674	5381667	1
10124840	10125629	2
11332103	4080721	1
11244585	11244586	2
5155891	5155896	1
2211279	2211280	1
6003652	6007796	1
11967352	11967351	1
12560955	12560956	1
11515139	11515035	1
5188806	5188871	1
6479266	6479265	1
12535895	8598197	1
9426098	9426103	1
9119042	9119033	1
2538670	2538977	1
9537297	9537301	1
9657426	9657421	1
513538	515437	2
4560625	4560618	1
3995765	3995766	2
5880365	5880366	1
8368026	8368025	1
1868316	1868315	2
366350	366349	1
7694466	2009316	1
11754958	11754957	1
3146508	3146507	1
9091381	9091954	1
3016289	3016114	2
11453317	11490748	2
8251034	8367639	2
8027725	8027936	2
10183817	10183818	1
10937096	10937095	1
3388083	3388084	1
272784	272793	2
5038026	5038025	1
1392854	1392507	1
1710874	1713670	1
11176629	11176677	1
4607206	4607500	1
8858359	8858360	1
1513233	1512727	1
8941629	8941630	1
2846213	2847248	1
1631589	6070466	1
9314555	1240809	1
11054342	11054341	1
12647258	12474214	1
139997	139998	1
11592344	11592399	1
8159444	8159328	1
2249348	2437731	1
10840803	10840804	1
11668639	11532225	1
5423104	5422933	1
10211593	10211594	1
12460678	12459607	1
5705753	5705822	1
11287444	11287443	2
5971786	5971785	1
359197	359198	1
8045928	8045927	2
6794417	6794418	1
10279615	10279616	1
6520778	6520296	1
1013381	1013382	1
6736553	6736554	1
11590826	11497012	1
8236353	8236083	1
7907534	7907537	1
1525822	1525818	1
6898235	6898236	1
10176574	10176573	1
11042882	11083692	1
7984181	7984182	1
12477482	12479650	1
7622990	7622775	1
4198573	4198574	2
1199519	1199520	1
11395572	11395571	2
11156457	11156507	1
4027551	4027559	2
6276934	2130662	1
3777449	3777482	1
3029266	3029370	2
6325764	6325759	1
7941975	7941976	1
11524873	11265637	1
6527654	6527481	1
857906	823390	1
7688025	7688026	1
3312702	3314013	1
8937604	12246158	1
4301433	4301434	1
4814482	4814481	1
6151354	6151375	1
11864924	11831722	1
3522776	3522767	1
4036557	4036558	1
5508933	5509186	2
1875709	1875996	1
6279817	6279818	1
8955893	8952485	1
3027259	2892325	1
4051306	4051387	1
11941845	11929293	1
172090	172089	1
2117751	2117825	2
8938201	8938204	1
11177459	11177460	1
9917795	9918164	2
11828367	11828368	1
12147778	4228632	2
6407182	6405399	1
167169	167170	1
9593889	9594067	1
2900863	2904622	1
2632546	2632548	1
3873363	3873366	1
3820947	3820948	1
5490604	5490603	2
6542824	6542757	1
12658768	12658765	1
5502239	5502240	1
7887297	7886343	1
11390671	11390672	3
5957233	5957234	1
2874323	2874290	1
7518842	7518841	1
7700775	7694921	1
4612144	4612127	1
2417934	2421669	1
6419534	6419533	1
12034657	12034693	1
3269499	3269500	1
1618754	1620357	1
4573094	4584991	2
3668259	3668261	1
3899397	3899398	1
2901178	2901169	1
12480798	12480866	1
11420542	4603730	1
1687135	1687160	2
5634999	5635000	1
3497324	3497323	1
8287218	8287217	1
5576154	5577248	1
2718266	2718263	1
3155734	3155186	1
4286126	4286125	2
4251005	4251306	2
791382	791381	1
4844225	4844857	1
8373884	8373841	1
1473771	1471172	2
6552963	6534860	2
7858053	5762799	1
6122880	6122879	1
305069	305124	1
5849559	5849560	1
2815578	2815577	1
11672099	11672100	1
11368328	11368357	1
1607955	1607956	1
1974137	1973001	1
2541043	2541046	1
7421128	7421127	1
10922119	10922120	2
4110538	4110537	1
11438203	11438204	1
8723345	8723348	1
3005064	3005063	2
354235	354238	1
8812491	8812492	1
7928779	7928782	1
1116517	1116518	2
6123099	6123328	2
7643384	7643383	1
1543640	1543639	1
10766307	10766308	1
4797290	4797289	1
9871813	9871814	1
4714232	4714231	1
1373713	1329773	1
7533094	7535237	2
6339243	6337847	1
11829521	11829440	1
11713293	11713294	1
7873940	7873939	1
920287	915694	2
1835814	1835811	1
10153860	10153859	2
12005441	12005442	3
10735279	10735280	1
5641563	5641564	1
4702220	4702219	1
594751	594430	1
2841855	2841856	1
8218307	8218570	1
2498978	2498977	1
4958441	4958444	1
4880318	4880285	1
5383695	5383499	1
6929319	6929320	2
3642504	3653399	2
816205	816206	1
10007813	10012172	1
10107689	10107690	1
6929337	6929212	1
6703251	6703947	1
9366974	9366973	1
2685275	2685216	1
4067330	4067329	2
10953978	5603222	1
2140277	2140301	2
7723822	7723821	1
5376712	5376711	1
10025780	10025779	1
1313997	1313998	1
10773403	10774635	1
4057908	4057907	1
2445250	2445249	1
1826893	1826896	1
9789307	9789280	1
11509558	11509394	1
7339142	7339141	1
10755614	10752341	1
10640910	10640588	2
1302383	1302384	1
7747866	7747849	5
3493084	3493083	2
1403206	1403199	1
11620041	11274797	1
10162874	10162871	1
12394679	12396053	1
5896802	5896738	1
5673734	5673733	1
2500558	2352483	1
8833277	8833278	1
386825	386892	1
9460573	8980305	1
2333360	2333359	2
4090428	4090425	1
1089111	1089112	1
12036577	12036580	1
6561993	6561994	1
3208719	3208720	1
1082115	1082116	1
1361497	1361498	1
1048129	1048130	1
1239628	1239636	1
930345	930346	1
2144512	2144511	1
8830537	8828948	1
3043498	3043497	1
5353166	5353634	1
3926083	3926500	1
9620167	9620168	2
12766060	12766113	1
9168409	9168184	1
8108001	8108002	2
9504646	9504795	1
3149685	3149690	2
6081083	6081119	1
4015205	3314177	1
10411738	10411737	1
10016169	10015119	1
1280099	1280100	3
6297548	6297545	1
192203	192204	1
7964671	7964672	1
3978595	3978596	1
4536802	9081654	1
10426049	10426052	2
7095481	7095482	1
404815	404808	2
5379025	5379026	1
10167969	10167951	1
10143632	10143611	1
9990333	9990324	1
1436833	1436836	1
1800618	1800615	1
8096560	8096559	1
3832524	3832523	1
3262371	3262372	1
4008062	4006999	1
12472637	12460380	1
8285414	8281748	1
3152358	3152427	1
11737558	11736125	1
12034930	12036792	1
9997996	9997970	1
4581382	4581388	1
10601686	10601486	1
124402	124401	1
10332594	8838090	1
7111032	7111031	1
7191429	7190744	1
3942154	3940363	1
5317755	5317756	1
7148776	7148451	1
4844020	4844105	1
6255867	6255843	1
8729956	8729959	2
11171487	11171488	1
10672024	11854504	1
721757	721758	1
10548671	10548672	1
6946833	1299212	1
5722574	5722573	1
5053585	5053658	1
10069762	10072881	1
7294127	7294128	2
4799347	4799419	1
1298994	1298233	1
11836710	11834706	1
5742666	5742665	1
2010370	2010369	1
2423518	2423517	1
12315869	12315849	2
5943097	5948207	1
11992667	11992668	1
7039498	7039497	1
7394182	7394181	1
12312385	12312386	2
7479455	7479456	1
10644143	10644144	1
4678913	4785500	1
5807308	5802196	1
5396785	5396786	1
2502372	2502374	2
12409236	12409235	1
1110055	1044949	2
11772122	11772121	1
3609709	3609710	1
1155050	1155049	1
2739755	2739756	1
7210292	7210291	2
268302	268301	1
8867530	8871869	1
4614115	4614374	2
12531684	12531683	1
7415118	7415145	1
1569445	1568414	1
2881233	2881267	1
165079	165136	1
7510388	7510387	1
11785581	11785582	1
7692197	7692195	2
6012138	6012137	2
3641252	3641249	1
5222958	5225938	1
6631884	6631883	1
3727382	3727381	1
3132203	3132204	3
2484324	2484323	1
11943912	11934573	1
11307902	11307899	1
8924346	8924349	1
1582705	1297178	1
2786038	2786008	1
4474696	4474800	1
7915028	7915848	1
10329384	10329378	1
7837151	7837112	1
11730657	11730658	1
9520880	9520879	1
611542	611063	1
2850336	2850335	2
169721	170366	1
11942255	11942256	2
1485012	1484516	1
3510278	3509932	1
8654639	8654640	1
10494099	10494119	1
9266985	9266986	1
2630055	2630056	1
5346846	5346845	1
8690899	8731035	1
10461116	10461115	1
991301	992783	1
11086645	11086646	2
5768993	5768994	1
931048	931039	2
4507104	4507103	1
4198571	4198572	2
10679782	10679750	2
8433663	8433978	1
4294059	4294060	1
1517466	1517472	1
3272234	3272119	1
531777	520890	3
2855946	2855945	1
8921561	8922169	1
8429785	8429788	1
6848311	6848312	1
8558768	8558767	1
11283565	1191117	1
6734746	6733730	1
8928282	8928281	1
1590733	1590734	1
3656653	3656654	1
12721990	12722021	1
7073964	7073963	1
7703067	7703068	1
3339588	3339384	1
6138330	6138329	1
11117021	11117033	1
10876183	10876170	1
9114239	9114169	2
164593	164609	1
10403123	10403124	1
2614868	2614018	1
8434623	8431933	1
6049267	6048889	1
6043716	11921363	1
1100084	1069785	1
11922211	11922282	1
11622811	11283623	1
7278121	7339017	1
8893636	8893635	1
5149433	5149434	1
8361453	8361454	1
9432491	9432519	1
1563527	1563497	1
11935142	3056336	1
10629105	10653368	1
11915704	11915699	1
8369577	8369578	1
6594801	6594802	1
3567568	11426985	1
11378943	11378944	2
7568714	7568722	1
1924544	1924543	1
12241656	12241655	2
6530625	6530626	2
12119735	12119740	1
1616509	1616510	1
9100063	9100064	1
6756817	6756720	2
11914141	11914142	1
3944650	3944637	1
2015158	2015157	2
3051596	3051595	1
9501181	9501172	1
3908228	3907088	1
4380318	4380317	3
10798921	10798922	2
12372171	12372699	1
1775959	1775962	1
4284228	4284227	1
10756695	10756787	1
11378676	11378675	1
355192	355335	1
3819834	3819833	1
6893726	6893725	1
3537915	3537916	1
2172193	2172170	1
11473718	12309970	1
2412568	2412567	1
4101649	4101598	1
10599957	433212	1
10640729	10640730	1
4379930	4379911	1
3288513	3293323	1
2423059	2423068	2
3696602	3696601	1
4570388	4570387	2
6796173	6796174	2
12142717	12142720	2
1230518	1230633	3
2721649	2721475	1
1508547	1507483	2
12372451	12372452	1
8879592	8879591	1
6891075	7145291	1
12459511	12459512	1
6822428	6822427	1
3270266	3270254	1
4520913	4520914	1
7600264	7600262	1
8599941	8599942	1
7856401	7856402	1
12426272	12426271	1
3932496	3932495	2
2587586	2587585	1
583912	588115	1
12213012	12213011	2
7944111	7944114	2
2087416	2087415	3
8565090	8565089	1
12329636	12349175	1
4557543	4557528	1
9078377	9078378	1
6047785	5504796	1
4025253	4025254	2
12679266	12679188	1
11984017	11984765	1
903457	903838	1
10598565	10598566	1
10460898	10460861	2
9315033	9311480	1
7470879	7470939	1
2499077	2499078	1
1648433	1648434	1
11476097	11476100	2
11302151	11302152	2
4142232	4275738	1
9725556	9730501	1
4115133	4115134	1
5940794	5940780	1
7930755	7930851	2
11990280	7457075	1
2014316	2014437	1
8672966	2138191	2
9075136	8790402	1
88797	78716	1
11555894	11564516	1
3554027	3554028	1
11556820	11556819	1
8224503	8224504	1
2182529	2182502	2
12812386	12812383	1
10683275	10683276	1
10344400	10344393	1
4674886	4674885	2
2003344	2003268	1
1077482	1077479	1
12145887	12145890	2
8822569	8822556	1
7959436	6103373	1
5220856	5220855	1
5737082	5737081	2
4796652	4796651	1
11757343	11757344	2
10001270	10001344	1
751519	749269	2
12152428	12152422	1
4842289	4842290	2
11425862	11425892	1
11329069	11329118	1
6189390	6189395	1
3912553	4087456	1
4671024	4666175	1
2628477	1912122	1
12693115	8830371	1
1775807	1775808	1
1917982	1918027	1
8704460	8703581	1
10943100	554552	1
8532608	8532577	1
4266906	4266905	1
5968327	5968328	1
8682375	8674618	1
2897852	3077696	2
11787018	3273152	1
8084796	8084795	2
12465461	12465462	1
11056030	11056029	1
6365154	6365598	2
10500316	10500348	1
6421443	6421444	1
6560103	6560104	1
1498568	1498553	1
291679	291680	1
2437730	2437729	1
3795256	11663828	1
7582896	7582895	1
11660634	11660609	1
11378649	11378650	2
3729174	3729173	2
10477363	10568058	1
10766448	10766445	1
12610398	12609980	2
7136384	7136381	1
2955990	2955989	2
5663732	5663731	2
5999773	5999444	1
6092958	6092957	1
101606	101605	1
8755313	8755314	1
6550029	6548488	1
11774370	10832291	1
7550617	7550618	1
11197543	11146828	1
1827470	1830742	1
3558820	3558830	1
8372474	8372863	2
11880767	11876406	1
5349650	5349649	4
2557785	880437	1
11499751	11499733	1
10170701	10170702	1
3941380	3941379	1
3823069	3822468	1
816357	816352	1
6998334	6998339	1
1041938	1043078	1
6894797	6894800	1
8574498	8574508	1
4593362	4821715	3
3109036	3109035	1
11387770	11388987	3
11225910	11225892	1
3734292	3733794	1
12771425	12771426	1
1525522	1525521	1
109405	109406	1
4124969	4124972	1
10818160	10818159	2
6703675	6703676	1
12715244	12715243	1
4692740	8973986	1
12385022	12385021	1
4713641	4713642	1
5136906	5136905	1
5562322	5562326	1
7157821	7157824	1
10017219	10017220	2
8982747	8982748	2
8885266	8885251	1
9378527	9378528	2
5065160	5065159	2
12736219	12736220	1
2266165	328420	1
2381792	2382019	1
8866647	8866761	1
7761602	7873309	1
2560991	2560980	1
6198888	6198887	1
899861	899930	2
5584427	6556339	1
5410979	5410946	1
6254146	6254145	1
10023377	10023380	1
9518649	9518654	1
4707444	4707443	1
2132089	2132090	1
9087201	9087202	1
6432421	6432484	1
5580212	5580211	1
2713741	2713742	1
3636061	3640168	1
5590942	5591287	2
7911385	7911386	1
3769267	3769272	1
12453053	12452344	2
9093270	9093269	1
9235008	9235007	1
11339897	11339898	1
11900145	11900146	1
5857346	5857345	2
11317110	11317109	1
9947965	10060139	1
5494736	5495628	1
4219749	4219771	2
11540229	11540230	1
4730181	4730173	1
5299704	5299703	3
6176409	6176154	1
6423026	6424444	1
8875800	11671262	2
7222496	7222564	1
5782347	5782348	1
9384043	9384077	3
10755884	10755395	1
7102537	7102538	1
11987032	12012637	2
3088187	3088188	1
7943039	7943040	1
3139243	3139244	2
2841712	2841711	1
1374111	1374112	2
6566495	6566513	1
1355920	1355919	1
8767228	8688990	1
5859825	5859826	1
2533265	2533266	2
3496012	3495969	1
11889382	11889410	2
12047568	12053194	1
7763000	7762999	1
10097444	10097627	1
4724174	4724170	1
11370441	11370442	1
11284929	11284194	2
2120865	2120866	1
3590438	3590697	1
2560003	2560004	1
11229178	11229177	1
1359895	1359447	1
9194936	9193427	1
8707156	8702742	1
10692305	10692279	1
1675438	1675437	1
3138163	11453928	2
10574837	10574548	1
4730361	4730362	2
3606451	3606634	1
5536250	5536249	1
994285	994286	1
1498937	1498938	1
4078529	4078268	1
10762014	10250044	1
3081225	3077410	1
6792118	6792115	1
12002249	12002250	1
6434452	6434451	1
11787406	11787405	1
4527096	4527093	1
1243767	1243768	1
1302160	1302163	1
6799301	6799302	1
101108	101107	2
9150121	9150131	2
4156348	4156347	1
1885682	1885928	1
3028227	3028228	1
5700974	5700973	1
179696	179695	1
10911683	10911684	1
6127833	6127834	1
11474954	11474226	2
7639669	7639670	1
10170928	10170927	2
285701	286324	1
5748643	5748646	1
1572596	1572640	1
5022586	5022585	1
12041734	12041612	1
5232087	5227546	1
11133728	10283005	1
10344709	10344710	1
11395574	11395573	2
3340177	3340229	1
817953	817965	1
10458058	10458057	1
9307806	9307805	2
3768125	3768126	2
5633216	11559889	1
10811264	10811263	1
7766341	7766342	1
5098551	5097270	1
2559855	2559888	1
8991687	8991690	1
10004329	10004330	1
12223753	12223754	2
12658319	12195128	2
10403434	10403433	1
5762013	5762016	1
10832298	10966917	2
4155145	4136656	1
8387405	11194973	1
2581537	2581538	2
10820104	10820103	1
9677935	9678901	1
3352089	3352144	2
7653460	7653289	1
2815875	2816832	1
11095055	11095056	1
1586174	1586189	1
8513179	8389248	2
3495045	3495046	1
2815868	2816322	1
6224035	6224036	1
1081060	1084301	1
3731689	3731995	1
1681431	6738997	1
4024038	4024037	1
8434382	8434381	1
11905716	8762395	1
9784178	9785009	1
7371814	7371524	1
1453876	1453875	1
6680209	6680210	1
7193493	7193494	1
7922879	7922880	1
4327969	4327990	1
3291307	3291308	1
11696212	11696527	1
10594153	10570982	2
12770121	12769489	2
7289942	7289941	1
12228469	12227470	1
3135812	3135811	1
653457	653458	1
10462668	10757997	1
12762422	12762421	1
3972468	3971320	1
7351260	7351259	1
4084267	4084268	1
10873796	10873795	1
6820775	4278185	1
11602999	11500508	1
5217340	5217339	3
9359738	9358084	1
8826440	8826439	1
6526377	6743373	1
12012636	12012633	1
2349536	2349535	1
10413859	10413854	1
7301047	7295741	1
3686540	3686539	1
1493188	1493187	1
9463366	9462864	1
1203291	1133136	1
11448796	11448830	1
6742085	6742086	1
4385706	4385660	1
50050	50047	2
6018384	5993703	1
11892643	11892644	1
3907813	3907818	1
8377893	8377894	1
3555732	3555847	1
848901	843884	1
439523	439544	1
10971120	10971123	1
9765495	9765496	2
4353044	4353043	1
6629644	6629641	1
11847360	11847359	1
12362212	12362211	1
4738878	12463705	1
5439942	5439984	1
7985574	7990632	1
5981077	5981074	1
879158	875054	2
10903987	10903988	1
6560369	6560372	1
10673532	10672923	1
2888735	2888736	1
6505051	6505054	1
497930	496051	1
6555811	6555816	1
4026423	12770145	1
1926200	1926199	1
2301372	2301369	1
6155287	7957459	1
2449107	2449024	1
4578006	11916130	1
4757738	4757737	1
6035540	6035539	2
10998590	11100897	1
7647601	7647602	2
10913645	10913646	2
2483293	2480740	2
12736854	12736897	2
7626291	7636148	2
5241769	5241781	1
10413616	10413615	1
210146	210199	1
343684	3998056	2
10376878	10376924	1
8379019	8379055	1
4070612	4070611	1
12362621	12280948	1
7129079	7129080	2
12662364	12662363	1
7175460	7175457	1
1622132	1621286	1
12575541	12575542	1
12020066	12020773	1
6426196	6426219	1
10046629	10046646	2
8429425	8429426	1
11528673	11528709	1
5371654	5371653	2
9366972	9366971	1
11482651	11482652	1
8362157	8362158	1
12706393	3223463	1
263296	263293	1
5426599	5426600	1
2038692	2038691	1
6610719	6610720	1
3112823	3108756	1
12809003	12807326	1
10910314	10909785	1
7148681	7150246	1
11663089	3258249	1
3321682	3320190	1
2642962	2642961	4
6302199	6301629	1
215338	216090	1
7910907	7910911	1
2037825	2037814	1
1460775	1461200	2
5201684	5201683	1
12633203	12633200	1
4016808	4016755	2
10911768	10911793	1
7865454	7856309	1
12194037	12194038	1
9007162	9007170	1
5490628	5490627	1
1716364	1716355	1
7042994	7042997	1
12661707	12661708	1
8890307	8890308	1
8654641	8654642	1
344290	344307	1
8795014	8795013	2
7177113	167179	2
354083	354084	1
2883021	2883022	1
10658957	10658958	1
3857925	3857908	2
1258231	901906	1
11912693	11912694	2
2004019	2004690	1
5006277	5005858	1
7899897	7899898	1
11596914	11596813	1
5201687	5201683	2
11665019	11665020	1
8174662	8174661	1
10382143	3751390	1
41501	41502	1
2761135	2761136	1
12791496	12791495	2
9301769	9301770	2
4824530	4824529	2
7701765	7701830	1
11395513	11391949	1
8848548	8848547	2
8572377	8572380	1
2541108	2537119	1
9660598	9660597	1
7268192	7268191	1
338703	338715	1
8777819	8777820	1
1996460	1996459	1
8015061	8015064	2
6838188	6838185	1
2075438	2075437	2
7378511	7378512	2
7124226	7124197	2
7045092	7045091	1
11719611	5665338	1
7829203	7829204	1
1049952	1049951	1
4006028	4052218	1
9539016	9343181	1
12590685	12504751	1
2612485	2449924	2
8866545	8866542	1
9247176	9247175	2
11379633	11379601	1
8227193	8227800	1
5292028	5292064	1
11404547	12672153	1
972156	972136	1
7860379	7860366	1
11283232	11283231	1
2085668	2085667	1
1355495	1355226	1
7098831	7098832	1
3023364	3023415	1
10215088	10215087	1
7804681	7804690	1
5255621	5259547	1
11998133	11998254	1
3731778	3731777	2
7563128	6806006	1
2551180	2551217	1
1430948	1430947	2
4279501	4279502	1
2089152	2089163	1
7215881	7215882	1
6090948	6089716	2
9789013	9789014	3
6829988	6829987	1
8549789	8550344	3
11176298	11176297	1
10046648	10046647	2
4383660	4383659	1
6223401	6223371	1
9026742	9026741	1
6397617	4253433	1
2886114	2886113	1
5772308	5772307	1
10959584	10959583	1
12686650	12409409	1
11933408	11933399	2
4375297	4376036	1
2084699	1937975	1
1529313	1529314	2
5267919	5267898	1
8192771	8192772	1
2161875	2161876	3
4393400	4393399	1
10301113	10301114	1
8793255	8795092	1
12370686	12370685	1
9302653	1754576	1
8981969	8981956	2
5294126	5294123	1
5021464	5021426	1
123942	123872	1
8723349	8723350	1
10765432	10765406	1
5299159	5292301	1
2440775	2440776	1
4044270	4044960	2
3208370	3206741	1
11202128	11202619	1
260764	260782	1
4110536	4110533	1
8722741	8722742	1
6670026	6685818	1
11206036	11206046	1
2737645	2737646	1
4314518	4314517	1
10349984	10349983	4
11301729	11301772	1
8633410	8632531	1
3208722	3208721	1
4043471	3949548	1
3956075	3956012	1
10931421	10931422	1
6628057	6628058	1
7515458	1859598	1
1914	1927	1
8254854	8254853	1
6755902	6755901	1
10209990	10209987	1
6638939	6638940	1
3035636	3035599	1
6221392	6221391	2
9352769	9352770	1
7678728	7678723	1
5355924	5355921	1
2332566	2332520	2
4229023	4229024	1
4205381	4205382	1
5120277	5423231	1
10387529	10387519	1
12244290	12244289	1
6278727	6278736	2
8681923	8681924	1
1643717	1643718	1
3852699	3852700	2
7190923	7190908	1
5177727	5177728	1
6452100	8871528	1
275617	275618	1
6443223	6443228	1
2829804	2829803	1
2959464	2959323	1
7862557	7862558	1
4278686	4278685	1
10535033	10535034	1
11931663	11928936	1
5000901	5000369	1
10355411	10355412	1
12165327	12165328	1
8292997	8293232	1
11966272	11966329	2
8024560	8024552	2
11417597	11417598	1
8606060	8606059	1
1417153	9701762	1
7632183	7632314	1
4205176	6325765	1
719111	709794	2
11464508	11429600	1
12626985	12627109	1
10251930	10251929	1
5280678	5284688	1
11561805	11903619	1
8725587	8725533	1
10916425	10916426	3
9698630	9698629	1
12464599	12464600	1
2045471	2045560	1
2825802	2826964	1
4901597	4901598	1
7539954	7539953	2
6447832	6447828	1
9984612	9984611	1
6936404	7246576	1
7384428	7384427	2
5564719	5564806	1
10676615	10676616	1
2006625	7701974	3
1505438	1501577	1
2342247	2342248	1
12623496	12622772	1
7296166	7296162	1
2420178	3231904	1
7727119	7727120	1
10184318	10184312	2
5994797	5994798	1
1429040	1429039	2
1726186	1725944	1
6403682	6403681	1
1044948	1044947	2
230016	230015	1
9354761	9355561	1
4231335	8453553	1
9373516	9373515	1
8857916	8857872	1
11673707	11673591	1
4985919	4985920	1
2982385	2982379	1
10761273	8986847	1
1358622	1358492	1
8855260	6881059	1
6470470	6470467	1
9097916	9097915	1
11260945	11260910	1
10861995	10861996	1
2100695	2100029	1
10153033	10153019	1
1283861	1283865	1
7829193	7829194	1
4713662	4713661	1
9481134	9481133	1
11655315	11655316	1
9382962	9383761	1
397661	397662	1
6961954	6961925	1
2549734	2549730	1
11918983	11918984	1
11108358	11108357	2
3748467	3748468	1
4227503	4227880	1
12489449	12489444	1
12413423	12412400	2
9169747	9169750	1
5485450	5485447	2
8967336	8967335	1
3738013	9092572	1
7454250	4268902	1
3882693	3882809	1
995692	995691	1
2601132	2601131	2
3159270	3159264	1
954425	954407	1
2243128	2248123	1
11735643	11737619	1
5899040	4414816	2
12482729	12481678	1
8442706	8442701	2
7391913	8516568	1
11591095	11591096	1
7573088	7573087	1
948016	948015	1
11024591	11024733	1
2937417	2937420	1
8236662	8244002	1
2448309	2448270	1
4026229	4026402	1
1044950	1044949	2
11829356	11846908	1
566112	770825	2
10927270	10927269	2
11908827	11908881	2
9551521	9551524	1
3811716	3679009	1
9184456	9184455	1
3734360	2786621	1
3960798	3958356	2
7247768	7247767	1
2802795	2802796	1
4114009	4114010	1
5564286	5543040	1
2621841	2621842	1
8699716	8699715	1
1956441	1949195	1
9245396	9245374	1
885650	885649	1
8375156	8548490	2
6842368	6842328	1
7712456	7712455	1
7033602	7033612	1
9591748	9591747	1
2491139	2492118	1
4249133	4249134	1
12673263	12673865	1
2364638	2364637	1
7007372	8308	1
2190617	2190620	1
8434403	8432093	1
12226614	12226656	1
4609731	4609732	1
3064656	3064653	1
2005720	2005719	1
6161189	6168445	1
12401396	11791999	1
2673557	2673558	1
6986064	6978866	1
10181909	10181888	1
11531945	11531946	2
9481529	9295847	1
6209191	6209192	1
5293963	5293964	1
202352	202351	2
2110450	2064212	1
932903	932904	1
12675190	12675187	1
4044661	4044662	1
10718278	10718273	1
5817899	5817900	1
8918097	8924977	1
11451920	11453031	1
11308801	11308774	1
12594074	12594069	1
6159938	6159754	1
2780871	2780872	1
5421524	5421523	1
8168212	1087174	1
10238281	10238282	1
8731651	8731539	1
4192554	4192013	1
1844649	1844638	1
7192567	372888	1
6735764	6735820	1
7028607	156855	1
8502306	8502305	1
6048371	6048240	1
911092	911091	1
10540852	10540849	2
4538330	4538301	1
12802868	12802865	1
11373896	11373895	2
2032182	2032199	1
3106502	3106413	1
10536989	10536380	1
4070455	4070456	1
3998081	3998767	1
5607241	5607242	1
12286373	12286374	1
1456734	1456733	1
2480524	2479791	1
3979678	3987240	1
6172162	6170383	1
12149982	12149981	1
10038954	10038953	2
10247202	10247226	1
11234274	11234118	2
5580249	5580254	3
2011183	2010406	1
3952449	3952450	1
6346648	6349546	1
3635978	3636003	1
8426403	8426404	1
3747679	3747896	2
7697439	7697478	1
10863664	10863663	1
9197975	9197978	1
9102376	9101241	1
3039802	3039799	1
11673826	11673829	1
3593109	3593110	1
9293032	9292977	1
8558410	8558409	1
11963422	11963421	1
11146889	11141438	1
11624479	11632501	1
8972950	8970345	1
9238227	9237879	2
5364670	5367736	1
1572882	1572881	2
6612076	6612366	1
11426109	11473672	1
9428211	9325167	1
9118995	9118996	1
10480675	10480609	1
6943959	6943213	2
6291546	6298581	1
6989229	6989463	1
5923561	5923562	1
770090	769929	1
4516706	4516705	1
39930	39900	2
11352019	11350800	1
10269595	10269596	1
4599768	4599767	1
1405819	1405820	1
3145713	3145714	1
9083236	9083235	1
7437472	7437469	1
11062772	11062771	1
2816235	2816236	2
4057906	4057905	1
11723660	11723659	1
7706117	7706202	1
11377619	11377620	1
7293750	7293421	1
7862001	7542384	1
608135	608136	2
5867379	5867389	1
122609	122610	1
5153629	5153630	1
8972944	10208345	1
11129786	11129785	2
10506080	10506147	1
1084064	8174337	1
8735992	8735991	1
10504856	10504855	1
8215930	8215929	3
6855274	6855813	1
11334208	11334207	1
8021268	3247039	1
8084208	8084207	1
6781733	6781734	1
8761932	8761929	1
4440746	4440745	1
10237535	10237519	1
4708762	4708761	1
11910398	11912015	1
761680	761679	4
1640290	1640289	2
6997561	6997943	2
11813260	11813272	1
6535769	6535770	2
11677749	11677750	1
3959518	3959517	2
1100072	1100069	1
2179301	2179296	1
10809040	10798595	1
11552450	11552449	1
3950523	3950524	1
7413536	7413531	2
11315866	11295883	1
8066411	8066412	1
10949725	10948649	2
6104311	6103761	1
3953630	3953629	1
1681322	1681638	1
3477315	3477481	1
7957486	7957483	1
10039326	10039324	1
9270157	9270160	2
5200059	5111976	1
7945725	7945726	1
10748885	10748886	2
4032196	12769568	1
1506630	1506577	1
2586828	2586825	1
12317942	12317815	1
12189846	12189845	1
10572267	10572268	1
4309235	4309236	1
6443914	6443331	1
322921	322922	1
11199007	11199008	1
7915337	7915338	1
5972072	5972069	1
4554597	4554940	1
9609726	9609721	1
12186741	12186746	1
9872399	9872400	1
8001289	5594379	1
7872126	7897231	1
10771714	10771763	2
961247	961248	1
5810132	5810131	1
3886696	3886921	1
11619919	11619816	1
10210392	10211616	1
11438015	11438018	1
7619509	7619495	1
4609364	4605279	1
9465526	9465467	1
650517	650520	1
5442606	5443565	1
8383234	8383233	1
6331699	6342463	1
869314	869317	1
9284096	9284095	1
9373492	8568853	1
7433606	7432917	1
11489361	11489362	1
3363034	1736608	1
11471592	11471591	1
4229518	4229517	1
3976356	3976355	1
2909538	2909451	2
12753006	12753005	2
3195102	3195101	1
1784757	1784760	1
8529101	8529102	1
4044650	4044992	1
5515201	5515202	1
5960048	5958723	1
12403732	12401739	1
6842368	6842316	1
6219292	6219291	1
7496223	7496224	1
6703249	6703250	2
3555597	3556372	1
9993968	9993706	1
1930128	1930781	1
5583075	5582986	1
12535058	12535055	2
11938803	11938804	2
1582695	1582684	1
7054473	7126247	1
8130024	8130077	1
4039869	11645334	1
10011710	10011709	2
5353022	5353021	1
6417142	6417166	1
1779483	1779484	2
11577079	11577080	3
9299823	9299830	1
12133244	8487369	1
8345603	8345604	1
11550523	11550526	2
283411	7273520	1
6885278	6885277	1
10023349	10023350	1
1552563	1552568	1
11152055	11152056	1
9783671	9783672	1
5336645	5336646	1
8398982	8398981	1
11795528	11795525	1
3637533	3637534	1
3939872	3939871	1
7897689	7897690	1
12367290	12367289	1
7224346	7224728	1
4038544	4038543	1
229245	229246	1
4553494	4553493	1
1874271	1874274	1
6506485	6504887	2
11455882	11455881	1
8641604	8641587	2
10645991	10645992	1
5218394	5218393	1
9364461	9364462	1
4117020	4117034	1
5899367	5899357	1
1070558	1070557	1
6409771	6409772	1
10653671	10653672	1
12011218	12011198	1
3185357	3185416	1
6635444	6635443	1
12273267	12273268	1
2354403	2354812	1
12423190	12423199	1
1653715	1653716	1
11754988	11754987	1
7659905	7659906	1
9978820	9978819	1
279781	279782	1
10441808	8961781	1
2802797	2802798	1
1403198	1403197	1
3712127	3712153	1
7790163	7786512	2
423360	7215712	1
2553556	10701986	1
7093195	7134621	1
9728387	9548787	1
7198952	7198932	1
10292908	10292907	2
10657908	10419448	1
6184339	9170250	1
4608536	4608510	1
6374951	6374952	1
7242738	7242737	1
10959588	10959585	1
1664208	1664205	2
6022369	4641867	1
8663849	8663206	1
12152409	10440693	1
8023239	8023242	3
2784996	2784995	1
5382776	5382775	1
8748293	8747627	1
2377039	2377040	1
3166532	3089379	2
11931769	7368536	1
11182835	11182836	1
4032243	4032244	1
1272113	1272117	1
2810159	2813745	1
6648897	6648907	1
8105871	8105872	1
1581897	1581966	1
3118588	3121250	1
2959132	2959131	1
6317975	6318017	1
7964836	7964835	2
4848251	4848252	1
444745	446094	1
4699743	4699744	1
2591336	2588675	2
3693389	3693390	1
8038821	8038824	1
174645	174973	2
11802395	11802077	1
5527711	5528136	1
8533561	8533562	1
10097148	10097147	3
9912008	9912488	1
10899193	10899194	2
9010929	9010930	1
11857257	11859269	1
9369253	9369254	1
9043951	9154221	1
5322520	5321963	1
11730659	11730660	1
4344898	4344895	1
3286399	3286400	1
8149553	8149556	1
1166201	1168321	1
11907222	11805395	1
5530215	5530216	1
11084907	11077307	1
6099526	6099628	1
1198941	1200695	1
9088454	9088451	1
3592204	3592195	1
5979903	5979904	1
1764325	1764621	1
1105226	1105225	1
7522679	7522680	1
2802442	2802441	1
2655890	2812306	1
563056	563055	1
3057682	12814151	1
11750087	11750088	3
1342234	1342237	1
6266215	6266216	3
3467334	3467333	2
10606598	10614424	1
2039777	2039778	1
3978825	3978826	1
795061	795062	1
8409412	8409409	1
5501129	5494090	1
2722359	2722360	1
69316	69315	1
6455242	6455245	1
5886273	5886274	1
4587854	4587853	1
1469257	1469258	1
1986272	1986270	1
3267637	3268558	1
2073996	7137032	1
6333427	6333428	1
4521555	4521556	2
3387374	3387373	1
5186696	5186621	3
6408731	6408510	1
6368986	6373925	2
3777219	3776586	1
2542493	2540497	1
8439691	8439692	2
6753962	6753961	1
2614709	2614663	1
9832785	9832788	1
11358049	11357335	1
4957099	4957100	1
12160000	12175421	1
415032	415035	1
1027757	1027758	1
3464087	3464088	1
4118387	4118394	1
7865888	7866205	1
5741676	5741675	2
7240586	7242380	1
6422275	6422095	2
2522279	2522280	2
2834105	2833028	1
11483558	8767902	1
2924854	2924853	1
759942	731720	1
9984905	9984906	1
8088156	8088153	1
5804393	5804394	1
827716	827785	1
2941131	2941134	1
8231713	8231714	1
8676717	8676721	1
11144932	11144931	2
6408506	6408503	1
2686506	2686578	1
7699567	7699568	1
1757271	1544192	1
675419	675409	1
8798453	8798456	1
7789059	7789060	1
7622992	7622991	2
1644977	1647284	1
10982316	10982313	2
5676817	5676832	1
6779218	6778800	1
11873672	11873671	1
9447967	9447968	1
11884535	11884705	1
7881313	7882745	1
11293770	11293767	1
10151424	10153859	1
3777350	3777349	1
10771044	9963688	1
10495367	10495368	1
1119297	1119298	1
1562862	1562861	1
1956437	1956440	1
11988723	11988660	1
945984	945983	1
684130	684127	1
6722758	6722757	1
5984209	5984210	1
1506465	1512603	1
5441799	5441800	2
6963305	6963638	1
4269201	4269202	1
12592542	12592541	1
7572803	7573381	1
11917517	11920407	1
3509976	3511163	2
8284289	8284290	2
5374571	5374572	1
2939150	2939134	1
6874076	6874075	1
11255184	11255183	1
11302546	11302545	2
10659457	10659458	1
4374207	4374208	1
5000388	5000392	1
7643382	7643381	2
11524994	11524993	1
10969633	10970574	1
4524092	4524091	1
11835956	11835955	1
12492944	12492943	1
3299326	3299328	1
4445396	12456852	1
11407738	11407737	1
2256464	2256463	1
1802015	1802008	2
12243103	12243104	1
7549723	7551519	1
2477208	2477207	1
5876717	5876867	1
2144510	2144451	2
10929419	10929405	1
8806467	8806468	1
7934576	7934571	1
2601184	2601183	2
7231827	7231828	1
3417438	3417583	2
6684947	6684948	1
3755876	11522162	1
877348	877347	1
6339051	6339052	1
342133	208495	1
6167934	6167933	2
4305060	8423126	1
7638584	7638637	1
12309506	12309505	1
4443052	7587896	2
12229303	12229304	2
6873111	6869437	1
5837625	5837626	1
9059984	9059977	2
4213590	4213589	1
3095453	3095454	1
805357	805358	1
12426047	11591992	1
10460565	10460566	1
10897119	10897120	3
2075393	2075394	1
10238000	10236234	1
1018105	1018106	1
9115999	9116000	1
439523	439595	2
300209	10561912	1
4941514	4941484	1
2063082	2063081	1
11792647	11792644	2
9872401	9808545	1
12718611	11820038	1
9429696	9429787	1
8317540	8313266	1
9581966	9365199	1
5321962	5321961	1
10325573	10325574	2
8548491	8548492	1
9443684	9443683	1
11680144	11680143	1
7963295	7963080	1
11493142	11493145	1
10890785	10890786	1
6460129	6461887	1
7934	7933	1
8385327	8385330	1
2013214	2013213	1
6548456	6548453	1
3441771	3441806	1
8818508	8818499	1
2227069	2227070	2
6526536	6526535	1
10358022	10358021	1
1733752	1733699	1
2456725	2459968	1
8375041	8559884	1
12472960	12463700	1
9197975	9197976	1
386659	386660	1
12320660	12320659	1
163283	163284	1
5020718	5021114	1
3828712	3828305	1
11177457	11177458	1
9644901	9655913	1
9826692	9826691	1
4284630	4284629	1
4049895	4049898	1
10529449	10529450	1
339474	339468	1
6792690	6792689	2
4048730	4048729	2
9346925	9346926	2
5832617	5832612	1
708672	709154	1
8572375	8572376	1
7523145	7523172	2
6317806	6317195	1
184853	184887	1
12547432	12547431	1
7868100	7868261	1
2683134	2683133	1
11196562	11196559	1
10782510	10782509	2
7280884	7280883	1
1468387	1468158	1
768526	768403	1
9173200	9173617	1
4710094	4708763	1
4086882	4086881	2
10777097	286704	1
11387173	11387174	1
1327034	1327069	1
5942310	5942309	1
2691015	2691025	1
10040337	10036281	1
1543638	8301681	1
11501797	11501798	1
12603798	12603797	1
11992895	11992896	1
4138406	4138405	1
8244105	8244437	2
10765147	10765150	1
1485672	4958330	1
258962	258961	1
9937060	9937059	1
7212738	7212737	1
12440009	12439755	1
11864675	11677619	1
990797	989078	1
3251867	3251868	2
9280580	9280568	1
11885088	11885085	1
4115401	2831826	1
1108957	1047533	1
5138558	5138557	2
3984140	3984139	1
11865417	11865418	2
2040596	2038544	1
12631549	12625730	1
2893602	2894682	1
8034655	8034884	1
6172922	6172921	1
7092821	11336579	1
6128275	6128280	2
8671893	8671894	1
4723483	11276996	1
7978079	7978080	1
11287092	11287097	1
9770820	5585896	1
10292227	10293673	1
11549564	11549529	1
2975335	2974897	1
8708856	8706776	1
8860332	8860331	2
11676587	11677312	1
6934554	6934553	1
4901593	4901598	1
5460929	5460930	2
8503030	8502206	1
5521234	5521233	1
11443014	11407632	1
1119778	1392456	1
3036332	3083009	1
3358357	3358334	1
8488554	8488622	1
8374265	8418090	1
11535943	11535944	1
4553122	4553799	1
2679763	2680146	1
5420725	5435810	1
4152684	4151545	1
4072387	4073139	1
2639384	2639383	1
687839	687840	1
4060396	4060395	1
9445107	9439986	1
1120268	1120272	1
3124447	3124448	1
10195352	10195357	1
6602563	9804425	1
3309528	3309525	2
2835016	2834937	1
11876583	11876199	1
9525776	9525775	2
11607523	12251385	1
12367254	12367251	1
8664072	8664071	1
6308812	6308865	1
3029864	3030634	1
10129264	10129263	1
9264699	9264700	1
1541333	1541334	1
2691011	2691014	2
6889955	169333	1
12630364	12630282	1
7737676	7737675	1
1544087	1544384	2
7856539	7856540	1
1106505	1105080	1
5049970	5049969	1
10054886	10054873	2
10877060	10877059	1
1248773	1247719	1
11616023	11616048	1
5540120	5539654	1
9557833	9557819	1
7628286	7628285	1
6025230	6025229	2
10644145	3113407	1
11195090	11195087	1
5351269	5354816	2
4074166	4073699	1
5424838	5424837	1
12226291	12226292	2
4804757	4804758	1
11997006	9291159	2
1780701	1780702	1
12417466	12411936	1
10320895	10320896	1
3550020	3550072	1
4059162	4059170	2
9159039	9159040	1
7456258	7457332	2
4120039	4120040	1
5820823	5821633	2
12283093	12282990	1
9319986	9319860	1
2205191	2205192	3
6677853	6690063	1
9851122	9851119	1
4801760	4801759	1
8431092	8431085	1
11792830	11792627	1
11318141	11318170	2
7573297	7571937	1
9355036	9355035	1
5734401	5734406	1
6294280	6294279	1
10462607	10462700	1
9538509	9538510	1
5641225	5641226	1
5991227	5991228	1
4133509	4133371	1
5448975	10290844	1
1320893	1320786	1
11371603	11371604	1
792653	792654	1
1881126	1912075	1
3701569	4356795	1
11113922	11114340	1
6783251	6783252	2
2321053	2321054	1
1336547	1336548	1
10739961	10739962	1
1090782	1090781	2
1775741	1769564	1
2641132	2641127	3
10475930	10475929	1
739481	739482	2
5014775	5014776	1
7644786	7644785	1
4080617	4080618	1
10946005	10946008	1
2637476	2639004	1
4041775	4041761	1
7660129	7659691	1
4706597	4705458	1
9624850	9491127	2
542507	542508	1
7650166	7650222	1
5581095	5581098	1
9027138	9027162	1
8172165	8171639	1
299307	299308	1
4280130	4279788	1
1992716	1992715	2
8301027	8301028	1
8826348	11669631	1
1941947	1941948	1
908829	905090	1
878725	878726	1
6677620	6677619	1
3692784	3696137	1
11598256	11598255	2
12154700	12154675	3
12317795	12317796	1
5585815	5585816	1
8678072	8678659	2
12672795	12672796	1
4016792	4016791	1
1113431	1113432	1
1119091	1119120	1
9863431	9862706	1
10249309	10240285	1
4939720	4939718	1
5059395	5059505	1
11932047	11932013	1
6215442	6215612	1
6587031	6587032	1
963974	963973	2
6805565	6805566	3
5757665	5757669	1
5305472	5305471	2
9518768	9519001	2
639408	639407	1
8017189	8017190	1
8815279	8815282	1
3115284	3115283	2
3924443	3924426	1
4856438	9143153	1
10690487	10690488	2
4363913	4363916	2
6481506	6481505	1
8545565	8545566	1
3071713	3071714	1
7237088	7237072	2
240660	234783	1
5655994	5655991	1
3946983	3947266	1
6671786	6671789	1
12752797	12752798	1
7639006	7639005	1
3851620	3851619	1
11152160	11152159	3
10443058	10439737	1
8043414	8043413	1
2016622	2016609	1
11905989	11906163	1
5322192	5321881	1
11243959	11243832	1
1737071	1737072	1
7857847	7857848	1
10283549	8415991	1
4481314	4481313	1
9890100	9890099	1
10230718	10229281	1
7663400	7663399	1
970077	970078	1
10917142	10917141	1
11472824	11492371	1
7425591	7425592	1
1767895	5514647	1
10160540	10160539	1
513374	513373	1
6725094	6724794	1
1484705	1484706	1
11448218	11448217	1
9118888	9118887	1
5375951	5375952	1
11889894	11887785	1
2750796	2765555	1
6796171	6796172	2
12765693	12768487	1
10659567	10659525	1
2148184	2148181	1
4521557	4521879	1
1509601	1510021	1
813976	814064	1
6468648	6468647	1
3890931	3890927	1
6204921	5555973	1
1592202	1592236	1
9041889	9041890	1
2473417	2471590	1
5758952	5758951	1
3706607	3706008	1
4223241	4223242	1
6941675	6941673	1
12378643	12378644	3
1084908	1084907	1
4063402	4063399	1
6055627	6055628	1
6207422	6205656	1
8993738	8993733	1
9129330	9129329	1
5374573	5374640	1
7806002	7806001	1
4578317	7103814	1
11791415	11791371	1
5011357	5011358	1
6855341	6855342	1
8062969	8062974	1
10245337	10249370	1
3117381	3118017	1
11071502	11152305	1
507336	507335	1
6686671	6686672	1
6597127	6597123	1
11942501	11942502	1
7844042	7844039	1
7614297	7614298	1
9508496	9509589	1
2281319	2320224	1
10267625	10267626	1
3046675	3046994	1
1562337	1562338	1
3352807	3352808	1
3541174	3991520	1
4204534	4204533	1
4716316	4716315	1
7662836	7802155	1
10993086	7774052	1
9994156	9994155	1
8084444	8083118	2
11925042	11925404	2
10572221	10572222	1
7709679	7755093	1
12010417	12013147	2
1617883	1617804	1
4348518	4348517	1
7809678	7810124	1
10706605	10676350	1
3051473	3051518	1
268816	273696	1
4539457	4539468	3
806988	806987	2
2003805	2003806	4
9915792	1115151	1
1985005	1984950	1
1952243	1949554	1
12522899	12522900	1
12420072	12420071	1
3744138	3744135	1
8324877	8324878	1
769241	769230	1
2249377	2249378	3
11289745	12120333	1
7773409	7773410	1
1505534	1505147	1
6822702	6822701	1
9950607	9950610	2
11879183	11879184	1
4715397	4715295	1
1112432	1112645	1
9776048	9776047	1
5150964	5151968	1
4006534	4006533	1
10363488	10363487	3
4073873	4073874	2
7229909	7229910	1
871071	871076	2
6082706	6082791	1
4551289	4551290	2
10311812	10311811	1
11153944	11153943	1
1498854	1498724	1
6127170	6127169	1
12228145	12228117	1
3634468	3634467	1
8535800	8535837	1
111953	111954	1
4264799	4264817	1
3932494	3932493	1
8533563	8531032	1
7516747	5182480	1
960907	960166	1
9296604	9296603	2
11461980	11461979	1
3753888	3753560	2
3421334	3421860	1
5930437	5930438	1
1416748	1416743	1
3168096	3168083	1
8217578	8217334	1
9811445	9811446	1
7731850	7725891	1
7088042	7088041	1
7857291	4307759	1
6280329	6280589	1
5438053	5438155	1
11494659	11393426	1
806426	806425	1
12239570	12239573	1
10387456	10387212	1
7392871	7392872	1
5307965	5307887	2
6446409	6446410	1
5138558	5138555	2
11365230	11365303	1
3000172	3000631	1
11257358	11257355	1
8502361	8502307	1
10811555	10811556	1
6241106	6241112	2
349243	519801	1
8673746	8673745	1
6793481	6793482	2
7585363	7585364	2
7901075	7900859	1
2648507	2648548	1
8016386	8016389	1
206056	203906	1
7449467	7472156	1
9866789	9868437	1
8599346	8599345	1
1046358	1046357	1
4737334	4737333	1
6933407	6933408	1
3088669	3088670	1
2618597	2618598	1
4554646	4554645	1
9097358	9097355	1
11048235	11048238	1
11989587	11989590	1
8029694	8029693	2
6104305	6104306	1
1840004	1840209	1
12742157	12298695	1
182330	180099	1
2227067	2227068	1
2580603	2580542	2
909810	909807	1
5157435	5158815	2
946957	945453	1
314419	314422	1
450159	450147	1
395217	395218	1
7699405	7699406	1
3047930	3048043	1
4546261	4546262	2
5399303	5398393	1
819012	822251	1
4369197	4369198	2
3600979	3600980	1
4215485	4215452	1
2156939	2158415	1
3726	3783	1
6535300	6535147	1
1323895	1323986	1
6761162	6761165	1
10926465	10926444	2
2047369	2047415	1
7704412	7703962	1
9294298	9294339	1
3757134	3757133	1
5395795	10270445	1
9050778	9050777	1
8540194	8540193	1
6736506	6736551	2
11452529	11452530	1
5886364	5677898	2
12254127	12254128	2
10502006	10501412	1
6716641	6716642	1
1893423	1893424	1
11279504	11594377	1
11920886	11920885	1
5548034	5548033	1
157903	438791	1
3118111	3118112	1
7536071	7536158	1
6258362	6265544	1
2318646	2318651	1
12524211	12524212	1
7322079	7323546	1
11375870	11375455	1
3157538	3157535	1
6289815	6289816	1
11723729	11723730	1
1843796	1843248	1
8899763	8899766	1
7294646	7294625	1
3313821	3313822	2
851144	849878	1
300665	300709	1
4829985	4829986	1
4830824	4830823	1
8957466	8956437	1
6797238	6694712	1
12421432	12421452	1
4880320	4880319	1
9708629	9709014	1
4048608	4049427	1
2440282	2440291	2
10875928	10876329	1
4821987	4821988	1
5472771	5472772	1
6161165	6161166	2
883425	883426	1
3853566	3853565	1
10621837	10621840	1
10447995	10447996	1
177800	177709	2
4073752	4073751	1
3832522	3832611	1
9863649	9864322	1
6049464	6049463	1
522376	522375	1
11113928	11113923	1
8052295	8052296	2
10433990	10434015	2
8866491	8866492	1
11113791	11114688	1
8704677	8705224	2
4131685	4131686	1
5042057	10382351	1
7850724	7850706	2
8319185	8319272	2
8019542	10182147	1
3022959	3022956	2
6169468	6169513	3
1092324	1092323	1
6332306	8100900	1
7167898	7167842	1
9075607	7108127	1
163239	163240	1
8333898	8357151	1
4550149	4550150	1
9297349	9297350	1
10325351	10325361	1
2042620	2042619	1
7095795	7095796	3
11314401	11314462	1
1386266	1382308	1
11175621	11175622	1
11283531	11283564	1
6569757	6570473	1
417397	354430	1
1234899	1234894	1
3999579	3999580	1
11812460	11812463	2
4529827	4529828	1
8599944	8599943	1
1337604	1337603	1
5569500	5569499	1
2585597	2587701	1
7248563	7248564	1
3330475	3330478	1
8368515	8368504	1
3168350	3168349	1
5001072	5001071	1
11666379	11666380	1
9994986	9995028	1
10274457	8545877	1
2519366	2506534	1
8389287	11190100	1
11270473	11270431	1
6813813	6813814	1
4604283	4604284	1
12505641	12505642	1
2378875	2378876	3
12790331	12790332	1
11605199	11602975	1
6184651	6184652	1
3400783	3400825	1
4140069	8920889	1
10675213	10663707	1
9363133	9363248	2
7861940	7861937	1
10745066	10745065	1
5572790	5572789	1
7446385	7446386	1
2199526	2199525	1
3228773	3228815	1
12664777	12664778	1
2539518	2539520	1
4037803	4030238	2
5698412	5697678	1
1263216	1263891	1
9921120	9921119	1
5428341	5428144	1
2263706	10513070	1
6792158	6792157	1
3323807	3323808	1
8438729	8438730	2
7430559	7430454	1
4001924	4001923	1
8497415	8497416	1
11204326	11205285	1
12516008	12516007	1
6504068	6504065	1
11189458	11189453	1
4174319	4174320	1
3023033	3023034	1
8315690	8315600	1
8691611	8691612	1
11985073	11975476	2
1292383	1292384	1
9369182	9369181	1
9012251	9012254	1
6306708	6306707	1
2499075	2499076	1
7239023	798661	1
8874520	8874574	1
2509794	2509832	1
12037823	12038000	1
7276037	7276022	1
12327509	12327510	1
6128169	6128170	1
12244228	12244261	2
96889	100178	1
12802398	12799921	1
6958438	6958679	2
2991281	2991282	2
8546353	8546354	1
4743852	4742654	1
2926079	2842764	1
4859042	11164922	1
9334045	9334046	1
5005861	5005862	2
5378080	5378077	1
5669784	5669783	1
1855385	1852950	1
2608908	2608907	1
6145673	6145674	1
9866967	9867306	1
6144140	6144139	1
7794782	7794781	1
9878837	9878838	1
4583554	4583553	1
3148778	3148192	2
7806288	7806513	1
2939549	2938025	1
4243293	4243301	1
2706605	2706606	1
1112077	1112078	1
12752928	12752472	1
283110	283109	1
5579651	5579652	1
5703448	5702413	2
11666376	11666375	1
3233904	3236092	1
11995097	11995088	1
12372909	12372910	1
7288061	7291307	2
2828809	3955624	1
6444847	6444882	1
1460157	1460158	1
6130014	6130013	1
5284203	2272892	1
4268069	4705693	1
816214	816213	1
5930068	5930057	2
6920060	6921491	1
10300925	10268594	1
89935	90917	1
7435267	7435268	2
6985654	7055449	1
5474550	5475337	1
2317129	2317130	1
8859580	8859579	2
254709	254909	1
2413175	2413176	1
2086070	2082318	1
6247509	6247510	1
1720003	1720006	1
7353077	7353078	1
5132966	5132969	1
2783371	2783372	1
12663389	12632090	1
10274366	10274365	1
10872011	10872012	1
5879376	5879375	2
8514485	8514486	1
2740055	2737915	1
3209639	3209640	1
11144756	11144755	2
5551406	5551405	2
11254602	11254622	1
4587441	4587442	2
12248775	8793719	1
6342223	6342230	1
3007800	3007797	1
675410	675409	1
9160513	9160475	1
11812265	12281435	1
8780779	8780780	1
3941338	3941337	1
8728269	8728270	1
12434360	12434359	1
7088983	7088984	1
3014097	3014101	1
5894951	5894952	1
3365723	3365561	1
12316181	12316182	1
871050	868929	1
582846	582695	1
10902457	10902458	1
12251344	11628646	1
3582982	3582981	2
7498709	7498710	1
7136543	7136385	1
592918	583930	1
12325502	12325501	1
12387343	12388479	1
8451291	8451292	1
8054685	8054639	1
12681966	12681965	1
11088627	11095543	1
6134038	6134037	1
10368911	10368863	1
6478781	6478837	1
3912021	4086276	1
7603448	7604706	1
8797807	8797808	1
12603858	12577017	2
7804899	7804953	2
3161881	3161882	1
3996830	3996732	1
9017581	9017582	2
1378862	1378861	1
3317007	3317008	1
3607268	3607282	1
630202	630201	1
1275287	1275288	1
6308658	6308657	1
4469424	4469423	3
3578132	3578118	1
12343383	11458356	1
9328498	12466303	1
5595082	5595079	1
1073932	1073784	1
4309016	4309015	1
5122126	5122125	3
8827423	8827424	1
10363746	10362323	2
2346989	2346990	1
586340	586339	1
2228311	2228312	1
4290262	4290261	1
4044231	4044232	1
3237073	3237074	1
10471991	10401554	1
7567818	5842812	1
7774324	7774323	2
2722043	2722044	1
11876094	11876258	1
4424712	4424828	1
5960740	5960727	1
11088276	666907	1
12345571	12345572	1
8385835	8229951	1
4273086	4273085	2
7787174	7787173	1
11720469	11720488	1
4701201	4701244	1
8239146	8239310	1
6159769	6157263	2
3938027	3938028	1
5924057	5924058	1
3745794	3745793	1
7679152	7679151	1
348815	348797	1
1574911	1574912	1
3488207	3488281	1
2598201	2598202	1
2706049	2706117	2
4284628	4284627	1
230292	230291	1
7571954	7571953	2
5810121	5810122	1
10096180	10096296	1
2705967	2705824	1
4431967	4431968	1
3197160	3197440	1
4754192	4753975	1
8090213	8090214	1
11061935	11061596	1
165276	436997	2
2296034	10975194	1
4009618	4009617	1
4594934	4594933	1
1240482	1240481	1
1072521	1073207	1
4113999	4114000	1
9505652	9505763	1
587991	587992	2
6870151	7011545	1
10982626	6474690	2
8410930	8410929	2
6086205	6086187	1
8973834	8973833	1
4917152	4916860	1
1653638	5581072	1
414745	414746	1
864194	864193	1
104556	103728	1
1484376	1484375	1
2468580	2468579	1
11827806	11827802	1
10471495	10471496	1
703658	703657	1
5194190	5168647	1
7000860	7000859	1
1754409	1754410	1
2315732	2315760	1
8765655	8765692	1
1653937	1653940	2
6354166	6268815	1
5435465	5435466	1
11354207	11354212	1
10737109	10737110	1
5731515	5731852	1
7015449	7015507	1
365010	365009	1
4395579	4395581	1
5511734	5511746	1
5006420	5006419	1
11662455	3314863	1
1650440	1650425	1
3834005	3834006	1
5599991	5600015	1
6123917	6123918	1
5501311	5501452	1
10378501	10378502	3
10892833	10892834	1
10905259	10905260	1
11422905	11409264	1
11176690	7382118	1
596453	54195	1
5357753	5245459	1
3090576	3090575	1
10001347	10003750	1
5919856	5919853	1
1463685	1463686	1
7939950	7939945	1
10500025	10496757	1
1092846	1092845	1
10095430	10095429	1
8849022	5893031	1
10106592	10106597	1
9281271	9281286	1
367300	367313	3
4404323	4404326	1
3303805	3303874	1
294535	294774	2
10022278	10023376	1
3741104	3740927	1
5451276	5451214	3
4226597	4226663	1
10708375	10708349	1
11579891	11579894	1
7734128	7734125	1
4705690	4705689	1
8864314	8864377	1
5443194	5422737	1
7556542	7557531	1
9047233	9046946	1
6480389	6479953	1
6201973	6201513	2
5783631	5783570	1
5620963	5624729	1
5011355	5011356	2
7063309	7063310	1
5874787	5874788	1
5265481	5265180	1
10476211	10538686	2
11172482	11172481	1
5581264	5581263	1
3972462	3972461	1
8358853	8357883	1
5914199	5914153	2
1963490	1963447	1
2559870	2559867	1
2321283	2317537	1
9704034	9704394	1
1506148	1506147	1
5215802	5215754	1
11850862	11850861	1
2774130	2774133	1
12364156	12364959	1
7999797	7999798	1
2655476	2655475	1
657473	657474	1
7359097	7358791	2
10221315	10221316	1
11102539	7201563	2
10916746	10916745	1
7972312	7972311	1
4241372	4241152	1
8076589	8073606	1
11410116	11422506	1
4956437	4956308	3
5811831	5643907	1
6956126	6953017	2
1894232	1894231	1
5896763	5896764	1
4389170	4389279	1
4533581	4533595	1
7700159	7699817	1
1452755	1453027	2
339155	339156	1
1617874	1617879	1
12137411	11662611	1
1425241	1425242	1
1722952	1766717	1
3663617	3662354	1
3158210	3158202	1
10903542	10903541	1
8021585	8021586	2
7940636	7940534	1
607130	607129	2
2944316	2940309	1
7934404	10466814	2
1988043	1988030	3
12478070	12478064	1
8762665	8762668	1
12464747	12726403	1
9687698	9687701	1
3771680	3771679	1
6621400	12337740	1
4145859	4144957	1
4604013	4603871	1
5141734	5415187	1
9320176	9320175	1
12642826	12647313	1
12640825	12640826	1
10381836	10381827	1
6090604	6090567	1
5339597	5339310	1
668148	668147	1
9488550	9488549	2
7548380	7548379	1
1446731	1446551	1
9039704	9039703	1
5914290	7872050	1
4754192	4753977	1
4442021	4442022	1
8714138	8714153	1
9721698	9721697	1
1833147	1833148	1
6977251	6968527	1
10451805	10453860	1
5730092	5731078	1
9362766	9360890	1
9640567	9640568	3
1089183	1089091	1
4303939	4303940	1
213396	397196	1
6373554	7251535	1
3426374	3426369	1
11404594	8821785	1
8129535	8129536	1
3137507	3137510	1
4817617	4817618	1
3861179	3861180	2
12021380	12021370	1
860438	860458	1
10941271	11125197	1
4609332	4609331	2
7995761	7995737	1
10389155	10389229	1
241026	241038	1
9116971	9125057	1
7583455	7583458	1
8690193	8690194	2
8450828	8450827	1
11255567	11255568	1
6536997	6537058	1
20687	20688	1
1099822	1292260	1
6227257	6231167	1
10169084	10169083	1
2765219	2765220	1
8602606	8602605	1
7776545	7776546	1
7969393	10456217	1
447974	448363	1
11332765	11332792	2
770907	771696	1
870854	870849	1
9146451	9146452	1
9118705	9118889	1
3641743	3639889	1
11303692	11312888	1
8407091	8407819	1
10979779	10979780	1
11772113	11772114	1
5515952	5517228	1
1587039	1395620	1
6530597	6531240	2
7847499	7847500	1
9826628	9826627	1
7423629	7399604	1
633488	633485	1
1572871	1572883	2
3279143	3279144	1
3199711	3199712	1
9680465	9680466	1
573686	718613	1
9537734	9537673	1
12431794	12431849	1
6434611	6431958	1
4067996	4067995	1
8800760	8800759	1
1935140	1935379	1
8273887	8273814	1
12364002	12364001	1
6132363	6132364	2
318331	318332	2
5693791	5693832	1
8613458	8613457	1
7232370	7231890	2
7140088	7147562	1
4676019	4676020	1
12305696	12338690	1
6311114	6311860	1
7592213	7592204	1
11731168	9776373	1
10437390	10437389	1
2268422	2268335	1
287647	288098	1
2486143	2486144	1
12459440	12459409	1
8281714	8281717	1
9755146	1732056	1
6382020	6274794	1
1118507	1118369	1
9355180	9355179	1
11592391	11592392	1
12597804	12597782	1
973664	973644	1
8187040	8187028	1
10339019	5051250	1
10326633	10326636	1
3147472	3147471	1
4295918	7493000	1
7750460	7750459	1
2058482	2058481	1
5477825	5477762	1
4246026	4245968	1
10521695	10521925	1
9089702	11373835	2
8711887	8722977	3
1123126	1123129	1
10910672	10910671	1
11787177	12460842	1
4820438	4820487	1
8293431	8293432	1
12142361	12142362	1
2087150	2087149	1
11281444	11281473	1
352905	349576	1
2484780	2484779	1
10662594	10661780	2
2617788	2617924	1
8923472	8923469	1
12647662	12647596	2
12673508	12673507	1
10128383	10128384	2
5504040	5537838	1
5278682	5278681	2
283444	283443	1
11422842	11436964	1
11401031	11401142	1
5443398	5443397	2
11729054	11729053	1
6358749	6358752	1
2834686	2834685	2
10787971	10787974	1
12258349	12258350	1
10801673	10801674	3
11435522	11434316	1
9145048	9145047	1
12604986	12604985	1
3325435	3325456	2
6553171	6553172	1
6208389	6208390	1
6703253	6703947	2
10340257	10340258	1
11387772	11387771	3
1595924	1552153	3
8705811	5796327	1
3421619	3421613	1
5690226	5690225	1
6616172	6678747	2
3710840	3710839	1
10735304	10735278	1
10192277	10192274	1
868447	868448	1
2875167	2879808	1
3408791	3408792	1
4709427	4709428	1
6149809	8903788	1
11534801	11534789	1
9584792	9584791	1
8839671	8839672	1
5437374	5437484	1
6059733	4635605	1
4609914	8995712	2
9937266	9937265	1
8896806	3539026	1
9916669	9915110	1
8171124	8171123	1
2774536	2774535	1
10776356	10776349	1
1252589	1252366	1
12649834	12594075	1
3159592	3159591	2
7789404	7789017	1
2441777	2441779	1
4989636	4989635	1
7006273	7006274	1
10824382	7594950	1
6538682	6535579	1
2255341	2255342	1
9431185	9430624	2
9858332	9858331	2
3236978	3236862	2
8800762	8800759	3
4813173	4526206	1
3990599	3989574	1
2966730	2967303	1
3290918	3638285	1
9820793	9820794	2
264608	416585	1
1591542	6548259	1
7698402	7698401	1
12631405	12550004	1
8048684	8054605	1
1760324	1760323	1
6324319	6324320	1
8541090	8541093	1
10197857	10197860	1
9432608	9432726	1
11923603	11924858	1
7849266	7849240	1
450146	200741	1
9975401	9975402	1
3125575	3121507	1
6595830	6595829	1
9118997	9118280	1
355192	355333	1
5924848	5924847	2
9384916	4000053	1
5700414	5700171	1
7293329	7290627	1
7055937	7055938	1
6856785	6856786	1
4600929	4600930	1
11261845	11261846	1
4529190	4802075	2
2605585	2541599	1
1737456	8405569	2
6531206	6531205	1
12473245	12397601	2
8017200	941753	2
8915548	11253657	3
5722576	5722573	1
3314116	3312782	1
1828402	1828401	1
5351924	5351031	1
9587733	9587734	2
11803473	11803474	1
2227995	2020477	1
4243429	4243137	1
5196251	5196252	1
8580251	8580254	1
9762156	9762159	1
12018951	12018952	1
6261390	6259530	1
3256728	3256704	1
7864250	7864283	1
12455545	12455546	1
2419863	2418147	1
307115	306322	2
541234	542289	1
4288241	4288242	1
5456509	5456510	1
8084983	8084984	1
4084269	4084270	1
11447716	11442652	2
2350193	2350194	1
9688945	9688948	1
12241783	12243001	1
12793206	11454920	2
12476366	12476365	1
6613934	6613933	1
1397962	1397958	1
4020241	4020381	1
3273470	11771267	2
2700316	2700539	1
7359974	7359973	1
11131797	11132952	1
2760365	2760366	1
156679	446119	1
1753803	1753804	1
2842521	2842528	1
12751730	12751729	1
1402208	1402207	1
1152146	1152143	1
5594909	5594899	2
4436988	4436987	1
1701718	1701481	1
4018247	4018248	1
10281019	7431504	2
7993751	7993752	1
5805527	5805544	1
10276880	5591925	1
5045361	5045364	1
10827197	10827198	1
7254369	7254400	1
3262935	3263302	1
6594715	6594716	2
6222797	6222929	1
11424159	11424300	1
7230033	7230034	3
6408622	6408621	1
10778050	10778049	2
10107811	10107688	1
3086258	3086257	1
10372834	10372829	1
8872743	8871243	1
6235277	6235278	1
2013761	2013762	1
297168	297293	1
2317343	2317344	1
302913	304228	1
11409565	11409485	2
9873898	9873954	1
2378297	2378254	3
9020414	9020601	1
2628935	1882027	1
4377536	7451754	1
2850081	2851046	1
6174751	6174771	2
7071383	11757603	1
8900349	8900508	1
2442025	2442026	1
6405630	6405629	1
8058578	8058656	1
4022873	4022878	1
12762213	12767443	1
4064243	4064224	1
273930	273711	1
7446321	7446326	1
189706	189710	1
1288910	1288909	1
9074110	9074089	1
5124981	5141233	2
1453308	1452076	1
8866519	8866520	1
3944190	3944189	1
4008262	4008259	1
1240072	1240071	1
3168986	3168985	1
12556033	12557498	1
4648867	4648868	1
11728946	11728945	4
607029	607030	1
11374214	11374251	1
9103243	9102544	1
11483436	11483435	1
10979777	10979778	1
8531806	8531805	1
1661282	1661281	1
11866063	11866067	1
7636867	7636755	1
10411877	8486285	2
1091452	6364199	1
9648565	9648566	1
210803	210812	1
1975092	1974290	2
3670600	3670617	1
8542016	8542015	1
10596213	10596016	1
6926895	6926896	1
7446373	7446377	1
6453044	6453943	2
211832	350309	1
5324543	5324544	1
3978478	3978477	1
1970568	1970567	1
11340279	11339680	1
11877210	11877209	2
12236966	12242896	1
12624855	12624841	2
7555259	7555260	1
553884	552813	1
10065338	10065337	1
10857705	10857709	1
2309057	2309058	1
357159	357160	1
345124	345247	1
2341740	2342219	1
761678	761677	3
6415148	6409587	1
2039007	2039008	1
4527157	4527158	1
3404288	6402605	1
115891	139324	2
1873667	7989125	1
11885307	11885222	1
2346491	2346492	1
9622006	9622003	1
11893273	11894742	2
2703249	2703242	1
5351075	5351159	1
2395318	2395311	1
6176339	11921012	1
7559714	7559713	2
11113780	11113779	1
8326681	8326689	1
3918069	3918070	1
8409868	8409867	4
4475812	4475811	1
2615367	2615368	1
11296328	11296705	1
10909409	10915099	1
910673	910622	1
10443047	10443048	1
7431209	7431219	1
10313801	10313802	1
7843864	7843851	1
11923992	11923991	1
5012786	5012785	2
7348485	7348486	2
1654760	1655070	1
45602	6933839	1
2564118	2564093	1
516868	516867	2
5622015	5621788	1
3979936	3979935	1
10803305	10797890	1
11850812	11850811	2
837118	837117	2
6064375	6064376	1
2789757	2789758	1
7150726	7230602	1
2247210	2247209	1
7704199	7579723	1
12768304	12768303	3
6122171	6122172	1
6950739	1795779	1
1720691	1722713	2
8332370	8332369	1
3236053	3234901	1
11871675	11873841	1
8384256	8384260	1
1216925	1219173	1
6274401	6274402	1
2921272	2921243	1
9710199	9710200	2
6998889	6998890	1
9496320	9538108	1
11377321	11304482	2
1105091	1106076	2
5333876	5325603	1
10988257	7774549	1
8718157	8718147	2
1506690	1506689	1
372274	363898	1
4828055	4830208	1
11245142	11314346	1
4108481	4001062	1
321204	321201	1
3491075	3491076	1
1993427	1993428	1
6470472	6470471	1
212255	212256	2
5853671	5853672	1
1377997	1382522	1
12362785	12277412	1
11562593	11562594	1
436255	434679	3
292694	83461	1
1235324	1227458	1
1213348	1213143	1
8303643	8303644	1
974258	974219	1
12197553	12197554	1
4678908	4785485	1
6047781	6047782	2
10714385	10716187	1
3641747	3641789	1
11355897	11355914	1
1017794	1017791	1
8724571	8724572	3
9252788	9253065	1
41155	41156	1
2279944	2279960	1
1890749	1890750	2
8423874	8423814	1
11730773	11730761	1
9422905	9624184	2
12125136	12125135	1
2150798	8647941	2
4582544	4582541	1
10980208	10980205	1
4088751	4094115	1
10708654	10708322	2
1924109	1924194	1
8959415	8959418	1
3625831	3630096	1
12236259	12241387	1
10997757	10997758	1
11418233	11418042	2
1197724	1196141	1
522681	522682	1
10189389	1791564	1
4711098	4711097	1
3854352	3854351	1
2511825	2511828	1
10378503	10378504	3
8020080	8020075	1
12407155	12796643	1
6798030	6798029	1
10416885	10416886	1
971963	971942	2
11961505	11961628	1
11362558	11362557	1
4103738	4091957	1
6295353	6308561	1
5517275	5517276	2
1273025	1274055	1
11885140	11885135	2
3036098	3036085	1
9586393	9586394	1
8206311	8206312	1
10958158	10958157	2
6978151	6974754	2
7591390	7591522	1
11804143	11804146	1
8874509	8874510	1
9931763	9931919	1
10297557	10297558	1
4817550	4817549	2
619054	618385	1
2157945	2157946	2
2933982	2937320	2
1726094	1725966	1
8672211	8672665	2
8073939	8073971	1
7084298	7084297	1
8399402	8399401	1
9313580	8129040	1
1285061	1285062	1
7567242	7561945	3
11932699	11932704	1
4988136	1543543	1
1008193	1008194	1
10633552	10426020	1
3539027	3539028	1
8411340	8411335	1
6420420	6420419	1
11122412	11122409	3
2296238	2296235	1
7605772	7605771	1
2882579	2882604	2
5357856	5357855	2
7013971	7013972	1
500967	5344302	1
5207830	5207701	1
2903697	2902623	1
10353387	10353917	1
8156520	8156636	1
4084714	4084617	1
11925780	11926005	1
10046444	10060484	2
1249531	11604880	1
5668003	5668004	2
5122120	5122119	1
515245	515246	1
12483192	12482865	1
11704933	11704934	5
2076137	2076138	1
3651463	3651494	1
10513191	10513194	2
6738811	6738812	1
4435440	4435439	1
11719502	10778163	1
11005780	11005779	1
12367695	12367696	1
2572965	2572966	1
4081268	4081267	2
7721171	5203772	1
8797002	8796997	2
11660766	11660765	2
671141	671144	1
8679202	8679201	1
63154	62980	1
1318134	1317495	1
1082891	1082892	1
2664018	2664017	1
1774476	1774475	1
5862366	5862365	1
2784590	2784589	1
4673987	4673988	1
4261621	4261592	2
453197	453194	1
6577232	6578148	1
2140243	2140246	1
11753526	11753525	1
7221478	7196285	1
4614108	4614107	1
5673627	5673735	1
6657326	6657325	1
11780419	11780420	1
9462028	9462027	2
634862	633930	2
10493974	10493971	1
8601069	8601070	1
5186412	5186411	1
7216138	7216137	1
9092378	9092363	1
11829085	11829086	1
5580257	5580258	2
12155412	12155587	1
3553290	3553274	2
1653041	1652702	1
8466901	8470359	1
8534543	8534544	1
3481040	2640192	1
11742808	4428107	1
11562045	11558489	1
1954233	1954234	1
5274679	5274724	1
9974152	9974151	1
11041340	11041337	1
9913000	9912919	2
11932712	11928862	1
11392161	11392186	1
8443285	8443286	1
403174	403173	1
7700757	7700560	1
6923682	6933921	1
6127391	6123547	2
1975000	1974982	1
1698753	1698686	1
8995593	8995594	1
4056678	4056675	1
2182527	2182528	2
188454	188453	1
5975978	5975985	1
3261000	3260999	1
12028096	8583227	1
12467642	12467641	1
11660873	11660874	1
6552475	6553165	2
12809001	12809002	1
7499716	7499715	1
6116597	6146510	1
200920	200919	1
4814689	4814684	1
11996070	11996069	2
9054235	9053971	1
1244746	1244753	1
10294486	10294444	1
6124175	9424890	1
10218424	10218423	2
3304129	3304094	3
10316073	10316074	1
9375529	9375530	1
989029	988998	1
6558447	6558448	2
11310878	11310877	1
3832747	3832785	2
3319279	3319266	1
202350	202349	2
961329	961332	1
776341	777059	1
454872	454863	1
6538153	6241724	3
5431506	5431505	1
10218783	10218784	1
4152593	4148086	1
8477487	8477976	1
10761837	10761838	1
6350097	6350098	1
11113248	11113279	1
1466133	1466136	1
6292952	6292451	1
3638596	3638595	1
10916750	10916749	3
7232454	7232453	1
8751100	8751099	3
10796650	10796988	1
12721055	12721056	1
3623053	3623054	1
1832748	1832747	2
2662474	2662473	1
11122406	11122694	1
3918330	3918329	1
4851454	4848286	1
9045971	9045972	1
10848676	10848675	2
4002683	126559	1
11804070	11295707	1
3112821	3112822	1
3275031	3277822	1
11425036	11474583	1
10344091	10344070	1
814530	815020	1
11550103	11550056	1
10882608	10882603	1
12782578	12782577	1
6908150	6908132	2
8529787	8529788	1
1094153	1094154	1
9126021	9126022	1
12789739	12789734	1
9422202	9421690	2
10759150	10759149	1
11723727	11723728	2
12159424	12158421	1
6236567	6236568	1
1046675	1046678	1
12130354	12130353	1
3893023	3893024	1
11805137	7905939	1
7093368	10169525	1
983977	983978	1
9116914	9116913	1
3370500	3370499	3
12423206	12423205	1
8057707	8057705	1
12680529	12680530	1
10463363	5649930	1
6371633	6367695	1
2020319	2020198	1
11800657	11800658	1
10147252	10147251	1
8715656	8715655	1
1527336	1527238	1
3160062	3162404	1
3516635	3516636	1
7738121	7738113	1
11204328	11204327	1
7651847	7651848	1
7972310	7972309	1
2667774	2667796	1
2174756	2174918	1
11124451	11091177	1
2505672	2505671	1
12288861	12288865	1
5592313	5592314	1
4071583	4071590	1
2635117	2635118	1
9349616	9349615	1
11861196	11861195	1
5435059	5435060	1
2090166	2090147	1
12412831	12412832	1
809782	808207	2
403262	403261	1
9937339	9937340	1
8486800	8486799	1
7791713	7793596	2
12269665	12286119	1
7218300	7191669	1
3716130	3716129	3
4571850	4362914	1
3125358	3125357	1
3095854	3095829	2
8848109	8848110	1
641363	641364	1
7169332	7169446	1
12453295	12453313	1
2591952	2592049	1
6197870	6194686	2
4078433	4078434	2
276841	10538484	1
2704901	2704904	2
4316196	4316553	1
1034963	1034865	1
1725961	1725447	1
11889586	11889388	1
10703547	10703656	1
11919441	11892970	1
2033832	2033769	1
3270736	3270733	1
8310721	8310722	1
4124267	4124255	1
2541038	2539881	1
3986773	3986601	1
10821301	10821302	1
12197903	12197904	1
2152854	2152852	1
2796735	2796743	1
4650023	4650024	1
11905656	11891540	1
5052901	5059906	1
359166	7184688	1
10958120	10958056	1
1066990	1066989	1
9474804	9474803	1
11905291	11905292	3
4880268	4880271	1
225942	229518	1
11195092	11195091	1
6455247	6455242	3
8522810	8522809	1
265018	265017	1
7278119	7278120	1
4689888	4689951	1
11338299	11338249	1
5412492	5419045	1
6003028	6012659	1
8445684	8446257	1
5508770	5508775	1
2863552	2863551	1
4136024	4137193	1
4514556	4518077	1
4254341	9295015	1
4107501	4107590	2
2063332	2087963	1
3981256	3981255	1
9558413	9558414	1
5117480	5117479	1
12327521	12327526	1
867849	867778	1
2512454	2512567	2
3127661	3129542	1
10272731	10272807	1
10393725	10393726	1
6901776	6901775	1
4234112	7688172	1
1772048	1774182	1
4047955	4047947	1
5692590	5692613	1
4539708	4539707	2
8880569	8880570	1
951110	951109	1
10215127	10213658	1
4279204	4279203	2
5057179	5057538	1
12404695	12404696	1
3932494	3932491	1
8040103	8040113	1
7602124	7602219	1
6070597	6070598	1
11641609	11642370	1
6138693	6138694	1
2559081	2559082	1
4393008	4393401	1
9335006	9657040	1
7402966	7402965	2
184599	184440	1
12736130	12736129	3
7455087	7455088	1
11825628	11825849	1
10630927	10630928	1
3261203	3261204	1
753501	753623	2
203727	203728	1
6167960	6167959	1
5053273	5053129	1
6172268	6190654	1
6480858	6480853	1
6206416	6206415	1
4646783	4646784	1
4363912	4363862	1
9568010	9568009	1
10883589	10883577	1
7822748	7726136	2
560807	560808	1
12723653	12723012	1
329598	97339	1
8547795	8547796	1
5086824	5197823	1
6987755	6987756	3
7406214	839736	1
1029910	1029920	1
11891110	11891109	1
7024241	7023022	3
1642277	1642263	1
8832223	2378934	1
1419851	1419852	1
297659	297660	1
7390987	7390990	1
9020880	9021813	2
4276473	4276474	1
105851	105857	1
7312102	7312101	1
10884577	10884578	1
9497932	9496724	1
1513904	1513903	1
8904814	8908113	1
5950765	5950766	1
8547183	8547184	2
3023519	3023525	1
6258110	6257820	2
7693615	7454566	2
9771016	9766547	1
12266325	12266326	1
6095796	5534925	1
3087989	3087990	2
10573310	10573309	1
4663778	4671083	1
11188406	11189276	1
10101021	10101022	1
6658584	6658644	1
2373991	2373992	2
6907225	6907226	2
7825690	7825276	1
3613962	3613959	1
5773277	5773278	1
1050176	1050175	1
7106696	7107184	3
7047059	7047060	1
998488	998491	1
5569927	5569928	2
2611290	2611289	1
12522675	12522676	1
8664303	8664304	1
2837676	2837683	1
8748869	8748870	1
2966660	2966967	1
4363234	4363233	1
353582	353773	1
5657511	5657512	1
3116956	3116862	1
4697256	4697255	1
7792761	7792850	1
10614337	10614338	1
7106363	7107445	1
8130509	8130510	3
2653081	2653221	2
6577251	6577254	1
5676258	5676257	2
8383291	8383292	2
2483302	2483305	1
11189224	11189221	1
10772130	10863892	1
4582886	4528845	4
289543	289581	1
3284578	3284413	1
9081079	9081082	2
11930135	11944982	2
11375219	11375220	1
9879990	9879989	1
8130511	8148556	1
3707775	3707796	1
1157131	1153027	2
9982731	9982734	1
3317007	3317043	2
4497156	4497155	2
5823255	5823243	1
7607200	7607199	1
9176306	9176303	1
4945990	4945989	1
1266648	1266560	1
7220789	7220790	1
12593158	12593157	1
12753189	12753184	1
11668563	11668373	1
6201426	6201423	1
11731401	11731402	1
874872	874871	1
6109634	6110883	1
1028260	1028271	4
9542391	9542392	1
10218351	10218352	1
11885843	11890633	1
6032470	6033266	1
10017428	10011711	2
11122787	11122790	1
11815450	11917224	1
11607582	11607581	1
9352204	9352203	2
10448469	10448470	1
4748953	4748954	1
3480713	3442236	1
2832595	2832596	1
10104594	10104593	1
12634357	12634358	1
2910188	2910187	1
3673171	3673172	1
9985975	9984292	1
1405354	5593340	1
10198666	10198789	1
4549246	4549245	1
10241924	10241777	1
10486682	10486681	2
3873	6160	1
1739477	1739946	1
8973976	8973833	1
6939534	6939539	1
4479721	4479722	1
6236491	4135209	2
4936841	4936842	1
76161	76152	1
9568424	9568421	1
6094707	6094708	1
10870021	11015401	1
7628417	11220332	1
8958583	8958548	1
12003248	2674773	1
8866009	8866010	1
2522323	2522362	1
11204157	11204158	1
5741241	5741242	2
11677801	11678164	1
11806518	11806395	1
12255702	12255701	1
3978320	3979223	1
4579825	4579599	1
8705035	8705028	1
4653900	4470602	1
9802866	9802865	1
463087	463088	1
212257	212258	2
10450952	10450951	1
770432	770381	1
6756645	6756648	1
9422295	9421628	1
7762980	7762953	1
11885637	11721532	1
6322595	7448497	1
5038609	5038612	1
10741421	10741317	1
2238830	2238829	1
2941872	2941871	1
6466755	6466761	1
802575	802576	1
4269796	4269820	1
4347260	4347178	1
11452933	11472745	1
5508590	5509258	1
3218698	12406533	1
2634148	2634147	1
2908759	2908793	1
2353912	2353918	1
3947576	3544904	1
12122438	12122437	1
1533836	1835665	1
7109894	7109893	1
11998101	11993920	1
7644888	7642433	1
2395320	2395319	1
11874696	11874695	1
9093448	9093451	3
1092637	1093948	1
1053398	1053397	2
7951176	7951175	1
3763461	3763805	1
6452702	6450721	1
2756632	2756631	1
6360145	8181954	1
8861129	8860931	3
1175208	1175207	1
6741438	6741437	2
10298377	10298378	2
2334064	2334063	1
2924637	3877224	1
11758221	11758222	1
5594733	5594734	2
3111368	3110045	1
6829239	6829240	2
9374512	8570348	1
8802085	8802086	1
11321157	11321160	1
3671574	3671573	1
12190752	12172802	2
6305183	6305186	1
2106374	2107123	1
9072947	9072948	2
11493600	11493603	1
12228354	12228351	1
2528837	2528817	3
7959401	7959402	1
6055385	6055386	1
2418045	2418038	1
618050	616043	1
11319701	11319702	1
5009110	5009171	1
9604402	9590393	1
5747105	5747106	1
10060590	10060634	3
11801808	11801807	1
405981	405982	2
1921749	1921752	1
1353110	1378294	1
11069873	11069906	1
44891	44892	1
11823973	11823986	1
2633097	2633411	1
9626134	9626162	1
12463585	12463588	1
7881477	7881478	1
6565558	6565557	2
954069	954876	1
6117401	1827102	1
4146085	4146086	1
11595966	11595965	3
11977063	8207023	1
6479409	6479410	1
2237483	2237440	1
6743303	6743304	1
9537625	9537642	1
5334874	5334870	1
6207424	6207423	1
12365055	12367162	1
8994589	8994590	2
2282003	2282004	1
11754993	11754996	1
12463144	12463143	1
12323498	12323346	1
1986618	1986562	1
10413903	10413906	1
5187556	3516955	1
1581032	1580994	1
2249379	2248418	2
11284529	11284855	1
9865783	9820980	1
3112520	3112386	1
8042064	8042063	1
8982002	8982635	1
4622626	4622541	1
11282809	4068320	2
10922336	10922335	1
4500443	4500454	1
9948818	9948817	1
5624317	5624318	1
7657140	7657139	1
1309989	1309990	1
3246764	3246846	1
1645784	1645685	1
8758302	8758299	2
2004181	2004182	1
6744370	6744369	2
2348538	2348537	1
10700536	2538257	1
8335004	8361166	1
12727136	12727135	1
2484119	2484120	1
10233538	10233622	1
10639446	10639445	1
1050578	1050577	1
749572	749577	1
11803763	11805020	1
4448573	4448574	1
3851765	3855976	1
1660639	1660401	1
4254136	4256961	1
8963773	8963774	1
10617999	10618069	1
12770002	12770001	1
10715710	10711318	1
11822610	11822604	2
7747167	7747170	1
9923491	9923494	1
6439372	6439371	1
1541137	1541120	1
1778738	1778737	1
8601784	8601771	1
10912029	10912347	1
1919605	1919573	1
5671643	5672589	1
2815838	2815837	2
8096512	8096537	1
8428243	8428244	1
11295117	11364002	2
1866067	1866564	1
7817127	7817128	1
3425531	3437363	1
6049049	6030295	1
3322832	3322831	1
777354	777353	1
5122124	5122121	1
1152142	9483779	1
1898100	1895513	1
9335720	9334605	1
1248674	1251448	1
12472830	12472829	1
11248354	11248353	1
2143435	2143436	1
27975	27995	1
5482836	8622741	1
8949232	8949231	3
4047478	3977825	1
2390119	2390414	1
11350754	11350753	1
4442781	4430184	1
11260485	11428905	1
2589700	2589699	1
7520846	7522139	2
8703568	8703461	1
8368223	8368224	2
6787728	6787875	1
1037656	1037980	1
8566718	7401002	1
9292183	9291624	1
7569437	7569438	1
5749935	5752875	3
9661363	9712448	1
9088454	9088437	1
5906267	5906292	1
8775075	8775055	1
2655747	2655711	3
2124679	2124680	1
864530	864377	1
7709942	7709941	1
7028048	7027264	1
6260289	6260290	2
2120997	2120998	2
7774855	7774856	1
1572709	1572710	1
10599955	10599956	1
4509507	4509508	1
12010809	12010810	1
2086990	2085653	1
11117168	11117167	1
9035972	9035971	1
12251704	12251703	2
1566465	1566466	1
5646759	5646760	1
3955510	3955971	1
2936731	2936732	1
3196273	3196274	1
10481637	10481638	1
7223509	7224542	1
2535811	2535812	1
7158001	7073434	1
5226114	5226111	2
2375997	2375749	1
7226134	7226137	1
4620574	7805676	2
10181756	10181781	1
11318494	11318493	1
8499349	8493684	2
1294333	1294334	1
7567820	7567819	1
11125920	11126073	1
1472099	1441914	1
1252055	1251814	1
8206859	8211005	1
9440072	9440071	1
2558685	2559451	1
10946179	10946253	1
420539	420542	2
6747325	6747326	1
10206896	9981481	1
6984023	6984024	2
5875359	5875360	2
8559114	8190664	1
8780537	8780538	4
2840798	2840715	1
7762503	7762504	1
5412115	5412155	1
11164879	11166261	1
1787045	1787046	1
5598752	8034284	1
10117536	6298358	1
7015174	7015064	1
846958	846957	1
4526157	4701732	1
6974319	6974320	1
7784163	7784146	1
2263624	2263623	1
10809818	10809817	1
8664501	8664502	2
10745196	10745199	1
38455	38505	1
6752480	6752479	1
12019852	12022301	1
11578666	11578671	1
1238543	1238544	1
6458541	6458542	1
675530	675527	1
11835362	11835359	1
4714896	4714895	1
2854396	2854395	1
5607821	5607867	1
6623035	6623038	1
8966906	8966476	1
9003262	9006432	1
12317521	12317522	1
10628444	10628487	2
9584630	9584629	1
7390228	7390227	1
858721	858722	1
2774745	2774746	1
10448467	10448468	1
2884618	2884617	1
1165118	1165117	2
11873392	11873391	1
760768	760767	1
2121577	2121578	1
2918578	2918575	1
4521012	6010271	1
9373625	9394123	1
12779554	12779630	2
852221	852222	1
7981425	7980955	1
11529357	11529358	3
8919092	8919091	2
165079	165134	2
11743270	11743293	1
3004267	3004268	1
208494	208493	1
8783196	8788669	1
9570376	9570374	1
9871515	9870818	1
7240868	7240867	1
5283569	5283572	1
6979220	6979219	1
9341659	4414499	1
7968053	7966776	1
7840659	7841088	1
5820551	5691968	1
6631929	6631924	2
4607188	4607187	4
891730	891729	1
9844356	9844355	1
10170934	10170933	1
3256910	3256897	1
783051	783052	1
6452599	6452600	1
12293886	12293885	1
11567390	11567250	1
6418325	6419936	1
4551668	4551667	1
1284098	1263830	1
7759857	7759858	1
171783	172403	1
12812005	12812006	1
4590408	4590407	2
775179	775180	1
842043	842046	2
532139	532140	2
11268380	11268373	1
1642736	1643697	1
9265945	9265946	1
11668418	11923993	1
9167576	6899350	1
11521904	11521903	1
12610381	12610402	1
8991689	8991690	1
6142708	6140933	2
2309138	2309056	1
3144406	3144405	2
5281375	5281437	1
6332331	6332332	1
5708577	11338418	1
12768789	12768790	1
10466253	5650859	1
3855664	3855661	1
6230446	6226608	2
7708546	7708545	1
10882602	10882596	2
8822260	8822257	1
7221224	7221223	1
8858041	8858985	1
7280831	7280195	1
6185957	6185942	2
11592527	11592528	1
7244606	7244340	1
11155427	11155428	2
7104113	7104114	2
5528232	5528198	1
7248166	7248169	1
5896483	5896484	1
535840	535621	1
11784181	11784182	1
5303393	5303394	1
7319882	7319881	2
1292480	1292479	2
3053090	3049569	1
6717050	6717058	1
10706344	10625091	1
2035876	1873164	1
11188957	11189110	1
10508001	10507874	1
6743842	6805261	1
9571138	9571237	1
12553246	12553181	1
2664424	2664423	2
7056557	7055717	1
7450681	7450682	1
5487409	5487358	1
10158192	8171485	1
3862004	3862003	1
7640846	7639007	1
10731288	10731643	1
4331646	4331643	1
10077995	10078021	1
11915278	11915277	1
10926872	10927754	1
2834521	2835333	1
9898252	9898249	1
3986177	3985865	4
5713859	5713860	1
7023165	7023166	1
592920	592919	1
3206886	3206778	1
3757136	3757135	1
6164840	6164843	1
1200795	1395840	1
12547363	12546758	1
2859726	2859725	1
3168324	3168319	1
2375860	2375859	2
11593064	11593063	2
2228042	2020723	2
11673048	11673047	1
5134316	5134315	1
7007680	8887970	1
3692289	3692290	3
6041116	6041129	2
7408365	7408366	1
3591353	3591296	1
6434512	6434509	1
6021987	6021988	1
1259234	1281058	1
6544068	6544067	1
7009594	7009756	1
3107782	3110189	1
6891160	6970782	1
1893638	1893705	1
3355904	3355903	1
2773545	12034759	1
5020254	5020272	2
7827712	7827729	1
12334805	12334806	1
3867277	3867278	2
9265186	9265185	1
8824609	8824612	1
9138290	9138289	1
428997	433310	1
7725079	5970821	1
12175035	12176853	1
8627860	8633369	1
3311599	3311202	1
8082119	8084020	1
7530889	7530608	1
12777626	12777663	1
11310955	11310958	2
2786327	2786328	2
7446375	7446303	1
12013871	12013863	1
9692938	9692971	1
3564975	3565882	2
6106459	6106460	1
6474539	6474540	1
856622	856621	1
1584319	1584322	1
7423534	7423773	1
1548948	1548708	1
10351142	10351141	1
8182860	8183283	1
1755713	1755714	1
11711371	11711374	1
4269246	4267857	1
793647	793648	1
8555348	8555345	1
6631553	6633997	1
11325232	11324904	1
10565356	10565355	1
11591633	11393300	1
8652554	8751030	2
8041252	8041325	1
9149916	9149915	3
10211854	10211845	1
12186171	12186172	1
10572260	10572259	1
8866517	8866518	1
7625074	7625073	1
7392558	8564284	1
7728739	7728822	1
5249047	5249048	1
3015392	3015380	1
6111345	6111348	1
1882444	1882447	1
12558892	12558891	1
8802192	8802191	1
8529044	8528545	1
1466832	1466831	2
7353630	7351813	1
833825	833826	2
41561	41562	1
11853645	11852006	1
2654008	2649735	1
4412443	7679034	1
5141655	5144064	1
8951890	8951889	1
5336302	5336301	1
6198005	6196543	2
9906962	9906959	1
11589682	11589752	2
10456130	10456136	1
12051842	12051985	1
9473644	9473643	1
7248476	7242100	1
10451618	10451621	1
1926198	1926197	1
8923468	8923460	1
1033129	1033147	1
12198943	12198956	1
9065236	9065235	1
6421652	6420146	1
10824380	7594950	3
177577	177089	1
11450151	11452898	1
6677389	6678138	1
4868998	10341077	1
6270	6267	2
7934548	7934517	2
6751238	6751237	1
6754864	6809975	1
2938311	2938016	1
12334447	12334448	1
1725596	1725595	1
12676672	12676710	1
8755776	8749130	1
4301013	4301072	1
6490487	6490802	1
9165021	9164961	1
10629078	10629073	1
3279145	3279146	2
10301727	10302104	1
4135089	4134903	1
2019912	2019867	1
10777150	10777177	1
12030126	12029880	1
8230828	8230859	1
7001078	7001077	1
11476101	11476102	2
4137354	4137353	3
1759309	1759313	1
9496525	9496526	2
12715083	12715084	1
8398348	8398347	1
9465977	9465978	1
153758	155367	1
4609403	4609404	1
11149306	11160836	1
9965668	9955706	1
184943	184944	1
444719	444569	1
8573475	8573995	1
691954	691953	1
4750886	4739333	1
7669554	9928134	1
10080907	10080910	2
11717972	11717971	1
6203837	6203832	1
6016646	6016645	3
254922	254341	1
9081617	9081520	1
994678	1117716	1
8234523	8366916	1
3993908	3993907	1
5588784	5651266	1
249647	249648	1
1959335	1959337	1
4073962	11247374	1
4417501	4599336	1
8708450	8710330	1
11005776	11005781	1
3313823	3313824	2
12151878	12652381	1
8239722	8240193	1
6551984	5586853	1
7278499	7278502	1
2495602	2495599	1
2263450	10184227	1
4108078	4108013	1
10217694	10173013	1
1904595	1907036	1
7799921	7799853	1
7278801	7278802	1
3461079	3461080	1
7172962	782825	1
10986317	10986328	1
748513	748514	1
10992969	10992858	1
11336636	11338877	1
10420215	10698455	1
6500587	6500004	2
9857934	9858118	1
1970564	1970569	1
10803303	10797890	1
2147974	2147996	2
7281293	7280548	1
4148597	4148598	2
8719401	8719402	2
8851484	8851479	1
10418443	9488189	1
8106425	8106126	1
6789510	6789551	1
5100192	5100191	1
2785154	2785153	1
10736030	10736029	1
7634811	7634812	1
9257255	9257236	1
1032714	1032713	1
6984040	6984039	3
5115315	5115007	1
2372087	2372088	1
6931405	6930606	1
766823	760061	1
6592641	6592646	1
11680496	7093277	1
6537618	6537677	2
11773371	11773789	1
4086292	4086291	1
9030385	9063343	2
4339993	4339994	1
2876397	2877833	1
6109643	6109435	1
5136364	5136056	1
6969567	6969568	1
11319113	11319098	2
11750271	11750262	1
6233536	6233587	2
11582679	11582680	1
4137081	4137082	1
12485868	12485865	1
8442470	8442467	1
6939526	6939529	1
2640893	2640937	1
2610150	2610149	1
11550994	11550991	1
11275196	11275195	1
3210031	3210032	1
3884491	3884492	1
7603274	7603572	1
11455339	11454384	1
12041574	12041571	1
8347587	8347494	1
6567247	6567260	2
985382	985365	1
1717915	3357420	1
4065239	4065240	1
5136276	5134723	1
1593466	1593248	3
4835700	4825227	3
10756155	10756207	1
5520174	5520173	1
4125484	11639820	1
8446767	4349918	2
2166654	2167016	2
3520767	3520768	3
11868736	11868728	1
7554184	7554183	1
5648193	5647222	2
9829483	9829484	1
6897237	6897262	1
4149761	4149762	1
9861361	9861291	1
3601296	3601298	1
6640366	6640156	1
3248713	3248714	2
4174774	4174773	1
6591513	6591582	1
11558101	11558102	1
5879441	5883209	1
9429193	9329707	1
7135404	7135438	1
4106747	4104598	1
6543408	6543415	1
9129561	9129562	1
10377049	10354521	1
10325571	10325572	1
8442466	8442465	1
8952189	11490376	1
3833143	3832848	1
1975002	1974982	1
11515732	11515731	1
10177891	10173482	1
2784081	2784082	1
9658918	9658917	1
1748810	1748809	1
12675186	12675185	1
7720810	7721835	1
6908324	6908323	1
8720414	8720413	4
8290369	8290370	1
5286070	5286069	1
6222801	6222929	2
786033	786039	1
4145703	4284563	1
5927330	5927329	1
10626333	10626334	2
1668725	1669411	1
7836377	7836386	1
5507165	5512271	1
2784033	2784034	1
12210767	12210100	1
12419550	12419549	1
9087047	12342504	2
4036097	4036098	1
11572828	11572827	1
3635753	3635828	1
1620133	1620138	1
10702788	10756728	1
672328	672099	1
8162801	8162392	1
6027029	6027131	1
10988507	10988508	1
10904271	10904272	1
8400076	8399434	1
11600536	11551948	1
7350846	7350845	1
5634936	5634932	1
4915378	4915377	1
9060484	9060625	3
9796275	9796356	1
6721108	9541833	1
7016433	7017385	1
9008430	9008429	1
2778501	2778502	1
4735285	4735927	1
5480723	5816629	1
6336714	6337704	1
7166709	7166710	2
11739915	11739916	1
5163340	5159902	1
7467091	7467036	1
1576382	1576381	1
10656500	10701489	1
4698083	4698084	1
3402443	3399555	2
964240	6998689	1
285141	274363	1
2278974	2278979	1
1183420	11353705	1
3442251	3443588	1
2205187	2205188	3
3496223	3496224	1
5481165	5481146	2
5897897	5894595	2
2835736	2835733	1
9328468	5592677	1
9538507	9538508	1
4792502	4792480	1
5460772	5460766	1
9533081	9533082	1
938711	938712	1
7594281	7594284	1
12500931	12500932	1
2237580	2237579	1
6242981	6241651	1
2759520	2759519	1
387319	387320	1
7506854	7499182	1
4138450	4138449	1
2243899	2243900	1
11542504	11544914	1
7844044	7844043	2
10408671	10408672	1
12178484	12178483	1
12032415	11961523	1
11615623	11615624	1
4321926	4321925	1
2808440	2808439	1
8795021	8795024	1
5727976	5727975	1
2969822	2969821	2
8507442	8507441	1
3800606	3800321	1
5755802	5755801	1
10883697	10883698	1
879475	651184	1
3738886	3739866	1
10837765	10837768	1
6944507	6932178	1
8951333	8951334	2
10640731	10640784	1
11752178	11752177	1
6479222	6479221	1
200023	200024	1
12380754	12380742	1
3042308	3042322	2
5381130	5381129	2
5536743	5536638	1
8301029	8301032	1
2118982	2118981	1
6568997	6569514	3
11522111	11521382	1
5109994	5109993	1
59845	59846	1
4857221	4857222	1
3700932	3422364	1
10061137	10061138	1
1085927	5648842	1
8047244	8047241	1
11803535	11804085	1
2867014	2866952	1
10558527	10558528	1
7131995	5168987	1
10858609	10858595	1
8784507	8784510	1
3966876	3967910	1
7757339	7757344	1
7846596	7846830	1
898501	898502	1
11494352	11494351	1
2811902	2811822	2
10854144	10854831	1
1341372	1341371	1
1452994	1452958	2
12482439	12263870	1
6808331	6809951	1
7633231	7633232	1
5132105	5132106	2
2278004	2277305	2
4087511	4087512	3
12041327	12041328	1
6023396	6025953	1
4278128	4278127	1
3090578	3090577	1
6547907	6547908	1
6171073	6171074	1
3928689	3928690	1
4845817	4845818	1
447381	447540	1
5534795	5534796	2
12259716	12118853	1
7683396	7683756	1
6446760	6441653	1
5514986	5514985	1
7555258	7555141	2
8920870	4139638	1
2582435	2614089	1
9555685	9555566	1
8926065	8926066	1
8887357	8896607	1
8308377	8308378	1
4305777	4305778	1
7455293	12029202	2
12458927	12458928	1
11421262	11421717	2
686305	686306	2
1617712	1617711	1
11828635	11828636	1
9577887	9568080	1
10818700	10887308	2
3500680	10208138	1
1973704	1973477	2
9395428	9395500	1
4469430	4469429	1
12693114	12693113	1
2649248	2649247	2
6091370	6091367	1
11342083	11343542	1
1733479	1733480	1
1058805	1058806	1
9283891	6342584	1
6866216	6866215	1
8497930	8398001	1
8869382	8869043	3
7978081	7978077	1
8918989	8918480	2
7012281	7012282	1
588516	10801290	1
7239397	7239418	1
3803172	3803171	1
4859841	4859842	1
4189458	4189477	1
9019261	9019227	1
3108617	3108612	2
4864668	4864667	1
5516417	5515859	1
5427935	5427996	1
8164298	8164297	1
823709	823724	1
8860020	10443455	1
10472120	10472119	2
1913980	1914001	1
4105615	4105616	1
5489313	5489314	2
3020201	3020202	1
3360861	3360837	1
3506025	2055188	3
7090936	11681314	1
2190792	2190791	1
11262114	11262113	1
11915239	11915251	1
7375347	7202038	1
3550289	11388130	1
3966879	3966890	2
10649612	10654960	1
646974	646973	1
8798200	8798199	1
3733604	3733603	1
7818159	7818160	3
11230194	11230193	1
3694371	1826191	1
12625040	12624910	1
6525033	6524033	2
8038464	8038463	2
3152449	3233142	1
2521590	2521589	1
10230231	10230232	1
4581636	4581635	1
6812628	6815965	1
3966845	3966847	1
10460661	10460232	1
4422009	4395136	1
4386550	4386549	2
2228096	2228103	1
6685604	6685603	1
10566749	10566836	1
4112537	4112538	1
7299669	7299670	1
5930338	8960882	1
11764515	11764516	1
9354935	9353812	1
8539721	8600733	1
519169	519170	1
11751206	11751203	1
9712617	9712618	1
10717823	10717829	1
3537407	3537408	2
9572820	9574199	1
1107651	1108133	1
11615208	11615207	1
4438762	10796697	1
11263358	11263362	1
10500318	10500317	1
2809637	2808303	1
9062078	9062077	1
11353969	11348002	1
6674979	6674975	5
8654440	8654439	1
2169885	2169902	1
11627589	11647693	2
4489131	4375241	1
5626752	5626895	1
995732	966502	1
386799	386823	1
4607308	4554761	2
7620482	7620481	1
10775967	10775974	1
7525560	8837334	3
7108011	7108012	1
7776531	7776532	1
11535816	11539851	1
9792349	9792350	1
1953992	1953991	1
3971929	3971930	1
9511198	9511195	1
6792162	6792161	1
10546704	10546703	1
9059547	9059548	1
5709550	5709516	1
1567894	1486189	1
7616596	7617721	1
1724562	1724561	2
6099991	6099992	1
9714756	9715805	2
2127157	2127175	1
9654177	9654178	1
8412861	8412862	1
10464022	10464646	1
7726761	7726482	1
10393077	10395209	1
6481255	6481256	1
462766	462763	1
8177846	8177868	1
11264116	11264115	1
4917638	4917637	1
8799144	8799126	1
12764242	12764241	1
6958521	6958524	1
12794985	12794986	1
8802188	8802187	2
7432090	7432213	1
590783	592460	2
5278162	5278154	3
10759152	10759151	1
9838452	9839376	1
10463385	10483140	1
6713071	6791517	1
6123152	6123151	2
10291263	10291264	1
8637338	8637337	1
4093514	4094173	1
11040637	11040620	2
4142166	4144121	1
3097284	3097287	1
12593195	12593196	1
4284226	4284225	1
12228354	12228353	1
9144978	9144977	1
12228659	12227901	2
10352475	10352476	1
7473921	4350054	1
5190140	5190139	1
249779	249782	1
8839499	8838314	1
4210112	4211411	1
3556743	3556744	1
10936938	10936937	1
679372	679377	1
698493	698496	1
12475909	12475921	1
2491047	10611296	1
11756457	11700278	1
1527245	1531215	1
10975716	10975715	2
8177400	8038465	2
10860040	10860025	2
8709126	8708910	1
11989803	11989804	1
11385474	11385494	1
3633871	3633872	1
12715872	12715946	1
10794455	10794456	1
2602271	2602705	1
5325807	5329962	1
3158495	3167737	1
2586408	6128398	1
3996991	3996985	1
11532608	11532607	1
12797295	12797296	1
11389327	1582609	1
11965778	11966057	1
6897235	6897236	1
7695104	7695103	1
7976204	7976207	1
4172703	4172879	1
8844996	8844986	2
7531316	7531315	1
6315509	6315260	1
11296474	11299016	1
8786100	8786042	1
2942063	2942064	1
10251931	10251932	1
12136180	12136177	1
7380419	7380420	1
7667960	7667959	1
2843924	2843963	1
11846038	11845823	1
6133139	6133140	2
4684590	4684957	1
8308379	8308380	1
947123	947126	1
2808337	2808272	1
11799044	11799041	1
3228671	3228621	1
4820193	4820198	1
4752403	4752313	1
8386452	8518152	2
903455	901459	1
2391122	2391119	1
12755487	12755488	1
11478291	11479006	1
12776558	12776557	1
10381797	10381802	1
9353940	9353939	1
1142147	1142148	1
12796004	12796003	1
8918343	8917699	1
8612090	8611778	1
6962482	6963762	1
8967837	8967840	1
8622225	8622226	1
8866368	8866365	1
10132997	10132963	1
9114311	9114372	1
11055368	11051807	1
4577465	4579347	3
11663281	11663284	1
10895431	10891989	1
6150296	6150309	1
398052	398083	1
12434801	12225953	1
10536500	10536499	1
4275195	4275171	1
9517900	9517882	1
1283921	1284761	1
1664134	1664133	1
11261804	11261769	1
571037	571038	1
8969047	8969073	1
4370931	6001486	1
1766645	1766633	1
7766200	7766178	1
151266	151269	1
12403445	12404359	2
3952666	3952665	1
10500625	10500587	1
4046765	4121347	1
3116614	3116037	2
3553990	3554502	1
6258681	6258684	1
10683277	10674037	1
11326522	11326521	2
6612836	6613734	1
6415178	6415171	1
525444	749875	1
730640	730639	1
5354503	2570691	1
8309987	8309988	1
706923	706924	1
9494236	9494235	1
3030329	11337022	1
1304904	1304903	2
3068178	3066277	1
3328034	3327999	1
9646933	9646921	1
7598229	7598230	1
3459682	3459681	1
5244128	5244125	1
1993219	1993220	1
4848294	4848301	1
10171218	10171314	2
5254758	5254813	1
1520090	1521398	1
4284169	4284170	2
4090360	4090357	1
9445914	9445913	1
5638148	5638147	1
6234548	6234294	1
8492555	8492556	1
4070872	4070871	1
3272118	3272117	1
7941877	7941878	1
6730704	6730711	1
10167901	10167902	1
9432430	9418150	1
7849672	5454699	1
7475073	7471034	1
123951	123952	1
5657952	5657955	1
11879711	11514982	1
1933295	1933296	1
10411258	10411748	1
5158137	5158138	1
8735472	8745698	1
11480878	11456176	2
6788026	6788263	1
2032252	2032296	1
2342436	2342435	2
925707	925710	1
12408897	12391253	1
3045693	3045694	1
10836893	10836894	1
5428911	5428954	1
10284767	10284783	1
4854671	4854672	1
10345724	10344776	1
7107418	7107417	1
3479475	3479476	1
6779497	6776009	1
525859	525860	1
7949712	7950757	1
11414451	11414452	2
6791092	6790220	1
4832978	4839211	1
9299766	9299829	1
11627545	11627546	1
12394431	12256179	2
6276043	6276013	1
4855779	4855780	2
6684687	6684688	1
3196800	3196803	1
6741195	6740955	1
6777098	6777095	1
2905185	2905186	1
6643084	6643083	2
5598414	5598413	1
2378731	2378732	1
2126426	2126431	1
8965189	8965190	1
3926325	3926318	1
12298628	12298627	1
11032395	11032948	1
202478	202477	1
891809	891810	1
11604643	11606161	1
6144674	9126496	1
4492735	4492743	1
1800725	1800726	1
949783	949786	1
7931235	7931236	2
11122408	11122407	2
6752634	6752633	1
9708625	9708626	1
12288956	12266060	2
11525024	11524993	1
1147075	1147083	1
3221364	3221363	1
7610227	7610228	1
10537922	10537921	1
668007	668015	1
1062565	1062568	1
9070011	9070012	1
3318938	3318927	1
9115999	9115249	1
4236292	4347461	1
5048777	5048778	2
34733	34734	1
6481194	6481193	2
12122191	12122175	1
10569460	10569459	1
359982	7186667	1
9599556	9599576	2
835626	835625	1
4626675	4627101	4
347655	348006	1
6515326	6515383	1
10945559	11134095	1
8766367	8766352	1
3041853	3041854	2
6502313	6502480	1
4742858	4742857	1
10192677	10192747	1
10241939	10241940	1
11665524	11665523	1
2660321	2660326	1
8514483	8514486	1
271501	271502	1
3026349	3026341	1
11011641	11011642	1
12532693	12535439	2
7214890	7214889	1
9148070	4799032	1
10193711	10193712	1
6120680	6120679	1
10706344	10625089	1
12054450	12054449	1
6269474	6269467	1
10572260	10572257	1
6801406	6750202	1
5099756	5099514	1
10904017	10904018	1
7691144	7691192	2
12663483	12663484	1
4607367	4607368	1
7641590	7643731	1
3259449	11847356	1
2622452	2622364	1
11916405	11916406	1
8088811	8088814	1
3698179	3698180	1
12773756	12773799	1
8565082	8565081	1
11796898	11796897	1
6333923	6333924	2
10397974	10397973	1
3369688	3369687	1
11651327	11651328	2
4063269	4043237	1
6920021	1572325	1
10759300	10759297	1
10186044	10187506	1
3972281	3972282	2
30934	30964	1
5071318	5071296	1
7933600	7933599	1
11405566	11404285	1
9508260	9508100	1
4585657	4584123	1
11924716	11827977	2
5120339	5120276	1
7810413	7810414	1
6429456	6429713	1
10985255	10985256	1
1248434	1248431	1
11670431	11670432	2
9573625	9573610	1
11453960	11453959	2
10919852	10919849	1
12405820	12405773	1
7001249	7001250	1
9374533	9374626	2
11122606	11122605	1
1326415	1331513	1
8574529	8574530	1
2832064	2832063	1
7371068	7393503	2
3863671	3863629	1
6679516	6679515	2
1258231	901908	1
5667110	5670219	1
4817427	4809932	1
7721918	7725782	1
10764843	8866824	1
9711916	9711909	1
5445580	5445577	1
7918233	7918236	3
9724837	9720001	1
9571131	9571132	2
8816845	8816846	1
7738117	7738118	1
581442	579871	1
11154193	11154194	1
11681229	11681230	1
4989638	4989637	1
11384129	11384130	1
7723064	7721820	1
8033963	8033999	3
6581727	6581728	1
702387	813348	1
1993425	1993426	1
10012203	10012204	1
6106457	6106458	1
8860472	8860471	1
10117009	10117000	2
5225251	5225219	1
10135656	10135655	1
7782991	7782998	1
1021922	1021921	1
7820583	7820584	1
8471809	8151789	1
2579561	2579562	1
10837953	8788327	1
11551703	11552165	1
6279114	6279113	2
5731513	5731514	2
6081081	6081082	1
1931031	1931130	1
10769845	10769854	1
9419530	9419515	1
4878999	4877641	1
4177510	4177509	1
10484315	10486971	1
8777744	8777743	1
1390505	1314856	2
3969011	2839014	1
2152605	2152606	2
11553363	6038866	1
8828933	8828934	1
8418124	8417056	1
10762756	10762755	1
11825714	11825711	2
5382543	5382544	1
4017818	4017927	1
3888285	3903466	1
12776560	12776559	1
1602616	9762078	1
7864726	7864723	1
12604023	12604362	1
10906551	10906552	1
8776571	7476661	2
2211046	2211278	1
7589773	7589774	3
2069929	2069930	1
3206722	3206733	1
6750917	6752792	1
8758169	8758170	2
2842756	3996522	1
8705809	8705810	1
12155505	12155506	1
5406350	5406349	1
5006104	5006324	1
6540073	6737836	1
2456053	2455659	2
10018526	9832811	1
2374188	2371940	1
9316564	9316757	1
8095562	8096114	1
3482805	3482806	1
2089250	2089247	1
12144941	12144944	1
1301291	1301274	1
10414330	11842599	1
11518159	11518107	1
3554214	3554213	1
2573471	2573472	1
6362132	8167549	1
9425467	9424796	1
7649381	7649373	3
8327738	8325931	1
2230517	2230518	1
10065969	10065970	1
10799209	10890507	1
8836822	8836830	2
3223932	3223931	3
46042	46041	1
2807553	2807516	1
693932	693931	2
11234045	11234046	1
11717377	11717331	1
879475	651186	1
1619638	3862181	1
10334557	10334558	1
11577132	11449917	1
4435198	6050261	1
9095570	9095569	2
7176235	7175972	1
11851724	11851723	1
9005104	9005103	1
10983996	10984119	1
8348282	8348040	1
5443400	5443397	1
5338849	5293864	1
11627283	11627284	1
5924744	5924743	1
8523454	8523453	1
3098377	3098378	1
7087901	7087887	1
12678343	11329396	1
10143610	10143609	1
8808695	8808696	1
9677136	9677139	1
6684845	6753714	2
12303014	12303674	1
110408	111536	1
11398782	8766793	1
1325106	1325105	1
7379307	7379308	3
5884114	5879984	1
7925401	7925404	1
6977035	6977995	2
6371485	6371474	2
9468321	9468512	1
3149444	3149443	2
4867011	4867012	1
9537778	9537775	1
8061966	8061993	1
5942370	5942363	1
8389288	8389273	2
11333398	11333395	1
8229483	8229934	1
1337925	1337926	1
7388183	7388186	1
5533519	5533520	1
11586710	11586709	1
4715120	4715117	1
12601045	12601046	1
3886383	10682307	1
9311624	9311678	1
6704359	6704367	1
5963742	5963741	1
19077	19078	1
2252270	2252269	1
1598057	1598060	1
11557758	11557788	2
6189429	6189430	1
12277416	12277413	1
7969227	7969228	1
9537778	9537777	1
10707438	10707437	1
9323826	1406541	1
927274	774292	1
3110094	3110091	1
6317097	6317098	1
1353011	1353012	1
1683724	1683106	1
11687568	11678416	2
6501108	6501134	1
9867045	9871106	1
8917475	8917476	1
11800108	11802392	1
10210000	10209999	1
888165	888170	1
11110612	11110611	1
10107629	10108157	1
9335015	9335016	3
3281909	3281910	2
2403880	10795037	1
5957980	5957979	1
4419144	4418954	1
306177	306185	1
4344509	4344483	3
6323362	6323361	1
3173391	3173378	1
3909899	2962116	1
8465513	12034154	2
12477704	12477673	1
11403405	11403406	2
1631169	1631051	2
4066579	4066582	1
12124002	12124001	1
11152280	10995350	2
12553371	12553374	1
3397112	3397063	1
4702614	6000197	1
918033	765496	2
2926751	2930245	2
183434	183571	1
8648658	8648655	1
3196019	3196020	1
10906550	10906549	1
2950753	2950754	1
11641427	11641428	1
12047022	12047019	1
2478937	2478938	1
407655	7049870	1
8893076	8894088	1
12346492	12346491	1
2921050	11460932	1
5567545	1726308	1
5529989	5529820	1
11183890	11183596	1
2174357	2173451	1
4437328	4436034	1
11220171	11220172	1
3854063	3854064	1
6959217	6959164	1
4273088	4273087	1
9473642	9473641	1
2124659	2124660	1
3879089	3879090	2
2655685	2655764	2
3899948	3899981	1
10159985	10159986	1
380877	378891	1
3941531	3941532	1
7361145	7361094	1
12635798	12636086	1
3513442	3513441	1
9765489	9765494	1
10444509	10443701	1
8478176	8478175	1
11674046	7273165	1
2235887	2235601	1
7744527	7744528	2
7382078	7431809	1
794354	795464	1
1787507	1787508	5
2701365	2701354	2
2990683	2990684	1
4025373	12799246	1
9487982	9483893	3
3283891	3283892	1
617027	618578	1
8970302	8972260	1
11339024	7047914	1
1553243	1553252	3
12028714	12028713	1
3166469	3166470	1
5281896	5492034	2
12014815	12016142	1
966227	966228	1
12370441	12370442	1
6946334	6946333	2
6333911	6333912	1
4013309	4013344	1
10583458	10583457	1
1104558	1104826	1
6740236	6740297	1
675726	671409	1
7739685	7739690	1
1837007	1837008	1
6751985	6751986	1
2328408	2328407	1
1685695	1685755	1
3632028	3632027	1
1682959	1682883	1
73177	73178	1
10454037	10454038	1
2652375	2652376	1
2164099	2209885	1
6030746	6030745	1
2960843	2960844	1
8826908	8826919	1
11195520	11195519	1
432407	432408	1
288416	282936	1
6618910	6618909	1
9860653	9860666	1
9167088	9166403	1
2316396	2316917	1
10570932	288213	1
7183417	7177546	1
1834193	1834194	1
10233148	10233553	1
4262815	4262816	1
8959086	8959085	2
11536062	11806571	2
8703495	8704174	1
470313	470253	2
1597386	5334910	1
3715064	3715063	1
9310105	9310106	1
11909573	11909549	1
644705	644708	1
7844693	7844727	1
1076442	1076326	2
9126527	9126528	1
1519990	1521459	1
5875390	5875426	1
1844706	2020163	1
3345393	3345394	2
12454563	12454564	2
422395	422396	1
9067913	9067914	1
4107373	4107374	1
12274042	12274041	1
359032	358687	1
10777578	10777585	1
11660425	11660420	1
9118188	9117880	1
7389959	7389960	1
3196832	3196831	1
6487761	6489750	1
3371743	3371836	2
11907352	11907349	1
591491	591494	1
7232844	7232843	1
3834771	3834772	2
6426716	6426715	1
3247936	3247935	1
6388115	6388066	1
9974130	9974127	1
599310	599309	1
9786249	9786250	2
5730575	5730576	2
571033	571036	1
9098496	9098544	1
5247920	5247919	1
9780890	9780889	2
8641179	8641182	1
7873223	7873192	2
11284683	11284684	1
8583564	8584814	1
2148182	2148181	1
7953397	7953398	1
11239194	11239294	1
4847879	4849304	1
7650710	7650709	1
4836592	4836594	1
4202017	4202018	1
2089815	2089816	2
11308109	11306155	1
1146215	6957439	1
400254	400304	1
751466	751465	1
8616936	8616933	1
10316847	10316037	1
5473536	10267116	1
7933784	7773877	1
12512919	12512920	1
9503804	9503803	1
10248286	10433489	1
11508504	11508503	1
836978	836936	1
11670729	11879194	2
10312242	10312241	1
10744170	10744880	1
5454407	5454365	1
6933916	6934123	1
7183119	1715239	1
3323361	3323256	1
11435524	11435523	1
7300612	7300581	1
6200378	6201427	1
8890593	8890594	1
847085	847375	1
2784594	2784593	1
7827728	7827727	1
8579326	8579325	1
9054730	9054729	1
7184523	1715376	1
11176016	11176015	1
22243	22244	1
12615344	12615343	2
9510157	9510158	1
4070201	10491636	2
5546644	5546903	2
4810246	4810229	1
3376837	3376838	1
2538424	2538046	2
7054683	7054684	1
7692455	7692589	2
11908823	11908826	2
7060208	7060205	1
11652764	11650660	1
10903637	10903638	3
462903	462904	1
11814626	11814625	1
9094402	9094401	1
7050511	7052232	1
5868678	5868674	3
6817109	6817110	2
12233852	12233844	1
11102132	11109841	2
6180545	6180983	1
6781703	6781718	2
11565116	11565115	2
4020314	4018354	1
7961326	7961506	1
169104	169103	1
1266007	1266008	1
789045	789046	2
8465076	8465289	1
5473002	5472999	1
7928881	7929518	2
2985762	2985761	1
11398191	11398192	1
21421	21396	1
7653692	7656109	1
11621045	11622888	1
2538640	2538637	2
9590489	9590490	1
8577829	8577830	2
2317790	2376588	2
7550120	7550119	1
3488379	3488311	2
9995943	9995944	1
10268456	10268816	1
98715	98716	1
11179097	11179100	1
7827991	7828008	3
8409383	8407491	1
3126346	3125857	1
4433454	4433453	1
12363740	12363735	1
12672093	12673206	1
11252429	11252430	1
11536719	11536720	1
3273952	3273433	1
8758261	8758262	1
2909127	2993847	1
11132056	11132049	1
2346991	2347304	1
8997914	8997913	1
9008968	9008967	1
12390669	12390703	2
1763165	1763166	1
10372136	10370795	1
9531055	9531060	1
8820268	8820267	1
8024506	8024503	1
11333203	11334672	2
722176	722258	1
3979322	3979325	1
5581501	5581502	1
8951884	8951881	1
1917170	1917169	1
7336627	7336628	2
8316921	8316922	1
9135769	9134116	1
348382	348816	1
9285160	2763029	1
5441730	5441741	1
4609337	4609338	1
2352845	2352634	1
9159377	9036947	1
2840166	2840165	1
892906	892903	1
11917846	11918892	1
11254929	11255271	1
8395662	8395901	1
7726308	7726486	1
5419605	5312385	1
10457355	10456253	1
10933037	10933038	1
6198449	6198450	1
5165979	5165980	1
9503395	9503396	1
9260603	9260604	1
10753869	10753870	1
9617932	9618165	1
7465502	7465501	1
8470358	8470357	1
1404341	1404342	1
10436860	10436929	1
10483682	10483644	1
10041467	10041482	2
4073611	4073580	1
1777575	3392400	2
908294	908293	1
1106701	1106702	1
6503830	6503829	1
6524771	6510621	1
12203254	12203273	1
9867987	9867988	1
6126011	6126014	1
6263	6271	2
10533152	10533155	1
10063330	9948471	1
10760241	10760242	2
10183027	10183028	1
9539020	9539019	1
1585131	1585132	1
7140364	7137396	2
4749107	4749355	1
3292023	3305905	1
4798109	4798110	1
5152501	5152463	1
7579663	7579664	2
2777070	2777046	1
6475404	6475403	2
10715704	10715703	1
8848107	8848108	1
8830075	8830246	1
4799718	4799717	1
10244844	10244843	1
7572911	7572925	1
3116312	3116311	2
11280826	11279427	1
8982433	8982434	1
1200376	1199938	1
5443272	5443271	2
5598412	5598676	1
5766635	5766636	1
2593786	2593783	1
1877445	1877435	1
6965335	6965386	1
349577	349578	2
5748936	5747873	1
3112831	3112790	1
6560535	6560536	1
9543291	9543292	1
5443102	5443170	1
11806205	11897818	1
11385008	8906977	1
6027246	6028041	1
2492925	2493083	1
2948204	2846896	1
6055742	6116170	1
10929498	10929497	1
2701019	2701020	1
5989297	5989330	1
4840256	7995783	1
139999	140000	1
6052369	6052370	2
5895462	5895669	2
4284694	4282841	1
5356676	5464130	1
12183858	12183857	1
1281223	1281224	2
4193459	4193460	1
11860512	11860511	2
4618337	4618332	1
9918134	9918133	1
9937028	9932435	1
12338885	12337412	1
9475910	9478396	2
3953624	3953623	1
4713342	12462354	1
11722561	11722557	1
8724525	8786912	1
11850929	11850930	1
10578068	10578067	1
6596373	6596376	1
766450	766449	1
1503883	1503884	1
10026047	10026048	1
12239972	12239810	1
10192744	10192671	2
5884741	5884755	1
12576545	12262239	3
7005954	7005953	2
9237797	9253565	2
3215342	3215341	1
11444624	11444680	2
899931	899783	1
10946753	10946754	2
2551128	2551127	1
6704875	6704876	1
12764266	12764265	1
1894205	1894231	1
10642209	10642212	1
10075219	2339122	2
3193049	3210963	1
8234402	8234398	2
10291816	10292909	1
374007	374008	2
9363085	9363086	1
1072139	1072199	1
4753483	4753484	2
5158976	5158975	1
3668949	3668935	1
5412328	5412394	1
6095467	6095468	2
10471755	10512579	2
4137495	6844267	1
4846571	4846542	1
9231957	9231765	2
3294835	3294513	2
7567686	7567685	1
11446131	11445900	3
11989591	11989592	1
9063428	9065097	1
7779825	7780425	1
5536248	5536251	1
626869	626870	1
3487390	3487389	1
11977946	11977945	1
9038223	9038224	1
7888171	7888172	1
7997230	7997388	1
7982407	7984580	1
6015921	6015861	1
10171509	10171479	1
3412768	3412644	1
6393005	6393006	1
10961713	10961714	1
9087391	9087355	1
5507848	5507846	1
3485597	3485286	1
5957978	5957977	1
3748748	3748747	1
2348971	2348413	1
3418856	3418782	1
1032610	1032607	4
11545382	11544786	1
3250315	3250316	2
6175425	6176532	1
7046684	7046683	1
900495	900496	1
3019435	3020451	1
9499249	9499327	1
2039772	2039771	2
6159898	6159897	1
2124896	2124891	1
4332734	4332733	1
8554877	8554944	1
2150265	2150281	1
619167	620035	1
1359711	1359265	1
841441	842075	1
10439946	10439943	1
1927462	1927719	2
10526847	10526852	1
11181787	11174412	2
3200082	3200081	1
2939547	2939548	1
2001250	2001230	1
5163797	5164000	3
2170796	2171609	2
9573597	9573588	1
10284823	10284868	1
11130958	11130988	2
5667101	5667102	1
8200274	8197884	1
12207395	12206103	4
5267043	5267044	1
4702777	4702778	1
6064346	9108833	1
4355861	4355862	1
30770	30767	1
7893042	7893041	1
12212216	12137076	1
2561195	2561191	1
3865672	3865671	2
8824043	8824044	1
11283917	11283918	1
5340442	5340734	1
6908093	6908094	1
1704387	1704388	1
10230523	10230472	1
7450300	7450305	2
10114622	10114621	1
7109192	7151710	1
3889659	3889388	1
7696046	7696043	2
6555518	6555517	1
11688430	11688427	1
4991714	4991717	1
9482749	9482750	1
7911387	7911388	1
5430869	5430870	2
3247579	3247580	1
10265959	10265960	1
3011878	3011923	1
5588784	5651268	2
10443197	12163485	1
1772163	1772164	1
341744	335447	4
11721014	11721810	2
11532610	11532609	1
9266389	9266390	1
9946284	9946281	1
9802460	9802459	1
5363664	5363659	2
8369611	8368503	2
3998544	3998543	1
12235	12236	1
11119014	7378962	1
66126	66121	1
2441583	2441584	1
734293	739078	1
6595843	6595844	1
12237872	12237871	1
11729567	11729568	1
3493084	3493079	1
3288511	3288512	1
7005054	7005051	1
9510353	9510354	1
11000680	10999861	1
8029935	8029936	1
9932960	9932959	1
2243259	2243255	1
12731297	12731263	1
11916880	11920549	2
11284675	11284678	2
5385580	5385579	1
11593080	11593077	1
10989960	10989957	1
7735946	7735943	3
8766345	8764439	1
12522951	12522952	1
4633489	4633453	1
2095585	2096587	2
6929335	6929336	1
1040599	1045034	1
11743739	11740002	1
8071094	8071093	1
1062154	1062153	1
673670	673669	1
12797879	12798369	1
147149	148468	1
6125262	6125259	1
7366127	7366128	1
4501731	4501725	1
4284774	4284773	1
5456837	5394720	1
2418043	2418044	1
6909021	6908240	1
11506620	11507216	1
3155251	3155252	1
7085057	7085579	2
898818	898815	2
1582691	1582694	1
7198950	7198949	1
11279010	11280946	1
2040839	2040310	1
6074335	6028584	1
7771798	7771780	1
2005440	2005399	1
7079962	7081869	1
1783219	1783220	1
11916836	11815868	1
6321890	6321887	1
11388982	11388981	2
4086112	4085895	1
2053567	2053568	1
451882	449836	1
3962550	11372531	3
11374213	11374919	1
12452503	12452504	1
5242703	5242704	1
8022286	8022285	1
244755	244270	1
8404042	8404041	1
9586391	9586392	1
4134040	4134115	1
12478138	12478141	1
3282559	3283246	1
2988931	2988932	1
12164629	12164899	1
6416509	6416510	1
11438420	11438399	1
3557363	3557364	1
10077022	10077021	1
10780622	5675898	1
6648364	6648357	1
10320517	10331598	1
10819756	7548514	1
2596909	2596824	2
5900173	5899686	1
821877	821878	1
9051762	9051759	1
11394573	11394057	1
1590254	1590358	1
2363613	2363614	1
7143003	7143008	2
8968508	8968505	1
11581206	11580072	2
7472006	7472005	1
4491423	4491426	1
8753639	8762907	1
11445515	11445565	1
8103535	8103528	1
8890409	8890410	1
3141788	11478558	1
329425	329426	1
4586568	4586567	1
10298107	10298110	1
1983903	1983983	1
2830947	3117630	2
10041497	10041498	1
12527277	12527278	1
6248406	6248405	1
2585389	2583572	1
11081571	11103808	1
596834	573373	2
5557484	5557483	1
2033696	2033695	2
6101544	6199864	1
6127833	6127836	1
4496083	4448453	2
7889855	7889856	1
5840317	5840318	1
8731391	8731394	1
7295886	810029	2
1006005	1006002	1
12742067	12741929	1
3299807	3299808	1
5411960	5411959	1
9251753	9251774	1
772295	772296	1
4446478	4444546	1
7009757	7009758	1
7446293	7446294	1
1277356	1277353	1
1930227	1930228	1
4612246	4611181	1
3203867	3203949	2
3420832	3420831	1
6814552	6494966	1
5087659	5087934	2
6652942	6652548	1
320221	320222	1
8339769	8340010	1
10904019	10904020	1
5134314	5134313	1
5885909	5887778	1
10811771	10811772	1
1922372	1922371	1
891577	891578	1
4587852	4560671	1
8632530	8632525	1
10202975	10198374	1
10292252	10292251	1
2371020	2371006	1
10911990	10910087	1
4131040	4131034	1
11656697	11656698	2
1292914	1292992	1
2035002	2035001	1
2312141	6432415	1
1767948	1767913	1
11260412	11260429	2
8833356	8833355	1
2009441	2009442	1
4043794	3141803	1
1481353	1481354	1
8206481	8206482	1
827258	827261	1
5543780	5543779	1
5238399	5238400	2
6697264	6697263	2
5981075	5981076	1
4124624	4124623	1
7696021	7696038	1
2921242	2921241	1
3628821	18892	1
10302479	10302480	1
2338775	2338776	1
7926160	7926163	1
10706603	10706604	2
1432446	1432445	1
4427970	4427969	1
4551126	4551125	2
10838079	10836262	1
4255407	4255410	1
3705499	10344777	1
10411617	10411618	1
6806328	6805463	1
1076513	1076330	2
4535562	4535561	1
10265261	10265262	1
6651539	6651525	1
11593372	11592739	1
3337746	3168033	1
4214854	4214266	2
6678746	6678745	2
971427	971428	1
2635690	2635687	1
10988209	10988210	1
8755208	8755207	1
12805756	12805883	1
8398030	8398010	1
6421441	6421442	1
9311376	9311373	1
2669347	2669348	1
10431549	10431550	2
656657	655472	2
5037124	5037493	1
10821198	10821201	1
8940971	11577350	1
7708450	7708447	1
296109	296110	1
7003783	7003784	1
4659940	4659887	1
3124794	3124793	1
7849429	7849430	1
4656558	4659582	2
10385315	10385286	1
3857494	3857493	1
4391848	4391814	1
7168242	7168307	2
11472196	11471770	1
11677799	11677800	1
4812284	4812307	2
2350273	2350391	1
8975053	8975054	1
10366429	10366420	1
12599776	12260169	2
6178753	6178696	1
1088871	1087239	1
6850234	6973135	1
11831317	11831318	2
293093	293094	1
10985331	10985332	2
8690114	8690192	2
9844120	9844119	2
10921305	10921308	1
8424813	8424814	1
10714878	10714877	1
5609350	5609349	1
5219892	5219839	1
10202398	10202397	1
1595614	1595613	1
7126081	7126082	1
8573208	6743072	1
2064455	2059966	1
965409	965410	1
7402022	7399678	1
11728137	11698111	1
4822221	4815369	1
10991755	10991752	1
5490376	1646354	1
747707	747730	1
2169170	2169181	2
128652	119198	2
6117904	6117903	1
7870602	7868034	1
1728533	1728534	1
3880519	3880528	1
2885473	2884436	1
7423530	7423529	1
1460023	1460026	2
5656884	5656846	1
10634479	10634480	1
3733844	3733803	1
2888673	2888674	1
10676615	10676608	1
12200829	12200834	1
1300580	1300563	1
11196545	11196546	2
2066333	2066334	1
11605321	11605322	1
12797962	12797961	1
5592201	5592206	2
7929694	7926161	1
10244251	10244252	1
9361518	9361517	1
6630278	6630277	1
5293231	5293232	1
6838916	6838943	2
814712	817892	1
6311546	6311545	1
10147420	10147419	1
4373158	4373157	1
3113793	3115583	1
6383293	6383306	1
7190627	7191727	1
4550089	6192156	4
12533960	12533959	3
12032177	12032178	1
6418168	6408463	1
8307627	8302350	1
8761879	8761850	1
12312387	12312388	2
3516633	3516634	2
7576600	7576597	2
11336943	11336946	2
2683116	2683115	1
1515414	1515413	1
9364490	9364489	1
7484117	7484118	1
11724563	11737754	1
6274025	6273686	1
8012310	8012309	1
6716064	5584994	1
42270	42903	1
7240352	7240351	2
10115002	10071473	1
8378790	8378805	1
3263687	3263688	1
11168049	11168050	1
4223245	4222632	1
11817962	11817961	2
8808619	8808211	1
553694	553693	1
8030457	8030441	2
9419175	9418882	3
10665859	10665860	1
11628292	11628291	2
10704611	10657282	1
1916795	1913983	1
3660506	3660505	1
9245432	9245431	1
2390360	2390357	1
6703668	6703694	1
3799934	3799821	1
976192	976092	1
9617497	9617498	3
2595616	2595626	1
2150547	2150367	2
11798809	11798810	1
12252905	12252906	2
10855583	10855584	2
591911	592499	1
4754749	6114915	1
284774	284771	1
9525892	9525889	2
9763481	9763482	1
847302	846704	1
7388177	7388178	1
11648500	11648497	2
6953017	6956128	1
1663992	1663984	2
3312207	3312208	1
5789992	5866343	2
9106282	9106281	1
5050467	4878133	1
1053073	1053074	1
8797882	8797881	1
3898947	3898948	1
10458807	10458789	1
2500007	2500008	1
12425076	12425075	2
4467579	4467580	1
444721	444569	2
12665307	12663813	1
10535298	10535672	1
1189523	1188984	1
5995252	5995251	2
5118512	5118509	1
11330727	11330728	2
5128242	5126564	2
3187157	3165121	1
10083964	10083963	1
4256188	4256187	1
60085	59508	1
5540048	5540051	1
11323209	11323210	1
5010525	5010541	1
4310359	4271206	1
3563184	3563418	1
12380619	12380641	1
11654671	11654672	1
6452291	6452292	1
8428532	8429424	1
6820457	6820458	2
4691128	4691127	1
3231128	3231127	1
4281802	4284380	1
5623083	5623084	1
9047128	9047127	1
2412089	2412419	1
3756310	3756309	1
1053174	1053173	1
8285957	8285850	1
7411244	7406765	1
10392598	10392574	1
1963041	1963044	1
5135463	5135464	2
6532489	6533970	1
9703159	9433220	1
2233953	2233954	1
12645956	12645955	1
1681177	1681178	1
7888171	7888104	1
4870323	4870324	1
3600449	3600450	1
585608	585607	1
1696598	1696597	1
3110628	3110627	1
3706647	3706549	1
9438941	9438986	1
8939028	8939027	1
10806448	10806427	1
1956434	1956433	1
7538784	7538559	1
4254329	4254330	1
12352780	12352779	1
2924324	2924323	1
7444781	7445925	1
6715024	6715023	1
9764478	1658302	1
5120337	5120338	1
4362497	4362498	2
10173569	10183026	2
12446752	12446751	2
6135062	6135059	1
11062283	11068909	1
939455	938907	1
5515694	5515701	1
8714781	8714782	1
8021583	8021584	1
935131	935533	1
12642828	12640880	4
4014303	4014321	1
9242523	9242524	1
1306967	1306968	1
6939528	6939527	1
11360508	11360418	1
3638625	3638562	1
7570320	7570317	1
11764433	11759786	2
133034	133033	1
12480640	12480639	1
2145739	2148601	1
9568674	1424600	1
10788003	10787612	1
11285323	11285324	1
1525369	1525370	1
3830007	3830008	1
4986399	4985918	1
619681	619682	2
10803562	10803565	1
1536821	1536822	1
7677708	4384311	1
1549849	1549852	2
12144144	12141019	1
5043585	5043586	1
1769759	1769762	1
10199595	10199596	1
834153	834176	1
4303917	4303938	1
3208838	3208657	1
4088498	4088482	1
866630	784939	2
8898484	185616	1
9325657	9324582	1
519146	519143	1
8867941	8867942	1
3682927	3682928	2
3989320	3989317	1
6748013	6745196	1
6221471	6224034	1
9158401	9158402	1
9354322	9354329	1
4829738	4829601	1
3137705	3137706	1
2157890	2158377	1
7682461	7682464	1
4704553	4704556	1
11776647	11776648	2
4802498	4802497	1
4289776	4289775	1
2529177	2529178	1
3532215	3532464	1
11368356	11368355	1
1088723	1089134	1
1134439	1134440	2
7000958	7000957	1
4310438	4310437	1
3966846	3966996	1
7326114	7326113	1
11871408	11871407	1
9551523	9551524	1
5911375	5911390	1
6429314	6429710	3
12160001	12160004	1
7421541	7408834	1
11924227	11924228	1
1753204	1753191	1
10337421	10337424	1
7622019	7622020	1
6751829	6751830	2
7749278	7749277	1
5627971	5629592	1
11557688	5659314	1
10326490	10326493	1
10325194	10325193	1
961702	961699	1
5638627	5638628	1
3236626	3236625	1
11420116	11420115	1
3570589	3570592	1
839536	839535	1
5421890	5277920	1
4278716	4278714	2
6638292	6570021	1
6205619	6205620	1
11038217	11038218	1
9437842	9437823	1
646011	540248	1
3223930	12408458	3
11270783	3030906	1
274057	478406	1
4145374	4146361	1
450848	452165	1
2484964	2485039	1
2681888	2681586	3
9621268	9621267	1
1798501	1798502	2
12808583	12811421	3
7837311	7837261	1
6722614	6723216	1
2767965	2632559	2
10787568	10787567	1
10573780	10573779	1
1231091	1231092	1
6731524	6730634	1
1076513	1076332	1
2909396	2909395	1
206781	206782	1
3215340	3215339	1
11247261	11247262	1
3524314	3524313	1
7068975	7068976	2
80191	79811	1
12200829	12199638	1
5410555	5410556	1
4722717	4722712	1
3955622	3955621	1
2541801	2541802	1
1179747	1179748	1
930993	931506	1
4525399	4525400	1
8849109	12690343	1
12147238	12147268	1
9951706	9951642	1
7901293	7901294	3
13619	14463	2
10760300	11616085	1
7366127	7366130	1
5958614	5957981	1
895804	895803	1
822757	822758	1
5507629	5507259	1
6008934	6008933	1
6973107	6973108	1
11164060	11164059	1
6488020	6487971	1
2514626	2514625	1
897277	898236	1
9483710	9538991	1
6584101	6584102	1
10789159	10789083	1
7803720	7661514	1
7794680	7794679	1
9175739	12420427	1
8922431	8921138	3
9162209	9162210	1
2330453	2328485	2
1782938	1782937	1
3803170	3803533	3
11142726	11142723	1
7899042	7899065	1
6010268	6010267	1
7033846	7033843	2
5762754	7857530	1
9488807	9293592	1
7876722	7796279	1
8490391	8490870	2
9433455	9433456	1
4280676	4279222	1
8053938	6320192	1
2179302	2420076	1
8440557	8440558	1
2256119	9976167	1
4811853	4797603	2
3358886	3357164	1
7012957	7012960	1
5844867	5845792	1
2007879	2005638	1
8971995	8971996	1
2586244	2586308	1
10453863	10453864	1
9185597	9185529	1
2725658	2725657	1
1337973	1337974	3
11332381	11332388	1
12247258	9387627	1
10601969	10731166	1
288900	288899	1
5624272	5624271	1
3247465	3925072	1
7115336	7115335	2
4231483	4310214	1
4990717	4990644	1
8165462	8165459	1
513144	513143	2
10369400	10369290	1
3563022	3563021	1
4119461	4119462	1
11694423	11694426	1
5442969	7832680	1
6135361	6135368	1
3066276	3066275	1
7184952	7184951	1
5500819	5500820	1
5154639	5154640	1
11060979	11060982	1
5764900	5764899	1
12642168	12273404	1
4478547	4478548	1
625183	832079	1
8004106	7970554	1
94227	94228	1
3250012	3250011	1
4102102	4102101	2
3086525	3086526	1
8230344	8230045	1
11192915	11192932	2
3659081	3659082	1
12237600	12229917	1
4739605	4743258	1
6109380	6109377	1
10478037	10478038	1
3717631	3717632	1
7112511	7112514	1
6528945	6529170	1
3095308	2978629	1
2057976	2058038	1
8638757	8638758	1
10292080	10292079	2
2029391	2031553	1
10730324	10730323	1
1747771	1747772	1
2119239	2119119	1
7218886	7218808	1
5688712	5689002	1
9779672	9779668	1
7590074	7590054	1
260920	252978	1
2842666	2962718	1
6276131	6276143	2
5892304	5892835	1
7881314	7891905	1
110233	110234	1
11531043	11531801	1
3701567	10378349	1
11760151	10403236	2
6094826	6094825	1
8686650	8763523	1
765633	768328	1
1714123	5516493	1
8876782	8876781	1
5674340	11436564	1
195233	195234	1
6205498	6079249	1
8735990	1963040	1
9250230	9250229	2
8887295	8887288	1
3713233	2751263	2
11528913	11528914	1
2830091	2830092	1
9346927	9346002	1
9138291	9138276	1
6795740	6795739	1
12195290	12195289	1
9776387	9776388	4
7862190	7862189	2
11275184	11275183	1
11885717	11885707	1
7280662	7280661	1
9745657	9745658	1
5117593	5117594	2
1706023	1705627	1
5346572	5346571	2
7295208	7295203	1
1778440	1778439	1
9802823	9803236	1
12279224	12279221	1
11615148	11615215	1
12368383	9002265	2
10291395	10291379	1
5102733	5102741	1
1714557	1714558	1
7810596	7809953	1
5485457	6565947	1
7513155	7513156	1
2104422	9251019	1
10653188	10654265	1
8213712	8213711	1
1666603	1663784	1
9515402	9515431	1
9041463	9041464	1
11785902	11785905	1
513740	513739	1
8755047	8755048	1
12785569	12786024	1
4412679	4412680	3
1128498	1128910	2
9985612	9985580	1
5431881	5430465	1
5310621	5310622	1
6451872	6534279	1
2081766	2083832	1
8786192	8786189	2
4509505	4509506	1
2558732	2558731	2
2005978	2005977	2
7475157	7473637	1
7673735	7673736	1
4405897	4405898	1
11029506	11029493	1
1092330	1092323	1
8329697	8329698	1
5842439	5842440	1
4289236	4289281	1
11637808	11637807	1
5747003	5746977	1
11296967	11296968	1
444431	279216	1
5482997	5483059	1
11101700	11101699	1
7947555	9107928	1
7899034	7899033	1
8513002	8515074	1
12671589	9090055	1
4189458	4189479	2
3124182	3129699	1
2123055	2123056	1
2741244	2740954	1
8033322	8033321	1
8719580	2366386	1
5210722	5210682	2
7602024	7602023	1
8281716	8281715	1
5241360	5241359	1
1076458	1076457	1
4331924	4333518	1
7783596	7794781	1
3913326	3913325	1
1345545	1345546	2
8441998	12150951	1
8044624	8044627	1
11663137	11663138	2
9818526	9823348	1
12250885	12252399	1
6056494	6071010	1
8434386	8434383	1
3822349	3822350	1
11885292	11883046	1
10743997	10744932	2
2209236	2208362	1
11870904	11834892	1
6483122	1298731	1
10230233	3268559	1
2774802	2774799	1
12015933	12015934	1
5462742	5462487	3
11189254	11189225	1
6635461	6635801	1
10386263	10386264	1
828206	828205	1
3328143	3328144	1
1756835	1756824	2
1160006	1159758	2
3287184	3287183	1
5165954	5166232	1
9323182	9323181	1
5392118	5392117	1
11156546	11156545	2
1921288	1917171	1
355141	354733	1
2899697	2899800	1
3056359	3056360	1
5299847	5300138	1
8514410	8514424	4
9675194	9677684	2
86205	86206	2
10572258	10572257	1
11965483	11965484	2
2306998	4060863	1
12544878	12544604	1
5706590	5706589	1
9929599	9929600	1
11649042	11651449	1
9826456	9826455	1
9346999	9346985	1
10248301	10248302	1
4703287	4703288	1
5964177	5964180	1
5449645	5449646	2
11046922	11048514	1
9756138	9756137	1
10273611	10273612	2
7948136	3310267	1
12227311	12227312	1
10190359	10190360	3
928879	930670	1
11073047	11073050	1
314347	314348	1
1356663	1356664	1
12337926	12337601	1
8226067	8226068	1
2455091	2450654	1
3159429	3159430	1
3249516	3249630	1
10179792	10178752	1
199659	199660	1
6928908	6928907	1
813038	813037	1
2649749	2649581	2
9193467	9193468	1
694398	696095	1
3582726	3582699	2
2358203	2358204	1
12194414	12194413	1
11618787	12010422	1
2891430	2891429	1
7204193	7204194	1
6250643	6250646	1
2094592	2092787	1
1611907	1616916	2
1558522	1557470	1
5741240	5741411	1
12425644	12425463	1
739654	741076	1
7824571	4263243	2
10616667	10617441	2
3164497	3164502	1
4393449	4724127	1
12740028	12740027	1
7812695	7812696	1
6816845	6776409	1
7350012	7349886	1
8569853	8568344	1
10295169	5458173	1
6059942	6059957	1
10904015	10904016	2
5691352	5691351	1
6336551	6336552	1
12352552	12352691	1
9069263	9069229	1
9849838	9849837	2
2146298	2146297	1
5924217	5924218	1
6127267	6127268	1
6427265	6427484	1
11362554	11362553	1
7650712	7650711	1
12410466	12410461	1
10299678	10299742	1
2826876	2826817	1
355675	355676	1
8372863	8373229	1
4784327	4784328	2
6802321	6802322	1
8274595	8274596	2
4586773	4835128	1
6424383	6423960	1
5418299	5418196	1
9095105	7056102	1
11802183	11801811	1
1114691	1114676	1
6362841	6362842	1
5614291	5615778	1
12255961	12365671	1
8236079	8236384	1
3942623	3942624	1
4069028	4069027	1
11160871	11160969	1
7517778	7517351	1
11262112	11261810	2
4002729	4094885	1
10169082	10169081	1
2334109	2334080	1
6415178	6415175	1
2236337	2237844	1
1901477	1901482	1
4815159	4815781	1
1302185	1302175	1
9914149	9914570	1
4589042	4240845	3
5575399	5577177	1
8380455	8380458	1
3209747	3209659	1
10776166	10776178	1
6009687	6009689	1
9873223	9873224	1
5477119	5477120	1
3873294	3873291	1
3537117	4047504	1
5536045	5371639	1
1960026	1960029	1
2831869	2831870	1
7352781	7352782	1
2124077	2124078	3
12005055	12005056	1
3461081	3460981	1
12147269	12147272	1
2390891	2390892	1
158989	7175810	3
7160788	7160758	1
3134463	3134464	1
1058679	1058680	1
7726245	10877864	3
233654	232460	1
5441266	5441254	1
7860811	7860953	2
12232910	12232909	1
11803514	11802762	1
10106130	10106129	1
2227905	2228442	1
5559492	5559510	1
7747611	7746952	1
12744545	12744546	1
6417991	6417994	1
6018476	6018475	1
11573722	11569587	1
12236162	12235116	1
11900477	11900478	1
3910094	4015456	1
8787122	8787121	1
11295363	11295364	1
10547502	10547505	2
4925098	4926364	1
5527132	5527131	2
4583772	11395301	1
1108452	1108447	1
1286463	1286468	1
11320765	11313064	1
2013138	2013126	1
7956610	7956609	1
2280891	5265334	1
4576873	4576874	2
12769341	12769342	2
275893	275894	1
6139745	6139748	1
8826438	8826437	1
8446962	8446957	2
9830792	9830791	1
11845633	11926788	2
12673845	11242878	1
4044674	4044673	1
8971810	8970813	2
1975090	1974290	1
9582441	9582797	2
11172468	11172467	3
1139403	1139404	1
11907127	11907130	1
7391023	7391024	1
6617427	6618811	1
6990286	6990344	1
6052508	6052507	1
8673515	8673516	1
5788464	5788461	1
2836908	2836907	1
9785890	9785889	1
8516315	8516324	1
12723129	12723130	1
3340988	3341441	1
11391786	11391783	1
6897907	6897893	1
11922209	11922210	1
10835308	10835307	2
7235119	7235120	1
7496371	7496062	1
11906268	11906406	1
6103085	6103090	1
12762701	12762811	1
8416285	8416288	1
4539744	9083567	1
1361257	1361258	1
12224483	8337028	1
4543081	4543082	2
11397210	11400024	1
3781220	3781219	1
10349032	10348947	1
9873970	9873969	1
7955879	1139425	1
6503735	6503736	1
1864709	1864712	1
11997849	11997850	2
6426570	6426569	1
4522316	4522315	1
454874	454863	1
11964920	11964919	1
357324	357643	2
11402985	11402988	2
7244188	7244187	2
3888225	3888226	1
11997537	8056512	1
1559494	1559493	1
11028999	11029000	1
11268589	11268555	1
4293873	4288673	1
306968	306967	1
11886844	11886843	1
12454347	12454348	1
9077656	9077655	1
10011948	10010939	1
3133826	3133983	1
1620806	1620497	1
8835747	8835748	1
10508959	10508960	1
3199364	3200240	1
8426855	8426845	1
5678640	5678782	1
8878945	8878999	1
1539965	1539966	1
5352857	5352858	1
7343570	7343670	1
7173570	7173569	2
9186504	9186492	1
6994187	6994188	1
3261038	3251061	1
9251765	9251766	1
12550393	12550394	2
6488223	6498653	1
1008402	1008423	1
3256732	3256729	1
7606733	7606734	1
11870071	11870072	1
5989160	6493778	1
11934120	11934128	1
1200039	1200040	1
10861415	10859381	1
12003891	5942311	2
3166527	2958060	1
522058	522199	1
6400764	6400763	1
10070525	10070705	1
6274027	6273686	1
8041271	8041255	1
350384	350379	1
8579612	8579611	1
7827083	7459472	2
11792872	11792537	1
10377514	10377826	1
8009963	8009964	1
967190	1114637	1
11703316	11703315	1
1467987	1467988	1
2884135	2885369	1
7245196	7245148	1
9868135	9868199	1
35445	35446	1
70808	64248	1
12647597	12647598	2
11353091	11350903	2
4059192	4059382	2
4278726	4278725	1
9469663	9469664	1
2937366	2937365	1
5507395	5507396	4
946887	947258	1
6932380	6932154	2
9386860	9386859	1
4572687	4572611	1
10905215	10905223	1
4560030	11796901	1
7720601	7720602	1
7098264	7098263	1
10506308	299272	1
8955987	8956030	2
10455999	10456000	1
6994880	6994879	1
12159088	12159085	1
5538300	5539916	1
9341092	9341660	1
2640522	2640502	1
10039457	10039458	1
7022434	7022433	2
7042982	7042989	2
12252057	12252058	2
6439203	6439533	1
4866989	4867401	1
9231694	9282197	1
841725	796544	1
12415272	12415275	1
8674853	8674854	2
1915133	1915110	1
5828193	5828194	1
3668934	3668812	2
9625273	9625132	1
10566476	10566475	1
4643163	4643133	1
5363658	5363724	2
7520450	7520449	1
251786	505867	1
4689372	4689371	1
11338297	11338298	1
5018671	5018940	1
11179097	11179098	1
1103918	1103917	2
591491	591492	1
6275301	6360803	1
1514993	1514965	1
9078208	4554719	1
8998133	9090440	2
12051841	12052294	1
1296738	1296737	1
800211	800048	1
329088	329087	1
8643499	8643701	1
10300267	10300264	1
12013869	12013870	2
10468258	10468431	1
11803343	11803344	1
982442	982441	1
4414263	4421465	1
5806929	5806930	1
12271846	12271698	1
61910	61994	1
3907398	3907397	1
4435846	4435845	1
4060862	4060861	1
10308725	8848630	1
10261507	10261508	1
12682267	12682252	1
8880177	8880178	1
3784240	3784239	2
8407665	8407666	1
11642089	11642090	1
9526866	9526865	1
9568179	9568180	1
9541350	9541349	1
10433481	10433482	1
10309033	10309034	1
4599224	4599223	1
7216780	7216779	3
8028114	8027811	1
7447150	7447119	1
10758765	10733360	1
5091873	5091874	1
4060567	4060556	1
3218633	3218634	1
6555124	6554477	2
6017582	6017581	3
10912507	10912316	1
1559518	1559500	1
9630906	9630905	1
746260	746257	1
4302277	4302509	3
6202949	6203175	1
2232957	2232958	1
11395982	11395981	1
1489170	1489161	1
12441984	12441981	1
7499473	7499314	1
7875195	7872286	1
660068	660067	2
11822118	3104210	2
8698583	8698584	2
1744403	1744404	2
6901231	7154698	1
8287776	8287775	1
9078691	9078692	1
11615986	11615981	1
8542001	8542002	1
3160176	3160383	1
10214393	10214394	1
4989666	4989563	1
3602422	3602418	1
3574816	3574815	1
1855240	1854899	1
3273425	3273369	1
12461023	12461247	1
11864926	11864925	1
5168756	5168755	1
9536230	9536229	1
7860911	7860912	1
9587731	9587827	1
6461758	6461761	1
9929484	9929469	1
9280572	8896944	1
11625980	11625905	1
1092330	1092325	1
246256	246883	1
10473667	10473668	1
8064029	8063001	1
2942855	2945053	1
3716742	3716741	1
11330725	11330726	2
2882210	2882209	1
11473673	12245802	1
1199521	1199522	1
4032010	4032009	1
2283449	2283450	2
6484084	6319969	1
10004327	10004328	1
2251688	2251602	1
6951444	6953605	1
7007197	7007198	1
3627626	3627507	1
6099998	6099997	1
2019182	2018607	1
10889107	10889108	1
12125037	12125038	2
10580664	10580663	1
5208290	5208283	1
10298416	10298376	4
11014807	11014808	1
12475969	12475974	1
3218889	3218890	1
6181130	6181129	1
7537324	7538656	2
12724068	12724067	1
11567162	11567155	1
11709657	11709658	1
7977391	7977077	1
5202276	5202288	1
11295363	11401221	1
6469764	8778923	1
11492735	11492738	1
680383	680835	1
11847362	11847361	1
10606735	10606736	1
1305616	1304905	1
6392441	6392318	1
9105078	9105075	1
4396980	4393131	1
8065654	12009137	1
12434482	12434481	1
6349018	5118721	1
4290144	4289313	1
3139245	3139246	1
2016561	2016562	2
7768932	7767898	1
8236730	8236729	1
671605	673885	1
8280008	8280007	1
474037	473489	1
1402533	1402326	1
11909466	11889753	1
10440405	10440421	1
5136734	5119734	1
4472147	4472148	1
12312345	12312346	1
12041267	12041268	1
9118988	9118987	1
1995095	1995164	1
11767359	11767362	1
8408328	8408327	1
6022367	6022244	1
3715670	3715659	1
10688366	10688365	1
10376091	10376092	1
12149731	12149732	1
5256759	5256878	1
9867662	9868254	1
8427163	11194223	2
3075337	3075338	1
3908319	3908320	1
8987672	8987657	1
11582840	12444590	2
12430688	12232965	2
6419708	6419707	2
4284230	4284229	1
2551429	2551430	1
10088672	10088671	1
7700928	7700908	1
4440031	4440032	1
4501461	4501462	1
10198381	10198382	1
7531743	7533704	1
10778075	10778076	1
875055	875056	1
968327	1000504	2
8426405	8390434	1
4028783	4028784	3
7138343	7138337	1
5827727	5829794	3
2557591	2557592	1
10731020	10731019	1
8841697	8841310	1
970881	970871	1
8749022	8749021	1
1112044	1112043	1
12640823	12640824	1
3063828	3065162	1
5925872	5925871	2
8974232	8974235	1
12432285	12431916	1
5882474	5698545	1
2586187	2586188	1
2002043	2002044	1
10377094	10377077	3
6202947	6202948	1
5709086	5709085	1
1652147	1652198	1
9988171	9988438	1
5601220	5601131	1
4185429	4185432	1
3296721	3296259	1
11965956	11965779	1
10998337	10998338	1
10191773	10190819	1
2554411	2554412	1
4006534	4006734	1
2161192	2161201	1
12548658	12548655	1
3155119	3154778	1
9929610	9928354	1
4609533	4581019	1
8274593	8274594	2
3940560	3940559	1
11296900	7914865	1
227650	882416	1
2851954	2851951	1
4142673	4142841	1
5564717	5564806	1
5477766	10299115	2
8301000	8300999	1
6597343	6597344	1
2086335	2086340	1
1357347	1357348	1
7142345	7142346	1
8787178	8787171	1
3588983	4740283	1
6542809	6553775	1
10270362	10270361	1
6770095	6770096	1
723199	723233	1
11914041	11914980	2
11383740	11382738	2
11160200	11160170	1
7349103	7349104	1
6419710	6419709	2
2568392	2568391	1
10600147	10600148	1
5715547	5715562	1
6873394	6873393	1
6256551	6257998	1
1050858	1050016	1
5564074	5564073	2
3094198	3094222	1
7512708	7512707	1
4199544	4199721	1
5524577	5524366	1
12652852	12652849	1
7620478	11063176	2
1674753	1674754	2
7938405	7938408	1
11915479	11915480	1
11670778	12462460	1
9452601	9452559	1
6844600	6844821	1
12757160	12681300	2
6383232	6383269	1
8825563	7459341	1
3593428	3593416	1
5285093	5283678	1
4307760	4307759	2
11579186	11578313	1
11591530	11591529	1
5363650	5363649	1
2877834	2877833	1
5973152	5973073	1
7142697	7142733	1
12434362	12434361	1
2910185	2910189	1
365077	365011	1
358556	7182213	1
3729002	3729013	1
10184417	10184420	1
197567	197568	2
6849291	6849686	2
517672	517671	1
2642960	2642959	3
12289666	12289665	1
6119105	6119106	1
6896656	6896655	2
1759335	1759343	1
1515949	1515950	1
4136846	4136845	1
1475032	1475031	1
5586301	5586302	1
5156096	5156095	1
1123126	1123131	1
1432446	1432443	1
9743181	9744526	2
4712711	4714947	1
675523	675531	1
11268029	11268009	1
6332865	6332866	1
3461516	1704902	1
1582054	1584250	1
17861	10514319	1
722178	722258	1
11861174	11861173	1
5312510	5312507	1
11479644	11414681	1
4242782	4242777	2
11471643	11471644	1
10460396	3308413	1
10127543	10127461	1
3648334	3648333	1
11729243	11728763	1
2371022	2371021	1
9603585	9604894	1
5056443	5056271	1
8016961	8016962	3
11293750	11293747	1
3961138	3959519	1
4016479	4018382	3
3201313	3201316	1
4056133	4056047	1
6876386	6877843	1
7116138	8570490	1
9816866	9816872	1
9030701	9038383	2
12666218	12665892	2
10823642	10823636	1
4795553	4795512	1
7571701	7571702	2
11906828	12715482	1
2505374	2505373	2
7433936	7434012	1
12252907	11607834	1
11390736	11388540	1
1771819	1771820	1
7569364	7569363	1
5838417	5836732	1
6507551	6507554	1
8777204	8774685	2
4942472	4942471	2
3879714	3880276	2
362175	362176	2
3114667	3113983	1
3365496	3366039	1
1868350	1868317	1
7977915	7977916	1
7136650	7182956	1
8819696	8819798	2
12251775	12251966	1
8559816	7391531	1
6844266	6844265	1
10751796	10751732	1
11674455	11674456	1
9000790	10753196	2
919335	11943499	1
6058707	6058002	1
273807	273808	1
7692747	7692946	1
68257	68258	1
1837376	1837373	2
10857762	10857761	1
6579077	6597061	2
10665468	10665467	1
10828184	10828183	1
5208284	5208215	1
3250774	3250771	2
12133014	12133094	1
3716731	3716759	1
9355141	9355446	1
7696884	7696881	1
12123494	12459177	1
12773740	12773739	1
1079926	1079514	1
8549953	8549962	1
868214	868213	1
277872	277871	1
1617508	1617184	1
12698371	12698354	1
6619040	6619039	1
10283428	8892730	1
5278680	5276682	1
9002682	9002681	1
4365182	4365173	1
1109564	1109563	2
9921816	9921815	1
11325858	11325857	1
4513014	4513013	1
10912348	10912347	2
945395	945396	1
888167	888170	1
7968656	7968676	1
4543355	4543356	1
10287639	7918275	1
10916748	10916747	2
8434208	8433983	1
12341913	12345464	1
5129815	5129816	1
4578764	4578763	1
1218894	1436832	1
5978894	5978893	1
11615945	11615946	1
1527243	1527244	1
11566962	11567514	1
8405167	8404790	1
10458343	10458185	2
9180775	9180776	4
9756287	9756312	1
7686040	7686039	1
2089145	2089346	3
8531033	8531034	1
5177955	5177956	1
11480468	11480464	1
10127090	10127089	1
5551863	5552874	1
4072023	4071989	1
4029286	4029285	1
11022910	11022280	1
12152330	12152329	1
5990825	5990826	1
6036353	6036354	1
8876326	8876325	1
2124133	2124076	2
7607200	7607203	1
3468836	3468835	2
11652472	11652347	1
277282	277281	1
10802223	10802224	1
9324853	9324854	1
4729171	4729172	1
109733	198789	1
470309	470310	1
6045171	6045059	2
4365579	4365580	1
2619562	2619561	1
8489354	8489353	1
10294439	10294440	1
9836513	9836153	1
5694882	7697768	1
3251860	3251754	1
5246333	5246334	1
8957260	8957388	1
7667277	7667278	1
8844670	8844669	1
5874253	5874254	1
9248314	9248311	1
7597250	7597249	1
6718440	6718431	1
11558752	11558777	1
12039204	11962721	1
10309213	10309242	4
5020275	5020276	2
5906002	5905999	1
7341813	7341814	1
6767689	6773280	2
10127092	10127091	1
1177203	1176496	1
468619	469421	1
4533663	4533580	1
11715264	10751431	1
12605495	12605493	1
6837057	6837229	2
2515968	2547040	1
5227284	5481397	1
4138454	4138453	1
8205421	6891952	1
6823922	6823921	1
1794279	1794384	1
2555884	2555879	1
9722789	9722801	3
10274284	10274283	2
3866000	3865979	1
2836571	2836572	1
4302000	8420024	2
9986706	10131179	1
4118509	4118384	2
3019033	3039957	1
11459229	11459230	1
7337646	7337651	1
5758271	5759967	1
11907359	11907353	1
1302849	1302850	3
2099586	2099640	1
3200570	3200569	1
1151147	1149500	1
5186410	5186407	1
11153948	11153943	1
6203256	6202171	1
11735555	11735503	1
2560734	2560749	2
352761	352750	1
2815836	2815833	2
5758230	5759797	2
4772677	4772678	1
10059844	10059843	2
2780323	2780324	2
4327963	4327968	1
10793902	10793901	1
4474122	4474141	1
9369249	9369250	1
11249164	11249161	1
8787687	8787688	1
9483323	9483324	2
5862874	5831436	1
2732170	2732090	2
872970	872969	1
11189476	11189475	1
2270292	2270324	4
4690879	4690880	1
11326520	11705605	2
3801144	3800690	1
10316794	10316793	2
6739179	6739210	1
9664339	9664353	1
11591327	11392186	2
10470599	10472685	1
11677745	11677746	1
2023177	2026169	1
6111930	6111929	1
9688949	9688950	1
11514062	11514061	1
6121025	6121026	1
3060114	3060202	2
6201054	6201974	1
1592415	1592418	2
7922568	7922575	3
3124184	3124183	1
2589892	2589895	1
9433214	9433130	1
8797002	8796999	1
7598232	7598231	1
2481882	2480904	1
8204744	8204743	1
11936900	11936899	1
7727958	7728077	1
5876907	5876910	1
11646274	11646273	2
8076002	8076001	1
5747107	5410727	1
2841163	2841188	1
8316403	8316404	1
3066274	3066273	1
972175	972166	1
9335797	9335798	1
2598438	2598429	1
8972556	8972555	2
8952680	8952716	1
4620343	4620344	1
7955446	7955445	1
9357538	9358755	1
2277817	2277818	1
7014185	7014186	1
10262884	10262887	1
7699362	7699361	2
7310179	7302534	1
11991805	11991775	1
5976539	5976527	1
5698917	5698918	2
4101304	4101303	2
8818445	8818446	1
7411737	7410549	1
675755	591807	1
56972	56100	2
2354398	2354407	1
12181638	12201618	2
7156838	7156837	1
3299096	12457202	1
2145389	2145390	1
9427212	9427211	1
880932	882617	1
12252684	12252689	1
10718817	10718818	1
3259820	6870634	1
462290	7029310	2
11647348	4040090	1
7231836	7231826	1
6056779	6056780	1
1353112	1353111	1
9518282	9518281	1
9036047	9036048	1
1638030	1638029	1
11357174	11358125	1
1500668	1500706	1
6192260	6192259	1
3820143	3820101	1
10497733	10497734	1
10736986	10736993	1
1157866	1153684	1
3450593	3450596	1
10038265	10038266	1
1330322	1374110	2
9578197	8984013	1
11395441	11395442	1
10687314	10687144	1
9031549	9034990	1
12239194	12239193	1
1036864	1036863	1
1827930	1827910	2
5393925	5393926	1
813264	813263	1
2134057	2132989	1
2278073	2278074	2
2496411	2496402	1
12379310	12379309	1
6569087	6636364	1
7026731	7026732	1
1739930	1739925	1
11764610	11764609	1
7188871	7188872	1
9280008	9279245	1
4472046	4470000	1
4426711	4426712	1
5820768	5820774	1
4014698	4014701	1
5598702	5598701	2
10702020	10702019	1
6560537	6561850	1
1581036	1581035	2
2070862	2068437	1
6590645	6577853	1
7841672	7841360	2
5376527	5376528	1
11355627	11363628	1
6940579	6940658	1
6667486	6667485	1
10233792	10233781	1
3694222	3694199	1
434288	7109950	1
291343	291355	1
7250955	66939	1
10265246	10265245	1
2890077	2889343	1
11317112	11317111	1
11345947	11345934	2
11470619	11470620	1
10487824	10487857	1
9480892	9480891	2
7439172	7439224	1
7216416	7214997	1
8423379	8560872	1
11880909	11880910	1
12267945	12255339	1
8673131	8672977	1
9929908	9931179	1
6555760	6555757	1
6571007	6571018	2
1205386	1204487	1
11823403	11823404	2
1193058	1193055	2
550383	550380	1
12182274	4370128	1
8128999	8129000	1
1744405	1744406	2
10196657	10196658	1
10443322	10444143	1
3888981	3888982	1
9240960	9240959	1
9036636	9036635	1
7246919	7246920	1
9299038	9298944	1
12539297	12546876	2
9956	9891	1
6999737	6999738	1
1584297	1584298	1
12251672	12251671	1
7234256	7234255	1
7807538	7807774	1
4792614	851646	1
12466517	12466518	2
8917495	8917490	1
11719062	11719061	1
12368815	12397217	1
6090606	6090605	1
11803475	11803476	2
2292527	2293782	1
7002589	7002590	1
6030294	6030293	1
10159052	10158865	1
870895	870896	3
5757211	5757200	1
8282957	8284234	1
10155756	10262882	1
7649379	7649373	1
3418609	3418610	1
996060	996057	1
4233462	4233174	1
7530112	7530111	3
1537221	1537222	1
9641426	9560052	1
11859467	11859468	1
4196463	4196464	1
4397233	4397436	1
8754864	8754863	1
1336706	1336355	1
2818912	2818388	1
11847749	3292611	1
8755777	8755778	1
10782330	10782310	2
12238805	12238808	1
6282495	6282517	1
8761147	8761164	1
8730850	8730849	1
1829659	9362767	1
5896430	5896429	1
566371	566372	2
7843904	7840999	1
7968935	7940632	1
11878412	11878411	1
4622918	4626387	1
4063636	3952397	2
1988554	1987226	2
7349944	7349943	1
5174657	5173952	1
11769674	11769715	1
11290517	11290518	1
7647248	7647299	1
9984575	9984541	1
1351818	1351817	1
132659	127360	1
9285644	9285643	1
3501238	3501724	1
5116534	5116041	2
8002423	8002528	1
4596399	4597991	2
136105	136106	1
7659972	7659979	1
3047013	3046367	2
6723815	6724253	1
12162878	12530559	1
2108192	2108191	1
5732836	5732835	1
5541530	5539299	1
2722304	2722230	1
5071957	5067016	1
3527483	3527484	1
10712300	10712299	1
8591042	8590145	1
8844987	8844988	1
5364242	5364241	1
766409	763567	1
11847616	11394181	1
9890098	9890097	1
6919259	6916750	1
5652549	5652641	1
5588784	5651270	1
2881406	2881277	1
10493974	10493973	1
10154926	10154909	1
4418323	4418324	1
10148645	10148646	1
8889763	8890315	1
3270738	3270737	2
1394447	1394448	1
9298118	9298117	1
7870908	7870907	1
5897124	5897123	1
1508414	1510132	2
6079979	6079980	1
1400436	1400488	1
8151967	8151968	1
7962719	7962720	2
3287875	3287876	1
12395099	12395100	1
10349645	10349575	1
11465573	11465574	2
6591972	6591971	1
4025242	4025201	1
10840577	10840578	1
6460076	6460356	1
7109148	7108563	1
397923	618727	1
559167	559170	2
762206	762493	1
8600831	8600832	1
2962434	2961520	1
11969147	11969157	1
839872	839871	1
9626691	9626694	1
6766648	6766647	1
12207718	1801097	1
7069837	7069868	1
6483017	6482952	1
6947306	1303660	1
6958391	6958397	2
6012602	6012601	1
6761526	6761525	1
8664071	8666834	1
3426370	3426369	1
4137955	4137956	1
11756503	11700243	1
363237	363248	2
693927	693930	1
6258586	6258585	2
11276182	11276179	2
11409486	11409485	2
9766006	9766003	1
10034691	10034379	1
11845918	11845917	2
10653373	10649428	1
4958353	4958354	1
4867009	4867010	1
8570206	3701699	1
318049	318050	1
9507756	9507753	1
7684193	7684194	1
5079920	5079917	1
2926781	2926782	1
5101185	5101186	1
3819055	3903120	1
522129	522130	1
4217379	4217501	2
134218	134201	1
8787571	8787572	1
3159450	3159449	1
7942018	8007889	2
1152437	1152433	1
11646277	11646278	1
3316630	3316629	1
9808233	9807882	2
1748808	1748807	1
4676050	4676066	2
6492413	6492418	1
849612	791177	1
1380818	1383719	1
5537404	5536991	1
2271977	2271954	1
8376560	8565714	1
11345968	11345967	1
2506577	2506578	2
1511838	1511837	1
10894050	10894049	1
2514818	2506963	2
11924930	11924450	1
7467482	7467481	1
7739275	7739276	1
1972266	5187482	1
7451607	4309236	1
11267283	11267284	1
1897755	1897756	1
5562227	5562228	2
3702350	3702349	1
7709380	7709377	1
5816943	5816944	1
7446445	7446469	1
7912521	7912522	1
8581585	8581586	1
2780401	2779847	1
2903617	2903618	1
12654811	12654814	1
826373	626115	1
8418680	8405500	1
4041819	4041820	1
2251111	2251112	1
9743263	9743264	1
5360140	1716752	1
318952	318951	1
7855241	7855242	1
5194112	5193988	2
8983908	11371652	2
10760885	10761995	1
12345051	12345347	1
5499800	5499799	3
11995314	11995273	1
5110006	5110939	1
9429223	9429224	1
11213491	11147209	1
749138	749135	1
11064360	11065064	1
1735984	1736193	1
10380936	10380924	3
3978367	3978370	1
4722840	4722839	2
3412775	3416840	1
1698849	1698852	1
12372672	12372660	1
8363323	8363324	1
6985544	6985522	1
8151790	8151789	1
944153	376306	2
3430305	3430306	1
9815754	9815753	1
5677486	5374565	1
6978541	6978534	1
5482523	5482524	1
2014160	2014098	1
3043518	3043517	2
4232583	4230609	1
7935879	7775970	1
8817699	8780282	1
8531875	8531876	2
9792567	9792568	1
8254970	8254969	1
6556219	6556220	1
6921598	6921600	3
12026268	12026261	1
11998286	11998285	1
1728681	1729958	1
2436927	2436924	2
7248609	7248610	2
5784234	5784233	1
11989602	11989597	1
8395664	8395663	1
10186112	10186109	1
6754897	6754912	1
4032223	4032224	3
5204810	5204787	1
3295809	3296691	1
3000623	3000628	1
11333557	11333559	3
5601007	5601008	1
154837	154838	1
11878975	11878976	1
11071787	11071794	1
11287193	11287109	1
4094613	4094614	1
682080	681785	1
8446958	8446957	1
12768246	12768305	3
5121279	5128390	2
7420947	7420948	1
5818920	7542265	1
7248520	7248517	1
9536282	9536281	1
3035031	3034723	1
7263679	7254967	1
11319923	11319738	1
11530197	11530198	1
11794871	11794872	1
2280487	5210439	1
11277082	11277069	1
9161794	9161942	2
7804772	7804746	1
7620835	7620812	1
5553178	5553177	1
11477396	11476291	1
9724652	9724651	1
3926105	3926106	1
1704793	1704794	1
5707181	5706964	1
3476024	3475844	1
8999903	8999904	1
10374586	10374585	1
432855	432856	1
6046138	6046137	1
8383725	8383726	1
10837019	10836296	1
1998917	1998920	1
2469285	2469286	1
4259418	4259415	2
6248948	6249061	1
11730017	11730020	1
7946368	7946367	1
45403	45404	1
9376792	9376791	1
8779718	8775515	1
11607591	11607592	2
12300944	12300941	2
6122988	6122987	1
10045489	10045490	1
12723651	12723652	1
10521310	10521292	1
3045759	3045760	1
3903753	3903754	4
6528397	6528245	1
8747835	8748390	1
2470799	2469500	2
402080	388922	1
2406662	6121358	1
6142083	6142084	2
5991536	7791454	2
8334749	8334750	1
4661573	4661574	3
3155451	3154676	1
6016423	6016424	2
1956253	1956254	1
8860470	8860469	2
12643064	12643063	2
10728372	10728488	1
5740905	5740906	1
5280716	5280713	1
12437473	12437474	1
11622068	11622067	3
2900259	2900260	1
3067331	3067332	1
2907131	2907134	2
5561792	5561791	2
3496895	11731156	1
2280873	2280861	1
1321440	1321641	1
5716857	5718810	1
7465995	7465998	1
10284563	10284564	1
3952376	3952375	2
8977074	8977038	1
10943946	10943939	1
7428971	7911078	2
3730157	3727204	1
9143037	8985564	1
29704	17413	1
8368112	8368391	1
3753782	3542940	1
5046161	5046162	1
2555884	2555883	1
8777987	8777988	1
10203565	10203545	1
3318361	7949335	1
2503507	2502373	1
11823315	9123348	1
7298470	7298469	1
12289791	12289787	1
10097025	10097026	1
4298032	4297414	1
1283021	1282801	1
8274147	8262764	1
12392373	12392374	1
9625682	9625641	1
4069030	4069029	1
174936	174935	1
2966619	2966607	1
11382980	11382983	1
12324886	12324108	1
2319310	2319306	1
4988617	4988618	1
2721341	2721342	1
253903	253904	1
11728777	11728780	1
10158907	10158908	1
8610156	8610181	1
1160985	1160986	1
11446230	11446217	1
1054934	6279155	3
4678992	4680418	1
5731617	5731618	1
8420666	8420665	2
8858363	8858364	2
5754828	5755774	3
3920664	1796284	1
1203355	1203356	1
1489811	1489812	1
4598981	4598982	1
11602097	11602098	1
2684062	2684471	1
8308570	8308564	1
12726487	12726488	1
4531917	4531918	1
866395	866376	1
6929775	6929776	1
10526575	10526576	1
9539062	9538990	1
10234475	10234478	1
12421219	12427437	1
6678893	6678894	1
122064	122061	1
8183737	8183804	1
2622406	2622475	1
3380076	3378051	1
6888094	6888093	1
1369519	1369520	1
3600585	3600586	1
7723703	7723704	1
12614100	12614099	2
5500889	5569623	1
5280340	5278470	1
3504629	3504630	1
1880773	1913424	2
893522	893521	1
2958668	2958667	1
232921	232922	1
7763465	7761367	1
7124220	7124233	1
11734255	11734256	2
1102352	1102351	1
7228483	4536589	1
12811147	12811413	1
8705984	8705135	1
10566259	10566260	1
8799908	8800084	1
10036631	9839458	1
7582325	7582326	3
11234275	11234336	1
5750801	5750802	1
3875470	3875469	1
12227060	12227059	1
11470728	11470727	1
6228426	6228423	1
6922495	6922496	1
3934004	3934003	1
8014632	8014635	1
10297582	10297579	1
8998122	8998121	2
935637	934822	1
11624637	11628345	2
12151518	12192144	1
268807	268808	2
5924742	5924745	1
4200402	4200401	1
2277789	2277790	1
11377092	11377122	1
7978043	7978037	1
2878666	2878648	1
6220840	6220839	2
12012055	12012056	2
11846005	11846006	1
2437949	2437950	1
3480760	3480759	3
6052551	6052552	1
4312288	4312287	1
2618476	2618439	1
1283920	1283919	2
5546215	5546216	2
7726628	7726633	1
11918991	11918819	2
6260902	6260910	1
6414575	6414559	1
10704378	10704357	1
8767274	11303670	1
11132104	11132580	1
7142343	7142344	1
8575866	8575870	2
5598701	5598696	1
12408712	12174946	1
6630155	6629638	1
6207945	6207946	1
4821312	11554535	2
2814226	2814225	3
6311849	6311854	1
4588590	4588585	1
11157755	11156954	2
11150868	11150867	1
8626478	8626477	2
12225376	12225375	1
6032738	6032749	1
8353794	8353791	2
7339808	7339175	2
6521120	6521124	1
11273867	11273868	2
2084713	2084680	1
12667221	12667263	1
6092956	6092955	1
9945966	9945963	1
2712450	2712445	1
2814805	2815541	1
8849834	8849833	1
9793620	6730288	1
3733191	3731344	1
8967842	8967836	2
1189351	1189352	2
11105911	11105912	1
11812460	11812465	1
7885286	7885284	1
11203069	11203070	1
3980146	3978041	1
3154977	3154978	2
11733308	4240150	1
992843	992844	1
5232769	5232783	1
12407638	12392725	1
11478235	11478236	1
10854294	10854293	1
1927591	1927646	1
4506542	4507085	1
3146292	3146291	1
3511145	3511133	2
11492953	11492956	1
11130990	11130946	2
1832351	1832420	1
2093814	2094277	1
5049402	5049397	1
9299040	9298944	1
11529477	11529478	2
3307442	3307441	1
4103945	4103946	1
6254207	6254050	1
836339	836340	1
11788779	6196431	1
8401954	8401953	1
1801236	1801235	1
3032638	11268770	2
4284276	4284275	1
8188240	8188239	1
6136752	5987825	2
8173918	8173997	1
7714266	7714283	2
7782511	7782507	2
2004205	2004206	1
10298928	10298927	1
12558858	12495132	1
3087570	3087569	1
12632106	12632102	1
7095477	7095478	1
10852010	10848042	1
11179729	11179730	1
1506325	1505314	1
385296	385269	1
9423322	9423063	1
1916061	1915948	1
10283429	10283432	1
11106903	11106933	1
12486226	12486233	2
12349671	12349672	1
9067229	9069450	1
8522247	8522248	1
9840511	9840512	1
4283800	4283799	2
4295360	4295497	1
486227	486228	1
3985864	3985871	2
7593044	7593047	1
12439870	11961217	1
5977132	5979438	1
8003962	8004247	1
11996173	11996212	1
9473983	9473897	1
5329703	5330458	1
2345250	2345311	1
1500646	1500645	1
11593931	11593842	1
12148269	12148270	1
3288815	3288816	1
1926721	1926722	1
5411039	5411040	1
7345274	7345262	1
9973207	9973208	1
12351488	12478232	1
1612113	1612114	2
11085943	11085927	1
7727982	7727812	1
8608581	8608582	1
7972464	10278491	1
2278071	2278072	2
10393727	10393728	1
8716085	8716086	1
1865224	1864702	1
4509429	4509432	1
6475451	6475452	1
6871551	6871554	1
199801	199802	1
6492537	6492538	1
1335883	1336593	1
158793	2268175	1
352361	352362	1
124560	124559	1
4233775	4233776	1
5322468	5322467	1
11177430	7384049	1
10763144	10763143	1
8692804	8860668	1
7242821	7242822	1
9076546	9076543	1
2469035	2555061	1
1324091	1324092	1
8462990	8462989	1
11610289	11610133	1
4101965	4101958	1
3353614	3353613	1
821431	821349	1
5885308	5885307	2
2310548	2310547	1
9516629	9516630	1
2586462	2586517	2
11878882	11877832	2
12400881	12393494	1
9789385	9789386	1
8103505	8103367	1
4284173	4284174	2
2541108	2537121	1
1542464	1542459	2
1653941	1653942	1
3509854	3511245	1
7937438	7940202	1
8289778	8220785	1
11539557	11539618	1
3107214	3107211	1
3665605	3665606	1
4296272	4296271	1
4613418	4611707	1
1832563	1832564	1
8905331	8905320	2
3217519	3217520	2
305561	305562	1
6984534	6984730	1
11594719	11249595	1
3559207	3559208	3
5856969	5856970	1
5936062	5936061	1
4869318	4869315	1
3405753	3405756	1
3990335	3990338	1
11577735	12423224	1
11387564	11387373	1
1110202	1110201	1
12306869	12306870	2
11373764	11373763	1
10032001	10032003	1
9154156	9047620	1
7222565	7222002	3
4582255	4582176	1
7824773	7824774	1
8589651	8589654	1
12670181	8859788	1
4606614	4606613	1
9678153	9677416	1
8799688	8799687	2
3146752	3146668	1
1461455	1461461	1
9698400	9698403	2
10647200	10647199	1
8886507	8886294	1
12422609	12422610	2
10374578	10374591	1
1257628	1257638	2
11345883	11345884	1
968301	968302	1
9491878	9491877	2
12014691	12014696	1
9508498	9508497	1
6052990	6052989	1
6943797	6943798	1
1775314	1775335	2
11336133	11336134	1
5504900	5504903	1
11991987	11991988	1
1228945	1228946	1
5933669	5934632	1
6562471	6562469	1
2725658	2725662	1
6694858	6694853	1
5195843	5195846	2
6634896	6634895	1
11885090	11885089	1
3362154	1724728	1
2961726	2961725	1
11695591	11695592	1
9396055	9396056	1
8106584	8107745	1
6684934	6684918	1
10586799	10586800	1
8016390	8016387	1
5463203	5463206	1
7669060	7669088	1
8963260	8963259	1
12686880	12688269	1
2906089	2888888	2
6159755	6159756	1
1409046	1413193	2
11759218	11759217	2
4607774	4428589	1
10660756	10660755	1
12422820	12422349	2
9562371	9561937	1
7929524	7929388	1
2486707	2486857	1
9503393	9503394	1
4539710	4539709	1
5705760	5705731	1
3064930	3064929	1
7606310	7606158	1
1120938	1120933	1
6945711	6945712	1
6219477	6219508	1
6832366	6832363	1
11550635	11550636	1
3641250	3641249	2
7788996	7788995	2
9848996	7469905	1
6952399	6972764	1
4713639	4713640	1
7172484	7172483	1
4570919	4570920	1
11613743	4087218	1
1139843	1139844	1
11429005	11375255	1
8019481	8019482	1
7827952	7828063	1
3955189	3751242	1
6559724	6559723	1
10604771	10604772	1
5627769	5627764	1
11430227	11430196	2
5371344	5431827	1
8180144	8181006	1
12053877	12053878	2
5704153	5704154	3
9778010	9778009	2
6565311	6560934	1
9836891	9836892	1
8810466	8810465	1
1736453	1736454	1
11855356	11853579	1
2921966	2921965	1
9353094	9353291	1
6783248	6783366	1
4007671	4007672	1
324618	324318	1
2597721	2597722	1
5704195	7446689	1
5038360	5039291	1
12440027	12440013	1
8285963	8285674	1
10460681	10460682	1
3716740	3716241	1
6733921	6733922	1
1735280	1735279	1
9989214	9989122	1
1565863	1555506	2
5377201	5377202	1
2143437	2143186	1
2272874	2272471	1
3540166	3540165	1
3709540	3709539	1
10280713	10280143	1
6553169	6553170	1
6014688	6014694	1
10409431	10409012	2
8045377	8045466	1
61008	61007	1
3811817	3811818	1
7334349	7350934	1
12360709	12360710	1
2297151	2297168	1
1333187	1445555	1
811669	7309462	1
362310	362309	2
7095512	7094735	2
4585236	4585217	1
6457233	2268572	1
6551242	6552539	1
3698112	3698270	1
9583836	9585031	1
1979765	1979766	1
11426265	11255296	1
3339248	3339247	1
1882448	1882447	1
6852488	6852487	1
5008500	5008497	2
11488472	11488499	1
11359731	11361890	1
680678	8441763	1
10418005	10418006	1
9074724	9074771	1
2122464	2122463	1
5334484	5335002	1
10912338	10911543	1
3922342	3922341	2
8062106	8062105	1
6691283	6691286	1
11840288	11840287	1
777362	778729	1
954414	954413	2
9331619	3706992	1
9958345	9958315	1
9158399	9158400	1
6375782	6375781	1
1058132	1058094	1
4942645	4942646	1
5490629	5490630	2
65105	70168	1
6802340	6802339	1
3263303	3263304	1
11885225	11885226	1
3100471	3101317	1
6953587	6952427	1
8696624	8696623	1
11650094	11650093	1
788302	10903668	1
944725	944726	1
4699593	4529632	1
9680808	9681000	1
9267126	9267125	1
6432987	6432988	1
6311173	6311174	1
11384131	3639587	1
10045709	10045710	1
3990602	4113446	1
9418451	9418452	1
6439504	6439503	1
2644598	2646310	2
6922413	6922421	1
5075681	5075653	1
11078891	11078879	1
5381601	5381716	1
12136083	12235424	1
6256123	6256124	1
3495575	3497425	1
700215	700216	1
1801233	1801234	1
5842049	5842050	1
2573060	2571346	1
10186112	10186111	1
8372474	8372865	1
9540940	9540957	1
3034517	3034518	1
8309678	8309677	1
1080476	1080473	2
12160840	12160839	1
11728057	11728237	1
7690945	7690946	2
5452581	5452582	1
4345147	4345152	1
11396476	11394922	1
8578053	8561674	1
8950434	8950433	1
8481328	8481327	1
8301027	8301032	1
6033922	6033919	1
10340333	10342394	1
277491	272322	2
8871216	1071445	1
5439773	2970481	1
1705484	1705461	1
10018755	10018771	1
10451956	10451955	1
415851	415852	1
6478944	6480679	1
6148940	6148939	1
7512033	7512036	2
3909676	3909675	1
10971729	10971731	1
7049854	7049853	1
11632623	11632624	1
12387888	12393934	1
1036842	6366441	1
6533489	6533490	1
10723564	10723563	1
2966617	2966618	1
4142957	4142896	1
11883030	11883073	1
3243442	3243441	1
3169395	3169342	2
9855603	9855604	1
1094067	1094076	2
9318557	9317908	1
11417389	11417810	1
11122668	11122667	1
8778887	8778888	3
8535778	8517384	1
10097790	10099136	1
5659876	5659890	1
8581145	8581177	1
12430280	12430896	2
6135058	6134421	1
1493731	1493732	1
5504573	5504574	1
12591045	12591052	1
4061555	4061556	1
12778533	12778534	1
12133014	12136445	1
8187540	8185926	1
1037158	1037157	1
6310551	6310554	1
611533	611638	1
1852238	1852237	1
11494244	11495706	2
6727182	6727181	1
7518457	7518458	1
5272026	5272025	1
6982901	6982902	1
2305304	2305303	1
6778083	6778086	1
5292141	5292138	1
7070395	7070402	1
8308175	8308173	1
10622384	10622565	1
5528654	5528653	1
5086072	10198408	1
2260196	2260236	1
12737198	12129085	1
8399644	8401136	1
4071648	4071645	1
2665083	2665084	1
12196979	12673367	1
1403803	1404116	1
825052	825051	1
1209642	1209641	1
12301077	12302398	1
4469613	7724994	1
3959925	3958807	1
9479376	9479422	1
4537549	4537550	1
2961816	2961815	1
3598184	3598270	1
8059614	8058753	1
10079259	8182759	1
1410153	1409466	1
10198605	10198606	2
9080764	9080763	1
4993661	4993662	2
7372182	7372181	2
8093149	8093133	1
4989562	4989561	1
11757547	11757550	1
6684888	6692155	1
7952695	7952853	2
382936	382935	1
228911	228949	1
3483351	3617534	1
12546974	12625390	1
8892233	8892160	1
515874	515876	1
2786333	2786334	1
8155981	8469028	1
12180990	12157809	1
339155	339158	1
5452156	5452155	1
10121395	10121527	1
11667620	11664355	2
1228943	1228944	1
12547333	12545217	1
5437224	5437218	1
12301229	12151051	1
1213971	1213972	2
6256801	6256810	1
8418561	8417261	1
8859447	11307582	1
9096397	9097055	1
2828432	2828429	1
6726148	6726147	1
4433458	4433457	1
9868133	9868134	1
9108580	7327334	1
10702022	10702021	1
5452158	5452157	1
8413635	8413636	1
10040658	10041049	2
2361585	2361586	1
6249274	6249273	1
11316950	11317493	2
1536928	1536888	2
11925638	11925641	1
1747015	1747155	1
12241374	12241373	1
3681526	3681442	1
4091687	4091688	1
2018597	2038808	1
100299	100300	1
5760216	5760213	1
9984876	9984875	1
12398061	12398087	3
9341787	9341788	1
5132591	5132582	1
813189	813190	1
2525366	2525365	1
2413344	2413333	2
305579	305580	1
9297627	9297655	1
4656923	4656924	1
2652998	2652997	1
9557601	9557422	1
6866313	6851707	1
5188836	5188835	1
4145852	4145498	1
561048	561047	1
875601	875589	2
4106779	4106780	1
7709280	7708548	2
3249260	3249270	3
3748412	3748411	2
1317634	1317539	1
9116821	9116822	1
8352901	8352902	1
1936114	1936113	1
4998995	4999045	1
1328763	1328764	1
11201789	11201792	1
6326868	6327072	1
7094545	7094546	1
11415354	11415353	1
11620091	11620092	1
4919490	4919484	1
11788731	3268513	1
6643080	1192053	1
7546325	7546326	1
1571417	1571418	1
2414210	2414921	1
7788994	7788993	2
2661320	2661319	1
4585234	4585237	1
2253666	2254485	1
406821	403175	1
632117	630203	1
11289743	11289744	1
3479074	3479073	1
2427263	2427264	1
425567	425568	1
10751122	10751121	1
8075179	8075180	2
3797094	3796950	1
9018936	9018996	1
3874135	3874316	1
11678914	10160108	1
12251190	12251185	1
195011	194697	1
1536823	1536826	1
2195173	2195174	2
4274058	4273406	1
4132152	4131807	1
8775509	11642129	1
10190055	10189069	1
3533219	3533222	2
4001120	4001119	1
1499584	1499583	1
7869198	7869201	1
7443727	7443719	1
10858594	10858593	1
8865256	10982296	1
11519121	11519122	2
1333320	1333311	1
5249821	5249812	1
8041301	8043041	2
12138115	12138116	1
11230597	11230604	1
7548825	7548826	1
5436203	5436204	1
10384166	10384163	1
828980	826170	1
1571233	1571234	1
8561276	8566817	1
2722228	2722227	1
3192348	3192283	1
11010144	11010143	2
4425132	4425131	1
7975215	7975531	1
8001670	8001431	2
10060305	10060306	1
11011425	11030092	1
9483993	9487652	1
2760367	2760368	1
4112943	4112944	1
10283429	10283430	1
11722981	11724498	1
11844574	11844571	1
10280278	10279093	1
1793348	3971416	1
11434861	11435157	1
10291818	10291817	2
1298622	1298621	1
5899099	5948515	1
11467291	12309953	1
3877902	3877672	1
3117245	3117246	1
8708403	8708404	2
6277575	6276592	1
4084040	4084039	1
2752783	2752784	1
10437977	10437980	2
7818932	7818931	1
10718231	10717862	1
3359807	3360215	1
6189394	6189393	1
3634435	3810535	1
9555887	9555888	1
4702995	4702996	1
6153143	6136739	1
8769567	8769550	1
656755	656756	1
11193315	11193316	2
7660313	7799221	1
9100800	9100799	1
9577771	9577772	1
275157	275158	1
5974147	5974148	1
8265568	8265567	1
3558217	3558218	1
12608990	12608989	1
2945051	2945052	1
5330902	5328579	1
2382654	2382896	1
12645458	11780844	1
2210592	2198838	1
9597334	9595840	1
9903782	9903753	1
12180992	12180991	1
2282673	2282209	1
3442253	3442246	2
5195614	5195613	1
4533917	4533918	1
823092	823091	1
4223243	4223244	2
8863893	8863894	2
8950024	12722554	1
10987678	10987710	1
1758741	1758742	1
11491458	11491457	2
8315076	8315075	1
4279716	4279715	2
5114764	5115588	1
7235650	7235649	1
837116	837217	2
1057880	1057879	1
6477281	6477282	1
11515334	11964957	1
1642383	1642384	1
844670	844665	1
2340123	2340124	1
10765537	10765538	1
9465400	9465399	1
5498273	5498268	1
4984715	4984628	1
1407587	1408373	2
229473	229474	1
4613742	4613949	1
9433726	9432523	1
4215911	4215914	1
470402	470401	2
3884970	3884908	1
10171613	10171614	1
7677106	7677105	1
2583777	2583792	2
8561823	8562328	2
11405536	11405535	1
10774235	10776974	1
11071666	11071663	1
2815708	2815707	4
5773859	5773860	1
1008717	1008698	1
964000	964244	2
6107752	6107751	1
11530150	11530147	1
3004312	3004315	1
3580324	3580340	1
969189	968457	1
462437	461338	2
1026721	1059016	1
12319418	12319417	1
4185338	4184856	1
796507	795060	1
972137	972138	1
12156815	12156816	1
8052900	6859463	1
8629278	8629275	1
544305	544306	1
9080886	9080885	1
3775714	3775713	1
2543468	10620871	1
9007031	9004087	1
11546228	11546227	1
3024192	3024329	2
618981	618982	1
2152607	2152608	3
1419018	1327198	2
7678223	7678226	1
7547272	7547277	1
6553960	6541312	1
3071648	3071647	1
10915537	10915538	1
7833005	7834837	1
8990313	8990314	2
5862757	5864767	2
10828962	10828921	1
6279983	6439646	1
5702094	5702093	1
10194208	1793001	2
7958075	7958076	2
4586227	4586230	1
5276054	5276051	1
406833	402099	1
7407078	7407314	1
12401122	12401121	2
9301767	9301768	2
8584107	8584108	2
836808	836807	1
11367906	11367903	1
880632	880631	2
8451268	8451267	1
12723857	12723650	2
8248333	8248394	1
9526543	9526544	2
8284857	8284858	2
1536887	1536888	2
9962310	9962309	1
3300090	3300035	1
12187025	12187026	1
3638596	3638451	1
3205782	3207642	1
12722719	12178512	1
1398161	1397576	1
8575742	8575741	1
5623839	5623840	2
176908	177386	1
8757163	11325174	1
1177133	1177108	1
9330238	9566164	1
2266737	2266738	1
5866060	7072536	1
8681925	8681926	1
9670577	9666123	1
7339337	7339338	1
3235245	4042840	1
10263400	10263399	1
11409637	11409638	1
6525166	6525244	1
8832967	8832968	2
564912	564911	1
4015390	4015626	1
4432370	4386432	1
3329896	3329886	1
585985	585986	1
9101347	9101348	1
4171628	4318011	1
2899622	2899619	1
153153	146704	1
7339484	7339330	1
2151443	2151444	1
4070930	2896652	1
9285884	9285930	1
2477893	2477894	1
11445587	11445588	1
4267851	4267852	2
5977132	5979442	1
4955303	4955307	1
8042115	8043415	1
12177951	12177952	2
3991106	3991097	1
9171419	9171471	1
9160179	9160168	2
12654880	12654618	1
8827094	12160196	2
8547267	8414996	1
11080439	11090941	2
12233845	12233846	1
11750626	11751214	1
3903751	3903752	1
7403417	7403418	1
6179178	6179177	1
3857619	3867732	1
10334497	5046064	1
619683	619684	2
3133058	3135074	1
9938635	9938647	1
3715726	3715718	1
9358684	9357945	1
12347377	12347380	2
12286824	12286823	1
9147677	9147680	3
7296009	7296010	1
12397986	12677967	1
10016031	10015981	1
3592375	3592410	1
8742272	8742286	1
12717729	12717730	1
9064904	9064903	1
7056553	7056556	1
6838587	6838588	2
838264	838263	1
12290253	12290254	1
2841533	2841534	1
7902321	5104171	2
5638150	5638149	1
11289292	11288569	1
10828615	10828616	2
7127265	7127359	1
11906450	11907815	1
12676674	12676710	1
12402730	12402345	1
428212	426840	2
11377711	11377723	2
6625916	6625922	1
10433699	10433700	1
8796575	8796576	1
12604514	12604513	1
1015978	1015971	1
5704155	5704685	3
339157	339158	1
12335271	8952755	1
9352771	9352772	1
1250976	1250975	1
8543747	8543748	1
8575015	8575020	1
55297	55113	1
5547683	5547686	2
6194082	7964215	3
12391387	12470715	1
7678724	7678723	1
11697049	11696262	1
5050407	5190141	1
7757339	7757340	2
2461724	2462016	1
4608984	4608983	1
7971150	7971149	1
8828275	8827155	1
824825	824828	3
7606802	7606795	1
344539	344561	1
4662099	4664707	1
429673	429674	2
6451944	6451943	1
5474430	5474193	1
6591532	6591531	1
2150545	2150546	2
2938941	2938937	2
1485013	1515459	1
2558736	2558733	1
945936	945935	1
11156296	11156295	2
4680513	4688610	1
428607	426082	1
11396478	11396477	2
7112480	7112479	1
798466	798328	2
6481114	6483780	1
9279598	9279597	1
11387185	11387186	2
11895929	11895930	1
4207655	4207656	1
2179035	2179036	2
2925334	2925331	1
1293721	1301700	2
11039387	11039388	1
12423204	12423207	1
2988667	2984792	2
10128376	10128375	1
12796046	12796870	1
1179382	11354706	1
3927953	3247578	2
4189239	4189240	1
259500	249735	1
4199453	4199454	1
836122	836121	1
10863782	10864586	1
916147	916148	1
6447590	6447589	1
5273910	5273907	2
5065262	5065240	1
637945	637946	1
999648	999647	1
280507	282239	2
5819125	5819126	1
1204508	1204507	1
5565546	5565545	1
193634	191507	1
11581681	11581682	1
5214347	2339610	1
10301417	12330069	1
4028781	4028782	3
6772229	6772207	1
7926923	7926924	2
10729878	10729881	1
12374642	12374648	1
1548759	1548760	1
11787101	11787102	2
3358275	3358276	1
9501760	9501759	1
11547692	11546476	1
7824789	7824964	1
5969306	5969314	1
7063539	7063835	1
7862217	7862218	1
4676717	4676718	1
4256829	4256830	1
9895704	9897846	1
4674876	4675469	1
846326	846311	1
1973113	10351143	1
6260127	6260128	1
12771605	12769834	1
259330	259355	1
1071920	1071571	1
4044710	1534328	1
2467846	2467845	1
5600807	5783513	1
11275194	11275185	1
9044923	9044924	1
7292952	7293923	1
8710517	8710518	1
4054689	4054273	1
2001664	2001632	2
8034754	8034753	2
8201849	6891844	1
5560329	5560330	1
8181954	8181951	1
8043031	8043032	1
4513118	4513117	2
10335058	10335063	1
11405528	11405671	2
4491864	4491863	1
7064150	7064149	1
7253155	7253156	1
9518657	9497067	1
11033422	11147209	1
11774179	11774861	1
4070859	4070860	1
4283315	4282794	1
1019304	1019303	1
11828108	4836770	2
412954	412951	1
1119402	1119401	1
1563971	1563972	1
445321	445226	2
10822445	10822177	1
1395692	1395710	2
7446453	7446454	2
12175279	12175280	1
1081957	1081948	1
12009013	12008995	1
12802868	12802867	1
12722053	11404386	1
8684275	8684284	2
6503317	6815306	1
6564467	6564468	1
9548132	9548162	1
6841321	6841322	1
3048728	3046806	1
108394	127957	1
4297415	4297416	1
8558411	8558412	1
8949355	8949356	1
3290606	3279376	1
1656427	1656428	1
4613248	4612485	1
892914	892919	1
5312405	5419583	1
10381999	10382000	1
1734288	1734287	1
4238361	4238362	1
2056404	2056403	1
952493	952502	1
3095451	3095452	1
10896221	10896544	1
5115088	5165910	2
2937996	3330599	1
8447831	8447968	1
11000669	10999876	1
10812858	10814301	1
2277787	2277788	1
9464582	9464581	1
3058080	11939652	1
5282839	5282840	1
10475932	10475931	2
8727464	8727479	1
11239478	6123153	1
1306639	1306640	1
5302216	5489611	2
1089556	1089531	1
3245783	3245784	1
9305181	9305182	1
8402864	8402857	1
11846695	11846696	1
6779495	6779496	1
2228842	2228757	1
12592857	12592858	1
775789	775745	1
11603141	11977153	1
11657283	11657284	1
145350	145349	1
9770919	5585892	1
9484769	9484770	1
10299743	10299744	1
11286783	11286784	1
5198544	5198543	1
1664930	1664929	1
11885088	11885083	1
6682030	6682033	1
1915800	1915711	2
4363167	4363170	2
1024597	1024598	1
11093071	11093063	1
1407279	1407280	1
4362499	4610661	1
10118159	10118162	1
9351093	9351094	1
10264198	10264197	1
5308647	5308648	1
10476949	10476846	1
3362744	3362743	1
6901358	6901342	1
4454479	4454511	3
3611296	3611317	2
783081	783084	1
10367562	10367561	1
6127361	6127391	1
10060466	10060461	1
11152534	11154088	1
3554025	3690593	1
5222997	5222998	1
3798479	3798480	1
4116127	3856511	2
11799979	11799984	1
2067942	2209578	2
3113981	3113982	1
2957773	7369839	1
9921274	9921273	1
10759148	10759145	1
11334206	11334205	2
8014698	8014702	1
1307545	1307681	1
2734564	2734748	1
8032050	8032040	1
6880110	6880004	1
2403896	2403893	1
2091753	2091754	1
1111269	9965857	1
1197255	1197237	1
8182974	4302693	2
9703271	9703272	1
4536973	4536974	1
358371	358372	1
3092163	2978009	1
9492624	9492562	2
1421878	1421536	1
6713357	6713360	1
5767855	5767846	2
12511875	12511876	1
989740	992258	1
3338067	3338068	1
7994604	7994603	1
3265288	3265287	1
11772120	11772119	1
4054992	3250319	1
6580511	6580542	1
8559143	8337648	1
9534010	9531418	1
7813536	7813535	1
10896172	10896166	3
3737136	3737094	1
5442995	5442996	1
12522707	12522708	1
8152132	8471577	1
2375920	2375919	2
3409361	3409362	1
11677006	11677005	1
6093175	6092954	1
12267225	12129571	2
9141404	9142628	1
4108477	4106711	1
4650029	4650086	1
1231701	1231702	1
7190885	7190896	1
11131676	11131673	1
8792945	8792946	2
8086106	8086105	1
3999067	3998925	1
1873416	1873481	3
3506305	3506306	2
6915446	6915445	2
8763785	8763786	1
5443376	5443609	1
1125431	1125432	1
6003971	6003974	1
8194865	8194754	1
6358115	6358116	1
3515168	3515906	1
5065475	5065380	1
8022947	8022948	1
11504382	11492407	1
8849776	8849830	1
11184926	11184925	1
7875458	7874274	2
4125590	4125589	1
3007798	3007797	1
6704614	6704602	1
3491073	3491074	1
8345506	8345505	1
1570597	1569988	1
3255274	3255273	1
9544176	9544175	1
171042	162311	1
5704107	5704108	1
3032799	2894805	1
2427061	2427064	1
8368225	8368150	2
7794821	7794822	2
2339856	2339855	1
9250698	9250697	2
12225135	12225136	2
6427886	6427955	1
3050027	3049224	1
7121450	7121680	1
11316032	11316029	1
8901182	8901181	1
8105201	8105371	1
2353063	2353376	1
4041303	4041304	1
1597977	1597978	1
2158090	2158089	1
5425969	5426693	1
4133481	11688928	2
2355000	2354999	1
2387715	2387716	1
4709252	4709247	1
3910934	3910933	1
1515948	1515947	1
8764532	8763755	1
11553353	11553358	1
6926057	6925032	1
4048643	4049946	1
3541582	3541550	1
5862140	5862137	1
5817158	5817157	1
5432200	5432199	1
12503566	12503565	1
2537831	10713486	1
11314307	11314308	2
8874821	11770810	1
189213	189214	1
10698208	2535810	1
9296685	4253948	2
1458427	1458870	1
7723359	7723360	1
7773749	7932619	1
12727048	12727045	1
3946665	3946666	2
2390893	2387481	1
12204626	12204707	5
1116651	1116316	1
1847806	1848053	1
11414363	11414466	1
6705908	6703359	2
11997995	11997996	1
4424776	4424775	1
3691967	3691968	1
9983822	9983821	1
12722096	12722095	1
3563381	3563397	1
11662485	12429088	1
8503541	8503542	2
758066	758069	1
10079788	10079787	1
8729958	8729957	2
8547346	8547345	1
202685	204469	1
438760	447799	2
10718374	10718347	1
10632922	10632391	1
12029289	12029797	1
9839968	2171394	1
5990922	5990919	1
10041483	10041484	1
1459111	1459114	1
9054849	9055232	1
8214861	8214862	2
3934833	3934855	1
249257	249258	1
10981943	10981851	1
597797	597997	1
1324093	1324094	1
590010	590007	1
12354288	12354287	1
11773908	11773416	1
8666249	8666250	1
1660215	1660216	1
3473483	3473498	2
1447432	1448125	1
8212865	8211703	1
9638065	9638067	1
5540751	5540752	1
10476477	10476372	1
8378855	8378856	1
11185459	11186940	1
11472006	11472005	2
8860672	8659576	1
10730346	10730343	1
7427702	7427701	1
9272931	9272932	1
10385598	10385597	1
5308255	5308256	1
11422338	11422561	2
9512551	9512554	1
10357345	10357346	1
12662617	12663482	1
4117410	4117409	1
4472578	4472577	1
12698027	12698055	1
2323717	2323781	1
11395054	11395053	1
1352575	6937335	1
7848452	7849375	1
11871694	11871135	1
12642899	12642184	1
6940636	6940671	1
2525364	2525361	1
8971749	10208220	1
9465810	9465809	1
8527789	8527790	1
2445215	2445074	1
4304288	4304291	1
6480434	6479559	1
5378076	5375717	2
8069187	8062313	1
2326194	2326193	1
7216201	7216137	1
12613360	12613359	1
8008770	8008769	2
4713905	4713906	3
12133915	12133916	2
7160790	7160789	2
1570027	1570028	1
11599364	11599363	1
11156544	11156541	1
5830017	5830057	1
11323912	11323644	2
6558345	6545343	1
12550260	12550606	1
4288917	4288918	1
3280011	3280014	2
8791632	8790880	1
12670868	12670890	1
5141697	5324162	1
12467361	12467362	1
2230618	2230560	1
372459	372460	1
9054427	9054415	1
6469146	6468915	2
4674256	4674240	1
11585797	11585798	1
6379059	6370856	1
12172340	12172489	1
3738168	3738167	1
12762725	12762726	1
12736128	12738457	2
7384632	7384427	1
2895475	2895519	1
9054988	9054987	1
4795921	4795922	1
7779420	7779419	1
11890597	11890667	1
11915237	11915238	1
97322	97272	1
4126007	4126014	1
11334208	11334205	1
885904	885903	2
12475073	12474756	1
8976616	8976615	1
1823955	1823956	1
6495977	6495978	1
755398	755400	2
8017573	8017574	1
3066271	3066272	1
10588768	10579019	1
12134261	12134146	1
4691895	4691896	2
11592176	11592175	2
7568992	7568991	1
5876013	5876014	1
10986604	10986603	1
10208493	8184825	1
408998	409085	2
3660791	3660792	1
4566348	4566347	1
3459143	3459144	1
10873328	10873325	1
3277785	3277786	1
1987247	1987285	1
9296602	7481606	1
2576136	871496	1
4880039	4881034	1
9079609	9079610	1
2555819	2555820	1
8896909	3537668	2
8652556	8652555	1
12255706	12255703	1
12464558	12462847	1
5670187	5670133	1
1116579	1116580	1
2315528	2315527	1
6126978	11926500	1
11335666	11335665	1
8778339	8778340	2
7704219	7704179	2
5334981	5334982	1
6106631	6106632	1
10622492	10622505	1
3928059	3928060	1
11660576	11660575	1
1407380	1407357	1
9707182	9707093	2
11967662	11965784	1
7619844	7618653	1
9509937	9509887	1
181808	179864	1
12799618	12799621	1
3744148	3744126	3
6533487	6533488	1
3358269	3358089	1
4123874	4039280	1
298610	298556	1
7112478	7112396	1
7940649	7940650	1
1146383	1144302	1
484494	483828	1
8351948	8351808	1
10583745	10583746	1
9498684	9498683	1
10400270	10400269	2
11156322	11156235	1
8658252	8658251	2
8072270	8072269	1
5114769	5114806	1
11242441	11336139	1
9318524	9320604	1
11699259	11699260	1
5022476	5022475	1
11429712	11430472	1
306105	307464	1
12192700	12192699	2
1655099	1655100	1
528849	528892	2
1804443	1804446	1
7861764	7861763	1
8922059	8922055	1
11943046	11943240	1
10183819	2342486	1
175926	175925	1
9565962	9564852	1
10414316	10414315	1
6446411	6446391	1
1756723	1756776	1
968615	11752443	1
783053	783054	1
4280326	4280323	1
8678342	8682383	1
8239875	8239876	1
11627373	11627374	1
10284750	10284721	1
7224005	7224006	1
7536122	7536681	1
3354117	3353976	1
4990629	4990609	2
3195092	3195089	1
1488395	1488396	1
12796330	12796329	2
9013229	9013230	1
2701023	2701024	1
8618073	8618074	1
1869432	1869448	1
746690	746624	2
3033591	3033592	1
8757496	8757489	1
1400448	1400447	1
6795412	6432598	1
6534983	6534984	1
7806290	7806289	1
5818824	5818704	1
9326540	9326535	1
4094588	4093084	2
8003873	8003839	1
3984430	3984429	2
1600683	1600449	1
3628812	18851	1
2005911	2005912	2
757825	757797	1
4714973	4715060	1
9538109	9538110	1
823654	823375	1
4452848	4452847	1
7949711	7950733	1
8722976	8722975	3
10438484	10439438	1
6490032	6490031	1
2244503	2244504	1
5431881	5430463	1
10708780	10708777	1
8399574	8399571	2
5880736	5880735	1
10312240	2386902	1
5148282	5148281	1
12237868	12237867	1
11905295	11905296	1
9346641	9346642	1
11331346	11331345	1
2190053	2183811	1
656657	656658	2
10504858	10504857	1
12533269	12533270	2
255309	255351	1
5974226	5974222	1
931000	932170	1
8208331	8208332	1
4136582	4137823	2
9086852	9075223	4
518755	518586	1
12598374	12598373	5
346921	346922	1
6048375	6048376	1
7033452	7033449	1
12475689	12485665	1
12371661	12368663	2
10121848	10122767	1
5594019	5594020	1
11789868	11789867	2
76023	76026	1
5122124	5122119	2
12693905	12693996	1
4122677	4123749	1
7242877	7242916	1
6534360	6533803	2
3908879	2984100	1
4143735	4143819	1
4842131	4842287	1
6930880	6930879	1
11307462	11307556	2
3340553	3340554	1
10441848	10441847	1
9101220	9101219	3
12238910	12238909	1
1294483	1294484	1
9860356	9859799	1
8598954	8598953	1
784613	784645	1
8456804	8456803	1
6203835	6203836	1
8613456	8613455	1
4596774	4596771	1
3929217	3929218	1
3089981	3089982	1
3969341	3963149	1
7733918	7725504	1
10082063	9967614	1
5896538	11334048	1
1899854	1899830	1
4380599	4675856	1
4938840	4938843	1
10755304	10755358	1
3886748	12197951	1
101642	101605	2
5576837	5576812	2
872053	871563	2
5511489	5511533	2
10263406	10263710	1
5806275	5806276	1
8670806	8670805	1
7960666	7962006	1
2182616	2195653	1
8788749	8787570	1
8846480	8846479	1
6043415	6043382	1
12480638	12480641	1
583658	583662	1
8705653	8705656	1
2266892	2266885	1
5004447	5441730	1
10209992	10209991	1
8536279	8536207	1
8415218	8415217	1
5810132	5704608	1
1361066	1361130	1
2106855	2106856	1
6409683	6520613	1
6009680	6009683	1
7058186	7058159	1
6765066	6765065	1
885570	885568	1
5485213	5148283	1
9090963	9090966	1
11749572	11749571	3
11835442	11835441	1
2537319	2537320	3
1763533	1763534	1
11371462	11371496	1
10115823	10115824	1
10975324	9256277	1
5333488	5333487	1
10451803	10451804	1
5476042	5476041	1
77220	77219	1
9300219	9300220	1
9374396	9374395	1
10233777	10233778	2
6062450	6061319	1
11611160	11611156	1
7368523	7368524	1
633130	633127	1
11721897	11720300	1
8695791	8698240	1
11760205	11760206	1
11793558	11793557	1
9324920	9324919	1
5086963	5086964	1
6525093	6525094	2
2172130	2172125	1
9291593	9291582	1
1290547	1290583	1
3708581	3735997	1
1282231	1282232	1
204637	3013025	1
6791973	6790854	1
897304	897303	1
9068127	9068128	1
7755498	7755722	1
6359240	6359078	1
4570942	4571142	1
11154295	11154286	1
2087534	2087533	3
3932496	3932491	1
3286409	3286410	1
7749967	7753989	1
2772052	3355425	1
9427405	9427299	1
5716855	5716856	1
3365159	3365160	3
3074017	3074053	1
5232129	5232132	1
7579661	7579662	1
445606	445549	1
890799	890800	1
11926004	11926003	1
8862287	8862290	1
750680	750679	1
4026346	12769294	1
686440	685332	1
8308766	11393333	2
9756345	9756348	1
7233138	7233137	2
8538573	8538574	1
3046673	3046674	1
1115201	1114485	1
11484548	11477718	1
12698401	12698402	1
12232535	12232540	1
8530081	8528542	1
10820343	10819723	3
11616116	11616113	1
7717125	7717128	1
10607252	10607255	1
4248123	4824874	2
6257387	6257388	1
11737737	9530650	1
12029796	12029795	1
3959840	3959837	1
865226	7442113	1
10476284	10388307	1
5269713	5269690	3
8432234	8432215	1
2409591	2409592	1
1722091	1722092	1
6450022	6450021	1
980492	980491	1
7372176	8518369	1
3902376	3901884	1
1351638	1351635	1
1089113	1089119	1
10479369	286736	1
497550	497549	1
10397635	10397636	1
6125225	4559561	1
8886293	8886286	1
10449639	10449666	1
9669592	9669590	1
6249276	6249275	1
5102104	5102103	1
4123450	4123512	2
2447003	2446305	1
11031102	11031101	1
5734511	5734512	2
9577642	9577641	1
292035	292036	1
9348924	9348923	1
5639774	5640887	1
12567830	12567829	1
5117701	5117702	1
9108768	9124934	1
277286	277285	2
12718967	12718968	1
11290582	11293633	2
7117770	7117773	1
2854414	2888842	1
8653063	9071190	1
4107634	4108678	1
6998905	6998906	1
4257725	4257320	1
12208716	12208715	1
4199176	4202721	2
12462519	12462520	1
2819068	2819067	1
5543478	5543475	1
3831307	3831308	1
2181505	2181517	1
11567394	11567391	1
7108545	7109138	1
4067527	4067528	1
10654617	10654620	1
8761851	8761852	1
51617	51859	1
1986522	1986521	1
8979107	8979120	1
1611193	1611194	1
4387206	4387205	1
4481206	4481216	1
11718878	11718877	1
1705186	1705288	1
2637157	2637158	1
10529558	10529020	1
1454086	1454031	1
12323016	12351738	1
1296210	1295148	2
7661447	7661448	1
767251	767252	1
11241597	11241346	1
1437601	1437517	2
10301681	10302741	1
6289865	6289814	1
8456802	8456801	2
3030763	3030407	1
9684375	9685096	2
8559470	8349347	1
12735604	12735583	1
2899693	2899694	2
7675296	7675295	1
12387087	12387088	1
4273007	4272032	1
8920637	8919277	1
6013489	6013251	1
6850626	6849477	1
5639062	5639073	1
2379072	2379071	1
3477320	3477319	1
2485423	2485444	1
9542202	9542201	2
10267049	10296460	1
11480211	11480212	1
5443099	5443247	1
2099970	2099945	1
2640014	2640042	1
11149938	11147847	1
5191765	5191766	1
7376555	7420715	1
2621846	2621845	1
5228555	5230748	1
8753875	8753876	1
6359352	6359390	1
5432202	5432201	1
7148286	7150366	1
4831398	4831339	1
6704907	6704908	1
8367590	10283017	1
10605915	10605916	1
10766666	10766665	1
264335	264336	1
6333231	6332755	1
9743407	9745656	1
1588451	1588452	1
9009376	9009365	1
6119107	6119108	1
6372202	6372193	1
6106327	6106330	1
8927810	8927821	1
6864960	6864888	1
6859600	6859599	1
10331417	10331404	1
364230	364229	1
2313270	2313269	1
4479855	4479655	1
2370291	2370292	1
8973193	12225086	1
5489153	5489165	2
4110534	4110533	2
4482395	4481455	1
3248335	3247937	1
11849747	11849748	1
7966987	8001856	1
9854811	9854812	1
7650520	7651830	1
9773625	1444971	1
2309087	2309072	1
12446439	12446440	1
6578380	6578368	1
7563807	7587184	1
9494974	9494969	1
6755016	6755015	1
12329965	12329907	2
3323357	3323360	1
11908266	11908265	1
3785895	3785953	1
3929174	3929794	2
9694427	9687730	1
1114566	1119850	1
4030912	4030911	1
8844668	8845214	1
11786426	11786425	1
6938855	7157242	1
8554634	8554632	1
983975	983976	1
11672514	11672511	3
9000683	9000684	1
11461850	11461849	1
12744792	12744791	1
3103267	3103199	1
6166031	7925325	1
4832350	4832605	1
6015975	6015140	2
11264473	11272731	1
6142151	6142171	1
7761466	7761437	1
8048283	8048284	1
7275864	7275863	1
7961414	7961392	1
7928566	7928565	1
838966	838965	1
11906169	11889906	1
7351879	7351880	1
3750632	3750637	1
2984804	2984801	1
2846900	2846899	1
12036359	12036360	1
8863077	8863078	1
3971334	3971384	1
10891130	10891129	1
1292105	1291033	1
9112845	9112846	1
12431569	12431660	2
5536980	5536979	1
7106360	7106359	1
9149914	9149913	2
3517697	3517698	1
5991564	5991512	2
12361723	12361706	1
2704446	2704445	2
5012744	5012743	1
7848822	7848821	2
9931720	9931719	1
1297057	7182858	1
2551457	2551458	1
8765178	8765175	1
4580265	4575605	1
8021581	8021586	1
11133094	11133112	1
2869114	2869113	1
8415211	8329817	1
1497518	1497517	1
10828168	10828167	1
5120653	5120654	2
275615	275618	1
10993805	10993808	2
9966007	10082665	1
310994	310993	1
3820949	3820921	1
10170728	10170727	1
4107383	2835917	1
8464816	8465184	1
9316566	9316565	1
8802595	8802596	1
6156475	6156530	1
1538491	1538694	1
2216432	2216431	1
7818161	7818214	2
3369872	3369740	1
1392679	7146727	1
1652850	1652847	1
6842169	6842170	1
3231781	3231665	1
12225088	12225087	1
2784990	2784989	1
5892647	5892648	1
10045547	10044186	1
240451	249648	1
924190	924340	1
10824586	10824385	1
7581043	7580131	1
3748867	3748749	1
8056525	8056437	1
2227400	2227075	1
997761	998153	2
11704277	11704278	1
250655	250656	2
2961987	2961940	1
4636814	4673612	1
10185861	10187664	1
11415270	11415428	1
9976160	2256200	1
10504940	10504939	2
11039137	11039097	2
5558656	5558655	1
3541544	3541541	1
8878551	8878695	2
8784877	8822203	1
11060040	8388799	2
973859	973886	1
8714596	8714593	1
10563596	10564308	1
2551128	2551125	1
3115282	3115095	1
2479189	2479190	3
11771240	11769609	1
8388247	8388248	1
12389499	12389486	2
12160838	12400493	1
11255745	11255746	1
6901784	8284235	1
462292	462291	1
9482869	9482870	1
8989051	8989052	1
62090	62089	1
5202599	5202600	1
5277536	5277535	2
9518540	9518583	1
12535983	12535984	2
10349572	10349571	1
10352325	10352326	2
7235356	7235588	2
4826620	4826659	1
11512070	11512069	1
3210714	3154501	1
525081	525082	1
5246224	5246119	1
11740887	11740888	1
6517314	6518526	1
7302720	7302719	1
9811780	9811783	1
4697870	4697581	1
7764400	7764392	1
7242335	7242336	1
10096021	10096019	3
11415001	11415002	1
11827876	11827875	1
11939907	11939908	1
8738087	8738090	1
2174796	2175065	1
4582962	4582818	2
8675023	8675026	1
12461505	12461506	1
4679544	6126203	1
2334626	2334807	1
1293570	1293599	1
11459970	3121617	1
5992120	5992117	1
7356187	7356188	1
12466760	11908391	1
11817061	11817006	2
6641629	6555753	1
11934893	2157765	1
5577824	5578036	1
12148341	12148342	1
1022564	1022410	1
7734736	7734758	1
7247482	7247478	1
10909679	10909682	1
3103738	3103737	1
10477027	10477028	3
729964	730168	1
4664523	4664604	1
8207287	8207288	2
7012224	7012223	1
7246569	7246570	1
11360421	11350308	1
6496541	6496534	1
9623246	9623245	2
6366964	6366967	1
10187809	10187810	1
11889495	11889734	1
1641468	1641467	1
10959558	10959555	1
8181239	8180991	1
9099064	9099063	1
1581877	1581878	3
4041522	4041433	1
5516325	5515949	1
10803689	10803690	1
9279993	9279994	1
5104787	5104682	1
4184998	4185016	1
11231024	11232100	2
12372145	12360552	1
10498168	10498167	2
11457783	12297471	1
1645243	1645244	1
8566593	8566399	1
351484	351470	2
7703410	7703453	1
32749	32746	1
3509319	3509320	4
10896038	10758350	1
10756124	10756148	1
4720843	2818322	1
8521221	8521222	1
1536977	1536978	1
4538580	4538582	1
5590115	5590116	1
5923563	5923570	1
1200041	1200042	1
9141147	9143360	1
12224438	12135245	1
3309601	3309602	1
689968	689931	1
11757309	11757310	2
7226599	7226600	1
6218086	6220878	1
7915335	7915336	1
2035004	2035003	1
5753308	5753307	1
6973834	6993227	1
12799753	12799754	1
1010507	1009231	1
1241148	1336492	1
7113283	7113286	1
2258966	2258965	1
1341231	1341232	1
4526192	4526191	1
4122758	4122757	1
7881733	5259796	1
4611180	4611179	2
4118385	4118386	2
8324873	8324874	1
11355541	11355542	1
11465443	11464517	1
950776	950775	1
656871	656516	1
2832280	2832279	1
11159787	11208214	1
7180746	7180745	1
11647073	11647074	1
3196802	3196801	1
10471154	10471709	1
2087902	2087727	1
2444564	2444561	1
2637155	2637158	1
10605922	10605914	1
1955602	1955601	1
560710	566357	1
11260243	11260246	1
1536647	1536648	1
11935664	3058069	1
7540182	7540180	2
173088	174368	1
5043604	5043603	1
3339719	3339701	1
8467205	8468435	1
961246	961249	1
5566641	5566642	1
634929	627186	1
2714124	2715540	1
10159977	10160041	1
5244400	5244403	1
10394593	10394594	1
12204437	12203218	1
11850302	11850301	1
11401542	11401545	1
826339	625567	1
8730920	8730933	2
6876510	7227638	2
7286200	7285646	2
1163364	1170480	1
5644420	5644441	1
2508022	2508021	2
4562973	4563923	1
8302153	8301781	1
2253376	2253612	1
1567686	1463373	1
4148641	4148642	1
1108667	1110350	1
4916861	4916862	1
7266230	7266229	1
4711083	4711084	1
1355227	1355230	2
9630343	9422070	1
7618451	7618452	1
1058171	1058481	2
11494333	11493719	1
1634403	1634404	1
3301912	3301911	1
10824252	10825325	1
12672295	9094169	1
7353942	7353941	1
11335438	11335437	1
6451548	6449651	1
655192	655191	3
11496675	11496692	1
11518259	11518260	1
8149916	8149915	1
936902	936901	2
7940647	7940648	1
10332468	10332465	1
444864	444863	1
10144310	10144309	1
10277675	10277676	1
4198432	4198431	1
2214367	2214368	1
5777290	5777900	1
11692411	2655198	1
4028785	4028672	3
8421689	8421685	1
3229477	3229486	2
9424647	9424899	1
4055563	4055564	1
7873775	7873582	1
11445039	11445040	5
3993012	3993009	1
2649424	2649427	1
10455997	10455998	2
10017886	10018548	1
11647101	11647102	1
11166032	8305154	1
7610538	7610537	1
2003640	2003478	1
4264812	9963932	1
1250536	1249751	1
2663051	2663064	1
1668917	1668918	1
6980838	6980837	1
2305306	2305305	1
11156544	11156543	1
11456894	11456891	1
5487469	5487470	1
4303905	4303906	2
4746494	4746499	1
12288348	12276440	1
6634835	6634836	2
5126337	5126344	1
1608290	1604708	1
7439162	7255689	1
438097	438098	1
8765006	8765005	1
5420191	5482546	1
8830080	8831218	1
1273737	1273738	1
7649376	7649138	1
10227292	10227291	1
2643256	11981864	1
10823343	10823187	1
2587373	167483	1
5135204	5135207	1
2587117	9427627	1
12145781	12145782	1
3405733	3405734	1
12420492	12420479	1
1922783	1922784	1
1515951	1515952	1
1913398	1913397	1
11798933	11798808	1
10827201	10827202	1
9140922	8985519	1
8002342	8002341	1
9862748	9862725	1
4542653	4551669	1
7554126	7554125	1
4276201	4276202	2
2298346	2298539	2
8972393	8181613	1
10311687	2389314	2
10498694	10499070	1
1277354	1277353	1
5302701	5279256	1
11183484	11183483	1
827234	821553	1
4936333	4936334	1
8557657	8557588	1
1938332	1938331	1
7706912	7706909	1
4434714	6126355	1
12266061	12266062	1
9123128	6152666	1
4554021	4553974	1
8794932	8794931	1
3005814	3008747	1
6443352	6443349	1
4102156	4102182	2
3634433	3634434	2
265020	265019	1
9058225	9153891	1
8974450	4695700	1
3899106	3899429	2
8763135	11242934	1
11871389	11871359	1
11403658	11403655	2
9937337	9937338	1
3100817	3100818	3
12617151	12617152	1
2647544	2647543	1
1782047	1775963	1
2398446	2398189	1
12389062	12389061	1
6291496	6291495	2
8822438	8787241	1
1045122	1044778	1
3634603	3634604	1
9529948	9529917	1
2161187	2161192	1
1568189	1568192	1
2184400	2184399	1
10239617	10239498	1
6652663	6652664	2
3519793	3515418	1
1239529	9314687	1
886193	886194	1
12229139	12229168	1
2307146	346940	1
6565309	6565310	1
10437225	10437237	1
2449512	2449159	1
1248671	1248637	2
2920686	4067205	1
8661025	8659878	1
5474065	5474068	1
10380061	10380062	1
475886	475885	1
8961021	12723487	1
7602124	7602221	1
9008833	9008834	2
2907135	2907136	2
1694648	1694632	1
6917283	6917284	1
6555809	6555810	2
2994599	2994600	1
2816815	2816816	1
10382292	10383067	1
2254974	2255694	1
4121415	4121416	1
10353916	10353915	1
6945722	6951844	1
11240631	11240632	1
7722243	7722244	2
12462222	12462252	1
6049300	6049299	1
3165277	3164512	1
8471809	8471810	1
12799580	12799611	1
10585844	10586358	1
11355915	11355916	1
3013267	12766489	2
5370460	5370463	1
3994182	3994191	1
10663767	10699082	1
4008200	3556117	1
4702553	4702556	1
11997531	8056365	1
1161973	1161974	1
1105533	1206288	1
11779992	11779991	1
1062588	1065292	1
11149949	11149950	1
1524631	1524681	1
6901067	8455276	1
5906269	5906292	1
8970600	8970599	2
9525897	9505526	1
5277269	5277270	1
6805455	6805456	2
11855049	11851981	1
9047126	9047125	1
3709337	3709338	1
10038683	10038684	1
3259707	3259691	2
6870292	6870291	1
12528888	12528887	1
10730486	10730485	1
2904796	2904795	1
5588353	5588354	1
1406373	1406374	2
7769988	7769987	1
675714	675713	1
1349510	1349527	1
1501568	1501567	2
3238883	3238880	1
12520799	12521655	1
10674576	10672876	2
12629698	12629695	1
11941843	11941844	1
4601448	4601445	1
1562152	1562151	1
521322	521321	1
2517583	2517584	2
8471573	8471574	1
4804325	4804326	1
9931518	9932505	1
1616336	1616384	1
4599416	4733006	1
3942082	3940001	1
296652	10568979	1
3491487	3491529	1
6531174	6531173	1
7465999	7467762	1
9987280	9987279	1
4001246	4001245	1
6465751	6465752	1
2130446	2130448	1
3639337	3639340	1
8869623	8869626	1
11686092	11686091	1
11874902	11855025	1
965411	965412	1
4234656	3398415	1
12804730	12804609	2
5526305	5526306	1
11751202	11751207	1
7479674	7479713	1
10914733	10913410	1
11184924	11183169	1
3239244	3239243	1
8990315	8990346	2
9816800	9816916	1
9853566	9853045	3
10434255	10434256	1
6874039	6874783	2
11783480	11783479	1
75182	77727	1
5459908	5459907	1
11738675	11738676	1
98310	153398	1
11372432	11373436	1
3166095	3166096	1
12237463	12243092	1
3794968	3794961	1
7901100	7900592	1
967964	967945	1
8682148	8682143	1
10476680	10476930	1
7491363	7491364	1
10218785	10218786	1
11855005	11674429	1
9115480	9116518	1
7875935	7875936	1
10267552	10267512	1
2190625	2190626	1
7248516	7248515	1
3143586	3144407	1
4027938	4027937	1
10638361	10638966	1
1152335	1152350	1
356872	356127	2
9801360	9802835	1
6845304	6845303	2
9117469	9124511	1
8831078	8831077	1
4030494	4030493	1
8845139	8845140	2
8521707	8521708	1
3275721	3275722	3
11807729	11522263	2
10927264	10927274	3
3696626	3696625	1
12447414	12447417	1
300566	300565	1
2090624	2047410	1
12289664	12279181	1
9754266	9755646	2
3459145	3459389	1
4469788	4469425	3
6651162	6651180	1
3106758	3106757	1
8827429	8827422	1
11331307	11331308	1
4523696	4523845	1
6656659	6791641	1
6053348	6051537	1
4787383	4787384	2
7092321	7092346	1
11588401	11477798	2
9589860	9589857	1
12696339	12696331	1
8648272	8647958	3
8757860	8760978	1
11412773	8464542	1
7535493	7535498	2
1199523	1199524	1
3981779	3981780	1
9897358	9897283	1
6585422	6585421	2
1837095	1837098	1
6444545	6444546	1
4127031	4127032	1
8917462	8917461	1
11514334	11514333	1
12552952	12557176	2
5012562	5012561	2
9431962	9431961	1
8617855	8617873	1
10471497	10471613	1
12304304	12304303	1
4296287	4296274	2
2663424	3358015	1
9830898	9830911	1
9399670	9042234	1
7499901	7499936	1
9571129	9571130	2
11541963	11243175	2
4694853	4694845	1
5068855	5068856	1
4695009	4695055	1
754569	752979	1
11535820	11535817	1
10042101	10042873	2
4090275	4090276	1
4298034	4298033	1
5590724	5590466	1
1595926	1595925	6
7526662	7526661	1
10481639	10476667	1
5364945	5364946	1
11407895	11407896	2
10134187	10134104	1
4285924	4285923	1
4556964	4556927	1
7154730	7154914	2
3858083	3858084	1
6861326	6861341	1
12299156	12298629	1
7033913	404199	1
2560804	2560803	2
4011035	3997856	1
8703035	8703072	2
10494237	10498170	1
8613969	8613970	2
2309727	2309730	1
8391798	8391783	1
11932712	11928860	1
9568796	9568833	1
12788259	12788260	1
10572217	10572220	1
7253712	7261864	1
938983	938984	1
1105381	1132580	1
8925319	8925320	1
1022094	1022093	1
4008459	4008373	2
7617739	7619654	1
2789400	2789399	1
6696233	6696212	1
1077139	1077140	1
11386418	11386417	1
3370738	3370732	1
6866150	6866149	1
3026852	3026855	1
6998544	6998516	3
4015306	4015309	1
4297361	4297497	1
4387680	4387677	2
7555270	7555269	1
4270804	4270786	1
9041465	9041466	2
5916653	5916643	1
11795102	11788673	1
10820574	10820839	1
12513952	12512914	1
10677884	10677883	1
6897566	6897565	1
11496505	11496506	1
3307437	3307438	1
12714730	12714729	1
12286375	12286313	1
5782362	5740895	1
8969204	8968982	1
2341409	2342262	1
6669355	6668940	1
2598380	2598963	1
9002951	9002952	1
11343397	11350955	1
9843291	9851518	1
11037408	11037407	1
9386779	9386780	1
9861292	9861291	1
4588592	4588591	2
5840481	5840482	2
1500648	1500647	1
3711904	3711903	1
837760	837924	2
355009	355010	1
10309262	10309261	2
2591071	2591072	1
5885411	5885412	1
8767838	11356607	1
12519218	12519217	1
1303508	1303823	1
2655472	2655471	2
441939	441972	1
3777341	3777342	1
11722185	11722031	1
4276199	4276200	3
3299333	3299334	1
9329388	9329383	1
349115	349116	1
12249932	12249931	1
603895	606622	1
7831644	7831643	1
5095519	5095520	1
7392564	7394426	1
7851084	7851761	1
1524434	1524411	1
5507234	5512037	1
4411598	4411638	1
12505637	12505638	2
3233064	3233142	1
12337042	12337428	1
11122117	11122118	1
7211977	7211978	1
9142486	9140886	1
10293041	10291548	1
11128116	11128115	1
7151261	7154171	1
7918338	11829787	2
2573473	2573474	1
5972619	5972577	1
7001986	7001898	1
11687293	11687294	1
11337428	11337410	1
11877834	11877833	1
12225090	12225089	1
3240110	3242565	1
156649	156650	1
6622489	6622490	1
6684603	6751176	1
9570335	9569962	1
1336006	1336005	1
3389007	3388989	1
12135200	12223977	1
9140700	9140723	1
1779721	1780216	1
789298	862328	1
550381	550382	1
5488756	5488755	1
5824882	5828408	1
1835688	1835675	1
2076235	2076248	2
4002415	4002215	1
6510298	6510297	1
11068699	11068717	1
1382545	1382546	1
8982977	8982978	1
7569366	7569365	1
7404785	7404788	3
3939679	3939718	1
8764257	8764258	1
3467267	3467272	1
1541832	1540609	2
8733663	8733664	1
10772692	10858762	1
5310076	5310079	1
1835346	1835349	2
4958355	4958356	1
1996099	1995994	1
749329	749330	1
5817670	5817651	1
8824115	8824116	1
11318374	11318371	1
11469042	11469041	1
7725712	5970125	1
7091984	7092202	1
8367638	8367637	2
2236292	2236289	1
7591509	7591510	1
10468848	10468847	2
5258040	5257985	1
274446	274431	1
4825698	4825666	2
3250726	3928379	1
3265420	3265419	1
11795262	11795261	2
12561943	12562011	2
12121548	12198119	1
9729713	9729725	2
9837440	5705606	1
5895044	8757946	1
2676797	2677215	1
1242187	1242188	1
7067419	7068889	1
6354493	6354482	2
11362048	11362075	1
10079259	8182757	1
6220595	6220596	1
424049	424050	1
1996251	1995629	1
6144402	4255660	1
8298275	12306646	1
11752260	11749971	2
9333954	9335017	1
3063831	3063827	1
11848587	11848526	1
4259517	11682187	2
5642939	5642940	2
10376878	10376922	1
6460498	6460497	1
5445820	5457926	1
2220638	2220552	2
5722721	10765925	2
2925366	2926289	1
4831707	4828827	1
653103	653106	1
5435057	5435058	1
11729265	11729220	1
11303653	11305913	1
6008417	6015303	1
4613236	4613235	1
11152044	11152043	1
8340923	8340924	1
5926017	7772603	1
9180031	9180809	1
9751149	9751150	2
12299230	12299227	1
8291525	8292189	1
7934516	7934515	1
11393664	11393661	1
12165325	12165326	1
8635617	8635618	2
11719852	11719854	1
756787	756788	1
1997913	1997914	1
2523831	2523751	1
5281634	5278147	1
3158165	3165579	1
12311282	12347950	1
2359412	8716797	1
3258111	3258112	1
2844985	2844999	2
11521383	11521384	1
7619880	7619883	1
8613971	8613972	1
5100223	5100224	1
9577964	9577967	1
8225688	8225687	1
11369651	11369855	1
592920	583930	1
1895514	1895513	1
4324494	4324480	1
5459906	5459905	2
842706	842705	2
8796395	8797498	1
3039487	2733245	2
4066396	3978416	1
10936492	10935749	1
12443421	12443422	1
8067201	8067202	1
5365376	5365365	2
11448376	11448375	1
2591073	2591013	1
823904	823925	1
1770415	1770416	1
8690116	8690115	2
12260545	11590289	1
8705319	8792378	1
4105308	2840035	1
5935692	5935462	1
8965703	8960331	1
1288458	1288053	1
1957698	1957675	2
8071092	8071337	1
6716196	6716177	1
5486567	5486392	2
9389042	3554678	1
5460931	5460932	1
7226605	61160	1
10186461	10186443	1
5441845	5454730	1
6081195	5986882	1
3991116	3991610	3
5739718	5739727	1
10983465	10983466	1
1566913	1611168	1
1858623	1856322	2
11738115	11738118	2
5608309	5608310	2
5657821	5657822	1
11533624	11533556	2
1386773	1382338	2
5794844	5794843	1
5734500	5739675	1
7611424	7611429	1
11556141	11556185	1
9597130	9597129	1
2684711	2682996	1
5581219	5581197	1
8860953	8860950	1
8324285	8324265	1
2415527	2415528	1
8666373	8663629	1
10193973	10193974	1
11568085	11569256	1
4092509	4092510	1
1663985	1663986	2
1119880	1119879	3
4568754	4568771	1
1141477	1141468	1
4487541	4487544	2
9698628	9698627	1
5477943	5477946	2
3731779	3731780	1
2929191	2929040	2
6808992	12129683	1
6134783	6134784	2
8776232	8775690	1
1304714	1304713	1
12461119	12460876	1
631426	630769	2
9506259	9506260	1
6018472	6018471	1
5991778	5991092	1
431462	431461	1
6930510	6930509	2
7826399	7826400	1
11943257	11943258	1
8029528	8029566	1
8043051	8043052	1
3031747	3031748	1
9488764	9489088	1
2953152	2953136	1
9759388	9759387	1
11602847	11602850	1
4833577	4833578	1
11027587	11027590	1
10623207	10623208	1
2879830	11488800	1
1499582	1499581	1
8726241	8726242	1
3910373	3911050	1
1329992	1330193	1
3151743	3151744	2
3158163	3158164	1
4747007	4747008	1
1643669	1643670	1
3315229	3315230	1
4009145	4008999	1
10082645	10082657	1
4656733	4656727	1
6030748	6030747	1
6439370	6439424	1
11176018	11176017	1
10379141	10379142	1
1719999	1720000	3
856618	856617	1
12667215	12667218	1
2986236	2970719	1
1050032	1050029	2
6523941	6516635	1
882386	882385	1
5269793	5269760	2
6929322	6929318	2
9020882	9020881	2
4566599	4565172	1
6805192	6805188	1
10273033	10273048	1
6299537	8188927	2
5937032	5937250	3
654973	654865	1
12804114	12806891	1
2235133	2235134	1
2924669	2924448	1
10922336	10922333	1
3690732	3691063	1
11538727	11386901	2
12556944	12626334	1
8797960	8797959	1
7029154	7029153	1
9364806	9364808	1
6273687	6273688	2
1038979	1039038	1
2740585	2740586	1
6562628	6562627	1
9180188	9180187	1
1720001	1720002	2
9273940	9273939	1
4483080	4483079	1
3937577	3937578	1
423407	421883	2
5537325	5537326	1
4786606	4786605	1
12388181	12388182	1
11843114	11834707	1
6368787	6364598	1
2560346	2560345	2
3271283	11779475	1
6562543	6562552	1
2147288	2147285	1
8506997	8317728	1
418430	417883	1
1794562	1794555	1
7122691	7122692	1
3465287	3465288	1
4286249	4286350	1
6959379	1146384	2
7373985	7373986	1
6907817	6907818	1
12783929	12784135	1
2532936	2532935	1
3971168	3971171	1
4991164	3703958	2
1832895	1832896	1
6033708	6033685	1
6482735	1296420	1
201548	111959	1
4059043	4059300	1
10310643	10310644	1
756436	756435	1
11560059	11246407	1
8997944	6214942	1
6279298	6279297	1
7146741	7146742	1
9245272	9245271	1
10199595	10202266	1
6826923	6826895	2
6120718	6120717	1
11218552	11218551	1
8550908	8550907	1
2677260	2677263	1
4272063	4272064	1
1252053	1251816	1
5045892	5045731	1
11239705	11239706	1
9948112	9948111	1
10771718	10771717	3
7057287	7057288	1
9104518	9104498	1
9180190	9180189	1
9539975	9540027	1
9453278	9447476	2
5975374	2581303	1
12118320	12118274	1
5582465	5280717	1
12607726	12611867	1
4593176	4592238	1
3730316	3729727	1
2798963	2802021	1
6340418	6340476	1
2885114	2885322	1
11686674	11686673	1
10227142	10227141	1
6361570	6361569	2
3230004	11764513	1
10399082	10399259	1
7768737	7768738	2
8622224	5482837	1
9998388	9998387	1
9286776	9286713	1
9919399	9919437	1
6330217	6331080	1
6091372	6091371	1
11892220	11892219	2
5711768	5711765	1
11593008	11593007	1
8464939	8465373	1
5948519	5948520	1
4863182	4863181	1
54766	54765	1
8444357	8444358	1
9836136	2011807	1
10753686	10753735	1
9232774	9230262	1
7221222	7221221	1
2678441	2678442	2
8450908	8450827	1
4945739	4945740	1
8469989	8469546	1
1139087	1139106	1
4879995	4879996	1
944441	944449	1
1863381	1849229	1
8831737	8831766	1
1357948	1358871	1
2886116	2886115	1
8793940	8793939	1
12133123	12133124	2
5552530	5553925	2
3721172	3721171	1
1331512	1331511	1
1730122	1636690	1
10351128	10351177	1
1427028	1429041	1
9861361	9861293	1
270367	270368	1
12670266	12670257	1
3138695	3138696	1
8095602	8095601	1
1705287	1705288	1
8287216	8287248	1
2359031	2359032	1
1055233	1054417	2
12149289	12149290	2
4359428	4359454	1
11299722	11299717	1
6274543	6274545	1
4205367	4226635	1
7463939	7463940	1
7275892	7275891	1
354859	355190	1
12422822	12422821	2
11421169	11421170	1
6620147	6620148	1
6026442	6026441	1
11585530	11585519	1
12723402	8815366	1
5807620	5807619	1
11661407	12452588	1
7114206	7114178	1
2029421	2029691	1
1189543	1188991	1
7122511	7122517	1
4042998	4043000	2
11496507	11496508	2
9754630	9754629	2
3982036	3982035	1
1082012	1082209	1
10451945	10451946	1
1989390	1989389	1
1667696	1667695	1
9829997	9829998	1
1452490	1452489	1
12223366	12223363	1
8078473	8078474	1
2352225	2352144	1
6029415	6028987	1
12125138	12125137	1
6783120	6639624	1
1667629	1663500	2
11372428	11372312	1
771428	771376	2
3080727	2899290	1
844645	844646	1
8441931	8440643	1
2612965	2615689	1
6020829	6020873	1
12486442	12486437	1
2067796	2067821	1
8066741	8066737	1
4231271	4231272	1
6650936	6650943	1
3116230	3116229	1
9252472	9252980	1
297041	298425	1
3858471	3858484	1
7311212	7311546	3
851738	851834	1
2779707	2707017	1
6417701	6417706	1
11663426	6122052	1
7017200	445305	1
3298533	3298534	2
11402321	11402322	1
10504264	10504261	1
11445379	11445380	1
11292467	11292468	1
6091375	6091155	1
2784464	2784523	1
5090352	5089608	1
12131481	12131571	1
11641426	11658534	1
12016180	12016133	1
4826758	4825673	1
1089605	1089527	1
542505	542506	1
1417377	9703425	2
9197108	9197107	1
7466567	7466570	2
7479944	7479943	2
275937	275957	1
6747327	6747328	2
785187	927609	1
7151717	7151738	2
11538161	11538122	1
6734730	6734847	1
2239506	2239505	1
12291668	12291667	1
7396345	7396351	1
5288505	5287950	2
6786638	6786637	1
1083255	1084056	2
5177725	5177726	1
10339820	2719652	1
8001978	8001977	1
4054178	4054187	1
11514200	11513463	1
11029718	11029792	1
8663207	8663210	1
8229082	8229081	2
12808363	12808299	1
5691554	5690031	1
12135184	12134253	1
4777136	4833698	1
4576385	4577029	1
1076511	1076332	1
8480175	8482795	1
1749201	1749202	1
2012375	2012159	1
9911313	9911314	1
9587826	9587825	1
11910339	11910325	1
4368991	4559905	2
5856696	5856968	1
5983938	5984699	2
10874228	10874227	1
9416852	9416851	1
11153985	11153986	1
6860823	4274426	1
3924774	3924654	1
10146434	10146375	1
5194884	5194877	1
7568539	7568540	1
325640	325639	2
10198607	10198608	2
11284640	11290557	1
2503163	2503183	1
9025126	9026265	1
7401456	7401455	1
1419840	1419839	1
9373253	9374278	1
10149280	4061738	1
8495183	8343275	1
7200466	7395438	1
11415003	11415077	1
2241708	2241707	1
244335	244336	1
8951599	8951600	2
892586	892585	1
793452	793449	1
1107941	1107948	1
9374533	9374628	1
4284636	4284635	2
8014391	8022959	1
8764201	8764202	1
6431537	6431538	1
9324027	9324028	2
5466362	5466955	2
10140511	10140468	1
3081223	3081224	1
12155771	12155772	1
6847043	6847044	1
8868186	8868183	1
11206132	6339071	1
4587690	4587687	2
2353519	2353501	2
7003569	7003627	1
8165150	8165159	1
11737309	9740834	1
1285995	1286000	1
178360	178374	1
7675587	7675588	1
8720367	8720368	2
1199931	1199934	1
359645	359624	2
4294711	4295741	1
8181956	8181955	1
8021581	8021584	1
10760245	10760254	1
407191	407192	1
11630033	11630034	2
5731181	5731182	1
7613737	7613738	2
916153	916154	1
7151709	7151710	1
11259073	11259021	1
10268188	10268138	1
5729937	5729951	1
4659168	4659165	1
12212216	12212215	1
11766971	11766972	1
5821045	5821046	1
10979918	6468912	1
1702399	1702696	2
568321	568325	1
2817807	2815346	1
7848135	7848136	1
11531094	11531093	1
10529567	8941522	1
4435881	4578962	1
11640766	11640765	1
2594983	2592188	1
7535022	7535021	1
2476297	2478452	1
7086811	7086812	1
3294300	3294299	1
6127904	6127903	2
9958830	9958833	1
8721889	8721876	1
7984795	7984796	2
10941524	10941523	1
6684875	6684882	1
10290843	10290844	1
9054928	9054927	1
11778169	11778170	1
9256295	9256296	1
43193	43194	1
3247995	3247996	1
69956	69955	1
7230035	7230036	2
1778736	1778585	1
7606734	7651574	1
5415389	5415392	1
10871904	10871900	2
9263668	9263652	1
7993749	7993750	1
6188789	6188790	2
11750697	11750698	1
9395	9399	1
5605530	5605529	3
114358	116257	2
2346043	2346044	1
8882940	8882939	1
6378728	6378727	1
5375008	5375005	1
3975530	3975529	1
7070443	7070444	1
1459357	1459358	2
4295920	4295919	1
9431142	9431141	1
6575899	6577982	1
9749644	9749643	2
7310370	7313961	1
5880555	5879586	1
11722706	11721319	1
7117429	7255430	1
5854687	5838479	1
3667821	3667822	2
6542805	6542808	1
1965929	1941994	2
6849932	6849931	1
1287318	1287016	2
5628234	5628554	1
12741702	12741701	1
4357926	4357968	1
11409284	11409126	1
916241	916242	1
10215140	10215139	1
9075070	9076146	1
8038975	8038976	1
7631546	4402317	1
2968735	2968736	1
11476693	11573083	2
1985808	1982648	1
9891846	9876190	1
9753185	9753186	1
6762855	6762856	1
803617	802574	1
5807716	5807713	1
9742108	9742107	1
1273739	1274087	1
243488	243487	1
12441935	12441936	1
11721662	11721661	1
2733292	3019403	2
614395	616137	1
11544997	11545000	1
11994649	11995384	2
6488492	6488491	2
4018784	4018850	1
2901985	2901986	1
856620	856619	1
12452124	11439124	1
967281	967135	1
4115914	3293605	1
12183087	12183088	2
893011	1190237	1
11888881	4612585	1
9367253	9365914	2
973109	973110	1
5672899	5672900	1
3195988	3149868	1
2413332	2413331	1
3978407	4056260	2
925709	925710	1
11572557	11572562	1
6847849	6847850	1
1624571	1624572	1
604599	604600	1
5102163	5102244	2
5264992	5265046	1
11861159	11861237	1
632796	630009	2
8530834	4300064	1
10943940	10943939	1
4044993	4044994	1
8410065	8410066	1
12635072	4709634	1
6154584	6151122	1
5875427	5875428	1
5513667	5513649	1
4693343	6121906	2
9851126	9851123	1
12800607	12800610	1
4902739	4902745	4
2779062	2779061	1
1869433	1869447	1
5285792	5285980	1
12680424	12681508	1
8538509	8538510	1
9024228	9024227	1
11534156	11534155	1
9263153	2105842	1
10284130	7390986	2
10435774	10435773	1
6149857	6149817	1
4849001	4848930	1
9781228	9765806	1
11573423	11573209	1
4828533	4839417	1
4583433	4583434	1
4602225	4602226	1
5270136	5270126	1
919680	919679	1
4131477	4131478	1
10282119	10282072	1
11943259	11943260	1
85010	100775	1
11132350	11132355	2
3940535	4117174	1
4936843	4936844	1
8922089	8922090	1
8374027	8374028	1
10709430	10709425	1
12796760	12796759	1
4559656	4558370	1
10486987	10486990	1
11785904	11785903	1
8450139	8450142	1
245063	245064	1
2265212	2265211	1
6204337	6204338	2
10688601	10687136	2
1058681	1058682	1
5527762	5527449	2
2845103	2844199	1
9664678	9664673	1
7104105	7104108	3
6137811	9121466	2
6890989	6892687	2
9142126	9142121	1
5473450	5472040	1
1084057	1084058	1
2704899	2704900	2
7522771	7522793	1
11598254	11598253	1
4573098	4584991	1
5570141	5570162	1
12544892	12544891	1
300211	299627	1
2779255	2779256	3
3288648	3288672	3
11108255	11109177	2
3811687	1422882	1
2892316	2892318	1
952256	952259	1
3457105	3457106	1
7619790	7619881	1
12423025	12425194	3
8168261	11974638	1
10280278	10280277	1
5485213	5148281	1
7597062	7597053	1
5905919	5905920	2
2066737	2067337	1
11174994	11174971	1
806327	806328	1
6738813	6738814	1
8446544	8446541	1
4531932	4531931	1
3755090	3755149	1
8937862	8937857	1
1469214	1469267	1
2573296	2573883	1
4043803	4043804	1
6743912	6743911	1
239961	240725	2
8487368	8487367	1
12264347	12264348	1
6049462	6049330	2
4011941	4011926	1
8891997	8891816	1
11989602	11989599	1
10343857	10343124	1
8063133	8063019	1
4534452	4534451	1
4583428	4826478	1
10088670	10088500	1
11637730	11637729	1
11842408	11842407	1
12455926	12455925	1
2770854	3087130	1
8579328	8579327	1
7224003	7224004	1
2414639	2177427	1
10555104	10552107	2
8833094	2379423	1
2166908	2167067	1
11303993	11303994	1
11407119	11407120	1
4343825	4343826	1
5262753	5262747	1
4438731	4438753	1
6456888	6456887	2
8573856	8573855	1
666692	666630	1
2233226	2233225	2
6515927	6524015	2
2075441	2075442	1
8808223	8808224	1
10986703	11388120	1
3284376	3284375	3
2126264	2126263	1
1747154	1747153	2
8802810	12724411	1
6307425	6308029	1
2784592	2784591	1
880634	880633	2
4534416	4534415	1
6161705	6161706	1
9519000	9518999	2
10803139	7686041	1
5755775	5755778	2
11129128	11129127	1
1956669	1956670	2
4309896	4309895	1
2088025	2085641	1
11422007	4586567	2
1681846	1681845	1
11280719	11280720	1
12379631	12379632	2
7568716	7568715	1
4279902	4648214	1
6713361	6713364	1
4011931	4012903	1
9317717	9315422	1
7726493	7726494	2
12139379	12139380	1
3035574	2965679	1
772964	772963	1
2014583	2079139	1
4427781	4427782	1
5597799	5597802	1
8607381	8607382	1
11085829	1295693	1
6006757	6007167	1
8809696	8810634	1
4739920	4739919	1
8224522	8224510	1
2375995	2375996	1
2885464	2885339	1
11514708	11514707	1
7629476	7650342	1
9197358	9197675	2
2372445	2372446	1
251698	251697	2
8554636	8554635	1
199661	199060	1
2546089	2546090	1
445089	445090	1
7422320	7409005	1
3767618	3764501	1
7663398	7663687	1
12624853	12624854	2
5199574	5210835	1
3784850	3784448	1
10465838	10465837	2
12179538	12179537	1
8896439	9082638	1
3989560	3950096	2
11606626	11591139	1
1040339	1040340	1
537938	537910	1
7920061	7920062	1
8341896	8583465	2
8674853	8674856	1
7236472	7236471	1
12542680	12539918	2
1460157	1460162	1
7653276	7647087	2
2549299	2549300	1
2351505	2351506	1
7687435	7687436	2
5970809	5970810	1
11606394	11606393	1
6296346	8095029	1
1685695	1685696	1
1280614	1280613	2
2921254	8094786	1
9702608	9702607	2
10144826	10144825	1
3206291	3206292	1
11000833	11000834	2
671226	671223	1
9316801	5533937	1
5545820	5545819	1
8982433	9583378	1
9642318	9641998	1
6619115	6619133	1
7651907	7650361	1
3731776	3731771	2
10155497	10155498	1
11363572	11355516	1
1204802	1206868	2
8974235	7153803	2
1644517	1658401	1
6177975	6177976	1
3768283	3768284	1
5400288	5400287	1
10103305	10103306	1
7578912	10828379	1
609055	609058	1
4721234	4717007	1
3000429	3000430	2
11556923	11556924	1
7965857	7966150	1
3927843	3927844	1
382938	382937	1
3139897	3139877	1
7386752	7399087	1
10483682	10483646	1
9588500	9589066	1
9353677	9354901	1
174097	174100	1
10294872	10272767	1
3284146	3284142	2
69537	69580	2
5604568	5604567	1
3807075	3807076	1
4779580	4818694	1
3903749	3903750	1
750034	750037	1
6871434	6871433	2
12481413	12272786	1
8982435	9583378	1
11422007	4586569	1
7951598	7951597	2
5728564	5728561	1
2347048	2347047	1
7894382	7894385	1
4118615	4117503	1
8542737	8541941	1
6148840	6148856	2
7831741	7831695	3
6940453	6940244	1
10632499	10632500	1
11091459	11092018	1
784754	834102	1
5887617	5887618	1
740741	740744	1
7727378	7727377	1
3540129	3540130	1
6421863	6421864	1
7778331	7778334	1
1112042	1112041	1
1209568	1273215	1
5219226	5219982	1
3712127	3712151	1
7901046	7900972	1
9972479	9970197	1
1622133	1621789	1
2891432	2891431	1
11080334	11080001	1
1981164	1981163	1
8984898	8989828	1
1753933	1753934	1
7833405	7833406	2
8533614	8530801	1
5905563	5503893	1
2059568	2059967	1
4541205	4537868	2
10692475	10692476	1
5419806	5419978	1
7111959	7153765	1
1719307	1716363	1
1141462	1141459	1
2445103	2445104	2
87636	87635	1
10094661	10094654	1
9714758	9714757	7
1975094	1975093	3
1939186	1939177	1
6317881	6316552	1
4821983	4821986	2
11720849	11720995	1
255724	255692	1
3077655	3071897	1
8980774	8980771	1
2268228	158368	1
2314739	2314721	1
6230602	6230601	2
11372266	11372265	1
7427700	7427699	1
17741	17742	1
3640181	3638040	1
10227290	10227289	1
385824	385821	1
8573858	8573857	1
4533474	4530705	1
5627477	5627693	1
4568767	6120687	1
12181540	12181537	3
451377	451378	1
8024792	8024791	1
7817423	7817426	1
12802871	12761262	1
4569163	4569147	1
3966602	3966601	1
4660344	4660343	3
11884535	11884707	1
4089220	4089211	1
6802338	6796606	1
3368663	3368668	1
9126370	9126369	1
7790070	7790069	1
11296516	11296515	1
6520836	6522459	1
1969575	1969576	1
5123711	5123712	1
4052352	4052328	1
9434754	9434767	2
5367554	5367551	1
7808047	7808048	2
124999	124559	1
5880258	5880248	1
11060042	11060041	1
9001117	8996594	1
864376	864375	1
8452211	8452275	1
10034674	10034673	1
3338768	10634923	1
2964507	2964508	1
4124624	4124617	1
6889767	6889768	1
6022646	6021804	1
10230720	10230719	1
10413860	10413863	1
12051379	12051663	1
6165800	6165803	1
7143168	7143167	2
10992462	10992459	2
4707446	4707445	1
11865434	11865433	1
11545384	11544786	1
686816	683883	1
1924385	1924416	1
9487984	9487983	3
12751056	12747892	1
8008768	8008767	1
6154657	6154166	1
3507048	3507047	1
4656627	4656628	1
6488818	6488815	1
2339143	2339146	1
11417044	11417012	1
5262056	5264258	1
3734333	3735700	1
6028857	5978776	2
4422830	4422829	2
3327519	3327524	1
10984989	10984990	2
7321051	7321054	1
9483375	9483095	2
7429304	7429303	1
2108150	2108149	1
9376685	9377271	1
11658530	11658529	1
8383289	8383290	2
5247507	5247510	1
3233326	3233325	1
771131	771132	1
8698430	8698427	1
2710772	2710771	2
7933915	7933923	1
10496908	10501135	1
8036498	8036436	1
7432990	7432989	1
3944388	3944191	1
687841	687842	1
6688751	6688752	2
2747182	2747177	2
10188754	3298109	1
6833833	6835775	1
11696781	11696784	1
1346920	1351843	1
2376510	2376509	1
5442304	5442303	1
7255924	7255923	1
9154198	9154642	1
12197950	3885951	1
8751177	8750823	1
1874269	1874270	2
124356	127213	1
5134445	5331310	1
7048508	11336750	1
6479371	6479354	1
6692187	6692188	3
3294290	3294150	2
1647105	1647106	1
4819493	4819494	1
1968311	1968312	1
3618266	3617778	1
5514767	5514768	1
10747813	1317488	1
6828294	6828326	2
6901343	6901344	1
4058037	4057212	1
775018	627668	1
7865695	7864585	2
1485521	1485540	1
3288029	3288030	1
4600931	4600932	1
3418611	3556735	1
929009	930510	1
4537585	4678023	1
7804691	7804692	1
10194959	10194960	2
12009959	12009960	1
2316488	2315887	2
11112064	11112063	1
12682241	12682235	1
7050658	7051013	1
11847802	11848010	1
2572950	2572949	1
1729721	1744672	1
9746613	9746614	1
7195588	7193549	1
6180986	6180985	1
12782505	12782506	1
7752890	7752887	1
929007	929008	1
7264477	6880724	1
450453	450454	2
9571221	9571275	1
2416042	2416035	1
8309358	8309357	2
4315471	4315472	1
1094769	1094770	1
9588908	9604886	1
3356420	3356419	1
11737464	11737394	1
6471779	6471780	1
7370826	8568727	1
3695509	3695512	1
9972052	9972047	1
6142085	6150797	2
749882	680712	1
3147999	3148000	1
1878628	1878627	1
1866078	1866077	2
157796	157795	1
7876991	7877062	2
11411653	11411654	1
260747	260748	2
11235532	11235486	5
11498389	11983459	1
7554128	7554127	1
7160697	7160698	2
10313613	10313614	1
4049847	3252096	1
4601426	4601449	1
7724761	7724762	1
4529230	4529382	1
652548	652505	2
10394174	10394173	1
6702000	6701999	1
4652660	4651192	1
2377167	2376800	2
8917464	8917463	1
3698272	3698283	1
7294866	7294865	1
6441338	6441341	1
7726632	7726629	1
3912691	3912692	1
3984047	3984048	1
12463583	12463584	1
4122150	4122149	1
12175675	12176550	2
11775998	11775997	2
10360815	10360818	1
9004829	6777876	1
3061144	2983311	1
1649142	8609689	2
7858040	7857286	1
8762014	8762013	1
2493471	2493472	1
2190621	2190624	1
7895740	7895739	1
1084064	8174335	1
1787043	1787044	1
12796763	12796761	1
4607365	4607366	1
11849889	11849890	1
4953562	4953561	2
8716658	8716657	1
9839968	9840021	1
7864870	7864893	1
5218392	5219249	1
11166508	11166505	2
3462600	3462599	1
12246672	12245491	1
6511058	6494956	1
10650362	10645988	2
796905	796906	1
11309446	11309443	1
122060	122063	1
2639384	2643708	1
294336	25984	1
3247542	3247539	1
12609854	12609853	1
4075986	11409511	1
6453242	6453241	1
7008483	7009329	1
589390	589389	1
5990738	5990737	1
1168066	1167182	1
12685415	12678048	2
11696333	11696334	1
5399862	5399861	1
7832160	7832159	2
8882806	8875863	1
6935081	6935082	2
8871377	8871702	1
12136472	11443845	1
2684985	2684986	1
8879505	8879506	1
5923561	5923570	1
3040821	3040824	1
7047488	7047487	1
8815967	8815997	1
8344975	8345008	1
5552884	5552883	1
8797850	11381188	1
10957367	10957368	3
5509638	5509637	1
4028048	4028047	1
63231	32408	1
5296635	5296636	1
656667	656642	1
4010632	3964755	1
3946667	3946668	1
1331663	1332936	1
10359766	10359765	1
11721293	11721372	1
7337964	9173921	1
640978	640975	1
9754624	9754989	1
3429217	3429218	1
2522783	2522776	1
2096824	2096823	1
3982800	3982803	1
8083862	8083880	1
12323038	12324944	1
4156350	4156349	1
122611	122612	1
5294973	5294974	1
3302912	3302809	1
5472552	5407457	1
11794103	11794104	1
4071377	4071378	1
7154897	7242683	1
1292103	1291033	1
2016247	2016250	1
11121668	11121701	1
10637257	10637818	1
11921797	6173680	2
11728944	10768855	4
6068050	6068049	1
10633097	10633098	2
329830	329829	1
5937874	5948438	1
169015	169009	1
8843080	8842827	1
2761776	2767279	1
11765501	11765059	1
11759653	11759664	1
11605960	11605959	1
4273795	4273759	1
11719581	11719582	1
11535818	11535821	1
3873447	3956679	1
11591900	11591899	1
10826135	10826136	1
5230028	5230016	1
2239906	2240956	1
12665229	12698345	1
1443182	1443181	1
6257393	6257385	1
7744529	7744530	1
11358104	11358103	1
6050131	6050132	2
9966883	9968719	2
11585356	11585404	1
5667222	11568866	1
868298	868157	1
12179532	12179886	1
5563155	5562787	1
12244930	4590861	1
7712458	7712457	1
7062702	7060973	1
4015809	4015886	1
1472548	1472547	2
1918072	1918610	1
4839192	4839191	1
11931664	11931662	1
11250748	11251930	1
3072554	3072553	1
12727503	12727504	1
11232101	11232102	2
6508343	6508344	2
9617325	9617326	1
2171475	2171476	1
9816093	9810510	1
12306871	11427035	1
1779447	1779405	1
7163204	7163203	1
397846	386999	1
4070799	4072197	2
3265824	3265823	1
2413488	2413521	1
3355895	3355940	1
3715466	3715465	2
10979777	10979780	1
11332797	11332798	1
11531183	11531169	1
1654796	1654795	3
6088891	6088892	2
4332702	8779219	1
5049311	5049359	1
3016736	3016735	1
6486760	6486759	1
10512110	10512298	1
11277551	11277545	1
8186046	8184758	1
4954995	1401228	1
5878066	7735698	1
11414453	11414454	2
8024630	8024629	1
9365412	9365409	1
1492238	1492233	1
3287186	3287185	1
922653	955490	1
11044570	11044770	1
7592143	7592144	1
311571	311249	1
8713349	8713350	1
4031714	4032862	1
12342255	12342256	1
8787170	8787169	1
11608036	11607583	1
9040942	9158770	2
4769233	4769234	1
421857	421858	2
6891812	6891811	2
4003931	4003932	1
8664074	8664073	1
12676296	12676149	1
9484773	9484774	1
6018580	6018579	1
1775385	1781699	1
7902243	7902244	1
12647590	12647589	1
3320726	3320716	2
6016543	6016562	1
4510177	4508335	1
8038581	8038601	1
9299936	9299939	1
10182330	10195840	3
12266343	12266440	1
1983454	1984970	1
12167169	12167170	1
2488933	2488895	1
5669724	5672584	1
3768613	3768614	1
5117595	5117596	2
996748	996737	1
8939573	11316049	1
10155036	10155060	1
4190876	4190888	1
946028	946415	1
4124971	3890666	1
1161969	1161970	2
5376517	5507643	1
12226733	12226729	1
6770388	6775014	1
9231339	9229121	1
4001938	4001937	1
6201971	6201972	2
11324181	2892567	1
1620131	1620138	1
9142488	9142487	1
9281692	9281642	1
9330122	9331000	1
1109276	1108992	1
4801483	4801484	1
5670686	5670685	2
3748733	3748723	1
8910176	10750602	3
10770037	10770038	1
6553243	6553219	1
487618	487617	2
8281837	8281838	2
11427961	11427986	1
5134484	5134483	1
3265591	7038729	1
7747609	7747610	2
7524725	7524728	1
5192260	5192259	1
7675992	7675533	1
5796631	5796634	1
8969599	8969600	1
8172995	8172996	2
3760934	3756741	2
999615	999649	1
9441711	9441777	1
10335677	10345680	1
4386548	4386547	1
3284945	3285015	1
4600984	4600983	1
2490892	2488645	1
1177203	1177206	1
7126221	7126224	1
12659503	12659504	1
12679189	12679190	1
4068685	4109295	2
271499	271500	1
9491079	9491080	1
6040605	6040606	1
1356698	1356697	1
7292123	7292124	1
4708654	4708892	2
3803803	3803819	1
8076081	8076082	1
8603797	8603798	1
8840812	8840811	1
3147517	3147518	1
1874575	1874576	2
2345932	2345931	2
7086283	7086151	1
5375688	5091919	1
11189597	11189607	1
111951	111952	1
884313	884314	1
11673703	11673706	1
11673036	8849954	1
7193781	7193492	1
2374588	2374587	1
7992528	7992552	1
4732442	4732441	2
3154952	3154951	2
4945741	4942772	1
9512922	9512480	1
3310174	3310173	1
8397167	10277218	1
12770166	12770165	2
3007955	3007951	1
318333	318334	1
8720412	8720411	4
7128758	7281505	1
136048	136047	1
2090519	2090520	2
2670227	2670238	1
12306473	12306474	3
1251815	1251816	2
12720247	12720248	1
5041271	5041272	1
2014156	2014155	1
7748484	7872914	2
1109401	1109402	1
170140	170184	1
10286033	10286031	1
7708770	7709575	1
5921748	5921747	1
10237036	10237035	1
274080	274232	1
5186699	5179108	1
4258435	4257774	1
4197452	4197444	1
9066687	9066615	1
3209965	3209966	2
544476	544475	1
790812	789596	1
3409363	3406808	1
8361217	8359066	2
2796400	2796480	1
847707	848186	1
2987812	2987904	1
9443774	9443876	1
2103019	1989258	1
12528886	12528885	1
6049466	6049465	1
4408966	4581148	1
971232	971231	1
7317581	7317322	1
3128266	3128234	1
4657236	4657246	1
8181810	8181809	1
10136304	10136351	1
6866781	6866759	1
324707	324708	1
4730270	4729773	1
5987406	5987405	2
1307891	1307892	1
2092735	2092851	1
12185241	12185242	1
6801592	6750651	1
9351962	9776353	1
6671431	6671405	2
796768	796746	1
5208553	5208554	1
6978677	6978678	1
240662	240661	1
5593895	5593896	1
5699936	5699954	1
3301458	3300746	4
2552659	2508028	1
10096211	10096212	1
12010807	12010808	1
5209306	5209303	1
3750184	3750171	1
9799323	9796022	1
4125598	4125597	2
6053042	6053041	1
10475076	10475075	1
12771739	12771699	1
1100070	1100069	1
1681322	1680991	2
3248946	2413202	2
1981460	1981459	1
1696470	1696469	1
7106892	7106891	1
11255825	11255826	2
8181192	10211769	1
8621725	8621400	1
6754137	6754138	1
2389814	2389813	1
2733353	2733354	1
7501453	7501450	1
1475626	1482567	1
9352918	9344520	1
8366756	8366755	1
10207713	10207714	3
9285524	9285523	1
10972381	10970893	1
6867018	6867015	2
1035175	1035609	1
5466261	5466808	1
7768129	7768130	1
4117039	4117040	1
8428241	8428242	1
4877690	4877689	2
10566524	10438703	1
1108446	1108445	1
7039496	7039495	1
633492	633489	2
9320751	9320752	1
3249367	3249411	1
11925046	11925043	1
10354840	10354839	1
11938913	919624	1
7495638	7495637	1
420543	420544	2
11894869	11894870	1
7120833	7120834	1
12366139	12366140	1
1372974	1372973	1
10874487	10874488	2
11771260	11771234	1
3963977	3963978	1
8040883	8041000	2
3492236	3492306	1
5267885	5267886	1
9173203	9173216	1
277488	80318	1
11343174	11368187	1
2349111	2349112	1
1452262	1452261	1
1847286	1846758	1
2296701	2296062	1
247515	247516	1
9674576	9674575	1
9573668	9573667	2
290531	290532	1
110627	110601	1
4131644	5758728	2
775172	628243	1
4411151	4411152	1
8390435	8390436	1
929922	929926	1
4113727	4113712	1
11765772	11765707	1
4103897	4103898	1
2642958	2642957	3
3961250	3955276	2
10202889	10202890	2
2841326	2903709	1
11779768	7833433	1
973742	967938	2
7818582	7818592	1
3591626	3592362	1
9294950	9294949	1
6525552	6525550	1
12183346	8980114	1
7389567	7389569	1
8197998	8197470	1
3023133	3023134	1
12698941	12696337	1
10646120	10646119	1
6680949	6680760	1
3131478	2947152	1
1333034	1336007	1
11557184	11556411	1
11459790	11459789	1
2854270	2854265	1
2330611	2330612	1
10933700	10933697	1
8696894	8696893	1
2792600	2792526	1
1131661	1131436	1
6177315	6177316	1
3807555	3807556	1
4048496	4048495	1
7705614	7705613	1
8620209	8620210	1
769763	769114	1
3404257	3404260	1
1695661	1695664	1
7907475	7907382	1
2251631	2251632	1
8024006	8003348	1
9448395	9448396	1
1041026	1041025	1
11462512	11462511	1
10189538	10189537	2
12227058	12227057	1
8919182	8919181	2
2389315	2389316	1
11202543	11204606	1
490104	490360	1
6258379	6258367	1
4223094	4222798	1
9826970	9826969	2
7592878	7592789	1
6406259	9297360	1
1940929	1940930	1
1153806	1153801	1
3352327	3352420	1
3612671	3612672	1
7901944	7901956	2
7402249	7402257	1
6940200	6940197	1
2434611	2434626	1
2649165	2649168	1
3240923	3242765	1
347957	347940	1
3550026	3548727	1
6619244	6619790	1
4060523	4060526	1
588518	588517	2
2612166	2612165	1
9035860	9159425	1
4901451	4901452	1
12718119	12718120	1
10882424	9105926	1
9352355	9352726	1
10439834	10439833	1
1995864	2100891	1
6618418	6650880	1
4271864	4271710	1
597880	585696	1
1092937	1092938	1
2370293	2370609	1
6462077	6460406	1
10311002	8845138	1
7308110	7311785	1
9172095	9172096	1
6685052	6685443	1
1243462	1243459	1
8514483	8514484	1
6926637	6926638	1
5489359	5489360	1
5977997	5977998	2
3942938	3942937	1
1568191	1568192	1
4861444	4861443	1
289653	289654	1
3250969	3250314	2
358616	358615	1
452162	451963	1
1678253	1678298	1
182663	185713	2
7198955	7198956	1
1653717	1653731	1
2243726	2247855	1
3551151	3551154	1
7152299	7152302	1
3264402	3264399	1
3250158	10181076	2
1880868	1880865	1
11528964	11529447	1
3330473	3330474	2
6102163	6206389	1
12005443	12005444	2
8876378	8876377	1
2850552	3023035	1
1333740	1333739	1
6452289	6452290	1
6196899	6196900	1
2616643	2616610	1
5249045	5249046	1
4589113	4589114	2
7814342	7814339	1
9103880	9103879	2
4812050	4812981	1
1890567	1890568	1
9963491	9963494	1
3714811	3714812	1
5043583	5043584	1
6922825	6922826	1
5800890	5800889	1
10870400	10870397	1
3245802	3253775	1
1184791	11120985	1
5550837	5559664	3
12784613	12784708	4
1100640	1100561	1
12208610	12208609	2
10805369	549547	1
11719808	11719480	1
4436035	4436036	1
8013377	8013378	1
3092291	3092292	1
12604980	12604622	1
6449017	6449018	1
12234963	12234964	1
1664132	1664131	1
779169	779700	1
11203180	11203179	1
7790648	7791453	1
11607589	11607590	2
3972641	3973561	1
8757585	8757586	1
5245725	5244363	1
2848050	2848055	1
1762913	1764945	1
9435620	9435617	1
8321044	8321043	1
1094065	1094066	2
7033805	7033806	1
1846160	9263652	1
8730339	8729596	2
10419843	10626709	1
4823322	4823290	1
418898	418642	1
9604682	9607150	1
10820071	10820092	1
62586	63034	1
1615607	1615573	1
8442665	8442666	1
9515533	9516583	1
5668682	5669031	1
6494519	6494520	1
6278396	6278395	1
2375922	2375921	2
7856312	7856309	1
7755268	7755254	1
2446703	2448702	1
6956810	6956496	1
7629240	7629237	1
1712379	1711945	1
11415001	11415077	1
10327374	8843030	2
4036559	4036560	1
10993127	10993051	1
10903605	10888954	1
2681740	2681743	1
10908940	10908939	1
1735650	1735647	1
8796846	8796848	2
11660815	11661347	1
12206037	11709829	1
2281763	2281764	1
12359200	12359199	1
2697269	2697270	1
3129922	3124298	1
6256618	6338546	1
9294301	9294351	1
10457811	10457733	1
162506	162505	1
45683	45684	1
9094412	3754950	1
1129643	1127635	1
9710898	9710895	1
10811166	10811156	1
8898704	8898703	2
10465312	10465058	2
5090313	5091594	1
9513000	9513038	1
11471626	11471625	1
8900391	8900392	1
7313301	7313281	1
4716545	4716697	2
4613132	4613131	1
7973295	7973296	1
9106696	9106695	1
9911815	9911832	1
9127107	9127108	1
517080	517079	1
9541528	9541527	1
12765985	12766483	1
3980537	3980538	1
8784044	8784043	2
1838773	1838774	1
6813775	6735580	1
12388318	12388218	1
4602716	4599223	1
2415519	10467296	1
8632814	8632811	1
997623	997704	1
10290748	10290763	1
308614	308613	1
5651102	5651099	1
6552740	6558004	1
5281080	5281079	1
7053421	7053821	1
2854270	2854267	3
999695	999696	2
5988916	5988919	1
12696540	6125534	1
9984874	9984873	1
722352	722349	1
9700174	9698209	1
5149340	5149247	1
5948439	5948440	1
6940206	6940205	1
127374	4001909	2
7703524	7703522	1
892697	892662	2
8482337	8482050	1
7613589	7613592	1
2814698	2814697	1
11769951	11769952	1
7006204	7006203	1
4111395	4111508	1
6120702	6120699	1
11042275	11042276	1
1192166	1192507	1
12438051	12438073	2
1003895	6833607	1
12654237	12654238	1
5831680	5831679	2
5075561	5213624	1
160077	160078	1
12031679	12031680	1
12120064	12120253	1
7968691	7968692	1
10553005	10552998	1
1798499	1798500	2
9531371	9531364	1
7664721	7664722	1
1998787	1998581	1
6190612	6170586	1
6373568	6373567	1
11317641	11317642	1
10747350	10747813	1
9837440	9834201	1
10154081	10154034	2
324065	324066	1
5822645	5827638	1
1204500	1204497	1
6697154	6697153	1
8758647	8759294	1
1507281	6876804	2
1947837	1947838	2
2292129	2292123	1
10652753	10652754	1
2378678	2378677	1
12197666	11688002	2
6535943	6535944	1
7362915	7362917	1
7613735	7613736	2
12248592	12248591	1
841489	835933	1
305949	305950	1
3485331	993301	1
1170673	1170674	2
9786253	9772967	2
4070712	4070699	1
12179917	12181094	1
12727046	12727045	1
3159330	3159327	1
2888733	2888734	2
2426184	2304528	1
8038471	8038472	1
10121248	10121247	1
9783266	9783263	1
4122753	4122754	1
8519280	8519279	1
560401	560379	1
663043	663044	1
10930954	10931017	1
12448346	9631648	1
12663287	9094942	2
8773552	8644383	1
1588413	1588414	1
11583878	11583877	1
8608170	8608169	1
8677254	8677949	1
2807168	2807337	1
4067689	4067690	2
3958852	3934267	1
1645680	1645679	2
8399101	8420565	1
653473	653474	1
3743463	3744139	1
1733871	1734030	1
7101887	7101888	1
7854773	7854743	1
2103348	2103347	1
6657307	6662136	1
669897	669898	2
10531913	290205	1
4393447	4393448	2
11627457	11627209	1
6718692	6718691	1
8296904	8297149	1
843216	843215	1
3754891	3755471	1
7293035	7293871	1
10306453	10308798	1
10574774	10574017	1
10921679	10921680	1
10682618	10707985	1
3661149	3660839	2
6200283	6200284	2
2267184	2267183	1
8868413	11616865	1
1710033	1710052	1
8574149	8574280	1
4020327	4020328	1
2212755	2212756	1
12723327	12723328	1
4277829	4277830	1
12289591	12289592	1
3258233	3258234	2
10097678	10097677	2
12188599	12188630	1
6534861	6534862	1
1786155	1786156	1
10380936	10380926	1
4956154	4956153	1
5354744	413993	1
11605177	11605178	1
1183000	1182999	2
12246010	12246007	2
10186435	10186081	1
2081313	2086543	1
9007081	9017410	1
947615	947616	1
7963537	7963538	1
8130026	8130025	1
3570587	3570588	1
511036	511367	1
6195349	12452262	1
4233756	4233759	1
7200313	7200298	3
9015610	4484728	1
11389538	11389537	1
103547	102987	1
1734858	1734861	1
11901941	11901942	1
12802866	12802865	1
11385492	11385466	2
4590437	4823968	1
981298	981858	1
940779	940789	1
1353587	1353588	1
8968514	8968513	1
8904976	8904142	1
4849516	4849714	1
8508262	8508261	1
3538160	3538262	2
672767	672768	1
12465610	12465613	1
8269178	8269338	1
1284697	1284698	1
349760	349757	1
7742380	7742379	1
2267228	2267225	1
8925909	8925910	1
9109518	9109521	1
8280421	8281752	1
4485202	4485201	1
11125463	11125464	2
8315138	8315137	1
2088954	2088953	2
11522351	11522352	1
9806427	9806583	1
11622892	11647292	1
205304	206693	1
2684435	2684436	1
6417651	6424968	1
4356310	4356309	1
11545386	11545385	1
3908227	3906983	2
4919431	4919423	1
7812697	7812698	1
4583435	4583436	1
11551773	11551811	1
8353680	8353679	3
11932767	11934297	2
1518331	1522552	1
3961208	3961195	1
11258648	11258589	2
3867317	3867318	2
11958535	11958536	2
126389	126112	1
11381027	11381030	1
12450112	12450109	1
8113186	8130105	1
7549448	7549578	1
100774	100773	1
9180186	9180185	1
9446679	9446680	1
1836656	1836659	1
9300896	9300895	1
7862167	7862187	2
3924181	3924112	1
6697802	6697801	1
10120016	10119951	1
7729864	7729863	1
8062195	8062196	1
12212214	12137076	1
5884007	5876012	2
3741076	3741065	1
6196530	11580674	1
1832874	1832716	1
3550107	2666658	1
10550977	10550978	3
8724343	8724344	1
8470861	8470870	1
959777	959778	1
9297212	9297328	1
7225465	7225988	1
5860297	5861688	1
5299127	5299139	1
9428209	9428210	1
1573301	1573345	1
9060921	9062653	1
7587389	7587353	1
12511826	4785412	1
7988315	7986744	1
8965324	8965321	1
2829700	2829699	1
9778991	9779159	1
1882377	1912081	1
6393001	6392852	1
2503492	2504864	1
831303	831306	1
5061668	5061805	1
8970344	8970343	1
7557975	7560457	1
10195356	10195355	1
3318929	3318942	1
4023154	4023449	1
4551418	4551417	2
10386876	10509911	1
12451063	12450326	1
5411658	5410587	1
4520422	4522306	1
6851138	6851137	1
6590073	6590074	1
2610884	2610883	1
8393587	8393796	1
8718155	8718156	1
9868133	9868199	1
12517972	12517971	1
6796005	8888861	1
8363193	8413655	1
5339534	5343438	2
4470603	4470604	1
7703538	7703537	2
12191062	12191061	2
8512473	8512508	1
4688571	4680530	1
3526167	3526101	1
11900143	11900144	1
7831483	7831601	1
11368190	11368203	1
5673627	5673733	2
5268831	5268832	1
7142312	7142311	1
6876122	6876121	1
7226601	7226499	1
889445	889446	1
786660	786659	1
7432599	7432634	1
6985663	6984843	1
4089697	4089461	1
1072137	1072138	1
9772910	9774834	1
9176313	7349385	1
9809223	9809224	1
8763963	8666084	1
10712506	10712505	1
207508	201602	1
8372661	8372658	1
8426426	7392298	2
11379787	12221863	1
10083160	10366985	1
2879958	2879957	1
7021245	7020920	2
10315199	10339223	2
8284859	8284860	2
4471918	4471796	1
6007766	6007190	2
2144238	2144233	1
12285258	12285257	1
5168754	5168757	1
4618204	4618203	1
10922454	10922477	1
9566362	9566357	1
966365	966366	1
1140295	1140296	1
7823014	5006396	1
10957365	10957366	5
6518165	6517422	1
2151779	2151786	1
2020950	2021324	1
11386558	11386557	1
9083242	9083237	1
9097338	9097337	1
10195628	2340702	1
10527	10669	1
7117528	7095960	1
9707112	9707111	1
326033	325861	1
8756197	8756198	2
1399791	1399792	1
888890	888887	1
12289655	12289656	1
6719697	6719698	1
1846658	1846657	1
299142	299141	1
3583309	3589440	1
4233677	11912717	2
12623358	12623355	1
9260969	9260972	1
10471696	10471349	1
2730034	2730137	1
6851613	6851607	1
10709430	10709427	1
9096788	9097382	1
7075864	7075863	2
10198429	10198343	1
306323	306324	3
10906324	10906323	1
6957583	6957584	1
10743997	10744934	1
3731781	3731782	1
914284	914283	3
4555130	9078341	1
2663241	2663232	1
7787172	7786995	1
11293766	11293765	2
12722286	12722511	1
5461736	5461735	1
1991004	1990882	1
12408714	12408713	2
8971810	8971809	1
8666935	8799660	1
9832177	9832197	1
7583457	7583458	2
9389600	9389599	1
12716950	9094652	1
3823539	3823687	1
991714	991556	1
9888623	9888624	2
817867	817868	1
355470	355469	1
10835600	8280100	1
9329020	9329156	1
761552	761543	1
9972054	9972053	1
3593163	3593164	1
677116	683527	1
8151525	8151526	3
10169921	10169906	1
8163317	8163318	1
6499735	6500383	1
302000	301861	1
11889940	11894916	1
11853281	11853282	2
4807058	4806936	4
6409175	6409176	1
3023366	3023365	2
9888497	9888556	2
2296236	2296235	2
2660966	2660965	2
1102944	1103037	1
4530431	4530981	1
4167814	4167817	1
2772775	2772776	1
813963	813618	2
12421832	12421831	1
7297228	7299115	1
10219914	10219913	1
4351143	4324368	1
5117360	5118019	1
5934615	5934620	1
11914314	11914313	1
7809790	7809814	3
5671864	5671863	1
6358148	6358206	1
1791140	1791139	1
1387160	1384849	1
10107746	10107745	1
2349119	2349110	2
2199937	10040769	1
6116528	6117954	1
12642959	12642960	1
12612461	12612464	2
11254221	11256264	2
2895802	2895801	1
3638450	3637004	3
2087532	2087531	2
3978264	3978267	1
6021444	6021414	1
9971102	9971101	1
10959601	10837710	1
9742908	9533051	2
9524846	9524818	1
11374218	11374251	1
6583246	6583245	1
5096747	5096630	1
3511916	3511915	1
12524987	12524988	1
3032600	3034275	1
4295385	4295386	1
519180	519179	1
5216680	5216689	1
2297392	2297406	2
6173107	6173265	3
6996509	6996510	1
1071612	1070734	1
7357756	7357755	1
11529270	11530909	1
8447353	8447324	1
1703592	1704136	2
12788230	12788229	1
4005276	4005275	1
3026531	3026534	1
4768117	4768131	1
4063956	4065238	2
2245709	2245706	1
185253	185254	1
945042	451376	1
6083664	6083663	1
1762173	1762174	1
4525019	4525020	1
2129441	2129452	1
11064075	11064078	1
8073851	8072843	1
10740376	10740375	1
305598	305597	3
3531170	3535403	1
11370578	11370575	1
5964441	5964442	1
11393420	11395202	1
7350831	7350845	1
6562495	6562492	1
8583869	8583870	1
4692948	4692947	1
6048865	6048866	1
4956590	4957098	1
3829484	3829530	1
12422231	12422232	1
8287224	8287219	1
971230	9465713	1
8755047	8680660	1
6845965	6845966	1
10238140	10236387	1
5882692	5882691	2
8748111	8654821	1
6408185	6408186	1
2462182	2462015	1
1020420	1020415	1
2630947	2630950	1
1735995	1736504	2
421857	421860	1
11371498	11402688	1
7831642	7831476	2
3342462	3340069	1
12393360	12393472	1
2485445	2485446	1
11348633	11348636	1
5672403	5672406	1
6175853	6175846	1
8381148	8381147	1
10343713	3734897	1
9026273	9056222	1
1869385	1869386	2
10765533	10765534	1
28086	28111	1
6561995	6561996	1
9878447	9878435	1
4578286	4576322	1
3369692	3369689	1
10434691	10434694	1
1753194	1753193	1
1072174	1072173	1
4570944	4570943	1
1713658	1713657	1
10586053	10585274	1
933612	933611	1
384897	384828	1
10478914	10479160	1
8358708	8358707	1
1483581	1483651	1
7917000	7916993	1
5342672	5342671	1
24777	24778	1
161436	161435	1
1168023	1168024	1
1046431	1046432	1
3158993	3159035	2
5649035	5649036	1
10363748	10363747	1
5292287	5524010	2
3879806	3879809	1
9647267	9647195	1
1708278	1708266	1
3474325	3474326	1
11691987	11692014	1
6247994	6247991	1
384908	384907	1
1094077	1094078	3
2506545	2506546	1
11236118	11236135	1
6690498	6690497	1
3562715	3421278	3
1089974	1090530	1
10270174	10270173	1
12175917	12325629	1
2835995	2835996	1
8562110	8562109	2
2123660	9238980	1
2541502	2541501	2
6842722	6842721	1
11247263	11561765	1
4904459	4904460	1
2556537	882376	2
6481504	6481503	1
2046828	2043417	1
3204611	3204612	1
904878	902226	1
5559833	5560408	1
641805	639295	2
12653666	12656607	3
12403445	12404357	1
8084268	8084257	2
9842122	9842121	1
5471903	5471892	1
7934548	7934515	2
9360901	9360888	1
7754509	7754510	1
645694	645857	1
8224501	8224502	1
6550110	6548064	1
9360252	9572082	1
12147030	12147029	1
8880534	8880533	1
2506962	2506961	2
1957385	1959093	1
6740238	6740237	1
2849626	3212779	1
2467585	2467793	1
7949709	7949710	1
7948638	7948652	1
1847450	1013598	1
4422828	4456170	2
4255715	4255716	1
823492	773709	1
8482794	8482791	1
7172812	7172811	1
12737234	12737100	1
3160722	12699822	1
11744083	11744187	1
6879100	6879086	1
10301130	10301129	1
2731405	3007820	1
8356986	8356977	1
6191381	6191382	1
12814416	12814415	1
2597445	5985193	1
11801810	11801809	1
3499164	11722553	1
6181128	6181125	1
9642323	9642375	1
1882974	1882973	1
9645325	9646645	1
8937864	8937863	1
11378651	11378633	1
1308973	1308744	1
11152304	11152303	1
4365920	7009527	1
1202304	1202410	1
9142122	9142121	1
8374265	8418088	1
4174772	4174771	1
5818713	5821301	1
92276	91601	1
12161290	12161289	1
10547504	10547503	2
118770	118769	1
11859266	11859265	1
9092337	9092338	1
2720878	2720883	2
11905293	11905294	2
11983711	11983712	1
6637466	6637465	1
1966412	1966411	1
364177	364524	1
4736144	4736143	1
3103165	3103166	1
10182995	10173288	2
3989451	3987742	1
1526257	1526258	1
2709160	2710839	1
6276434	6276431	1
287276	287223	1
9177208	7094219	1
7001650	7001647	2
2779002	2779001	1
3756811	3756812	1
1971014	1971013	1
597691	597695	1
10170898	5479551	2
3321783	11873393	1
6403058	11731814	1
8108200	8108193	2
10797137	10797138	1
3742254	3534835	1
6472965	6472879	1
11592935	11592915	1
1453874	1453877	1
8682234	8682221	1
11090680	11090664	1
11070990	10838414	1
8991937	8991938	1
10899689	10899686	1
310187	310267	1
4553551	4553552	1
1869449	1869452	1
4118692	4118925	1
6966528	6966527	1
11390263	11390264	1
7806790	7806789	1
8914081	8914082	2
3644626	3644553	1
10140495	10140512	2
1637351	1637352	2
6063105	6063277	1
5939657	5939658	1
3403780	3403811	3
3942425	3942935	2
11828985	11828986	1
1922446	1922445	1
3598758	8887826	1
932446	932358	1
12558860	12558859	1
11285614	11285613	1
2128077	2128078	1
7709378	7709377	1
1480382	1480314	1
8351551	8351552	2
3081809	3081810	1
8902043	8902044	1
12462412	12317557	1
12550969	12550158	1
10410227	10412287	3
5120655	5120656	1
1626249	1626818	1
11131839	11131840	2
1089111	1089119	1
4753976	4753975	1
6856026	6857231	1
1416595	1416596	1
6209193	6211094	1
10348944	10351761	2
7692453	7692454	3
709915	709916	2
6817111	9805103	1
6641320	6697891	1
12465110	3749538	1
3691628	3691625	1
9493317	9493318	1
5809673	5809674	1
8542014	8541255	1
2559720	2559719	1
8202508	8202505	1
10375299	4058961	1
4191744	4191723	1
1315819	1316008	1
12225404	12225403	2
6385836	2266848	1
4588198	4588451	1
8672102	8672167	1
3984428	3984425	1
12448217	12448218	1
4758969	4805764	1
6539539	6539331	1
7994702	7994705	1
1519615	1492232	2
11576054	11548583	1
2293842	2518806	1
1249596	1249595	1
3558824	3558821	1
10091922	10093034	1
6904467	6904482	1
6874074	6874073	1
9983684	9983683	1
519142	519139	1
9118658	9118150	1
9642321	9642322	1
1632868	1632867	1
3988198	3988203	1
6886912	6886911	1
11699255	11699256	1
10799338	10799489	1
5281992	5281991	1
8739278	8739277	1
5478909	5478914	1
10708672	10612130	1
10704377	10664033	1
7607198	7607203	1
6906984	7116721	2
11260997	11260998	1
1505132	1503420	1
10609626	10609625	1
8027445	8027446	3
5352826	5321529	1
263631	263632	1
1610109	1610214	2
3262912	11826938	2
8502303	8502304	2
11873759	11873760	1
2353533	2353534	1
4235224	4235203	2
7444936	7444935	1
8014826	8014825	3
5057290	5056442	2
10171611	10171612	1
10828182	10828171	1
11370443	11370444	1
1243393	1243396	1
9535872	9535871	1
6757034	6757042	1
4392759	4392681	1
4025893	4025894	1
2557411	2557412	2
3242315	2895374	1
8291107	8294295	1
8643353	8643354	1
11229452	11319875	2
6760328	6760337	1
7188068	7188071	1
4534563	4535118	1
4028895	11646495	1
3813145	3813146	1
4917636	4917635	1
3929111	3929113	1
2105745	2105748	1
7227269	6928265	1
6271299	6271302	1
760622	921516	2
394820	392816	1
7728637	7730333	1
985284	985283	1
1981665	1981652	1
5661565	5661566	1
9972046	11666961	1
3728757	3729012	1
8913316	8913109	1
8279501	8279502	1
12300945	12300946	1
12722555	12722556	2
2477351	2477352	1
5725239	5725023	1
6155928	6155927	1
8514742	8514245	1
8889509	8889510	1
12130825	12130826	1
6307848	6289683	1
2463439	2498468	1
4046797	4046800	1
7780013	7780014	1
11719447	11719450	1
4937170	4937203	1
10093123	10093323	1
307986	307976	2
4863028	4863633	1
5622731	5617017	2
2467168	2467167	1
11961463	11961520	1
12200678	12200226	1
8802192	8802189	1
12200517	12653563	1
431460	431463	1
413355	413356	1
1804614	8910048	1
311001	311002	1
12697901	12666161	1
4748955	4748958	1
9756762	9756080	1
3360331	1722508	1
4037771	4037772	1
8731384	8731395	1
7336317	7337384	2
3744158	2828601	1
9692350	9692375	1
12605584	12605583	2
7191056	7191055	2
4696233	4696087	1
1962394	2056711	1
5100702	5100701	1
2324117	2324118	1
5374801	5374693	1
9320605	9320606	2
8891516	8891518	3
12672510	12672509	1
8105769	8106285	1
6355841	6355757	1
2628952	2628951	1
11407734	11407726	1
5366926	5366925	1
12381659	12381660	1
2667951	2667952	1
3852707	3852708	1
4790473	4789995	1
12456911	12456912	1
3357052	3357049	1
2262695	2262963	1
4279497	4279498	1
11239316	11239315	2
9656599	9137512	1
11670771	11670774	1
2547961	2547962	1
12670665	10444033	1
8425156	7395297	1
7332078	7340794	1
4120524	2962556	1
12308857	12306326	1
7029013	452226	1
8206574	8206594	1
5327272	5327271	1
2685712	2779362	1
4370447	4370448	1
10074873	10074832	1
2478963	2477751	1
5630801	5630792	1
9705755	9705756	1
285701	286322	1
12417241	12417242	1
11997012	11997007	1
2247833	2171231	1
7610536	7610553	1
7790259	7789818	1
11332729	4081853	2
6419939	6521762	1
6679895	6679967	1
4204985	4204986	1
10450997	10450998	3
6220842	6220841	1
10360889	10360890	1
2815301	2815302	1
11113873	11113224	1
6902536	6902535	1
3950967	3950968	1
5023019	5023022	2
10280792	10280956	1
1361797	1331959	1
1940539	1940540	1
349405	353239	1
1318440	1318766	1
5944165	5944179	1
7673737	7673738	1
1089603	1089604	1
5353168	5353167	1
4712501	4712502	1
4612558	4613336	1
4267180	7851799	2
3202894	3202893	2
12165139	12167170	1
7779646	7781024	1
1290607	1290608	1
7150070	7150067	1
3633023	3632919	1
3090180	3090166	1
4102004	4102003	2
2254293	2254288	1
7152655	7152656	1
8363303	8363326	1
636088	636085	1
6058857	6058850	2
7730891	7730892	1
9484771	9484772	1
2706765	2707320	1
7001473	9072226	1
11726040	11695572	1
8404301	8404297	1
9908225	9908233	1
413452	413451	1
12129339	12129322	1
23900	23899	1
7130467	7086864	1
5865813	4442305	1
8228124	8228123	1
3509317	3509320	2
3193403	3193404	1
11259919	11259922	1
8418938	8418937	1
6319248	6319247	1
11848061	11848076	2
4587439	4587440	3
11985175	11987786	1
2796798	2796797	1
5399860	5399863	1
1608632	1608626	1
10539667	10539668	1
4958687	4958688	3
7723370	7723163	1
4483088	4483087	1
5579647	5579652	2
341442	345359	1
7780229	7780949	1
11400025	11400026	1
1342029	1346070	1
3744126	3744129	1
2506805	2417943	2
9300894	9300893	1
1912051	1912052	3
10342891	10342892	1
939873	939874	1
10619162	10619161	1
2090364	2090363	1
11045185	11045186	1
2586254	2556393	1
10316796	10316795	3
1514833	1514856	1
11391304	11391280	2
5592913	5592914	1
5580210	5579979	1
3264584	11868404	2
2241760	2244502	1
12661709	12662241	1
11876263	11876338	1
8973476	8895183	1
2439032	2439031	2
11477398	11477397	1
11149194	11149285	2
8867121	8867106	1
8632760	8631538	1
8100414	6287958	1
320171	320672	1
6128763	4437141	1
8082117	8082118	2
6155904	9588653	1
12428304	12120198	1
7242531	7242532	1
3358119	2660738	1
8967048	8967017	3
8445532	1721520	1
2737028	2737822	1
3952668	3952667	1
7998379	11447952	2
6324817	6322725	2
6566509	1664970	1
10295451	10295481	1
2586119	2586120	1
9299821	9299822	1
2557296	2421752	1
1222209	1222734	1
7997367	7997368	1
6846553	6846554	1
4369201	4369250	1
10012078	10005675	1
3972156	3972194	1
9390883	9392030	1
5794673	5794676	1
11696152	11696148	1
951108	951105	1
34735	34736	1
7896966	7742159	1
8099751	8099752	1
250053	250321	1
12726627	12726840	1
382337	382645	1
11826266	11924735	1
724805	725906	1
12278337	12278338	1
12387277	12387278	1
11319273	11319257	1
1323740	1323737	1
6651221	6650720	1
11966041	12152283	1
8827479	8827460	1
10376925	10376926	3
10812858	10814299	2
29284	29283	1
2094912	2094909	1
8732158	8732242	1
11743552	11743540	2
2319744	2318496	1
12482352	12482318	1
12179887	12179890	1
998230	998229	2
6631927	6631928	2
6674374	6674363	1
10051296	10051295	1
7922571	7922584	1
4752047	4752048	2
3036225	3036217	1
9239400	9239399	1
806764	806763	2
10746440	10746439	2
2420661	2420662	1
7490409	7490403	1
4570390	4570389	2
8000324	8000323	1
5990827	5990828	1
813090	215697	1
10358252	10358251	2
3566573	3565835	1
1747070	5488100	1
6902309	6901748	1
6934649	7022660	1
7612861	7612862	1
2299212	2299211	1
8738085	8738090	1
3051996	3051995	1
12640574	12640571	1
7839120	5165654	1
1008547	1008146	1
11520867	11520815	1
5651267	5651268	1
8826729	8826730	1
1735546	1735084	1
5007334	5007331	1
8578295	8424591	2
6630430	6630429	2
1898369	1898372	1
4579325	4577739	1
11926102	11925672	1
10751800	10751797	1
654597	10902346	2
1849628	1849587	1
5699938	5700061	1
5400546	5399650	1
3924676	3924673	1
6968943	6968753	1
9171483	9175943	1
11301773	11301812	1
656810	656809	1
515943	515949	1
1362247	1361332	1
3250450	3250453	1
4110536	4110535	2
10034689	10034690	1
10209990	10209985	2
12693804	12694340	1
9429373	9429374	1
11445381	11445382	1
10050503	10050136	1
312854	313892	1
4689539	4689540	1
7349760	7339006	1
9771002	9762184	1
8440229	8440621	1
11731554	9533011	1
6050137	6049433	2
4114777	4114811	2
161550	161577	1
7459359	7459360	1
6698291	6698292	2
12548406	12548403	1
10249108	10249107	1
5454514	5454480	1
1847317	1847746	1
6808388	6808385	1
4520767	4520938	1
10165040	10165039	2
2771553	3355367	1
5508044	5508047	1
5132107	5132108	3
9467626	1106237	1
7774924	7775553	1
2995075	2994171	1
3103728	3103727	1
10992564	10992517	1
7725904	7726284	1
6409773	6409320	3
1175567	1175568	2
5450867	5451280	1
1150529	1150530	1
6294722	6294720	1
6507277	6507278	2
11257499	11257500	2
4770303	4770304	2
4341478	4292968	1
9357539	9358682	1
7775356	7775355	1
11659893	11659894	1
891817	887673	1
4875759	4875749	1
2378952	2379392	1
12320351	12320352	1
7182379	1297056	1
585685	769114	1
12384202	12384199	1
2318647	2319236	1
2539798	2539797	1
2583874	2583873	1
7166527	7165988	1
3519576	3519520	1
11340770	11336618	1
936947	936852	1
2009443	2009446	1
11969067	11969070	1
3942097	3942147	1
6247964	6247963	1
8329409	8321045	1
11697718	11698640	1
11350557	11350272	1
12026349	12027442	1
1419392	1421921	1
7917407	7917872	1
347021	347005	1
304229	304230	2
10596215	10596016	2
7754511	7754512	1
405781	666905	1
9058483	9047415	1
10992492	10992491	1
10233421	10233422	1
7290960	7293459	1
4025582	4025581	1
6064837	6064838	2
11317507	11317508	1
8864077	11404261	1
2249363	2247567	1
7699499	7699489	1
9494217	9494122	1
10060317	10060304	1
2524980	2523890	1
3945138	3945137	1
9356351	9356287	1
2899003	2897949	1
1391229	1391230	1
7866616	7866615	3
2066439	2066440	2
6595230	6595442	1
3530903	3532474	1
11533641	11533644	1
2587373	167485	1
3522086	3522099	1
11677029	11677032	1
6030275	6030276	1
8068301	8068162	1
3128263	3128264	1
1240887	1240888	1
11710211	11710200	2
3711261	3730762	1
2777301	2777304	1
9640998	9641062	1
4953824	1531131	1
5121971	5121941	2
3248871	3249300	1
1718507	1718508	1
10714446	10714517	1
11178865	11178866	1
1642014	1642010	1
10338743	5050080	1
6808329	6808330	1
7673590	7673603	1
10442895	10443758	1
1641667	1641668	1
10521924	10521923	1
8515891	8517007	1
7492417	7492418	2
3991040	3991039	1
2363609	2363612	1
11325813	11325816	3
11790163	11790164	2
9431529	9430923	1
1607945	1607946	1
398233	398228	1
10370359	10370367	1
2628149	2628150	1
6751321	6751322	1
6555391	6555389	1
5792303	5783186	1
4092034	4092033	3
3794497	3794997	1
12331627	12331683	1
8173266	8173265	1
5675707	5675708	1
11881758	8782091	1
12307724	12307722	1
10460926	10462186	1
5777693	5777727	1
1239704	1239703	1
3142502	3142499	1
7458376	7458373	1
2827688	2827687	1
7479474	7479488	1
7122693	7122694	1
5264181	7738113	1
5303988	5303987	1
8024790	8024577	1
4421541	4580038	1
8986839	8986840	1
4235325	7455371	1
12459330	12459522	1
6830700	6830341	1
9161782	9099975	2
7483292	4257866	1
8448385	4370264	1
10887149	10886509	1
9903223	9903224	1
10258811	5467453	1
7518221	7534976	1
9620169	9620098	2
5677495	5677496	2
2253870	2253630	1
12780463	12780464	1
11277240	11277239	1
3353079	3353080	1
3600697	3600698	1
3358424	3358318	1
2783373	2783374	1
2090168	2090167	1
8825570	8825569	1
8070331	8070332	1
1453312	1453309	1
5832985	5832986	1
5955747	5956238	1
983971	983972	1
6931773	6931774	1
2847097	2948278	1
2566424	2565514	3
5737084	5737083	2
1015487	1015488	1
1092939	1092847	1
10822945	10822946	1
6432311	6432312	1
1275772	1276029	1
2511609	2511710	1
8408804	8408803	1
3001369	2811643	1
7314408	7314403	1
7244199	7244183	1
5940011	4678527	1
1444677	1444678	1
1748417	1748820	1
9304248	9304276	1
4689537	4689538	1
9250234	9250229	1
1194831	1194832	1
10227292	10227289	1
4712015	4712051	1
7402556	7403440	2
3996989	3996990	1
328579	328580	1
2223751	2127103	1
7837899	7837900	1
4181660	4181620	1
5730543	5731056	1
8545271	8544951	1
5873611	5875577	1
728960	728959	1
12594653	12594654	1
6781012	6781009	1
4032008	4032007	1
1497561	1497564	1
9426831	9426832	2
2773708	2773211	1
9554014	9554013	1
6841989	6841920	1
2938424	2938423	2
11448158	11448157	1
12241654	12241653	2
5524693	5524694	1
10296125	10296126	1
3886750	3886749	2
6684947	6684950	1
8195369	8195370	1
4661539	4661574	1
8233420	8233431	1
9079588	9455388	1
7602202	7602421	1
1481864	1481852	1
6774956	6774955	1
10759778	10762525	1
7335119	7335120	2
2924322	2925431	1
8995965	8995968	1
11617268	11617252	1
7854680	7856114	1
7350031	7349886	1
5366555	5367265	1
8483566	8465392	1
4573995	8848127	1
5718365	5718370	1
2570672	2570607	2
10893399	10893400	1
3429823	3429824	1
1345073	1345062	1
4609405	9026495	2
8891361	8891362	2
2551126	2551125	1
5571351	5571352	1
12486226	12486231	1
48431	60210	1
5501314	5501313	1
12693726	12693725	1
12420774	12403449	1
420734	420737	1
11671694	8849480	1
11923729	11923730	1
8035545	8035546	2
48360	48318	1
11109945	11009364	1
8614475	8470949	1
11499184	12004423	1
7736081	7736915	1
11561055	11845898	1
7155742	7155708	1
12657168	12657167	1
5141917	5141864	2
6728002	6728592	1
3313819	3313820	2
3287067	3287068	1
7452005	7452006	2
9021812	9021811	2
3913391	3913520	1
9836117	9836118	1
4620726	4621017	1
8095456	8095443	1
11184824	11184964	3
2173002	2172977	1
7629861	7629911	1
8017991	8018097	1
3519528	3519521	2
422393	422394	1
3304746	3304743	2
2279455	10181392	1
8836121	8836122	1
11987300	11987339	2
7219063	7220534	1
12617937	12677650	1
4303516	4303519	1
2340191	2340235	1
12670158	12670157	1
7349797	7349800	2
4356805	12125209	1
2141540	2141539	1
11062770	11069692	1
2641652	2641651	1
9818271	9816782	2
5462798	5462797	2
3145969	3145971	1
8558408	8558407	1
4039130	4127542	1
2743257	2743248	1
1264175	1264709	2
1353585	1353588	1
9427362	9427215	1
3960573	3960574	1
7413419	7413420	1
5584162	6814021	1
5579986	5579884	1
8434050	8383505	1
995099	995100	1
1641669	1641670	1
8634388	8633807	2
875012	875011	1
3240877	3243244	1
7692848	7691437	1
10570715	10570676	1
2045444	2045443	1
3629676	3629675	1
5760173	5760174	1
1944710	1944702	1
6567111	6567112	1
11331570	11331569	1
4557879	4557880	1
8949650	8949647	1
11396476	11394924	1
325500	325499	1
7298468	7298467	1
4990137	4990138	2
3082866	3082917	1
4005386	4005385	2
6878504	6878503	1
7979898	7979897	1
8006465	8006456	1
4613472	4613471	1
7803217	7748757	1
8381088	8370464	2
4142420	4142419	1
11265430	11265220	1
3286422	3286421	1
11208202	11159905	1
1110055	1044951	2
674542	679256	1
938909	938910	1
1804863	1804718	2
45205	6866484	1
3889657	3889658	1
888009	888010	3
4049685	4049686	2
3085644	4088932	1
7496052	7496051	1
3757406	3757405	1
8833356	8833353	3
8873289	11275978	1
4300434	4300433	2
10151424	10153861	2
11173572	11173571	1
1122091	1122092	1
6285311	6285312	1
4236269	4684016	3
11849998	11849997	1
7840597	7840812	2
1694530	1694485	2
2479004	2479372	1
12256005	12256008	1
9974970	9975485	1
11413006	11424508	1
1777573	1777574	2
2721255	2795887	1
5648542	5706335	1
2340078	2340387	1
264333	264334	2
11583353	11962044	1
7499316	7499315	2
5704102	5704101	1
3669725	11384222	1
6456776	6421293	1
10902242	10900808	1
9840515	9840516	1
2558736	2558735	1
12669692	12667038	1
1507628	1507627	1
6030727	6030728	1
4864678	4864677	1
5506802	5506801	1
439770	439769	1
6337753	6337970	1
11773788	11775529	1
5011357	5006740	1
12655416	12654810	1
4583584	4583583	1
11105035	11105868	1
6186181	6186182	1
9497292	1205712	1
6778921	9005447	1
11575822	8878573	1
4832508	4832507	2
3979324	3979323	1
136437	136438	1
595503	595504	2
3460777	3460780	1
5552692	5552691	2
4703532	4703573	2
1421928	1421955	1
4292623	4292602	2
11678549	11678550	1
2614333	515373	2
10930026	10929910	1
9520529	11969487	1
7591392	7591391	1
5407487	5407488	1
11523209	11524622	1
6302119	6300993	1
11577602	11577599	1
6413191	6413192	2
6103964	6204117	1
11013396	11013395	2
4652922	4652895	1
10489430	10489426	1
8375739	8438211	1
9595785	9595619	1
6007434	6007473	1
6480174	6480173	1
12453295	12453315	2
1110206	1110203	1
11408981	11409636	1
178354	178353	1
8505715	8505716	1
1104852	1104851	1
4468822	4468819	1
10376093	10356368	1
12762743	12762744	1
8088152	8088151	1
1868530	1868557	1
3425183	3425184	3
6984785	6984786	1
1880718	1880728	2
6217532	6220594	1
11151156	11146254	1
8558772	8558769	2
5698190	5698189	1
11853744	11853741	1
12750976	12285820	1
2517585	2517586	2
12484185	12484186	2
11797852	11797870	1
6611135	6611157	2
3316467	3316450	1
11803790	11803743	1
4316205	1826746	1
176229	176409	1
11905590	11905285	3
10706929	10707066	2
8797002	8797001	2
10462567	10462562	4
1358122	1358121	1
5960075	5961838	3
5049125	5049126	1
3322597	4124022	1
11813458	11815642	1
3441304	3441303	1
6192673	6193243	1
8029201	8029202	1
8724469	7456733	1
4253949	4253950	2
8849820	4916884	1
8042225	8042226	1
5517261	5517274	1
11406023	11406140	3
7739074	7739333	1
10299230	10299229	1
6311224	6311223	2
11459032	8957102	1
2710984	2711041	1
7485397	7485398	1
11584052	8899585	1
2961871	3072400	1
5464129	5464130	1
6279300	6279299	1
6837643	6837644	1
5906139	5503792	2
7350012	7350030	1
5163007	5163008	1
1482828	1482827	1
5804217	5804218	1
8562697	7394166	1
6052199	6052200	1
6428758	6428922	2
2018123	2018124	1
4788393	4783816	1
3084327	3084334	1
11528209	11528210	1
6298413	6298414	2
3892411	3892412	1
10115319	10115331	1
9028932	9028931	1
4860253	4862798	1
407516	407515	1
9511150	6530622	2
11763372	10263467	1
965413	965414	1
7183174	7136420	1
6117824	6116311	3
7941962	7941965	1
10235319	10235330	1
2957551	2957553	1
359620	359604	1
3592206	3592205	1
5247786	5247229	1
9860358	9859799	1
11083197	11083200	1
3969380	3962901	1
5550469	5552551	1
2372507	2502794	2
7070538	7070686	1
11461405	4823825	1
11370277	11370255	1
8230928	8230931	1
5886541	5886539	1
7134454	7351317	1
11494064	11494353	1
481381	481331	1
78527	78528	1
9391755	9392517	2
806563	805424	1
12360583	12360584	1
7000676	7000675	1
6551992	6551991	1
843674	843671	1
2962934	2962933	2
11425393	11252972	1
6682032	6682031	1
11472004	11473280	1
7151380	7151427	2
12364002	12363999	1
11889154	11889151	1
12759215	12759216	1
6032225	6032226	2
10648885	10423791	1
3295075	3295054	1
7695102	7695099	1
3774666	3774669	1
1434299	1434300	1
5566718	5566715	2
7387945	7387946	1
1796264	1796167	1
4571124	4571123	1
2164317	2164716	1
6452386	1069417	2
4269308	4269318	1
4236258	7476635	1
1766931	1766932	1
3410245	3409059	1
3421773	3600957	1
7232452	7232451	2
9587060	9587059	1
4174321	4174275	1
12744022	12744021	1
7312100	7313823	1
4124442	4124441	1
6276436	6276435	3
6122411	6122412	1
6418478	6418477	1
4409398	4406041	1
4240669	4240670	1
12232583	12232584	1
5762011	5762012	1
11582133	11582134	1
293326	293603	1
10801777	10800266	2
5782397	5782400	1
9679676	9679675	1
5699767	5699768	2
10741969	10741988	1
9390742	9331268	1
849700	849699	1
10244249	10244250	1
10477598	5514218	2
1942748	1942656	4
12463362	12463361	3
10888234	10888339	1
5897894	5897893	1
2744614	2744613	1
11565112	11566164	2
10279288	10279667	1
1531058	1530824	1
687841	348018	1
12574192	12574191	1
5375325	5375326	1
6530623	6530624	2
8409913	8400817	1
1685877	1685878	1
8764350	8764349	2
1633359	1633360	1
3876794	3876836	1
10720040	10720039	1
10478217	10478218	1
11964336	11964335	1
4392660	4736539	1
5463793	5463893	1
11998129	11998132	1
10711319	10711320	1
3830566	3830565	1
260056	260055	1
9962866	9962565	1
12297175	12048394	1
3255868	3255867	1
11268715	11268716	2
10907882	10907879	1
8608484	8608483	2
4058239	4057540	1
7460879	7460882	2
1252051	1252052	3
7408677	7408678	1
11443506	11443505	1
3276149	3276146	1
12232910	12232907	1
7975898	7975897	1
4138547	4138574	1
277643	277644	1
856298	856595	1
6053752	6051705	2
2274837	2274910	1
9294289	9294290	1
5897703	5897704	2
10211595	10211567	1
10202394	10202393	1
7051611	7050998	1
12685306	9002718	1
7832170	7832169	1
11348003	11348004	2
11069687	10835956	1
2747182	2747179	2
3511892	3511882	2
1034650	1063506	4
11477469	11476083	1
4698399	6128097	1
2846849	2846850	1
1969637	1969638	2
11249598	11250313	1
9486006	1006661	1
7857918	5762737	1
4703289	4703290	1
11444626	11444625	1
11567140	11567139	1
5796409	5796410	1
6351097	6351100	3
4616009	4616012	1
1845529	1845527	1
5249049	5249050	1
3946456	3946437	1
660016	660015	1
8371255	8372024	1
11289270	11289269	1
8865261	8865267	1
9436290	2588245	1
11435156	11435155	1
10446952	10447100	2
11131676	11131675	1
207449	207450	2
3140503	3140504	1
11193783	11193784	1
11898596	11898599	1
3564463	3564464	1
1187038	1187207	1
12200281	12153358	2
3888030	3888029	1
1363049	1363033	1
9521242	9521332	1
1754416	1754408	1
2021932	2021931	2
1839529	1839381	1
8761815	8767289	2
3292399	11925494	1
1835676	1835675	1
7330470	7331549	1
9565562	9565550	1
5600595	5600596	1
5422512	5120377	1
5410579	5410498	1
6002073	6001696	1
10167069	10167070	1
9919750	9919749	1
6535412	6535411	1
3257144	3256951	1
11829568	11829559	1
6325762	6325759	1
2103671	2104083	1
1263295	1263296	1
1617874	1617881	1
12454035	12454036	2
6156114	6155943	1
8230177	8289309	1
894713	894714	1
11058558	11058604	1
4526154	4701736	1
12458019	12458020	1
2540763	2540766	1
11873016	11873015	1
8654442	8654441	1
11321323	11321324	1
8527787	8527788	1
7381467	7382508	1
4723090	4723041	1
6551805	6551284	1
9237954	9239715	2
8093147	8093148	1
8956133	8956134	1
11582813	11582768	1
11643885	11637942	1
4812566	4812565	1
6661525	6661526	1
11553109	11553110	2
4127071	4127072	1
4046838	4046705	1
10638772	10638771	2
5146269	5146270	1
11869835	11393330	1
2466167	2466168	1
9000769	9003192	1
9786370	9786369	1
9568743	9566416	2
12120367	12662064	1
5434000	5433999	2
1195935	1195936	1
8897514	8897963	1
10184994	10184993	1
9716085	9719108	1
441589	447740	1
5000901	5000371	1
1200955	1199863	1
4554360	4554357	1
11371904	11371963	2
8738690	8745174	1
1067743	1303677	1
2247075	1977339	1
10040335	10040336	1
1101865	1102281	1
9785458	9785411	1
6140401	6140418	1
12121759	8301001	1
8807912	8807911	1
4069686	4068947	1
7576574	7576363	1
4851595	4851596	1
12657164	12657163	1
8177075	8177072	2
8959092	8959089	2
3728929	3758764	1
11397102	7055717	2
2722226	2722225	1
7603591	7603584	1
11932041	11932042	1
6965376	6965375	3
8445582	8445632	1
10482841	10482844	2
7456479	7456480	1
2086651	2086545	1
2829215	2829324	1
6572901	6595452	1
11799985	11799986	1
466004	466003	2
12239968	12239967	1
12049947	12049954	1
11005242	11005241	1
11885563	11885564	1
7731401	7731738	1
7858776	7858785	2
4567716	4567713	1
4815485	4815486	1
11907055	11821173	2
2017157	2017158	1
9098435	9098436	1
4139203	4139204	1
11533645	11532975	1
2070689	2070705	2
2278075	2278076	1
1103920	1103919	1
9584511	9584221	1
11487814	11487813	1
1708879	1708900	1
4876360	4876359	1
4263441	4263442	1
6691657	6691329	1
8861354	8861377	1
5900190	5900187	1
8383266	8383542	1
7106963	7106902	2
2721849	2721850	1
12020468	12020465	1
490485	492125	1
11010466	11010145	2
5696301	5696302	1
872968	872982	1
6114351	6114352	1
10478436	10478435	1
6120716	6120715	1
4958150	4958317	2
4238842	4238839	1
6424348	6424347	1
6434561	6434862	1
7014120	7014119	1
991611	991524	2
11720993	11720994	1
11792645	11792646	2
8292457	8292458	1
11401452	11401190	1
3248170	3248162	2
470536	470062	1
7020638	7020637	1
6920195	6920196	1
11421810	11421809	2
7824569	7824570	2
9770391	9749911	1
9172592	9172589	2
7383199	7383166	1
10277675	10277678	1
10482197	10482840	2
1386192	1383025	1
11242620	11242619	1
4699751	4700306	1
3996343	3996344	1
5880367	5880265	1
3516631	3516636	1
10584245	10584232	1
9345273	9345274	1
3209745	3209746	1
350378	210644	1
5768995	5768996	1
11501686	11501606	1
9122163	9122178	1
2124267	2124270	1
5012746	5012745	1
7660914	7660840	1
9851118	9851117	1
12184270	12184269	1
1463969	1463937	2
7372180	7372179	2
4116125	4116126	2
2014410	2014409	1
5165923	5165812	1
6119424	6119423	1
3632310	3631666	1
9632560	9632588	1
6294282	6294281	1
1314901	1314902	1
3827495	3827496	2
11460242	4845745	1
627328	627326	1
2310943	2310929	1
3618268	3618267	1
5962937	5962938	1
1356665	7247052	1
1320785	1320643	1
11958025	11959384	1
11034513	11034514	1
7683912	7683911	2
7563669	7562718	1
5150690	5150689	1
10048992	10048788	1
3541178	3541175	1
11574700	11574699	1
11832244	11833607	1
11110424	11110423	2
67678	67782	1
12303198	12352413	1
6498737	6498738	1
5540056	5540055	3
12232638	12230974	1
1361131	1361132	1
2611047	2446185	1
2342438	2342437	1
6768936	6768935	1
8547133	8547134	1
2783806	2783803	1
3365558	3365557	3
12013560	12005246	1
1106068	1106171	1
5269039	5269040	1
12267709	12260211	1
3200192	3200191	2
10774477	10774514	1
11994276	11994275	1
12632182	12632181	1
10391347	10391140	1
3067657	3067658	2
8189959	8189967	2
6094828	6094827	2
1999825	1999826	1
2078776	2084151	1
11892614	11892777	1
5407600	5407595	1
11400202	11400201	1
10769342	10769341	1
3993361	3993362	1
1328438	1443581	1
12802828	12763678	2
10120275	10120301	1
2541101	2541102	1
1932623	2035441	1
7758257	7795554	1
5021763	5021764	2
696255	696256	1
12167361	8824197	1
1653305	1653306	1
6048187	6048188	1
7245149	7245150	1
8769360	8769359	1
11929403	11929447	2
12026850	12026823	1
7926703	7926799	1
646978	646975	1
5132968	5132967	1
3926235	3926236	1
1399455	1399200	1
5006018	5006012	1
10823722	10823721	1
6567515	6567516	1
3888979	3888980	1
12786658	12786657	1
7859088	7859087	1
2209289	2209290	2
11290515	11290518	1
1532636	1532635	1
12225687	12225688	2
3926045	3926048	1
7173547	7173548	1
5559665	5559666	2
8301462	8301461	1
9318526	9318525	1
10393408	10393092	1
11385945	11385946	1
6130522	6128636	1
10389228	10389227	1
4530589	4530590	1
8151029	8151038	2
8778889	4332705	1
2357090	2354549	1
1848052	1848051	1
6462268	6462213	1
10534513	11793839	1
11817058	11816991	1
9686921	9686889	1
11740295	11740371	1
8876558	8876557	3
1930668	1930667	3
9291007	9291008	2
7948884	7948889	1
12552146	12559003	1
9476442	9476431	1
7582894	7582893	1
4842059	4842102	1
94859	97397	1
5401081	5401327	1
4819542	4819541	2
3372044	3372050	1
8084981	8084982	1
10107079	10107080	1
10131622	10131700	1
160483	160484	1
4253403	4253347	1
7285362	7285361	1
11639415	11639416	1
2162182	2162184	1
142910	142909	2
4618335	4618253	1
3056956	3056953	1
1773164	1773163	1
3537917	3537768	1
86600	86599	1
11923426	11921875	1
203140	203139	1
12188445	12205126	1
10631059	10631060	3
5588950	5588952	4
4145891	4145886	1
310069	309898	2
6508345	6508313	1
2847753	3068650	1
1314217	1314218	1
2380474	2380534	1
895071	895072	2
10098537	10098527	1
534265	534266	1
3710556	3710628	1
10340067	10340127	1
9945664	9945663	1
7796170	7796169	1
4328442	4328418	1
6527480	6527477	1
1186109	1186110	1
7253647	7252781	1
801811	801812	1
12719089	12718403	1
10001847	10062826	1
11478926	11416299	1
10755779	10755988	1
7939912	7939911	1
11859469	11859470	1
5715284	5715283	2
4085735	4085736	2
3406553	3406554	1
6421439	6421440	1
4014896	4014894	3
10079226	10079225	1
7279389	7279477	1
4122148	3989008	1
10727227	10727228	1
4006532	4006734	1
6714992	6715008	1
10753759	10753760	1
3469970	3469969	1
3431571	3431574	1
6753728	6753727	1
825056	825055	1
3233066	3233065	1
7587387	7587388	1
7971186	7971183	1
10261156	10261173	1
8898929	8898885	1
11998246	11998254	1
9180799	9198361	2
5392681	5394024	1
1328761	1328764	1
7543529	7543530	1
8024497	8027283	1
2009209	2009197	2
5298367	5298341	1
9237955	9239716	1
4374559	4374564	1
12180654	8793310	1
2827671	2827672	1
1561298	1561911	1
5705311	5705312	2
4278130	4278129	1
368581	364258	1
6767100	6761870	1
5053942	5056613	1
11548770	11594751	1
740739	740740	1
2852468	3214829	1
2551242	2551214	1
5484984	5484994	2
7919442	7920060	1
9126023	9126026	1
4613220	4613272	2
4032956	4032955	1
2550218	2550215	1
2621360	2621385	1
5115951	5115954	1
1584299	1584300	1
12051249	12051536	2
9525894	9525893	3
1356355	9354048	1
9525705	9525711	1
10320415	10320416	1
168334	169417	1
12014021	12013925	3
11586850	11586847	1
4916418	4916417	2
6206630	6206711	1
11580994	11580111	1
6423347	6422836	1
3379588	3380139	1
10961667	10961668	1
9780392	9780504	1
12593362	12593465	1
10745066	2744640	1
9284094	9284093	1
11184734	11184686	1
5397893	5398019	1
11299522	11299525	1
775972	775971	1
11397874	11301507	3
3199797	3199798	1
1160983	1160984	1
8558932	8558931	1
9823959	9823960	1
10116866	10116865	1
11078781	11078782	1
4373020	4374614	1
9075277	9075278	1
9317542	9317541	1
3201580	3201579	1
9274208	9274207	1
12441736	12441765	4
10854263	10854239	1
5899365	5899366	2
5365101	5370910	1
6652565	6652566	1
5695880	5695877	1
5512091	436600	1
10965116	10965115	1
6444097	6444085	1
12180119	12181092	1
2034735	2034704	2
7179355	7178600	1
2343428	2343660	1
8477501	8476445	1
9392660	9392659	1
5477947	5477152	1
5267164	5267163	1
8529477	8531332	1
7638711	7638712	1
6669067	6467599	2
2121028	2120996	2
2903814	2903743	1
5377331	5380156	2
1734607	12338685	2
11581164	11581161	1
4189478	4189477	2
3644195	3644196	1
7458742	7458713	1
3607270	3607269	2
9818625	9818628	1
11485967	11485970	2
6696523	6696524	2
3523228	3523227	1
880960	2557798	1
10348960	10348959	1
9086186	9086589	1
8983985	8983986	2
2514917	2434782	1
372302	374020	1
3186541	3185855	1
1582263	1578122	1
3080641	3080642	1
9283414	9283419	1
2441100	2470850	1
10435551	10434145	1
12402704	12411267	1
3201406	3201403	1
6685052	6685445	1
3712152	3712151	1
8825036	8825052	1
6935825	6935826	1
5663278	5663277	1
930987	930988	1
6121383	4255641	1
7530145	7530146	1
10751401	10754369	1
6070886	6056349	1
6295355	6308561	1
5702730	5702727	1
3600107	3600108	1
8512785	8512788	1
10153780	10153720	2
299275	299278	1
11546001	11546002	2
5653705	5653706	2
12506100	12504079	1
8517919	8370448	1
5117110	5117324	1
11395801	11384915	1
12347030	12347029	1
1323987	1323988	1
6550594	6551230	1
12018792	12018787	2
9927560	9927559	1
4044108	4044107	1
4281586	5695743	1
11278638	8921558	2
5103736	5101105	1
10662580	10660755	1
9808057	9808058	1
4439886	4439885	1
9517880	9517725	1
4094748	11943278	1
7054488	7054485	1
1107949	1107950	1
12446219	12446220	1
11309075	11309076	1
5439944	5439943	2
7940133	7940128	1
12425645	12425448	1
9846655	9846656	1
12551382	12551381	1
10938015	10938056	2
11390130	11390129	1
165339	165340	2
3521596	3521626	1
1016649	1016650	1
3071748	3071743	1
6694553	6694557	1
12229137	12229138	1
10768806	10768805	1
3032618	3032547	1
6856029	6856030	1
5615648	5615640	1
749090	707498	1
2637382	2638617	1
11755121	11755122	2
7529969	7529970	1
6837154	6837153	1
2477353	2477354	1
5983575	5983576	2
5434294	5434293	2
2108235	2111026	1
11395342	11395341	1
4073138	4073135	1
8937054	8937197	1
7669563	9923932	1
3562524	3564806	1
3891903	3891318	2
6860810	6862006	1
11708247	11708370	1
7129988	7123713	2
5250084	5215248	1
11699657	4657457	1
6678760	6678762	1
9825865	10515551	2
12765473	12765466	1
8368561	8368850	2
3541551	3541552	1
10310835	10314652	1
11726695	11727119	1
8409239	8409240	1
9852106	1011968	1
5158974	5159772	1
1318699	1318700	2
7026102	7025198	1
3016672	3016735	1
10331186	10331549	1
4863907	4864203	3
8462838	8462837	1
12119500	12119893	1
11270531	11270532	1
9032335	9032336	1
8552840	8551582	1
10391929	10391932	1
8798196	8961715	1
10398395	10398396	1
10309398	10309395	1
11158578	11158577	1
9945662	9945661	1
3539483	3539484	1
12735650	12736077	1
9274757	9274758	1
7707964	7707963	1
12031310	12031309	1
11997131	11997132	1
885902	885899	1
9902780	9902676	1
2057635	2057477	1
9140924	9140923	1
995734	995733	1
4264490	4265171	1
5439931	5439932	1
8229079	8229080	1
6637946	6637945	1
1405760	1405961	1
3126313	3339986	1
793351	793356	1
363854	364508	1
11082512	11082511	1
443645	443646	2
2500596	2500595	1
9472277	9472392	1
603953	472351	1
9310225	9310265	2
2907227	2907228	1
3063715	3063716	2
10565463	10564750	1
8870829	8870830	1
1052403	1052395	1
2371531	2371532	1
10252861	10146638	2
4644033	4644062	1
6623662	9022594	1
6774157	6769659	1
7929526	7929525	1
6970029	8645110	3
10312711	10312714	1
2148180	2148179	2
571713	571714	2
71647	71648	2
1661335	1661336	1
2349534	2349215	1
8624365	8624422	1
11682183	11682184	1
225226	232918	1
7609891	7609978	1
3284303	3284297	2
4265164	4265163	1
4047743	4047744	1
3569628	3569617	1
6472893	6472744	1
2967138	2967135	1
5241358	5241295	1
3548648	3787851	2
2814358	2815981	1
12172883	12172884	1
7724978	7724977	1
10982471	10982219	1
10414543	10415002	1
12387341	12387342	1
7242740	7242739	1
3696361	3695508	1
4284381	4284382	1
11749071	11749072	2
7017478	7017546	1
140001	140002	1
11540632	11540631	1
8891133	8890408	3
1323970	1323969	1
6127269	6127270	1
11847271	11846858	1
155073	144233	2
6862381	6862382	1
7166554	7166558	1
11110018	11110017	2
4298430	1045677	1
5593146	1403845	1
2993320	2993353	2
6355795	6355791	1
8793643	8793617	1
6374003	6373145	1
1443838	1443837	1
8746172	8742432	1
10529099	10529154	1
9582332	9585541	1
2520555	2520556	1
1091113	1091038	1
8972391	8972399	2
2319312	2319311	1
8043876	8043873	2
5767853	5767854	2
8811121	8811124	1
11428439	11428440	1
916149	916150	1
5313443	5313444	1
3111271	3111272	1
3525439	3525440	1
5004895	5004701	2
5931914	5931913	1
1092971	1092972	1
3257814	6870726	1
628844	628847	1
9482310	9482309	1
881007	881008	1
9513989	9513946	1
3479072	3479071	1
6716211	6716374	1
5697155	5696996	1
3201402	3201399	1
2853282	2853281	1
9179677	9178382	1
3448004	3448003	1
4891	4892	1
1762040	1762913	1
5520294	5520293	1
7860913	7860914	1
8876380	8876377	1
8658250	8658249	2
4110118	4110117	3
3126136	3126135	2
2490000	2489999	1
10831621	10831622	2
1116832	1116831	1
7243753	7243804	1
10075138	10074885	1
11589210	11592202	1
10506256	10509894	1
10756879	10756880	1
6055029	6055037	2
12360553	12360554	1
4501542	4501999	1
5021027	5021012	2
5665063	5665064	2
8029941	8029996	1
1138083	1138084	1
1509083	1509113	1
7901273	7901274	1
10612766	10612736	1
7858531	7858717	1
11186380	11186379	2
8416533	8416557	1
1835078	1835077	2
6781193	6780177	2
6830301	6830302	1
6111962	6111961	1
11989886	11989885	1
2712144	2712143	1
8077647	8077648	1
2770466	2770465	1
7198487	7198366	2
1075264	1075263	1
1160981	1160982	1
4014370	4014369	1
5272181	5272182	2
2281755	2281756	1
7775342	7775339	1
12206003	12206004	1
3272768	3272762	1
3890931	3890929	3
6896151	6896167	1
7891645	7892565	1
4478246	7899479	1
6117508	1774036	3
1636663	1636664	1
10574396	10574393	2
156924	156923	1
9013965	9013966	2
10557702	10559839	2
2537121	2537122	1
5593806	5593950	1
7803660	7803664	2
1726996	5489626	1
6100411	7783254	1
6250854	6250851	1
5987608	5987260	2
12157289	12157297	1
12289619	12385120	1
11187975	11187976	1
6081744	6081743	1
11352902	11352892	1
6509281	6509741	1
6454527	6454530	1
6430411	6430428	1
8492557	8493219	1
1571485	1571488	1
6451093	6451096	1
1787509	1786884	1
10064144	10064153	1
1854285	1854286	1
11921400	11921399	1
8522808	8522807	1
1316946	1316700	1
2307229	355019	1
403407	403593	1
2329517	2329518	1
6336946	6219492	1
2379700	2379699	1
2925825	3124176	1
4248012	4253990	1
12230698	12230697	1
4612248	4611181	1
9863647	9863648	1
2182941	2182946	1
11808870	11808869	1
12319603	12319598	1
3907948	3907947	2
5640179	5640181	1
5368842	5368841	2
3738011	3738012	2
5251010	5246868	1
892957	892958	1
7062597	7060947	1
6627890	6627889	2
5506813	5513507	2
6565560	6565559	2
7107185	7107186	3
3281911	3281912	1
1868966	1868961	1
4609255	4609256	2
74778	74374	2
8632450	8632449	1
10193975	10193831	1
7139169	7139170	1
7783255	7783256	1
5534817	5534794	2
2095572	2095571	1
8998120	8998119	1
8778694	8780430	1
6966218	8983958	1
4926757	4926717	1
7785502	7785501	1
10729271	10728891	1
2163239	2162660	1
1642975	1642976	1
10094712	10094711	1
8757687	8757688	1
1074977	1074223	1
6051493	6051494	1
1104258	1104257	1
1866207	1866208	1
6842317	6842328	1
4575384	4574313	1
7456814	7456927	1
12483215	12483222	1
11132578	11132577	1
5151472	5358489	1
3476026	3476025	1
10922067	10921674	2
9273934	9273941	1
753732	753743	1
2315526	2315525	1
4233995	4233996	1
1748178	5487963	1
8951483	8951484	1
6552538	6552537	1
3209192	3209191	1
8905049	8905054	1
12012241	12012242	1
9949753	9947654	1
8878308	8878307	1
5925122	5925119	1
8565455	8565456	1
4179633	4179634	1
10446560	12696415	1
9164040	9164039	1
5375004	5375009	1
6474713	6474791	1
12463360	12463318	3
7356838	7356837	1
7696030	7696029	1
3666585	3666586	1
11805525	11805522	1
5626031	5626172	2
10665343	10665344	1
1307134	1307133	1
5132837	5133099	1
9910610	9911109	1
850041	850003	1
7634027	7634023	1
8755294	8755293	1
4631487	4631488	3
9919748	9919774	1
9138877	9137887	1
4225724	4225723	1
6196632	6193506	1
1824918	1824917	1
441926	441943	1
10360733	10363120	1
11593254	11394169	1
3950525	3950526	1
6464439	6464440	1
3493842	3493841	1
5861298	5861297	1
1749164	1749168	1
742631	742974	1
6531061	6531062	1
1721017	1721018	1
8411286	8411285	1
12365381	12466845	1
8086118	8086117	1
7610287	7610288	1
6483350	6483349	1
11857675	11857676	1
5646342	5646341	1
11652403	11652372	2
8586565	8587442	1
5949778	5949738	1
5226845	5226838	1
6257682	6257681	2
7357495	7366157	1
101820	100921	1
4312286	4312285	2
12141963	12280782	3
4625917	4625918	1
3989296	3989327	2
11870908	11870907	1
751515	751516	1
5606716	5606747	2
2311944	2311905	1
11005243	11003055	1
11921522	11921521	1
10512532	10512538	1
3729936	3710585	2
11915477	11915478	1
9508262	9508261	1
8870962	8869346	1
427815	427820	1
10357401	10357402	1
4015382	4016608	1
7143126	7143169	2
12180541	12180479	1
11037227	11038036	1
5060795	5060798	1
6965598	6997017	1
8873932	8873931	1
2063080	2063243	1
1391227	1391228	1
12607849	12606377	1
6202238	6202233	1
1066252	1066251	1
8287616	8225349	1
9543127	9543134	1
6206813	6206814	1
7976091	7926773	1
1299864	1299870	1
10673534	10673533	1
7873924	7875195	1
3209690	3209659	1
8924191	3276346	1
9183702	9183770	1
2517766	2517765	2
4689541	4689542	1
4544629	4544630	1
12323452	12319709	1
1720668	1720667	1
8026471	8026472	1
10182991	10182994	2
7442521	7442150	1
12486232	12486231	1
10234473	10234474	1
6780176	6780173	1
950615	951496	1
5039883	5039884	1
11594715	11594718	2
12396571	12396600	1
7515270	7516077	2
7335142	7333703	1
4714946	4714945	1
6276641	6276642	2
8870827	8870828	1
9551521	9551522	1
8477977	6904527	1
5839852	5840298	1
4251239	11755126	1
5006741	5006742	2
2286819	2287817	2
6052510	6052509	1
7794899	7794708	1
1390077	1390078	1
12397557	12286426	1
8464112	8464084	1
9995090	9995058	1
3121379	3122838	1
10064809	10064860	1
5820015	5820016	1
7100065	7099612	1
5485436	5485952	1
1565080	1467171	1
10173370	10173369	1
5148337	5148309	1
6872926	6872923	1
2576551	2576552	1
12286513	12286514	1
9780325	9777917	1
3376835	3376836	1
1532068	1546358	1
6197872	6197871	2
10983463	10983464	1
1324283	1324208	1
4295681	4295682	2
5924385	5924469	2
11444204	11444189	1
5362015	5362038	2
8082112	8082111	1
9952095	9952096	1
3310337	3310326	1
2058480	2059114	1
4087927	4087928	1
4431969	11741579	1
928385	929783	1
2150880	2002280	1
7643585	7643586	1
830581	830582	1
1823375	1823398	1
1444972	1444971	1
6421513	6421514	1
2416778	2416773	1
3183810	10623791	1
4803862	4803828	1
9329406	9427044	1
3560370	3560369	1
7230033	7230036	1
12446754	12446753	2
4818050	4818021	1
2027645	2027646	1
10845047	10845048	2
1115848	1115847	1
5411041	5411042	1
7374185	7374186	1
9790171	9790174	1
9081297	12675063	1
10202396	10202393	3
1782355	1782356	1
10512411	10512412	1
10659459	10659275	1
12465463	12465446	1
6961922	6961921	1
98579	98580	1
5127591	5127299	1
1527972	1527971	1
2509246	2509257	3
5092464	109803	1
7858287	7858290	1
9093989	9093948	2
7517131	7517166	1
2568394	2568393	1
7283269	7198230	1
6792479	6792480	2
1452018	1452017	1
3681804	3681688	1
12346494	12346493	1
7845866	7845865	1
4725189	4725869	1
7074314	7074313	1
414674	414673	1
9245869	9234414	1
7810125	7810126	1
11210645	11210646	1
12037194	12037193	1
8781347	8781320	1
3450173	3450174	1
3196817	3196831	1
3286185	3286188	2
9482696	9482695	2
10253291	10253468	1
6777130	6777161	1
4189825	4189826	1
3911051	3911052	2
7247881	7248608	2
2780875	2661592	1
3787850	3787849	2
10313803	10313902	1
8448731	8451269	1
5961894	5962586	1
7868142	7868343	1
8952170	8952169	2
4558326	4558007	1
3199984	3199983	1
1100074	1100073	2
2559355	2559368	3
6703073	6702968	1
7985190	7985189	1
9708371	9708372	1
9366770	9366769	1
6734453	6734454	2
8657064	8657063	2
7407548	7407545	1
2542757	2542744	1
10903752	788406	1
5536046	5371995	1
12453368	12453441	1
12655470	12250737	1
2854002	2854070	1
5630968	5630975	1
7806084	7806083	1
5745915	5699569	1
7402964	7402963	2
9193033	9193019	1
6542561	6552768	1
5318038	5318037	1
12605355	12605356	1
2221982	2222067	1
6559722	6560685	1
6346170	6346169	1
3716132	3716131	3
6339432	6339431	1
517078	517077	1
2842755	2842606	3
4283891	4286635	1
5511595	5511596	1
905760	908226	3
4571520	4573561	1
11434345	11577040	1
2774369	2774289	1
10644525	10644526	1
1385101	1385102	2
5572748	5572743	1
10647570	10646727	1
11344090	11343302	1
11298226	11298177	1
3913281	3913161	1
12658990	12658985	1
11172553	11173658	2
5732268	5930261	2
11825675	7372489	1
4225044	4225043	1
2059024	2059391	2
10080126	10080125	1
3960784	3372669	1
11802115	11801857	1
7601852	7601851	2
1786990	1786019	1
1204682	1204681	1
11140675	11140685	1
7299671	7299672	1
1048127	1048128	1
10330019	10329705	3
7055664	7055663	1
9484279	9487948	1
12148263	12148264	2
513374	513371	2
10587096	10587259	1
3784203	3784241	1
1717624	1715681	1
4876358	4876355	1
12692414	12692411	1
2879939	2879940	2
3869812	3869811	2
5514379	5514341	1
3826038	3826149	1
5435469	5435470	1
8084798	8084797	3
9802373	9802374	1
10802709	10802710	1
8338962	8338961	1
5461914	5461913	2
1880080	1880161	1
3495041	3495042	2
2569990	2569989	1
1272810	1272840	1
1879843	1879844	3
9084781	9084782	1
4431492	4431445	1
1463390	1453643	2
1724854	5466239	1
3150871	3150872	1
2501282	2501281	1
7184523	7184524	1
228634	228633	1
1511478	1511477	2
27973	27974	1
5470342	5471645	1
4294895	4294896	1
2784836	2411735	1
9709987	9709988	1
814856	753221	1
4287253	4287744	2
2273229	2273217	1
4048073	4048076	1
3888591	3900590	1
6651995	6652050	1
3248626	3248621	1
6791809	6775913	1
2338777	2338778	1
7335933	7335936	2
2338775	2338778	1
6166770	6166749	1
9531802	9531801	1
8383731	8383726	1
8834732	8834882	1
12716571	12404064	1
4086899	4088357	1
3690560	3690562	1
3186481	3186258	2
10325085	10330191	1
5200995	5200996	1
1497107	1497108	1
11928803	11928804	1
5374788	5374787	2
10441574	10441573	1
2034125	2034126	1
1715352	1715351	2
11617338	4087225	1
9425576	9425575	1
5213794	5213924	1
4259969	4261496	1
4529318	4529826	1
4611567	4611568	1
5010742	5010741	2
7858285	7858286	1
1733869	1733870	1
9604684	9604683	1
7951823	7951831	2
4042453	4086899	1
7324971	7324968	1
11749449	11749450	1
772467	772475	1
12333581	11467121	1
5761590	5761595	1
6552735	6553290	1
1104850	1104847	1
12141928	12141927	1
283278	7274047	1
12501451	12501452	2
400305	400306	1
10042606	10042605	1
1084585	1086103	1
895129	895130	1
11670220	1112721	1
3704992	3705009	1
4791650	8399407	1
5467993	5467994	1
5490180	5423068	1
6247990	6247989	2
1563963	1563954	1
3950230	3707007	1
11932040	11932039	2
12387279	12717062	1
8775549	8775569	3
8472445	8472414	1
5666529	5666530	1
2873673	2878640	1
8786192	8786191	2
12439215	12439216	2
4612848	4612847	1
10646043	10435111	1
7535026	7535023	1
9154252	9154251	1
11442708	11442707	1
9248310	9248309	2
2813267	2813270	1
298202	10387965	2
1668064	1668916	1
11427867	11427868	1
12682457	12682458	1
10274157	10274158	1
5003610	5005494	1
11785720	11785709	1
5488790	5488755	1
12359937	12306752	1
10359107	10359108	2
11286130	11286129	1
3935083	3935084	1
12426270	12426269	1
1561559	1561560	1
7154895	7154896	2
10566672	10566712	1
10025744	10029312	1
11147776	11194708	1
10653371	10653372	1
7463724	7463727	1
8632006	8632046	1
7814481	7813537	1
2921663	2921502	1
3298529	3298532	1
647932	647931	2
9858330	9858431	2
9742304	9742303	1
10192624	10192342	1
11717985	4268422	1
943714	944386	1
7984183	7984184	1
2721754	2721670	1
2346277	2346737	1
9320161	9318184	1
7285303	7289029	2
7947556	7947542	3
171741	176467	1
2777680	2777679	2
1280612	1280611	1
4010080	4010043	1
3532888	3532887	1
9622406	9624352	1
9679678	9679677	1
12288867	12288868	1
11120025	11120032	4
5293270	5294439	2
6456886	6457485	2
9523350	9525129	1
10188814	10188813	1
3473483	3473484	1
4724128	4724127	1
11286016	11286584	1
10925771	10925772	1
1584346	1582583	2
375820	375819	1
10179692	5087919	1
5811864	5811845	1
8422753	8422754	1
6703241	6703242	1
11498640	11498655	1
12760587	12760588	1
243489	243490	2
7296789	7296798	2
10184996	10184995	1
12486078	12486077	2
11768232	11768231	1
6832420	6832161	1
5567926	5570348	1
5579647	5579648	3
9120458	9121467	1
1881629	1881520	2
7301661	7301662	1
2664237	2664238	1
6871371	8207961	1
351484	351483	1
9334580	9334579	1
825054	825053	1
7446455	7446484	1
9964408	9964418	1
2728078	2728075	1
10231667	10231668	1
1243917	1245111	1
7668093	7668106	1
5593086	8002192	1
318160	317230	1
4261615	4261616	2
5322238	5322237	1
11246147	11411154	1
10918428	10918427	1
3960983	3960984	1
4830796	4830790	1
6311492	6311547	1
6374321	6319753	1
5429253	5429254	1
1298517	1298518	2
1420075	1419841	1
10708200	10716483	1
10285807	10285659	2
8983661	8983662	1
6578711	6578712	1
6812904	6778145	1
6017568	6017567	1
6092553	6092556	1
3254987	3254988	1
4087929	4087934	1
9849679	9848295	1
6531621	6531622	1
2445105	2445106	1
12311024	12349606	1
7017405	7017863	1
11240521	11335698	1
633128	633127	1
10425352	10425351	2
3995857	3995858	1
12441894	12441891	1
1329406	1329405	1
8247595	8247599	2
1967620	1968893	2
6652167	6791503	1
1173950	1161889	1
7490758	7490757	2
10344489	10356967	1
6581395	6581396	1
3364348	3364347	1
7198126	7198125	1
7971412	7971163	1
1356488	1356487	1
6308647	6308648	1
639410	639409	1
11133687	11133716	1
11804315	11910307	3
11883709	11883672	1
7600962	7601070	1
10772692	10772691	1
839230	956520	1
10491794	10491793	1
8847021	8846935	1
10692303	10692304	1
3386996	6117523	1
1737632	1737635	1
9345275	9345276	2
10111340	10111339	1
9107818	9107817	2
11921878	11921877	1
2517677	2517678	1
12657635	12657636	1
2496118	2495569	1
4080767	11331061	1
6861688	6861687	1
11200423	11200396	1
8654995	8654983	1
4123709	4123710	2
11327413	11327400	1
1521273	1521212	1
10354966	10376332	1
12287382	12287381	1
8398975	8398983	1
3981805	3981806	1
11409493	11409424	1
11288744	11434574	1
11278486	11277614	1
1452534	1452533	3
2211518	2211521	1
3705235	3705236	1
5939679	4676777	1
2592409	2594077	1
10871910	10871905	1
10178879	10179822	1
9231694	9282199	1
12415291	12415292	1
6722733	6722734	1
8646034	8646103	1
7877681	7877682	2
5416883	5416121	1
1132602	1132601	1
12198292	12198291	1
5430795	5431528	1
11383997	3690748	1
6810000	6809997	1
5900757	5900770	1
5813712	7851652	2
7008405	7005856	1
10371478	10373545	1
10081297	10081298	1
54920	54919	2
6247537	6247538	2
270129	270130	1
6854288	6854283	1
11858171	11858172	1
11577134	11577133	2
165341	165348	2
10321673	10321885	2
8810583	8810584	1
10349032	10348949	1
1458722	7142148	1
1466144	1466143	1
4779550	4779580	1
8480093	8482690	1
8163317	8163376	1
4481208	4481207	1
11316725	11316726	1
4505742	4505739	1
11382679	11382680	1
5440097	5440102	1
11458944	11458943	1
4538300	4538297	1
11181928	6904048	1
10813085	10813086	1
11547388	11547406	2
11993800	11994686	1
10904669	7179508	1
4674971	4654484	1
9250943	9250897	1
11318801	2656218	1
7154272	7151254	1
11584021	11584022	1
2843735	2843736	1
4312832	4276230	1
10332157	10332154	1
4752312	4752311	1
11461186	11461185	2
2970246	2966526	1
586338	586337	1
4034413	4034414	1
10600643	10600644	1
12463839	12463840	2
11524121	4844945	1
10943944	10943941	1
5354836	5352720	1
5126093	5490235	1
3477233	3477234	1
5097468	5095920	1
2785788	2696083	1
2894011	2894492	1
10716412	10708257	1
5435583	5435584	1
9008546	9076187	1
5022311	5022312	1
2118642	2118641	1
4740280	4740279	1
11793827	11793564	1
1923628	1923567	1
246915	246932	1
3537915	3537768	1
3495043	3495044	1
1880347	1879760	2
7931074	7931073	1
6007131	5807814	1
4022055	4022056	1
11122787	11122788	1
5419266	5419265	1
2909900	2909899	1
10901040	10901039	1
4803829	4803830	1
11983308	11983307	3
8739276	8739275	1
9691558	9691557	1
3058701	3059611	1
10594567	10594568	1
9531055	9531056	1
9035650	9036641	1
12760627	12760334	1
12471773	12471774	4
810030	810029	3
6367378	6367377	1
2650366	2755519	1
3623680	3623679	2
8456344	8456343	1
571239	571240	2
7607277	7607280	3
6827856	6828162	1
8577061	8566099	1
10683164	10683170	1
8997406	9110100	1
9777367	9777375	1
9463370	9463367	1
359715	360921	2
11326013	11326014	1
9250698	9250701	1
10214392	10214391	1
5549044	5549043	1
4220088	4220085	1
5179576	5179573	1
4868179	4868180	1
2012016	9832838	1
171472	171471	1
387076	380691	1
10737811	10737799	1
12785677	12791838	1
3693210	3697307	1
4254109	4254110	1
4105786	4105586	1
2766971	2766972	1
1192506	1192505	1
4046793	4046794	1
11807718	11807744	1
2570673	2570592	1
2324119	2324136	1
5861932	5861786	1
4586801	4584824	1
3677358	3677357	1
11406265	11406266	1
12462585	12462977	2
1206383	1206384	1
4738631	4738609	1
2995186	2990682	1
8274065	8258772	1
11068203	11068204	1
11130327	11130328	1
11299786	11299785	1
3198602	3198597	1
12696544	12696543	1
244753	244754	1
1155599	1155493	2
6730942	6730841	1
11340877	11315765	1
6035174	6034993	1
9930157	9930158	1
4441048	4441047	1
9797240	9797239	1
6441991	6441979	1
11862131	11862132	1
9124665	9194679	1
11451900	11451872	1
606611	636790	1
4256005	4256006	1
10196716	10196719	2
5593893	5593894	1
8983688	8983687	1
4668710	4668709	1
7639368	7639367	1
12459606	12459605	1
629071	629072	1
4374606	4374605	1
2004407	2004171	1
10359764	10359763	1
7932749	7932483	1
11678537	11678538	1
6859125	6859126	1
9902011	9902012	1
9328654	9328608	1
7785532	7785531	1
8016526	8016525	1
7059341	7059342	1
11077493	11079308	1
3200955	3200857	1
81225	81226	1
4428607	4428614	2
6838398	6863866	1
11213500	11213484	1
11154415	11154416	2
7958092	7958089	2
1615709	1627215	1
2887801	2863880	1
7548442	5630134	1
6533491	6533492	1
8784671	8784672	1
3524687	3524688	2
2273718	2273715	2
11355735	11355736	1
6424159	6424160	1
3445215	3445216	1
6685373	6685374	2
3833439	3868395	1
9149912	9149911	1
6481257	6481258	2
10334318	10334315	1
5119735	5119736	1
4795923	4795924	1
5397293	5397294	2
6671330	6671329	2
6193458	9079341	1
2278669	158216	1
5412135	5411866	1
9483371	9483374	1
6221699	4147450	1
10842021	10842026	1
438227	438228	1
7803990	7803989	1
12022845	12027048	1
2343553	2340191	1
6336275	6334363	1
10213373	10181290	1
12646145	12647436	1
3693299	3692453	1
698930	698927	1
6025937	6025938	1
5270680	5270679	1
1721912	1721911	1
6270271	6270272	1
5371638	5371637	1
11189006	11189003	1
11591581	11591582	1
611535	611638	1
10650558	10645990	1
11681553	11684573	1
7747477	7746200	1
7703419	9944411	1
4200402	4200399	1
10120622	10120621	2
10062783	10062136	1
3031749	3031770	1
5860881	5860997	1
688179	688180	2
2665397	2665218	1
10255828	10255811	1
19248	19247	1
11206036	11206048	1
4266695	4267021	1
630035	631292	1
11276213	11276214	3
3970540	3970665	1
7429832	7430397	1
10878005	10991554	1
10903538	10903524	1
37884	37881	1
12515934	12515931	1
6379779	6379780	1
1913224	1913223	1
11853245	11853246	1
2851494	2852914	1
3926569	3930681	1
2816097	2816373	2
520746	520767	1
10730326	10730325	1
4537845	4537846	1
5164436	5164435	1
9965481	9965482	1
651248	651285	2
1878853	1878081	2
6680203	6680208	1
2083140	2078147	1
5314585	5313336	1
7351550	7351525	1
8663583	8663628	1
11975050	11975049	1
12786765	12786128	1
1006675	1006676	1
11660636	11660635	1
11672377	11688566	1
10354684	447872	1
2124896	2124895	1
1577572	1577588	1
5904003	5906415	1
6340259	6340488	1
6698454	6698453	1
3157680	3157679	1
10798287	10798288	1
11285555	11285556	1
9770842	9770839	1
7693081	7691742	1
12601189	12732464	1
3253372	3253371	1
12268215	12482555	1
11666149	11666268	1
11431426	11417054	1
9910220	9910248	2
319838	319593	1
6224802	6224830	1
86207	86208	1
7157849	7158389	1
5359670	5334900	1
10873126	10873163	1
11108253	11108254	3
11309612	11309553	1
4777537	4776676	1
10738616	10741013	1
8193320	12209438	1
6218023	6217997	1
8605251	8604983	1
7443231	8346322	1
6310028	6310027	1
5574839	5574840	1
7767478	7767947	1
4058551	4058552	1
7949204	7949525	1
12374591	12374534	1
11255743	11255744	2
7986932	7986935	1
8391273	10554071	1
3791057	3791058	1
8447803	8447751	1
187045	189212	1
9758386	9758440	1
7748021	7748026	1
11887717	11887738	1
10293232	10293383	1
6792160	6792157	1
8378433	8378436	1
1541064	1542069	1
5313194	5313193	2
10391129	10391130	1
9915050	9915049	2
4039916	4039913	1
205680	205679	3
7095479	7095480	1
12412822	12412821	1
11590828	11590827	1
5189392	5189391	1
8406404	8406403	1
7778375	10822997	1
5504735	5504756	2
1061644	1061643	1
5419112	5419111	1
3869717	3869720	1
6191583	6193834	1
11477799	11477800	1
6587033	6587034	2
1511729	1511730	2
7549693	7549694	2
1520187	1520150	1
7446225	7446226	1
5355376	5355375	1
2884926	2884925	1
3830534	3830533	1
10795031	11757861	1
5238871	5238872	1
10762435	10762436	2
7241547	7241511	1
10803303	10803304	2
5811443	5811446	1
8938174	8938204	2
5590901	6541910	1
12765467	12765468	2
10338475	10338476	1
4479307	4479310	1
12519261	12517166	1
4057102	4057134	1
4193457	4193458	1
12600329	12600563	1
12359535	12359536	1
11370631	11370632	1
11401122	11405348	1
9073402	9073741	1
11845342	11845341	1
7952634	7952631	2
65467	65468	2
5573899	5573900	1
8228529	8228544	1
10721060	10721059	3
926645	926638	1
7721232	7721231	1
5059211	7746956	1
10908808	10908807	1
11445901	11445906	1
7620831	7620832	2
3512255	3511859	1
9889	9440	1
1134032	1134031	1
4062994	4063130	1
3865209	3865210	1
8821271	12323941	1
9432111	9432114	1
285071	285072	1
6535410	6535409	1
531776	519839	1
9850710	9850709	2
7533804	7533403	1
12013295	12013298	1
450850	450849	1
8023830	8024160	1
8684789	8639172	2
303642	303641	1
2277945	2278433	1
11256031	11249622	1
2859233	2863551	1
11786095	11786096	1
7620833	7620836	2
3023031	3032184	1
12482196	12482195	1
1050939	1050940	1
7689443	7689444	1
5386425	5433657	1
12684507	12684508	1
11496162	11982758	1
4012988	4012996	1
6129944	6129943	1
10656092	10656055	1
2615688	2615687	1
4037557	4037874	1
10575361	10575364	1
3751313	3751369	1
3287069	8128760	2
5696872	5697953	1
5454727	5454730	1
1284762	1284761	1
11334070	11334077	1
10330658	10331699	1
7512779	7512782	1
10339709	3722149	1
12244570	12244569	1
3910341	3910878	1
9354759	9354760	3
2509432	2511717	1
8754733	8754734	1
12534410	12533153	1
1524682	1524681	1
5817075	5817076	1
12254518	12254522	1
1189292	1189289	1
7435446	7435445	2
11888331	12482213	1
5637427	5638018	3
391024	391023	1
12206801	8427372	1
11637473	11637474	1
10220924	7833404	2
5707895	5706059	1
4624461	4624610	1
12302013	12302014	2
5004837	5004838	1
7780869	7780870	1
1140297	1140298	1
10741289	10741672	1
5857749	5857778	1
3620068	3620067	1
3978266	3978265	1
5589805	5588991	1
212226	213098	1
6432303	6432310	1
1058867	1059213	1
6972660	6972659	2
9139214	9137687	1
2278290	2278325	1
6072589	6072557	2
813036	818447	1
6674365	6674366	1
2477206	2477205	1
2521755	10417259	1
7466165	7466545	3
628245	628246	1
4733183	4597120	1
10891649	10891650	1
7772484	7808191	1
10386978	10385599	1
495941	496196	1
40960	40959	1
4570767	8605240	1
12227313	12227431	2
12481902	11887771	2
11320795	11320787	1
6842477	6842921	1
10692316	10702225	1
10023313	10023348	1
6405339	6407273	1
6017364	6017363	1
4114603	4114723	1
1351816	1351815	1
4568322	4563780	1
8703566	8704461	1
7483577	7483578	1
3110188	3110187	1
9709985	9709986	1
11358102	11358101	1
10374469	10374470	1
6099903	6099904	1
7939615	7939616	1
7161640	7161639	2
9337141	9337142	2
8167530	8167529	2
7651782	7651775	1
12187180	12187179	1
9625961	9625962	2
653475	58298	1
11194951	11194952	2
8784108	8784107	1
1194833	1194856	1
8602676	8602711	1
10206241	10206242	1
12242518	12242517	1
11371839	11371840	1
724043	725818	1
346692	346691	1
3637535	3637536	1
11619701	11619696	1
3753962	3753978	1
4375185	4375186	2
1072577	1072580	1
11721223	11721224	1
10243930	10243929	1
5443796	5443793	1
3672226	3671272	2
6020426	6019397	1
5990302	6082859	2
10197588	10197587	1
5817679	4318071	1
12671419	12671420	1
8906988	8906987	1
7347051	7347289	1
11457089	11457043	1
438099	288692	1
11789347	4582269	1
9367083	9367084	1
1835943	1835944	1
10167903	10167904	1
3089979	3089980	1
11597260	11597259	1
1800440	1800476	1
7835703	7835704	1
10565434	10565623	1
11990599	11990600	1
11861012	11862039	1
1046430	1046468	1
12459722	3998047	1
11347761	11347762	1
6648126	6648125	1
9355780	9355748	1
139497	151249	1
7728340	7728339	1
10061416	10061415	1
2905082	2905081	2
3852837	3852840	2
11121769	11121770	1
11102919	10998014	1
6531844	6531843	1
5261932	5261931	1
11717970	11717554	2
8165460	8165459	1
7672886	7672885	1
5821656	5821663	1
1786276	1786368	1
8319181	8415186	1
6171447	6174064	2
5038648	5038647	1
6103372	6103371	1
4858928	4858927	2
6694551	6694552	1
2555259	2614139	1
168773	168774	1
1799941	3355524	1
11764608	11764558	1
3952668	3952665	2
3908333	3908336	1
2470590	2470589	1
443788	443787	2
2262087	2262248	1
1050377	1050845	1
5448531	5449044	1
4151544	4151546	1
5202751	5203474	1
8062104	8061822	1
12440778	12440777	1
7958105	7958093	2
4766655	4590474	1
1398747	1398748	2
8830945	8830942	1
6011723	6011630	1
1435877	1435625	1
4851517	4851518	1
9392235	9391401	1
9927083	9925959	1
4066160	4067137	2
811732	812095	1
12613616	12613615	1
10988945	10989183	1
6480066	6480899	1
794258	794132	2
3972087	3971928	1
5471327	5471328	1
9256297	9256298	1
277538	272972	1
11803167	11801798	1
6096375	6100106	1
10009308	10009305	1
5048666	5048779	1
2057629	2057630	1
9155486	9158779	1
4859503	4859511	1
3603230	3603229	1
7666242	7666241	1
1283859	1283860	1
8399219	8399222	1
3469179	3469209	1
10625090	10625089	1
11515585	11515582	1
5812665	5812666	1
12005950	12005949	1
3639632	3639631	1
7235947	1290631	1
10471495	10471613	1
11673228	4257858	1
2674031	2674032	2
1770337	1770338	1
3165512	3153512	1
8181264	8191814	1
7091978	7091977	1
5820883	5820321	1
3993350	3993349	1
12380062	12717510	2
6457484	6457483	2
9687829	9686699	2
9042960	9041623	3
8882748	8882747	1
9760427	9760317	1
11410146	11410145	1
2343823	2343824	1
2502970	2502969	1
3982605	3982599	1
27652	28439	1
9089810	9318087	1
7109328	7109327	1
4222475	4222494	2
6053498	6053497	1
12411307	12411418	1
9958349	9958344	1
5375569	5375618	2
10066200	10066199	1
3539527	3539528	1
9026630	9026469	1
7201905	10993367	1
9386214	9378928	2
5584135	10753471	2
3283281	3284555	1
6643757	6643758	2
10760902	10760901	1
7206512	7206860	1
10227236	10227235	1
2609165	2609166	1
3112366	3111693	2
2840049	4107833	1
1581858	1581857	3
10507703	10507704	1
7516296	7515313	1
7774548	7774547	1
8833354	8833353	1
4543083	4543086	2
2839963	2839964	1
12726841	12726842	1
11286118	11286117	1
10740346	10740496	1
2215467	2215480	1
9775792	9775797	1
9094404	9094403	1
4074692	4074688	1
4233910	11772670	1
1092313	1092321	2
1402398	1454526	1
2832062	2832065	1
1711592	1711591	1
5294119	5294204	1
6550192	6550191	1
2490033	2490034	1
7791455	7791460	1
8380452	8380451	1
9043487	9043488	1
4258589	4258590	1
9119375	9119144	1
10540001	10483082	1
10422869	10422870	1
5769920	5769919	1
2377974	2377780	3
11412441	11379193	1
5277225	5277228	1
10635353	10635354	2
1248365	1247793	1
5935448	5935447	2
3209877	3209634	1
8278718	8278098	1
10455010	10455009	1
4268343	4268337	2
6800402	6800401	1
1998580	1998579	1
5351431	5352844	1
8287140	8287139	2
12389361	12389362	1
7973875	7973878	1
5602329	5602330	1
1095269	1094737	1
11427375	11427376	1
11581842	11581841	1
11268581	11268582	1
10343154	10342903	1
1581533	1581536	1
9679705	9679706	1
4787355	4787382	2
3324550	2539837	1
6601583	6598032	2
8519281	8519282	1
4595443	4595450	1
1100072	1100071	1
4690057	9086141	1
10714758	10714740	1
12304062	12301229	1
8783124	8780224	1
2172124	2169400	1
11374767	11373676	3
4357128	4357127	1
12471552	12471551	1
2614330	2612469	3
12413421	12413422	1
6152878	6140865	1
204264	383392	1
3807557	3807629	1
8258805	8258834	1
2358533	2317516	1
590701	590744	1
3749525	3749526	1
3972283	3971947	1
8416872	8414586	2
793592	793572	2
7391928	7391927	2
971839	971840	3
8955783	8954179	1
10440473	10441021	1
1274588	1274587	1
4303470	4303467	1
6159395	6159396	1
7371669	7371598	1
4412677	4412678	3
3518852	3515442	2
2926760	2926759	1
1117540	1117457	1
12776523	12776524	1
6065436	6065435	1
10328175	10328168	1
11105913	11105914	1
9898917	9898918	1
10335493	10335494	1
7104111	7104112	3
2354856	2354494	1
4539500	4539818	1
2393984	2389429	1
1281221	1281222	2
11621098	11621097	1
7272289	7268703	2
5370935	5370936	2
2415758	2179065	1
11651367	11650246	1
2121575	2121576	1
1737075	1737076	1
8048323	8048324	1
7408269	7408270	1
10371387	2413505	1
6038871	10781690	1
7767476	7767680	1
11316727	11316707	1
6114134	6114131	1
12168507	8827048	1
11407036	11406464	1
7862165	7862166	3
10887621	10812986	2
10705935	10705590	1
11360339	1186372	1
1203805	1203882	1
7826958	7826853	1
5168552	5168551	1
6428093	6427974	1
3370806	3370805	1
10450259	10450260	2
2922190	2923491	1
1112033	1112034	1
9267145	9267259	1
11533844	11533841	1
12195288	12195287	1
8863015	8863016	1
4217861	4217862	1
8923425	8923426	1
2457266	2457274	2
8635778	8635762	2
6527161	6527162	1
12543754	12491166	1
12274146	12274139	1
10055239	10055142	1
591744	591743	1
2189578	2189575	1
11200276	11200376	1
7741922	7741919	1
5209977	5209978	3
3713896	3713895	1
12291861	12292224	2
7647603	7647604	2
3873354	3873297	1
4545164	4374572	1
10152747	10152748	1
9119373	9119374	2
8065993	8066163	1
12153694	12153693	1
9976675	9976676	1
7352627	7352628	1
1243269	1243463	1
1456028	1454215	1
860579	860539	1
1717422	1717202	1
8864707	8864708	1
9484135	9484136	1
8155064	8155063	1
5508682	5508681	2
4059194	4059193	2
7085783	7085784	1
5301491	5301492	1
8558895	8558896	1
18375	18270	1
5012742	5012739	1
2378575	2378576	1
3195689	3195690	1
3925000	3924999	2
5520474	5524405	1
10903306	8418360	1
11592354	11592353	1
5088403	5088422	1
6290330	6290329	1
11187238	11187181	1
7914472	7914471	2
3750821	3750768	1
11391306	11391305	5
9474178	9474175	2
864704	864691	1
4629449	4631104	1
6549763	6550097	1
12123435	12123436	1
7543441	7543442	1
3993779	3997286	2
10027777	10027778	1
7632830	7632829	1
5856971	5856972	1
12342288	12342287	2
7706609	9972182	1
7391025	7391026	1
10474545	10474546	1
4643476	4643113	1
630863	630858	1
5523193	5524324	1
886976	886539	1
7024333	7024334	1
6101194	6101193	1
6599663	6599664	1
708709	708724	1
5210585	5212184	1
8558768	8558771	1
12149980	12149979	1
9437885	9437886	1
9873712	9873701	1
12769835	12769836	1
2411511	2411512	1
4570093	4570094	1
7023827	7023828	1
12396201	12395979	1
6774391	6774392	1
5479657	5479658	1
423425	424658	1
5608433	5611496	1
5353170	5353169	1
6885174	6889308	2
5091376	1714953	2
12760860	12760875	1
2742097	2740200	1
6169480	6169479	1
5952781	5952738	1
8722559	8722560	1
6909593	6907816	1
1653730	1653729	1
3700464	3700463	3
2178602	2178599	3
755723	755713	1
5900453	5900454	2
6159397	6159204	1
6850346	6850407	1
5102410	5102409	1
5018739	5018722	1
9680191	9680192	1
842416	842707	2
12698405	12698406	1
9123113	9123122	1
1105224	1105223	1
12536359	12536360	1
2009116	2009100	2
1861028	1861023	1
10297999	10298000	1
5919439	5919627	2
4215915	4215916	2
10762983	10762594	1
4346936	4346938	1
11494799	11494800	1
12494785	12494786	2
2816625	2816626	5
3684343	3666584	2
4876866	4876865	1
1591476	1591475	1
6366966	6366965	1
10722880	10406816	1
135371	135372	1
3157863	3157824	1
1645678	1645595	1
3430309	3430312	1
5245578	5245573	1
7020465	7020466	2
1765066	1765069	1
