fend1	fend2	count
8439642	8439645	1
5569794	5569679	1
6456888	6456842	1
12224502	12224501	1
5503414	5503413	1
10115273	10115545	1
419180	426989	2
6784187	6587470	1
12728193	12600748	1
5635813	5621496	1
3516522	3516466	1
1780546	1780545	1
10108214	10108213	1
12281797	12222910	1
3167446	3167436	1
10864448	10864457	1
8832251	8832258	1
5668779	5668780	2
10887223	10887224	1
6214046	6214043	2
6758052	6758037	1
5371108	5361873	1
4475905	4475684	1
12646661	12646664	2
7657828	7657760	1
6891341	6845921	1
9680188	9680185	1
2463878	2463759	2
10172672	10172774	1
3168848	3168847	1
4029902	4029863	1
8002853	8002375	1
11445334	11445052	1
1575367	1575373	1
9677103	9677106	1
4105063	4105696	1
1061305	1065720	1
7771944	7771943	2
6392705	11918384	1
7186620	7186813	2
5190128	5190127	2
6952005	6952006	1
5867225	5867226	1
12732290	12749096	1
10316308	10324818	1
3196463	3196439	1
12645525	12645498	2
10193112	10193097	1
8322710	8322709	1
6745500	6745502	1
2963086	2963085	1
4828405	4828406	1
4052739	4052740	2
4002960	4002959	1
372982	372981	1
2386663	2385328	1
12226370	12226366	1
9905950	9906181	1
2771415	7670499	1
11888213	11808140	1
1837878	1837877	1
1188556	1171123	1
2349140	2349139	1
2075380	2534803	1
7267983	7191063	1
1070786	1579671	1
817207	707510	1
1669003	1668921	1
2573260	2601141	1
12319100	12039975	1
12334968	12334967	1
3903993	3903994	1
3185278	3185305	1
5171034	5208906	1
1433785	3613783	3
9291747	9291719	1
3924614	3924508	1
618697	618698	1
10997366	10997365	1
8183455	1721846	1
1055745	1055746	1
8901859	8901693	1
2873216	2873444	1
2772294	2886271	1
11069529	10968470	2
10064672	10064734	1
8324731	8324732	1
11166049	11166069	1
4157174	4157171	1
8846788	6585649	1
12775797	12775798	1
8427676	8614252	1
3509270	3509260	1
1720642	1720641	1
2185091	2186580	1
9174996	9174995	2
1003699	1002182	1
9186618	9186632	1
10451274	3822397	2
4615505	4615506	1
2443861	2443823	3
4303902	4303889	1
4086871	4086872	1
1787197	1787177	1
623480	621224	1
3903180	3903179	1
4077879	4077882	1
772706	772723	1
4530824	3143671	3
7843338	7833823	1
11329347	11330361	1
10423736	10423735	1
7006208	7006410	1
1233390	1233389	3
2466154	2464958	1
7365122	7365121	1
3562015	3562049	1
6393603	6394947	2
1060448	1064088	1
5577361	5577364	1
3637549	3637550	2
12618989	12623095	1
4746644	4746880	1
6889432	6889431	1
1673446	1673429	1
1348753	1348758	3
10604576	10603250	1
8902729	8902730	1
8202286	8202805	3
9299481	9299476	1
3042268	3042514	1
7516502	7516501	2
6465941	6465996	1
355657	356175	1
12723358	12722323	1
2433060	2432584	1
6882955	6882126	1
3568187	3568206	1
8708602	8708601	1
5591050	5591049	1
1070424	1070423	1
1046714	1046710	2
1014669	1005136	2
10251318	10251317	1
9862669	9862918	1
2583898	2584819	1
10484071	10683662	1
6051722	6051715	1
12612580	12612022	1
4681384	4681368	2
7992236	7992235	1
8185645	8186084	1
3364785	3364172	1
12385484	12385699	1
8378981	8378982	1
1355568	1355668	1
12763937	12763940	1
9196003	9195972	1
9196005	9195972	1
2703039	2704458	1
2448290	2512224	1
1642363	1642360	1
4320752	4320751	2
8044653	8044654	1
8974245	8956513	2
1580057	1580029	1
10307441	10307442	1
10353244	10353243	2
9084952	9084951	1
10621063	10620952	2
3903203	3903204	1
8838279	8838282	3
6130883	6130960	1
11670321	11670315	1
835595	835609	1
799130	799114	2
9110758	9110757	3
2761274	2759321	1
11608555	11608556	1
11677041	11677044	1
2145674	2145669	1
3579801	3579810	1
4635516	4635515	2
2528332	2541220	1
10216340	4531805	1
1511450	1511351	1
1309357	1309384	1
9926208	9926277	1
11155210	11155207	1
4264365	4264381	2
928093	929243	3
7017459	7017472	1
7165090	7166675	3
10423740	10408495	1
744970	744960	2
8476939	8476366	1
7048451	7048452	1
794128	794125	1
11412683	10283430	1
2046377	2046378	2
6232478	6232477	1
7481139	7481290	1
10236028	10042526	1
10228342	10229078	2
9015770	9015833	1
9301423	9301429	1
11528656	11528655	1
9120232	5188788	1
5645242	5645248	1
7946770	7947043	1
7155479	7155310	2
3979950	3979960	2
11342499	11342550	1
1214029	1213331	1
673550	673555	1
354073	354074	1
8290464	8290423	1
9244369	9244370	1
5329960	5327909	1
6271491	6271633	3
6023245	6018534	1
3594041	3594042	1
3131710	3131709	1
8798430	8769686	1
1329654	1337360	1
985523	986558	1
2057550	2057526	1
10190343	10191442	2
9908585	9908588	1
11498238	11498281	2
5576035	5576036	1
4251203	4248492	1
1954871	1954908	1
10307766	10307630	2
10023901	10023902	2
10383278	3107498	1
9026676	9026675	1
4527863	4527847	1
2312681	2312682	1
6511558	6511557	2
11202771	3469518	1
6709371	6709412	3
11540043	11540044	1
1365817	1365818	1
12050036	12050126	1
5095496	5095508	2
10918024	10917993	1
11882661	11882662	2
2572003	11913365	1
7591911	7591912	1
6280110	6280124	1
2424137	2424138	3
6148673	6148920	1
2079673	2152355	1
11421818	11418656	1
12628503	12628509	2
7006398	7006390	1
827437	827438	2
3998198	3998270	1
9013243	9013266	1
118196	118195	1
10422711	10422714	1
6961409	6961410	2
10527859	10527791	1
237030	237029	1
4608031	4608032	1
8201913	8201914	1
4386900	4387063	1
9182378	9184607	1
3960441	3960526	1
3980023	3980024	1
8340408	8340407	1
3485762	3472519	1
9866577	9866578	2
10342543	10342544	1
7410482	7410026	1
1794709	1741988	1
2643360	2643319	1
9471533	9471209	1
4313704	4313703	1
8374589	8374670	1
9368274	9368276	1
4992180	4992238	1
11509571	11568697	1
3985824	3985823	1
6357803	6357804	1
1597122	1583554	1
2426005	2426006	2
11091443	11091444	1
5877362	5877372	1
8574174	8574144	3
4254910	4297297	1
7615603	7615604	2
8373207	8373269	1
11437644	11437643	1
7942300	7942338	2
4083785	4083786	1
6399109	6386749	2
4866687	4866692	1
9651600	9651599	2
490618	608498	1
12812717	12813877	1
9896409	9896415	1
4823313	4823314	1
3049184	3051858	1
4984983	4984071	1
1368727	1368730	1
11854425	11854458	1
11290553	11290516	2
9452496	8404600	1
10333573	10334509	1
5828962	5828961	2
6883012	6883011	1
1212551	1212516	1
5432719	5432722	1
4919906	4919918	1
11168106	11168105	2
7345294	7353655	1
10664428	10664487	1
387369	387370	1
1285074	1280147	1
6117907	6113904	1
947354	949552	3
3230711	3194710	1
9245770	9245578	1
9252806	9252841	9
6199738	6199737	1
9505202	9505196	1
4112667	3992889	1
3326454	3326457	5
6890296	6890295	1
449491	408639	2
11552789	11552790	1
2391755	2391682	1
3468203	1382798	1
4199137	4199168	1
12381828	12530302	1
11699681	11699682	1
7749151	7749394	1
1621606	1621669	1
8319238	8320170	1
4999174	4999255	1
9117627	9117628	1
6788075	6780693	1
10022538	10022535	1
4836519	4678512	1
10270575	10270576	2
7886695	7896078	1
7822821	7822716	1
2863354	2863353	1
10670200	10670199	1
6751827	6751828	1
9699026	9699025	1
12290895	12292766	1
8232492	8235210	1
10427583	10427588	1
11775203	11775211	1
3459419	8633131	2
7703405	7977096	1
4157454	4157453	1
8829645	8829646	2
2518392	2518389	1
5496819	5494531	1
2631642	2631661	1
10986212	10988033	1
2502190	2502116	1
6511981	6511982	1
10101966	10101965	2
9799885	9593321	1
11000955	10999502	1
6330203	6321230	1
3991562	11875103	1
608499	608500	1
3568187	3568208	1
2883136	2884822	1
8060575	8060716	1
3670319	3670320	1
10999388	10999063	1
5828076	8727724	1
10226482	10229056	2
6662284	6662281	1
9419299	9419300	1
11177808	11177807	1
8625630	8626289	1
7812314	7812969	2
8278640	8221928	2
3107583	3109681	1
7957816	7956507	1
7520720	7520719	3
9391819	9391884	1
5967620	5967636	1
767625	766464	3
5452024	5451078	1
2781463	2771923	2
8411228	8412175	1
1100539	1100540	1
8313118	8313117	1
8077591	8077608	1
8266119	8264042	1
3027847	3009866	1
6055193	6055194	3
10464149	10463806	1
1718199	1718181	1
12250370	12249627	1
11635775	11635778	1
11108802	11108801	1
10184357	10184358	1
7207517	7207525	2
1542208	1542056	2
4364268	4364007	1
9252840	9252839	3
1087659	1087664	1
3043829	8151264	2
8964211	8964212	2
9375431	10667268	1
6067356	6067411	1
1455308	1455427	1
5259028	5255367	1
10513446	10414327	1
5801941	5802718	1
9238596	9240892	1
5289191	5289194	1
1295726	1295722	2
7939165	7939237	1
174174	174169	1
3745584	3745590	1
949316	949318	1
7855043	7857063	1
9276203	3305791	1
41650	41941	1
323155	323156	1
12788999	12788942	1
1925316	1925315	1
7155533	7146878	1
1731888	1729332	2
7821636	7821635	1
8239931	8239932	1
12533057	12533060	1
5306347	5305874	1
70788	70772	1
926149	925046	1
7882653	784236	1
5879802	5879382	1
2214034	2213972	1
7595307	7595308	1
11169038	11169035	1
7923871	7923901	1
8052221	8052215	1
11009146	11009122	1
1087657	1087658	1
7001352	7001918	1
7602623	7602643	1
10778052	10777837	1
8201913	8201935	1
1442672	1443071	1
7686461	7685906	1
8149284	8149283	2
3643439	3658195	2
6925987	6924787	1
2650554	2650537	2
702636	700180	1
1372428	1372402	3
9878063	9878064	3
11632914	11632396	2
858379	859066	1
9294881	8419176	1
7851229	7851230	1
8207861	8205781	1
1615788	1615785	2
9768746	9768745	1
9082136	9084086	1
663601	663628	1
1023231	1023284	1
12143387	12153877	1
5632797	5631985	1
1750087	929457	1
179688	179683	1
1639658	8329690	1
2442211	2442218	1
2173589	2172201	2
790664	747236	1
1878716	1874589	2
3742483	3746096	1
5319908	5319905	1
4015278	4015277	1
3480994	3480993	1
1350345	1237325	1
11882659	11882662	1
486740	486750	1
6243702	47238	1
9001491	9001492	1
10359504	10359501	1
10820742	10820739	1
4037880	4037879	1
816404	816629	1
8034744	5368464	1
8893437	8893439	1
11929301	11932322	1
508175	508176	1
3970374	9141093	2
10623132	10623129	1
1979500	1979499	2
6738796	6738768	4
405947	405950	1
11186406	11192715	1
2183691	2242522	1
8065323	8065336	2
11098691	11090129	1
5526285	5526286	1
6216058	6216057	1
1880682	1880728	1
8953248	8953245	1
5352621	5360670	1
3733812	3733811	1
5981167	5981168	1
4004620	4030457	1
10546616	10546615	1
10753386	10753385	3
12349895	12349900	1
752376	752345	1
10944128	11024611	1
1369497	1369480	1
7754481	7759659	1
1564744	1564743	1
6894706	6894731	1
4555531	4555532	2
10881975	10881976	1
5873269	5873272	2
10988264	10988270	1
3963784	3963806	1
2107640	2108048	1
8724125	8724121	1
5640495	5640496	1
9928859	9928860	1
10123666	3969553	1
7717905	7718072	2
1120512	1120545	1
9799356	9521209	1
9936449	9928510	1
8041416	9420278	1
11080685	11071784	1
6805193	6524645	1
1348759	1348760	1
4856533	4856534	1
5259827	5259828	2
12173925	12173926	1
7126386	7126506	1
3641127	3641152	2
449507	449294	1
8198209	8198588	1
3942902	3942866	1
11318461	11318237	1
11427750	4512117	1
6434927	6434928	3
11160363	11160364	1
10668493	10668494	1
1136350	1136347	2
9689911	9689861	1
4181271	4181272	2
3552041	3552036	1
7518099	7518120	2
4663293	4663371	1
366625	134740	1
9008646	9008652	1
11297095	11338076	2
4185534	4185548	1
2518390	2518389	1
11346103	11346104	1
7603607	7603629	1
11496917	11496918	2
1919388	10636543	1
869703	869704	1
7113982	3811148	1
9312263	9312234	2
2924077	6412703	1
12463510	12463452	1
9709178	9691246	1
1834846	8246193	1
8031277	5373304	1
10626602	10632189	1
1542210	1542209	2
4526898	4528793	1
11077339	11077325	1
4478425	3369765	1
9113357	9113220	2
11862788	11863369	1
2662108	2663035	1
7786890	7786839	2
9905952	9905951	1
7965433	7965434	1
11909523	11916117	1
6676844	6676843	1
2565077	2565063	2
1414502	1415149	1
7026093	7025484	1
11182962	633296	1
10104395	10104408	1
944685	944686	2
5788757	5788758	1
9937582	8622991	1
7446331	4224732	1
1645508	1646538	2
4242625	4242628	1
8468383	8468182	1
10146449	10146330	1
11635232	11453079	2
6935830	6953759	1
1478930	1478929	1
11586082	11586081	2
7221915	7221916	1
4420647	4420648	1
12378480	12378499	1
7425033	7381706	1
10656222	4955269	1
7516496	7516439	2
179659	179660	3
6447227	6447228	1
8615298	6453840	1
9091436	9102878	1
418702	418684	1
6401935	6402727	1
416212	416214	1
6708427	6708428	1
6386247	6384438	1
7603389	7603819	1
9687469	9685568	2
2428422	2428418	1
7909832	7909198	1
11629354	11629379	1
313785	11050524	1
6305552	6305551	1
10062772	10061199	1
6342569	8841067	1
8655152	8657103	1
363452	363443	1
9187838	9187837	1
7185977	7185978	1
5520485	5520161	1
981320	981319	1
8780499	8777676	2
1692480	1692479	3
11488148	11488147	2
6744918	6744913	1
2980456	2980179	1
1837470	1837380	1
11654155	11654227	1
11118224	11118269	1
4022666	4022706	1
6454961	6454964	3
2323005	2323006	1
8399299	8399294	1
675777	675778	1
6879440	6879498	3
11977413	12230331	1
1740237	1729539	1
2346819	2346844	1
10288959	10281591	1
1559490	1559483	1
12135276	12143386	1
7959993	7959986	1
5486550	5486549	1
4040568	4040563	1
10723336	10723535	1
1085525	1394205	1
892102	892090	1
9047315	9047316	1
9081935	9081921	1
3235847	3235770	1
11443618	11443614	2
8652411	8817478	1
1404395	1404398	1
1721473	1721474	1
6436334	6436333	1
2531323	2532530	2
7986789	7986790	1
8504812	8504918	1
1566233	1566242	1
11616360	11616359	2
2203503	2207700	1
1591813	1591814	1
6885885	6885088	1
10726791	10726685	1
10499214	10375612	1
737470	737469	1
2667764	3036182	1
6717761	5576036	1
5208486	5208545	1
8588315	8588316	1
8057878	8057881	1
854207	858302	1
3694161	3694149	1
3372165	3372166	2
7050726	7050748	1
4521281	4521290	1
10021304	10008684	1
1586435	1585902	1
7473366	7473365	1
10837182	10837178	1
2273654	2273648	1
2570396	2557906	1
10529440	10601977	1
3129911	3130321	2
11173968	11173967	1
8261650	8241225	1
10571513	10571523	2
6067260	6067259	1
5072737	6119979	1
8296567	8344534	1
3966383	3966405	2
3912428	3913012	1
2730608	2730607	3
2143072	2143071	1
11081789	11081790	1
7432650	7432649	1
12746605	12746606	1
6563485	6563456	2
10851872	10851871	2
11889613	11889614	1
8492040	8492019	3
6690152	6691251	1
5054714	5054835	1
7523202	7529797	1
6559701	6559015	1
4818448	4815793	1
12002852	12002851	1
1138843	1138844	1
937510	937509	1
5334434	5334433	1
11885105	11885106	1
2399196	2399385	1
3227710	3219332	2
2663036	2663035	1
416206	415938	1
5487284	5487283	1
11471466	11471590	1
7279006	7279639	1
4568283	4568298	1
1609875	1543529	1
7120160	7120230	1
910776	910506	2
6535227	6535228	1
9622792	9622833	1
7803811	7803812	1
3546331	3546311	1
148762	148761	1
1444380	1444379	2
8160927	8160998	1
4759418	12716543	1
9039267	9038970	1
3756440	4070191	1
2435857	2436013	1
1150296	1150295	1
2983476	2983475	1
10453402	10453401	1
5563054	5563131	1
6508011	6508012	1
8782536	8782535	2
1979572	1979560	1
9700639	9700600	1
3998783	3191809	1
12557629	12560928	1
9567462	9567459	1
7324161	7324162	1
5068937	5068940	1
1233388	1233689	1
595891	595895	1
11631307	11631405	1
10253485	7553262	1
2963088	2963085	2
3167865	3228640	1
1019794	1019791	2
8571299	8571342	2
10365390	10364955	1
6017484	6144640	1
1254378	1254377	1
5192721	5192722	1
3479633	3938407	1
1919955	1919956	2
1659714	1666316	1
10335638	10335665	1
9353415	9353418	1
4656739	4656744	1
4584262	4086297	1
629644	629647	1
12380270	12380269	2
7060352	7060330	1
9177139	9181694	1
3062059	3062060	1
1837876	1837875	1
3960515	5369389	1
9265464	6115490	1
6980787	6965835	1
7152947	7390987	1
9647907	9647897	1
8893436	656549	1
2219121	2219122	1
4153343	4153287	2
4425849	4424493	1
4394736	4394701	1
11542930	11455162	1
12646604	12646603	1
12752963	12752997	1
7309089	7309084	2
3784251	3784244	1
6972227	6972228	1
1489330	1489344	1
48004	48003	1
2443824	2443823	1
3957554	10296364	3
10513446	10414331	2
445193	445248	1
3819911	3817651	1
4877862	4877890	1
5002529	5512135	3
2376911	2376912	1
12766678	12766677	1
7867312	7867279	1
10596054	10596053	1
708809	708810	3
4107667	4107668	1
12630997	12630998	4
3227711	3226692	1
1099584	1094281	1
10552698	10552697	1
11177808	11177919	1
7818805	7818775	1
763520	760842	1
2002808	11281461	1
7656751	3510242	1
10932258	10932257	1
8437813	8437872	1
781135	780185	1
4003952	4030743	1
1477053	3537709	1
11488581	11488151	1
8963249	8967015	1
9291970	9292084	2
8323441	8321036	1
570612	873084	1
4019479	4012068	1
4087037	4087038	1
1495461	1495462	1
1308331	1308332	1
4029076	4029223	1
10153654	10153636	1
2069616	2069628	1
7605166	7605161	1
6170648	6170647	1
3475820	3473734	2
1554286	1551160	2
5063926	5063925	1
10412237	10716235	1
524532	524554	1
5174141	5184218	1
6897147	6896998	1
4848804	4848803	2
10393993	10394067	1
1601642	1601563	1
43630	152842	1
9253005	9253001	1
10680592	10680608	1
4537549	4537590	1
7491929	7491930	1
518949	518952	1
834559	834560	1
7380812	7380809	2
4446418	4541400	2
484528	486852	1
3071608	3073456	1
4422492	4422491	2
7707642	7707641	2
7702581	3247576	1
1985281	1985582	1
4024152	4024151	2
9371441	9371444	1
5668982	5667886	1
6362108	6362096	1
2042265	2042256	1
8738226	8738221	1
4066372	10367498	1
10906796	10907660	2
7435401	7435576	1
11112599	11112600	1
6841144	6980006	2
8031277	5373302	3
5483458	11205737	1
3150557	3150569	3
7555098	7555095	2
2536905	2536906	2
1185768	1186002	1
10349127	10349128	1
11323764	11323763	1
7553903	7553918	1
2506065	2506066	1
6198890	6197899	2
9896292	9896291	2
8741582	8741614	1
2645273	2645274	1
11179724	7947168	1
6427601	6427602	1
4161317	4161455	1
8541711	8541714	1
1406751	1578523	1
2255195	2255196	1
11931213	11931287	1
8469843	8469845	2
41649	41926	1
102832	112006	1
2241830	2240718	1
3626440	3626439	1
606573	8230181	3
12165279	12165198	1
8600784	6703272	1
11155101	11155094	1
5832206	5832198	1
6640618	6640583	1
9433070	4469737	1
12029667	12027925	1
4327511	4327479	1
8831131	8831116	1
12550305	12550306	1
12640704	12640703	1
1265469	1265470	2
825311	822664	2
12438984	12436975	2
886857	886987	1
4681369	4681370	1
10872868	10872880	1
4232713	4232714	1
3626269	3626272	1
8757845	8757846	1
9532200	9531733	1
9739040	9739402	1
67348	69627	1
8243164	8243163	1
5635702	5635699	1
8874826	8874622	1
10990173	10990179	1
796883	11096497	1
3214110	3215034	1
4131791	4131792	1
4266592	10233467	1
1240048	3692387	1
3497795	3502062	1
4241262	4354263	1
102496	102717	1
173477	173478	2
5003377	5003380	5
7806456	7806455	1
10987747	10987717	1
10508677	10508680	1
2604244	2604241	1
6407130	6407228	1
3000181	3000182	1
10482243	10482244	1
1522762	1522761	1
7880229	7881514	1
12142343	12142770	2
217834	212117	1
5292700	5189224	1
11433903	11433904	1
1049483	1049090	1
6128622	6128621	1
804452	804451	1
5150706	5150624	1
9921565	9921626	1
3943935	3943936	2
1474578	1471481	1
8222400	8221607	1
7536613	7536508	1
756688	756698	1
6263351	6263352	1
4567639	4568083	1
10734692	10734691	3
2693039	2693040	2
3990611	3265823	1
7566068	7557775	1
6504171	6504172	1
9300293	9300330	1
12245863	12246176	1
9940906	9948511	1
11884099	11884100	1
9192104	9109761	1
4663539	4663540	1
5292310	5292309	1
8922229	8922230	1
10898654	10898650	1
4687803	4687804	1
11526843	11526844	1
4292470	4292577	1
6841146	6841145	2
11608557	11608558	1
3505286	3505285	1
2584489	2429637	1
1225143	1225144	1
3269183	3269184	1
1953233	1953234	1
9152101	6745024	1
6004557	6004558	1
11337555	11337666	1
2375515	2375516	1
8767113	8766388	1
10066782	10062429	2
5896785	6012682	2
1800558	1799388	2
3329679	4728844	3
12448198	4836289	1
4025126	4025123	1
8661038	8661040	1
7794549	7794550	1
1877972	1878032	1
589651	589652	1
11509206	11509205	1
10880543	10879943	1
5954900	5954899	1
9531387	9531388	3
8338422	8338655	1
2964974	2961686	1
10858686	10858685	1
5748388	5973073	1
9569778	9570541	2
1324820	1323744	2
10010784	10010783	1
4181267	4181268	1
2985032	2971585	1
4550301	4550391	1
2120432	2122327	2
2806046	2806041	2
11190235	11190236	1
38805	39459	1
11589606	11589605	2
1300389	8974774	1
1864087	1864088	1
4594090	4376907	1
4856698	12457983	1
10158695	10157677	1
6888464	6889130	1
10411578	10418376	1
8315866	8315865	3
7203367	7203340	1
7739531	7739548	2
7534917	7582921	1
6346160	6346157	1
6371107	6365613	1
2269822	2269797	1
9841899	6531839	1
6403422	6403421	1
4407466	4407465	2
4052851	4052852	2
11339845	8207605	2
3423738	3423712	1
8540298	8539664	2
12673545	12671730	2
7473364	7473363	1
1516315	1516316	1
9671455	9671456	1
10323091	919535	1
11614600	11580823	1
7327009	7327010	1
374619	374960	1
7996099	7996072	1
3873649	3873650	2
3646168	3646044	2
6442096	448083	1
11232577	11232578	1
1653961	8311162	2
9828711	9824110	1
5228351	5228352	1
9035790	670440	1
8609717	8609820	2
3488564	3488571	1
11897553	11897458	1
3025015	3025802	1
11355881	11355882	1
10409047	1908908	1
3537978	3537728	1
327089	327191	2
1357539	1357556	1
4660983	10678261	1
8955093	8955100	2
9613108	9613019	1
761136	761135	2
7290447	7416253	1
1441010	1440993	1
9852635	10148734	2
435612	10169665	1
3299925	3299926	1
6507508	8421504	1
8148471	8149280	2
6664012	6664015	1
7437461	7437471	1
7785944	7785948	1
10553569	10553570	1
7088273	7088274	2
11050445	315823	1
316908	316890	1
12518082	12518081	2
7790308	7790307	1
1795859	1795877	1
5176357	9113512	2
587538	527668	2
1273691	1273831	1
2273328	2273327	2
10197599	10184165	1
11632975	11632978	1
2007311	2007312	1
5910241	5910244	2
4786067	4786068	1
7696096	2564046	1
6633177	6633129	1
6268563	6268644	1
6641634	6678614	1
4851964	4851963	2
7413172	7413074	1
4031042	4031031	1
7684480	7684498	2
5514073	5514074	1
325842	325735	2
5627383	5665118	1
8162807	8162808	1
9665798	9665797	1
2910939	2910940	1
5371443	5371416	2
10877890	10877898	1
7255770	7255800	1
12478365	12478366	1
6771776	6775801	1
7863360	7862674	2
3616952	3617847	1
533951	532508	1
9267511	9267558	1
1100135	1099837	1
3971079	3971608	1
8632415	8633489	1
4389080	4391332	4
10936150	5639767	1
5096028	5096024	1
3834014	3834011	1
3519893	3519959	1
11602530	11602533	1
11609560	11609559	1
1319317	1319300	1
8741615	8741616	1
7449782	7450063	1
5698656	5698653	1
7616414	7616334	1
10437604	10437607	1
8896950	8894914	1
11760380	11760379	2
12363374	12363373	2
11708543	11709525	1
10269731	7691556	1
11144696	11144695	1
6753425	6753428	1
349592	349599	1
4668693	4668694	2
6148614	5897708	1
6259012	6259519	1
7934644	7934643	1
11567950	11491056	1
10480258	10478760	1
8013909	5915734	1
6778534	6778533	2
6270930	6270882	1
5047645	5267171	2
1285302	1285301	1
9437223	9307608	1
9110939	9187320	1
11206763	11206736	1
12445464	12445477	1
10045501	10045506	1
10739065	10739066	1
1436160	1493212	1
9344284	11529383	1
10851870	10851869	2
3827588	3827514	1
4225846	4224732	3
2577658	2577549	1
7697471	7696999	1
10993089	10993080	1
2057552	2057551	2
540011	540020	1
6683785	6683793	1
880116	880115	1
10382168	10382167	1
8102344	8100462	1
5272005	5271700	2
12384797	12483409	1
6627401	6626685	3
334036	334035	1
2097564	2097563	1
6798515	6489358	1
9906188	9835017	1
11471419	11470703	1
8638171	8638172	1
7188281	1621083	2
295601	295635	1
9570046	9570043	1
6870930	6872342	1
7781964	7781963	4
2369715	11773395	1
9493605	9493154	1
6443511	6444605	3
10329441	10329472	2
8328024	8328023	2
8245737	8245738	1
6378833	6377646	1
8334243	8334246	1
4827589	4827590	1
11232606	11232578	1
11167730	11168231	2
6485674	6485673	1
6997027	6996732	1
6655069	6655324	2
4306548	4297769	1
426138	431438	2
397182	390811	1
3421335	3421336	1
1420403	1599846	2
1121247	1121248	1
10742237	10742238	2
12549893	12549894	2
1066146	1397857	1
6191950	6191912	1
12232473	12208708	1
8993692	8993691	1
4688868	4688867	2
3778408	10641803	1
4090118	6864754	1
4093313	4093314	1
3484143	3484906	1
820989	834558	2
5494021	5494022	1
11765441	11765459	1
7184052	7184450	1
1212040	1209751	2
5124654	5124653	1
9047441	9033219	1
4027217	4027218	1
6208429	6208430	1
5119990	6716486	1
4589561	4588791	1
4711153	4711154	2
10270575	10270521	1
6027977	6027978	1
9159714	9159711	1
7066975	7066976	1
1186798	1187064	1
3252147	3253275	1
3283675	3283676	1
1489010	1489009	1
12626971	12626974	1
4710797	4710798	1
2524625	2524638	1
9798811	9798824	2
2757180	2766340	2
9570032	8531358	2
7970533	7970534	3
1598482	1600459	1
11440261	11440264	1
7304744	7304743	1
6469747	6469748	1
12334805	12334806	1
9267153	9267157	1
11340187	11340188	2
5375419	5375750	1
9665427	9665428	1
10550642	10550641	1
7303033	7305622	1
11649055	11649056	2
9761415	9747103	1
9925867	9925841	1
8853946	8853932	1
11028355	11031399	2
3716971	3825946	1
2815340	2815339	1
1203176	1094103	1
2814305	2722643	1
7152701	7148804	1
1905716	1905712	2
3186341	3186344	1
3693414	3693500	1
5594486	5594474	1
7310752	7310747	1
10085434	10085474	1
1701516	1701195	2
11716924	11717348	1
11777758	11777691	4
1769426	4418342	3
6834657	6834658	1
3735195	3698297	1
1128549	1128552	1
9276508	9276174	1
9300274	9300179	1
1552414	1550821	1
11868589	11869071	1
8274065	8273975	2
7216323	7216215	1
497778	497777	1
4438609	4438610	1
4366151	4366100	1
3164420	3164103	2
11010428	11010427	2
9196003	9196004	2
8869071	8651117	4
10005385	10005190	1
3291019	3291020	1
7485044	7485084	1
11316812	11316089	1
11361676	11354244	1
3949977	3949978	2
5138237	5136985	1
2479571	2479572	1
4937759	4936669	1
10883528	10883527	2
3821363	1566463	1
9231813	9231825	1
3485019	3485025	1
7176516	7176515	1
800431	800391	1
3955077	3956022	2
4010740	4032620	1
7604124	7604130	1
10386538	10530502	1
3714798	3714797	1
6864840	6864898	1
4988348	4988347	1
5642766	5642765	2
7279604	7279638	1
5674551	5674552	1
9485943	9701476	1
11717138	11715527	1
2075766	2075777	2
335857	339371	1
10972187	10972579	1
6222939	6222940	1
5219767	5219756	1
3965013	3965022	1
10185405	10185422	2
10201879	10201880	1
11332332	11335679	1
2980578	2981962	1
476697	476698	1
4821049	4825172	1
5588326	5584458	1
9273319	9272560	2
7647164	7647249	1
4818462	4818447	1
5800070	8280583	1
405262	405253	1
420360	10881528	1
12326455	12344525	1
1054343	1054344	1
5020390	5020505	1
10165928	5993009	1
7288715	7288712	1
11532247	11532242	1
12490865	12490866	1
12181075	12228307	1
5171818	5209668	1
8608062	8605855	2
970659	1074785	1
10484439	10484440	2
6228562	6228561	2
5359685	5360072	1
806515	809774	2
1160521	1160522	1
6315862	6315940	1
9548415	9548436	1
5990723	5990713	1
7225710	7225720	2
7755069	7755251	1
5497659	5494626	2
6033936	6033935	3
6024052	6092345	1
11488475	11488476	1
6510635	6510636	1
3548139	3526768	1
6514671	6514688	1
1341345	1341346	1
11387479	11387472	2
6433357	6433358	2
4356023	4329636	1
6071159	6071160	3
5075547	6122857	1
12625855	12625856	1
1642363	1642358	2
2692480	2692483	1
3595368	3595367	1
5439675	5439676	1
478067	478072	1
1386012	1386625	1
1616926	7014655	2
6524241	6524242	1
2196213	2196214	1
8249232	8249231	2
6513019	8517521	2
8184315	8184318	1
12274347	12267001	1
4175562	4176946	3
12312028	12312027	1
12681703	12681554	1
12625853	12625856	1
8988430	8988384	3
9139434	9139433	2
1971060	1971057	1
7977716	7977715	1
3749493	3749491	1
10907317	10907331	1
11677176	11677402	1
1123782	1123781	2
7354600	7418614	2
10775152	6194450	1
1286396	1286395	2
7293678	7293663	1
9383568	9384762	1
1195407	1197700	1
6004545	6004561	2
4742379	4742359	1
4041974	4041884	1
3869528	3732835	1
6295300	6298272	2
1103913	1103914	1
4992187	4992188	1
3515687	10293032	1
3493839	3494848	1
6822234	6821427	1
3890207	3890208	1
11521851	11521814	1
1852959	1852947	1
3089307	2938905	1
1431197	1431198	1
6789735	6579464	2
2726609	2726670	1
8696004	8697412	1
10645186	10622343	1
2131902	2131159	1
2980429	2980430	1
1540917	1538979	1
6922746	6922745	1
1823004	1822992	1
5635700	5635699	2
11664074	11664029	1
6996895	6996867	3
2876410	2654464	1
7198857	7198824	1
11939455	11939099	1
2671083	2671113	2
6783754	6783753	3
1778512	1778536	1
12539839	12537560	3
1295383	1295154	1
10723338	10723337	2
2445665	2445666	1
942381	942394	1
9644952	9644966	1
6296210	6296200	3
752435	752438	3
143643	143644	2
5817641	5819602	1
11939735	11939754	1
3440624	3440597	1
11086493	11086494	1
9984849	9984723	1
2433237	2435561	2
6566317	6566313	1
11539425	11538116	1
4091603	4091604	3
5341085	5341086	1
9319019	9319022	2
7854100	7854099	1
10498365	10505399	1
1404591	1404592	1
11779467	11779463	1
2070900	10725005	1
9900300	9900339	1
9300277	4786619	1
4145000	4144766	1
5840220	5839762	1
6989410	6987689	1
4822032	4822271	2
7564428	7564420	1
3221682	3221681	1
1997486	1997490	1
11197181	11197182	1
1052175	1052225	3
6890305	6888245	1
9522504	9522503	1
4077486	4073620	1
304090	304087	1
7153281	9067442	2
9119154	9119157	1
7914186	11769991	1
2679037	2679038	1
8464169	8464170	2
12208769	12208770	1
9317256	9317255	1
3737609	586499	1
10035014	10033994	1
1347427	1347417	1
10420857	4106726	1
11625679	11573307	3
3631717	3631733	3
6659625	6659626	1
10455084	10455135	1
11287264	11287263	1
753079	753050	1
1095897	1097105	1
4061293	4062653	1
10994157	10994801	1
5341087	5341062	1
7893096	7893249	1
10506712	10506703	1
12696474	12696473	1
7983818	7983770	1
1747806	1747175	1
6110015	6110006	1
10933177	10932259	1
9437457	9437408	1
9517838	9517837	1
9811381	9811330	1
1040990	1040977	1
10799781	10798989	2
2309416	2309415	1
8042703	8108517	1
2283118	2283117	1
7613950	7613949	1
6781064	6787929	3
12594640	12594630	1
1509642	1501135	1
11237376	11237895	1
6774591	6775269	1
9046680	9046679	1
10140854	10138652	1
11834135	11834136	1
1264042	1418528	1
8646663	8646664	1
6442186	6442185	2
4411152	4770942	2
10723534	10723533	1
2018264	1875397	2
2112482	2113088	1
10645188	10622343	1
11726135	11726136	1
10763305	10762630	1
10900009	10899478	1
5774699	5773996	1
5628266	5638468	1
8738171	3575975	1
9985423	9985424	1
11596289	11596290	2
3289707	3288519	1
2262246	7207512	1
1639498	1639487	1
3989943	3989944	2
6640618	6640617	1
3858145	3858146	2
799612	799611	1
392607	392608	1
1285807	1285808	1
10284908	10171688	1
1979508	1979505	1
77143	77144	1
7066161	7066162	1
842447	842422	1
9665425	9665426	1
9824628	9824627	2
8792977	8794658	2
9256218	9259058	1
5259070	5259069	1
1554286	1551164	1
2159115	2159116	1
11075324	11042272	1
6896074	6896151	1
12616977	12616980	1
7102085	7102046	1
1964580	1963307	1
9115274	9114896	1
3854373	3854376	1
1513737	1513738	1
177140	177175	1
526461	526462	1
9027899	612586	2
1459646	1596220	1
491163	491164	1
6278377	6278378	1
2434668	2434667	1
11601161	11602892	1
7858317	7858303	1
9600921	9600922	3
5271018	5271048	1
1181286	1181372	1
8513774	8513577	1
113033	112892	1
9979244	9979316	1
4311317	4311341	2
9521134	9521627	1
2388462	2388461	1
12458904	12458860	1
2017159	8180364	1
11147085	11205180	1
3471787	3471795	1
5204282	5204281	1
9786476	9522871	1
7598551	7598488	1
12386522	12396662	1
9764687	9764688	1
4077354	8552391	1
10733983	2268491	1
1444376	1444381	3
7860009	7860010	1
5490429	5332102	1
3675850	3673212	1
7478201	7477555	1
12779949	12779611	1
5424778	5424777	1
3032517	3032518	2
9822500	9859477	1
3648707	10333534	2
1323820	1321987	1
1523071	1523072	1
8313116	8313115	1
7559768	7559767	1
79246	79245	1
2908651	2908654	2
5212528	5212538	1
11586084	11586081	1
10885407	10885410	1
9314827	9314817	1
9966244	9965864	3
3402957	3393447	1
10614372	10614371	1
4512723	4512719	1
4135390	4134850	1
5320393	5319389	1
10296322	10296319	2
475062	475061	1
6183781	6183782	1
4528994	3365951	1
1524440	1518866	1
11830369	11830370	1
4220272	4220271	1
4027215	4027216	1
8739574	8739652	2
676815	693125	2
2343328	2343231	3
12037826	12037825	1
6263349	6263350	1
541977	541978	1
7963261	7963262	1
77145	87996	2
10568959	10571769	1
10336500	10336097	1
10376532	10376594	1
3961039	3961046	1
11101187	11089807	1
10022538	10022537	1
5485248	5485240	1
5211012	5211011	1
4484820	4484866	1
3808161	3807002	1
12122621	9252104	1
7549712	7466689	1
10311501	10311502	1
3491673	3491111	1
1878255	1878358	1
4006823	4006772	3
7606370	7517009	1
4705174	4705201	1
11625793	11574708	3
499356	498288	2
1979561	1979562	1
8238368	8232856	1
8588759	8588760	2
4623769	4623770	1
6684721	6684722	1
3247422	3247421	1
474793	417767	2
12372850	12372853	1
3519949	3519888	1
7739431	7767667	1
1139319	1139345	1
3970573	4534050	1
5595833	5595834	1
8453635	8453917	1
998389	998378	2
12179993	12179994	1
1611459	1612614	1
10535425	10535451	1
11393434	11393433	1
10332203	3143469	1
7172430	7172457	1
5780917	6052903	1
1619639	1620512	1
2344430	2344429	2
11188614	9104934	1
1556213	3777482	1
6679713	7803106	1
12409431	12409432	1
9098617	9098619	1
3129909	3129910	2
12038706	12038709	1
9493603	9493604	1
12308340	12308339	1
4545602	9284469	2
10948095	10948097	1
11566818	11370129	1
1781757	6483210	3
11193258	11193257	1
5259030	5259029	2
2552526	2210379	1
11596293	11596335	1
4194395	4194387	1
3735195	3698299	2
11219363	11219396	2
9028321	9027900	1
10380757	10380802	1
7763098	7763097	1
9382660	9391383	3
4145803	4145804	1
2250019	2249987	2
3863593	3863601	2
4879695	4879661	1
5888586	5888585	1
5757360	5757359	1
9046682	9046681	1
6311885	8429212	3
1477214	1477213	1
11475830	11475829	3
141728	140448	1
778802	778561	2
2159117	2159118	1
5561515	5561516	1
5382294	5382309	1
9109080	9117609	1
7751043	6702626	1
8322923	8323392	1
8836108	8836105	1
2480803	2483392	2
11907470	11907469	1
6755320	6755316	1
5347379	5347380	1
216841	216912	1
5663389	5663390	1
6568453	6568434	1
4110279	4110280	1
12442699	12444633	1
573717	573872	1
2919728	2919777	1
12694796	12695452	1
3871970	3871965	2
639661	639662	1
7941202	7941764	1
3507788	3507787	1
12658877	12658543	1
1728717	1728698	1
7901475	7901366	2
4711151	4711154	1
10567197	10567204	1
207982	207981	2
3372163	3372166	1
7353873	10592724	1
3271922	3271921	1
2908555	2908531	1
7800720	7841894	1
9631884	9631669	1
3278082	3278009	1
120636	167212	1
3573478	3573476	1
5486719	5370614	1
896139	895827	1
10260029	10260030	3
7762671	7762672	1
7584714	7584689	1
7932893	7931812	1
8612707	8612708	1
7478052	9953268	1
5956831	5957753	1
10906196	10906195	3
3111947	3122781	1
9838083	9838092	1
209274	209273	1
6616614	6616617	1
8402526	8402336	3
4518961	4518991	1
176482	184577	1
3122247	3138059	1
7946049	7710051	1
3631715	3631716	3
463882	463878	1
10807677	10808390	1
6540347	6540348	1
5975727	10157388	1
1924314	1924303	1
1348751	1348752	4
10393518	10393517	1
4827790	4827732	1
9252840	9252835	2
9151222	9152677	1
7179450	7179449	2
2959014	2958966	1
10255345	10255335	2
4201911	4201912	1
11654153	11654154	1
6273658	6261690	3
3683120	3681971	1
109936	163067	1
8313541	8315865	4
2052330	2052317	1
3289457	3289522	1
9565794	9565779	1
1135188	1132745	1
9579126	9579125	3
7955923	11172681	2
1614966	1613181	1
3035783	3035817	2
1358688	1117981	1
11214897	11216169	1
11377322	11292540	2
7095814	7095810	1
11050487	11050488	2
11875838	11836198	1
11507709	11507710	1
8463794	8463354	1
3491611	8281920	1
9002598	9002597	2
4686537	4686513	2
3123719	3124274	1
1740115	1740116	1
4072472	4082406	1
5141452	5141451	1
2554912	2557555	1
7749688	7749860	1
10309378	10309377	1
5917990	5917989	1
5741039	5741040	1
4107669	4107686	2
4808681	4808682	2
9437876	4375291	1
7149128	7149287	2
6136233	6137946	1
4188716	4188684	1
10894929	10895002	1
1956121	1956122	2
1564742	1564757	2
11496921	11496922	2
9446331	4055139	1
1244935	1244936	1
10924718	10924717	1
4138387	4138388	2
10394897	2357192	1
7905671	7905672	1
12570216	12570219	4
11795051	11794004	1
7980521	7980522	1
7190388	7190443	1
5383330	5383329	1
3883584	8925806	1
12694185	12694186	2
663603	663628	3
5214942	5214941	1
7842134	7842133	2
11726573	11726574	1
3336442	3336441	1
10885409	10885410	2
12271727	12272118	2
7885111	7885106	1
7217087	7216870	1
11031398	11031401	2
2844197	2844198	1
8477125	8475884	1
5094076	5094075	1
6738800	6738799	2
6552551	6552552	1
7848023	7848024	1
9265316	9265319	1
6299120	6299107	1
2125411	3591409	1
4070401	4070450	1
2198423	4831770	1
6924800	6925928	1
3360224	3360195	1
8228106	8228198	1
7446497	7446479	1
2580895	2580896	2
370439	370440	2
6434098	6433260	1
7082675	7082676	1
3728153	3728264	1
10567892	10567891	1
10994592	7939815	1
8629568	8629565	1
469505	469508	1
2525673	2525692	1
3301466	3301465	1
2095612	2095623	1
2466658	2466657	1
8450453	8453035	1
2530203	2530204	1
8485563	8485564	1
11599691	11599681	1
11929157	11929158	2
9253612	9253611	1
8220717	8220705	1
6960656	6960647	1
6451496	6453055	3
6872324	6871779	1
7221852	7221851	1
6109785	6109761	1
3198088	3964709	1
1620860	1619550	1
336277	336280	1
5708381	5708384	2
5201392	5201395	1
1677365	5253669	1
3370785	3371149	1
8167855	8167856	3
10122031	10123193	1
6582414	6582416	2
12367144	12370138	1
12250370	12250369	1
11792995	11795544	2
5342572	5342612	1
10126449	10126280	1
4496071	4496072	1
9148876	9146837	1
2860331	2860332	1
11661202	8858411	3
7805572	7805571	1
8803202	8802290	1
3067617	3067496	1
11545782	11545781	1
873083	873037	1
10503831	10503840	1
3390225	3390226	1
6524712	6524707	1
3745836	3745835	1
7817936	7817935	4
2643614	2643613	1
6491302	664572	1
3940338	3940337	2
2422875	2423036	1
1049218	1212951	1
9896409	9896412	1
7665597	7667586	1
4545514	3490823	1
5332076	5333266	1
273908	273907	1
1660628	1660625	1
11460175	11460177	2
9544122	9544121	1
9634810	9802225	2
4557265	4555530	3
9798809	9798810	2
7232440	7232439	1
4168997	4168998	1
12457115	12457226	1
1406603	1406604	1
8506116	8506010	1
8183835	8183836	1
10172195	10172825	1
7690867	7690883	1
5487296	5297953	1
8783670	8782137	1
4293857	4298801	1
250227	250228	1
1271480	1270636	1
11279460	11443143	1
2750920	2750905	1
2272928	7739644	1
5156893	5154894	1
7948456	7947983	1
11938669	11936061	1
2715690	2713335	2
478720	488798	1
8043805	8043806	1
7861268	7822627	1
10707589	10707590	2
3975898	3975760	1
4178322	4178320	1
437436	6441293	1
7144475	7144476	1
9256640	9256637	1
11576819	11541035	1
10571021	10570592	1
8271412	8271411	1
1535461	1535466	1
3015962	3015956	1
5663752	5663773	1
7447990	9812425	1
6175102	6175101	1
4521642	4520574	1
11111490	11111225	1
9916	9980	1
10788320	5812648	1
9448456	9448472	1
4145801	4145802	1
5554532	5554531	1
12774117	12772260	1
2791819	2791822	2
9783783	9785164	2
7587854	7620978	2
7945564	5578706	1
10423757	10423829	2
1841742	1841593	1
4523610	4532664	1
3912437	3913264	1
525904	518523	1
2838633	2838621	1
1648947	1648948	1
12356286	12358213	4
8806024	8806031	1
336266	336265	1
10826277	10826278	1
2226458	2226457	4
10240938	10240947	1
744264	9019108	1
9775351	9775352	1
2668597	1858900	1
2727939	2803871	1
12161079	12138448	1
7821311	7811264	1
4232375	4232364	1
6578313	6578314	2
2533064	12476690	1
5741041	5741112	1
12810380	12810403	1
7780808	6201125	2
8042503	8044178	1
9910929	9857446	1
4988648	4988645	1
8893934	8893933	1
706147	706173	1
6245365	6245366	1
5586995	5586973	2
4572897	10381858	2
7514139	7515253	1
3169189	3169194	1
11564940	11565240	1
10122084	10123615	2
704216	3731544	3
5804372	5804371	1
12763234	12763233	1
10749817	8086974	1
6889930	6888297	3
1969200	1969199	1
3200153	3200154	1
193934	193937	1
5430813	5481272	2
9244369	9244372	1
11889942	11889941	1
2511909	2511910	2
6879511	6879421	1
6808198	6808197	1
11607525	11607526	2
3093276	3095982	1
2456218	2157682	1
5456761	5456802	1
5044964	5044963	2
2650442	2650441	1
3885422	3885497	1
3980327	3980328	2
8163241	8163083	1
4009213	4009214	1
10414330	10414327	2
10522604	2332875	1
9531354	9531349	1
9167061	9166892	1
5482442	5482441	1
7649206	7649205	2
3742885	3742981	1
6710035	6710322	1
5808783	5808905	2
7257920	7290130	2
3316715	3316718	1
12030471	12030472	1
5050980	5050979	1
5541985	5541990	1
11105101	11105102	1
3395552	3395781	2
8707303	8708603	1
3328988	3323486	1
7691098	7691066	2
10677387	10677388	1
7353871	7353872	1
7047565	7047588	1
6757069	6757112	1
6778530	6778529	2
4504380	4502288	2
4043092	3990680	1
10946970	10946969	1
5937279	6095390	1
3868728	3885421	1
6016347	6016579	2
6742456	1797725	1
10557712	10558265	1
3523828	3514819	1
2791819	2791820	2
4435193	4435253	1
6907816	6908584	1
11833196	3888289	4
11327742	11327675	1
9923	9924680	1
11897278	11897975	1
3421254	3420766	1
9630127	9477377	1
1415148	1415147	1
5960450	5960501	1
2903941	2903938	2
12019849	12018657	1
4292997	4293322	2
6185417	6185415	1
470875	761447	1
842198	842080	1
8252029	8252030	2
12673455	12673546	1
1865790	1865781	1
3350523	3350508	1
6127597	6127710	1
8302360	8302357	1
5823023	5823024	1
9409637	9513347	2
12699227	12699228	1
10740526	10740540	1
1663938	5326056	1
3543353	3543354	3
7650009	7649205	1
5592366	5499661	1
4363296	4363293	1
11230615	11234412	1
7383835	7383836	1
4084214	4084211	1
5469345	5469346	1
8545471	5011664	1
3570095	3569574	1
3032785	2733157	1
9151593	9143276	1
10993301	10993352	2
4311276	4309196	1
8454137	8454127	2
2384463	2384464	1
2087288	2087283	1
11002670	11002680	3
4275146	4275145	1
3269168	3269167	1
4311006	4311009	1
11689639	3925542	1
1663899	1660504	1
2767326	2763797	1
7562566	7562557	1
6341665	6341674	1
651193	651203	1
2349010	2349009	2
3712908	3712916	1
9252836	9252835	3
12423891	12423851	1
6549013	6550723	2
11937800	11937845	1
1867373	1867374	1
3308777	3308786	1
2899731	2899968	1
2465537	2481563	1
254000	253999	2
486832	482416	1
3218410	4080988	1
6121927	5930180	1
7326263	7326264	2
10971057	10971058	2
621411	674553	1
8206903	8207159	2
9250804	4703603	1
2591397	2591398	2
10753506	10753509	1
3656586	3652922	1
9236161	9418144	1
7573553	7446258	1
8198207	8198588	2
11617819	11616361	1
1301110	1301109	1
11727425	11726446	1
5472944	5478515	1
7231492	7231581	1
4222703	4222704	1
2814353	2814354	2
12231374	12231679	1
2354149	2354150	1
5873273	5974137	1
5279988	5280610	1
616415	616422	1
1839366	1839365	1
351710	360222	2
10375416	10375413	1
6246170	6246220	1
10087325	10087326	1
1923665	1914960	2
398136	103391	1
313185	313186	3
5495716	5495752	1
1094070	1406602	1
9910549	6454116	1
1520048	1520047	1
10752868	10752807	2
8608229	8608640	1
3592997	3938651	1
8226258	8226257	1
2683979	2682187	1
7266168	7266310	1
3982643	3982626	1
960406	960409	1
1113173	1114794	2
4576091	4575731	1
6096611	6096614	3
8937205	10877112	1
2355011	2354824	1
1004567	1004667	1
8221279	8221284	1
4108218	2378296	1
9106749	9105919	2
12727018	12727034	1
459744	455226	1
10838835	10839778	2
6166136	6166118	2
6980397	6980398	1
8149338	8376527	1
9728749	9728750	2
8779067	8778542	1
11335235	11335615	2
10058191	10058192	1
2114570	2114842	1
3669206	3669347	1
1490181	1490140	1
10658479	10658480	1
3145804	3145831	1
9898935	9898936	1
2485037	2484896	1
11425788	11425787	1
12248097	12247393	2
11675065	11814617	1
3025456	3081065	1
9870928	9870927	1
3072128	3072118	1
774331	774332	1
11669918	10874884	1
4263455	4263456	1
11487826	11487825	1
9390916	9388713	1
3975554	3975553	3
7747042	7747041	1
4704239	9305643	1
279343	279344	1
2262246	12476124	1
9272902	9235642	1
6422680	6422610	1
6493008	6493011	1
7099148	7099145	1
7088269	7088270	2
9806701	9806702	1
6980399	10788339	1
8883550	422103	1
2049151	2049152	1
10088025	10088028	1
11144702	11144699	1
1858804	1858510	3
2232053	2195265	1
2901806	2902027	1
7821561	7821564	1
10380510	10380509	1
10657087	10656952	2
5347538	5467760	1
4571777	4571761	1
9113940	9113939	1
6490699	6490814	1
8986027	8986036	1
2369695	2369696	1
9361089	4020249	1
11068039	11067989	1
374604	374603	1
5676169	5677314	1
8564877	8564878	2
3964285	3964847	1
5938798	5938664	1
4251203	4248490	1
7626766	7628763	1
10457476	4791169	1
84391	84635	1
6436332	6436331	2
5799381	5799866	1
9582847	4687592	1
10875742	10875732	1
9464449	9464442	1
3199209	3199281	1
4655492	4655491	1
4219841	4219953	1
310532	310534	1
4015281	4015282	1
10619602	10619601	2
5588654	5588617	1
7652112	7652111	2
1776385	1776386	1
476693	476698	1
6125770	6125769	1
7055448	11897497	1
9502805	9502710	1
1242294	1076555	1
3446569	3446570	1
8342621	8342622	1
4347872	4347871	1
10205765	10205752	1
4157458	4157453	2
7319375	7312632	1
2946172	3094478	1
1297680	1298010	2
10091806	10091799	1
10875355	10874193	1
4444101	4444102	2
8466836	8466903	1
11067948	11067947	1
9160046	9126401	1
8691052	8686803	1
1356952	1356916	1
3641362	3642287	1
273909	281718	1
9961283	9961284	1
4281799	4281800	2
9696869	9696872	1
11404969	11435011	1
6490417	6490421	2
9870938	9870937	1
1689698	1679711	1
8479636	8479874	1
1548665	1549028	1
10128859	9935403	1
3375086	3375116	1
3139747	3191281	1
8888132	8888131	2
12663231	12663232	2
3988509	3988520	1
10493722	10493593	1
6985547	6985548	1
10232292	10232291	1
7863677	7863678	1
10015394	10015425	1
4158851	4158124	1
1569689	1577454	1
5925403	5925434	1
10087134	10087131	1
7261926	7261920	3
52463	6416105	2
9601254	9731251	1
2145672	2145671	1
3943085	1401817	3
10854865	10854868	1
9256416	9254987	1
10103878	10104092	1
3252147	3253277	2
6399107	6399108	1
1926939	1939203	1
7526903	7526904	3
3737565	3737566	1
3980928	3980914	1
7854098	7853935	2
5567213	5567221	1
10066784	10066783	1
2791821	2791822	2
6564535	6564536	2
9353670	9353669	1
7072425	7072426	1
9155665	9155666	1
12134057	12154167	1
10134549	10134559	1
3913104	3912586	1
12416870	12416873	1
11567489	11568741	2
3266010	3266049	1
1878021	1878003	1
8922446	8922445	1
2249836	2249839	1
7237398	7185489	3
11405413	9255458	1
938308	938307	1
2359692	2359691	1
2577235	2577236	1
10979684	5962777	1
7514863	7514695	3
9818284	9818260	1
3203874	3203872	1
9122526	7153352	1
850483	850979	1
5005884	9087661	1
2640636	2649262	1
9531354	9531351	3
5972782	5972781	3
3755778	3755794	1
7431141	10894434	1
6709367	6708157	1
5647260	5647259	1
6558768	6559635	1
4272302	4272301	1
10491039	10491064	1
4430927	4430928	1
3513986	3538696	1
4045447	4045306	1
12655904	12655903	1
1536037	11676750	1
12196358	12198994	2
3912229	3912234	1
7613946	7613945	2
7933935	7933752	1
1772980	1772972	1
10188070	10188095	1
12754215	12754216	2
4736915	4738284	1
12379457	12379458	1
11579880	11579877	2
414591	414592	1
6807329	6805525	1
11436940	11436939	1
2351398	2351463	1
2340860	2340859	3
138103	138104	1
355653	355656	1
10030253	9887705	1
5119218	5119217	1
7913968	7913967	1
2272928	7899058	1
8782546	8782545	2
8954441	10451275	1
298927	298928	1
3423475	3396920	1
7751386	7751308	2
3024105	3024106	3
9146858	9147138	1
7731865	7731859	1
2678810	2672183	1
8017483	6518055	1
669075	669080	1
6948632	6955005	1
7780219	7780223	2
3476708	3476650	1
6394221	7604170	1
1177084	1238006	1
3304718	3304715	1
8646667	8646979	1
7006393	7006381	1
7555465	7556224	1
3429875	3427454	1
6128146	6128582	1
11370587	11371107	1
9081691	11013483	1
2671913	2673145	1
2416323	2498120	1
6121032	6121029	1
11937873	11937874	1
1884609	1883707	1
10517929	10517805	1
9100769	9100770	1
3363526	3363284	1
10822116	10820211	2
11113251	11113257	4
7558886	7558832	1
2312802	8242280	1
11820509	11820905	1
10349934	10349937	1
7092046	7092023	1
6961236	6961306	1
2510451	2510525	1
2828057	2827680	1
10496621	10496626	1
10229782	4281794	1
7456268	7456262	2
745128	745127	1
7327205	7329727	1
5124510	5124495	1
3756076	3756075	1
10508686	10508685	1
11532674	7707643	1
6565499	6565546	1
7464467	7464468	1
12190023	12190024	3
8286277	8286278	1
8073262	8073005	1
4651486	4651485	1
5782899	5782900	1
1858799	1858510	1
11544131	11544132	1
2232331	2191866	1
11113668	10992270	1
7811068	7808313	1
7261581	7261596	1
6383242	6381675	1
7292411	7292476	1
1987055	10737375	1
7843405	7843406	1
6530017	6536450	1
822014	822021	1
464180	464179	1
2980180	2980179	2
3790301	4126568	1
2808367	2808370	1
9894025	9893965	2
12757785	12757656	2
1555628	1555627	2
4833742	4834391	2
4653548	4653545	1
6708429	7760315	1
1164550	1164549	1
794128	794127	2
11283246	11283245	1
11769391	11769410	1
6055734	6055728	2
7232744	7232741	1
11801603	11801573	1
4581167	6834046	2
1800664	1800667	1
10300934	842234	1
2909953	2909770	2
3680991	3680992	1
1278382	1269327	1
2077500	2077628	1
4762067	4762115	1
11639120	11639076	1
7889405	7889406	1
4803467	4803499	1
3653398	3653397	1
8152889	8163689	2
822470	825539	1
8574839	8575224	2
8264413	8264359	1
1674274	1674362	1
11551731	11551734	2
6469841	6469842	1
11355877	11355880	1
5612221	5612222	2
533941	533584	1
8401267	8401268	1
6354676	6356840	1
7895551	7895563	1
4852136	4851965	1
8468381	8468382	2
8184572	8184541	1
4651482	4793675	1
3698632	3697148	1
2685877	2686262	1
3426570	3430271	1
1147656	1147655	1
11836454	11836453	1
2686651	2681764	1
12201435	12201448	2
5160897	5159748	1
3663977	3663978	1
3477599	3474053	1
11668681	11668676	1
12451031	12451032	1
11974617	12208986	2
6530418	6529640	1
7864407	7864408	1
3438149	3439431	2
3568207	3568208	1
766474	766473	1
11041722	11041721	1
5898322	5898291	1
1100456	1100422	1
11067485	11069371	1
2349311	2349312	2
1487646	1487645	1
10852077	10850553	1
4635514	4635511	1
164575	115522	1
5755401	5755402	1
3619612	3619548	1
11037682	11037685	1
10644495	10552169	1
6928502	6928508	1
9854583	9854584	1
10159821	10159822	1
10524368	10524367	1
652438	652443	1
6355030	6355029	1
1542382	1542328	1
3636163	3636164	1
5472924	5472921	1
5530034	5529988	1
9300295	9300330	1
6126771	6126616	1
7970976	7833200	1
26395	26396	1
6676029	6676030	3
12339233	12339234	2
6755113	6755114	1
6431324	6431323	1
12357226	12538252	1
6332775	6332812	1
9653996	9663808	1
7330698	7330697	1
2508256	2509966	1
810039	810040	1
4311141	4311144	1
12247468	12320549	1
7149539	7149505	3
7296890	7326427	1
7398259	7390432	1
10313503	10313504	1
8266940	8266933	1
1292259	1292260	1
8175277	8147352	1
6547430	6547490	2
7103259	10904799	1
6903947	6903700	2
9607892	9607891	1
1666989	1666945	1
11004258	11011852	1
3093343	3093242	1
1954971	1954980	1
12533832	12533831	1
7657863	7657864	2
11601993	11601994	3
1600722	1607745	1
9136504	9136485	1
8232499	8230984	1
5242374	5242373	2
6819892	6819891	1
11768109	11768355	1
9547297	9547277	1
11905430	11905420	3
10752806	10752805	2
11699934	11700068	1
2223424	2223423	1
6104398	5930796	1
1414746	1414743	1
3875571	3875612	2
112900	112899	2
11509363	11509364	1
1848699	1848859	1
5560090	5560089	1
11690042	11688756	1
2279194	2279170	1
11482545	11486494	1
11567487	11567488	2
9637336	9638965	1
2734677	2734666	1
4420645	4420648	1
2533066	12476690	1
4292157	4289267	1
9490402	9490376	1
11912285	11912836	1
9019170	9019169	1
6529382	6422554	1
9878065	9878066	3
5472686	5440591	1
8278135	3416032	2
9001179	9001180	1
570182	570181	2
12287389	12287390	2
10390777	10313577	2
11149349	11149252	1
8280461	8280279	2
9106758	9106788	1
2736161	3104605	1
9083183	10805933	1
158773	158774	1
872620	873458	1
11600346	11600361	3
5385781	5385923	1
2028399	2028355	1
2933674	2933639	1
4261186	4261183	1
1313700	1313699	1
11079198	11079126	2
3321657	3322443	2
8796385	8796397	1
10411534	10411583	1
9713106	9708627	1
5597401	5597402	2
7287352	7287360	1
1718569	1718549	1
10818303	10817690	1
3951836	3952151	1
934128	824598	1
2845311	2845312	2
11733799	11739397	1
11072903	11072915	1
10063534	10063421	1
9985425	9985426	1
10483820	10486315	1
10455383	3993125	1
6580471	6580453	2
11527987	11589605	1
4308489	4308490	2
140969	140970	2
2269881	2269882	1
6811339	6811340	1
1164552	1164551	1
11708564	11708563	1
5577874	8903532	1
8498045	9803097	1
4235013	4232110	2
5677572	5677571	2
10606844	10619698	1
8653504	8653399	3
253919	253920	1
8086661	8086158	1
9601945	9601898	1
7454977	7454978	1
3202338	3355335	1
7009332	7009422	1
10418499	10418500	1
3017564	2999505	1
76285	76554	1
520032	520456	1
10260025	10260026	2
10754346	3620621	1
10811653	10811654	1
10313294	10313142	1
5665778	5665777	1
7697602	7697506	1
3710473	3709487	1
11866844	11866859	1
4569958	7904567	2
12163443	12163444	2
12155006	12154986	1
12516001	12626183	1
10223430	10224513	1
11216494	11216575	1
7200455	7200371	1
12302587	12302583	1
9800101	9800097	2
2003729	2003721	1
3805683	3805684	1
12425094	12425202	1
1233917	1232066	2
5071422	5071419	1
5817605	5817726	1
1719994	1719993	1
8374511	8374512	2
6605078	6604318	1
11462487	11462701	1
5522425	5522428	1
12482276	8197058	1
8305413	8305414	1
1531776	1497953	1
6312327	6313136	1
1101797	1101798	2
5747955	5917607	1
2605315	2605210	1
11402194	11394290	1
12036164	9467719	1
2145674	2145673	1
8179702	1873021	1
1555629	1555630	1
7240117	7240172	1
2282660	2282657	1
9544129	9544130	1
4348517	4348518	1
10183602	10183599	1
12226909	12226910	1
4018438	4018432	1
12574237	12601014	2
10042928	10042927	1
1152137	1152154	1
11897976	11897975	1
2604290	2604278	1
3201549	3201506	1
9910457	9909921	1
2443788	2424136	2
12312026	12312189	1
2441884	2589564	1
1718194	1718193	2
8186091	8186092	2
1341347	1340920	1
9568220	9461461	1
10643094	10622230	1
2940914	2941042	1
10253355	10253360	1
7853301	11000323	1
3474086	3474085	3
5634632	5632391	2
9642974	9652867	1
5312698	5307933	1
7505953	7505954	2
10034119	10034155	1
6564099	6564258	1
2172205	2172206	1
6316101	11678252	2
7525393	7483518	1
11756251	11756378	1
11689455	11689084	1
5093364	5093363	3
143635	143642	2
2376701	9823367	1
6145575	6145732	2
2688040	2688791	1
10355443	10330649	1
12342812	12342771	1
11385926	11385817	1
7204414	7204471	1
5124643	5124644	1
2904503	2904512	1
607529	489317	1
5730747	5730748	2
10884989	10885293	1
5510063	5510064	3
3200209	3200152	1
5750298	5979373	1
9531350	9531349	3
10231879	10231725	1
1485402	1485401	1
3230871	3233049	1
8516060	8516048	1
1837102	1837680	1
227521	227526	3
6077694	6065536	1
9169523	9169524	3
907593	907582	3
893347	893340	1
2364619	2364620	1
121635	120637	1
8908823	8898572	1
353993	353937	2
9700921	9700922	1
5302955	5302964	1
6345167	6360275	1
10479754	10469097	1
3517047	3517050	2
11826486	11816939	1
6486831	6459433	1
6753431	6753438	1
8449749	8449245	1
114448	114447	1
3666853	3666892	1
10749517	10751097	1
9428054	9428154	1
8733298	8744036	1
10377368	10377409	4
1378465	1378466	1
7830447	11673221	1
10582013	10582016	1
7652109	7652110	1
3621942	3618794	1
7958927	7958928	1
8343918	8343915	1
5054721	5054722	1
1599477	1599478	1
340861	340862	1
7678768	7678837	1
10058310	10070329	3
12801501	12801502	1
3962391	3962392	2
12439959	12439960	1
3158023	3158024	1
11235543	11235453	1
8899299	8899266	1
2040587	7446490	1
912148	912722	1
7522266	7518388	1
9663757	9665799	1
11943057	7112021	1
12511600	12513721	2
5211008	5211007	1
1428410	1428409	1
670445	670446	1
3756797	3813467	1
3829962	3829955	1
6525075	6525076	2
5960215	5992784	1
8640222	8640221	2
6814006	6815156	1
2604240	2604239	1
555741	555742	1
7518097	7518098	4
268901	268902	1
270636	270667	1
1524088	1526006	1
351038	351037	4
10944370	10944927	4
10734690	10734440	1
6808916	6637339	1
4079405	9753989	1
12363389	12363390	1
9163101	5581523	1
10827720	10827564	2
9798351	9798354	1
6621833	6768917	1
11803593	11803597	1
8517193	8580748	1
7262339	7263169	1
4491158	4491157	1
10132951	10132996	1
6796336	6796335	2
9792386	9792359	3
5504523	5504518	2
4126186	4122579	1
3427704	3427701	1
9665855	9663383	1
5070903	5070908	1
8683190	8683047	1
10534801	10534836	3
9671453	9671454	1
11380640	9558395	1
5954505	5954506	1
4621795	4641786	1
6491479	6490862	1
7363267	7363270	1
4054680	4054679	2
11632961	11633010	1
834559	834562	1
7059585	7059586	2
2895196	2895213	1
3163740	3163739	2
8362166	8362165	1
4595501	4595718	1
3714796	3714439	1
6351304	6351311	1
8734385	8734595	1
12308892	12308959	1
11620857	11620858	2
10454480	10454453	1
11669261	11669262	1
10353269	10353247	2
3971984	3137076	1
5211010	5211009	1
3935760	3933875	1
385697	385885	1
5544016	5544015	2
2254044	2254043	1
1381402	1380335	1
9467024	9467029	1
11289042	11289062	1
2004446	2004445	1
7997380	7997385	1
11038124	11038123	2
8395858	8394674	1
654594	654868	3
3826623	3826601	1
8324474	8324252	1
3948013	3947929	1
4198225	4198226	1
5909421	5909424	1
5323332	1744463	1
10393991	10393992	1
978354	978403	1
4672053	4376509	1
9130134	9130133	1
201551	262261	1
625539	931986	1
10096425	10096418	1
7416044	7416052	1
1631113	1631329	1
9898949	9898950	1
7179450	7178834	2
4293199	4293200	1
7369809	7369810	1
6889932	6889931	2
12616371	8582845	1
9895189	9925427	1
3390234	3390233	1
12203344	12202754	1
5657970	1161176	1
11149705	11178958	1
8204465	8204466	2
9102281	9103355	1
7040817	7047242	2
12363193	12363194	1
7239931	7239877	1
4301812	4301811	2
4223390	4356022	1
8191679	8191732	1
8711068	8711067	2
6443613	5013815	1
6544959	6544636	1
8627825	3544049	1
4688866	4709228	2
9663674	9663788	1
11661114	11661113	2
10903037	10903038	1
5209791	5201753	1
11763838	11763883	2
2899729	2899730	1
12131449	12131483	1
8090213	8080946	1
5597399	5597400	3
2695613	2695614	1
9177881	9146364	1
8074824	8074408	1
8079888	8079885	1
6990152	9049860	2
4258218	6499865	1
11848827	11848803	1
6438738	6438672	1
10555010	10555007	1
7941647	7941734	1
1697173	1697174	1
7859618	7816321	3
3185615	3185616	1
2895198	2895197	1
5909425	5909473	1
799485	466265	1
10636188	10561230	1
5192719	5192720	1
669322	669968	1
6497735	6497738	1
10104813	10104854	1
12743770	12743767	1
6004218	6006588	1
3458568	3457399	1
7482365	7476871	1
11065724	11115148	1
9589907	9589845	1
4472578	4472577	1
9967485	10023120	2
2588757	2588758	1
9700627	9700628	1
8328187	8328872	1
9434735	9434729	1
7907199	7907361	1
6778532	6778531	2
10106879	6028155	1
8565083	8404632	1
12165319	12165330	1
5879380	5879401	2
1442259	5419992	1
6948938	6949066	1
4840428	4840423	1
7351996	7352014	3
6568064	6566114	2
8344771	8335395	1
3980327	3978787	2
8782544	8782537	2
10517929	10517930	1
8301052	8301051	3
3985069	3985070	1
291155	291188	1
9516346	9494819	1
11868587	11868588	2
7211465	2294879	1
937512	937511	1
7204414	7204474	1
5806626	5806713	1
4589718	4588774	1
10232292	10232287	1
4054673	4054674	1
10094460	10094459	1
10964314	10811961	1
2434668	2434665	1
8345757	8335890	1
11527987	11589609	2
262938	275644	1
11050489	11050490	1
11956177	11722901	1
10756856	10753603	1
7482112	7482117	1
10437606	10437605	1
3938650	3938649	1
1422440	1421997	1
10733365	10733309	1
10196843	10196844	2
3360579	3360724	1
8436976	8436973	1
9567468	9567463	1
6922514	6922513	1
6047035	6047245	1
7252497	10670772	2
9361963	9361953	1
3108121	3108052	1
4364214	4363722	1
4083807	4083808	1
3983239	3982642	2
5747954	5881310	1
158791	11078891	1
5521140	5521139	2
10090291	10090308	1
10537048	10537015	1
2827933	2827853	1
9166495	9166499	2
6373662	6373612	1
4140537	4140538	1
3596314	3596313	1
353087	353088	1
9135257	9135260	1
5708385	5708386	2
10386067	10321448	1
4520575	4520576	1
5099962	5099670	1
3257421	3257566	1
9959126	9958378	1
3952757	3952769	1
9338658	9330802	1
8266590	8171251	1
1159166	1159117	1
516460	516314	1
8316273	8316274	1
11742131	11742066	1
4572758	6836663	1
7861192	7862024	3
5759010	5758963	1
9133144	9133131	2
3627087	3627088	1
1832127	1832128	2
12399807	12399754	1
1420980	1432322	1
2831291	2831294	1
2238619	2238602	1
7822620	7822613	1
2881748	2881747	1
661678	661642	1
2473807	2473754	1
636894	635269	1
11130099	11130100	1
1551161	1551164	1
1740239	1729539	2
3981380	3981433	1
11471773	11471774	1
5541170	6210063	1
11026761	9068102	1
7585443	1533590	1
10168760	10168759	5
7771950	7771949	2
1521460	1521459	1
7650733	7650734	1
6596495	6596496	1
11882927	11882928	1
4000497	4000498	2
11438347	11438501	1
5522425	5522426	1
8903463	8903466	1
2602371	2599797	1
4634951	4634952	1
4356061	4356034	1
2954468	2954481	1
5289195	5289535	1
1066984	1169596	1
8081712	8081544	1
6930052	6930061	2
1291215	1291212	1
7781962	7781961	4
6780982	6780979	1
2233109	4124706	1
8063074	8063073	1
12140008	12140017	1
5432721	5432722	1
8545471	8545472	1
4948980	4949031	1
11932078	11934378	1
12793747	12792619	1
3504416	3504442	1
7202588	7202591	1
9323079	9323069	1
2458632	2458631	1
955594	236224	1
3265921	3266344	2
1390871	1390874	1
8941722	8939978	1
3156404	2649527	2
4289183	4289184	1
6826935	6826848	1
6988919	6988922	2
9077444	9077836	1
5267136	5267125	1
3853057	3853060	1
4796637	4753156	1
7230481	7230484	1
1008419	1026305	1
1996665	10746997	1
3802083	9755444	1
1412234	1412212	2
10027731	10027732	2
5444091	5444140	2
11391857	11391713	1
8024125	8024161	1
6459126	6459587	1
2503873	2514429	1
5529918	5529807	1
9170460	9170453	1
11090297	11020321	1
4328734	4328880	1
11708541	11708542	1
12642550	9323476	1
12602689	12603836	1
7122517	7122518	1
9317092	9317089	1
6568441	6568442	1
2125385	2125386	1
2434174	2433473	1
5560407	5561432	1
10102918	10102920	1
8184317	8184318	1
5355250	5272664	2
7446374	7446299	1
12153882	12153875	1
12181442	12178277	1
1356127	1318824	2
3326984	3327004	1
8079888	8079883	1
10246086	9989748	1
11493818	11388333	1
1106314	1204847	1
7525708	7525697	1
10665930	10665929	1
7046093	7049308	1
2349313	2349314	1
8234712	8232815	1
8564823	8404895	1
1017128	1017123	2
7051618	7051438	1
5260765	5260766	1
4195745	4195746	1
7012471	7001227	1
304984	9101761	1
10669051	10742764	1
7052185	7052186	1
1099194	1099193	1
1878233	1878527	2
4050357	4050156	1
9792320	9782255	1
872291	594991	1
7434898	7434897	2
4114434	4114431	1
4501233	4501222	1
2107541	2107542	2
12404705	12404706	1
8708564	8708552	1
1770617	1770618	1
1461060	1461253	2
3319474	7994481	1
7557735	7557750	2
6727177	6727166	1
7893820	7883760	1
8901897	8901886	1
2582568	2577569	1
8206535	8206580	1
4193057	479390	1
11573306	11573270	2
2084963	2079664	1
12804059	12805100	1
5674724	5674723	2
6524611	6525059	1
534179	569250	1
8988432	8988431	3
12631673	12631674	1
12719932	12719929	1
7516747	7516333	1
4259021	4259022	1
3505284	3505373	1
1009183	1009184	1
1620881	1619555	1
11290610	11290649	1
8480978	8480932	2
10264582	10264581	1
3388610	3388609	1
9950393	9950394	1
5068939	5068940	1
910778	910777	1
6144825	6144826	3
8201258	8201252	1
9574029	9573801	1
8712009	8711852	1
6975363	6975368	1
10307793	10307794	2
7562566	7562555	1
6137793	6138182	2
8303002	8303001	2
591067	591068	1
1276434	1276433	2
4338988	4341866	2
15704	13936	1
847430	847433	1
526817	526818	1
10160659	10160660	1
1608470	1613791	2
12290720	12269074	2
2435648	2569714	1
7501681	7501683	1
12690255	12690973	1
9917683	9918278	1
8685228	8685232	1
6653500	6663651	1
3852989	3852992	1
3358752	4070809	1
4628324	4608030	1
12646602	12575375	1
11326048	11326045	1
3790295	3790300	2
4049078	842927	2
4412360	4412359	2
9318775	9318878	1
7642480	7642104	1
11507531	11509172	1
11980363	11979886	1
8813548	8813547	2
4420649	4635787	1
5389321	5389324	1
5468442	5468458	1
12629440	12629439	1
4585489	4585513	1
2881746	2882221	1
2474086	2474071	1
12259143	12259144	1
6379345	6379497	1
3630545	12466303	1
3694150	3694149	1
4011649	4011663	1
1873197	2110394	2
12274345	12274346	1
9728747	9728748	2
10986523	10986524	1
10520388	10520387	1
10543122	10542913	1
2954192	2645272	1
5996259	5996008	1
11894482	11900541	1
8858412	8858411	1
8365013	8357287	1
2513579	2507890	1
1926350	1939484	1
10803810	10797392	3
2148946	2028911	1
1216167	1216147	1
7426900	7426899	1
9186011	9185942	1
998386	998362	1
12432284	12431821	1
5228123	5228126	1
9155334	9159533	1
408819	10191685	1
9836894	9836893	1
1027461	1027595	1
4815025	4817027	1
4076817	4092930	2
9238595	9238596	1
11101185	11101186	1
2864500	2864496	2
7025263	7025266	1
9124318	9124306	1
11109615	9090610	1
10876928	10876927	4
6454914	6253403	1
201907	201908	1
5085411	5085414	1
2088412	3243728	1
4738734	4012611	2
3937792	3937703	1
4046328	4046549	1
11784673	11784809	2
1122509	1122932	1
1878157	1878167	1
11611122	11611233	1
10882355	10882356	1
6952835	6983356	1
2552486	2552495	3
10709610	10709609	2
10109309	10109310	1
2202813	2256594	1
2753229	2753230	3
11718729	11718737	1
5871206	5871198	1
3983609	3983406	1
6898570	11781738	3
10401452	10444318	1
1600973	1603756	1
1161183	1158759	1
2853310	2853307	1
5614180	5614179	1
10153670	10153667	1
7816451	7816539	1
3185145	3185146	1
11388401	11385117	1
11528810	11529528	1
11578450	11578447	3
925203	11147176	1
12226018	12226017	1
4681372	4681371	1
7593059	7593060	1
1505594	1505531	1
8808066	6277303	1
6524210	8535044	1
12404408	12405839	1
1582921	1582968	1
10767738	10769951	1
11334005	11334006	3
8473561	8473527	1
10969846	10969644	1
5545280	5545293	1
11598765	11598766	1
10496625	10496626	1
2758299	2758300	2
2842730	2842888	1
6827180	6827598	1
3140904	3136855	1
3524551	3524366	1
11672737	11672037	3
5422850	5422868	1
7994067	7994068	1
11909635	11909636	2
11496919	11496922	1
6578315	6578494	1
2139127	2328160	2
9161615	9161783	1
11068037	11068038	1
8219598	8219503	1
4083842	3355128	1
12041322	12040759	1
6651293	6651307	1
2667719	2676602	2
9794444	9794443	1
3156783	3167659	1
4613088	4613087	1
3585802	3585772	1
8226859	8226860	1
5909421	5909473	1
12627103	12617902	1
10148665	9925820	2
2528617	2528618	1
9387732	9387729	1
636361	636366	1
2247144	2247124	1
11609232	11609239	1
3639547	7015984	1
612824	612826	2
2908599	2908648	1
1866199	1866200	1
7314233	7314441	1
12122526	12122652	1
9822211	9822212	2
9388516	9388515	1
5946665	5946666	1
3873311	3739848	1
8548719	8548720	1
1133028	1133056	1
4024402	4026623	1
2502781	2502782	1
2317104	2317265	2
508173	508174	2
10391267	10391268	3
8048205	8047615	1
7300760	7300759	1
279808	594240	1
11737228	11737250	1
7913373	7911414	2
11377319	11377320	1
3054297	2720867	1
11459582	11462893	1
11597140	11597620	2
12187147	12187198	1
7665392	7645110	1
10852077	10852078	2
11818256	11818266	2
1888850	1888849	1
990993	992867	1
2756818	2731513	1
11598769	11598800	3
5825775	5823802	1
8100271	8100272	1
7992322	7992311	2
1177821	1177824	1
4292050	4292049	1
2663289	2663392	2
7864470	7864469	1
3915467	4706340	1
9145399	9145582	1
1561991	1561979	1
5471763	5471764	2
2257270	2571030	1
638179	638182	3
6997923	6997924	1
7652643	7654488	1
9279093	9279094	2
1795693	1795711	1
5043757	5043758	1
9329143	9329144	1
3952290	11865141	1
5085415	5095510	2
5830062	5700699	1
3030004	3030003	1
971183	971184	1
6788075	6780691	1
6722600	6722599	1
11705584	11704659	1
12780396	12785172	3
802271	802272	1
7221856	7221853	1
1399480	1399980	3
8148840	11276550	1
4170760	4170647	1
7794551	7794548	2
5508195	5506715	1
8694924	9026677	1
8969416	8969415	1
10100110	10098082	1
1399419	1399511	2
8969414	8969413	1
5259278	5259281	1
3834014	3834013	1
1087659	1087660	1
8348188	8382546	1
4557864	4667125	1
4779591	4779592	1
1675933	1675934	1
10442613	10750741	1
3259483	3320121	1
8398288	8398287	2
10255343	10255344	2
10972229	10972257	1
1880624	2036256	1
8456025	8456157	1
1052173	1052174	2
3133	9834598	2
2993889	2992764	1
2052324	2052338	1
1228119	1226847	2
1969810	1969809	1
11360287	11360266	1
7399837	7399845	1
6753242	6753260	1
3276013	3275085	1
7026539	7026552	1
9240045	9240046	1
10689033	1609012	1
7122515	7122516	1
1313703	1313804	1
10971196	10973517	1
1624282	1624271	1
11346098	11344834	1
9113029	9113300	1
1592288	1592287	1
6437390	6288147	1
3140904	3136853	2
4015600	4015702	1
2031730	2031729	1
4534132	4534131	1
10655099	10655103	1
5911092	5911219	1
9286199	9286160	3
10220790	10220849	1
7743930	7743929	1
11256758	11255610	1
2713820	2711051	2
11850161	6834998	2
1570176	3735439	1
6908193	6907583	1
8195898	8195897	2
10876314	10876269	1
3757341	3757293	1
2217659	2165679	2
2637999	2638000	1
5545292	5545291	2
6831935	6832357	3
7921751	8441776	1
10243194	10243261	1
2796634	2796788	1
12156219	12156222	1
7377865	7377754	1
10028559	10028560	1
10697935	10695108	1
8037014	4129377	1
11800495	11800491	3
7922516	7922026	1
7801575	7801576	1
9191837	9191838	2
3944533	3469677	1
12123405	12123392	3
10736267	1599540	1
7650009	7649207	2
2570377	2570417	1
2416971	2417297	1
2724831	2724832	3
7650689	7786150	1
11648530	11648545	1
1970054	1970053	1
4485583	4485617	1
368057	368836	1
2334326	2334323	3
3227711	3226690	2
3394377	3396083	1
3630341	3630338	1
5971127	5971145	1
8313541	8315867	3
10179707	10180263	1
11758779	11757570	1
5045813	5045827	1
11715143	11715689	1
5461168	5461167	2
7762673	7762674	1
6994636	6994555	1
4006805	4006806	2
12717780	12717779	1
3063648	3063653	1
8573906	8573905	1
9169161	9169481	1
2805632	2807203	1
5148034	5148031	1
6568018	6567920	1
11960173	11960123	1
10893058	10893072	1
11319244	11319264	1
1023310	1023299	1
8469491	8469492	1
11661088	11661115	3
8580084	8580135	1
179661	179654	3
42093	42094	1
1061274	1065693	1
10273954	10273967	1
9019790	9019789	1
6439336	6451192	1
12198354	12198353	2
10291516	10291528	1
3703423	3703424	1
7239400	7239399	1
8863367	5983393	1
499604	499634	1
7244782	7244756	1
10708346	10715962	1
6264605	6264613	1
5965213	5965535	2
6107872	6107871	2
12593731	12593722	1
7767512	7767511	1
1766588	1766709	2
2378295	2378296	1
7098653	7098654	1
7696096	7696490	4
5237113	5237037	1
12224421	12224422	1
11607527	12184975	2
10669005	10668974	1
5474219	5474235	1
7729882	7728855	2
12615681	12615682	1
3898298	3898297	1
274275	267856	1
3521712	3521365	2
6163571	6166050	1
5421508	5421507	2
4097867	1739669	1
3951836	3952153	1
5745662	10960182	1
9943594	9943593	1
8630042	8630715	1
666626	8896827	1
6285071	6285057	1
4060087	807665	1
11418329	11418279	1
6801613	6801164	1
12296007	12296008	1
12051474	12051471	1
815599	815753	1
3705614	3705613	1
8970635	8970766	1
10545811	10403402	1
12450242	12453033	1
12523485	12550304	2
6469852	6469524	1
1314016	1314141	1
6510622	6510621	1
10036001	10031136	1
8456034	8455512	1
9353413	9353414	1
9190243	9190402	1
1404271	1404134	1
7905975	7863047	1
10743306	10742752	1
11915972	11909634	1
5496122	5496119	1
6574467	6574454	1
2335611	2336184	1
9031899	9031902	2
3854375	3854376	2
11832062	11832061	1
2565075	2565076	2
7742885	7742890	1
12157599	12157600	2
2197372	2197403	1
7241014	7241006	1
4730202	4730156	1
9253536	9253505	1
7018649	7018650	2
417882	417881	1
1162526	1162525	1
11608553	11608554	2
10858402	10858399	1
7205788	7205863	1
4475061	4475062	1
6691551	6691552	1
5461034	6020199	1
1800422	1799721	1
10827389	10836177	1
9183715	9183716	5
272725	272728	1
3454022	3456341	1
2406914	2406911	1
202293	202597	1
11591589	11591590	1
7077384	7077337	2
5129969	5129970	1
2562802	2454037	1
10229081	10229082	1
8924182	6908138	1
7026392	7026457	1
8034813	5368486	1
12121115	12122615	1
7351278	7869211	2
9859888	9859815	1
11807465	11807466	1
11673831	7831712	1
5316093	5316095	1
5872272	5872271	1
1251583	1143764	2
11446903	11446894	3
5789918	1327503	1
1385342	1385276	1
1858350	1855584	1
6450037	429299	1
3788147	3788397	1
11210886	11210883	1
12756069	12756070	1
2038320	2038399	1
12051707	12152330	1
8218255	8215854	1
1695069	8021212	1
11238739	11239577	1
6549613	6549632	1
11855532	11855531	1
7235163	7235164	1
11488477	11488478	1
5127064	5127184	1
8640224	8640223	2
4827645	4828137	1
5624005	5635686	2
4859518	5653205	1
12772840	12771723	2
12531988	12529442	1
8220731	8220719	1
2035722	2149881	1
2877321	2877322	1
1874001	1874002	1
5129960	5129968	1
58049	58151	1
12290453	12290454	1
1323199	1323200	1
9110694	9110642	1
4828734	4828795	3
6736589	6736344	1
2986427	2756088	1
1270497	1270261	1
11551087	11551090	1
7285289	7282947	1
1962873	1962874	1
2564619	2580385	1
10337968	10335639	1
8535929	7368891	1
9069690	9065126	2
7046045	7046046	1
3922833	3922834	2
8897108	5577295	1
8702704	8752168	1
6348503	6348998	1
2596810	2595556	1
9291008	9290654	1
11345390	11344775	1
5701401	5701402	1
6212069	6212072	1
6027177	6027224	1
4004502	4004177	1
10779806	10779805	1
7766572	7766444	1
11144704	11144703	1
6465293	6465278	1
10713518	10713517	1
8780322	8780321	1
2315806	2315382	1
8653225	8851534	1
9832884	9832857	1
11379091	11378720	1
10874705	10874706	2
3976112	3974159	1
11773175	11773176	1
4041122	4041121	1
9893328	9893290	1
2310944	2310899	1
3098067	3098109	1
2665925	2666203	2
11159891	11159892	1
212451	9983663	1
6673574	6673571	1
11739398	11739397	2
6245484	6246179	2
10001917	10001821	1
11779683	6285766	1
11192032	11156226	1
5910241	5910242	2
12037690	12228689	1
1094614	1094611	1
11677401	11677402	2
799286	794129	3
7179447	7178832	2
5279193	5279697	2
12300067	12300451	1
4264365	4264379	1
6706496	6706528	1
4011151	3822833	1
7306756	7306755	1
7776274	7776304	1
2348326	2349011	2
1110035	1110036	1
4822244	4820983	1
560104	558850	1
11564655	11564521	1
7432910	6502434	1
5945222	5945301	1
1099333	1099315	1
4706235	4706236	2
2762240	2762122	1
3971762	3971917	1
2572409	2572410	1
50394	48421	1
2479062	2479061	1
11141549	5439674	1
7675634	7675620	2
8920447	8920358	1
8495789	8495780	1
7181047	7181067	1
7803509	10926970	5
10184359	10184360	1
7418251	7409467	1
4111040	586850	1
7135775	6834656	1
4528524	4486322	1
3545292	3529061	1
9441280	9441275	1
1349272	1349329	1
860047	542551	1
7338979	7336549	1
1048622	1049101	1
4879393	10999550	1
4582936	4582935	1
8350699	8350806	1
962123	962075	1
6519139	6519135	2
10535450	10539069	1
10241033	10241034	1
7925855	7925856	1
10114227	10114228	2
9050459	9050467	1
2256137	2256152	2
1150311	1150294	1
6792697	6792705	1
7257433	7354640	1
6395299	62407	1
7620786	7616351	1
2989675	2989676	1
1981372	1981368	1
1174068	1178528	1
450038	450158	1
449942	449529	1
4309651	4387058	1
2894654	2894653	1
7408895	7408896	1
5588658	5588655	1
10232756	10232753	1
9441282	9441275	1
1020175	1020176	1
7558833	7558834	1
9649605	9649428	1
7499446	7499445	1
2321566	2321565	1
1188773	1188784	4
3276137	3276138	1
1956029	1955997	1
1586859	1586860	1
9613106	9613019	1
7465986	7465985	1
5413590	5412962	1
3612559	3612567	1
4602982	4659959	1
1588505	1589142	2
160778	11080883	1
4483992	4493167	1
11060813	11060814	1
3855064	3855040	1
7742889	7742890	1
10022502	10022539	2
431138	638182	1
4444159	4444100	1
11070834	11072037	2
7416820	7416817	1
6062447	6066050	1
1874765	1906865	1
12243201	12243191	1
5962854	5962853	2
6578313	6578494	1
1019796	1019795	2
5965534	5965533	2
5047257	5274020	1
6512052	6513240	1
1381146	1234070	2
2237188	2249107	1
10114223	10114224	2
11416296	11416545	3
9107737	9107738	2
7179445	7179446	1
7077336	7077356	1
924239	916839	1
3270461	3270862	1
10428137	2862862	1
4060582	11846028	2
1245663	1245456	1
11660728	11660727	1
1431993	1425585	3
10604668	10603471	1
549307	549696	1
3424910	3424945	1
7179448	7178834	2
3913034	3912436	2
7561462	7561461	1
3723870	3726750	3
65025	71732	1
618701	618702	2
10195168	10195547	1
9632983	9632984	1
291734	291733	1
9061917	9061918	1
7001352	7001920	1
10333647	10333648	1
4715796	4715793	2
541924	541923	1
7218633	7218630	1
7905973	7905974	1
4250717	4250731	1
3200154	3200131	1
9168157	9108412	2
12758238	12758237	1
5897785	6165341	1
2897862	2897861	1
11369373	11369374	3
6170648	6170645	2
8067758	8067616	1
5753258	5753257	4
321726	321725	1
3749445	3749441	1
9965445	9965630	2
9235761	9235772	1
12172086	12172081	3
7207627	6871913	1
5442979	5442980	1
11315819	11268232	1
4583548	4583547	2
7769355	7769309	1
9688608	9688793	1
6141056	6141055	1
8459757	8456374	1
10827716	10827715	1
9790206	9789731	1
5318915	5331247	1
674156	655816	1
10090207	10090533	2
1338122	1338121	1
9153191	9055406	1
1910583	1910634	1
1233388	1233687	2
8305131	8305132	2
7968492	7705189	1
1766941	1767075	1
465511	465512	1
476369	478142	2
11802095	11824315	1
1607679	1607675	1
12376007	12369970	1
5632430	5631462	1
12377755	12368152	1
639757	639737	1
3499447	4520083	1
12598320	12598138	1
4006773	4006774	3
7543889	10261071	1
6651327	6651328	2
8387647	8387572	1
9084071	9084061	2
5349874	5350123	3
7335030	7335029	1
3606414	3606467	1
3299927	3299928	1
12722231	12722284	1
2887660	2887823	1
660087	660090	1
113031	113032	3
2711299	2713927	1
4942050	4942086	2
266479	266480	2
7134682	7120059	1
2261417	2261440	1
652395	652387	1
11419854	11419851	1
5200961	5200964	2
762221	762222	3
1794475	1795693	1
11903835	7094327	2
3659082	3640339	1
5837948	5834248	1
6601255	6599968	1
4344775	4344495	1
5457354	5457353	2
6067201	6066272	1
12776730	12776685	1
11391628	11391622	1
9228998	9229007	1
12499269	12499270	1
5522039	5516920	1
2055612	2055611	1
10458996	10459837	1
4153339	4153342	1
2099544	1599476	2
12348387	12348451	1
11517642	11547879	1
4398484	3791585	1
3673524	3688336	2
2149111	2149116	1
7266170	7266169	2
11177815	11177816	1
3969552	6216260	1
6010838	6010834	1
10575164	10575552	1
4852251	4852166	1
12558843	12558778	1
6463263	6463242	1
9897073	9897074	2
4218758	4220042	1
7097973	7097974	2
10823735	10823718	2
10084409	10083374	1
4019975	4019982	1
10358042	10358015	1
10159823	10159824	1
9125283	9126073	1
7190444	7190443	1
6315278	8850327	1
1228145	1199511	1
11088389	11088390	2
12509025	12509040	1
11371341	11371290	1
11645073	11645078	1
10277546	10277428	1
776259	776260	1
4601776	4601806	1
11416298	11416297	3
6348202	6331273	1
1414784	1414520	1
11832129	11832166	1
5632614	5632613	2
2473547	2470666	1
11318447	11318230	1
3903201	3903202	1
11453236	11453238	1
5305451	5303692	1
187682	187542	1
1875421	1875422	1
2174613	11988916	1
2756065	2756066	1
8510827	8510828	2
7811761	7811755	1
6069774	6069773	1
7458485	7776256	1
8495782	8495781	2
6109247	6109236	1
4689709	4689722	3
11418719	11418727	3
4255928	4255927	1
3626273	3626276	2
7365040	7365120	2
4640937	4640938	2
7734191	7734201	1
1858986	1858985	1
979261	1145548	2
8228756	3358549	1
7817934	7818010	3
1849547	1849527	1
5324538	5324541	1
3819410	3820025	1
8002557	7224896	1
8414318	8414253	1
11455176	11455179	1
7340375	7341276	1
4631733	4434252	1
2262283	2262284	1
10825489	10825490	1
9752668	9765020	1
8783014	8782958	1
3852497	3852419	1
6915664	6915719	1
3231027	8902727	1
5192119	5192120	1
2125447	2125500	1
7326265	7326309	2
8342907	8343919	1
895123	895113	1
3125839	3125963	1
7668339	7668352	2
7776904	7776903	1
1542057	1542058	2
9007836	7896085	1
3301094	3301101	1
2600687	2600690	1
10674488	1581295	2
3933360	3937252	1
10663803	10660030	2
6935134	6935137	1
6102726	6102738	2
5149112	5149111	4
5419740	5419743	1
12663233	12665962	1
6202984	6202983	1
6357806	6357802	1
1914972	1914971	1
11931666	11931665	1
9878067	9878068	3
2171511	2171628	1
10159490	10157984	1
5101390	5102594	1
2983011	2983012	1
8430474	8430435	1
11474917	11474918	2
9644679	9644675	1
3950601	3950604	1
10529633	10532040	1
11913237	11913233	1
9624394	9624393	3
12265952	12265949	2
6469653	6469660	1
8783643	8783644	2
11377275	11377276	2
6784864	6785911	1
9528676	9528673	1
5279696	5279695	1
799286	794127	1
5289371	5289377	2
10571908	10571969	1
3940309	3940339	1
761138	761137	3
1381363	1381364	1
5228781	5228782	1
4041241	4041187	1
7655320	7655319	1
5285705	5286639	1
7139821	7139828	1
9013671	9013689	1
3084036	3084195	3
8437244	8437243	1
11387507	11381813	1
11649712	11649982	1
4490906	4487512	1
353574	350920	2
11165857	11165842	1
3125987	3125988	2
9371445	9371446	1
3105622	3105619	1
2453142	2453155	1
9593657	9602352	1
9939434	9939433	1
7110875	7110889	1
7352214	7352213	1
2436503	2577407	1
1132540	1132185	1
10309903	10309904	2
7013293	7013296	1
476693	476696	1
12742293	12742294	1
3655499	3655283	1
3988342	3988310	2
4484444	4482684	2
261455	261497	1
6902367	6902368	1
9930	9925	1
348753	348754	1
11365083	11370024	1
3019483	3015959	1
3247423	3247009	1
5002414	5002413	1
108078	108087	1
8978675	8982040	1
7656200	7656199	1
666363	666366	1
6377647	6377648	1
2328161	2328162	4
4356931	4356932	1
8231028	8230866	2
8675831	8675832	1
4986890	5264832	1
942632	942617	1
5922847	5922848	1
625854	623136	1
1838332	1838378	1
5898504	5898005	1
9139464	9139411	1
10296318	3979080	3
2384465	2384466	1
3233047	3233048	2
10922446	10922445	1
10232753	10233026	1
571485	861619	1
10342473	10342275	2
11773553	2094319	1
9075076	9075075	1
7226140	7226142	2
6812867	102565	1
493418	496778	1
8187305	8187264	1
7110526	7110438	1
920915	920918	1
5248406	5248405	1
6721896	6721907	1
2254984	2254987	1
3790863	3791285	1
8023624	8023627	1
11614013	11614522	1
12466303	3297954	1
8846786	8846805	1
2386966	9656463	2
9170815	9170823	1
6470004	6469750	1
3728834	1511896	2
5823803	5823804	1
2443861	2443825	1
1290695	11780340	1
7239110	7239109	1
7277750	7278143	1
10654026	10654047	1
10928183	10928184	1
9231824	9231823	1
5262430	5262429	1
6739933	6740416	1
6060668	6060667	1
1724855	1724810	1
10605138	10605137	2
10320558	10320566	1
5872270	5872267	1
5570516	5570513	2
6978155	6978151	1
3899751	9285611	1
11099630	11099555	1
12764803	12764804	1
2479185	2485333	1
4308346	4308343	1
9144955	9144956	2
4935774	5080207	1
1669171	1669179	2
8703802	8703801	1
5588326	5479665	2
9624124	9624382	1
9921149	9920809	1
9696867	9696868	3
1482545	1482546	2
1443621	1443355	1
4866596	4865445	1
9906195	9906189	1
5837142	5837141	1
191076	191037	1
3680848	3681100	1
6961413	6961414	2
5570391	5570392	2
12435781	12394803	1
6936074	6936073	1
1822793	1822518	2
9501156	9501126	3
7611726	6378802	2
6534726	6534434	1
10838833	10838834	3
805333	805401	1
10446823	10446583	1
2987623	2991913	1
8268068	8264446	1
11417498	11417598	1
10424065	2199053	1
6410600	6412474	1
2805377	2805368	4
988685	989604	1
1142029	1142030	1
557217	557168	1
5376136	5376016	1
238799	238847	1
570785	570751	1
7218817	7112868	1
12305358	12323717	1
1289542	1289530	1
3579124	3579121	1
9244371	9244372	1
3517023	3517040	1
7999547	7999550	1
826743	826745	1
4539773	4539704	1
6886503	6886506	1
7046207	7068295	1
6499963	6499652	1
4422494	4422491	1
5563811	5554416	2
4676181	4676182	1
10423903	10423871	1
5674349	5674368	1
10249968	10285588	1
3918818	3917026	1
555739	555740	1
7626313	7626314	2
5233970	5233631	1
12293568	12378028	1
5358690	5358689	1
3999391	3999392	1
12618989	12618990	1
3741457	3741125	1
6945058	6974327	1
10647434	10647433	1
1955750	1955753	1
11294897	11295153	1
11487828	11487827	1
11521815	11521816	1
12454136	12437685	1
4571663	10515949	1
7396165	7396171	1
370593	7581802	2
6909719	6909720	1
11367658	11367663	1
8801461	8801506	1
8486406	8478429	1
8919376	8919375	2
6729905	6729908	2
1258923	1251090	1
674561	674426	1
8691273	8691320	1
5018015	5018016	1
9783224	9801355	1
6662284	6662279	1
8257166	8256847	1
7807144	7807384	1
368849	364585	1
9741673	9741674	1
8196697	8196695	1
7393258	7392941	1
6034289	6034290	1
9882487	9890555	1
10508681	10508812	2
7772782	7772781	1
427586	425939	1
7626316	7626315	1
2797452	2750954	1
4651484	4651483	1
499490	499489	2
3736090	3736089	1
5820962	5820911	1
3364053	3364054	1
2269496	2268951	1
2472249	2472250	1
1257689	1257701	1
2968482	2968675	1
3922835	3922836	1
5315697	5221365	1
8331189	8331988	1
7056115	7056137	1
2016832	2018839	1
4006816	4006815	1
9582321	9582118	1
704199	799139	1
8359164	8359161	3
10256596	10256454	1
11316269	11527830	1
694642	694632	1
1685257	1685838	1
8329802	8329801	1
9544939	2320282	1
10571970	10571969	2
4052741	4052744	1
3820717	3820718	2
6901267	6901231	2
8252945	8257888	1
11749039	11749081	1
11472062	11467242	2
9722083	9721834	1
4208557	4208543	2
11229957	11231197	1
1052173	1052225	1
1504964	1504967	1
8483551	8483554	1
8661638	8661585	1
9361735	10480050	1
363489	363343	1
10939955	10978433	1
12002856	12002855	1
1657411	1657414	2
12363391	12363375	1
8483547	8483548	2
5913171	6145099	2
8275385	8266159	1
5054696	5053181	1
755403	755443	2
1944667	1944661	2
5214940	5214939	2
10875733	10886032	1
12208767	12208770	1
11517840	11517821	1
2160792	2169296	1
7555094	7555093	2
11112721	11112690	1
10063051	10061134	1
8213136	8212504	1
3737329	3737201	1
1174070	1174069	1
12141547	12141548	1
1526415	1435574	1
965630	1072780	1
12796641	12796578	1
9117625	9117626	1
7334495	7334337	1
6681402	6681401	2
7837463	7837445	1
10939499	5633267	1
7870990	7870988	1
4147816	4145904	1
6795434	6794900	1
11169040	11169039	2
12167687	12283498	1
6236718	6225236	1
12380268	12382835	2
798531	798532	1
2150740	2149187	1
3938781	3938782	2
9335895	9334984	1
1692485	1692488	2
8392256	8392255	4
11053003	11051975	1
3097054	3096903	1
798934	798933	1
8221936	8221935	1
1851255	1850866	2
3218682	3218681	1
8722920	8722916	1
1521280	1521279	1
10456707	10456746	1
11318451	11318230	1
10872121	10872122	1
7446378	7446375	1
1956119	1956120	2
1197045	1197048	1
112902	112901	2
4568229	4571393	1
3132656	3132639	1
4983987	4983988	1
12612865	12612842	1
11020719	8948041	1
9634542	12125172	1
5127440	5128636	2
7581578	7581575	1
12555006	12555005	2
11674218	11674288	1
4562899	4562900	3
938970	938969	2
8281245	1823633	1
5432717	5432718	2
10030035	10030036	1
10926297	10926582	1
5058193	5058194	1
11147455	11146698	1
7541668	7541671	1
10624043	10629881	1
11433987	11404939	2
3703421	3703422	1
1969845	1969914	1
5195630	5190968	1
2407700	2411664	2
5054716	5054715	1
10496631	10496658	3
5483083	5202466	1
9538603	9538604	1
12429338	12429337	1
5461166	5342159	2
253058	211389	1
10477644	10478213	1
9169525	9169526	3
9669601	9669505	1
12247764	12247387	1
6717761	6717764	3
10530715	10579898	1
3330014	3330019	1
7543944	7701035	1
11763840	11763839	2
4611251	4612359	1
6568443	4400511	1
3117703	3117799	1
7969542	7971605	1
6738800	6738797	2
3470342	3478500	1
7839826	6366349	3
12652240	12651726	1
5076451	5076452	1
2923038	2923417	1
8608562	8609838	1
1161180	1161179	2
10493737	10493721	2
5471763	5471766	1
6687483	6690391	2
1681535	1684611	1
9419331	9419326	1
1217925	5722169	3
12774435	12774436	1
8257566	8257589	1
9970199	7473455	1
3389976	3274238	1
6521833	6521838	3
9197431	9188387	1
3124885	3124886	1
4309317	4309303	1
11527970	11522156	1
11122753	11130885	1
8196038	8195978	2
7446294	7446293	1
5614178	5614171	1
5605791	5605794	1
5425300	5425493	1
6055909	6055931	1
2251858	2251923	1
8844641	8844642	2
8871724	8871731	2
1238808	1293277	3
8255472	8255394	1
11518077	11521061	1
2638001	2639946	1
11721500	11730338	1
6558420	6558419	1
11565221	11565242	1
12232120	12232119	1
3783367	3783388	1
5563309	5563198	1
4386074	4387676	1
3564972	3565028	1
4666389	4558379	1
1122717	1122824	1
8256641	8256619	1
7795092	7754513	1
7702120	7702087	1
8646452	8646422	1
9861968	9861738	1
6469852	6469531	1
379447	379448	1
688760	682655	1
12044466	12044476	1
1309386	1308977	1
799681	799613	1
1778127	1778254	1
10840792	10840817	1
12776	13987	3
6585935	6586181	1
3059700	12054916	1
1822519	1822520	2
5416915	5416916	1
8195983	8195727	2
5066853	5066854	2
1670342	1670338	1
1677358	1677366	1
8663173	8661807	1
4640369	4636426	1
4311703	4311704	2
7508917	7494967	1
11444657	11443577	1
1233390	1233687	1
4322348	4322347	1
3621078	3621077	2
11733797	11739399	1
11690402	3614195	2
10246367	10253060	1
9838689	71650	1
8374476	8374669	1
11053329	11053651	1
1920388	1920387	1
8947153	8955181	1
9895310	9895328	1
6054346	6214047	3
3934048	8918949	1
9319861	9319682	2
11167898	11167884	1
4178250	4176255	1
10691769	10691770	1
10359940	10359939	2
11334007	11334008	3
3616695	3615777	1
12595160	12596137	1
6511560	6511559	1
2600246	2600245	1
2745424	2745243	1
2349809	2349735	1
10857395	10857396	1
2359694	2359691	2
1108326	1108318	1
9430860	9430845	1
7455759	7455760	2
1706856	1706846	1
1664420	1664453	1
12144539	12132216	1
258639	262939	1
4125112	4125049	1
5489916	5489913	1
7672360	7684898	1
1718197	1718198	1
5552539	5552542	1
11963810	11982460	1
11897974	11897973	2
9045370	9033092	2
1390025	1390026	1
2434189	2433667	1
5097011	5096586	2
9100771	9100758	1
1767893	1312585	1
6833496	6833495	1
1643808	1643668	1
7843965	2909760	1
2295936	2295921	1
10773882	10773874	1
3289847	3289848	1
5977624	12466303	1
8483549	8483550	1
4992755	6182341	1
4024150	4023091	1
4718044	4726991	1
2471383	9733913	1
935804	935840	1
881027	598731	1
14634	9879787	1
4010655	4010658	1
4827535	4827613	1
7818011	7818012	3
6495322	6495538	1
9514995	9514997	1
5288778	5288128	1
5721330	5721329	2
3018737	3018329	1
4422281	4422396	1
7497169	10261154	1
5586972	5586971	2
7748939	7800753	2
7322531	7322672	2
4185549	4185552	1
9134593	9134594	2
4686521	4686524	1
9373251	9373232	2
12365860	12366027	1
10780306	10780305	1
11675958	11675957	1
6394143	7594735	4
2192514	2192115	1
1416771	8676190	1
10474318	10662595	1
8892952	8892954	2
9593566	9593565	1
1104325	1092856	3
1287260	1286807	1
5042489	5042453	1
668768	668767	2
10888321	10888313	3
11680515	11680518	3
7322818	7322817	1
12749112	12749101	1
1541320	246834	1
2674487	2680433	1
5555292	9182371	2
7446441	7446419	1
10282053	10282054	1
938968	938967	2
4318303	4316067	1
11889940	11889943	1
11474771	11474916	2
8024683	8024631	1
7243261	7243262	1
10567892	10444190	1
4751865	4751866	1
7991666	7341590	1
9653998	9653997	1
7175474	7001987	1
1606170	1604934	3
4651398	4651397	1
11458051	11633496	1
2907764	2907691	1
1054940	1054983	1
12341533	12341534	1
2728266	2728227	1
9583750	8534050	1
11564427	11442464	1
4073294	4075037	1
5055174	5055173	1
4276096	4276138	3
4789246	3992369	1
5875524	5887207	1
9759488	9759661	2
11061413	11061185	1
2196210	2196207	1
4747267	4747268	1
7407274	7413731	1
7994694	7996568	2
6048365	6048366	2
7654167	9983649	1
3256466	3256465	1
7713703	7713686	2
6473764	6473776	3
4541042	4541036	1
7564517	7564518	6
3369490	3369494	1
1588660	1588721	1
842926	842925	2
799681	799611	1
9381336	9381324	1
3646021	3646022	1
6460092	6460250	1
832144	930210	4
1408732	1408760	1
8189100	8189121	1
7895045	7895108	2
10444475	10444476	1
6187138	6187573	3
3892207	3891911	1
11452688	11452687	1
7362519	7374938	1
54958	54129	1
12765663	3341604	1
9648358	9648355	2
10769358	10769357	1
9314214	9314445	1
12258099	12258108	1
4587112	4587024	1
12337507	12337879	1
490209	490692	1
11931997	11931998	3
6163175	6163304	1
11070048	11070080	1
8257588	8257587	1
1060502	1060501	1
7141735	7327300	1
1000240	1000239	2
3317064	3317063	1
823101	823104	1
9739138	9741001	1
5176357	9113514	2
6693940	6484701	1
9571951	9581077	2
3854771	3854786	1
12159536	12159535	2
995251	995520	2
2647939	2647940	1
1362389	1362390	1
5914843	5906511	1
11766813	11766828	1
6781956	6781955	1
2544608	2544611	1
2662108	2663037	1
6686822	6678304	1
3427049	3427052	1
5411910	5412026	1
4493585	4493541	3
5552507	5552508	1
8800997	8800968	1
11069530	10968457	1
11907150	11907149	2
6431322	6431321	1
8695955	8695250	2
1613538	1602906	1
2100074	2330230	1
2202342	2202104	1
6061974	6061973	1
5541532	5539238	1
7589789	7590722	1
7720762	7866520	1
10173637	6100277	2
9981997	218193	3
4511087	4511088	1
4337879	4337880	2
12262975	12262976	2
3367833	9320331	1
6030137	6030115	1
6969004	6927661	2
10069848	10069847	1
8809032	8809030	1
743763	9019248	1
5913717	5913734	1
7870485	7870482	1
413560	413581	1
10985993	10984121	1
6720709	6720710	2
11603584	8505056	1
12334113	12334385	1
229047	229048	1
997795	997796	1
7314257	7376530	1
11852886	11852599	1
10140723	10227023	2
4597475	4597476	1
295039	641135	1
1404399	1404346	1
7805896	7805843	2
3350521	3350522	1
5301009	5300974	1
9898162	9896751	1
761140	761139	6
9114482	9115410	1
1302723	1302678	1
2476505	2471453	1
10194452	10195398	1
6438857	6438858	1
10068736	9932318	1
8327957	8327958	1
441805	441806	1
1276432	1278521	2
1558866	1558691	1
6207966	6207984	1
9993113	9992424	1
8016108	8016186	1
1724918	1724776	1
4566186	4566168	1
6065952	6062435	1
585746	3917507	1
2392167	2394094	1
5675016	5672714	1
10106563	10106566	1
11725807	11725808	1
2627966	2626876	1
2752605	2999767	1
6981439	6985546	1
3597620	3597563	1
12419610	12419609	2
1332097	1330643	1
7684499	7684500	2
10228344	10228343	4
6338222	6338212	1
10121681	10121758	1
4352833	4352834	1
1733903	1326663	1
1444813	1444816	1
414593	414596	1
2164449	2164450	1
1486222	1486221	1
10485857	10485418	2
11429998	11429991	1
3236672	10619771	1
11673212	11673245	1
8714638	8713958	1
2932869	2726040	1
381934	379813	1
6780112	6780111	1
8483353	8483354	1
8491106	8491050	1
4509835	4509796	1
10255428	10253419	1
1150286	1147832	1
8867766	8867763	1
11594507	11582818	1
12378300	12379963	1
86063	78869	2
2012129	2010839	1
3733986	3735356	2
2187345	2182842	1
5369125	5370033	1
5165614	5365540	1
10539809	10405631	1
9113027	9113028	1
336655	336656	1
6367758	6367755	1
11857621	11857622	1
8010160	6311565	3
5165749	5155094	1
1989244	1989272	2
10233875	10233918	1
10966466	10967815	1
12606158	12606200	1
12450882	12450898	1
7802087	7749747	1
3626277	3626278	2
11550296	11550295	1
11387475	11387476	2
5949578	5948531	2
1675718	1675932	1
9329380	9329450	1
11401916	11401831	1
5356954	5357008	1
11519284	11519283	1
1765541	1765830	1
5388939	5388940	2
2359694	2359693	1
7641949	7642006	1
11591448	11525515	2
2845313	2844672	1
3567320	3644990	1
11669565	11669171	1
3477014	3477721	1
2471002	2470999	2
7015986	7015985	1
10434050	10428542	1
1930946	1931730	1
8425768	8425289	2
323511	323514	1
11291895	11291805	1
6564533	6564534	2
7886166	7886165	1
5952575	5952576	3
12002854	12002853	1
1837880	1837879	1
5214190	5212196	1
2433093	2577062	1
2218561	2218562	2
3272114	3268758	1
3785128	3793924	1
2063140	2063139	1
1509575	1509567	2
6774085	6194600	1
5398827	5404828	1
9008684	8990438	1
7814376	7814411	1
12364119	12364331	2
7750016	7750013	1
4520837	11442241	1
8888175	8888176	1
6024469	6024243	1
12326186	12326185	1
8631973	8631746	1
12240573	12240574	1
2484289	2484290	1
9709389	9709390	1
9962269	10051736	1
2466301	2466290	1
11403063	11403064	1
4150454	4150451	1
4208557	4208541	1
5370744	5371876	1
9150734	9147423	1
2610399	2610415	1
1356676	1356661	1
11698291	11698294	1
8596515	8596516	1
2484228	2484227	1
9493163	9493187	1
4005092	2448530	1
11355873	11355880	2
3892205	3892206	2
7533141	7650520	2
10134557	10134585	1
2402564	2402563	1
5168560	5234523	1
825356	824925	1
11380535	11380530	1
888107	888108	2
1511266	1516102	1
4307250	4307241	2
9771131	9771132	2
3596397	11751862	1
5075017	5325173	1
2799643	1088228	1
10488492	10488245	1
7733617	7733618	1
5910243	5910244	1
6361717	6361722	1
587247	588319	1
4138718	4138512	2
11721015	11721016	2
6521831	6521832	1
8238737	8238908	1
7182177	7182178	1
1649284	3573114	1
2053889	3469589	1
4507928	4517091	1
7659858	7659857	2
9159709	9159710	1
5374691	5374610	1
3258940	3258966	1
1937064	1937063	1
866114	866116	1
12424520	12424454	1
12293770	12293753	1
4217309	4217310	1
7133067	7133107	1
11181500	11181497	4
3091779	3049063	1
12482715	12560315	1
5099669	5099670	1
12143087	12143052	2
8385834	8385223	1
8765137	8765145	1
7357988	7356868	1
948941	949148	1
11287117	11278861	2
3351904	3351909	1
11906342	11906341	4
8072921	8072922	2
2982028	2964694	1
802699	802700	2
12287387	12287388	2
3626268	3894813	1
1378467	1381362	1
8626434	8626433	1
12017773	12017798	1
6820566	6820731	2
2594121	2594117	1
4585374	8230594	1
8415119	8415522	1
6114924	6114923	2
9476860	9477082	1
10278762	10278761	1
2314557	2314558	2
7230479	7230480	1
2229621	4112035	1
9743921	9746088	1
9013648	9014269	1
883583	883894	1
6200855	6200831	1
2269879	2269880	1
8859840	8861114	1
216839	216840	1
5277330	5277274	1
11316578	11524775	1
603699	603614	1
6041292	6042754	1
3777155	3777642	1
10827735	10827736	1
1925848	1913848	1
1583330	10671981	1
1004034	1004306	2
12138604	12231865	1
11884948	11884932	2
1055747	1055748	1
8379572	8379571	2
7171522	7171514	1
6738800	6738768	1
7579167	7650249	1
7863826	6739787	1
7205911	7205644	1
498607	498608	1
5444629	5444514	1
2853346	2853112	1
11056194	11056110	1
8318035	8235300	1
8841422	8842235	3
10490482	10490481	1
8548475	8548476	1
3732649	3732650	1
9886730	9886729	1
675143	675141	1
8677707	8683543	3
313187	370438	3
12618211	12618536	1
7344203	7343198	1
10924734	10924717	1
11573947	11573950	2
4712148	4712504	1
1274306	1272931	1
4086060	4086105	3
9626800	9626771	1
11820138	3741049	1
1615324	1648560	1
8355502	8355501	1
2850189	2850225	1
11351237	11351255	1
9525516	9525541	1
2018685	2018909	1
8751213	8751214	1
763461	763486	1
7168994	7168982	2
12405745	12405746	1
6342563	6342564	3
108249	108284	1
2840730	2840724	1
8372384	8372433	1
708811	708812	3
8423047	8423026	3
1088912	1088248	1
2246558	2245786	1
11758964	11758834	1
623508	623882	1
4003869	4006987	3
9684250	9684754	2
6499600	6499599	1
9949435	4176509	1
11043728	11044232	1
12137779	12137596	1
2771451	3020645	1
5094078	5094077	1
3987692	3987691	1
3603715	3603693	1
3706491	3706457	1
3546403	3546165	1
8922906	8922913	2
2763697	2763698	1
8109977	8109032	3
1940301	1940302	1
2099564	2099563	1
11281192	1866466	2
8972724	8972008	1
6534055	6533676	2
5612526	5612525	1
3972505	3972429	1
11944184	11944181	1
584871	584665	1
10717047	10717020	1
12748644	12748347	1
10319598	10319597	1
3369354	3369353	1
11784043	11777258	1
11786215	11786008	1
12451033	12452280	1
11605339	11605340	1
4252235	4252236	2
7919421	7919604	1
5014856	5014165	2
9843717	9843659	1
3116352	3104814	1
8747179	8751904	1
4711677	4711717	1
4809985	4817359	3
4491850	4595871	1
8057990	8047965	1
1921272	1921269	1
1588141	1588142	4
4955532	6482244	1
2962389	2962053	1
4002962	4002961	1
10343224	10343569	2
12420312	12420311	1
9155341	9155360	1
1246451	1246345	1
8729261	8729256	1
9547278	9547283	1
6643607	7741318	2
11502797	11503041	1
10417290	10417293	1
10482903	3997094	1
7580100	7581621	2
5803015	5803016	1
9109276	9109270	1
5911901	4167931	1
9526872	9526869	1
8007995	8008471	1
431140	638178	1
9356442	9356305	1
737472	737471	1
4225502	4223207	1
10400302	10400299	1
12401923	12500888	2
6675108	6675107	1
625094	619982	1
8080941	8081537	1
8286538	8286565	2
3494862	3494861	1
11607525	12184975	1
4783468	2637739	1
7377192	7377175	1
12645766	12645737	1
3388608	3388607	1
1043209	1043210	1
6368636	11662139	1
5046323	5047025	1
8169861	8169958	1
8444732	8444664	1
5699560	5698242	1
4040921	4041281	1
1142976	1143261	1
8387291	8129507	1
658256	658258	1
10065911	10066527	1
4321100	4321099	1
1356776	1356773	3
1629069	1629070	1
5798443	5798444	1
5972780	5971575	2
1701438	1701378	1
10944372	10944371	6
11699870	12412309	1
11883908	1434320	1
12149821	12149822	1
7235960	7235959	1
11394161	11394816	1
8302358	8302357	1
296252	296251	1
397787	6577466	2
6775065	6775051	2
278439	275358	1
12459383	12454548	1
6494672	6494643	1
2850374	2850618	1
11912941	11912880	2
8556630	8551510	2
2931364	2930869	1
6674171	6672874	1
5665686	5665779	1
710436	465478	1
754836	754858	1
10621383	10623133	1
908164	908527	1
7167260	7167259	1
10486197	10484438	2
12045192	11423678	1
4688868	4709228	1
1164010	1164009	2
3226659	3226660	1
11417856	11416623	1
7809294	7809293	2
7999466	7999465	1
5907464	6173865	1
4212253	4225179	4
8421505	8421508	1
10971059	10971060	2
3152688	3152687	1
4030460	12414771	1
10742235	10742236	1
7399381	7399382	1
1536254	1535159	2
6699149	6699251	2
9830568	9830567	1
1239613	1291301	1
8261688	8261691	2
8168812	8108916	2
6070055	6069458	1
12341040	12340894	1
3969636	3969635	1
8025133	8025152	2
12427704	12427702	1
7238579	7245375	1
11368622	11368621	2
10352479	10351758	1
11989413	11989442	1
10401452	10444316	1
1449459	1449460	1
3032820	3032819	3
9107968	9107965	1
7794046	7793882	1
558256	558255	1
3922461	3922462	1
8757847	8757848	1
4234381	4232368	1
683179	683177	1
7520798	7520797	1
2703898	2698894	3
2971500	3157662	1
6703011	6803389	1
1379155	1379593	1
4620819	4620989	1
3286813	7929903	2
1975666	1975665	1
3299053	9493054	3
9741526	9627028	1
6024052	6092343	1
2451403	2451552	1
5272674	5272669	1
3558523	3558524	2
1412213	1412214	2
4092061	4092062	1
7345137	7345298	1
2206618	2206617	1
4336040	4336051	1
7540245	7653339	2
11719566	11719746	1
2831061	2831062	2
254004	254003	1
1125608	1125429	1
1316992	1310594	1
5348113	5487464	1
9632949	9632950	1
6805371	1835472	1
10668935	10668936	2
3417174	3440609	1
12660280	12660413	2
5160839	5160826	2
7112757	7112112	2
2464690	2464689	3
7610678	7610693	1
2084759	2084715	1
7564519	7564520	1
10106879	6028153	1
11342233	11342325	1
3996867	3996868	2
8160788	8160785	2
3645717	3645718	1
1246701	1246640	1
9464576	9464575	1
10811652	10811649	1
10788320	5812646	1
10727521	10727540	1
1087661	1087664	1
8609897	8609898	1
2905235	2905353	1
9363282	9363281	2
4784911	4784627	1
6525010	6525007	2
11260698	11260697	1
11665894	4015923	1
1337164	1337171	1
9371441	9371446	2
6108993	6108969	1
7481139	7488111	1
11403405	11403301	1
12444997	12445083	1
821248	933909	2
6975363	6975364	1
3816953	3816956	1
5669484	5669483	1
3458554	10552981	1
4050269	4048381	1
4059466	4059465	1
2703900	2703899	3
4107357	2016238	1
7750014	7750013	1
6868416	6868453	1
1874733	1874741	1
3363524	3363523	2
8402377	8402378	1
4590757	4590758	1
564599	553480	1
9067057	9067058	1
11852360	11852241	4
3956023	3956024	2
7460511	7548137	2
12769947	12769948	1
4133166	4135302	1
5668783	5668487	1
9721268	9721495	1
8344936	8344935	2
1118789	1119118	1
1283992	1283991	1
8196038	8195980	1
8700374	8703015	1
6257354	6257256	1
2664882	2664806	1
12774115	12774116	1
10452757	10452762	1
5494019	5494020	1
11285246	11285283	1
2386353	2386354	2
7016185	7015987	1
2828220	2827990	1
12686328	12686540	1
9104643	9049667	1
10691881	10691765	1
6450812	6450817	1
7610692	7610691	1
3519659	3517041	1
12175571	12175572	1
12315447	12315448	1
9700316	9697757	1
3282979	3283213	2
4498072	4499143	1
10280368	10280363	1
8401089	8510264	2
9288698	4103582	1
11593228	9539510	1
9088654	9088485	1
32044	32043	2
11335519	11325349	1
7427601	7427602	1
6031982	6031981	1
11788511	6286531	1
5598209	5598212	2
4710576	4710575	1
10863135	10863300	1
6799545	6799546	1
599251	811795	1
3087033	3390883	1
4407820	4407819	1
8184313	8184314	3
6744920	6744919	1
5782295	5782296	1
9848582	9853681	1
6526502	8775153	1
2859932	3612594	1
3785548	3785536	2
10550640	10550639	1
3137079	3971996	1
7095501	7095510	1
11751019	11749095	2
3947296	3947318	1
707621	819993	1
4066177	4066220	1
4021998	4039106	1
10978150	10796247	2
12511602	12513721	1
1254380	1254379	1
11874484	11873470	2
2577778	2577557	2
3713920	3659020	1
9908589	9908590	1
12747618	12680203	1
9305644	9305643	1
111487	103044	1
12668636	12668557	1
9578447	9576327	2
12371572	12371892	1
10415873	7384337	1
1962596	1968714	1
9943694	9943693	2
9240047	9240012	1
9497999	9496624	3
12239273	12238781	1
4373426	4373876	1
792997	793006	1
2626906	2627672	1
6082156	6082137	1
4035539	4035573	1
6358752	6360593	2
7884299	7888835	1
1692482	1692481	4
1896867	1896873	1
10513481	4441632	1
6980498	6980493	1
10811648	10811651	1
765303	763590	1
3832376	291735	1
12232096	12232218	1
1685335	1676881	1
1278962	1278685	1
593645	593646	1
4706237	4706240	1
4958479	4958453	1
10880241	10880503	1
11562968	11508635	2
3271672	3271711	1
6856588	6855798	3
10804142	10804640	1
1481332	1481331	1
8229619	8229620	1
5462410	6085224	1
8773869	8831760	2
1048774	1048845	1
6866506	6866434	1
12362394	12616259	1
10490499	10490483	1
4124737	4124738	1
1705906	1705905	1
1830150	5527798	1
10084795	10084791	1
10232540	10232978	1
6361721	6361722	1
6296201	6296202	3
6331993	6332214	1
10425404	10425403	2
4070978	3990015	2
10336502	10336501	1
6950071	6950072	1
4136599	4136600	1
5429353	5429195	1
1674529	1679725	1
10281801	10281668	1
3042360	3042359	1
762559	469718	1
6679412	6679411	1
4067867	4067868	1
7013292	1837881	1
10433379	10436937	1
1123784	1123783	2
7978490	7989631	1
6643936	6643933	1
10899781	10899003	1
9523258	9782510	1
10414949	10517426	1
5490743	5490728	1
2455073	2455074	1
12031678	12031677	1
10277962	10277626	2
9648373	9648359	1
6223603	6352458	1
9320879	9320880	1
5374788	5374833	2
3601480	3601800	2
8675833	8878121	1
9864960	9911829	2
4736517	4736537	3
4986892	5264832	1
5812948	5935924	1
10087419	10087324	1
8738226	8738225	1
90101	89760	1
5254891	5254892	1
2256135	2256136	2
7158559	7158487	1
5549954	5550045	1
9333286	9333275	3
11668279	11668252	3
10046237	10047154	1
6023340	6022515	1
2162459	2162460	1
2533189	2533190	1
7781776	10779322	1
1846110	1846109	1
8836628	8836617	1
8583119	12613850	1
6086390	6086393	1
10793623	10793619	1
10692863	10692864	1
11740527	11742889	1
11186365	11189090	2
3271920	879421	1
10341336	10340458	1
5650177	5650174	1
12791494	12791493	1
6675110	6675107	1
12515736	12515739	1
62358	62399	1
9791661	9791751	2
284301	284302	1
9048211	9048127	1
2557450	2554520	3
371633	7581727	1
4799546	4648313	1
10484378	10559463	2
7618253	7618266	1
7465747	7465750	1
2644188	3022682	1
12657894	12563985	1
10188634	10188614	1
8647210	8647209	1
6040831	5957071	1
1718981	1718946	1
10445120	10445119	1
8517520	8517519	2
1319164	1315474	1
3102179	3102140	1
513476	513475	2
10054713	4161341	1
2151247	2151235	1
1346934	1353154	3
6285593	6285886	3
8527158	8527081	1
1239040	1239125	1
12433378	12375488	1
2755330	2755317	1
3566121	3566122	3
10180637	10185323	2
12260424	12260386	1
12505003	12504890	1
6112644	6112673	1
1022807	1022819	1
11073407	11073408	1
4015279	4015280	1
5003381	5003382	4
2643612	2643611	1
5595236	5595235	2
5714181	5714182	1
9130130	9130129	1
11239531	11239516	1
1542398	1542397	1
276841	276726	1
9529956	9527079	1
2355349	2354148	1
3692768	3692778	1
8842234	8842233	2
11265561	11265848	1
12437903	12506261	1
9837723	10120793	1
806517	809774	1
9001181	9001182	1
6441994	6440302	1
1663599	1640531	1
130529	130530	1
8690385	8690373	1
2504919	2504889	1
5621675	5622117	1
6789808	6762230	1
7292038	7292033	1
3979858	3980850	1
822262	816427	1
7701022	7700955	1
9514541	9514508	1
3983239	3982626	1
10210985	10210986	1
636369	636360	1
5141450	5141688	1
9812116	9812113	1
9146230	9146225	1
1896815	1896866	1
5505131	5505132	2
6958146	6958097	1
6355981	6354619	1
938670	909873	2
7993417	7993993	2
1142914	1147231	1
3226671	3226672	1
3082924	3082923	1
2780192	3027478	1
9362381	9362388	1
9392742	9392739	1
8738224	8738221	1
11906278	11906645	1
11210957	11210958	1
686257	686258	1
8643712	8643711	1
12357947	12326348	1
935497	621408	1
322709	322710	2
5195292	5195503	1
5154643	5154599	1
5189447	5189452	1
1104401	1104395	1
9802841	9802868	4
7399469	10617351	1
5012608	5012607	1
3395780	3395779	2
2323175	2322484	1
10202528	10198897	1
5448090	5448089	2
1263224	1263211	1
10468356	10468017	3
8756275	8757494	1
10588861	7251402	1
7399383	7393999	1
8392082	8392028	1
9869831	9867247	1
4858274	4858284	1
1372816	1372801	1
4470797	4470798	1
8355499	8355505	1
2875292	2875300	1
8667157	8667106	1
9260310	9259991	1
7362657	7362660	1
9191833	9191836	2
9547988	9547987	1
10800350	10800155	1
3024111	3022273	1
11600704	11600886	2
336264	336276	1
8148506	8148505	1
5145815	5144431	1
5052982	5053094	2
7300680	7300661	2
8372861	8374157	1
12167523	12167567	1
6935149	7067926	1
1740881	1797538	3
11627068	11623312	1
10751976	10751975	1
10914310	10914298	1
1667741	1667742	1
2526706	2537332	1
8045610	3970979	1
8534088	6649459	1
9314376	9314373	1
6991968	6992048	1
7720336	7720333	1
4281801	4283409	2
1621012	1638455	1
7136834	8021212	2
2884773	2884754	1
5577363	5577364	1
4157172	4157171	3
4479773	4479860	1
6640620	6640619	2
7939714	7939711	1
7344636	7344635	1
1075638	1075637	1
9741913	9741918	1
627415	627416	1
9326324	9326232	1
5756443	5756641	1
5213695	5213696	1
3236265	3236266	1
5464487	1589456	1
11174797	11165310	2
11882925	11882926	2
12023532	12024625	2
10333649	10333635	1
8884924	8884938	3
764603	764279	1
4190184	476386	1
3168572	3168571	1
5732209	5732182	1
7792777	7794296	1
3537633	3593938	1
7853707	7853708	1
2498846	2498840	4
5741411	5741412	1
8846798	8846797	1
10076002	6216057	1
9896413	9896415	1
2848605	2848823	1
4665387	4665388	1
11779465	11779466	1
3217197	3217201	2
4562901	4565409	2
4802597	4802517	3
3197860	3197859	2
3186341	3186346	1
227676	227675	1
6016234	6016250	1
6961411	6961412	2
1553574	3763226	1
11020721	8948041	1
8237218	8236387	1
12342495	12342496	2
8148504	8148798	1
11177034	11177077	1
5267149	5267136	2
2853575	2853576	1
303503	10472439	1
12515738	12515737	1
6471684	6471671	1
4940861	4940853	1
7466687	7466688	1
4369109	4369110	1
2385987	2385988	1
1307677	1307735	1
12297490	12236779	1
8955091	8955092	2
2197639	2197640	2
1524092	1498107	1
908234	908178	1
2947725	2947726	1
1577812	3756077	2
9098151	9098180	1
599929	599887	1
2339726	2339725	1
6999790	7009650	1
9637641	12188399	1
11731484	11731481	1
3725283	8078586	1
7807194	7960859	1
1958262	1958261	2
7615977	7615980	1
10274283	10274144	1
12490693	12505984	1
7733291	7932865	1
6811367	6811338	1
6519139	6519136	1
5092186	5092290	1
8470374	1736969	1
185325	185326	1
3425013	3425142	2
7400308	7396465	1
7751057	7750010	2
8756800	8756782	1
9570974	9570989	3
9548408	9548405	1
8685051	6614169	1
12659892	12659917	1
10260027	10260028	2
12518980	12518945	1
3810537	3810544	2
311136	311161	1
9743284	9335906	1
1239273	1239274	1
4288935	4281049	1
5550502	5549540	1
8735573	8735574	1
9807139	9807140	1
7989840	7341886	1
2868888	2868914	1
303175	310662	2
8359160	8359159	2
7300762	7300761	1
6531871	6531656	1
7265022	7264338	1
7843033	7839689	1
2782936	2771916	1
1304886	1304904	1
6275150	6275149	3
10772226	10770031	1
3388625	3388596	1
3912229	3912230	1
6190771	10285882	1
2524836	2523864	1
4290911	4290804	1
192520	192567	1
9818941	9818953	1
2979243	2979245	1
102797	102714	1
2378281	2378286	3
6069230	6069484	1
4797490	2437212	1
3650768	3651771	1
1089550	1089523	4
6256560	6253537	1
12680508	12687294	1
4553327	4553328	1
11958210	11958209	1
3698298	3698297	3
11566115	11366180	1
10370855	10371046	1
4770507	4770536	1
4391038	4388895	1
7122754	7124588	1
7872917	7719813	1
9551366	9760132	1
10713516	10713856	1
5551707	5551708	1
6227462	6227461	2
4030644	4030590	1
86696	10113807	1
8737266	8737263	1
8495787	8495788	1
1285075	1285301	1
1764437	5595132	1
3940476	3940513	2
7970535	7970536	2
3164102	3164101	1
6349157	6351681	1
10706497	10697808	1
3770439	3770442	1
7854102	7854101	1
7292331	7293291	1
2281663	2281681	1
5963601	5963581	1
5096419	5096420	2
7933317	7933349	1
1575683	1575703	1
1581160	1580267	1
8195981	8195982	2
8444734	8444733	2
4913270	6432855	1
7050333	7048362	1
1110824	1110732	2
1790424	1790423	2
1857606	1854441	1
11733797	11733798	2
1917525	1918573	1
6359469	6359499	1
11266069	11266070	1
5526217	5526229	1
11631382	11631389	1
8886375	8886387	2
894451	894455	1
12041261	12040688	3
11738126	11733069	1
8067100	8067166	1
5732736	5733150	2
4471912	4471911	1
7408897	7407103	1
4302516	4297033	1
10142819	10142738	1
11868731	11869533	1
9182370	9182369	2
7615605	7613478	1
1119942	1119941	1
9533878	9531226	1
12243199	12243191	1
5828962	5828959	1
2378279	2378280	2
5581711	5581712	1
1057677	1057678	1
4531806	4531805	3
10881977	10881978	1
9571756	9571948	2
10880990	10880871	1
8044883	8044884	1
11600360	11600359	3
2995285	2989155	1
3892161	3892090	1
10399572	10399686	1
3782	3364	1
9831621	9831607	1
6415292	6414898	1
7375837	7360228	1
7569224	7569009	1
4246418	4246417	1
10894435	10894436	1
5577361	5577362	1
3145831	3143896	1
9133350	3862791	1
2776045	2776046	1
8397055	8397056	1
1732293	1730480	1
1514659	8080113	1
7686935	7686936	2
12535627	12533511	1
9530941	9530942	1
576110	576113	1
8927419	8927428	1
12622831	12622832	1
8474803	8475161	1
10341746	10341745	1
9916643	9926685	1
9416284	3393797	1
7376215	7995791	1
653280	653195	1
12152975	12152976	1
4299953	4137958	1
10797221	10808738	1
6856128	6856945	1
5216962	5216961	1
6725626	6725629	1
1858799	1858800	2
1098623	1098938	1
9758633	9764804	3
4174820	4174680	1
7638879	7643571	1
11631519	11631524	1
3015002	3015001	1
4862197	4862198	1
3267641	3267607	1
11475313	11475203	1
10344108	10344107	1
8510534	8510576	1
6611437	6611438	1
7742348	7740895	1
6263349	6263352	1
4866894	4866805	1
9820948	9822502	2
12530935	12531140	1
11471589	11471590	4
5471765	5471766	1
11977473	11977474	1
5871658	5871739	1
6242888	6242891	2
3227207	3227008	1
3133514	3133513	1
9161341	9161384	2
6390471	6390511	1
1604081	1604087	1
11547998	11547996	1
11431828	11433321	1
931894	931098	1
11774717	11772373	1
8155293	8156081	1
7966912	7966896	1
11326392	11327535	1
476699	476700	2
10111377	10111378	1
3526939	3526918	1
2637999	2639946	1
2763693	2763696	1
10027858	10026628	3
2103625	2103626	1
8012453	4677235	1
8384022	8383678	1
12484633	12476791	2
3593519	1345077	1
6064501	6065047	3
9501739	9501740	1
7066157	7066160	1
1930948	1930947	1
11943131	7113562	1
10311843	10311856	1
7383221	7383222	1
9663231	9663232	1
6108845	6108765	1
4175564	4175563	1
9107416	9107107	1
4747196	4747145	1
2536694	2536655	2
9144957	9144958	2
3412531	3404741	1
3897143	4363723	1
7695547	7692114	1
1493699	1493700	1
8607907	8607908	2
3557717	3557569	1
7860167	7860183	1
10985344	10983050	1
10701131	10695787	1
2588724	2588721	1
11849466	3755767	1
1105754	1263688	1
1604126	1604125	1
12533057	12533058	2
3272106	3272091	1
2876015	2870566	1
10148661	10148662	2
6316101	6316102	1
5157358	5024384	1
186192	186191	1
3326530	3336782	1
5442205	5442206	1
12404981	12404982	1
5048112	5048109	1
7612839	7612842	1
2681157	2681158	1
9500284	9500310	1
8023626	8023625	1
3417819	3588073	1
5665686	5665777	2
10360876	10360873	3
1683620	1683555	1
3797348	3773952	1
11598446	11639248	1
1616362	1618990	1
10231724	10232293	3
2740219	2740220	1
2578811	2578821	1
5918860	5918857	1
2491282	2583844	1
1390027	1390028	1
1104949	1104969	1
8466904	8466903	1
9649566	9649565	1
4295874	4295884	1
8510829	8510830	1
10764265	10762424	1
2816946	2850764	1
7599687	7599688	1
10333570	10334328	1
889723	799482	1
1638017	1638401	1
18040	18110	1
9918770	9918765	1
11928176	11928175	1
4940584	4940405	2
4650846	4797412	1
10295652	10295651	1
5018416	5018420	2
5551476	5551473	2
6755115	320843	1
2825490	2825525	2
5424780	5424779	1
7613948	7613947	2
11341766	7446260	1
8630836	8630747	1
6572975	6572976	1
8609919	8609923	1
8181726	8181369	1
7848767	7848768	1
9696869	9662398	1
603299	603256	1
2396147	2312361	1
6885294	6885562	2
9464630	9479432	1
693122	693044	1
4002892	4002572	1
9485203	9483787	3
1087655	1087656	1
8366889	8243208	1
4785025	4785926	4
2680961	2680955	1
5074578	5069457	1
11602246	11602245	1
10360642	10360491	2
10905566	10903185	2
5766424	5766419	1
10193198	10300732	1
2884769	2884770	1
10740110	10735947	1
6981439	6985548	1
1704979	1705075	1
5700698	5700695	1
6029730	10990486	4
10798114	10804232	1
8217781	8218033	3
9130565	9130566	2
9371130	11474902	1
5582090	7954744	1
6457226	6456789	1
8006857	8006858	1
10172776	6016851	2
5553887	901915	1
7465282	7465275	1
1944710	1936064	1
3811934	7134768	1
10882342	10887164	1
1150186	1150153	1
2611942	2611310	1
10148663	10148664	2
1263223	1263356	1
5925399	5925402	1
10782016	10782015	1
9536947	9533214	1
11477517	11879903	1
5137460	5137443	3
6921325	6923446	1
7959148	7958869	1
10408770	10417326	1
8394200	8305879	1
6273655	6273656	1
3863602	3863601	1
12226907	12226908	1
12431490	12431497	1
12123393	12039699	3
292581	177669	1
4560160	6839308	1
5149114	5149111	1
2060496	2060493	1
2415170	2415169	1
6975731	6975727	1
12767472	12767471	3
11309532	11309542	1
7263443	7263444	3
8392258	8392257	4
10763165	10762756	1
3954542	4043308	1
2780485	2782242	1
8880148	8879675	1
7088068	7088132	1
12137067	12137068	2
11496917	11496920	1
7999458	7999457	1
6312865	6312907	1
5061002	5060975	1
9600883	9600884	2
5209368	5099691	3
2484213	2484533	1
160845	160850	1
11185659	11185896	1
4721233	4721247	2
9710429	9710484	1
8777191	8728791	1
10379393	10379394	1
10231726	10231725	1
7025911	7025912	1
10135543	10135549	1
12184113	12182689	1
6528173	6528174	2
1110035	1109293	1
5444922	5444921	1
4060413	2818721	1
11534441	11532180	1
10042511	10042525	1
11270355	11270356	2
10749459	10749478	1
12487633	679717	1
10727414	10727408	1
6503789	6518272	1
6042135	5956596	3
7822622	7822621	1
6932135	6932336	1
10645188	10645187	1
4679537	4680339	1
3444961	3444962	1
11672737	11672035	1
8198207	8198208	1
8568027	8568028	1
8440659	6309850	1
8226256	8288270	1
8640228	8640227	1
6222996	6218178	1
10025350	10025425	1
4010660	4010659	2
3874117	3874118	1
11834456	7185052	1
5317806	5317809	1
6181096	6181116	1
7520720	7520717	1
1429992	1429991	2
8245604	8245607	1
7128942	7122916	1
2145674	2145671	1
419182	419181	2
11496919	11496920	1
9359960	9359930	1
847395	796535	1
2746013	2744511	1
5208277	5208281	1
4573281	4571388	1
9005850	9005849	1
11981765	11983922	1
12559968	12491187	1
508498	509183	1
6719417	6720394	1
2142657	2143071	1
11408656	11408658	1
11671098	11671008	2
10046217	9944479	1
4823253	4825677	1
11598765	11598768	2
673032	670446	1
4313096	4315353	1
9428386	9428330	2
9317090	9317089	2
1466104	1466103	1
5003383	5003399	2
9096694	9096727	1
9040772	9040771	2
9513563	9513564	1
5762252	5762282	1
6578182	6578711	2
6183778	6183773	1
12523485	12550306	1
12765099	12765087	1
6864849	6864850	2
7137097	7142663	1
4647311	4647312	2
12677175	12676648	1
4847114	9500853	2
2100694	2038379	3
10663738	3784115	1
10193837	10191215	2
1765446	887768	1
4199539	4200682	1
8196635	8195899	2
7951166	7951165	1
3032818	3032516	2
3075348	3075343	1
416588	416587	1
5433699	5432089	1
11694951	11694963	3
945559	945549	1
12243001	12284795	1
12621976	12621761	2
10979680	10979679	1
1994845	1992344	1
10542295	10542296	1
6925986	6916295	2
116621	116622	1
6582103	6582110	1
7455761	7455762	1
2894652	2894766	1
10546614	10546613	1
12317499	12317502	1
1613175	1613176	1
686257	686260	1
7230850	7230849	2
4845975	4845976	1
3777154	3777161	1
2902854	2904502	3
5372958	5364456	2
431140	431139	3
1746923	1747629	1
4105562	4105565	1
8464169	8464174	1
304508	291793	2
726329	726346	1
10204504	10204518	1
7859063	7853621	2
299228	296892	2
10261057	10261077	2
3887891	3887892	2
12732671	12732672	1
3869723	3869734	1
8846161	1997558	1
6392547	6392439	1
125650	125649	1
9898951	9901182	1
11900580	11900625	1
1233688	1233687	1
5597632	5597303	1
10488964	10478007	1
5545280	5545291	1
5047288	5275280	1
11760378	11760512	1
7983820	7983819	1
5354214	5353891	1
7187966	7187916	1
880163	880164	3
5782358	5782294	2
12815329	12814452	1
571213	571347	1
2897606	2897863	1
1506613	1458005	1
3857185	3857186	1
518620	483615	1
7018296	7018501	2
8698264	8695632	3
6534068	6534159	1
9696873	9662398	1
3863593	3863603	1
1410661	1410662	1
12250368	12249627	1
10555265	10555268	1
2161596	2161657	1
6374080	6374497	1
3800011	3800012	2
7868969	7868970	2
4545913	6121231	1
12121189	12121190	3
847555	847387	2
10723336	10723533	1
6778534	6778531	1
6427948	6427960	1
12599949	12599950	5
7647801	7647802	1
5456209	5449647	1
4674219	4563318	1
7564768	7564016	1
236401	225547	1
960411	960376	1
11994004	9461921	1
206737	206740	1
4117572	4121953	1
11261996	11261999	1
5683923	5691537	1
4520577	4520578	1
4020462	4020461	1
656149	655956	1
6062449	6066050	1
927346	927345	2
5663381	5663388	1
5554859	5554533	2
6360567	6320619	1
4651629	4651635	1
906908	906907	1
255310	597820	1
11911003	11914689	1
9947256	10036494	1
1502786	1511505	1
8780497	8780498	5
11469354	11468874	1
4747555	4835456	1
12454551	12454552	1
1586435	1586436	1
6613636	6613588	1
4139932	4140381	1
1278547	1268918	1
9174994	9174993	2
3852738	3853537	1
4044211	4044214	1
12447102	12447111	1
2809520	2805505	1
4455091	8305414	1
8757728	8757775	1
12275556	12276378	1
638009	426071	1
5927114	5927100	1
9744205	9744206	1
12654715	12656247	1
71733	71734	1
11916237	11916207	2
11129748	11129747	1
149925	150259	1
5059141	5059142	1
11722217	11722223	1
12227581	12227582	2
3305452	3307246	1
7916777	7916778	1
6038273	6038276	1
8378984	8378983	1
6833494	6833512	1
2580899	2580900	1
7770394	7771852	1
12204091	12203888	1
9084071	9084063	1
11429238	11426835	1
11655476	11483040	1
9682418	9682417	1
8005155	8005156	1
3980630	3980627	1
1350637	7941650	1
5020392	5020391	1
5986399	5986400	1
9652575	9649213	2
9976077	9976078	1
4015279	4015282	1
9545093	9545094	2
335244	335239	1
12781575	12781576	1
2334667	2334668	1
9947771	9947772	2
8758380	8758322	1
9045343	9045403	1
7787279	7786540	1
286155	286127	1
3094077	3054125	1
9139436	9139433	1
7747824	5444688	3
9113515	9113516	3
11589608	11589605	1
4009876	4010914	3
2177406	2177430	1
10435690	3124884	1
3640873	3659585	1
9860288	10043820	2
11849542	11849545	1
11797759	11797800	1
4504987	4505240	5
7355393	1834530	1
8008472	8008471	1
10152325	10152317	1
11147083	11205180	1
7446329	7446386	2
9146224	9146223	1
10978436	10978433	1
10322282	10322271	1
7809292	7809108	2
229049	327390	1
6082190	6082189	1
12371026	12371041	1
781300	781297	2
4879693	4879694	1
1964109	2145675	3
12496032	12496045	1
3902651	3902628	1
9132243	9132244	1
6987959	7002644	1
11016580	10812115	1
300286	298884	1
1239273	1239276	1
2498321	2498322	1
5267650	5267666	1
389861	389903	1
9012770	9012762	2
323511	323512	2
3469519	11202770	1
5357009	5357010	2
4068213	4068214	1
7615603	7613478	1
9350228	9350227	1
6929837	6929840	1
8153438	8153412	2
4006775	4006776	3
11423620	11423619	3
9831165	9831166	2
6606596	6606593	1
1724777	1724778	1
9130445	9130446	1
4146122	6801071	1
8377535	8377536	1
8391464	8391469	1
10512112	10512111	1
9874445	9874421	2
9849840	9847926	1
12778353	12778387	1
11720357	11720375	1
844265	844266	1
3569674	10549807	1
6348342	6355301	1
7929648	756700	2
3331985	3332949	1
12664848	12599181	1
3858147	3865177	2
5228349	5228352	1
863361	833506	1
5732801	5732802	1
10339457	10320986	1
10579605	10587216	1
3195929	3204308	3
6099971	10173162	1
10990173	10990175	1
8543806	8543805	2
8516561	8519870	1
12788825	12788826	1
7121809	7122021	1
4117321	4117348	1
2340071	2340072	1
12160892	12160846	1
5054185	5371026	1
5060964	4958827	1
11985828	2779927	1
166053	70743	1
7454336	7516579	1
1451864	1451841	1
10497353	10497312	1
8373207	8373208	1
10827719	10828302	1
420696	496848	1
8729472	8729469	1
10563091	10563092	1
752789	756177	1
865706	865703	3
8161235	8161240	1
10184273	10184221	1
4019822	4041863	1
8376777	8372389	1
12170099	12166781	1
11838504	3818622	1
10349581	10349582	1
5985357	10107557	1
10408447	10418424	1
10990487	10990488	3
10883528	10883525	2
562882	562801	2
7493336	7454353	3
12813752	12813749	1
1520052	1520049	1
10341744	10341751	1
1148099	1150297	1
5373487	8343919	1
1324632	1324631	1
11811944	11813176	1
11547946	11244551	2
6667121	6665536	1
704133	704137	1
10161356	10161355	1
2280094	2280146	1
12763232	12763231	3
8182571	8182572	1
892905	892906	1
12175569	12175570	2
4837803	4837804	1
806301	713082	2
1060295	1060422	2
10782014	10782013	1
4251203	4251204	1
5347374	5333866	1
6961415	6961216	2
4163380	4165398	1
9350857	9350858	1
4095810	4095798	2
9926091	8647320	1
12666845	12666902	1
12565602	12565536	1
3243801	3243839	1
10296324	10296319	1
7508752	7508553	1
9774397	9774338	1
4598267	4598268	1
12455743	12456090	1
3871964	3871963	2
12142743	12142734	1
3670429	3670318	1
11662012	11662011	2
1875226	2037217	1
8232492	8232491	1
4139924	4139921	1
3462054	3462053	2
3854377	3854305	2
6083731	6083670	1
7061808	7061728	1
3470079	3536094	1
8609899	8609900	1
11372995	11372996	2
4365211	4365212	1
6676023	6676028	2
4007681	4007682	1
4414623	4414624	1
11338122	11338515	1
5044672	5044671	2
4421519	4421520	2
778122	7781781	1
5018418	5018417	3
6237812	6237809	1
8791160	8791469	1
1897506	1897500	1
912524	912375	3
3048392	3045202	1
7847873	7849508	1
7626574	7626580	1
10353242	10353241	1
7135468	7151900	1
3462052	3460821	1
8323263	8323264	1
2358178	2368885	1
6755471	6551688	1
10718741	10718742	1
4524748	4524837	1
12013690	12013701	1
3397533	3397524	1
4990576	4991262	1
6008452	6008449	1
4683763	4684198	2
12343921	12343497	1
12125258	12125257	1
8089243	7198612	1
5986801	5987054	1
2317104	2317103	1
11138976	11138975	1
356793	356794	1
5076684	5076663	1
3772302	4037881	1
7595253	7595085	1
7962337	7962338	1
7895109	7895110	1
417311	416571	1
679940	679939	2
2078432	2088053	1
3080451	3080452	1
3059702	3059701	3
1780092	1780085	1
5768987	5836524	1
9649307	9650769	1
6914751	6914560	1
731083	731084	1
11012531	11012532	1
4042923	3957758	2
8023630	8023627	1
605762	605990	1
9808758	9806431	1
6769916	6769911	2
7218037	7207690	1
1679542	1747826	1
12783610	12783676	2
1621156	1621155	1
12241537	12240549	1
5855128	5855117	1
9554	9524	1
10283430	10283429	1
7687900	7688743	1
12010079	12010080	1
2575970	2599392	1
10282051	10282052	1
12634361	12634362	1
11932729	11929263	1
5983842	5983835	2
4003812	12413965	2
1118858	1118145	2
10271769	9973467	1
2154035	2154036	1
4545881	4545868	1
1100628	1095887	1
8027318	8006076	1
6526319	6525837	2
4276845	4276943	1
11615172	11615171	1
6948213	6948214	1
9421747	9421513	1
9432026	9432031	1
5744852	5744851	1
11538136	11538131	1
7931295	7931241	1
5579615	5579616	1
8781221	8780844	1
8513895	8513773	1
465603	11106989	1
7278205	7278220	2
7277360	7281897	1
1753342	1753416	1
6864805	6864848	2
5925328	5925410	1
10798402	10798401	1
11346102	11346099	1
451810	451813	1
7999547	7999548	1
10360872	10360871	3
1170511	1170467	1
9885285	10059810	3
6720707	6720708	2
6580390	6580713	1
4687098	4687097	1
11286165	11279003	1
6250321	6250291	3
1826988	1827575	1
869063	871545	4
11564654	11564656	1
702699	702700	1
8866527	8866840	1
12489638	12489634	1
11645073	11645080	1
7787279	7786538	1
7859061	7859062	2
601092	601091	1
3159793	3159794	2
1255597	1255576	1
6139335	6140110	1
10280366	10280363	1
1635527	1645277	1
11897278	11897977	1
5692422	5692314	1
2022723	2022724	1
12485176	12485224	1
7605657	7605658	1
7418322	7409737	2
5189244	9119775	1
7416816	7416821	1
7210784	7210670	1
7200492	7200495	1
5825082	5822260	1
5612223	5612224	2
11899040	11899063	1
804334	713168	1
11834137	11830371	1
11243221	11243237	1
6516130	6516129	2
4664430	4664432	1
2443822	2443825	1
1969812	1969809	2
2672669	2676882	1
11900415	11901949	1
5102821	5102822	2
1594367	1594357	1
3858118	3865188	2
10707680	10707660	1
3819368	3819372	1
1858801	1858805	2
1830886	1830980	1
995435	995499	1
5290330	5290329	2
5388941	5384346	1
10623526	705367	1
12023850	12023847	1
4817347	4818079	1
2010931	2008579	1
6367134	6266759	1
2226456	2226453	2
2197662	2197535	1
2932592	2933190	1
8568309	8290483	1
11391852	11393557	1
3476987	8825372	1
2453922	2515057	1
8316629	8316738	1
3241160	3241159	1
2182006	2188601	1
1612885	1612886	1
6321231	6321232	1
10334508	3642387	1
347855	347856	1
11794624	11793593	2
6024469	6024241	1
9936089	9936090	1
9943682	9943593	1
10605136	10605135	2
5013370	5011480	1
11719678	11719666	1
4200537	4197909	1
11805187	11805192	1
5365168	5365166	1
11824314	11824313	2
4869667	6454915	2
11777760	11777759	2
1679286	1744701	1
8181452	9291311	1
931151	623784	1
5648001	5647975	2
12326188	12326187	1
8642242	8642239	1
7554589	7552035	1
4593554	4593553	2
773529	773530	2
8641165	8641179	1
3411059	3411060	1
2276182	2276172	1
7777560	7777043	2
10480334	10480342	1
3077936	3071002	1
6341119	7837129	1
9583435	8535430	1
6759889	6759906	2
6723916	6723909	1
8462609	8462645	1
3474086	3474052	1
8254534	8254533	2
8927423	8927428	1
12807908	12807907	1
9668948	9668947	1
3134654	3134671	3
9689765	9689842	2
5372024	5371972	1
11484388	11484422	1
11588744	11589060	1
5421842	5421851	2
7167258	7167257	1
3241158	3241180	1
8214296	8214292	1
1445207	1445226	1
11908206	11907881	1
5288588	5288452	1
9807341	9807342	1
888402	888518	1
1938480	1938479	1
5384361	5384336	1
11677176	11677400	1
5010302	5010301	1
5075388	5348077	1
5449833	5449838	1
7749004	7749003	2
6413075	6413255	2
2611403	2613025	1
5061610	5071261	1
5936488	5935900	1
5658786	5635383	1
647297	647400	3
8029761	8030085	2
4006579	4006582	1
7097383	7097386	1
5741413	5741416	1
99461	99465	1
3251915	3250931	1
12657909	12552198	1
8161237	8161240	2
10888323	10888313	2
1355172	1355990	1
11005851	11005854	1
6214046	6214045	1
7853709	7853712	1
7897125	7898221	1
4052245	4708832	1
438284	658159	1
9691393	12336383	1
5773121	5773227	1
10854182	10852219	1
1116092	1116088	1
248365	248516	3
12648609	12574006	1
4438467	10456614	1
3009332	12139959	1
8411837	8411838	2
4286436	4286435	1
9286161	9286162	3
4306875	4306880	3
9026586	9025636	2
3412529	3412530	1
5322533	5322539	1
12308156	12308858	1
3864842	3865028	1
9992751	9992740	1
12140531	12139185	1
4837801	4837802	1
8406526	8406525	1
1899133	1899134	1
11857623	11858405	1
3030006	3030005	1
7323049	7323040	2
10391345	10391346	1
4009552	4079972	1
1003376	1003396	2
7863679	7863680	1
10713764	10713171	1
12404981	12404869	1
4538227	4538094	1
5879664	6050590	1
5501067	5501068	1
10477857	10479730	1
6564763	6564782	1
12295098	12295185	1
5019092	5020319	1
7595785	7595786	1
2471381	2471382	1
5995792	5995796	1
5570204	5571298	1
3814115	6941855	1
11999198	11999137	1
4794453	4436619	1
960408	960407	1
5490901	5490902	2
4831771	4831772	1
2867029	2952302	1
3543135	3543690	1
6456227	6456241	1
2949658	2949741	1
7829090	7828133	1
6893954	12698398	1
12482137	12482210	1
9327825	9327877	2
7948045	7948465	1
4437873	4383419	1
7156582	7156618	2
4834461	4834462	4
4588755	4588449	1
2505973	4684108	1
10668495	10668496	1
8344648	8344652	1
9967480	9967479	2
12312188	12312187	1
10636864	10644037	1
12038212	9628336	1
8842804	8842803	1
3947169	3947194	1
9762973	9762997	1
5563485	5554230	1
6100482	3278433	1
4990578	4990577	1
6095622	6095621	1
10221536	10221511	1
4227069	4227059	1
6348857	6348782	3
3028683	3028684	1
10854863	10854864	1
4590759	4590760	1
7311955	7311956	1
9658767	9658768	3
5753256	5753900	2
10403137	10545540	1
6781122	8407738	1
9841701	9841706	1
6035668	6035686	1
10279427	10279428	1
10640579	10641114	1
1395866	1092574	1
11215209	11216670	1
6975361	6975362	2
1834877	1835039	2
7625608	7625603	1
5977563	5977564	2
11413451	11412964	1
8756628	8756151	1
10108986	10087952	1
1313688	1313686	2
1360883	1362250	2
8342907	5373486	1
3469588	10395728	1
7661245	7661237	2
5632612	5632611	2
2843019	2833211	1
678377	678307	1
12491600	12480661	1
1793526	1793435	1
4477270	4367234	2
6277051	6281228	2
7082673	7082674	1
6626047	6628072	1
2557557	2561078	1
1233390	1233689	1
9278662	9278679	1
1864087	1864090	1
218192	218191	2
3020928	3018350	3
4640939	4640950	1
11293828	11299238	1
5208907	5208908	1
7041078	7040391	1
8749030	8749045	1
9597724	9597723	2
7075849	7075705	1
7524770	7538602	1
9253618	9253613	1
3801159	9546433	1
167351	159034	1
118817	111340	1
11884637	11884638	1
6835015	6835018	1
2835585	2835891	2
4531804	4531795	4
8756052	8757287	1
5439927	7734847	1
11252114	11263469	1
2052331	10427381	1
8518837	8518845	1
11112693	11112137	1
7176514	7176511	1
9504237	4844855	1
9900919	9888289	1
6743055	6743493	1
2635903	2638575	1
5701403	5701444	1
1625686	7013006	1
4856535	4855662	1
4117367	4116915	2
4311315	4311341	2
11886533	11886524	3
9300293	9300294	1
9252838	9252835	1
12381515	12381516	1
6062447	6062448	1
2316404	2316403	2
1952145	1952129	2
5013699	5013700	1
4713735	4733353	1
1029018	1027859	1
10936874	11014966	1
11301699	11306783	1
8309665	8309559	1
3818033	3818034	1
8184662	12463199	1
11297287	11358626	3
1453950	1454158	1
1598295	1598227	1
4653548	4653547	2
12655902	12654228	1
6762642	1748928	1
7540327	7540328	1
8649911	8861630	1
11193071	11192975	1
2954192	2645274	1
11265978	11265415	1
6298991	6299210	1
7111071	7111072	1
2506067	2506068	1
3566119	3566120	3
873658	873655	1
1324199	1324200	1
6213318	6213317	1
11705774	11696418	1
7603745	7796875	1
8206246	8206245	1
10091538	10100078	1
10504363	10504397	1
8449292	8449775	1
4258364	4258363	2
5926950	5926945	1
10755977	10755978	1
8867042	8867344	1
953184	955569	2
4605124	4605123	1
630770	630760	1
8677705	8677706	3
7652929	7652930	1
10531557	10556275	1
10471448	10471627	1
8384906	8384905	1
3537978	3537977	1
4344035	4344266	1
10464012	10464011	1
4656737	4656738	1
4446205	4446206	1
6567261	5334712	3
8325853	8325856	2
431138	638178	2
11547052	11547099	1
133253	133269	1
7225721	7225724	1
11814984	11814982	1
2474662	2474661	1
1215117	1215118	1
678386	678385	1
3699296	3698035	2
7896067	7834352	1
3788878	9753957	1
4081190	4081197	1
8464171	8464174	2
7864162	7864353	2
6057651	6057523	2
9037778	9041862	1
2561772	2561775	1
7342896	7342962	1
7614042	7614127	1
3043827	3043828	1
12436823	12436824	1
7292764	7292763	2
4022725	4022553	1
11731102	11720176	1
10257141	10257145	2
3509811	3509830	1
9734119	9741461	1
2076439	2076440	2
10530838	10530837	1
2125387	2125388	1
3151707	3151678	1
8330382	8330381	2
4859753	4859462	1
9521136	9521135	1
3940336	3940335	3
10748777	1563423	1
566052	566049	1
8993998	8994014	1
10266959	10266960	1
9825023	9824968	1
7505208	7505227	1
10668945	10669004	1
7281339	7281295	2
5617796	5617795	1
3122224	3122229	1
8798471	8798472	1
1767627	1769473	1
6834979	11864076	1
6522177	6522178	1
7399118	7399428	1
2354163	2236089	1
11487824	11487823	1
12785406	12785403	1
6968345	6967954	1
1079273	1079274	1
10314872	3269262	1
5798240	5798260	1
12208876	12208881	1
11160332	11160362	1
1666866	1666762	2
9632985	9632973	1
7587049	1114837	1
1895820	1900654	1
5371029	5371030	1
6528687	10183467	1
1340065	1319582	1
10667979	10668648	1
2599003	2599004	1
554951	554978	1
2435856	4623909	1
3537980	3537979	2
1444815	1444816	2
4474965	4474966	1
5898281	5898282	2
3245689	3245690	1
8511567	8510826	3
8556923	8556486	1
10394269	10394290	1
11748101	1967188	1
3090807	3090808	1
10926261	10926265	1
8163082	8163095	1
11491476	11439095	1
9829702	9829661	1
3228714	3228713	1
1604124	1600432	1
8744041	8744059	1
6108240	6108239	1
1500071	1500072	1
3913688	3913687	2
11864137	11864138	1
11453728	11453727	2
125722	125649	1
631063	631102	1
7217034	7217033	2
7548717	7548762	1
1466108	1466105	1
6805373	1835472	1
1837645	1837646	2
5548856	5548870	1
11662010	11662139	2
9573241	9573230	1
827767	827764	1
2874067	2874098	1
5458376	5458375	1
3118611	3118125	1
11145672	11145669	1
1878253	1878254	1
4828172	4828365	1
1631115	1631329	1
1779137	1779140	1
12561933	12561877	1
8775413	8775370	2
3135994	3136514	1
12552193	12522700	1
4776214	4776226	1
594241	594242	1
5501555	5551600	1
3492174	3492172	1
9385896	9678565	1
1299003	1299004	1
6496927	6496082	1
6456791	6456762	2
10837463	5632120	1
7936984	7936999	1
336657	336658	1
6494456	6494448	2
2026953	2026227	1
3788972	3788971	1
7676107	5430450	1
2787956	2787954	1
8329691	8329692	1
11094105	11094106	1
7446251	2638541	1
12512114	12512113	1
5983834	5983833	1
4308498	4308497	1
8567565	8289688	1
5925761	5925738	1
4038798	4037695	1
3738063	3738061	1
5256702	5256547	1
12603178	12603175	2
7307490	7314631	1
7969544	7969543	1
7535352	7535274	1
4553350	4553326	1
5352621	5360668	1
11283619	11283616	1
6290895	6290896	1
3495709	3495721	1
6630254	6637529	3
671639	671651	2
6893754	6893734	1
6494889	6494890	2
1720639	1720640	1
12122619	12122620	1
6017696	6017600	1
7717465	7717466	1
12055693	12055635	1
2564617	2564618	1
8180994	2018265	2
11864136	11864135	1
9118822	9142339	1
8683542	8683541	4
673080	672668	1
3704511	3705557	1
2371287	2355514	1
2354371	2354374	1
12363372	12601898	1
6707573	6707792	1
7498	44642	1
1837999	1838000	1
11678141	11678144	1
5250065	5250066	2
9821557	9822204	1
660269	660426	1
8268439	8268440	1
1858799	1858805	1
12454202	12454205	1
6733238	6733243	1
2954193	2954194	2
5094819	5094820	1
7821634	7821766	1
416588	416585	1
2052332	10427380	1
11522414	11522413	1
5474234	5474231	1
1310318	1310609	3
11604599	9535251	1
555743	555894	1
4013998	4013995	3
9695094	9779500	1
7817919	7817907	1
12727134	12727046	2
6641816	6669025	1
11966985	11966986	1
5853029	5853030	1
11143024	11142979	1
6570835	5499426	1
8577156	8577155	2
7842132	7842115	2
5318614	5241182	1
7529153	7529181	1
12155545	12155546	1
12619346	12623499	1
2721223	2721224	1
10707353	9372581	1
6102941	5935381	1
10894530	10894529	2
1556149	1553596	1
5419868	1442003	1
8156095	8156380	1
12694179	12694184	2
2338254	2338253	1
9482576	11652557	2
4298513	4295555	1
3757830	3757395	1
9163659	9163683	2
176100	176077	1
11355873	11355876	2
11154721	11154325	1
11635327	11526842	1
4154387	4163317	1
10454751	10454752	1
11001749	10999648	1
1718195	1718196	1
9342828	9624395	4
6123117	9504540	1
6729909	6729163	3
4076724	4076709	1
12243199	12243200	2
888220	889417	1
1108227	1108228	2
4468081	4468082	1
6451505	6456987	2
9031534	9031544	1
10645188	10622341	1
6797954	6798114	1
9066647	9067133	1
4650848	4650847	1
443591	443592	1
11522162	11521632	1
9362832	10728345	1
11263566	11263565	1
2886810	2886146	1
8350350	8349568	1
3509977	3509988	1
12352857	12352858	2
9833984	9834017	3
2620960	2620989	1
4613312	4613288	1
9571758	9571757	2
4229323	4229327	1
10749164	10749163	2
8343274	4577228	1
10344083	10344099	1
6348418	6348372	2
4446455	4444724	1
9535446	9535254	2
371117	371118	1
1412215	1412216	1
6125177	6126946	1
6778528	6778527	2
7874223	7874224	1
3948032	3947928	1
5552160	5552135	1
8264413	8263819	1
3047465	3046760	2
10263411	10263412	1
7355034	7355033	2
6402672	6402703	1
2645225	2645226	2
11505537	11505538	1
2264343	2264160	1
9824867	9824819	1
8924303	8924255	1
11531898	11531559	2
7589897	7589898	2
3968621	3968622	2
11808832	7098882	1
10566727	10566728	1
7011311	7012573	1
5321860	1738796	1
811375	811103	1
6368972	6369069	1
12396643	12396661	1
5977624	5977623	1
1352512	1424059	1
4296977	4297240	2
160468	11058424	1
6787928	6787927	2
6084989	6085079	1
10578570	10574453	1
9655655	9655593	1
11719536	11719655	1
2453339	2453369	1
7446207	1983711	1
8068082	82283	1
9441282	9441281	2
2145670	2145669	2
624040	624685	1
5079013	4983824	2
9705292	9490320	1
12549895	12549899	2
6116573	6116574	1
10657804	10657821	2
2504535	2504537	1
3406824	3406835	1
157546	157545	1
1701440	1701439	1
11342892	11346233	1
7369811	7369816	1
3269977	3269961	1
11572432	11571716	1
1486220	1486899	1
4395541	4395542	1
4225178	4225177	4
3103107	3103108	1
6909713	6909718	1
9863417	9865581	1
649047	649032	2
7974688	5522489	1
1315460	1315761	2
5700694	5700693	1
11355877	11355882	1
11089834	624107	1
9600885	9600886	2
4096708	4075006	1
11937308	11937050	1
8507141	8507142	1
7069956	7069951	1
10025213	10024606	1
3258630	3258681	2
10530715	10579900	1
4613278	4612906	1
9020876	9020952	1
4065064	4064244	1
6491606	6491614	1
1161182	1161181	2
1767804	6581271	1
591069	591070	1
10489943	10534056	1
1849047	1849312	1
7488611	7498447	1
12600215	12600216	1
3480001	3480116	1
576821	576418	1
12230497	12230498	1
6183780	6183779	1
1620879	1620880	1
7798249	7798254	1
7992254	7992161	1
11545780	11545779	1
185603	185181	1
10312285	10312286	1
11749395	11749410	1
4723791	4723922	2
884934	813181	1
7286696	7286695	1
5787616	5787615	1
2044098	2044097	1
395535	392956	1
10435690	3124886	1
673032	670444	1
5941447	5945641	1
10523027	2332614	2
2860450	2859300	1
5525647	5523936	1
8323210	8317821	1
1509800	1511194	1
8682680	8680502	1
323509	323510	2
9163006	9163003	1
6970356	6927805	1
9059593	9059745	1
8764449	8764450	1
12041257	12041260	3
1177821	1177822	1
4763522	9679401	1
8477123	8477124	1
5674722	5674721	1
9917574	9865287	3
4002384	4002489	1
1264074	1264073	1
10599163	10599164	1
3630057	3631258	1
4832719	4832674	1
12425023	12425024	2
7560441	7560444	1
2104470	2104177	1
12749458	12441935	1
7841477	7839686	1
10427589	10427590	1
754796	755996	1
8108919	8108920	1
12024864	12024999	2
9531185	9530017	1
1834867	1834868	1
414591	414596	1
10905963	10905977	1
1257097	1224960	1
11448789	11448790	1
6556980	6556944	1
831676	831571	1
12135062	12135061	2
8257168	8257167	1
8908685	8908686	1
5234666	5234656	1
6419790	6415356	1
1402239	1401593	1
2727255	2727221	1
335314	331901	1
5976636	5977806	1
980461	978165	1
8922126	8921624	1
1082376	1082608	1
6212067	6212068	1
10579899	10579900	1
9645723	9645217	1
6946186	6949440	1
1903521	1904460	2
7882980	7883000	1
11438768	11438397	1
8183580	8183603	1
6280116	6794421	1
10172778	10172777	1
11662010	6368637	1
8739981	8740096	1
2349138	2349137	1
4006489	4006743	1
3716105	3716106	1
4322370	4253316	2
447291	6445811	1
12368778	12371710	1
2464692	2464691	3
3997117	3997118	1
11116773	11116766	1
10832375	10833242	1
5449388	5418960	1
7995672	7995444	1
8440932	8440938	2
976933	1151157	1
5490903	5490878	3
7313803	7313804	1
749606	749605	2
6413245	6413056	1
10216467	10216587	1
4582936	4582932	1
8483549	8483554	1
9529020	9529017	1
217725	563000	1
7420629	7413474	1
7501023	7501017	1
7040628	7040627	1
4551617	4551618	2
1186705	1186799	1
2848100	3023140	3
1962672	1962671	1
804496	804495	1
8202491	8202627	4
3828867	3828868	1
5322367	5321450	1
4680328	4844959	1
488299	4241476	1
1226014	1225984	2
10253418	10253417	2
6980397	10788339	1
1866457	1866458	1
5154639	5154640	1
1718192	1718206	2
1896813	1896866	1
12767472	12767652	1
5758759	5758760	2
3717826	3717825	1
8588247	8588250	1
6422611	6422612	3
4386627	4386486	1
8693367	8693365	1
3095917	3095918	1
12248331	12248277	1
11709524	11709523	1
6754790	6754797	1
4826537	4826546	1
6037813	6037756	1
6451291	6340677	1
8543151	8540941	1
11939605	11939606	1
327433	327454	1
7857062	7857061	2
2254053	2007310	1
6640616	6640583	2
5426105	5426073	2
3723872	3723871	4
10898656	10898655	2
1718569	1718553	1
10216732	10216645	1
708575	708481	1
7067495	7067479	1
11403671	11398806	1
3122100	3121528	1
7888828	7889404	1
6032438	6032459	1
8374518	8374517	1
4076860	4074480	1
10166923	10166876	1
5444997	5431935	1
9854727	9854728	1
7353937	7353499	1
11640361	11640301	1
6539801	6539694	1
6753423	6753424	1
12208767	12208768	2
1035748	1035747	2
9887612	9887541	3
6883318	6883326	1
1943285	1944605	1
7261921	7261922	2
11087976	11088098	1
11592708	11592707	1
4249548	4249545	1
5432719	5432720	1
11548000	11547999	1
5322238	5322095	1
8020089	8019385	1
74251	74325	1
2571031	2571032	1
4032386	4033340	2
1656336	1547606	2
11525514	11525513	1
1888848	1888847	1
10979874	10979873	1
8150325	8167192	1
5560101	11208735	1
7230848	7232883	1
7510149	7510150	1
6651327	6651330	1
11372997	11548297	2
8355409	8355412	1
826386	826385	1
8222604	8222598	1
1591815	1591822	1
653522	653352	1
3020708	3020619	1
12618207	12618210	1
4663018	7990539	1
7989488	7989580	1
34613	34614	1
9897075	9897166	2
364740	371304	3
10749167	10749168	1
1215813	1215814	1
4022707	4022708	1
254004	254001	1
11518316	11518315	2
10444487	10444488	1
4048380	4048379	1
2265518	2265479	1
3194931	3194932	2
112891	112892	2
5983842	5983833	1
4711676	4711437	1
8922231	8922242	1
4821260	9728702	1
10140047	10140210	1
2571491	2574072	1
1588856	1588885	1
2111350	2687948	1
5722168	5722167	3
7124855	7124856	1
6805371	6805372	1
5451108	5451977	1
6999933	6999809	1
10108795	9612778	1
9137690	3865932	3
8698266	8695632	1
2905233	2905234	2
1484616	1435968	1
652969	652394	2
12621675	12621645	1
826901	826138	1
9483087	9483177	1
7630012	7630079	1
12125168	12125167	1
6683791	6683792	2
5759948	5759945	2
7826173	7826174	1
12754217	12754218	1
5753260	5753259	4
353892	353918	1
5724915	5724894	1
8074878	8074877	1
8451586	8452804	1
6403424	6403423	1
5857052	5857049	1
6144641	6144642	1
6469657	6469660	1
5416602	5416629	1
8286657	8286884	3
1719996	1719995	1
12752163	12752114	1
11596291	11596292	2
12289341	12289342	1
967779	967806	1
8350563	8350564	1
3968087	10192946	1
8902731	8901511	1
1009443	1009137	2
3273306	3273305	1
9475285	9475411	1
5879383	5879384	1
6128624	6128623	1
2415735	2415736	1
2839739	2958461	1
11283836	1933175	1
1110037	1109293	1
12365974	5269480	1
11626148	11620805	1
7516796	7516795	1
2698146	2698145	1
4502877	4502926	1
3206504	3206501	1
3032783	3032784	1
10443670	10444476	1
8044173	8044276	1
9893330	9893329	2
9947771	9947774	1
1091306	1091305	1
4618788	4618710	1
9723684	9702718	1
3114445	3114446	1
10764992	10765097	3
6766893	6767033	2
8099415	8099423	1
5562793	5566335	1
11202754	7231862	1
10428543	10428544	1
5627911	5627838	1
433001	433027	1
7951291	7951923	1
2908199	2908200	3
9106760	9106759	1
1452196	1452154	1
676526	4061721	1
3107583	3107584	1
8015079	8016643	1
4147173	4147174	1
10547532	10531901	2
2907949	2908198	4
1593720	1594043	1
1565769	1565703	1
5285185	5285137	1
10884450	10885408	1
2279196	2279195	1
1004579	1004582	2
11331141	11330880	2
11334009	11334010	3
5519272	5519271	1
173475	173476	3
1550884	1550883	1
8938426	8938463	1
4157460	4157459	2
10366015	2124701	1
33946	25947	1
11321759	11321760	2
5780466	5707719	1
7379782	7379812	1
7969252	7970516	1
1379074	1378422	1
816033	816129	1
12416872	12416871	2
8364874	8363549	2
1161182	1161179	1
4437871	4437872	3
9283245	9279725	1
9538601	9538604	1
7184888	7184877	1
5208368	5208276	1
5653204	5653203	1
4737259	4737328	1
1908919	11283719	1
6082188	6082092	1
10506076	10506073	1
4318067	4318068	2
10296324	10296323	2
4445585	4380845	1
4026300	4026022	1
8779301	8779302	2
4984889	4984960	1
9932319	9932322	1
629637	672853	1
10289027	10289080	1
10092133	10091072	1
12736210	12736213	2
11703053	11703031	2
7900046	7900083	2
9790991	9790589	1
11490733	11490292	1
3594239	3594393	1
6473765	6698783	1
7057628	7058506	1
5692450	5692465	3
6001688	6001808	1
5996328	5997517	1
5544014	5544013	2
1330184	1330181	1
761138	761135	2
8707666	5936838	2
246619	246607	2
9582659	9582660	1
5076063	5076064	1
6626684	6626646	3
8831279	8831280	1
5725328	5717552	1
335978	335977	1
7416822	7416821	2
1061329	1061304	1
2020718	2020717	1
430471	434647	1
1051825	1051826	2
3800950	3801480	1
10932361	10936832	1
7793883	7793884	1
5018344	5018496	1
2182200	2182199	2
10054261	10054264	1
5167933	5154516	2
4311008	4311007	1
4084438	1569220	2
8232490	8235210	1
12553011	12553813	1
4251214	8059956	1
4280395	4280396	2
568154	568166	1
6030942	6031976	1
2698121	2698141	1
9672778	9673217	1
7803160	7802847	1
158775	158776	1
4593583	4593550	2
5959455	5959456	1
2180450	2180580	1
660047	660048	2
2638549	2638552	2
7230990	7230989	1
10856026	10856025	2
11832050	11832052	1
1241235	1241238	1
5249041	5249042	1
2097586	2319737	1
7134844	4107463	1
5508630	5171291	1
9130447	9130439	1
2513756	2513746	1
1478805	1468671	1
10781709	10781710	1
12139155	12139168	1
7986787	7986788	1
340864	345355	1
5801039	5801040	2
6196425	6196426	1
2902854	2904512	1
8156235	8156968	1
9630275	9557603	1
2807202	2807201	1
6789810	399013	1
7786539	7786540	1
11443828	11470309	1
3245691	3245692	1
10949249	10827573	1
7268459	7268460	1
6281485	8799541	3
10315785	10315799	1
6191363	6189240	1
5339595	5339596	2
4083790	4083789	3
4593714	4593713	3
7733395	7733396	3
9067126	9066627	2
3017357	3019340	1
6430902	6430901	1
12810483	12810381	1
3591030	3667000	1
1017083	1017084	2
10876926	10876925	2
9905015	9905020	1
6808341	6808348	1
688616	688621	1
11607543	11607544	1
7414298	7414295	1
8316715	8316716	1
10282055	10282056	1
1699894	1699893	1
7583137	7583138	1
10449853	10450024	1
8625223	8624984	1
7338187	7338245	1
7527544	6308410	1
1964582	1964581	2
7189463	7189464	1
11552497	11552529	1
5526284	5526283	3
340863	339998	1
3692350	3692349	1
12176289	12176290	1
9654000	9653999	2
3226661	3226662	1
7123785	7123745	1
11041588	11041290	2
2628144	2628149	1
125890	128956	2
12765374	12765373	2
5875239	5888919	1
1077125	7722779	2
880165	593457	3
11465936	11561096	1
5271037	5271038	1
10998307	10998308	1
3862390	3862370	1
1290056	1139282	2
11709596	11709598	1
3230620	3230619	3
353950	354093	1
12419608	12419607	2
4651396	4644125	1
6850066	6920980	1
6199075	6199312	1
2722242	2721766	1
738252	739168	1
9112653	9112654	1
9525070	11642798	1
2023012	2023019	1
682654	682653	2
11119232	11119220	1
7977714	7977387	1
9591603	9761547	2
11082627	11082628	1
1495463	1495492	1
1607210	1419359	1
5018497	5018498	1
927277	927298	1
2434078	2434077	1
6311153	6311154	1
10173090	10172835	1
10667269	10668923	1
9578112	9578115	1
4474963	4474966	2
2608269	2608342	1
8285657	8109250	1
10224589	10222043	2
7555157	7554187	1
5048110	5048109	1
1486226	1486223	1
12288850	12275281	1
3142524	3147816	1
11283244	11283243	1
8607909	8607903	2
4640345	4636422	1
12405728	12405727	1
296451	296452	1
4620988	4620983	1
11469356	11469355	1
6701519	6700014	1
10751604	10751611	1
12685102	12685095	1
6492945	6492946	1
6920982	6920981	1
1800658	1802461	1
8777191	8777192	1
442587	442591	2
11620402	11620401	3
5264984	5262518	1
5003555	5003558	1
9924161	9830771	1
6525429	6525362	1
8285283	8285593	3
9098043	9098323	1
5997800	5997813	1
12676111	12676112	2
7428307	7428308	1
5876140	5876139	1
1899135	1897709	1
3815120	3815166	1
10383473	10391464	1
9976074	9976167	1
4330563	4330564	1
3626273	3626278	1
9645643	9661872	1
7927455	7928077	1
6372060	6331992	1
5040786	5061178	1
5059143	5053047	2
9691249	9691250	1
11434443	11434444	1
9428565	9428467	1
876030	875949	1
11344058	11344040	1
4767715	4767716	2
2803196	2803185	1
9025946	9025960	2
12622798	12622780	1
10977516	10977515	1
6022675	6022676	2
7963263	7963284	1
5580542	5579773	1
12209352	12212435	1
2560007	2560254	1
7580559	7580459	1
22365	21747	1
11913235	11913236	1
7080333	7074920	1
5259081	5259069	1
11944454	11944434	1
11912622	11929156	3
9835932	9833713	1
5339531	5553833	1
3097062	2808501	1
5501037	5501066	1
1725663	1726258	1
3637052	3636402	1
3282977	3282978	2
4236919	4252991	3
4058966	4058965	1
9820689	9820587	1
11740473	11742890	1
11106147	11106293	1
4812934	4814931	1
950294	872824	1
6862220	6862219	1
8711074	8711073	4
9274114	11389186	1
6183793	6183810	4
4019512	4041499	1
4125237	3786488	1
9074279	9075051	1
10525906	10525667	1
4157174	4157173	2
953186	953185	2
4429364	4429271	1
7771948	7771947	1
5080120	5080443	1
11240503	11378861	1
925318	914988	2
11388829	11388830	1
10517931	10517805	1
6585563	6574897	3
6013471	6013472	2
860476	860475	2
11388334	11388333	1
4120333	9511237	1
12301155	12301267	1
3888061	3888027	1
6701563	6701566	1
8426142	8426151	1
7817934	7818012	1
7344559	7308491	1
11385950	11385952	1
3487301	11705585	1
8402039	9505596	1
572220	566684	1
6931046	6924275	3
559351	559356	1
4108218	2378294	2
2249176	2354930	1
7659942	7791895	1
193482	193512	1
6308285	6308286	1
3684448	3685878	1
11963154	11963153	2
12693772	12693771	2
11589866	11589863	1
7585765	7585766	2
6346158	6346157	1
5866100	5866118	1
5096431	5096418	2
3537976	3537728	1
804724	802414	1
9914907	9914908	1
171146	11041025	1
11524905	11524906	1
2333829	4126000	1
1099196	1099195	1
10775300	10773078	2
3977907	3978208	1
5415782	5387493	2
595260	591318	1
10087489	10126148	1
11694962	11694961	3
2887268	2887294	1
10730595	10730596	2
4157176	4157175	2
11100064	11100040	1
7596114	7596113	1
716381	734076	1
10690209	10690213	1
11174784	11174803	1
6004532	6145605	1
9827454	9827109	1
3973790	3973789	1
7817848	7817984	1
3585468	3584647	1
11360335	11360345	1
403175	403189	1
7489014	7489013	2
11503036	11503039	2
43969	42904	1
9774519	9774520	1
6757284	6757292	1
3973151	3973791	1
11382759	11382771	1
12133941	12210677	2
465594	465610	3
6006140	6057392	1
496865	494589	1
783221	783224	2
2497541	2411159	1
1696832	1719987	1
7087201	7087202	1
10358622	10499805	1
12544703	12513483	1
3364051	3364052	1
2539250	2539273	1
10823733	10823734	2
3770418	6919929	3
8821126	8821173	1
8191304	8190350	1
6949658	6950077	2
11849188	11849183	1
9155667	9155773	1
3446571	3446835	1
1664418	1664453	1
6285887	6285888	3
3035055	3035056	1
7934548	7934545	2
8273205	8273143	1
7400176	7268191	1
7567972	7567971	1
9824170	9824150	1
4674223	4563318	1
4705226	4705229	1
5572261	5572747	1
6067209	6067203	1
3782083	3782086	1
10779704	10779807	1
12597348	12798217	1
12814942	12814970	1
2026830	2026911	2
4269183	4258136	1
3185543	4006578	2
8519995	8520687	1
8346517	8335592	1
1631111	1631112	2
5248511	5248512	1
6886503	6886504	1
11794773	7047017	1
10017082	10017058	1
7371722	7371660	1
1713809	1713657	1
5434779	5434865	2
8516350	8515441	1
2032742	2034594	1
2047515	2047516	1
10482245	10758651	1
6853976	6853994	1
4085492	4085490	1
4007685	4007686	1
11848400	11848399	1
5640301	5640277	1
7305708	7305720	1
10201881	10201758	1
252012	252011	1
11748995	11751034	1
2375513	2375514	1
9640708	9640707	3
5779307	5779310	1
12626253	12511874	1
10324819	10324822	1
3799238	3799208	1
9353582	9353581	1
5069456	5069455	1
10477159	10476271	2
3531288	11847944	2
7094262	11908042	1
7874076	7874087	1
5581713	5581714	1
7670996	7670113	1
2173852	2173475	2
11509365	11577089	1
10527675	10527694	1
1653910	1653913	2
4478425	4478426	1
3791718	3791717	1
5974136	5974135	1
1868859	8207534	1
8760305	8760421	1
3252724	3251987	1
11565241	3979859	1
10922923	10922926	1
3942316	3942315	1
12687513	12686856	1
7110875	7110893	1
2272928	5268323	1
10698766	10698796	1
2616085	2616241	1
4078395	4078387	1
497349	497350	2
6610325	315123	1
8729472	8729471	1
11142258	11136385	1
11702489	11702492	1
4027354	4027312	1
457349	457152	1
8088331	8087225	1
7861409	7861410	1
1651776	1651766	1
5474230	5474229	1
7262699	7262766	1
8829647	8829576	1
7563923	7564293	1
4265979	4265980	1
2079006	2079034	1
1451394	1450563	1
6762649	1749694	1
6753421	6753422	2
6833009	6832934	1
4121576	4108186	1
8313653	8313654	1
9815608	6339269	1
7257468	7257228	1
7230485	7231434	1
6187581	6187582	2
787271	787267	1
6381504	6381499	1
4209623	4211617	1
12121191	12121192	2
3854373	3854374	1
99340	99575	2
1962875	1962876	1
515832	515844	1
9253620	9253619	2
12420310	12420032	1
1523069	1523070	1
12625206	12625215	1
12133670	12133619	2
3396313	3396320	4
6454959	6454960	3
9925076	9925075	1
11316532	11316114	1
11239570	11284779	1
1453652	6304853	1
11168108	11168107	1
10808586	10797238	1
5555292	9182369	1
347681	347854	1
1880684	1880683	1
10881975	10881978	1
4557264	4557263	4
7059581	7059584	2
6280522	6280521	1
12197968	12197967	1
8417959	8417248	1
8709731	8709732	1
618994	618993	2
3891912	3891911	1
4531806	4531795	1
10852079	10850553	2
190313	130097	1
3044031	8157542	1
10782224	10782223	1
10665536	10716269	1
5334279	5334280	1
3802327	3802328	2
4022666	4022708	1
9253455	9253469	1
6228469	6229791	1
8128604	8128611	1
7395452	7397022	1
12243288	11999271	1
10893623	10893754	1
12292508	12293127	1
7717463	7717464	1
8462366	8462363	1
6808339	6808340	1
8229145	8228899	1
8464250	8464249	3
6434929	6434664	2
6015153	6015116	2
9091138	9091137	1
8480980	8480979	1
7353660	7353659	1
6005721	6005724	1
804494	805874	1
3154108	3154107	1
8002558	8002567	1
10377408	10377407	3
6975975	6975865	1
3297297	3296851	1
10693127	10707924	1
6439829	6439830	1
5828485	5828486	2
7907107	6564532	2
10441730	10570040	1
10886078	10882029	1
4067975	4068079	1
8401840	8401837	3
9690373	9690374	1
6208427	6208428	2
4845973	4845974	1
10185902	10186155	1
6004679	5894565	1
766474	766471	1
3693475	3693733	1
7904374	7904373	4
4374297	4371890	1
8078527	4488682	1
3330023	3330074	2
9965261	10023030	1
12477195	12477170	1
1407034	1407013	1
6946628	6951688	1
3364195	3364196	1
7383223	7118422	1
7034689	7034642	1
618615	618696	1
2886971	2886972	1
2516524	2516523	1
6948401	6948402	1
12592329	12598373	1
10133650	10142729	2
7291558	7326605	1
2668972	2683948	1
8772437	8694380	1
8316227	8340030	1
3732629	3732859	1
570521	569696	1
4012069	4012072	1
11680907	11680908	1
1195326	1195506	1
4318478	4318619	1
6822000	2624281	1
225000	229919	1
4368390	4368369	1
8795906	8796663	1
11551735	11229045	1
6414555	6414333	1
8972335	6894022	1
12758785	12758795	1
8867875	10251319	1
11791444	6319770	1
8421657	8421658	1
4045366	4045365	1
2896688	7684913	1
4370625	4370620	1
3051220	2991597	1
1776385	1776390	1
11230613	11230614	1
6717425	6717426	2
9059727	9059730	1
7047981	7047984	1
6357032	6346161	2
11672036	11672035	3
276290	276081	1
5338905	5372155	1
4833923	4833934	1
8381568	8381449	1
11687364	11687374	1
3975747	3975909	1
3163121	3161660	1
9250335	11573297	2
6265417	6265418	1
7834428	7834427	2
4455424	4455423	1
8461988	8461899	1
8355500	8355503	1
5723268	5723267	1
1421981	1421986	1
219328	229939	2
2309109	2309087	1
10096212	10096218	1
9879350	9878873	1
10915972	4953998	1
6893725	6893722	1
4037882	4037892	1
8974116	8974466	2
3876175	3820757	1
9545863	9548791	1
10240968	10238466	1
11514843	11514815	1
10031008	9871811	1
11568740	11568739	2
10280368	10280367	1
12228883	12258740	1
6002993	6002994	2
1941131	1941132	1
5970236	5970253	1
1121902	1121901	1
3444288	3444375	1
8226426	8288114	1
10635348	10635347	1
11487521	11487455	1
7985278	7984590	1
3625676	3625675	1
7309085	7299265	3
7496827	10000075	1
12361030	12361027	2
12537805	12537747	1
1178358	1178357	2
4767931	4767932	1
5446305	5447318	2
7339370	7339367	1
4419885	4419204	2
7202590	7202589	1
9702561	9701429	1
2022399	10727564	1
1334551	1334552	1
8698266	8698265	1
5054561	5068595	1
3966053	3966029	2
5194940	5194939	1
8344801	8344802	1
4020460	4020503	1
1166273	1001863	1
7069455	6930867	3
1228002	1481270	1
6983181	6983182	1
3957682	3957766	1
7104625	7104607	1
10373888	10373887	3
4822034	4822033	2
3971765	3971618	2
3629663	3627970	1
6504523	6504524	2
12434139	12433421	1
4647905	4645945	1
10444477	10443662	3
3746397	4694778	1
9818648	9818529	1
9898937	9886731	1
11601995	11601996	2
5672536	5989943	1
3543355	3543373	3
3807287	3807288	1
5227680	5221015	1
5447684	5445071	1
3068435	3082925	1
5548123	5547677	1
521070	520986	1
792227	792218	1
10279249	11130054	1
8500207	8500205	1
7263445	7263446	2
12384797	12384798	1
12036245	12036246	1
10474451	10665981	1
2612824	2612812	1
4080385	4079495	1
7848486	7848501	2
4441049	4441050	3
2388897	2388753	1
1120924	1122359	1
736190	736244	1
794122	466253	1
7277483	7277804	1
3547169	3547124	1
8094524	8094515	1
7962456	7226041	1
2784097	2784189	1
5012606	5012578	1
509856	509855	1
10589161	10589162	1
2249838	2249837	1
3822579	3822588	2
487601	479003	1
7052183	7052184	1
219126	235701	1
10668937	10668938	2
11815755	11815717	1
7782905	7782908	3
9935402	9935401	1
1145261	1255516	1
11191892	11191891	1
9763862	9760390	1
3151133	3151134	1
253034	205297	1
3243540	4014502	1
6961449	6961467	1
11877766	11877761	2
11920017	11919944	1
1625781	1627524	1
10273958	10273970	1
10140721	10140722	2
11882659	11882660	2
1034746	1034040	2
10708580	10708592	2
4012535	4015562	1
11494305	11494306	1
9479825	9479842	2
5317153	5313050	2
11783127	11783155	1
9691265	9691245	1
11915007	11885684	1
12813750	12813749	1
5078694	5079837	1
6355028	6355045	1
9774077	9774078	1
7691799	7692712	2
12274359	12266481	1
1176298	1176375	2
9083183	9083184	1
10882344	10882343	1
12054467	12055985	3
3719824	3719899	2
7607845	7591910	2
5550173	5554752	1
6535528	6538706	1
209272	222375	1
9682420	9682419	1
560240	558856	1
6833513	6833514	1
7611683	7525709	2
6952011	6985136	1
10625165	10766811	1
12267220	12267172	1
6745677	6745678	1
3093239	3093270	1
10419783	10419788	1
945713	941168	2
11683598	11684069	1
9163801	9163802	1
7489539	7488574	1
6968654	6968588	1
4589603	4579263	1
9154458	9154494	1
797208	798602	1
4024914	4024913	2
2035440	2150305	2
7531812	7531810	1
11571428	11567396	1
2046480	2970080	1
1639658	8329692	2
6708427	7760315	1
4656624	4656623	3
1266170	1266169	1
4622310	4622288	1
296226	296249	1
3035064	3035054	1
10729699	10729700	1
6275831	6275832	1
11386933	11386986	1
4508997	4509153	1
9538601	9538602	1
9540363	9540514	1
5484755	5484799	1
12167723	12283609	1
10749097	10749029	2
3100761	3100755	1
681846	9053400	1
8441927	8441928	1
10899978	10899998	1
8516495	8516573	1
6465289	6465290	2
6532295	6532300	1
4619452	4416886	1
11346232	11346231	2
4197193	4197135	1
7104936	7107057	1
2316309	2275441	1
5926539	5926521	1
139846	144480	1
3192560	3210407	1
4919412	4919384	1
6063564	6063924	1
5982660	5986648	1
7613865	7614043	2
10422308	10720200	1
3141813	3141707	2
7144641	7144474	1
11018625	11018609	1
8653398	8653397	1
6480111	6480112	1
8849502	8850654	1
4076314	4076511	1
11664761	11664762	1
956180	5512184	1
7070135	7070136	1
7715586	7715492	1
783221	783222	1
8249230	10322389	2
9657096	9655004	1
3696824	3696297	1
526845	526846	1
4749647	2523960	1
5880977	5999906	1
400864	404263	1
780019	4111101	1
11991251	11991252	1
5936974	6042493	1
9862175	9865686	1
2215092	2215104	1
8415622	8416920	1
532315	532318	2
5373303	5373304	2
11036627	11036649	1
11088387	11088388	2
4361108	4361107	1
31543	5567278	1
249682	238604	1
4075357	4075358	2
9073048	9073047	1
3370080	9357664	1
7204475	7204471	1
4537509	4536936	1
7406024	7406023	3
4003485	4003530	1
4286753	4286687	1
5308583	5293277	1
4001817	4648606	1
11104130	11000861	2
5773837	5773838	1
7109717	7109760	1
313082	313212	1
9181728	9181723	1
1319591	1316939	1
1888550	10349855	1
9498774	9498836	1
5529965	5529946	1
11387832	11516374	1
272082	272055	1
10474380	10662736	1
8046052	8046121	1
2653717	2722224	1
8576625	8571258	1
4173910	4173927	1
6622556	6622560	1
432140	434646	1
11023315	11023533	2
5893746	5864748	2
2493745	2493298	1
8499827	8506013	1
12698369	12696477	1
6697940	6697950	2
5544761	5262431	1
1753940	1753956	1
9155665	9155773	1
11531701	11531740	1
9755761	9718506	2
12236557	12237634	1
6504489	6505737	1
5627212	5665240	1
10423734	10423806	1
4405960	4403354	1
12381909	12381787	3
9579719	9571935	1
4121144	4117649	2
7408837	7423461	1
2638925	2635970	1
1004575	1004582	1
7546043	2803213	1
5479664	5584458	2
1118144	1118143	2
10802581	10806086	1
9893254	9924298	2
5961128	5961442	1
3350351	3350412	1
5264899	5264022	1
11514843	11514844	1
9924962	9924961	2
8025267	8025285	1
4758942	4760330	1
11832676	11832675	1
4649008	4649007	1
1731528	1731527	1
2949278	2950295	1
12765374	12765233	2
2749290	2748087	1
10258395	7735509	2
3395372	3395401	1
9638805	9637044	1
8469486	8467832	1
5171006	5171013	1
5228349	5228350	1
12592790	12593067	1
5735097	5735098	2
11360267	11360268	1
11373604	11253142	1
3087165	3087716	1
2269643	2269894	1
5635702	5635701	2
3589060	3589059	1
2340858	2340855	3
5903559	5903544	1
3708183	3708172	1
2827942	2827818	1
312265	312213	1
9415432	10198849	1
890856	890855	1
5060742	5060741	1
2352359	2352362	2
10451276	10451275	1
9943696	9943695	1
10378969	10573566	1
8329361	8326978	1
6335639	6446821	1
6391298	6391374	1
10594251	10594252	1
10344079	10344082	1
9418667	9349700	1
7153185	9066548	1
8973567	8973568	1
2035750	2035756	1
1430866	1431604	1
1482540	1482539	1
354071	354072	1
8531450	8531449	1
9660739	9660752	2
4653546	4653545	2
12312412	12312409	1
10465197	10465236	1
11488576	11489427	1
3589058	3663976	1
10922448	10922447	1
7471458	7471457	1
10725226	10725223	1
9691247	9691248	1
6430105	6430106	1
2826031	2826023	1
10185423	10185426	1
1944660	1944659	2
12415063	4033749	1
4691652	4691033	1
7011309	7011310	1
12667140	12609577	1
7446213	5808646	1
8256683	8256600	1
3512200	3512238	1
10241561	10234793	1
695620	695619	1
3538105	1472380	1
12519312	12528500	1
8226934	8226710	1
10703372	10703159	2
4649006	4649005	1
9008530	9026559	1
4248491	4248492	2
5429145	5429146	1
12354190	12354189	1
9234072	9234071	2
4363298	4363297	1
7226559	6850164	1
11551730	11551729	1
3279264	3279315	1
5450282	5450273	1
8097550	8102820	1
6273615	6275479	1
11354635	11354636	2
3989945	3989946	1
5959457	5959448	1
5179178	5430417	1
5198715	5198718	1
7769711	7767361	1
11793092	2341603	1
8335906	8335930	1
2248167	2248168	1
2446200	2446737	1
9144391	9144384	1
1794709	1794712	1
10723540	10723539	2
6140142	6139636	1
9180474	9185984	1
8358533	8358534	1
9580411	9582002	1
9327257	9327341	3
4340351	4340354	1
10120142	10120089	1
3696779	3696784	1
6368889	6368890	2
12599947	12599948	4
7412204	7411799	1
985465	985466	1
8421012	8567105	1
2271448	2271443	1
9529630	9783246	1
6818798	6818797	1
5714388	5714341	1
151489	151490	1
12048711	12251799	1
7854102	7854099	1
751473	753078	1
4597473	4597474	1
7678884	7678886	1
9571949	9571950	2
12721885	7131399	2
6756554	6756553	1
4577594	9283148	1
3476985	3476986	2
10765773	10766034	4
7254085	9139447	1
1191079	1191082	1
9084763	9089646	1
7148388	7148387	1
9561771	9561772	2
11413812	11413818	1
9887828	9862979	2
3390227	3390233	1
9026827	9025583	1
11324158	11323238	3
6583958	6583957	2
11310788	11310787	3
5458374	5351896	3
8553768	8552971	2
1197605	5915147	1
9586451	9586424	1
11351650	11351811	2
10048780	10055840	2
629680	630375	2
9706846	4783146	1
10775650	10775574	1
3141787	3141788	1
6141307	6141879	1
10542295	10542300	1
9536851	9536845	1
7177156	7177143	1
1619212	1619177	1
2281612	2282043	1
5310212	5244819	1
7092953	7092954	2
6968533	6968526	1
1246449	1246450	1
11755662	11755631	2
4392711	4392712	1
12275558	12276378	1
352675	3741249	1
9709356	9709379	1
7001919	7001920	1
10589360	10490913	1
4231256	4231277	1
11695786	11695785	1
2097567	2097750	1
9774827	9775414	2
11695296	11695295	1
2509038	2509967	1
7772333	7772309	1
12757783	12757784	1
1966652	1966662	3
3368122	3368121	1
5068937	5068938	2
1940297	1940300	2
3985930	3985908	2
5490453	5490444	2
12511602	12511601	2
1981369	1981370	1
12814085	12814086	1
3232314	3232418	1
3329677	3329678	2
7239108	7239107	1
3999393	3999396	1
1105235	1105236	1
208089	213312	1
687627	632383	1
11808924	11808844	1
7737657	7737625	1
3062146	3062060	1
6341117	7837129	3
894452	897324	1
1875423	1875424	1
3146953	3146954	1
2655976	2656090	1
3073457	3073460	1
3946642	3946641	1
9434813	9433294	3
4685514	4685370	1
3793681	3793682	1
11792845	11792853	2
7924710	7924507	1
1040297	1040307	1
950119	951746	1
8061437	8064017	1
7362805	7363231	2
5538633	5538634	1
10296224	10296380	2
1310879	1310882	1
3165943	3165937	2
2760122	2977381	1
12764229	12764233	1
1679589	1679294	1
4311315	4311316	2
11534664	11534659	1
7295837	7295178	1
9561747	9561748	1
9363280	9363214	2
6601274	6601230	1
6900770	6900769	2
742568	742567	2
8527838	8527939	1
7419508	7412984	1
7618263	7622116	1
8762652	8762651	1
8410192	8410191	1
8962137	8962140	1
2909771	2909772	1
3080738	2730365	1
9256642	9256637	1
9519628	9519627	1
11171052	11173517	1
3770437	3770438	1
3080449	3080450	2
2277333	2277386	1
2277076	9445970	1
3357602	3200606	1
9491205	9491206	1
10058775	10234823	1
7339243	7339045	1
7268105	10596086	1
5250067	5160755	2
2166148	2056187	1
4734915	4724101	1
2859161	2851983	1
12620509	12620510	2
7693526	7693322	1
8707490	8707487	1
3791301	3791302	1
9792607	9792605	1
9529997	9529955	1
12752043	12752103	1
4869667	6253403	1
908029	907964	1
11156451	11149763	1
4080254	3788251	1
15525	15526	1
11566450	11566701	1
9660197	9648642	1
4147481	4147482	2
727833	674203	1
9076044	9076028	1
7999549	7999550	1
10376954	10376953	2
11923261	11923266	1
10261338	10260350	1
10687160	10671550	1
5648794	5648752	1
6276640	6302532	1
5960924	5958961	1
3316525	3316526	1
9748758	9602980	2
7401073	7401076	2
2825212	2825211	1
11848398	7140782	2
743694	428034	1
6132306	6132285	1
4117367	4117357	1
12473568	12473391	1
5643942	5643941	1
12767470	12767652	2
4024843	4029658	3
10718744	10718743	1
6675110	6675109	1
2430068	2430381	1
10020862	10020851	1
6737836	6737525	1
10766720	10625460	1
11963209	11959237	1
8711072	8711069	1
2200645	2395240	1
3092258	3092223	1
11266777	11266815	1
1337064	1337032	1
1851981	1849423	1
7489016	7489015	1
744755	744764	1
4674219	4674222	1
4817345	4817346	1
2043471	2043473	1
6076955	1254608	1
5521144	5521141	3
8556049	3100689	1
8208071	8208031	1
7986239	7989961	1
6625018	6623158	1
1622798	1622797	3
3793683	3793684	1
11127326	11127343	1
235362	235385	1
4139029	4139030	2
3301491	3301465	1
12663727	12663728	1
4324586	4324564	1
5725225	5735873	1
3861461	3861462	1
6801840	474830	1
6154616	6154615	1
6738798	6738797	2
9708994	9708998	1
910805	952070	2
7909098	7909118	1
3782085	3782086	2
2699109	2700053	1
6101309	6096764	1
4723853	4723856	1
2007432	2007431	1
4593552	4593551	1
7349016	7287312	1
1758044	1758729	1
1123195	1128007	1
8449759	8449760	1
9665843	9663380	1
8495786	8495785	1
6568439	6568440	1
3635495	3635538	1
7434291	7434292	1
6863474	6860546	1
3852987	3852988	1
3270006	3270312	1
1861882	1861838	1
5276213	5276214	2
2439748	2439747	1
11367662	11367661	1
2983028	2983027	1
10485876	10485616	1
10341744	10341747	1
4004439	4002904	1
12323323	9651278	1
8425306	8426620	1
2342918	2346727	1
1407075	1406083	1
1957814	1957799	1
6807801	6807818	2
11598767	11598768	1
2376468	2376433	1
11846850	11846871	2
7172295	7172953	1
2139123	2139126	1
935886	935862	1
5873273	5974135	1
2831063	2831066	1
8316629	8316740	1
10359257	10359258	1
11800492	11800491	3
7772117	7772311	1
2514657	2515660	1
3288768	3288767	1
104719	10805855	1
10097116	10101774	1
6589513	6589514	1
3773061	3773062	1
3678947	3674321	1
11733799	11739399	1
1263783	1263779	1
12308135	12308859	1
1239341	1239342	1
2021376	2229711	1
10888586	10888568	2
1294629	1294632	1
8164008	8164007	2
4019479	4012072	1
10372163	10372174	1
4255484	4255475	1
8645154	8645351	1
8535927	8535928	1
8085295	8085296	1
2726671	2726672	1
11579053	11581164	1
12158675	12158676	1
9084087	9084088	1
7324037	7324305	1
205651	205652	1
3892207	3891913	1
12274443	12274440	1
1338124	1338123	1
6120889	6120890	1
4391211	4389902	1
2861788	2861795	1
11895908	11895878	1
1443788	1443271	1
7743266	7743294	1
4157248	4157401	1
3479631	3479632	1
7804082	7803817	1
6361717	6361720	1
5705803	6052370	1
12236167	12237633	1
8286711	8179584	1
11705693	11707288	1
5066851	5066854	1
5198366	5198132	1
2464692	2464689	3
9741000	9741650	1
5715044	5715090	1
4866904	4866919	3
178869	178870	1
818653	678387	1
2111412	2111411	1
10377857	10459677	1
192397	192537	3
7594627	1312966	1
7702789	7702815	1
11509161	11509207	1
5806454	5806453	1
1636110	1636131	1
9528672	9528671	2
10961185	10961181	1
3107585	3109681	2
1002446	1002445	1
11862195	11862196	1
6275148	6275147	2
11413412	11413431	1
4846902	4849634	2
7553901	7553902	1
4006814	4001308	1
6652153	6652195	1
3625080	3625055	2
1706225	1706208	2
2564047	7696490	1
7328733	7328719	2
6002871	6002872	3
5248712	5249050	1
8495784	8495783	1
10202469	10202457	1
9650293	9650294	1
9593273	9593270	2
3478164	3478163	1
4039107	4039108	1
1937900	1958263	1
3253276	3253275	1
3592527	3592528	1
7116582	7116581	1
3327193	2326781	1
12294708	12294707	1
6879854	6879530	1
1093647	1188266	1
10279429	3285731	1
2779364	2779363	1
5900928	5901049	1
7661438	7686431	1
6038275	6038276	1
8340009	10354349	1
7574924	9745336	1
1737416	1737415	1
415646	415649	1
3541484	3541481	1
6467800	6467799	1
10371798	10371290	1
6983349	6952859	1
7052187	7052190	1
7176082	7176418	1
9605025	9798187	1
9519630	9519629	1
8634872	8634871	1
6830886	6864906	1
3443950	3443949	1
9368277	9368278	1
3646019	3646020	1
8576418	8441824	1
6589941	6582400	1
10100896	10103468	1
10702623	10548314	1
2600685	2600686	1
3301027	3301155	1
12182860	12224634	2
9752718	9744204	1
1659504	1659503	2
5376781	5376782	1
8721983	8721984	1
7984684	7984683	1
6888726	6888698	1
1498923	1498924	2
9235342	9235262	1
11792848	1527541	2
5192121	5192091	1
6125774	6125773	1
6533006	6533705	3
6990343	6990344	1
2454086	2200522	1
2262281	2262282	1
785742	785741	1
12017043	12017177	1
9531464	9531459	2
10520284	10520640	1
3036754	3037231	1
9350839	9351536	1
9235781	9235680	1
11931681	11932688	1
5258223	5258224	1
7352015	7352016	2
12418946	12419769	1
850292	842762	1
4065132	4064618	1
2063142	2063141	1
9790934	9790600	1
6316128	6316195	1
7097387	7100092	1
3270454	3270456	1
7951452	7951451	2
5757769	5757770	1
10372464	10378864	1
12503774	12503985	1
12401844	12404529	1
4876773	6482783	1
6214675	6214676	1
3529361	3529367	1
3152045	3152048	1
4495079	4497273	1
729903	733186	2
11360667	11348192	1
4007683	4007684	1
4508117	4514144	1
11253255	11373399	1
3545433	3545321	1
3622660	3622512	1
10419796	10419793	2
5277330	5277276	1
98787	98788	1
12570218	12570217	2
8338691	8339306	1
8868487	9076782	1
5926384	5926383	1
2617819	2617820	2
7637482	7637507	1
5117730	5117888	1
9754297	9694411	1
4157458	4157455	1
8057880	8057879	1
8624151	8623731	1
9501741	9501208	1
5066305	6627510	1
5224775	5224823	1
10530836	10530831	1
2074513	2216990	1
7651534	7651533	1
9317364	9315249	1
8397048	8390438	1
11496932	11496916	3
8158148	8158146	1
4066707	3979089	1
9380167	9641913	1
9120719	9120649	1
11866952	6919523	1
11912906	11912905	1
4557262	4557105	3
7963973	7963974	1
7696333	7695695	1
6151360	6151359	1
4040378	4084335	2
1559036	1559007	1
1718552	1718549	1
10076002	6216059	2
3631261	3626690	1
9044507	9033200	1
4693096	4698038	1
7999459	7999469	2
6971618	6971574	1
4235428	4235954	4
3365888	4485228	1
6821224	6819113	2
11414316	11427153	1
7650554	7650532	1
7446331	4225847	3
1542341	1542490	1
3080449	3080452	1
1920741	1920726	1
10309084	10309451	2
1787757	1787758	1
9170016	9161497	1
7005651	7005162	1
3270118	3270117	2
9349935	9350229	2
9283248	9283247	1
9648373	9648361	1
8036880	1099677	1
2947808	2938142	1
2277078	2277077	1
9722079	9722082	2
2044014	2044013	1
12172080	12172079	2
12691028	12691027	1
3782968	3783567	1
716890	716889	1
7257433	7354638	3
5808861	5808862	1
6089998	6089997	2
1226827	1226785	1
11242953	11242954	1
11829313	11826770	1
1795710	1795709	1
7882651	7882652	1
6808199	6808200	1
8634870	8634955	1
9794220	9794552	1
1369417	1369632	1
7512827	7512832	1
12276634	12276633	1
7450335	7450285	1
3423932	1466371	1
11447040	11446996	1
12583891	12583892	2
5600481	5600482	2
6263353	6263354	1
4745990	4745989	1
10027730	10027829	2
1500073	1500076	2
1740672	1740671	1
3627396	3627736	1
2088958	2211760	1
3719622	3719621	1
12665037	12665286	1
8477143	8477131	1
10027843	10027844	1
4092389	1752137	1
6364792	6364800	1
5843091	5842991	1
636655	636656	1
9059154	9058943	5
5852987	7446249	1
10885407	10885408	2
7943439	7943661	1
6028583	6028584	1
3269172	3269167	1
1373685	1374084	1
1291224	1291223	1
10656848	10550515	2
1029655	1016339	1
5509456	5509662	1
12597413	12597441	1
12613393	12613394	1
6713563	6713571	2
10059811	10059812	2
355743	355744	1
6026001	6026002	1
7862493	7862444	1
6502007	6502033	2
2383392	2383390	1
10903039	6900414	1
9250377	9252621	1
8737800	8737774	1
1128547	1128548	1
10453044	10447424	1
4680318	4726652	1
4688646	4688575	2
2655049	2655050	1
11191925	11191926	1
759129	708141	2
1952997	1953000	1
6055881	6055687	2
7707429	7707432	1
1754747	1774032	2
4531806	10216341	1
8733982	8753267	1
1699964	1699963	2
4620819	4620983	1
754798	754797	1
1064655	1064656	1
8558452	8548558	1
12505001	12504890	2
7520718	7520717	3
7307482	7307481	1
7703782	7703785	1
2963088	2963087	1
6372763	6372764	2
533901	533861	1
3195762	3196433	1
2501241	2501250	1
1224126	1224168	1
7511675	7511676	1
11058628	11058670	1
176482	176481	1
8602029	8603063	1
9592706	9592722	1
6662248	6705096	1
10944693	10944628	1
4139277	4140155	2
5319904	5319907	1
11169038	11169033	1
8202541	8202542	1
243572	243591	1
367337	367223	1
2648367	2648385	1
3912437	3912440	1
8272248	8272361	1
1334553	1334625	1
2923039	2922378	1
1731215	1728699	1
2020299	2020297	1
9709391	9709392	1
1224913	1224914	1
4157254	4157253	1
9921568	9921420	1
5977561	5977562	2
1677360	1677359	1
2897604	2897861	1
4181269	4181270	2
2271192	2274889	1
2297133	2234779	3
1361982	1364802	1
8183302	8183301	1
3287150	3287113	1
10796246	10796245	1
6788750	6603939	1
6429552	6429546	1
803680	803687	1
3143764	3140345	2
6974133	6974134	1
4341858	4339848	1
5082146	5082145	1
167873	177143	1
4614687	4615196	1
5596701	5596693	1
6671763	5142883	1
1449572	1450930	1
11031400	11031399	1
4368283	4368689	1
3971985	3971952	1
4835943	4835935	1
590487	590459	1
4296551	4296552	1
1919814	1919954	4
12334807	8482218	1
7771948	7771945	1
1384175	1383276	1
1348729	1348730	2
9720411	9722501	1
2395299	2395300	1
631107	631101	1
4794941	4794970	1
3230618	3230612	2
2101054	2101053	3
1070426	1070425	1
6469530	6469524	1
3190487	3190488	1
2359505	2359524	1
7377306	8850353	1
7778560	8672231	1
8701740	8701739	1
11540709	11540665	1
6392383	6392384	2
4544402	4544399	1
6698280	6698019	1
5259906	5259903	4
8020509	8020510	1
8104162	8104171	1
7650066	7650077	1
11800495	11800493	3
8799839	8798517	2
2020038	2273527	1
6742643	6742644	1
2831291	2831292	1
9947773	9947774	1
11346105	11344712	1
11267400	11267397	2
10558245	10562984	1
895803	895804	2
6254730	6253846	1
2779625	2779630	2
2488070	2488069	1
3440769	3440668	1
8227427	8226858	1
7027615	7027616	2
604670	604629	1
7232740	7232739	1
4664367	4664371	1
348762	348761	1
2033196	2033233	1
7780222	7780221	2
4140114	4140118	4
9442482	9442481	1
4191604	4191615	3
8417551	8391252	1
2896141	2896142	1
3142560	3142525	1
4111040	4110796	4
11500340	11500334	1
8612493	8612494	1
7167752	7167751	2
5508842	5508904	1
988802	988814	1
11292551	11292552	2
8419198	8419195	1
9848582	9853679	1
6519134	6519136	1
10383474	10385628	1
5206884	5205566	1
11796089	11798014	1
9848550	9853631	1
6848804	10681108	2
7892499	7892475	1
9130731	9130732	1
1289067	1289068	1
6148667	6148670	2
9125746	9125745	1
289460	289524	1
7948062	7947983	1
7097975	7097983	2
12478369	12479046	1
895495	895918	2
11185737	11185703	1
8195979	8195980	1
8007995	8008473	1
11496692	11496687	4
834561	834562	1
10316808	10317742	1
8891428	8891062	1
1320931	1320946	1
5292308	5292311	1
2900410	2900372	1
5554859	5554531	1
7249583	7253914	1
8858241	8858755	1
11174797	11165312	1
1449980	1508046	1
6168451	10193674	1
8268407	3681770	1
7456398	7456026	1
12153891	12153876	1
9020987	9020988	3
3145945	3145946	1
8635225	8634822	1
10566866	10765736	2
2955944	2870422	1
2268456	2267550	2
10639981	10639691	3
3119113	3119747	1
11605337	11605338	1
3617374	3617392	1
11127809	5454795	1
1664420	1664419	1
10351140	10351144	1
2024908	2024800	1
7518133	7518134	1
9922485	9854850	1
6625168	6625161	1
1567343	3719482	1
2427941	2427942	1
5302025	5302026	1
34527	27957	1
6774156	6774155	1
9166498	9166497	2
8564758	8561868	2
6119530	6119560	1
5926948	5926945	1
1129114	1129113	1
10316308	10324822	1
3780700	3773540	1
9653551	9653552	1
11661202	8858413	1
1614712	1614779	1
4735270	4735204	1
7056138	7056137	1
10663855	10664749	4
1097820	1097819	1
10088840	10088914	1
5440589	5440590	1
10896817	10896818	1
999003	999030	1
6307516	6330291	1
9333171	9335807	1
379449	379450	1
4622289	4622290	1
399973	399974	1
3266130	3266129	1
490620	490619	2
8462362	8462361	1
3186345	3186346	1
9252840	9252837	3
1874827	1873766	1
11158605	11158606	3
11514845	11514815	1
8395808	8395807	1
4798138	4799259	1
7804144	7803886	1
6510411	6510412	2
478256	4193330	1
7238132	7238131	1
5544018	5544017	2
3194933	3194936	1
12674581	12674582	1
4866598	4866597	1
2617853	2617854	1
5442041	5433297	1
1399480	1399982	1
6451501	6451504	3
3285574	3285921	1
1596469	1594977	1
6772515	6772518	5
12533102	12533056	3
7298377	7298378	1
10267213	10267460	1
2460732	2460756	1
6667119	6667120	1
1040867	1040868	1
4081667	4081668	1
1969812	1969811	1
2698144	2698143	2
4234725	4234726	1
11674212	11674180	1
11627597	11626707	1
59397	60342	1
7496825	7496826	2
11903090	7096021	1
2247888	2253007	2
835286	640186	1
6738802	6738786	1
2732497	2732502	1
8559363	8559391	1
7520796	7521001	1
11698284	11698294	1
892903	892904	1
8757804	1461480	1
10260692	10260691	1
2756186	2756185	1
8623075	8623076	1
9961285	9961286	1
8308367	8308368	1
7656749	7656750	1
3019111	3019112	1
9488906	9488905	1
12661556	12661485	1
6927660	6927659	1
12813752	12813751	2
12533061	12533065	1
2785257	11997486	1
12364624	12326189	1
3642276	3642275	1
7893511	7893566	1
343224	343223	1
1621150	6982873	1
10747065	10747082	2
10100699	10100700	1
9923424	9922408	1
4251205	4248490	1
3990513	3990246	1
3136854	3136853	1
9653539	9653550	1
12475733	12475683	2
2600244	2597368	1
5269255	5270719	1
9265320	9265319	1
2391337	2391323	1
9691391	9691392	1
6038273	6038274	1
2588193	2590136	1
1384542	2707134	1
8939031	8939419	1
12290455	12290479	1
5621815	5621819	1
7921749	7921750	1
2640193	2629653	1
3989767	4070750	1
6691996	6691927	1
12696476	12696475	1
6677505	6677506	1
3100658	8555899	3
9127035	5597301	1
6417675	6417714	1
4231675	4231282	1
11193252	11193255	1
1052171	1052172	2
1888850	1888847	2
10281001	10280997	1
5535616	5528722	1
8058520	8058385	1
2314043	2314044	1
1594978	1594977	1
267635	266478	3
3694161	3694151	1
847713	847603	2
6606752	6606749	1
10380506	4570390	1
9612413	9527894	2
8456415	8456322	1
2787901	2787863	1
3305454	3305453	2
2052334	2052333	1
1836291	6807343	2
1738781	1739022	1
8643750	8643749	1
9686595	12030049	1
4801191	4802253	1
10421346	10423718	1
6986118	7000413	2
7847985	7847986	1
7967400	7962044	4
10571511	10571512	2
2263507	2263000	1
5867227	5867228	1
11619597	11620325	1
9718519	9718552	2
4086065	4086279	1
4422494	4422493	1
4260620	6498363	1
5570393	5570394	1
2119608	2119607	2
7790801	7790757	1
7037848	7037847	1
2777625	2777626	1
7354639	7354640	3
5751551	5751552	2
2472479	2472480	1
12438508	12438532	1
4656591	4656592	1
1783347	1783386	1
2033302	2031731	1
9897073	9897166	1
1429990	1429987	1
7769709	7769710	2
10231879	10231727	1
4371147	4371963	1
11506805	11509329	1
7139821	7135937	1
7371385	7371504	1
11165311	11165312	1
2177432	2177431	1
10470581	10470582	1
1120926	1120925	1
7697465	7697466	1
9648709	9648710	2
1778514	1778513	1
3666015	3666016	1
6187583	6187584	1
9283246	9279724	1
1404393	1404394	1
1580017	8087150	1
5674553	5667773	1
7965657	7965578	2
5368465	5368466	1
4649008	4649005	1
11081785	11081788	1
980967	1077554	2
11933988	11934240	1
677340	677339	1
12338779	12338780	1
5728085	5728088	1
7879632	7876753	1
2101195	2101196	2
7366723	10587510	1
10192925	10192797	1
624913	624914	2
8815338	8816728	1
1043357	1051824	1
11154847	11126830	1
5759944	5761594	3
3682418	3414714	1
9977828	9977821	1
1919816	1919815	4
190221	273005	1
12551373	12551488	1
12072379	11425434	3
7484829	1266171	1
9043426	9038270	1
12357524	12357523	2
1899133	1897709	1
833992	833991	1
161923	11077667	1
6015117	6015120	1
7876794	780794	1
10142728	10142727	1
2015222	2015221	1
10699573	10692562	1
3683154	3683121	1
6760655	6768411	1
5647189	5647187	1
2352367	2352368	2
3103069	2939893	1
10452191	10452171	1
10114225	10114226	2
11662859	11663285	1
1896813	1896814	1
9640218	9696307	1
7920403	7920416	1
10846675	10828286	1
5478949	5478950	1
3446598	3446834	1
11369375	11369376	3
12694179	12694186	1
370905	371284	1
4754539	4754540	1
4397454	3792058	1
9572209	4710202	1
10122987	10122988	2
796436	795669	1
7185697	7186872	1
1472381	1472382	2
3067702	3067749	1
2202681	2202682	1
10543377	10543378	1
348760	348752	1
3871962	3871965	1
4751854	4752136	3
1031288	1031287	1
5925361	5924823	1
11110850	11110847	1
11674209	7852720	1
3020024	3019034	3
2055610	2055609	1
4681380	4681373	2
1982966	1982971	1
783258	782296	1
9693008	9693007	1
10292729	649088	1
1691099	1691097	1
6933501	6932104	2
7656198	7656197	1
6623118	6625128	1
3853929	3832790	1
280095	520969	2
953598	953609	1
6436336	6436331	1
5758782	5758768	1
5612221	5612224	1
4687805	4687835	1
12593066	12593063	1
1361593	1361588	1
1126513	1250912	1
8471971	8471972	1
2086823	4009459	1
944683	944684	2
12147814	12147651	2
4487257	4489098	1
10451446	10451437	1
10749059	2317015	1
6110007	6110008	1
5926950	5926949	1
994907	994908	1
7324353	7324339	2
4169506	4171837	1
9062767	9062774	2
11507948	11633096	1
11393434	11393429	1
2707835	3076799	1
2481592	2481570	1
6620566	6620565	1
6595286	6595283	1
7996302	7995125	1
12484927	12484928	1
11236723	11236683	1
11106290	11105980	1
4382247	4383839	1
7984682	7984681	1
631105	631106	2
2349970	2341015	1
10431579	10431580	1
9752296	9340505	1
7805542	7805540	3
9128304	9138341	1
11387477	11387478	2
11666966	11666948	1
8316601	8316714	1
1471307	1473012	1
1357208	1357205	1
1619566	1620503	1
9993742	9994642	2
11203011	11203012	1
2996865	2752604	1
288098	288090	1
3593421	3593515	2
7948062	7948061	1
1288529	1290131	1
4855287	4855295	1
3545023	3545026	3
6152768	6057663	1
8259477	8259478	1
756879	756881	1
8384903	8384904	1
6620562	6809353	1
7476929	6151091	1
4113302	4112282	1
10647432	10647429	1
4660883	4660880	1
12813172	12790277	1
8296165	10317451	1
8396997	8392259	4
3480438	3480397	3
3396311	3396312	4
3972639	3972640	1
7528293	7529270	1
4193005	2708832	1
8247755	8247756	2
1831207	6772986	1
3391688	3391687	1
2076406	10608158	1
8412753	8410193	1
871211	871212	1
671823	930023	1
3960237	10298192	1
8533068	8602108	1
6849371	6849372	2
7844114	7844137	1
5561517	5561518	1
8050438	8050363	1
9625919	9482761	1
9903609	9902995	1
8855533	8855534	1
6988853	9058562	1
10754427	10754428	1
5496234	5496231	1
3637931	3637932	1
12197899	12137778	2
7017511	7017553	1
8327959	8323639	1
8233004	8232878	1
7592075	7592073	1
6178746	6177540	2
6341117	6341118	1
4033525	4030109	1
114446	114449	2
2207226	2207224	1
2580897	2580898	1
4134374	4133426	1
1287452	1287430	1
533365	533389	1
11677045	11677046	1
2404043	2410945	1
526816	526813	1
7066323	6921405	1
3260657	3261341	1
8329810	8329803	1
7771946	7771945	1
8817136	8653375	1
3603957	3603742	1
8255983	8255965	2
7473362	7473500	1
5591048	5590522	1
8396997	8392257	2
7345294	7345293	2
3792961	3790492	2
9691325	9691321	1
12477756	2533067	3
6507067	6507068	1
9056343	9056158	1
5505133	5505134	1
1404599	1285837	1
1120198	1120202	1
12427644	12427621	1
12568717	12544096	1
12505001	12505002	1
5521948	5521947	1
5297594	5297302	1
6381498	6381497	1
12025497	12025500	2
11366550	11367392	1
8871527	8871528	1
9334190	9334178	1
7190388	7190445	1
2139123	2328160	2
1623912	1623911	1
12781339	12781331	1
9041464	9041411	1
9775788	9772789	3
3567798	3567521	1
5077757	5077758	3
3474084	3474052	3
890258	890294	1
5018013	5018005	1
1114675	1114676	1
11387107	11386647	1
11032959	10966546	1
350485	350448	3
8343965	4594317	1
7417973	7417953	1
1663376	1663294	1
3427891	3427869	1
8043801	8043804	2
5714167	5713189	2
8081718	8081943	2
8782544	8782535	2
10888321	10888322	2
9769537	9769660	1
1137045	1137046	2
8509888	8509887	1
8631845	8631889	6
8189333	8188197	1
5345959	5345960	2
6642438	6642437	1
11470960	11471110	1
1622169	1630807	1
12403829	12403793	1
2133673	2133131	1
7207615	7207618	1
2765616	2765606	1
4092063	4092064	1
3806023	3806180	1
3820165	3823317	2
3521312	3521309	1
7581803	7581804	2
7343295	7343297	1
8206533	8206580	1
43788	9835396	1
7977265	7973744	1
8840477	8840478	1
10847160	10847159	3
11937476	11939098	1
7185962	7185974	2
6166119	6166120	2
464885	464886	1
1225141	1225142	1
9566652	9567064	1
7275994	7275955	1
1287946	1289979	1
11829475	11663653	1
12775795	12775796	1
3018847	3018841	1
396074	396065	2
8999562	9003879	3
7066321	7066322	2
8303260	8303003	2
4016436	4012423	2
4219988	4333150	3
8496380	8496379	1
12027742	12027739	1
3360579	3360722	2
3374672	3374687	1
7353662	7353661	1
554960	551096	1
4551987	4552173	1
8570450	8570666	1
4264380	4264379	2
7352212	7352373	2
7795626	7788438	1
1234184	1236537	1
11226383	6216260	1
11882657	11882658	3
11154717	11154325	1
9016820	9016819	2
4199822	4199902	1
5063924	5323959	1
4109186	6919496	2
3288018	3266194	1
4390181	4390182	1
11807467	11806795	1
713820	713846	1
9108967	9112029	1
11411963	11411964	1
9647905	9647906	1
2616849	2616850	1
827654	933135	2
11763840	11763883	1
10427576	10427582	1
11542932	11542931	1
610131	609667	1
4118726	4118685	1
9671934	9673158	1
7947982	7947981	1
2466688	2466659	1
6504143	6504144	1
976335	976367	1
12205856	12205851	2
9748839	9748789	2
9701242	9701241	2
9969951	9969954	1
143635	143644	1
8491241	8491242	1
6832024	6832227	2
5701201	6060098	1
2061395	2061396	1
1415005	1485236	1
5490445	5490446	1
4071775	4071770	1
8890483	8890591	1
10050374	10050373	1
4468205	4468206	1
4221609	4221590	1
623134	11095089	1
10458693	4438239	2
5507715	5507706	1
11688227	11688247	1
8825745	8825750	1
7430829	7281203	1
5625776	5625775	1
3543322	3543776	1
7259075	7417889	2
10380978	10380977	1
4508335	4517244	1
2250822	2298506	1
2378279	2378286	1
1482706	1482712	1
7293737	7293738	1
5545180	5545164	1
5837675	5838549	3
9285576	9285579	1
4553573	4553574	1
1776387	1776390	1
10905365	10905366	1
6345504	6351522	2
6871927	6871928	1
6368177	6332666	1
3313608	9577504	4
8494417	8494418	2
447910	285122	1
7446403	7446404	2
7303691	7303733	1
1733545	1733474	1
8238332	8241788	1
6148662	6148620	2
4081884	4082086	1
2723701	2721620	1
1071102	1358444	1
11328737	11328914	1
1152782	1151997	1
12660687	12610622	1
8058766	8058765	4
1783009	1783010	2
7458639	7458615	2
4006818	4006817	1
3396617	3396566	1
5457352	5457351	1
5334546	5334543	1
4588492	4588491	1
105422	105421	1
1400950	1400810	1
11639590	11639589	1
149159	149293	1
12359306	12359310	1
10113844	10113843	1
6841547	7234651	1
2580853	2580899	1
4017437	4017479	1
5149114	5149113	4
2597367	2597359	1
7715493	7715494	1
9937752	9937756	1
1448006	1446551	1
6549910	6544956	1
1344691	1344692	1
11740469	11740472	1
10692098	10694624	1
12533943	12533944	1
3316882	3318127	1
12723655	12723656	1
3642290	3642252	1
497776	497775	1
8879242	8970855	1
3901223	3901224	1
9434811	9434812	1
6013518	6169829	2
7657862	7657861	1
6381504	6381497	2
3628666	3628665	1
6096733	6096734	1
3812612	3812677	1
11085929	11085970	1
3853057	3853062	1
9424798	9424831	1
10333499	3642410	1
363647	363671	1
4632210	4632215	1
10313505	10313517	1
3638977	3638973	2
8829647	8829578	1
3282513	3282514	2
11741774	11741773	1
7604716	7604720	2
4024237	4024310	2
1526753	1526754	1
12627642	12627627	1
10926821	10876274	1
1728947	1729882	1
6402810	6402831	1
971946	971904	1
11106292	11106291	1
8236352	8322492	1
10939955	10978437	2
5222944	5102164	1
12316902	12317012	1
5321915	5321916	3
1778361	1778502	1
7446305	7446308	1
11495600	11358065	2
2513090	2513110	2
2063500	2084173	1
2375609	2375836	1
6349507	6349508	1
6978406	6979235	1
7999468	7999465	1
5317654	5317651	1
5951903	5951916	2
6843049	6843050	1
7671750	7671749	1
3979032	3979098	1
4840421	4840422	1
11562277	11503374	4
2672000	2672347	1
11670022	11670272	1
11000137	11001157	1
11357642	11357641	1
1147431	1289983	2
7181663	7181446	1
3089726	3089725	1
2593217	2593218	1
9653553	9654794	1
8808416	8803198	1
4672129	4672050	1
5595234	5595233	1
10614196	10614209	1
7074909	8105809	1
12461924	12461682	1
38656	38655	1
2073672	2073715	1
3471409	3471410	1
6662280	6662279	1
4033656	3183989	1
11545778	11545783	1
9270685	9270688	2
3272845	3272848	1
6183780	6183773	1
1899126	1898900	1
8355500	8355489	1
1119867	1119868	1
4020742	4020728	1
6067207	6067208	1
5429957	5429911	1
7446266	7446314	1
5209056	5209304	1
4823414	4823397	1
9928511	9928512	1
759597	759624	1
1535564	1535545	1
912374	912371	3
9073222	9073049	1
9497237	9497178	1
8574802	8574801	1
9776980	9785071	1
11470642	11471069	1
4357783	4357801	1
7164841	7162083	1
7870057	7870050	2
7130387	7130382	1
11890616	11890658	1
1856978	1858357	1
12418948	12418947	1
6558498	6686370	1
1963756	1963731	1
6908775	6908763	1
12137069	12136962	2
4799500	4801868	1
8768664	8798470	2
9040770	9042181	1
10480245	10480271	1
798671	797247	1
1687541	1741728	2
11693961	11693962	1
7242860	7242859	1
6066201	6067550	2
10232779	10232780	1
2591871	2590664	1
2964695	2964696	1
1332093	1332096	1
11760129	11760130	1
10563093	10563094	1
10914719	10914722	2
4236321	4236351	1
910778	910506	1
1591813	1591822	1
9787028	9787098	1
1776419	1776420	1
12620264	12564664	1
8385120	8385156	2
1546822	8333373	1
802497	802698	1
9526267	9524847	2
8691376	8686896	1
9528676	9528675	1
7306867	7306757	1
5390627	5390301	1
9540705	2319936	1
5052812	5052808	1
6858707	6858730	1
1683553	1683623	1
6621031	6621032	1
2386760	9656801	2
10883526	10883525	2
2167001	2066814	1
3582706	3582738	1
8335382	8335431	1
2053889	10395728	2
6585245	6585246	2
3249990	3250168	1
5528627	5257155	1
10556719	10556629	2
6725635	6725636	2
570161	570169	1
7496231	7496232	1
1073661	1290882	1
6753429	6753430	1
6594837	6594826	1
2010930	2010932	1
5162600	5162599	2
7167452	7168872	1
2260897	2260883	1
11805514	11805568	1
4690452	4690451	1
11907913	11906842	1
6640620	6640617	1
9181730	9181729	2
6346160	6346159	1
11939607	11939612	1
7172293	7172294	2
7511677	7511960	1
10726072	10726235	1
5735582	5735581	1
1667820	1667817	1
9183717	5540241	3
11425127	11414585	1
4080749	4080765	1
611309	611156	1
109612	11058629	1
8836181	8635209	1
4574260	4574204	1
3989942	3989950	1
693613	690706	1
3996269	3995430	1
7592738	7592737	2
9477368	9477367	2
12187800	12187742	2
2904503	2904504	2
5190126	5189285	4
11370031	11370569	1
5213451	5194716	1
9573832	9573829	1
5531475	5531478	1
3067601	3067618	1
4084849	4084850	1
10185425	10185426	1
4256880	4256828	1
7451805	7451774	1
27508	27507	1
12767931	12767944	1
2488885	2527841	1
10359259	10359240	1
2003504	2003503	1
6604341	6604252	1
2590712	2590686	1
3862508	3862276	1
5609566	5772885	1
8838476	8838596	1
3036097	3035089	2
10177691	10178589	1
5066024	5065991	1
9190726	9190716	1
12175569	12175572	1
9061938	9061928	1
11176491	11173950	1
5658784	5635383	1
4752167	4752387	1
3196077	3196744	1
305360	6424102	1
12510692	12526655	1
4359755	4359756	1
11493723	11493726	1
3202162	8008771	2
11648414	11648413	1
8039651	8039652	1
12755235	12756068	2
1619638	1620493	1
1477212	1477211	1
9177412	9177411	1
291772	304509	2
6552848	6552762	1
5512871	5512946	1
4251979	4251959	1
8314947	8315515	1
12138806	12138805	1
5003385	5003399	1
3297338	3261941	1
9048820	9048819	2
3796473	3796474	1
6155746	6155743	1
4560616	4563662	1
3161072	3161053	1
5820207	5829019	1
3579640	3579742	1
7262644	7262388	1
2545524	2545523	1
6362106	6362096	1
10634188	10634367	2
6849601	6849566	1
1495163	1495166	1
6965179	6965257	1
5459156	5458986	1
3231160	3215655	1
1538952	1538951	1
847602	847601	2
5013685	5013686	1
4365728	4365744	1
12693691	12693771	1
7135470	7135469	1
2920833	2920834	2
4407464	4407463	2
7398107	7397834	1
9515384	9515383	2
9466041	2275911	1
9961223	7489015	1
11934403	11934371	1
9887499	9895827	1
1568596	1572818	2
6665859	6665860	1
10444317	10444318	1
8780214	8780202	1
12388243	12388183	1
7001911	7001921	2
1641024	1641023	1
12311344	12310551	1
6318113	6322134	1
11187504	11187485	1
6869574	6867613	2
8365251	8308366	1
5679237	5679240	1
10074978	10075002	1
6704517	6704525	2
1406368	1406358	1
3508710	3509189	1
250772	376703	2
5505131	5505134	1
1093634	1093633	4
11833065	11831032	1
7587856	7587855	2
4662371	4662377	1
2031828	2032058	2
432999	433000	1
847320	848032	1
11732726	11732725	1
4355831	4355924	2
2316981	2317014	1
9696867	9662398	1
8734547	8733751	1
6515447	6515448	2
11176783	3531157	2
1880997	1898309	1
1714796	1713980	2
5625364	5634382	1
4478427	3369765	1
1177823	1177824	2
2338256	2338255	2
693886	693350	1
5674724	5674721	1
2119775	2119609	1
1472548	1472536	1
7069310	7069286	2
10269475	10267196	1
3032822	3032821	3
2312551	2312552	1
3254127	8556898	1
814503	814379	1
3985932	3985931	3
7545349	7545354	1
4818044	4818041	1
11902065	11902076	1
11073405	11073406	1
4657673	4659848	1
5066851	5066852	1
6978007	6973697	1
227597	227527	1
7207513	12476124	1
119173	242801	1
6862189	6862251	2
9163682	9163681	2
7055630	7055843	1
11014102	11012835	1
5927718	11022946	1
4828246	4835375	1
12275558	12275557	1
4311775	4311694	1
2594244	2594109	1
1098192	1098191	2
7820076	7819600	1
11651800	11653048	2
708603	742548	1
11860636	11860570	1
4491852	4491851	1
9612257	3855165	2
8464175	8464111	2
12328778	12328769	1
8882021	8882022	3
8646427	8646428	2
6122	9868919	2
498337	498606	1
753584	753564	1
1189048	1189066	2
6447844	6447866	1
1598226	1598225	1
1201784	1201783	2
1745224	5323260	1
6859416	6859415	2
11138899	11138916	1
2700557	3065014	1
11732978	11732975	1
4010665	4010741	1
3819564	3819554	2
4275678	4275672	1
934457	934458	1
2142657	2143073	1
6109237	6109238	2
3624184	3624183	4
10391269	10389395	2
632346	632351	1
1320879	1320882	2
11242756	11228603	1
11585520	9778738	1
7720336	7720329	2
7913970	7913969	1
7056113	7056114	2
3961112	4370601	1
4593368	4593359	1
10752524	10752558	1
8170612	1656138	1
896740	887147	2
11664763	11664764	1
1444813	1444814	2
5503956	5503953	1
6997921	6997922	1
5812647	5812648	1
7767370	7769673	1
8496378	12576076	1
11033417	11029606	1
5042377	5042362	1
8274035	8274036	1
460484	460470	1
4380443	4380444	1
416586	416585	1
8643262	8643593	1
4301738	4302265	1
12030330	12030297	1
8975950	8975949	1
12651731	12652368	1
5134432	5134431	1
8221600	8221599	3
6020830	6099589	1
164574	165289	1
3252665	4054170	1
10608159	10608160	1
4379224	4379223	1
11247185	11557609	1
9144953	9144954	2
8101250	8103647	1
9914909	9914910	1
4554101	10334058	1
8402379	8402352	1
5212513	5212533	1
5823149	5823150	1
4538095	4538098	1
3066142	3067233	1
12778357	12778352	1
1105232	1105231	1
4214464	4210589	1
2484970	2484658	2
5442977	5442978	1
3339290	3339269	1
4157252	4157251	1
12170280	12170291	1
1285075	1285303	1
804825	802511	1
3247037	7856993	1
12160847	12160850	1
2234697	2235614	1
1464197	1464293	1
6470004	6469746	1
7318628	7318709	1
3163740	3163737	1
3576410	3576405	1
6704615	6704363	1
4374253	4374442	1
7139829	7135937	2
3796475	3796476	1
8207954	8205640	1
9844805	9840011	1
2779847	11986885	1
6711756	6710943	1
12184744	12184743	1
11091445	11097983	1
10452539	10452540	1
4040755	3951160	1
4795305	4795306	1
10197606	10197605	1
7183563	6900969	1
9599665	9597725	1
8703143	1250345	1
938751	942390	1
9353672	9353671	1
3201500	3201250	1
3968623	3968624	2
1098020	1100046	1
5371027	5371028	1
4028240	4029752	2
12618991	12623095	1
1726260	1726259	1
10023561	10024399	2
12398223	12394591	1
9908583	9908584	1
1800560	1800559	2
4845058	4845026	1
8183837	8251654	1
9775079	9775080	1
2982439	2981863	1
1597645	8149285	3
4646108	4646107	1
5129007	5124655	2
1727382	1731072	3
5946661	5946664	2
8292404	8287886	1
9314019	9314234	2
276416	265088	1
4325524	3125986	2
5162442	6637815	1
9031858	9031857	1
2505971	2505972	1
3214339	3214253	1
9144953	9144956	1
9614836	11647551	1
5648628	5648627	1
1885431	1885432	1
5016482	5016730	1
10870177	6866147	2
9355988	9355831	1
2459894	12648067	1
9119048	5559020	1
1108963	1108964	1
6501544	6501531	1
8761151	6884115	1
9070020	9068880	2
6454117	9925484	1
2408534	2505812	1
11745536	11745315	2
8268441	8268556	1
11999143	11999636	1
6999528	6999527	2
603182	603179	1
8500703	8510605	1
11546598	11546811	1
7088620	7088617	1
11698284	11698290	1
7919419	7919420	1
10211888	10203976	1
9416634	9416623	1
4745090	4745089	2
5063828	5036815	1
10433371	10433372	1
6830571	6830572	1
10678298	1605059	1
12456208	12454557	1
2318096	2318274	1
1789562	1789559	1
11119963	11117249	1
8678260	8674648	2
4348982	4348979	1
465513	710457	1
10966364	10966363	1
9922611	9922379	1
9135761	9135769	1
2020446	2020457	1
8302360	8302359	1
5818468	5818686	1
5399402	5400133	1
4019177	4019392	1
7576300	7573647	1
10643189	10643172	1
6468887	6469840	1
4700837	4700838	2
4711349	9572810	1
4226939	4226828	3
4562899	4565409	1
2639113	2639114	1
10232980	10232979	1
3521312	3521311	1
1517519	1517520	1
8901693	8901858	1
1230999	1228449	1
797283	797276	1
6067287	6067288	1
12025501	12025504	2
1865780	1865795	1
4135904	10051395	1
8712083	8712067	1
11726137	11726138	1
11087229	11088285	1
7400539	7400540	1
2287705	2222026	1
11563353	11499088	1
323513	323514	2
8612412	12612309	1
4153545	4155237	1
7264939	7265683	1
10144754	10144753	1
2759781	2759784	1
371743	371745	1
11919170	6394747	1
12424566	12518626	1
6538708	6538707	1
1331179	1325271	1
10045362	10045369	1
7539491	7539453	1
5692644	5692637	1
11301428	11301450	3
11617817	11617818	1
6373865	6298192	1
7567972	7568993	1
11751213	11751102	1
7260568	7260565	1
7966911	7966913	1
1831852	1831617	1
4316453	4316419	1
5779445	5779446	2
8927419	8927422	2
12666308	12649963	2
1675722	1675719	1
1006910	1006907	1
3754667	3754668	1
1498925	1520293	2
5841037	1222373	1
8088574	8088474	1
1965878	1966059	1
3321943	3320677	1
3268759	3268760	1
7966454	7966049	1
4755870	4663864	1
9020995	9020996	1
11695243	11695251	1
4640937	4640950	1
7310312	7310298	1
6623349	6623340	1
6084510	6080666	2
3126892	3126891	1
657310	656892	1
5519821	5523826	1
1728656	1728655	1
3311970	3314031	1
1017122	1017121	2
1957292	1957669	1
5962852	5962868	1
3854335	3854296	1
5258713	5202007	1
10176917	10177002	1
11699683	11699684	1
5054719	5054720	3
8960992	1311241	2
7980523	7978479	1
11057003	11056947	1
6758544	6759389	1
8523001	8522382	2
4188659	4169541	1
4572901	10381858	1
11505941	11504902	1
9124740	9124543	2
3959338	3959320	1
2675495	2667824	2
386180	386239	1
7446243	7446426	1
2518392	2518391	1
3874119	3874159	1
10311381	10311500	1
9979700	10216860	1
4700918	4122069	1
3409118	3407809	1
6592421	6592422	1
11525263	11525276	1
6436336	6436333	1
5999913	5999899	1
5549254	5549221	1
12127979	12128071	1
7141223	7189321	1
7996368	7996255	1
4530187	4532904	1
8010521	8010608	2
3229861	3229877	1
10098211	10098028	1
12226907	12226910	1
11406084	11405836	1
5204282	5103018	1
1462597	1466369	1
4432282	4431754	1
5714280	5714238	1
3063845	2996469	1
2381532	2381838	1
12766676	12766673	1
799117	799118	2
5271035	5271036	1
1587229	1587280	1
5468863	5469341	1
5421844	5421843	1
4407462	4407779	2
11369370	11369369	1
8222867	8105068	1
10115406	10115405	1
1739731	1745427	1
5548869	5548820	2
6281485	8799539	2
3796756	3796177	1
11164149	11206298	1
2264410	2264435	3
12568744	12568743	1
4723851	4723852	1
5689369	5684222	1
2616406	2514312	1
12326453	12326454	1
7372095	7094504	1
4051656	4051655	1
7210286	2191799	1
10156726	10106180	1
2537333	2537334	1
2672452	2672451	1
7876189	7876606	1
9667400	11625404	1
8802294	8802323	1
5278178	5278177	1
7915214	7915351	1
11784912	11981092	1
6881927	6881888	1
2645275	2645224	2
11494305	11494308	1
9580908	9578173	1
5731215	5731218	1
10591971	10591972	1
7578870	168796	1
1313703	1313802	1
7099800	3785571	1
6198316	6198315	1
3704060	3704047	1
1593474	1557438	1
3296917	3297018	3
1277017	1277020	1
8791565	6827263	1
5711257	5711249	1
5290394	5290365	1
6943625	6943585	1
4787530	4787529	3
10775689	10775692	1
9075347	9075077	1
7621510	7621514	1
5755321	5755400	1
528861	581698	1
9535315	9535316	2
8650093	8851558	1
1244130	1244129	1
2137850	2137845	1
11104993	11104994	1
11339160	11339208	3
10456945	10456948	1
2254038	2007565	2
3686000	12693986	2
6481901	4991275	1
1692482	1692479	1
8468383	8468384	1
2515417	2515420	1
11834135	11830371	1
4500528	4500597	1
4241256	4241263	3
8358513	8358532	1
2015812	2334685	1
7807378	7807377	1
8621352	8621368	1
348671	348672	1
10225224	10224530	1
2593219	2593220	1
1600971	1600972	2
8556921	8556922	2
10754348	10754347	1
12764805	12764781	1
10285076	7918015	2
40679	167832	2
8448169	8447519	1
4364216	4364215	1
4508333	4517244	1
12809630	12808268	1
390960	390976	1
337525	337516	1
5743046	5741772	1
7774235	7774403	1
2795467	2795432	1
8359166	8359165	3
10826275	10826276	1
7595317	7595311	1
6717765	5576036	1
4015276	4015275	2
2779677	2784474	1
4711708	4711707	1
4583546	4357079	3
335531	335532	1
815078	595999	1
6716739	6716731	1
12317499	12317500	3
7853713	7854296	1
5152840	5567943	2
11270351	11270354	2
8821781	8821791	1
11123835	11123838	1
7334334	7334333	1
5711731	5711754	1
8397106	9576135	1
8846159	8846160	1
3521386	8044430	1
12815081	12815082	2
2930241	2930242	1
9822213	9822216	1
6173968	3942781	2
4332627	4331999	1
12741056	12741079	1
10078175	10078176	1
3940309	3940337	1
7396095	10414969	3
2191759	12645916	1
12165332	12165331	1
6278299	6278300	1
4003246	4003366	1
5908373	5908385	1
10151544	9853308	1
6970016	4412743	1
8551835	8551874	1
3728291	3728292	1
927344	927343	2
9495757	9495779	1
9513268	9513267	1
2816915	2816417	1
1125122	1125117	1
4706773	4709732	1
11792149	11927949	1
3192163	3155858	1
7345194	7345202	2
5259081	5259071	1
10078186	10078174	1
6028154	6028153	1
231159	231173	1
7820076	7820074	1
7477124	7477085	1
11649802	11650439	1
4031069	4032433	1
7819964	6780441	1
2173386	2173598	4
10970094	10970981	1
6070305	6071207	1
9529196	9528716	1
8510578	8373106	1
7903720	7902797	1
3269172	3269169	1
4408966	4409150	1
9785926	9792753	1
12255107	12255096	2
8076201	8075916	1
6374697	6374706	1
10359504	10359503	1
5093362	5093300	3
2899987	2899997	1
5902456	5910062	1
7283601	7281690	1
7300753	7299563	3
11067032	11067031	1
3126626	3120486	1
1608689	1606873	2
11568101	11568102	1
12809632	12809631	1
10343436	10343435	1
8959567	8835385	1
4656622	4418069	2
4139006	4139049	1
3399629	3399630	1
713761	6918547	1
1855332	1855323	1
6946350	6946234	1
9568293	9566050	1
5725086	5726599	2
496862	497348	1
11331907	11332373	2
334034	339005	1
2853573	2853574	2
7742883	7742884	3
1874731	1874732	2
5954898	5954504	1
3735317	3698218	1
8288412	8288380	2
3214413	8554421	1
1174776	1175810	2
7985089	7984487	1
4514523	4514701	1
4000317	4000318	1
374961	374962	1
9561773	9561774	1
1211522	1211521	1
729468	729444	1
10597159	10618796	1
4546291	4546354	1
11653777	11654057	1
4193858	4194382	1
6349536	6349506	1
6269632	6269631	1
10672337	10672339	1
8073232	8073231	1
434097	434115	1
1603306	1603150	1
9077593	9077849	1
10245128	10245111	2
4249544	4249654	1
10232290	10232287	1
11617817	11616361	1
6321313	8052061	1
5050982	5050981	1
11393432	11393429	1
10949784	10949783	2
10639875	10639876	1
9506728	9506721	1
12255266	12255265	1
9508032	2315793	1
11472139	11472167	2
4515251	4515265	1
10426067	10421349	1
7694760	7694747	1
7916337	11674775	1
852579	852580	1
11742346	11743188	1
4634323	4426177	1
798932	794489	1
6170646	6170645	1
7446248	7446474	1
11608555	11608558	1
3982762	3982779	1
2190776	2190726	1
2501829	2501830	4
5621596	10934915	3
4414621	4414622	1
3949979	3950039	2
8580134	8580133	1
374177	374178	1
10375386	3556222	1
10187774	10187859	1
5622751	5765374	1
10656825	10647156	1
10066278	10066277	2
7056115	7056139	1
8073230	8073229	1
7230805	7230737	1
11144698	11144697	1
7398881	2088644	1
7152729	7150406	1
4420645	4420646	2
6144827	6065968	3
10588697	10588606	1
4309302	4309301	1
6469653	6469656	1
9677235	9677230	2
3481136	3481135	1
10851885	10851873	2
4836034	4825063	1
8391468	8391465	1
5657943	5657946	3
4422503	4641180	1
2826425	2826392	1
1421973	1421933	2
5048112	5048111	1
11622950	11573407	1
4474963	4474964	1
11962496	11962493	2
4748227	4447444	1
479972	601608	2
4956931	4956932	1
3384546	3383159	1
7122565	7122566	1
2544860	2544863	2
10826673	10826909	2
7715793	3023140	1
3775567	3775385	1
5725851	5729050	1
12379088	12379087	1
7175481	7175637	1
3244673	1943747	1
5822065	5720123	1
8677705	8683543	2
12042114	12042586	1
3400159	3399628	1
4629257	4629258	1
10755756	10757055	1
2621846	2621845	1
5153434	5210087	2
12148336	12148333	1
12773624	12771462	1
5560487	839422	1
6109038	6109147	1
2506051	2506054	1
1693370	1692622	1
1792043	1791948	2
618992	618991	1
7670459	7604125	1
11677178	11677177	2
10239423	10240852	2
4322655	4322658	1
8316741	8316742	3
5070501	5071896	2
4523425	4523426	1
10618797	10618798	1
12244421	12245514	1
11210817	11210887	1
8347427	8347473	1
891635	891625	1
3340187	3340436	1
9390887	9387602	1
12566304	12570876	1
186508	187825	1
2069657	2164997	1
9032863	9032864	1
9146230	9146223	1
4441051	4440905	1
12745948	12740408	1
741263	741259	1
5562967	5562968	1
8957443	6850235	1
11748913	11740293	1
5643399	5643400	2
5186948	5246007	1
5828487	5828488	1
6257842	6258896	1
5506038	5506102	1
433585	349771	1
4052860	9531978	1
11853508	11855154	2
10324214	10324143	3
10734473	10734474	2
1789132	1787756	1
8777193	8728791	1
2287091	2287092	1
11478671	11257941	1
8194397	8192657	3
437427	440186	1
3158128	3158127	1
10000252	10000251	2
10920563	10920564	2
8108917	8108918	2
5052809	5052810	1
4190677	4190528	1
11374764	11374763	1
9971548	9971140	1
11644499	11645358	1
5235019	5193421	1
8394195	8394489	1
6504311	10877599	1
4530515	4530554	1
7798247	7798248	1
3494638	3494652	1
4468203	4468204	1
480189	480024	1
3607840	3607873	2
2087359	2087362	3
9521683	9521576	1
8733277	8735297	1
8624988	8624985	1
10809296	10809328	1
7717003	7717006	1
73899	73902	1
3994457	3994694	1
10447085	10447702	1
7891483	7883360	1
10625151	10626074	1
2105163	2107000	1
663601	663602	3
2248169	2248160	1
6690390	6690389	2
9187853	9187839	1
11331693	11332818	1
1317986	1317985	3
6628492	6626442	1
5616510	5618616	1
3195575	3195576	2
5234657	5234658	1
4311362	4311350	1
10373886	10373885	3
2580897	2580900	1
125722	125651	2
8301083	8347116	1
7387538	9141712	1
4555813	4555814	1
6483781	6483776	1
6107923	6109206	1
10344086	10344109	1
10225874	10226588	1
4705624	4705647	2
8714165	11863054	1
9770166	9770165	1
10007612	10007611	1
7880353	7880354	1
624915	623320	2
554977	554978	2
8764451	8764396	1
113033	112890	2
5357528	5357527	1
710283	710274	1
10516099	10516033	1
3513208	3513197	1
8939511	8939514	2
10120765	10120792	1
7717463	7717466	2
11534884	11534683	2
3717824	3717834	1
4620817	4620818	2
2842116	2968850	1
10767352	5104706	2
7088269	7088272	1
8829577	8829578	1
7724067	7724051	1
2135674	1934583	1
7238134	7238133	1
1864089	1864090	1
4799546	4648311	1
10857972	10857693	1
4193586	4193595	2
12630583	12630996	4
6202070	6202056	1
9165937	9166007	1
8264043	8264044	1
7975499	7975288	1
6451489	6451490	1
4395126	4395070	1
2805668	2805388	4
3984964	3985376	1
5504208	5504150	1
7230111	7230112	1
5966884	5966883	1
9681337	9681731	1
3731487	3731492	1
8384958	8384955	1
9298377	9298387	1
9577272	8398266	1
1954969	1954970	1
7652114	7652113	1
6619471	6659255	1
7768665	7768646	2
7252861	7252754	1
4910719	4910720	1
1846106	2664250	1
1358690	1358689	1
2579950	2580997	1
4008619	4076530	1
724150	724204	2
7330782	7330778	1
976409	976324	1
3135815	3138434	1
11162575	11162592	1
174172	174175	1
2775449	2775579	1
5529592	1828964	1
5911660	5912145	1
1244466	1244447	1
11270988	11528578	1
5675868	5675629	1
9268303	9268314	1
651371	651364	1
9695183	9785270	2
3320248	3340871	1
3321657	3322445	1
1137668	1137663	1
10976198	10976260	1
2258322	9320440	2
10060071	10060074	2
8189120	8189074	1
5385378	11132352	1
1520283	1520284	2
9076212	9076211	1
10311841	10311842	2
4593712	4593711	3
5718715	5719697	1
5556447	5556095	1
6025997	6026000	1
8475793	8475798	1
9332565	9340135	1
3932853	3932854	1
212684	396075	1
6778530	6778527	1
8320321	8325726	1
7387110	7387928	1
6125772	6125771	1
4433978	4433977	1
773531	773532	1
1902248	1902244	1
9089328	9090662	1
9553951	9554817	2
9976079	9976080	2
6960658	6960657	1
3360723	3360724	1
2163299	2163260	1
1283990	1284058	3
4754541	4754542	3
6047539	6047540	2
1410562	1410660	1
2084869	2084829	1
3249462	3249461	1
12660282	12660281	2
11162284	11162281	1
3465479	3465485	1
783223	783224	1
12188464	3115165	1
11772171	12153993	1
8495786	8495783	1
2517874	2517825	1
10352560	10349854	1
5525651	5524190	1
11586084	11586083	2
9098846	9003223	1
3195573	3195574	2
11206737	11209425	1
1294143	1294329	1
10267266	10267265	2
8948853	8948856	1
10192517	10193765	1
5739794	5739804	1
172591	175020	1
1580052	1580030	1
11592727	11592706	1
2431435	2431470	1
8397057	8397058	1
8534005	6649908	1
6870874	6863025	1
1494700	1494699	1
7594524	7594521	1
1603619	1607678	1
4760331	4758943	1
11698287	11728422	3
716728	716727	2
6131818	6108848	1
11065683	11065688	3
11860359	11860360	1
10738619	10739054	2
1854809	1854669	1
10042296	10042326	1
11431823	11431824	2
10498443	8001301	1
6841146	6980006	1
2403780	2424450	1
10217612	284548	1
10663987	10663988	3
10122967	10122956	1
3557977	11829260	1
2376699	2376700	1
1320893	1324198	1
9962174	9962020	1
11114998	11124470	3
11292549	11292550	1
12754213	12754214	2
4474392	3500568	3
11757480	11757518	1
10215959	10215960	1
4027653	4028416	1
7171825	7171826	1
12431496	12431495	1
5324544	5324539	1
9690434	9690372	2
6620564	6620563	1
6510620	6510619	3
3971763	3971764	2
996462	994906	1
2066860	2066859	2
8646665	8646666	1
8694507	8694508	2
3310079	3310263	2
6358071	6358052	1
1607671	1607708	1
9752720	9752719	1
3802325	3802326	2
11804154	11804151	1
8729470	8729469	1
6707280	6659624	2
1202110	8697629	2
9260336	9250331	2
12163445	12163446	2
8373209	8373269	1
11335678	11335677	1
3947762	3947754	1
2500560	2499877	1
11596629	11596880	1
11619459	11628314	1
3378815	9339585	1
11474608	11476122	2
1308333	1308565	1
313213	313214	2
7628762	7628761	1
654596	654595	4
7417366	7116691	2
10596363	10596679	1
11309530	11309542	1
6844462	6844461	1
117152	117149	1
4092524	4092387	2
7869146	7868588	1
4212253	4225177	1
9636952	9591305	1
11022711	10792784	1
10196468	666362	1
12478367	12478368	1
9060772	9060732	1
4387280	4387267	1
6595648	6657580	1
6511560	6511557	1
2121542	2121444	1
11446746	11446743	1
5692453	5692460	1
11681272	6316853	1
7779789	7779774	1
8607907	8607903	1
1244155	1244227	1
11763697	11763144	2
6568066	6568065	2
9231471	9231474	1
1060509	1179968	1
2375513	2375516	1
6334403	6334376	1
1497660	1497505	1
11021504	11021501	1
3695781	3692351	1
4065966	3101736	1
1693704	1689383	1
4855999	12544563	1
8318392	8318675	1
11197177	11197178	1
6633133	6659583	1
1756056	1100538	2
4415698	4415702	1
3856737	3857446	2
6990435	6990436	2
5598207	5598208	2
4828407	4828408	1
4497657	4497658	1
5898108	5898351	1
342663	343505	1
12342497	12342779	2
11720547	11720550	1
4471910	4304668	2
9699031	9699027	1
9709393	9709394	1
5864927	5893550	1
6358161	6358162	3
2396437	9778263	1
10566729	10566732	1
8463694	8463937	2
10962708	10962826	1
10448434	10448433	1
6864482	6864335	1
7962601	7962602	1
6923517	6924248	1
4226115	4228000	1
12198894	12201548	3
9139436	9139435	2
11750783	11750797	1
1675487	8176852	2
9643019	9643020	1
12277549	12277534	1
9049861	9049862	1
2446713	2446714	1
6092331	6155747	2
4238360	4238359	1
11130970	11133624	1
12814994	12814993	2
3566676	3566766	1
4706771	4706772	1
997794	997793	1
660049	660050	1
6185466	6185618	1
11154717	11154720	1
710456	710455	1
5648376	5648375	2
1525135	1525608	1
5145962	5145959	1
6507508	8421508	1
7004996	7005068	1
11115000	11114999	3
6756427	6731679	1
2733190	2788723	1
11932001	11931872	1
8192899	8192861	2
12317501	12317502	3
10537934	10537922	1
12171317	12166399	1
5769927	5774186	1
3521310	3521309	1
3915579	4691304	1
3685998	12693986	1
4081665	4081668	1
11403509	11403612	1
3064671	3051554	1
6578914	6578805	2
11547391	11547394	1
1166269	1166270	1
2806093	2806094	1
7372082	7372081	1
1934920	1934919	1
2995857	2995881	1
4992254	5930781	1
12142777	12141193	1
5228273	5226406	3
10083375	10083376	2
6199313	6199314	1
12038416	12038415	1
12730733	12681234	2
4840264	4840124	1
11783358	11769576	2
6762677	6762678	1
7695526	7695447	1
6835908	11926643	1
3853061	3853062	1
10496621	10496624	1
6116633	6116572	3
3043820	2876941	1
1297855	1297779	2
11177806	11177919	1
7992322	7992313	1
3700947	11847658	1
9259059	9259060	1
4570412	10380566	1
7352853	7352929	1
10775518	10773743	1
4484844	4484847	1
554951	554976	2
12457227	12457228	1
6550203	6550206	1
10681109	10681110	2
7489572	7489571	1
8385222	8385221	1
8643748	8643747	1
7750016	7750015	3
7181392	7181391	1
6493010	6493009	1
5096421	5096422	2
1467936	1467931	1
1500447	1500496	1
3981379	3981365	1
11509322	11509321	1
8841422	8842233	1
7104247	10904390	1
6566312	6566343	2
7051839	7051765	1
11076932	11076909	1
374355	376452	1
7780598	7780604	1
11195990	11203081	1
7650347	7650309	2
688760	682653	1
3191311	3191312	2
12424522	12424521	1
9843848	9843841	1
10011731	10011725	2
12200757	12200758	1
9683090	9683233	2
11138897	11138898	2
7300758	7300757	1
2886973	2886974	1
9675858	9383708	2
2980456	2980181	2
12486009	12485944	1
4519724	4519559	1
12429763	12367944	1
10802943	10802944	1
991648	991646	1
784065	784068	1
12776334	4099431	1
7271768	10811493	1
8157041	8156609	2
4655328	4655327	1
7178328	7178678	1
10114223	10114226	2
9236159	9236160	1
1357208	1357207	1
278095	182564	1
1173955	1176071	1
1621154	1621151	1
5323283	5323119	1
1746101	1746403	1
5228355	5228358	1
4159405	4159408	1
1744406	1744403	1
8099988	8099916	1
5018017	5018018	1
3785644	3785541	3
12800551	12800529	3
1271496	1278106	3
12189663	12189703	1
2317102	2317093	1
7559766	7559769	1
466181	466182	1
7022094	7021907	1
7304465	7304439	1
4566949	4566831	1
2609054	2609053	1
1596469	1594979	1
3275818	3275815	1
1513739	1513608	1
6306954	6269046	1
2262279	2262280	1
10927868	10927871	1
9961223	7489017	1
4622184	4620394	1
7555992	7555991	1
3331751	3331752	1
2415910	2415649	1
6045544	6045586	1
9012252	9010433	2
71050	71049	1
792997	793004	1
3973579	3972957	1
9152741	9152759	1
1933045	2133916	1
12276604	12276633	1
2394730	2395940	1
6725634	6725627	1
1444376	1444379	1
11000133	11000136	2
12400447	12400457	1
10228342	10229082	1
6522179	6521249	1
9977326	10270860	1
3263000	3262992	1
4217008	4208611	1
8216416	8217059	1
3208445	8005154	1
4508333	4508334	1
11865331	11865332	1
4051654	4051636	1
4745742	4798955	1
2316977	2316980	1
7047981	7047982	1
6124833	6126885	1
6058859	6058840	1
761110	762220	3
1004575	1004578	3
2530205	2529770	1
5283488	5283487	1
11677178	11677400	1
10983392	10983391	1
8042920	8042919	1
5101337	5101323	1
911124	911127	1
6090315	6090316	1
4370797	4370798	2
11267959	11267887	1
6362108	6362107	1
2746200	2946063	1
5595133	5595134	1
132307	132330	1
4705222	4705221	1
788292	788273	1
6016432	6092668	1
913094	911344	1
10659491	10659492	1
2681155	2681156	1
5305482	5317413	2
1368909	1368749	1
1500829	1502719	2
7059608	7091015	1
7738519	7738520	1
2390510	2390509	1
7353109	7994386	1
8741582	8741616	1
7242862	7242861	1
4318480	4318479	2
3282763	3282764	2
7441711	7441712	1
2571406	2561773	1
2637849	2637852	1
7720328	7720331	1
3961420	6753006	1
5893444	9947236	2
2334669	2334670	1
397785	397786	3
4949029	4949030	1
1059194	961208	1
3285577	3285601	1
9755268	9743735	1
10571908	10571971	2
3144990	3120284	1
4426513	4426514	1
12163441	12163442	1
3603120	3602942	1
11004055	11004070	1
3851988	3852062	1
2898274	2898378	1
6867531	1098069	1
6856867	6856447	1
906828	906827	1
7073953	7073795	2
9317092	9317091	2
5570512	5570511	2
5516221	5516271	1
7742479	7742816	2
7579517	7579518	1
10519251	10519252	1
9655195	9654862	1
9046678	9032232	1
12537803	12537804	1
775509	788198	1
3024107	3023579	3
5059141	5053047	1
3211301	3211118	1
12276604	12276635	1
187792	187791	1
9880707	29729	2
8223979	8380556	1
11123831	11123838	1
6353362	6345558	1
5456248	5456247	2
9311355	9309880	1
12155223	12155224	1
3658759	3658797	1
8327526	8327525	1
5071844	5068763	1
4503073	4503074	1
3163738	3163737	1
8440382	8440381	2
4031634	4031633	2
3062146	3062058	1
9020997	9020998	1
8588317	8485609	1
1116534	1116531	1
5495171	5497992	2
1389774	1389146	1
11881408	11881128	1
8370851	8370827	1
3959814	3959813	1
10804246	10804277	1
7244916	7244811	2
9065127	9065084	1
5360669	5360670	1
283742	10143026	2
5485046	5490518	2
2719711	2720760	1
6431438	6431476	1
9600923	9600900	2
2267103	2267025	1
9863167	10030104	1
5225561	5229884	1
2753227	2753228	3
3110302	3110288	1
7847980	7848022	2
2000103	10744715	1
5826085	5822514	1
11652724	11652713	1
9162193	9162194	1
3834012	3834011	1
9797549	9797034	1
3980329	3978787	1
3196667	3196684	1
339999	340000	1
7516500	7516603	2
3999147	1969201	1
11901946	11901329	1
8908321	8908322	1
8326257	8326258	1
4795307	4795451	1
5828520	5828562	2
2507166	2507091	2
10755085	10755088	2
1073841	1073842	1
665576	665300	1
11905421	11905424	2
12191462	12014723	1
4472576	4472575	1
912524	912371	1
2247436	2351489	1
5481007	31542	1
6928507	6959232	1
7528987	6378929	1
2546541	2545924	1
879463	879464	1
1967272	1967280	1
8861944	8862278	1
7733397	7733398	2
4911850	4911847	1
890323	10943482	2
6707284	6707281	2
3531746	3531089	1
4495806	8059171	1
3626415	3625792	1
3912231	3912234	1
1696339	1696340	1
7549018	7548706	1
6470407	6470413	1
11525614	11525566	1
2584502	2581237	1
115282	115281	1
2799128	2800545	1
2743564	2743561	1
3923373	3893215	3
12741722	12741751	1
5189445	5189446	1
10430130	10430129	2
6180559	6180560	1
11038782	11038755	1
7025458	7025455	3
2379297	2231216	1
12693691	12693773	3
9180810	9184842	1
4589871	4591503	1
4246416	4361118	1
8071493	3627005	1
11344805	11344824	1
6665537	6665766	1
7860011	7860049	1
4426894	4426891	1
3276495	3276344	1
11552000	11476524	1
1612881	1612884	1
8969419	8696767	1
10239057	10239024	1
1450916	1450933	1
2378277	2378280	1
12548568	12537393	1
4704239	9305645	1
842924	842923	2
6921323	6921324	1
5399083	5286080	1
4436595	4446603	1
780507	780508	1
8545916	8546009	1
12156217	12156218	1
9653998	9663808	1
4075341	4028953	1
1055974	1055956	1
11708566	11708565	1
7892059	7892091	1
11643336	11645072	2
2242385	2242390	1
1587681	1613174	1
3000935	3000936	1
2536903	2536906	1
10667800	10668498	3
8347117	8347120	1
3896767	3896768	1
10349936	10349935	1
9666877	9666881	1
5731385	5730977	1
3328599	3234792	1
9189915	9189846	2
5319906	5319905	1
1554237	1554238	1
6900216	6884223	1
7345292	7353655	2
2536903	2536904	2
8273603	8273514	1
10437143	10437146	2
5068353	5068386	1
3056990	3057226	1
11660437	11660438	1
9256642	9256641	1
12653154	12653153	1
807671	4253895	4
2609052	2607901	2
11232606	11232576	1
4847619	4847617	1
6439338	6439337	1
6357034	6357033	2
9872179	9871913	1
8515342	8515341	1
6225937	6225938	2
11887540	11887557	1
10146708	10146707	1
7135433	7135126	1
6120533	9263820	1
7391088	7153021	1
7842346	7842345	1
5981575	5981483	1
572480	572002	1
11383442	11383441	4
8359164	8359159	1
5660882	5660732	1
10883899	10883900	1
3236220	3236219	1
10531007	10531008	1
6884292	6856376	1
6096617	6096618	2
1121903	1121897	2
7231494	7231493	1
7886164	7886167	1
8640163	8640166	1
6843047	6843048	2
10602975	10603022	2
12729843	12729567	1
11189392	11189987	1
5491250	5560328	1
2932000	2926727	1
7739239	7739348	1
11771818	8798463	1
5317351	5317352	1
1154153	1153502	2
9025040	8995290	1
6872343	6872344	1
525325	525328	1
8974036	8973358	1
10546618	10546617	1
5047321	5047322	2
12246448	12246447	2
9531183	9531184	1
6962480	6962479	1
11934818	11934840	1
11365563	11369372	5
3013950	3013831	1
12317081	12317252	1
16313	16322	2
4485934	4485931	2
8372388	8372385	1
9280364	9280356	1
1611280	1610556	1
10243767	10243753	1
3985146	3985141	1
6739977	6739978	1
6032346	8702844	2
11281370	11281315	1
4081665	4081666	2
6887129	6887235	1
6684740	6684720	1
11499437	11499438	1
2533066	2533065	1
7669240	7662648	1
2763693	2763698	1
10880175	10880348	1
12143053	12143054	1
3923233	3923261	1
11867525	11867526	1
11609742	11609804	1
3363537	3362910	1
7371621	7371505	1
2779362	2779965	1
6613644	6613959	2
8074157	8068175	1
3788970	3788967	1
9905954	9905953	1
5317754	5317753	2
8735410	8733093	1
837173	837174	1
5508166	5506592	1
7287946	7028376	1
10884450	10885406	3
5495753	5145069	1
2964981	2964984	4
518240	518249	1
6469749	6469750	1
4076330	4076270	2
8799540	8799539	2
8161829	3250193	1
981331	976371	1
4286275	4286278	1
8653398	8653395	1
3442969	3442973	1
1307387	1307419	1
11002189	4880148	1
1357422	1357482	2
10363490	10363504	1
9253618	9253611	1
12560672	12490662	1
209977	543959	1
9026788	9026763	1
9878065	9878068	2
3031125	3031161	1
12425021	12425022	2
8257131	8257125	1
4858668	4940462	1
10966313	10968047	1
6395370	6395367	1
97160	314403	1
8518759	8518760	1
1917437	1917438	2
1083277	1083278	1
264263	264357	1
6935126	6935135	1
9806703	9806700	1
11916235	11916236	3
3516516	3515639	1
3596387	3596412	1
3299592	3299587	1
10924734	10924719	1
3523192	3522752	2
10617255	2456721	1
1580017	8087152	1
2028566	2030381	1
4553575	4477460	1
266562	266620	1
10229079	10229080	2
7832342	3159238	1
6868418	7073952	1
5077759	5077760	4
8509397	8516481	1
8684091	8684092	2
10539173	10539181	1
3031126	3160211	1
8768664	8798472	1
8307250	8307247	2
2750311	2750337	1
12610002	12363710	1
9852633	9852634	3
11493818	11388335	2
1991151	1991147	1
9175394	9110759	3
5088348	5087142	1
3082948	3082953	1
7174038	7167753	1
3983770	3983769	2
1499219	1499225	1
2312681	2312684	1
802484	801423	2
8377104	8377057	2
9829660	9829687	1
3403222	3403166	2
10274392	10274391	1
9566983	9566959	1
1642359	1642360	2
2383381	2383314	2
9525529	9524829	1
9114963	9114975	1
6013477	6013478	2
12522268	12522267	1
8440130	8439714	1
10185405	10185424	1
3624182	3624190	3
5630839	5630840	2
11411965	11411966	1
10159832	10159825	1
2035070	2035119	1
10260876	10266958	1
11897397	11897398	1
10094462	10094461	1
12652060	12652065	1
8534919	9554159	1
7742885	7742888	2
6147516	6147509	1
6116633	6116574	1
652736	652735	1
6983343	6983344	2
9811479	9811482	1
8468385	8468182	1
9048670	9049284	2
8275804	8275801	1
4705220	4705219	2
8184315	8184316	2
5535036	4986508	1
405168	112903	2
5137718	5137717	1
3101775	3101776	1
9794446	9794445	1
6701517	6701518	1
10920565	10920501	1
6392522	6392531	1
12765372	12765233	2
1477049	1477052	1
8762650	8762079	1
10091539	10104000	1
7919754	10280982	1
6120280	9263492	1
10718709	10718745	1
7585763	7585764	2
11123831	11123834	1
11332181	11333911	1
906366	907022	2
2536417	2536418	1
3112379	2902012	1
9465444	9465460	1
4954308	4954306	1
1919816	1919954	1
12154987	12154988	1
5302979	5302954	1
7820075	7819600	1
8580084	8580133	2
2896409	2818360	1
3250417	3287808	1
111861	111969	1
5535995	5264622	1
3101436	3101433	2
5220353	5220592	1
707538	740697	2
5898283	6157201	2
9133044	9133041	1
1989106	2887564	1
11201931	11201877	1
5249420	5249386	1
2290119	2224916	1
7987901	7987902	1
2759001	2776171	1
7581801	7598949	1
11318445	11318446	3
1619346	1619335	2
12002667	12002668	1
6016574	6016573	1
2899985	2899986	1
4632214	4632211	1
1019796	1019791	1
11856951	11856952	1
175865	175923	1
7870890	7870789	1
9551512	9548402	3
1283137	1285666	1
6469346	6468963	1
8646661	8646662	2
12691026	12691025	1
7766964	7767513	1
6881842	6881892	2
6237814	6237813	2
8643262	8643595	1
3145843	2889128	1
10571522	10571521	2
863145	863210	2
5174627	5236979	1
7724203	7724195	1
6241242	6241241	2
1054345	1050330	1
8880953	8880968	1
5503520	5503507	1
3975393	3975385	1
11187104	11191784	1
3390225	3390235	1
8324236	8324198	2
12238869	12238685	1
3509892	3509880	1
7694977	7659859	2
8225145	8225146	1
10216586	10215509	1
10026409	10023900	2
4391333	4391334	2
10468368	10468365	1
11457809	11457810	2
7755747	11082180	1
4143392	4143391	2
5350634	5350633	1
6886505	6886506	1
11041588	11041292	1
451985	451978	1
8167857	8167858	3
9648707	9648708	2
11206207	11199737	1
8442269	8442277	1
4344898	4344313	1
1131288	1131565	1
7966255	7951014	1
6478176	6477597	1
147957	157116	1
2174756	2174753	1
3789647	3793184	1
8939500	8939499	1
989426	989480	1
7590521	7589896	2
11105103	11105104	1
3117009	3117020	1
8692457	8657727	2
9452583	9441346	1
4015117	4015118	1
2345862	2345861	1
9187514	9187178	2
9060745	6988611	1
11674292	11674291	2
4574258	4574204	1
6457655	6457656	1
12533059	12533060	2
10718709	10718743	1
6406063	6406085	1
4225824	4227901	1
1395618	1395612	2
12558841	12558842	2
2831293	2831294	1
11385846	11385845	1
10307464	10307440	2
6652705	6652625	1
3952152	3952151	1
11791493	11791488	2
2446175	4774630	1
7851231	7850716	1
783219	783220	3
368142	368145	1
2078159	2078176	1
10839654	10839653	1
1336643	1114596	2
10148420	10116372	2
8848201	8848202	2
4279128	5650955	1
11020719	11020720	1
8970955	8970946	1
5024457	5024458	2
6780189	6780190	1
2086246	2086400	1
9969992	9969989	1
298569	298570	2
757103	757777	1
753933	753905	1
8675831	8878121	1
11934852	11934883	1
8263818	8264359	1
827656	827655	2
9193101	9193102	1
6351207	6351236	1
1360818	1360541	1
8508773	8508942	1
5448185	7753145	2
243457	242574	1
3292123	3293158	1
1225709	1225176	1
5984358	5984248	3
1299898	1300896	1
5886236	5886235	1
6245486	6245485	1
9638644	9658766	2
11980549	11980835	1
8059648	8059604	1
9353539	9353583	1
10956169	10956122	1
12419610	12419607	1
10883897	10883898	2
6443055	6435210	1
8179287	8179311	1
3828150	3828876	1
4860762	4860774	2
9059156	9059155	4
4572897	4572900	1
1640684	1640035	1
11919557	11919530	1
2611175	2611190	1
457347	457348	1
4066368	10367496	1
12660282	12660413	1
11413449	11413450	1
799115	799116	2
11772171	11772172	3
2498841	2498842	1
11611286	11611041	1
10775693	10775694	1
10663767	3783988	1
8714342	8714281	1
832425	832436	2
3092351	3092352	2
7088271	7088272	1
4405590	2504614	1
9070309	9070310	1
4485582	4485634	1
3251842	3251798	1
6110390	6110373	1
8109953	8109956	1
6057531	6058438	1
9084062	9084061	1
6413355	2924076	1
82553	75533	1
3403167	3403168	1
422735	422738	1
1549029	1549030	1
3957741	4042978	1
10822629	10821485	2
5863302	5863301	1
10744696	10744714	1
8677423	8677412	2
12274445	12274440	4
10896819	10896822	1
5265164	5489299	1
10431581	10431582	1
814501	814502	1
3232569	3320587	2
12769708	12499319	2
12312107	12322920	1
11153348	11153321	1
6242890	6242889	1
1521359	1520235	1
9130132	9130131	1
12051011	12153429	1
2015020	2015016	2
4450183	4450184	1
12634359	12634360	1
9442486	9442485	1
6642436	6642435	1
7864171	7864374	1
11079913	11080275	3
4738793	2274867	1
6098971	6099129	1
10481226	10481225	1
11318447	11318450	1
3290005	3289980	1
5984000	5983999	1
6126045	6126046	1
3441185	3441127	2
10439863	10527006	1
7780219	7780221	1
1294657	1294628	1
12048853	12048854	1
2654797	2654798	1
8774520	8774519	1
12571234	12572362	1
8756273	8756274	2
2584732	2583861	1
10806894	5738609	1
1570801	1570802	1
6565503	6565484	2
7070464	7071237	1
587359	8902713	1
5888737	5888738	1
3114214	3104725	1
3592997	3938649	1
339289	339304	1
1033696	1033722	1
12330230	12330197	1
1588054	1588070	2
2137799	2137831	1
5950823	5950665	1
7526248	7530801	1
4856397	4856219	3
5820964	5820963	1
10344086	10344107	1
7978865	7978866	2
6829382	6829364	1
1696238	1829227	2
11369373	11369376	1
6517244	6517259	1
10160048	7454976	1
11146716	913574	1
8922029	8922032	1
1961486	1961452	2
1744406	1744405	1
376247	376248	1
4327988	4331865	2
3864843	3864836	3
3885236	3885423	1
10049318	4175521	1
3866995	3866996	1
9194119	9107862	1
5299207	5339867	4
5447574	5447573	1
4107106	4108549	1
10908485	10908452	1
11542451	11543446	1
7655095	7651288	1
5563476	5563475	1
1297778	1297777	2
5967854	5966195	1
10543126	10542913	1
5052213	5052214	2
12238690	12238689	1
6220405	6221071	1
8697394	8788039	1
95567	447301	2
8605132	8551277	1
4113687	4113688	1
491503	599534	1
11924170	11942473	1
7905984	7906039	1
2031696	2031744	1
3934393	3934409	2
829390	828623	2
7944064	11039614	1
2429895	2429886	1
8571909	8571935	1
6492418	663224	1
6527262	6527261	2
7850317	7850318	3
4070808	4070807	1
5857939	5857940	1
8905150	4149874	2
5972452	5972451	2
2135469	2135740	1
7845313	7845314	1
472870	472869	1
2904505	2904512	2
8316739	8316740	1
3296915	3296916	2
1107333	1107334	1
10579671	10579601	1
8987483	8987473	1
9969100	9969093	1
1075636	1075631	1
4352647	4352832	2
10443670	10444474	1
9935927	9935928	1
3696761	3696785	1
11620400	11620233	2
2378277	2378278	3
10065384	10063994	1
180910	183363	1
10491017	10491018	1
4823739	12696679	1
8210276	8210273	1
8398290	8398289	2
665426	664717	2
4774138	4774142	1
11726447	11726448	1
12237105	12237879	1
7557017	7554619	1
262767	262768	2
6726774	5521562	1
10926268	10926265	2
5466531	5466505	1
6944126	6944131	1
2044096	2044095	1
7567970	7568993	1
12464586	12464621	1
5522427	5522428	1
8239933	8239332	1
12463231	12463234	2
9744802	9748964	1
10753707	10513864	1
2203548	2200473	1
11458981	11628747	1
1506317	1457916	1
6172696	6172667	1
3802107	3802108	1
10542297	10542300	3
6944723	6943534	1
1052171	1052174	1
6037576	6037984	1
7726100	7728101	1
1389147	1389148	1
11859953	11861619	1
3154106	3154103	1
5668907	5668778	2
3903860	3903859	2
2295101	2168413	1
761446	761445	2
10134935	10143091	1
1740237	1740238	2
1114597	1114598	1
4311351	4311352	1
2833208	2833207	2
7005158	7005157	1
9096526	782553	1
9390128	9390233	1
4478712	4483779	1
7341400	7344202	1
1017085	1002086	1
11309532	11309531	1
8711074	8711069	1
5901725	5901742	2
2252438	2252560	1
5093302	5093301	1
9528674	9528673	1
3270116	3272456	1
2338256	2338253	1
11168617	5954238	1
11795068	1448532	1
12788766	12787406	1
6935386	6935124	1
10887167	10887187	1
3714798	3714439	2
6720484	6752488	1
5986344	5986343	1
6358163	6358164	2
4125020	4124736	1
9965303	10010789	2
9315708	9795626	1
11147083	11147084	1
7260205	7261759	1
2828533	2828549	1
4532461	4532448	2
4012765	4012766	1
10069288	10042929	1
3774043	3774044	1
7665572	7665571	1
2637064	2637183	1
9416635	9417952	1
9113513	9113514	2
6214044	6214043	1
9164222	9168144	1
9006322	9009450	2
3811620	3811691	1
6105179	11875417	1
7201595	7201596	1
5663743	5663744	1
5971125	5971126	1
432999	433025	1
6975365	6975368	1
5594600	5594599	1
2617817	2617818	2
4403876	4398489	2
10417292	10417291	1
5327910	5327927	1
11596117	11596118	1
3494860	3494987	1
8643697	8643105	2
6219116	6272781	1
3879296	3879295	3
6540349	6540350	1
766472	766471	1
7391855	7391514	1
686278	686277	1
11880683	3700197	1
11601190	11600969	1
1438757	1438748	1
6890298	6890297	1
6789032	6756446	1
8535014	8535013	1
6058177	6074278	1
5377598	5377595	2
9112392	9111562	1
9311813	9315899	1
8468252	8468117	1
3970573	3970574	1
2869288	2869283	1
9878455	9878456	1
10527859	10527789	1
349848	349938	1
6227464	6227461	1
9356725	9356769	1
10928189	10928060	3
4208542	4208541	3
9146159	9146076	1
8397081	8397054	1
2644395	2644436	1
12137162	12142046	1
8503184	8503150	1
10921180	7852943	1
1856160	1856157	1
311055	6537175	1
12046277	12046278	1
1588695	1598514	1
2605315	6634368	1
11825020	11825015	1
2311720	2311735	1
227674	227673	1
3680989	3680990	1
3970575	4534050	1
2887334	2887333	1
9356711	9356198	1
6118596	6117180	1
8570977	8570887	1
10270577	10270521	1
6063374	6063865	1
12636269	12636623	1
1507671	1499525	1
6206045	10973669	1
7052660	7068971	1
1762481	1762484	1
1112916	1111485	2
8920773	8920785	2
6544719	6544720	1
8023630	8023625	3
4469653	4469654	1
10982773	10982765	1
1973449	1973527	1
1086217	1085319	2
771267	771442	1
7793267	7817150	1
8392035	8108948	1
8044126	8044121	1
344071	344072	2
1613935	1604400	1
12659900	12659916	1
10990178	10990175	2
826860	701194	1
1330649	1330626	1
8527696	12338688	1
3301005	3261435	1
10167499	10102767	1
9751746	9751674	1
2755464	2755463	1
11787743	11787744	1
12747475	12747462	1
8177562	8178467	1
11633011	11633012	1
5992678	5992677	2
1957254	1957260	3
9163803	9164696	1
12274443	12274444	3
9371438	9371458	1
10785770	10785769	1
11701423	11703320	1
9773301	9773302	1
2084089	2079500	1
2611336	2612439	1
3301491	3301467	1
7592740	7592739	1
1835621	8263338	1
10825491	10825492	1
7131194	7333173	1
7965579	7965580	2
9940886	9940896	1
11264107	11264339	1
9008002	9008001	1
1802251	1805011	1
1505027	1505049	1
3490790	3490787	3
4139899	4141251	1
6295367	7615976	1
2277735	2277761	1
5600479	5600480	2
10458002	10456115	1
7694975	7694976	1
1265009	1265010	2
12663231	12665962	1
929721	930527	3
7957404	4418270	1
8152136	8152125	1
4407468	4407467	2
3269185	3269188	1
8677104	8677003	1
12757783	12757656	1
7465745	7465746	1
9770168	9770167	1
10653910	10654274	1
431451	430975	1
10319893	10319894	1
6211729	6211732	1
3081992	3082577	1
3198138	3198135	1
6508327	416334	1
7849224	7847987	1
793005	793006	1
6076663	6076794	1
7948060	7948457	1
7860426	7816413	1
8767860	8767859	2
678725	818895	1
1952205	1952166	3
6870930	6872344	1
7827891	7828535	1
2908597	2908598	1
6079024	6083310	2
4192023	4192019	1
1223398	1198906	2
8369402	8286253	1
2256925	2589965	1
8582447	8582448	1
4086921	1573011	2
6330201	6330190	4
2666723	2666724	2
1308331	1308565	1
11509320	11509319	1
4391652	4391770	1
11741593	11741594	1
5966675	5966676	2
1759881	1763334	1
3763792	3763565	1
9671936	9671935	1
4146312	4146304	1
1164129	1162996	1
130531	125807	1
10296097	10295360	1
538957	564985	1
11698295	11698296	1
9918098	9689	1
9517836	9517617	1
10260049	10260338	1
11982273	11982274	1
3081064	3081061	2
686259	686260	1
8044885	8044919	1
5410165	5446870	1
9918429	9917239	1
10156898	10156885	4
6956593	6956594	2
12666155	12714767	2
6241574	6241400	1
10506768	10506713	1
4261182	4261181	1
11865333	1304735	1
1930189	1930190	1
10498441	10498442	1
572624	572619	1
9572877	9572878	1
262769	262770	2
10210142	10210153	1
9831081	9831082	1
9430584	9430477	1
3282511	3282512	2
918824	923236	1
5702966	5697778	1
1000242	1000241	1
8161235	8161236	2
9752813	9743118	1
11639150	11639025	1
4803935	4804024	1
8401269	8402014	1
4999141	5002475	1
6279438	7527611	1
2948813	2948816	1
2531321	2531322	1
8990657	8990650	1
6013533	6013519	3
6972335	6972337	1
3356883	3356920	1
7446387	7446361	1
2416766	2418106	1
3032818	3032518	1
10560280	10560277	1
1844598	1931912	1
10146364	10146363	3
4824795	4824787	1
3184347	4028395	1
8247509	8244889	1
771683	771686	2
1328279	5798892	1
3982523	3983791	1
11500755	11500609	2
8550251	4077076	1
2396384	9778478	1
4089555	4089556	1
11797791	11797808	2
327190	327189	2
703970	703945	1
7159324	7159323	2
5166077	5166078	2
9762605	9761094	1
1402744	1402757	1
4876570	4876657	1
7334336	7334335	1
2848100	7715792	1
3192796	3192711	1
10790064	10789401	2
9915415	9915350	1
9252838	9252837	2
11195120	11195119	1
5531493	5531474	1
7945061	7871560	1
4847876	9503099	1
5969644	5969710	1
2600271	2600272	1
10342274	10342273	1
2964626	2981652	1
4239468	4239467	1
1315760	1315759	3
8427678	8427677	1
1123784	1123781	1
8600341	8600343	1
4322631	4322640	1
10320560	10320559	1
2046390	2046376	1
4520781	4520782	2
2639115	2638411	1
5462006	5341505	1
8280786	8280785	1
4412364	4415303	1
12317503	12317493	3
7072427	7072428	1
4253317	4253318	2
2830848	4060408	3
7811081	7811069	1
1244935	1244938	1
3136852	3140947	2
6262846	6262845	1
2508287	2508288	1
10273963	9981126	1
160405	160388	1
6341675	6341676	1
3802329	3802330	1
11982275	11982217	1
6442184	6442183	1
1428899	11859169	3
6315979	6315980	2
1147088	1147065	1
2206548	2206547	3
2197649	2197657	1
840828	876440	2
4015941	4015001	2
5581875	8902320	1
3614663	3895961	1
11494307	11494308	1
8320110	8320192	1
4710246	4710228	1
8054772	8054856	1
5527745	5527383	1
11130702	11130682	1
9112028	9112027	1
1493473	1493514	1
4308496	4308495	2
2370109	2370307	1
8871355	8871356	2
9083185	10805933	1
5471010	5469752	1
6932337	6932338	1
8874370	8874369	1
101281	119547	1
229918	228733	1
5041623	5041658	1
1997729	1997850	1
5912340	5912451	2
3792108	3792107	1
2640189	2640192	1
2655023	2655028	1
570117	570183	1
12593385	12598182	1
8103069	8103070	1
10122983	10122986	2
757485	757442	1
1281912	1285701	1
5480554	7954225	1
2443539	2443519	1
9771552	9771551	1
1188785	1188786	3
12224423	12224500	1
11453799	11458360	1
5416917	5416914	1
9136167	9182689	1
11899062	11899061	1
11825403	11825391	1
12764127	12764128	1
9657485	9657486	1
1149068	1149067	1
10631887	10631861	1
10588757	10579482	1
6448223	6438690	2
7620374	7620373	1
8482359	8482360	1
5658786	5658785	1
4833654	4833653	1
5339531	5553835	1
5756441	5756442	1
10823711	5801732	1
6096615	6096616	3
4593556	4593555	2
2964985	2964986	1
3363459	3363460	1
4794385	10464934	1
6634369	2605210	1
5809520	5809578	1
4711706	4711705	1
3751152	3751151	1
4878418	4879369	1
181562	179662	1
7595309	7595310	1
2907764	2907689	2
5075017	5075018	2
2111674	2111413	1
10413746	10413722	1
3987665	3987648	1
7905971	7905972	1
1794713	1741988	1
4953143	4953144	1
890854	890891	1
6587330	6599607	3
6203890	6203889	1
1600965	1600892	1
9648360	9648359	1
4706405	4706497	1
7750087	6701522	1
8627399	8627409	1
2197641	2197648	1
6538710	6538709	1
7681267	7807021	1
10484441	10484442	1
6429638	6530558	1
11387836	11516374	1
914989	914990	1
6409196	6372879	1
9384878	9679095	1
3193081	3193082	3
12299219	12299226	2
3548957	3548905	1
601037	601038	1
6682026	6682025	2
2569784	2492488	1
5003381	5003384	1
8329706	1639659	1
2829789	4059467	1
3131457	10607117	1
8651021	8869065	1
5267170	5267169	2
10486995	10689548	1
10727615	10727629	1
4325526	4325525	3
10622342	10622341	2
7717003	7717004	1
5971799	5971802	1
1224267	5909412	1
5457354	5457351	1
1671388	7018973	1
11769452	11769436	1
1368731	1368744	2
10273096	10273095	1
8183561	8183499	1
11886525	11886526	2
6107890	6107873	1
7842344	7843404	1
7340001	7295442	1
8312592	8274999	2
7650521	7650522	4
7437873	7438869	1
33259	32927	1
6080667	6080674	1
9910549	9925484	2
490618	608500	2
12618995	12621990	1
11013351	11013337	1
6637839	6637887	2
6813367	6813368	1
2921891	2629147	1
8415045	8415012	1
6465350	6465397	1
8706036	8706033	2
2410419	2410420	3
8470629	8470648	1
11206585	11147090	1
2038398	2038397	1
5204280	5103018	1
7292766	7292765	2
9013470	7899561	1
8882966	8881857	1
4255594	4255589	1
10376669	10733871	1
2484291	2485535	1
3056367	3083807	1
3485999	3487300	1
7871696	7719054	1
7435325	7435181	1
10307864	10307871	2
6756587	6575378	1
8006154	8006157	1
12558834	12558833	1
400611	400612	3
1738402	1738405	1
3384723	3378420	1
3632564	3628107	1
10376952	10376951	2
5374892	5374891	2
1971992	1972038	1
1138504	1138503	2
8531847	8531848	2
8362164	8362163	1
1500071	1500076	1
6498309	8562512	1
5980282	9811359	1
9316803	9312173	1
9519630	9519627	2
11494902	11492160	1
4582934	4582932	2
2818605	7686954	1
10755923	10755976	1
11298533	11564433	2
5261467	5261432	1
10431555	10423885	1
9821213	9822546	1
6626647	6626648	2
5284002	5283980	1
260159	260160	2
6447213	6439506	1
6740153	6740154	1
9537984	9537983	1
11600321	11600322	1
2548758	2548764	1
7141299	9127827	1
11599756	9433047	2
6977363	6977331	1
4033154	4025764	1
8316039	8326893	2
5075019	5325173	3
3942423	3942424	1
7999468	7999467	1
4956872	4956871	1
6904715	6904716	1
4834023	4812798	1
7330698	9186706	1
1691312	1691373	1
6993973	6992608	1
11145883	11146531	1
10050847	10050764	1
5287990	5288063	1
10659967	10663387	1
2409271	2409102	2
8902728	8902727	2
9611520	9611519	1
11836452	11836435	1
9287522	9287521	1
4864381	4864382	1
3858145	3865177	1
1776130	1776418	1
12280527	12279855	2
5254114	5183756	3
1875445	1874663	1
12519384	12544959	1
9870936	9868262	1
3939628	3939637	2
3539006	3541727	1
6049443	6049437	1
7032017	7032075	1
6213320	6213319	2
1588257	1588140	2
7335427	7335407	1
8285585	8285586	1
2438645	2438646	2
10140721	10227023	1
10773480	10773607	1
10715110	10714110	1
7825468	7830990	3
2013841	2013835	1
1449433	1449458	2
3871970	3871963	3
10614949	10614923	1
10320736	10320701	2
8694871	8713263	2
11513405	11493622	1
1828519	1824832	1
11645079	11645080	1
6760808	6760805	1
1357684	1357588	1
11471466	11471588	4
3994392	3994394	1
456977	458999	1
10190999	8681100	1
675503	9064201	1
3780084	3780083	1
12273169	12274102	2
1756061	1756105	2
4425845	4425848	1
6910235	6908040	1
3969232	3502070	1
3240964	3240607	1
1904267	2034070	1
4756684	4756683	1
6772932	1700296	2
254002	254001	1
3859915	3854651	1
5154641	5154642	1
6115194	6115193	1
6796177	6798493	2
1664494	1664654	1
1523069	1523072	1
11571415	11572888	1
8440575	6449159	1
1363899	1363869	1
842565	842787	1
7086802	7086763	1
7330785	7235162	1
2897606	2897605	1
8463895	8463873	1
2485828	2484225	1
898009	898010	1
9721524	12187352	1
5906877	5909826	1
4325524	3125988	1
10734475	10508157	1
11102003	11102004	2
9356768	9356745	4
12384799	12483409	1
6194006	6193742	1
8293902	8293901	1
11998190	11998195	1
2532730	2535311	1
3912441	3913264	1
6451491	6451478	2
1421979	1421980	1
7917306	7917115	1
66452	66464	1
11585148	11585744	1
5327283	5072766	1
8220199	8104032	1
1592951	1592959	1
1758486	3963775	2
7745976	6676233	1
7856067	7856070	2
5497914	5497907	1
558559	558531	1
10567890	10444190	1
2399446	2458149	1
10735790	10735813	1
12759258	12758294	1
3119111	3119112	1
7387272	7387226	2
9537986	9537985	2
8290928	8290811	1
1799547	1800284	1
11377617	11378927	1
2021415	2229593	1
9822564	9822002	1
4064514	4064513	1
9961283	9961286	1
1655044	1656983	2
4080989	4080994	1
2774808	2773532	1
1399981	1399982	2
6717765	5576034	1
1891195	1891196	1
10930049	10930050	1
744292	9020786	1
6988917	6988918	2
1738110	1738109	1
9464329	9464438	1
5643178	5750520	1
4995326	4995332	1
995051	995052	1
12199875	12196973	1
3509783	3509668	1
1672588	1675141	1
12203551	12202763	1
8280761	8280762	1
12640702	12640701	1
777984	785637	1
8775371	8775372	2
181832	181831	1
10320700	10320699	2
11266777	11266778	1
11246157	11246158	1
4833652	4833753	1
7046007	7046009	1
11932079	11932785	1
8368620	8368711	1
9941822	9939214	2
4828004	4828883	3
4855970	4855963	1
6029730	10990488	1
6968943	6968962	1
3164420	3164101	1
6970339	6927634	1
9709387	9709388	2
12437502	12437501	1
632455	687626	1
785740	785762	1
985059	985060	1
1586437	1585902	1
10159975	10159976	1
11931966	11931907	1
7319419	7316286	1
9764903	9764904	1
7520233	7520811	1
2907077	4194448	1
8882023	8882024	1
1631113	1631114	1
12246405	12246399	2
8048728	8048650	1
4478039	4477854	2
9678507	9680444	1
10373888	10373885	2
1070422	1070930	1
9135429	9129900	1
2666721	2666722	2
2305640	2266364	1
7446324	7446323	1
10165057	10162010	1
2763231	2750879	1
9264131	9264132	1
10656111	10656154	2
2007564	2007563	2
12120869	12251309	1
4006466	4006465	1
11624435	11457187	1
3454652	3454672	1
3771738	4126021	1
3597945	3598701	1
10425406	10425405	1
464178	464177	1
9533282	9533281	1
5117732	5117731	2
4879691	4879692	1
5957051	5987947	1
9557032	9557019	1
7195483	7195378	1
9027857	612718	1
9161339	9161340	1
9305608	9536713	2
2355382	2355381	1
6136508	6138606	1
935670	935630	1
7861668	7856697	4
3277892	3277887	1
1725661	1725662	1
12641610	12814993	1
8809315	8809316	1
12195765	12194571	1
2506703	2506017	1
3903995	9259920	2
2415182	2415171	2
5867225	5867228	1
6729905	6729163	1
6433359	6433360	1
9310128	9310094	1
8825592	3466613	1
5362083	5358511	1
2951714	2989674	1
5057074	5057073	1
2945233	2945238	1
5321917	5044972	1
2417910	2417920	1
452832	451811	2
7526086	7478446	1
1857342	1857355	1
11606046	8470452	1
1360521	1360522	1
11648197	11530437	1
4778049	4778034	1
483562	483561	1
1058138	1289433	1
11297285	11297286	3
9630379	9630304	1
9531389	9531373	2
5730774	5731018	1
6318990	6345737	1
7733619	7733674	1
7962599	7962600	1
5052839	5052212	1
3071608	3073460	1
5102819	5102820	2
8473895	8475610	1
7223014	7999477	2
6640616	6640619	1
2339237	2347068	1
10115773	10115776	1
356795	356800	1
8058764	8059089	2
11611124	11611123	1
6262844	6262847	1
2214006	2214005	1
7025183	7024381	1
10134660	10218323	1
8201915	8201935	1
12641610	12814995	1
3500593	3499625	1
2965486	2965485	1
6626502	6626501	1
6659793	7754510	2
2663739	2834075	1
8165466	8164902	1
8335243	8335244	1
8739839	8739827	2
8849569	8849589	1
10125588	10122982	2
12754406	12746604	1
8789910	8787988	1
3272471	3272510	1
10424988	10424987	2
11620859	11626159	1
1397575	10884022	1
3976262	3976360	1
9146248	9146222	1
8764788	8764894	1
10547651	10547685	2
704196	697891	1
3372163	3372164	1
5883707	5883693	1
9861156	9861169	2
1672403	1672372	1
5784048	5855967	1
5655684	5655681	1
2749837	2749880	1
2096193	2096288	1
11278718	11278717	1
1589298	1589363	1
6222941	6222942	1
3266128	3266127	1
7136834	1695068	1
12625853	12625854	1
78524	73951	1
9334699	9745584	1
3898296	3898299	1
433026	433025	1
6196422	6196424	1
10393981	10393571	1
5099962	5099668	1
4308536	4308488	2
10168880	6121358	1
8701738	8701737	1
814432	814431	1
8016818	8016815	2
2869820	2866436	1
5714183	5714184	1
841927	841112	1
3765993	3766039	1
10718310	10718476	1
8369138	8369111	2
1529808	1529807	1
3703434	3703420	1
4241977	4241983	1
767790	767789	1
9491207	9491183	1
3636403	3636404	1
6894381	6894286	1
11274572	11274587	1
8809019	8809020	1
7862178	7862177	1
10379137	10442549	1
7067238	7067237	3
4768082	4809984	1
12270992	12271023	1
6391376	6391375	2
10966366	10966363	1
5560489	839422	1
10879440	10879437	1
10735753	10736135	1
7710412	7710319	1
10668088	10586814	1
3615319	3615348	1
10202530	10202529	1
5543382	5543385	2
11794799	11794800	1
4652393	4652394	1
12575926	12575925	1
11573021	11573028	1
1080543	1080544	1
12244029	12244042	1
764582	465904	2
8516243	8517186	1
3971620	3971619	3
9376750	9376946	2
6895488	6895485	1
9282511	9282512	1
3652748	3652751	1
4821919	4824869	1
1556042	1207915	1
743696	743695	1
4011452	4011108	2
12247221	12247222	1
2407294	2502376	1
6066433	6067937	1
786294	776447	1
10221860	10223874	2
4188580	4162932	2
12204795	12206253	1
6353271	6353272	1
3620614	3621071	1
5271862	5271861	1
914908	2816710	1
7728293	7728368	2
4595444	4594975	1
10619448	10619430	2
8606581	11594817	1
2862952	2862955	1
7649843	7649191	1
5797320	5797317	2
4574260	4574259	1
9987720	9987711	1
6841153	6841143	1
10691925	10691926	1
6227464	6227463	1
9728751	9728752	2
2708060	2960167	1
132524	132523	1
6144643	6144644	1
4986892	4986891	2
6717759	6717760	4
2568568	2568548	1
10906718	10906717	1
1523067	1523068	2
7422184	7422181	1
11371192	11371257	1
7886067	7886068	1
8404916	8404924	1
6878521	6908808	1
9428532	9428604	1
5419742	5419741	1
7656529	7520443	1
6315981	6315982	1
4401439	4401440	1
11041291	11041292	1
1189330	1189329	1
11383440	11383439	2
2936104	2922263	1
11229966	11230516	1
6100246	6100276	1
2099649	2099650	1
5160754	5160753	1
5443276	5443528	1
8918659	8918636	2
