fend1	fend2	count
2923765	3328170	1
5847095	5846704	1
10277883	10280637	1
11989229	11988958	1
10863847	10863848	3
7972469	7972447	2
4539942	4538214	1
2656776	2656441	1
12024622	12024621	3
7234601	7234602	1
1959025	1959026	2
968298	968297	2
11825236	11825212	1
10888464	10888463	4
2841505	2842120	1
11369463	11369464	1
7862813	7027561	1
9081309	4702544	2
6455185	6455186	1
6564417	6564422	2
3234406	7736862	1
3735437	3735567	1
8663672	8663669	2
7303167	7279259	2
2019696	2019695	1
12151668	10986092	1
10818761	10818748	2
9425685	9425656	1
6629481	6630013	1
11991039	11991941	1
1760244	1761705	1
9101444	9101441	1
2068249	2131819	1
3589787	3589788	2
4705929	4705930	1
1578951	1578952	4
10523495	10523490	1
11782896	11782899	1
1570725	1570726	1
2604923	2572615	1
2968030	2968029	1
7001005	7001006	1
4022317	4022318	1
1822812	1822811	2
7616045	7615802	1
11012746	11012812	1
6792827	900631	1
788219	788220	1
4064254	4064251	1
6931287	6931282	2
5876788	5876787	1
5329334	5250257	2
11520663	11520667	1
7266203	10756543	1
4558115	9507331	1
8031343	8031344	1
5896533	5895830	1
9312366	9312309	1
2571446	2571445	1
5244010	5244096	1
990571	990572	1
2442378	2442377	1
8758100	8761682	1
9072815	9072816	1
10986326	10986281	1
5353405	5353410	1
7477680	7477679	4
11918425	11919988	1
9339945	9339981	2
1847607	1847608	4
1784293	1783976	1
3356684	3356380	2
12195414	4853861	1
6229202	6229407	1
5102164	5102163	2
6514757	6514758	1
2477989	2477992	1
10310378	10318781	2
10813937	10813940	1
659518	659546	3
4003330	845343	1
2492291	2492308	1
2538501	2538502	1
12534715	12535127	2
10385068	10385067	3
10625473	10625541	1
11934564	11934567	1
1063211	1597092	1
1626911	1626886	2
1572173	1572010	1
8848735	8848736	1
1470458	4731230	3
2424116	9065809	1
358880	358877	2
4001134	4001133	2
5157008	5157007	2
11391031	11400031	1
1074137	1074138	3
9295297	9295319	1
1062676	1062675	1
5197641	5197644	1
7537130	7537129	1
4524404	4524403	2
9154883	9146008	2
12738802	12738801	1
5717624	5694839	2
3777076	3777477	1
7746934	7746933	1
1841516	1841515	5
335331	342046	3
2891113	2891581	1
5119619	5119622	1
4914909	4914939	1
2591594	2590868	2
2051141	2232056	3
9292516	9292515	2
8755117	8755118	2
11167745	11166204	1
908684	908599	1
2014961	2014763	1
12688893	12688894	1
3163270	3166529	1
7203145	7203102	1
10103405	10103416	1
8079009	8078747	1
10053192	10053195	1
11993821	6897124	2
11265137	11265138	5
7446363	7446375	1
9578573	9578574	1
7816025	7815976	1
7101289	10040931	1
5736310	5744890	1
9656184	9656180	1
1971350	1971608	2
2577044	2565627	1
10646029	10646094	1
11871474	11871480	1
2993727	3035556	1
9259528	9259527	1
7681041	7681042	1
7770798	7770797	1
3991136	3991135	1
6179515	6179927	1
3370660	3370659	1
11816796	11816749	1
11338920	11338891	1
10683085	10684737	1
8651522	3553402	1
12151668	10734104	1
9309867	9309951	1
11267296	11267281	1
10222953	10232443	1
7691483	8044777	1
11409313	11409314	2
9080828	9080804	3
10061801	10061802	2
12772944	12772943	3
4829006	4828951	2
8950885	8950886	1
5777856	5777855	1
2382069	2382070	1
1453144	1078902	1
8809949	8809950	4
2614571	2614661	3
1390798	1390685	1
11230588	11230587	2
5240373	5240312	1
3208270	3208269	3
5664634	5664608	1
11969161	11969162	1
3080287	3080266	1
7108234	7108229	1
11830754	11831374	1
7456584	7456583	2
1122889	1123062	2
3932855	3931677	1
6118528	6118361	2
3430514	3430513	1
5904671	5904674	1
3967127	3966316	2
2865301	7663898	1
7000486	7000485	1
5389031	5389033	1
2006232	2006231	1
7397957	7397984	1
3668515	3668516	1
8758098	8758459	1
5292095	5292096	1
7915097	7915098	1
6895070	6895177	1
1329034	1329033	1
9328414	9327423	2
6003808	6003811	1
3037372	3037091	2
3087803	3087813	1
3975458	3975457	1
8782398	8782420	1
8848928	8847987	1
1574489	1574490	5
3989077	3989776	2
10241904	10241648	2
1759375	1759385	1
11515438	11516374	1
1589966	1589965	1
659351	658346	1
5703042	5704681	1
1175147	1175148	2
8737774	8737739	1
8862522	8862668	1
2950148	2951718	2
4555292	4555291	2
5456939	5458275	1
7037518	7037517	2
11266384	11267350	3
797658	797657	3
385237	386354	3
1941690	1940035	1
9024562	9024561	1
9507385	9507388	1
9336252	9336255	3
10165089	10165092	1
9092484	9092323	1
7446376	7446375	3
11868428	11870208	1
12208552	12208551	1
1295154	1295153	1
11637193	11637279	1
5238113	8829200	2
2431316	2431009	2
5052664	5052661	2
9972778	9972777	1
7788977	7788972	1
12776500	12776499	1
11461742	11461741	1
7936940	7936939	1
10318780	10318779	2
3150850	3150847	1
3283144	3283147	2
12492036	12492258	1
881998	841455	1
5633505	5633508	1
7686924	7686923	2
11409310	11409309	2
8957837	8957855	1
10310380	10310379	3
6197633	6197634	2
8055452	8055451	1
6892628	6891805	3
7920243	9297238	2
9418842	9418841	4
3783832	3783831	2
7877482	7877481	2
6514759	6514760	1
4081763	4081766	2
8226617	8412070	1
1925846	1925848	2
4081767	4081768	2
8379309	10280632	1
7192105	7192106	1
2215360	2215359	2
10172927	10172928	5
12226198	12226162	1
4880281	4877642	3
7489645	7484096	1
3128329	3128332	1
9090222	9090119	3
11211755	11211495	1
2687849	2687871	2
2590931	2590965	1
9705659	9705660	2
5269270	5269191	2
6899060	6898141	1
8373106	8373105	1
11347545	11346236	1
11445581	11445582	2
7659636	7659635	2
583798	583797	1
6054083	6054192	1
11621222	11621221	1
7122102	7122121	1
8052648	8052600	1
5284090	5284089	1
7122104	7122103	1
10462547	10462551	1
7679918	7679917	1
1528153	1528154	1
12723354	12723353	1
12130793	12130891	1
2925849	2925754	2
4713870	4713869	1
7532004	7531574	1
7245266	7245154	1
3383546	3385044	1
3278605	3278553	2
1575539	1575398	2
7794539	7794540	2
10276840	10268833	1
3522913	3523592	1
11737033	11737007	1
1062731	1218656	3
5611401	5611403	1
11184299	11184302	2
2109200	2109250	1
10818414	10818389	1
8899769	8899770	3
7767536	7767535	4
10340094	10340093	1
3106746	3105866	1
4256490	4256493	1
7823313	7823314	2
4833713	4833641	1
777329	785081	2
8237196	8238782	2
8859324	8859346	2
3478445	3478450	1
4192865	4247190	1
11966471	11966446	1
5898268	5898267	2
5809846	5809034	4
7074537	7072797	1
10888466	10888463	3
975828	975723	1
5641059	5641062	1
3931909	984497	1
9849030	9848851	1
11579164	11579163	1
3540600	3540599	1
7811134	7811133	2
4281846	4281752	1
11821271	11821272	1
3145563	10894307	1
11782292	11782291	3
4230559	5315954	1
200754	200749	1
4597350	4597349	1
4814690	4815048	1
1707323	1707331	1
2556537	2556538	2
8182918	8183112	1
8226049	8226052	3
945413	945536	1
4089838	4089833	1
9031784	9031310	2
9013108	7890414	2
4819689	4822036	2
5722590	5764307	1
1941540	1939378	1
3329710	3329786	1
10118678	10118677	1
9821974	9821786	1
6688755	6688741	3
8981013	8981005	1
7637558	7638146	1
11882640	11882639	2
11868663	11868664	2
11298664	11298661	1
415324	415321	2
10876485	10877011	1
4080502	4080501	3
5058510	5058514	1
6077804	6077803	4
4030048	4030047	1
1970470	1970397	1
10911842	10911621	1
9815558	2784871	1
4657473	4657474	1
9292516	9292513	1
4865995	4867049	3
3239127	3239128	1
1464981	1465408	1
6122273	6122278	2
7666807	7666808	1
10738170	10738225	1
11803522	11803521	1
3696597	3696455	1
11980366	11980363	1
8391887	8390348	1
12755443	12755444	2
8454705	8454757	1
9755515	11446692	1
2488961	2488938	2
9925834	9925829	1
10404479	10404031	1
6967067	6967068	2
7833055	7833056	1
8168843	8168844	1
12119735	12119934	1
11760712	11760707	2
2362764	2362763	1
4281846	4281750	1
10337793	10336323	1
8980678	8980677	1
9829418	9829417	1
7537134	7537133	1
7847675	7848191	1
1242822	1242821	1
7846766	7846765	1
8229627	8244623	4
1699015	1699036	1
5796399	5796379	1
11844100	11844203	1
2525193	2525194	3
8727055	8727056	2
7248327	7248328	1
9355199	9355202	1
2961772	2961771	1
8809861	8907907	2
2255759	2255760	1
5995513	3892679	2
3884388	3882687	2
8971359	8971362	2
929615	929845	1
2832009	2832161	2
1728664	1557241	2
5898270	5898269	1
5866513	5890374	1
5450279	5450282	1
441855	441856	2
2419599	2419600	1
11036305	11037511	1
8861335	8861340	4
11662721	11662722	1
10296352	10296149	1
2209801	2209802	1
7463323	7463240	1
5065500	5065499	3
1434558	1436507	1
2318387	2318388	1
10605768	10604084	1
761006	760865	1
2839413	2838852	1
3151351	3151352	1
6753749	6753750	1
11580208	11522910	1
11086349	11085709	6
1032730	1032729	1
9318808	9319081	3
4367862	4367859	1
2832007	2832008	2
8541617	8541597	1
10355766	10355960	1
1533481	1533483	2
8408852	8408851	2
5381427	5381340	1
5961539	5961540	1
334241	334242	2
4480036	4673862	1
1712586	8520411	2
8300989	8299551	1
996850	11088931	1
2516092	2564169	2
1101658	1101645	1
972087	972092	1
1033460	1033129	1
11672103	11672104	4
4678767	4678768	1
443290	443289	2
4694481	4694487	1
1228374	1228760	1
4999092	4999091	1
1897883	1897875	1
3904142	3904141	4
2091990	2091980	1
7156817	7156818	1
11786259	11786260	1
2176614	2176613	1
10823447	10823448	1
7478548	7478381	1
2450012	2450011	1
1545856	1394515	1
9150505	9150506	2
1304302	1304301	1
3261926	7180138	1
7976696	7976961	1
11296023	11296027	1
8825971	8825972	2
12205103	12205104	1
11434661	11432736	1
586654	586404	1
10408221	10412726	1
6742654	6742647	2
1263932	1259099	3
5199886	5199885	1
8404396	8404300	1
6577615	6577522	2
11265131	11265138	1
10403943	10404024	4
82298	81249	1
6140097	6134566	1
12463601	3982365	1
7470476	8622314	1
2324320	2324259	1
1629966	1629899	2
7780363	7780366	1
3550643	3551202	1
11198400	11198952	1
4536912	4536911	2
1026247	1026359	1
7886835	7885976	3
2011211	2011212	1
1007042	1007041	1
4866600	4955394	1
2925464	2925463	1
7364834	7364842	1
9940581	9940360	1
11493370	11493367	2
6481488	6481487	1
3491091	281588	1
2340388	2340387	1
9151445	9151448	2
9983715	9984878	1
11766207	11781576	1
5725336	5725333	6
9831040	9831039	1
8316236	8316231	2
4019900	4019992	2
1108698	1108695	1
7463241	7463242	1
10541370	10541352	1
3594180	3594164	2
6172873	6172874	1
338123	188139	1
3986658	3985222	1
12201164	12201155	2
5861483	5861484	1
7600837	7600838	2
9465575	9465576	1
9770450	9770407	1
1317016	1316780	1
3371016	3370661	2
1532105	1532108	1
1458541	1459143	1
12632623	12633612	1
4756887	4756888	2
5116427	5116645	2
3964763	3967124	2
3251212	3251171	1
2045038	2045037	1
8182804	8182791	1
1452014	1452011	1
959174	959146	2
7646386	7646383	1
2775666	2777102	1
2482655	2481461	1
7712463	7712464	3
7440811	7443663	1
3496988	3496987	1
2280412	2280411	4
10792800	10792803	1
4877562	4877350	1
8581321	8581322	1
11415257	11413003	1
10886831	10886832	1
4537897	4538121	3
6125562	6125561	1
7122213	7122280	1
1887677	1887674	1
8776616	8776615	1
10148719	10139520	1
8309305	8309222	1
6133311	6132327	2
6607040	11694200	1
10948956	10948898	3
261107	261306	1
4827132	4827131	1
3546374	3546373	2
6660838	6660833	1
1696619	1694575	1
777327	785081	1
11334496	11334547	1
8281111	8279971	1
12490201	12490202	1
1902015	1902016	2
3904144	3904141	2
3746694	3746693	1
1286025	1286051	1
3342206	3346291	1
3482141	3482427	1
190214	190177	1
8390717	8390718	2
7866512	7866199	1
5367895	5368063	1
3440637	3440785	1
6571883	6571884	1
7769733	7770081	1
7768239	7768240	1
7027632	7034050	1
11693953	11693954	2
11478497	11478498	1
5204785	5204746	3
630221	630232	2
4663979	4663980	1
4072820	4071138	2
7397580	11919426	1
9491521	9282766	1
7056919	7057121	1
527384	776232	2
4852453	4852202	1
12289836	12289759	1
11608354	11608353	2
9394228	9394227	3
12152186	12152185	1
7915218	7915217	1
9008942	9008937	1
9543444	9543659	2
10039402	9991119	1
10302063	10302064	2
3099785	3090303	2
12811190	12811147	1
882462	881864	3
11279297	11279298	1
7016118	7016108	2
10052740	10052914	4
8445410	8445407	1
10776573	10776574	1
1890160	1890151	2
10356480	10356544	1
8866469	8866472	1
6977349	6977350	2
4383638	4382921	1
10468468	10468374	4
7538658	7538653	2
11628235	11628236	3
1761515	1000087	1
12551935	12551936	2
10418637	10418638	4
7780365	7780366	1
11769453	11769460	1
4028980	4032669	1
7824366	7824365	1
1668401	1668092	4
2096509	2096510	1
10370038	10391328	1
5708775	5709376	1
8294054	8294068	1
3019229	3019197	1
3988429	3988455	2
1804091	1804164	1
6117885	6117886	1
9810748	9814707	1
9592879	9592880	5
9609578	9611150	1
4813268	4813267	1
11313069	11313070	1
5227827	5224610	1
7934423	7935254	1
7999624	7998987	2
4057692	4057691	4
3250813	3250751	1
11124799	11124239	1
1723917	1723913	1
953439	953077	1
1659763	1659768	2
6006081	6006586	1
9183826	9183866	1
4755060	4755066	1
9013743	9006555	1
8206944	8272810	1
11003357	11003358	3
1595987	1595988	2
7611673	7611633	1
1101839	1197517	1
1418807	1418777	1
1552717	1552720	1
50667	50670	1
9792581	9700604	1
9948268	9948267	3
6209733	6209106	1
3563354	267115	1
8705524	8705869	1
10981910	10981909	1
7917882	7917464	3
658376	658325	2
11336784	11336783	2
3985393	3986915	1
5853270	5856123	1
437875	440143	2
9188377	9188378	1
583019	583867	1
1059187	6002437	2
912701	912702	1
11608354	4685967	1
4027089	4026844	3
2227602	2227978	1
8937213	7872145	1
4274217	4274218	4
6205537	9140149	2
3508216	9512703	1
3558016	3558015	4
3208241	3208242	2
9067652	9068157	1
6018744	6018774	1
2341500	2341499	2
1966138	1966067	1
8055503	8055504	2
7353667	7353672	1
12797286	12797283	1
11624652	11624651	2
3761925	727800	1
11748974	11749578	1
1243336	1243335	2
3546376	3546375	3
8758100	8758099	2
9839537	9839505	1
3721045	3721046	1
2137572	2137571	1
9367168	9367167	2
1643485	1641686	1
971172	971169	1
10579287	10579288	1
9630838	9630485	1
11389164	11389163	6
1597387	1597388	1
1833745	1833746	1
5694771	5693728	2
2682716	2682715	3
4779614	4779613	2
7604929	7604930	2
7002973	7002976	1
8809953	8809954	3
8534758	8534757	1
12740658	12740657	1
7964898	7964919	1
12041939	12043759	2
10198647	10198674	1
2673286	2673120	1
8916953	8916954	1
5147440	5147439	1
8809951	8809952	4
5088659	5088660	1
10352662	10352599	1
1073950	1073949	2
12381896	12118599	1
5971208	5971207	1
12557972	12557739	2
11265139	11265140	6
9053261	9053262	3
92691	92692	2
11372120	11372173	1
2085885	2085886	1
11488830	11488909	1
7942784	7540421	1
776854	532105	2
10102474	10102473	2
8571207	7729428	1
4313923	4313856	1
4131382	4131401	1
4589078	4589077	1
6743290	6743289	1
7743397	7743398	1
3755763	3755089	1
5120784	5122371	1
10950389	10950390	1
6904632	6904638	1
11834687	11834690	1
8502032	8502056	2
3627879	3627776	1
3876606	3876605	1
9616708	9616411	1
8726642	8726641	2
12644332	12644331	1
2863534	2863563	1
12201716	12201756	1
1520261	1520262	2
8655272	8655241	3
9986727	9827515	2
2905422	2905421	1
7986360	7986357	2
1267624	1267623	4
8276682	8276681	2
6156064	6156063	2
8570885	8570753	2
10741628	4678771	1
8576105	8581306	2
2410175	2410176	1
10889011	10889012	1
11284502	11285306	1
12785214	12785218	1
9873837	9873840	1
10297052	10080488	1
1961444	1961443	2
3239125	3239128	1
10302051	10302052	2
2159274	2159273	1
9394311	9394589	1
8427187	8427188	1
3928026	3928022	1
8404240	8404239	4
4103672	4103669	2
8276678	8276677	3
6443365	6443931	1
4855145	4855146	1
2839521	2840093	1
3136545	3136546	2
10167696	10167670	1
2320197	2319923	1
11854388	11854280	1
6792818	6793010	1
5566522	5567010	1
4045753	1969906	1
3972490	3972395	3
9080830	9080804	1
1539213	1539214	4
3235177	3235164	1
3964218	3964222	1
1802256	1802224	1
7168982	7168981	2
1881248	1881496	1
10018845	10018711	1
1245880	1245883	2
8919846	8917495	2
12118494	12118493	1
2541546	2541528	3
735635	738663	2
5270209	5270210	3
5473242	5473235	1
2338693	2338696	1
5249567	5249570	2
11763368	11763343	1
7519652	7519931	1
4797481	4796730	1
9149003	9149004	1
2158816	10162465	1
11101290	11102389	2
8758098	8761682	1
1113956	1113955	1
3240253	3242757	2
11672551	11672113	2
2871463	2872645	2
4139316	4139315	1
1311741	1310325	3
5360447	5360406	1
5762068	5762067	1
10880436	10880435	1
2457314	2282675	2
7261591	7261592	3
10871900	10871937	1
6070560	6070442	1
10775708	10775707	1
3019227	3019228	1
7650029	7648909	1
8693663	8693664	2
4246736	4246748	2
12780557	12776233	1
2037005	2037006	2
8549661	8549664	1
3731517	3732067	1
3834622	3834621	1
2793086	2793085	1
3300074	3300073	1
11694985	11695506	5
11422391	11422394	1
4826179	4826180	1
1394121	1394122	1
9084628	9084627	1
6433029	6432992	1
11533386	11533385	2
10482349	10482352	1
9140311	9140312	2
3481777	3481913	1
10800797	10800798	1
7610071	7610072	2
4527759	4527779	1
2908745	11798476	3
1653888	1653887	1
11273519	11274210	1
8265259	8265239	1
1112727	1112728	1
9419040	9419039	2
7772681	7772684	1
10441995	10441996	1
1148834	1131537	1
12632499	12632377	1
8041343	10278456	1
11561352	11561344	1
2610876	2607796	1
6596975	6597072	1
1315210	1315209	1
600539	600544	2
744143	743760	2
4042871	4042919	1
12025947	12025285	1
12205240	12205239	3
1443102	1466398	1
990095	3321705	1
3553403	3553404	1
435705	435716	1
9354022	9354017	2
2257597	2257600	1
7006373	7006374	1
12532666	12532665	1
4380951	4380966	2
6027305	6027357	1
6134031	6032231	1
8077372	8077399	1
2039560	2038418	1
8231229	8231515	1
7613049	7618965	2
55887	55890	1
5956226	5956187	1
9476302	9476301	1
11346348	11346294	1
4263642	4263641	1
1540676	1540681	1
1539038	1618180	1
8440181	8440182	1
11636817	11637752	1
9701642	9702238	1
1734073	1734047	3
7223284	7225760	1
4828055	4828418	2
847850	847841	1
9699994	9699700	2
3229860	3229889	3
3526797	3526798	2
6219478	6219481	2
8226819	8226820	1
5650023	5650024	1
5955724	5955727	1
12760175	12760156	2
4385895	4388186	1
3488493	3424964	1
1039149	1039272	1
4057690	5285675	1
1955235	1955548	1
6778068	6776055	1
5863081	5893660	1
4818859	4818862	1
4306003	9228709	1
5009545	5011116	1
4476304	4476303	2
7757151	7757152	3
10234485	10234486	3
6066450	6009333	1
6819943	9960957	1
3770797	3770719	1
9159189	9158907	1
4369057	4369058	3
4469788	4469792	1
10938526	10938547	1
8867253	8867254	1
10016579	10013846	1
1974336	9315676	1
2357833	2357834	1
10077878	10077840	3
1276488	1277660	1
2329453	2324449	1
5915795	5917466	1
6936115	6936106	1
10302053	10302054	2
1218838	1218837	1
11903769	11903770	1
3317546	3317540	1
5939300	5939295	1
4954883	4954886	3
9811109	9811112	3
745351	745352	1
11336782	11331658	3
4708858	4708857	1
2414582	2414581	1
2043541	2044000	2
12481065	12481066	1
3922592	3922628	2
7777099	7777100	1
8039378	8039377	1
4301662	4303520	1
692292	692291	1
626287	626292	2
4555817	4555818	2
4673813	4673855	2
7869962	7869961	1
1666341	1681753	4
8970449	8970450	2
5506236	5506109	4
10889000	10888999	1
6761525	6761514	1
8885918	8885917	1
1231919	1232385	1
12537536	12537535	1
192033	192034	5
2488069	2488096	1
8698544	3928218	1
1431612	1431576	1
7381073	7381224	2
8307381	8307376	1
5292097	5292139	1
2119427	2119367	1
912454	912453	2
10289975	10289976	2
1834556	1834576	1
7650027	7648909	2
3960943	8884673	1
5845013	5845014	4
2012605	2011535	1
6712634	6712633	1
618354	618353	1
4876444	4876491	1
7576152	7575768	1
11067408	11067407	2
8402569	8402702	1
2295396	2292129	1
9843835	5650690	1
9518127	2445115	1
11875132	11872965	1
717435	716350	1
8402037	6525974	1
1571629	1571630	1
3734650	3734647	2
10313396	7533531	3
9296903	9296550	1
143676	143675	1
2675848	2676986	1
4551794	4551779	1
10794561	10794471	1
11775505	11775506	2
4833711	4833712	1
11408681	11408682	3
9513515	3508217	1
8788198	8788197	1
4122659	4122680	1
7981453	7981454	4
3576773	3430512	2
8631822	8631764	1
1234370	1234169	5
652145	652146	1
7693458	7693457	4
2559425	2558541	1
12557813	12557814	1
8989984	8989983	2
10985161	10985162	2
8534317	8534649	1
6200035	6200043	1
3735306	3735305	1
4508130	4508129	1
3507925	3507926	1
9077500	9076044	3
1229704	1010707	1
11765229	11765230	2
1295154	1295151	1
11369697	11369647	1
1750155	1750158	3
10204123	10204124	1
4256492	4256491	1
12290033	12289995	1
3057144	3057143	3
2352506	2352374	3
2546353	2546502	1
8453251	8453217	1
9359574	9359571	1
3126441	3126442	1
7815904	7597307	1
11409925	9053263	1
4606154	4606153	2
7192101	7192102	2
9777811	9778265	2
11184312	11184264	3
7966825	7968118	1
9141685	9145533	1
6006081	6006588	1
3313016	3313005	3
6182231	6182188	1
8013373	8012803	2
12544953	12544340	1
7470478	7470477	2
7930910	7932669	1
7705094	7705093	1
7006243	7006244	1
12226575	12226656	1
5014151	5014152	1
947278	953121	1
3204826	3204818	1
3989211	3989212	2
2261072	2260863	1
10800826	10797006	1
3102263	3102264	1
2558817	9661399	1
5088595	5088596	2
11278428	11278398	2
11905992	11844640	2
3571188	3567318	1
2411987	2411988	1
4775538	4775372	1
10441216	10441215	2
8182232	8182231	1
3977306	3977305	1
5676684	3560674	2
451176	450669	1
7585633	7585627	1
1192166	1192203	1
2861043	2860252	1
250936	250935	2
10252340	10252339	1
7197405	7197104	1
9540852	9540849	1
9053268	9053263	1
7961007	7961008	1
3519485	3519486	2
11968342	11968336	1
5005191	5005192	1
9476304	9476303	1
1865745	1915899	3
3781484	3781481	2
338123	338126	1
10186398	10186409	1
8706317	8706676	1
7450015	7450016	1
5088597	5088647	1
10792802	10792801	1
11235203	11235222	1
3122806	2993471	1
7285112	7285111	2
8421798	8420507	1
10556821	10556822	1
7248310	7249864	1
10646235	10646485	2
4803593	4804205	1
6016178	6016177	1
9172992	9172991	2
2149491	2149492	1
6172829	6173584	2
6049557	6049735	1
3496642	3496396	1
7630920	7630899	2
6756572	6756571	2
1958710	1928064	3
4770538	5498270	1
8194739	8194740	4
1342340	1342231	1
2358110	2351650	1
4007141	4007144	1
8077372	8077401	3
7911775	7913779	1
12712801	12712824	1
1713675	8520504	1
8576398	7943990	2
9735115	9735122	1
3997358	3997357	2
2559281	2559284	3
11593124	11593154	2
9442497	9442521	2
8470095	10065271	1
2143572	2143590	1
7691201	7691242	3
9102044	9102043	3
11440066	11439504	1
9520006	9520005	1
1185153	1185154	2
1481594	1481593	1
1283637	11076880	1
5521090	5521043	1
5358469	5358470	1
7206351	7206797	1
2598380	2598360	1
3949487	939370	1
11991544	11988587	1
4321105	4254454	1
12260568	12260567	1
2590529	2330937	1
8862020	8862019	2
2027262	2027009	3
11849670	11849695	4
11033182	9992923	1
8324305	8324306	2
3651982	3652419	1
9778606	9778603	1
12243096	12238213	1
6185408	6185320	1
2276769	2277033	1
2678463	2678466	1
3109896	3109893	1
7170667	7170668	1
8502627	8499178	1
7725675	7725678	2
4122943	2477459	1
9475425	9475426	3
10892897	10892931	3
1342275	1344757	1
7456586	7456585	3
11372121	11373640	2
10778810	10777792	1
7775731	7772810	1
4654320	4654317	1
5818437	5818438	1
4420713	4420716	3
9364732	1049224	4
8972545	8970837	1
7774101	7935502	1
811997	811988	1
9343266	9343265	1
11457141	11457142	1
447999	447779	1
634299	4080410	1
1965236	1965062	5
7960552	7960551	1
8098755	8098925	2
6628522	6631144	1
8919849	8919850	4
1632592	1620977	1
4520241	4520242	1
9193995	9193996	1
2160935	2160938	1
6910117	6910123	1
6044403	6043284	2
2475840	2475839	2
9826903	9826904	1
11200725	11200707	1
6997267	6903697	1
10062310	10062309	1
4374434	4374433	1
1346497	1350446	1
11617505	11617508	3
685145	685146	4
11490163	11484496	1
184345	184384	1
7477655	7477681	1
4445069	4445070	1
431213	431214	1
12133329	12133330	1
8541621	8541597	5
1769229	1769234	1
7743419	7743403	2
1865743	1865744	3
11816529	11812258	1
5677666	5677665	1
3833958	3697590	1
7192438	8434830	1
8571625	7397952	1
6454802	6456510	1
8158690	8157129	2
9379511	9379512	2
8158669	8157128	2
7371099	7371100	2
2259532	2259034	2
1574486	1574152	1
9977866	9977851	1
2560285	2560303	1
7782729	3985222	1
6108522	6108350	2
6767909	6767910	1
966880	965556	2
7223898	7224109	2
2248643	3900239	1
4456568	4446938	3
9730020	9654516	1
8240671	8240672	1
6951242	6951341	1
4201906	4201905	2
2910245	2910287	1
9396769	9388057	1
12025161	12025865	2
8627013	8627016	2
3574526	3575527	1
8997212	8996349	1
5662370	5662365	1
11533365	11533366	1
3259320	3259300	2
4992798	171279	1
5665949	1959848	1
6777954	6777951	2
1056718	1056717	1
1932161	1929751	1
11864454	11864438	1
8697419	8697425	2
6755360	6755359	1
4702086	4702082	1
1101675	1101659	1
7953786	7953783	2
9795776	9795792	1
3963672	3969213	2
9579938	9579937	2
3052643	3051606	1
323226	323225	1
5116697	5114822	1
3252006	3252013	1
4064554	4064553	2
7589112	7589115	1
7092883	7092802	2
1859101	1858368	2
667659	10798198	1
5014085	5014090	1
11748974	11748973	2
11859511	11859512	1
2595762	2595761	2
2518743	2518746	1
11849081	11805490	1
1009431	1009434	1
3620581	3620582	3
6853857	6853860	1
120773	120693	1
10185670	10185619	1
7526453	2737434	1
4150830	4233637	1
10228842	10228837	2
10331237	10331238	1
9302577	9302578	1
9854304	9854291	1
4380339	4380342	1
7061155	7059410	1
9745719	9745802	1
3987826	3987926	4
3971131	3971132	1
1195862	1197067	2
4714884	4714883	1
3408945	3408946	1
10989104	10989090	1
3131067	3131068	2
3218851	3218879	1
12740007	12740008	1
1083249	1083407	2
12723352	12723351	1
8761575	8699395	1
12769023	12814642	1
2811612	2811632	1
9592879	9592882	1
6220414	6220411	3
3057146	3057145	1
952858	954528	1
9948268	9948265	1
2159100	2158947	1
11803352	11803905	1
4025615	4025616	6
6125677	6125678	1
2145391	2145392	2
10135871	10135835	1
11782048	11782293	2
6911033	1528337	1
10085946	10085945	1
6858584	6858162	1
1785355	1785356	1
7495086	7495085	1
3258341	3258342	1
2719189	2718410	1
6207756	6207769	1
12239978	12239989	1
9262988	9262987	1
9620890	9621283	1
11192246	765543	1
7197404	7197403	1
2705594	2706307	1
7484371	7484372	1
9255585	9256188	1
7519654	7519653	1
4711681	3746699	3
8063648	8063617	1
5214090	5213705	1
3155599	3216357	3
2752405	2752642	1
7536411	7536412	2
7597205	7597208	2
10298020	10298016	1
9494780	9502441	2
7383778	7383412	1
6834328	6831101	1
12151661	12151297	1
5899196	5896970	3
6591888	6591887	1
2275089	2272867	1
10880454	10880437	1
4818508	4818858	4
3239125	3239126	2
6158999	6159293	3
8702533	8702534	1
6567197	6567198	2
6122271	6122278	1
109522	109519	1
4330233	4330051	2
4641174	4643145	1
4123426	4025616	3
4824486	4824513	2
958563	958564	2
9395536	9395586	2
6462221	6461198	1
4090410	4090362	1
9039522	9039578	2
960035	960036	2
440864	440863	3
10170260	1756844	2
9847451	9847452	1
10763313	10763314	2
9262988	9262985	1
3240122	3241799	3
9546783	9552597	1
9512704	9512703	3
753493	753494	2
6128350	6128349	1
12014364	12006796	1
6548545	6548342	2
5060919	5060914	1
8370931	8370645	1
7624824	7624823	1
11422393	11422394	1
1332228	1326503	2
2339645	2339610	2
7126382	7126350	1
3029198	3118792	2
2829483	2829484	1
11164357	11165384	1
2160944	2160939	5
1457910	1457909	2
5991168	5991012	1
7883607	7883608	1
9308689	9308677	1
11499596	11498729	1
5143328	5143325	1
8169412	8169407	1
8938103	8938108	2
6323619	6926199	2
7224691	7225158	3
3210126	3209622	1
12299854	12300434	1
8955546	8954158	1
10937388	10937387	1
11345626	11345761	1
2097434	2104515	1
7192344	7198686	3
879020	878988	2
7331992	7331991	1
6826571	6826572	1
11375448	11375438	1
1532965	1532966	2
3199272	3199278	2
8277974	8277973	1
1836773	1836774	2
137504	137503	1
6879194	6879193	1
10211192	10205981	1
3424920	3424917	1
11830070	376241	1
11704686	11705043	1
12574295	12574660	1
7965599	7965689	2
3523155	3512452	1
3986676	3985650	1
6180334	6191769	1
11886717	11889731	4
12542334	12540013	1
10853020	10853234	1
1074718	1074118	1
8412368	8412367	2
7532613	7532618	1
6105120	6105119	4
10466289	10466290	1
2335537	2334753	1
9911463	9901882	1
9001992	9001989	1
11231368	11231023	1
7081984	7082070	1
1137291	1137286	2
7495088	7495087	1
3828976	3637362	1
7854135	7854136	1
3931909	3931910	2
355720	355719	2
2276799	10165772	1
9031323	9032391	1
11617509	11592229	3
7931981	7931982	1
1351433	1269600	1
4504075	4504076	1
9197701	9197684	1
8152011	8152012	1
11824488	7315840	1
8714259	8714268	2
2105540	2105539	2
8082772	8082771	1
11390046	11390045	1
4785996	6856631	1
12186088	12186339	2
687959	688039	1
2044596	2044595	2
2789641	2789367	1
5730983	5730765	2
3519475	3519476	1
11612741	11612742	1
9051519	9051538	1
11046487	11046488	1
1787261	1787262	1
11350531	11356249	1
448469	448470	2
4154811	9846883	1
1836775	1836776	1
11626934	11626994	1
3814253	3813320	1
3239909	3239910	2
9080805	9080806	2
9051947	9052479	1
10699996	10700030	1
10193619	10193718	1
3015016	3015015	1
7575088	7575085	1
2487817	2487815	1
6481494	6481493	3
9452315	2319572	2
832519	873193	3
10482181	10482182	4
8515561	8513803	1
11453777	11963911	1
8097807	8097808	4
3930544	3930533	1
3639943	4655016	1
1520101	1520226	2
7646427	7646428	1
11516255	1691125	1
4788005	4788011	1
12716957	12716938	1
11455067	11455068	1
4057690	4058520	3
5920339	5920340	1
443967	3558647	2
3558604	445822	1
7752558	7752376	3
6197431	6197432	1
2439372	2439371	1
9840994	9840868	1
838986	838985	2
5279382	5278896	2
8514933	8514938	2
1979473	1979474	2
6684803	6684804	2
11075235	11075236	1
1438508	1438507	3
1122610	1122607	1
437631	434241	2
11512968	11512964	1
2037007	2105636	1
9963365	9965347	1
10329931	10329932	1
5367893	5367894	1
11819256	11819255	1
5317741	5317742	2
3362190	3362189	1
7821559	7821560	1
4138074	4136315	1
11206455	11205576	1
10262988	2077709	1
4698269	4697843	1
11543471	11538200	1
6097471	6097472	1
2631563	2628340	1
6242860	6242857	1
8862022	8862021	3
9499045	9498596	3
9279626	9279645	1
7868778	7821475	1
9356740	9356739	2
6555551	6555552	1
4011583	4011588	1
8377624	8378420	2
11965613	11964928	2
10289492	10289491	1
7207047	7207459	1
7857377	7857378	2
4939283	4939247	2
958619	958347	1
1559859	1559860	2
9361489	9361039	1
11675624	11675619	1
5647201	5006794	1
7594461	7594462	2
4295543	4295574	2
1333870	1333869	2
5997000	5997426	1
5763281	5763202	1
1409606	1409604	2
4217338	4217337	1
5831862	5831861	2
10354009	10354010	4
5833848	5837994	2
10149997	10149998	1
11647017	11647035	2
745118	745350	2
5756979	5808466	1
4589076	4595221	1
8052648	8052598	1
10198081	10198068	1
7144879	7144880	1
4056197	4056198	4
4007193	4814208	2
3754810	3755702	1
445798	445778	3
956677	956831	1
7864696	9166390	1
2084094	2084093	1
7166391	7166331	1
3257933	3257934	3
6125787	6125790	2
7600835	7600836	3
1579056	1579062	1
9681154	9681153	2
8696230	8696679	1
10212492	10183257	1
251800	251620	1
2034449	9246528	2
8758100	8758459	1
10289208	10289207	1
11392565	11392566	1
5762030	5762029	1
4066219	4065938	2
5648521	5648526	2
9592715	9594774	1
8612256	8612259	1
2557237	2559326	1
10963191	10963326	3
8225898	8224316	1
6006587	6006588	2
3539441	3539439	3
7579685	7579600	2
8901975	8901925	2
5431197	5431198	1
2817675	2817690	1
4207631	4217594	1
2890888	2890885	1
920168	920167	1
7865869	7865871	1
7210288	7214465	1
5645553	5645577	2
4573825	4573790	1
2874285	2874286	1
9394185	9394229	2
2358108	2351650	6
10192019	10193804	2
7493879	7493880	1
2584909	2583630	2
6522655	6522656	1
12036957	12037129	1
7809898	8010926	1
10094022	10094017	1
2416005	2416006	1
11409312	11409311	2
5468429	5468367	1
9519089	9519121	2
7087134	7087133	1
6805595	6804674	1
3754734	3755639	1
8004999	8004968	1
3192825	3192690	2
5249165	5249168	2
7812903	7814967	1
8438573	8438860	1
7005645	7004560	1
1651131	1647527	1
1960127	1957748	1
7746936	7746933	1
1943493	1974948	1
11602388	5381498	1
3638002	3638006	1
1130157	1130149	2
5967307	5967308	1
2226828	2226865	1
9986034	9986672	1
7839552	7839551	1
981655	981751	2
5244095	5244096	1
7426719	7426720	2
8041341	8041342	2
2241055	2241056	3
8219904	8219807	1
9472125	9472126	1
9029955	10614621	1
10173224	10173223	1
10972139	10972140	2
9996858	10119561	1
11642323	11638129	1
3202424	3202392	1
2962493	2962496	2
1701604	1697422	1
5014149	5014152	1
2076563	2076564	1
11799090	11799093	2
3660	3659	1
688603	688604	4
5954767	5955110	1
11680011	11679954	1
5421847	5421850	1
9258624	9258623	2
844466	844465	2
3239123	3239124	3
11192129	11192130	1
2493651	2493654	2
4143035	4143036	2
3283100	3283099	1
8370796	7437021	1
9267816	9270022	2
11134475	11138019	1
10859416	10857457	2
3062612	3062611	1
7475156	7475153	2
11200692	11200663	4
9343266	9343263	1
10878528	10878527	1
7953782	7953781	2
7551413	7551414	2
9153643	9153644	2
3992764	3992763	2
12772940	12773156	3
4739510	4739509	1
11086175	11086182	1
816428	815931	1
319190	319187	1
9339184	9339183	1
1160176	11192364	1
9687603	9687618	1
1294818	1295050	1
8299222	8299231	1
1606222	1605477	1
815933	815725	1
5312641	5312642	3
4044400	4044517	1
9362721	9361731	1
6444231	6444234	3
7694967	7694968	1
8514725	8530970	1
9550077	2364684	1
11558637	11560368	2
10044653	10044654	1
8605590	8604471	1
1015701	1015518	2
867401	869060	1
6712632	6712631	1
1409605	1409614	1
3904140	3904139	6
11287365	11287366	3
8047311	8046958	1
1011248	1011203	1
12760165	12760860	1
4440009	4402284	2
2043881	2043882	1
2097761	2097764	1
12532664	12532663	1
1415930	1416069	2
4052204	4052365	1
7224691	7224692	2
4255524	4255523	2
11871679	3257794	1
9053266	9053263	3
7421819	7422021	1
1972939	11333541	1
2120741	2120744	3
2910447	2910448	1
10498978	10500924	1
5650885	5653367	1
10052163	10051958	1
2362568	2362556	1
8650628	8650627	2
8378421	8378464	1
8769711	8769712	2
7769116	7769119	1
5695026	5695025	1
11476418	11476928	1
5088661	5088662	1
6634860	6634930	1
4581433	4581434	3
7022702	7022701	1
5860427	5860428	3
7584858	7584857	1
4264303	4264304	4
4421700	4418339	1
6196635	5921806	1
5564583	5565361	2
9127657	9127658	1
7430546	7430545	1
1698234	1698252	1
4714678	4714677	1
12766760	12766752	1
2817362	2817361	1
970477	9960755	1
2152058	2152445	1
10457086	10456492	1
10207507	10207510	1
7857242	7008362	2
6066451	6066771	1
2192167	2192168	2
4753963	9169590	4
1847605	1847608	1
9544423	9543785	1
9973971	9974017	1
7053104	7053067	1
12043618	241126	1
5264804	5264222	1
8797744	8797741	2
7850394	2409364	1
12557815	12557680	1
1108698	1108693	2
3707627	3707628	1
2586475	2586510	1
883669	880454	1
10766857	10765563	1
10824964	10825329	1
4152655	4152682	1
7825927	7825799	1
1377644	1377654	1
9094246	9094128	1
824858	4021534	1
7096312	7096311	2
8874634	8874633	1
8726670	8851669	1
8748987	8749100	1
5995363	5995364	2
11392003	11392004	1
2103261	2103117	3
12338540	12338429	1
1573371	1573640	1
11989485	11989492	1
11925757	11925758	2
4197167	4197168	1
1639562	1644388	2
7809260	7811931	1
10187709	10187704	2
1462760	1462789	1
10393092	10393091	1
4089507	4089510	2
12735577	12735653	1
3462119	3461795	1
8149317	8149318	2
12293516	12293515	1
12163529	12163530	1
6619173	6619176	1
4700046	4701015	1
1008883	1008875	1
11886659	11886660	3
452812	452626	1
8578278	8578277	2
891987	3149014	1
2631360	2631357	1
1533281	1533268	1
7651062	7649665	1
11821269	11821270	1
6745322	6745320	3
10298352	10298349	1
2517349	2517350	1
8899606	8869367	1
9324331	9324242	2
7538647	7538702	1
8352912	12686317	1
12617300	12617265	1
2396613	2396666	1
4306662	4306661	2
2455179	2455125	1
2670141	2670104	1
6841630	6841629	2
4651675	4829206	2
3676975	3666997	1
972073	972074	3
9566073	9566076	2
8015759	8015801	1
4528565	4528615	1
5762034	5762033	2
7138151	7138152	3
807305	807128	1
4813264	4037717	1
2799014	2799011	1
848544	6775791	3
5645367	5645368	1
11620679	2446883	1
1987372	1987328	1
3540602	3540601	3
4288549	10766301	2
4824886	4824885	1
9881640	9881603	1
844464	844463	2
9291204	9291197	1
7463008	10771512	2
3028633	3028645	1
9772649	9772650	3
4455971	4455508	1
4209955	4209918	1
1701943	1701944	1
6017210	6017207	2
1153272	1153271	1
3370929	3371017	3
2918835	2918836	1
12165807	12165721	1
1973265	1942882	1
2476783	2476784	1
4318426	4316794	2
1018035	1017146	1
9007191	9007185	1
3209641	3209644	1
10280169	10280059	2
9175187	9175188	1
3109937	3109938	1
7200196	2556276	2
1877385	1877386	2
3241413	3241291	1
7780363	7780364	2
3558014	3558013	6
355236	355519	1
1928192	1928191	1
8043063	8043064	1
3023305	3023260	1
3709410	3709450	1
7243189	7242714	1
8527356	8527355	1
11063813	11063814	1
2515980	2514665	1
3208272	3208271	4
7985991	7986233	3
11969274	11969327	2
9344535	9344538	2
2885944	2885943	3
6595789	6595792	1
2112491	2112492	3
5222911	5223165	1
871089	871090	1
10061361	10061350	1
2682956	2683593	2
8532849	8532850	1
9518651	9518338	1
10500925	10500926	1
1377484	1335322	1
12643068	12643065	1
106483	106454	1
11997310	11996273	1
1267626	1267625	3
2922938	2922932	2
3638000	3638006	3
7408045	7408055	1
8982284	8982281	1
12305727	12305330	1
2811612	2811630	2
1698020	1698490	1
12526670	12526667	1
4244436	1652627	1
7448378	7448159	1
3105867	3105868	1
5879687	10229400	1
11583145	11582960	1
7820679	7820680	1
4568104	4567784	1
8880658	8880584	1
7889480	7889509	1
6989803	6989909	1
11794494	11795094	1
10889013	10888456	1
9700220	9702979	1
7879973	7879974	1
2093502	2093499	2
3131688	3131745	1
10979040	10979039	1
3046595	3046596	2
575358	575451	1
8532826	8532848	1
3552623	3551612	1
11759306	11759303	2
6619175	6619176	1
1420356	1466646	2
3801930	3801746	1
10285480	10285479	3
5988479	1008492	1
8050309	8050310	1
10503975	10504739	3
6159950	6159949	2
2592372	2595763	3
10403105	10403106	1
7568160	7567405	3
12623318	12623363	2
2991778	2991618	1
11696703	11696704	1
11372281	11372314	2
4081763	4081768	1
4804233	4804234	1
2736919	2736920	2
11909306	11909305	1
11446143	11446020	2
10291516	10292061	2
6577523	6577524	1
7347671	7347979	1
5750186	5750185	1
4201920	4202066	1
4550307	4550264	2
6365514	6365513	1
4057537	4057538	2
9360455	9360484	1
3507631	3895064	3
11626866	11626954	1
8043061	8043062	3
7197405	7197106	1
8971460	8971459	1
11437457	11437458	3
7201956	7201955	3
1188448	1188447	2
10728522	10728604	1
10102746	10122119	1
3199273	3199278	1
4216123	4216128	1
1897858	1898339	1
8229625	8229626	4
2117986	2117985	1
2925466	2925465	1
742140	762803	1
1095787	1095788	1
8373108	8373107	2
3283571	3283542	1
8920752	1727925	6
3473922	3459880	2
5371098	5371097	1
9088181	9088182	1
7376893	7376894	1
8875103	8875144	1
1394074	1394073	2
7551394	7551412	2
9013743	9013744	2
11977435	11975761	1
4504197	4504200	5
9185104	9185103	3
2589534	2589533	2
7925072	11753548	2
3558018	3558015	2
7724999	7725000	1
9236241	9236037	1
1913489	1913450	1
753491	753492	3
6434743	6434808	1
11380109	11378608	5
4792873	4792874	1
1010824	5559965	1
8031553	8031523	1
355718	355717	1
5593699	5593700	1
3746696	3746695	1
3092061	3092063	1
1659758	1659757	1
3115593	3113775	1
11476581	11476582	1
5867039	5906372	1
1789043	1789044	2
1699126	1202698	1
7014618	7014617	1
520177	705256	1
8373047	8373048	2
8701494	8701501	1
1257355	1257356	1
4508532	4509074	1
10206070	10206069	1
3108563	3107621	1
12351634	12351633	1
5214530	5214449	2
7261050	7260583	2
3395264	3395263	1
2033955	2033956	1
4380947	4380948	2
9775091	4491893	1
9959272	9959337	1
1249415	1249416	2
5675011	5671867	1
5910022	5910021	2
7231882	7230785	1
7716466	7716465	1
7897438	7897437	1
10108452	10108451	1
2627267	2627208	2
9064543	9064244	1
1026247	1026361	1
11374882	11374912	1
10916312	10916309	1
2890796	2890798	1
5677389	5677390	4
3232413	10995051	1
1619543	1619544	1
9503339	9503342	1
415420	415383	1
3137301	3137302	2
11437710	11437709	1
2222997	2222998	1
11375377	11375361	1
3125887	3125902	1
1564089	1563378	1
7196839	2612252	1
9394313	9394589	2
11833863	11833607	1
1834586	1834559	2
6218545	6218306	1
7798561	1992375	1
7446378	7446377	4
11214265	11214243	1
4623619	4623620	1
11290514	11290513	3
5845845	5845846	2
6181473	6181474	1
10565743	10565744	2
26568	26567	2
4803308	613391	1
7644	23056	1
10044813	10085258	2
4654315	4654316	1
11783074	11783073	3
6914734	6914733	4
12647550	12646171	3
3883670	3883669	1
10209871	10207312	1
7192242	7192239	1
3958289	3958887	1
4539306	4539303	1
1202772	1303833	1
7082894	7082853	1
7200604	7200622	1
6829499	6830052	2
2842119	2842120	1
7667027	7667028	2
2117678	2117677	2
7338672	10472716	2
4469199	4469200	4
8639204	8633918	1
6170513	6170514	1
10402577	10402578	1
8562315	8562316	2
2758866	2758865	2
1784860	1784784	4
11687560	11686430	1
6381596	6913763	1
594392	594389	1
6998083	6998084	1
5643188	11699778	2
7980725	7955785	2
9831042	9831041	1
1132607	1131659	2
8373106	8373103	1
11047677	11036262	1
7603208	7603207	2
8021958	7861963	1
8982663	8982672	2
9984867	9984868	2
3470192	3470191	1
6753751	6753752	2
8406464	8302169	2
7862018	7862047	1
3975978	3975952	1
6030312	6030315	1
8222307	8222308	2
5353411	5351932	2
2445116	2444940	1
2319656	9437931	1
5782852	5782828	2
11619116	2443811	1
931206	931127	2
2133856	2133952	3
7427957	7421678	1
12648198	12648839	1
9531572	9531571	3
1762320	1762319	1
1947498	1948748	2
2350743	2350710	2
8541983	8541984	1
3261615	3261616	1
2509008	2508902	1
2070237	2070238	1
1785353	1785354	1
7953591	7953592	3
1692255	1394073	2
9120378	9119829	1
4074164	600544	2
7741088	7741087	3
7719200	7719199	3
4057533	4057538	1
1313006	1337053	1
10717004	10717003	2
179535	179663	2
7771436	7771435	2
3108541	3108542	2
9188310	9029332	1
6667702	6668552	2
8899186	8898549	1
2488959	2488938	1
5632304	5630468	1
2063408	2187034	1
1122179	1122101	1
1861438	1861437	1
2339310	2339309	2
7488675	7488631	1
11608352	4685967	4
11446202	11446205	1
2353359	2353360	1
12557811	12557812	2
6156201	6156202	1
6106975	6107085	2
12723061	12723062	1
1444226	1443831	1
8718846	8718957	1
11618320	11618278	1
11103972	11103980	1
3009022	3009130	1
2335135	2335138	1
7935503	7935504	1
1526665	1527182	2
11729054	11729183	1
2103504	2059290	2
3907587	3907590	2
9618416	9618012	3
10259743	10260087	1
4939281	4939282	3
2851735	2851736	3
8632012	8632011	1
499842	499836	1
8862022	8862019	1
12185854	8191473	2
12777217	12777218	1
3899772	3899771	1
5846071	5846030	1
2226674	2226673	1
2244268	2244673	1
10287037	10287038	1
11673191	11673192	1
3413390	3411248	2
181648	181636	1
11313922	11312337	1
8370276	8370275	2
817039	817053	1
4858581	4858584	1
7293857	7293858	2
9829418	9829415	2
5482027	5482028	1
250841	250842	1
4594755	4594756	1
9972232	9972231	1
1444307	1444196	2
299547	298599	1
3361861	3361678	2
10015598	10015595	1
6333450	6333449	1
7736308	7736585	1
3200285	3200286	3
4754285	4754228	1
8372006	8371974	1
2728515	2728480	1
6921440	6921193	1
10695554	6620948	1
10881323	10881324	1
8798983	8799707	1
6165860	11887297	1
8272472	8273538	1
1571461	1571538	1
11701538	11701515	3
11042763	11042764	1
1398603	1398606	2
300004	300007	1
5226102	5230843	1
7899277	7899278	1
498194	498613	1
4779614	4779611	1
6408725	6408728	1
2557542	2557541	1
6567732	6381436	3
3993364	3993363	1
6939038	6938811	1
3081988	2999736	2
659520	659519	3
6481782	6481781	3
7369775	7368960	1
3699253	3699234	1
12008397	12008399	5
5649142	5649145	1
701406	701405	1
8776614	5420769	1
9336261	9336262	1
8971638	8970363	1
7359759	7359757	1
3370929	3370659	1
7324358	7324357	1
11765029	11765030	2
10594284	10582219	1
2806515	2782000	1
8235012	8234998	1
11197332	11200385	1
7686926	7686925	3
10448603	10448604	2
1636937	1637024	1
7101911	7101917	1
11135778	11135617	1
10085934	11727907	1
9583766	9583776	1
11830138	11830137	1
2985798	2985795	1
338127	188139	1
1304304	1304301	2
8972395	8972393	1
4527778	4527783	2
1248396	1248395	3
2815295	2815296	1
4013323	4013324	2
8588070	8588069	1
4654318	4654317	2
1795283	1795255	3
10482351	10482352	3
8921081	8922672	2
10393090	10393097	1
2404051	2404037	1
12039538	12039535	1
8462244	8462243	2
8798035	8798029	3
11773281	11773282	1
8576132	8576175	2
8786325	8786326	1
1959027	1959030	1
1213118	1213144	1
10270500	10271265	1
12040284	12040283	1
1541089	1541090	1
8218578	8219471	2
4819653	4819654	2
2784872	2784871	1
8462246	8462245	2
8182226	8182225	1
4845398	4845887	2
8638168	8638167	1
1189231	1189232	2
9962977	9962978	1
12814468	12814465	1
7908782	7908781	2
883667	883668	2
3016898	3018853	1
6923469	6921612	1
12325148	12325147	1
8009062	11528908	1
3986658	7782728	1
1342174	1342173	1
9674332	9674305	1
8869264	8866137	2
4642816	4642815	2
1123516	1123515	1
11519320	11519317	1
5627169	5627202	1
2858724	2859476	1
4296572	4296571	1
1143844	1143208	1
11779022	11778991	1
7342528	7342527	2
7923596	7923588	1
3756064	3756063	2
2799605	2802467	2
8971055	8971519	1
8747423	8747424	2
6468574	6469660	1
9644863	9644864	4
2685292	2684993	1
12446830	12446829	1
11997306	11997317	1
7515396	7526356	2
12793480	12793479	4
5569482	5567878	1
4671970	4505811	1
10678784	10652544	1
12008112	12008111	2
8387856	8387613	1
3602963	3602975	1
3989777	3989778	1
11959006	11961137	4
10970130	8078259	1
875601	875922	1
376292	376002	2
8420569	10300966	1
10441988	10712262	1
6017206	6017196	1
6957462	6956760	1
2817085	2817086	3
5065500	5065497	1
4152653	4152654	1
5616461	5664455	2
8989982	8989981	1
6619173	6619174	2
4406966	4406398	1
7002935	7002936	2
7702970	3523155	1
6677649	6677494	1
8402448	8402447	1
12281867	12279999	1
1481886	1481871	1
5541561	5541564	2
12601757	12601758	5
5306755	5306756	1
9299900	3892814	1
7273269	7273289	1
3198868	3198867	2
10744678	10744677	1
4832217	4832067	1
7647725	7647771	1
10280633	10280634	1
1594972	1594971	3
5059746	5059743	1
4395151	4395160	1
8792287	8792284	1
426504	10979496	1
4784520	4784518	1
850246	4005555	1
11781831	11781834	3
10672410	10672407	1
10089857	10085945	1
8967289	8963551	1
8693665	8693666	2
10523458	10525125	1
8557234	8557233	1
3777203	3777204	3
419079	419082	1
8397871	8397327	1
8861341	8867578	1
9076618	9076636	2
7398285	7398621	1
9595282	9595206	2
5949827	5943865	1
721789	721790	2
9777766	9779109	1
9923409	9923410	1
11397634	5164106	1
3300076	3300073	2
10908194	10909961	1
11668161	11669126	1
3860662	3629154	1
744139	744140	1
3307056	3307082	1
5704020	5704019	1
7576156	7576155	2
9144017	9144018	1
10152021	10151988	1
1379044	1384636	1
2437777	2437888	1
6656355	6656358	3
4363829	4363830	1
3948668	3948667	1
9081707	9081679	1
11783076	11783075	2
4404283	4404284	1
878420	878419	1
888875	888876	1
12801386	12801137	2
8924032	8926681	1
5560366	5560365	1
3200597	3200469	1
8708307	8708303	1
7480949	7480950	1
10787869	10787870	3
4779616	4779613	1
8558897	8558900	1
11462680	11462679	2
7870475	7870446	2
9542656	9542655	3
2237139	2237162	2
2352643	2351793	1
7026696	7026689	1
2516092	2564171	1
12201164	12201157	2
11672905	11672825	2
6481687	6481688	1
8862020	11767703	2
11642835	11642817	1
4061025	4061026	1
1122885	1122888	1
3125903	3125904	2
5620581	5620582	1
7220637	7220638	1
1501401	1501360	1
1942635	1951514	1
3536117	3536118	1
3751526	3751525	2
1571801	1571802	1
6117730	6117735	1
9973118	9973115	2
9925365	9925393	1
8487763	8489715	1
5696727	5697520	2
1304304	1304303	1
4204852	4204851	1
4528000	4527921	2
11917514	11917511	1
2602716	2603303	3
9046982	9046963	2
4074379	4074203	1
4175318	4175317	1
11520659	11520660	4
10500522	10500521	1
5233207	5234081	2
10813937	10813938	1
7222359	7222360	1
9996858	10119557	1
7287070	7287074	2
7953593	7953594	3
10196854	10196849	1
7470155	7471212	1
6077806	6077805	5
1474836	1474835	3
9292514	9292513	3
9309867	9309955	2
3281474	3281473	1
4145833	4145821	3
9173208	9173196	3
3090942	3090941	1
11882734	11894506	1
6149795	6149734	1
4435080	4436557	1
9712318	9712323	1
7022638	7022796	2
1733170	1733169	1
2093498	2094646	1
770765	770745	1
7379968	7398643	3
3493503	3493512	1
9250173	9250174	1
981306	982397	2
7682609	7682745	4
7613599	7613602	1
3831993	3834199	2
6161367	6161379	2
3739483	3739484	1
8350211	8350445	2
6923846	6923858	1
5116752	5116749	2
1381503	1378280	1
9962975	9962976	1
9767333	9767753	1
10479452	10479409	1
12797708	12797707	3
11232102	11232099	2
8370274	8371617	1
310603	310604	5
2323763	2323764	3
654874	656143	2
7726835	7726847	2
12249812	12249818	1
7085342	7085376	2
9103152	9103149	1
6922794	6922791	1
9046982	9046961	1
10234551	10234552	1
4052688	4052687	2
771253	850497	1
869604	869833	2
12021408	12021407	1
6903690	6903689	3
8404242	8404241	3
11619467	4531049	1
2754550	2758287	1
2253417	2253219	3
1085455	1085458	1
3136146	3136145	2
7642594	7642593	1
3108416	3108540	4
7397996	8571624	1
7274875	7275771	1
11265135	11265136	4
7139735	7139736	3
2210052	2210051	1
10229342	10225821	2
8563286	8562314	1
4007738	4007735	2
2236687	2236551	1
3507168	3898466	1
12386187	4833710	1
11010123	11010124	1
7948623	7948624	3
2710738	2713099	1
11224574	11217207	1
5860427	5860445	1
3694413	3692662	2
7124743	7124744	2
11664705	11664706	3
2308859	2316746	1
12615053	12615627	1
8846600	8846196	1
8946898	8946897	2
9247869	9247870	1
10782861	5650589	1
11918421	11918422	1
2261212	9504919	1
10375043	10374851	2
1507258	1515037	1
1058276	1058290	1
6365449	6365214	1
7025769	7025780	1
1569088	1569087	1
1743073	1740503	2
3952557	3952337	1
1920849	1920850	3
5041909	5041912	3
1887488	1887487	2
4812789	4812790	4
8637362	8637361	2
310605	310624	3
12803823	12803605	1
771547	770492	1
10959601	10959570	1
7533628	7533627	1
7075342	7075356	1
3656225	3656226	1
1763298	1763297	1
4473300	4110070	1
1695776	1695751	11
5799995	5800029	1
11504727	11504351	1
9356767	9356768	2
10798374	10798373	2
10579285	10579286	1
2272793	2265407	1
12541427	12541832	1
4057690	4058518	2
11813508	11813365	1
1930401	1930404	1
5854544	5854543	1
10672658	10717863	2
8319384	8317981	2
917859	917860	1
2311518	2311640	1
8973420	9124933	1
11827653	11827654	2
1455122	1455343	1
1392434	1392433	1
8276682	8276679	1
717922	723526	1
10528797	10528790	1
6081176	6081175	1
12780479	12780482	2
6333258	6333451	1
4824486	4824511	1
9353066	9352969	1
11446206	11446205	1
5443354	5443353	1
5377007	5377053	1
988532	988531	1
2715910	2715909	2
11687562	11687561	1
10464372	6555127	2
8077372	8077397	1
6752242	6751728	1
3023804	3023803	1
6181543	6018123	1
2174277	2174280	1
7722480	7722479	1
8361185	8365229	1
8316483	7757231	1
1835364	1835359	1
9486311	9486312	1
9419042	9419041	2
7221182	7223145	2
6514757	6514760	1
1719398	1719401	1
9540378	9540377	2
10098244	10098243	1
3982360	3982935	1
5949199	5948906	1
7110320	7112814	1
7407730	7407701	1
4081729	9046773	1
9553657	9553597	1
11615556	4544685	2
8071022	8071019	1
7108238	7108235	3
2504380	2504379	2
7439231	7439232	2
8099054	8098925	1
1630245	1630248	2
10192351	10192251	1
6450855	6446067	3
267114	267111	1
3369765	3369766	2
3986560	4070154	2
1338790	1338165	1
2787069	2787067	1
11990534	11990531	1
2706306	2706305	1
3584336	3584975	1
5786211	5786212	1
11786672	11760818	1
2420971	2420966	1
11420070	11425563	2
397094	397093	1
4051997	4051998	1
4446314	4445611	2
9130718	9129883	1
8462183	8462247	2
4063564	4063563	2
12471377	12471393	1
1579143	1579445	2
447997	447998	1
1267649	1267713	1
9778602	9778601	2
6202907	6202908	1
11237763	11240681	1
11617772	11617729	2
10044655	10085311	1
10717932	10717929	2
8560093	8560094	1
11407432	11408052	1
11860928	11860927	2
5636736	5637432	1
9022778	9023072	1
12450484	12450483	1
8631456	8631469	1
4745253	4745254	1
11908390	6105817	1
10387213	10385163	2
3580407	3580408	2
7923589	7923590	1
2754550	2758285	1
7586330	7586406	1
6915710	6820323	1
8478736	8478183	1
2778801	2637244	1
10562314	10560556	1
7201987	7201988	1
1702592	1702637	1
9356742	9356739	1
1444226	1443835	2
6119353	6064310	1
1519575	1519576	2
11758487	11758488	1
2093899	2093900	3
7483309	7483310	3
5879295	5879296	2
6117883	6117884	1
2892549	2892550	1
12780475	12780478	3
3929377	3929378	1
8900287	8900288	1
7018220	9530548	1
11237208	11237202	1
7647723	7647724	1
6865226	6865225	1
12633820	12643192	1
9141368	9141365	2
889582	889421	1
8697421	8697425	2
4514429	4514154	1
10882597	10882598	1
10441997	10441998	1
10832329	10833341	1
2510913	2513753	1
5802071	5802072	2
2176616	2176615	1
8199401	8194736	3
11525641	11525642	2
5977777	5977778	1
7220635	7220638	1
1773063	1773085	1
8492652	8492651	2
12315438	12315435	1
1757265	1757288	1
7004414	7004413	2
10761252	10761247	1
3413392	3413391	1
3168492	3168491	1
4118293	4118388	1
2377450	2377449	1
12756864	12756863	2
160272	160271	1
10053199	10009006	1
1604842	1603125	2
3553307	4258019	2
8224510	8225443	1
8502629	8499176	1
7760043	7760044	1
11345613	11345614	1
8293708	8293857	2
3734432	3734431	1
10708315	6971917	1
3679263	3679424	1
11805502	11805182	1
3124877	3124878	1
886788	886787	1
8315838	8315568	1
2844740	7658430	1
3391738	3391741	1
5273148	5273170	1
11423958	11422723	3
11877289	11877290	1
3991018	3991017	1
9162696	9162695	1
3564233	3564392	2
12715861	12715862	1
4011589	4011590	1
9019795	9022359	1
2909933	2910446	3
7889494	7889487	1
5636921	12169295	1
311435	311438	1
10798065	10799291	1
11678703	11678706	3
6989261	6989262	2
9858162	9858161	1
12145305	12144291	2
6865755	6865758	1
11395811	1997733	1
1466923	1466924	1
6033333	6033334	1
6555824	6555850	1
215953	215954	1
447698	444059	1
1467309	1467310	2
5483547	5483548	1
1104403	1104821	3
3903085	3903086	3
4021521	4021522	1
2338958	9564538	2
6112484	6112330	1
12305996	12306025	1
3631094	3631411	1
4504077	4504149	2
8578278	8578275	1
7776772	7776771	1
4805277	4805278	1
5415693	2013309	1
10416879	10416912	2
9419044	9419043	5
6897329	6897307	1
8031553	8031525	1
9939276	9939265	1
1304953	1304954	1
3910599	3493972	1
6407181	6407182	2
2096165	2095522	1
9513515	9512703	2
1119416	1119415	1
6971467	6971470	3
5115190	5115403	1
3591909	3828129	1
1926562	1926561	2
3148962	3148917	1
6898655	6898656	2
5645557	5645577	1
11621607	11618285	1
4814690	4815046	2
9815558	2784873	1
10994694	10994693	2
2035434	2035314	1
7704835	7704817	1
443157	443158	2
7612227	7612165	1
2755891	2755894	1
6918679	6918446	2
9082468	9089450	1
12664823	12664817	3
964475	964480	1
964443	990570	1
6317275	6317280	1
8231512	8231511	1
10091958	10091957	3
1588459	1588462	1
4797437	4797438	2
3338645	3186269	1
7022430	7023772	1
1139434	1280746	1
3465103	3465092	1
6692423	6706326	1
7585362	7585357	1
9704775	9704776	1
12532666	12532663	1
2445481	2445482	1
1535760	1535759	1
4433239	4219885	2
6434879	6434880	1
11703427	11703621	1
5451339	5451336	1
1725882	1725881	1
1457676	1458419	2
10151040	10052182	1
1123518	1123517	2
9553655	9553597	2
1723361	3992765	2
1073177	1073178	2
7465175	7464989	1
795518	801459	1
2517238	2517989	1
7136225	7136226	2
8157130	8157129	1
4685673	4685677	1
96777	96778	1
10197514	10197720	2
4245796	4245802	1
9453667	9453668	2
10779665	10779646	1
4096077	4096078	1
8107456	8107459	1
5487744	5487740	1
2361806	2361805	1
5696723	10870679	1
8012603	8012604	3
11675620	11675619	1
11817261	11817262	2
2339347	2339360	1
9981969	9981970	1
7450791	7450792	1
9777809	9777810	2
8445113	8445114	2
4935770	4935765	1
7259717	7258306	1
2091215	2091459	1
4107122	4107046	1
9706457	9706959	1
7884140	7885826	1
6623508	6627895	1
629757	629748	2
11989707	11989767	1
3940234	3940233	1
263859	263860	1
9468346	9467916	1
4501289	4501291	1
4081043	6906545	1
6407179	6407182	1
5285674	4058520	1
2209409	2209441	1
1658506	1658505	1
10211077	10211073	1
9419042	9419039	2
11041844	1267782	1
11153473	11153573	1
2439290	2437891	1
10120506	10120505	1
2117676	2117705	2
11367827	11367569	1
1777590	1776905	1
4142232	4142231	1
10482325	10482352	1
11871678	11871677	1
1638070	1657958	1
3721047	3721048	2
12123087	12123300	1
1539213	1539238	1
10234487	10234488	2
5493113	5493114	1
4732933	4732481	3
9703137	9699946	2
2094651	2093820	1
10975087	10975088	2
12191939	12191825	2
1268822	1268821	1
6079083	6079863	4
1228372	1228760	2
8425856	8425914	1
9582769	9582770	2
7018813	7018814	1
8030462	8030461	1
9728179	9726804	2
6220881	6220882	1
4269349	4268837	2
8091054	8091052	2
12814463	12814464	1
2407686	2407683	1
3125887	3125900	2
9595207	9595208	1
9973094	9973093	2
10177513	10178889	4
11241269	11241274	1
8107895	8107697	1
10873725	10873393	1
667497	667498	2
3794274	3794273	1
9383672	9382634	1
308573	308574	8
1304902	1304300	1
3471170	3473332	1
3631098	3631097	2
8782056	8782055	1
3806404	3796734	1
7426938	7426961	1
4019793	4019621	1
2508485	2508263	1
6691037	12801658	1
1634312	1634311	4
3281650	3281644	1
10352869	10352870	5
3813304	3814240	1
5530934	5529179	1
8077037	8157569	2
1353163	1268044	1
11493839	11493819	5
10406881	10406671	1
6321062	6321044	1
1559859	1559862	1
2167474	2119414	1
10552549	10584719	1
7353667	7353670	1
2375431	2375458	2
9382714	9382705	1
7741090	7741089	3
11252420	11252419	2
4040982	4042318	2
10356654	10355225	1
1097374	1097660	2
319190	319189	1
12046711	12051184	1
12045364	12263564	2
291008	292140	3
10134964	10134967	1
2006656	2006637	1
2985798	2985797	1
11805502	11805180	2
5702154	5702149	2
3356381	3356382	1
4071463	4071633	1
7334239	7334177	1
383956	392225	1
1438510	1438509	2
2076565	2076566	1
4536910	4538202	2
2442885	2177695	2
1526543	1525983	1
11397647	11397635	1
7611154	3046784	1
3989624	3987904	5
7026024	7021631	1
5676977	5676978	2
4069196	4070445	1
1080747	1092298	1
4355394	4355393	2
5484131	4768438	10
9681156	9681155	2
10262552	10262272	1
1102023	1102024	1
3857503	3857504	1
11790212	11790211	2
797627	797659	4
6103489	6107631	1
3381949	3381950	1
7879858	7879857	2
9089886	11855903	1
9973971	9973972	1
10276749	2341501	2
7897899	7897837	1
4715027	4715006	1
9299115	9299866	1
10063044	9928513	1
765008	765007	1
7609763	7609770	1
2950781	2950782	7
5904673	5904674	1
1336243	1336244	1
8312730	8312729	2
9574849	9574852	1
3200307	3199462	1
958984	958855	1
4512716	4512479	1
8862023	8862329	2
747593	792356	1
8349183	8349184	3
6434180	6434179	3
1055248	1065744	1
4621255	4621258	1
11107885	11116296	1
3538410	3538409	1
4051218	4051221	1
7332002	7331991	1
1286379	1286384	1
4028615	4039278	1
890438	890435	1
11991070	11991111	2
5078857	5078800	1
11465437	11465426	1
10339931	10339933	1
8478091	8478861	2
11216436	11216435	1
8110186	11189326	1
6861909	6862028	4
11279072	11281141	2
7277070	7277069	1
4085460	4084258	1
6044275	6044276	1
6335903	6335929	1
11520661	11520662	2
10586620	10586612	1
7102206	7102222	1
8546149	8376528	1
8755604	8847773	1
11232166	11232103	2
2681513	2681514	3
5645367	10870684	1
12004045	12004022	1
1041026	1042618	1
8819590	8819589	2
6218900	6223217	1
9152132	9152148	1
1698489	1698490	4
9095095	9094892	3
1037093	963453	1
6976599	6976724	1
5888505	5888508	1
10107608	10107607	1
9544887	9544594	2
11237761	11237762	1
2356613	2356614	1
8727057	8727060	2
6152171	6145929	1
9535998	9533185	1
3425374	3425373	1
1618181	1539037	1
1318430	1318427	1
57835	57836	1
5861699	5861702	1
9846882	4154810	1
1187729	1187730	2
2724077	2724078	1
8284923	8284924	1
8865400	8865399	2
9236577	9236630	2
5969631	5969632	2
8185040	8185039	1
10096503	10096442	1
5123063	5123102	1
3057148	3057145	2
7304742	7298387	1
5077301	5077302	1
1506476	1508704	1
1434734	1435380	1
12037133	12037134	4
11132467	11132479	1
8573836	8573859	1
11388306	11388305	1
9077463	9077464	1
10159130	10159129	1
4819119	4819250	1
4469701	4469715	1
7699968	7700439	1
875599	875600	1
1119983	1000303	1
8604438	8604319	1
3113800	3113799	1
6455181	6455184	1
6040433	6040406	2
1762454	1762458	1
3156487	3156534	1
7952178	8438003	1
7224693	7225158	2
8751083	8752436	1
10017102	10015339	2
7899279	7899280	1
3751522	3751521	1
10412727	10412728	1
8637358	8637357	1
2743665	7552196	1
1227300	1227299	1
4749765	4749695	1
12175683	12175684	2
7695890	7695889	1
2890884	2890883	1
12745938	12779635	1
11252422	11252421	2
7490218	7492293	1
2091211	2091212	4
4216123	4216124	2
12466755	12466756	1
2885031	2885032	2
3479565	3479536	1
1629968	1629967	3
4330231	4330051	1
8398937	8398940	1
5761525	5761288	1
1933582	1933198	1
8199398	8199404	3
2262057	2261974	1
5469595	5469591	1
12684011	12684012	2
3571188	3567316	2
10310378	10318779	3
4380327	4380946	2
9193997	9194478	1
1260415	1258086	2
9137152	9141369	3
929094	929031	1
3323678	3324069	1
4517120	4517117	3
11679121	11679122	3
4278724	4278738	5
2124030	2260974	1
442512	442484	1
1899385	1899386	2
9963067	9962959	1
3231879	3231874	2
9418550	9418542	1
10202088	10202043	2
201171	201174	1
6337680	6337675	2
3962295	3962296	1
8971053	8971054	1
11479229	11479234	1
9066820	9066819	1
5234675	5234659	1
4462003	4462004	1
3638002	3638001	2
1803941	1803948	2
9970174	9970168	1
7640231	7640232	1
6169947	6169948	3
10315395	10315396	3
5998266	5998261	1
6007810	6007750	4
12198782	8187439	2
1537171	1539039	3
4074284	4074283	1
6125679	6125410	1
576101	575971	1
5633507	5633508	1
8769215	8769327	1
617675	617769	1
1083408	1083407	7
10464883	10464380	1
1357313	1357314	1
10242262	10241923	2
4377431	4377432	1
12782761	12782562	2
4680635	4680603	1
7741654	664559	1
6052403	6052404	2
7603750	7604925	1
7409040	7409039	1
1061101	1061152	1
1620986	1620985	1
776126	776125	1
4549878	4549875	1
11751796	11751795	2
8006665	8006645	1
6171698	6171697	1
3089615	3190432	1
2835276	2835255	2
4382412	4383204	2
2843621	2842916	1
12651654	12651653	1
11775507	11775512	1
2488959	2488960	2
8750363	8750359	1
4027699	4037097	1
9482577	9482578	1
8923028	8923003	2
6097467	6097468	1
6131947	2356612	3
63180	62146	2
10961478	10961486	1
1728761	1728751	1
1926564	1926563	3
122016	122015	1
6182376	6182375	1
9072198	9072197	2
2724834	2724774	3
7456588	7456587	4
2069450	2069449	1
9701644	9702238	1
8021365	8021363	2
3743909	3743910	2
1660235	1660236	1
8753999	8752460	1
1444311	1444535	1
7693521	7692878	1
3700230	3700228	1
8919863	8919864	1
9894039	9894042	1
4555819	4555820	2
9992893	9994198	1
9959855	9959938	1
1759361	1759362	2
2567804	3084852	1
8199398	8199410	1
7659636	7659633	3
7313896	7313895	1
2439185	2439186	1
1744345	1744346	1
7487014	7487078	2
687114	687059	1
9297807	9297808	3
2512315	961207	1
7094671	7094532	2
1154152	1154149	2
7035342	7035592	2
9531576	9531573	2
1835886	1835885	1
9258626	9258625	2
2407304	2407302	1
9438095	2399174	1
7144547	7144807	1
10324877	10324878	2
12747522	12746895	1
3370658	3370657	2
10646613	10646682	3
12591793	12591794	2
3321668	990094	1
1390123	1389830	1
3387701	3387702	5
2784878	2784952	2
2174926	2174935	1
4819072	4819071	1
9299477	10585995	1
5920335	5920338	1
11591673	11591676	1
1453415	1453416	2
5130820	5419310	1
7725679	7725680	2
9141368	9141367	1
8276682	8276677	1
11882734	11894504	1
8207199	8226527	1
1057850	1057101	1
2251985	2251986	1
4607663	4604790	4
6446387	6446388	1
12735577	12735578	1
1923381	1924425	1
8149942	8150006	1
9251992	9251988	1
7582203	7574762	1
2590103	2591951	1
8105274	8105321	1
8477072	8477071	1
3284340	3284339	2
11799094	11799093	1
1943493	1974950	1
1402162	1402161	2
10172653	10173637	1
3902148	3900957	1
3456658	3456657	3
6673254	6673337	1
2538503	2538504	2
10823508	10823436	2
10280199	6032718	1
1456458	1456599	2
7865870	7865852	1
5674283	5674284	1
742447	742448	5
12452386	12452385	1
6970047	6970048	3
7874122	7874265	1
8592111	8592112	1
74542	2900	1
7490971	7490844	1
3136997	3136995	1
9185934	9185933	1
5966522	5852970	1
2557540	2557539	1
7943991	7943992	2
9503339	9503340	3
3133907	3133908	2
8632934	8633413	1
12181933	12181934	2
1119500	1119532	1
5821516	5821555	1
9852206	9852205	1
8727055	8727060	1
3938730	3940009	1
177711	177712	1
5747699	5747700	1
2223355	2223426	1
8790746	8790743	1
2667759	2667762	1
6446446	6446307	1
6132072	6132071	1
1739531	1740084	1
8163345	8163346	1
2938342	2846464	2
2659958	2659260	2
8829651	8829768	1
7812333	7826294	2
11265135	11265138	1
11183261	11184315	2
1187764	1187730	1
10728845	10729822	1
8099054	8098754	1
8540145	8538670	2
11132478	11132477	1
1969836	1969833	1
4018199	4064250	1
11328339	11294094	1
3943089	3943090	2
7055831	7055832	1
499835	499836	1
1038495	9916724	1
8223384	8223383	1
10263130	10263869	1
2439349	2439354	1
9283359	9285156	1
11563785	11648055	1
11583699	11583700	1
21307	21308	1
9770031	9772375	1
5698049	5698272	2
4851773	4851812	1
1361896	1362053	1
8299220	8299231	1
4589690	4589577	1
9428397	9428398	2
1925393	1923857	1
4178593	4178594	2
5545428	5545427	1
3317546	3317536	2
6834330	6834329	1
9356681	9356682	2
3419916	3419919	1
2253914	2253913	2
9430694	9431197	1
2126247	2126248	1
2847904	2854523	2
7201703	7201704	3
8442574	8442573	2
7298731	7292165	1
12648198	12648841	1
8644467	8644787	1
9318887	9318863	1
7095143	7095144	2
10556767	10556768	2
7353671	7353672	1
8373698	8373132	1
11409321	11409315	3
8909695	8909706	1
7135661	7135662	3
1089896	1089879	1
3422028	3422027	2
7202031	7202032	1
1167473	1167474	1
1926759	1926760	2
999165	1115132	1
10298710	10298709	1
7112893	7112894	1
10130835	9833260	1
5379329	5379323	1
1794452	1794451	2
2094262	2094319	1
10380886	10479489	1
4642901	4524945	1
2931370	2931369	1
2725482	2725411	1
5938421	5938424	3
11254935	12450485	1
4131747	4131357	1
3558018	3558017	7
8185038	8185037	1
419081	419082	1
10910268	10910313	1
10870934	10870933	2
1231919	1231920	2
1489318	1490040	1
8093557	8093531	1
8031524	8031523	1
8918199	5536118	1
2180495	2180565	2
11328337	11294092	1
187137	371468	1
10098244	10098241	1
1976748	1977216	1
4066061	4066013	1
6795389	6795390	1
8952548	8952577	2
976872	976871	2
12400177	12400149	2
10700583	10700584	1
7000188	7000187	1
8050313	8050314	2
5244012	5244011	3
4306660	4306656	1
8525878	8525877	2
8423950	7430879	1
6445033	6445034	1
2257184	2257175	1
7124617	7124655	1
1225157	1225158	1
7467348	7467347	1
4767340	4767339	1
6125649	6125772	2
10504738	10504737	2
4675225	4675228	1
10202090	10202089	2
8969322	8969396	1
1200444	1227301	1
8604470	8604469	1
11415292	11415178	3
9901883	9901884	1
10246482	10246481	1
4089511	4089512	1
8212587	8212588	1
1890011	1890012	1
10957121	10956258	2
6889907	6881218	1
6659483	6652843	1
9180725	9180726	1
4123623	4024688	1
10191967	10192001	2
1682181	1682182	2
9356329	9356340	2
8753212	8753211	2
7811142	7811137	1
11835367	11835368	1
5375634	5375644	1
2587122	2587121	1
3693411	3693412	1
9028282	9028215	1
3971561	3971562	1
9789327	4523434	1
4115709	4115710	1
7970038	7970017	1
3424922	3424921	1
10224723	10225598	1
1258706	1258709	1
8693622	8848737	2
2237165	2237169	1
4536541	4536544	1
1406569	1406556	1
7903108	7903107	1
8306682	8306681	3
1153179	1153180	2
8151721	8151711	4
5855240	5855243	1
10424022	10426806	3
3551611	3551612	1
11450398	6241756	1
7394343	7394348	3
1979624	1979474	1
11871476	11871475	1
572979	571226	2
12601759	12601760	3
5134832	8667908	1
7456577	7456589	4
8309109	8308890	1
6238991	6217892	2
2735902	2735901	2
2335819	2335820	1
3238540	3238539	1
4051383	4051220	1
4654322	4654321	1
11359910	11359828	1
5265484	5022838	1
10288009	10288012	1
8461997	8461926	1
9382706	9382705	1
4184740	4186793	1
9299274	9299156	1
1290696	1290695	3
7740847	7740819	1
1249415	1249368	2
11770317	11770324	1
1092653	1092219	2
3631107	3627650	1
9261230	9261229	1
10225645	10225447	2
208696	208677	1
7660444	7659545	2
6684805	6684806	2
5097688	5097717	1
5937289	5937306	1
55889	55890	1
10149822	10149821	1
10882184	10882046	1
2503344	2503341	2
10756514	10756513	1
8819588	8819742	2
7428361	7428362	5
4207898	4287426	1
4251649	4251650	1
3892193	3892162	1
11489058	11486116	1
9512336	9510526	2
4045605	4046255	1
5819068	5819311	1
4433289	4433290	1
7532615	7532618	2
9852952	9853178	1
12151668	12152323	3
763410	763409	1
3459866	3460017	2
5694022	5706693	2
11263067	11263070	1
11930219	11930220	2
12496311	10688759	1
11445581	5274338	1
12544957	12544340	1
5902363	5902364	2
1916650	1914374	2
8196015	8196590	3
10289490	2274852	1
3317537	3317540	2
12008686	12006857	1
1097317	1776380	1
6757089	6780552	1
2468764	2468977	1
8511172	8511171	2
1933342	1933246	1
6094438	6157456	3
967104	967548	1
9273521	9272179	2
8644036	8645563	1
10163352	10163265	2
5088659	5088662	2
4815780	4641955	2
5677408	5677407	1
9692901	9692985	1
957067	8547143	1
7519901	7525290	1
3795329	3730344	3
7056920	7056916	1
8527411	8527412	2
4708030	4708062	1
2682958	2682957	2
1629771	1629892	1
12719423	12720297	2
2720557	2720344	2
8206951	9954957	1
4152653	4152682	1
7389166	11803904	1
4172954	4141860	2
7332978	7332977	1
4433615	4433632	1
2470940	2472013	1
4641954	4642012	3
11581217	10159793	1
2022114	2023383	1
7824472	7824471	1
8522016	8521506	1
10354011	10353989	2
8625193	8626795	1
8237526	8237444	1
6486640	6486639	2
12599528	12599527	1
7479444	7479443	1
7616047	7615802	1
6829167	6935489	1
12511251	12511210	1
11741812	11741046	1
1586766	1586763	2
8083617	8083579	1
7378769	7379454	1
6315176	6315175	1
3946280	3946928	1
2062374	2062479	1
6113461	6113264	1
8151697	8151698	1
2693892	2693891	2
6203686	4119980	2
1320707	1320675	1
5789948	5790294	1
9831957	9832837	1
9339182	9339179	1
7432810	7432809	1
1438457	1438458	1
1154585	1154671	1
11267371	11267307	1
11281140	11281139	3
1995443	1995444	1
2142674	2142749	2
10137824	10137823	1
7977585	7977566	1
11504911	11504912	1
7591228	7581564	1
2595762	2595759	1
353587	352198	1
6173581	6173582	1
6326987	6326966	1
4620440	4620439	1
7854133	7854136	1
6837484	6837483	3
2842863	2879371	1
11153844	11153843	1
6097465	6097466	3
6105673	6105676	1
2241057	2241060	2
6939492	6939506	1
10331239	10331240	1
7018539	7018540	1
3184658	3184715	1
1162702	1162907	1
3640429	3497280	2
1198542	1201062	1
8389357	8389351	1
11963912	11963911	2
4313984	4187583	1
3963531	3963532	2
9418840	9418839	4
3300076	3300075	1
12780799	12780802	1
8346162	8549516	1
2872956	2870549	1
10980302	429108	3
3197797	3197810	1
1295150	1295149	3
11438221	11438222	2
4824757	4824758	1
321187	321188	2
5782750	5783773	2
7139568	7139682	1
2656799	2656800	5
9507168	9507163	1
6135925	6135926	1
7738669	7737697	1
5447632	5447631	1
7536410	7648243	4
12142343	12142333	1
1055473	1055500	2
3044791	3044792	1
3777119	3777202	1
8623493	8623494	1
3806406	3806405	1
8788934	8782091	1
10888466	10888461	1
7115708	7010409	1
4013325	4013327	2
11520661	11520667	1
10288011	10288012	1
1619436	1619542	1
5779257	5779307	1
10741962	10743881	1
2535912	2536476	1
5702949	5704021	1
9106252	9106251	1
8369625	8427066	1
1797497	1797502	2
5920335	5920340	1
7192242	7192241	1
1070269	1070270	1
3892191	3892192	1
9439393	9439394	1
2206796	2206795	1
4030050	4030049	1
10763207	10763787	1
1101838	1197520	1
8796782	5534681	1
11003431	11122290	1
9854516	9854574	1
1965065	1958505	1
8654768	8654774	1
11868120	11868221	1
4710917	4710918	1
4123426	4025614	7
8737943	8737944	2
6973381	6973320	1
2313193	2348691	1
7728745	7728746	1
2681549	2688776	1
2517351	2335783	1
1559861	1559862	1
10570447	10570514	1
7006518	7859391	1
4203971	4204047	1
6704148	6704145	1
2727147	2727158	1
2117680	2117679	1
6857267	6857268	1
8714524	8714523	6
12684488	12684010	3
799518	799515	1
847204	847433	2
6220410	6220339	2
9297809	9297828	3
7933827	7933830	3
10871257	3124142	1
7284543	7284641	1
2988947	2989019	1
6224985	9260656	1
8075158	8075157	1
10374563	10374564	1
4029713	4029714	6
5095556	5095553	1
3402227	3404494	2
9229843	9229820	1
8009714	8009713	2
8841764	8848967	1
3240881	3240894	1
926128	926141	1
4880276	4880290	1
11255756	11254990	1
5758968	5754703	1
1526675	1530164	2
8764193	8764194	2
7972915	7972916	1
8498389	8498360	1
6047820	6048152	1
6868423	6868581	1
12557813	12557680	1
12209027	12208871	1
1872874	1872435	1
7243981	11158370	1
6001179	6001691	1
12595977	12595978	1
11787429	11787430	1
3302089	3303386	1
3558016	3558013	3
1385552	1385551	1
3749582	3749777	4
6862037	6862038	1
11834118	11834012	2
6903686	6903685	1
8540141	8540144	3
6867353	6867377	1
9428393	9428396	1
7265886	8527410	2
6903688	6903685	1
6663012	6662990	1
3993366	3993365	1
9827132	9827772	1
10074999	10075002	1
8888286	8888285	1
12536734	12536733	3
772999	773002	2
8343965	8343703	1
3214618	3194663	1
1360090	1360089	2
1718933	1718934	2
6471722	6471738	1
1398541	1398542	1
4269345	4268837	1
7772357	7772358	1
4610123	4609533	1
4705627	4705603	1
11612267	11610738	1
7691280	7690892	1
9058849	9056546	1
4359741	4359742	1
8892229	8892230	1
11265131	11265140	1
2764757	2766578	1
12400177	68520	1
6052405	6052406	1
53572	1117974	1
11848777	11848778	1
9247305	9247308	1
12515122	12515121	1
7603750	7604927	1
970675	970676	1
7246577	8478718	1
6370548	6367753	1
8093752	8093170	1
2278522	2278525	2
7474796	7542927	1
2088736	2088735	2
9129540	9053908	1
9865728	9865727	3
8941898	8941897	1
6674338	6674331	1
10888466	10888465	5
1648952	1648862	2
9965176	9965175	1
8403544	8403543	3
1192166	1192205	1
3853369	3853353	2
10462154	10462153	3
4275486	4275278	1
197138	201170	3
2545764	2545763	1
971172	971171	1
8829201	8829202	1
7820263	7820282	2
3297644	3295513	2
4096075	4096076	1
5411527	5411528	1
3196046	12723814	1
1110627	1111308	4
3372113	3372114	2
4780536	4780535	1
1907005	1904901	1
3197022	3197677	1
8540145	8540146	1
3746401	3746415	1
7933825	7933828	1
4865647	4865648	1
417022	419141	2
7877480	7877479	2
2878336	2878335	1
10129080	10129085	1
765311	765312	3
6909086	6909506	1
7704302	7704301	3
201171	201172	2
8714528	8714521	2
10268900	10268895	1
11265131	11265132	3
5415693	5415694	2
7767534	7767523	4
1510628	1368381	1
643862	643859	3
1142578	1144637	1
3997356	3997355	3
282211	281144	1
3558690	3559023	1
7938719	8573649	2
10042707	10043462	3
3240895	3240896	2
747242	747237	1
10652577	10652580	1
2241055	2241060	2
7115271	7103304	1
12249819	12249820	1
6105673	6105674	2
9640283	9640284	1
10522202	10522200	1
2817672	2814465	1
3250951	3250640	1
1902010	1902014	2
12558782	12557287	1
7743636	652194	4
10053374	10134290	1
11718339	11720876	1
8085007	8085008	1
8348007	8347976	1
659349	659350	2
10173226	10173225	1
7446376	7446373	1
10081007	10081065	1
3028257	3028289	1
5284735	5284747	1
7338078	7422074	1
2122546	2124378	1
3372379	3372366	1
10800597	10798957	1
1008877	1008878	2
12149833	12150888	1
1337830	1337829	3
2851557	2851558	1
5911274	5911182	1
11662840	11662839	1
7245266	7245152	3
7825879	7825880	2
13046	13041	1
4292220	4292219	2
992480	992479	2
7468829	7468832	2
1206839	6113563	1
3887786	5971834	1
4671145	4671146	1
8839243	8839244	1
6891689	6891690	1
11927817	11927840	1
7825868	7825867	2
10539699	10539664	1
7446414	7446413	1
9968670	9968507	2
8843577	8843578	1
6895158	8980114	1
4607662	4604778	1
11862457	11862458	3
3967125	3967126	1
7931344	7931343	2
2275175	2275176	3
1238401	1239507	1
3744231	3739482	2
10472100	10472317	2
814878	814877	1
11267647	11267941	1
1964794	1964793	1
751798	751797	2
8942306	8942305	2
12260570	12260567	1
4053765	4053820	2
2014957	2014960	1
6679377	6679272	1
9501272	9495779	1
8256809	8256571	1
6684803	6684806	1
7814680	7814679	1
6650747	6650748	1
9329652	9329607	1
6335890	6335889	4
6775406	6775405	1
2051739	2102664	1
10681948	2282675	1
10404477	10404478	1
3930952	3930707	1
11910671	1297751	1
12780479	12780484	1
10497056	10497055	2
9250402	9250401	1
11864451	11864452	1
11918532	11918416	1
3298278	3298277	3
4039917	4039918	3
2428243	2428208	1
1109255	1109256	1
11388090	11388108	4
8409841	8409842	1
11446204	11446203	1
9979153	9980086	1
2123547	2123548	2
1443834	1443831	1
8487760	8487944	1
3947865	3947866	1
10661221	10661287	1
12745159	12558077	1
8714528	8714525	5
12400177	12400151	2
3083485	3083486	1
1342196	1342175	1
11332400	11332399	3
3261157	3261153	1
936656	936655	2
4044729	4046248	4
8953961	12126478	1
11214288	11214189	1
10225643	10225644	2
2518248	2517665	2
10043161	10043162	4
6027450	6027269	3
9925836	9925835	1
7775314	7775313	1
9810813	9810454	2
11479235	11478496	2
8657136	8657135	3
10266912	10266973	1
6028335	6028336	2
10615883	10615884	3
10777505	10777496	2
11804274	11804158	1
1875941	11404717	2
737788	737787	1
1927014	1926758	1
10878606	10878611	1
9097009	9097012	2
9355203	9355204	1
68974	69399	2
5793933	5793931	1
7824470	7824367	1
7736366	7736365	2
1749101	1749067	1
9165609	9165643	1
11871676	11871675	1
2096678	2447550	1
1510870	1510187	1
1295635	1295636	1
1088805	1088830	1
1699084	1699083	1
1049011	1049056	2
1039801	1038958	1
2172344	2172343	1
9157273	9157274	1
8547500	8547143	2
765315	765316	2
5065498	5065497	4
12744088	12769424	1
1539215	1539238	2
2512598	961174	1
5703607	5703613	1
2416003	2416004	1
3431350	3428213	1
3524450	10882218	1
4056282	4056281	1
11215039	11215040	1
11585050	11585143	2
5662370	5662367	1
9383674	9382634	1
9920218	974680	1
7946404	7546164	1
1655767	1661343	1
11340188	11340187	2
1185961	1185962	3
5838001	5832651	1
7968117	7968118	1
159848	159854	1
7202267	7202268	1
1763262	1300091	2
10102476	10102475	1
4101097	828938	1
8990819	8990820	1
4642814	4642809	1
810668	810664	1
1497555	1497534	1
12279933	12280173	1
2552715	2552756	1
4655619	4653401	1
10477651	10474337	1
1881250	1881249	2
4304549	4305110	1
7000994	6943151	1
9394311	9394312	3
1101977	1102027	2
7722482	7722481	1
10483801	10483802	1
3478635	3478636	1
2889669	2889225	1
12784141	12784142	1
1448605	1448606	1
1290694	1290693	4
5292674	5331958	1
2009182	2006879	1
9081630	9081627	1
4733541	1542048	2
4096073	4096078	1
2378857	2378858	1
3911262	10935173	1
2261800	2261831	1
1612398	1612835	1
11917604	11699220	1
7875254	7877226	1
4583340	9516378	1
1468503	1470051	2
10106422	10106419	2
6841164	6841163	1
6621946	6629737	2
670345	670346	2
4651004	4653933	1
7836705	7836706	1
7814011	7814012	1
5876710	5965868	3
8971462	8971459	1
1337310	1336991	1
2889791	2889216	1
2507515	2509693	2
4094698	4121235	2
9277482	9277465	1
8105353	8109993	2
2388833	2388838	2
1714203	1704605	1
9081484	9081483	3
8191924	8218029	1
2775272	2775409	1
7903106	7903526	3
4853516	4852996	2
3200287	3200288	2
5898669	5900424	1
2553332	9589257	1
8555451	8555402	3
5637067	5636595	2
10888998	10888997	1
8441602	8441601	1
3549922	8652535	1
9317977	9317978	1
1249417	1249368	3
8892231	8892228	1
813621	813743	1
2152434	2152431	1
10301643	10301644	1
11633365	11634370	1
8528343	8528321	1
10354011	10353987	2
10772679	10772587	1
4076813	4076814	1
3102676	3102308	1
8203708	8203707	1
7332976	7332975	1
3975278	3975277	3
10247967	10247765	1
2908346	2902742	2
1268824	1268823	1
5736493	5736475	1
3589001	3589002	1
3993955	3993956	1
8097819	8097813	1
8274726	8277975	1
1709183	8786892	1
1738894	1739881	2
8896851	8896852	1
10284753	10284770	1
2255761	1930573	2
1163655	1162237	2
4064936	4065302	2
2502515	2502516	1
6032228	6032310	1
9941518	9941572	1
2034673	2032423	1
7803464	7576563	1
12185863	12185864	1
3976514	3976510	1
4387001	4387002	1
12609856	12614226	3
295056	295848	2
4953436	4953433	1
10876483	10876484	1
2531661	2529304	1
4072464	4072461	2
8555449	8555450	4
376957	382465	1
8236574	8236405	1
5758436	5758435	1
6917926	6918011	1
12226657	12226658	1
8862009	8862010	2
6868425	6868581	1
2215358	2215355	1
6116942	6116969	1
9116486	9116489	1
5670872	5670871	1
12253331	12253332	1
8465781	8465344	1
309259	184716	1
7961031	7961042	1
8637360	8637357	1
8504725	8504726	2
6839464	6839572	2
7672247	7670504	1
10615885	10617434	3
3799848	3799755	2
6105804	1577828	3
3131747	3131641	4
1798864	1800448	1
946151	946184	2
3533807	3533812	2
9318039	9258659	3
10241037	10244741	1
498194	498611	1
11392281	11392282	1
721791	721792	2
2889231	2889234	1
10793122	10793262	1
5803885	5803886	3
11990275	11990276	1
1579813	1580451	1
8331632	8331621	1
7220635	7220636	2
11274974	11275208	1
1748824	1749075	1
7391710	10495090	1
12182787	12182788	1
9078918	9078901	2
7312140	7312104	1
1244534	1188449	2
3126439	3126440	1
6107085	6107086	2
4178595	4178596	1
2277461	2277457	3
1233002	1233001	2
8562686	8562432	1
11793575	11792215	1
4120461	4120462	2
3200143	3200144	2
1461929	1461932	2
8627011	8627012	2
11579162	11579161	2
1337150	1189392	1
10177719	10177717	1
8541619	8541620	3
6320091	6320624	1
2251178	2251177	1
3779646	1949181	1
10098242	10098241	1
4787339	4788254	1
1076243	1076264	1
6843474	6843470	1
415221	415222	1
10234485	10234488	1
575344	512137	1
7135659	7135660	6
4523427	4523210	2
7039883	7039884	1
11208801	6208941	1
6112486	6112330	1
313314	313317	1
2827043	2827004	1
11679091	11909157	1
8710816	8710846	1
12463558	4583984	1
3274559	3274560	2
9365506	9365474	1
5914092	5914091	1
5922904	5926137	1
766470	766469	2
7490054	7479445	1
2892489	2891530	1
7028290	7028289	2
5045397	5045408	2
66860	67720	2
2275964	2275963	3
10477653	10474337	1
11026609	11135439	1
2440919	2440920	1
4814325	4812718	2
3229890	3229889	2
4997354	4997998	1
5288420	5286824	1
2776835	2811354	1
5447871	5447635	1
5602995	5602973	2
1197516	1197515	1
12340769	12340770	2
11719212	9641694	1
11789047	2838682	2
4731116	4731115	1
429109	10980355	2
1938286	1938285	1
2454887	2454111	1
8772444	8774689	2
4433300	4433303	1
11372283	11372314	2
7649138	7649137	4
9162407	9162248	1
2950783	2950784	3
5329464	5329588	1
2209204	2299400	1
12185865	12186035	1
924688	924687	2
11822511	11822512	1
660653	660065	2
7363886	7363885	1
11572	11571	2
1188769	1188871	1
1290467	1290474	1
1648952	1648860	3
7394349	7393494	3
1264786	1264865	1
6525812	6525811	1
3482428	3756184	3
5815126	5815125	1
4254455	4254456	1
9775721	9775722	1
2721108	2721595	1
1087484	1087483	3
5898286	5898281	1
8741057	8803191	1
4367629	4367576	1
3950303	3950304	4
9354892	9354889	2
6097855	6097856	3
9053268	11409924	1
10378945	10379227	1
6439047	6439390	1
10288725	10288720	4
1659760	1659759	1
10276877	10276581	2
9826901	9826902	1
9475949	9475950	1
4445056	4445055	2
5421851	5421852	1
9141366	9141365	1
11574051	11574052	1
4797439	4797440	1
3160497	3160498	1
11324821	11324822	1
11876916	11876915	1
951428	951486	1
11749577	11749578	2
1856243	1847204	1
8442164	7249226	1
10888468	10888467	8
4425778	169438	1
11265131	11265136	1
6853855	6853856	1
2622177	2622191	1
9582510	9582488	1
2350707	2350710	2
1520328	1520362	4
3904142	3904139	1
3359863	3358370	3
10717977	10717957	1
11307034	11282516	1
12205240	12205237	1
8826905	8826920	1
8181188	8181187	1
3200305	3199462	1
8966199	8966141	1
11376770	11376769	2
1661780	1661946	1
2432461	2432462	4
6690494	6690204	1
7585330	7585363	1
3615770	3615769	1
10462156	10462153	1
8377191	8377194	1
8925763	8925764	1
11732457	11732455	1
1627756	1627785	2
923190	925283	1
10803724	10803723	1
86037	86007	1
880032	883743	3
12205236	12204890	3
3263793	3263794	1
8514937	8514938	1
8919847	8919848	5
5809857	5809858	1
2275966	2275965	3
5065577	5066365	1
8039374	8039377	2
11337108	11337107	1
9109443	9109444	2
8289041	8427755	1
6989644	6989260	4
1686737	1686852	1
2895405	2895378	1
9266411	9266412	2
6776765	6776766	1
1758808	1759360	2
5607114	5602972	1
1295154	1295149	1
7338672	10472718	1
1097374	1097781	1
8012607	8012608	1
1304072	1304075	2
8516245	8516246	1
12403069	12400741	1
3696830	3696829	1
7511656	7511655	1
4672493	4524326	1
11373868	11373867	2
6053418	6100443	1
2098782	2036607	1
2799010	2799013	2
11434496	11434140	1
1550356	1550355	1
6762019	6762020	2
1714915	1714916	1
4297577	1879495	3
8077745	8077747	2
882538	882873	3
7550711	7550702	2
11231006	11231577	1
12780473	12780474	3
594390	594389	2
3892193	3892160	3
10497058	10497055	1
12812115	6692024	1
357257	357258	2
2578618	2578615	1
1286074	1286106	1
9197701	2075012	1
3248171	3248172	2
5709377	5709378	1
7010648	7010590	2
5534254	5534334	1
5815104	5815101	1
8954206	8952983	1
4680921	4680737	1
4126354	10176727	1
6824845	6824846	1
3967979	3967980	3
86035	86036	1
9499408	10929441	2
7332002	7331993	1
6156211	6156088	1
10246480	10246475	1
12720529	12721965	2
2783415	2794067	2
7817691	7817692	2
4779616	4779615	3
2833788	2833785	1
11543781	11538519	1
6889370	6841165	1
2475844	2475841	2
7567404	7567403	3
6820235	6820286	1
4048982	4049767	1
4380325	4380326	1
9395677	9395680	1
7933205	7932972	1
8747479	8747480	3
7202355	7202356	1
7597203	7597204	2
1143209	1143210	1
3037680	3037717	1
2121371	2121323	1
11393606	11393533	1
7200565	7200566	2
3136547	3137302	1
8751085	8752436	3
362903	301574	1
11911483	11911485	1
10044651	10044652	1
3369767	3369807	2
8795899	8798024	1
6452046	6050723	1
7454280	7454266	1
452295	452300	1
6403724	10768953	1
3186042	3185917	2
5699585	5700277	1
594392	594391	2
6650668	6650603	1
11372281	11372282	1
11534044	11534043	2
10217353	10217212	1
11882124	11881368	4
2595760	2595759	2
4067756	4067853	1
3430516	3430515	1
758754	758693	1
7871020	11680634	1
7224090	7224089	1
6146817	6146818	1
4722727	4722728	1
4178593	4178596	1
3701831	3701832	1
9644865	9644866	2
285460	285459	2
8404242	8404239	1
1088803	1088804	1
565338	565337	1
9349893	9349894	2
767262	767317	1
11791109	11791401	1
12618695	12618698	1
4527500	4527502	1
8470518	8470517	1
11918635	11918638	1
4623621	4624300	1
11475948	11475792	1
10527853	10527887	1
2890218	2890132	1
9010243	9010244	1
3668517	3670120	1
1167083	1167094	1
3890557	3890558	1
5851291	5856678	2
3708858	3708986	2
12484073	12484074	1
4388185	4388186	1
8050502	8050312	1
12539237	12537537	1
7206349	7206350	1
8752673	8752674	3
8835065	8835068	2
4455486	4455485	3
9084652	9084629	1
10180291	10180319	1
1581139	6828439	1
3319648	3319398	4
4837026	1717072	2
9710347	4819741	1
1575297	1575298	2
12037570	12037569	1
10203879	8520979	2
12452171	12425930	1
1245882	1245881	2
6825828	6825827	1
8468568	8468567	1
2701789	2701792	2
5088597	5088649	1
2905420	2905455	1
1897283	1898254	1
7207603	7207604	1
5088648	5088647	1
1539038	1539037	1
2580489	2580490	2
11826235	11826236	1
7870286	7870285	2
5984082	5984079	1
1875742	1875741	1
1590461	1653889	2
1530744	1530743	3
5831532	5830202	1
9367169	9367206	1
8766029	971173	2
8441600	8441597	3
11989491	11989492	2
8547500	957066	1
10282805	10282806	1
9356683	9356684	1
11871679	9197366	1
5650689	5650690	1
4281857	4281744	3
7516113	7516114	1
3696597	3696457	3
10167822	10167806	1
658354	658379	1
10289206	10289205	2
3957843	3957844	3
9986555	9986556	1
10385062	10385061	2
1875844	1875843	2
4629528	3614611	2
2903958	2903348	1
1887486	1887485	2
11124799	11124241	2
10043163	10042774	3
9394286	9393772	1
7729620	7731948	1
2276247	2378552	1
9980087	9980088	1
7826319	7826358	2
9455570	9455148	1
1580189	1580032	2
5675007	5671867	1
3372111	3372112	4
11680009	11680010	1
10315393	10315394	5
3676029	3676034	1
1337744	1337743	3
12541046	12546171	3
4316690	4315187	1
8990825	8990826	1
890199	890202	3
2124329	2124330	1
4880278	4880277	2
12645632	12645634	1
10043161	10042774	1
12722871	12722872	1
8838433	8838629	1
3229095	3229096	2
1494781	1491470	2
3777220	3728458	1
2834196	2833789	1
949900	949850	1
9611300	9541547	1
7613601	7613602	1
6156196	6156523	1
4029709	4029712	6
3251175	3103147	2
1032015	1032016	1
6627053	6627057	2
2841505	2842118	1
9367168	9367165	2
41544	41128	1
3201263	3201343	1
4662713	4663978	1
8798035	8798031	3
1748214	1748356	1
6898324	6898260	1
5642996	5642980	2
8959889	8969602	2
7236236	7244912	1
7798561	7798572	1
3977313	3977314	1
11569094	11569726	1
8982226	8969945	1
7610073	7610080	1
8365228	4128050	1
2538501	2538504	1
4843379	4566569	1
8657136	8657131	1
8009064	8009063	2
736259	736262	1
11612743	11612483	1
3980193	10465763	1
11628353	11626632	1
10418368	10418408	3
4391040	4389749	1
11006884	11006883	2
11369695	11369696	3
8078226	8078225	6
11918421	11919988	1
8623495	8623496	2
8607690	8605708	3
4373722	4373736	2
4090551	4090594	1
2117972	2117971	1
11638817	11638818	1
8530948	8530994	2
10022613	10022614	1
5899200	5899199	3
4043581	4043582	1
1982177	1979858	1
6892559	6893380	2
11234171	11235453	1
12423620	12423619	1
8829840	11584876	1
9108837	9108838	2
9341806	9341805	2
2512857	2514750	1
7391554	7391553	6
10909962	10909961	1
12123860	12123873	1
12538831	12534512	2
630233	630234	1
2323991	2323762	3
419078	419077	1
7476931	1287201	1
11318610	11318587	1
12550488	12550435	2
9140424	9140410	1
6177759	6177760	2
11862874	11862869	1
11476583	11476584	1
10289210	10289207	1
7136210	7136209	2
6929960	6929959	1
2740978	2740977	2
10335378	10335377	2
3437960	3438000	1
3236421	3236485	1
4436963	4436966	6
3010883	3010866	2
435584	435539	1
6888240	6888237	2
8560750	8561224	1
8105262	8105261	1
11013926	11013925	1
6067587	6067588	2
848153	848156	3
2356613	2356616	2
6028335	6028361	1
12377689	12334212	1
2885946	2885945	3
7656002	2859157	1
6431626	5816831	1
6610603	6613073	1
8412275	8412369	2
7006245	7006246	1
8560877	8560878	4
11768867	11767969	1
1191892	1193812	2
10290944	10292306	2
6981416	6981415	1
2431318	2431317	2
10740443	10740444	1
4393963	4393949	2
9829416	9829415	1
55887	5884358	1
4788322	4788877	1
11391482	7428666	1
5607117	5600026	2
8664320	8664497	1
10252338	10252341	1
5518129	5518130	2
1548906	1548333	2
2765273	2765274	1
2324120	2324119	3
10768999	10769000	1
3136547	3137300	1
1221614	1217979	1
7312920	7312919	3
1454625	10210855	1
4260288	4260287	1
7792477	7792510	1
6835487	6835569	3
1698020	1698488	4
3284419	3284420	1
869310	869309	3
8268097	8268133	1
12742497	12742500	1
7302780	7258319	1
5484129	5484130	7
3781486	3781485	3
4055281	4055282	1
7070127	7147602	3
10876166	10876303	1
5645369	10870684	1
9258628	9258627	1
3656069	3656013	2
5014037	5013995	2
2091213	2091459	2
4582179	4582180	1
9943596	9939566	1
11400753	11400754	1
9295648	9295647	1
6837524	6837478	1
2511000	2510999	1
5707210	5707209	1
9475741	9475742	1
6674338	6674337	1
5994337	5994338	1
11329186	11329185	5
4074286	4074283	1
944137	944138	1
6797390	6797389	1
3945316	3941840	1
1585635	1584978	1
8031327	8030478	1
3131758	3131723	2
688038	688037	1
11662717	11662718	4
1668892	1668782	1
4786270	2728544	1
9123258	9124279	2
4824512	4824511	1
4116169	4117153	3
8693663	8693666	1
11871487	11871493	3
2147413	2147414	1
12680140	12680139	1
7709064	7682096	1
2903556	2903555	3
4733422	4733421	1
2962491	2962496	1
10482181	10480561	1
10472100	10472315	1
9788725	9788685	1
7202505	7202736	3
2766551	2766756	3
2731263	2731270	1
2881182	2881168	1
7965420	8923308	2
11313742	11313708	1
7353665	7353666	3
11442518	11442541	2
3819200	3819025	1
11855888	11855887	1
3872517	3872518	2
537074	5493754	1
707152	866088	1
9772651	9794815	4
6967854	6967853	1
7078807	7078725	1
8465844	8466320	2
11151724	11151042	1
8026616	8026611	2
5353407	5353410	2
5081758	5076101	1
8562684	8562432	1
4987873	5003003	2
838984	840073	1
6825826	6826570	1
6776122	6776121	1
12008113	12008114	3
5861699	5861700	1
11422757	11422760	2
11748974	11749576	1
10402573	10402574	3
1957749	1957752	1
8427129	8427238	1
11695507	11695160	4
7747891	7747892	2
8855093	8855094	1
3707124	3734647	1
10477651	10477654	1
3370660	3370657	1
9001992	9001991	1
7792509	7792510	2
12720959	12720744	1
1860946	1860945	2
1833747	1833748	1
7197405	7197110	1
1304074	1304073	1
3566531	3566524	1
8953352	5988536	3
3993953	3993954	2
4057531	4057536	1
2265159	2378169	1
10888464	10888461	1
2991964	2991963	1
3938740	3938739	1
923437	923426	2
5972862	5972861	1
11280438	11280452	1
4845835	4845808	1
1234659	1234237	1
4530826	4530825	1
6051350	6101026	2
3421303	3421915	2
8662739	8661813	1
1839119	1839185	1
912471	912455	2
7532162	7532173	2
10405035	10405027	1
5554938	5554942	1
3057148	3057147	1
6846705	6846706	2
1143844	1143210	1
3141816	3141815	1
6674336	6674331	1
8798032	8798067	1
6183026	6183025	1
357416	357415	2
3372073	3372074	1
3230426	3230525	1
7935512	7935511	3
9772649	9794815	1
1870499	1870500	1
7214650	8472364	2
12180144	12180143	2
6898653	6898654	2
442194	442193	1
2648359	2649125	1
11523343	11577246	2
3993568	3993557	1
3208284	3208273	3
7430211	7430991	1
4925346	4925333	2
3734645	3734650	1
7477682	7477681	3
8392435	8392236	1
3993231	10477510	1
7160170	7160161	1
10610858	10612127	1
8798756	8798699	1
7946068	7201986	1
1156302	1156299	1
955274	929286	1
10657036	10656126	1
10888462	10888461	5
6925784	6925842	1
11506177	11506178	1
2091213	2091214	1
8769709	8769710	1
7693460	7693457	2
7334166	7376261	1
9138669	9138670	2
11437712	11437711	2
3083208	3083180	2
3866887	3866239	2
11294093	11294094	1
5984979	5984980	2
7337471	7337484	1
7265128	7265050	1
12549618	12549615	1
3696456	3696455	2
12290031	12290032	1
10758140	10758139	1
1457680	1457679	2
1197592	1197589	1
6196342	6196341	2
8748338	8748362	2
11479235	11478498	1
5714912	3924562	1
3962293	3962294	1
3940490	3940489	1
3454554	3454627	2
7473265	7473284	4
8276680	8276679	2
4393946	4393943	1
1906734	1904734	1
10293516	10290629	1
7754138	7715478	1
7702139	7702140	1
9051543	9051544	1
5732334	5730517	2
1574378	1574490	1
7516329	7516330	1
11787316	11787315	1
2339361	2339362	2
11629959	11629949	1
2122096	2122099	1
7427823	693683	1
4176011	4168191	1
2701793	2701794	1
9532106	9531577	1
802274	799192	1
10870936	10870935	2
9862777	9853189	1
8511174	8511173	1
7103305	7103308	1
8817724	8817723	2
9531837	9531838	1
4783368	4783367	1
11527283	11527284	1
7811136	7811135	1
9056557	9056558	1
9375704	9374851	1
12005039	12005040	1
3830111	3830066	1
1469632	1469476	1
4641956	4641955	2
2872486	2872868	1
4722725	4722726	2
6778432	6777944	2
3565369	3565372	1
201645	201646	1
4057533	4057536	1
5122887	5122955	1
1923856	1923853	3
9818925	9819552	1
9251107	9251086	2
4368951	4263643	1
2279716	2279715	1
1877388	1877387	1
4851816	4851813	1
12383265	12381067	2
9345837	9345838	1
2094653	2093820	1
3276263	7178320	1
7274664	7274663	2
4878773	11963736	1
1315208	1315207	1
9803337	9803338	1
10754864	4056276	2
3854244	3868029	2
8714365	8714395	1
931631	931856	1
10461387	10461424	2
10288009	10288010	2
3424853	1243066	1
7941749	8009715	1
7933827	7933828	1
10482620	10482619	1
3027523	3028081	1
7777233	7776806	1
2740460	2740457	1
1924297	2237602	1
9001990	9001989	1
3658037	3650749	1
8423434	8423433	1
12618699	12618025	1
7230132	7230129	1
10982484	10982487	1
10090892	10090891	1
7953786	7953781	2
4056199	4056200	4
3892727	5994798	2
11626872	11626867	2
10477653	10477654	2
1286881	1286882	1
9356742	9356741	1
1533304	1533303	1
4673856	4673855	1
10370855	10369382	1
7826317	7826358	1
1032734	1032729	1
3832443	3832444	3
1359839	1359844	1
2109200	2109252	1
8777063	8777182	1
6922792	6922791	3
6492367	6492432	1
3082624	3082611	1
2215356	2215355	1
966978	966977	1
4566568	4566565	2
4813903	4813906	2
7762730	7762051	1
12742029	12732669	1
4601603	4601738	5
4517120	4517115	1
4562149	4562150	1
2927281	2927285	3
1133084	1133119	3
7232318	7234610	1
11554046	11554117	1
7918172	7919879	1
6170218	1359832	1
8466386	8466385	1
3538408	3538407	1
520175	520176	1
438247	427160	1
6538745	6538324	1
193190	192032	5
3940919	3940687	1
2901184	2901251	1
6980853	6980913	1
6314568	6314604	1
9080830	9080829	3
1535052	1535047	1
8273955	8273465	2
3416288	3402218	3
7953595	8588071	2
9631111	9633419	1
3272979	3273088	3
1161153	511590	1
1764103	1764023	2
6121905	6100421	1
7556579	7556332	1
11409312	11409309	1
9644865	9644868	1
2943704	2943703	1
5899198	5899197	3
7301885	7301886	4
10113336	10113325	1
2557810	2557820	1
3758750	3758749	2
11337028	11337021	1
9002158	9003477	2
11215082	11215038	1
2701789	2701794	1
4722719	4722932	1
7567301	7567302	1
11182809	11183254	2
7537028	7537027	1
7020166	9540379	2
7933829	7933830	3
11737608	11737607	3
4824759	4824760	1
7722482	7722479	2
4030595	4030596	1
8251267	8250602	1
1385397	1385398	1
8077398	8077397	5
9180716	9180715	1
4843392	4843391	3
3133909	3135514	1
8486548	4119846	1
1027693	1030131	1
11209343	11209344	1
1329034	1329031	1
4228477	4228483	1
11423960	11423959	3
2811631	2811632	1
10456606	10456645	2
5683233	5683234	2
1634310	1547059	3
5497869	4772424	1
7274666	7274665	1
4434043	4434044	2
11075237	11075238	2
12039926	12039955	1
3026756	3028250	1
1236392	1236383	1
3252524	11673190	2
10894921	10894922	1
3661802	3661801	2
1748951	11194162	1
7941012	7941011	1
9821046	9821041	3
9583303	2343782	2
9468762	9468737	1
8066390	8076563	2
7730103	7729592	4
9873837	9873838	2
1873331	1873345	1
4089752	3525231	3
1420728	1420760	1
8205523	8202167	1
2571137	2571138	5
5898790	5898742	1
7377345	7379056	2
2032422	2032421	1
6898226	6901632	1
2518743	2518744	1
9475423	9475424	4
11216349	11216378	2
8032429	8032690	1
6240220	6240217	1
1402075	1402076	2
6180336	6180335	1
1318900	1312829	1
10455212	10455258	1
9676977	9677022	1
6595989	6595992	3
330449	330450	1
8918338	8917931	2
3148934	3150458	1
7774850	7774573	1
1006633	1006634	1
11855912	11855898	1
2253220	2253219	1
7899281	7901051	1
8972545	8972546	3
1539215	1539240	1
12202323	12202393	1
1148556	1148553	2
1182478	1182477	3
4368951	4263641	2
1526663	1526664	3
3963533	3963534	1
1530742	1530741	4
5499021	5499040	2
10628927	10628964	1
10280996	10280393	2
2806067	2806088	1
10124471	10124472	3
3571580	3571445	2
10089857	10085947	1
1706234	1706224	2
5199906	5199887	1
3294979	3294980	1
5359431	5359827	1
8130450	8130665	1
4434045	4434046	1
8026616	8026613	1
4074286	4074285	2
10775138	10775230	1
7295324	7273391	2
4936653	4901945	1
2362754	2362753	1
3533621	3533622	1
5475373	5475374	2
7601225	7601226	1
4073802	4074102	2
3239442	3239441	3
3714803	3714804	1
3698770	3698732	1
10045154	10045153	1
5648527	8624348	1
3751555	3751558	1
3575737	3575738	2
12634581	3207839	1
7828964	7828963	1
890522	890530	1
7843292	9009784	1
7373151	7373015	1
7154890	11759340	3
5493115	5493116	1
7963779	7960553	1
6929771	6929958	1
744141	744142	2
10079869	10079870	2
7935247	7935272	1
5935566	5936783	1
8261043	8259630	1
12360623	12360624	1
10230372	10230371	1
3997358	3997355	1
12303413	12303414	1
2329835	2329587	1
2516094	2516093	3
4400981	4400982	1
7182745	7182746	2
5918170	5917665	1
9595282	9595208	1
3696360	3696763	2
2278526	2278525	1
10265050	10264778	1
8786276	8788197	1
7948627	9003006	1
9931627	9933178	1
1266412	1266411	2
1682184	1682183	1
11907853	7787984	1
1443830	1443829	2
9053268	9053267	3
7282921	7282823	1
3295634	3295633	2
1101841	1197515	1
1506298	1506336	1
8466447	8464062	1
1974487	1974493	1
3695969	3695970	1
6044266	6044274	1
2108239	2108345	1
7537128	7537127	1
5196468	11619910	1
8573858	8573857	2
11988135	11988136	1
10876059	10876060	2
6795387	6795388	1
452814	452626	3
8024722	8023947	1
9344770	9344534	2
8324307	8325136	1
10107037	10107038	1
11917516	11917515	1
943236	943255	2
7277614	7279300	1
3890060	3890059	2
5728387	5728424	2
8525883	8525857	1
3471121	3471122	1
6120299	6120288	1
7018218	7017273	2
7570874	7570871	1
3150848	3150847	2
212808	212795	1
1085455	1085456	2
7429260	7429259	1
12180347	12180348	1
8016576	8016575	1
2659263	2659264	1
3540588	3540587	2
3113906	3120312	1
3547029	3547030	1
4124092	6211938	2
12772942	12772941	4
2909933	2910448	1
10934670	3605617	1
1650686	1648772	1
3963674	3963673	3
10766691	10766692	2
7863479	7863507	1
2932838	2932837	2
7901285	7901286	1
2849562	2849480	1
3677033	3677034	3
9979044	9980010	2
4354082	4354335	2
8055505	8055451	1
7773506	7773503	1
3038737	3038675	3
8194737	8194738	5
3955414	3955532	2
1345629	1345630	2
5358973	5358974	1
10324875	10324876	3
4014199	4014157	1
4040429	4041181	1
3520696	3520685	1
3298278	3299212	2
12183174	12183173	2
9175096	9175063	2
6752865	6752799	1
9010563	9010033	1
1297851	1302669	1
12755457	12755458	2
9282511	9282512	1
2487639	2487642	1
12450557	12449939	1
10180539	10180567	1
12784363	12784364	1
7844278	7844293	1
5072117	5072120	2
8540147	8538670	1
10717930	10717929	1
7825887	7825888	2
11401193	5119622	1
7853809	7772356	3
11860200	11859990	2
11214125	11214126	1
4823828	4824753	1
1108694	1108693	1
12729441	11835077	1
8611014	8611125	1
3932049	3932050	1
2630085	2630025	1
12715477	12715478	1
10882599	10883595	1
4639861	11641271	1
12784018	12784017	1
9660903	9660920	2
1069792	1070174	1
10656594	10657036	1
5600614	5599785	1
4365746	4365745	1
10151926	10151925	2
8165948	8165578	1
1928966	1928965	1
12599528	12599590	1
4600204	4601116	4
7833554	7833712	1
7777233	7776804	2
1258001	1257648	1
9379513	9379483	2
2716575	2716576	1
931126	931125	2
8432489	8432490	1
223023	189982	2
7017484	7017529	1
7304502	7304488	1
11485373	11484742	2
11607154	5380636	2
10457418	10457417	1
8483217	7196016	1
11252595	4347721	2
11877632	11874553	3
7854970	7855303	2
3540602	3540599	1
6870040	6868250	1
9989892	9988163	3
3565542	3565541	1
7006243	7006246	1
5702928	5702927	2
12045368	12045365	8
4335841	4335842	1
8438265	8438424	1
1875303	1875071	1
10352871	10352872	4
2506899	2506812	1
5518127	5518128	1
1661349	1666013	4
6333433	6333448	1
1049103	1049093	1
7895380	7895379	1
5645553	5645556	1
10210891	10210892	2
1069871	1111363	1
776233	776234	3
10832327	10832328	2
7643686	7483308	3
2111275	2111311	1
3958526	3958525	1
11388226	11388307	1
1861436	1861433	3
3141820	3141817	1
955492	955550	1
11737606	11737605	2
1647526	1647525	1
7800405	7801719	1
11882765	11882766	1
11981463	11981464	1
742447	742354	1
6839573	6839574	2
2097436	2097435	1
10256939	10256943	1
5523825	5523826	1
8624181	8624182	1
366044	366037	2
4736735	4736742	2
9425589	9425447	1
11493449	11493450	1
5700409	5700412	2
7101918	7101917	1
7692195	7691556	1
1438948	1438947	2
448744	446098	1
9799332	9799113	2
7704300	7704299	2
988534	988531	2
6160006	6159949	1
9247305	9247306	3
4872465	4872466	2
7448510	7448507	2
10661992	10661966	4
11709847	11709837	1
11621584	11621234	1
1218836	1218835	1
4939285	4939288	1
920051	922126	1
2312795	2316143	1
10290788	1119049	1
10560371	10560372	1
3694411	3694412	2
6920600	6920027	1
4260955	4152485	1
7407527	7408044	4
2747670	2747512	2
11493451	11493452	1
9701967	9701968	1
8846519	8726624	2
11832310	11832309	1
2257597	2257598	2
8969144	8969141	3
7659778	7659825	1
8861341	8861342	2
10482183	10480561	4
2210033	2210051	1
8397342	8397341	1
11483272	11485717	1
5989641	5989328	1
1295152	1295151	2
1667817	1667697	1
7394343	7393494	2
10178165	10178102	1
7907325	7907512	1
2664161	11394327	1
4816742	4816775	1
3892725	3892726	1
8964521	8964454	1
4306664	4306663	2
10178888	5655444	1
10309715	10309767	1
9244425	9244426	1
11328339	11294092	1
6973157	6973601	1
8533392	8533311	1
4734753	4734754	1
4382920	4382919	3
9831385	9831376	1
7820681	7820682	1
4873905	4873906	2
12452041	12452042	1
2142450	2142449	3
4211398	4211397	1
4074377	4074378	1
1153181	1153182	2
10055765	10058874	3
5675007	5675010	1
9862803	9853849	1
4046252	4046251	6
7206108	7206107	3
7495084	7495087	1
11000376	11000825	1
10402575	10402576	1
5239717	11390945	1
12407459	12407460	2
8505514	8507131	1
9846883	9846886	1
3751524	3751521	1
11977434	11977433	1
1218722	1218721	1
8385072	8385054	4
3957192	3749619	1
8233984	8234873	1
5897294	2850007	1
1020894	1018133	1
12632499	12632375	1
6077786	6072969	1
1959025	1959030	1
4025617	4025618	1
3904144	3904143	5
8018315	8018316	1
9250409	9250410	2
7961738	7961737	2
5878121	5878122	1
4027094	4040908	1
6528891	6528882	1
11443916	11443915	1
8633041	8633043	1
7616045	7616046	1
10385066	10385063	2
2895182	7652234	1
10161009	10160993	2
4393948	4393947	2
5539651	5539652	1
8242024	8241852	1
6441344	6441366	2
4114267	4114268	1
9873839	9873840	1
5385767	5385768	2
5246814	5248410	1
7090297	7090365	1
10893132	10893131	2
1507300	1514694	1
11003359	11003234	1
9554764	9603845	1
9844985	9844990	1
6951429	6951419	1
9193995	9194478	1
12545466	12541305	1
5349921	5349922	2
7861213	7861214	1
12534615	12543506	1
3164397	919613	2
11570529	11570530	1
1235303	1237651	2
6097469	6097470	1
6821173	6821174	2
9975064	9974576	3
5538048	5203383	1
1597286	1597386	2
867866	867865	1
8839245	8838546	1
4574671	4574672	2
8970447	8970448	2
8560879	8560880	2
7843916	7839691	1
7271579	7271580	1
4825138	4825137	1
8082770	8083543	1
11867860	3263063	1
4445067	4445068	1
7193783	7346952	1
7188349	7188352	1
12035980	12030532	1
12538829	12534512	1
7245153	7245154	1
11918423	11918424	1
1826808	1826900	1
4564453	4808843	1
10355228	10355382	1
8427869	8427806	1
7699087	7699093	1
4233875	4233869	1
12212590	12212589	1
8562432	8562444	1
8525081	12735452	2
9011589	9011072	2
6898651	6898652	3
1527929	1527953	1
2125486	2125485	2
342047	335644	2
4281753	4281756	1
8244411	8244402	1
5483549	5483550	1
9847096	9846243	1
1065611	1065614	1
5484654	5484653	2
361829	361830	1
9624945	9624948	1
8541617	8541618	4
11111071	11111072	1
10262293	10262283	2
4000570	4000569	4
5335306	5336114	1
5803108	5803096	1
3533809	3533810	1
10415346	10415311	2
3634577	3634578	1
10285159	10285155	1
9309954	9309951	1
8751083	8751084	2
2226676	2226675	1
9348185	8787795	1
8895665	8895869	1
1310574	1310617	1
2358110	2358109	5
9681873	9618911	1
9327422	9328661	1
11491846	11491843	1
10434751	10434752	3
6819378	6905928	1
5358962	5359186	1
10880179	10880180	2
6564423	6564405	2
11519271	11519272	1
2215358	2215357	1
2683739	2683740	2
6849563	6849510	1
4582747	4581432	5
1733335	1733338	1
839423	838225	2
1692255	1394075	2
9974016	9974015	2
2245398	2245988	1
5958071	5958074	1
11037600	11037599	2
11911484	11911006	1
9699701	9699749	1
42483	43361	2
1634294	1634281	1
2815315	2815316	3
3062610	3062607	2
11991545	11991751	1
2705594	2706305	1
7295326	7295325	2
2350743	2350706	4
419079	419080	1
4022954	4023159	1
4733616	4733540	1
1673705	1673683	3
9826899	9826900	1
7716464	7717671	1
1723361	3992763	1
11368379	11364922	2
5939152	5939113	1
3493683	3493684	2
7349968	7349944	1
6335888	6335887	3
8233529	8231349	1
9904481	9929187	1
782896	7980592	2
1641687	1641688	1
5565360	5565359	1
7086301	7079850	1
4641546	4642965	2
6704139	6704163	1
4825588	4825557	1
742449	742354	4
11457184	11457183	1
2701787	2701788	4
7717252	7717251	1
11834674	11834707	1
5258419	5258400	1
8373104	8373103	1
3964304	3965662	1
782894	7980592	2
12544674	12544673	1
11302612	11302611	1
8674907	8674837	1
11696441	11696442	1
7607598	7646426	1
5753475	5753476	2
7427787	7427790	2
3538844	3538843	2
9796103	9796150	2
2594929	2454826	1
6868423	6868426	1
6712634	6712631	1
10438837	10438750	1
10925338	10925337	2
5282252	5282251	1
3055096	3055095	1
1100222	1100068	4
9453667	9453670	1
6679661	6680653	1
2266752	2266736	1
2746244	2746243	1
3890279	3890280	2
3200210	3200144	1
7981104	7981326	1
12742501	12617950	1
1243436	1242372	1
9236479	9236480	2
9341872	9341815	1
8730888	8750138	1
2174924	2174998	2
9259947	9259925	1
5336769	5336770	1
6169946	6169945	1
2235468	2235472	2
7028292	7028291	1
9084614	9084613	3
1680587	1680590	2
6564417	6564405	1
4597663	4494363	1
11192575	11193133	2
6798965	6695743	1
9387215	9387181	2
2352508	2352374	1
7096310	7096309	1
4673813	4673857	1
11832308	11832307	1
11805181	11805182	1
3557979	442935	1
5014149	5014150	2
8861343	8867578	1
848246	848243	1
8266015	8264572	1
5702926	5702385	4
9578575	9578537	1
4613607	4613610	1
10801977	10801978	3
2611641	2611755	1
8161091	8161092	1
2278528	2278523	2
11833086	11833104	1
12360291	12362047	3
9197367	3257794	1
5042102	5042097	4
7110329	7109477	1
6117734	6117733	1
4072273	4080771	3
10663959	10663960	2
12349469	12349829	1
4479700	4479691	2
8424073	7960967	1
3952204	3952201	1
4386902	3566736	2
2851021	2850380	1
11279303	11279488	1
12348897	12348898	1
2667085	2667159	1
3662	3661	3
8012605	8012606	2
3027268	3214479	1
2783145	2783146	1
4402565	4402566	2
2377084	2376982	1
8844421	8844422	2
1660263	1659541	1
5641057	5641058	2
8899223	5530939	1
9936762	9936761	1
3991371	3991372	2
7332980	7332979	2
12555108	12780191	1
1063690	1596077	2
3319399	3319400	1
9046962	9046961	1
8498652	8498667	1
3426427	3426821	1
1056999	1057028	3
3699251	3699252	1
10994692	10995146	2
8818982	8818981	2
10448651	10448833	1
4829207	4829208	1
5919555	5919556	3
12577176	12576856	2
4638920	4638919	2
202291	202292	1
1084717	1084718	2
12147829	12147830	1
8309107	8309108	2
201244	200989	2
3657090	3657068	2
1112631	1112752	1
8527356	8527353	1
7648888	7648909	1
12722604	1188447	1
3631226	3631236	1
11216458	11216450	1
1244534	12722605	1
5353405	5353406	2
3381951	3261253	1
7022803	8306024	1
3136545	3137300	1
8677286	8677156	1
9966715	9917059	2
2257917	2257920	1
1212361	1212362	1
6889555	6889556	2
9513515	9512705	2
1411852	1412050	5
11842607	11842608	1
11963912	11453776	1
8454444	8454443	1
7811118	7811113	1
11752053	11751981	2
1298874	1298180	1
1594960	1594973	3
12674380	12674377	4
2723428	2721586	1
707317	707318	1
11618039	11618040	2
10472717	10472718	1
7923596	7923590	1
8659546	8659545	1
8485133	8487544	1
7659634	7659633	2
1110264	1072067	1
7243439	7243420	3
5484127	5484130	2
3857205	3638981	1
7000484	7000483	1
10441214	10441213	4
5713703	5713364	1
9261860	9261977	1
805668	805849	1
7446374	7446373	2
12348394	12348388	1
5307737	5308637	1
5780448	5780090	1
3975276	3975275	3
10519302	10519301	2
12202234	12185692	1
11332259	11332401	3
3936113	3933209	3
4265793	4263901	5
3141999	4987200	1
6825826	6826572	1
6560474	6560525	1
10051928	10051927	3
910663	910664	1
9439395	9439396	1
1466666	1466884	1
11085172	11085170	2
10881999	10881986	1
11205577	11205578	1
7795283	7795241	1
3185909	3185920	2
990620	11118111	2
6315178	6315177	1
4074164	600538	3
12643064	12643038	1
3935102	3934915	1
11409590	11492212	2
4441140	4441139	1
7687847	10810538	1
10404475	10404476	1
12678790	12678400	1
9343264	9343263	1
11230586	4269528	1
1306048	1306078	1
1987648	1987645	3
11612739	11612740	2
10241906	10241905	1
3973880	3973975	1
7108234	7108231	1
10798630	10797886	1
318375	318977	1
11775507	11775508	1
11997312	11997311	1
2321505	2321506	3
1111488	1111485	1
1187801	1187616	1
1877415	1877384	2
3200210	3200142	1
7579683	7579684	2
1200444	1227299	1
6525810	6525809	2
6956797	6956802	3
2150272	2150271	1
4054232	4052080	1
8714528	8714523	2
11493453	11493380	1
10191499	10191042	1
3529090	3529089	2
4088356	4088353	2
8230859	8230860	1
8605163	8605616	1
7451676	7451673	2
4662562	4662559	2
7586407	7586408	1
10292989	10293421	1
4027698	4027397	1
1673548	1673547	4
10172929	11568365	1
10944023	10939951	1
231964	234538	2
4586379	4586302	1
12810120	12561092	1
10254485	10254493	1
11621231	11621234	2
7681902	7679919	1
7520122	7520119	1
12182091	12182094	1
4269345	4269348	2
4416095	4416114	2
8509160	8505384	1
4480036	4673860	1
4046117	4046118	1
9075889	9075890	2
6551295	6551393	1
11832712	11832540	1
9250754	9250710	1
9097361	9077501	1
10663582	10663581	1
11606220	11606266	1
4558864	4558863	1
8520978	8520981	1
11003359	11003360	1
8366739	8366742	3
7692193	7692194	1
1491837	1491838	1
11784997	11784998	3
5918389	5925897	1
3782372	3782371	1
9579385	9579386	1
5999129	5999130	2
1015519	1015520	2
1737207	1737208	3
8082772	8083543	2
8294899	8294931	1
9772531	9772534	1
11752027	11748517	1
2470135	6205438	1
4222166	4381394	1
8307169	8305211	1
7376950	7378211	1
10260271	10260279	3
11404954	11404980	2
7853291	7879972	1
3387692	3354821	2
2100577	2103258	1
4265193	4370602	1
3980760	3979364	1
11495698	11495652	1
10980302	429110	2
3720459	3720460	2
8760718	8760717	1
11363415	11363788	1
1779451	1781183	1
3123580	3122489	1
1085457	1085458	2
3907084	3906966	1
1267647	1267648	1
11228384	11228423	2
7110373	7110340	1
3278266	3278275	1
3555094	3554192	1
7149760	7150488	2
11565042	11559358	2
7434960	7434945	1
11606455	11606456	2
4005421	4005405	1
2218746	2219101	1
8662359	8661007	1
8489697	8489698	2
2086621	2085893	2
12674348	12673335	2
10285478	10287036	1
8077400	8077399	4
6874146	6874302	2
8370934	8370931	2
2172927	2172928	1
5728848	12407116	1
1558287	1558288	1
1081206	1081205	1
1286377	1286378	1
1427356	1427599	1
9356473	9356086	1
1749287	8513306	1
1231921	1232385	1
3109304	3109303	1
4365414	4365413	1
2923661	2923278	1
4686672	4686651	1
11547972	11548275	1
6007057	6007304	1
12055619	12053840	2
1659761	1659762	2
4580730	4580734	1
10257118	10257142	1
590992	590991	1
9165004	9165003	2
3703384	3703627	1
1979596	11333596	1
10215465	10215466	1
1646924	1646923	2
10301534	10302201	1
6435004	6434918	1
7935510	7935509	3
6872273	6872274	1
6098827	5909462	1
9385087	9385088	2
4626933	4626972	1
7775796	7775795	1
10343161	10343162	2
7813311	7813177	1
11834440	6202092	1
4386905	4386908	1
160274	160273	1
862119	863662	1
8038290	8038289	2
4649074	4649073	2
4279039	4279040	1
2177672	2177217	1
3297646	3297645	1
3293090	10272217	3
10241845	10241827	1
2827489	2827492	1
11387772	11388644	1
3367738	3367733	1
1639563	1639564	3
8909275	8909262	1
7383776	7383412	1
5923498	5923497	1
4092915	4093826	1
7004418	7004415	1
4441231	4441234	3
9962979	9962980	1
9530495	9776461	2
11046485	11046486	2
4829008	4829007	2
2641110	2640816	1
10908194	10909963	1
1567578	1567577	1
12261575	12260343	1
3189635	3187975	1
3868028	3868027	2
7377542	7377628	2
3520601	3513430	1
5538715	5200555	1
5762068	5762065	1
4057694	4057693	5
1192804	1192803	1
4143001	4143002	2
3392309	3349935	1
9592881	9592882	2
6173889	6173846	1
9855127	9855134	2
5660851	5660852	2
7681089	7681090	1
2522639	2522640	3
4654565	4654323	1
3113089	2981697	1
11775509	11775512	1
11672826	11672825	1
10628963	10628964	1
12698183	12698030	1
9101714	9101732	1
9778606	9778605	1
3538842	3538841	2
3747200	3746198	1
9340662	9340731	1
1025548	1025525	1
1064063	1062677	2
4404281	4404282	2
7935512	7935509	1
9885452	9885451	1
4286494	4286489	1
9621282	9621257	1
3909721	3909733	1
8622321	8639165	1
11790210	11790058	2
9038143	9050001	1
8827039	11790706	1
10602717	10603223	3
4206718	4206627	1
7788876	7788875	1
3747547	3747533	1
4039913	4039916	4
1218720	1218719	1
971170	971169	1
7850394	7850376	1
3255270	3255278	1
8199541	8199542	4
11279305	11279488	1
12236415	12236416	1
11422225	1490370	1
3676628	3676627	1
11265133	11265134	3
10756542	10756541	1
6999466	6999463	2
4431661	4431690	1
3570847	3566253	1
1420919	1420970	1
10228842	10228839	1
3410118	3410115	1
9802289	9802290	1
3694221	3694216	1
10347225	10346979	1
9540684	9540683	1
11616935	11616929	1
3007822	3007821	1
10477655	10474337	4
10474786	7307741	1
8581321	8581324	1
9808766	9809258	1
11662719	11662720	2
3706729	3706730	1
9915477	9912491	1
701404	701366	2
4441017	4441139	1
10853235	10853236	1
7792477	7792508	3
5914090	5914089	1
4018275	4018157	3
12014364	12014363	1
12814445	12814446	1
10863849	10863795	2
9066385	9066295	1
2518745	2518746	1
11410022	11410019	1
5102354	5102301	1
9566535	9566536	3
4779612	4776086	2
5633505	5633506	2
1560579	1560580	1
11549821	11549822	1
4143041	4143044	2
988534	988533	1
6850713	6847754	1
6056760	8991612	1
7484228	7489674	1
11892720	11892719	2
2253218	2253217	5
7520110	7519999	1
1175146	1175163	1
11591671	11591672	2
7689904	7689907	1
3936498	3936338	1
10458310	10459143	3
358896	358895	1
3547197	3547198	1
3721045	3721048	1
6213123	6213304	1
7585988	7583409	2
1868680	1871468	1
4365336	4365335	1
587527	587639	1
7353681	7353682	2
5666949	5669222	1
3536128	3536116	1
1545859	1393265	1
8907906	8907905	2
12633681	12633682	1
2890892	2890889	1
11364923	11364924	1
3747971	3747972	1
4536596	4536527	1
10994293	10994605	1
7548889	7633014	1
5436999	5422257	1
9307625	9307576	1
2339621	2339622	1
659352	658783	1
11871476	11871480	1
1244534	1188447	3
4607743	4607176	1
11153776	11153843	1
8351379	8356222	1
3628948	3628931	1
5059910	5059742	1
8573856	8573855	4
4572030	4572029	1
10098259	10098245	2
7966825	7968116	1
2002871	2002872	2
878989	878990	1
812723	812724	3
8829203	8829204	1
570477	570470	1
8075158	8077395	1
4679372	10733219	1
10119560	10119559	1
7748599	7744448	1
8075929	8075912	2
5647314	5647313	1
6852725	6852726	1
9781034	9781061	1
2991962	2991961	2
1032734	1032731	1
11273698	11273691	2
7266450	7265688	1
12777930	12777960	1
12128927	12300564	2
7011065	7011901	2
8529149	8529180	1
8542261	8542295	1
5385769	5385776	1
8981908	8981907	1
8600202	8600189	3
11413371	11413374	1
5900413	5903081	1
5946249	5946533	1
9513853	4539778	1
9446544	9446288	1
10196976	10197025	1
1922616	1922724	1
7150800	7774491	1
6741689	6741691	2
11782290	11782289	3
6883404	6883498	2
4810243	4810244	1
11665169	11664715	1
9566582	9566534	3
5827265	5827253	3
7776773	7776786	1
8728686	8728704	1
8052599	8052600	1
4012587	4012588	1
6658528	6658542	1
8562686	8562685	2
1094713	1094714	1
3103148	3103147	1
7592477	7592465	1
2520178	2526102	1
1904453	1881941	3
2235100	2235099	1
3642466	870411	2
11649355	4605653	2
12620425	12620404	1
1732731	1732734	1
3319669	3319670	1
6706327	6706328	1
11882157	11882159	1
6945479	6945461	1
2362762	2362761	1
10765429	10765441	1
10301262	11173462	1
9958677	969543	2
2494034	2494033	1
9151447	9151448	1
3781845	3781846	1
1919397	1921023	1
11963165	11963168	1
3524743	3525536	1
7741697	7741785	1
383956	392223	2
8148809	8148727	1
3078960	3078996	1
10482349	10482350	4
1719400	1719399	1
1673525	1673549	4
9912169	9912651	3
11192213	11191758	1
4120473	939015	2
8971462	8971461	1
4000790	5798573	1
6533571	6530531	1
739032	3821240	1
9669666	9680265	1
4813266	4813265	1
1969838	1969837	1
2659298	2658400	1
10832327	10833341	1
11384372	5283847	1
9314824	9314843	2
9461737	10279917	1
10466291	10482430	1
12466757	12461168	1
10961359	10664923	1
9341260	9341244	1
3464326	3464540	3
9297682	9301670	1
8764536	8764535	3
8286938	8286937	1
12151008	12151205	2
5204205	7906616	1
9793795	9793796	2
10829923	4994895	1
7512011	7625677	2
3773367	3773368	2
7202033	7202034	2
1064247	1064253	1
11521960	11522084	1
5683235	5683236	1
4878914	4878529	1
4424104	4424103	1
5411717	5411526	2
7696294	7696293	2
8901272	8902401	1
3929116	3930390	1
8528030	8528023	1
11533384	11533364	1
11536527	11536314	1
2004877	2004633	1
4638286	4638914	1
3708145	3708138	1
1520227	1520228	2
3806406	3796734	1
4878664	4877618	1
2919179	2919180	1
7605641	7608836	1
10517263	10517445	1
10163527	10163528	1
2329589	2329832	1
10880991	10880980	1
4021523	4021489	1
880107	880260	1
4732931	4732932	4
794122	694367	1
8785405	8785406	3
11773759	11773549	1
12279232	12279279	1
1516350	1516071	1
1804165	1804166	2
1119414	1119481	1
8445111	8445114	1
7538656	7538653	5
5088071	5087603	3
12780799	12780800	1
11919477	11917726	1
7870698	7870697	1
10302051	10302054	1
8867187	8867252	3
1780047	1781586	1
12150605	12150606	1
1029915	1029354	1
8643523	8643533	2
11547099	11547100	1
10699914	10610823	1
7897438	7897435	1
12744686	12744685	1
10243336	10243335	1
4528444	4528443	3
2770190	2770189	1
8432715	8433757	3
5676231	5677469	2
2878007	2878008	1
5389029	5389030	2
11389903	11247109	1
5699413	5699414	1
7993099	7993112	2
8748000	8735488	2
10352867	10352868	5
4038947	4039143	3
10642081	10645724	3
9188379	9188380	1
7147502	7147501	1
3613882	879232	1
8613935	8592110	2
9800967	9800968	2
1228374	1228373	2
8432757	8432829	1
3414177	3414171	1
1742281	1742313	2
945629	945630	2
3573815	3573798	1
10450428	10450441	1
8397080	8148808	1
2252312	2251991	1
11986209	11986212	2
10231209	10231061	1
5876786	5876785	1
11200694	11200693	6
11279072	11281139	2
6525840	8377190	1
12729987	3201585	1
6213121	6213122	1
12629928	12630000	1
2084717	2084732	1
7183406	7183326	1
8922987	8922988	1
9025542	9025555	1
2050975	2050991	1
201173	201174	1
9781036	9781035	1
7178285	7178281	1
7536413	7536377	1
8021273	8020960	1
5678332	5678331	4
8455058	8455057	1
1193813	1193814	2
10799318	7680606	1
3882686	3882685	3
7836543	7836544	2
10741964	10743881	1
12147094	12147093	1
562093	565013	1
860903	914131	1
767817	766557	1
9556119	9556120	1
10801620	10801623	1
7659842	7659845	1
1371405	1371111	1
3661845	3615874	1
6046729	6046147	1
8075677	8075593	1
3259301	3259302	2
2860382	2859474	1
8541693	8541694	1
3277534	3276840	1
7242357	7241759	1
1069574	1111505	2
11317409	11317410	2
11528909	8009063	1
8677288	8677287	1
628468	628467	3
7771220	7771219	1
10477651	10477652	4
6212804	6212801	1
1789045	1789046	3
7655061	7655769	1
498612	498611	2
7576154	7576153	1
4124807	4122559	1
3517474	3517942	1
8693701	8756447	1
7954933	7954936	1
7493736	7493733	2
7284627	7284628	1
2158946	2158945	1
10763007	10763076	2
2721108	2721593	1
7579683	7579600	1
9843835	5650688	2
10531615	10531785	1
11626316	11626315	1
4700051	4700083	1
1644858	1643986	1
12714611	12714765	1
3113732	3113801	1
7806306	7805919	1
10631416	10631415	1
4058558	4058791	1
12520572	12520599	1
7082644	7035286	1
10453792	10453813	2
8673084	5634690	1
4653286	4653211	1
9996883	10120210	2
7836620	7836619	1
8948027	8948028	1
2651565	2651566	1
8779537	8779538	1
8067166	8067191	1
847451	847209	3
10982486	10982485	1
1758810	1758809	1
9247307	9247308	2
10661967	10661968	4
5299830	5299965	1
1847605	1847606	4
6196340	6196339	2
6690207	6690467	3
9418387	9418390	2
10087555	10086096	2
7898176	7898173	1
2921664	2921633	1
7497333	7496879	1
7708160	7708159	1
8573834	8573855	1
2085224	2087617	1
12551937	12546179	2
11452146	11452141	2
9195064	9195080	1
1695778	1695777	4
33334	27436	1
1083249	1083250	4
48415	48416	1
7573897	7573902	2
12300144	12283949	1
10085310	10085309	1
9314556	9314555	2
5336767	5336770	1
7269902	9564735	1
2648920	2649402	1
1062585	1062586	2
7313024	7279526	1
768180	769105	2
8516770	8516913	2
1311781	1311777	1
9247329	9236599	1
807129	807130	1
8014053	8014056	1
4125558	4125555	1
8199412	8199411	1
12522024	12521886	3
3142093	3142094	2
8047221	8047222	1
12796336	12796516	1
216592	216591	2
6160006	6159951	3
10098259	10098241	2
7464831	7464839	1
8646472	8646471	1
11484789	11484676	1
9709169	9709818	1
12151312	12151328	1
9812668	9812663	1
6684801	6684802	3
8499177	8499178	2
4779610	4776086	1
1888146	1890010	1
12152943	12152944	1
6564069	6564070	1
9314554	9319092	2
8994935	8994936	2
4125558	4125557	1
2936393	2936398	1
8070882	8070881	1
1634310	1547057	1
10439711	10440113	1
8541691	8541692	1
12348457	12340768	3
11991651	5600235	1
9363063	9363066	1
6212806	6212805	2
1311568	1311584	1
3116921	3119666	2
4001132	4001131	1
10424024	10426806	1
3641361	3641362	1
6113501	6113502	5
1205360	1205557	1
11318441	11317909	1
3385053	3385049	1
48417	48418	1
7652235	7652236	1
675565	675632	1
10870936	10870933	2
1860004	1860047	1
7397999	7397983	1
5371096	5371099	1
4504197	4504198	1
7839552	7839549	1
4142230	4142229	1
6780553	6780554	2
7427251	7427270	2
7363884	7363958	1
96759	96762	1
1499880	1500712	1
4109016	4109304	1
765313	765316	1
4002137	4002109	2
2934955	2934968	1
8045150	8045149	2
11077536	11077508	2
7551416	7551232	1
5658659	5658713	1
6047914	9161045	2
11585432	5377398	1
4355392	4355389	1
7010650	7010590	1
12008114	12008111	1
7312914	7313291	1
6742656	6742655	3
1828654	1829063	1
4078093	4078096	1
4990936	4990935	1
4263881	4263882	3
1081096	1081109	2
12205433	12206258	1
5862256	5863816	1
2571850	2573191	1
5484127	5484128	7
7791787	7791788	1
2935458	2935457	1
2396788	2396797	1
9938228	9938227	1
6190298	6190297	1
10717932	10717931	1
7211237	7212695	1
9778604	9778603	1
8535088	8535087	1
10364328	10364327	1
11028052	11135125	1
3961237	3961335	1
814144	515450	1
1243065	1243066	2
8018948	8017442	1
1372816	1370257	1
8158707	8158708	1
9354892	9354891	1
3938742	3938741	1
5620861	5668322	1
4467266	4119814	1
3561156	3561128	1
7286963	7293180	2
2346841	2346926	1
2142242	2137106	1
8259119	8259054	1
12670180	12668988	1
10497058	10497057	3
3258402	3258385	1
4226806	10721265	2
7566178	7562840	1
11035822	11035821	1
8617745	8612910	2
11812257	11809528	1
4706754	1571793	1
7108230	7108229	1
9962973	9962974	1
2542562	2542561	1
1400423	1400230	1
1698262	1698261	2
6073294	6073369	1
9341671	9341823	1
6775408	6775405	1
4837028	4837027	3
5166055	5166056	1
3209563	3209583	1
8842904	8842903	2
3248169	3248170	3
2721594	2721593	1
8014470	8014250	1
1037189	963389	1
1399692	1396999	1
8022721	8020739	1
775053	675680	1
8530598	8529484	1
9118583	9118584	1
3441301	3441302	1
873179	873180	2
7661396	7661388	1
7693953	7694602	1
184342	184341	1
7918176	7918175	2
9377755	9377756	2
11602386	5381498	3
2529177	2537273	1
11273744	11274466	1
11047497	11047498	2
1836773	1836776	1
3657130	3663121	2
5701708	5701711	1
3396798	3397034	1
12364695	12362613	1
11422191	11422192	1
3067117	3067077	1
11666346	11666340	1
3497442	3497847	2
6226999	6226912	1
12731477	342878	1
9916358	9916348	1
3369765	3369807	1
10779272	10779271	1
11871227	11871228	4
7000486	7000483	1
3152670	3152051	1
2230694	2230704	1
3592226	3590752	1
10084740	10084737	1
7776805	7776806	1
5336767	5336768	1
4917685	4917366	1
4073804	4073803	2
6576969	6577053	1
12154156	12154155	1
8024005	8024220	1
11469070	11431924	1
1593275	1593276	1
6595987	6595988	3
847208	847207	3
11641266	11641265	1
7634507	7825056	1
3463009	3463010	2
3746698	3746697	3
5677405	5677406	1
1872874	1872437	1
1575825	1714816	1
9852204	9924643	2
6181475	6181476	2
11461742	11461739	1
11832310	11832307	2
6231206	6231205	1
3023303	3023223	1
1027948	1026810	1
5740418	5747930	1
373843	373840	1
9057025	9056963	3
8358492	8358491	1
4472307	4472622	1
887999	887994	1
1390529	1390530	1
7741074	7741071	2
767815	767816	1
1251603	1251604	1
956830	956845	3
4849622	4850038	1
10985556	10985559	1
11547101	11546859	1
11531568	11531674	1
6160960	6161597	1
8316230	8316238	1
4039790	4039803	1
8899131	8868268	1
2631356	2631355	3
7751802	7751535	1
1524461	1525300	1
12532668	12532667	2
8513167	8513160	1
11626937	11626917	3
11834721	11834722	1
2286296	2291609	1
4798381	4788886	2
7414419	11815194	1
6910115	6910116	1
1323839	1323840	4
9540686	9540685	1
12205238	12205237	3
9948266	9948265	3
8536402	8536548	2
11258740	11258739	2
1997560	11261568	2
2276730	2276610	1
6106975	6107087	1
793131	793157	1
6112486	6112485	1
7332978	7332975	1
912469	912470	2
10014785	10014764	1
11943955	11943963	1
10779561	6407424	1
6149204	6149201	1
11790212	11790058	2
9030709	9030710	1
8633831	8634444	1
4410675	4409542	1
972986	11867910	2
7452641	7452647	1
9836229	9837016	2
7490845	7490846	1
1580437	1580438	2
6161368	6161399	4
4600734	9704815	1
3585890	3589000	1
2095523	2096570	2
5483547	5483550	1
8391739	8391740	1
7292893	7293856	2
5703840	5703899	2
5229687	5225151	1
11795095	11795096	2
10172927	10172260	1
5933029	5933586	1
9892547	9897434	4
11578356	11578706	1
4858161	4858777	1
9418903	9418947	1
2026465	4309737	1
11793246	11791925	1
10215467	10215468	1
7765537	7765519	1
7422020	7422019	1
3970057	3970058	1
7301887	7302004	4
5446522	5446526	1
7579670	5830356	1
7827048	7827047	2
4040090	4040089	1
12716952	12716947	1
9973337	9972779	1
8559552	8559551	2
2636574	2636573	1
6125773	6125774	2
960037	2505097	1
7979504	7979503	1
8903626	8903625	3
9376172	9376171	1
5895209	5895210	2
3234065	3234066	2
12666454	12723311	1
10286565	10286535	1
4753589	4753431	1
9754009	9754010	1
3929379	3929382	1
4513741	4514099	1
9778606	9778601	1
11277542	11280668	2
11922906	11922885	2
7010675	7010372	1
12462650	12462649	1
9134489	9157942	1
9791592	9791605	1
8445412	8445411	3
1539239	1539240	2
10333225	10336316	1
7519662	7519661	1
2799014	2799013	1
9118585	9118588	2
1974949	1974950	2
8637360	8637359	1
3319763	3318663	1
5088961	5088915	1
11086175	11086180	1
629755	629756	1
7828962	7828961	1
5755517	5755518	1
2094651	2094652	1
11995051	5608037	1
630770	630769	2
7034051	7034052	1
7532613	7532614	2
9681156	9681153	1
3371016	3370657	1
7778595	7779544	1
3009028	3009131	1
7309419	7299805	2
7979526	7979525	3
303798	303854	1
3229860	3229891	3
8042551	8042098	1
6460438	6460437	1
10278920	10278737	1
4712192	7862270	1
8527354	8527353	1
12463151	12463152	1
4589692	4589691	2
10765791	10765792	2
3525230	3525229	3
1229176	1229175	1
11381421	11381141	1
7271477	7269887	1
8239475	8239305	2
7437020	3912184	1
6756772	6756573	3
7454424	7454588	1
10085944	10085943	3
8982522	9175919	2
10267053	10267054	3
12688890	12689110	1
578637	578720	1
434417	436485	1
1074508	1074507	1
3829229	3829265	2
2213633	2262675	1
10153819	10153861	1
4673803	4673852	2
6003812	6003811	1
670067	670068	2
6849563	6849569	3
5249165	5249166	2
6042774	6042930	2
10156492	10156470	1
3254117	3254120	2
2525505	2523737	1
2362760	2362759	1
11497528	11497525	1
5640806	5641188	2
8575206	7938707	1
4673861	4673862	3
9591456	9592844	3
765331	11157672	1
3186305	3186050	2
4324370	4324369	3
3124286	3124721	5
5852999	5852979	1
3316518	3316125	1
4715027	4715008	3
11035624	11035623	1
4578667	4576781	1
3516396	3515672	2
10212809	10212816	1
12608330	12612909	1
3103180	3102985	1
1715019	1708869	1
376294	376293	2
11455069	11453328	1
7746932	7746931	2
964583	964584	2
9118083	9118088	1
7337715	7337725	1
8199405	8199410	2
7447127	10793711	1
3552623	3551610	2
3076286	3075857	2
7241161	7241162	2
1982880	1982879	1
2371958	2372001	2
2353605	4581173	1
1827260	1827262	1
7992019	7992011	1
9865726	9865725	3
11378494	11380094	1
10226296	10226827	1
10026406	10021708	1
1592073	1590674	1
9743848	9743457	2
3829825	3829741	1
3107302	3107301	3
1406276	1406275	1
7122211	7122212	1
5820374	5820380	1
11315527	11313910	1
1329983	2510801	1
3267432	3267431	3
4939073	4939509	1
10302065	10302066	2
10045658	10045657	2
8920918	8922673	2
2676494	2676493	2
2810173	2810174	1
4793814	4793813	1
2272791	2265407	1
2335824	2335823	1
3962807	3961979	1
10172929	10172260	3
3409532	3409531	3
8520911	8520642	1
708229	707846	1
4066716	4066635	1
4532516	4532635	2
6558860	6558859	1
1574378	1574488	5
3299745	3299884	2
8984406	8984405	1
11827532	11816797	1
9770500	9770497	1
4514412	4514411	1
7192346	7192345	3
12567270	12568175	2
7448378	7448375	1
7192240	7192239	1
9354890	9354889	1
8046950	8046949	1
8326743	8326717	2
12319653	3933796	1
11382136	5464151	1
8083580	8083600	1
12790217	12788107	1
6849568	6849510	2
11807641	11807646	1
6008130	5991653	1
10953968	10953963	1
3131640	3131639	2
1002434	1002433	1
1066368	1066882	1
10129080	10129079	1
5087604	5087616	1
5995361	5995362	3
3106748	3106747	2
9255242	9255539	2
12304166	12304170	1
5076815	5076359	1
5705706	5705687	1
12531318	12522283	1
8055505	8055453	1
12226575	12226658	1
5919557	5919526	1
9835474	9835394	1
7954931	7954932	2
7223803	7223895	1
4022498	4022316	2
7312918	7312917	1
6543727	6543859	1
7849984	7850589	1
2109251	2109252	1
7404037	7404097	1
4746196	4663716	1
2523454	2523771	1
8029358	8012908	1
5673522	5673495	2
4385237	4524405	3
7459524	2832068	1
3080265	3080266	2
6939584	6939566	2
954151	953586	1
4032023	4031097	1
8487762	8487761	1
6836151	6836141	1
9584919	9584002	1
3913008	3913111	1
2423553	2423554	1
2329734	2333237	1
4815780	4641957	2
3952355	3954522	3
6898653	6898656	1
7312918	7313291	1
10252094	9931846	1
4554608	4554607	2
4697961	4694719	1
11580907	11580901	2
1320176	1322514	1
3321668	3321705	3
3211118	3211142	1
1187764	1187728	1
8573834	8573857	2
5995358	5995357	1
5197639	5197640	2
9383674	9383673	1
2710066	2710069	1
8231514	8231513	1
7686926	7686923	2
3019385	3019386	7
7432812	7432809	2
2234543	2234544	1
3746696	3746693	1
7014612	7013229	2
3625230	3625191	2
6898651	6898656	1
10856033	10856034	1
11005763	11005764	1
11384494	11385961	1
5142983	5143045	1
8603183	8603184	2
3548696	3548695	2
10195662	10195661	2
5557719	5557020	1
3297722	3297721	1
12007830	12007634	1
11407054	11408133	1
838224	838223	1
3083487	3081481	1
1787224	1787223	1
10385066	10385061	1
2018208	2018205	1
10228838	10228837	1
11835367	11835002	1
1598187	1286089	1
2585053	2584463	1
10108450	10108487	1
9777772	9777771	1
11886661	11892743	1
5709508	5707496	1
8791652	8791651	1
6374629	6374695	1
8560917	8558111	1
2164103	2164104	1
6876789	6880492	1
12312739	12312245	1
7095805	7095806	1
10903467	10903468	1
7361278	7361277	4
6317549	6317550	2
2834196	2833785	2
11873936	10377143	1
2105542	2105541	3
5103125	5103128	1
483952	489924	1
7428667	7428668	1
3798325	3798468	1
9367164	9367163	5
8984400	8984098	1
7112393	7112460	2
342494	336006	1
3239444	3239443	3
4050628	4052689	1
1614116	1608822	1
1083249	1083409	2
3080287	3080264	2
6686971	6687370	1
972831	972832	1
3507170	3507169	1
3991373	3991376	1
2957374	10067572	1
2327891	2327892	1
9787357	9787358	1
2987885	2987890	1
3019046	3019043	1
6112356	6112342	1
7108952	7108951	1
8039376	8039375	1
2002173	2002179	3
12538438	12538437	2
11871229	11871383	4
951489	951026	1
1961442	1934565	1
5474192	5474238	1
8004731	8012879	1
5907432	5907431	2
4815047	4815048	3
5710291	5710111	3
4113450	4113449	2
1044179	1044193	3
831915	831916	2
2658815	2659590	1
12597838	12595046	1
10730621	10730622	1
6135134	6139241	1
8557683	8557763	2
811798	788305	1
9110555	9110556	2
2585241	2585378	2
948991	948992	1
4052715	4052716	2
7770203	7679500	1
1062676	1062673	1
10206059	10206060	1
1311750	1311752	2
12041606	12043608	1
10152228	10152227	1
310602	179159	1
2819371	2819325	1
11363065	11363066	1
765313	765314	2
10982185	10987581	1
9594871	9593641	1
12633689	12633690	2
11886657	11886658	3
7476439	7605937	1
5794362	5794337	1
3295636	3295635	2
10192017	10192018	2
8026612	8026611	1
8415539	7217029	3
7962366	7962408	2
10482325	10482348	5
1240388	1241266	1
4554509	4554385	1
1923380	1923373	1
5714488	5717564	1
8727528	8728672	2
2705255	2705256	1
7200200	7200199	1
10225643	10225447	1
587145	754851	2
4030123	4027898	1
10734105	12152323	1
12797641	12786695	1
9524684	9525375	1
9540682	9540681	1
2386591	2489403	2
9367166	9367165	4
8012393	8014057	2
5855129	5855755	1
7937669	7773977	1
341132	340166	1
5854837	5854767	1
2021417	2021315	2
7825875	7825878	2
4205557	3600321	2
4125114	4124933	1
1520259	1520260	3
8176603	8176604	1
1000086	1000085	1
7814682	7814681	1
8291596	8557222	1
9247383	9247384	1
2810167	2810172	2
3781847	3785753	1
4441622	4441621	1
12760095	12760096	3
4549862	4549875	1
1563375	1563369	1
7981431	7981438	2
1581038	1581031	1
4306664	4306661	1
654565	654662	1
4337952	2883672	1
6147390	6147009	2
8301516	8301130	1
6147839	6147840	2
10045840	8085346	1
11038286	11040252	1
6197635	6197433	1
6949	6950	1
9339184	9339179	2
5939352	5939295	1
7013248	7014617	1
5813456	5813650	1
11715172	11715115	1
7387065	10515057	1
335921	334258	1
12400150	12400149	2
9603283	9603284	1
5143330	5143329	1
11405040	11401709	1
3561142	3561141	1
4227614	4227624	1
4456342	4455487	2
2632164	2632371	2
4072466	4072465	3
11966445	11966446	2
4113807	4113808	1
4057183	4057190	1
9251909	9251910	2
319188	319187	1
1062674	1062673	1
879021	879282	3
10274918	10274917	1
9695895	9695896	1
4642283	4642298	1
8352912	12686319	1
7271475	7269887	1
1755253	1755273	1
12452982	12452979	1
4152683	4152684	2
7725675	7725680	1
3889967	3889968	1
5704090	5704089	1
4524469	4672492	3
4818859	4818860	2
6868423	6868424	1
9503341	9503342	2
9865728	9865725	2
1947881	1947882	1
7583699	7583718	1
2584819	2585016	1
10517380	10552967	1
7994948	754190	1
6527268	6528531	1
4584341	4584349	1
9333951	9333952	2
10148174	10148816	1
782896	782895	3
2386559	2388832	3
9703000	9700335	2
2435618	2436456	1
6836453	12184458	1
7352171	9296557	1
6128643	6128646	1
7164202	7163223	1
647239	7951830	1
8779535	8779536	1
749258	749227	3
12635735	12640315	1
2922112	2922103	1
3057148	3057143	1
9443557	9443558	1
243953	243954	1
7310119	7310120	2
3321666	3321669	2
435617	435608	1
6651883	6651605	1
2859818	2859817	2
5831092	5831026	1
3736232	3736231	2
12484071	12484072	1
11662719	11662722	1
7780361	7780362	4
2196435	2196436	2
1243065	3424852	1
7396521	7396477	1
10424024	10424023	3
9013745	9006555	1
419016	419051	1
4057531	4057532	2
4108389	4108390	1
5709386	5676976	1
8815826	8815796	1
9188254	9188253	1
1932422	1932421	2
3614844	3614896	1
5229685	5229686	1
11782048	11782291	1
3010586	3009730	1
1248393	1248394	4
12804975	12805884	1
6121288	6156200	1
8106437	8106438	1
2149196	2149195	1
12599526	12599590	1
9085213	4836717	1
11836707	11836708	1
6981165	6980852	1
2051139	2051140	3
9455576	9455571	1
8543619	8545331	1
4568612	4568503	2
11459674	11462681	2
3708857	3718479	1
3193229	3193088	1
10878530	10878529	1
11229933	11229934	2
1102166	1102165	1
11874315	1101446	2
10287285	10166732	1
4088354	4088353	1
5265486	5265485	1
3372463	3372464	1
8040085	8040086	2
9100012	6206396	1
7992033	7992034	1
10318110	10318109	1
9624560	9624615	1
12152900	12153024	2
2376070	2376069	1
6824963	6824947	1
3301601	3301602	1
5897775	5897776	1
1390531	1390532	1
8502627	8499176	1
9418842	9418839	2
1159719	1160184	1
1284235	1284236	4
10159130	10159125	1
10808417	10808418	1
1438455	1438456	1
3035557	3035558	1
9829975	9829567	1
11037602	11037601	2
3338642	3185780	1
1803519	11532332	1
11293223	11291356	1
1398132	1398123	1
12473782	12473830	2
8818984	8818983	2
2007062	2006282	1
4477322	4477321	1
1119981	1000303	1
11573379	11573380	1
11317411	5118035	2
605915	605916	1
8832116	8831579	2
7955784	7955821	1
1244986	1245084	1
10982493	10982497	1
9478142	9478465	3
8006139	8007847	1
10441207	10441210	1
6125110	6034872	1
2908737	2908744	4
5490540	5490534	1
1644006	1644151	1
1119981	1119982	1
5249167	5249168	2
7101911	7101919	2
7270782	7270775	3
10855801	10855804	1
777327	777328	3
9545461	9545629	1
9798895	9799174	1
8547337	8547338	1
3486410	3487512	2
4568458	4568457	1
8525880	8525879	4
5749166	5757272	1
12760097	12789447	3
11925449	11925496	1
8867599	8867600	3
5602662	5602004	1
11686689	11685119	1
7211219	7211222	1
5783139	5783618	1
4524962	4440567	2
4557884	4557857	2
8761129	8761130	1
7654386	7654385	1
4401571	4401574	1
4050971	4050972	1
925282	925281	1
5984082	5984081	1
6519979	6519346	1
2432463	2432340	3
1902010	1902016	1
4058519	4058520	1
174141	175765	1
696289	697063	1
3329728	3329727	1
12792248	12793565	1
8725176	8725141	1
9862331	9862273	2
3234067	3234062	2
11693957	11693958	2
7673330	7673329	1
5435492	5435491	1
3820620	3820638	1
9306221	9306148	1
425875	4685674	1
765311	765314	2
8273461	8273443	1
2832007	2832161	1
11619899	2036602	1
3489770	3489794	1
11534042	11534041	2
8946807	8946808	1
12789570	12792948	1
3356684	3356382	1
8578276	8578275	1
9479248	9478674	1
10234639	10221857	1
7361765	7361767	1
4349003	4348397	1
5701702	5701406	2
10519041	10525675	1
11827026	11827025	1
6854690	6899403	2
12636251	12635271	2
2708875	2708878	1
2418114	2418086	1
399665	398224	2
1630247	1630248	4
1763479	1762173	1
2981613	2783852	1
5339358	5339273	1
1547058	1547057	3
8581323	8581324	1
3430516	3430513	1
1581979	1581982	1
4590079	11539607	1
11495653	11495654	1
8972547	8970837	3
3533809	3533812	4
4519461	4521795	2
8466384	8466438	2
1775129	10081800	1
5503477	5503398	2
1010706	1010705	1
3938209	3927904	1
10671999	6832490	1
10226828	10226827	2
11584512	11585570	1
8879464	8879666	1
1540629	1542785	1
11076881	11076882	1
1219125	11201968	1
8441602	8441597	1
184233	184234	1
11848771	11848776	1
6870044	6870093	1
7160160	7160171	1
11861560	11861557	2
6564438	6564383	1
11005766	11005765	1
8809947	8809948	3
4082166	4082186	1
10053194	10053193	1
11827820	11827819	2
12802643	12798362	2
3298276	3299212	3
11987336	11988870	1
8600425	8600426	1
10532739	10532740	2
3084181	3084184	1
6050222	6048991	2
10324879	10324868	1
7818265	7822893	1
5288329	5242469	1
2414528	2414525	1
6122146	6049014	3
6029731	6090646	1
5282250	5282719	1
7200198	7200197	1
2674966	2674847	1
5710345	5710404	1
9296030	9296012	1
8287556	8294280	1
10022527	10022535	1
3273665	3273633	1
2275177	2275178	2
2478215	4124776	1
2159100	2158945	1
9778608	9778607	3
6122271	6122272	2
9943606	9925532	2
9435349	9435350	1
5914360	5915808	1
4826181	4826182	2
8897353	8898010	2
11633334	2101047	1
11963816	11963815	1
3829215	3829216	1
4084335	2014286	1
5815550	5816000	1
10178410	12471402	1
11279497	11279498	1
12389140	12389139	3
789520	789457	1
6332953	6332954	1
10181622	10181618	1
8545833	8544790	1
4330231	4330232	2
2311890	2312095	1
9339943	9339944	2
11621584	11621230	3
5453991	5396779	1
429111	10980355	5
6988650	6988225	1
6197645	6197789	4
5967422	6177255	1
11279303	11279304	3
2162652	2162651	1
3367739	3367740	2
1068580	1068153	1
10870878	10870877	1
3367068	3367732	1
8696034	8696249	2
12481067	12815205	1
11076104	1299997	1
7138153	7138154	2
3445315	3447661	1
769042	767469	3
10161637	10161638	1
10280482	10280479	2
4813268	4037717	2
1699086	1699085	1
6155019	6155778	1
1242383	1243506	1
2130073	2130084	1
9108126	9100631	2
3118793	3118796	1
6159477	6179227	3
3296596	3296871	1
3029004	3028919	2
12780483	12780484	2
9502440	9502439	2
7205066	7204479	1
5342035	5342036	2
11410020	11410019	1
12327780	12327510	2
2814447	2814448	1
1453417	1454130	2
10892930	10892904	2
6219480	6219479	1
12501180	12501179	1
57837	57838	1
6171539	11831832	1
7749107	7750116	2
3774243	3774280	1
12641532	12643001	1
9317979	9317980	1
12601757	12601760	3
4258568	9250324	1
7916409	6481686	1
11672905	11672827	2
7855956	7855955	2
931168	931167	3
7764916	7764915	4
10213766	10213764	1
11807853	11807854	1
1166220	1166250	1
7996947	7996950	1
5683233	5683236	1
4103674	4103673	2
11829260	11829259	1
2148219	2148028	2
10402754	10402801	2
10353986	10353985	2
12524091	3203574	1
10180716	10180780	1
11572331	11572332	1
7766194	7766606	1
2251176	2251087	2
11324819	11324820	1
4523818	4481161	1
4667313	4667315	1
8302168	8302167	1
7863840	7863839	2
12632932	12715280	1
3324236	3324246	1
7590485	3229649	2
1237101	1239651	1
7197107	7197110	3
1825517	1825518	4
1396904	1396903	1
11866736	11866662	1
6039220	6039219	1
8105275	8105256	1
8657134	8657131	2
7350128	7350403	1
627331	626449	2
9381877	9382728	1
799183	802148	1
5676094	5676093	1
4274564	4274563	1
8234027	8234836	1
8411054	8411049	1
11643834	11643842	1
11636811	11636816	1
4750022	4750021	1
7954553	7954554	2
2006283	2006233	1
12397300	12397405	1
7135159	7135162	2
6775408	6775407	1
9909259	9909275	2
765311	765316	1
8782054	8782053	1
11394264	11394263	3
2904845	2904846	2
1643485	1641688	1
8491285	8492653	2
4844471	4844472	1
11278813	11278814	1
8704971	8704976	1
4654320	4654319	4
4806723	4806724	1
8158690	8157131	1
7076255	7075737	1
5312643	5312644	2
8487762	8487944	2
7719198	7719197	3
9363977	9373324	1
3736822	3736768	1
11249366	11249382	2
1339980	1340096	1
3525273	3525274	1
7141437	7135810	1
5460858	5455926	3
12501681	12501119	1
12666681	12666682	3
2722271	2722272	3
7161284	7161331	1
8312728	8312727	2
4660491	4660492	1
10119558	10119557	2
11781810	11784388	1
2278528	2278527	1
2210033	2210053	1
9382714	9382707	1
5967157	5967412	1
1329032	1329031	1
8077743	8077744	3
8502627	8502628	1
1192204	1192203	1
11003361	11003234	1
12203552	12203538	1
10196416	10196415	1
12124927	12124906	1
1520398	1520397	1
7007098	7007095	1
5244010	5244094	2
12786287	12786290	1
9279882	9280324	1
10743880	10743879	3
1097661	1097781	2
8427189	8429188	1
10549411	10549412	1
9831370	9831327	1
2818361	3257932	1
10758138	10758137	1
7690235	7690236	1
8366035	7141261	2
201233	201083	1
8580155	7429961	1
3077862	3077861	1
10956690	10956758	1
4046250	4046249	4
12014584	12014583	1
4056280	4056279	2
4445729	4445688	2
9229841	9229842	1
4185166	4185147	1
4549862	4549879	1
10971996	10971994	1
2887131	2887132	1
6033335	6033336	1
9701644	9701643	1
3096590	2985780	2
6139658	2194464	2
871033	871088	1
11238339	11238500	1
11444198	11444345	1
7011752	7011755	2
7998988	7998987	1
1637982	1638018	1
12038439	12038442	2
7778593	7778594	1
2494841	2493849	2
9712299	9712191	2
2614017	2614018	1
4314468	4314494	1
11328337	11328338	2
11229935	11229899	1
3102050	3102591	1
1626909	1626910	1
10178143	10178144	1
9065027	9065006	1
2411987	2411990	1
11241267	11241268	2
8243353	8243386	1
3720797	3720460	1
3720797	3720458	2
2772586	2772448	1
2085892	2085891	1
8278	8239	1
11389162	11389337	5
7022809	7022810	2
7549523	7549524	1
8624985	8624988	1
3567317	3567318	2
7757011	7756990	1
1634013	1634014	2
9703014	9703013	1
975720	975719	1
975722	975721	1
2338691	2338692	1
3316520	3316519	1
10983310	10982923	1
7897434	7834396	1
3214616	3194663	3
666829	666832	1
104614	328865	2
11198934	11198953	1
2098276	2097149	1
3560877	3561161	1
2910338	2910354	2
11693955	11693956	2
8784121	8783207	1
7814009	7814010	1
6843135	6845041	1
3629553	3629554	1
2439954	2439373	2
6887245	6883754	3
5009144	5705115	1
8460992	8460991	1
4808876	4808870	1
3104195	3133634	1
8541477	8540986	1
3023261	3023262	1
9991541	10040874	2
7925769	7923477	1
3872515	3872516	1
11779226	11779399	1
10986093	12152323	1
8204415	8204416	4
9800946	9800962	1
57835	57838	1
10402573	10402578	1
3316090	10202029	1
1233004	1233003	3
5368457	5367319	2
7588154	7588062	1
7388305	7388294	1
7456584	7456581	1
7288061	10470761	1
7999624	7998989	1
2016124	2016123	1
2086621	2085891	2
11392279	11392280	1
9823764	9822164	2
8456781	8456784	1
9196275	9196287	1
421176	421175	1
7587401	7588175	1
4088356	4088355	1
1969832	1969827	1
193190	192034	1
6180264	6180263	2
6868427	6868581	1
9973832	9973879	2
8392246	8392306	1
2285383	2285397	1
9258904	9258903	1
7586410	7586409	2
8281754	8286166	1
7637265	7637235	1
8514933	8514936	2
9183828	9183827	2
6859255	6859256	1
8939343	8939344	1
7826317	7826318	2
4383266	4383263	1
1795262	9350374	1
3940045	3940123	1
8647926	5620998	1
2923763	2923764	1
6991603	6991604	1
8975856	8975584	1
8263459	8263462	1
1836900	7202852	1
9640547	9679065	1
9051545	9051546	1
2416007	2416008	2
3131744	3261614	1
5854835	5854836	1
1073173	1073176	3
11544196	11544748	3
5123109	5122381	1
7640664	7640699	1
4752905	4752734	1
6183191	6181233	1
1944935	1946600	1
6965663	6966089	1
8385055	8384695	2
9622451	11514501	1
11667048	11667047	3
7802740	7802292	1
9013741	9013742	3
6862029	6862030	5
1771547	1771548	1
3521405	3521464	1
7430990	7430987	1
1359839	1359991	2
3068418	3068426	1
4051654	4051679	2
12354160	12354159	1
3336989	3336963	1
2737244	7528654	1
11193555	11193499	1
1032040	1032027	1
11785169	11785170	1
6382896	6382895	1
12381623	12381909	1
6690205	6690206	1
2780253	2780254	1
207868	202749	3
6951427	6951428	1
1125679	1127487	1
11086181	11086182	1
1267626	1267623	2
7737009	7901646	2
4856285	4731297	1
9993876	9993873	1
8260278	8262872	1
10813939	10813940	1
11981997	11981998	2
754850	754849	2
1762322	1762321	1
6684810	6684809	1
12376116	12376115	1
2339624	2339623	3
5596371	5596834	1
4083976	4083975	1
10963191	10963328	1
8287944	8287867	2
4708289	4708290	1
900707	900708	1
11639767	11626633	2
4926836	4926833	1
3601992	3602009	1
5339365	5341357	4
1469415	1469100	1
4579399	4579390	1
4054215	4054156	1
5475100	5472770	1
1717135	1717136	1
9826789	9962988	1
7533709	7533629	1
1584427	1584386	1
6568347	6568348	1
36334	31172	1
6155908	6155905	1
7132080	7127638	2
7107974	7106710	2
7477655	7477683	2
1167471	1167472	1
1100069	1100070	2
4350875	4350876	3
711701	721930	1
5570125	5570126	1
2878345	2878204	1
3987504	6739069	1
1844827	1844324	1
10241922	10241921	1
5854766	5854765	1
12751737	12751738	1
8890263	8842905	2
852045	852046	1
3561512	3561686	1
1289637	1289638	5
1242829	1243337	3
6242029	6242032	1
5231854	5231598	2
6782026	897488	1
11401193	5119618	1
10301298	10301226	1
11547099	11546859	1
3533807	3533808	4
12148019	12148020	1
4598977	4598036	3
9759921	9759922	1
1389703	1389728	2
4517116	4517115	3
7980725	7955821	1
5802073	5802074	1
11450056	11450055	2
10098240	10098243	1
2467825	2467826	1
4269787	10022531	1
9090118	9090121	1
2691707	2691730	1
5861701	5861702	1
772798	772797	1
4383266	4383265	2
5358152	8880890	1
11422391	11422392	1
3505800	3505799	1
4142232	4142229	3
7726826	7726825	1
355592	355591	1
2523544	2479470	1
11110549	11110550	1
12037686	12037132	6
8616984	8616983	1
11738301	11738316	1
4544873	4545303	1
12680142	12680141	1
11512270	11512267	1
920166	920112	1
12784237	12784240	1
1362933	1363362	1
10798372	10798371	1
4079859	4079864	1
9062031	9062026	1
12724432	12520469	2
1185963	1185966	2
392224	392223	2
10821580	10822874	3
6795364	6795363	1
202159	202290	2
2590298	2535770	1
7361276	8494988	2
10740441	10740442	3
12118594	12118593	1
753491	753494	1
2812340	2813049	2
2266775	2266764	2
8293885	8292993	2
11638819	11638820	1
4208603	9231810	2
7347636	7347576	1
11602388	11602387	2
8408850	8408849	1
11392333	11390961	1
1717437	1718308	1
1738923	1738924	3
7824474	7824473	1
8370533	8370119	2
3910140	3910139	1
4625363	4625364	1
3707124	3734651	3
7844290	7773541	1
7073922	7073921	1
4093388	4093387	2
8219516	8219802	2
618352	618355	2
12542336	12540013	1
6407179	6407180	3
11905994	11905993	2
4746408	4746407	1
3231934	3231933	1
10318580	10318546	1
2708382	2708381	1
5717246	5717313	2
1543967	1544762	1
10871255	10871256	1
10374100	5288318	1
11543470	11543452	1
1390848	1408339	1
11890898	11890897	2
7277021	8381775	3
8706121	8706122	1
8548506	8548505	1
11835369	11835002	1
2545762	2623785	1
3894435	3894419	1
1543279	1544031	1
7731949	7731950	1
9094606	9094605	1
12026370	12026369	2
3367071	3367072	1
4445056	4445990	1
3110315	3110316	2
11918698	11677703	1
2727135	2727792	1
7244901	7246347	1
1733168	1733167	1
10702526	10702525	1
499842	499834	1
4549572	4052289	1
11989485	11989490	3
9055216	9055215	2
12340264	12340139	3
7456582	7456581	2
1026360	1026359	1
656142	656141	2
3925966	3925974	1
5021142	5020679	1
7962240	8579765	1
4145390	4145389	1
7424600	7425994	2
7537130	7537127	1
7746936	7746935	1
11748972	11749576	1
4057694	4057691	2
2122650	2122170	1
6676321	6676334	1
10091960	10091959	4
6435139	6435140	1
3662	3659	1
2253417	2253221	1
3903926	3903091	1
2929969	2932436	1
1718602	1718601	1
3627556	3627555	2
3743294	3743289	2
4604779	4604784	1
7940563	7940564	1
10040875	10040876	2
9518153	9518154	2
11237761	11240681	1
7725307	7724898	1
11862459	11862460	2
7289881	7289882	1
3108278	3108301	1
3892161	3892162	2
10397967	10398158	1
8169309	8169376	2
1765311	1765312	4
1197992	1199514	1
8714522	8714521	8
4096073	4096074	2
7337472	7337487	1
6626053	6626054	1
3213241	3213242	3
7432812	7432811	1
6475169	6475170	1
11237913	11237942	1
8362646	8362645	2
9453669	9453670	1
2564170	2564169	1
7020166	9540377	1
9364682	9364677	1
11422213	11419908	1
1648861	1648862	2
8351241	8351242	1
7200200	7200197	1
7471657	7471658	1
6439389	6439390	1
3827616	3827613	1
376679	378506	1
7963466	7963465	1
9175918	9174709	2
1690602	1690598	1
930677	926532	1
8390443	8390444	1
4995179	4995117	1
9962958	9962957	1
12196424	12196414	1
4723423	4723424	1
9991541	10040876	1
4032913	4032865	2
10061720	10061800	2
7254724	7254703	1
11461740	11461739	1
1742312	1742311	1
1153006	1004040	1
9249093	9249060	3
6316786	6317270	1
3680539	3680540	1
11873817	11873904	1
10239832	10239971	1
5708382	5708644	1
11918592	11868704	1
3150850	3150849	3
4818861	4818862	1
8979309	8978703	1
12542336	12542335	1
2131165	2131143	1
9592102	9592101	1
2352756	2352780	1
8797393	8797394	1
8779984	8779933	1
9291206	9291205	1
10477611	10477612	1
2131416	2133477	3
2090160	2090159	2
6650819	6650602	2
11726042	3036619	1
8456781	8456782	2
3893469	3893470	3
3782370	3782369	1
9423591	9423592	1
6439040	6439050	1
1455344	1455343	3
5780409	5780104	1
6002228	6002217	1
11628662	11628661	2
8522018	8522017	1
960035	2505097	1
12490764	12490750	1
11618322	11618321	1
2699308	2699307	2
3746556	3746555	1
8695651	8695660	3
5968774	5968773	2
12658892	12658891	1
5333878	5329172	1
1188767	1188768	1
9262318	9263216	1
1725648	1725647	1
2156810	2156819	1
9699928	9699927	1
5312641	5312644	1
11643498	11643420	1
3868927	3868913	1
12260570	12260569	2
673300	7964113	4
5836255	5836256	1
11718271	11718272	1
3525275	3524734	1
10226296	10226829	3
3561949	3561950	1
8775687	8773456	2
7431789	7431824	1
12538829	12538830	1
6526774	6526773	1
7538658	7538657	1
11637765	11625853	1
12646305	12646923	2
8795428	8795427	1
12207742	12207741	1
3591377	3588184	3
4009280	4009284	1
11540042	11540349	1
2414156	2414232	3
6938765	6941283	1
3284401	3284402	1
12520799	12528664	1
9495618	9495617	2
4111266	4472769	1
452814	452813	2
3032708	3032707	1
7811142	7811135	1
7111796	7112337	1
6922794	6922793	2
199331	199332	2
7844279	7844294	5
5389029	5389033	2
2997049	2997050	2
6797263	6797184	2
2816390	2815627	1
7750567	7750299	1
10192000	10191997	2
9149005	9149006	1
1235438	1762536	1
9609580	9609579	1
11872338	11872337	2
11363063	11363064	2
12180806	12180803	1
12536732	12537860	2
9879024	9879103	1
5600378	5600381	1
9102042	9102064	3
4211389	4211390	1
6355741	6355913	1
4113021	4113022	1
1545503	1545732	1
5526843	5526794	1
8886837	8887369	1
4062507	4062508	1
11469054	11469053	1
5825625	5769363	1
11494655	11494739	1
4756889	4756890	1
5212809	5206135	1
10353988	10353987	2
11703617	11890157	1
7588155	7588156	1
9843833	9843834	3
9765758	9765846	1
2457314	10681949	1
8271355	8271356	2
2278069	2278070	1
9896519	9897002	1
9441486	9441390	1
7654906	7654864	1
8607692	8607691	1
6113510	6113500	5
7004418	7004413	4
2666920	2666919	3
9973973	9974017	1
11793274	11793152	3
948664	915616	1
10051383	10051543	1
5911094	5913650	1
7496912	7496899	1
11153776	11153845	1
9258614	9258608	1
11792806	11792775	1
10189124	10189123	1
11996882	11996889	2
1095806	1095805	2
4245028	4245027	3
4872467	4872468	2
1079597	1079598	3
12421483	12421768	1
5967248	5967167	1
4643945	4637376	1
1764104	1764024	1
7215031	7215032	1
11084786	11084783	2
5448894	5448893	1
7312918	7312915	1
7650029	7648889	1
2963430	2983033	1
7933825	7933830	5
1409273	1409268	1
1984868	1984867	1
7462306	7462282	1
2395784	2392696	1
2729114	2729111	1
12760163	12760164	2
9644867	9644868	2
11761813	10932275	1
10112419	10112447	1
12657169	12657257	1
7610733	7610734	1
5467	5468	1
1718604	1718603	1
4445054	4445990	2
5845015	5845016	3
7948625	7948626	3
3891981	3891888	1
991899	991900	1
587143	587144	2
9248982	9248981	1
2354117	2352390	1
9553653	9553654	1
6892178	6865784	1
4484943	4606222	2
744971	744940	1
8947508	8947507	1
7847097	7847674	2
3214618	3214617	3
10052742	10052741	5
146314	146706	1
7051430	7051437	1
7667027	7764177	1
358898	358897	2
3592228	3592227	1
1205447	1121057	1
2307033	2305867	1
2395902	2395896	3
9444089	5950272	1
9050557	9044815	3
7752892	7752891	1
3293211	3293212	1
5763263	5763148	1
8711798	8711795	2
4800569	11612776	1
9233296	9233293	1
8451372	8430250	1
7818973	7818974	1
4441017	4441141	1
6683558	6683557	3
8543	8544	1
3832107	3832143	1
2092042	2092035	1
3511057	3511058	1
4442531	4442692	1
8511393	8511394	1
3042212	3042209	2
3654955	3654956	1
7907149	7783611	1
7197105	7197106	2
8217819	8217820	2
7981429	7981452	2
999510	999509	1
6481492	6481489	3
10937386	10937385	1
10301266	10301263	2
9317399	9315520	1
4514410	4514409	1
633539	633543	2
2685709	2685710	1
3561003	3561004	1
10731673	10734555	1
2807981	2955103	1
1154376	1157069	1
7102296	1666484	1
7014103	7013133	2
10963327	10963328	2
2352508	2352507	1
7701918	7701906	2
8456783	8456784	1
1714852	1714796	2
7693460	7693459	3
5898286	5898285	2
776025	776028	1
4516029	4516030	1
2880074	2879935	2
10462156	10462155	3
1692490	1392778	3
10729378	4411587	1
9150023	9150016	2
10210893	10211004	1
883473	883503	1
4622041	3614331	1
9317702	9314665	1
7359172	7359169	1
3629421	3799256	1
5650399	5650400	1
8706254	8706530	2
2445417	2445418	1
4539168	4539151	2
7007546	7007646	1
2876140	7661490	1
10931589	10931590	1
10196443	4552531	1
5641191	5640775	1
4463107	2039044	1
817019	817022	2
8430790	8430786	1
7953787	7953788	1
9299749	9299659	1
11295833	11295796	1
8573836	8573835	5
10975399	10975400	1
9078469	9078470	1
6795366	6795365	1
36340	36335	2
11170570	11170606	1
11697493	2666623	1
685147	708551	3
2611639	2611640	1
6758848	6758845	1
5095832	5096599	3
1698301	1698314	1
10436990	10436926	2
7535247	8714578	1
70634	3046522	1
429109	429110	2
2878005	2878006	1
3419918	3419917	2
333544	333543	1
12612051	12612052	1
1231613	1231625	1
3125901	3125902	2
8150486	8150483	1
407200	407199	2
2993710	2993709	1
5811118	5810927	1
1345631	1345632	1
3751524	3751523	1
1777216	1781541	1
5708643	3493810	1
6461199	6461200	1
8381048	8381047	1
11768127	11768128	1
10177578	10177575	1
6079862	6079861	3
8631095	8631056	1
3565544	3565543	1
9172836	9172784	1
3261928	3261927	1
12155633	12157614	3
445779	445782	1
413238	413249	1
8442932	8443033	1
1385399	1385400	1
12780801	12780802	1
445022	446887	1
1545054	1545053	1
459233	459234	4
9099977	5507767	1
8378507	8378508	1
11591614	9162879	1
8075156	8077395	3
10821831	10821832	1
5717312	5717311	2
1607364	1607361	1
8315447	8315412	1
5667224	5667215	1
1263517	1263518	1
3274625	3274626	1
8056568	8056606	1
1932569	1932570	2
11155245	11156201	1
2731271	2731272	1
6926170	6925959	1
10102476	10102473	1
3234466	3234461	1
10226448	1447157	1
765006	765009	1
3602747	3602804	2
9996858	10119559	1
6642607	6642608	1
12182093	12182094	2
3257936	3257935	1
1251605	1246912	1
8560092	8560091	3
3251175	3103149	1
2159975	2159982	1
3106441	3106076	2
7206349	7206797	1
184235	183898	1
8982258	8982257	1
4680602	4681183	1
4040380	4016538	3
8519623	8367952	1
5918172	5918171	1
4113195	4105832	1
4504195	4504196	5
8050311	8050285	1
11963814	11963813	2
7462413	7462414	1
3235167	3237173	1
5898284	5898281	2
7980899	754392	1
9579383	9579384	2
3979366	3979448	1
2324118	2324117	3
11185662	11186280	1
6432214	6432213	1
8895778	8895785	1
9236575	9236576	2
10129078	10129085	2
9443082	9444928	1
10793803	10793767	1
355720	355717	2
2539739	2538447	2
6105675	6105676	1
11297040	11297038	1
6195445	6195272	1
12748705	12748720	2
4534557	4534700	3
2512366	2512932	1
9099139	9099140	2
1337828	1337946	1
11191984	11190550	1
5901158	5901155	2
6971916	10708314	1
5914261	5914262	1
9868527	9871083	2
10232966	10232365	1
8776640	8776639	1
11966471	11966444	3
12651656	12651655	1
1630245	1630246	4
11523650	11523364	1
2416820	2416817	1
3546381	3546382	1
4046250	4044729	1
5993999	5994032	1
4754283	4754284	1
12043618	12043615	1
7659639	7659640	2
10052515	10052545	2
9812674	9812811	1
2787709	2787821	2
8030460	8031015	1
1656782	1656779	1
5923278	5923341	1
3620579	3620580	3
9280940	9280016	1
9097361	9097362	1
7764914	7764913	3
4125556	4125555	1
8697419	8697420	2
7820935	7820938	1
10289210	10289209	2
2649403	2649404	1
2681549	2688774	1
5762036	5762035	1
11535339	4573394	1
8231497	8231348	1
11519298	11519252	1
1865723	1865724	1
949055	949080	2
3745958	3745955	2
630772	630771	1
8468566	8465426	1
2817087	2817088	3
11046483	11046484	3
873181	873256	2
3424333	3421336	2
10759154	6628740	1
10492094	10492093	1
971326	971325	1
1790245	1790246	3
1695778	1695751	1
7013248	7014619	1
2473807	2473560	2
8541619	8541597	1
4385895	4388184	1
10536795	10536801	1
8809861	8907905	1
7843542	7839321	2
8519621	8519622	1
7785869	7785914	2
7833069	7833100	1
7818685	7818686	1
1083251	1083409	3
2103261	2103119	1
8976213	6892262	1
8828786	8869426	2
4274219	4274225	3
8650043	8649950	1
2159983	2159952	1
1457678	1457677	2
1528659	1529212	1
8558895	8558896	1
7260993	7260965	2
9553655	9553656	1
11146220	11146741	2
9530165	9530166	2
6171700	6171699	2
3110313	3110314	2
9603591	9653913	1
652147	652150	1
5720279	5720280	1
234098	230838	1
2112559	2112317	1
3638976	3638984	2
12348328	12348327	1
11476437	11476438	1
12636253	12636254	1
3941742	3945319	1
8762552	8762518	1
9151445	9151446	2
2254983	2252710	1
3209263	3209735	2
6867443	6867444	1
2934730	2934729	1
8573834	8573859	1
4468708	4467825	1
4088201	4088202	1
4112046	4112037	1
7564057	7563542	1
9049996	9049995	2
10769001	10769002	1
10628927	10628962	2
6571930	6571885	1
8265259	8265237	1
8303254	7026452	3
5541559	5541560	2
7257213	7258177	1
11252418	11252286	1
10061803	10061804	2
10192341	10192342	2
10588095	10588096	1
5886787	3877848	1
7459458	7458958	1
3905715	3905716	1
10177513	10178885	1
6033975	6033953	1
11324819	11324822	1
4080514	4080513	1
11568364	10172260	1
3295294	3295293	1
12721571	12721572	1
12782205	12782206	1
7613599	7613600	1
1037933	1037946	1
2558770	2558832	1
11041198	11041197	5
11390960	11390957	1
3677035	3677036	3
2799012	2799011	1
2120712	2120740	1
2121153	2121154	1
7095141	7095142	3
11521969	11521776	1
3980041	3980044	3
4642011	4642379	2
4241395	4235423	2
7988892	7988891	1
9018206	9018205	1
1137068	1138445	1
1633261	1633335	1
6987894	6987893	1
2552748	2552745	1
814880	814879	2
11084682	11084780	3
3988958	3988957	2
7427249	7427250	2
11322294	11322333	1
12255435	12255426	1
7010650	7010649	2
3558018	3558013	1
10260731	10260727	2
10549262	10549058	1
6861909	6862030	1
7358304	7358303	1
2238013	2238236	1
6536506	6536711	1
8374195	8375509	1
12248077	12254238	1
3133905	3133906	2
11046870	11046869	2
2103118	2103117	2
11382789	11382790	1
4085063	4085046	2
8902400	8902326	1
9072813	9072814	1
9951617	9951563	1
1887845	1887788	1
4812809	4812788	4
7784757	7784140	1
8541617	8541620	4
12544953	12544956	2
8445111	8445112	2
1276490	1276489	2
4277415	6331229	1
168022	166115	2
4528446	4528445	3
5860429	5860445	2
6903907	6903951	1
3988956	3989513	2
2539803	2539800	2
250938	250935	1
12027043	12026746	2
11591642	11593416	1
5432294	5418156	2
943254	943253	1
11297774	11297888	2
1690352	1685443	2
1659760	1659757	2
12182091	12182092	1
1520259	1520262	2
11244533	11244534	2
7654359	7654319	1
12618695	12618025	1
2093901	2093589	3
7603605	7603606	1
3994451	3994452	1
3278603	3278604	2
7112364	7112743	3
9777862	9778435	1
2663726	2663725	1
3396041	3396042	2
11882836	11882721	3
3661800	3661844	2
8656662	8638662	1
10241845	10241825	1
12021577	12021580	2
8819876	8819875	1
2586473	2586474	3
1597389	1597390	1
4642009	4642010	1
1883179	1883180	1
10223016	10222024	3
8316000	8316399	1
7977397	7977414	1
3890089	3890090	1
9566266	9566265	2
2424237	2423870	1
11265131	11265134	1
1219125	1219130	1
2843087	2843088	1
8638112	8638169	2
1581030	1581029	1
887029	887301	1
3165609	3165610	1
1745359	1734180	1
5995361	5995364	1
7650027	7650028	2
12797282	12797281	1
10814844	10814843	2
7608350	7608345	1
11347741	11347361	2
9818605	9818606	2
9336256	9336253	1
3938742	3938739	1
652126	652125	1
323159	323227	1
4216125	4216128	2
10119138	9948100	1
3930161	3931606	1
1064245	1064246	1
9169609	9169560	1
4200963	4201601	1
2008572	2008606	1
8836754	8836753	1
7562063	7562064	1
9098039	9098042	1
1197795	1197810	1
1153274	1153273	1
4577879	4476380	2
9075568	9076532	1
10416913	10416914	1
7649136	7649135	3
3238542	3238541	1
11369591	11369592	2
12201152	12201151	1
2962491	2962492	2
6451548	6451539	1
10178888	10178885	2
9618421	9618422	1
3957650	3749583	4
6894289	6894290	1
6180262	6180261	1
9542603	9542518	1
8035655	8035522	1
3077110	3077109	2
4876297	4868506	1
7687846	10810534	1
9537135	9537137	1
4052713	4052714	2
1586768	1586767	1
1392804	1392783	1
5199129	5199130	1
11046485	11046488	1
1827723	1825516	3
12755459	12755460	1
2279069	2279076	1
11430341	11430342	3
2272791	2272792	1
7806750	7806747	1
3999247	3999248	1
4582747	4581434	1
4011583	4011590	1
5538713	5538714	1
6859003	6858824	1
11942879	11943814	1
10891493	10891494	1
2012763	2011210	1
8324598	8324707	1
8215744	8215743	1
250938	250937	2
11428657	11429399	1
1708364	1708361	2
3538844	3538841	1
4842775	4843682	2
10505785	10504847	1
1243628	1244344	1
7464084	7464039	2
5703605	5703606	1
2934732	2934731	2
196524	300650	1
7667029	7764177	2
11067410	11067409	1
2257599	2257600	1
1065611	1065616	2
11134118	11096989	1
949902	949901	2
3974626	3974606	2
3561280	3561221	1
2508262	2508261	1
1306872	1307167	1
1251040	1247369	1
6193639	6193671	1
2013308	5415694	1
4477906	4477869	2
426032	426031	1
7933825	7933826	3
5096598	5096597	3
2627265	2627266	3
8520988	8519844	1
12427715	12427872	1
6333431	6333432	1
3320534	3320533	2
3743288	3743291	2
4544091	4544273	2
5939352	5939301	1
8293591	10317424	2
6457897	6459434	1
4711563	4711515	1
10275297	10275321	1
4282585	4282816	1
4812809	4812790	1
6028337	6028361	1
11412977	11412928	1
4463604	472426	1
12814458	806338	1
8204445	8201675	1
9097363	9077501	1
1392526	1390738	7
7521962	7521799	1
3237932	3238543	1
7735418	7735417	3
5450277	5450278	1
9505163	9506621	1
8316956	8316951	2
8645995	8645996	2
7613603	7613604	2
11471377	11460796	2
7345016	7344919	1
6155888	6155909	1
2416003	2416006	1
6867445	6867457	1
1706192	1706191	1
1263519	1263651	1
11671779	11671697	1
4815271	4815296	1
5847093	5847094	2
10079867	10079868	3
7383778	7383777	1
8090763	8090764	1
8786276	8788199	1
1693418	1693391	1
6456512	6456203	1
10540782	10540781	3
4594757	4593484	1
2122098	2122097	1
55887	55888	1
8385992	8384588	1
7689906	7689905	1
12632376	12632375	1
7540668	7539952	1
2468283	2468286	1
12036572	12036520	1
3200305	3200306	1
8445410	8445409	1
1742281	1742311	1
4361276	4361275	1
1330293	1330262	2
6903688	6903687	1
10402575	10402578	1
716893	716894	1
11665167	11665168	2
3507927	3507488	1
9336256	9336255	1
7448374	7448159	1
10682856	10682855	2
11046492	11046474	1
3700586	3700585	1
9777770	9777767	1
7376400	7376399	1
6900308	6900382	3
7805860	7806493	1
1979624	1979472	1
2628109	2720611	1
10882396	10882053	3
363812	407201	3
3355932	3355947	3
7183046	7182744	2
7854133	7854134	1
2418716	2418208	1
4385237	4524403	1
4131384	4131383	1
3278357	7177321	2
8406464	8302167	1
12782201	12782202	1
11138837	11135418	2
1243438	1243437	1
3024441	3024019	1
6832772	6832490	1
7962368	7962367	1
10270500	10270499	1
968348	968347	1
68521	12400149	1
5490535	5490536	1
9026483	9190806	1
3992157	3992158	1
