fend1	fend2	count
7137808	7137807	2
10073701	10073850	2
11961062	11961061	2
7797634	7797711	3
9622066	9623575	2
1425173	1425053	2
8737166	8737163	2
8150505	8150506	3
9302230	9302342	1
12487251	12487252	2
8026433	8026147	4
7131348	7131347	8
6830309	6830397	3
5375687	5375688	2
11660725	11660726	6
8414720	8414719	1
3098114	3098111	2
6281207	6281232	1
2116948	2116947	1
7277053	7277073	2
1555590	1555587	1
1389456	1389455	3
9111614	9111613	1
10300362	10300335	1
3413237	3412480	2
5782808	5782807	3
3272360	3272359	1
9017074	9017065	2
8188353	8188354	2
760755	760784	2
1316788	1315598	6
11558130	11558129	3
8157667	8157668	2
8767744	8767785	2
5089046	5087053	3
6078357	6078381	1
7930386	7930385	1
1832962	1832961	1
7121714	7121713	3
3687162	3686348	1
10372137	10372138	1
9904843	9904798	1
687950	687949	1
6016267	6016268	2
6165465	6165466	5
11879609	11879610	1
8948361	8948362	1
4347937	4347938	1
11943449	11943450	1
5317135	5317138	4
11013289	11014451	4
10301444	10301575	1
12674740	12674739	2
538521	538522	1
162490	162489	2
9296713	9296574	3
4852687	7275415	1
10978563	10978566	2
5957485	5957486	2
7277264	5008928	3
10212069	10212070	1
6845633	6845634	1
4534423	4534424	2
3237613	3237614	5
6558835	6558836	1
5875127	5875128	2
1188463	1188464	6
7980834	7980832	1
1527486	1527485	1
7776410	7778299	2
3340655	3340658	6
11643463	11643466	1
6806408	6806405	2
3031855	3031856	1
5493142	5493139	2
5339405	5339406	1
4444454	4439869	1
11221178	11221177	2
11589097	11589103	1
6623984	6623981	1
7976878	7973641	9
7880112	7880180	4
3288708	3291613	2
6755303	7945802	1
4911151	4911172	1
5736613	5736614	1
12125298	12125297	4
8705436	8705435	4
6179585	6174975	2
6678185	6678186	3
7264843	7264844	2
11332647	11332648	2
8675799	7476929	1
2318037	2318038	2
6905760	6908174	1
6807830	6813093	1
2643738	2643737	2
12543470	12543469	3
6795173	6795174	2
10167996	10167995	1
9673812	9673811	3
10662732	10659220	2
3145050	3238321	2
4845999	4849634	3
9530856	9528280	1
7969042	7969041	4
1269272	1268580	6
9426824	9426823	3
1516567	9759013	3
1530464	1716760	2
7994386	7994480	2
405775	3580960	1
5014982	5014981	3
4175435	4176586	5
2727168	2727167	4
3356195	3356196	1
1370917	2452357	2
3255294	3255293	4
11331992	11331991	1
8548745	8549720	1
8973090	8973089	2
7027064	7027156	1
844687	844688	1
1297696	1297695	3
6182745	6182746	1
11133945	11131883	2
12715509	12715510	1
5598513	5598514	2
8371065	8384966	2
7433111	7433586	1
6026689	6026692	1
10991539	10991540	2
6463118	6463115	2
1201604	1201603	2
10384352	10384351	1
11799819	11803008	1
11347555	11347569	2
4290650	4295828	2
1072478	1072477	2
6814071	6814072	2
2619238	2619237	4
5931192	5931189	1
4224649	4224650	1
3525289	3525028	2
10196863	10196864	1
3201718	3201717	3
5095157	5095674	1
5295479	5295480	1
2092572	2135322	2
3917468	3917780	5
6036352	6036351	2
5474375	5474378	2
11932860	11933187	1
4989055	4989056	1
10435083	10435084	1
944648	4755959	1
1485980	1485977	2
8232302	8232301	1
706252	706251	3
6076734	6078636	1
6929353	6929354	5
12461816	12461815	1
6137654	6138736	1
8633430	8633433	2
7029470	7028794	1
3113845	3113846	1
1190568	1190567	3
2641285	2641286	2
11883056	11890362	1
10978807	10978808	1
1405134	1405133	4
2006653	2006662	4
1240685	1240686	1
1201606	1201605	3
1546301	1546302	3
4455486	4455518	5
7182066	8975241	2
12650865	12650866	3
393896	393895	2
11238225	11238226	2
11477651	11475696	1
9712958	9712972	2
6010144	6010475	1
5735427	5803869	2
6183630	6183629	3
1831205	3372507	3
11409258	11406572	2
297771	2479512	3
2426390	2425031	1
5277262	5277261	2
3630671	3630672	1
1272408	1272407	3
3098961	3098920	4
6184078	6183571	4
426487	426500	3
5812245	5812246	1
11700205	11700206	5
11165528	11165527	2
12253517	12253518	1
2324868	2324884	1
11705455	11705456	2
2830531	2828472	2
558520	558466	2
10988993	10988994	3
10196536	10196535	1
7678921	7678924	5
10296136	10294885	1
4529863	4569261	2
11037017	11037018	4
619174	619173	4
11910899	906125	1
4718715	4718720	1
598988	599017	1
8645227	8645232	2
7259137	7259138	3
6158629	6160802	1
8292468	8292467	3
595804	595803	7
9452488	9452487	2
11364302	11364301	2
66547	61942	2
1674688	1674491	1
6121607	6121619	1
8593691	8593692	4
3883140	3883139	3
9646493	9646494	2
1593205	1593206	1
10699339	10699342	3
2421426	2421425	4
9498302	9498301	1
8261716	8261735	2
3047012	3047011	3
6345226	6345951	1
3699353	4940504	4
2241626	2242591	2
10754252	10754251	1
4948093	4948096	1
9533185	9533186	1
12774943	12774978	1
11679857	11679860	1
5714431	5714432	4
6528371	6528372	1
1631931	1631920	3
5602230	5599652	1
5531767	5531768	1
2878998	2878995	1
4939077	3689115	1
10226156	10226112	1
8681718	8681717	1
6832268	6832267	1
3763045	3763046	3
5454839	1451484	1
4621707	4621699	1
7858536	7858535	1
12443576	12442868	5
7257442	5870265	1
10100174	10100524	3
4536370	4536483	2
2570686	2570476	1
8487244	8487243	1
11161654	11161653	2
1236837	1236840	1
6727121	6725638	1
3283657	11524349	1
7247605	7247606	1
6633216	6633215	1
10797309	10797215	1
6185067	6186890	5
2582993	2582994	3
527847	530159	3
2101908	2101907	3
6443715	6443718	1
11111116	11111115	3
3937023	3931442	3
2954383	2954384	8
11800286	11799166	4
9289140	9289476	1
8989514	8989513	4
1093560	1093559	1
2425034	2425031	5
5521797	5521798	1
6364430	6364429	3
7863950	7863949	3
680306	680339	2
6968097	6968072	2
8645195	8645226	3
3085478	8922106	1
8879622	8879621	2
4867066	4867065	1
7726754	7726753	3
10448567	10448568	3
4156109	4156110	2
10354596	10354595	1
3633985	3633986	1
8880766	8880765	4
2955821	2955822	1
2351149	2351711	1
7701140	7701139	1
5572977	5572978	1
8687710	8689449	3
8847040	8847037	1
6152333	6152334	4
5309364	5309359	2
9270049	9267540	1
11424670	11424667	1
11248243	11248246	1
10854266	10854563	1
8272760	8273103	2
3692222	3692266	4
1856854	1856845	1
1105320	1105319	1
12630231	12630216	1
4183311	4183312	1
9693515	9693516	1
11504374	11504373	2
813767	813768	2
7092782	7092785	1
2176958	2176957	6
11937447	11937504	2
8032377	8032380	2
10339803	10339804	2
7698359	7698360	2
11268430	11268433	2
854069	854070	4
1982269	1982276	2
1016028	1016027	3
3543387	3554829	2
4554479	4554923	3
1724218	1724215	2
9273814	9273811	6
11373478	11373707	3
5936146	5936304	1
7229908	7229907	1
667698	667697	1
9912299	9912300	1
9336006	9336005	1
5758862	5758861	3
3210155	3210152	1
362836	362835	1
11833587	11834514	2
9279182	9279181	1
11193405	11195168	4
12453263	12453264	2
12662363	12662364	2
6148247	3024387	1
8829291	8829292	1
8378542	8378541	4
12453259	12453260	4
8973092	8973091	2
1754778	1753728	1
5286468	5286498	1
6161792	6161789	1
5665420	5665419	2
7240951	7240955	2
4693271	4693272	1
1008442	1008475	1
986083	990892	2
436621	435804	5
1799097	1799380	1
7995471	7995412	4
4099874	4099894	1
5778623	5779975	1
10178926	10182458	2
10156704	10156699	1
2613769	2613792	1
3852856	3738020	3
11742423	5833987	1
4222986	4222995	1
11620952	11620951	1
5384515	5383875	1
3547534	3547533	3
987237	987343	1
3280296	3280291	1
6109079	6109080	1
10461879	10750384	2
10926694	10926693	2
5352447	5352448	1
5972932	5972931	1
4055096	3959770	1
8400075	8391253	5
5590619	5590620	1
1750526	1750525	8
7891637	7891644	6
8303013	8303115	1
10015012	10015011	1
11914407	11914408	2
5438466	5438465	1
4387186	4387185	2
11980559	11980560	3
6180157	6180158	2
4670622	4670619	1
2405394	2405389	1
102964	102963	3
10147697	10147698	2
5419338	5419337	1
5452603	5452604	2
8526554	8526553	7
4818670	4815999	3
9469398	9469387	2
4710649	4710650	1
4682293	4681345	2
3506202	3506199	1
3283953	3283954	1
4286399	4286402	2
2431782	2429982	1
10878581	10878624	2
7993373	4612980	1
4165610	4165609	1
4755097	4755098	2
12145085	12145116	1
4453043	6612052	1
6080759	6080760	5
4739132	4739129	1
2464646	2464681	2
7234831	7234840	6
11981857	11981858	6
453241	453247	1
5935872	5935588	3
11593332	11590009	2
7278233	7278234	1
1778628	1778627	3
1704346	1704559	2
6371130	6371129	1
10535729	10535754	2
11269700	11269699	2
10258931	10258459	4
5677028	5677025	3
3901537	3901480	1
9656650	9656649	2
8040720	8040659	1
1822451	1822452	2
8294168	8294167	3
8974361	2353141	1
12262431	12262432	1
6015935	6015870	1
9472164	9472161	5
8592876	8592875	1
3728368	3728367	1
558386	559219	1
6123619	6123620	1
10484485	10484477	2
6295261	10113759	1
6295261	6293541	3
11337259	11337269	2
8954522	8954521	2
12565422	12565421	1
863215	863216	3
12687968	12687927	1
435914	435913	2
4833298	4833297	1
5509318	5509317	1
12221455	12221458	1
5616746	5616817	2
5691537	5691538	1
4020988	4020985	1
1244955	1244956	3
8447614	8447655	1
11239053	11239056	1
9624686	9624685	1
8212060	8209631	1
2550125	2550126	2
6582437	6582438	3
3077878	3073994	1
9693162	9693161	1
5502008	5502003	3
5177351	5177352	4
11721449	11722241	1
2309540	2309539	2
12477061	12477062	1
893646	895742	5
12616112	12616111	1
4006784	4006781	4
11878047	11878050	1
7247603	7247606	2
10915289	10915290	1
5237626	5237600	1
11366442	11366776	3
16117	16123	3
12324475	12324476	1
5963936	5963931	2
8293684	8293683	1
1515273	1515274	19
2609254	2609217	1
3400688	3400687	2
692895	693707	2
9629114	9629129	3
9619340	9619339	2
5939972	5939971	1
11760282	11760279	5
1804713	1804714	4
8283991	8286564	2
6804098	6803913	1
4261672	4261667	6
2842265	2842272	3
6533066	6533065	4
455750	455749	3
1057148	12279560	1
5950760	5941350	2
6308137	6308138	1
1197661	1197697	3
622310	638031	1
5962551	5962552	3
3702245	10097695	1
5501957	5502045	1
6493597	6493598	4
11895788	11895787	4
9128874	9128869	4
3123157	3120306	1
10375288	10367595	5
2668707	2668696	1
1593501	1593504	5
247815	8699516	1
7934369	7934370	4
6121358	1794652	1
6406474	6406473	2
4303588	4303199	1
9532948	9532954	1
9750021	9750022	2
2848110	2848109	3
4708932	4708935	1
6689561	6689562	1
10750643	10750644	1
6537409	6537412	3
3744218	3744217	2
2957576	2957575	5
8545315	8545316	3
9511704	9511703	3
2818335	2818338	2
10024655	10025714	2
4621705	4621706	2
6009312	6009311	6
5770630	5770627	2
6697397	6806071	1
6488223	6488224	1
11514277	11514278	2
8665560	8665820	3
8303045	8302990	1
2503769	2502965	2
4346923	4346924	1
1121291	1121292	1
7313606	7316292	3
3977444	3977441	1
5811711	5811597	1
6707653	6707654	2
11876970	11874742	1
6123629	6123630	1
1392988	2831824	1
6571637	6571638	1
5272062	5272061	1
2992583	2992584	2
6326471	6326472	1
5344426	5344425	1
7007927	7007911	4
12726430	12688041	4
8247178	8247177	1
12494797	12494742	1
8034921	8034922	1
4519660	4522524	4
10208628	10208610	2
838438	838435	3
11571344	11571343	1
4689610	4689233	5
6767803	6767804	2
4831180	4830967	2
11556820	11556819	2
11288992	11289015	5
7585161	7585006	2
11850705	11850706	3
12208367	12208368	5
12283792	12283791	3
10269067	10269068	3
713026	242786	1
12241273	12241217	5
2280955	2280958	1
7735366	7739524	2
2260618	2260374	1
1390851	1390557	1
12188330	12188329	1
343283	343286	1
6176047	6175689	1
6442026	6509301	2
4706623	4706660	3
4063413	4063267	2
3926120	3926119	1
252456	252455	1
3302272	3302271	1
10615786	10060736	1
6886403	6886406	1
525841	525842	1
733880	731697	4
1948045	1948046	1
8532337	8532338	2
1397794	1398172	1
11983782	11983781	2
8108521	8108522	2
7614004	7614082	1
5974421	5974422	1
6317690	6317689	1
2062114	2060065	4
7192602	7192592	1
203566	203571	1
10173582	10173581	1
5516099	5516100	2
1525498	1525497	4
6467849	6469176	1
2561330	2561329	3
8767746	8767745	2
7626418	7626417	3
6807369	6807370	2
10736794	10737697	1
11836526	11836525	1
3616003	3616004	2
486059	486060	4
4404686	4404685	1
12347783	12347784	2
2489437	2489438	2
3859746	3859517	4
7381523	7381524	1
960242	960241	4
7422600	7422753	3
6447605	6447634	1
3612773	3612774	2
7186611	7186612	1
1963621	1874727	1
5092330	5092329	1
11989041	11989009	2
665417	665418	1
10389307	10389308	1
533700	533640	2
2276392	2279764	1
9825031	9825032	1
6687428	6687423	1
2738347	2742967	1
6105499	6105506	1
152584	152608	1
6036354	6036353	4
10426884	10426883	3
5147651	5147664	1
8230634	8230655	2
1467090	1467089	3
7097112	7097111	3
5813867	5813868	3
957067	957068	1
1457159	1457162	5
7877879	7877880	1
9144015	9064946	2
1631872	1631871	1
10799896	10799893	3
1729344	1534856	1
3947483	3947479	1
12385640	12385639	3
8821960	8821959	2
5208842	5208841	3
8981162	8981161	1
10779753	10779776	2
9062436	9062433	2
1080575	1080584	2
5643910	5644918	1
1226171	1226172	3
4819791	4819676	2
1059102	1058982	1
3262115	3262116	1
4620047	4620048	1
10937365	10937366	2
5743370	5743365	1
8074155	8074156	1
5914827	5914828	2
8908071	8908072	2
11145420	11145419	1
7446203	7446204	1
12393855	12393856	1
12635190	12635316	1
2660961	2660962	1
11546941	11546942	8
8108062	8038910	1
6535023	6535024	2
12282563	932600	1
11690035	11690032	1
8632076	8632071	1
4114579	4115207	1
434237	434238	6
8922511	8920797	1
1351070	1351069	1
2992353	2993634	2
10731318	10731317	1
2241624	2242591	1
12796449	12796395	1
12184508	12184507	1
12038474	12038147	1
6990845	6990846	1
8472155	8472156	5
9673514	9673548	2
11601490	11601489	1
5405516	5405515	3
10296793	10283856	2
1353041	1353225	1
3305442	3305441	1
8817086	8981410	2
5594516	5594823	1
474151	474154	1
9811967	9811968	2
9263533	9263462	3
1711944	1711943	4
8325220	8325219	2
11842721	11842722	3
3592577	3592578	1
10039963	10039964	1
6513055	6513058	1
2957984	2957983	3
5957995	5957996	4
4111964	4111961	1
10991118	10990075	3
12430120	12430119	1
9872132	9872129	1
3150522	3150630	2
2999725	2998381	3
2397953	2397954	1
2713897	2713898	1
6553783	6553784	2
10719193	10719565	3
11407803	11407798	1
1158945	1159001	2
5022230	5022227	1
12664644	12665135	3
6819314	6215449	1
8224157	8224158	1
6028975	6028576	1
416210	416207	1
10742867	10742868	6
5422745	5420954	2
4794841	4794842	6
4456873	4456874	2
12011252	12011251	2
12674736	12674513	1
11576573	11592449	1
3900155	3898324	1
4786596	4786595	1
7446003	7445442	3
5094319	7380890	4
3244639	3244640	1
4292911	4292843	4
3131019	3131020	2
12041232	12041231	1
3888185	3888186	1
4257939	4280227	1
10826185	10826144	3
9130839	9130840	1
868682	868667	3
11345205	11345210	1
319971	320056	1
2774270	2774290	1
3663763	3663764	3
6791046	6791626	2
5875594	5875260	1
5951506	5950358	2
9253587	9253588	2
8176842	8167649	1
4868178	4868177	1
4424787	4424788	3
1188304	1188303	1
12450355	12448885	1
382948	382925	2
4636308	4636296	3
9717610	2507835	1
5891309	5891310	2
738829	738830	1
6956037	6957210	2
3752801	3752808	2
899769	899765	3
2264561	2264562	2
10298726	8816932	1
11262965	11262977	1
11122283	11122284	1
10377478	10377475	4
4739302	4739301	1
10739578	10739575	1
1386212	1390197	1
10050623	10050624	2
970718	6938401	1
463740	463739	2
10196168	10196165	2
600174	600123	2
24858	24857	3
11607954	11607953	1
12466232	12466231	1
3077880	3077879	3
10630388	10630387	1
279151	279152	1
1497871	1497860	1
848315	4121840	1
3787447	3788796	1
289444	289443	1
6555420	10193998	3
10778760	10778759	5
5399852	5399943	2
12661258	12663685	1
11904917	11904925	1
10196651	10196535	1
6223997	6223998	1
3959082	3959085	1
962448	223023	1
10517245	10515409	3
2848110	2848103	3
7271002	7659159	2
1636068	1636067	1
4376928	4376927	1
9617682	9617681	5
12292304	12291979	1
10397625	10532293	1
1174814	1174813	6
7310617	7309762	2
1193422	1193421	1
8767748	8767747	2
3639938	3639937	2
296062	296061	2
601593	601594	3
11884308	11884214	2
1061315	1064719	3
2676116	2676060	2
3130052	3130051	2
7241768	7241767	2
2847634	2847631	6
7106525	7105195	1
10253573	10253574	2
12751618	12751617	7
6175892	6175891	2
4791162	4787976	1
307405	307361	1
629539	629124	3
9824991	9824992	1
484434	484433	4
8451267	8452260	1
4105100	4105097	1
5145799	5145785	3
2526621	2526612	2
2045651	2045652	1
1032864	1033619	2
8173817	8173818	2
473243	473244	1
5347172	5347171	1
1380331	1380332	6
403191	403192	3
9600380	9600010	1
5269255	5269256	1
9123744	94627	2
3303970	3305319	1
10439531	10439532	1
10093130	10093129	1
7767994	7767993	2
7165654	7164744	1
11125449	11125452	2
4061130	4061129	1
5547691	5547692	1
2285733	2285738	1
5721255	5721256	2
10607642	10607636	3
11412356	11412355	1
2203119	2203104	1
3700076	3700075	2
9876785	9877195	1
3517701	3515409	3
1561165	1557825	1
9453258	9452489	2
3395008	3395314	5
6632955	6632956	1
7919150	7918653	2
2441590	2441589	4
5528271	4329001	1
3249752	3256683	4
4804698	4804693	1
1760949	1710249	1
8506726	8607166	1
4546323	4544299	1
7181171	7182963	3
6278791	6278796	2
2280995	2280996	3
2611835	2611839	3
12017931	12017932	3
10796063	10796064	2
4086303	4068752	1
3697802	3697799	1
474389	474390	3
615419	615473	2
9582444	9584520	1
5578560	5578559	2
5428797	5428798	2
6054937	6054938	2
10731320	10731317	1
8045477	8045478	2
2502956	2502955	2
2273712	2273709	1
5523430	5523429	1
11296312	11296307	1
4022515	4022516	2
8940462	8940461	1
11288022	11288026	2
11451916	11451915	1
12718043	12723885	1
7883131	7883132	1
7157248	7307269	3
12552033	12552034	1
12367455	12367456	3
7795016	7795015	2
9440978	9440977	2
1201208	1201261	5
6652803	9544331	1
1803543	1803569	2
7532775	7532776	2
4677394	6826612	1
1883157	1883158	6
8069137	8069521	3
12450886	12450890	1
2994366	2994365	1
6488185	6488222	1
5774378	5774377	1
7289999	7289965	1
3719597	3719598	1
9949683	9949684	3
1061345	1061348	3
278277	278362	2
1131029	1131030	2
8570126	8570125	4
4474341	4474342	6
9865655	9871858	1
5467248	5467247	3
1631870	1631869	1
7817358	7817368	1
8156616	8156615	1
8730499	8730441	2
4308720	2686100	1
1327993	1327999	4
10417327	10417209	1
3443730	3443729	1
11478039	4174694	1
12033416	12033415	1
2430351	2430360	4
8827432	8827429	1
8957494	8956631	1
12785897	12785898	1
6243940	6243937	1
9923119	9918394	2
5651173	5651174	1
636314	636807	1
6165461	6165462	4
485134	485133	2
5960359	5960360	1
2850277	2850289	1
8130047	8130050	1
680187	680179	1
6150140	6150139	1
5384584	5384583	1
3926613	3926616	1
10186104	10186103	1
6798523	6798738	2
6421686	6421685	3
4292288	4292277	3
1785144	1785143	1
5708900	5708897	3
8254301	8254280	7
6461009	6461010	2
1799095	1799380	2
1520803	1520806	17
2161651	2161652	2
6629371	6629337	1
8653954	8653953	1
2439284	2439283	4
6415691	6415742	1
5500583	5500550	1
4180300	4276362	3
3859536	3859531	2
10800617	10800481	1
567479	567784	1
2505701	2505702	2
12336601	12336602	1
4143779	4143780	3
3610198	3610212	2
12276703	12276704	2
11233164	11233163	1
3991775	3991860	1
6123179	6123180	4
6224200	6224197	1
10123334	10123333	1
1977420	2017977	3
12789483	12789484	5
2831254	2831253	4
5778071	5778072	1
12560979	12560980	2
11966965	11966966	2
3875956	3875958	2
2611363	2611364	1
1044229	1044714	4
11540931	11542167	1
5819634	5819631	2
9641407	9437649	4
6513659	6513660	2
3953415	3953416	1
2442281	2442282	1
7292981	7292998	1
7262301	7262302	2
2898643	2898644	2
11911575	11911576	6
8362148	8362145	1
716901	716731	5
3159134	3159133	5
11669837	11670600	1
1701448	1701451	1
6314608	5570778	1
6856610	6858091	2
5203147	5370265	2
7246043	7246044	1
7704071	7704177	2
1181218	1181217	1
1999557	1999558	3
11500554	11500553	1
4793005	4793006	1
3867836	3868554	2
11436257	8161816	3
7681604	7681685	1
11175530	11175529	2
12167345	12167348	1
893648	893647	2
3555549	3555087	3
3352918	3352968	1
11858383	11858384	1
10196705	10196706	1
2578024	2578021	1
11597648	11597645	2
9342990	9342886	1
1103388	1103501	3
8786204	8786212	4
2136053	2135961	3
2694195	2694236	1
7237918	7237913	1
3096230	3096229	1
3544307	3544308	2
7755656	7756666	1
9979567	9979611	1
2774408	2774407	2
12568179	12568180	1
10645680	10645679	2
3366008	3366007	1
4852087	4851628	3
5778067	5778068	3
2903625	2903626	1
1201677	1201678	1
10568487	10568488	1
3795539	3795540	1
6563756	6563755	1
9495996	9495980	2
12515025	12515033	3
2063813	2063814	1
12003612	12003609	2
8956717	8956718	2
6132817	1266414	3
10069087	7634839	1
7973640	7973642	3
1499044	1499043	3
10812563	10812549	3
2595392	2595391	2
3653156	3649567	2
2377188	2377777	1
5690315	5690318	2
7410588	7409147	5
6208183	6207988	2
3344704	3349758	1
5628350	5642724	1
7794507	7794508	3
9309647	9307126	3
10360738	10360733	2
695508	695507	2
5960838	5959096	1
5775972	5780789	1
4680296	4680295	1
6000456	6000455	3
8765221	7648210	1
9361712	9248842	1
307586	307608	1
10099197	10099198	2
9693986	9693959	1
646092	646061	1
11918699	12525003	4
7135066	7135065	2
11450624	11450635	3
5972160	5972159	1
7721980	5713329	1
8919168	5985813	1
11444345	11444346	3
4361048	4361045	2
10827687	10833348	2
6014953	6014954	1
5400353	5400356	1
11071607	11071641	3
5833428	5833425	3
4306391	4306392	4
11830216	11830215	2
2019887	2019888	2
10393911	10393912	6
9431442	9431441	1
10706507	10706508	1
7129699	7129700	3
3677575	3677580	1
5639222	11977372	2
5151056	5151053	1
1786694	1786693	4
7349819	7349820	1
3003823	3003824	1
7588071	7588072	2
331542	330982	1
1069059	3885807	5
6224487	6224488	3
7376691	7355014	1
5881331	5881319	2
3946085	3947298	1
7872614	7872609	2
2355236	2352639	1
6163483	6163594	1
8230401	8230361	1
1801384	1801523	2
11094790	11094789	3
11425375	11425380	2
5782810	5782807	1
10496194	10496193	2
3474580	3474579	2
11655063	5734259	1
9577397	9578105	2
7127297	7131349	8
3541156	3541155	1
5555604	5555603	1
11774385	11775670	3
11347551	11347554	2
3768190	3768189	2
8575300	8575211	1
8750682	8666172	3
2933530	2933109	1
2389342	2389713	2
5732704	5732703	4
2113071	2113213	2
6190780	6190779	1
1454838	1454835	1
5474610	5474609	2
4422541	7216006	3
711750	711749	1
11210820	11210819	2
12727028	12727027	2
11579042	11578952	2
3616005	3616010	1
11606200	7412095	2
8440463	8440458	1
6792989	11619936	1
4595060	4595059	3
797809	797810	2
1973924	1971871	1
6662273	6662278	1
2720103	2720104	1
5891307	5891308	2
7857347	7857348	1
2427203	2427204	2
5473764	5473763	2
10099977	10096990	2
4680084	4680620	1
4938088	4938083	1
5809765	5809766	1
7610227	7610403	2
5916280	5916211	2
3260926	3260925	1
3258084	3260910	2
10251978	10251977	2
4257197	4257200	1
1251631	1184263	1
2582997	2582998	1
3056267	3057194	1
11631235	11631236	1
10645678	2957975	3
11944563	11944564	2
1605842	11580015	1
6159769	6159727	1
5822499	5822502	1
8320940	8320937	1
5691533	5691536	1
11161400	11161393	1
10036495	10036496	7
1190590	1190589	1
12445858	12445857	2
4288324	4288376	1
1461468	1461395	6
4673932	4673929	1
6190780	6190777	1
5321442	5321490	1
951207	951210	6
8862107	8862108	1
6792483	6792590	3
5795609	5795610	2
4376051	4376052	5
207391	207392	4
10073849	10073850	2
5707267	5707268	1
8002165	8002166	1
2514268	2514267	1
12227846	5883407	1
4424789	4424821	3
1792888	1792887	1
5594255	5594843	1
290368	290371	1
3933522	3933521	2
3470523	3470518	3
1645397	1645398	1
1691137	1691370	1
6197864	6197373	2
5776676	5774026	2
9851100	9851099	3
5897493	5897494	1
8286398	8475269	1
4094092	4094087	2
3097462	3097461	4
955986	954844	1
4105117	4105118	3
10871376	10871375	2
7367435	7367436	4
8350657	8350609	1
3208230	3208227	1
10478627	10479989	2
8385981	8385984	2
5316802	5316801	2
9902344	9902330	4
4489429	4489430	1
1484011	8319240	1
11152316	11152420	1
5078393	5078396	2
5725088	5725087	1
5433843	5435041	2
6988373	6988376	2
3088482	3088481	4
11974481	11974577	6
7701586	7701585	1
9545566	9545719	3
4172877	4172878	1
6433082	6433081	1
3521390	3521389	4
5964331	5964332	2
10027151	10027149	1
5045658	5045655	2
6851475	5762191	2
4792365	4792366	3
809128	809127	1
9146883	9149372	3
7804020	7804017	2
5874025	5864911	1
10463525	10463515	2
2466952	2466951	1
12275663	12275664	1
11690271	11690272	2
3099599	3099600	2
11287837	11287838	4
1577960	1577969	4
2193654	2265232	1
7114813	7114814	1
8432249	8432114	1
11154712	11155702	2
808636	808819	1
11819054	11813796	1
7247675	7247705	3
8084009	8084014	1
6733506	5364590	1
6447369	6447372	1
9257380	11053827	1
8982734	7586181	3
10320010	10320009	1
11465715	11465219	2
5369754	5369753	4
1737747	1737748	1
12403793	12738096	2
2976561	2976566	1
9007521	9007522	1
1886357	1886364	3
11454085	11454086	2
10534017	10534018	1
4627600	4627597	2
10680380	10680377	2
829622	829621	3
6063371	6063372	2
8387730	8387968	1
6490093	6490094	2
42440	42439	2
4220873	4220874	4
9062709	9062704	1
2574897	2574904	1
12616008	12615911	5
9012042	9012041	1
6106277	6106264	1
10872139	10872140	1
7575485	7575468	1
6866596	6865506	2
2852120	2852119	1
12451500	12451499	4
7308124	7308200	1
2463659	2463660	5
5720069	5720070	1
3131021	3131022	2
5154348	5227775	1
8030603	8030604	1
3202426	3202198	3
1190172	1190185	1
4599500	4599499	2
11992153	11992156	3
9900603	9900604	1
2996811	2998769	4
6593417	6593460	1
8565548	8565545	2
4628205	4629333	4
3458579	5392615	3
2649636	2649635	1
11933074	11933069	1
1587557	1587560	2
825831	825434	2
1253510	1253591	1
8872526	8872510	1
11649639	11649640	1
11103705	11105042	3
8823246	8823245	2
2883704	2771572	1
11331683	11331686	1
7939796	7939799	2
3933520	3933519	2
8087941	8087942	3
5058142	5058139	1
395574	395573	4
8632445	8632396	1
7761818	7759427	2
5430527	5430528	5
80320	80319	4
1042308	1042320	2
5864432	5864431	2
317864	317863	1
12432057	12432076	1
2347844	2347843	4
2765587	2765588	1
6266629	6266630	1
7290532	7290531	6
1360926	1360925	5
4803625	4803571	2
10922899	10927836	1
2941757	2943909	1
6867891	6867985	1
6769014	6768922	5
842101	842102	1
6632037	6632038	1
1436418	1438750	1
2375227	2375123	5
12664793	12666005	2
5814821	5814827	4
537267	539446	2
8842325	8843929	1
2829690	2829689	2
4557454	4557453	4
1749108	1746557	1
3577726	3571825	1
12018443	12018438	2
11595774	11596352	3
10909912	10909911	2
10671593	10671652	1
7873794	7873791	4
1804612	1802212	1
5092050	5089749	2
8390902	8366979	1
6537671	6537672	1
3593496	3593493	2
5809890	5809889	3
12650018	12650015	1
106788	106742	1
11789725	11789726	6
683142	683141	1
8281707	8281708	1
12250814	12050887	3
162226	162225	3
3214395	3214396	1
5410224	5410223	1
2340127	2340128	4
4089632	4091442	3
11408053	11407708	3
3870497	3870545	1
127572	127571	1
12138498	12132950	1
1030842	1030839	1
11255753	11255754	2
10529357	10529358	1
6448944	6448947	1
3687074	3687073	5
12337527	12338250	2
7633895	10049300	2
5879094	5879093	3
10903506	9993486	2
9461926	9461893	2
3904915	3904918	2
5896307	5897594	1
5248682	5251528	4
12325026	12521749	1
8205496	8205495	1
2798016	2798015	2
5555606	5555605	1
10905908	10905907	1
92698	92697	2
11393404	11393389	6
8021470	8021469	2
4240972	4240971	2
893382	893381	1
9558822	9555787	1
4703735	4703738	2
7468042	7468056	3
7819303	7819279	2
5796866	5795894	1
6203109	6202795	1
552306	708887	5
2870701	2870702	6
10222326	9386057	1
5914331	5914332	1
5270240	5270233	2
12191923	12191924	1
3550029	3550030	1
9058726	9035695	1
11624977	11625177	2
4374561	4374562	1
4357235	4357290	2
12757584	12757590	5
3046903	3046904	1
8236009	8236012	1
4729441	7421145	3
9911904	9911899	1
1729682	1729681	1
4231114	4231093	2
10910548	10910547	2
525843	525844	2
9772073	9774017	1
2162943	2162946	1
1830770	1830769	1
703025	703026	4
8649991	8648241	2
10764711	10757599	1
9543487	9543488	1
2369881	2369882	3
8185162	8185161	3
5926400	5926399	2
1793590	1793587	3
8493444	8493443	1
10576287	10576233	1
9613764	9613770	3
4065078	4065077	2
6249245	6249248	2
12391804	12391803	2
8721851	8714458	2
6742410	6742409	3
246324	2170200	1
8352273	8352274	2
10937363	10937364	3
79876	79615	1
2360549	2360765	2
10999207	10999212	3
7825214	7825211	1
7603689	11594059	1
6545372	6545367	1
777520	777519	2
11102833	11102834	1
1271509	8433205	2
387229	387230	1
2887321	2887335	1
5576971	5577753	4
4748062	4746575	2
7078328	7078327	4
9674111	9672825	2
9134204	9966526	1
11747812	3917597	1
8357784	8357783	1
1571741	1571742	1
12625074	6527348	1
11589307	11589308	8
11089202	11089199	2
12121925	12121926	2
6112033	5920655	3
9750364	9750322	1
11895786	11895789	2
881210	881209	4
10797534	10797544	5
1129852	1129578	2
2372540	2372501	2
4136665	4136666	1
12565129	12771081	2
7434842	7434845	1
2969069	2970972	1
4011314	4011313	1
9640747	9640748	5
12684232	12684231	2
3368401	3368402	2
5639365	5638634	2
5670459	5670460	1
3719487	3719596	2
5237624	5237600	3
7632235	7632181	1
1996438	1996437	2
5938220	5938219	6
6522823	6522824	1
7751891	7751933	1
5635886	5635885	4
9722518	9672196	3
9446281	9446282	3
5986427	5986392	1
12687922	12687924	1
7919841	7920234	1
6230260	6230257	1
8478004	8478003	1
8201775	8201776	2
8197983	8197092	1
12379502	12379501	2
2443397	2443398	4
5089989	5090002	1
922163	923403	1
2877773	2877774	3
435565	435112	1
8067127	8067130	1
7082571	7082572	2
496592	496591	1
12429564	12429563	1
10152280	10152279	1
6859203	6858780	2
1835011	1835012	2
3258171	3258174	2
7549212	7550558	1
7686045	7686046	1
7705485	7705486	4
3766453	3766419	4
8216185	8216186	2
12486341	12486345	2
11081131	11081132	1
2021659	2021660	1
2368425	2368430	1
598967	599052	1
11002705	10998653	1
5846568	5846541	1
3716869	3716870	1
5891484	12181488	1
9098403	9098404	1
6029884	6029811	1
151440	150862	2
9578469	9578470	1
3320424	3320505	2
6489020	6489019	1
4417846	4417845	1
9108766	9108761	3
11702844	1967910	2
7012736	7014315	1
10853114	10853113	2
5117792	5117767	3
8665814	8665813	2
3015347	3015118	1
1314421	1290159	1
9328890	9328889	1
9552494	9552493	1
8087040	8087039	3
5045022	5045026	2
1747061	1747062	3
7000507	7000516	3
9062645	9143794	3
2883900	2883899	2
2690496	2690495	3
10721110	10721107	1
8419380	8419379	4
7810357	7806132	1
4305065	4305058	3
391207	510340	1
6944155	6944156	2
3105875	3105878	1
12422381	12422363	1
9904802	9904801	3
9643130	9643146	1
9927835	9927832	2
7941879	7941880	1
9908459	9908460	3
9384825	9384465	1
6365430	11703951	2
3328213	3328214	2
12425451	12425452	8
1075003	1075513	3
1835528	1835510	2
6860003	6860056	2
4714912	4714909	1
1043627	1043603	2
4001666	3977938	1
7739047	7739048	2
10929588	10929600	2
4547033	4547036	1
5162076	5162075	1
6044831	6043843	3
9081023	9081024	1
11099115	11099363	1
6858055	6866949	1
734424	612881	1
5594351	5593857	1
8682628	8661465	1
8001312	8001311	5
5238315	5237974	1
7794507	7794510	1
1036981	1037357	1
11804999	11805041	1
6096828	6096827	3
7809081	7809082	2
9094210	9094207	1
10237161	10237162	1
11639222	11639221	1
8572094	8572540	3
12204230	12204229	2
7228126	7737672	2
8990663	8990668	2
7110241	7418153	1
7176453	7176454	1
965445	971479	2
1921444	1921455	1
11341346	11341345	1
4623449	4623450	3
11472092	11472091	6
3510792	3510645	1
11987174	11987173	3
1323796	1323795	3
10251655	10251656	1
8262359	8262360	2
7938835	7938838	6
5104030	5104029	2
4113115	4113116	1
11475247	11474072	1
3913330	3913420	1
10458594	10458597	2
665183	665184	3
6259535	6259536	1
3964000	3963999	3
8040718	8040659	2
10675668	10675667	2
3302015	3301999	2
2848108	2848105	1
11726321	11726322	2
3803327	3803328	3
1241759	1241715	1
7555405	7555406	1
3609451	3609452	2
7531941	7531942	4
2960613	2960614	3
5524192	6473707	1
5490069	5490070	1
11911577	11911578	7
11830229	11830230	1
4653979	4653980	2
5321987	5321988	1
6691365	6691366	6
11010695	10956817	1
3062399	3062400	2
2321048	2321047	2
8370688	6206232	3
11277182	11277162	1
1930553	1930554	3
9285681	9285686	1
11167743	11167744	3
6930520	6930580	3
11731217	11731218	1
212051	212052	1
8660306	8660305	3
12740312	12740311	6
10580471	10580466	2
2781690	2781716	1
6202250	6202249	4
3391728	3392248	1
6468036	6468035	1
5478859	5478843	2
11205561	11205562	1
12432075	12432076	3
7139398	7139397	2
8049377	8049477	1
7606994	7606579	1
9578439	9578243	1
5018986	5018973	1
1784251	1784581	1
7465861	7465862	1
5618376	5618375	5
6712769	6712770	1
4449811	4449812	2
9422218	9422217	1
10799894	10799889	1
7613849	7613850	1
593988	593987	1
4680922	4680917	3
4248059	4248060	1
669666	669805	1
687070	687069	1
2370979	2371332	3
10909914	10909913	3
3362965	3362966	2
2267719	2267720	4
1078676	1078919	2
1874726	1874725	1
741143	741144	2
6171666	6171665	1
8863536	8893010	1
921676	921675	1
3194753	3193370	1
7022697	7022698	3
1365085	1365086	2
5957487	5957496	2
11278790	11278789	1
8203022	993697	2
1698784	1698783	9
6002154	6002153	1
11738368	11726861	1
9646484	9646483	2
9103682	9103679	2
890711	890712	2
1142521	1142524	1
9142636	9142683	1
4654353	4654354	3
3398085	3397943	1
4258851	4258852	1
3276500	3276499	2
681195	681498	1
8107279	8107280	2
1068388	1068345	2
4635802	8267035	1
4166042	4166024	2
10091740	10091887	1
5757770	5757816	2
2653103	2653104	1
7920629	7920630	3
6183630	6184407	1
9492768	9492765	4
9786552	9784192	1
6213405	6213402	1
10062276	10062273	1
5560087	5560088	1
2067785	2067788	1
8016640	8016639	2
8369905	3157157	3
5949735	5949738	3
10979049	10979050	3
2785007	2784863	1
2928535	2928536	1
1049365	1049366	2
12378178	12378177	1
3255279	3253319	4
5052673	5052429	2
2797629	9868423	3
9816707	9816708	2
2478998	2478993	2
2908512	2908511	1
5709457	5709460	2
2774942	2776935	1
1172388	1172387	3
1560681	1560682	4
5695298	5695296	1
5816644	5816643	1
1241550	1241549	1
9566979	9566980	1
1249368	6023120	3
11288060	11287724	3
2513107	2513108	2
7171216	7171215	3
3316039	3316040	4
3217186	3217185	1
366761	366747	1
12466268	12466267	2
633612	668451	1
6740089	6740090	1
5665418	5667279	2
12785474	12785473	4
4007868	4007867	2
2850555	2850665	2
4315153	4315513	1
19179	19180	4
2800574	2800573	1
2544304	2544303	1
5893236	5893537	5
255109	10277613	1
7427759	7427760	5
11720612	11720642	3
3902243	3902150	1
8375553	8375554	2
2973673	2973674	5
5003767	5003768	4
6911808	6911807	4
9047565	9047566	3
2351127	2351128	2
263004	263003	1
12442848	12442845	1
6694966	6694442	3
1824160	1824080	2
2457997	2470965	2
1122815	1122816	1
374020	374019	3
7681680	7681679	2
12757180	12757179	2
1188409	1188462	8
1786694	1786691	2
2653748	2653747	3
2881096	2881095	2
10638236	10639003	3
1034022	991884	4
9312668	9312667	4
3285588	3285587	2
7873794	7873793	1
1886953	1886954	2
3506476	3506404	1
5286273	5286274	2
1901085	1901086	1
5513772	5513771	4
756669	756750	2
10206677	10206684	1
705080	705079	1
8541569	8157668	1
2674650	2681638	4
11757971	11757972	3
2907312	2908429	1
9967253	9967254	1
12538519	12538520	1
5250382	5251947	1
7798758	7798757	2
1509510	1363578	3
1232843	1232844	4
4089131	4089132	3
9712055	9712056	3
4301352	4301349	1
5801928	5801927	1
1343110	6460409	2
759420	6521820	2
12226653	12226693	3
2257669	2257670	5
4392694	4392693	1
7915494	7915493	1
11352365	11352366	2
6696342	6696339	5
9856586	9632960	2
2657643	2657644	1
7823314	10172811	1
3488502	3488501	5
11241583	11239355	4
10987115	10987116	1
10984782	10984781	1
7848907	7848908	2
710555	660158	1
8320882	8320881	2
11539045	11539056	3
5512976	5512973	2
5526280	5526277	3
11415614	11415837	1
10999860	10999517	1
4449786	4449789	1
2893996	2893839	3
8095461	8096373	3
12173748	12173745	1
2721319	2721225	2
5438886	5438876	3
2853560	2853559	4
963480	963507	1
6190532	6190531	1
2148549	2148550	1
4919657	4919658	1
569859	569860	1
11186350	11187238	3
8773632	4127566	1
5949503	5949504	2
6110389	6110390	2
8250812	8251962	1
10910765	10910766	2
7395327	7395328	2
8469331	8469332	1
2854195	12553319	1
2649427	2650644	1
537265	539446	1
8986454	8986456	1
9978281	9978282	1
6775127	6775383	1
8879710	8876867	7
2770282	2770281	3
4719846	4720017	3
9841484	9841483	4
10065011	10064990	2
3596103	3596106	3
608130	617247	1
11080955	11080956	1
2088995	2088702	2
8214844	8214843	1
2888518	2888515	1
8012776	8012775	3
5074910	5074909	6
11421982	11421981	1
8540648	6156418	1
12435489	12434846	4
11930703	11930742	1
2997039	2997040	3
2283407	2283429	1
12397571	12397584	1
1241293	1114797	2
6708890	6711179	1
11422765	11422814	1
2719831	2719832	2
3973187	3973188	3
8455905	8455906	4
5629822	11762550	1
5633174	5633118	1
6757817	6757818	2
4306410	4306409	1
11741752	11741749	2
7051996	9742262	2
3201150	3201169	4
3866523	3866524	2
777300	777299	2
5959783	5959784	1
9327573	9327574	3
3932774	3931968	4
2666036	2666035	2
9392887	9392890	6
10910881	10910873	3
11335533	11335536	2
5122173	5122174	1
3698925	3698935	1
5796412	5796411	6
645679	645680	3
12353934	12354686	1
7884905	7884070	2
10903495	10881515	2
6014624	6014619	2
11360259	11360511	1
9806287	9806279	4
3729446	3729445	3
11730995	11730996	3
6412118	6412117	2
7404942	7404941	2
93132	93131	3
3992933	3992934	1
6261057	6261048	1
5730577	5730991	1
7762014	7762013	2
3239090	3239487	1
1486661	1486662	3
11498202	11499289	1
4008888	4008896	1
1883155	1883156	7
3232868	3232867	5
4060764	4062643	3
6112358	1702208	1
11868766	11870215	1
1563854	1563853	1
6281596	6281595	5
6208789	6208778	2
12656488	12656487	4
3747865	3747059	2
11125568	11125567	1
4547678	4547657	1
9139353	9139354	2
7966713	7966714	4
4163859	4163862	1
11343650	11347618	8
2338368	2338367	2
6439603	6439613	2
11100535	11100789	1
3272176	3272175	3
5592224	5592223	2
12612551	12612221	5
405775	12384838	1
3889804	1288508	2
8667085	8674728	1
6104201	6104202	1
4841142	4841141	4
5355359	5355744	2
12796958	12796216	1
4955627	4955733	1
11851951	11851952	2
5760724	5760723	3
986276	986275	1
12337526	12335644	2
11480157	11481690	1
10399150	10400096	1
5928327	5928328	4
1935744	1935743	2
7175456	7175427	1
5882509	5877182	2
5087051	5087052	1
12279632	12279631	1
7659767	7658916	1
12488930	12488929	1
12201229	12201230	1
6828833	6828834	1
3376760	3376757	2
1636259	1636260	2
7808511	7808512	1
1602695	1602698	1
9077926	9077766	2
10648421	10648427	6
5906727	5906728	2
10437734	10437903	2
5884502	5884412	3
11568354	11560893	1
7758906	7758905	1
6682308	6682307	3
163220	163227	1
6209888	1630228	4
7844007	7844008	2
5088660	5088659	1
1652638	1652230	6
7407903	7405948	2
8205931	8205932	1
2107826	2107823	1
2922907	2922908	1
1637756	1637755	5
3529379	3529380	3
12632967	12632968	2
2167889	2167874	3
3341181	3341182	3
3626970	5391108	1
2349785	2355090	1
1992758	1992757	2
1236179	1236227	1
11965335	11990955	1
2268066	2268065	1
457071	457072	1
9635061	9638425	1
5923580	5923579	1
11631007	11631008	3
7836255	7836201	3
12131115	12131119	1
12779518	12783428	1
11747874	11749064	2
2370413	2371550	1
10196045	10196417	3
4031925	4031926	4
342210	342207	1
12339054	12336384	2
5722833	5722834	3
7967606	7967602	2
11943867	11943834	1
4045496	4045199	3
3871239	3871242	1
8670806	8670805	1
7696996	7696995	1
6512254	6512253	3
2614439	2614440	1
6441628	6441627	1
3833226	3833225	1
1983150	1983149	2
345904	345903	3
9187480	9187451	2
4703739	4703740	3
8881613	8880614	2
862786	862785	3
10097378	10097375	1
2319785	2319786	3
8393076	8393075	2
4029123	4029113	1
8847086	8847083	2
1777862	1777859	1
735966	735965	1
10206467	10206712	1
8128738	8128754	2
11614451	11614454	2
11563422	11563421	4
8942153	8942154	1
217886	205747	1
10505154	10505149	1
2775339	2775584	2
2506141	2506136	1
11366444	11366776	1
1949968	1949967	3
6330419	6330420	2
3907580	3907579	2
10614960	10614312	1
7533674	7533678	3
5481523	5481524	1
1945928	1945927	3
2954375	2954380	3
4955627	4955735	2
10081065	10081066	1
10330194	10337155	4
4255868	4255774	1
4566478	4566481	1
9172074	9172073	1
5359669	5359702	1
3033659	4361301	2
5765714	5765713	2
11360257	11360258	1
270425	270426	5
3641919	3641920	2
8226890	11651935	1
5532551	5532552	4
6617579	6617580	1
4698500	4698497	1
822156	822155	3
2024265	2024266	4
2314025	2314048	1
4573346	4573343	2
5327923	5327924	1
11536728	11536727	1
5260118	5258683	2
414922	414919	1
2260077	2260078	2
3277124	3277123	2
8084015	8084088	1
11777034	11777033	3
8455903	8455904	4
3208077	3208078	2
11647609	11627571	1
3808015	3808010	1
5777019	5777020	2
3331775	3331776	5
1093735	1318849	3
10992374	10992371	1
10120277	10120175	1
8045894	8045893	3
4687805	4687806	3
5798616	5798615	5
9527289	9527293	1
3558801	3558802	2
11872096	11872088	2
10123518	10123517	2
12773178	809513	5
12289850	12289847	4
11179829	11181122	2
9890548	9890572	1
1969635	1969636	3
12515352	12514621	2
2181423	2187241	3
4875373	4875374	3
6673682	6673679	2
2436911	2438262	1
11571916	11571343	1
9509171	9509172	1
5253231	5253232	4
1977460	3859899	4
5782907	5782945	3
10069461	10069563	2
11767724	11767716	1
12016315	12016316	1
4419428	4419427	4
4081489	4081490	3
3041605	3040923	2
809728	809725	6
5250649	5250646	1
646819	646820	2
6560018	11761268	1
7123156	7123155	1
2488398	12559023	1
6735270	6732666	1
2905201	2905440	2
7463808	7463797	1
5292328	5292322	1
11611429	11611430	1
4132417	4132418	2
8623227	8623228	2
9465805	9466101	1
4491870	4614942	1
4532841	4532812	3
5581636	5581635	3
5516643	5515340	1
6296378	6296956	2
11872189	11872190	1
6643620	6643619	1
8212238	8212235	1
9028437	9028438	1
7699970	7700511	3
3318047	3318052	1
5592997	5592998	2
786730	786729	1
10277439	10277440	2
2955562	2955561	4
8880770	8880767	1
10162155	10161280	3
12799470	12799512	2
2866628	2866625	1
4614411	4614459	1
4673933	4673934	1
859269	853866	2
6513590	6513589	2
10992191	10998201	1
1664184	1665474	1
11991661	11991662	1
3328176	3328175	1
3746126	3746125	1
6951293	6951294	1
11817161	11817154	2
6864791	6864792	1
4525053	4525054	2
4703456	4703128	2
3599138	3599689	2
11459197	11459200	2
1797518	1797515	1
10983954	10983951	1
4746079	4746080	2
6367938	6367937	4
6435529	6435524	1
11579928	11580015	2
12448886	12448885	4
11408136	11408114	4
9470730	9470729	2
7320831	7320832	4
12462910	12462909	2
10798779	10798625	4
4178202	4178201	2
7034447	7063988	4
1198146	1198152	4
8439899	8439846	5
1004081	1004082	3
8829199	8829200	2
8684532	8684531	1
7025343	7025344	3
12361010	12361009	1
3721233	3720555	1
121474	122323	1
8434613	8434614	1
3200855	3200856	5
5881320	5881319	1
913387	916080	1
1467090	1467102	2
2421973	2422149	1
10120259	5713052	1
8418702	8419829	1
3927703	3927708	1
2830279	2830280	2
3977727	4073159	2
10104046	10104045	3
3062401	3062402	1
3880906	3880905	3
11258962	11258656	1
10274011	10274012	1
1404587	1404597	2
7658876	7658871	2
10887435	10887436	4
1111512	1111526	1
2459808	2459794	1
10260876	10260851	1
10298080	10298087	1
6173487	6173488	4
3618887	3618888	3
10436730	10436729	2
39409	39410	3
9437902	9437741	1
5826280	5826279	1
10291834	10291833	1
1613686	1613689	1
646092	646059	1
4054593	4054594	1
8441198	8441143	3
4141794	4141793	3
5249949	5256283	1
11480078	5880110	4
9332219	9332213	1
7550780	7550779	3
3929854	3929853	3
10472609	10472610	3
8995537	9009985	1
961381	964496	2
1290951	1290875	3
6377713	6377714	1
11621770	12813783	5
10389044	10389041	7
10256664	10256663	6
6623980	6623983	1
7453242	7453241	3
11674381	11674382	2
6855969	6855970	1
3041102	3041243	1
7428758	7428761	1
6096830	6096829	5
7325884	7325883	3
9530985	9530988	2
759990	759993	1
8472400	8472399	1
8249541	8249546	1
3194679	3194680	2
3692267	3692268	4
2278590	2278589	1
585872	585869	1
5896361	5896399	1
12054817	12054818	4
10692430	10692429	1
5267012	5267011	1
8031476	8031452	1
10694891	10694894	1
9480647	3147423	1
6755950	6755949	2
10006595	11997769	4
9247937	9247938	1
4926988	4926987	5
3956594	3956593	4
6654051	1732859	3
283443	284208	1
5640031	5640086	2
530740	536050	3
1942172	1942171	3
6700174	6702396	1
10093133	10092472	3
5175871	5175872	1
7217957	7217958	4
1288915	1296075	2
8432924	8432923	2
7774144	7774177	1
7163828	7163827	3
6308789	6308781	3
5214996	5215299	5
1188304	1062776	1
1021637	1021652	1
1905006	1905005	4
6764684	6764683	2
3787275	3787276	2
5016479	5016480	2
6828638	9533354	1
8529279	8529280	2
2076218	2076217	5
156989	151515	1
12378604	12378603	2
7697044	7697477	1
1874995	1929703	1
8065701	8065702	2
7563180	7563179	1
7228128	7228127	4
11339859	11339860	1
7818800	7818770	1
11939777	10832643	2
4616871	4616872	3
11871602	11871599	5
11341441	11341442	4
8811218	8811215	1
7609538	7609537	2
8465981	8465982	1
1659649	1659650	2
7901777	7901780	1
1118859	1118864	5
194161	194014	1
996494	996585	1
9293140	9293139	1
10548438	10548437	1
9375251	9375252	1
11876100	11876120	1
6678187	6678190	2
3490140	8148331	1
404150	404149	3
8535809	8534503	1
738208	738830	2
1652860	1651183	3
6482015	6482016	2
12684712	12686728	1
2137872	2137871	2
5536946	5536501	6
2682263	2677929	2
1612832	1612831	1
7730780	7730779	2
4697660	4698066	2
9558530	9555984	2
8152441	8152442	1
6105134	6105133	5
7465434	7465438	1
5838273	5834987	2
8989512	8989511	4
9831005	9831006	1
4828564	9103236	2
7948219	7948222	3
9683440	9683372	1
3749507	3749508	2
8313891	8313892	3
6165789	6180256	1
6266297	6266298	3
10243226	10243225	1
3135661	3135662	2
12749277	12749278	1
5905866	5905865	1
2830524	2830523	1
7721980	12625005	1
8810591	8810592	1
7410864	7410861	1
7541769	7541770	2
11752263	11752256	1
11163361	11163362	2
6204559	6204560	1
10745019	10740675	1
8289289	8284181	1
12125102	12125101	2
12448852	2935896	3
5794834	5794833	4
11967749	11967750	1
4024143	1450565	1
2641921	2641924	1
12457597	12457600	1
5545910	5545925	3
8317322	8317321	1
4250115	4250116	2
307118	307117	7
6173709	6173710	5
5158091	6110617	1
6150038	6150037	3
6772437	6772438	2
4826848	4826847	4
6521812	6521811	4
12163624	12164101	1
6192860	6192859	1
11965484	11965483	1
11929960	11929976	5
8799679	8799578	2
4786410	4786409	2
7835721	11716904	1
12129708	12129755	1
2879987	2879988	4
5940400	5940150	3
3105247	3004602	3
1673100	1673099	2
4828333	4828334	2
1254353	1252523	2
4544837	4544842	1
2044656	2044655	1
4472400	4472487	1
4776303	4776304	6
7346328	7346327	1
3918291	3918292	2
7290530	7290529	4
11935769	11935770	1
2656102	2656101	3
7763070	7763067	1
7677498	7677386	1
4344584	4344583	2
10773768	10773767	2
11874589	11874590	3
6532242	6530615	2
3589418	3589417	3
5936576	5936573	5
2079992	223023	1
4054863	4054864	4
3670922	3668769	2
11092412	10664103	2
2808945	2797774	1
6168928	6168927	2
6038087	6038088	3
9770197	9772136	3
3943555	3943556	3
5498503	5498730	1
2330164	2334809	3
11938343	11938344	2
2583023	2583020	1
4865698	4865695	3
11544168	11543458	1
4241246	4228279	1
286233	286234	2
5502010	5502009	4
244285	242908	2
601364	601363	1
4473196	4473195	2
2356017	2356018	3
815762	815761	1
5047979	5047749	1
9707770	9707769	1
9252565	9252566	1
612887	612871	1
2257522	2257521	1
11069197	11069198	1
8666514	8666532	4
5067645	5067646	2
3506101	3506102	1
2624282	8635943	3
241731	242102	2
6839505	6839334	1
2668215	2663260	4
6059534	6059533	1
4226576	4226573	4
10439011	10438751	1
8031566	8031546	1
9506115	9506116	3
10062401	10062426	1
1906381	1915962	1
8016638	8016637	2
9879859	9879860	2
201263	201650	7
8781063	8781064	1
10600807	10600810	1
148105	148106	1
6337242	6337241	1
5711138	5710521	2
3010	3009	2
10838121	10838722	1
1772666	1772700	1
7154993	7154711	1
8044155	8042276	4
8954915	8954916	2
1392988	3889505	2
9440869	9440870	1
11968975	11968976	2
9090316	9090315	1
11602333	11602334	1
8895774	8896977	4
435810	435807	2
3257364	3257367	1
6523414	6523751	1
11261092	11261091	1
6056949	6056952	1
5147000	5146999	2
2845562	2845561	1
2536804	2536803	1
8342872	8342867	1
6193394	8816932	1
3276553	3276554	4
9112393	9112394	1
4808735	4808736	6
7169298	7169295	1
10271185	10271186	3
3516981	3516982	2
6025014	6025013	3
6421860	6421859	2
11328609	11328610	2
9775700	9775752	3
9717548	9717547	3
12298576	12298575	2
11187452	11187449	2
5882495	5882496	1
12337944	12337943	1
8692572	8692268	1
1330091	1330092	3
3550417	3550418	3
2227270	2227267	2
8229381	8229382	1
10895674	10896321	1
4001242	4002357	2
8854920	8854919	1
4645705	4645708	1
10879876	7533541	1
9925955	1742863	1
7315809	7315810	2
2365756	2365751	1
11484071	11484072	2
3471591	3477340	1
6757425	6757449	1
7294559	7294536	4
9268752	9268751	2
10341080	10341077	1
295357	277889	2
10057520	4647944	1
7834433	7834429	1
1694668	1694667	2
9579160	9579159	7
10316595	10316700	1
7753476	7753475	6
12182373	12182374	2
8060166	8060163	1
8640866	8642090	1
1919989	1919990	1
7235157	7235158	1
946274	946147	1
2607257	2607276	3
5878669	5878676	1
2965751	2965764	1
12033282	12033261	2
4082270	4081971	2
1043367	1043368	5
5588989	5588990	2
7433693	7435692	3
1637758	1637757	7
10278647	10277613	3
10981630	10981629	2
6394677	6394678	2
3761972	3720318	6
11042337	11042334	1
1975845	1975850	1
1167999	1169094	2
6447634	6447633	2
10976718	10976717	1
2045973	2045974	8
12482312	12482311	2
6147067	6147068	1
6452716	896696	3
10985432	10987116	2
6082055	6082056	2
7826172	7826171	3
4041456	4041455	1
5995532	5972898	4
3131019	3131022	1
2428952	2428951	1
10235677	10235678	2
4306500	4306308	1
11181040	11181053	3
10195632	10195939	2
3788101	3788135	6
3877117	3877181	1
3269785	3269788	2
4912004	4912003	2
864483	863214	2
2446061	2446062	4
9820332	9820343	5
10463558	10463557	3
8451703	8451704	1
9000498	9000497	2
8345186	8345185	2
5972737	5972917	1
3517701	3515403	1
1832134	1832133	2
818644	818511	4
8106182	8110126	1
1797252	1797251	1
6612053	6612054	2
3692814	3692811	2
4606727	4603813	2
11392337	11392324	2
10101376	10101375	2
2713993	2714009	2
1720	1717	2
6723113	6723114	2
3496322	3496321	1
1771535	1771536	2
5992160	5992159	1
3510794	3510645	3
7112643	7112644	3
4200968	4200967	2
7300547	7300532	4
5106112	5109737	3
11211557	11211558	1
10797196	10797192	1
4788921	4788922	4
2158246	2158245	2
8269173	8269174	4
6813956	6596680	1
5961895	5961896	3
10225181	10225182	2
506209	506210	7
10073701	10073848	2
10134945	10134732	2
792848	792845	3
357472	357471	1
10221579	10221586	1
1083890	1292169	1
10663163	10663164	1
7199351	7199352	2
8087941	8087944	1
9817347	9816360	1
9444161	9444164	1
5290147	5289769	1
2512606	9711269	2
9605408	9605407	3
3081429	3081430	3
2336641	2336623	1
3494111	8003758	1
676559	676560	1
1301766	1298820	2
1696507	1696785	2
1987206	1987205	3
1184563	1184564	2
11207409	11207405	1
7524824	7524823	3
11203627	11206139	1
5773925	5773926	5
11504210	11493842	2
7335473	7335474	3
5735213	5735214	1
11504374	11504352	1
12001921	10093039	1
669802	669801	1
7594826	7594823	1
2308358	2308357	1
5460334	5460235	2
7182501	7182585	1
10131550	10131549	4
11742898	11742897	1
9500482	9500481	1
9762557	9762560	1
9289535	9289536	1
2330260	2330259	1
2742560	2107032	6
11629305	11629110	10
2189396	2189411	3
2591228	2591227	1
1198343	1198410	3
2771621	2771622	1
1452568	6712399	1
602739	602740	1
1140202	1144735	1
162224	1351285	1
2659302	2659301	3
6161649	6161650	4
6031232	9694492	1
7172982	7172981	4
11804202	11787945	2
3928901	3901544	1
7519161	7524825	3
7402146	7402143	1
12616110	12617111	2
6515647	6515887	1
942689	942690	5
8324063	8324064	1
7263460	4985122	2
6123357	6123358	2
5271068	5271063	1
5278324	5278323	4
11193311	11193312	1
12145923	12133905	2
6342241	6342242	1
4084526	4084175	2
6316417	5569949	1
6816138	6816355	1
564862	564861	2
10663168	10663167	3
10460213	10460216	1
11827372	11859012	3
6364155	6364158	3
7079084	7079083	3
12232688	12232687	3
9112080	9112079	1
3603925	3603926	3
12796890	12794817	1
7700084	7700080	1
7993408	7993407	2
6804984	6803309	5
12442686	12440526	2
9675784	9675783	3
9621962	9620552	1
11931867	11914635	4
10393909	10393910	5
11667228	11667227	1
11597843	11597872	4
7941363	7941364	3
12759628	12759768	4
600855	600856	4
4856798	4856797	1
8186784	8186783	1
5521364	5523147	1
2074334	2074333	1
2090031	2088927	2
8784595	8785072	3
32643	7306928	1
7060995	7060996	2
4198838	4198837	1
2096620	2096619	2
5336001	5246329	2
10401103	10400403	4
5206915	5368980	2
1799423	1799428	3
446330	446327	3
7363519	7363520	2
2082112	2082137	1
3097335	3097547	1
5571629	5571640	3
2449519	2449197	1
6923048	7251430	2
11675632	11674734	1
8306548	8306533	2
4381678	4381677	3
3050502	3050501	1
4731230	4731227	1
1995537	1995542	1
7817363	7817364	4
12663686	12663685	3
11002267	11002281	2
948465	948468	1
5813695	5813696	1
5781058	5781117	1
3735513	3735514	1
6012413	6012624	2
11671558	11671557	1
8673520	8673519	1
2952449	3020143	2
1927616	1927615	1
1413603	1413604	5
5974978	5975019	4
6741670	6741669	1
5286511	5286512	1
11804997	11804998	3
12206780	12206779	1
2562835	2562094	3
12371348	12371347	2
419177	353131	1
8104060	8102643	2
6126958	6126994	2
8466166	8466271	1
10996517	10996506	1
5987521	5987522	1
9531994	9533701	2
7916370	7916369	1
1587209	1587210	2
6044056	6043436	1
3633571	3633784	2
3301195	3301196	1
12512405	12512406	2
4064197	4064433	3
5642594	6314925	2
10066724	10066065	1
9104708	7132649	1
10971720	10971717	2
611928	4286965	1
10793041	10792737	3
5758967	5758968	1
7725138	7725135	1
807655	807658	1
9339880	9339847	2
2900371	2900374	2
3352969	3352919	1
5802804	5782390	1
6784186	6784185	3
11703007	11703008	1
505693	505495	2
7914284	7993035	1
5967676	5967675	1
5701301	5701306	1
4047422	4047403	1
1877970	1877969	3
3680667	3680668	3
4261261	4261262	5
10274035	10269050	5
3702544	3702543	3
2956892	2955820	2
12385638	12385637	4
6561903	6561904	1
5655255	5655256	4
8375744	8375741	1
1067354	1067353	1
11157754	11157753	2
2246163	2246160	1
7383716	4790527	8
3797335	3797336	2
4344267	2627148	3
5910916	5910915	3
6465231	5564575	1
3107294	3107289	1
2234578	2234575	1
6174797	6174798	1
9508698	9510508	4
3298377	3298378	1
8317365	8317410	1
2296817	10805757	5
10761058	10761057	2
11231909	11231903	1
8227669	8227672	1
11502407	11502435	2
5311684	5311683	1
8419380	8419375	2
9984038	9984037	2
811970	811969	1
10299881	10299882	2
3936888	3936887	4
8655107	8655108	1
753152	753147	1
4141623	4141624	1
2838603	2838604	2
6026036	6026005	1
6091713	6092087	1
641055	641056	2
2418205	2418191	1
588436	951813	1
8300464	8300463	1
6184288	1506222	4
9969647	9969677	3
8791734	8789174	1
5174376	5174367	1
12037635	12037636	1
7854848	7854847	3
5601230	5601229	5
10065630	10065629	2
8287523	8289180	2
7669205	7669594	2
1202667	1202668	2
9310127	6839558	2
97926	97925	1
9913807	9914815	1
11916960	11916959	2
435538	435524	1
8320942	8320941	1
2004263	2004022	1
7362859	7369276	1
4444040	4444039	2
3470904	3470901	1
10281995	10281996	2
1453094	1453093	1
12004115	12004116	1
820868	820867	4
4143777	4143778	3
7739097	7739098	3
10323552	10323549	3
6100699	6100702	2
6662266	6657865	2
11461670	11461669	4
1499060	1499045	2
1365083	1365084	2
8672709	8672710	3
10183720	10183844	1
11540900	11541126	3
2323088	2323087	3
4771031	4771032	1
3358384	3358365	3
10166642	10166641	2
10085674	10085204	3
4623487	4623488	2
2391346	2391345	2
6550678	6550672	2
12618778	12618777	3
10310560	10310557	3
888049	888050	3
1801430	11699313	1
7204800	7204799	1
6244730	6242013	2
7034649	7034775	1
11701692	11701691	1
4368894	4368893	1
5926394	5926383	6
11461739	4173080	2
9068204	9068203	3
4636851	4636251	4
4792124	4792123	3
7532285	7532286	1
1699597	1699598	3
8236545	8236549	1
1216245	3671770	1
6499185	1165308	1
6430267	6430268	1
1334680	1334679	1
2482519	2482520	8
355948	355947	1
12249585	12249574	4
5178017	5178032	1
1832561	1832562	2
3400441	3400442	1
8880084	8880083	2
7696043	7696046	1
8429134	8429161	3
661002	661001	3
9597874	9597873	4
5793964	5796902	3
1967067	1967068	2
6160263	6160264	7
1396657	1396658	2
10808824	10808751	3
11944366	11944363	3
5752357	5752358	1
4587720	4587793	2
4759178	4759177	1
4514147	4555165	4
12546386	12546373	3
7918571	12037558	1
11001456	11001233	2
8794468	8786108	10
5352045	5352046	1
10832177	10832178	1
8730857	8730498	2
7360223	7360226	1
5699998	5700429	2
3926615	3926618	1
3673971	3673966	2
8102261	8102262	1
658777	658774	3
8017389	8014852	1
9101621	9101979	3
9493202	5702073	1
6570259	10461878	1
6441199	6441200	1
4569007	4567965	3
3457614	3457613	2
11039070	11039069	2
882384	882383	4
1520424	1520423	1
6498602	6498582	1
6893523	6890434	1
6573132	7508732	1
11824301	11824302	1
4712887	4712880	4
10078526	10022169	1
8493930	8495241	1
2984706	2984975	1
11911929	11911700	1
4340394	4340379	2
4598812	4598811	1
1701452	1701449	1
3869744	3869741	3
9021912	9021911	2
3947688	3947687	5
9828821	9828822	5
4785572	4785575	1
10063529	10063532	7
135955	135956	2
7596515	7596511	2
5106161	5106172	2
1160014	1160398	5
1748390	1748393	1
1076337	1076324	1
10871507	10871508	1
8472157	8472234	4
5600659	5600660	1
8221623	8221624	2
10621798	2879686	2
3098978	3098975	3
6522821	6522822	2
3606080	3606079	2
2482980	2482979	1
9554078	9554117	1
5760039	5760040	4
4411999	4407711	1
3903393	1096970	7
10286591	10286592	2
6655686	6655685	5
11471362	11471361	3
1015207	1015214	2
2668593	2668578	3
4265207	4265208	1
6550346	6550345	2
12382681	1947555	1
7536000	11272162	2
11882408	11882405	4
2677465	2677884	1
7976741	7974890	4
4917429	4917430	2
8947888	8947884	3
8166437	8166438	2
9422197	9422343	2
8320892	8320891	1
9621331	9621332	4
6988375	6988365	1
5207296	5206982	1
6356237	6356240	2
9250438	9250457	1
8541944	8541947	2
3598234	3599053	1
5736945	5736953	2
5332981	5332982	3
2043386	1142518	1
8898927	8898928	3
12317930	12317929	1
11844447	11829022	2
3007048	3007625	2
1750324	1402245	15
2078380	1645314	2
11660766	11660765	1
4208490	4208489	2
9974029	10893310	3
6253837	6253838	1
12201768	12201765	1
4417260	4417259	1
5014984	5014983	3
5896359	5896399	3
3143912	3112587	3
10433128	10433120	1
1266738	1266744	3
11206298	11206297	5
3972251	3972254	1
4879198	4879183	2
12765211	12765212	2
6096520	6097110	2
4653299	12331808	1
8602	8601	2
7948039	7948040	1
7764471	7763381	1
2709888	2709887	1
41343	41344	1
7775785	7775658	1
374084	374083	1
8709795	8711133	2
660778	630290	1
7437295	7437329	4
11195704	11195703	3
8880615	8880085	1
8896551	8896711	2
11678697	11677769	4
12504770	12502447	2
8185162	8185159	2
7652865	7652866	2
4793298	4793297	2
7243096	7243147	2
1362659	1362660	1
949317	949318	1
7969044	7969043	5
22412	138897	5
5196596	5196575	3
1399246	1400112	1
8106207	8106208	3
824715	824543	1
10299045	10299033	1
11432373	11432312	1
12245869	12243960	1
12134080	12134079	1
5651417	5643531	1
6521357	6521358	1
8200190	8200154	1
1112434	1112433	1
2061686	2061729	2
190848	190847	1
132288	132285	1
4768248	8840130	1
8389194	8389193	1
10448065	10217627	2
11701175	11701598	1
7083129	7084823	1
8766795	8766796	5
9270659	9270660	1
1624359	1623918	2
1699595	1699598	3
11498138	11498141	2
3704454	3704453	1
11207883	11207884	3
6814033	6814034	1
1036709	1036712	1
7114811	7114812	2
8469703	8469704	1
3573467	3573468	1
10161163	10161164	1
10999856	10999517	6
9556963	9556944	1
10678290	10678289	4
3500588	3500587	1
2842005	2842008	4
11851355	11851358	2
1902016	1902015	1
4583341	4583342	3
5771036	5791329	2
1335540	6366479	3
10780406	10780377	2
7030985	7030986	2
4724108	4723525	2
8866823	7391616	1
4355193	4355090	2
6691072	6691068	1
1698180	1698177	2
3870417	3870775	1
852143	785187	2
2842263	2842264	3
8608744	8608743	4
4005290	4005289	1
8490332	8490331	1
9692987	9692988	1
6519465	6519466	1
2257032	2258882	1
11581087	11581088	4
1829224	1829223	3
10169908	10169907	4
7063433	7063434	1
5958097	5958098	2
6858038	6858037	5
2299619	2299620	1
10472440	10472652	4
6043778	6138578	3
6125872	6125871	1
10794056	10794051	1
3525287	3525028	4
1403457	1403458	1
1215027	1215046	1
3492779	3534116	2
9014384	9014383	3
4472987	4472438	2
8023179	8023182	3
145021	143522	1
10394885	10394886	2
3975082	3975081	2
911008	911007	3
10509081	11535445	1
3088256	3088251	2
8680727	8680728	3
7647372	7647371	3
781350	786681	1
7591996	7592121	4
10322697	10310561	2
11987176	11987175	3
1275273	1275419	3
3488270	3488353	1
3130054	3130051	1
2339885	2339887	1
4654977	4653943	2
1224887	1226036	7
5151054	5151053	1
7852497	7852498	1
7680309	7680075	2
1719689	1759278	1
950739	950740	2
8489086	8489085	1
4469073	4469074	3
9332239	9332240	2
162711	162712	1
4812616	4812615	3
6019616	6019607	1
10296272	10296271	2
9934166	9934165	2
12684872	12684871	3
7453413	7453422	2
10309601	10309602	2
2496564	2496561	2
7375720	7375713	1
2314420	2314419	1
10523588	10523409	1
1895848	1895864	1
4107930	4107929	2
7114859	7114768	3
814113	814150	5
312459	312460	2
3566357	3566358	1
2099751	2099754	1
5989505	5989508	1
766647	766649	5
4537874	4536576	3
10924293	10924298	2
6050489	6050490	2
9437880	9437879	4
4222785	4222786	1
6628733	6628928	1
2697381	2697382	4
12367476	12367475	2
5187796	5187787	2
10164232	10164231	2
11650485	11650483	2
10675666	10675665	2
5773354	5773353	1
8350757	8350937	1
854190	9847884	1
1006662	1008367	3
5840364	5840291	1
6912025	6912026	1
11679129	11679010	6
5397260	5397246	4
6435049	6435364	1
1452411	1452414	1
8842131	8842229	2
1554964	1554963	2
3318331	3318332	1
10146907	10209573	2
4455519	4455520	4
7899858	7900571	3
7534268	7534462	2
28786	28785	2
4715921	4715882	1
7753906	7753905	1
11504372	11504352	2
2666145	2666146	2
8389990	8389986	1
2277688	2278551	1
11588070	11588069	5
10416316	10416782	1
4662805	4662806	2
135962	135961	3
6029144	6029141	3
1029793	1029738	2
2385500	2385499	7
8461706	8461723	3
1750321	1750322	1
1827950	1827949	1
1427836	1427835	1
11366444	11366443	3
10092499	9332250	3
7324753	7324722	5
8881976	8882009	1
8884224	7488012	1
4914636	4914635	2
10515877	10515878	2
2909887	2909888	3
8477218	8477217	1
8023183	7730564	3
3304565	3304566	2
11671556	11671555	2
2670362	2670349	4
11131793	11131794	3
9293416	9293449	1
7991430	7991429	4
5418025	5418012	3
11064352	11064351	1
1838364	1838386	1
12450889	12450890	3
7418976	7105246	1
2033945	2033946	1
897114	897113	3
2062266	2043812	5
3101942	3101941	2
845332	845331	3
5900082	5900079	1
2467626	2467669	2
4736725	4736732	2
2952447	3020143	1
1687267	1687270	4
8391058	8391168	2
2374484	2374483	9
5750454	6897259	1
1384996	1385009	2
11070477	11070478	1
8680732	8680731	2
250896	254724	2
6331159	6333750	1
8260792	8224159	3
3307670	3307321	1
11721404	11721502	2
6047821	6047822	1
11561166	11561165	1
9692715	9692716	1
6178807	6178808	3
3500549	3500550	3
5887508	5887047	1
5698250	5698324	4
184462	2352142	1
9568259	9568260	2
4382224	4382223	1
11722475	11722464	2
4068577	4068578	3
12732441	12732442	2
2060306	2060305	1
5330188	5330187	3
1794424	1794394	1
12227846	9824397	1
4817093	4816914	2
1092028	1091870	2
139195	137911	1
3143912	3112585	1
7058306	7058329	1
1032670	1030892	4
2372518	2372480	1
11852842	11852829	4
8793198	249310	2
12189658	12189657	4
8489084	8489597	1
11835582	11835579	1
9892232	9892229	1
4117403	7034650	1
1451483	1451484	2
12747464	12747463	4
12783151	12783152	2
7402146	7402145	5
7544613	7544614	1
6198895	6198888	1
8867580	8867579	1
3726567	3726423	2
6832591	6832592	1
7446320	7446319	3
8174480	8174477	3
7244773	7234827	2
2344893	2344894	2
11914593	11914590	1
5858841	5858842	4
5756275	5756276	1
4724137	4724138	3
11961062	11963144	1
1873061	1873062	1
9148235	9148236	2
11594309	7397140	2
2223373	2223477	3
3903786	3903785	10
6321552	6321551	5
12229557	12229890	1
12749364	12749361	3
1847467	1847468	1
8396033	8396045	1
3817674	8561088	2
3544220	3544219	5
10633709	10633710	2
8885350	8885349	4
6627171	6627230	4
2838425	2838426	2
11847768	11847767	1
8655369	8655370	3
10683727	10683728	3
2827695	2827696	2
7695517	7695518	1
9627717	9633261	2
5953409	5953406	1
10273683	10273684	2
3133177	3131022	1
2694193	2694236	1
12763531	12763534	1
1729145	1729146	3
2105152	2111410	1
4817286	4817285	1
537263	537264	2
1830214	1830213	6
12557855	12557858	1
2104783	2104784	1
10331663	10330306	1
4362411	5949511	1
5018677	5018678	2
4602293	4602294	3
1529221	1529222	4
877034	877029	1
9484627	9484628	5
1857371	1857372	2
4817029	4786768	1
11447433	11447436	2
5504025	8977975	3
7256054	7255558	1
2894877	2894878	3
12763529	12763530	1
7361633	7361634	1
5429558	5427220	4
10581993	10581994	3
7540829	7540826	1
11871544	11871543	3
1318490	1318489	2
7987456	7978042	2
10008623	10008624	2
466407	466753	2
2834290	2834448	1
8286398	8475271	2
8767216	8767213	2
12799131	12799132	3
915376	915375	4
3980914	3980554	2
6126141	6126806	2
3500021	3500044	3
2304811	2304814	1
8062230	8060948	1
2006663	2006664	3
3703237	3742195	1
1439049	1439052	1
10029402	10029401	3
4376713	1581878	1
5760388	5761348	8
1458992	1458991	6
2676116	2676062	1
6944657	6944655	3
6210574	6210573	1
6461000	6460999	1
6964728	6958139	1
6871165	6871166	2
11339867	11339868	2
2827153	2827154	1
7247256	7247253	1
561009	561010	1
4985121	4985122	2
11922379	11921265	2
10450225	10450229	1
12491201	12497090	1
4866747	4866750	1
103419	103420	1
10510910	10510909	4
1651925	1651322	1
7453792	7452525	1
4425098	4425097	3
3778646	3778746	1
7446245	7446246	4
4570767	4570768	6
6124997	6124998	3
5531034	5531026	1
7049268	7049184	6
7254368	6881005	1
1359813	1359816	1
2242327	2241333	1
840325	840326	1
11135280	11135279	1
10374688	11484659	1
3291007	3291008	1
3254196	3254195	1
1787238	1787237	5
960307	960308	3
4373230	4373225	1
8050586	8050585	1
4015014	4015009	1
12796518	12796517	2
11247108	11247107	2
729540	729539	4
5426467	5429522	3
3215810	3215809	2
6043842	6044830	1
2859744	5692697	1
10579307	10579753	2
6004648	6004647	1
10836557	10806097	3
8228040	8228039	3
12196736	12196733	1
11756010	11756009	2
5909401	5909402	3
5797005	5797006	6
8360445	8360277	3
1872250	1872367	3
1634955	1634958	1
6035529	6035269	3
7832433	7832434	3
2929104	2929103	2
11718075	11718076	5
4226572	4226636	2
3457612	3457585	1
3526486	3526485	5
1353965	1353113	1
205011	205012	1
11887793	11887681	2
6014512	6014511	2
7383508	7383490	3
6808177	6808185	1
7762185	7564017	1
11610076	11610075	1
1131657	1131658	1
1092054	1092053	1
7989128	7989127	5
11938584	11938583	4
6165461	6165464	3
6109828	6109827	2
10153483	10153484	6
9465716	9465741	1
12380523	12380233	2
6551435	6551436	1
8706062	8706061	2
10653191	10653192	3
7543101	7541694	1
10505148	10505147	2
1969162	1969174	1
3692890	3692918	1
3370670	3370667	1
10052540	10052552	2
4913802	4913739	2
3054648	2995274	1
5737950	5738876	1
3994351	3994354	1
4192649	4192650	1
7856550	7856553	1
3008165	3008355	1
8027540	8027539	3
7721967	7721970	1
7828418	7828417	2
11317858	11317855	2
1488752	1488707	1
4029239	4029240	3
11609814	11652888	1
9807318	9807315	1
12757384	851738	2
7072533	7072580	1
2644242	2644331	2
12679068	12679067	5
7983936	7983935	1
5426465	5426466	3
10295558	10292021	1
2678481	2678734	1
8098066	8098065	1
3356512	3356511	1
12164100	12164102	2
1799095	1799096	2
9712017	9711991	2
10999207	6185589	1
4699601	4840081	2
8242027	8242028	1
1515273	1515276	2
9674549	9674550	1
1064709	1064391	1
5870268	5870267	1
6788200	6788199	3
4446476	4435237	1
6937662	6937053	1
1530486	1530504	1
7717286	7717285	2
6902208	6902200	1
3954506	3954043	4
3394392	3394391	3
1390140	1390139	3
283451	283452	3
1266420	1265702	1
1457459	1457460	1
10889381	10889382	2
7311687	7311621	1
2506145	2506136	2
4654353	4654356	1
5676764	5676763	7
5676174	5676173	1
7819325	7819326	2
5420068	5421194	1
2826799	2826800	4
9933181	9933182	1
2785638	2786559	2
842824	842823	2
1974608	1975056	1
4355518	4355517	2
1637760	1637755	2
755620	755619	3
558598	558597	2
5657609	5657610	1
7832679	7832680	1
1188295	1188296	1
8544583	8544584	8
3196834	3198934	1
7269323	7269324	4
8889225	8889334	1
3602445	3602446	2
11169916	11169935	3
374082	374081	2
1723417	1723418	3
413879	413876	1
11409511	11412655	2
394072	394011	1
8250679	8252470	3
9299338	9299371	1
9657702	9657558	2
7072535	7072580	1
7223263	7223264	1
8130776	8280717	2
5209048	5209047	4
9077463	9077464	1
6001515	8046983	5
4222628	4222625	1
9296187	9296188	1
1909437	6244791	1
9419531	9419532	1
8472701	8225843	1
4280831	4281574	1
9831753	9831880	2
11130213	11130214	1
4038928	4038927	1
2641680	2641679	3
10761409	10761410	1
3243563	3243564	1
2127120	2127127	1
2886750	2886749	2
5752379	5896417	3
6727651	6727656	2
11800288	11800287	4
9749107	9749108	2
12811378	12811377	2
866721	866722	2
8576842	8576839	2
5926246	5925672	2
5044230	5043971	3
785529	785551	6
3923842	3923894	3
5002865	5002866	1
8404280	8404285	1
12486497	12486498	1
6691357	6691366	2
201080	201079	5
11582448	11577794	3
5692698	5692697	2
11926964	11927866	1
4517071	4517113	1
8166435	8166436	3
7143120	7143119	1
681055	681056	2
9678385	9678386	2
375015	373634	1
3859748	3859517	1
650119	650122	1
11653237	11609821	1
1498905	1498906	1
4940007	4940010	1
7437655	7437656	2
673685	673694	1
1724810	1724746	3
5474099	5470765	1
2923248	2923247	2
7446423	7446424	7
11020220	11020219	1
5693187	5695228	1
3277873	3277876	1
8474678	8474677	2
4925344	4925337	2
6526215	6526216	3
3201486	3201178	2
645856	645855	1
4614815	4614818	1
4629332	4629331	4
523234	523233	2
8879261	8876959	1
1033609	1039242	4
10976024	10976027	1
9942567	9826061	1
7458155	7458156	6
2992585	2992586	1
10544108	10544349	3
9368577	9368534	2
5065100	5065099	1
519454	519453	1
7704113	7703885	2
797811	797812	1
3670926	3670925	1
7332301	7332186	1
611616	611615	3
8178461	8178462	1
1289157	1289057	5
12736772	12736771	3
1719893	4115532	1
2331884	2331883	1
3125339	3125340	2
63129	63130	1
7363261	7363243	1
4546269	4546270	4
8273466	8273465	3
11699165	11699166	3
9865653	9871858	1
4550703	4550465	3
4032100	5328247	1
11409563	11409572	1
10330381	10330382	3
1744150	1744149	1
8204330	8204329	1
1298332	1298171	3
10278647	10278648	6
5628350	5628347	5
1626313	1626316	2
3308156	3305464	3
3630414	3629318	1
7185344	7185343	2
9463676	9463699	1
12753906	12749276	1
6757513	6757514	5
6087304	6087303	1
12248004	12248001	2
1156775	1156776	3
8601468	8601465	1
5745496	5745495	3
8831227	8831228	2
11471605	11471606	5
6103474	6103426	1
11788009	11787944	1
8752019	8752520	2
3931152	3931149	1
12366257	12366258	3
866512	866511	1
3081431	3081432	3
7802491	7802591	2
11987270	11983626	2
5912246	5912609	4
3996856	3926125	1
2439284	2439910	1
1046251	1046277	1
4087097	4087098	2
11275553	11275384	1
11243707	11243451	1
8768216	8765762	2
6519521	6519522	3
5293333	5293334	2
8690784	8657287	4
8496874	8496887	3
6936577	6936578	3
2252061	2262365	1
3253320	3253319	2
1777339	1779672	3
11395729	11395730	1
1156804	1156776	1
4748266	4649085	2
11163414	11163725	1
2256149	8799912	1
11232457	11232439	6
2623610	2623616	1
7178863	7178864	1
5364142	5364141	2
1371927	1371928	1
8855058	8855057	5
6243943	959421	5
1507572	1507571	3
11500599	11500624	1
6189281	6189261	1
12290007	12290008	2
12467375	12467376	1
442258	442257	3
8096844	8096843	3
2794333	2794334	1
9231122	9230355	1
9880512	9880524	2
11372318	11372317	3
8884218	8884318	4
11481153	11481309	2
10937355	10937356	2
6669003	6670021	1
1720920	1720919	1
12184217	12184218	1
6058220	5788534	1
9613138	9613137	2
2365525	2470767	2
2844174	2844173	4
9674109	9672825	2
1039796	1039793	1
5286251	5286279	2
11220640	11220637	3
5741928	5741927	3
5415823	5415843	3
11425339	11425374	1
2619552	2615636	2
2717217	2717218	2
4383438	4382147	4
3156583	3157933	3
4423930	4423929	4
8775728	8775727	4
7864940	7864937	2
4876841	4876842	2
10243375	11870358	2
12624735	12624736	2
7720233	7720235	3
1505725	1505726	1
1405973	1405974	1
7144724	7141591	1
11102893	11102894	2
8381246	8381245	1
5010058	5009985	4
1061286	1061285	1
6184477	10077302	2
7856542	7856541	7
4493186	4491527	2
6191022	6191019	4
3229565	3229566	2
11786457	11786458	2
8860899	8860900	2
1697861	1697862	1
7326131	7326132	1
5512114	5511193	3
10285227	10285108	4
11088870	11088869	4
11070481	11070484	1
11226582	11226531	4
12141426	12141425	3
12490713	12490714	1
6346133	6349221	1
6493595	6493596	6
4565080	4565079	2
39113	39116	5
4581636	4581635	2
5384184	9015621	3
436144	437269	1
11087157	11079871	2
4875371	4875372	5
3769362	3769361	1
11872475	11872456	1
11588446	11588530	1
2637246	2637245	4
11558742	11558739	1
5599996	5599995	1
5306988	5306987	1
1487756	1487753	1
3724762	3724777	1
5349064	7321724	1
1776403	1780838	1
9932322	9932315	1
5587507	5587517	3
3113863	3113847	1
8893811	8880825	1
6994938	4315930	1
11180936	11180933	3
10378039	10378040	3
3238322	3238321	3
8401630	8372339	2
7866935	7866936	1
11805001	11805039	1
146522	146951	1
6444505	6443406	3
3733636	3732949	1
426209	426210	2
112041	113569	3
7708523	7708469	1
12257740	12257739	4
12351863	12351864	1
5818109	5818110	6
5505149	5478921	2
2848897	2848900	1
10888899	10888772	2
8003800	8003822	1
7856141	7856142	3
9919321	9919314	4
197990	198052	2
7007910	7007909	3
1466355	9993427	1
7680319	7683225	2
8654732	8654731	2
4610205	4610206	3
1724416	1724415	3
9821899	9821792	1
1729641	1729642	2
2568246	2568245	1
7576319	7574229	2
11174693	11174694	3
12312539	12314894	1
5479711	5444392	2
11808406	11808405	1
2721462	2003481	4
3880910	3880909	1
3929816	3929852	1
11983957	12187810	1
2340579	2340584	1
2727170	2727169	3
10721677	10721678	4
7845497	7845485	2
10316103	10316104	1
9145760	9145759	2
6367936	6367935	4
6914154	6920143	2
7711551	7711440	1
8513819	8513820	1
7434844	7434843	1
12611782	12611825	2
7146147	7019240	1
9464949	3152746	1
11961062	11963142	3
5265047	5289758	1
5924036	6116210	1
7375725	7375726	5
2723807	2724640	1
10290955	10291084	3
4031849	5652074	1
845343	820030	1
2939446	2939445	1
5536834	5536833	1
12228527	2870980	1
6367677	6367680	2
7574228	7576320	4
8352784	8352783	1
8949624	8949634	1
8449994	8449993	1
793827	794179	2
7614912	7615591	1
9995316	9995315	2
8710546	8710545	5
5375685	5375688	3
6974661	6974662	3
2588274	2588038	1
6479515	6479279	1
9621724	9621721	1
4838008	4838007	2
711225	711226	3
7458871	7458872	2
10546972	10546961	1
4010597	4010598	2
10779751	343332	1
2482519	2482522	1
6209890	1630228	1
2018672	2018710	2
6498684	6498681	1
8923675	8923676	1
12473429	12473432	1
2016759	2016760	2
6042737	6042738	4
2581941	2581915	1
7338690	7338688	2
1744247	1744258	3
817936	817748	4
738827	738830	4
3893638	3893637	1
7226336	7226335	2
6474809	5524841	2
452358	452355	2
11799133	11799134	4
10228862	10228751	2
6443974	6447556	2
10341084	10341083	3
816954	816969	3
2309542	2309539	1
12312304	12312291	1
8949934	8949633	3
9809046	9809054	1
5203400	5203399	2
5654431	5654432	2
122859	122860	2
1659776	1659775	2
1426109	1426101	1
9673514	9673546	10
5777678	5777675	1
1668097	1668100	1
11499926	11499925	1
11834138	11834137	1
10772279	10772059	5
9713435	9713436	1
10399038	6156174	1
6051237	6051238	3
4084524	4084175	2
5726975	5726976	5
5747615	5747616	2
1745063	1745094	3
952018	952017	1
6498684	6498683	1
7934240	7934237	2
5558276	5558275	1
12663926	12665515	2
7108106	7108105	1
2283405	2283429	1
3392104	3392101	2
9185735	9185736	1
6729473	6728437	3
4004185	4004168	3
7257493	7257442	3
3950832	3950831	2
3684636	3685031	4
10612867	10612868	3
11857253	11857257	2
2136757	8793617	1
5261017	5261018	2
2395871	2395872	1
6801992	6801991	2
3068284	3069521	4
11393280	10979988	3
8767748	8767745	2
2074039	2074040	1
11943081	11943084	1
12490864	12490631	1
3873523	5284110	1
8581583	8581584	3
12634037	12634066	1
7373561	7373544	1
2848897	2848898	2
250126	250125	6
3506099	3506102	2
6877861	7268107	1
4706159	4706160	1
2923731	2923732	1
11156284	11155236	1
22416	22413	3
11786420	11786419	1
11182094	11182091	1
3726351	3726352	1
11278714	11278713	1
9810666	9829687	1
8172774	8172773	2
6026689	6026690	1
4560869	4560870	1
5863084	5863083	3
2252504	2252503	4
3032573	3032574	3
7442816	7442815	2
7457715	7458762	1
6133007	6133008	3
10271322	10271321	1
7704111	7704112	1
9767162	9767161	3
9974376	9974375	3
9356779	7598027	1
6291769	6291781	1
5380221	5378699	5
6987325	6987330	1
3470683	3470684	3
5269393	5269396	1
11046357	11046360	1
6092807	6091624	2
4837751	11297344	1
2245791	2245792	3
12512421	12515164	5
7028793	7028794	2
4367269	4367270	5
9083802	9083139	2
6778719	6778437	3
10853885	10853886	1
741662	741389	5
3247188	3247185	1
1957376	1957267	1
9708152	9707907	3
8270430	8270429	4
12334712	12334711	2
8718228	8718225	1
11142089	11142090	1
12457721	12457722	2
1836080	1836079	1
374925	374926	2
7198508	7198507	1
766645	766649	1
5201229	5201230	6
4550634	4550631	1
9548192	9548200	3
6574998	6576878	4
302262	302934	2
8357136	8357135	3
1395504	11713289	1
9465408	9465411	1
8665823	8665824	3
5355671	5384970	2
5370044	5370043	2
8410878	8410877	4
1131029	1131032	1
7070278	6224709	1
10505217	10505218	2
27292	27291	1
3078717	3078718	6
6006946	6006949	1
9190295	9190296	1
3811473	3812505	1
8457079	8457080	1
4342272	4342269	1
4479399	4479400	3
6873556	6873555	2
8357504	5931573	2
4577738	4577737	1
2467421	2467422	1
7425388	7425387	4
2347625	2347502	1
2363617	2363618	1
7929728	7929727	5
7963244	7963243	3
9154778	9154766	3
12430350	12430349	1
7243088	4085635	1
9469554	9469551	1
1535808	1535713	1
5115278	5117501	2
5339407	5339410	1
1591506	1591505	3
4068579	4068580	2
2830169	2830170	1
12032158	12032157	2
8399289	8399290	2
9481872	9481871	1
3142802	3142805	1
7040220	7040219	4
11766567	11766579	1
1496533	1496536	1
2637003	2637004	4
7681680	7681677	5
2282578	2282577	2
5972779	5972114	1
10998949	10998952	1
8632397	8632398	1
3787096	3787093	1
6936577	6936582	1
2321066	2321049	2
9417925	9417898	3
2833224	2833219	2
9802811	9802812	2
6189738	6189737	2
2727181	2727182	2
2001304	2001303	2
3221195	3221165	3
8921943	8923006	1
3277025	3277026	5
5058138	5058129	1
7934883	7934884	1
4035521	4035560	3
4790587	4790588	1
11076956	11076960	4
3405157	3405158	1
11789584	11789724	2
9605406	9605862	2
2554033	2554044	3
2116950	2116949	2
3096629	3096632	1
526528	206158	1
2881849	2881850	2
4623489	4623154	2
6115226	6115357	2
8375384	8375383	4
6016111	6015703	1
10891460	10891636	1
4058127	6186853	1
7816221	7816222	1
12047997	12048294	4
10290693	10290694	3
12731205	22997	1
10729180	10729135	2
11826861	11826862	4
6638598	6638597	3
5014388	5014190	3
6922436	6922435	1
7336858	7336857	3
639087	8816932	2
8428387	8428388	2
1670269	1668570	2
3046812	3046801	1
10651661	10651653	1
654861	654862	1
5249452	5249451	2
2833244	2833231	2
6446931	6446891	4
8973505	8973506	2
4557506	4557505	2
11775972	11775971	2
7737434	7737433	5
1770815	1778133	1
11906291	11906424	2
4570021	4567393	2
7154810	4431320	3
10111494	10111489	1
5782982	5782981	1
3558931	3558932	4
5487019	5483995	3
7575027	7575028	3
3228866	3228847	4
5719959	5719960	2
269512	274271	1
10190699	10190338	4
9237095	9237096	1
7160345	7160334	1
1750326	1750325	18
12204228	12204251	1
892349	892350	1
147763	4044649	1
6290896	6290582	3
7190977	7190980	2
10419279	10419280	3
10472106	10472105	4
5826282	5826279	1
11698086	11698085	2
403191	5304275	1
2130918	2130930	3
4032100	4032097	3
5128173	5128269	2
11425341	11425374	11
9467593	9467594	1
3940628	3941113	1
3133177	3131020	1
5641507	5641508	2
3863550	3863547	1
8847084	8847083	4
11539370	11539369	1
5783441	5783442	1
9473164	9473163	1
2800578	2800577	4
6809051	6809052	2
1616821	1616822	1
5990965	5990966	1
8020657	8025131	2
2468780	2468822	2
5277701	5277704	4
11590642	11590641	1
4298088	4294479	6
9312859	9312860	2
8214712	8214269	1
11466782	11466781	1
59599	59600	2
8330984	8330943	5
6845958	4222408	4
9887156	9889021	5
8188839	8188840	1
11579204	8034716	1
9304526	9304525	1
317327	317328	3
6969949	6966625	2
1519327	1519496	3
3444153	3440950	2
7669376	7666809	2
9435128	9439568	1
11207149	11207150	1
7255551	7255654	2
4375623	4375624	1
2295716	2296132	1
8302967	8302968	2
5330711	5326344	2
9317578	9317797	1
11016552	11016551	3
1631881	1631882	3
10282150	10282147	3
10482925	10482926	1
1717653	1717654	2
8634157	8634158	5
11700207	11699417	4
11565108	11565107	5
8313043	8313061	6
3027270	3024304	1
7629464	7630684	1
7205987	7205988	1
2465491	2465492	1
8876696	8876695	4
4742502	8277796	1
2504010	2504269	5
9576863	9576868	3
10966968	10966967	1
4805664	4805663	2
11244650	11244649	2
6517949	3989010	3
1516100	1516103	2
2954381	2954384	1
11761149	11761150	2
1450522	1450521	1
6452919	6410831	1
2469146	2469145	2
1142308	1141782	1
10195940	10195937	2
6830311	6830395	1
3187182	3187187	2
9644813	1041834	1
5758990	6869123	1
3870539	3870369	1
9972618	9972617	2
7626860	7613977	2
8411166	8455456	1
9901950	9901949	1
3276502	3276501	4
3333168	3333165	2
1339910	1338165	1
6281848	6281808	2
4383423	4383424	2
7493431	7491831	1
9076412	9076415	1
3315589	3315591	1
6612273	6612244	1
10401059	10401060	1
3997524	3997523	1
428470	428469	1
4135839	4136072	1
9724354	9725059	2
8564693	8567611	1
11144456	11144455	2
8952970	8952977	1
11409484	11409469	3
3299258	3299257	4
11077493	11077405	2
6299195	6299200	1
8665821	8665822	2
11764739	11764781	1
9490501	9490502	3
848541	848542	5
1058571	1058572	1
11610431	11610432	7
5385853	5385854	2
10001045	10001053	2
882389	882390	1
7007880	7007957	2
5977065	5977066	3
12773305	12772264	2
3135817	3135822	1
3167617	3167618	1
8110899	8110900	2
8511617	8531549	1
9028433	9028434	1
7257636	7257635	2
9760703	9760776	1
10080789	10080790	4
7033094	7030876	2
11832133	11832139	2
4792126	4792125	3
1353028	1353027	2
4327655	4327643	1
1652079	1728875	1
84755	84756	2
2185695	2185401	1
6229338	6229337	1
9174650	9174649	2
8472155	8472234	3
11581085	11581086	5
9022331	9022332	2
4112764	4112763	4
5308180	5313231	2
3604296	3604295	2
4844632	3371134	1
7091996	7091995	1
9443794	9443793	4
5311677	5311678	1
9256825	9256826	1
3210432	3210436	2
9356794	9356793	2
2369846	2371129	1
10823108	10823105	1
3737124	3737123	1
12205593	12193935	1
588294	588293	3
6835911	9513249	2
5536947	5536478	1
3730025	3729292	1
3549065	3549591	1
7611902	7611901	3
3917698	3917697	2
9789544	9789541	2
10038954	10038953	4
10400921	10400922	3
1285319	1282493	1
7791804	7855280	4
6096837	6096838	1
2923250	2923249	1
1544673	1544702	1
5733784	5733783	1
3107294	3107293	2
4364209	4364226	1
6908180	6908179	2
5666270	5666267	3
12139230	12141711	2
755618	755617	1
2442844	2442843	1
1105856	1105855	1
6607375	6607376	1
6478850	6478849	1
11870882	11870671	1
11567752	11567751	1
4004076	4004075	4
4680294	4680293	1
8754827	8754828	1
8005179	8005180	3
763351	763274	1
892347	892348	3
12235138	12232948	7
3015225	3013151	1
120180	120179	1
5846132	5844020	1
10748932	10748931	1
3359707	5393314	1
9980191	9974375	1
11993077	11993078	2
12352167	12352168	9
11330725	11330710	2
1270711	1270714	1
2886052	2886051	1
3136752	3136751	2
6368920	6367704	2
12333954	12333953	3
10822723	10822673	3
8405039	8405040	2
3937651	3937652	1
1241976	1241979	3
8248676	8247179	1
11165526	11162599	4
11467597	11467598	3
8040652	8040651	2
7900679	7900680	2
4534836	4534835	1
3549462	3549461	1
5958970	5958967	1
7324723	7324724	2
2372686	2372685	6
8494490	8494557	3
11799933	11799934	2
11623733	11623734	2
8226276	8226258	1
11294025	11294026	1
2123267	2123268	1
6181547	6181548	2
6867739	6867740	1
6724700	6724699	2
8979091	8979071	3
5088604	5088603	1
4706243	4706244	1
7795020	7795019	4
7305108	7368611	1
10349949	10350799	1
8039408	8181912	2
1113672	1113671	1
5130273	5130274	2
1992673	1992712	1
10884094	10883813	1
11340779	11318972	1
4711501	4711502	2
129062	129061	2
5471009	5470602	1
2269376	2269373	1
10980413	10980414	1
1953103	1953104	3
5333369	5333077	3
1129367	1129427	1
8099572	8104738	2
8973596	8973595	1
6052065	6052066	3
5970426	11004867	4
7080271	7080272	2
2605579	2602167	1
1151304	1151303	4
3615276	3615275	3
1098173	1098170	4
4104889	4106473	2
1928287	1928288	2
4846898	4846895	1
904114	904113	1
12290828	12290827	1
376834	376833	3
9347893	9347894	1
4847357	4847358	1
7147380	7147379	2
928868	928867	1
6244805	6244791	1
11874609	11874588	2
753076	753075	3
1469336	1469335	1
163632	163639	5
8504759	8504762	3
4288325	4288377	1
1717442	1717441	2
11472731	11472734	7
10321877	10321878	1
8848736	8848759	4
10111845	10113709	2
2577078	2578056	1
7057997	7058005	1
7198580	7198577	2
3709890	3709889	1
252456	252453	1
345532	12642810	3
2088460	2088459	4
1905008	1905007	3
10108350	10108348	1
2437845	2437846	1
16769	16776	1
12124773	12124778	1
7694684	7694683	1
2506137	2506138	6
11664103	11664104	4
9735749	9735750	1
6497305	6497026	6
7672117	7672118	3
2757708	2757703	3
6500897	6500903	1
9156302	9156301	1
6213360	6213359	2
9701563	9701566	2
9681846	9681845	1
2633128	2633127	2
3271393	3271396	1
10058159	10059483	1
5964322	5964321	7
4102367	4102368	1
6190077	6130106	3
73275	73276	1
6012508	6012507	3
2416004	2416007	1
4229661	4229664	2
5512308	5512307	2
5798847	5798850	1
11191590	11191378	2
12001921	10093043	3
7232050	7232049	2
4775512	4775511	2
12525085	12525086	1
11665048	11665047	1
12373717	12369435	1
10957025	10957012	3
10733065	10733072	1
5718342	5718341	1
4632049	4632052	1
2218176	2218175	1
253940	253939	3
4374116	4374137	5
8001423	7998228	2
8847086	8847085	4
7928735	7928736	1
304438	302801	2
9916909	9916910	1
5689656	5689655	1
8638099	8638102	1
1799474	1203620	1
9585552	9585549	1
12425473	2689989	1
6121618	6121728	1
4628205	4629331	2
9639483	9440557	1
7467482	7467413	1
11157687	11157688	1
2088703	2088704	4
11739417	1942022	1
9500262	9500261	1
4751317	4751318	2
7859780	7860093	1
1405154	1405153	3
3233275	3233256	1
2984807	2984819	4
3789779	3789883	2
8497137	8497138	3
6374187	6374593	2
544026	544025	1
9833261	9833262	1
5807430	5805679	5
7843534	7843531	4
8640045	8640046	1
1839790	1839821	1
11205161	11205180	1
8941936	10655329	4
12439716	12439715	2
6600762	6600772	1
912597	914034	1
6717692	6717621	1
8876523	8879596	2
1886001	1210885	1
339581	339582	1
10436359	10372165	2
4197635	4197687	1
10607397	9232546	1
11350947	11350941	1
5574332	5574331	1
11524637	11524638	1
11476125	11476730	3
2569210	2569675	1
11864811	11864812	1
506209	506212	1
10078526	10022171	2
9092056	9092053	1
11045266	11045265	4
3708020	3707731	2
3619395	3619398	1
5056690	5056689	3
740637	1928669	4
1488510	1482738	1
5397729	5397730	1
11023579	11023311	1
754916	755614	1
9375389	9375219	1
9504133	9504134	1
8636994	8636993	4
2417312	2417311	3
1790930	1791123	2
9103644	9103641	1
2896562	2896916	2
3583747	3583803	1
11269923	11269916	1
6412829	6412830	1
7839639	7839640	4
6724291	6724292	1
3638500	3638499	2
1025402	1025401	1
2866713	2863853	1
765507	765508	1
4577624	4577623	5
10809641	10810199	2
12605672	12605671	1
12129298	2686114	1
340499	340500	3
10733323	10733326	3
10226708	10226707	1
965444	965443	2
11835582	11835577	2
3820840	3820834	2
3316039	3316044	2
4155417	4155420	1
11037021	11038214	4
10689091	10689094	2
6859922	6859921	1
8580594	8580593	1
3323735	596774	2
11232267	11232268	2
6174855	6175139	3
8254217	8253514	2
1943553	1948046	1
2833224	2833223	1
10120259	10119576	1
9095878	9095877	3
11529199	11529200	2
4044065	4044066	3
9865544	9865543	4
7432554	7432553	2
2299840	2299839	2
2369883	2369869	3
4013326	4013325	1
10256666	10256665	7
9364293	9364294	1
1064709	1064393	2
2926765	2936430	1
7375721	7375722	2
10624196	11220021	1
7806219	7806208	4
8186562	8186671	5
1626440	1626947	3
3947690	3947687	2
1287622	1287621	1
10363527	10363528	3
4668868	4668838	3
2803532	2803527	2
1351548	1351590	1
464461	464462	3
2848899	2848900	2
5955115	5955116	2
788115	788125	2
11442743	11440368	1
4622381	4622382	1
5498951	5498952	3
7283054	7282180	2
1714117	1714120	4
1421985	1421986	1
597607	597608	2
100913	101161	1
10097376	10097394	2
2176960	2176959	5
6727651	6727652	1
5989507	5989508	1
4992382	4992385	1
1850513	1850516	1
12378066	12378130	1
3199281	3199284	1
5656993	5656862	1
11702601	11702602	2
3463809	3463810	2
1842603	1842604	1
11478914	11478913	4
3746185	3746186	1
7484531	7462374	1
9694729	9694730	2
9377891	9377812	1
585329	585330	2
5117305	3563754	1
2269376	2269375	2
7422726	7421011	1
12453261	12453264	1
8317324	8317323	1
445679	445739	1
9674416	9674415	1
10014398	10014325	1
8300817	8300818	2
280462	280457	1
6561878	6561859	2
10544132	10544131	1
2849741	2849742	3
6883324	6883998	5
5995250	5995822	2
5309749	5309752	1
1242386	1242383	3
4033504	4033503	3
10342631	10342632	1
4717128	4718866	5
4467863	4467859	1
2966839	2966840	1
4018183	4018153	3
1145510	1145516	1
2962394	2962393	2
5083776	5083775	3
5131626	1854802	1
6227738	6227737	5
12565015	12565016	1
5532551	5532546	1
560928	560927	5
1677300	1677224	2
9051102	9051101	1
10365697	10365700	3
10203512	10202536	3
3756044	3756043	2
1711929	1711932	1
374021	373985	2
2463657	2463658	7
763351	763352	4
2964690	2964644	2
1850106	1850103	1
1108435	1108436	1
2339883	2339887	1
12156874	12156873	2
5830964	5830950	4
5776036	5775996	1
5533976	5533975	1
10074766	10074765	1
5469754	5469753	1
4158036	4158035	4
5931539	5931540	2
1399923	1399924	3
911906	911905	1
2774270	2774288	1
12003361	12003362	3
3243844	3243843	1
1290845	1290846	3
7238782	7238781	3
6447375	6447376	1
5721257	5721258	1
6109072	6109071	1
1483788	1483812	3
11730992	11730991	1
4925364	4924654	2
9432734	9432738	2
4380045	4380108	3
11878051	11878052	1
4278674	4362913	1
4085719	4085720	2
4247634	4247633	1
5154862	5154873	1
3328454	3328453	1
5647717	5647793	1
8508690	8508689	2
1747003	1747004	1
6845763	6845764	3
1139050	1139049	2
4220775	4220442	1
8456591	8456592	1
8349970	8349969	2
2441037	2389389	1
6437435	6437462	2
9919167	9918449	1
196487	196488	4
9492126	9492125	4
8619315	8619316	1
5161601	5161602	2
10620843	10620837	1
3376055	3376056	1
4738968	4738192	4
5977889	5977766	2
1286870	1286867	1
8187311	8181258	2
10854201	10852681	1
5676876	5676875	1
3889504	1392985	2
9189983	9189984	2
6674037	6674038	2
2830132	2830131	1
6122674	6122673	5
2729247	2729250	2
1573551	1572120	2
8431867	8432159	1
1772892	1772891	5
11312796	11342422	2
10407124	10406833	4
9124774	9124773	4
11596466	11596495	1
7262052	7262051	2
5649479	5649480	1
1323800	1323799	1
3746128	3746127	2
8547522	8547521	1
2844304	2846183	3
11458445	11458741	4
7346328	7346325	1
4576513	4576514	1
6371635	6371547	2
5925529	5926924	1
6146417	6146418	1
2146036	2149278	1
10138425	10138426	1
10123338	10123337	1
9062403	9061060	1
1693931	1693936	1
12015212	12018261	1
4493886	4493885	1
6220400	6220399	2
6081481	6081413	1
9320493	9320494	6
2031466	2031465	4
1471945	1471946	1
636318	636315	1
6210596	6210171	1
4605431	4605432	3
6173726	6173712	1
5931192	5931191	1
9023153	9023154	2
9705473	9705474	1
7751851	7751852	1
8207398	8207397	1
8036910	8036909	1
2418271	2418272	1
8256157	8256158	1
3574906	3575066	1
597034	597033	5
4057343	4057324	1
11562203	11562204	1
8004946	8004945	1
1361227	1361248	1
3155846	3155893	3
8972298	8972297	2
2534032	2534031	3
1912554	1879967	2
10772022	10771281	1
11629743	11629629	4
12141522	12141521	2
294505	294584	1
8060957	8061499	5
5242642	5274762	1
3777087	3777067	1
5091683	5091684	1
8185727	8388290	2
6175890	6175925	2
1500351	1500359	1
2297069	2297219	1
9131581	9131316	3
8939039	8939042	1
5271119	5468628	1
8773887	4127112	3
8204722	8204750	3
10457958	10457957	1
1656871	1656872	2
4596627	4596628	3
7715984	7715983	1
253430	10528186	2
2116946	2116938	1
8812397	8812398	1
7837254	7837253	1
4277949	4280897	1
9823194	9823193	1
316760	315604	2
11680327	11680328	3
6126461	6126462	1
4988979	10237290	1
6691363	6691366	2
1041859	1041860	1
10883204	10883203	4
4613321	4613322	2
731348	731347	4
4733405	4830858	2
2006543	2006544	1
1988705	1988699	3
10508427	10508632	2
8087666	8391309	2
5726597	5736337	3
4318583	4323549	2
8975355	8975356	1
10013118	10013413	1
9496013	9496018	1
9481283	9481284	2
3886763	3981858	1
10930642	10930641	3
12492651	12493037	3
6205440	6205439	1
7696892	7696891	1
4037341	4039794	5
6054939	6054940	1
5774376	5774373	1
336887	336888	6
3266673	3266685	4
11630307	11630308	1
9903745	9903746	3
5224574	5224573	2
6591952	6591957	1
7993419	7709117	5
70245	70246	4
8508071	8509324	1
11581083	11581084	5
7100363	7100366	3
11187705	11187567	1
760799	760804	1
7866472	7866471	3
12686767	12684624	4
3756014	3756045	1
3088252	3088251	1
10337836	10337831	1
2131126	2131125	2
6005060	6005057	4
8325218	8325217	2
7907617	7907620	2
11745628	11745627	2
8379224	8379247	1
7210825	6908119	4
3923792	3923791	1
7362361	7362327	1
11171300	11171297	1
7841565	7841636	2
621931	5477301	1
6390950	6390949	1
9074988	9076137	1
395576	395575	5
9788089	9788090	1
10454265	10454266	1
8637437	8637438	3
10881044	10881041	1
3908063	3908064	1
7752186	6776028	2
11339858	11344317	5
9932318	9932315	8
5128626	5128643	1
2347842	2347841	3
126322	126321	1
4013987	4013988	2
11188506	11188516	2
861380	861379	4
1029795	1029738	2
1527825	1530462	3
2781205	8868462	5
9326732	9326723	1
6579189	6579190	3
2121571	2121415	1
5069010	5067487	2
904803	904779	2
5606750	5606747	1
6182383	6182368	3
7701277	7701278	2
4289567	4289868	1
2338656	2339031	2
1715877	1724241	3
5580741	5580672	1
5010070	5010069	1
8671978	8671977	1
9624688	9624687	1
9937045	9937029	2
5410706	5410705	3
4359291	4359292	2
7778311	7778911	1
9916577	9916578	2
7534590	7534589	2
10139720	3160563	1
4269790	4269777	2
8632448	8632445	1
2958442	2958449	3
3935086	3935085	2
4867823	4867824	2
1068064	1068063	1
3877667	3877670	4
8259120	8259119	5
6464096	6464095	5
473955	200927	2
7866520	7866511	1
3034206	3034132	2
8808089	8808087	2
10676192	10676191	2
670526	670525	1
5715115	5715000	2
11871774	11871773	3
1043367	1042959	3
256780	253937	1
6433503	6433506	6
3856434	3856433	2
11424666	11424665	1
9060806	9060805	4
11940142	11940141	2
4708498	4708497	1
4948056	4948055	2
7905470	7905469	4
3918306	3918305	1
1467088	1467102	3
8892606	8890619	1
5937524	5943948	1
6172929	6172930	1
10457722	10457252	4
7862639	7862640	1
279206	279203	1
6826129	9303216	2
9962368	9962367	2
6310779	6310716	1
10874430	10874506	2
5314305	5314306	2
6627522	6628097	1
8819600	8819588	2
11606877	11606878	2
6806178	6806177	2
5968258	5968257	1
4575046	4576278	1
10265134	6498148	8
3493382	3493381	3
1501634	1501631	1
3096629	3096630	1
5897601	5897570	2
4101934	4101933	1
8574905	4345912	2
3396182	3396181	1
8799033	8799034	3
11933693	11933694	1
4319876	4319875	6
3997610	3997609	4
3464923	3464949	2
1526944	1527571	4
11379163	11379164	1
10662317	10662320	1
848909	848910	2
3546216	3546215	2
4107857	4107858	5
7124372	7124384	4
7908902	7908899	2
1156804	1156774	4
5827072	1174318	1
5574336	5574331	1
3308158	3305464	1
11985385	11985367	1
8881385	8881388	1
5307631	5308753	2
11757789	11757790	4
7359856	7359855	2
1195466	1195474	5
12273677	12273606	1
8581163	8529489	1
2602242	2602241	4
1349717	1349718	1
3610898	3610897	1
8391252	8391251	5
197235	193521	1
6806328	6806327	4
8298377	8299561	4
12660669	12660670	1
4703735	4703740	1
656807	656808	2
10206681	10206684	4
1415315	1415316	2
4079174	4079173	1
11574063	11574066	3
626822	626821	2
11773738	11773737	4
963478	963507	3
9307116	9307115	4
7830079	7830080	1
7040218	7040215	4
5419910	5419909	6
2848901	2848902	2
4423942	4423939	2
18935	18909	2
5657607	5657610	1
7446259	7446323	3
2448682	2448681	3
9023151	9023152	2
2477189	2477804	2
11607298	11607283	1
8835439	8835442	3
6337637	6337964	1
10062511	10062514	3
4620611	4620612	1
4228562	4228556	3
1285317	1285318	2
3317697	3317698	3
7461692	7461697	4
7467892	7467891	3
2645176	2644499	1
1485727	1481827	1
2908512	2908509	1
8293733	8293736	3
12443406	12443405	4
4203727	4204294	1
3874710	5097442	4
3397806	3398040	1
8529277	8529278	1
7224477	7224478	2
8087945	8087946	1
254955	254958	2
7250017	7250024	2
5977970	5977969	2
4924436	6936285	1
7070550	7070543	1
10924805	10924808	1
2851374	2851373	1
1298224	1298223	2
3212520	3212470	1
7036940	7036945	1
8663666	8663665	1
10392074	10392073	4
6072925	6072963	4
4316222	4316217	3
10155553	10155556	2
11519296	11519295	1
7921246	7921245	3
6406474	6406445	1
4724139	4724121	1
4484487	4484488	1
11304097	11304089	2
4292911	4292837	2
250128	250125	5
4204146	4204273	1
11385110	11385052	5
4420890	4420889	1
12598688	12609770	1
1921039	1921040	2
7610836	7610460	1
12674156	12673897	3
5326799	5326800	2
10379204	10379212	1
10036643	10036644	1
4037388	4037391	1
5354129	5354130	1
11401455	11401458	1
2653723	2653500	1
7941362	7941399	1
443433	443434	2
6924691	6924692	1
10388265	10382067	1
11164343	11168400	3
5522233	5522234	1
380683	380684	7
11598493	12812100	2
8128637	9550462	1
3582985	3582986	3
7462068	12314567	1
3891231	3891232	3
4016012	6246747	1
7030803	7035363	2
2830647	2831660	1
10645680	2957975	1
240680	240675	1
7937470	7937469	4
2151754	2151768	1
3980916	3980554	1
403193	403194	1
7750310	7751295	1
6578691	6578692	1
6809004	6809003	1
12603049	12603050	4
7474391	7474392	1
4953775	4953776	2
6253835	6253836	5
6715053	6715054	2
2111837	2111844	1
6112488	6112487	1
4879063	4879064	4
5376236	5376235	1
474391	474560	3
10804065	10803863	1
10926252	10926249	5
2095925	2095926	3
9720031	9720032	2
4550023	9157336	1
3482983	3483304	1
9077911	9077931	1
8814687	8814635	1
6686980	6686979	1
6498767	6498768	3
957082	957066	2
2171854	2171853	3
6100286	6100280	1
4615757	4615785	2
12774405	12774406	3
4749420	4560026	1
9289140	9289472	4
8042327	8042328	1
9230030	9228910	1
398324	398110	1
8732688	8732687	5
890982	890981	1
9922813	9922814	2
6550228	6550227	4
8218317	8217347	2
8468525	8468509	4
5748192	5748189	3
2653105	2669457	1
12619510	2929102	5
4811722	4811721	1
3424399	3417898	2
2877564	2904495	3
6942157	6941922	4
10992767	11004074	1
580937	556590	2
6731867	6731868	2
6081453	6081454	1
4262868	4262867	3
10160474	10160478	1
10518566	10518565	4
6813476	6813471	1
10658656	10658655	1
11747985	11747986	2
12434759	12434753	2
3379025	3379026	5
1266958	1266941	2
11923526	11923211	2
1975991	1975992	1
3223729	3224198	3
10032211	10032212	1
3526675	3526721	3
788424	788523	1
7963941	7997364	3
9434962	9433855	3
10401549	10398889	2
5043984	5043981	1
7826285	7826288	3
6532972	6532971	4
12187656	12187653	2
7719578	7719577	3
9023149	9023150	1
3675487	3675488	2
11853894	11853893	1
12715317	12715318	1
12036391	12036392	2
7017886	7017883	1
2490580	2490579	1
3545785	3543313	1
11688621	11688582	5
5234069	5234070	3
450836	450835	3
10711595	10711596	5
5290779	5290780	2
235775	235776	4
3373904	3373903	2
1320577	1320578	1
9748452	9748451	1
4258171	4258198	1
11578308	11578305	2
10154236	10154235	1
2120809	2121864	10
7064221	7064222	1
4354803	4354804	2
6505764	6504863	3
10449397	10450796	5
12336571	12336600	2
3258	3011	3
11610074	11610389	1
11652537	11652540	1
6098981	6098982	6
2656562	2670376	4
11875718	11875717	2
7229076	6101256	1
5979025	5979026	2
7176332	7176451	1
11323563	11323564	3
5053695	5052221	1
6801448	6801447	1
5654696	5654698	1
7658874	7658871	3
8866667	8866668	1
12421391	12201276	2
2351149	2351150	4
7183934	7049958	1
7107905	7107906	1
12664787	12664013	4
2306961	2306956	5
10907450	11589101	1
7950565	7950415	5
12678303	12678308	1
6093308	6093305	2
9949679	9949682	2
6921345	6921386	1
12293524	12293523	2
9491095	9491096	6
9925955	9925956	1
6195277	6195282	2
6503973	6503976	3
2185695	2243659	5
11519230	11519317	1
9296139	9296140	2
10405310	10405307	1
8507978	8507977	3
12688280	12688256	3
379449	379450	1
3237611	4911308	1
9683442	9683441	2
2036257	2036268	3
5879092	5879091	1
3486202	3486179	2
4391806	4391822	1
11675280	11675187	1
3306081	3306549	1
7856143	7856112	2
7725661	7725662	2
3497586	3497585	2
174651	174658	3
5638820	5638819	3
5735211	5735214	1
4438698	4438697	2
1588475	1588476	2
1850549	1850520	1
5721877	5722652	1
11042335	11042336	1
4986480	7282954	4
12603049	12603038	1
12561517	12561518	2
10877454	10876592	5
3636378	3636334	2
3993344	3993341	1
5568482	3976177	1
485741	485746	1
2429981	2429982	1
4261436	4261435	2
12761758	853825	4
7428797	7428798	1
8465979	8465980	2
6638026	6637982	1
2007775	10975432	1
10581932	10581931	1
584757	585051	1
6861030	6861046	1
7140055	7143578	5
1518562	1518559	1
4472585	4472586	2
10333823	10334433	1
6442084	10302076	2
2137410	2137409	2
8389066	8388417	1
10452972	10452971	1
12602726	12602725	1
10875679	10876368	1
10165974	10165973	2
6446171	6446172	1
4463794	4463786	1
1833229	1833230	1
3413897	3413898	3
12246292	12246291	4
5800421	5800422	2
425036	425032	2
3634599	3634600	3
6767493	6767494	2
5384684	5384683	5
12809099	7619199	1
12375655	12375629	2
4148530	4148864	4
10069809	10069810	1
2426170	2426169	2
2899271	2879986	6
11632761	11632764	1
4680299	4680302	1
1259610	1259607	6
1550998	1550997	3
400176	400175	2
11006289	11007846	2
4517366	4517369	1
7359790	7359789	2
4560779	4560788	1
1030390	1031045	1
3246102	3246099	1
3252203	3252444	1
10101973	7854907	1
12645454	12645453	1
6197612	6197611	2
10053905	10053908	1
10420121	10420122	5
11816779	11816780	1
8604555	8604556	2
5777919	5777920	5
683610	683609	1
7546766	7546878	1
8528499	8528502	1
11331906	11331689	1
7246125	7246128	1
8013266	8013265	1
4303582	4303577	6
10924295	10924298	2
8762076	8761973	1
3261659	3261660	2
3619397	3619398	3
12221459	12221460	1
8266497	8266498	3
8988738	7435845	2
7149299	7149300	2
3871803	3871804	1
7015905	7015906	1
10125161	10125162	2
10927317	10926695	2
2277686	2278551	6
5338426	5246574	2
4056679	4057469	1
278729	278731	1
8293534	8476740	1
7178859	7178860	1
9563310	9559548	1
611505	611764	2
8347847	8347848	4
1190566	1190565	5
11819416	11819413	2
674823	674826	1
7149893	7149300	1
7758964	7758963	5
8236842	8236848	3
9953309	79987	1
7056433	7056507	1
7672352	7672351	1
6133585	6133976	2
6177627	6177628	1
5247127	5247129	2
11130652	11130888	1
3212255	3212256	2
10510263	10510203	3
11433403	11433398	1
6557777	6557774	8
8763761	8763762	6
5763805	5763806	1
961927	961928	3
5151052	5151051	2
784061	784062	1
5778308	5778305	3
1748118	1748345	1
8519683	8519413	1
1446170	1446301	1
12227846	12227845	5
9469360	9469359	5
4736725	4736726	2
5310742	5308582	1
11070118	11070117	1
10120161	10120017	2
4450371	4450374	1
9423507	9423508	1
5470521	5470522	1
1786164	1786163	4
11658722	11658721	1
12040165	12040166	2
652779	652782	1
8060276	8060275	1
11341686	11344033	2
215295	210691	3
11774387	11775670	1
5377742	5377722	3
6482017	6482049	2
2246691	2246694	1
9928953	9928954	1
4792127	4792128	1
4703737	4703738	1
11980834	11980831	2
11233843	11233846	3
11442384	11442381	1
7553826	7555042	1
8166435	8166438	1
7918700	7918699	1
10154938	10154937	3
3353611	3353612	1
6920092	6920091	2
2431268	2431274	1
348160	348159	1
10999207	10999208	12
9484641	9484642	1
8500609	8500610	3
11183326	11188498	1
1404311	1404312	1
8029851	8029852	1
3709387	3709388	5
11523862	11524052	2
2654832	2654831	1
2352062	2352050	1
2878109	2878128	3
9587768	9587773	3
6791837	6791840	2
10106001	304375	1
7448887	7448888	1
11170006	11169998	1
4131751	4131073	3
5967136	5967135	1
1256569	1256570	3
4312127	4312128	2
11629741	11629629	3
12766445	12766446	1
1622284	1622259	1
5857377	5857389	1
10868635	10868636	1
7341944	7341940	3
515411	545596	2
1541401	1541420	6
1041855	1041856	3
9084745	9084702	1
4704151	4704592	1
11820236	11820235	2
7724987	7724912	3
10487922	10487835	3
2810036	2810035	1
3426268	3426263	3
6449294	6448804	5
12151688	12151687	2
8815478	8815477	1
7211538	7211537	1
5066817	5067618	1
9307315	9307254	2
5720071	5720072	1
6006347	6005924	3
4874057	4874058	3
10165972	10165963	3
308493	308494	3
9675871	9675872	5
5386665	5386694	2
3318049	3318052	1
1264722	1264721	1
11041492	11334653	1
385817	385818	3
968973	968968	1
3615993	3615994	1
151100	151099	2
10496740	10498212	2
3206223	3206224	1
7579674	7579222	2
830899	829700	1
9818190	9818189	2
4526524	4528056	1
5351080	5351079	3
996142	996141	2
6881110	6881440	2
7873253	7873258	1
11277180	11277162	3
7449777	7449378	5
11753291	11753292	3
6953740	4867533	2
5309604	5309365	3
12536257	3799206	1
7276069	7276072	1
3801159	3801160	2
11920310	11920309	1
12015099	12015086	1
9461855	9461678	2
8467157	8467158	2
4502919	4502920	1
7821485	7821455	1
11125738	11125448	2
11733902	11733957	2
6046835	6046838	4
11571342	11571341	2
11204841	11204844	2
6922634	6922633	5
1795841	1795829	2
1392390	1392027	1
11968015	12148045	4
1419383	1419386	2
948467	948468	2
5524685	5524686	3
12479514	12478935	1
186274	186273	1
3229855	3229881	1
8831351	8831335	1
10483901	10483902	3
12306800	12306797	1
8419830	8419829	1
8919213	8919169	1
9310954	9310873	2
8421305	8421306	2
10931931	10931932	1
765195	765196	1
2690335	4329846	1
795587	795569	1
11665126	11665125	4
2251669	2251672	1
510700	510699	1
10061065	10061066	1
10613714	10617408	3
9572529	9578905	3
429335	429245	1
1083210	1083209	1
7677498	7677384	1
2427201	2427202	3
12352169	12352164	7
8219011	8219012	5
6281598	6281595	2
282049	282002	1
6107944	6107943	5
4408729	4408730	7
12041325	12041293	1
8109328	8109327	1
521109	521110	2
8513919	8513870	1
9436428	9436427	2
2014165	2014166	4
3377340	3377339	4
10647641	10647642	2
7351326	7346772	1
10414044	10414005	1
9283274	9283273	1
6799983	6799984	2
8307856	8307829	1
6014198	6014232	2
7731245	1115469	1
7570494	7570837	2
5271356	5271355	1
10022170	10022169	2
10283600	10283599	1
7034225	7034226	1
5551007	3961777	3
4417802	4417825	1
11784915	11784908	1
802664	802663	3
1183096	1183093	1
6999533	4272345	3
8399291	8399292	1
8020271	8020272	1
4738284	4738283	1
1003079	1002958	1
10468286	10468285	3
10529337	10529313	1
3281069	3281072	2
8958683	8958684	1
10127152	10127151	2
2905110	2883545	3
7353220	7352475	1
9691027	9691102	1
2680767	2678138	1
1356647	1356648	4
7864346	7864345	2
10010892	10010889	4
6848969	6850934	1
2107824	2107823	2
11933985	11933986	1
4393269	4393270	4
11781897	11781898	3
673686	673685	2
3464284	3464281	2
3376579	3374601	1
8028919	8028995	2
12375087	12375088	1
11538118	11538113	1
446589	446590	1
1349715	1349716	2
2812013	2812267	1
6945687	6945688	3
8599566	8599565	2
1113721	1113732	1
11363374	11363397	2
11715619	11715624	3
2345814	2345817	1
10048634	10048633	1
11555971	11555972	3
12307302	12307266	3
10687797	10687800	4
315968	315837	1
2020115	2020116	4
1858839	1858840	4
12766747	12766748	1
11793875	11793876	2
3886759	3886760	2
9850381	9850382	4
7867412	7867411	2
4200497	4200510	2
12720283	12750051	3
296332	296201	1
1704560	1704559	3
12386447	12386450	2
3442391	3442397	2
9513245	9513248	3
3232079	3232080	1
2465599	2465656	1
5604623	5604624	2
3262081	10167215	1
1702434	1702431	1
1520143	1520150	2
10675717	10670332	1
2510263	2510264	2
4080321	4080294	1
387977	387831	1
9748716	9748715	3
12774196	12774255	2
610274	610273	1
5273084	5273081	1
6166113	6166114	2
8788575	8788576	1
4693267	4693272	1
306341	304840	2
2654834	2654833	1
8404283	8404284	3
9079891	9079932	3
73273	73274	1
12390194	12390193	1
7488332	7488035	1
8433662	8433759	1
7886317	7886318	2
3921176	3877588	1
9837712	9837711	5
12256895	12256896	2
9070931	9070932	3
10060982	10060981	1
3757307	3756103	6
4866749	4866750	4
4609051	4609052	2
8633336	8633335	4
10923211	10923212	5
2005811	2005774	3
11339623	11339624	4
3218832	3218831	1
3206936	3206935	1
8051563	8051564	2
5156701	5156702	1
11608947	11608950	1
5003118	5003117	2
6026599	6052779	2
7725046	7725045	1
7810754	7810753	1
8746543	8746544	2
12246292	12246289	3
9350251	9350252	1
6622534	6622533	1
11730994	11730993	1
7195790	7195789	1
12375085	12375088	1
12650718	12650760	1
4591258	4591257	3
1462841	1461523	3
5153778	5153775	1
5138808	5138807	4
9382507	9655225	1
5615481	5618377	1
11596249	11596729	3
9291327	9293349	1
9368927	9368928	1
8983131	8979313	2
7336583	9026236	3
8454849	8454850	4
1756501	1756502	1
10509979	10509980	1
4873983	4872082	1
69803	69804	3
11157368	11157367	3
2199502	2199501	2
11219191	11219207	1
11103	11104	1
3696339	3696340	1
8921553	8921554	1
7714831	7714832	3
5447045	5447046	2
5271417	5271418	5
1141398	1141395	1
5370044	3859566	1
10083679	10089285	2
11792625	11792626	2
11146338	11146349	1
6182388	6182385	3
1593579	1593900	3
9195687	9195690	4
9965533	9964624	3
8982997	8983000	1
8224875	8224876	1
1853222	1844529	2
720145	720146	1
4753528	4753527	1
6186168	6186167	1
5806716	5806715	2
9171718	9171714	1
6752383	6752384	1
12148044	12148043	3
2513103	2513104	6
12382226	12381051	1
4437386	4437385	1
12184079	12184080	2
1131768	1131761	1
7192606	7192603	1
11907521	11907522	1
5600588	5600877	4
12636730	12636729	7
10170012	10170079	3
10099245	10099246	1
4347014	4347957	2
11909121	11910848	1
6380661	6380647	2
1307373	1307376	3
6919255	6919245	2
1700308	1700258	1
2846483	2846484	1
11851501	11851502	2
6188517	6188518	3
2445922	2445921	1
5452435	5452436	1
11472090	11472200	3
1065594	1065279	4
5651504	5651444	1
10895294	3926614	1
904243	904244	3
5606198	5606197	1
9508342	9508341	1
3269549	3269554	1
11176364	11173327	2
2265231	2265232	3
6378117	6378943	2
4258666	4258656	5
8451701	8451702	4
11314224	11255975	1
5444075	5443764	1
50433	50434	3
3593513	3593516	2
3597909	3597910	3
4439587	4439816	1
8813614	8813613	1
7437328	7437325	5
9974575	9974524	3
5815129	5815130	1
7930537	7930674	1
3806466	3806465	4
5274559	5274554	2
2321795	2321784	3
6203282	8536178	2
11451639	11449787	1
11929962	11929976	1
7884254	7884253	4
11056467	11056591	2
6171672	6171671	1
387918	387917	1
2034915	2034916	5
8906873	8906876	1
7197970	7197969	3
9961335	9961336	1
10432107	10432101	2
7274588	1985934	1
10115338	10115335	2
54095	54096	1
5409823	5409789	8
6838194	6838193	1
3549761	3549762	1
385384	385383	4
3189569	3189444	3
5847821	5848296	1
7232475	7232434	4
5867148	5867147	1
7798988	7798987	5
10727750	10728633	7
4919700	4919697	1
2179309	2179310	1
5262586	5263775	1
5719166	5719163	1
8212236	8212235	1
5804026	5804386	2
2744002	2744001	2
8704967	8704968	1
10166281	10166954	3
4801729	4801730	2
8957494	8956633	2
7374264	5017217	2
257359	257360	1
4445609	4445610	3
6458309	6458310	4
1453895	1453962	1
8513919	8513868	2
12395781	12395782	1
9548422	9548383	1
2379023	2351702	2
9757915	9757932	1
5656993	5656860	3
3876716	3876715	6
8794470	8794469	11
1783491	1783498	1
11724080	11724079	3
11006609	11006610	2
7640282	7640281	3
600853	600856	2
965442	965429	1
1780203	1780200	3
8200857	8200858	1
10206948	10206947	2
1715676	1715675	1
12120253	12120254	1
895130	895129	2
10910862	10910861	1
1070990	1070985	3
7788035	7788046	8
10044970	10046224	2
7648405	7648406	1
6657720	6657723	1
9513414	9513413	3
4040981	4040982	2
4940660	4940663	1
3985266	3985300	1
10542803	10542804	1
1127035	1127036	3
5358308	5358307	2
8515698	8515702	1
12599597	12600021	2
7459149	7459150	1
9970213	9970205	3
1156047	1156050	1
6962269	6962252	3
8923599	8923602	2
1618187	1618190	3
1746999	1747005	2
6209892	6209891	5
8274831	8317321	1
11133520	11133519	1
3110620	3110761	4
811816	811689	2
2104972	2104971	3
10721405	2082968	1
12736854	12736853	1
4611567	4611350	1
4480517	4479722	2
10323856	10323833	3
10180466	10180465	1
8432082	8432117	5
10663313	10663315	2
3320051	3320052	3
7904986	7904985	2
7913107	7913108	1
10674905	10674847	4
10395452	10395451	3
3582987	3582988	1
11425682	11425681	4
4731109	4731030	2
3247302	3247301	1
6017638	6017635	2
7435948	7435947	1
9492412	9492411	1
11108953	11108954	1
6698312	6697740	1
9917030	9937883	1
11120625	11120615	2
8649993	8648241	3
4642222	4642217	2
585327	585328	2
7598699	7598714	3
5720217	4879062	3
7930329	7930320	1
10985552	10985560	1
2383144	2383149	1
11553581	11615304	1
3110666	3110760	1
12378154	12378101	1
11737077	11734424	2
870075	870076	3
2478994	2478993	1
5105586	5105053	2
8150507	8150508	2
1228206	1228205	1
7560434	7560433	1
3371748	3371742	1
6663570	6663569	1
6241913	6241916	2
11007283	11007284	1
3028327	3028321	1
6301073	6300380	1
2049483	2049484	1
5748186	5748185	1
12611223	12611224	3
7023384	7023381	1
4422927	4422928	1
10182590	9325809	5
10377398	10377397	1
5257412	5256931	1
7578207	7577015	1
10042579	10042469	3
6169001	6169002	6
162224	162213	1
4479399	4478389	2
3764525	3764526	1
2463722	2464620	1
1068066	1068063	1
8781242	8782165	2
12650940	12550623	1
12315014	12315013	1
3904440	654297	3
8795117	8795118	1
2956892	2955822	1
7897494	7897360	1
5544427	5544428	2
10523587	10523494	1
2950823	2869237	1
1766402	1526325	3
9962368	9542236	1
4366123	4366124	3
6764682	6764681	1
11834136	11834135	1
4669475	4669476	3
2595773	2595776	1
11190424	11193127	1
5762866	11594693	2
9393131	9393112	1
5959785	5959786	1
12163624	12164102	1
9468689	9468706	2
10097434	10097431	1
12319205	12295982	1
5569396	5569393	2
5396188	3472410	1
9092190	9094685	1
3218095	3218272	1
10384726	10384725	2
12778033	12778034	5
8556679	8556682	5
2785602	2785601	4
6617791	6617792	1
1686060	1686055	1
2593684	2593681	1
11721491	11721492	1
1990333	1990336	1
5960847	5962458	1
10768191	10768192	2
8868243	8869619	3
4641120	4641174	1
16819	16820	1
4694440	4694439	1
9126879	9130134	5
7273582	7272784	1
4368763	4366857	2
12049385	12049386	1
4416790	4415106	4
3316045	3316048	4
4990525	4990895	1
10432024	10432021	1
7871612	7871611	6
665559	665544	3
687279	687339	3
5826282	5826281	2
5990831	5990832	2
5542863	5542864	5
9543649	9543650	1
4586821	4586822	1
2164173	2164027	1
6432261	6428500	5
9078189	9080768	2
11570536	11570535	2
4786903	4786935	1
8349966	8349934	1
7918571	12037556	6
5808268	5808267	2
6701995	6701992	1
12429378	12429301	4
7578334	4483464	2
11727873	11727874	2
5294245	5294236	2
6191018	6191017	3
7202430	7202429	3
2520585	2520586	1
1746995	1746996	5
4439911	4439809	2
4014243	4014472	2
5962777	5939692	2
9565772	9565771	3
4614819	9865646	2
1794951	1794952	5
7298822	7298821	2
7905640	7905649	2
347301	347138	1
8209913	8209916	5
6829166	6829165	3
3437910	3437909	3
10488539	10488542	1
5326345	5326346	2
10986772	10986760	1
5617765	5617766	4
9516947	9516948	1
11039307	11039308	1
1452411	1452412	6
5829208	5829272	2
5353725	5353726	1
6413268	6413323	1
3424964	3424961	1
12514467	12514468	2
3155629	3155523	1
5491383	5491384	2
10939961	10939962	3
10459167	10459168	5
2032758	2033431	2
12431150	12430631	2
3462924	3462923	6
2225785	2225786	2
2528774	2528773	1
10056489	3083198	1
5152642	5165822	4
8617373	11769304	1
1359813	1359814	1
434222	434238	1
5545619	5546307	1
5364033	5364034	1
1704923	6790664	2
11649205	11649638	3
12475360	9058875	4
8294403	8294414	1
11904260	11904257	2
5896170	5896859	2
8154780	8154831	2
2518532	2518541	1
8992440	8992439	1
8620233	8620234	1
1010239	1017702	3
251982	251979	2
11726275	11721462	8
1671153	1683499	3
9314000	9313999	2
4433189	4433207	1
1463273	1463276	3
5776998	5776997	3
669983	669978	1
3865773	3855573	1
11266574	11266573	1
1444133	1444134	1
9192989	9192990	1
2111843	2111844	3
7700086	7700085	1
1140200	1144735	3
3244939	3244970	1
6211637	6092851	4
668263	668266	1
10117135	10117136	1
2099537	2099538	2
5320574	5320581	3
12445465	12445409	1
3358046	766232	3
5545430	5545883	8
5260114	5260113	2
10108879	10106272	4
11270988	11270987	3
10277199	10293848	1
110524	110523	3
93677	93678	1
10745732	10745701	1
12639893	12639786	1
6530934	6530958	1
12295950	12295106	4
1974456	1974455	2
6178643	6178644	3
1119133	1119134	6
6829611	6823949	3
183157	183212	1
4369274	4369273	3
33629	33630	2
9517765	9517768	2
2345130	2346114	1
3741739	3742354	1
5493393	5493788	1
1461453	1461152	2
3950707	3950700	1
5904305	5904308	2
2707849	2707850	3
2322515	2322520	1
8202307	8202308	1
4380019	4380008	2
7759057	7759058	3
8173768	8173767	2
8492592	8492589	2
9795833	9795834	1
3204233	3204234	1
4733207	4733337	1
4793300	4793299	3
4531644	4531643	1
7396634	7396633	1
2070771	2070835	3
7856327	7856466	2
7131814	7131811	1
4409037	5339904	1
3302328	3302327	3
8385983	10392059	1
4141792	4141032	3
1698767	1698764	4
2101822	2101814	3
3814603	3814561	3
42491	42492	2
4161032	4161031	2
248288	248287	3
8202886	8202885	3
12297081	12297086	1
7397142	7397141	3
11076715	11076720	1
1141657	1141658	4
9911318	9911317	1
1392397	1392398	6
938983	938984	1
5612326	5610256	3
4141794	4141032	1
3734295	3732397	3
7164218	7164217	3
9763857	6965262	4
6104633	6104634	1
8188073	8188022	1
7787263	7787264	2
3249234	3249233	1
6517854	6518233	1
206157	206158	1
1071013	1071014	2
2310386	2381238	1
1873332	9073521	4
8472289	8472902	3
2519979	2519974	1
10931498	10928881	1
2818339	2818340	2
11088626	11088625	2
5263921	5263922	4
3248571	3248572	1
1186629	1186625	1
3141146	3141540	1
7115003	7115004	3
35191	35192	1
2021219	2021220	6
4197121	4197164	3
4187290	4187287	3
9528167	9528168	3
4110272	4110269	2
2121416	2121415	2
11345207	11345208	2
303096	11116379	4
1358601	1358602	4
11871130	11871129	5
12484466	12484465	1
4043955	4043036	1
5599012	5599009	1
5483847	5483850	2
10134091	10134439	2
10120694	10120808	3
12738097	12738098	1
11606272	11606271	1
6811100	6811107	4
6227736	6227735	6
11721767	11721768	1
1665412	2253084	2
4285618	4285617	1
7596914	7596909	1
1450477	1450478	3
2324383	2324389	1
9164615	9164616	1
3379516	3377054	4
10009473	10009474	1
10392446	10392445	1
1187690	1187687	1
2329984	2330866	1
7178875	7178963	3
9713745	9713746	1
2323610	2323609	1
8814685	8814686	2
1103390	1103389	1
6568695	6568655	2
8030267	8030269	2
6105132	6105131	11
4429985	4429986	2
9767505	9767508	2
327781	327782	1
10556937	10556903	1
12237877	12237959	1
7109047	7109048	1
1103351	1103352	1
11794946	11793698	1
11535996	11538250	5
3205566	3205582	1
1118170	1118169	1
12377970	12376958	1
10351531	10349584	1
9481261	9481262	1
5118448	5118447	3
4574382	4574381	3
3121813	3121814	3
8110213	8111107	2
9893801	9899130	1
10937185	10937186	1
5518279	3970944	1
6213405	6213406	3
5444317	5444318	2
9190603	9190604	1
1166400	1166817	2
7079840	7079832	3
5806714	5806713	3
8215583	8215584	2
7678925	7678926	3
7770945	7770905	1
9740450	9737850	1
5600590	5600589	5
6738476	6738475	3
6766996	6767465	2
7368511	7368512	1
7539565	7539566	1
6009184	6009183	1
3272691	3272694	1
12178377	12178378	1
7980912	7981351	3
9867980	9867985	2
11169287	11169288	5
6802686	6800461	1
10636471	10636472	1
3912021	3912235	3
11505838	11507435	3
2440445	2426367	1
11918331	11918332	1
8022798	8022797	1
3352890	3353418	1
6148807	6148808	2
5605199	5604873	1
12457599	12457600	4
1249802	1249801	5
8720956	8720955	3
7659989	7659990	6
11661498	11661435	1
3308642	3308272	2
12765815	12765816	1
2363707	2363708	1
8545317	8545318	1
4492318	4492661	3
2973735	2973896	4
1004117	1004241	1
8148672	8148671	1
6900063	6899710	1
9919163	9919164	1
3360178	9852819	2
193959	3046145	2
11515572	11515569	1
2111109	2111134	1
6182381	6182382	3
5349702	5349701	1
8381493	8381375	3
11430962	11432193	2
2485469	2485470	4
1712581	1711943	2
10899974	10899934	3
6519623	12493890	1
5212605	5212602	4
2158434	2158457	1
8694329	9296172	3
11315986	11315985	2
1752996	1752995	1
9009193	9009196	1
9094436	9094435	3
5375685	5375686	5
7824834	10682644	2
8746545	8746519	1
9484639	9484640	2
6014575	6014576	2
10062820	10062817	1
9085460	9085459	1
10726831	10726832	1
4417040	4417039	2
10992694	10992714	1
2012243	2012244	1
1758492	1758491	3
7052484	7052594	3
12752557	12752558	4
10959594	10959564	3
2888934	2888933	1
11882753	11882850	1
9820336	9820333	5
5697166	5697163	2
4536616	4514651	1
9487995	9487996	2
8522224	8522223	4
280411	280412	1
8196993	8196994	1
10083086	10083085	7
5591318	5591317	2
2526390	2525716	1
5979177	5940159	2
12127642	12337196	3
8866737	8866822	2
6057286	6057285	2
9101424	9102946	2
7085208	7085207	1
6123708	6123656	4
4017028	4000213	1
7302063	7302066	3
5053596	5053595	5
9673737	9673738	1
5966063	8244285	2
4615786	4615785	1
10674024	10674023	1
10796927	10796154	1
7143579	7143580	2
4567119	4567120	2
11662470	11772509	1
10925939	10925940	1
12231256	12227167	1
6810633	6810636	1
4366651	4367231	2
5617309	5617312	1
3501220	3501238	1
12375026	12375025	2
3964643	3964644	3
7536752	7530920	1
10289856	10289915	4
8815842	8815841	1
4077202	4077201	2
4689165	4689106	3
2332656	2332655	3
2342834	10606510	1
1869742	4699027	3
1315233	1315234	2
7427974	7427973	3
3163378	3159023	1
11072896	11072895	2
12484478	12482220	1
1747358	1747355	3
11051039	11051040	2
1658974	1658973	2
2046965	2046098	1
7313291	7313292	2
10120905	10120360	3
11818289	11817411	2
6539987	6539990	1
8773632	5599699	1
8978003	8978016	3
4610599	4610600	3
6723174	6723173	3
10157162	10157161	2
6198434	6198415	1
4726968	4726945	1
4630141	4629863	1
114008	10325624	4
7458157	7458158	4
5940402	5940401	2
3330373	3330374	1
3997865	3997866	1
10335963	10335964	2
9846596	9846595	2
6691357	6691362	5
5442762	5442761	5
3358384	3358363	1
834821	834826	1
1960307	1960308	10
6845765	6845766	3
2370855	2370858	1
6209890	6209889	4
9068146	9063377	1
3861296	3861361	2
6727871	6727872	1
8834411	8834412	3
9182547	9182548	3
5276464	4379446	1
486206	486195	1
9746669	9746686	1
975363	973963	1
6537411	6537412	4
9774441	9774444	1
4107540	4107539	3
4096249	4096250	4
9596530	9597309	1
2074336	2074335	2
6712396	6712395	1
1850104	1850103	1
10911759	10911752	4
485745	485746	1
10076636	10076213	2
3031704	3031699	2
9521795	9521796	2
8223917	8223935	1
10920367	10920370	1
1082164	1082163	2
7978282	7978281	1
11583575	11583576	2
11314066	11314065	1
6366609	6366610	1
11557395	11557396	1
6949931	6952294	1
2205029	2205030	3
2750335	2750338	1
4736237	4736238	1
11547907	11547908	2
11624977	11624978	3
2565602	2565601	1
8799486	8799485	1
5191746	5191743	1
11068609	11068610	1
1758271	1757779	2
7227190	7226514	1
6014214	6014199	3
9308329	9308330	1
2953904	2953903	3
4819577	7429335	3
1374391	1374392	1
7116487	7115675	2
10998892	10998891	2
11821702	11821701	1
9576779	9576818	2
3546764	3546763	1
8821064	10993130	1
1769998	1770001	1
8063789	8063662	1
8843883	8843884	4
443633	443623	1
6173228	6173227	3
1041642	1036570	3
1019701	1019296	1
9569948	9569947	4
4823307	4823281	4
11097177	11097178	1
7402144	7402143	3
3202873	3202874	1
12666364	12666363	1
2532739	2365099	1
8680076	8680073	2
10238402	10238401	1
6861646	6861645	1
7373439	7373440	5
613052	613051	5
1377918	1377824	1
8673525	8670367	1
11861524	11861523	2
1921185	1921188	1
305748	305507	4
9095519	9095520	2
12655743	12655744	1
7704998	7704997	1
3022894	8502294	1
12129298	12129260	7
4266567	4266536	3
5250650	5250921	3
2940743	2940744	3
10799892	10799889	3
10766280	10766279	1
7356650	7357252	6
7596091	7596092	5
10052804	10052803	3
6946040	6946039	3
2329208	2329207	1
5627088	5627087	2
4860090	4860089	3
7467895	7467896	2
4031372	3503494	3
10291754	10291751	2
4550703	4550467	3
9524595	9524596	2
9851635	9851636	1
1053151	1053152	2
5210114	5210113	1
9795196	9795188	1
11615645	7418514	1
3280294	3280291	6
11880092	11880091	5
5291215	5285698	5
3370104	3370103	1
7550778	10390292	1
11607956	11607953	1
2891659	2891660	1
5627584	5630275	3
12284228	12284227	1
4737312	4737311	2
9653191	9653208	3
8842612	8842611	1
3746128	3746125	2
12189660	12189657	2
363106	362835	1
7412519	7412526	1
12292191	12289727	3
3400023	3394839	3
1190570	1190567	4
10607375	10607378	1
4006882	4006881	2
5162098	5162101	3
10246059	10246060	2
6863933	6863934	3
5126529	5126530	1
5904305	5904306	5
8496791	8495549	1
1746993	1746998	1
10180250	10182015	1
6121672	6121671	1
5798847	5798848	2
9028875	9023157	4
9060974	9060973	1
6116156	6116134	3
10099199	10099200	2
1743417	1743418	1
5313007	5313008	3
377836	377835	2
3155522	3155521	1
6113213	6113214	1
10219475	10219478	1
1635468	1635467	2
8194180	8194177	2
966175	966176	1
7302116	7302097	1
1147533	1147534	2
2710295	2710296	5
8330984	8330939	1
11914591	11914592	1
1392988	1392985	5
4388397	4388398	4
7160117	7159679	1
7726756	7726753	2
10395168	5185129	1
9532635	9532636	3
7749070	7749067	1
2317624	2317623	3
6521433	6521434	1
3265354	3265353	1
12015881	12016279	5
572925	572942	4
8181626	8181625	2
2989012	2989011	1
12003886	12003966	1
7389743	7389692	2
2637222	2637221	1
6532570	6533143	4
7801784	7801783	3
2024267	2024268	2
10312167	10312140	1
1297696	1297693	2
1846136	1846135	3
11409017	11408366	1
11578996	11578995	5
2887640	2887639	1
1950257	1950258	2
5019312	5019311	3
11424080	7210954	1
8795462	8795461	1
9084863	9084864	2
4092764	4091711	1
11309965	11309966	1
1637751	1637752	2
7335242	7335472	1
3692812	3692811	3
10719179	10720121	2
5467246	5467245	3
993210	993764	1
3359927	3359928	1
7359791	7359945	1
5949504	5943662	3
9484629	9484630	1
12793822	12793851	3
1335234	1333031	2
8104060	8102645	3
4143812	4143776	3
287461	415058	1
6572282	6572294	2
5005455	5005456	3
10003743	10001999	2
9867986	9867985	1
10693801	10693393	3
1695383	1695384	1
8757758	8758191	2
5909390	5909389	1
11494883	11494888	1
6281796	6281795	1
7959397	7959318	1
3198617	3198610	1
4926671	4926672	3
12782371	12782372	1
1976251	1976252	3
1219786	1219735	2
5552943	5552946	1
3029006	3029092	1
11639680	11639679	1
2419324	2419323	2
1380329	1380330	3
2596267	2596268	1
12205653	12206247	1
8305283	8305415	1
433969	433972	4
8572891	8572887	2
9141284	9143913	2
2316943	2316945	1
711744	711747	2
4480265	4486332	1
2326821	2326742	1
12264909	12253193	1
8971372	8971371	3
4060493	4060524	1
12150398	12150443	1
6473949	6468048	3
7550121	7550122	4
3806996	3807010	1
11152424	11152423	2
9089143	9090306	1
7793360	7793359	2
7553730	7553729	1
7316678	7316677	2
12024817	12024693	1
7447356	7447355	2
5964320	5963937	5
3854574	3854571	2
6641442	6641518	1
4583343	4583170	3
3932900	3932897	2
1080901	1080902	2
6694443	6694444	3
11439108	11439107	2
10370925	10382736	1
10218105	10218106	2
4157581	4157582	1
465045	465046	4
671916	671915	2
10922176	10922175	2
2749157	2749158	1
10558926	10559253	7
10094452	10094455	2
2351938	2351849	1
10330383	10330384	1
5751927	5751928	1
6442087	6442066	1
10052135	10052268	1
1054464	1054610	3
5833439	5833866	4
9932323	9932326	2
5835920	5835919	1
7586730	7586733	2
8953554	8953553	3
10419273	10419278	3
5665420	5667279	2
4477286	4479380	3
2505837	2505838	1
3831868	5411759	1
4752842	4752841	2
2513627	4530829	1
4526111	4526112	1
12536105	12536118	3
11799125	11799174	4
11678098	11678097	1
5426335	5426336	2
668167	1493901	1
6199307	6199315	2
4706241	4706244	1
6173350	6173312	1
7791766	4256447	3
2299623	2299624	2
9514632	9514631	7
434222	434240	1
11441545	11441517	1
8957277	8957278	2
3184582	3184603	1
9359390	3806027	1
11943451	11943461	1
11382107	11382108	1
10611604	10608069	2
2513453	2513496	1
8162658	8162655	1
10384153	10384154	1
5828489	5828490	1
9892230	9892229	1
7928127	7928125	1
3800343	3801152	3
12450442	12450252	1
2563207	2536941	1
4087447	4087422	1
7389555	7389556	3
4568980	4570816	1
5733047	5733059	1
11347154	11347153	2
665189	665190	2
2076871	2076878	1
8423279	8422768	1
1330274	1330277	2
6390593	6390594	3
9113223	9166581	1
5963936	5963933	4
9534688	9534691	1
11916960	11916957	1
3095088	3094987	1
12375081	12375082	2
10097374	10097394	4
4814936	4815213	3
783993	783952	7
10299041	10299044	1
818453	818454	2
4540546	4540545	3
1468278	2088821	3
10211987	10211988	1
8241764	8241763	3
11246913	11246914	2
7945682	7945681	5
11294301	11294166	1
3290967	3290968	3
3424936	3424935	2
7334313	7334190	1
11672991	11672992	2
658887	658892	1
2727741	2727742	3
5074903	5074904	1
7683684	7683621	5
6988377	6988365	2
5590190	5590193	2
11153125	11153126	3
1099212	1099191	1
8752521	8752522	2
1515277	1515260	7
10073417	10073418	1
3362967	3362991	1
11835660	11853279	5
11268473	11268474	4
11556944	11557394	3
5870238	5870237	4
11714129	11714130	1
7831864	7831863	3
3272693	3272694	1
10169009	10169010	2
838438	838437	1
2287082	2286934	1
4265498	4200133	3
8105290	8105751	1
11427653	11427654	5
11987172	11987171	3
1088520	1088519	6
11931181	11931182	2
3166257	3166258	3
8257519	8257520	3
2443108	2443107	5
5677598	5677597	5
2279343	2279344	1
7942369	7942370	4
9453572	9453571	1
3499308	3499303	1
12499014	12499021	1
8075687	8075594	2
11912047	11861462	2
2894006	2894005	4
5752372	5752371	4
6023383	6023384	2
9942567	9942568	4
6478481	6478482	2
3987710	3972987	1
3961585	3961586	1
8826936	8826935	1
5555216	5555517	1
6095951	5962911	1
11425783	11424081	5
4393279	4450434	1
2833914	2833911	1
12792331	12792332	1
11264188	11264187	2
1711835	1711848	1
1535716	1535715	2
6637518	10176946	1
5651652	5651651	1
3106266	3106265	1
7379505	7379506	2
5521364	5523149	1
9140923	9140924	2
4220938	4220937	1
5363292	5363193	4
7000504	4275097	3
11866732	11866731	1
240680	240679	3
5627450	5627577	4
1415162	1415161	4
1631335	1631336	4
3926617	3926618	3
1427599	1427543	3
2953897	2943505	1
9254106	9254105	3
1922375	1928431	1
1844098	1846826	1
1304302	1304301	2
5771341	5771342	1
4078402	4078401	3
2118887	2118867	4
1285288	1285287	2
96420	96298	1
8217348	8217347	2
2416703	2416704	2
8413258	8407874	1
4017853	4017856	1
2853152	2853473	3
1458079	6193542	2
513723	513724	1
6032143	6032144	1
12744458	12744457	4
11794425	11856768	2
1370263	1604806	1
9160282	9165705	1
7065185	7063571	1
7102116	7102115	1
5456620	5456614	1
7034227	7034228	1
12178714	12175652	2
9755021	9755012	2
11751015	11751016	3
5419958	5419912	1
9902894	9902867	1
7977027	7977028	2
7446349	7446350	1
9978715	9978716	3
4245114	4245113	1
2297358	2297357	1
1836156	11336243	3
7289997	7289998	2
5616709	5616710	1
173442	173456	1
7136528	3374776	3
10706066	10706065	1
6449851	6451013	2
11004865	11004866	3
10254961	10254829	2
3200517	3200518	1
5527405	5527302	1
1717440	1717439	2
3325645	3325646	1
2887327	2887328	1
5021754	5021753	1
6136047	6136048	3
12007340	12007257	6
6024406	6024405	3
10349427	10351815	3
104969	104970	4
6810629	6810632	2
4042548	4041960	1
7381016	7381049	2
2036556	2036553	4
981508	981507	2
7394800	4819588	3
8396521	8396522	3
4745102	4738571	5
7790440	7790504	1
9334444	9334443	4
1599763	1599764	1
11061878	9265328	1
12523310	12523319	1
9344158	9344183	1
10285274	10285273	1
9115897	9115898	2
7519161	7524823	2
6027305	6027306	4
5555527	5555528	1
11120849	11120850	5
11140482	11140583	2
10196863	10196866	1
10960142	5964648	2
5602185	5602088	2
5267016	5267011	2
12454177	12454180	1
4992386	4992385	1
4800598	4800597	1
10899565	10899566	1
11805874	11805873	2
5299677	5415560	1
69803	69806	1
7526621	7526564	2
1027979	1027980	1
3600172	3600012	1
7244693	7244628	2
8510239	8510401	2
4765567	4765572	1
5328796	5328795	3
4571552	4569663	2
8404120	8407191	4
4670660	4670695	2
1665979	1665880	1
12454177	12454178	1
11655063	11655068	1
2855077	2855078	1
3360669	3360217	1
10151497	10151498	4
12678757	12678729	3
4748066	4748063	2
8044364	8044363	4
12780880	12780879	2
5336835	5336844	2
4465373	10744994	1
6107434	6107649	1
2256147	2256148	1
4063666	3939181	2
9421829	9423078	1
6763666	6764592	1
11537308	11537307	2
10933744	10936487	3
7295949	10424561	1
8258478	8258477	4
2900371	2900372	2
8078942	8078259	2
10754432	10752977	1
10070080	7446342	1
6967198	6967197	1
9233091	9233088	1
5585270	3979320	2
11388218	11388217	3
9502394	9502393	1
5652604	5652600	1
6903362	6905214	3
10726831	10726834	1
9954745	9954746	2
6125385	6125386	1
2278417	2278418	2
2538575	2537949	2
9563211	9566066	2
9336920	9337000	1
10469097	10469102	1
970718	6938399	1
10330308	10330307	5
1017191	1017192	4
6016922	6016515	1
4233195	4233164	2
7433186	7433185	4
6010127	6010128	3
2230670	7306156	1
8612229	8612230	1
7022649	7022650	2
7895764	7895742	1
964918	964917	1
9529600	9527923	1
3054097	3054098	2
11530426	11534741	1
10140853	8681775	1
3298123	3298124	1
7867255	7867256	3
10221917	10221918	1
8273492	8273731	2
12448854	12448853	3
322094	322093	2
1301448	1092055	2
5804640	5804556	2
4769748	4563563	1
7752236	7752239	1
7022649	7022634	1
2461294	2461293	3
1373057	1373058	2
7192965	7192966	2
576608	576607	3
6706753	6706694	4
5551367	5551368	2
7916684	7916683	3
1775141	1776651	4
1278941	1278942	2
6968768	6968767	3
4026450	4026424	2
4241248	4241247	1
6126461	6126541	2
9325064	9325081	4
6053127	6053128	1
5282063	5282064	2
862717	865199	7
8923601	8923602	3
651579	652304	3
11082327	2544992	2
4490215	4490209	2
11924653	11922044	1
2014169	2014065	3
10906808	10906807	3
1070862	1070861	2
3191206	3191205	3
6526217	6526218	2
7515219	7515220	1
446261	446127	4
8050937	8050786	1
11183722	11183721	3
10405310	10405309	2
4613828	4610980	2
8862134	8862131	1
8606271	8606268	1
10885781	10885782	1
7502003	7501597	1
6076732	6078636	2
1546995	1545912	4
4591231	4591232	1
2749661	2749662	1
9051682	9052901	2
2044330	2044329	2
6048464	6048463	1
365481	365482	1
7728823	7729005	1
1340861	1340862	1
10116164	10116043	3
4687522	4687521	3
11002255	11002256	2
11661461	11661462	4
2838565	2838566	2
8817250	8818216	1
1037669	1938289	1
8532863	8532864	2
6134829	6135027	1
12314917	12314922	1
5928174	5928173	3
12767654	12767653	1
1253590	1253589	2
5925671	5925672	2
8472699	8225843	3
9320756	9318696	2
637924	637923	3
12283876	12283875	1
7781052	7847157	1
6211060	6211064	1
1579924	1579923	1
5067807	5067808	1
11830234	11938635	1
9849619	9851557	1
6321160	6321133	4
5281544	5281541	1
8657705	8657706	2
12575301	12575302	1
11522300	11519627	2
457184	457162	4
3295451	11086266	3
10204077	10204078	2
5350934	5350933	1
11264748	11264187	1
1974819	5240048	3
748616	748615	2
5786716	5771104	3
8040720	8040719	1
12814114	12814111	2
6380648	6380647	6
12560115	12555421	3
12178361	12178362	3
10584697	10584700	2
2738347	2738348	3
4039252	4039233	3
9669481	9669569	1
3236458	3236457	3
3458577	3458578	3
8869869	8869870	2
1050168	1050144	1
8374096	8374095	2
11555778	11555767	3
2456629	2456630	7
12386636	12386655	1
3985147	3985148	1
1228938	1228933	1
9522616	9522615	1
5723139	5723133	2
7220542	7220562	3
12381651	12381652	2
5199412	5199411	1
6743928	6744315	2
7367953	7367954	2
763997	764277	3
6165463	6165464	3
11524400	11523325	1
4060419	4060427	2
12360451	12362036	3
6070440	6070439	2
3141827	3141539	2
12807429	12806984	5
5412438	5412437	1
9320796	9320795	2
6867770	6867769	2
10389056	10389045	4
11579195	11579196	1
10009665	10009662	2
5309990	5309900	8
2694193	2694196	1
9261209	9261210	1
11295404	11295403	1
2260721	2260722	1
3607128	3607127	2
10278962	10282151	1
5227695	5227696	3
3280296	3280287	1
5695960	5695658	2
7604501	7604502	2
10683915	10683916	1
6055226	6055225	3
2582405	2582383	1
6557526	6557525	1
215327	215328	6
2510259	2510262	4
11219208	11219207	2
7163826	7163825	3
11352156	11352830	3
9572557	9572123	1
637915	637918	2
9539580	9539388	1
2019793	1981322	1
9969647	9969679	2
7538427	7538428	1
6770355	6332769	1
6627231	6622233	3
6528736	6528735	1
11458897	11458898	3
5097210	5097209	2
8634610	8634609	1
3301263	3301264	3
2252350	6021180	1
3026360	3026357	1
2559787	2559790	1
163632	163631	1
6175286	6175285	4
6745767	6745768	1
3303091	3303052	1
5511627	5511628	2
529301	527850	1
12002350	12002349	1
3772631	3772632	1
6181277	6181278	2
6116156	6116136	1
224938	224937	2
5909393	5909394	2
7936460	7936794	1
8172622	8172621	2
11961060	11963144	1
1498420	1460395	3
1971014	1971013	3
10779751	10779776	1
5537416	5527150	1
2900410	2900409	1
874444	874443	1
6438738	6436645	1
5352169	5352170	3
5862097	5862098	1
8633334	9172073	4
5818111	5820246	2
4164741	4164742	1
11789582	8738723	1
7813956	7813953	3
5697080	5697079	2
8041173	8041174	1
11253350	11317104	1
1699601	1699602	4
2606523	2606524	2
1419383	1419384	1
128620	129151	2
3672395	3672396	1
11523866	11524052	1
2853883	3092937	1
7043994	7043993	3
2060375	2060376	1
1801384	1801521	5
10067495	10067498	3
7408276	7408275	1
7400878	7400928	2
3756014	3756043	1
11460313	11460314	1
12309415	12309416	2
9060854	9060853	1
2039440	2039439	1
8879710	8876865	5
7962503	7962504	3
1860099	1859702	4
7084367	7084368	2
4415883	4415884	1
9496423	9498211	2
3001647	3001650	1
2825815	2825816	5
8479781	8312950	2
5131361	5131367	1
6877347	6877348	2
10378043	10378044	1
6927314	6927313	4
11478927	11478187	1
6673862	6675139	4
973598	973568	3
7257992	283742	1
448015	448016	6
7166228	7159598	5
6191093	6191094	2
9825935	9826642	1
469167	469170	2
1086595	1086596	2
6614122	6614121	1
9476854	9476853	4
5878669	5878674	1
11101979	11101980	1
3631121	3631122	3
7561211	7561183	3
12375085	12375086	3
1875259	1867319	1
5365264	5365295	1
10416322	10416319	2
6195285	6195288	1
10337836	10337835	1
7271382	7271381	4
4687530	4687529	1
7830401	7830402	1
4958043	4958040	1
6905762	6905755	1
4402300	4523009	1
10420671	10420579	1
5240132	5240131	2
3718561	3718562	4
703027	703030	1
11757587	5838135	1
5456758	5456755	4
1356660	1356655	1
4388929	4388930	2
4399199	4399202	1
12191928	12191927	3
10547666	10547665	1
10155868	10158663	1
9825933	9825934	1
8023608	8023607	1
10627089	10627092	1
12290009	12290017	1
1323764	1320333	1
8511901	8512507	1
6342497	6342492	3
4953770	4953769	2
4066987	4066988	6
4776305	4776306	3
11546943	11546944	6
7293798	7279818	1
4052605	4052606	1
417302	417301	1
284804	284803	4
5751002	5751001	1
10226898	10226971	5
10018406	10018405	2
3068286	3069521	1
5959422	5959516	1
2156273	223331	1
3801161	3801162	1
11330709	11330710	3
8971884	8972039	5
8812423	8812447	6
3908678	3908677	3
3627605	3626501	1
9854206	1861369	1
3106812	3004588	1
2231044	2231066	1
1730358	1734318	5
9957129	9957130	1
6952416	6952413	2
5723905	5723906	2
6339018	6339021	1
474151	474156	1
6144673	6144674	2
11686093	11686094	4
6664165	6662673	4
30320	30295	1
8206576	8206304	6
8993676	8992653	1
7217856	6106737	1
9772372	9772371	1
5312292	5312291	5
7615314	7615316	1
1668033	1668036	1
792657	792658	6
9969678	9969677	3
2271578	2906466	1
1418951	1418857	1
6552518	6552515	4
8129663	8129304	2
7352308	7352307	1
8265303	8265304	4
2211263	2211192	1
10005022	10005021	2
3010001	3009994	4
7224479	7224482	1
34015	34016	1
4506072	4506075	2
10443524	10443521	2
10907646	10908346	1
10399435	10400699	1
9919674	9919673	1
2536818	2536817	2
10156033	10157167	1
2373615	2373618	1
8423959	8423962	2
6116135	6116136	3
10083955	10083947	1
6054359	6054362	1
7546190	7546189	1
5881798	5880686	3
9018383	9018331	3
11336400	11336399	1
1031860	1032650	3
8623227	8623230	1
781666	781665	1
8611879	8611880	3
5758864	5758861	1
11824299	11824302	1
8417560	8417559	1
2205094	2205089	2
1156264	1156263	2
8831479	8831484	1
1020615	1020616	1
8702420	8704991	2
10074768	10074767	1
5275300	5275299	2
1304304	1304301	1
8090195	8090184	1
4948728	4948727	6
2399685	2400197	1
9137817	9137818	3
1766409	1526339	1
4776481	4777864	3
11878085	11878086	1
3217172	618996	1
8533978	8533977	2
5550861	5550862	2
6516320	6515850	1
4198691	9320392	2
3483024	3483023	2
4936197	4936789	2
7936520	7936519	1
1559895	1559896	3
3273980	3273979	1
1007974	1006852	1
4517869	4518659	2
10075090	10075089	2
6112206	6112205	2
1243283	1243284	6
2771619	2771620	6
681053	681054	2
5587172	4724157	1
10159213	10159214	3
3950828	3950827	2
10916610	10916613	1
11594850	7915282	2
6778191	6778091	1
4196878	4196877	2
10008344	9420830	1
2283405	2283406	2
8454739	8454053	1
9857929	9857930	12
10900955	10900967	3
1636254	1636253	6
7737823	7737801	1
1340222	1340219	4
5440114	1665978	2
5677026	5677025	5
10182954	10182953	3
11462069	5932662	1
4541221	4695248	1
4074509	4074512	3
3759735	3759736	1
9833735	9842588	1
9981671	9981672	1
1168242	1168241	2
1235832	1233655	2
4792129	4792130	2
10922586	2490256	2
7582961	7582962	3
8397118	8395945	1
9585386	9585389	1
3289511	4145836	1
11870882	11870673	5
8330986	8330939	1
8219009	8219012	1
6141958	6141955	2
6750366	6750365	2
3340659	3340660	2
4465373	4465331	2
7269671	7269680	2
10067136	10067133	1
10410342	10410341	3
108144	108306	2
1265217	1265218	1
7882351	4529515	1
10099243	10099244	2
7717833	7717834	3
6750860	6750859	6
6687985	6688031	1
8743679	8743680	2
6773525	6773526	1
10920222	10920221	2
11777423	11777424	1
3683658	3683657	1
10335942	10335862	5
8376278	8170179	4
7368973	7368974	2
6523414	6523749	2
3719514	3718733	1
11943830	11943829	1
2270027	2270028	2
9148130	9148129	2
6021869	6021880	1
6366899	6366900	1
2771615	2771616	4
8253160	8250735	1
1399925	1399926	3
4080424	4080423	1
7954252	7948990	6
5579876	2323201	1
8379572	8379571	2
2592164	2592163	3
8627705	8627706	1
3937258	3937342	3
8002167	8002168	3
10291756	10291755	2
11818289	11817407	3
1820679	11469729	1
5267016	5267013	1
63433	65021	1
10716899	10715690	1
8067241	8067242	1
5982843	5982844	2
8308762	8308863	2
8273122	8273121	2
1746991	1746994	1
2237239	2237240	2
11114024	11113892	1
630658	627696	1
6822928	6822927	2
1626657	5990309	2
3036566	3036565	2
380685	380708	1
6300875	6300876	1
10123735	10123736	3
5300041	5300042	3
2567003	2567000	6
5716156	5716153	2
12040114	12040164	3
4011408	4011382	2
12603051	12603038	3
3855574	3855573	3
7998659	7998670	1
7735244	7735243	4
1520484	1520483	1
11234415	11234416	1
2831768	2831767	4
8863536	8893012	1
5297326	5296560	1
3016383	3016465	1
8802336	8802333	1
4156932	4156931	1
11588529	11588518	6
11306317	11306318	3
229815	133603	2
6178229	6186017	7
9693423	9693424	2
11871546	11871543	1
8609387	8609388	2
5601635	5601636	2
2485453	2485454	5
5488900	5488899	2
6951295	6951296	1
6185801	11178950	1
5229055	5229056	2
9376601	9376602	2
1863629	1863630	1
2394271	2394272	1
7447481	7447482	1
1121554	1121553	1
12045812	12045832	1
2891287	2891288	1
8848983	8848958	1
7486505	7486520	1
8045330	8045329	3
3333298	4799939	1
10081984	10081983	1
3828834	3829864	4
12226468	12226467	2
10748238	10748237	3
4738972	4738969	4
10890224	10890245	3
1240196	1240183	2
6170720	6170725	1
9865653	9865654	6
9153861	9153862	2
3270354	3270353	2
10538483	10538484	2
7382895	7382208	4
3889356	3933653	3
10630799	10630800	1
5734393	5783420	1
5939686	94795	1
3051404	3051403	1
699744	699588	2
5635824	5759462	3
6104654	7200636	3
6193220	6193183	1
908233	906125	6
11580972	11580969	1
4826256	4826255	1
10377740	10377739	1
12352167	12352164	1
4278672	4278671	1
6498682	6498681	1
10462331	10462332	1
2034468	2034465	4
5529678	5516240	4
10043782	10043316	1
11268469	4028551	1
7687895	7687898	1
11336244	11336226	3
10965959	10965960	1
3874125	3874110	6
10083086	4719081	1
11870382	11870160	3
8742913	8742914	2
5903834	5905175	1
5356869	5356880	5
11601135	11601193	5
8766375	5471325	1
11728466	11708485	4
6894802	6894801	1
7945192	7943676	3
10908263	10908337	1
8954520	8954519	1
1490003	1489998	1
5058111	5058038	1
7808418	7808417	4
6234767	6234702	3
6537407	6537408	7
8108329	8108330	2
3260211	3260212	4
1360922	1360921	1
11789582	11789724	5
3745009	3745010	4
7014700	7014699	4
2369848	2369847	2
6511536	6511535	2
1463384	1463381	2
181536	181535	5
11251069	11251070	1
10871374	10871373	1
8110727	8110653	1
12632043	12632050	1
7725123	7725126	2
11464683	11464684	2
5475710	5475709	2
5860785	5860786	2
6723172	6723171	2
8858193	8858196	2
9970190	9970312	3
6173021	6173059	1
469169	469170	1
2547952	2547951	2
4724120	4724119	2
671955	671956	2
6914644	6914643	1
7747058	7747057	8
10036067	10036494	8
11072918	11072917	2
6152327	6152332	5
2164741	2164759	3
4573139	4573140	2
2729961	2729984	1
12785571	12785474	1
10539636	3277062	3
7695407	7695412	3
6232963	6232964	1
4816915	4816916	1
2074336	2097596	1
8060095	8060106	4
6101185	6100787	3
11387585	11387586	1
11135254	11135281	2
2612264	2612267	1
1501480	1501479	3
7446378	3925298	3
648297	648300	1
8302969	8302549	1
6212842	6213391	3
8179489	8179490	1
1313755	1313745	2
11982471	11982472	3
7025955	7025928	3
249418	249417	2
103273	103274	1
12145476	12145479	1
2125688	2125693	1
7427772	7427771	1
10289037	10289048	2
333092	332896	3
3969087	3969088	2
4059328	4059327	1
631987	631988	1
8156457	8156458	3
6545578	6543022	1
11385112	11385111	4
9718538	9718537	2
7133271	10401645	1
198978	198977	1
5375400	5376237	1
8759134	9123094	1
11723972	11723971	2
8447424	8447421	2
8237887	8237888	1
5817699	5817700	5
4624527	4723832	1
7417402	7417399	1
6002447	6002448	1
11965477	10232203	2
2979088	2979085	1
4583625	4583626	2
8180261	11549811	2
4483584	10274341	1
1504411	1504412	1
6465406	6465405	2
4243740	4243789	1
3130056	3130053	1
3131785	6591177	1
5880957	5880958	2
2940102	2940101	1
7654042	7654037	2
8428629	8428630	2
5671775	5671776	1
8873130	8873127	1
3977444	3977443	2
908232	908231	4
913511	8472614	1
3858536	1979697	1
6116073	6116074	1
377674	377630	2
2136879	2136880	1
6858632	6874714	1
6014622	6014619	1
6168257	6168303	1
1868085	1868086	2
1417651	1419914	4
2520895	2520896	1
4070016	4070015	2
7524266	7524265	1
7911848	7913107	1
9506183	9506184	2
11388216	11388226	3
2591230	2591227	1
224014	224013	1
9908456	9908455	1
6977576	6977575	3
6276467	6276536	4
6022716	6022715	1
4113088	4111032	3
5983475	5983476	2
9511481	9512004	1
2896069	2896070	4
5212884	5213117	1
7346326	7346325	1
3513794	3513793	1
3650675	3650687	4
1036714	1036088	1
6172097	6172196	2
3145967	3145975	5
6243940	6243939	2
8839102	8839099	1
2266076	2266075	2
8712300	8711714	1
4682293	4681349	2
7932429	1711527	1
5117808	5117807	3
10761127	10765859	3
3556936	1920035	2
8625147	8625148	1
1090135	1090138	3
6349594	6349593	1
10505228	10505227	1
4154411	4154412	1
4048135	4048136	4
1033477	1033478	2
7651476	7648687	2
10432756	10432382	1
7022699	7022700	3
1974664	1974663	1
9330564	9330563	3
7394811	7394817	1
10674903	10674847	2
5972162	5972159	1
8040107	8040108	1
2075635	2075638	4
3377344	3377343	3
10138812	10138811	1
6123325	6123356	3
7759647	7759648	2
279539	279467	1
6886431	5777679	3
11117278	11117277	6
3270926	9139975	2
4060489	4060490	3
9720686	9720681	2
9921881	9921943	1
4530689	4530350	1
10253569	10253570	2
8528122	8528121	1
6465811	6465825	1
6888750	6888749	1
7879914	7879913	2
10603508	10603507	2
5021775	5021776	1
9751915	9752096	1
9320493	9320496	1
5354396	5350990	2
11175396	11175393	1
6327830	7021742	1
6855967	6855968	1
766957	767665	2
10367730	10367729	1
9566959	9566960	3
7904027	7904028	1
2326821	2326579	1
5204612	5204611	2
4386584	4387361	1
583953	572022	5
11125570	11125569	1
9887156	5873349	1
7794509	7794510	3
6042290	6042289	2
756747	756750	2
5014854	5014853	1
10679745	10679746	6
6043794	6043777	2
4115335	4115336	1
422690	422689	2
12611096	12611117	3
8209647	8210731	2
505693	505497	1
8404557	8404584	1
4068577	4068582	1
12462930	9079160	3
3462098	3462087	2
12602726	12602723	1
5333010	5331836	2
1596892	1596863	1
1680138	1680137	2
6442989	6442992	3
12351094	12351089	1
1459146	1459145	4
4057071	4065640	1
3483020	3483019	1
968971	968972	2
5977765	5977766	3
10413097	10413098	1
5075343	5075344	1
348490	346209	3
5634437	5634646	2
12797385	12797386	1
11385331	11385332	2
3204231	3204234	1
376491	376492	1
2576752	7655558	1
249977	104731	3
5397264	5397261	6
11214750	11214202	1
3937814	3937813	2
5154789	5154790	1
879507	879429	2
6069438	6070123	1
6652496	6651860	1
7939702	7870488	2
10061296	10061295	1
7586734	7586733	1
11002692	11002681	1
7446426	7446425	1
3097334	3097351	3
2167281	2167276	1
4739445	4739446	1
5545321	5545738	1
2923250	2923247	3
7834449	7834450	2
4648375	4648106	2
11908526	11908525	1
9278935	9278936	1
6867772	6867771	3
6741405	6741254	3
12796541	12801272	1
5751000	5750999	1
8837017	8837018	1
3548791	3548792	1
8838189	8838190	2
11219722	11219725	6
7326345	7326348	3
1133060	1133057	6
10059444	10059441	1
7697723	7697692	1
6148907	6144383	2
2883514	2883379	2
10892701	10891985	1
7987853	7987854	4
6870692	6870885	1
1069059	6810594	1
4786762	4786761	2
1263769	1264723	1
387916	387915	1
12467421	12467460	2
828660	53399	2
265319	250218	1
1536008	1535910	2
7458869	7458870	2
5553464	5192186	2
11424044	11423698	3
3749310	3749309	1
12484903	1793458	4
11720614	11720642	1
12627033	12627036	4
2242122	921109	1
2036894	2036893	1
11907519	11907522	1
12448854	2935896	1
310269	310793	1
11602111	11602112	1
4049574	4049579	1
10095987	10096321	2
8509516	5409729	1
988713	988714	2
5535021	5535062	2
6008901	6008902	3
4215700	4215699	1
3853185	3853186	1
1457457	1457458	1
5811598	5811597	4
8194550	8177627	2
3532475	3375946	1
12227168	12227167	2
2083102	2082968	2
3554838	3554837	3
11408115	11408116	2
6037471	6037076	1
7223834	7223886	2
54532	56422	3
2185400	2243659	1
11861515	11861516	2
51428	52216	3
4545179	4545180	1
6840563	6841439	1
8240186	8240185	4
7232438	7232437	2
11371014	11370541	1
5618552	5618551	2
8419382	8419377	2
1397655	1397836	1
2090882	2090881	1
2139789	2139780	1
7174378	7174377	2
8556422	8556421	1
4672811	4672812	3
10240936	10240903	1
376179	376180	1
6830309	6830395	2
5016384	5016381	1
3852968	3852967	5
10708189	10708190	1
2224398	2223503	2
4105117	4105122	1
5822583	5822674	1
895232	1392985	1
2641919	2641920	1
2269972	2269971	2
5822935	5822938	1
10841487	10841488	2
10587726	10587730	1
10574323	10574324	2
12327235	12327236	1
8467521	8467690	1
68779	68780	2
9315669	9315692	5
250885	250896	1
8561623	8561624	2
10624036	2936361	2
3556495	3556496	4
3669913	3669895	1
12617649	12617650	1
3396689	3396811	1
8582774	8582773	1
10892646	10892645	1
2751238	2751237	2
1794951	1794954	2
11896235	11896236	3
752496	752495	3
5339873	5340360	3
8005181	8005182	3
2299842	2299841	2
8812673	8894850	2
19177	20678	2
11615662	11615553	1
7932108	7932107	1
3606260	3605096	1
1587207	1587208	3
641811	641812	3
3312333	3312334	2
10311506	10311505	3
8840113	8840059	3
3479979	3479980	1
10944689	10947684	3
9372821	9373147	1
12686297	12686298	2
10891875	10891876	3
10393302	10393376	2
293079	293082	1
2101910	2101909	2
6461861	6463607	5
7746674	7746673	2
9255883	9255884	2
8166433	8166434	5
7825108	7824049	3
9133647	9133648	3
11002267	11002283	6
11545765	11545766	2
3327964	3327917	1
4853399	7018765	2
2640143	2640160	2
7068815	7068760	1
6795173	972107	1
6183859	6183860	4
628850	628863	1
511352	511492	1
10492330	10492338	1
12649672	12648078	1
1584995	1584996	4
5648758	5700175	1
3306550	3306549	3
2163509	2108143	2
5438299	1659774	1
11163375	11163360	3
5314309	5314310	1
3109079	3109080	4
8365567	8365568	2
2803528	2803527	6
9893991	9894400	1
1037212	1037211	2
3370670	3370669	3
1692366	1692365	1
537263	537266	1
8019333	8019334	1
8272074	8272073	1
4816135	4816136	1
7446432	7446431	3
11757347	11757352	1
8793452	8793504	1
5604622	5604621	3
1358603	1358598	1
11474669	11474670	2
9774441	9774442	3
11871128	11871127	3
9829964	9830006	2
7253361	7253362	3
7063918	7064125	2
11804129	263296	1
620152	620149	2
4792700	4792673	2
9317798	9317797	3
8893011	8893012	1
11698887	11698888	1
6138281	6138282	5
8398143	8398144	3
201303	201293	6
7116816	7116922	2
1454461	1454462	1
1527170	1527169	3
9727516	9727515	2
11417412	11417411	1
5510780	5507812	2
5990765	5990768	1
8742915	8742871	1
5458866	5459853	3
3962487	3962469	2
104969	104998	2
9509685	9510667	2
2826477	2826478	2
2472261	2472318	3
3350041	3349903	2
5557443	5557444	3
2762531	2762546	1
5595824	5595823	2
10311613	10311614	1
8284928	8284927	2
5274761	5274762	5
10525600	12628772	4
2410229	2410230	5
2322915	2322916	1
4049580	4049579	1
3038877	3038249	3
11207883	11207886	2
6985789	6987406	3
5253677	5253674	4
11967340	11967339	2
11281274	11281273	4
8021476	8008075	2
9962840	9228899	2
2077605	2077606	1
3871443	3871448	1
11084240	11084239	1
6427944	1092299	1
2902796	2902795	1
2858758	2858761	1
3560476	3560475	2
1097	1130	2
7934323	7934324	1
8854985	8854986	3
11296722	11296782	1
112039	113569	2
2548818	10518565	1
1832555	1832556	8
5445623	5445594	3
8894367	8894368	2
3506202	3506201	1
2476511	2475886	1
6749575	6749578	3
5205228	5209402	5
9519769	9519770	1
10237167	10237562	2
3360834	3360852	1
10738636	10738617	1
10908512	10908509	1
4261936	4261933	3
4040979	4040980	2
1788281	1788282	4
8535892	8535891	1
4529863	4569259	1
10242402	10242510	1
4527945	4527946	3
1758094	1760738	2
6959933	6959934	1
6128320	6128314	1
7714586	7714585	1
12246284	12001307	5
9350180	9348993	1
2535367	2535368	2
6367883	6367884	2
1564945	1564946	1
167947	167948	4
1445071	1445074	2
7725771	7725772	1
3605658	3607151	7
7175065	7175066	2
12809751	12809752	3
12459635	2873414	1
5709543	5709544	4
1304704	1304701	3
2092116	2092115	3
11268081	11268082	1
3500796	3498240	2
8569486	8569485	1
8529563	8529564	5
8113675	8113678	1
7917260	7917275	4
3600016	3600015	2
12676400	12677189	1
4486088	4316217	1
4669783	4669695	1
6928084	4201237	2
1738628	1738627	1
5262699	5262700	1
6719921	6719924	3
7725659	7725660	2
10104046	10101311	1
8617951	8617960	2
1963370	1963369	1
11549462	11549728	1
5611940	5611937	3
6055012	6055011	2
11665546	11665541	1
8071719	8071725	1
2421424	2421417	3
9325881	9325882	1
7279129	7279298	3
4627688	4627687	2
290046	293918	2
11122380	11122319	5
815288	813981	2
6240607	6240591	3
8743312	8743311	2
3234170	3234169	3
5943016	5943015	3
7436911	7436912	2
7447359	7447360	1
5584465	5584466	1
10331693	10331051	3
10110440	10110439	2
11679855	11679856	2
7067940	7067939	5
689771	689772	2
2757693	2757703	2
5841993	5842717	1
4875371	4875374	1
10336694	10336693	3
12432057	12432074	3
6308380	6308379	2
392881	392367	2
11335349	11334030	5
1273865	1273866	1
2673634	2672078	5
7821979	7821966	1
10013420	10013419	1
6072813	6072960	1
7064443	7064428	3
11665544	11665541	1
9369617	9369618	1
1996504	1992275	2
11707888	11707856	2
10022463	10022464	5
1750402	1750401	3
10400091	10400092	3
2003793	2003794	2
9392143	9392144	1
5249454	5249453	3
1392560	1392559	3
5882618	5882865	1
3069260	3068954	4
12016045	4561432	1
988979	974723	5
5858497	5858498	5
4133192	4133191	1
10505297	10505298	2
5873348	9889021	1
80389	79929	4
6602796	6602778	4
7375723	7375724	5
6598963	6599068	1
3363626	3363625	1
3314566	3314511	6
9393165	9393166	2
12198453	12200613	2
10779749	10779752	1
1334670	1334767	1
12430122	12430121	1
10466374	10465862	1
9800136	9800132	1
199596	268204	2
6178227	6178228	5
10912608	10912607	1
9757448	9801567	2
12735843	12735760	1
335320	335319	2
2441667	2441663	1
5527403	5527404	1
25046	25045	2
7515523	7515524	2
6740723	6740724	1
2338409	2338405	1
6024196	6024023	1
6778824	9707620	1
10369952	11242683	2
11056596	11056591	1
11437579	11437580	2
1653799	1653800	3
2660461	2660462	2
3899957	3899958	2
7581561	7581562	2
6898024	6898042	1
4671532	4671531	1
7155271	7155578	1
8041923	8041924	1
6237777	6237778	3
6966220	6962932	1
11794324	11794323	2
2078940	2078939	2
11571344	11571917	1
9958496	9958512	1
192147	196468	4
5430106	5430105	5
1183970	1183969	1
790172	790171	1
10008222	10011328	1
11649468	11649467	4
5197501	5197933	3
5688831	5688872	1
2668917	2668918	1
10778138	10777614	1
2558717	2377146	1
5983801	5983802	2
5120622	5122035	2
11815759	11815760	1
6141956	6141955	5
9376958	9380509	1
11011018	10993883	2
12726475	12726476	4
7010203	7010204	5
7822623	7822638	1
6574998	6574995	3
9567169	9567170	1
3255298	3255295	4
3728721	3728722	2
2515025	2513696	2
4299346	4299345	1
6367703	6367704	1
5368597	5368598	3
1122505	1122508	2
1841152	1840600	1
5157857	5157858	2
12150919	12150993	2
273462	273461	1
683608	683605	1
7759277	7759278	2
6036354	6036351	1
8654064	8654061	2
8068185	8068186	1
4340378	4340377	1
10813524	10813523	3
1156047	1156048	4
4718715	4718716	2
853961	852190	1
10321404	10321401	1
9587653	9587654	3
3389418	3389513	2
12678303	12678306	3
4227201	4227202	1
4321264	4321263	2
4535179	4535102	1
7949776	7949775	2
7311710	7311709	1
2972577	2972578	1
9384862	9384861	2
238514	239466	1
10796409	10796410	2
7263462	7263461	5
10579307	10579308	1
669804	669803	1
10542697	10542698	1
8047996	8047995	1
7223433	7235314	1
75818	75817	1
9671482	9669568	1
6286247	6286248	5
11459641	11459510	1
652154	651391	1
4252087	4251210	2
7131208	7131207	1
10315247	10315248	2
10424850	10424525	1
2833582	2833581	1
3382195	3382196	6
2816752	2816776	2
5291410	5291432	1
2990205	2988233	1
6064490	6064489	2
10477047	10477083	1
2492264	2492263	2
11122555	11122552	3
7830550	7830548	3
11435306	11435305	2
11554098	11553472	1
9656688	9656687	2
34026	34023	3
10582064	10582063	1
5340569	5340572	3
3295634	3295623	1
5283089	5283090	2
1143981	1143982	1
4580786	4580785	2
5271064	5271063	2
4402364	4402374	3
11519316	11519315	2
24848	24843	1
931597	931636	2
6836141	6835368	1
8747066	8747065	1
3244874	3244873	2
7973845	7973846	2
6752681	11337393	2
8386905	8386906	3
5099430	5099429	2
8292982	8296090	5
296060	296059	2
3978870	3978895	2
10794056	10794053	1
10155865	10155866	3
1589753	1589743	3
155848	153007	2
8582332	8582408	2
9792379	9792380	2
267383	265659	1
1687267	1687268	1
10663292	10663315	2
1190430	1190433	1
636316	636315	2
10446484	10446483	3
10180787	10181289	1
10300399	10268311	1
5193837	5193831	6
5857032	8414085	1
11789530	11789529	1
139195	137909	1
3515871	3515872	1
8103882	8103863	1
4812833	4812735	2
11666062	11666077	1
2369868	2369867	2
8020222	8020219	2
11761143	5694048	1
2819351	2819352	4
5168124	5168123	1
8385985	8391456	6
3854334	3855362	2
9976030	10331098	1
3973187	3973190	1
12366526	12366521	1
8415868	8415867	2
2690537	2690538	1
3143912	3112583	2
6475931	6475932	1
5770628	5770575	2
12675226	12675223	4
11534218	11536640	1
9081149	9081150	1
8405041	8405042	1
1775039	1775040	1
11660724	11407975	4
10891877	10891878	2
11891118	11891117	4
5341622	5341621	1
4288498	4288504	3
12001905	10092138	2
7970236	7974031	3
12599015	12599018	1
2527042	2526655	2
7341636	7341635	1
8060258	8060257	2
12748468	12748498	2
12186618	12186669	1
12540362	12538651	2
8096372	8096371	3
8777260	8777259	1
4250001	4250002	6
6611783	6611784	2
6990867	6990868	9
10979137	6004508	2
7966715	7963243	1
3125341	3125342	2
6787407	6787431	2
4669785	4669695	1
8229379	8229380	1
5791578	5791501	1
3249236	3249233	2
8005179	8005182	1
2923725	2923732	1
9516825	9516826	2
2665828	2665822	2
4649117	4649118	2
8229666	8229669	2
11333508	11333507	2
5706939	4142820	3
11339858	11344315	2
2075385	2075388	2
7436913	7436914	2
2319733	2319734	3
1186722	9932319	1
9585837	9585838	2
10123336	10123335	1
6173662	6173689	1
8687712	8687711	5
2243472	2243471	2
5802385	5802388	1
8290303	4478694	2
1404828	1404827	5
4691609	4691612	1
1975085	1975086	1
12754278	12753033	2
11336498	11336497	1
8165718	8165728	2
8391148	8391369	3
2487259	2487184	1
5428711	5377307	1
2983020	2983017	1
5620574	5620573	1
4588313	4588310	5
10701625	10701629	2
12004799	11999223	1
2680228	2680227	1
659806	661015	4
10581880	10581944	1
3903784	3903781	6
1670259	1670260	1
3276948	3277557	1
9937882	9937881	1
10294337	10294338	7
1695379	1695380	1
3562649	3562644	1
5854896	5854895	2
9187777	9187778	5
8476964	7060437	1
848075	842802	2
5097430	5097429	2
921896	918045	3
4105119	4105122	2
11223679	12441469	1
3977446	3977441	1
8663605	8664775	1
11855568	11856091	2
6198895	6198886	3
10617409	10617410	3
12048315	12048318	1
8274630	8318030	1
3936401	3936402	3
361698	361891	1
10578659	10578660	2
8176891	8176892	2
1503905	1503906	2
387757	387774	1
10971394	10971393	1
6415482	6415481	3
8009412	8009409	1
4986655	4986656	1
6023084	6022010	1
11153827	11153828	1
1588388	1587699	1
7386175	7386176	3
9824156	9824155	1
11033499	11033500	2
10282275	10282276	2
10017748	10017747	1
3493985	3494117	1
85980	86071	6
12801714	12801713	1
5517487	5518518	7
8039390	11434475	3
3854577	5304039	3
3546247	3546223	1
2388463	2388464	3
10271319	10271320	4
7140636	7140635	1
3048047	3048048	2
6173230	6173229	3
9705475	9705060	2
9491097	9491098	4
9624072	9624104	1
11069796	11069923	3
424047	424131	3
2439308	2439307	1
11738542	11738541	1
10170697	10170700	1
10662306	10662305	5
6812063	6812064	3
4371171	4371172	3
11184608	11184607	6
7029470	7028792	2
7864336	7865975	3
9921677	9921680	8
9598253	4171326	1
6310657	12325668	1
5994418	5994417	7
4391389	4391744	1
5892057	5936895	2
9455295	9455192	1
10684725	10684728	3
2051862	2052019	2
4251773	4251953	3
12183422	12183419	1
8413819	8411017	1
6816138	6816353	3
9021577	9021592	3
11310329	11311756	1
9444183	9444145	2
1717653	1719613	1
6481711	6481712	1
3460212	3460211	1
2471926	2471925	6
12688552	12688551	2
12012938	12012966	1
360941	360942	1
2354612	2354611	1
10171392	10171391	6
134735	134736	3
8711913	8711916	9
11552086	11552085	1
5571449	5571450	3
4261701	4261689	1
10679743	10679744	10
11007400	11009728	1
6130841	6130842	3
937039	937040	4
5701671	5701636	3
4534838	4534837	2
7826952	7826951	1
12121920	12121919	2
11853751	11853713	1
949390	949397	4
11547146	11547376	1
8095286	8095285	1
8749831	8749950	1
7576330	7577478	2
9265919	9271188	2
626417	626346	3
11586075	11450031	2
3032716	3032715	3
1698577	1702233	1
4131749	4131073	2
9917030	9937881	1
11406573	11406574	1
1282724	1282723	1
207330	207599	1
1078436	1078435	4
8368410	8368409	1
7400060	7400230	1
7735943	7735946	4
9927878	9927877	1
8717763	8717764	1
3975120	3975071	3
8946266	8946265	1
5774076	5774075	1
9511702	9511694	3
8419376	8419375	10
9158005	9158008	1
8342433	8342434	3
3903786	3903781	3
8838724	8838721	5
11751235	11751238	1
12353910	12353907	1
4054865	4054868	1
4366852	4365444	2
2838427	2838428	1
508162	508161	5
7611900	7611903	3
8088571	8088572	1
4149125	4149126	5
1618184	1618183	1
5198671	5198676	1
5821301	5820232	1
8756663	8756664	2
11847941	11847771	1
5637319	5637320	1
5699563	5699564	2
8731609	8730689	2
11085328	11085327	5
10381039	10381040	2
2653723	2653724	1
2956894	2956893	4
11866003	11866004	3
9851098	9852145	4
10435810	10435809	3
11200337	11200338	1
4288229	7158432	1
5422592	5422591	2
4145052	4145051	1
8104172	8105037	4
2908942	2908939	1
11961060	11963142	1
3769063	3197924	1
5861360	4753527	1
6467509	6467506	2
6010829	6010830	1
5415844	5415843	8
3717240	3717239	2
3568346	3568343	1
10579309	10579753	1
12777652	12777629	1
4497846	4497845	2
8207950	8207949	1
11848918	11849370	1
11894924	11896753	1
7519688	7520050	2
12617135	12616119	1
6009040	6009039	1
9050057	9050058	1
10263073	10260907	1
5785641	5785642	1
5931552	5931539	1
5538305	5539286	1
9058737	9058738	1
1945926	1945968	3
7746676	7746673	1
5364133	5364136	1
5731045	5731046	3
3928364	3930872	4
4733409	4830858	4
2237915	2237916	1
4360497	4360555	1
7721827	8026139	1
4425304	4383517	2
4654355	4654356	3
1270713	1270714	2
1066085	1066131	2
7166331	4729661	1
436200	436199	2
3948075	3948034	3
2431127	2426221	1
9810668	9810667	2
2206984	2206983	3
3385634	3385633	1
12393433	12392928	2
6045292	6045291	3
247706	247705	2
6115141	6012159	2
3314429	3314583	1
6167863	6167864	3
11823093	11823094	1
6152248	6152247	3
660263	660264	1
4108607	4108608	2
6711056	6711055	1
6586057	6586058	3
10582432	10582431	1
5307631	5308755	2
3931013	3931000	3
10203164	10203167	2
2439282	2439910	3
6573122	6573121	3
9016711	9016712	1
2308262	2308261	1
2856707	2856708	5
5558750	5558749	1
7726758	7726755	1
326134	3307839	1
7072533	7072534	2
5191554	5191553	4
1161762	1161490	1
4648375	4648110	1
554660	554659	1
5504786	5504785	3
6694488	6695402	1
3874371	3874406	4
5372493	5372494	1
11079869	11079870	1
7816762	7816761	1
9167576	9167575	1
3500634	3500633	1
83777	83778	2
4818670	4815997	1
9877579	9877582	1
10201851	10201848	3
6805512	6805511	1
785634	785633	1
10294337	10294342	1
10530805	11171840	4
4020510	4020509	6
5070976	5070975	1
7956528	7956530	2
2065976	2062716	4
8638431	8636778	1
10754250	371222	1
5512199	8941336	3
8549011	8549538	2
11157685	11157686	1
11776123	11776126	1
8400075	8391251	1
9720688	9720687	3
7393072	7394083	3
872353	872323	1
7330574	7330868	1
22996	12731204	1
12740310	12740242	5
9772068	9772067	1
7207804	7207803	1
8730010	8729860	1
10273843	10273844	1
3737135	3737136	5
542235	542238	1
2482310	2482329	2
4008880	4008879	3
10607225	10425393	1
7262052	7262049	2
6151965	6151966	2
7115880	7115877	2
1067107	1067108	6
12024622	12024621	2
5665303	5665304	2
1626498	1626495	1
7142782	7142787	1
10669654	10622266	1
7541683	8557362	1
6586012	6586011	5
8044464	8043693	1
12354689	12354690	2
3650686	3650685	3
6687424	6687423	2
6068330	6068304	6
1501482	1501481	3
12485137	12485168	3
7502628	7502627	1
3446174	3446226	1
1875259	1867317	2
8904040	8904039	2
6158826	6158825	6
2282576	2282575	1
12719824	12719510	2
8582247	8582248	4
8014235	7671445	2
8408559	8408560	1
340089	340090	1
495208	495207	1
366318	366352	1
1672522	1672521	1
1571707	1569555	4
1746556	1747251	2
2336639	2336640	2
10886204	10886203	1
10155555	10155556	1
6018981	6018982	1
270205	270206	2
8750775	8750778	1
7737992	7737991	10
8860213	8860214	1
921670	921618	1
2371333	2371334	4
5706921	5706713	1
7974891	7974892	1
10170697	10167235	1
10050888	10050885	2
8904038	8904037	3
6137587	6137588	2
6980841	6980842	3
9056543	9074422	2
12131195	12131201	2
11155253	11155254	1
2703174	2703158	6
12749449	12749450	1
6330385	6330386	1
7841714	7841713	5
10748181	10746210	1
923559	923560	1
12426003	12718545	5
1827414	1827413	3
6819253	6819254	6
8193949	8193950	2
955687	955688	2
3353609	3353610	2
5514328	5514327	1
8034990	8034989	1
8559477	8559478	1
6447373	6447374	1
4250183	4250184	7
8557575	8557576	2
240678	240675	3
4601695	4601696	8
10057622	10057621	1
10232193	10232194	2
4274640	4271778	1
1215029	1215030	4
6154747	6157280	2
12423410	12423409	1
1145510	1145509	2
5959696	5959695	1
9841485	9841486	4
11205455	11199247	2
8390948	8390947	3
11864481	11864478	3
1719667	1719668	4
11128538	11128537	1
683099	683249	2
3353832	3353831	1
9907079	9906267	1
4093221	4093222	1
1600738	1600769	3
3554835	3554836	1
10395528	10395527	1
5974475	5974663	2
10871376	10871373	3
477348	477345	2
248290	248289	3
7573668	7573667	3
9332237	9332238	3
1330089	1330090	3
5040481	5021538	1
10330086	10330079	4
10765472	10765471	1
4706241	4706242	2
5465456	5465423	3
10037758	10037736	1
9785549	11899672	1
7614244	7669387	4
6791841	6793560	1
8797502	8794916	1
5931190	5931189	1
11387587	11387588	1
3081429	3081432	1
6882967	6882968	3
11682062	11682061	1
5254179	5254180	1
5565123	7874830	1
904015	903991	1
5818183	5818093	1
11386398	11386397	1
11789582	11789726	2
9467181	9473864	2
9720351	9722440	7
1567459	1396853	1
1333596	1504526	3
4559364	4559363	1
1198226	1199095	2
11007084	11007083	1
1096927	1096928	2
2148547	2148548	1
7253383	7251963	3
1606556	1606555	2
8254981	8254982	2
7564525	7564505	1
172094	171949	4
6556965	6558055	5
6793961	6558834	2
6983721	6983722	1
5274844	5380123	1
5726864	5726863	2
5773356	5773355	4
4828755	4828756	1
6348628	6349132	2
10878461	10878462	3
10276945	10276946	1
5510389	5511001	1
8419380	8419377	3
12434750	12434744	2
1587557	1587558	3
11108541	11108596	3
5844898	5846243	3
474186	474185	3
5628346	5642724	5
7311125	7310649	1
9587650	9587649	2
9646488	9646487	1
3554810	3554809	1
5726975	5727040	2
7650232	7650251	1
8677462	8677461	1
5535505	5536061	3
404148	404147	2
4357237	4357290	4
5397264	5397246	5
10126137	10126138	2
6963129	6963130	3
4094612	4094611	3
7063294	7063261	2
5931446	5931445	1
10104044	10101311	2
1372598	1372600	2
1278538	1278537	2
8428850	8428849	1
5937997	5937998	1
8956328	8942290	1
70247	70256	4
3965868	3965865	1
5042716	5042715	1
1445073	1445074	2
1423721	1423715	2
3604965	3606081	2
2627151	2627152	1
9089876	9089875	1
1503507	1503508	1
833912	833911	2
12048841	12048844	2
10841485	10841486	4
9422197	9422341	2
10663124	10663129	1
7908482	7909980	1
5936572	5936571	4
10027556	10027514	3
12712833	12712834	1
3346287	3346288	3
10742557	10742558	2
4735188	4735187	1
1557389	1561211	2
10797545	8620556	2
3881401	3881402	2
2735903	2735908	2
11067304	11067303	2
1913576	1913575	3
11425341	11425380	1
12119289	12119290	1
4482177	4459609	1
5381645	5381646	4
12197158	12197157	1
11573389	11571187	1
6929479	6929480	4
12185289	12185294	1
4232028	4231988	1
895123	895126	1
8402938	8048488	3
1484954	1484953	5
4815747	4732255	1
11129067	11129070	1
3289706	3289703	1
3662905	3662906	7
3269787	3269788	2
12370650	12370649	3
7900890	7900889	5
7689820	7689543	3
10477575	10477576	1
4742570	5931573	1
4799446	4799445	1
7148608	7148658	4
6441262	6441261	1
3101501	3101502	2
3272691	3272692	2
7824992	7824991	2
6174743	6199563	3
10912862	10912865	1
11772719	11772720	5
9153885	9153860	3
6421864	6421863	8
7114543	7114544	1
11586073	11586074	1
5715865	5730531	1
9087711	9087660	3
2087565	2087566	3
7570633	7570689	1
3701009	3701289	3
8752683	8752684	7
4577622	4577784	4
10792772	10792771	4
12137924	12137923	1
817799	817800	1
8050935	8050936	2
306439	306440	1
3615356	3615336	1
6629970	6629977	3
4196222	4196221	1
12168340	12168300	2
6490717	6492257	4
321221	321222	2
7139396	7139395	3
11674383	11673862	1
6379499	6379478	2
8968345	8968348	3
7342110	7342109	1
3506076	3506104	5
3199757	3199758	1
7586732	7586731	1
5823062	5822297	4
1775931	1775932	1
8704967	8704970	1
6542767	6542770	1
6240261	6240269	1
5691533	11100898	1
1588388	1588383	2
8492738	8492737	3
6340014	6340025	1
2591744	2591747	1
5816341	5816342	1
7753840	7753839	2
11791374	11791373	1
1237522	1236541	3
7134952	7134951	3
3947690	3947689	7
2482521	2482522	4
2894713	2894716	1
1763412	1763411	1
5590858	5590857	2
4223559	4223556	1
12441891	12441892	2
12345093	12345094	2
10633711	10633712	1
380687	380708	3
5972584	5973010	4
8126212	8126211	1
8192874	8192873	2
11829890	11831035	1
1634351	1634352	1
5262697	5262698	1
40280	40279	1
5947998	5948359	1
5798199	5798312	2
1451995	1452025	2
3959515	3959516	2
10598948	10598947	1
8483860	8483843	2
3733101	3733102	2
2109195	2166763	1
7958123	7958124	1
11677992	11679238	1
9186937	9186938	2
7224630	7224629	1
1673855	1673957	3
770161	770164	2
3737122	3741620	2
12616008	5304091	1
5615481	5615482	2
2442984	2442706	1
10369467	10369468	2
4262182	4599552	1
3131264	12015880	1
1637758	1637755	1
1598057	1598058	4
22699	22700	4
1246893	1246894	5
11449057	11449059	1
4238875	4238721	1
11922750	11922441	1
9178424	9178421	3
8746053	8746056	1
11546945	11546946	4
2114470	2113329	1
1178849	1177632	1
10225769	10225770	2
3186334	3186331	3
6376681	6377373	2
8454695	8454629	2
12760536	12760535	1
3239716	3334227	1
3904915	3904920	1
11274831	11274832	2
3794220	4028918	1
6660440	6660439	2
10656897	10656898	2
2295812	2295823	1
10060984	10060983	1
4788321	4788322	2
7381523	11133107	1
591252	591251	1
12198453	12200611	2
8260794	8260793	2
5326834	5326818	1
5995866	5994985	2
2679059	2679060	1
2725918	2726093	1
7277438	7277437	3
2257458	2257457	1
6858303	6858304	1
3746113	3744555	1
10612526	10612523	1
11861367	11861368	2
8077709	8077710	1
10793772	10803473	6
7292122	7296612	3
8327280	8327314	1
9174914	9174913	2
8792933	8792936	1
5105950	5105949	1
10463175	10463176	2
6815309	6815310	1
6436314	6436313	1
3138254	3138253	2
4334831	4334832	1
1940285	1949742	1
9111106	9111094	1
4948093	4948094	3
7594942	7594940	2
6159244	6159364	3
9475922	9476569	6
2111032	2112983	1
1323800	1323797	2
4473201	4473189	1
7435246	7435245	1
7788678	7788677	5
10402883	10402862	3
9907726	9907725	1
8005312	8005311	2
1340218	1340160	1
6362045	6362026	1
6199963	6199964	1
8969976	8969975	4
11607956	11607955	1
5861126	5861123	6
8473913	8473914	3
6643351	6643347	3
5936448	5936904	2
4002368	4002303	1
8514816	8514792	1
7750095	7750096	2
11929962	11929961	4
1760100	1760099	1
11088624	11088623	1
1325075	1325076	1
11496362	11496361	2
5078395	5078396	2
5274846	5380123	1
94375	94399	3
7706042	7705486	1
5995198	5995197	2
11010865	11010866	2
11804127	11804128	2
10441373	10441374	1
3824643	3824644	1
5770630	5770629	8
3207862	3206937	1
7682769	7678967	2
10206711	10206712	1
12809853	12809854	5
7016736	7023517	2
9868998	9869105	2
7373441	7373442	3
6871610	6871164	4
6225162	6225161	2
7763072	7763071	2
79996	79995	2
8214370	8214369	2
3038709	3038710	3
5896359	5896401	1
427218	427197	1
8958884	8958966	3
12735918	12735917	5
1944933	1944934	5
11387604	11387603	1
1052557	1052560	1
1829906	1832874	1
3918289	3918290	3
1142233	1143609	2
6498769	6497602	2
8765294	8755448	2
1885700	1885699	1
10873217	11010902	1
7845484	7845483	1
7633332	7633331	1
4222986	4222997	1
9035035	9033367	2
5925781	12527162	1
239257	238941	2
4013695	4017638	4
11438490	11438489	3
2856564	2856563	2
6056812	6056673	1
9720688	9720681	1
5714962	5714961	1
10247793	10247796	6
11821692	11821764	1
2093192	2093464	1
7854864	7854872	1
11257445	11257446	2
8439899	8439900	1
6962932	6966222	4
1832741	1830590	3
4033759	4033760	1
11542145	11542146	1
10460797	10460263	2
11933222	11933225	2
4702952	4702392	2
3107292	3107291	1
5151056	5151051	1
1587559	1587560	2
7304728	3237614	1
7384962	6019245	1
5780665	5780670	1
11219206	11118586	1
5281571	5281572	4
11333864	11333860	7
10418042	10418041	3
3307339	3292101	2
1042390	1042400	1
10807332	10807331	1
1175195	1175196	3
637915	637916	5
8842424	8842427	1
40225	28141	1
11318661	11318662	2
7121217	7121218	1
5712374	5712373	4
4783025	4783009	1
8668588	8668587	2
10601545	10601546	2
2682263	2682264	3
6527024	6527023	4
11997044	11997116	1
9197	9315	2
9134553	9134554	1
931603	931628	2
5537708	5537707	3
2135954	2136110	1
5375111	5375114	2
261269	261270	1
11583558	11583557	3
8791253	8791372	3
9919877	9919878	1
7728794	7728759	1
6185284	6185283	2
5484720	5484725	1
10529689	10529690	1
3377818	3377820	5
8764491	8764492	2
4479397	4478389	1
7935343	7935344	2
3104820	3104819	7
2676310	2676309	1
6249795	12347782	3
4583932	4583931	2
10911903	10911904	1
8376282	8376281	1
6148910	7960613	1
7030133	7030134	1
9334446	9334445	3
5824569	5824570	3
1836158	1836157	4
10083829	10082616	2
10053911	10053921	1
6441266	6441265	4
11848330	11848329	1
3546754	3546753	5
1037214	1037211	1
7826023	7826342	1
6587152	6587149	5
4839454	4835277	2
7584405	7584406	1
9634779	9634780	1
11799931	11799932	1
8706600	8706199	1
2443106	2443035	3
11783401	11783402	1
12033838	12033837	1
9073738	9073737	1
8151984	8151983	6
4380200	4380199	1
5914414	5915213	1
2956783	2956784	1
4045842	4045847	1
10987889	10987890	1
8186786	8186783	1
2838606	2838605	6
11062835	11062836	1
4832036	4832039	2
2127120	2127129	2
2643495	2643507	1
11332144	11331993	1
9112433	9112434	1
10874049	10873280	1
302965	302966	1
8034988	8034895	2
146730	146727	3
6650397	6651694	1
1763410	1763409	1
8764535	8764536	3
5285197	5284959	3
8377772	8377771	2
7599602	7599598	1
5805555	5805556	1
6338614	6338613	2
5878817	5878818	2
8623719	8623720	5
10063798	10063781	1
10089790	10089804	1
10820511	10820474	1
6014572	6014569	2
1373821	1373846	1
2318642	2318641	1
379746	379745	4
5415821	5415822	8
7138620	7138619	1
11821702	11821699	1
1525275	1525276	1
9694493	9694494	1
6672601	6672602	3
6599370	6599369	1
375521	375433	1
966177	965844	1
8495536	8495535	1
10998107	10998137	2
359499	359500	1
10971430	10971486	2
7345252	7345249	1
7446429	7446430	3
5006849	5006850	2
6086197	6086599	1
5861360	4753529	2
10891839	10891863	1
6056340	6056339	4
4261687	4261688	2
7759275	7759278	1
913224	913029	1
8766797	8766798	3
2239836	2239835	3
324046	324030	2
606261	603964	2
7151832	3855234	1
433188	433187	2
7823531	7823532	1
3611460	3611459	2
904008	904171	1
6950072	6586009	1
6527026	6527023	1
3108189	3108190	2
937439	934084	1
5492231	5492232	2
11574013	11574014	2
2923815	2952126	1
7725044	7725043	1
5425441	5425442	3
6487399	6487400	4
2021219	2102817	1
3215378	3215377	1
2121815	2121867	1
978726	978730	1
3726567	3726421	1
8660333	8659934	2
3112586	3112585	2
2518017	2517877	1
3184770	3184797	2
11076221	11076222	1
5116177	5116178	3
9646179	9646180	1
5191760	5191759	3
8562561	8562565	3
11845697	11845698	1
3462649	3462650	1
7422842	7422839	1
5699289	5699675	5
6864654	6864653	1
7994325	7994336	3
1249848	1249801	1
8423440	8423439	5
3544791	3544792	3
11628316	11628238	3
5405390	1904831	1
1525501	1525502	3
12447960	12447977	3
11896895	11896898	1
8763761	8763770	3
2392435	2392436	1
3821885	3821134	2
12656565	12656366	1
7400073	7398571	1
2045020	2045029	3
10213250	10213249	5
8465862	8465472	1
11451776	11453182	2
9541333	9541334	3
10772277	10772059	1
3166259	3166234	1
12530027	12530028	2
6553385	6553386	2
1638042	1638048	4
3109787	3109794	1
9283613	9283654	1
4453936	4456166	1
8456524	6203789	1
6419525	6419526	1
2461135	2356254	2
5341079	5341080	1
5268146	5268149	1
6225091	6220094	1
5657315	5657316	4
6524244	6524243	3
10202491	10202271	1
4581443	4581437	1
7911848	7911847	6
11735793	11735794	4
8292982	8296094	1
12222737	12222738	1
12048295	12048296	2
3989366	3989315	1
9367097	9366730	2
8608696	8608693	1
1399825	1400380	3
7535167	7535168	6
4758861	4758862	3
8339312	8338963	1
7733360	7733357	1
10403478	10403477	2
6258940	6258939	4
2848110	2848105	1
1602695	1602696	3
6896731	6896717	2
36415	36290	1
12149056	12149051	1
2634813	2634814	4
6451836	6426486	4
11871550	11871549	1
5560892	5560891	3
1112633	1112634	1
10655328	10655327	4
8456748	8456746	1
11804116	11804115	3
7645519	7645520	1
3129729	6253177	1
12674375	12729769	1
6198434	6100485	1
10003090	10003089	2
12251863	12251864	1
10328073	11422174	1
2738748	2738747	1
2748210	2748209	2
8364732	8364731	3
11853904	11853939	1
4153142	4153141	4
8033023	8031430	1
5503632	5503451	3
4445994	4445993	1
11726558	11726557	1
6807832	6813093	1
69805	69806	2
5240124	5240123	4
2726019	2726020	1
3893318	3893381	1
181943	181944	2
10761060	10761059	4
11244648	11244612	2
10053909	10053921	1
5842780	5879934	5
1357923	1357924	7
12028544	12033589	4
9050657	9041097	1
6539777	6539778	3
6101843	3387489	1
1352066	1352065	5
6914860	6914859	1
6290726	6290725	1
7828517	7828542	1
3855284	3855283	1
469848	469847	2
4916918	4916917	1
5705381	5705382	2
1555284	1625719	6
3942106	3942124	10
5820671	5820672	2
8092087	11563537	3
10259020	10259017	2
4480265	4480262	3
11817195	3308977	1
746424	752395	2
312457	312460	1
4825518	4825517	1
2708584	2708581	1
1777454	1777453	2
3229567	3229568	3
8013266	9857350	1
7263462	4985120	1
1987137	1987138	3
5454841	1451484	1
7748569	7748572	2
6943989	6943992	1
6011169	6012344	2
1763133	1763134	1
3330265	3330266	1
7036214	7036198	6
8235268	8235207	1
2136053	2135959	2
6633288	6633766	7
9891939	9901371	2
3544378	3544377	1
11539283	11539280	4
3057143	3057144	2
1672894	1672893	1
8450784	8450783	2
5697139	5697140	2
6817477	6817478	4
11327277	11327278	3
11096321	11147365	1
6863370	6859304	1
4688493	4688494	1
11523246	11523264	2
11782113	11781309	1
10886202	10886199	1
1122520	1122519	1
3389683	3389684	1
2832234	2832233	1
7349764	7350916	4
636318	636317	2
7276384	7276383	2
1190428	1190433	4
9168014	9167771	2
6940242	6940241	4
5779902	5778678	3
469167	469168	1
8454849	8454828	2
2025593	2025594	1
10566820	10566823	1
10043317	10043783	1
1027435	1027087	3
2461292	2461280	2
960309	960310	2
1982275	1982276	1
11409470	11409469	4
2237236	2237239	1
10525441	10528178	2
12012384	12010464	2
1083214	1083213	1
436623	435804	3
5672904	5671648	2
941883	941851	2
6491368	6492949	3
11904256	11904094	3
7991428	7991427	4
9856469	9856470	3
6792292	6792291	2
1086342	1086341	1
4379626	4379625	1
1482521	1482522	3
7100628	7101433	3
6173709	6173712	2
11734343	11733523	3
45244	45243	1
6104951	6104937	1
5978238	5978237	2
8882575	8882576	1
1068388	1068343	2
7203274	7202412	2
12029181	12029182	2
7272235	7272236	2
4639979	4644172	4
11386560	11386558	3
9555772	9555771	1
6096383	6096363	3
5631562	5763835	1
6523973	6523974	3
11038575	11038576	3
12574399	12574400	1
3234214	3234181	2
5089054	5089043	2
12612220	12612219	4
3743920	3744014	2
39113	39308	1
2940631	2940733	1
11467595	11467596	4
6249904	6249890	1
6406472	6406445	1
8634986	8635396	2
4235974	4235973	1
279997	279998	1
10398769	10397489	1
7895178	7895177	2
3746202	3746201	3
6553295	6553296	2
6835935	6832509	2
673876	757191	1
1340218	1340162	2
7660792	7660791	1
711748	711747	1
9246661	9246664	1
5528934	5528933	2
6697152	6697151	1
6413546	6412045	3
10460213	10460214	2
8310953	3663213	2
12565037	12565045	1
2417750	2417749	5
530444	530452	1
10184257	10184258	2
12324473	12324478	1
593990	593987	1
11325830	11325829	1
6514208	6514441	1
8232884	8232883	2
6265222	6262224	2
7738388	7738387	2
8286275	8286278	1
9978016	9978046	3
2954170	2954169	4
4793592	4793591	2
1521010	1520081	1
3068939	3068940	3
12025019	12028310	4
3950826	3952817	2
5740743	5740744	3
3616874	3616873	1
620893	626244	4
9897170	9897169	1
11819046	11819049	3
7744563	7744564	1
10827774	10833327	2
7759241	7759242	2
9513468	9513467	1
8794470	8786108	1
8110671	8110633	1
1724623	1725064	5
2781306	2781301	2
11219724	11219723	6
12375212	12544067	1
3153830	3153829	2
206992	207077	2
10594417	10594418	3
12778689	12778690	1
654176	654173	1
1372601	1372602	2
10926248	10926247	1
4379447	5276465	1
7246129	7246130	1
6423107	6426624	1
7595127	7595128	1
4406553	4406554	1
7939798	7939797	6
9158004	9158003	1
11967047	5677022	1
2148292	2227303	1
2021795	2022038	1
5699915	5699916	1
6988375	6988376	1
3353140	3353139	3
3774747	3824676	1
5358754	5358753	3
183144	183143	5
11135324	11137168	3
10196865	10196866	1
6723111	6723112	2
5961586	5959845	1
1066452	1066451	3
7883129	7883130	1
9279184	9279183	2
12500683	12500684	4
6071805	6071808	1
8901473	8901474	1
2051371	2051372	3
12150393	12150394	1
3319431	3319445	2
1451231	1451232	2
3518394	3518393	1
6561958	6561999	2
4069978	589190	1
10384334	10384331	3
5149285	5149286	1
4067418	5592063	2
1190430	1190429	4
11097179	11097180	1
1641735	1643088	3
7948350	7948326	1
3708872	3708871	2
6861886	6861885	2
10817680	10817679	1
12536217	12536218	3
6076734	6076733	1
3824615	3824616	2
1801041	1801044	3
342410	342409	5
2430087	2431294	1
5413176	3585420	6
4067367	4067368	11
4520568	4520567	1
12293552	12293469	4
9367815	9254018	2
10913314	10911520	1
8923604	8923603	1
10578993	10578994	1
12551749	12552032	5
9188534	9188513	2
1850104	1850101	2
10170404	10169836	1
2587428	2590350	4
2845398	2845397	1
7458869	7458872	2
3794223	3794224	2
8396515	8396516	2
7956947	7956948	2
7154812	4431320	1
5438017	5438043	1
7189512	7189515	1
11393293	11393281	3
1902172	1903132	1
7433470	7433469	1
3903782	3903781	2
932607	932600	2
8357504	4742571	1
1340161	1340162	1
6211879	6211880	1
6903393	6903394	1
9788087	9788088	1
8549798	8549938	1
1049367	1049374	2
6160410	6160409	3
8287370	8287369	1
12345091	12345092	1
4616797	4613667	2
3413588	3413587	2
5838076	5838037	1
3950832	3950673	3
10909914	10909911	2
592412	592411	3
7540521	7540522	1
9905680	9905659	6
2789374	2789373	3
7115900	7115876	1
1396288	1396296	3
1096118	1096117	2
2412727	1588476	1
9350803	9350804	2
11069197	11068051	1
7246945	7246935	1
11907888	11907883	1
10099070	10098756	3
1770817	1778133	3
5566434	5564657	2
7767049	7767050	1
9978909	9978910	3
8644261	8644274	4
1596862	6733302	2
2543199	2545668	1
2476988	2476987	1
6947199	6947200	3
4724738	4724735	1
2756657	2756617	2
12316891	12316892	1
3159132	3159129	5
601460	598952	1
6982311	6982312	1
10171390	10171721	5
10017223	10017224	2
9481290	9481289	4
813925	813926	3
3088256	3088255	4
4681348	4681345	2
9755017	9755020	2
511491	511492	1
10030643	10033220	2
4946003	4946004	1
7513827	7743415	1
3212518	3212470	1
11133943	11133944	4
5737507	5739804	3
10283042	10283598	7
8284313	8284314	1
7123772	7121031	8
834821	834828	1
9082773	9082776	2
9621333	9621334	3
4617713	4617716	1
9439100	9439099	1
8154055	8154050	1
938977	938982	2
5964812	5964811	1
1574795	1575111	3
8651051	8651022	2
8209361	8209374	1
7900841	7900889	2
3904545	3904546	1
7934240	7934239	3
4913363	4913672	1
1608346	1608345	1
12177361	12177379	1
8794850	8794917	4
3376760	3376759	3
10230765	10230766	1
8494176	8494173	1
473953	473954	1
1008584	1008583	2
12293526	12293523	1
2837044	2837048	2
7489873	7490806	1
7678927	7683214	3
5499689	7726130	1
8534500	8534499	3
8404583	8404584	2
2045520	2046267	1
4371341	4371342	2
11932860	11933189	3
1008366	1008365	3
6797036	6797035	2
4088929	4088930	2
3544941	3544944	2
10111494	10111493	4
3466743	3526367	1
7580638	7580637	2
9556885	9556807	1
6185459	6185460	2
10495222	10495250	3
1972248	1241951	1
4044650	4044649	4
12806197	12806200	1
7433588	7433587	2
6057291	6057292	1
309105	309106	1
1464937	1462900	1
8965873	8965879	1
217890	217889	1
1028365	1028368	1
280464	280463	1
6070139	6070142	1
10317764	10317745	1
51819	51822	1
1359815	1359816	1
5840326	5840602	1
12371986	12303194	1
4620313	4620314	5
6537409	6537410	3
12415446	12413962	1
12712838	12712837	1
6311411	6311412	3
10618100	10618099	2
7897149	7897150	3
5736617	5736618	1
5999307	5999308	1
7945194	7945193	3
2078938	2078937	3
7733360	7733355	1
887756	887755	1
5255332	5255331	1
1524070	1527206	2
3277136	3277135	3
11367161	11367162	1
5136101	5065099	1
1075472	1075471	1
10318103	10318104	4
8923001	8923002	3
523427	523457	1
10924805	10924806	4
8969978	8969975	2
8409183	8409186	1
10234674	10233927	1
167804	167803	4
4571724	4571719	2
3481618	3481615	4
12295272	12297121	2
2170242	2172413	5
3996799	3996800	1
6336400	6336399	1
10587952	10587958	1
5760636	5760971	2
7801634	7801633	3
8209363	8209374	6
9277073	9277074	2
5690888	5690887	2
8385983	8391456	1
4078404	4078401	2
3902705	3902706	2
12430346	12430349	1
7446439	7446440	1
1530729	1530730	3
11392178	11392799	2
7824247	7824248	4
6081834	6081833	3
9825033	11966048	1
3889245	3889246	3
3725293	3725294	5
11916702	11916701	2
10831460	10831618	1
8757611	8757552	1
12400122	12400121	2
2280953	2280954	4
1400590	1400587	1
4740041	4741310	1
7175229	7175423	2
9230984	9230983	1
576610	576609	3
7232993	9986156	1
2347076	2347075	2
10099727	10099730	2
1653220	1653219	1
2223579	2219745	5
11715710	11715709	1
761329	761359	1
2233157	2233158	3
387093	387094	3
11176366	11176365	1
10536146	10536141	3
1930308	1930278	1
7263460	4985120	5
9084887	9086491	1
1746155	1746156	4
3541930	3541929	2
10853116	10853113	1
5840449	5840450	1
11674381	11673862	2
10252544	10240250	2
12762937	12762946	1
3057145	3058042	2
3101136	3101135	1
5415819	5415820	9
9518185	7726753	1
6864611	6864612	2
6465156	6465172	3
5628716	5628715	7
9037867	9036751	2
4027074	4027043	2
11985385	11985365	1
1509947	1509948	1
2605577	2605578	1
6374252	6374255	1
6502607	6502608	1
161403	161406	4
6986605	7174331	1
4678739	4677889	1
6175286	6173209	1
8447764	8447761	1
10081104	10081103	1
8339531	8339532	1
11567274	11567273	2
1704075	1704076	1
10571871	10571866	1
9605408	9605862	1
11741752	11741751	2
4268908	4189448	1
8654949	8654952	4
11805876	11805873	1
6103425	6103426	1
829620	829617	4
1454838	1454837	2
6757515	6756570	1
4678517	6840750	1
9713661	9713818	2
11849371	11849372	1
2415305	2415306	3
10414837	10414970	1
6465156	6465170	3
8654064	8654063	3
3535089	3535068	4
4550497	4550498	1
6767805	6767806	1
4120175	4123404	1
4731228	4731227	1
2637005	2637006	1
4265706	4265721	1
665187	665188	3
106786	106871	3
9438792	9438791	1
8005685	8005686	6
5536756	5536513	3
9339065	9339066	1
734923	734915	4
2908942	2908941	1
2359981	2359982	1
9144589	9144631	1
10977588	10977594	4
11383917	11383918	2
3020142	5193506	1
10626655	10627373	1
11498140	11498139	2
10474332	10474331	5
8408323	8408324	1
5904307	5904308	3
3289458	3289448	1
759767	759768	1
7672349	7672350	3
6413322	6413319	2
8544585	8544586	7
4295123	4295124	1
10851606	10851605	4
11416619	11416622	3
11968015	12148043	1
3798187	3798188	2
10169885	10170683	3
1589559	1589560	1
3542535	3542536	1
8186564	8186671	1
11184577	11184578	2
10647989	10646921	1
10087021	10087022	2
10903929	10903943	2
5589969	5590010	2
1105854	1105853	1
694045	694046	3
7427763	7427764	2
3481256	3481255	1
6097404	6097401	2
2593686	2593685	2
11442620	11442619	1
11214620	11214617	3
11906680	11906679	1
3910780	3910787	2
11175274	11175336	1
1612360	6112204	1
997161	997164	1
11707173	11707174	3
6526577	6526578	2
5709869	5709874	2
5446425	5446426	1
340275	347285	1
5982416	5981922	2
4534425	4534318	3
3548927	3548928	2
11815757	11815760	2
1839213	1839214	3
9140925	9140926	3
3788129	3788699	1
1201604	1201601	1
3562651	3562644	2
6864783	6864784	1
10457002	10761090	1
9587630	9420154	2
10168051	10167997	1
6503973	6503974	6
4917577	4917580	2
10478855	10478804	1
5735247	5735015	4
436621	436622	4
2386499	2386502	1
12752854	12752853	2
10488541	10488542	3
5758159	5758260	1
7728805	7728693	2
274587	274588	2
2076202	2087089	3
4220875	4220878	1
6830645	6830677	1
6757751	7709711	1
8692979	8692980	1
7894960	7894959	1
6357420	6357534	1
5347587	5347714	1
5135041	5136100	3
2385500	2385497	1
8900632	8900631	3
10184324	10184323	2
5785800	5785797	2
4779304	4779300	1
5886825	5886826	1
7071007	7067890	3
6528170	6526430	1
4649115	4649116	5
10393909	10393912	5
5806764	5855280	1
8380328	8380327	2
11424278	11424277	2
633633	633634	1
5968256	5968259	2
10518561	10518562	3
5049998	5049993	1
4725098	4725097	1
5480445	5480446	5
3051277	3051272	1
12141424	12141423	3
6105176	6105025	1
4285620	4285619	1
11104974	11104971	1
4858552	4858551	2
6158828	6158827	4
12751641	871516	2
5130384	5130383	4
275296	277391	1
8306918	8306921	1
8996597	8996598	2
4231804	4231803	2
1797518	1797517	1
2870144	2870143	1
437567	437579	1
2431782	2429980	2
10814500	10814499	1
8306614	8306653	1
5824026	5824025	4
8427088	8065041	2
7786638	7786635	1
10384330	10384327	1
12529448	12529447	2
12435642	12434033	4
7851633	7851259	2
10292956	10292970	3
11923382	11923381	4
5846113	5846706	1
188240	188237	1
7548132	7548131	1
6720273	6720274	2
6171713	6171714	2
2336639	2336623	2
9181270	9181003	1
6178748	6178747	1
1297694	1297693	4
5656861	5656862	3
8621614	2718750	1
12693822	12693821	1
11780306	11780305	2
6966796	11333860	1
3553740	3553749	1
9163191	9163192	1
5463215	5461147	2
783953	783954	5
12429462	12429461	1
2105800	2105798	5
1594816	1522775	1
10801464	10801463	2
10197406	10197405	1
10123735	10123738	3
3856432	3856431	2
4536673	4536674	2
3536809	3536810	3
5700000	5700429	1
3713005	3713324	2
7561832	7561829	6
8515121	8515122	2
2118303	2118297	2
5011248	7205662	5
5881331	5881321	2
671043	671997	1
6582233	6582234	3
6981259	6981260	2
7182073	7182070	1
10627089	10627090	2
18937	18909	2
155848	153005	1
12621154	12620354	1
6729371	6729372	1
8066896	8066812	1
3771045	3771046	1
1876406	1876403	5
3855272	3855271	2
5018528	5018527	4
5482518	5482517	1
11425341	11425378	1
11232269	11232270	1
6711585	6711577	2
5003439	5003442	2
11144282	11144796	4
5533131	5533132	2
5260206	5260203	2
6159908	6159907	1
4859542	4859560	2
11153659	11153660	3
4104379	4104380	1
8811780	8811779	2
11330725	11330708	3
7654781	7654783	3
6574454	6573882	1
8385999	8386000	4
1285620	1285619	1
7027202	7030476	4
5446301	5446306	2
5447830	5447829	2
12434759	12434751	2
4603894	4603891	2
9624688	9624685	1
6077039	223023	1
6256019	6228793	3
3026069	3026079	1
5565123	8229192	1
12426504	12426801	5
1422174	5742305	1
1535808	1535717	1
12432000	12431999	1
3189283	3188527	1
9176453	9176413	1
11527987	11527984	1
7207641	7207588	2
11642600	11642599	2
5250922	5250921	2
12679573	12679574	3
9822058	9822252	3
5013041	5013042	3
1635583	1635577	13
7565646	7557569	1
10241924	272431	1
3631661	3631662	2
10148633	10148634	1
11530428	11530453	1
4878945	11991965	1
1758494	1758491	2
11409258	11406574	1
5317135	5317136	7
10138423	10138426	1
2180445	2180303	4
11174009	11174010	1
6183570	6184057	1
5197499	5197933	4
10300038	10299960	1
5970390	5967271	1
2482978	2482975	1
5201394	5201393	3
6548449	6548452	2
8868019	8866668	2
4680366	4681166	1
10367967	10367968	3
11913247	11913232	1
5377693	5376562	1
5515462	5515461	1
5858496	5859541	1
6600762	6600770	3
12413431	12416193	1
3277027	3277028	5
9582236	9582296	3
3249236	3249235	1
361698	361889	2
7778421	7778422	2
4057468	4057467	1
10082651	10081105	1
8519852	8518536	2
8604387	8604388	1
670913	670914	2
8613539	8608282	2
5600743	5600744	3
6870256	6870255	1
4948726	4948725	3
3427059	3427062	1
2277010	2277009	4
5674570	5674569	3
5545282	5545281	2
4693799	4693970	5
2267188	2267005	1
11296537	11296538	2
10081982	10081985	1
7286124	7287842	1
2014165	2014065	1
6198889	6198890	9
5474159	5474160	1
8812637	8811781	1
1834052	1835007	1
6177011	6177143	1
4285620	4285617	2
6593787	7948218	1
12209354	12209353	4
52584	52620	1
6799155	6799185	4
10221406	10221405	2
2045655	2045656	1
9132592	9132591	1
737453	6194	2
1903505	1903506	1
2338369	2338370	2
2592750	2592749	1
4911151	4911152	2
1717907	1717908	4
8746543	8746519	1
5244956	5244955	1
2274862	2274859	1
4070834	4070839	1
2443106	2443037	2
2797603	2797572	1
4265494	4601385	2
4035484	4035437	2
9187774	356428	1
6093624	6093494	1
279206	279205	3
8287090	8287089	1
5884177	5883375	6
1253510	1253595	1
3372546	3372568	3
3669001	3669004	1
7129036	7129033	1
433969	433970	2
90663	233103	1
7803252	7803251	2
5197499	5197500	4
11566675	11566429	2
9505420	9505419	4
6448924	6448917	2
3791244	3791314	3
3577004	3577003	1
2221501	2221502	7
9693360	9693359	1
8824048	8824047	2
5351764	5351761	1
7160214	7160213	3
8379769	8379771	1
9087179	9087180	2
8033260	8033259	3
4183173	4183208	1
8342433	8342438	1
11503665	11503666	1
3729291	3729292	4
406159	406160	1
3098112	3098111	1
3123790	2900289	2
445804	445801	2
9035500	9035538	2
7071173	7071174	1
2830197	2830198	2
1052843	1052846	1
11244652	11244651	3
6177355	6177356	4
946836	946995	1
5847167	5846873	2
10088454	10088451	3
4301655	4301656	3
909729	909730	1
11084293	11084294	2
1486597	1486608	1
8881013	165435	1
5977889	5977764	4
786301	786293	1
1662570	1663125	1
12457593	12457600	1
3599259	3422848	1
6169005	6169138	4
3913775	3913737	1
2637793	2637303	2
11485556	11485008	1
11090828	11091069	1
9407781	5777940	1
10289035	10289036	4
10379840	10378864	1
4702795	4702798	2
7495050	7496646	2
8692097	8692101	3
11013150	11011498	1
5485968	5485967	1
11197353	11197358	1
9377770	9377773	1
6841605	6841606	1
4099711	4099712	5
6658406	6658618	3
8291441	8528123	2
7546468	7546467	3
8385981	8385982	8
3203357	3200883	2
8014487	8014353	1
206335	206322	1
4829168	4824016	1
2612349	2612350	1
993703	993686	5
1956448	1957347	1
5451345	5451346	4
6519018	6406595	2
42489	42490	2
4691611	4691612	2
8047998	8047997	1
1030478	1030477	2
6183628	6184407	2
4364813	4364814	2
6755146	6755145	2
12317872	12317871	2
6019870	6019867	1
10490975	10490976	2
6473282	6473162	1
6339655	6339656	4
4587990	4589327	2
5308752	5308794	3
6705086	6705083	1
7945684	7945681	4
4609240	4606884	1
8401009	8400479	1
8065699	8065700	4
10438239	10440775	1
7734674	7734679	1
5328794	5328793	3
3314568	3314567	5
8466755	8466756	1
10860185	10860186	1
7811872	7813932	2
280841	280842	1
4686036	4686035	4
1342780	1343733	1
11094917	11094918	4
12515523	12515524	1
8738722	11789724	1
11294339	11294300	1
2898000	2880163	4
11327330	11327279	1
10768193	10768196	2
2361847	2361835	1
6897100	6897250	7
130184	130183	4
11573290	11573289	1
11906300	11906299	1
12625004	7721912	1
11098600	11098599	3
1856856	1856855	2
9756592	9756591	1
10459165	10459166	5
7533774	7533767	4
11279526	11279525	2
4296234	4296155	2
1407775	1407815	1
11592068	11592067	11
9285047	9285007	3
6584805	6584806	1
3087727	3087728	2
10079297	10079304	1
3136183	3135690	1
2757693	2757709	4
7783386	7783426	1
915826	905458	5
10462472	10462488	5
9155283	9160554	1
10196948	10196947	3
7759361	7759362	2
12662856	12662855	4
3121906	3121910	2
6704482	6707210	3
7752393	7752237	1
6445260	6445259	1
11752759	11752760	2
7331817	7331818	1
11471607	5858840	3
4261672	4261669	3
6750308	6750379	1
1686897	1687734	2
9899490	312511	1
9797297	9797298	1
6004211	6004212	1
3213857	12521774	1
6160412	6160411	2
313593	313594	1
8365569	8365580	1
3194857	3194858	1
8275532	8275531	1
12144050	12143391	2
2008839	2008840	1
7344117	7327470	1
10062274	10062273	4
2614402	2614401	5
2844768	2844767	3
11478251	11478252	5
10807332	10807106	2
7115058	7115060	1
9772952	9773947	1
12664012	12664011	4
12454141	12454142	2
5595512	5595514	1
11324679	11324680	1
8447762	8447761	2
4749526	4749525	1
2699943	2699944	2
12295353	12295354	2
1766569	1766575	1
10093065	10093066	1
6138579	6138580	3
9516012	9516040	3
2008085	2008857	2
2894004	2894033	5
12203495	12203504	2
8296091	8296094	1
5776035	5776036	2
6466502	6466501	2
1242384	1242383	4
1698787	1698805	1
10799890	10799889	5
4739571	4739574	1
12315018	12315015	1
12448293	8904822	1
10594419	10594420	1
7121219	7121230	1
10329053	10329203	1
3731837	3731999	2
5816621	5816622	3
4032098	4032097	1
8351254	8522225	1
6174782	10481416	1
12415182	12415269	1
5399660	5399659	3
290348	290369	2
360854	360853	4
5440114	1665880	2
1824218	1824828	1
882856	882842	2
6160006	6160005	3
6249889	6249890	1
3037735	9377756	1
3016383	3014826	9
885760	885759	3
3871247	1937747	3
8665560	8665822	2
3323473	3323474	3
3983995	3983964	1
6457162	6457161	3
3871801	3871802	1
6866589	6866592	1
12596026	12596025	1
735439	735830	1
260639	260642	2
4758030	4758029	1
5289123	5289143	1
6442207	6442208	2
3562649	3562650	3
3373382	9095217	3
2001306	2001305	2
5989505	5989506	1
5464071	5464074	5
5834988	5834985	1
2281721	2281714	2
6579198	6579197	1
1235460	1235459	2
6916388	6916103	3
6928708	6929467	1
5365309	5368604	3
12181329	12181445	2
10505731	10505717	3
6452209	6452210	2
1207618	1207617	1
5622810	5622809	2
8151736	8151733	2
6121358	8547259	1
11101425	11101426	1
10062276	10062275	3
10976185	10976238	1
11805040	11805039	3
813225	814183	1
5458490	5458489	3
1037214	1037209	1
7695875	7695876	3
4546444	4546443	1
3301370	1286415	3
11319040	11319037	2
1589508	1589507	2
8283899	9576655	4
1188785	1188817	1
11700205	11699417	1
1528695	1528696	1
1405152	1398954	2
9186130	9186129	1
1018289	1018290	1
937524	937491	2
7810879	7810161	3
5549088	5549087	1
12332400	12332399	5
11174689	11155255	1
2449519	2449520	2
2843593	2843594	2
6046234	6047097	1
845332	845329	2
5796903	5796904	1
5983339	5982842	1
10930644	10930643	3
10531585	10531586	1
8370853	8370854	1
5677596	5677404	5
6559516	6559817	4
3871947	3871795	1
752589	754246	2
11179793	11179794	3
5161862	5161861	2
1528695	1528698	1
3991850	3991849	1
5833652	5833425	1
11228573	11228440	2
10379762	10704770	1
5392627	5392628	1
11187452	11187451	2
6692575	6689759	1
8230636	8230635	1
5939694	5939693	2
7523	9059	4
2117991	2117994	1
5936118	5936122	2
3200584	3199215	1
8874763	8874764	2
246816	246815	3
4502921	4502922	1
7953043	7953056	1
7216802	7214575	3
9580405	9580446	3
6227896	6228753	1
9916182	9916181	1
5628102	5628101	1
3380496	3380495	1
8038495	8038937	2
10438753	3206161	2
2225782	2225781	3
7201589	7203523	1
3521388	3521387	6
10193295	10193296	4
6687332	6687331	2
10983075	10983076	4
7127297	7131347	1
12794997	12794998	2
7785546	7785512	1
264338	264364	1
11744929	11744930	1
6383967	6383968	1
19255	19178	5
6555558	6555530	2
10080815	10084463	1
8759136	8759135	1
3860754	3860674	3
5530348	5530347	3
11886736	11885987	3
10979047	10979048	2
8129354	886906	1
4437195	4437735	1
1784480	1783998	1
11994350	11994349	7
3588490	3644928	1
6865403	6865404	2
9328591	9328733	2
3985219	3985220	2
4537154	4537153	1
1927073	1927074	1
8609251	8608372	2
821992	821891	10
5883406	12227845	1
10076783	10076756	5
3692222	3692268	1
3003781	3003814	3
10984168	10984175	3
4991938	4991937	2
5261299	5261300	1
1521156	1521155	1
710903	710897	1
11761147	11761148	1
11876622	11876621	2
9597872	9597871	4
10706576	10706566	1
10900580	10900684	3
847980	847961	1
6310191	12015613	1
3314429	3314430	4
9065179	9065180	2
655910	655904	2
5861461	5861440	1
3876446	3876445	2
8711917	8711918	8
7885	7886	1
10108780	10108828	2
7512722	7512684	1
10177272	10177269	2
7727425	7727438	1
3769795	3784110	4
9879564	9879563	1
9350038	9350037	1
4509964	4509963	1
7775593	4265191	4
372210	369628	1
12373229	12373170	2
3021115	3021129	1
6072813	6072958	2
5631185	5631167	2
11991935	11991936	2
11204774	11204773	4
7940630	7940629	1
5306740	5306739	2
9464727	9462772	1
12001306	12001303	6
8208371	8208372	1
4610601	4702633	2
8485290	8485069	1
7447362	7447361	1
3882596	3882601	1
5310305	5310306	4
1933244	1933237	1
1045153	1045154	1
5678410	5678415	1
8753803	8753804	2
10742865	10742866	6
2231227	2231228	1
4786670	4786475	1
4419421	4419424	1
6679134	6396082	2
8110671	8110631	2
8879568	8880884	1
7367930	7367929	3
6127869	6127870	2
1984657	1984658	2
11327280	11327279	7
7976903	7976904	1
6696341	1697340	1
5591116	8447761	1
12012474	12012473	5
5594255	5594845	1
11344908	11344814	1
9381974	9382006	1
5045396	5044743	3
322487	322474	1
11877799	11877795	1
5485261	5485279	2
11462838	11462837	2
6191022	6191017	2
4868178	4868173	1
10684697	10686194	1
4756973	4756575	6
5445165	5445166	1
7596495	7596496	1
7871712	7871711	1
4809588	4809587	1
12771055	11551619	1
10706576	10706575	6
5822298	5822297	3
7424261	7425406	1
5977968	5977967	1
3161018	3161015	1
11251629	11248430	1
4434131	4434132	2
6157576	1516519	1
11397764	11397763	2
169037	2983911	2
2202345	2202346	2
11500023	11500024	1
12428322	2684437	1
11458899	11458758	1
6717248	6717247	7
2085702	2085696	1
1419385	1419386	1
986580	987061	4
5926923	5926924	1
5512613	5512614	4
8290099	8290100	1
9395538	9395537	4
7536000	11272164	1
1134719	1134720	4
3095825	3095826	2
2324383	2324387	1
1133486	1997763	1
965560	965559	2
8193906	8193905	3
11679125	11679010	1
11097478	11097477	1
12293466	12293465	4
1772687	1772688	1
9108329	9108330	2
203862	203857	2
7513825	7513826	1
12484135	12484142	1
4863345	4862894	2
8941936	10655327	1
10093042	10093039	3
1758496	1758493	1
766100	765954	2
12718559	12718196	1
12806924	12809398	1
5994427	5994428	4
7515566	7515533	1
3416524	3416527	1
6730661	6730533	3
671364	671363	1
2077957	2077958	2
11516162	11516165	1
993701	993702	8
6415587	6415588	1
7650541	7650549	1
1003176	1003173	2
5088136	5088135	1
10958244	10958243	1
11883322	11884223	1
7279905	7279906	1
9190293	9190296	1
4948095	4948096	2
5998368	5998367	1
8831086	8831085	4
6672220	6672079	1
4441426	4441425	3
3277943	3277944	2
11784183	11806898	2
6622465	6622466	2
4570435	4570436	2
2265587	2265590	1
3405587	3405588	2
3373773	3373774	2
6208183	6208184	1
8509518	8509517	2
2107422	2107421	1
9467230	9467229	1
5802387	5802388	4
3954495	1325080	2
1674798	1674797	1
11568203	11568206	1
6336331	6336332	1
1303040	1302209	1
879505	879506	5
11721463	11721464	7
10080787	10080788	3
11931188	11931187	3
2348241	2348305	2
7976739	7976740	6
3787972	3787971	2
7885847	7885852	1
6377527	6378935	4
5602500	5602499	2
1099871	1100550	1
2901661	2899760	1
2002459	2002460	3
5619296	5623424	2
5250650	5250923	3
2920596	2919797	7
12657324	12657323	2
4867825	4867826	1
3798573	3798574	5
70738	70541	1
3525556	3526307	2
12459248	12459226	3
4784614	4784613	1
8725424	8725698	1
7115900	7115874	2
10810104	10810122	1
10206951	10206952	6
2187051	2187052	1
8875684	8875616	1
2847644	2847643	1
3317714	3317713	2
11040332	11040331	2
11979890	11979889	3
11717721	11718499	3
11375243	11375244	3
10182561	11842203	1
9517972	9517975	1
3638277	3638280	3
1531969	1531970	1
8312951	8312952	1
825928	825927	1
6620807	6620946	4
5208840	5208839	3
11995645	11995646	4
11096375	89758	1
2368917	2482366	1
8319790	8319789	3
10827973	10827974	1
3101719	3101720	1
6156775	6156778	2
5504149	5504150	2
3036568	3036567	3
6858303	6858306	1
4959294	4959293	1
3792546	3786531	1
6640957	6640958	1
8861852	8861851	2
9857351	8013265	1
8654732	8654729	1
10465114	10468162	1
11860632	11860629	4
9609615	9609607	3
10156702	10156701	2
4953777	4948273	2
11041460	11041459	1
2101205	2100907	4
10156700	10156699	1
5662656	5662636	1
8240186	8240183	3
5932154	5932135	1
3783811	3783775	2
11672023	11672024	2
633270	633269	1
5599980	5599979	3
12802224	12802223	2
3923783	3925788	3
3919228	3919227	1
11939476	11939458	3
1232843	1232846	1
8170267	8170268	1
11091276	11091247	2
2059329	2059330	5
3305225	3305284	2
835262	784956	8
1762573	1762578	2
3422952	3423241	1
5930989	5930990	2
538072	538071	1
9424456	9424461	1
5271068	5271065	1
10096970	10097095	2
4142598	4142597	1
10792770	10792769	6
4408699	4409036	1
8375742	8375741	2
12231979	12232471	3
12195441	12194130	3
8209887	8209888	3
3524147	3524148	2
1832557	1832560	4
9236079	9236080	1
3741313	3860937	2
7929310	7929287	2
7284007	7284008	1
3325292	3325251	5
1837329	1837330	1
2125268	2125271	2
9181269	9182548	1
2171476	2147773	4
2547864	2547861	1
5438422	5438421	1
4520160	4520163	1
3711817	3711813	1
2485106	2485103	3
1530727	1530728	4
6376681	6376682	7
991693	991694	6
5356691	5357592	1
12350269	12350270	1
9577116	9577115	2
3926615	3926616	2
5790713	5790714	1
6185588	10999212	1
3614685	3614686	3
9294951	9294957	1
10409666	10409705	1
992957	992958	1
8218025	8218180	1
6780966	6780965	2
7144722	7144721	10
8709695	8709696	3
5753313	5753307	1
5376495	5376496	2
1031860	1032654	1
11614827	11614828	3
2779026	2779023	1
10833376	10833375	3
10324707	10325325	3
4095214	4095007	3
142442	144171	1
12484466	12484463	1
2099749	2099750	1
7203684	7203719	3
4571554	4571553	2
4687992	4687991	1
300618	300550	1
5484965	5484915	1
6208513	8347846	4
2003795	2003796	1
4281422	4281421	2
4786329	4786334	6
7528545	7528546	5
5245157	5245158	1
8397984	8397983	4
10478170	10377221	3
9267886	9267885	2
9621722	9621721	2
10203479	10203480	1
9831751	9831880	1
8106243	8106341	5
7190979	7190980	2
1395866	1395865	1
9505389	9781020	6
3337491	3337492	1
10335946	10335945	6
4063953	4064182	1
7967034	7967030	1
9443615	9443616	1
5882047	9805325	2
12773502	12773501	1
2744005	2744006	3
394894	394891	2
6689972	6689971	3
408691	408692	1
12600573	12600564	3
3972769	3972770	3
11760278	11760283	1
1253588	1253591	1
158627	158633	1
1612096	1611798	2
6093306	6093305	6
11880275	11880278	3
1918097	1918098	2
10241362	10241375	1
5130761	5130756	1
7669393	7662689	2
639825	639826	4
4754188	4754187	2
10403846	10405039	3
8444599	754692	3
10452801	10452802	1
3987016	3987015	1
1544944	1544943	2
6600315	1688444	2
5326411	7364950	1
12004799	11999225	1
400174	400161	2
8209376	8209371	3
433971	433972	2
3819252	3818052	4
10044970	10046226	1
12720083	12720089	1
5657311	5657314	1
1030865	1030868	1
6542440	6542439	4
270030	268701	3
10748930	10748961	1
4593449	4593450	2
2454505	2454506	2
3820929	3820930	1
1401312	1405560	1
12636734	12636729	4
10472653	10472654	2
8130797	8130798	2
9802328	9802325	5
8430343	8430344	2
2847773	2847774	4
3415967	3415968	1
7064836	7064835	3
6742410	11335554	2
12485135	12485136	2
12415314	12417832	6
10723981	10723982	1
1254579	1254580	1
4387825	6940956	2
9022427	9022428	4
6063886	6063891	2
8388371	8388281	3
8293402	4303457	1
6846189	6846104	4
5485970	5485967	1
1746997	1746998	6
3464584	3464579	1
7345930	7345929	2
1285624	1285621	2
595806	595803	2
9768838	9768837	1
12459975	12459986	3
3160711	3160712	1
12150673	12150674	1
6150153	6194144	1
11259841	11259842	1
12760684	12760683	1
8895782	8895779	2
1722929	1722932	1
12650018	12650017	4
5735217	5735220	1
3355598	3355130	1
6822930	6822927	2
9865653	9865656	5
4151294	4152648	1
11908535	11908536	1
3285590	3285589	2
175151	175152	4
11076044	11075942	2
5806743	5810303	2
5580782	5580785	1
7277679	7277680	1
1326525	1325448	3
12450886	12450888	6
8797009	8764501	1
5972162	5972161	1
3704778	3704777	4
3754017	3754018	1
4148709	4148379	1
11435308	11435307	2
6552526	6552519	1
1861370	1861369	6
9423751	9423523	1
9785582	9785567	1
1602697	1602698	2
1711696	1719652	3
3069501	3069466	2
7535504	10139652	1
6173614	6175199	1
960244	960243	3
10062059	10062060	6
2114175	2114159	3
5272184	5272190	1
11165662	11165527	1
35547	35548	2
2663590	2663589	1
976772	976771	3
10111492	10111489	5
1070110	1070106	2
486061	486062	2
679313	679305	1
6485956	6472087	1
10605015	10605016	3
4077522	4077521	1
5365863	5365828	3
6655432	6655346	3
12732562	12732522	1
5335850	5335849	1
7583546	7583544	2
4241798	4241821	1
10999182	10999185	1
4264571	4265261	2
2835915	2835916	1
2121592	2121591	2
11991069	11991070	2
2106336	2106335	1
3313118	3313117	3
6728969	6728970	2
6503975	6503978	2
4538705	4538706	1
7149893	7149298	2
893457	890358	1
792284	790389	2
7402485	7402494	3
5814818	5814828	7
1375739	1375616	1
506948	506947	1
8447976	8447975	2
9644144	9644143	3
3199543	3199585	1
2064060	2064059	1
7936078	7936075	1
4522525	4522526	5
11261260	11261259	3
9453686	9453685	1
2183927	2185149	3
11388188	11388339	1
9546172	9546171	1
1436678	1436677	3
5657656	5683242	2
5943014	5943013	5
8759935	8759994	1
6946040	6946037	2
2926712	2927644	2
437009	12526271	1
9297463	9297356	2
9253587	9253592	1
5785639	5785640	2
7752188	7752187	1
3851319	3851320	3
10542195	10542174	2
12366257	12366271	1
5630270	5630269	1
904208	904205	1
2812952	2812949	1
5364124	5364123	6
11503796	11503795	1
4788434	4788433	1
11467507	11467512	1
1049408	1049084	1
2639896	2639895	2
9772316	9772315	2
4304915	4304991	1
5554895	5554432	4
11123389	11019239	1
6391	4246	1
11933188	11933187	2
736787	736788	2
4527672	4527671	2
5516101	5516102	2
6134601	6204524	1
5716357	5719571	2
5349484	5349483	1
1728424	1728421	1
1037216	1037215	3
3416025	3415988	1
4733343	4733346	2
12456376	12456397	1
8248345	8248346	1
5283759	5283760	2
3213111	3213112	2
4020061	4020064	1
11445397	11445398	1
532304	532303	5
1788283	1788286	4
11008298	11008297	1
10387740	10388495	3
11045199	11045200	2
10905877	10905562	3
11101963	11101964	2
7067031	7067032	2
2789886	2789885	4
3271433	3271434	2
7902536	7902535	1
6560675	6560676	1
1803146	1803145	1
1252610	1243797	3
6027738	6027721	4
5838453	5837135	1
1304895	1301194	2
7263525	7263526	2
2639599	2639562	2
11343650	11347620	1
3323264	3323263	3
11367159	11367160	1
8020659	8020662	1
719938	719937	3
10333364	10333303	2
6162378	6163352	3
2272582	2272572	1
9844509	9844510	1
2891583	4357592	3
3025759	3025794	1
4154409	5813796	1
167949	168396	2
5500814	5499537	1
11861637	11861638	1
5412814	5412813	1
1190570	1190569	5
342886	341616	2
7965045	7965046	1
6174741	6199563	4
12613183	12613184	1
1602697	1602700	1
7641973	7641974	1
9975870	9975869	3
6766422	6766421	3
9491097	1045781	1
1395864	1395858	1
12241271	12241272	1
7446427	7446428	2
2559789	2559790	2
9789544	9789543	4
3913667	3912385	3
2559945	2559734	2
12686766	4819401	1
1515261	1515262	3
1192893	1192907	1
3773380	3773377	1
1943405	1943402	2
1383980	1383977	1
1794053	1794054	1
7728805	7728691	2
5138806	5137771	2
3986784	3986781	1
1828857	1828858	2
12033284	12033283	3
7433113	7433586	3
5372279	5372261	5
8153240	8153239	1
6006345	6005924	2
1055072	1054327	3
9239904	9239860	2
10877716	10877700	3
3615493	3615494	1
1850102	1850011	1
7174358	7174910	1
8428389	8428390	1
7215430	7215462	1
5042729	5042730	2
6818285	7738523	2
8468508	8468505	2
3593047	3593519	1
6957971	6957972	5
6216717	6216718	2
1097933	1097934	1
1285286	1285285	3
3192539	3192491	1
6593382	6593461	2
4724728	4725097	1
7348127	7348128	1
4383434	4383424	1
6900257	5754233	2
8028050	8028047	1
7733360	7733359	4
6126444	5528933	1
6951505	6951506	1
3800743	3800744	2
684702	684711	1
9705061	9705062	3
518289	518290	5
5733025	5733026	1
8475606	8475565	2
4535882	4535383	2
11579197	11579198	2
7557563	7557564	1
6629665	6629666	1
112215	112216	3
11607716	11607636	1
1463385	1463386	1
3379027	3379028	3
1323326	1323347	4
5527057	5526978	3
7560431	7560432	4
5193546	5193545	2
7295905	7295434	1
3477795	3477798	1
6173726	6173708	6
4538516	4538506	1
207207	207208	2
11923528	11923527	4
1485976	1478169	3
8344943	8344925	1
7819299	7819300	4
5187692	5311376	1
10033238	10033237	1
10393908	10394618	5
4792552	4792551	4
8452327	8452328	4
5155918	5155917	1
2825983	2825986	1
6510241	6510242	3
4195324	4195512	1
1371012	1371011	3
2866626	2866625	3
415722	415721	3
3516410	3516409	1
11168605	11168606	1
11628123	11628243	4
6257681	6257682	2
8953556	8953555	2
11624808	3719164	1
8859582	8860423	2
206493	206494	1
11908515	11908516	3
1395545	1395572	2
113016	113015	1
8063163	11404029	3
2560600	2560599	2
7565703	7565451	1
1922672	1922678	1
601206	601203	2
9908454	9908453	1
10204075	10204076	1
7045255	7045256	4
10751011	10751012	2
10416320	10416319	2
12207772	12200268	1
9709682	9709681	2
8284930	8284927	2
6174784	10481416	1
8868019	8866666	3
9867386	9867385	2
3458298	3458297	1
12394218	12394261	1
6161149	6161150	1
795824	795760	2
11933074	12660089	1
861461	861866	3
8403426	8403425	3
8869944	8859478	3
8033459	8033462	3
6278797	6278798	1
7528496	7528495	2
4800320	7425442	1
1459248	1459251	2
4103952	4103951	1
10402309	10402313	1
8514794	8514793	3
4020984	4020987	1
7423475	7423481	4
6481861	6475074	3
8888485	8887278	1
4447111	4447112	1
8220644	8221557	1
10721097	10716018	3
5994663	5994468	1
7804078	7804597	1
516687	516688	1
1195964	1195953	2
9883365	9885492	3
614718	614693	1
5966316	5966315	1
933344	3378640	1
3221194	3221193	2
3289706	3289705	5
12276098	12275935	3
6830253	6585896	1
12364769	12367068	3
7841253	7937356	1
5445750	5445749	3
871517	871518	2
1626026	1623518	2
6796903	6796904	4
8626186	8626185	3
4680298	4680297	1
206159	206160	2
10193233	10192922	2
5365285	5365286	1
7856134	7855696	1
329898	329897	4
5442947	5442952	1
6136550	6136557	2
4564377	4564378	1
969884	969883	1
11271437	11271440	2
8795115	8795118	1
5122254	5122251	2
1215031	1215046	5
289936	289956	1
4034135	4034136	2
3942306	3942303	1
6190778	6190777	1
1444545	1444546	2
8477337	8294237	2
12771833	12771802	1
2332756	2332755	5
10905875	10905876	4
5410608	5410607	2
1926296	1926295	1
7682962	7682986	1
681232	681211	3
1167521	1167522	2
5802385	5802386	3
2561973	2561974	1
4142654	4142653	2
11751634	11751633	2
3423814	3423813	1
6826512	6826511	2
1325804	1326470	1
5362681	5362682	2
2417752	2417751	2
10743898	10743895	1
595605	595606	1
9956860	9956811	1
1292257	1292258	1
10251979	10251980	1
5592351	5592386	3
8560553	8560556	1
4735839	4735840	5
8635395	8635396	2
5571449	5571452	3
1507565	1509583	4
11521748	11521747	3
5245155	5245156	1
3902650	3902649	6
6803488	6803487	2
6757242	6757241	4
4610895	4610896	2
8159682	8159681	4
9419760	9419958	2
8865408	8865407	2
10377116	10377115	4
8558245	8557362	4
179851	179852	2
12613009	12629498	1
2012212	2118867	1
5332546	5332545	8
5635503	5635504	3
5769144	7026841	3
1645176	1642441	4
5425172	5425171	1
6066272	6066271	1
9256825	9256828	2
3229565	3229568	2
4123403	4123404	2
10259812	10261777	2
2642598	2640875	1
8820398	8821315	1
339412	340145	1
6676740	6676739	1
6592377	6592380	2
9317578	9317799	4
11163726	11163725	2
754877	754878	1
2833226	2833225	2
6176194	6176439	1
12998	12997	2
2010847	2010813	3
10033238	10032653	1
7695588	7695003	6
8760763	8760764	5
7698858	7698857	5
4802944	4802943	1
11872481	11872470	2
1530464	11964645	1
971754	971708	1
2450746	2450745	6
7201587	7201588	1
6031395	6031428	3
969629	969635	3
6460332	6460331	2
5820579	5820580	2
8500719	8500699	1
2462237	2462238	1
4149369	4149370	2
4417842	4418183	1
6406193	6406198	1
1768106	1767584	1
8110351	8110352	2
8235303	8235304	5
11884088	11883832	1
12000783	12000769	1
9912374	9912373	4
3141659	3141660	4
5502054	5502053	4
6023638	6023637	2
4835096	4835632	2
5182347	5182343	2
3579306	3579305	2
5364124	5364141	3
7290359	6857705	1
10059162	10058651	1
4286966	611929	1
1618182	1618185	1
12353934	9900953	1
8968265	8968266	1
4424054	4424053	1
11485325	11485599	1
11342760	11341983	3
2833802	12456660	1
7730599	7730600	2
7681942	7681928	5
152539	153983	1
4697242	4697241	1
4750177	4750178	3
9576004	9576003	2
2921239	2922177	3
12624737	12625672	1
10357444	10357443	2
10094808	10094805	2
8821956	8822080	1
372658	372657	1
11448888	11448795	2
5861644	5861643	2
10643739	10643740	2
6588111	6588112	1
2833220	2833219	1
8198122	8198121	4
2023337	2023338	1
8175308	8175312	1
5163490	5163487	2
5156971	5156974	2
9878899	9878900	1
8963322	8963321	3
11362211	11362212	1
9930388	9930387	3
10750407	10750408	2
6310779	6310780	3
1573857	1574832	1
1971201	11830611	2
9975872	9975869	1
3913945	3913953	1
6500895	6500903	6
10111845	10111846	1
7979736	7979733	1
6772435	6772436	3
10429514	10429513	5
8192928	8192280	2
7398462	7398461	1
3341230	3341237	1
12306995	12307017	1
8197666	8197835	1
11907468	11907493	4
7630863	7630851	3
920129	920130	4
446261	446125	2
6569129	6568639	2
5191753	5191754	1
7964845	7964882	1
12191323	12191436	2
5522981	5523033	2
11069861	11069862	1
3248687	3248543	3
3985849	3985964	1
8200192	8200191	1
3481254	3481253	1
1139717	1144123	1
3546766	3546765	2
10478004	10477972	1
3237611	3237614	2
8895778	8895777	3
7708796	7708795	3
8720427	8720913	2
1162766	1162839	2
7058993	7058994	3
5703748	5703747	2
6809242	6809241	2
10294339	10294344	2
10269665	10269912	2
1064392	1064385	1
4687319	4687320	2
6284247	6284248	1
10797007	10797994	1
1201471	1206352	3
6501698	11942147	2
8938357	8937512	3
7941937	7941938	3
6769657	6769650	3
12669306	11901029	1
3258332	3258331	2
5950042	5962546	1
6681961	8419377	1
3694453	3694454	2
7828420	7828419	3
2469813	2469772	1
2280568	2280567	5
11143771	11138278	1
5284236	5284235	2
2285538	2285616	1
5949510	4362412	1
10278699	10270344	4
6604707	4116497	1
933152	933149	2
7932757	7932762	1
4437161	4437162	2
10435811	10435792	1
7723242	7719522	1
1705711	1700944	8
2975519	2975520	1
7946414	7946413	2
3854570	3854567	2
5628165	5628173	5
8829365	8830677	2
3392104	3392103	2
8254056	8254055	3
7232052	7232051	1
5226618	5226617	5
2191398	2193387	2
5433594	5434137	3
11804328	11806809	2
5874553	5874567	2
6067493	6067637	3
5801433	5801422	1
11944559	11944562	1
11672997	11673000	1
9249770	9249769	1
5465298	5480581	3
9741732	9740090	1
4566480	4566479	1
8789947	8789948	4
959447	1306060	1
1631863	1631864	2
10406943	10396764	1
6832474	6832479	1
10487573	10487937	3
12415244	12415243	4
4637332	4637329	1
586602	586601	1
5470902	5470866	3
2810598	2810551	3
9277079	9277074	1
9892015	9892016	3
5583275	5584457	2
7798756	7887549	3
4143260	4143259	2
3690	3545	1
9514877	9511415	3
12048845	12048846	2
5286628	5286649	8
11430187	11430395	2
2268915	2268910	1
12286537	12286538	3
6881542	6881541	1
3593043	3593519	1
1606056	1606061	1
6436916	6436897	1
533093	527869	1
11871772	11871771	3
10367962	10367965	1
8393074	8393073	4
5178096	5177392	2
5778306	5778305	4
1217103	1216981	2
7186340	7192372	1
514953	514734	5
5653070	5652961	1
4791806	4792366	1
12042534	12042533	1
3593043	3593046	1
12463455	12463457	1
10296791	10296792	4
7819299	7819302	1
6468002	6468001	2
12311564	12311597	1
8527251	8527380	6
10097378	10097377	8
10058963	10058964	3
8336459	8336460	1
6033108	6033083	1
3122310	3118430	1
8472157	8472236	1
10694145	10694146	2
6745997	6749992	1
5194550	5194545	1
1077269	1077270	3
615417	615418	2
2435349	2435350	1
6778436	6778388	7
10977590	10977589	5
6135705	6135706	4
820447	820448	1
11035720	9410999	1
10908965	10908966	1
11687237	11684460	1
12120591	12120592	1
10915417	10915418	1
6578628	1687270	1
3129739	3129745	1
7253102	7253101	1
9989301	9989306	2
5651888	5650406	1
674045	674283	1
5368602	5368599	3
10751060	10751057	1
7765717	7760302	1
1361744	1361808	1
10449112	10376623	1
9918542	9918571	3
5548043	5548044	1
9578080	9578079	2
9577233	9577234	1
9539570	9542366	3
1530727	1530730	1
1732875	1732876	1
6113832	6113856	2
12634648	12643249	4
7752393	7752239	1
1082162	1082145	3
5404987	5404988	1
5904304	5904303	3
4204608	4204632	1
7801450	7801754	1
7067405	7067406	3
12630231	12630232	1
7013977	7013829	1
8990663	8990666	6
5749982	5752201	1
9185733	9185734	1
1589226	1589229	2
5045796	5045795	1
9323673	9323555	2
4285742	4285688	1
8763763	8763770	5
6764804	6764803	1
6980973	6978548	2
585828	569206	1
795600	795599	5
10504488	10504487	3
1218595	1218596	1
8078925	8085260	6
380685	380686	4
6844361	6844362	5
11540667	11546567	1
5969141	5969499	1
9516012	9516042	1
6553383	6553386	1
672134	672131	6
6250731	6250732	1
4296081	4296082	3
5720419	5720420	2
4307800	4307799	1
1172839	1172853	2
3692814	3692813	4
6070442	6070441	2
3118853	3118854	1
9778010	9778009	1
1099869	1099870	2
4787155	4787156	1
2689936	2689933	1
8904673	8904676	1
9328902	9328897	1
2681608	2681607	2
3232081	3231850	3
5927820	5927819	5
1931873	1931874	1
3280290	3280289	4
9811737	9811738	5
6582029	7862236	2
7539843	7540422	1
2548304	2548732	6
1979123	1979124	1
6521894	759425	3
5543985	5544083	2
915463	915464	1
3353609	3353612	2
1755082	1755069	1
15910	15909	1
4136874	4136873	5
6753044	6753043	2
7170741	7170742	1
2926763	2936430	1
12748147	796830	2
5095115	5095116	1
5838273	5834989	2
3009995	3009996	5
10387413	10387414	1
11211823	11217736	1
2724471	2724472	1
2447735	2447736	5
3426472	3426471	2
8338249	8338174	1
10413394	10413393	1
3910786	3910785	3
601204	601203	5
6347722	6347721	1
8348858	8352310	1
6177625	6177628	1
1764032	1764081	2
1110561	1151869	1
9238649	9235380	2
8584873	8573538	3
10322134	10322133	1
11866213	11866214	2
11817624	11813302	2
10222324	10222323	2
583037	583038	3
12436320	12436319	2
683243	683244	1
5709327	5709328	2
8305308	8305307	4
6567923	6567924	2
12335754	12335735	1
11377157	11377158	6
4539432	4539429	3
6958137	6958138	1
3990069	3990070	2
8723364	8723363	2
2246370	2246369	5
10376288	10376314	1
5606826	5606928	1
5371108	5371010	3
693256	693150	1
9028435	9028436	1
8440463	8440456	8
6777408	6777696	1
7841251	7937356	1
6410190	6410189	1
8576842	8576841	4
9133085	9133088	2
4573344	4573343	3
6048011	6048012	2
11751630	11751629	2
6032699	6032692	1
3985100	3983863	1
6018059	6013240	4
3259157	3259158	1
5581667	5581670	4
1217597	1217730	4
5454839	5454840	2
8348341	8348290	1
8241964	8240521	3
2241624	2241623	5
5820654	9658439	1
6200317	6200330	1
9325483	9539437	2
10716773	10716774	2
2559787	2559788	3
10918179	10918180	3
8042036	8042063	1
7989922	7989919	1
10581882	10581881	2
7557469	7557520	1
12721921	12721922	4
5391235	5391236	4
1527777	1527778	1
11920176	11920170	1
11437118	11437174	1
8303477	8303478	3
4057335	4057336	1
11851007	11851008	3
1597817	1598222	1
7759363	7759364	1
7744760	7744759	1
177422	242628	1
1588846	1133246	2
9451370	9451369	1
1739060	1739059	4
8697270	8697269	3
842846	842716	1
4624638	4624637	3
3720899	3720781	1
8858197	8858198	2
3819258	3819253	1
5268701	5268704	1
12453259	12453262	1
8496250	8496249	2
456267	456268	1
8768151	8768075	2
2641919	2641924	1
3400190	3400189	3
7867049	8163934	1
9523488	9523487	2
9863650	9862580	4
4799185	4799065	1
1831093	1831094	1
1758271	1757777	1
4864223	4864224	3
5730575	5730576	2
4296112	4296137	3
1144122	1139716	2
7839625	7839636	4
8655373	8655374	4
10294673	10294674	1
10975122	10975121	3
9696650	9696649	2
7746490	7746489	1
8982284	8982281	2
3218830	3218829	1
6109121	6109122	1
8232307	8232316	1
10802450	10802449	2
4153532	4153524	2
6997383	6997384	2
3830272	3830271	1
9840191	9840192	2
6511346	6465864	5
293083	294508	1
9038540	9038539	2
4492188	4492187	1
6924431	6924432	3
1107520	1156263	1
4094610	4094998	2
4576515	4576516	1
8060202	8060086	1
4319876	4319873	2
12546199	12548499	1
2161583	2161586	3
11182114	11184872	2
5023209	5022000	2
8045258	8045257	1
8808073	8808074	2
802666	802665	4
4268577	4268578	1
2467238	2467026	2
2792219	2792266	2
11592066	11592043	4
9639936	9639097	1
4023812	4023809	1
5643339	5641142	1
12645641	12645453	1
11523866	11523863	2
3863623	3863593	1
3021732	3021757	4
8185645	8185646	2
2307262	2307375	1
11788434	11788433	1
10251495	10254700	1
7763070	7763065	1
3979327	3984380	2
11040173	11040174	2
1531967	1531968	1
10998890	10998889	2
8330986	8330985	7
5528271	5528272	2
1637760	1637757	1
9696096	9696091	1
6287611	6287612	2
5440259	5440281	3
1974819	5240050	1
10971720	10971719	1
3402712	3402705	1
12177968	12177984	2
4926986	4926985	5
7935110	7935109	1
1933771	9118222	1
11152529	11152423	2
1494838	1494837	1
11988692	11988691	3
4017853	4017854	3
4479397	4479398	5
5961072	5961069	1
8370435	8370436	2
11674071	11674058	1
2572443	2572444	2
2021221	2102817	2
659942	659941	1
7867330	7867329	2
4719080	10083085	1
11757347	11757348	1
5968910	5968909	5
8886868	8886867	1
2365525	2470765	2
992763	992780	6
8761405	8761406	1
163851	163852	5
6991076	6990663	1
3086039	3086042	2
2355755	2356016	5
7264425	7264426	7
5996166	5996165	2
2591230	2591229	2
9174189	9174220	4
1769107	1769066	1
35549	35550	1
8961203	8961204	2
3413899	3413900	1
10122511	10122512	1
12486683	12486684	1
595603	595604	1
5512306	5512305	2
9236780	9236770	1
7619524	7619422	5
3669001	3669002	2
1019382	1019381	1
7917262	7917261	4
3042142	3042138	3
2506141	2506142	4
10274254	10275404	1
590289	590292	1
6829156	6829155	2
10985432	10987114	2
1758494	1758493	4
6135083	6135054	1
5277705	5277706	4
4539712	4539711	2
3678666	3678665	1
184246	184245	1
10453188	10453192	1
5285195	5284959	1
2503805	2503792	2
11602090	11602089	1
8464297	8463936	2
3229853	3229854	1
4307802	4307801	1
12000651	12003360	3
2860815	2861099	3
7991426	7991423	2
11376713	11376711	2
9920512	9920130	1
3534214	3534213	3
2637003	2637006	2
6301304	6301303	2
6390207	6389932	2
9354532	9344669	5
9296060	9295059	2
1331207	1327295	1
705321	705322	2
8574714	8574711	1
12053678	12053675	3
2463194	2463193	2
1140120	1140119	3
963767	963770	1
11245343	11245322	1
10181562	10181580	3
7220091	7220154	4
10170697	10170698	5
4616836	4618339	9
5633533	5633534	1
8905169	8900650	1
6212575	6211469	2
10453188	10453194	1
12317547	12317539	3
2347844	2347841	1
11938793	11938794	3
5712457	5712458	2
9100487	9100488	2
3394390	3394387	3
11404069	11404070	1
8655369	8655374	1
11568203	11568204	1
5598482	3946191	1
3332599	3332576	1
8110230	8863978	1
2025589	2025594	1
11396161	11396162	1
4329105	4329108	1
7136468	7136467	1
10679747	10679748	4
9939881	9939882	1
7257444	7257443	2
5581652	5581637	3
1304975	1304976	3
5939687	5937883	1
1312207	1312195	1
5988114	5923501	2
4776305	4776308	1
12294674	12294677	1
7714272	7713558	2
11245375	11246941	1
791888	793463	1
4593357	4593352	3
492550	492549	3
11573120	11573099	2
1969297	1970604	1
8559479	8559480	1
10053905	10053919	1
9293451	9293459	5
1193533	1193534	1
4828751	4828756	1
2690494	2690491	3
10741628	10741625	1
404132	404131	1
9022962	9022961	1
950487	950488	2
5498245	5498246	2
6859594	6859593	5
4130308	9011498	4
2538575	2538576	1
7831866	7831865	3
8020649	8020652	1
6745995	6745996	1
1688445	6600316	4
7948219	6593786	1
950823	950753	4
11994304	11994303	4
6313763	6313764	1
2016013	2016016	1
7714007	7714008	3
3800245	3800246	3
8647215	8647216	1
10358364	10358363	3
4288324	4288374	2
6552524	6552519	3
4556755	4516382	4
9342892	9342889	1
787935	787270	5
8090598	8096049	1
8760761	8760762	4
11195702	11195699	2
3802337	3802354	1
1709599	1709600	2
11935767	11935768	1
10071437	10071438	2
4568604	4568603	1
648309	648310	1
10573848	10573847	1
10628185	10628186	2
10953977	10953978	1
10985262	10984463	2
1919956	1919955	2
6960851	6960852	2
5701065	5701300	3
2847634	2847633	2
10779461	10779462	3
8630482	6585811	5
7683646	7683643	2
3262119	3262120	1
3878636	3878635	1
11118560	11118559	4
2267721	2267722	2
3975773	3799118	2
8063789	8063792	2
2083509	2084188	2
1127600	1127599	4
9727570	9727569	4
10598910	10598909	2
8110283	8130232	1
1263983	1263974	1
6410195	6410196	1
5208471	5208472	2
4913740	4913739	2
2538874	2538873	2
10528187	253401	1
7659097	7659098	2
5724772	5724771	2
617017	1185832	1
2923725	2923728	1
9315217	9315267	2
8709697	9516802	4
963480	963479	3
5735128	5735127	1
3146129	3146130	1
568987	568992	2
12799133	12799134	1
6193830	6193829	2
179620	179623	2
2059329	2059332	1
9421053	9421054	1
12314568	12314567	6
9448180	9448179	5
7786713	7786703	1
9295611	9295620	1
11446458	11446419	2
5117806	5117738	2
10999484	10999483	1
10389056	10389041	2
12437325	12438485	2
1972248	2018785	4
1094643	1092254	2
7837958	3132721	2
7218480	4423931	5
7781057	7782190	1
1527168	1527171	3
1399605	1399606	1
1133238	1133237	3
2503939	2503927	1
12561849	12561864	2
6104472	6104471	2
12389146	12388816	2
11352692	11352691	6
7421721	11281526	1
10468427	10468424	4
12636736	12636731	1
6516499	6516500	4
6313507	6315630	2
11528615	11528597	4
2467217	2467218	1
12353908	12353907	1
4045445	4044901	1
5968050	5968049	1
11048995	11048996	1
10903495	10881513	2
8045859	8045862	2
1190570	1190565	1
3544793	3544786	3
808818	808817	1
3322267	3322246	2
11270988	11270985	1
9657325	9657326	1
9935952	9935951	1
5455395	5453739	3
6198897	6198890	1
1550975	1550978	4
9883566	9885040	1
3852749	3852750	6
4521835	4521839	1
11574011	11574012	2
5386472	5386409	2
175149	175150	6
4321474	4321473	3
1664175	1722993	1
3802681	3802682	2
11779388	11779387	2
6014577	6014578	1
3680384	3679533	2
6717252	6717249	8
11760278	11760281	2
12611097	12611119	1
12448328	12448331	1
8182542	8180659	3
3318049	3318050	3
7792330	7792329	2
5473764	5473789	1
6629448	6629519	2
3260474	3260210	3
2269173	2269174	3
7930816	7930815	2
3931011	3931000	1
2962027	2962028	1
6990869	6991006	8
1235852	1235851	2
7643544	7644102	2
4746192	4746191	1
6354083	6354084	2
3484867	3484868	1
5970388	5967271	3
6654422	6653129	1
9856586	9856583	2
4747879	5861270	2
430047	430072	1
8862132	8862102	1
6202802	6202811	1
11155214	11155211	3
1642754	1641700	5
1773794	1773804	1
11669837	11669838	3
4753760	4753759	2
5454839	1451482	1
8561744	8561755	2
6281525	6281526	4
3699841	3699842	1
5514800	5514799	4
7128634	7128633	1
11592452	11592449	1
7965949	7965950	4
11782696	11782699	1
1856069	1856072	1
3583065	3582125	1
6490363	6493122	2
5896307	5896310	2
9550584	9550583	1
5597720	5597719	4
7490374	7490354	2
8655365	8655368	6
1309043	1309044	1
782535	782536	2
12532482	12532481	2
8901823	8901820	1
10888617	10888644	1
8462770	8462769	2
7723302	7723301	3
5189030	5187083	3
6513055	6513056	2
11697139	11697140	2
6468049	6468050	3
9720383	9720384	3
5205731	5205732	1
8575570	8575569	1
1401159	1401164	1
1041216	1062076	2
6223418	6230293	2
10289035	10289038	2
11318663	11289627	1
10329962	11194833	1
5594351	5593855	1
1702432	1702431	1
2049744	2049741	1
3744216	3744219	3
11519302	11519297	1
7707692	7707691	1
4554053	4554054	1
10904099	10904100	2
10232153	10232154	1
6807369	6807374	1
5162733	5162730	1
3293181	8819360	1
5193830	5193829	6
629319	629637	5
6244807	1909436	1
5426463	5426464	5
11026804	11026803	5
11873720	11873719	1
7162137	7160642	2
5867056	5867149	3
8792543	8792546	4
7167192	7167197	2
5822585	5822674	2
5193987	5196613	1
10504486	10504483	2
246814	246813	3
4416317	4416327	4
6043842	6043841	3
7608607	7608608	5
3458577	5392615	2
8564695	8567611	2
4658017	4658023	1
1007649	1007650	1
10556937	10556938	1
5193498	5192202	4
6057010	6057009	3
8782458	8782616	2
9094564	9094553	2
6552526	6552525	5
879507	879431	6
9995318	9995317	2
10474330	10474113	5
1611977	1611978	1
10703674	10703673	1
4937267	4937270	4
9334272	9334277	2
3373675	3373676	3
2193654	2265230	2
3381971	3382196	2
3213856	3213853	2
11078876	11078875	1
9544518	9544602	3
2825348	2825347	1
10996511	10996506	1
10744699	10744825	4
5628170	5628169	1
358214	358213	3
3065923	3189058	1
7968821	7969555	4
11190454	11190453	1
789075	789081	1
9194483	9194484	1
9793573	9653128	1
2088471	2088382	1
3283721	3284149	2
445132	2592166	1
5120674	5120673	1
12200135	12200136	3
5256282	5249948	1
9538461	9534534	5
4018395	4016397	1
11776130	11776127	5
5695395	5695392	2
6806328	6805664	1
11506090	11506089	1
2304958	2304957	3
2283403	2283404	4
4810537	4810538	3
9854206	1861371	7
8528501	8528502	1
5576162	5576184	6
8330942	8330939	5
11631671	11630516	2
9469552	9469551	1
989068	989067	6
7596912	7596911	3
9845573	9845574	1
1890320	1890319	2
6868578	6868574	3
8973092	8973089	1
4033761	4033780	1
1686062	1686061	3
10998951	10998952	7
665192	665191	3
5399786	5399083	1
10521068	10521067	2
704797	704800	1
2276597	2276598	4
405980	405785	4
616105	12466303	1
9949331	9949257	1
10579557	10579560	1
3035159	3035160	2
672587	672602	2
2028415	2028416	1
5469752	5469323	1
11634917	11634918	5
2294490	2294487	2
9524349	9524350	2
11623735	11623736	3
8724133	8723944	3
10983473	10983476	1
4297174	4297173	1
5927533	5927534	1
3358517	3358518	1
10446344	10445500	6
7213992	3237614	1
7740719	7739142	1
9433360	9433359	4
12161606	12161605	5
4858324	4858323	3
3212831	3212838	1
5733244	5733247	1
6440502	6440501	3
8705763	8705764	3
7868526	7746416	2
7011972	7011971	3
12035769	12035774	1
10796402	10778020	1
12306595	12305376	2
9964852	9964851	1
11709641	11713289	3
11590008	11590007	4
10523410	10523409	2
9149540	9140326	1
5545676	5545675	1
4258228	4258227	1
11592066	37596	1
595806	595805	7
6269479	6269455	1
7793368	7793351	2
9454384	9455294	3
11548146	11548145	3
2241622	2242591	5
9911900	9911899	1
10760087	10760088	1
11446562	11446561	1
3759710	3759734	1
8350759	8350937	1
10779751	10779752	3
5502599	5502630	6
10153548	8813653	2
10104396	10101167	3
5294235	5294236	1
7177112	7177111	1
6136517	6136552	2
7191595	7190600	1
8387762	8387761	2
3390675	6464097	1
939456	939455	3
8795460	8795463	1
12651842	11557149	1
3662907	3662908	7
10254959	10254960	3
300551	300552	2
474389	474560	1
2856167	2856168	2
3477076	5099302	1
4142600	4142599	1
8277245	8277246	1
3543389	3554829	2
1320579	1323016	2
11711727	11711728	1
3729207	3728302	1
7427765	7427766	1
9382889	9654857	1
3549787	3546570	2
7904219	7904197	1
716730	716729	7
6577758	6577705	2
11763340	11763339	1
11111378	11111375	4
6023129	6023637	1
2280957	2280958	2
1588386	1588383	4
2124906	2124903	1
7632002	7632001	2
4223888	4223887	1
4981024	4981023	2
4647524	4649114	6
9246708	9246707	2
4087352	4087337	1
3148184	3148658	1
11096211	11096212	3
10311074	10311073	1
1287739	1287740	1
554676	554944	1
6559816	6559753	1
6830259	6830260	3
5373141	5504068	1
1659242	1659319	2
8573470	8571881	1
525837	525838	4
6687326	6687325	3
822154	822153	2
11860630	11860629	1
5067342	5067366	4
3651259	3651260	1
3913515	3913516	1
3859275	3859267	3
12604465	12604468	2
6223349	6223344	2
2844883	2844876	3
7911846	7913107	5
11332144	11331991	1
8380330	8380329	1
12129542	12129084	1
3932487	3932488	2
11076931	11076932	2
11620523	11620524	2
2282538	2282523	5
7989129	7989130	2
7384352	7384351	1
9905580	9905310	3
1377628	1377957	2
1994577	1838005	2
5723067	5723068	2
4399199	4399200	3
3516423	3511816	2
867320	871713	1
10801944	10801943	3
2128668	2128667	2
8081471	8081472	5
6813474	6813471	5
10710458	10710455	3
4281425	4281465	5
7747712	7749522	1
9247936	9247935	3
6367476	6364103	2
9342990	9342884	3
7801791	7801794	1
2160108	2171853	1
3786661	3786662	3
8044937	8049299	1
6924465	6924355	1
6496949	6498235	2
7081452	7081365	1
4345859	4345860	1
5896858	5896857	4
11846918	11846917	1
10729136	10729135	2
6698777	6698778	2
11965739	11965740	1
4735273	4735274	1
9641756	9593492	3
7608672	7608671	3
10209166	10207638	3
7658186	7658185	1
10484482	10484481	2
11090530	11090529	5
10959171	10959225	1
1569280	1569283	2
8927213	8927049	2
3358257	3358258	1
10523588	10523411	1
3327009	3327010	2
5879923	5879924	2
7836181	7836182	2
10353552	10355822	1
3622050	3622049	3
11993924	11993923	1
1162942	1162941	4
5997884	5917214	1
11179793	11181008	1
5851281	5851282	1
5006375	5006376	1
275823	275824	2
10899563	10899564	1
11745179	11745180	2
296062	296059	1
7921959	7921247	3
8986337	8987526	4
6557448	6557451	1
3917725	3918094	2
3269785	3269786	1
1253594	1253591	1
12181748	12196034	5
8629098	8629101	1
7955338	1049196	1
10100177	10100541	1
11883058	11883057	1
4611969	4612315	1
9289475	9289476	2
4773917	4772626	2
3950430	3893083	2
2388465	2388466	1
3316041	3316048	1
11672025	11671690	2
6874146	6874145	1
11039605	11039606	1
11344845	11344846	3
1539115	1539122	1
2254035	2254036	1
10053905	10053910	1
3359243	3359244	1
8506554	8506912	2
9469031	9469032	1
2598808	2598851	1
9255819	9255820	1
5160367	5160368	2
4503258	4504702	1
5722849	5722850	2
11434853	11463722	3
8371516	8371515	1
5301624	5301623	1
2476992	2477378	2
4796571	4796471	2
3893388	3893387	1
7458155	7458158	2
3878682	3878052	1
3314431	3314583	3
10311613	10311616	1
12770733	12770769	5
2718193	2718194	1
11046478	11046477	3
5196307	5196308	1
2643888	2645159	3
8335629	8335648	2
8757184	8757181	1
10362347	10361873	1
908233	11910898	1
6860570	6860569	2
4606150	9580164	2
11799538	11799537	3
4544668	4574187	1
845003	845004	1
11521864	11522127	1
11313744	11313765	2
4237123	2409105	1
531678	531677	3
5269702	5270316	1
4724262	4724261	1
3831295	3833836	1
5194964	5194958	2
8904040	8904037	3
11671558	11671555	1
3581383	3581378	2
10453605	10453606	3
6852320	6851235	1
3957752	3958876	1
5272050	5272047	1
2170611	2170612	2
8866812	8866742	1
10363905	10363888	1
10063488	10063487	1
9115599	9116582	3
8843649	8843654	2
2466372	2466371	4
5422163	5423212	2
3752732	3752731	2
10446562	10447018	2
355388	355387	1
12487079	12487080	1
11518453	11518450	1
4227996	4227995	3
7864940	7864939	3
5023311	5023312	4
11677766	11677765	4
2678700	2678699	4
964717	964718	1
9001703	9001704	1
4261668	4261667	3
12226307	12226689	1
5240049	5240050	3
1971137	1971132	1
6449503	6449504	2
11926284	11926283	2
4116013	4116014	1
6901504	6901503	1
4194811	4194812	1
3359534	3359537	1
8466912	8256464	1
9827105	11974402	1
6999799	7000014	1
5375400	5376235	2
1636069	1635404	3
6386814	6386811	1
5755763	5755764	3
2246339	2246340	1
11915092	11914090	1
4117338	4107387	1
6866589	6866594	2
9095461	9095456	1
4176611	4176612	2
12649672	12648076	1
4101936	4101935	1
5278589	5278604	3
8786213	8786214	3
7867608	7867607	5
11678697	11677767	2
6801594	6801593	2
7230169	7229922	8
2724275	2724266	1
8564691	8564694	1
3563093	3562999	7
1687625	1687626	1
6719071	6791062	1
1608827	1608828	2
8150787	8154668	3
9230354	9230353	2
12167380	12167394	1
8005683	8005684	8
8002169	8002170	3
11115215	11116582	4
408756	408755	3
1758480	1758479	1
7588164	7554400	4
7467894	7467891	2
10310298	10310297	5
9296141	9296142	1
7717288	7717287	2
7709784	7709734	3
3903780	3526597	6
7428769	7428770	1
6465824	6465821	1
4474343	4474344	3
7758621	7758624	2
12687149	12687182	3
5477649	5477650	1
11875650	11876051	2
2009938	2010020	1
1680018	1680017	2
5990767	5990768	1
9545164	9545161	2
12748793	12748794	3
7520669	7520672	2
3502000	3501997	1
11531180	11530294	4
8561632	8561629	1
3794395	3794396	2
2081150	1643945	4
5018530	5018529	2
105479	105480	1
3356240	3356107	2
3941600	3942063	1
8531838	8531837	3
11234968	11234823	4
5932041	8462427	3
5762387	5762388	1
11997115	11997116	4
12726443	12726446	2
4036561	3795096	1
1615636	1615624	1
7725046	7725043	1
10996471	10996472	2
8800098	8800097	1
5101276	3746113	1
12442233	12441867	1
7206050	7206047	1
5108712	5108711	1
6380967	6380968	4
4858244	4858243	2
10416793	10416794	1
9621724	9621723	2
4066987	4067127	1
2755045	2755046	3
10299030	10299026	2
12815261	12815262	1
4383425	4383426	3
477068	477065	1
2432935	2430749	2
1188409	1188464	5
2021389	2021390	1
11430125	11430059	1
5018353	5018358	2
8106612	8106615	2
9382734	1340081	1
4087571	4087572	1
12726477	12726478	2
8952081	8952039	1
5430426	5432057	4
2979419	2979424	1
11265339	11265340	1
6203270	6203269	1
12751641	871518	2
7971679	7976976	4
9879560	9879559	5
6291673	6291674	5
9320798	9320797	6
3675321	3777512	1
11184681	11184682	2
1451110	5439620	1
4647524	4649116	1
6472362	10281527	2
6561998	6561997	1
3508719	3508908	2
8773634	8773633	3
8535764	8535761	1
11688146	11688145	1
5736615	5736616	1
3413588	3413585	1
4261932	4688101	2
11556265	11556268	2
12523287	12523288	1
11707175	11707176	1
2619236	2618324	2
7362536	7362535	2
8561207	8561208	1
10458596	10458595	2
5988935	5988961	1
1637753	1637754	2
307209	307210	2
2746003	2746004	2
5496595	5498486	1
4549086	7968342	1
3500634	3500629	1
3216332	3216331	2
5751242	5751241	4
2354614	2354613	1
654422	654723	2
1093417	3900607	1
9372979	9372980	4
435751	12527915	2
3055555	1131779	1
2848108	2848107	1
5733950	5733949	1
10799227	10800034	1
6158557	6158558	4
932392	931257	1
5534658	5534655	1
322454	384595	1
3979228	3979227	1
10999182	10999187	1
5657311	5657312	6
3356113	3356114	1
1397794	1397793	1
4356995	4357291	1
287461	287565	1
11405288	11405287	1
1758191	1758188	2
10108355	10108356	6
11322231	11322726	1
9650340	9650339	1
7695407	7695410	3
506211	506212	5
5546725	5546726	2
564431	564863	1
3290496	3290495	6
8428631	8428632	2
7804076	7804597	2
6015640	6015652	2
4722545	4722546	3
1110069	1110070	2
2268592	2268589	1
4443498	4443497	1
117951	117952	2
11678697	11677765	1
9327150	9327149	1
926379	926380	1
5608039	5608042	1
3928903	3901544	1
520173	520174	1
8632076	8632073	4
10227716	10227715	1
3949047	3949005	1
11902416	11902415	2
9249772	9249771	4
9277380	9277379	3
12471261	11761573	3
3973263	3973264	1
7629831	7629928	1
2312482	2312481	1
6116824	6116821	2
7912707	7912705	1
7048484	7048549	4
3737078	3737087	6
112039	112040	4
6553383	6553384	2
5837561	5837562	2
3706037	3706038	3
10992376	10992371	1
3470965	3470966	1
3549597	3549598	1
1442787	1442788	1
3405535	3405536	1
7943059	7943060	1
7463796	7463809	2
4546256	4546268	6
5118178	5117908	1
7831971	7831972	4
3754370	3754317	1
1943553	1948044	2
8090818	8090821	1
3261997	3261978	2
7832986	7833356	3
8224571	8222123	1
4260450	4260340	1
358028	358027	2
9980191	9974377	2
4547366	4547198	1
8472160	8472159	4
1234882	1234875	1
5269844	5269843	4
4828026	4828025	1
10500638	11407815	2
4201756	4199719	2
3063032	3063029	1
786887	786888	3
2298488	2319089	1
12205653	12205654	2
7154368	7154367	3
6180590	6180589	1
970716	6938401	3
4087927	4088183	2
10359637	10359640	1
1408610	1408609	1
6290042	6292955	1
3631844	3631837	4
12430350	12430347	3
1249367	6023119	2
9062395	9062396	2
5693508	5694078	1
4819868	4819879	1
3786416	3787200	2
3861840	3861839	1
1682911	1682912	4
6446882	6446881	2
7964850	7612697	4
7093896	7093932	2
3932902	3932901	1
3751293	3751294	1
11853753	11853713	1
7203678	7203677	4
1498217	1496534	2
9060972	9060971	1
12049823	12253674	3
8401749	8401750	1
7726754	7245815	2
9870824	9870827	1
2195698	2195697	2
4136349	4136284	1
10304478	10316703	2
4759180	4759179	2
824041	824042	1
8050935	8050417	1
2005424	2009284	3
9478325	9474172	7
3318047	3318048	4
9154799	9155522	4
9495954	9495953	2
2856709	2856710	3
8534418	8534417	4
2980762	2980761	3
6122334	6122333	2
11516356	11516049	2
3405563	3640687	1
4422923	4422928	1
12187654	12187653	1
11760355	11760356	5
2014165	2014168	2
6811495	6811496	2
11012264	11012261	1
3878714	3878713	4
8681180	8681188	1
1757851	1757852	3
10803048	10803095	3
7849256	7849246	1
879430	879429	7
6418407	6418408	2
7917096	7916169	1
7050071	7049668	1
11270986	11270985	3
8855060	8855059	3
8821956	8822082	1
4668292	4668289	1
4704239	4702269	3
1641346	1641343	2
3373677	3375384	3
6156641	6156642	2
11438113	11438114	2
4669783	4669784	2
8159310	8159517	2
11445162	11445161	2
1526390	1526385	2
6525449	6524587	4
11627747	11627530	1
1019690	1019702	4
1642754	1642753	2
4948708	5260632	1
5115391	5115392	2
9356153	9356141	2
1142523	1142524	1
5667397	5667400	1
7696085	7696029	1
8329655	8329656	2
348492	348491	4
5563131	5563109	1
4798811	4798757	3
5979023	5979026	2
11923384	11923383	5
6175288	6175287	5
11661799	11661804	1
9756594	9756591	1
5228415	5228416	1
10396176	10395856	1
3072747	3072748	1
9001701	9001702	1
1680016	1680015	2
7936724	7936723	2
700642	700641	1
12319673	12319674	4
7201037	7201029	1
5423893	5423894	1
1167709	1167710	2
10706574	10706566	5
4340456	4340370	5
12405593	12406212	1
4112862	4112861	1
11751237	11751238	4
8388746	8388745	2
5469063	5469064	1
9026540	9026539	3
10580467	10580468	1
4096247	4096248	6
6734762	6734772	1
7809054	7808994	1
3025759	3025760	1
674372	674371	2
943045	943046	5
2031466	2031463	1
9290880	9290879	1
11203257	10760086	2
11467513	11467514	1
2208149	2208150	1
6208513	8347848	1
8283131	8284853	1
5098203	3861303	1
10901588	10901587	1
816504	816503	2
1723582	1723921	2
2002136	2002135	1
5736945	5736955	1
8862130	8862102	4
2481991	2481992	2
12245071	12245074	1
12477221	12477224	1
10283433	8892731	1
1557555	1557556	1
1445379	1446301	1
7862237	7862240	2
12675224	12675223	4
6180994	5989283	6
7185812	7185811	1
6942891	6942913	1
11891132	11891116	5
5519151	5519152	1
4275843	4275844	4
6431453	6431454	2
1529579	1529582	1
3561785	3561617	1
12003614	12003613	2
6244807	6244791	2
3861989	3861990	2
187253	187254	3
9907483	9907141	1
11991067	11991070	1
3054095	3054098	1
4316226	4316223	5
4441739	4441740	2
7739302	7739299	2
7817361	7817362	6
7867257	7813942	2
11995645	11995648	1
3561851	3561903	1
8092046	8091691	3
6253531	6253532	1
6400424	6400313	1
12316565	12316566	2
575600	575599	1
7367928	7367955	3
44562	44561	4
2972188	2972185	2
10626604	10626561	3
9182354	9182353	3
3975122	3975121	2
10090137	10090138	1
4247636	4247633	2
7859686	7859845	1
7721980	7721912	3
7798992	7798991	7
5384186	5384185	3
6131152	6131151	1
8150895	8150918	1
5988638	5988637	1
3872656	3872802	2
12679066	12679065	3
9233969	526201	1
11871546	11871545	3
7695877	7695956	3
7226086	7226085	1
8342435	8342438	2
9697109	9697110	1
11490430	11490474	2
9267960	9267959	2
6043321	6043252	1
7226613	7226737	1
3039515	3039516	1
10979640	10982157	2
5475986	5474644	4
7144790	7138992	4
2893664	2893736	1
739782	739744	1
12302108	12302180	2
6760286	6760285	5
12053511	12054194	1
7565297	7565099	1
9981817	9981812	1
5539696	5539695	3
12768561	12768562	2
11571916	11571341	1
8336459	8336476	3
292335	292336	1
1264401	1264404	1
2777608	4405973	2
5252528	5250395	1
5423841	5423842	1
11090727	11090693	3
10416322	10416321	3
1352068	1352067	4
10382661	10382662	2
1694957	1694937	1
4936526	4937180	4
8710163	8709891	1
11738811	11735794	2
10177301	10177302	1
6044304	6044303	1
1894221	1894229	1
5440522	5440521	2
9167546	9167549	1
5822920	5822934	4
10399062	10399021	1
1973889	1973900	1
7557052	7557051	5
4547201	4547202	1
6693772	6692530	1
5824006	5824005	1
386833	386834	1
1896996	1896993	1
1251490	1252135	5
7696894	7696891	2
5519259	5591061	2
7156881	7156906	3
5477300	621930	1
6629455	6629456	2
549219	12226991	1
596268	596267	1
6988526	6983775	1
5615296	5615295	2
9878872	9878871	1
6475546	6481218	2
1589733	1589734	1
3326233	3326239	1
6635646	6635645	3
10478625	10479989	1
6441264	6441261	7
2513105	2513106	4
9904035	9904036	1
3006150	3006149	1
7995490	7995489	4
7222727	7222729	1
8578050	4122840	1
4475553	4475554	1
10093935	10098948	1
11272137	11271630	1
4240784	4239014	3
10367122	10367121	1
536442	536441	2
8947333	8966737	1
6422598	6422597	2
81462	81461	1
11321374	11322220	2
7381255	7381256	1
7143893	7143894	1
8568030	8568063	1
11986881	11986882	2
10587733	10587569	2
12015311	12015307	3
12674509	12674510	1
9016685	9016686	1
372210	372209	3
5657313	5657314	3
11012213	11017238	1
11045865	11045878	1
3105877	3105878	5
11908533	11908534	1
10644403	10644352	1
6579198	6579195	1
844367	843055	2
434237	434240	1
11664806	11664815	2
11562827	11562667	2
11117399	11117396	1
4194813	4194816	1
6050069	6050070	2
5280599	5280976	1
6379843	6379844	1
430399	430525	1
10731662	10731659	1
9843058	9843242	4
208135	208136	1
2124539	2124869	1
6379028	6380043	3
7897762	7897761	3
11908515	11908518	3
7064441	7064428	1
3817201	3818053	2
1068344	1068343	2
4028550	11268472	1
10052416	10052396	1
6717507	6717508	3
10592923	10595132	1
4099711	4099714	3
1539337	1539338	2
2532309	2532294	2
12210187	12210188	1
6437586	6437270	1
5696891	5696892	1
11726275	11721464	1
6189279	6189280	1
6545337	6545338	3
12122261	12122263	2
2033007	2032801	1
11096209	11096210	2
7002051	7001974	1
2090413	2090414	1
4105119	4105120	1
8321358	8321357	2
8380326	8380325	2
5722533	5721876	1
1359423	1359771	2
8847462	8847461	2
6048770	6048775	1
3374026	3374025	1
9949385	9949386	2
6812015	6812016	1
7600409	7600437	6
10682257	10683357	1
11536136	11536135	1
8541015	8541016	2
11087467	11089252	2
1911077	1911078	2
8880766	8879574	2
1323968	1323967	1
5688521	5688522	2
10822672	10820533	3
1988705	1988697	1
4498077	4498078	2
6496666	6496663	1
4546611	4546612	1
10416762	10416785	3
7921959	7921245	1
4759180	4759177	1
12664839	7604500	4
2842174	2842134	3
11195704	11195699	1
7740825	7740826	2
1999696	2000043	3
2299906	2305035	1
10393910	10394618	1
4620045	4620046	2
11919990	11919989	2
6021181	2235670	1
7231455	7231456	3
4841140	4841139	2
3716833	3716835	1
198631	198632	3
2989174	2988016	1
3524278	3524275	3
4076693	4076891	3
1383342	1383341	2
6951293	6951296	1
1935349	1935378	1
7761932	7761931	1
2014000	2014024	1
6941344	6941343	3
10184492	10184467	1
3136877	5581635	1
1080899	1080900	4
10939961	10939964	1
6691357	6691364	3
5710249	5710250	1
6533539	1104499	1
7458715	7458716	3
7060951	7060437	2
7974344	7974343	1
4433611	4433612	2
1257495	1255445	1
1370938	1371013	5
669646	669645	1
11399578	4526388	1
2168910	2168986	1
235777	235778	2
5969715	5969095	1
586704	586629	1
10275082	10273842	1
153006	153005	1
9089145	9090306	2
10171720	10171717	5
7070037	7070038	1
11519166	11519169	5
9921879	9921880	1
10754584	10754583	2
4252629	4252578	2
7178859	7178862	2
12607997	12608005	4
2707574	2707573	2
8397685	8397706	3
8110289	8110292	1
11197353	11197356	1
53688	53685	1
8472235	8472236	4
5595822	5595821	3
392830	392827	1
9853952	9853875	1
7864817	7864818	1
1624353	1624354	7
11944559	11944560	9
3940436	3940518	2
10081252	10081242	1
5161601	5161604	1
5163488	5163487	4
7335993	7336000	2
8511619	8531549	1
4940666	4940661	1
11699231	11699638	2
11611619	11611620	2
5009982	5016470	1
8020218	8020217	1
1774866	1774865	3
9187786	9187778	2
6138283	4124589	1
5853110	5853107	1
10465708	10465703	1
8829365	8829368	6
1234484	11908516	1
11823615	11823574	1
11981859	11981323	7
8623092	8623091	1
10706664	10706679	1
5616748	5616747	2
6757817	6757820	1
4484268	4484267	1
5615154	5615153	2
10491618	10492337	1
3159729	3159715	4
3034023	3034018	3
9193353	9193370	1
6124999	6125000	6
8792413	8792414	1
1249848	1249803	3
5813795	5813796	1
10343460	10343451	2
150871	151460	1
12672258	12672257	5
9481259	9481260	2
8049298	8049297	2
6773817	6795355	4
10018022	10018021	1
5569396	5569395	2
9767865	9767866	2
3810634	3809718	1
5997884	5917212	2
390993	390994	2
10507649	7533812	1
10094086	10094047	3
1270711	1270712	2
10881295	10881253	1
11342874	11342716	1
4628592	4628591	1
11926168	11926167	5
10646390	10646389	1
5896170	5896857	1
8700183	8700186	1
7217236	7217273	2
63129	63132	1
5814807	9777428	2
8559271	8557933	2
12177875	12177876	5
2751240	2751237	5
2312085	2312086	1
7168379	7168381	5
8866118	8866649	1
7462066	12314567	2
12130006	12130009	2
5601622	5602880	2
6380661	6380649	6
5726977	5727040	4
8001421	8001422	2
11342874	11342873	3
7185806	7185941	1
7962804	7962803	1
10441865	10441866	2
11288520	11288517	1
7569269	7569270	2
11409171	10406056	2
7769334	7769333	1
6976813	6980540	1
10005843	10005844	1
4312778	4312777	3
6423895	6420703	4
5500101	5500102	2
8240514	8242010	1
3039378	372571	1
2604611	2604612	4
11117295	11117296	2
576821	576293	3
624277	624278	4
2212725	2150337	3
8251203	5933842	1
11804997	11805039	1
5108892	5108891	1
5912606	5912605	1
8515808	8515807	7
7926700	7926699	2
9349114	9349111	1
12338802	12338801	1
12422366	12422363	3
5122248	5113072	1
941107	941108	2
4376926	4376925	1
3385025	3385026	2
3063338	3063337	2
12467704	12467684	3
7402148	7402145	1
11340199	5753962	2
9292884	9292658	2
1654537	1654538	1
11375438	11375437	4
1778636	1778635	1
1595687	1595684	4
6357477	6357275	3
3354834	3354833	4
10438237	10440775	1
4792127	4792130	1
1879494	1879493	2
8160360	8159951	1
7828418	7828415	1
445679	445735	1
4913559	4913560	3
8525494	8525491	1
2327699	2323831	2
6046922	6046921	1
10113758	6293541	1
7475918	7475917	1
2162066	2162065	2
2504598	2504532	7
1006482	1006481	1
10355425	10355426	1
8430010	8429991	1
4243296	4243295	3
6463057	6463058	3
1132442	1131740	1
5744430	5744429	1
4995097	4995098	2
10713017	10713018	2
941461	644408	1
3571907	3571904	2
2974823	2974824	1
7152909	7153194	2
8598881	8598882	3
4671887	4515659	2
12200612	12200611	2
11250134	11250133	1
364781	369661	1
12810953	11599568	2
9766653	6154335	3
3726349	3726352	1
12771561	12771562	2
3096759	3096760	2
7632235	7632183	2
3877894	3877893	1
2903623	2903626	2
2389165	2389166	1
2754000	2754017	2
8253703	8253704	1
4035927	4035928	1
6028957	6028952	1
1621876	1627788	2
1566374	1566379	4
3913840	3914167	2
3750623	3750624	1
9177615	9177616	2
6432157	6432158	1
5978184	5978183	3
7872311	7873335	2
2830199	2830200	4
3970910	3970661	2
8071938	8071943	1
5749082	5749081	8
11084958	11084957	2
583215	583216	1
8328516	8328530	2
8601582	8601581	2
519605	520670	5
5593856	5593855	1
9727518	9727515	1
8666986	8674731	2
6895407	6895408	3
6128475	6142659	4
10087019	10087020	2
6015095	6015069	5
12796449	12796397	2
11075184	11075181	1
10813079	10813076	4
177710	177763	3
3588765	3588766	1
8411867	8411868	2
1451233	1451234	2
2927076	2927075	3
5006377	5006378	1
8400996	8400995	3
9975331	9975806	1
1396659	1396660	1
8371183	8371208	2
5777148	5773895	2
8633035	8631433	1
7189461	7189464	2
6295265	6293541	1
11476289	11476290	1
5805761	5805742	1
3573418	3573208	1
1016759	1008880	2
467434	467433	5
496600	496593	2
9875983	9875984	1
4841859	4841817	1
3001647	3001648	3
5950627	5950628	1
2276584	2276583	1
3639145	3639146	1
9732807	9732824	3
7798990	7798989	5
5911297	5911298	2
7594401	7594402	2
11377689	11401214	1
12683017	12683018	1
4467957	4467960	2
8850604	8850601	1
8890813	8890814	1
5184586	349356	1
5870268	5870265	1
9493136	9357532	3
9464425	9464450	1
11768896	11771709	4
6180475	6180476	1
1646535	1646538	6
11581721	11581722	1
52226	52225	2
9621733	9621734	2
1117564	1117563	2
5459772	5459771	5
3487017	4111043	1
5690526	5690525	1
12555401	12562340	1
8050588	8050587	1
10168951	10168952	2
1284019	1284020	2
2252083	2038534	1
5720258	5720257	1
6935981	6935984	1
7301852	7301849	3
3091156	3091155	1
1713785	1713786	2
2241628	2241625	1
10342918	10342917	3
7952198	1040885	1
7495832	2187044	1
7081043	7081044	2
5004453	5004456	1
5735734	5735733	3
5693240	5693249	1
7996093	7996094	3
1573572	1571408	5
1760915	1760916	4
11578478	11578477	1
3984031	3984032	3
8308620	8308618	1
3308688	8366709	4
5655908	5655907	2
5568731	5568732	3
4286173	4286174	1
8368764	8287060	2
11680020	11721223	1
2245748	2112274	1
6209831	6210105	4
2128674	2128669	2
10647622	10647621	1
5456756	5456755	6
7270930	4840861	1
2081264	2081295	1
2101910	2101907	1
6602072	6602071	2
7860270	7863855	2
12015450	12015449	4
4054865	4054866	3
12799470	12799510	1
12175227	12179506	1
4528721	11718306	1
3945094	5565733	3
5603181	5603178	2
4582399	4582400	2
10611048	10609578	2
8253918	8254057	1
9312666	9312665	6
3133770	3133866	5
11626152	11624202	3
4652598	4723487	3
432577	432580	2
5848756	5848751	1
3391185	3391186	3
9464951	3152746	4
623861	623862	2
877032	877029	2
3539365	4807718	1
10860187	10860188	1
9996597	9995893	2
11110614	11111856	1
11846740	11846739	3
7463746	7464060	2
9934164	9934163	2
8267424	8267423	2
1844645	1846826	1
1794311	1794312	2
3306081	3306551	2
8330986	8330943	1
3462086	3462085	1
8050468	8050467	1
11853694	11853700	1
11192402	11192401	1
9509169	9509170	2
10915942	10915941	1
8831229	8840113	1
7805284	7805281	1
6742916	6742915	3
2654375	2654376	1
2029009	10775559	3
11914913	11912432	2
2075389	2075371	1
833910	833826	1
7926159	7926125	2
10890028	10890025	4
2690337	4329844	1
5668256	5668241	1
5518813	5519462	1
5788425	5787896	3
1452971	1452972	4
5878525	5878526	3
2632383	2632384	1
2385332	2385331	3
3563091	3562999	1
11144545	11144546	1
10252936	10252721	5
4515425	4516076	4
31833	31836	1
11199987	11200336	3
10125185	10125186	2
4387642	4387639	1
9297296	9297331	1
6244152	6244110	1
3213753	3213756	2
9062277	9062278	2
2075842	2075841	1
10908068	10908067	8
12517710	12517674	3
9619723	9623833	1
11187985	11187988	1
513049	513050	2
3546186	3546183	1
6311052	6311051	3
5628642	5628641	3
11633027	11633028	1
3396248	3396245	3
2273710	2273709	3
10973478	10973477	1
10442930	10442929	4
3734741	8495417	2
9686866	9686913	2
5610922	9551430	1
5352858	5352857	1
1101181	1101182	5
12175228	12175233	1
7970011	7970014	1
11249876	11249873	1
9517758	10768686	1
11669008	11667701	1
3423736	3394926	1
3729182	3729179	3
5617526	5621159	1
481571	480446	3
12434922	12434921	1
1613420	1606557	2
1501632	1501631	1
235124	233066	1
8104063	12539839	1
7949836	7949775	2
11965331	5665959	5
10211838	10211837	6
11678697	9541115	1
7856141	7856112	1
4020623	4020646	1
10292971	10292972	2
10810145	10812050	3
11220761	11144424	1
12425901	12425805	1
6310716	6310715	7
11122318	11122271	3
2593911	2593922	1
6855669	6855670	2
3205723	3205794	5
10884955	10884958	1
7360906	11607434	1
10382700	10383406	1
10898649	10899207	1
22296	22293	1
8640227	9056540	2
8528450	10555583	1
768072	768071	4
11193949	11194620	2
3607150	3607149	5
415188	2449441	1
4367261	4367262	3
5193546	5193566	1
5021777	5021778	2
6543418	6543417	1
3064274	2953973	2
2584280	2510691	1
10750818	10750817	2
10062539	10062540	2
8675028	8675016	1
12260680	12260675	1
644773	644774	3
5561699	5561700	4
3882600	3882599	1
5788967	5791103	1
3301894	3301893	2
1531967	1531970	1
4131104	4131103	1
648282	648292	2
2345818	2345817	2
11388188	11388341	2
12739637	12739638	1
2561117	2561118	2
7344851	7344852	4
6987463	6987464	3
5878718	5876539	1
5175909	5175910	3
4373370	4373367	1
17745	17740	1
976716	976715	1
6696252	6696059	1
11523810	11523809	1
11385112	11385052	1
8368956	8368955	2
11207543	11207465	2
6542126	6542125	1
1802008	1802007	4
12314926	12314925	4
643249	587249	2
9853267	9853268	1
7106794	7106793	1
3759710	3759736	1
10979045	10979046	3
6174795	6174796	2
3378720	3375384	3
1561972	1567892	2
4044890	4044889	1
9550461	8128636	1
1052845	1052846	1
4418325	4417397	6
8783291	8783292	3
5720260	5720259	3
11363204	6881843	4
9484928	9484927	3
3119124	12516227	1
10027558	10027557	1
12360948	12360945	1
5918438	5918437	1
3699446	3698330	1
6296551	6293376	1
979166	1019783	2
11490901	11490902	1
835209	838347	2
1526353	1526354	1
3524710	3524717	1
8698259	8708433	1
3023386	3042139	3
11424467	11424468	3
3302328	3302325	1
691791	691740	3
7005440	7005468	3
932603	932600	1
3384995	3385195	1
1100851	1100852	2
12592841	12592842	2
5573957	5573958	2
2125270	2125269	1
5278516	5278515	3
5774074	5774073	2
5480687	5480688	3
2094920	2093584	1
3281496	3280328	3
3390673	3390674	3
11596222	11596221	2
5800711	5800712	1
2431298	2429920	3
2998770	2998769	1
10941973	10941949	1
5480861	5480862	2
5723654	5723653	2
10714438	10714437	1
1801524	1801521	5
9134551	9134552	1
7425441	7425437	1
5659709	5659710	5
9481281	9481282	7
12288734	12287331	2
8256625	8258803	1
12129956	11967748	1
11786135	5632660	1
9773385	9773386	1
7433691	7435692	3
12050998	12049796	1
2920075	2920519	2
8028249	8028250	1
10063699	10063700	5
10519950	10520009	1
12640177	12640195	1
6312539	6312540	1
5689040	5689039	5
10735115	10735791	1
4127054	4127059	3
10808438	10808435	1
12425527	2689804	1
3792648	3792645	1
2002062	2002057	1
6489021	6489022	2
1154879	1154882	5
909731	909736	1
7550780	10390292	1
4688308	4688307	1
7040218	7040213	2
5950002	5949497	1
704799	704800	2
6807369	6807372	4
12533670	12533669	1
7865003	7865004	3
10263240	10263315	2
7934883	7934886	1
9326776	9326775	1
9647946	9647776	3
10517782	10517781	1
7334267	7331816	4
12683019	12683020	1
12737279	12737280	2
2485134	2485133	3
5400355	5400356	2
3458929	3460116	2
8572116	8571975	3
3760638	3760637	1
3883492	3883491	2
6313302	5793288	1
11678890	11678889	1
6907175	6907176	2
2465361	2465362	1
3202375	3202090	2
6020538	6019346	4
5750421	5750422	4
3217084	3217068	1
9337270	9337269	2
12331666	12331665	5
4023819	4023820	4
12149050	12149055	1
6579196	6579195	1
5262695	5262696	1
4105458	4105457	2
882387	882388	4
2081294	2081291	1
9821286	9917401	4
10812627	10812614	2
241729	242102	2
7425436	7425435	1
5332893	5333021	1
11233166	11233165	2
3470266	3470265	1
433720	433719	1
5791418	5791417	4
7926698	7926703	1
8296731	8296732	2
3321872	3321871	3
7428771	7428778	1
4617805	4601696	3
2861876	2861888	1
1652915	5129521	1
7276004	7276003	3
12642733	12642736	1
2468383	2468642	1
11514474	11514464	1
10905006	10905005	1
7551641	7557657	1
4290695	8406454	1
8985205	8985206	1
11001701	11002129	1
4114039	4114040	4
11430960	11432193	3
4795929	4795930	1
1687266	1687265	3
9350253	9350282	1
8248822	1740761	1
6094853	6096853	1
3026360	3026359	2
5551367	5551370	1
4735254	4735253	2
10996357	10996982	1
5817699	5817930	1
10395168	10395144	1
1301448	1092053	2
11883060	11883059	1
10519577	10519578	1
10099243	10099246	3
3928700	3928699	1
8351258	8522225	3
6314391	6317082	1
1451857	1451858	1
8829477	8826347	3
7304144	7304143	2
12756252	12756251	1
10168953	10168984	1
4560802	4560801	5
8697221	8697242	2
8010405	8010408	1
280776	280883	4
12525334	7870182	1
7729968	7733190	1
9573822	9573821	1
10169885	10170685	1
7738524	7738523	2
6717218	6717206	3
2460035	4977523	1
3716834	3716836	2
5102080	5100322	1
6301302	6301301	2
4623485	4623486	1
9938008	9944478	2
7787126	7787690	1
6220610	6220609	4
8190412	6044591	2
7900841	7900891	3
7382587	7382588	2
2373627	2268586	1
6158629	6160800	4
11534303	11535551	4
2845961	2844191	3
12488440	12488439	1
2574813	2574846	2
588510	588519	1
1876408	1876403	1
6377780	6377779	2
11566958	11566711	1
7522321	7522322	2
7440459	7440460	2
11720098	11720097	3
1323798	1323797	1
11491247	11492904	1
9338603	9338578	1
9440501	9443176	1
4583341	4583170	1
5194618	5194617	2
7804686	7804683	3
5431700	4111187	1
1092208	1092207	2
7446356	7446355	2
7883	7884	1
2724469	2724470	3
2727170	2727167	2
9141385	9141493	1
2216746	2214343	3
7591209	7591210	1
4804698	4804697	6
5568729	5568730	3
11991036	11991039	1
10242619	10242625	4
5561701	5561702	2
1107544	1107543	2
10196651	10196537	1
12636734	12636731	7
10999209	10999212	10
2477805	2477806	3
2719978	2719909	1
3105875	3105876	9
6539905	6539906	1
5904456	5904455	2
1189101	1189209	2
7034651	7034775	2
7379732	7379731	1
5940402	5940150	1
11085334	11083803	3
4218536	4218078	1
9281564	9281563	1
3826321	3826322	1
5284549	5284550	1
2073054	2073053	2
12605078	12605077	5
7232054	7232053	2
927255	927452	2
1444131	1444132	1
11291875	11291878	2
4640539	4640543	1
11690413	10492557	2
572150	572149	5
5523509	5523510	1
11665422	11665421	1
4256786	4258652	3
6081459	6081462	4
9375815	9375310	2
12161265	12161804	2
6025012	6025011	3
10215361	10215362	1
9959718	9959627	2
4689161	4689106	1
1099903	1099904	2
2510265	2510475	1
5374850	5374849	2
4369502	4369501	3
12485876	12485875	3
9447444	9447443	1
2750340	2750330	1
5361199	5359906	1
5332983	5332974	3
9016599	9016602	2
1007479	1007480	1
6830410	6830409	1
6011971	6012103	1
358226	358221	1
2920598	2919797	2
1908978	1908913	4
8897600	8897599	2
12524192	12524209	3
4588947	4588948	3
3922657	3922658	1
3054650	2995274	1
693151	693152	1
1498217	1496532	3
630354	630353	1
10031652	10031651	1
7311881	7311882	5
11187450	11187449	2
1037210	1037209	4
3599140	3599139	4
933344	933343	1
2150647	2151128	1
11439972	11439763	2
10412343	10412344	4
5419008	5418997	1
7734783	7734784	1
11590135	11590138	3
2328793	2328794	2
11821702	11821697	1
2059331	2059332	3
9280432	9274214	1
132206	132123	1
413403	413404	3
881761	881762	1
2351151	2351711	3
9543485	9543486	1
4060228	4060231	1
6445293	6445280	1
10360846	10360720	3
5131137	5130770	3
11366978	11366975	1
10033236	10032653	4
10837318	10850846	1
5483871	5483872	4
397443	397444	1
3977442	3977441	2
1825087	1825088	1
5674857	5674220	1
12455491	12455492	2
9689109	9689110	3
1582634	1582629	1
5048196	5048195	1
4153159	4153141	2
7113309	7113310	1
2442490	2441879	2
6660440	6660311	1
9912928	9912927	2
3926613	10895295	1
9949387	9949048	1
3245091	3245088	1
8177115	8177116	2
2653725	2653500	1
4065591	1450620	1
1579180	1579179	4
6277538	6277537	1
11542277	11542278	3
9469055	9469102	3
12808861	12808862	3
802666	802663	1
11113744	11113743	2
8151988	8151985	7
10184322	10184321	1
11480080	11480079	2
11342929	11342189	2
5930619	5930620	2
8387757	8387758	2
6867768	6867761	1
11261847	11261848	1
11573288	11573287	5
4786503	4786463	4
3852852	3852851	1
10613335	10613336	2
5858119	5857695	1
7826621	7826951	5
11752143	11752138	1
6182379	6182382	1
7817409	7839204	1
1850100	1850011	2
1931837	1931838	4
7580710	7580709	3
7871185	7872923	1
5446424	5446419	3
10606770	10606769	2
5184027	5184197	2
12303154	12303153	6
9935028	9935027	2
7613770	7613320	1
11624955	11623280	1
443788	443929	1
8666984	8674731	4
480447	480448	2
2123773	2124544	1
4813076	4813075	1
61368	178091	1
4017794	4017793	3
405837	405826	1
11773738	11776328	2
5567832	5567600	1
3684784	3684793	1
5187936	5187935	2
3940607	3940631	1
6241909	6241912	2
303096	303095	1
7858390	7858385	1
4583627	4584363	1
12737123	12737128	1
10250070	10250755	1
6080757	6080760	2
11981462	11981431	2
10920220	10920219	3
5689871	5689872	1
1020981	1020982	1
563944	563948	1
6287441	6232372	1
357488	357485	1
4866747	4866748	4
5496593	5498486	1
1608826	6067741	1
2377693	2377694	1
10799892	10799891	6
10183173	10183174	1
1922439	1930844	5
1588080	1588763	1
7828420	7828417	1
8545315	8545318	1
10808438	10808437	1
1067109	1067110	4
11928219	11928220	1
8791734	8791733	4
1789236	1791061	2
687948	687947	3
5179463	5179464	1
6607812	6607823	2
8806750	8806749	1
9837657	9837654	2
3554812	3554809	2
9009195	9009196	2
1427765	1427759	2
10171390	10171717	5
5147353	5147316	1
1085172	1085171	1
8076940	8216711	1
5118900	5119649	1
3921536	3921533	1
11532921	11532922	3
4678517	4678520	1
4044900	4044899	1
2494322	2494321	4
12665514	12665513	2
6253067	6253107	2
10738678	10387813	2
3568348	3568347	2
7867255	7813942	2
2020435	2020436	1
10080785	10080788	2
2717534	2717533	4
6593462	6593461	3
10956835	10956836	1
7454703	7454696	1
11695549	11695550	2
12539570	12543473	1
8771130	8735949	1
8522510	8522537	3
11537034	11536722	2
9347138	9347137	1
8753746	8753794	2
3234195	3234171	3
3444152	3444151	2
3078120	3073998	5
1580315	1580291	3
4611686	4612103	1
2689989	2689990	1
1680018	1680015	2
4669820	4669819	1
2682603	2682572	1
6629409	6629412	1
4286598	4286641	2
4577579	7882145	3
11904262	11904257	1
2856156	2868842	3
4361747	4363044	6
11041492	167158	1
1839185	1839186	3
5045759	5045760	1
1943210	1943207	3
5724468	5724467	1
8209913	8209920	1
11341691	11341692	1
11522590	11522663	3
1304304	1304303	3
3181707	3181708	1
5047200	6460142	2
6527026	6527025	3
8289726	8289725	1
11030479	11030482	1
10106000	10105999	3
5601223	5817362	4
8283568	8283565	3
4823409	4824068	1
4220877	4220878	1
4013989	4013990	2
9923115	9918394	1
9436430	9436429	3
1883155	1883158	2
9277009	9277034	1
5948515	5948516	6
8637153	8637154	3
1607674	1607673	5
1359423	1359769	1
3088937	3089061	2
6662712	6663471	4
11338627	11338676	3
6792617	6792673	2
2476433	2457168	2
10193379	10193382	2
2464904	2464914	6
4292842	4292837	3
5842813	5722738	3
11463723	11463724	3
10242904	10242883	1
1517231	1517232	3
6137585	6137588	1
2495297	2495298	1
5253445	5253457	3
5522230	5522159	2
10235636	10235635	2
2313472	2447736	2
6506629	6506612	3
11002282	11002279	1
12435489	12434848	1
6509799	6509800	1
11475023	4177400	4
8159690	8159685	1
8475688	8475799	3
1587207	1587210	1
8090367	8090372	1
11306640	11306639	2
3752290	3752289	3
8831925	8831926	1
4794847	4794840	8
11920814	11920836	3
7135440	7135439	1
9493678	9493646	3
7015124	7015097	1
11595051	7922586	3
2922003	2921992	2
4165612	4165611	1
1715138	1698895	4
11480875	11480876	1
10935965	10936105	1
1309332	1309331	4
11423932	11423806	1
5089467	5089468	1
12761760	12761759	2
7027604	7027603	2
1332347	1332379	1
10566411	10566432	3
6711680	6711679	2
191146	191145	3
5926769	5927445	2
8007866	8007865	4
6212378	6212375	3
10980645	10980646	1
4859643	9837656	1
7000236	7000220	2
5574336	5574333	1
8502967	8502936	4
1066011	1066022	1
756495	756484	3
3833935	3833936	1
11578664	11578663	3
6049653	6049654	2
420481	420482	1
1030480	1030479	2
5719671	5719672	2
2538577	2537949	1
10878625	10878626	1
11813665	11813659	1
5633055	5619695	2
9922664	9922658	1
9549026	9549025	1
11742349	11746094	1
2134337	2134047	1
7804078	7804077	2
2356539	2356548	5
2891289	2891290	1
7931261	7931264	1
11582450	11582449	2
738827	738828	2
4688785	10061295	2
7005440	7005466	3
11039589	11039870	3
9332812	10228993	4
9069878	9069877	1
840046	840045	2
12559022	2485209	1
2262319	2262320	2
1700475	1701701	1
5238281	5238282	5
11038575	10858249	1
7336063	7336398	2
4670221	4670174	5
6197939	6197940	1
7192606	7192592	1
4940297	3396499	2
8030603	8030606	1
6098876	6097641	2
7517739	7518935	1
3275946	3273461	1
5701637	5701640	3
1564263	11614218	1
2712292	2719830	1
390314	389552	1
422888	422887	3
3733638	3733637	1
1312203	1312204	1
3481800	3481799	1
8899051	12446006	3
7592229	7592238	2
11123380	11123377	1
1550924	1550711	3
1772685	1772686	2
6621309	6621342	2
11838627	11838386	1
10531588	10531587	4
3852970	3852969	4
10288130	10288181	3
1044507	1044508	2
4348671	4348692	1
12209354	12209351	2
9810576	9810575	3
10680575	10680381	1
5679236	5679235	3
5426688	5426687	1
3907584	3907581	3
4112879	4112880	2
5559281	5559282	1
8428952	8428951	2
6623982	6623981	1
1215029	1215046	2
2120944	2120943	3
1462997	1462998	2
10993878	10993691	1
5097001	5097008	1
5055788	5055792	3
11669839	11670600	2
2040322	2040321	2
1069829	1071769	2
4006757	4006777	1
2958152	2958147	4
5792570	5854699	3
1393626	1393623	1
9080431	9080432	1
6076059	6076062	1
7204199	7204201	2
5954213	5954294	1
5911213	5911214	2
4143258	4143257	1
3813054	3813064	4
12120103	12120104	3
7873792	7873791	1
5386667	5386694	7
10367732	10367731	2
12660666	12660665	4
10384783	10384521	3
1844645	1844099	2
3316442	3316441	1
4756698	4758037	1
5191787	5191788	1
10444756	10444755	4
1215027	1215028	6
163843	163844	4
5723347	5723335	1
10460327	10460328	2
7723227	7723228	3
1094643	1092256	1
8009410	8009409	2
12613530	12614063	2
12799470	12799514	1
3851317	3851318	4
3734739	3734740	2
11598333	11598334	1
11184577	11183524	1
4997076	4997073	1
11535548	11535545	1
6021406	6021405	3
11861337	11862362	1
10811441	4148377	1
1803146	1803160	1
773951	773952	1
7048086	7186411	1
9001701	9001704	1
7739865	7739868	1
1140116	1140142	5
12600546	12599291	2
11096461	11096459	3
4387827	6940956	3
6209892	6209889	1
9434556	9434561	1
11180222	11128309	1
8372338	8372335	1
9507899	9507395	4
3603741	3603691	3
4449788	4449787	1
10211840	10211839	5
3548793	3548777	1
2089216	2089215	2
3681131	3681132	2
11819414	11819413	4
2349218	2350740	1
5706315	5706708	3
5196067	5196068	3
4409540	4409539	1
8041529	8041597	1
5238279	5238282	2
10812284	10812283	1
9621731	9621732	1
11649205	11649640	1
10347631	10347655	3
3216145	3216146	1
7269923	7269924	4
9609476	9609682	1
9522968	9522964	2
9947779	9947780	1
996005	996006	3
6831529	6831534	2
3572323	3567875	2
7555365	7546257	1
10442494	10442481	4
11184966	11184969	2
6038188	6038187	1
5863267	5863268	4
788289	788292	1
11521446	11521776	1
7068563	7068553	2
10746367	10742654	1
7005481	7005482	4
575602	575601	1
12119728	12119727	1
11797204	11797201	1
11904559	11904536	1
10824683	12282959	2
10156702	10156699	2
9619515	5696257	2
11091213	11090749	2
9780460	9780459	1
6892134	6892133	1
7744800	7744799	1
3593365	3593366	1
12293468	12293467	4
6604606	6604601	1
7367930	7367955	1
6045025	6045026	2
2372684	2372683	3
12504217	12502941	1
9232413	9232414	2
5521898	5521897	1
9937040	9937039	2
12774196	12774195	5
10500011	10500012	1
7681944	7681943	4
1733593	1733598	1
1322434	1333478	2
11425338	11425383	3
3551981	3551982	2
5793964	5796904	1
11425375	11425378	8
11875716	10993686	3
8782225	8782226	2
6629667	6629668	2
8684295	8684296	3
3316039	3316048	1
11192863	11192876	3
10210174	10210173	1
8256589	8256586	1
12601796	12601795	1
2793121	2793122	1
2213347	2213379	1
7204493	7204494	1
6856444	6856448	3
9254346	9254249	2
11456715	11456706	1
10522056	11085329	7
5511881	5511882	1
7994799	7994761	1
831438	5677025	1
7881657	7881658	1
5499689	5499690	2
6467612	6467611	1
1205447	1205448	3
707779	706609	3
112215	112218	2
6178641	6178642	3
11571368	11571367	8
5811154	5811153	1
9430741	9430742	1
4388395	4388396	4
3648545	3632444	4
6339657	6339658	1
8477337	8477338	4
8968462	8968459	1
5689766	5689765	1
8682923	8682872	4
11228476	11228475	2
4702791	4702798	1
10401072	10401069	1
790229	788823	2
3959223	3959226	3
10295643	10295644	1
7087783	7087784	1
8636745	8636746	2
6428770	6428769	2
6895409	6895401	2
7580708	7580707	3
7292983	7292998	2
5545311	5545312	2
656285	656286	2
140018	140015	1
7643496	7642702	3
4299290	4299289	1
8467772	8467771	3
7018850	7018849	5
8357784	8357779	1
7544172	8775945	1
7360227	7360277	1
3237025	3237026	1
3944104	3944115	1
12140010	12140009	1
1782381	1782382	1
2631240	2631239	2
2645514	2645513	1
4734420	4734425	3
10708584	10708583	3
11846738	11846741	1
7869385	7869388	2
5912431	5914389	1
1300387	1300388	2
11016554	11016551	2
4010586	4010591	3
7427462	7427461	1
12124951	12124952	2
11442384	11442383	2
3296430	6110491	1
5115829	5115673	1
7458008	7458292	1
9100232	9100155	1
802666	802661	1
3212524	3212521	8
12665136	12663566	1
11502825	11501618	4
5898811	5898812	2
10522135	10523303	1
1525064	1525063	2
238422	239147	1
8904904	8904901	1
11974339	11974340	1
2613765	2613766	1
3269789	3269790	2
6666333	6666375	1
6855086	6852377	2
6052865	6052866	1
7018850	10920021	1
4792556	4792551	2
5627090	5627089	3
11071312	11071311	1
6323212	6323209	2
5875129	5875130	1
3325608	3325932	2
7109323	7107972	3
10278038	10278037	2
10789364	8756432	2
12611868	12611867	2
7113277	7113278	3
11665128	11665125	1
4803623	4803624	3
797720	797808	2
7898992	7898768	4
10342060	10342059	3
12385640	12385637	1
1232845	1232846	1
12119287	12119290	1
12378178	12378175	1
2360766	2360765	3
1281581	1281582	3
6524242	872811	3
8958681	8958682	1
11760280	11760279	10
8780711	8780714	1
9424796	9424793	1
11661459	11661460	5
3356512	3356509	1
6545368	6545367	2
7659756	7660018	1
9576913	9576916	3
3277943	3278181	1
2278419	2278420	1
1128930	2044477	2
9357645	9357646	1
4133062	4388827	1
8808158	8808155	1
10864684	10864683	3
2324123	2324124	3
5115701	5115702	1
7925389	7925390	1
12540235	12540236	1
2233585	2223956	3
445738	445737	2
3889824	4184478	1
10196703	10196704	4
9320495	9320496	3
11128410	11129748	2
11214620	11214615	1
12196447	12196450	1
10229666	10229665	3
8394379	8394380	2
7170319	7170320	1
9115642	9114167	1
877034	877033	2
3104822	3104821	4
1044612	1044611	2
2561612	10663083	1
4060582	4060579	1
8608746	8608743	2
2713899	2713897	1
11793040	11793102	1
6103025	6102865	4
7794683	7794686	1
651331	651310	1
4190228	4190192	1
4548681	4548865	2
2267830	2267829	2
11617854	11617708	3
10445502	10445501	3
7780204	7779771	1
4376053	4376056	4
3316043	3316044	2
7725659	7725662	1
11572445	11600860	1
7515911	7515959	2
5314396	5314395	1
1445292	1445291	3
6206522	6206613	1
3610213	3610214	1
10593947	10592599	3
1912049	1912050	2
5272915	5272916	4
8220449	8220450	1
11000465	11000466	1
1451993	1451994	3
8540668	8538705	2
7922504	7922503	2
11465588	2836260	1
6032425	6032428	1
12226920	12231049	4
465889	451333	1
3018258	8925175	2
5973517	5977226	1
8017542	8019590	2
4615757	4615787	2
12449947	12449948	4
2158551	2157569	1
4139416	4140004	1
11988934	11988848	2
10900957	10900967	2
6338616	6338615	3
360838	359681	2
9925629	9925630	1
5555228	5555246	2
8608806	8608805	1
2792395	2792396	2
1330331	1330276	1
844685	844670	3
11623731	11623732	4
1716268	1718576	1
10160796	10160799	1
8026100	8025920	1
590403	590418	1
1371926	1384138	1
8608222	8608179	1
11463920	11463918	4
4248073	4248074	1
11133943	11131883	3
360838	359683	5
4085638	4085635	1
345186	345183	1
8372897	8372900	1
12291774	12296049	1
12309411	12309412	3
1760484	1760481	2
9430627	9430630	1
8774593	8774472	4
1317562	1332918	3
11149970	11149967	1
7560432	7560435	2
721097	721098	3
8795135	8795136	1
776825	776826	1
11987508	11987507	2
2815377	2815339	1
6767487	6767488	3
5405119	5404986	1
3259515	3259405	2
10367241	10367248	1
12427621	12427628	1
3679446	3679451	1
1355587	1354197	1
7001970	7010302	2
12000770	12000769	1
10444315	10444325	3
7530636	7530635	1
6452691	6491377	1
3550401	3549949	2
9495364	9495393	2
6586012	6586009	1
8275811	4490537	3
9575124	9575123	2
2996029	2996030	3
3721231	3720555	2
1505643	1505644	1
904015	903989	2
10279913	10281978	1
6892793	6892771	1
6134350	6134349	2
5863484	5863483	1
6633214	6633213	1
7931890	7927358	1
9894041	9894042	2
7901073	7901074	1
11144270	11144269	5
959640	959639	2
1478189	1478190	1
443776	443808	2
3577729	3577730	3
870208	870285	2
3144661	3143158	4
11004396	11004399	1
5415821	5415845	1
5964322	5963933	1
11006287	11006288	1
3400023	3394837	1
10252022	10252021	1
434828	434827	3
7765525	7767012	2
2164879	2164663	2
853963	852190	6
4469720	4468084	4
10138422	10136033	2
5482268	5482267	1
6107725	6107726	2
2034622	2034621	1
12129298	12129297	1
1241422	1115690	2
12001196	12001191	1
10029171	10033807	1
871597	879426	2
6226730	6230263	1
8576322	8576806	1
6184567	6184573	1
8602730	8602681	2
6023362	6023365	1
12281167	12279805	3
7335242	7335241	1
7709986	7709985	1
7474328	7460328	1
2668739	2668740	1
12163956	12163955	3
7648726	7648760	2
8647579	8647580	1
8016616	8014983	1
10267610	10267609	1
9991672	9991669	2
1588386	1587699	5
3200613	3200644	1
187290	187288	3
6909297	6909300	3
5456618	5456614	1
813332	813331	1
12168301	12168302	1
6773500	6773499	4
1537955	1537956	1
4346547	4346548	1
5730579	5730991	1
10148958	10148957	1
2921373	2921374	1
10167204	10167199	1
3291016	3291013	2
10584992	10584991	1
3209191	407603	3
6858036	5808636	7
12624735	12625672	1
9082200	9082199	1
1997563	1997543	1
4539432	4539427	2
12186670	12186669	4
5282061	5282062	3
11585575	11585576	3
1961294	7065272	1
440772	440771	1
6345217	6344521	1
456051	456052	4
2167281	2167282	2
3567841	3567842	4
8407318	5783830	2
11727213	11727214	4
5244610	5244609	3
1032651	1032652	3
9861992	9861324	1
9545570	9545567	4
5674570	5671244	1
6575749	9332813	4
9469029	9469030	1
8628759	8628760	2
7147344	7147343	2
11806995	11806996	1
2676133	2682248	1
2312726	2312729	1
7493431	7493432	2
6541973	10441866	1
1013237	1013238	5
2700527	2700528	3
2109443	2109444	1
10354931	10354878	1
12397015	12397016	1
10110978	10110975	4
7020162	7020785	5
11721493	11721494	1
11661788	11661787	2
1078438	1078437	6
11542170	11542167	2
7898273	603134	1
1292452	1292451	2
6167802	6167867	1
1719375	1719385	1
3722729	3722730	2
12163958	12163957	3
568987	568988	5
6542769	6542770	2
6510339	6510340	1
1651340	1651339	1
9974550	9974574	5
9294729	9294735	1
7859090	7859089	3
11623733	11623736	1
3068903	3068934	1
2787271	2787272	3
307543	307544	1
8442833	8442619	1
654246	654276	4
4751321	4751322	1
12456167	12456168	2
3592673	3592674	1
8421216	8421215	2
11589320	11589308	2
1201602	1201601	2
4407566	7121572	2
537263	539446	1
9395472	9395471	2
7017428	7017456	1
10025254	10025253	2
6198887	6198888	8
3099601	3099602	1
11268469	11268472	5
9668886	9668869	1
1204890	1204873	1
9770368	9770367	1
672627	672135	9
8380332	8380331	1
654172	654171	2
11732649	11732650	3
9824156	2079177	1
11393293	10979988	3
8348908	10579172	1
5792408	5792397	1
12650938	12550623	1
1829908	1829907	2
5618713	5618688	1
8317272	8317271	3
11767695	11768527	1
6006431	6007819	3
11802640	11802639	2
12799311	12802584	1
545281	545282	2
1730358	1734320	1
7685795	7685796	3
12506128	12506127	1
11085192	11085191	2
8327280	8327312	1
2921993	2921994	1
3001649	3001650	2
6013740	6013739	1
11995649	11995650	4
6014299	6013494	2
7952200	7952199	11
11447730	11447405	3
2971597	2971598	1
11663863	11663871	2
12457831	12458846	1
11408430	11408504	1
7198578	7198577	1
1555718	1559894	3
4630139	4630140	1
8561625	8561626	1
8006155	8006088	1
3183605	3183606	2
3851317	3851320	1
9047131	9047132	2
5512974	5512973	1
8624193	8624194	1
1838031	1838032	4
10765358	10765357	2
1314455	1314456	2
1746993	1746996	3
4775935	4776978	3
3034555	3034558	7
12227453	2852121	1
12778510	12778411	1
3328757	3328754	5
4772158	4771465	2
6182034	6182026	1
6883061	5777994	1
1362069	1362097	1
7154812	7154811	3
12566833	12566834	1
8529618	8529622	1
9923940	9925580	1
9609476	9609684	1
9395536	9395535	3
5648027	5648028	3
1252639	1252640	2
8552026	8552023	2
6418487	6418488	3
4136001	4136004	3
7983415	7980460	3
10204715	8319240	1
6185899	6185773	1
7580634	7580599	1
1724216	1724215	1
2442283	2440005	1
10266509	10266510	2
908565	908566	2
346767	342838	1
11114335	11114336	2
360343	360940	2
11090324	11090323	1
5293323	3852748	8
6167861	6167862	4
6323511	6323512	3
11125570	11125567	1
8808982	8808981	1
6126958	6126992	2
3247189	3247291	2
3025946	3025943	2
11345205	11345206	1
722116	611714	2
10013638	10015859	1
5790146	5790145	4
62661	1931713	1
1386364	1596946	1
2986532	2986424	1
10258446	10258445	1
4378989	4378990	1
8908071	8922086	2
2062923	2068205	3
9315669	9315694	2
2931165	2931166	3
2362255	2362052	3
5657656	5682520	1
8552026	8552025	2
1030167	1030168	1
6140168	6140152	1
6045555	6045556	3
11822111	11822112	4
445804	445799	2
4264017	4603688	3
8034411	8034412	1
3727318	3727317	1
6229376	6229375	1
9062707	9062708	4
345902	345901	2
3107292	3107289	1
756669	756746	3
7090790	7090171	1
1633227	1633228	3
3757307	3756101	1
5734391	5734392	3
10079297	10079298	2
2316866	2316940	3
8357067	8357068	2
2323375	2323344	1
1698765	1698768	1
1594867	1594890	2
11079495	11079496	1
6622231	6622262	1
3189281	3189282	2
710557	660158	2
11508206	11508656	1
6836683	6836830	3
5970868	5970867	2
1515276	1515275	15
486063	486064	3
5114982	5114981	3
12292145	12292146	2
11528859	11528860	5
9167413	9170937	3
5677028	5677027	9
9943005	4620610	1
12315904	12315916	6
658983	658984	1
728486	728385	1
2157225	6727874	1
8677261	8677262	1
6482366	6482360	1
670524	670523	1
322563	322546	2
2750337	2750338	2
8412540	8412539	1
6711657	6711658	3
2657833	8128997	1
3872777	3872733	2
8518040	8518039	1
7598909	7598910	1
7934885	7934886	1
5371326	5371323	1
6387412	51822	1
10659599	10659600	1
1864903	1864904	1
10080787	10080790	1
11039070	11039067	1
9336060	9336054	7
7932757	7932760	4
8443100	8443097	1
734240	733903	2
1384521	1384522	2
10719177	10719178	3
6624985	952061	2
4572169	4549720	2
1414557	1414558	2
1049195	1049196	1
12197195	12197157	1
10900550	10900549	3
4570767	4570764	4
11074171	11074161	1
847980	847963	1
1027027	1027343	1
3881289	3881290	1
12750392	12771921	1
12362784	12362783	1
10010888	10010891	1
6191990	6191989	4
5205965	5205966	2
11515527	11515353	3
8474115	8474116	4
11757674	11757403	1
1360924	1360921	2
2879486	2879489	1
10330070	10328056	1
4823705	7392364	1
4083652	4083921	3
6257677	6257682	2
10578657	10578658	3
12780234	12779750	1
7788035	7788048	1
2829382	2829381	3
10065635	10065636	1
3814815	3814816	1
355071	355072	2
9003653	9003654	1
6212483	6212484	2
5961102	5961077	1
11384618	11385393	6
1866112	1866114	1
4200639	4200640	1
10802448	10802447	2
4121005	4121008	1
1285288	1285285	1
1060890	1060887	1
4547785	7853479	3
8218317	8217349	2
2726177	2728059	3
2581383	2581384	2
5253874	5253873	2
5184586	3018211	1
2280955	2280956	3
1243279	1243282	7
4798866	4798875	1
6015935	6015938	4
9062921	9060807	3
11451925	11453427	2
12175228	12175237	2
5514209	5514210	1
10982110	10982076	2
9978617	9978618	2
2165124	2165135	4
6787439	6787442	1
6369359	6369360	3
12245540	12245539	2
10463001	10463002	1
6322530	6322529	2
4007083	4007084	3
7952151	7952249	1
11624215	11624216	1
11649465	11649466	2
7964785	7964786	2
9936259	9936260	3
10325132	10325122	2
1789449	1789450	1
5600432	5600431	2
2753171	2751740	2
956688	956195	1
10538660	10538652	2
5043984	5043983	1
7996707	7997726	3
4005699	4008471	2
12719818	12719817	1
11368913	11524061	1
179622	179621	1
2712495	2713065	3
2767914	2767878	1
9292349	9292350	1
3928381	3928363	1
7741776	7741779	1
6655688	6655685	1
12134082	12134081	1
3493983	3493984	3
9084255	9084294	1
8765936	8766146	4
1668591	1668602	1
5601294	4227875	4
1140118	1140117	2
7144724	7144721	7
11716497	11716498	1
5979023	5979024	3
807655	807656	2
1686659	1686662	1
623861	623864	1
7359329	7359330	2
9255099	9249784	1
7512681	7512666	1
7755664	7755663	1
6338616	6338613	3
7545117	7545118	2
11391650	10981458	1
1049365	1049374	2
7106737	7106738	5
655131	820078	1
10529337	10529315	4
5324755	5324756	2
9508671	9508672	1
3000817	3000844	1
6164623	6164624	5
1087441	1087447	2
8778064	8778063	1
7875824	7875814	1
5282050	5282149	3
5455343	5455344	4
4237846	4234402	1
10524103	10524106	1
1581879	1581880	1
7660792	7660789	1
1711150	1710953	3
4586756	4586755	1
3562005	3562006	1
203860	203857	4
2359979	2359982	1
1092041	1077027	3
11633460	11633374	1
9586715	9586713	1
1485980	1485979	3
10531017	10530962	4
10269913	10269914	1
7599377	7599366	1
6185457	6185458	5
2490280	2489448	2
591001	588326	2
792256	792260	1
7317511	7317512	1
7115654	674837	1
7325806	7324202	2
5752494	5752487	1
6006345	6006346	5
1477703	1477704	2
1293061	1293103	1
6721400	6721399	3
7693471	7693446	1
9144725	9144355	1
5670152	10283432	3
4049809	4050461	1
4318787	4318700	2
3790536	3790535	1
6699833	6699615	1
1127655	1127656	1
5937228	5937145	1
11078471	11078089	1
3624550	3624549	7
2005213	2005214	3
8219706	11654402	8
6017707	6017638	1
1344577	1344593	1
12484728	12484727	1
12207619	12207622	1
4345645	4344545	1
5010068	5010071	5
2649031	2652491	5
2569959	2569675	1
838436	838435	1
8197066	8197065	3
10605017	10927457	3
9659301	9663037	1
1859356	1859351	1
3582713	3582714	1
2338369	2338372	1
3871681	5271381	1
11502694	11502693	2
190640	190635	1
10443524	10443523	2
1789447	1789448	1
8666986	8666985	4
11688339	11688334	3
1480705	1480467	1
6066272	6066269	1
631361	631362	3
3748174	3743629	2
1020699	1020700	1
414840	414946	3
5414281	5414282	1
4328508	9766653	4
5923608	11386479	1
53688	53687	1
11338457	11338394	2
6374240	6382776	1
9125842	9125850	3
3288092	3288091	2
2291666	2293124	4
4657018	4657017	2
1532854	1532853	1
592904	592855	1
9344788	9344787	2
648866	647684	1
11929118	11929117	1
5501062	5501031	1
155918	155917	1
5959422	5959514	3
3487019	4111043	1
9829728	9829725	1
5752379	5896415	1
9518907	9518908	1
9949376	9948002	3
2470035	1760483	2
5393533	5393534	1
11213627	11213628	1
4381093	4381094	1
11816777	11816778	1
8638429	8638430	2
7018328	7018327	1
4218538	4218537	1
5592349	5592350	4
3867868	3867867	2
473484	475675	3
6119280	6119412	2
3577731	3577699	3
8680211	8680212	5
11671693	11671694	6
11875847	11875848	2
8687710	8689447	2
11243156	11243199	4
8424577	8424578	1
337362	337359	2
5675678	5675538	1
2109208	2109207	1
9681535	9681536	2
8688657	8688968	2
3594053	3661605	1
2444992	2444982	4
10265961	10265962	1
8815004	8815057	1
9756594	9756593	1
12477622	6566378	3
6552606	6552605	7
3759710	3759732	2
5730575	5730991	1
3932902	3932897	1
2520225	2520228	1
3854570	3854569	2
12052159	12052104	3
6500402	6500401	6
10892644	10891840	1
3280296	3280295	9
6066270	6066269	1
6314603	6314604	1
6700284	6700287	1
11728069	11719969	2
4472971	4470536	4
7719769	7719867	1
7032935	7032932	2
12041292	12041324	1
6182181	6182182	1
12801994	12801991	3
11664487	11664488	2
8705873	3551982	1
9362054	9362053	1
1963621	1874725	2
10400131	10400132	2
2412727	1588474	1
1016209	1016221	1
1525779	1525767	3
5158227	5158228	1
10213965	10213966	1
9237097	9237234	1
9545164	9545163	6
4072229	4072914	2
6009324	6009323	2
8982280	8982063	1
10213963	10213964	1
7260107	7260108	2
8884182	8884211	1
12188886	12188889	4
142443	142446	4
675323	675324	2
11634339	11634342	4
7083613	7066727	1
9656686	9656685	1
9309643	9309644	1
9316675	9316665	2
2152870	2152869	3
12617124	12617097	2
10272022	10272021	1
4107859	4108036	5
6522819	6522418	2
655910	655902	3
270032	268701	2
11045412	11046032	1
6493533	6493534	1
559218	559291	1
12338664	12338651	1
3351934	3351933	1
11442618	11442617	1
3669003	3669004	1
7191100	7191097	1
9027153	9027194	1
10282309	10282201	1
5438424	5438423	1
8294166	8294165	1
6757517	6756570	2
10242468	10242467	1
11588764	11588951	1
9492111	9492141	1
5714777	5714834	7
399027	397849	2
4488984	4491810	1
6952411	6952412	3
5713535	5713966	1
4926988	4926985	6
6438769	6438791	1
11647591	11647443	3
51819	9111664	1
8949936	8949935	2
7224867	7224868	2
5334406	5334404	4
1333121	1333122	1
6173726	6173710	2
10891879	10891989	1
11434853	11463724	1
2582995	2582998	1
8828516	8835031	1
9293513	9293514	1
10435032	10435024	1
1470725	1470726	1
12186827	12186828	1
7735316	7734419	7
12565422	12565415	1
11799536	11799535	2
10202183	10198767	3
3811467	3812505	1
8535016	8535015	5
5250399	5250400	2
2749153	2749156	1
1850106	1850105	5
5870266	5870265	2
5651705	5651703	1
4223854	7862640	4
3356243	3356244	1
1831091	1831092	1
7453055	7453056	1
4399258	4398625	1
3361603	3361594	1
1674703	1674706	2
9870121	9870122	2
1201357	1242130	2
1314347	1314317	3
7867334	7867331	4
7760441	7760434	1
5814820	5814819	6
9356499	9356500	1
730177	724751	1
5285437	5285438	3
11450967	11450968	1
2532295	2532298	2
5615298	5615295	2
11725526	6272867	2
7283252	7283251	1
11020525	11020526	1
2582995	2582996	2
6185313	6185314	1
8641003	8641004	2
1349715	1349718	1
4711213	4711384	1
11542279	11542428	4
5956103	5956100	1
11757106	11757105	1
6479353	6479354	1
3615731	3615732	3
3007048	3007623	2
747713	747636	1
9190348	9190347	1
248290	248287	2
5557096	5558870	3
2755764	2755763	2
3542726	3542725	3
4540829	4540830	1
8083773	8083774	4
2436102	2438306	2
5724208	5724291	3
710555	710556	4
10206677	10206680	7
8937749	8937750	1
5857419	5857422	2
8812763	10154939	3
9944542	9942747	2
4133193	4133196	1
400176	400161	1
7590932	7590929	2
11344316	11344315	2
9341182	9341179	1
6972420	6967199	1
10259016	283260	2
12197195	12197159	1
6499306	6499299	1
7748623	7748624	2
12181154	12190876	3
12504342	12504341	3
10165307	10165308	1
1753682	1753681	5
3757486	3757483	1
1699595	1699596	3
5709329	5709330	3
9837745	9837713	4
10453392	10453571	3
7474660	7462799	1
8819153	8818096	1
1624355	1624358	6
4704374	4704373	4
5691533	5691538	1
994363	994366	1
4401901	4401904	1
11408138	11408137	6
6169139	6169140	5
7828565	7828582	2
10260273	10260274	2
453239	453240	1
8835676	10074907	1
9569195	9569196	3
5380003	5380004	3
7510477	6573133	1
2905166	2905165	1
2241626	2241623	3
514248	514851	3
5203076	5203075	2
10577924	10577921	2
6865395	6865396	2
8287108	8287131	1
992762	992813	2
3577360	3577471	1
2042835	2042836	3
3289704	3289703	7
7817468	7838503	2
9576779	9576816	4
4398680	4398679	3
8263239	8264092	1
1457457	1457460	2
4526389	11399579	1
8808089	8808083	1
10505154	10505147	2
4614262	7912665	1
6929355	6929356	4
1653480	1653479	3
8649991	8649992	3
2656950	2656080	3
1032653	1032654	5
5116546	5117068	1
10900955	10900956	2
340275	347283	1
1757649	1757642	1
4288375	4288376	2
1529374	1529377	2
658887	658890	1
887510	887509	1
7933706	7933705	2
10395558	10398383	6
1136420	1136419	1
8867061	8867064	2
4628590	4628579	1
1310675	1310676	2
8826470	8826465	4
8634986	8635394	4
8273464	8273463	2
4123291	4123292	2
12467685	12467686	2
10512701	10512702	1
3932489	3932490	2
8937651	8938211	2
683101	683249	1
5431902	5431901	3
4532883	4532886	3
2797930	8976646	1
3687794	3687793	4
6795612	6795587	1
6405209	6405210	1
6557969	6557970	1
3201715	3201716	5
4990798	7379581	2
6176192	6176439	7
7347969	7347970	4
11140238	11140237	2
5950761	5950762	1
10373511	10373514	3
4680538	4679592	1
7326304	7326269	1
2737400	2737399	1
695510	695509	1
7590934	7590933	5
7626862	7613977	1
1225855	1225856	2
8561632	8561631	1
6508508	6508497	2
9291326	9291325	3
11151782	11151781	1
5242642	5274760	6
436202	436201	2
6568638	6568637	6
6952411	12041870	1
1658621	1658937	3
6851401	6851402	1
2097679	2097680	1
2960452	2960451	3
2981530	2981527	3
4800880	4800879	3
8107624	8107623	2
8508316	8509344	1
10809754	10809753	1
12495871	12495872	2
12029488	12029487	1
7613714	4131073	1
10052418	10052396	2
12441472	12441469	1
6362034	6362444	2
2375835	2375836	1
11941727	11939671	2
4862160	4863409	1
4051971	4051972	2
4387521	4418073	1
8697229	8698984	4
11432343	11432312	1
4638602	4638605	1
1681947	1681924	2
5445467	1836081	1
8606723	8607105	1
5409817	5409822	1
7995986	7995985	1
1139502	1137827	1
7734173	7734174	1
2039490	2039441	2
9501384	9501383	2
10442835	10442836	1
11424653	11424472	1
601717	601595	1
12370652	12370649	3
1546469	1546470	2
5986229	5986232	1
12265896	12266879	3
3817298	3817297	2
9916845	9916846	1
8808080	8808216	4
4144545	4146922	1
29802	29801	2
7566344	7566229	1
2021664	2021663	5
6110391	6110392	1
5415823	5415845	5
10235806	10235788	2
10744276	10742376	1
868913	868914	1
11672993	11673000	1
9524411	9524414	2
3504603	8885856	1
3370414	3370413	2
1543291	1543292	1
393896	393893	1
8430003	8430006	3
7993410	7993407	1
3375947	3532474	1
11772729	11772730	2
6200145	6200146	5
11083221	11083206	3
2461294	2461280	1
10366984	10366983	2
8221583	8220584	1
8606723	8606724	1
2810717	2810684	1
3494459	3494460	2
7902877	7902878	3
2694197	2694236	2
4341475	4341653	2
9368964	9368963	2
1078277	1796350	1
6183011	6184566	1
5531878	5531877	5
8170274	8170273	3
891153	893440	1
11444553	7865819	2
893762	897144	2
2659302	8128733	2
3500590	3500589	1
6023642	6023637	3
9853525	9853502	2
10612834	10612833	5
6545670	6544081	1
6843576	6843575	1
9928615	9928192	3
5657313	5657316	2
1524450	1524449	1
3700220	3700255	2
2266768	2266767	4
6315921	6315922	4
4618141	4618227	2
5779567	5779568	1
5122171	5122172	1
10010892	10010891	4
11039625	11039604	4
11073698	11073697	3
5658889	5661236	1
7904193	7904212	2
8455903	8455906	1
5601213	5601214	2
885760	885757	1
9980944	9980943	2
8753230	8753229	1
277245	277269	1
3660089	3661046	2
1196460	1198470	1
7022647	7022648	4
970894	970893	3
3130056	3130051	2
11211559	11211560	1
12041562	12036636	1
1396657	1396660	1
6013448	6013447	2
3516277	3516278	1
8816931	8816932	3
5626880	5626805	3
7007927	7007909	4
7608038	7608201	3
4642222	4642219	2
3253528	3253527	5
12630230	12630229	3
9014400	9014385	2
11922226	11922250	1
7368970	7368491	2
6493614	6493613	1
10710458	10710453	1
11037017	11037020	1
5131235	5135072	1
1560683	1560684	3
2566839	2564162	1
565143	564829	2
3101499	3101502	2
11045507	11900103	2
1761238	1761237	1
525839	525842	1
2623031	2623032	5
829618	829617	2
1084499	1084500	2
3577377	3577982	1
11642602	11642601	4
10775182	10769079	4
8917635	8917622	3
9919893	9922303	1
8472155	8472236	1
5021773	5021776	1
3926613	3926614	2
2280997	2281012	2
4054867	4054868	4
2021797	2022038	2
11625338	11625337	4
4937271	4937272	2
5043982	5043981	1
8672739	8671979	1
6939778	6939777	1
8613531	8613538	3
4868494	1027029	2
2365758	2365757	2
12162567	12156637	1
9722441	9722442	2
599362	601895	1
1728027	1728023	6
3039126	12459701	3
3555600	8705615	1
3925031	3925187	2
10927317	10926693	2
434222	434221	8
11268432	11268431	2
6278126	6278123	1
1705332	1705364	1
10505230	10505229	1
7233745	7253772	2
5359133	5359134	4
2638631	2636904	1
10256649	10256642	1
7203276	7203275	1
337547	337548	3
11437076	11437125	1
11592064	11592043	2
3054095	3054096	2
2101584	2101583	3
5787531	5788560	3
8010409	8010637	1
10344435	10343956	3
1201496	1201495	1
11861686	11861727	1
12511083	12511079	1
5609338	5609337	1
6673192	6607844	2
12464621	12465049	1
8086982	8086981	2
1693933	1693936	1
12047997	12048296	2
6157373	6157374	1
6959569	6959570	2
6763328	6763335	1
11820208	11820207	1
3385250	3385249	3
8555344	8555367	2
10870385	10870386	2
7005467	7005468	2
8612271	8612272	1
4022813	4022814	2
10655169	10655170	1
11353562	11353561	1
10645763	10645440	1
2075755	2076665	1
11128200	11128199	4
10520010	10520009	2
5834986	5834985	3
6070141	6070142	1
9801789	9801790	3
11751235	11751236	6
5058142	5058129	3
4540963	4541027	3
7890642	7811887	2
9490246	9490245	2
3703308	3703362	2
7594403	7594404	1
8407877	8407878	1
1726105	1726012	4
8267034	8267033	9
10925935	10925938	2
6099997	6099998	2
5253456	5253455	2
668702	668686	1
10175271	10175272	1
11701175	11701600	1
12668997	12668998	1
1392399	1392400	4
9795642	9795653	1
11562825	11562826	1
2438307	2438308	3
12502033	12501975	3
6779960	6779959	1
5852281	5853181	3
7959327	7964869	1
11386640	11386483	4
10550209	10550210	1
3351932	3351931	2
9325987	9325975	1
12493536	12492804	4
2795468	2799286	1
4981255	4981256	5
5313876	5313875	6
7790268	7790265	1
10794362	10794361	3
6397139	6396954	1
6659338	6659337	2
4288534	4288539	3
1421570	1421569	2
960393	960291	2
1374058	1374057	5
600174	600173	2
11384164	11384163	1
5970428	5970427	5
3949030	3949098	1
11341056	11341345	1
4536463	4286172	3
8270415	8270416	4
4259894	4259861	3
3231163	3232075	3
1071609	1069429	1
1841154	1841153	1
8693851	8693852	2
12467958	12467957	1
10206675	10206676	8
1097	1128	1
9934166	9934163	1
1099903	1099906	2
12721003	7851191	3
5629361	5629362	2
5896172	5896859	2
6867770	6867761	1
6533245	6533208	4
45758	211059	1
4620311	4620312	7
11110079	11110054	1
1668035	1668036	1
11791641	11746257	1
4265913	4265914	1
2023665	2029483	1
9278534	10018016	1
3811149	3811150	1
11104725	11104726	2
7693127	7693128	1
3304517	3304518	1
535876	535875	1
9817347	9817348	2
445736	445735	2
4687807	4687808	1
4181522	4181515	1
2845396	2845399	1
10432024	10432023	5
8834414	8834413	1
1058816	1156507	1
5782951	5782952	1
10008049	10008050	3
6310781	6310714	3
10481957	10481551	2
9111531	9111569	1
537265	537266	1
4318373	4318157	1
2324388	2324387	1
12191324	12191298	2
1143555	1143556	1
6102711	6102712	1
3878634	3878633	1
1131031	1131032	1
3719487	3719598	1
823094	823093	2
5052409	5052036	1
6831529	6831530	2
9569817	9569820	1
8170578	8170577	2
6461380	6461371	3
1099158	1315362	2
10094393	10094421	1
7696894	7696893	2
1797795	1797796	1
11101288	11101287	1
4311911	4311912	3
3962468	3962465	2
1028369	1028370	2
4586477	6828298	3
520388	520387	5
9424768	9424798	2
5640877	5640878	1
9469554	9469553	1
1185006	1185005	1
10300419	2607839	1
1037216	1037211	1
12750434	12750433	1
3570618	3570609	1
8010407	8010408	1
318151	318074	2
3082861	3085868	2
6135053	6135054	2
5011366	5014753	6
1067827	1067828	4
12388530	10307031	2
9336055	9336056	6
532302	532262	4
8281831	8281832	2
6845744	6845743	1
5497340	5497339	1
3389501	3389521	1
683604	683603	1
342408	342405	2
11795477	11795368	2
10694945	10694946	1
5088845	5088766	1
132128	132127	2
3099535	3104421	2
9731019	9731020	1
1762737	1762738	1
9503859	9501743	1
7081761	7081762	1
3102622	3104743	1
4955975	4955972	1
12374157	12374158	2
5834154	5832400	1
5936682	5936701	3
8799677	8799578	1
6358596	6358591	1
11205559	11205560	3
2532643	2533856	1
10286749	10286746	2
10317764	10317743	1
5277254	5277253	1
5672924	5672923	1
1046766	1046765	1
5294245	5294234	1
4803622	4804005	1
5066424	5066423	5
5616984	5616983	1
4791806	4792364	3
8683695	8678583	3
4355099	4355100	1
481571	480448	1
5924884	5925243	1
2888521	2888112	2
9396281	9363581	1
1605492	1617826	1
11519389	11519390	2
9878140	9878171	1
5160369	5160370	2
11746275	11746276	3
728488	728385	1
4268197	4268198	6
834827	834861	1
5939436	5940288	1
3634447	3634448	2
3689045	3689046	2
5079767	5079768	1
3642070	3642069	1
8428852	8428851	2
1453972	1453962	2
3264924	3264923	2
592856	592855	2
8500605	8500606	3
7453240	7453172	3
9530989	9530990	2
2597403	2597404	2
10765356	10765414	1
3794222	3794221	1
8744043	8743679	1
3023642	3021106	1
752077	3911587	1
8152263	8152264	3
8236011	8236012	1
5470057	5470058	2
1201210	1201261	1
6027353	6028470	1
2401912	2401911	4
6614590	6614556	1
4846830	4846829	2
9655008	9655007	3
8633809	8633490	2
3774745	3774746	2
10107676	10107675	2
8406532	8406531	1
279204	279203	2
3306712	3306711	2
433345	433300	2
8405039	8405042	1
11888715	11888716	2
1285628	1285627	2
9926165	9926168	2
11289746	11290782	1
8766373	8766374	2
8896675	8896676	1
3939108	3939090	1
2495299	2495312	1
6658416	6658415	1
2280342	2280341	1
5677026	831439	1
10457859	10457860	6
3824012	3824011	2
775982	775981	2
681053	681056	2
8375386	8375385	5
3248479	3248480	3
12521160	337363	2
7960142	7960141	1
866831	866836	4
6897381	6897358	1
9830658	9830657	1
6927416	6927415	2
6451338	6451335	1
1450725	1450726	1
9337324	9338584	6
9148128	9148127	3
9475227	9475228	2
7461240	7461239	4
1595091	1595252	2
5627397	5627400	2
2509693	2509694	3
4632047	4632048	2
9567171	9503190	1
816506	816505	5
2060556	2060555	2
6540419	6540420	1
5781545	5781548	4
5046725	5046726	2
1770815	1778135	1
8194172	8194175	1
12592839	12592840	2
12141524	12141523	1
5400147	5400149	1
6940244	6940241	1
9655963	9656001	1
7795553	7795554	2
9319893	4200934	1
7335240	7335472	1
11775172	11775169	3
5455108	5455107	1
1011714	1011287	1
4483786	4483785	2
2506955	2506956	2
12389141	12389142	2
6185065	6185066	6
8060168	8060167	1
5709327	5709330	1
793485	793486	1
4072973	4072288	3
8422751	8422752	2
5878675	5878676	1
661519	660892	1
7741091	7741092	1
7786116	7786547	1
9909308	9909307	1
11341056	11341347	1
11991190	11991186	2
3898796	3898792	4
3812523	3812516	1
4479107	4479108	2
5708587	5709253	1
3317342	3317341	1
6147155	6147158	1
9951976	9877837	5
12430122	12430119	3
2582289	2582290	2
7601512	7601511	1
6503283	6503285	2
6371803	6371804	1
6156643	6156644	1
11360257	11360511	2
8490092	8490091	2
8892795	8890930	1
10799904	10799903	3
10074578	10074577	1
11091178	11091177	3
3965913	3965910	1
4316222	4486089	1
7808509	7808512	1
11767724	11767721	3
8553704	8553716	2
8956059	8956060	2
7531408	7531407	2
206169	206125	1
4524070	4524073	2
5162078	5162075	4
1875257	1875258	4
992959	992960	1
447701	447702	3
9137817	9137820	1
12205655	12206247	2
1797521	1797322	1
2083102	10721404	1
6728295	6727870	1
1752220	1752217	2
532550	532538	3
7580636	7580635	2
6868725	6868934	6
1576172	1576169	1
10010092	10010091	2
1289047	1289048	1
11852659	11852320	3
10355168	8555697	1
3713003	3713324	1
10609132	10881316	1
3377807	3377808	4
5004060	5003954	3
10445377	10445378	1
6797038	6797037	3
6830307	6830395	1
1559897	1559898	2
12442869	12442870	5
9751241	9751242	3
1778630	1778629	3
5539677	5539451	3
10676458	10676457	2
7864938	7864937	3
8656766	8656765	3
7175431	7175432	4
12556512	12556485	1
2815994	2815993	1
9307806	9307805	2
5996168	5996167	3
9124253	9124226	7
11426575	11426576	2
8651735	8651736	1
1563613	1563616	2
12468624	12468621	2
7596914	7596913	4
10340477	10340483	1
6804249	6804250	4
4045807	4044886	1
6707029	6707030	3
1276965	1276966	2
249735	250559	1
9749103	9749106	2
4705265	4704077	1
9646490	9646487	2
10838522	10838521	6
5549994	5549993	2
9693987	9693988	1
11158597	11158598	1
7021152	7021151	2
8099955	8099956	1
3496472	3496471	3
10974715	10974716	1
6482205	6482429	1
4166045	4166046	3
10715403	10715412	1
4489430	4493886	1
12353456	8525281	1
3925815	3985576	1
1228921	1228922	2
5676031	5676175	1
1450925	1450476	5
6649744	6649743	3
9621331	9621334	2
3449652	3449651	2
2151754	2151766	2
3776612	3774764	1
8990667	8990668	6
5993563	5990926	3
6044831	6043841	5
12466303	1096926	1
5421303	5422501	2
8880770	8880769	6
10343592	10343589	2
464394	463418	1
9796963	9796964	1
5205076	5373441	3
4583173	4588157	1
11854285	11854562	1
5192766	5192765	1
1160014	1160400	2
948387	948388	1
3566951	3566952	3
3160096	3160095	2
11270531	11270532	2
5366925	5366926	1
10820475	10820513	1
6710471	6707747	3
5246330	5246329	1
10985316	10985908	1
497103	497104	4
7317342	7317341	1
7539779	7538195	4
8679691	8679694	2
8522539	8522398	3
7757891	7757892	1
2855246	2855245	1
769150	769149	2
5487115	5487116	2
3976163	3976168	2
2454503	2454506	2
11546943	11546946	1
12751611	12751614	6
813976	813973	3
9160350	9165705	3
11785816	11785815	4
7432171	5501061	2
996	993	3
3901385	3901386	2
4651275	4651378	1
11991038	11991037	1
254955	254960	2
8869006	8869013	2
10048632	10048629	1
5780783	5780784	3
3929817	3929818	4
11904262	11904261	2
12316882	12316881	2
6956122	4262297	4
8414142	8416156	1
7977333	7977334	1
10536231	10536232	2
6514426	6514425	2
8169326	8169325	1
9289473	9289476	3
4698500	4698499	1
4260647	4260650	1
12485965	12429764	1
5487017	5487018	9
11990131	11989740	6
10395450	10395449	1
3650675	3650685	1
5794823	5794824	3
5257999	5258000	3
3550352	3550351	1
6865594	6865593	4
8608694	8608693	1
3304723	3304342	1
10372473	10372487	2
486221	486222	4
4454373	4454376	4
10321971	10323361	3
5614722	5614717	2
954595	10747292	3
7745438	10162350	1
11253467	11253422	1
10384354	10384353	1
9490503	9490491	2
3342409	1105321	1
10211989	10211700	1
2172879	2172887	1
4864225	4864226	1
8186564	8186563	7
1197163	1197164	2
10155574	10155573	1
11827117	11827118	3
1074141	7476440	1
1837318	1837317	2
9856345	9856346	8
7528776	7528775	1
4220278	4220283	1
5092302	5092301	2
8494176	8494175	2
1512290	1512289	3
10529689	10648950	2
421167	421168	2
1423150	1423149	2
2513697	2513698	1
12600571	12600564	2
7802607	7802591	3
3592054	3592029	1
1452815	1452816	1
3906588	3906587	1
9758379	9758389	2
8636992	8636989	3
5840114	5840113	1
8170432	8170431	1
1919593	1919594	1
8029729	8029730	1
9358290	9358412	3
8448926	8448925	3
10991118	10991117	3
7359946	7359945	1
2409262	2404217	1
11823393	11823394	1
2826801	2826802	4
339311	339312	2
1695381	1695382	2
8793836	8793835	3
303088	303087	2
4748066	4746575	1
8440838	8440837	1
6499302	6499299	1
1856345	1856346	3
12125539	12125540	1
7819301	7819279	2
1530526	1530525	1
12763191	12763192	1
7948685	7946740	2
10927885	10927886	1
5672145	5672146	1
4562218	4562045	2
7826621	7827032	2
9273814	9273809	1
3632468	3630260	1
9545718	9545717	3
12476086	3115853	4
4472094	4472093	3
10667155	10667156	1
12637561	12637562	3
6708066	6711656	4
2667033	2667034	1
10663128	10663125	1
1254942	1254822	1
4988529	7379284	3
8476976	8476979	1
12776884	12776883	2
3607348	3613746	3
12759734	12759733	3
959445	959446	2
5816595	5816596	2
10754786	10754785	2
10728932	10728928	2
8522613	8522614	3
8327047	2719149	1
433066	433063	3
289934	289956	1
9837655	9837656	1
7186020	7186019	3
8170582	8170581	7
10090142	10089605	1
11254818	11254663	2
9691668	9691667	4
6913	6914	2
1663222	1663221	1
5713187	5713188	1
3943555	1192139	1
12283774	12283801	1
36964	37932	1
1844885	1844886	1
11157745	11155824	4
1245395	1245424	1
7155116	4285623	3
11061877	11061878	2
1189208	1189207	1
8855438	8854525	1
8819714	8819360	1
8389569	8389570	3
6052178	6052175	3
9092400	8868523	1
1636901	1631495	1
12309922	12309921	1
11896893	11896898	2
1070020	1070019	2
237022	237021	3
12492556	12492555	1
5409819	5409789	1
6431453	6451711	1
5357883	5357884	1
4539428	4539427	3
996582	996581	2
8820360	8820327	2
6366613	6366614	2
7409352	7396635	1
8504916	8504915	1
1270159	1270160	3
6909297	6909298	3
9878870	9878869	1
7369827	7369828	2
11602187	11602188	1
9326733	9326736	1
7222730	7222729	2
5769386	5769697	1
12543737	12543738	1
8316054	8316104	3
10278649	10277613	5
4308080	4308103	2
11789584	11789583	5
9040619	9040620	1
7905468	7905168	3
5655003	5655004	4
133049	8231371	1
7755428	7755427	1
11968413	11969085	6
1587941	1587942	1
2201532	2264401	1
2659424	2659436	3
4113712	4113711	1
6569129	6568637	1
7749558	7749557	1
8955698	8955697	4
11330086	11328754	2
11805876	11805875	2
2112273	2113291	1
10249803	10249804	3
6766106	6766105	1
2416006	2416005	1
2892420	2892419	3
10232810	10232460	1
8352066	8366027	4
4551940	4548671	2
543029	543030	4
950821	950822	5
8548741	8548742	1
1390558	1390557	2
6740451	6740452	2
9149542	9149541	1
5011536	5011535	1
6830253	6830261	1
6777261	6775859	1
1571741	1571744	1
1206802	1206811	6
12451044	12449382	4
7733356	7733355	1
286509	288573	2
9832808	9834356	3
8297038	8501635	1
303711	303712	1
11623731	11623734	1
12207695	12207698	1
3232079	3231850	1
4739490	4739493	3
11159974	11159973	1
1360924	1360923	2
22414	138897	1
7246939	7246940	1
8165668	8165667	2
1839183	1839186	1
6628428	6628364	8
6652511	6652768	2
5722837	5722832	2
92917	92918	2
10709276	10709272	1
6745970	6745967	1
8608106	8608113	2
6537407	6537412	1
4265213	4262451	6
2943504	2942154	2
11869428	11869404	2
2688977	2688978	1
8423780	8423817	5
4695791	4695792	1
8453588	8453587	2
8422423	8426992	1
1113820	1113559	1
7995413	7995414	5
7441210	7441207	1
2899925	2899926	3
1466355	1466563	1
4004078	4004077	2
2330489	2330490	1
6061077	6051791	1
970718	970717	3
6528024	6526343	5
6045617	6045625	1
10390847	10390848	1
7641450	7641449	1
10500009	10500012	2
137910	137909	6
7070443	11464956	1
10973732	10973505	1
5095260	5095259	2
4208492	4208489	1
1238672	1238671	3
9093887	9093888	2
6155159	6155160	4
7791158	7791157	1
8463751	8463752	1
1778134	1778133	5
1081293	1081296	1
6971051	6971052	2
6213407	6213404	1
2404821	2406911	1
2698307	2698308	1
2162945	2162946	1
5142752	5142749	1
11624808	11628096	3
8542188	8542159	1
6419270	6419315	2
10003416	10003413	1
3231936	3149684	1
3987877	3987878	1
7340706	7340705	4
415720	415719	3
5600432	11728058	1
2803532	2803529	6
10123737	10123738	2
6370091	6370122	4
2592334	2592333	8
3661939	3661940	2
7946765	7946770	2
10254409	10255764	3
1081760	5191975	1
11137651	11137652	1
7280006	7280005	1
11737845	11737846	1
11476123	11476730	1
10328492	10328491	2
3423372	3482660	2
5120692	5079201	1
4794841	4794844	1
2783387	2783390	1
5724041	5724042	1
1401757	1399018	3
5811191	5811186	2
6253067	6253105	2
11439106	11445396	2
7762897	7763064	1
1840376	1840375	1
6311050	6311049	2
5291433	5291411	1
6543115	6543116	2
7309921	7309922	2
4121484	4121483	1
11157685	11157688	1
5610281	5610282	2
8108608	8108607	1
6254490	6254493	1
4201236	6927552	4
3814090	3814089	2
8155033	8155036	2
7034703	7034704	2
3425076	3425075	1
1332840	1507951	1
5587948	5587945	1
6907980	6907979	8
8905084	8905083	1
8762076	8761975	3
5129524	5129521	4
7549617	7549618	1
7956136	7962075	2
10459169	10459170	1
116015	116016	1
7362536	7362538	1
1148316	1148315	2
5510397	5510398	1
7557570	7557569	1
5879507	5879432	11
11220829	11220830	3
1833086	1833085	1
8428950	9792901	1
1606566	1606565	1
5018948	5018760	2
3892619	3891095	1
11777032	11777016	2
5758660	5758659	1
273543	273548	1
7428886	7428885	1
9940726	9940725	1
6466502	6466499	5
10874053	10873280	3
12542787	12542788	8
10573408	10572476	6
3094998	3094997	1
8726130	8726077	1
9681537	9681538	2
5679946	5679945	1
5697164	5697161	3
8767399	8767402	2
9239861	9239862	3
10328140	10336410	1
8243218	8243197	2
12148211	12148214	1
11471607	5858842	2
5724450	5724401	4
1913574	8692109	3
7311687	7311623	3
10213963	10213966	4
6841603	6841604	1
9108328	9108327	1
12246373	12248277	1
7164745	7164746	2
7002866	7002865	1
8433433	8433434	2
4087547	4086024	4
5433606	5433605	2
6727873	6727874	1
7865820	7865819	2
11702601	11702604	1
5735211	5735212	1
12544162	12544161	1
2733414	2734416	1
9375217	9375218	1
2060647	2060648	4
1111512	1111528	2
10273676	10273675	1
1092052	1092051	4
10789366	8756432	3
2326743	2326579	2
6880718	6880407	1
9613076	9613075	2
4236409	4236410	2
10460612	10464009	2
6549495	6549498	2
3534210	3534213	1
1121958	1121811	1
12726445	12726446	2
6049603	6049604	7
1709336	1710370	2
3336430	3336352	1
10650023	10650024	2
9477645	9477646	12
3207862	3206935	3
11233030	11233029	2
5161603	5161604	2
306428	306427	2
10991116	10990075	6
5878819	5880113	2
9689410	9689403	4
8581163	8529491	1
5199266	5199263	1
11146397	11145090	2
9280979	9281303	1
7601269	7601270	4
2014167	2014168	2
10521954	10521968	1
8860441	8860442	1
5368602	5368601	7
4995095	4995096	3
9163272	9163190	2
4630139	4629863	2
8320851	8320852	3
1115055	1115056	2
11544170	11543458	2
10578334	10574650	7
5178031	5178032	4
4574488	4574454	1
1385923	1385924	1
1203994	1203989	1
10118170	10118169	3
5364133	5364134	5
5749005	7069378	1
816502	816501	2
7297491	7297492	1
8885352	8885351	6
5046723	5046724	2
1792575	1792576	2
6675456	6675455	3
7336583	9026234	1
3143651	3143652	1
4746913	4746615	1
9774443	9774444	3
1870966	1870965	1
6219966	6220018	2
6367681	6367682	2
12630228	12633089	2
2025396	2024642	3
8059545	8058443	5
1824220	1824219	2
2114152	2114808	1
9129886	9130522	1
11346610	11346681	5
555807	554334	1
11707173	11707176	1
413041	413042	2
4800094	4799501	2
6661015	6661008	1
652130	652129	2
7376846	7405985	3
10487377	10487382	1
7271380	7271375	5
8378126	8378125	2
9843354	9843353	2
3029705	3029706	1
11404332	11404331	2
4502194	4502193	1
4091321	4091324	3
2597403	2597406	1
683093	683094	2
10553884	10553883	1
10083955	10083945	1
7308197	7308200	1
9927553	9927548	2
3703156	3703155	2
6093310	6093309	6
7446309	7446310	1
8372336	8372335	1
1402216	1402215	1
1075461	1075464	3
280877	283742	5
9962366	9962365	6
2507184	2507183	5
3687216	3687215	2
11728136	11728135	2
7548473	7548470	5
12281763	12282696	3
12283926	12283795	6
8072857	8072834	1
975743	975744	2
788467	786996	1
1668571	1668572	1
12684230	12684229	2
11874608	11874845	1
2812013	8281810	1
12035089	12034650	1
6573387	6573121	1
4841824	4841823	2
9060379	9060380	1
7198580	7198579	1
9524077	9524080	1
2118305	2118297	2
9194695	9194832	1
1112134	1112133	3
10472141	10472142	1
7576293	7576331	5
5714341	11827118	1
8748901	8748904	2
10191942	10191872	1
7759229	7759240	2
11035558	11035555	1
9068246	9068243	1
10337836	10337833	1
2417283	2417284	1
6198409	6198412	1
7138291	7138245	1
4530254	4604956	1
8151988	8151983	5
10772277	10772278	5
5095518	5098113	3
5290557	5290558	1
11117012	11117009	1
10043034	10042969	5
6204084	6204069	2
5847577	5848104	2
2817296	2851029	1
5523230	5523428	3
3349759	3345538	1
11894558	11895452	5
3729228	3729544	1
8177113	8177114	2
1828335	1828336	1
7930384	7943660	1
3551132	3551129	2
3904917	3904920	2
5364135	5364136	5
831616	831615	1
12342263	12342264	1
284858	2512175	1
8401972	8400914	2
452824	2464768	2
1928285	1928286	4
5289125	5289143	2
2359513	2359514	1
10887063	10887040	1
4776479	4776480	3
8015310	8015309	1
7901393	7901394	4
68762	68765	1
10425758	10425757	2
8937649	8937650	2
6141958	6141957	4
1607672	1607671	6
10347125	10347126	1
5409817	5409818	9
11900104	11900103	5
4444462	4446547	2
7168406	7166751	1
11896242	11896241	2
12669835	12669836	1
7544424	7952342	1
8009651	8009652	4
10316178	10316193	1
11150606	11150605	2
270708	270707	5
12177709	12177689	1
5987703	5986424	2
8923635	8923605	3
4601468	4601465	1
6257677	6257680	3
4407361	4407362	5
5474375	5474376	2
11353327	11353390	3
3192266	3192535	1
11388219	11388220	1
11939478	11939477	2
1132510	1132515	4
6819255	6819256	4
360561	360562	1
8615746	8615277	1
12625379	12625380	1
376200	275199	2
6825732	6825768	1
6421862	6421859	5
2899120	2899119	2
8906873	8906874	4
1238643	1238671	3
5153046	5153041	1
2526623	11958494	1
9832514	9832513	1
2482974	2482973	1
9635432	9635428	1
8397236	8397235	2
1424629	1424630	2
10041008	10041007	2
188182	186930	1
12713671	12713672	2
10706118	10706117	1
10140334	10140333	1
6660438	6660311	6
1653185	1653186	3
7975705	7975706	2
1705709	1705710	7
5268148	5268147	2
4924486	3471121	1
7882745	7882701	1
6281525	6281528	1
962042	962041	1
10742062	10742061	3
11663832	11663812	3
9134855	9134860	3
11665050	11665049	2
6561244	6561243	1
7216804	7216803	3
5248211	5248212	1
3381969	3381970	7
6721755	6721389	4
6962934	6966222	1
3060423	3060424	2
1531977	1531978	1
12319671	12319672	2
11847519	11847520	6
10281447	10280171	4
2299619	2299622	4
7277087	7277088	2
1921187	1921188	4
9157099	9157100	3
11888659	11888664	1
3460212	3460209	1
10878581	10878626	1
10539531	10539532	1
10744318	10742375	6
2830647	2831658	2
8286275	8286276	1
11240186	11238213	1
11991192	11991186	1
707379	707380	2
12035838	12036200	1
3967324	3967360	3
11287839	11287840	1
5816727	5816728	2
8323583	8323584	2
5127702	5127701	1
6130843	6124659	4
5906648	5910970	1
1325490	1325492	1
436202	436199	3
854486	854485	2
2173884	2173883	4
7728692	7728691	1
10738792	10738784	3
7795018	7795015	3
2955091	3067804	3
2832656	10615196	1
2894006	2894033	1
2812325	2812326	1
6255980	6255988	3
7852992	7852991	1
9521367	9521368	1
4084876	4084823	2
9895289	9895290	1
11915035	11915036	3
5575935	5575805	3
5817701	5817930	4
9299926	9299969	1
9758942	9758941	5
8423913	8423946	5
10131841	10131844	1
1702232	1702231	1
8397986	8397985	2
8271737	8271740	3
9915102	9915101	2
8305786	8305785	1
1184561	1184562	2
4388881	4388884	2
2005467	2018856	2
7148659	7148660	8
5758866	5758865	3
433406	433405	4
626180	626179	1
1548855	1548850	3
11105794	11109171	1
7378322	7378321	1
6412831	6412832	1
1670261	1670262	1
7389745	7389692	1
10593887	10593888	2
593608	593613	1
2349781	2349782	1
4447049	4447050	2
6330854	6329933	2
6377721	6377165	1
6089040	6089039	1
2626315	2626316	2
2547862	2547861	1
2006509	2006510	1
1278936	1278935	5
9156262	9156254	1
11794425	11856772	1
7885398	3102216	1
11468486	3380545	5
9712973	9712974	1
3376351	3376347	2
1290530	1290529	1
7590347	7590333	1
5811632	5811825	3
12477954	12480932	3
1530325	1530326	1
11769475	11771446	1
4688493	4688511	1
7815357	7814382	1
938662	938661	3
11887791	11887792	3
2926207	2926210	2
8785419	8787686	1
858051	858228	2
4654216	4654352	4
7839637	7839640	1
685560	685563	3
5166736	5166735	1
8799033	8799050	1
11699167	11699587	2
5652046	5653588	1
1763809	1763810	3
559532	559530	4
12799173	12799174	1
2869035	2649536	2
8975357	8971921	1
4755371	4755372	1
1880434	1880433	1
5957993	5957994	5
7054209	7054210	1
8544583	8544586	2
2309753	2309754	1
595869	595924	1
8547520	8547518	2
9424975	9424976	1
5724039	5724040	1
6173230	6173227	2
5440953	5440954	2
7213956	7213955	1
5593426	5593425	3
1698457	1698458	2
12481582	12481581	2
7049601	7049602	1
1284358	1279812	2
5322305	5322306	3
11857650	11857649	1
6650308	6650307	3
10763558	10763557	3
11012416	11012415	2
5655728	5655727	1
8565884	8565881	1
8283105	8283108	2
44101	45088	1
1561448	1561447	1
12376959	12376960	1
8556991	8556992	1
447703	447704	2
5501059	7359395	1
2193953	2262334	4
8556423	8556428	1
702642	708008	1
6627171	6622233	2
3861360	3861349	1
373092	373091	1
8663859	8663860	3
9434667	9434670	5
5018359	5018368	1
520185	544041	4
5373545	5373548	1
3827213	5422893	2
4856697	4302816	1
123366	123365	3
7787659	7788493	1
5270240	5270239	2
6696325	6696337	6
8220354	8220353	2
7301866	7301863	3
1674703	1674704	4
12550421	12550434	2
8434183	8434191	3
11757473	11761822	2
1608556	1607894	1
6967621	6967622	4
5006975	5006976	1
1694234	1690553	1
5167314	5167313	1
3135086	3135085	3
4359203	4359204	2
11819416	11819415	2
3698035	3698036	2
6996548	6997524	1
8514583	8514681	2
10432022	10432021	4
5209403	5209404	6
2688647	2688223	3
5830964	5830952	1
8480737	8314283	3
1638049	1638050	4
11177238	11177381	1
7010841	7010844	2
9310216	9310215	1
4113897	4113898	1
10402881	10402882	5
8193072	8191866	1
6760282	6760574	2
7516980	7516979	1
7156728	7156727	3
204966	204965	2
3737086	1971095	5
6008797	6008800	1
1111527	1111528	2
1315796	1315795	2
3017642	3017641	2
11062833	11062834	3
393894	393893	2
1006218	1006235	1
4030431	4030432	2
9122251	9122302	1
3655116	3653210	2
2463008	2463007	2
3822379	3822380	1
9415381	9418312	3
5521365	5521366	3
8578921	8578922	2
8262346	8262345	1
4993929	4614532	1
10921773	10921774	1
5968912	5968911	6
6019355	6019358	1
4664717	4664718	1
12674520	12674519	1
8807326	3492609	6
290850	291073	3
3199326	3199325	1
12426343	1793526	2
5836591	5833744	2
6014220	6014670	3
1140120	1140117	3
8542564	8542469	3
7917096	7917095	4
3305383	3305400	1
12727557	12727560	3
2177861	2179690	2
11154781	11154774	1
5091768	5196917	1
5199119	5370121	1
7737434	5330648	1
9426194	9426157	1
10168051	10167995	2
12466132	12467717	1
8345551	8345552	3
8884280	8884277	1
1921439	1921440	1
4241963	4241964	1
51823	9111664	3
3965911	3965912	1
8259118	8472407	3
5754009	5753809	3
12771707	12771708	3
8284296	8471458	5
11163414	11163727	2
9678193	9678194	1
10915550	10915556	3
2173983	2173984	4
11771620	5705382	4
5452439	5452440	1
68777	68778	3
3474664	3474663	2
1731236	1731239	1
5716152	5716149	2
6543021	6543022	5
10811843	10811844	1
9773898	9773056	1
9027134	9027165	1
11784011	11784012	1
448414	447794	1
2842005	2842012	2
6916931	6916932	2
7755426	7756487	2
10341353	10340962	1
8656760	8656759	1
10009481	10009482	2
2676061	2676062	3
305157	305158	3
5830966	5830965	2
11730001	5690525	1
3985575	3985576	2
11222529	11224901	1
8923226	8923225	2
11007061	11007062	1
6692509	6692510	1
5676365	5676366	4
6442987	6442988	3
4006784	4010836	1
8880413	8880414	2
4285237	4285238	2
9499563	9499584	1
7733521	7733730	1
2845702	2845701	2
8326052	8326043	2
8758196	8758188	1
270032	270031	3
1278314	1278313	2
7564523	7564524	3
5735014	5735013	1
660737	660738	1
8080179	8080180	2
9595677	9595678	1
7272296	7272295	2
7741265	7742474	1
5786869	5786870	1
10484478	10484477	4
5336936	5336931	1
9461679	9461680	3
3554812	3554811	1
9064423	9064424	4
2421424	2421415	1
10127699	9983814	1
10763912	10763905	1
9465412	9465409	1
7844009	7844010	1
6994414	146521	1
1915983	1912048	2
399011	399014	2
10348017	10348018	2
6330337	6330338	2
5697162	5697161	4
5048198	5048195	2
11671641	11671644	3
6445342	6445337	1
2067785	2067786	2
5237525	5237526	2
11371417	11371418	1
3332227	3333309	1
9527289	9527290	4
12381627	12381628	1
6468218	6512900	3
6014568	6014567	4
9701661	9701664	2
3295648	3295647	1
8445830	8445822	2
3811467	3811472	1
11019282	11019874	1
3806467	3806468	4
9689211	9689212	1
6732589	1016055	1
12121106	12121072	4
1289073	1289074	1
6418925	6421034	2
12511723	12511718	2
6367677	6367682	1
10640341	10640342	6
11664210	11664209	3
7011549	7011550	2
4486333	4480262	1
2764873	2764874	1
4630446	4630445	1
12664225	7602741	3
821067	821068	5
284865	284866	3
8019153	8019156	3
11617657	11615622	1
8177520	8177519	1
3101942	3101939	1
11748521	11748522	2
7282447	7282450	8
1011271	1011272	3
4597596	4597892	1
1634953	1634954	1
6153999	6154000	1
3902652	3902651	6
11830297	11828022	2
1530898	1530897	1
5380073	5380074	1
8207635	8207853	1
5146153	5146118	2
12029490	12029489	1
8921899	8921870	1
9993626	9993625	1
4606885	4606886	3
5747963	5748009	1
1234882	1234877	1
4855130	4855125	2
12550561	12550562	1
999162	999159	3
5347170	5347173	1
10369794	10369778	1
8042551	8042554	1
7222852	7222851	1
2492262	2492261	1
11567223	11567226	1
842822	842821	1
3183724	3183370	2
1510923	1509080	1
10945393	2291217	1
10798206	10799655	4
3927675	3927676	5
5748190	5748189	2
2597405	2597406	2
1191224	1191223	4
3886761	3886762	2
1360797	1356646	5
9858496	9859713	3
475615	475658	3
6497167	6497164	1
6149620	6149619	3
11672993	11672996	1
8686545	8686574	1
2006794	2006816	1
10042064	10042063	4
4297254	4297228	1
9640749	9640792	4
11187582	11187581	2
7602629	7924346	1
11608454	11608453	1
3683931	3683813	2
8831479	8831480	1
5046670	5046673	1
8347352	8347351	1
52929	52930	2
12665224	12665223	2
12757592	12757591	1
5979717	5979615	2
5789602	5789601	2
10832269	10832270	3
4398380	4398379	4
2488398	2485209	3
2832900	6574984	1
3553323	3553324	6
11992155	11992156	1
8039392	8039391	3
7389918	7388937	2
3784983	3783860	1
8431593	8431594	2
6129246	6129245	3
1635576	1635575	11
12794726	12794987	1
10975298	10975297	1
11369962	11369961	1
4842599	4842600	3
3631296	3630447	1
6195	6196	3
4265495	4265493	1
4528144	4527090	1
4087333	4087336	1
2828826	2829039	1
4620893	4620894	1
1353944	1353941	2
3516144	3516409	1
11521469	11521472	6
11078723	11078726	1
11313596	11313595	3
5237091	5237215	1
10971718	10971717	1
5896172	5896857	2
4265215	4262451	1
8961305	8960301	1
5328796	5328793	2
6588669	6570415	2
9643819	9643879	2
11571916	11571345	3
8150509	8150510	1
11546984	11586483	1
1534140	1535838	3
3184026	3184025	2
11898601	11898597	2
6449583	6431927	2
1749791	1749792	2
11320039	11320040	3
11060221	11060372	1
4954021	4953985	1
7446373	7446458	2
398580	398579	1
2903623	2903624	1
12432562	12432524	1
5131359	5131367	1
9068148	9068147	1
7154065	7154066	2
8654524	8654494	2
6036830	6036827	2
413111	413112	1
2949138	2947679	3
7737433	7737616	1
8261320	8261976	3
2962029	2962446	1
10073827	10074577	2
1686188	1686227	1
10681648	10681647	1
7030997	7030432	2
7681606	7681605	2
10853581	10853582	1
6591209	6590583	2
9545566	9545717	1
486061	486064	1
7695649	7695650	3
6895403	6895404	1
4424821	7007369	1
6375005	6375007	1
9142839	9142840	2
7758623	7758624	5
6533965	6455029	1
12730386	12730385	1
296200	296199	4
6742935	6742097	2
2687982	2687981	1
7515916	7515915	1
7424273	7424274	2
735964	735963	1
3277025	3277028	2
3571343	5022987	1
4560367	4678417	1
7051569	7051570	3
11004828	11004827	2
5010833	5010834	1
3215409	3215410	2
12013733	12013734	1
3686349	3686350	1
8494174	8494173	2
3977466	3977409	1
11844844	11844843	2
3984935	3746890	1
11907519	11907520	1
1273232	1273223	3
11677571	11677598	2
11379750	11379749	4
3959513	3959514	3
7355816	7355815	1
3362266	3362265	3
842632	842860	3
11395064	11071255	2
3095919	3095929	1
10203477	10203478	3
7152909	7153196	1
2899573	2898555	3
7200014	7202208	1
4679117	4679090	1
7871532	7871531	1
12724380	12724379	2
9070722	9070691	1
12119860	12120378	2
5796375	5796376	2
4039253	4038111	2
5422478	5422529	2
398326	398110	1
7608077	7608047	1
11571553	1654751	1
5452632	5452602	2
5607734	8545636	1
5891943	5891944	1
8086980	8086977	1
456027	459288	1
10566264	10566256	1
4688495	4688511	2
820480	822859	2
5644975	5644976	2
5415186	5415185	1
11632940	11632939	3
3971295	3971297	3
11969833	9854366	1
1050033	1050068	1
7168377	7168378	3
3206506	3206528	1
112213	112218	1
7775350	7775349	1
477068	477067	3
3045340	3045337	1
4706239	4706244	2
1098185	1097985	1
4398680	4398677	2
7936517	7936518	3
4138051	4137485	1
6880242	6880241	2
434222	434236	3
1042958	1042953	3
6413268	6413319	1
6287895	6287896	3
11385145	11385146	2
7522784	7523503	1
8398018	8398017	3
7762933	7762934	4
8680203	8680206	1
7956531	7956532	1
12365270	12365269	10
6127140	6127868	2
10996511	10996516	3
8813007	8813008	2
1204211	1206839	3
3815969	3815974	1
11039326	11036027	3
11149377	11149378	1
5778073	5777939	1
7756375	7756376	2
9166577	9166580	1
4337801	4337802	2
8885756	8885755	2
6177485	6177486	1
554271	11450164	1
1795876	1795873	2
10319896	10319902	1
1707489	1707490	1
11680329	11680330	3
8925339	8925340	2
1462882	1463279	1
6966624	6966623	2
11579036	11579047	3
4112703	3476246	1
5163835	5163836	4
7856552	7856551	2
11598310	11598309	4
2685942	12394819	4
9323548	6601590	1
9047567	9047568	2
10735783	10735710	1
3990300	4638965	3
4551370	4551369	1
10600822	10600821	2
8167131	8167134	3
10302361	10302364	5
59923	59910	3
7940828	7940827	1
10744822	10744821	5
1611975	1611978	1
11620952	11620949	1
10317744	10317743	1
1120627	1120628	1
9340920	9340923	1
11978083	11978084	2
8812671	8812672	1
1938415	1938418	4
3831868	10492032	1
6922210	6922209	2
1927756	1927755	2
7748571	7748572	2
434220	434236	7
6617866	868912	1
3867836	3867835	2
10530194	10530193	2
4582646	6823197	2
51704	51692	3
5964329	5964330	6
2651246	2651245	2
6549764	6549763	1
11272135	11272136	2
10782349	10782339	2
9013660	9013659	3
5369901	5369904	2
9964507	9964508	1
10138423	10138424	2
3652458	3652457	4
5340566	5340565	1
11157461	11157462	1
6858305	6858306	2
4033929	4034316	2
2908949	2908950	1
10018015	10018016	4
10836742	10836280	2
8469329	8469330	1
3018177	8928622	2
6295261	6293539	1
2749398	2751211	1
1028367	1028368	1
10650253	10650254	2
6139592	6139591	6
6719966	6719954	2
5304051	5308077	2
6270546	6270543	1
9081400	9080671	3
12492894	12492865	2
5311676	5311338	2
6027738	6027723	6
1165250	1165249	2
10545817	10545818	1
7094213	7096405	2
1201210	1201209	5
2436691	2436692	3
7688452	7736816	1
949176	949175	2
1105094	1091385	1
10107031	10106782	2
1769312	1769311	1
12478936	12478935	2
5204446	5204445	1
10584699	10584700	3
229813	229814	1
7921367	7921368	2
6159175	6158831	1
10908072	10908071	5
5061244	5061243	1
9297359	9297360	1
8675445	8675440	1
6803386	6803385	5
10374425	10369466	2
5356002	5356010	1
7826831	7826826	1
353329	353330	1
1164569	1164600	2
782982	782989	1
4843626	4843625	2
611365	611366	2
5899907	6069242	1
816367	816368	2
11535548	11535547	2
2892587	2892588	2
2569939	2569940	1
10169501	10169502	2
3502002	3502001	2
3973189	3973190	1
9565420	9565425	1
9160978	9160977	3
7764075	7766747	1
5238619	5072697	4
10889749	10889750	1
6791000	6790653	1
7941229	7941232	3
8989514	8989511	3
6289724	6292745	5
2844637	2844638	3
9072612	3045108	1
224940	224937	2
1799421	1799422	3
8488216	8488215	4
6998001	6998002	1
63131	63132	2
10510908	10510907	6
8286277	8286278	1
6074658	6074657	3
10651995	10651998	4
4437163	4437063	1
7867977	7867980	1
10192498	10192497	1
481569	480446	1
675181	675182	2
3333168	3333167	2
12808857	12808858	2
6572347	9341738	1
8538516	8538223	3
6018059	6013238	3
927453	927454	2
8901471	8901472	1
5524585	5524586	1
2610215	2610146	2
12015592	12015591	3
10779581	10777874	2
9774558	9774553	2
9314000	9314154	1
7798992	7798989	2
11874609	11874590	2
3752889	3701423	3
228673	228674	1
3138921	3138922	1
3625976	3625975	2
8039486	8039489	2
11428975	11428976	1
11345189	11345190	1
2323345	2323346	1
3998004	3997922	1
6377894	6377885	1
2485620	2485619	1
5701301	5701302	2
10912100	10912120	2
1314001	1313993	1
6361218	6361217	2
3563944	3564730	1
4336724	4336911	2
3270135	3269857	2
1574410	1574409	1
12712836	12712835	1
8075929	8075930	1
8176114	8176109	1
1927950	1927949	2
7332242	7332241	3
3965866	3965865	3
1164546	1169812	1
10677347	10677387	1
11335263	11335264	4
8200540	8200539	2
2124537	2124538	1
5256443	5260038	3
7155576	7155575	4
8258802	8258801	1
4251504	4250084	1
6016269	6016388	2
7268295	6864870	1
6633963	6633966	1
1717438	1717437	2
6845635	6845636	1
12498683	12498684	1
1031860	1032652	2
252454	252453	2
4176596	4176595	1
11774382	11775493	1
3865307	3865312	2
1922437	1922438	9
8289404	8289430	2
12052802	12052801	4
692799	692900	1
2678883	2678884	1
754987	754988	2
11923212	11923211	2
4283055	4283056	1
4137209	2888082	4
8155033	8155034	1
8467772	8467769	1
10093933	10093934	1
972843	967238	1
11610328	11610022	1
5750338	5750831	7
1832553	1832554	4
9062436	9062435	2
6541971	6541972	5
7093042	7093041	1
8684573	8678910	4
4005262	4005261	1
7921367	8402941	1
10811749	10811750	3
8256588	8256587	2
12648085	12648970	2
646060	646059	1
8351343	8349879	3
1608769	6054879	1
1037311	1037312	1
1670205	1670106	1
5631055	5630494	1
11830524	11830514	1
10460329	10460332	1
7216648	7217031	2
8954350	8954349	3
506227	506228	2
8541015	8548235	2
5631170	5631169	5
4290695	27524	1
6461007	6461008	2
3760698	3760806	1
7269195	4745165	1
3525340	3527973	1
4417396	4417395	7
9042235	9044720	2
3883137	3883138	3
2923817	2952126	1
10360721	10360722	2
6599689	6599690	1
9168333	9168334	2
6619535	6619536	3
6635399	6635400	2
6549693	6549694	1
2136787	2136344	3
11567272	11567275	1
10398200	10398199	2
5419177	5419178	1
3113127	3113134	1
8004948	8004947	2
5202670	5196612	5
5544816	5544813	1
4072675	4072923	1
11196216	11196215	1
7625470	7625469	1
3784675	3770720	1
4432288	4433198	1
7383589	7383590	2
11605956	11605955	3
8508176	8504917	2
7375723	7375726	1
1552577	1553728	4
7340703	7340704	3
632329	630816	1
2310508	2310297	1
6687324	6687333	2
4220528	4220493	1
7295241	7295244	1
7216987	7216977	1
829923	826754	1
1285624	1285619	2
2280995	2281012	2
9253589	9253592	1
1635583	1635575	2
12539882	12539881	1
8477216	8476747	2
4825323	4825393	1
3963993	3963994	2
195549	195591	1
11483258	11483257	1
3467539	3467540	4
2103399	2103400	3
8168638	8168637	5
9109159	9109160	1
4314070	4314011	2
10075339	10023334	6
10108355	10108358	3
7437231	7437232	2
793623	793607	1
7763920	7763919	2
2654246	2654245	2
8224758	8224757	2
4613311	4613312	2
11576573	11592453	2
10037122	10034356	1
5761193	5761194	1
8993678	8993677	1
11502509	11502510	1
8969978	8969977	2
5181777	5181778	3
11131339	11131340	1
4577398	4576252	1
1007477	1007478	2
1615712	1615703	1
5378947	5378950	1
7002870	7002867	1
4822720	4822599	1
11692416	11692415	1
1086821	1086826	2
11585573	11585576	2
8412834	8412833	2
951812	951811	1
4491145	4491146	1
1011291	1011272	1
7917094	7916169	3
1431643	1431555	1
8867059	8867060	4
3583921	3583922	1
9512543	9512544	3
9378672	9376431	1
11688621	11688584	1
5635884	5635883	4
7458153	7458158	1
8711132	8711131	1
1218973	1218974	1
7821381	7821317	2
5761952	5761951	1
7606349	7606309	1
6103474	6103424	1
3374437	3374427	1
1767211	1767212	4
3280294	3280289	2
6655688	6655687	3
11245220	11245246	1
10375158	10375157	4
4288235	4288238	3
8752756	8752755	7
9069876	9069875	1
3192321	3191618	1
4072977	4072978	2
7522139	7521249	4
4917375	4917380	1
1117869	1117870	2
5778071	5777939	5
1662579	1666840	2
7531645	7531648	4
12203390	12203324	3
8598883	8598884	2
12512419	12512420	6
12522000	12522228	4
7943176	7943127	2
8045328	8045325	1
8983166	8983163	3
8612232	8612231	5
4794847	4794844	1
2847671	2847672	2
9336060	9336056	2
6793465	6789891	1
2541597	6121358	1
10801942	10801941	4
719665	729230	3
11718824	11718823	1
7705562	7705561	1
4662807	4662810	2
1391180	1203019	3
9656236	9656246	1
92653	92654	4
5364268	5210806	3
12501119	12501120	3
6342243	6342244	2
7246125	7246130	1
4704239	4702271	2
1566252	1566115	1
6176911	6176912	3
6509176	6509173	2
2379287	2379288	1
9164651	9164652	1
6155054	6155036	4
3087191	3087192	1
12600548	12599291	1
3311097	3311098	2
9639481	9639482	3
6149618	6149617	3
603965	12257603	1
2667035	2667036	1
6732064	6732063	2
6344211	6344214	3
4136754	4136753	2
9887165	9887166	1
655903	655904	2
12720247	12720248	1
11722299	11722242	1
10098949	10098952	2
10772576	10772575	1
6515891	6515892	1
11408136	11408116	1
3477963	2212674	1
696744	696743	1
12482243	12482244	2
8345455	8345446	1
706596	705081	1
12443803	12443626	2
5547553	5545769	3
5806718	5806715	1
9932322	1186723	1
11109849	11155221	2
3685893	3711050	1
12207695	12207696	1
4560680	4560691	3
171905	171906	1
4074529	4074704	1
10069811	10069812	2
2164171	2164172	2
9521125	9316668	2
10986013	10986014	5
10943234	10942677	1
5348006	5348003	1
3820381	3820402	5
3777418	3777373	3
2286699	2286696	2
8823226	8824702	1
2831825	1392985	1
10710871	10710872	1
6213456	6213459	1
6128678	6128677	2
2346630	2345744	4
8684528	8684527	2
10078676	10079430	2
3088256	3088253	2
7898850	7898846	1
5569392	5569391	3
4312787	4312788	1
23793	29441	1
4223854	7862638	1
6186069	6186070	2
3532475	3532476	6
7202051	7202041	5
8170430	8170433	1
9876193	9876196	3
6188434	6188433	4
326581	329563	1
9268268	9268267	1
3485785	3484687	1
9982870	9982878	6
7888103	7888104	3
8818213	8818216	1
1090131	1090138	1
11944561	11944564	6
1360322	1360331	1
11581085	11581088	1
7187038	7186629	2
6460961	6461099	1
10726833	10726834	1
10164037	10164023	4
6593382	6593463	3
6611183	3220863	1
4342903	4343194	1
12450355	12448887	4
9862541	9862542	1
8202884	8202881	2
7144720	7141591	10
5099426	5099425	1
11830515	11830525	1
7432175	7432176	2
6474895	6474793	2
10743898	10743897	4
626175	626176	2
7313773	7313774	1
9308556	9308555	2
9273810	9273809	4
728488	728487	2
7337586	7336267	1
1791258	1790956	3
9478809	9478810	2
2958148	2958147	1
4250200	4250182	7
4456226	5945062	5
8036726	8034333	1
602595	602468	2
2815531	2815549	2
263593	263594	2
9608948	4233013	4
284894	284878	2
9583556	9583555	3
9773062	9773065	1
12601039	12601040	1
2908626	2908625	3
5805557	5805558	1
504017	504018	3
12131953	12131954	2
6742914	6742913	4
10778139	10777879	1
4675981	4676103	2
8793569	8793570	1
9293357	9293358	2
956894	956893	3
6011519	8296090	1
8207952	8207951	3
10022168	10022167	1
2437845	2437848	1
2399312	2439746	5
7590101	7590003	1
7445237	7445238	1
10535436	10535466	1
8782460	8782459	5
4981678	5204131	2
4193185	4193188	7
7876774	12679354	2
5419915	5419965	2
6055010	6055009	2
2750702	2750707	1
1287842	3889876	1
2885379	2885380	1
1469326	1469335	1
11669376	11669375	1
4623706	4623705	1
9571702	9571701	3
10627091	10627092	1
9058728	9058727	2
8743239	8743240	1
11582727	11582728	1
4074132	4074131	4
2058740	2058760	1
5338399	3718763	1
10095541	10093064	3
9497911	9231691	3
11747075	11747076	1
853860	859274	1
8452070	8452079	1
12557930	12557906	1
7959395	7959396	2
8090534	8090541	1
6585012	6584722	1
2827245	2827237	2
2836947	2836948	1
382815	382955	1
10272681	10272684	3
3241565	3241566	2
7135069	7135065	1
1585112	1585111	6
4163871	4160123	1
2127128	2127127	1
4208492	4208491	2
973320	973272	1
825049	825050	1
10273567	10273568	1
9843262	9843261	1
760799	760800	5
2427201	2427204	1
1650546	1650447	2
12235689	12235690	1
8680201	8680204	2
6097547	6097548	1
7708521	7708522	1
5982841	5982842	1
12276703	12276706	1
1390395	1389323	1
1984975	1984976	3
3962419	3962420	1
7795020	7795015	1
8432116	8432115	5
7578318	7578317	2
12162631	12174581	1
3155629	3155521	2
10799896	10799895	9
3358364	3358363	2
7020164	7020163	4
8704965	8704966	3
2240202	2240173	3
8472379	8472380	2
2032800	2032799	1
405267	453164	2
5993234	5993233	2
9342885	9342886	1
8956632	8956631	2
610430	610429	1
816504	816501	2
11618961	11619615	3
5784697	5784652	2
3987018	3987017	2
7286913	7286914	1
11748400	6362413	1
7308124	7308196	2
1661402	1455545	1
10507675	10507676	1
8358316	8358315	2
8710548	8710547	6
5400353	5400354	2
3192536	3192535	3
703029	703030	1
3892372	6032718	1
1018145	1018146	1
8454660	8454659	1
5237521	5237522	4
5574670	5574668	1
838472	838431	2
5365332	5365331	2
2708546	2708545	1
4247799	4247800	1
2562648	2562647	4
8071707	8071708	1
7587140	7587139	2
7243088	4085639	1
2497418	2497371	2
3531405	3531406	1
1515275	1515262	1
9602298	9602295	1
253430	35411	1
7945316	7945315	1
7181162	7181180	1
6969949	6966623	1
7739302	7739301	1
6987463	6987466	1
3511957	3511557	2
7580638	7580635	1
9099974	9099973	1
3643016	3642926	2
342843	342846	2
3555601	3555490	1
11384733	3252009	2
7226195	7226739	1
2817461	2817462	1
1405154	1398954	3
928089	1400463	3
2800580	2800579	4
4456065	4454670	2
3266937	3266938	3
839711	839712	1
7394802	7394801	4
1726335	1726338	2
6454602	6454662	1
4819683	7672351	1
11345209	11345210	3
12763575	12763497	1
12014546	6311843	1
7488287	7488284	3
10017009	10017747	2
3474027	3473928	1
7695875	7695956	2
3624552	3624549	1
12273436	12272039	3
7094138	7094137	3
827417	833063	2
11702603	11702604	2
9317777	9237777	2
5400145	5400146	1
1028365	1028366	2
6044494	6044493	1
2847351	2847345	1
731154	731132	4
2486168	2486167	5
12196809	12196810	3
4426413	4426414	3
3268085	3268443	4
3855062	3855238	1
5202759	5202760	1
11405441	11405442	2
7475916	7475915	1
1803809	1804712	5
7297432	7297431	1
6750361	6750362	2
5607734	5607733	3
4306072	4306071	1
10978580	10978579	2
9059749	9059750	1
2818100	2818166	1
3208769	3208802	5
4957821	4957822	4
7183320	7187110	3
4703307	4704194	1
11704662	11704661	1
855276	856694	3
3688826	3688780	2
6693361	6693372	2
6199314	6199306	1
795226	795225	4
3122582	3121651	1
8289578	8289577	1
5299159	5299160	1
1191460	1189523	1
1915251	1915653	4
11275551	11275384	1
4377324	4377792	1
10418644	10418643	3
623863	623864	1
3095578	3095657	4
8517993	8517994	1
272310	272296	5
10959171	10959227	1
2828155	2828113	3
11096282	11096281	4
7317513	7317514	2
3990302	3990301	5
11850649	11850650	2
4492099	4492100	3
205850	3021318	1
4751315	4751316	2
2907504	4161529	1
5977166	5973841	2
12177877	12177878	5
7792331	7792332	1
4605431	4600243	3
10278594	10278589	1
1711917	1711918	5
7767204	7767201	1
1746364	1749699	2
4992386	4992383	3
7929728	7929645	1
4753559	4753560	5
346816	346859	1
4176600	4176599	2
11607362	1653640	2
2313474	2447734	1
6980975	6978548	4
2162062	2162061	2
6810997	6810998	4
2848106	2848105	1
2557948	2570223	1
11878119	11877549	3
11579193	11579196	1
3678785	3678786	1
4663098	4663921	1
2314092	2314091	1
7859740	7859739	1
2324125	2324128	2
169035	169036	3
11037858	11037857	1
4220875	4220876	2
9712958	9712974	2
9022979	8110921	1
9459391	9459392	1
11158599	11158573	2
5398612	5400144	1
3792942	3792941	1
3786196	3787283	2
12291763	12291764	1
9571539	9571620	1
740092	740131	3
12450444	12450443	1
2664190	2664189	2
1938413	1938414	4
391211	391212	2
7094309	6185312	2
486059	486062	1
3583673	3583674	1
7985785	7985786	3
6687428	6687425	4
1154317	1151302	3
3378954	3378951	5
12161458	12161782	5
3017953	3017954	6
11700305	11700360	2
5666755	5666756	1
9380426	9380419	1
7141878	7141877	2
6768232	6768229	2
11287541	11288346	2
11144268	11144079	5
4004078	4004075	1
867780	867779	1
9893312	9893307	1
10285777	10285778	2
8767365	8767366	2
3418151	3418152	3
1950455	1950456	3
1185362	1185361	1
8893118	8893087	3
882384	882540	1
6776604	6776603	2
5601815	5601869	2
1464924	1464923	1
307120	307119	7
3068933	3068934	6
5194552	5194551	2
1332753	687524	2
10529314	10529313	3
9704605	9703629	1
9263533	9263464	1
12232686	12232685	4
10106995	10106996	3
10260379	10260380	2
9714500	9714499	4
6486545	6486540	3
12143161	12144953	1
4640269	4640270	4
9787339	9787340	1
10500757	10500758	1
7275858	7273975	1
1536309	1536310	3
5501270	3314567	1
11774144	11774143	1
2655436	2655435	1
3251419	3251420	1
10141678	10140979	3
3212520	7492789	1
3692917	3692918	2
12681263	12681163	1
10009453	10009454	3
9291324	9291323	2
4006083	4023362	1
9598251	9598252	2
8708220	8708219	7
459242	459201	1
3198998	3198997	1
5882045	9805325	1
10930038	10930762	1
6433507	6433508	4
1171276	1171828	1
5676762	5676761	7
8956218	8956255	1
1237723	1238031	1
7402284	7402022	2
1582634	1582633	4
6587212	6584766	1
6135083	6135052	3
1516100	1516105	1
12533024	12533023	2
5850440	5850439	1
1070984	1070983	2
8916915	8916917	1
6431573	6431759	1
9924994	9924993	2
9900054	9899007	3
6211666	6211665	4
6650301	6650302	4
12387346	12387345	3
11374875	11377023	1
1307612	1307611	1
12450936	8904139	1
4737883	4738077	1
9477016	9477019	1
8633334	9172075	2
11895790	11895789	1
760801	760804	1
5995868	5995867	2
7929137	7929138	1
7056430	7056427	4
1046842	9842922	5
1518472	1518471	1
3243064	3243063	2
10283046	10283598	1
10519696	10519695	2
533532	533905	1
12328513	12328514	1
5886278	5886277	4
2477941	2477937	4
4994014	4994013	4
10964906	10964905	1
8326054	8324603	2
8003759	8003760	1
2864107	2864108	3
9236780	9236779	1
10327060	10327203	2
6299195	6299198	2
5486731	5486732	2
5762456	5759404	1
10909787	10909788	1
1443473	1443327	1
5573824	5571641	2
2079025	2079026	3
5137056	5132187	2
1165309	1165310	1
9320790	9320789	7
7562450	7562449	1
2860543	8893732	8
1907310	1907365	2
2405390	2405389	3
6377896	6377895	2
10990899	10991127	6
4852685	4852686	2
971763	971764	2
4186616	4187190	3
9995318	9995315	2
8153376	8153375	2
3173171	10122926	1
3511815	3511812	3
11637758	11637755	1
6036705	6036249	3
53686	53685	1
6499306	6499303	2
11934853	11934854	2
7418627	7417387	1
3394117	3394118	1
9137819	9137820	2
4360918	4361087	2
6953467	6953468	2
11679125	11679128	8
10074770	10074769	1
12343525	12299171	1
2510287	2510406	2
1274139	1274140	1
10436255	10436256	2
6515360	3989715	3
1919956	1919953	2
6729471	6729472	5
4156107	4156110	2
6523971	6523974	4
4739769	5927534	1
5734648	5734647	1
1334523	1334526	1
8214977	8215028	5
10091742	10091741	2
7744369	7228376	1
9834379	9834380	3
11239770	11239815	2
11006317	11006288	1
9354810	9354145	1
5238077	5238078	1
7877687	7877688	1
10094392	10094391	2
5713307	5713308	1
576703	576704	1
8259122	8259121	6
11725592	11725591	2
11877707	11877712	1
11013148	11011498	2
6138165	8166742	3
1081762	1081761	1
4671530	4671529	2
1882705	1882708	1
4348933	4348934	3
12438085	12438086	1
10876593	10876594	6
11728059	5600431	1
5526276	5526275	3
11262199	11262175	1
7419285	7419409	4
8473487	8368113	2
3675939	3675933	1
2347414	2347413	1
6293245	6293258	4
2246042	2246041	2
8248824	8248823	3
4227539	4223340	1
4648107	4648110	2
8099872	8099869	2
11156017	11156018	2
6793110	6793139	3
2548818	10518567	2
2902938	2902937	2
346097	346100	1
3466745	3526367	3
12573213	12573085	2
3794580	3794164	4
961929	961930	2
9758563	1601650	1
2751240	2751239	2
9351544	9351543	1
4020508	4019730	4
1133158	1133157	2
971384	6941345	2
12719679	12719646	2
390076	393164	1
2371215	2371216	1
284802	284864	3
6324230	6324229	1
12246168	12246075	3
8256159	8256156	2
9112064	9112063	1
9344043	9344065	3
4067369	4067372	1
8277247	8277252	1
270207	270223	2
3854568	3854567	2
5655620	5655619	1
4105121	4105122	2
2322519	2322520	3
9186132	9186131	3
5936927	5936928	2
5968052	5968051	1
3192599	3192600	4
11469261	11471526	1
9079781	9079782	1
461529	461532	1
4657080	4657079	1
11542277	11542428	2
7056074	7056073	3
10811997	10821042	1
8041147	8041148	5
7593559	7593560	2
11816072	11816071	2
6600771	6600772	2
3373374	3373405	1
3910965	3910966	3
9293883	8693926	6
8787940	2127818	3
5878325	5878326	2
6080757	6080758	3
11677768	11677767	2
3675852	3799204	5
1384691	1384692	2
4387825	4387826	2
6035337	6037260	4
10454485	10454486	3
9467591	9467592	1
12547895	12547896	3
2323500	2323483	1
4428683	4428684	1
4514147	3384180	1
1253121	1253122	3
10584772	10584943	1
2189855	2189858	1
2631356	2637504	6
7631945	7632164	2
5590946	5591412	2
8745436	9821069	1
6601196	6601195	4
6841827	6841828	1
7647559	7647535	1
250843	250946	1
2731427	2731428	1
5260118	5258685	1
9986760	9987180	3
7578314	7582803	2
6145022	6143864	2
9176414	9176413	1
6505770	6505769	5
5352167	5352168	2
11598197	11598198	1
8172620	8172617	1
304893	318772	2
6736023	6736024	2
6211145	6211192	1
11620373	11620377	3
3308158	3308157	2
2506143	2506136	3
5554258	5554257	2
3455410	3455409	4
11303791	11303942	3
2020700	10772992	1
10465861	10465862	1
1141659	1141662	3
7965315	7965316	1
10630170	10532557	3
7150116	4428191	2
3553325	3553326	5
5580663	5580675	2
6498834	6498285	2
11013572	11011662	1
10744699	10744821	4
10296017	10296715	1
10630801	10620792	2
7934354	7934370	1
11793040	11793039	3
1431785	1431786	3
12805898	12809983	1
5704743	5704744	1
1292255	1292256	2
6368024	6368021	1
2033007	2032799	4
5870264	7257443	1
5906078	5906077	1
1404830	1404829	6
7401727	7401794	1
2599299	2599300	2
1602132	1602029	3
1241550	1241547	2
2541175	2541176	3
8093884	8093883	4
2242826	2242825	4
1561977	1561978	1
5011723	7203500	1
6203444	6203219	1
11585573	11585574	3
1482161	1479943	2
6473321	6473324	1
11871602	11871601	2
9422043	9422044	1
6818285	7738525	2
12555236	12555235	1
11586996	11586995	1
7993359	7993360	4
1318828	1315797	1
6469044	6469043	1
11242971	11242972	3
913313	911667	1
6417333	6417334	2
12296611	12296612	6
4362411	4362412	2
424045	424046	4
3992539	3992542	1
3580171	3580331	1
3479464	3479466	2
9347018	9347017	2
3936624	3936623	1
11156589	11156455	1
9543525	9543526	4
1724884	1724879	1
1778632	1778627	1
10203166	10203165	1
7474393	7474462	2
6909469	6909470	1
11555417	11555411	3
1186669	1186670	2
9680028	9679620	1
5442278	5442215	1
5495833	5495820	1
11104970	11104626	2
10750409	10750410	1
376181	445913	1
3582732	3582731	2
3979226	3979225	1
2570793	2570794	4
6985787	6985788	3
7595287	7595288	1
5410599	5410602	1
5595978	5595977	2
6363780	6363779	4
213184	212226	1
11608111	11650484	1
7197972	7197969	1
12403005	12414779	1
11090532	11090529	2
6253529	6253530	2
6959567	6959568	3
7839715	7839716	1
7934409	7599611	1
6519463	6519464	1
3132642	3132662	2
2229277	8973625	1
8679695	8679696	1
11594305	7397140	1
12303157	12303158	2
8277212	8277191	3
12129006	12129005	2
3890560	3890559	4
10484485	10484479	5
3303089	3303052	1
9697397	9697398	2
9947049	9947050	1
6492256	6492255	3
10853116	10853115	2
8636743	8636744	2
996580	996579	2
6052859	6052860	3
7220191	7220192	1
6120687	6121671	2
2753837	2753838	1
7204491	7204494	1
1681372	1682306	1
1776357	1776358	3
6033110	6033109	1
2818331	2818334	2
4557719	4557720	2
4013379	4013380	1
6777908	6777907	2
10093894	10098501	3
8442781	8377917	2
3212520	3212519	5
5111942	5111941	2
778765	778766	1
9265329	11061879	1
4109581	4738571	1
9750019	9750020	2
8262361	8262362	2
5332981	5332974	2
7459151	7459305	1
3012940	3012939	3
11108818	11108597	1
6013239	6013240	2
11775972	11775490	3
8963324	8963321	1
4804876	4804102	3
6987465	6987466	3
6382135	6381955	2
3497944	3497494	1
780750	777476	2
6810509	6810510	3
8894838	8892862	1
9673547	9673548	9
8982999	8983000	1
8816931	10298727	1
4547680	4547657	1
2678385	2678386	2
12228341	12247544	5
2002457	2002458	3
514267	514268	2
8855060	8855057	1
8045936	8045679	1
5713520	5713519	3
8634159	9186565	3
7548471	7548472	3
8766795	8766798	1
8088558	8088557	2
3076803	3075685	2
8430813	8430814	5
1905013	1905014	1
2641624	2641644	1
5861461	5861462	2
10981632	10981631	2
1418970	1418969	2
10313725	10313726	2
5048754	5042983	1
766416	766395	1
6720434	6719298	1
6901502	6901517	3
10443522	10443521	4
5748228	5748227	2
9743205	9743022	3
4595504	4720198	1
10763556	10763553	2
1628929	1630017	6
10682971	10684539	2
1757040	1757039	1
7226334	7226316	1
8798998	8798997	3
7409830	7409829	2
9333446	10228934	2
3732080	3732482	1
9919893	9919894	3
1659649	1659652	1
8024214	8019405	1
1922911	1922872	2
11654096	11654793	2
9818190	9818187	1
8177518	8177517	2
7276049	7276050	1
781503	3362265	1
10275166	10285627	4
12425801	12425802	1
9481259	9481262	1
9050655	9050656	1
4121640	4121639	1
2245092	2245091	1
11942492	11942491	1
6356411	6356412	1
7383228	7204844	2
8777262	8777261	2
4051230	4051167	2
4347685	4347686	2
6148036	6148035	3
5271337	3874477	1
11429534	11429533	5
8218023	8218024	1
9076039	9076040	1
12485112	12485111	3
6422714	6422713	1
4199192	4199191	2
2437847	2437848	4
659943	659944	1
12252374	12252373	1
3024147	3024148	2
9360877	9360878	1
6431455	6451711	1
2176960	2176957	2
6722454	6722451	1
2506141	2506138	1
372382	372874	1
9877581	9877582	1
6871056	6871055	2
2548818	10518569	2
10524103	10524104	4
8905331	8905332	1
414924	414923	1
9251586	9251583	4
7306904	7306928	1
11822111	11822261	1
817993	817994	2
6241909	6241916	1
737455	6194	1
5602232	5599629	1
755616	755615	2
6819253	6819256	2
11797536	11797201	2
6866591	6866594	1
2031464	2031463	6
7172893	7172894	3
7446293	7446294	1
7899659	7901666	5
8796501	8796514	1
6567941	6567957	2
4374728	4374727	2
7988216	7988140	5
3195550	3248694	5
7319514	7320867	1
8608746	8608745	7
9604669	9604670	1
9136666	11157755	3
8689448	8689447	2
8679691	8679696	2
5097428	5097443	1
7922617	7922614	1
4342592	4342591	1
10794052	10794051	1
2107637	2107673	1
7016734	7023517	4
3018332	3023851	2
10603161	10602937	3
7383510	7383490	1
4749776	4749775	1
426785	426786	1
4702791	4702794	1
9600514	9600513	1
954132	954131	1
8045479	8045480	1
1087756	1087755	2
7726756	9518184	1
10905316	10905313	1
9582341	4747338	1
9886614	9886613	3
2690295	2690348	3
3469030	3467553	3
648299	648300	1
5042245	5042246	3
4751315	4751318	1
6497907	6497908	2
12045714	12045628	5
11817159	11817160	2
11220022	5829394	1
11440872	11440871	4
11222907	11222908	3
3039378	3039535	1
12425799	12425800	1
8394767	403188	2
7967328	7967327	3
6366003	6366062	2
5918141	5918135	1
8963324	8963323	2
6148024	6148023	2
5782810	5782809	4
12671314	7629691	1
264921	264922	1
8819589	8819590	3
1117870	1115906	1
7432171	7432172	4
3545555	3545556	1
5255334	5255333	1
12142327	12142328	1
4811549	4811550	1
9504875	9504876	2
10176272	10178467	1
4540794	4540887	7
7290530	6210915	1
6662277	6662278	6
8392560	8392559	3
972851	967238	1
4301218	4301217	1
5612326	7303270	1
1450525	1450530	2
904208	904207	1
5120672	5120379	1
5762109	5762112	2
3289586	3289585	2
6045288	6045099	1
11671025	11671285	1
11795642	11795641	2
6311563	6311564	4
5835918	5833202	3
1133698	1133239	2
647392	647391	1
6035862	6035655	4
968994	971824	1
8882851	8882837	1
3882596	3882599	1
9348181	9348182	2
12158456	12158455	5
626417	1363663	1
11297345	4837750	1
11940248	11940247	1
6093310	6093305	1
7381527	7381530	2
5770626	5770575	9
2057553	2057556	1
1765732	1759659	1
7831866	7831863	1
5635849	5635850	2
286793	286794	2
1140274	1228805	1
11815757	11815758	1
5592060	5592816	1
10262550	10262492	1
6560156	6703577	1
6521355	6521356	3
8351258	8351255	3
2943779	11494341	1
8044362	8044361	6
11800612	11799097	1
4181522	4181521	2
11906305	11906306	1
2923815	2923816	2
6750858	6750720	11
1550717	6790316	3
1850102	1850101	1
4557717	4557718	3
7737993	7738452	3
6656027	6655825	2
8483769	8483770	1
7867977	7867978	2
1363398	1390161	1
7682457	7682460	4
8637437	8637047	1
6002657	6002668	1
8420583	8420584	3
8156459	8156460	3
10894200	10895573	2
1317347	1317350	1
10986071	10986072	3
10472156	10472155	1
4362755	4362756	1
4528721	4528722	1
7793528	7793525	2
9129037	9129040	2
3926613	3926618	1
48472	48471	1
3544791	3544786	2
4568893	4568894	1
5797429	5797430	1
6750860	6750720	3
2923817	2923818	1
7239244	7239243	2
2442817	2442783	1
11975141	12184084	1
7247603	7247604	2
5091806	5091682	2
1507256	1358909	3
3885416	3885406	1
5678412	5678415	1
7279129	7279335	1
8093778	8093723	5
874645	874646	1
12516411	12516414	5
4286966	4286965	7
11591243	11591244	1
5473591	5473592	2
7819297	7819298	8
8174478	8174477	6
8063793	8063662	2
11662235	11662236	5
5594514	5594823	3
7206198	7206201	2
10079427	10079428	4
7535673	7531947	2
6514206	6514441	2
11943460	6593277	1
11939596	11940723	5
3116858	3116857	1
4211681	4211684	2
2653103	2669457	1
11477499	11477502	1
10557937	10557953	1
409127	409128	3
10339603	10339604	1
11220022	10624197	1
6509176	6509175	5
3544989	3544992	1
4120709	4121687	2
6495697	6495698	3
11842719	11842720	5
1829821	1828856	5
8016434	8017754	1
6483167	6483168	1
6670663	6674887	2
5768399	5768452	1
4203371	4203384	3
12442850	12442849	1
8376280	8376279	3
10986741	10986761	2
10679745	10679748	3
2378138	2378137	3
3325793	3325794	1
2221501	2221504	1
6288762	6288761	1
4706209	4706587	2
12495970	12495896	3
6600315	6600316	9
6873408	6873407	1
11889824	11889823	1
5321445	5321446	2
11252338	11265885	3
5156973	5156974	2
431037	431040	6
10673991	10674048	3
1313405	1313434	1
10195634	10195937	1
2964504	2964479	1
11850910	11851188	2
1563613	1563614	3
7905470	7905168	2
10342916	10342915	3
6832781	6832782	1
7725121	7725122	3
10585632	10585631	1
3972359	3972240	1
3935210	4068409	2
6180368	6180377	3
9854559	9854382	6
11690413	11690414	9
7142786	7142785	1
10193297	10193298	2
11187669	11187680	1
5487889	5487890	2
2849737	2849742	1
2526623	2526612	3
11719339	11719340	1
998790	998839	1
11496402	11496401	1
11672662	11669023	1
3340505	3340561	3
5272042	5272064	3
8978588	6447509	1
8521512	8521511	2
3451242	3451241	3
5948920	5986461	2
990116	990136	1
3745455	3745456	1
7070443	7070444	2
5768449	5768450	1
4853575	4853546	3
1453895	1453973	2
6022483	6024138	1
5513486	5513485	3
12434759	12434744	1
2768910	2768909	1
1292411	1292412	1
12723884	12723883	1
4935795	4935796	2
1878999	1879000	1
5726977	5727042	2
5758866	5758861	1
970892	970880	4
9853269	9853270	1
1673971	1673972	3
1693144	1693143	2
6833524	6833523	2
71879	71880	1
1828782	1828697	3
6159780	974983	1
1229551	1229552	1
1454836	1454835	1
11614661	11614432	5
11760282	11760281	7
3062399	3062402	1
11871600	11871599	2
11475713	11475714	1
3732587	3731763	1
10761060	10761057	1
7770329	7770332	5
7854973	7854974	1
12325026	12325024	2
11023581	11023311	1
12053676	12053675	4
3075543	3075549	2
1579404	1579403	1
6523971	6523972	3
3322129	9824938	1
8305784	8307182	1
7292981	7292982	3
8372899	8372900	1
9278536	10018016	1
7557052	7557049	1
8708409	8708410	2
11073696	11080784	3
6806326	6805664	6
2349216	2350740	3
9172344	9172343	1
9957127	9957130	1
584108	593124	3
10442480	10442479	3
3871757	3871758	4
4560531	4559365	1
4690771	598327	1
10684538	10684535	1
8615417	8615418	1
4007455	4007456	2
1058573	1058574	1
7849247	7849248	1
9743511	9743512	1
10376607	10376608	1
5606884	5608411	3
2735414	2735413	3
11872906	11872905	5
8103539	8103540	3
11992153	11992154	1
10156486	10156485	1
2895341	2895342	1
7207586	7207585	1
12368575	12368625	1
5675095	5675096	2
74543	3562679	1
11321073	11321074	1
11007398	11007397	2
8658097	8683421	1
6190536	6190533	1
6161524	1733636	1
8780711	8780712	2
226484	227620	2
4689157	4689160	7
991169	992577	2
11187584	11187583	1
11616362	11616361	1
7309042	7309041	1
4467266	4467865	1
5556712	5556882	2
10027331	10027379	1
8205960	8205959	3
8633045	8633769	2
1256567	1256568	3
2555760	2541726	1
687624	685768	1
12288902	12288901	1
115218	10331193	1
3611458	3607699	2
941095	941033	2
3294738	3294737	1
12425449	12425450	11
12243158	12252268	3
16238	16237	3
10296958	10296957	1
9175885	9175829	2
11748659	11748610	1
11180932	11180931	2
8186670	8186669	4
8326054	8326053	3
12431068	4437573	1
4935797	4935800	1
6545578	6543020	6
4939750	8432238	1
9307804	9308934	2
757063	757064	3
1706759	11618987	1
10832271	10832272	3
6023642	6023639	2
4990809	4990810	3
5873594	5873593	4
7882349	4529515	2
9791288	9791218	3
9877194	9876784	1
749111	748975	1
8761070	8761069	1
1092544	1094292	1
7425739	7426260	1
12773513	12773514	3
10220354	10220595	1
12291063	12291064	1
2410423	2410534	3
9962368	9962365	4
3769349	3769363	2
5494115	5494116	2
77580	77577	1
1262019	1261583	1
2928280	2928292	3
968734	967380	1
4407255	7121927	4
2920475	2920476	3
1910949	1910906	1
2355357	2355347	5
589146	589145	3
12524921	12526144	2
7359791	7359947	2
3814809	3814810	1
7458763	7458873	2
990650	990649	1
12544190	12544189	1
7346835	7345367	2
8472448	8472614	2
5372381	5372382	2
4052194	4052266	1
4084526	4084525	3
10233094	10233091	2
11623281	11623282	1
4367230	4367229	2
5128268	5128263	1
10504486	10504485	1
7631172	7631171	2
4316226	4316217	1
2149781	2149782	1
10887055	10887056	1
1681117	1683727	1
9277423	9277424	2
7541350	7541671	3
988715	988716	1
10970723	10970724	2
10770288	10770287	1
2123769	2123770	1
4081489	4081492	1
1082164	1082145	1
9007519	9007522	1
2774406	2774405	3
6640030	6640029	1
2329210	2329207	1
10487383	10487384	1
6012479	7542656	1
3729182	3729181	2
8002226	137913	1
7421010	7421013	1
559556	559482	1
3637555	3637556	3
1602733	1599197	1
4637334	4637333	1
11244629	11244630	1
8196687	8197814	2
4153159	4153143	3
9758529	4236870	1
6185897	6185898	1
8379769	8378298	1
2705494	2705407	2
10688756	10688755	2
1464278	1462996	2
1135442	1135441	3
5390266	5390265	1
7967017	7967020	1
1460782	1569378	1
6139608	6139607	9
2546113	10515435	2
2101135	2101136	2
8401546	8401526	4
665185	665186	4
8601468	8601467	5
2343693	2343698	2
1256567	1256570	1
6206973	6206974	1
3450054	3448617	1
10229664	10230897	3
1398728	1398727	2
7849636	7849919	1
4652102	7267025	1
4103447	4104571	1
7117224	7117223	1
6104204	6104168	1
3407575	3407576	2
8753650	8753647	1
3397214	3397217	1
3462098	3462085	1
5526280	5526275	1
2363587	2363617	2
5427421	5427422	2
654338	654313	2
12774207	12774208	1
10860195	10860196	2
11877709	11877712	2
8194181	8194182	4
8742911	8742912	4
4873913	4873914	1
10219028	10219040	3
11535976	10512634	1
2569959	2569211	2
6541973	10441864	4
3649107	3651260	1
5968921	5967669	2
8811214	8811213	3
7422923	7422966	2
1207616	1208118	2
1784251	1784252	4
3822365	3822366	2
2570770	2570961	2
7677385	7677386	1
11041781	11041795	3
4477615	8282338	1
7550123	7550124	3
2614635	2499510	1
10121961	3155921	2
1240687	1241130	1
11079867	11079870	1
8072407	8072469	2
5336938	5336937	1
11743778	11743777	1
3198604	3198566	1
1996504	1992273	1
8672739	8671977	4
9773860	6044385	3
1528697	1528698	1
11502434	11502406	1
12196930	12196929	1
458624	10154557	1
4627600	4627599	2
11480155	11480156	1
8045547	8045548	1
8809020	8809019	1
5693987	5693972	2
2111780	2111777	2
10139378	10139381	1
2526621	2526622	5
8477339	8294237	4
794928	794927	2
4809052	4809049	2
12248585	12248586	1
1228942	1228941	1
11878047	11878052	1
10999860	10999857	7
8450531	8447420	3
8949946	8950040	2
3143132	3143131	2
6035043	6035044	1
10043717	10044171	1
6121416	6121222	1
400295	400298	3
3391693	3391352	2
8050537	8052633	4
10813081	10813084	1
6483074	6483073	2
104971	104998	3
6403608	6403607	2
5628473	5628476	1
10743243	10743244	4
5740617	5723962	5
3828355	3828356	1
4733343	4733344	7
5676031	5676173	1
6126276	6126275	2
1715660	1715659	1
6756719	6756720	1
8558245	7541682	1
2164171	2164027	1
8186566	8186563	1
8606991	8606992	2
854660	854659	2
5765861	5765862	2
5446114	5446416	2
6059038	6059037	1
9674109	9674110	2
10924807	10924808	4
224008	224015	1
2538888	2538887	1
3759259	3759260	1
7446345	11995221	1
11557916	11557915	3
10294337	10294344	1
560482	560481	3
3588140	3588139	1
7904000	7910262	1
2933911	2933912	1
11785190	11788550	1
2722111	2722112	1
6484737	6485092	3
11516235	11516507	2
5153042	5153041	1
1632253	1632254	1
6516432	6514584	2
3531612	3531611	4
4315716	4315715	7
5696763	5696764	2
11341441	11341444	1
597605	597608	1
10025617	10025618	1
1626313	1626314	2
5004113	5004114	1
5606884	5608413	2
268012	268011	3
303402	303076	3
9909972	9909969	3
3895026	3895025	5
4676104	4676103	1
8222886	8222885	2
4919568	4919567	2
12664014	12664013	1
10726750	10726749	3
3251152	3251339	4
3485479	3485480	3
6766306	6764787	1
1499120	1499135	1
6397525	6397444	5
1943951	1943952	3
11909134	11909133	1
10097376	10097375	4
10216867	10216868	5
9334446	9334443	1
2417281	2417282	2
224940	224939	2
3117327	3131492	1
9338585	9338586	5
2698305	2698306	2
8067050	8067049	1
12443576	12442870	2
9022429	9022430	3
1746096	1746136	1
4576513	4576516	2
5466484	5466483	2
3050504	3050503	1
1933771	11926784	1
11094919	11094920	2
5128011	5128000	1
2164173	2164025	2
7424228	7424103	2
666252	666404	3
404326	404338	1
5536409	5536392	3
7472968	7472964	1
11591243	11591246	1
10045120	10045117	1
1099483	1097932	3
4376324	4376327	1
10311769	10311789	1
3530096	11865426	1
1582642	1582641	3
1486879	1486858	1
2131160	2131127	2
2994979	2994997	1
11409484	11409471	5
2351853	2352154	2
1175163	1175158	2
8498366	8498365	2
11167741	11167742	5
2227517	238610	1
10067136	10067135	2
1905126	1905084	4
769028	3385995	1
5321155	5323263	1
9950044	9924092	2
8611533	8611534	2
3553631	3556389	3
7979795	7979796	2
2039419	2039498	3
6046471	6046472	2
9467589	9467590	3
2414053	2414054	2
10796665	10796691	1
637922	637921	3
7361631	7361632	1
11767871	11767926	1
5609308	5609307	2
7593732	7593729	1
1410137	1410159	1
706942	707092	2
5267977	5267986	1
5549280	5545429	1
261731	263731	2
3462657	3462658	2
11494340	2943778	1
11589097	11589101	3
3835185	3835186	3
11165662	11165529	2
1758057	1758058	3
10975209	10973838	3
10146649	9983721	1
8476475	8476476	4
3522134	3522220	1
1760088	1760087	1
11531394	11528649	2
1215027	1215030	2
3506474	3506404	1
228507	228959	2
2547864	2547863	1
11287541	3463935	1
5814221	5814222	1
1479933	1479934	1
5584767	5584768	1
7726756	7245815	1
8198126	8110921	3
10730699	10730700	5
6015359	6015360	1
4609380	4611501	1
6153328	6153403	3
12428394	12428393	5
792844	792843	3
1056385	1056386	4
450778	450777	2
8200427	8200428	1
6046982	6046981	3
8633035	8631435	5
3462223	3462197	1
3071629	3072075	2
7912032	7912043	2
8794980	8732573	3
752588	752587	2
10538399	10538336	1
5311615	5311685	1
5330711	5326346	1
8109653	8109895	1
4736097	4736098	1
7683646	7683645	2
801464	801470	2
10252385	10252386	2
8679149	8679150	2
3960342	3960341	2
6722765	6738352	2
2641913	2641914	2
1433415	1433396	1
5446418	5446417	4
5291137	5291138	2
9280965	9280993	2
1515277	1515262	4
7613229	7964040	4
5320954	5320953	1
2814027	2814028	2
4099686	4099754	4
5724774	5724773	2
10413392	10413391	1
2655100	2655099	1
5699199	8547867	1
5806722	5806719	1
1674705	1674706	2
8525490	8525455	1
9395538	9395535	1
204258	204257	1
7235204	7249103	2
4052658	4052663	1
7160216	7160215	3
6489018	6489017	1
4288239	4288240	3
10067134	10067133	2
1174825	1174815	5
10890997	10890998	1
8997924	8997918	2
2707575	2707580	1
3967970	3967965	1
11154849	11154850	1
27179	29048	1
8166039	8165268	1
8808158	8808157	2
2318102	2318099	2
5246210	5246209	1
2849113	2849114	1
773138	8382221	3
9495994	9495980	2
2267389	2267384	2
8017169	8017166	4
6806199	6806200	1
6100376	6100375	1
3068935	3068936	5
1091554	1090832	1
9139957	9139958	1
8680205	8680206	2
11425379	11425380	6
11251065	11251068	2
5055309	5056050	1
4005123	4005124	2
3687796	3687795	6
12788407	12788408	2
10712153	10712154	2
2511479	2508357	1
4209035	4209311	5
9275049	9275050	1
3728482	3728481	1
5656228	5656227	2
4258229	4258230	1
5579152	5579151	2
8831481	8831484	1
9516041	9516042	2
496600	496591	1
2662660	2662659	1
5964322	5963931	1
3693070	3693092	4
7719233	7719234	1
5410699	5410704	1
5495810	5495809	1
2887229	2887327	1
7293028	7292455	2
4219595	4218811	2
4068558	4076575	5
2108230	2108201	1
4377748	4377747	1
4090941	4090942	1
3651768	5415092	1
3284380	3284368	2
7481581	9247935	1
10522034	10522033	3
4658000	4657571	4
4787036	4787035	6
4823305	4823306	6
10195632	10195941	6
8041527	8041528	1
10983471	10983472	2
3597925	3597926	1
7117452	7117451	3
10080804	10080803	1
3399447	3399448	1
2962080	2962079	2
6441266	6441263	1
7821216	7821222	2
2627149	2627150	1
10073827	10074579	1
391387	385826	5
892259	9701566	1
3771045	3771052	2
5651167	5651170	2
1045774	1045773	1
3101142	3101135	1
3616003	3616010	1
8185160	8185159	3
9151857	1877752	3
9240279	9240288	2
6830396	6830395	5
245718	8696534	1
11903324	11903323	1
7932110	7932109	1
8110632	8110631	1
284874	284857	2
8378635	8378541	2
7168548	7168592	2
11981857	11981323	1
8084819	8084773	2
1552529	1552530	1
45589	45590	1
7152243	7152246	1
10075598	10075595	1
10289039	10289048	1
4955301	4955302	2
2312728	2312727	1
10825042	10825041	1
4089523	4090570	1
3834295	3834296	1
5936578	5936577	9
12541494	12539880	1
2440004	2440003	1
2230670	2227498	3
8419378	8419377	5
2313472	2447734	6
9469789	9469790	1
7871185	7871186	2
3068955	3068956	2
10687406	10688755	2
11004824	11004827	1
1987139	3876081	4
8176000	8176003	1
7284282	7284285	10
3127424	3127419	3
4959182	4957820	5
661585	661586	2
5485970	5485969	2
12186668	12186667	5
8942277	8942278	3
373966	369434	1
11294339	11294166	2
1770000	1769999	1
5068888	5094524	1
10836744	10836743	1
1004434	1004433	4
5445165	5445168	1
3672547	3672548	3
1586937	1586938	4
3656074	3656045	2
5702306	5702305	3
1377938	1377604	1
11452842	11452841	2
1750330	1750327	1
10074445	10074446	2
1829209	1829222	1
97838	97837	1
11544255	11544256	1
12231256	12227169	1
9021873	9021878	1
2446063	2446064	2
3704834	3704833	2
10917177	10918823	2
2459390	2459384	3
10491350	10491388	2
9278536	9278535	3
3520634	3520633	1
6949200	6949196	1
5755025	5755137	4
5130382	5130381	3
6131013	6131014	2
4713276	4713275	1
1277631	1277599	3
12477923	12477901	3
6192713	6192735	2
9912297	9912300	1
11586073	11450031	1
8582249	8582250	3
4519227	4519228	1
3485102	3484796	2
7441210	7441209	1
2370480	2369578	1
8780713	8780714	1
8508176	8504915	1
1666841	1666837	1
2151129	2151130	1
2207612	2207579	3
7733358	7733355	1
7446457	7446458	2
12532482	12531544	1
8404557	8404582	3
10221916	10221915	1
3094010	3093988	1
3923963	3920096	1
4018152	4018151	2
6094626	5962030	1
10700355	10700356	1
2294496	2294493	1
5631567	5633189	1
10500978	10500977	1
4259765	4259766	1
2364273	7128270	1
8796501	8796512	3
1761320	2447644	1
3394838	3394837	2
4262117	4262120	1
1831467	1831484	4
5661347	5661348	4
9243451	9243452	2
12516030	12337945	1
568989	568992	4
1769877	1769878	1
1435690	1435689	2
6314704	6314602	2
649415	649430	1
10350359	10350360	1
5215115	5215116	1
603135	7898272	1
1767213	1767214	2
8345551	8342889	2
10546291	10546305	1
2878849	2878850	1
4535075	4535076	1
12015448	12015447	4
320884	320881	2
1774183	1774184	3
5626760	5626644	1
12668702	12668709	1
11289237	11289238	2
8740211	8740173	3
10463530	10463529	1
6223349	6223342	1
9154237	9154252	1
11592066	11592065	4
10170699	10167235	1
9679621	9679622	1
12177968	12177982	5
1402209	1402210	4
10478004	10478003	1
10450119	10450136	1
8737383	8737358	1
10665376	10665375	1
1033275	1033218	1
11135254	11135279	1
5806722	5806717	2
12614816	12614815	1
11673921	11673879	1
10217945	9081025	1
6620060	6620059	2
3704776	10147762	1
6882203	6882234	1
11669341	11669324	1
2328795	2328796	2
6607138	6607137	3
5976543	5976434	1
7732095	7731703	1
8748361	8749042	3
9141972	9141194	2
1739062	1739061	4
9049234	9049233	3
7975740	7975760	2
2668922	2668921	3
8443106	8443105	2
7654729	7654732	3
3145050	3238323	4
5689307	5689308	1
9121019	9121046	2
225483	225484	1
68766	68763	1
7404664	7406518	2
8126214	8126213	1
8510237	8510238	2
1360203	1351059	1
5948925	5948923	1
680777	680778	2
3797140	3797139	4
2221505	2221499	2
11077446	11077437	2
1927712	46174	1
3527312	3527311	1
4189802	4189766	1
10782336	10782335	2
7242375	7242448	5
3506099	3506100	2
3308367	3308368	1
12618628	12619527	1
3875053	5233658	2
4444038	4444035	1
2246368	2250550	2
12688351	12688352	2
8397982	8884225	1
6418399	6418400	1
1240425	1240426	2
10294339	10294342	4
9421766	9421765	3
143063	142996	1
9497358	9497357	2
10594276	10594416	1
8294236	8294235	6
9750019	9750022	2
10041344	10041343	1
5518802	5518801	1
1498907	1498908	1
6412116	6412115	1
4367246	1560381	1
6049190	6050425	4
4399201	4399202	1
1137453	1137434	1
9347336	9347335	1
4218604	4221938	2
1746993	1746994	7
11825019	11825020	2
2574899	2574904	9
1589742	1589739	4
9973087	9973088	1
11457036	11457035	2
1535714	1535713	5
8170580	8170577	2
12464619	12464620	1
283817	283818	1
3995917	3995922	1
5531842	5532150	4
8425890	8425893	1
8581331	8581332	2
2920473	2920474	4
9342888	9342887	1
12515126	12515125	2
11191379	11191380	1
12251718	12251671	2
2699941	2699942	3
5968908	5968907	7
2352684	2352683	4
847962	847961	2
9231517	9231518	4
4032100	4032099	1
434220	434238	1
6501075	6501092	2
4534091	4698514	2
11159245	11159246	2
6909	6914	1
1401063	1401064	1
1927071	1927074	1
4027422	4029264	1
4724137	4724119	2
1409625	1409626	2
11797200	11797199	3
11847513	11847514	1
11569625	11569626	6
9989678	9989677	2
11373612	11377163	1
4350233	4350359	2
11414668	10387828	1
2460095	339109	1
5580132	5578561	1
11403659	11403660	1
7354272	7353417	4
5129522	5129521	5
8576227	8576228	2
4026413	4026416	2
9149802	10741212	1
4736720	4736717	3
5976433	5976434	2
9307222	9430944	7
4911454	4911453	2
4289180	4289179	1
2541021	2541022	2
10575359	10575360	3
8508201	8504944	1
3855060	3855780	2
4424787	4424821	1
3563946	3563945	1
4639439	4639444	1
693085	691774	1
4787797	4787800	2
936380	936338	1
824713	824714	2
11769539	11755670	2
8821999	8822000	2
10618299	10618852	2
9974054	9974051	2
9581259	9579012	3
3972357	3972358	2
6100281	6100282	1
9236244	9236231	1
1450531	1450523	1
12353934	12353933	1
2513105	2513108	1
11120235	11120238	1
4383434	4383422	3
9177402	9177401	4
5676015	5676016	2
7265694	7265693	2
8518038	8518035	1
5770628	5770627	7
10885474	10885473	1
6323513	6323514	1
10487834	10487829	2
7687883	7687900	1
1162167	1162168	2
5183999	5183085	3
282902	282901	1
5732423	5732424	1
9987055	9987056	1
658979	658982	1
8355616	10424504	6
6217866	6217678	2
11642600	11642597	1
7613224	7613223	1
6998596	6998589	1
5777057	5777151	1
7282713	7282714	1
1714117	1714118	3
1786306	1786305	2
5956728	5956759	3
9064383	9063089	2
4600369	4602276	1
1926754	1927441	2
11944559	11944564	1
10324703	10324236	2
10919955	10919956	2
9935236	2704142	1
2827243	2827237	2
1801430	11699315	1
4737719	4737720	4
219426	219425	1
811521	811522	3
10799894	10799891	2
4940075	4877342	1
3533455	3531937	2
1109932	1109929	4
12374155	12374156	1
1201675	1201841	1
8229379	8229382	1
1290530	1290423	1
10616882	10616854	1
3549081	3540930	1
7763066	7763065	1
10296994	10296957	2
4483784	4483781	1
7139398	7139395	1
3950830	3950673	2
11216373	11216374	3
7394816	7394815	1
4448071	4448072	2
1121830	1121980	2
2851314	2851068	1
2561006	2557859	5
8812763	10154937	1
5119202	5119201	1
12718866	12417745	5
4689636	4689635	2
7608206	7608205	1
775605	775606	1
11722473	11722474	3
3791550	3791553	1
8956115	175457	3
10296138	10296137	1
840044	840043	1
1723415	1723416	1
6198897	6198888	2
8708425	8708208	1
3757418	3757417	2
3760951	3759438	1
11471997	11471998	1
7824245	7824248	1
6611218	6611217	1
1611975	1611976	3
4251302	4251142	3
11669268	11669617	2
10948178	10949090	4
8672495	8672477	3
5694252	9360591	2
11672317	11672304	4
5314232	5314231	1
3768192	3768191	2
5946382	5946381	3
12343326	12343325	2
7974816	7973305	1
8298375	8298376	3
1723424	2435837	1
1098558	1096119	1
9705751	9705754	5
9941047	9925628	1
8020547	8020548	5
7830172	7830181	4
10323552	10323551	3
6159780	6159590	3
2318857	2318858	1
2010812	2010811	3
11149307	11150121	2
6199394	6199391	1
7232054	7232051	1
8870557	5548354	1
1801524	1801523	4
4153605	4153564	3
6966222	6966221	4
686573	659528	1
9316313	9316333	2
12246294	12246293	3
8320942	8320937	1
3231458	3232074	1
11828770	11829769	4
5278226	5278225	2
5202951	5202952	1
672978	672987	3
4049048	4049043	1
4308286	4308285	1
9363321	9252137	2
3903784	3526597	1
2746005	6573587	1
5651324	5695385	1
8254145	8466613	1
3477241	3477242	1
3244950	3244949	2
9954835	9954843	2
5311682	5311681	3
2620794	2620691	1
1312622	1312621	1
8557141	8557587	3
2795823	2785965	2
7091953	7091954	2
2816003	2817525	1
4749778	4749775	1
4747339	9582313	1
12366259	12366271	2
1432537	1432538	1
185208	185203	4
2888113	2888114	1
1550956	1550953	1
8428629	8428632	1
8705438	8705435	1
12549887	12549890	1
12548096	12548095	1
387227	387228	1
2032644	2032643	5
11965110	11965102	2
7788720	7789166	3
8105706	8105705	3
3604833	3604837	1
3577838	5057203	4
6988373	6988374	3
10709363	12780823	1
41162	123398	1
8155035	8155036	1
2287395	2287398	1
3623131	3623314	1
5896305	5896306	3
1029793	1029794	2
6903389	6903392	1
9617141	9617122	1
3208084	3208083	4
7973853	7974003	1
1389520	1389557	6
4550466	4550465	2
9817349	9816360	2
7969440	7969435	1
1592131	1592132	2
10146649	10146650	1
9521767	9521796	1
9811739	9812515	4
4256197	4256198	2
5053695	5052219	1
5578273	5578261	2
10731309	10731310	2
4875373	4875313	4
4984025	4982004	1
10414914	10414940	1
10903418	10919427	2
10476073	10476074	1
3352395	3352396	4
56652	56644	1
6310639	6316286	3
3200279	3200201	1
2347969	2352487	2
10881190	10881181	2
10487834	10487833	1
9901931	9904855	1
9887163	9887164	2
4307011	7155298	2
12425901	12425902	2
1141758	1141755	2
12204232	12204231	2
4069025	4069026	1
11466616	11482115	1
11461864	11461728	1
7112144	7112141	1
5594844	5594843	1
2548221	2548222	2
6480287	6480315	2
5750300	5656153	3
3859567	3859620	1
872473	874255	3
10110976	10110975	3
7830667	7830668	1
7878490	7878504	3
8198956	8198955	1
943488	942593	3
8532861	8532862	3
6582029	7862240	2
3418153	3418154	2
1711929	1711930	3
10907650	10907647	1
6019980	6019979	1
685369	685370	3
12231979	12231980	1
12352904	12352497	1
8166037	8166038	1
10503517	10503512	1
6426044	6424023	2
10993342	10993341	3
10680028	10680027	1
8408118	8408030	1
11358601	11351278	1
10121698	11126981	1
6495938	6495937	1
10475292	10475291	3
6337403	6337467	1
6146126	6146125	1
12606931	12606932	2
3048984	3048983	2
6123177	6123178	6
6161630	6161627	1
12779172	12778877	2
10456207	10456210	2
8602738	8602737	1
8683370	8683447	3
12448757	12448758	4
5737474	5737471	3
225779	225939	1
8747151	8789946	5
10979045	10979048	2
4100129	4098596	1
953771	953740	3
6903372	6905019	3
4506754	4715230	2
6322465	6322466	1
5324763	5324792	4
12000783	12000771	2
8370010	8370639	1
1188463	1188466	2
8848345	8865326	2
8864186	8864040	1
10010890	10010889	3
9484967	9487994	4
6886319	6886320	1
53042	53041	1
8374272	8374271	4
434220	434240	1
6990344	6985421	3
1407553	1409763	2
5735209	5735214	1
5439342	5442362	3
10970349	10970739	4
11256644	11256643	2
8372897	8372898	2
8006333	8006334	2
1571743	1571744	1
9650244	9650243	3
9674411	9674417	2
4017855	4017856	1
9851275	9850577	2
2677885	2677886	2
5543112	5543111	3
6358592	6358591	1
5816632	5816635	1
3716087	3716090	1
3971573	3971574	3
1029574	1026841	3
2549683	2549203	2
5195787	5195788	1
4598813	4599256	3
2687536	11314685	4
6956359	6956360	2
2921701	2981915	1
5528062	5531881	1
5655167	5655168	1
600172	600123	2
3112122	3112121	2
5311615	5311681	1
9714115	9714116	2
8792937	8792945	2
6574702	6574701	4
795604	795536	2
6873554	6873553	2
7064232	7064231	3
585671	585672	1
11235808	11235807	2
7562447	7562448	4
1041857	1041858	2
3007034	3007573	2
1044582	1049099	2
2089407	2089408	4
7432552	7432049	2
3373769	3373770	4
5214917	5214918	3
11423345	11423346	5
10062537	10062540	2
2011918	2011915	3
5473762	5473789	2
9513247	9513248	2
7378784	7378783	1
3563091	3563092	6
5530274	5528496	1
6726603	6729368	1
5275784	5275783	1
11081500	11081518	1
260637	260638	3
7656903	7656904	1
6450722	6450721	6
10099658	10099018	3
10203219	10203222	1
5266731	5268090	1
2246370	2250550	1
351012	351009	1
2376969	2376917	2
4354013	4354014	3
12757594	12757593	2
3001009	10845590	1
10087019	10087022	2
2322280	2322326	1
3686126	3686125	1
4675470	4787316	1
3934316	3934321	1
2384938	2384937	4
5519610	5517584	2
317044	317047	1
1635534	1635542	1
486059	486064	1
4371180	4371179	2
10665387	10665375	3
9449535	9449538	1
10836744	10836280	1
4131714	4131713	2
7333520	7333519	4
12226804	12226815	1
12675226	12675225	4
3207378	397442	1
11610897	11610898	1
11415616	11415615	5
5147006	5147005	3
3470685	3470686	4
8665821	8665824	1
3384085	3384082	1
11042413	11042414	2
4574178	4574177	1
1767215	1767216	1
6979361	6979721	1
11672315	7204720	1
5151056	5151055	2
2520983	2521003	1
4627604	11940867	1
1374331	1374282	1
10837131	10837120	3
1552555	1552531	2
4703307	4703308	1
3073816	3069563	1
6079853	6079064	3
173194	173193	1
8085472	8085471	2
758157	753168	2
12434857	12439205	1
1743922	1743921	8
935345	935346	2
1175295	1175296	3
1000164	1000476	1
9787278	9787275	5
4389146	4389145	1
6203016	6203004	4
9392891	9392892	4
6100573	6100548	1
7600407	7600437	2
1876835	1876836	1
10753677	10749346	2
5726967	5726968	1
3624573	3624576	2
6492217	6492078	1
190845	190846	1
7178630	7178625	1
11318428	11318382	2
9294261	9293590	1
5969472	5969475	1
5815495	5815909	1
5969330	5969329	2
9847103	1860098	3
11725235	11725195	2
8968458	8968457	2
3983532	3983531	2
7022651	7022634	1
11349614	11349617	1
3593496	3593495	2
5435288	5435287	1
1115468	7731244	1
10140646	10140645	3
4034625	4034626	2
8748905	8749432	2
2334014	2334011	2
3254497	3252426	2
3276502	3276499	1
1140202	1140201	2
5531765	5531766	2
1085991	7484933	1
6009697	6009700	1
9878872	9878869	1
6446280	6492365	3
7624242	7621931	1
2385434	2385433	3
10693233	10693234	1
1092970	1092969	1
8319953	8319956	2
995577	995519	1
10542764	10542763	1
7769322	7769317	1
787185	787465	1
2633266	2633304	1
1199323	1199324	2
441845	450189	4
7883129	7883132	1
11386512	11386543	3
8582357	8582358	1
9681533	9681534	2
11286479	11523811	1
5625485	7046078	3
1489999	1490000	1
8427796	8427769	1
342408	342403	2
8704961	8704964	2
9865491	9865503	2
12508092	12508091	3
5227697	5227694	2
1624359	1623920	3
7474729	7473124	1
3506476	3506475	1
5823861	5823841	1
9034002	9034005	1
8159686	8159685	4
1424148	1424169	3
9307806	9308934	1
4599395	4599396	1
8202094	993583	1
11427362	11427375	1
10376858	10377623	1
7403028	6100187	2
1086821	1086822	2
6054152	6052064	5
5828672	10752063	1
8876831	8876728	1
3974837	3974840	1
6806180	6806179	3
9135504	9135503	2
11722473	11722464	1
8098823	8099157	1
2164026	2164025	2
11774385	11774386	1
7454473	6324464	3
5658540	5658508	1
11725752	11725751	1
9980803	9981109	1
8535771	8535797	1
8895514	8897599	1
4148709	4148377	7
6030359	6032755	2
10386690	10385250	1
5892724	5892723	1
8186786	8186785	1
10760666	10759053	1
9069878	9069875	1
3710796	3769173	1
941109	941110	1
11785830	11785817	3
387918	387915	2
5651171	5651172	2
11394577	11394567	2
329552	329551	2
9978848	9064100	2
9789949	9789995	2
11244871	11244904	2
3323095	3322278	4
1792573	1792574	3
2521493	2521494	1
372198	755653	1
1099360	1098780	1
9837745	9837746	1
5939686	5937879	5
7831301	11679123	1
760797	760798	7
8266786	8266785	1
4790585	4790586	3
8377659	8377201	1
7075778	7082053	1
4113260	4111365	1
7697046	7696704	3
6628576	6628575	1
6897543	6895402	2
1242386	1242385	2
6575749	10228993	1
6036828	6036827	2
6649664	6649663	2
3280625	3280626	1
7263604	1066657	1
10027715	10027716	1
8186566	8186565	8
1267897	1267892	3
7747107	6781682	4
3672544	3672543	3
5571451	5571452	1
8377968	8377967	1
8036181	8035371	1
9682406	9682405	3
1762573	1762576	7
11554178	11554159	3
10001052	10001049	1
11006609	11006592	2
11940961	11940962	3
8842131	8842231	4
1642422	1649387	2
10719195	10719565	1
3129994	3129993	2
10150144	10148752	3
8329653	8329654	3
3992201	3992202	1
2083210	2083207	2
6130789	6130790	1
12047208	12047028	1
11076135	11079471	1
3819865	3819835	1
11861335	11861336	1
9923940	9923939	2
15006	14929	2
10373802	10373801	2
4684415	4684416	2
11362594	11362593	2
971403	971404	2
5752368	5752367	2
3817653	3817654	3
12364324	11206595	1
12251429	12245539	2
5968912	5968907	1
4654216	4654354	1
10795418	10795415	4
3083574	3083573	2
9554078	9554115	2
4595580	4595579	1
596783	596784	3
9758217	9758232	4
11045507	11900105	3
7518934	7518933	2
1282732	1279976	1
7871805	7871806	1
10225183	10225184	1
11114337	11114338	2
362913	362916	2
2629688	2629685	2
7149888	4428130	3
6176097	6176098	1
7064877	7064878	1
9725060	9725059	2
1876368	1876358	2
5991309	5991302	2
461126	461129	1
11393780	11393779	1
3506200	3506199	3
12338744	12338741	1
4400349	4400352	1
6014624	6014623	1
3552181	3552182	1
6112058	6112057	1
10433987	10433988	3
11464287	4136496	1
8175056	8174697	2
10419534	10418645	4
3619322	3619319	3
1318571	1318572	4
10371287	10371288	3
5322303	5322306	1
11535546	11535545	2
11478311	11478312	2
779313	3141592	2
4270015	4269795	2
8240184	8240183	3
8102644	8102643	2
8200877	8201342	1
3915276	3618428	1
1922435	1922436	9
10475475	10475476	3
11553478	11553477	1
9350040	9350039	1
4376543	7871954	1
6122336	6122335	2
9692717	9692929	1
4265500	4200133	1
11039625	11039606	1
1927071	1927072	3
1772685	1772688	1
950489	950490	1
6548811	6548812	1
5598482	3946189	2
5765863	5780491	1
1724747	1724748	3
11918730	11918727	1
935134	1541967	1
6657140	6657137	1
187292	187291	4
8280032	8280038	1
6712398	6712397	1
2737402	2737401	1
6529188	5441694	1
10053552	10053400	1
9774244	9774205	3
5838477	5838478	2
5878253	5878254	2
7258373	7258374	1
1784090	1784358	1
2939289	2939290	4
10683917	10683918	2
802662	802661	3
3549063	3549591	4
6014572	6014567	1
5817668	5817667	7
11592044	11592043	2
3971013	3948758	1
8400150	8400135	6
4094612	4094998	1
12494485	12494488	1
3055410	3055554	1
6152327	6152334	1
344265	344274	3
903854	6539642	3
7845497	7845483	2
11573290	11573287	1
5829395	11220021	1
9709847	9709835	2
1714119	1714120	2
7836180	7836179	3
7910130	7910129	2
5674345	5674346	1
9799338	9799337	1
8362861	8362862	4
5645227	5645228	1
1992274	1992273	2
5708880	5708879	3
397535	397538	1
1317838	1317833	1
3833408	3833407	2
9247936	7481580	1
100857	100858	3
8182469	8182489	1
2015827	2015828	1
5792734	5787796	1
11340192	11340185	2
10537355	10537356	1
6518234	6518233	5
6182383	6182384	3
1018894	1018899	1
704797	704798	3
4134759	4134760	2
8295187	8295191	1
1751453	1751460	1
6810629	6810634	1
5469137	5468921	1
8452329	8452263	3
5011486	4939042	1
11817155	11817156	2
8378635	8378543	4
7973212	7973211	4
3020309	3020319	1
1546177	1546178	2
4324546	4324545	4
291281	11126720	1
5212408	5212407	1
162872	162893	3
7672115	7672116	3
11425044	11427650	5
7908831	7908905	1
9124950	9124253	6
11152529	11152425	2
11442382	11442381	1
917254	917261	1
4158034	4158033	3
9703015	5828649	2
3888327	3888328	1
3546214	3546208	1
6922636	6922635	7
3949251	3949252	2
7040220	7040213	2
1577962	1577961	2
3746111	3746112	1
1728518	6207531	1
6724289	6724290	1
6167861	6167864	1
599103	604632	1
7402790	6100669	1
1733593	1733596	1
3257366	3257365	1
12378176	12378175	1
6439388	6439387	1
4617805	4601694	11
162315	162316	3
6021411	6021412	1
6208511	8347846	1
3206099	3205965	1
11912045	11912046	2
5968919	5968920	2
6974219	6974240	2
6323999	6325718	2
10024293	10024294	2
7871636	7871635	2
11665128	11665127	4
10097365	10097368	1
1657873	1657887	2
3933522	3933519	1
1990333	1990334	6
2256204	2256543	1
776018	3360687	2
8101251	8101252	2
413110	413109	2
450188	450187	5
9625225	9245930	5
3749828	3749827	6
3802045	3802046	1
12174919	12174920	1
535055	535056	3
1290528	1290423	3
10195634	10195633	9
8748901	8749432	1
5526329	5526330	1
8817250	8818212	2
11835664	11835663	2
9236778	9236770	2
5043996	5043995	2
1436680	1436677	1
6479695	6479665	1
7375721	7375724	1
10225825	10225826	2
8042618	8042615	3
12778033	12778036	1
6243571	6243277	1
6057505	6057506	2
1717655	1719613	1
9315266	9315265	2
11765043	11765037	1
7600407	7600408	6
3252445	3252202	2
10933196	10933195	1
7964503	7594940	1
7701506	6745211	1
9963143	9963144	1
5519065	5519066	1
11372338	11373524	2
7447932	7447929	2
12651458	12651457	5
870755	870756	3
11585253	11588264	1
6830311	6830397	3
600853	600854	4
4636308	4636307	3
630352	630351	1
9974528	9974527	4
2856707	2856710	1
2042835	2042838	1
1454752	1454578	1
10860084	10860083	1
6311563	6311566	2
6934176	3262206	1
7531978	7531109	1
4263563	4269076	2
9913705	9913706	2
8101253	8101254	1
7485905	7485886	1
5539194	5539193	1
9797299	9797300	1
5400357	5400358	3
10709794	10709793	4
10570868	10573495	1
3404487	3404472	1
6533937	6533938	3
11446354	11446331	1
2845700	2845699	2
3144136	3144135	1
1408608	1408607	1
7300621	7300622	2
11426590	11426589	1
786393	786346	3
5573959	5583689	2
8968462	8968457	1
9345376	9345375	1
7082920	7082923	2
9075420	9075527	1
9966227	9966286	3
5861633	5861634	1
2135956	2136110	1
6479121	6479753	1
4329000	5528272	1
8654730	8654729	1
12500683	12500686	1
2480624	1526190	1
3745605	3745606	3
10450119	10450365	2
10782336	377049	1
2933137	2933138	1
7490633	7490957	2
5736336	5736335	2
4066989	4067127	5
12176502	12176501	3
5099510	5099509	1
12422381	12422367	3
8401848	8403021	1
4826292	4826291	2
4749038	4750663	2
7247999	7248000	8
9333517	9333520	2
6725695	6729385	2
7717954	7717957	1
4851601	7024227	1
7014313	7014314	2
5273084	5273083	3
9834653	9834654	2
2787939	2787942	1
9964802	9964799	3
2844304	2846181	1
7704111	7703885	1
10983077	10985922	4
10741392	10741391	3
11314511	11314514	1
10379131	10377646	1
4987803	4988693	1
1073680	1073679	1
1973545	1973546	1
4381361	4423379	1
3519896	3519893	1
6473239	6473240	1
2630148	2630147	1
10360738	10360735	1
12254258	12254257	1
3387076	3387075	2
4587285	4589289	3
1915256	1915255	1
9375228	9375225	3
11814271	11814272	1
2427718	2427441	1
935132	1541965	1
1359770	1359769	3
3584367	3584368	1
9093885	9093886	4
7557050	7557049	6
5758868	5758867	6
10446647	10446644	3
3547337	3547340	1
4754615	4754616	1
2764871	2764872	1
2327467	2324666	1
4197769	4197770	2
10531526	10531525	2
10674903	10674904	5
8494078	3052771	1
10571003	10571004	1
7982706	7982371	5
6723174	6723171	1
5270242	5270241	1
5286249	5286250	2
5521365	5521368	1
5862912	5864912	1
6662275	6662278	2
3318051	3318052	2
7960144	7960143	3
11721998	5656146	1
1588810	6142106	1
1801877	1801878	1
11250893	11250894	2
9124774	9124771	1
12542789	12542790	4
8439901	8439846	1
628774	628773	1
6049267	6051258	1
3128740	3128739	2
4992181	4992182	1
2257456	2257459	5
10532471	10532472	1
8055797	8055798	1
11836108	5618377	1
5857421	5857422	1
8557514	8557374	1
4049570	1440724	2
8404095	8404243	1
421167	7873397	1
366934	366933	1
2356324	2356323	4
6768788	6771781	4
8153627	8153628	1
760803	760804	3
1083208	1083207	1
10910862	10910859	2
11470642	11470698	1
7608603	7608606	3
10630799	10620792	1
32005	3574159	1
2910502	2910501	3
6256017	6228793	2
5389262	5389257	3
9244676	9244608	3
8472839	8472840	1
10904621	10904628	1
1801308	1801324	2
4065021	4065022	2
2426390	2425035	4
3933801	3933462	1
6549490	6549805	1
11424080	9357990	1
738208	738826	8
12661495	12661498	1
7002872	7002871	1
6723212	6722979	1
1019680	1019679	3
10650860	10650024	1
9197688	9197687	2
5714341	11827116	5
3333296	4799939	1
1265413	1268929	1
10214648	10214647	2
3816212	3816211	2
11071007	11071008	2
433408	433405	1
4813003	4813004	1
1028367	1028370	1
1619007	1619008	4
2970480	2970479	3
1256854	1256853	1
6284245	6284246	2
5582019	5582035	4
3899077	3899873	2
1573926	1573925	1
6797613	6797614	2
3231173	3231116	3
12191299	12191300	1
207598	207597	1
5254923	5254924	1
7932752	7932755	1
11037017	11038214	2
9042499	9042500	1
11155825	11155826	2
11222905	11222906	5
4083654	4083653	3
12344278	12343609	1
3543387	3543388	2
8794731	8794732	1
741099	741100	4
10898105	10898049	2
10676321	10676322	2
10479939	10478622	1
1588368	1588367	3
6292768	6290588	2
5150719	5150720	3
7591493	7591496	1
9000426	9000411	1
7085400	7085402	2
4202690	4203237	1
7818635	6238802	2
112213	112214	5
5816621	5816624	5
1498998	1499095	1
7465318	7463809	1
7107514	7107511	2
9591156	9591183	2
6479109	5520507	4
10833349	10833350	1
5760027	5758971	1
12384236	12384235	1
8565884	8565883	3
5909392	5909391	1
4354861	4354802	2
1749394	1749393	1
6643100	6643184	1
969461	969372	1
709982	709879	5
2442281	2440003	1
11932110	11932184	1
88478	88477	1
12123719	12123720	1
8799035	8799050	3
3986662	3986098	2
11772721	11772722	5
1203994	1203991	1
7298810	7298838	1
7166230	7166229	5
9141174	9141173	4
10660133	10660134	1
2360549	2360767	2
283502	10158979	3
2097999	2097715	1
705323	707387	3
3288664	3288667	1
6991078	6991077	1
8456347	8456348	2
8794981	8794984	1
12774183	12774206	4
3138395	3138396	2
12499173	8127960	1
6014632	6014579	3
7469466	7469442	2
9824993	9824938	1
10957010	10957009	3
7848664	7848663	5
2121558	2121557	5
7467897	8820215	1
1711526	1718694	2
6171715	6171716	1
7122267	7122268	1
2067787	2067788	1
6203368	6203362	1
11110010	11110009	2
2800580	2800577	2
2830376	2830371	1
6313827	6313828	2
11214616	11214615	3
165319	165315	4
1394390	1393408	7
9566978	9566977	4
960246	960241	1
11006611	11006592	1
12616112	12617111	1
7826343	7826344	1
383525	383528	2
6787454	6787453	3
3572596	3572593	1
6775889	6775505	2
974627	974632	1
8151730	8151729	4
8879625	8879626	3
1336875	1336876	1
11448972	11448971	2
10124640	10126136	3
12267643	12267644	3
2104755	2104758	2
7268892	7268895	2
9824396	12227845	1
2388645	2388646	1
5372279	5372263	6
9188838	9189035	2
5594516	5594515	2
11626739	11626732	1
4184327	6964972	1
12532091	12531897	3
8527175	8523072	1
9618697	9618718	3
2574895	2574896	7
9975872	9975871	3
10376159	10376192	5
9338227	9338228	2
12233851	12233852	1
6845763	6845766	1
7467894	10190805	1
12209352	12209351	3
10092588	9333620	1
2507182	2507163	4
3237332	3237331	1
12249748	12250441	2
4357977	4356058	2
683686	669647	1
11408302	11409296	1
10663171	10663172	3
6415589	6415590	1
8656442	8656987	2
5377187	5378091	1
2433963	2433993	1
241729	241730	2
7806219	7806206	7
5063831	607186	1
5674568	5671244	2
5479102	5479101	1
3097335	3097545	3
7429428	7429427	1
922423	922408	1
9586164	9586163	2
6830257	6830258	3
11339617	11339618	1
7781120	7781113	1
8269175	8268983	4
6772435	6772438	1
5608377	5608380	2
6189677	6192395	2
3577509	3577481	1
3042298	3042315	1
70245	70256	2
11021239	11021550	4
10075167	10075168	1
9024385	9024386	1
12752557	12752563	1
9095880	9095879	4
5655910	5655907	1
11401930	11401984	1
4754190	4754187	1
8637439	8637047	3
12718099	12718100	2
2658872	2658871	2
3040763	3036714	1
11835662	11835661	3
5489744	5489743	1
2276240	2276758	2
8389088	8389067	1
12130025	12129967	1
6600919	6603872	2
1158724	1158721	3
4748064	4746575	1
12606287	12606217	1
4736718	4736717	1
5193813	5193814	1
2787943	2787946	1
2719917	2720558	1
12453261	12453262	2
1594286	1594324	1
2882614	2882613	2
6100929	6100930	2
1825828	1825807	1
12561519	12594325	1
11861450	11863178	2
2570520	2570511	1
9918692	9918691	1
6452736	900714	2
7592096	7592095	1
6696250	6696059	2
8161817	8161818	2
1952099	1952100	1
2903298	2903337	1
5322303	5322304	4
4515396	4515395	2
3326768	3326767	3
3248777	3244872	2
4138682	4138681	2
9837747	9837713	1
7916368	7916405	2
11859398	11859392	1
5700029	5700248	3
2592480	2592484	2
11835225	11835077	2
438017	438018	1
8471597	8473979	1
3910780	3910785	1
1786304	1786461	1
2963481	2963482	1
8297016	8297015	3
3237611	3564295	1
12773281	12773282	1
520118	520076	4
5472674	5472617	2
5709545	9425825	2
11080211	11080212	4
5196402	5196401	2
12291063	12291066	1
9268291	9268292	2
7458153	7458154	10
672000	671997	3
1656869	1656870	1
4793007	4790964	1
8831686	8831685	1
3389348	3389347	1
10900827	10900820	3
3083713	3083714	1
3477239	3748241	1
11998470	11999009	2
8816931	639086	2
4441969	3017648	3
10741268	9148234	1
8571300	8571299	1
592904	592857	3
903120	902956	3
1770815	1770816	6
2634240	2634301	3
6537405	6537406	1
2610651	2610645	1
1621819	1621820	1
5868511	5868514	1
4694710	4694709	2
5931555	5931556	1
7276795	7276797	1
6818285	6818286	2
9659301	9659302	4
671473	765288	1
7867979	7867980	1
9644813	9644816	1
9879625	9879626	1
2920598	2920597	2
10750837	10750838	2
3994479	3993927	2
10412345	10412346	4
12012476	12012475	3
11738472	1942372	1
11561697	11561698	1
11943276	11943275	1
12121823	12120102	4
1774777	1774867	2
11776327	11776595	1
6700286	6700285	1
10422243	10422642	1
5882509	5877180	1
3184209	3184246	4
2370367	2370368	2
10356491	10356494	1
4592296	4592295	1
4703607	4703608	1
7094496	6904367	1
5699833	5699843	4
2267496	2267495	3
6171648	6171657	1
1698765	1698766	8
10362792	10369491	2
2020466	2168387	1
6572527	6572528	1
9517767	9517768	4
7205782	7205781	2
3030264	3024658	5
10084208	10082809	3
44669	44670	1
4670624	4670623	4
9371306	5817669	7
6525418	6525448	3
7737543	7737544	4
11917201	11917202	4
3959086	3959083	1
1535808	1535715	1
5840608	5843475	6
2147772	2147771	5
4796454	4796453	5
4627602	4627601	1
9437619	9439595	1
10251981	10251982	4
9582341	9582313	1
6355069	6355077	3
7885847	7885850	4
7294366	7294365	1
10280176	10281211	5
5314323	5326214	3
6717212	6717211	1
1004083	1004084	2
6582029	10401198	1
1252271	1252272	1
3884799	3884320	2
9657357	9657324	1
9901856	9901996	2
7528541	7528544	5
5359669	5359700	3
2128674	2128667	1
1970320	1970564	3
7834705	7834706	1
454439	454440	1
4072867	4072820	2
7021575	7021578	2
3579392	3579391	2
4722667	4722668	1
10321406	10321405	2
595054	595248	1
2374819	2374820	2
2847632	2847631	2
10907650	10908346	2
12788828	12788827	1
7927357	7927358	4
4416792	4416791	3
462303	462306	2
6108872	6108871	1
8797354	8764534	5
1157574	1157201	1
5950552	5951416	1
9676189	9676190	1
5623637	5627028	1
6580138	6580172	1
5365861	5365828	1
5996099	5975410	4
6232965	6232966	1
7897823	7897824	3
7099343	7099340	1
7383555	7383556	1
5587348	5587537	2
2028417	2028134	1
6249904	6249888	4
5677026	2776540	1
1975999	1976000	1
888505	888316	1
695510	695507	1
10047433	10047434	1
4038241	4038242	1
4989895	4989896	4
6980386	6980385	1
5393315	3359708	1
12442418	12442417	1
2386499	2386500	1
4265500	4265499	3
9429551	9429552	1
10280983	5508910	3
5870248	5869964	5
3223756	3223698	1
7633333	7633334	1
73163	73946	2
11562655	11562671	1
9263463	9263464	2
5592060	5592059	1
10146925	10146928	3
5589919	5590300	1
8570093	8570094	3
11926760	11926759	3
153417	153422	2
3865773	3855575	4
3384787	3384788	1
6082909	4756649	2
5942617	5947600	1
7094213	7094214	2
5794957	5797231	1
8779953	8778947	3
3945507	5165524	3
6460143	5047215	1
10888006	702627	1
12535764	12535763	3
5926926	5926925	1
8506377	8506364	4
5048198	5048197	1
8419382	8419379	2
11220753	11144455	5
6070139	6070140	3
12053298	12053297	3
3194677	3194678	3
5706085	5704269	1
7801755	7801451	2
1276967	1276968	2
658891	658892	2
1056387	1056390	2
4724109	4724110	1
9638424	9638423	4
2005557	2005558	1
6813476	6813475	4
5353945	5353946	3
3759800	3759799	1
11569192	11569373	1
6212481	6212482	4
3677569	3677570	2
474155	474156	1
5209286	5209027	1
1697342	1697159	1
6198897	6198886	6
7222850	7222853	1
874442	874441	1
2627149	2627152	2
4587087	4586859	2
10201988	10143114	3
1627980	1627979	1
621335	620370	1
7470953	7470914	1
11297189	11297178	2
1591506	1591503	1
7333729	7333730	2
11275693	11278698	1
1083212	1083211	1
6544404	6544403	2
9481213	9481214	2
11588496	11588493	3
2978866	2978865	3
2849716	2845266	1
3078715	3078718	1
6596679	6596680	3
446126	446125	4
6756573	6756574	2
5667543	5667544	1
4352914	4352913	1
1183094	1183093	2
3959513	3959516	3
9486168	10465748	3
9569817	9569818	2
8552024	8552023	2
758685	6417670	2
2299678	2299677	1
62553	175679	1
3247781	3245092	1
5267018	5267017	5
6198887	6198890	1
11727215	11727218	4
4926075	4926115	1
683898	683897	3
196868	196867	2
390571	390574	1
1569282	1569281	1
1404830	1404827	1
11595776	11596352	1
5925781	5926440	1
1926065	1925686	1
8822383	8822386	1
8968462	8968461	2
4205073	4205074	1
3333298	3333297	2
2083277	2083280	1
7719767	7719768	2
7402148	7402147	4
3724776	3724763	3
4073097	4073026	1
11896893	11896894	1
6019982	6019981	1
2768520	2768519	1
4500078	4499888	2
7930386	7943660	1
7825484	7826750	1
1734361	1734362	3
3584332	3685416	1
4841138	4841135	2
8195052	8195051	1
5615481	5618375	1
3141341	3141342	2
3026310	3026309	5
895736	895735	1
7730780	7730777	2
752228	752227	1
7758909	7758929	1
6503689	6503151	1
5511351	5511352	1
8520353	8520354	2
7506871	7506872	3
1736800	1734728	2
1864730	1864729	1
7915492	7740705	1
7832787	7833002	3
2966862	2966840	1
10324087	10324075	6
10825140	12281975	1
7929726	7929645	4
1905513	1905514	1
8880768	8880767	6
3985219	3985222	1
5066054	5061811	1
6629972	6629971	5
3261953	3263424	3
11538114	11538113	1
4175836	4175835	1
7268277	7268316	2
4647526	4647525	8
3231161	3231162	4
11996826	11996821	1
154058	8215582	1
5490296	5490295	2
11924915	11924916	1
6935981	6935982	1
8649460	8649459	2
4816466	4816675	2
12325025	12521749	1
6210020	6210019	2
6113835	6113836	1
390418	390373	3
8380332	8380329	1
10468679	10471128	1
5445750	5477315	1
303762	303761	1
11555971	11555978	1
3381969	3382194	3
2984580	2984579	1
4355495	4355496	1
1352058	1382099	1
2307264	2307263	1
12728892	12728891	1
5838273	5834985	2
12293243	12322948	4
7235260	7235259	1
8048000	8047999	3
6516320	6515848	4
2476210	2476209	1
9001359	8968741	1
10669107	10669108	2
8778062	2891085	1
4037342	4037341	4
1447688	1447878	2
11395461	11395462	2
1711919	1712167	1
1374381	1374356	2
7592094	7592097	1
368702	366923	1
8300464	8300457	1
8978588	8978587	6
1825013	1825014	1
4065127	4065128	1
6026912	6026911	2
11844728	11844727	1
1478488	1478487	2
779157	779158	4
7502203	7503145	2
4067367	4067370	2
5194813	5194816	1
5598439	10290696	1
11011993	11013790	3
7446450	7446431	1
6968791	6968792	3
7648209	8765220	1
2239838	2239835	2
6230260	6230255	2
1746991	1746992	12
8695505	8695506	1
6927615	6927616	1
9022696	9022695	1
4715232	4715231	3
1551575	1551576	3
12600548	12600547	2
9074988	9074987	1
8792511	8792512	1
8245625	8244470	1
8004948	8004945	1
6103903	6103912	4
6834353	6834354	2
10650860	10650022	2
8253318	8253315	1
3373675	3375384	1
11081547	11081480	2
4759787	4759788	1
5722832	5722848	2
9256808	9256805	1
2010847	2010811	1
3042230	3042225	1
5467248	5467245	2
10462999	10463000	2
8447764	8447763	1
1967435	1967436	1
420865	420993	2
8324462	8321871	1
175153	176509	4
5057402	5057441	2
11111114	11111113	2
1151645	1151646	5
8310762	8309451	2
2827241	2827244	1
10578657	10578660	1
5076845	5076846	1
5805282	5805281	1
9851385	9851363	1
8821312	8821315	1
11677597	11677598	1
4375621	4375622	1
686806	686797	2
5563181	5563182	1
5797003	5797004	1
2365579	2365587	2
10716956	10716955	2
8810101	8807648	1
12611420	12611419	1
10225207	10225208	1
4214256	4214387	1
1367216	1371576	1
3211556	3211555	1
7730601	7725812	1
6103829	6103856	3
1046832	1046767	1
2006093	2006118	3
3957134	3956931	4
11335531	11335532	5
7991426	7991425	1
2632969	2632970	2
3022898	3022897	3
12614362	12614671	2
3129432	3129429	1
3241564	12517878	1
10328562	10328561	1
7366813	7366814	1
2398168	2394210	2
7731607	4595106	3
450089	450090	1
3151146	3151145	2
4903216	4914705	2
3575963	3575964	1
1437564	1437930	1
12163958	12163955	1
5710336	11861514	3
2255470	2255469	1
5648025	5648026	3
11562655	11562673	1
9168954	9168957	1
8349720	8350960	2
7885847	7885848	6
9833732	9833977	1
51815	51816	1
4418325	4417395	2
1086823	1086826	1
10242466	10242465	1
8748808	8748807	4
2364551	2364552	2
4417042	4417039	2
4031849	4031482	3
7762998	7762932	3
6570434	6560361	3
11002280	11002279	8
1089064	1089063	1
10359637	10359638	3
6089038	6091731	2
7769332	7769331	2
12463788	12463793	2
3669689	3669682	1
8041020	8041019	3
7104812	7104809	1
5935721	5935708	4
10211840	10211837	2
8885751	8885712	1
8372338	8372337	1
1418548	1418584	2
4064195	4064196	3
6742408	11335554	2
11716284	11716283	1
2609444	2609622	2
6198893	6198894	13
7514061	7909735	3
1782041	1782042	2
8380003	8372930	1
5133685	5135895	2
7462725	7462728	1
3516983	3517049	1
4006780	4010836	4
9650342	9650341	1
5758866	5758863	2
2695125	2695126	1
10731320	10731319	1
1622461	1622457	2
6858720	6858717	1
10254959	10254829	1
7935712	7935711	4
4131102	4131101	1
6601358	6601357	2
10881514	10881513	1
8723366	8723365	2
9139973	9139974	1
10781808	10781806	2
5168994	5168993	2
6009366	6009481	2
5752486	5752485	4
10053394	10053391	1
3662278	3662277	2
8983164	8983163	4
12548498	12542708	1
3816676	3816678	1
3049424	3037160	4
11705486	11705485	2
6510969	6513641	2
5094699	5097996	4
2299617	2299618	5
3560557	3560558	1
2708542	2708541	1
4733345	4733346	3
9520251	3289705	3
12449645	12450054	2
6460191	6460192	1
8681187	8681188	3
11270984	11270983	1
8989528	8989527	2
11222369	11222370	1
7839637	7839638	4
4919706	4919701	1
461128	461127	1
5018978	5018975	2
9891939	9891940	1
6250689	6250690	1
4803877	4803878	2
6115205	6115451	1
355033	355036	1
1101181	1101184	2
12191925	12191926	4
1358607	1358598	3
8356350	8354720	2
2211248	2211247	3
1935016	1935015	1
6515849	6515850	4
6207915	6181276	2
12332400	12332397	2
6705548	6705547	1
11139955	11139956	4
7444166	7444629	1
7433691	7433692	5
752586	752585	1
1321250	6430507	1
1171394	1171187	1
8957021	8957022	1
10193396	4391408	1
6127788	6127826	2
7683644	7683643	2
3425293	3425294	1
10645607	10645608	6
11774380	11775493	1
2527081	2527082	2
11768339	11768340	3
5784608	5785040	1
3901402	3901401	1
4583496	4583495	1
6696252	6696251	1
913725	8009076	3
4292842	4292839	1
6814497	6814515	2
1071768	1071767	2
8796513	8796514	1
1801522	1801521	7
8908073	8922086	1
11592064	11592045	1
10313652	10313724	2
5440520	5440513	1
12645641	12645455	1
4832045	4832046	1
6001785	5998592	4
1753452	1753980	2
4737391	4738298	2
6696333	6696334	4
4833855	4834471	3
12434847	12434848	4
7929295	7929296	1
3395906	3395903	5
3960401	3960402	2
2480130	2356170	1
5675717	5675718	1
6830309	6830310	5
3598236	3598235	2
7432173	5501061	3
12170182	12170181	4
6238961	6239038	1
3283653	3283656	1
2814025	2814026	2
4417042	4417041	3
9997335	9997336	1
7230202	7230260	3
672061	672062	1
6823255	6823256	1
585331	585334	2
3970631	3972032	1
626318	626317	1
5542865	5542866	2
9041665	9041666	4
6084451	6084452	1
6481701	6481702	1
6140513	6140514	5
8557996	8557991	1
9798126	9798131	1
4105075	4105076	1
3097334	3097353	6
11451923	11451924	4
704595	701285	1
669666	669803	1
6431882	6431881	2
4234632	4234647	1
918064	918061	1
1444131	1444134	1
10509981	10509978	1
6936579	6936582	3
3387217	3387218	2
445910	445909	1
5112183	5112184	1
5348461	5348462	1
2667216	2667213	3
9972939	9972153	2
7577475	7577478	2
8878744	8878727	6
11215853	11215855	4
7428769	7428778	1
3730687	3730688	2
5628165	5628171	2
6078040	6078374	1
11904264	11904263	3
3255298	3255293	3
11887791	11887681	2
11908517	11908518	3
4198826	4199088	2
5271337	3874457	2
11852682	11852658	3
2924549	2924550	3
12167578	12167577	1
10101971	7854907	1
12040147	12029180	6
3899077	3899875	1
11595776	11595775	2
6662961	6662962	2
10008344	1472937	1
1988698	1988697	2
11940866	4627601	1
1085895	1085898	1
5376350	5376349	1
8326048	8326043	2
672627	672131	1
6343959	6340000	1
597605	597606	2
6949289	6949290	2
854662	854661	2
7102606	7102529	1
9659364	9659361	1
7309677	7309678	1
4992384	4992383	1
6783991	6783994	4
11829243	11829244	1
7091271	7091303	1
2534399	2534390	2
7575478	7161314	2
1271941	1273864	2
4614533	4993928	1
7866520	7866509	2
4824155	4824156	2
3277945	3278181	1
6950943	6950948	2
8511396	8511393	3
5130384	5130381	2
3014867	3014868	3
7150017	7150018	3
10792724	10792710	1
5905428	5905203	1
3443554	3443553	2
6708286	2559760	3
1164535	1164536	2
7377405	7353365	4
3889875	3889876	1
12451731	12451722	5
8102405	8101334	1
2102566	2102569	1
2121571	2121417	3
6185653	6184888	1
902754	902753	3
1885646	1885635	3
445330	11936930	4
12189660	12189659	4
5748226	5748225	3
5205076	10474859	1
10080785	10080786	4
7737988	7737987	8
10550772	10550704	3
8317512	8319240	2
5787613	5787915	1
6184700	11424530	1
5955996	5955999	1
4338416	4338413	1
1606064	1606057	1
10478625	10478626	4
4687342	4687341	1
11187664	10666938	5
7956528	7956532	3
4438984	4438983	2
12124541	12124542	3
4252173	4252170	5
7673535	7673638	1
10263848	10263847	4
7250329	7250330	1
7244043	7244044	3
8790805	3455024	1
9237245	9237246	2
8392842	8392875	1
711058	711055	1
8418702	8419831	1
8655369	8655372	1
9115230	9115232	1
427949	427950	2
11182912	11182954	3
8541017	8548235	1
12796396	12796395	1
1747579	1748239	1
11672315	11672316	2
5368603	5365654	4
3774745	3824676	1
1711931	1711932	2
11347619	11347620	5
1372417	1372370	1
10505211	6757877	2
3598236	3599053	1
9918630	9918629	2
3980689	3980690	6
3749830	3749829	7
7594556	7594472	2
5958775	5958732	1
10233094	10233093	3
7909798	7912049	1
313002	312987	1
6243938	6243937	1
6310241	11979180	3
11275105	11275100	4
5990765	5990766	2
649315	649316	1
3707875	3707876	1
3107290	3107289	1
2755520	2883362	5
9073743	6971050	1
6196691	6196692	1
3607641	3607642	2
6617789	6617790	1
6482780	6482777	2
7354360	7354273	2
3359464	3359367	5
1395571	1395572	1
6314948	6016235	1
12798334	12797949	1
5291836	2525003	1
12533670	12533667	1
3934146	3934143	1
8215484	8215483	3
1045377	1042671	1
8581337	8581318	1
398921	398917	2
3749830	3749827	1
7083810	7084645	1
9658414	9658408	1
6438830	6438829	5
7421485	7421486	1
12542517	12542584	3
9941047	9925630	1
2476992	2476989	1
4331579	4331580	2
12544160	12544159	1
3855272	3855269	2
5454841	1451482	1
11464957	7070442	1
11870672	11870671	5
7952202	7952201	1
4024203	4024204	3
4137364	4137097	3
3293647	5708953	4
464085	466645	5
8752685	8752755	4
2062920	2064513	2
11187239	11187240	2
11877960	11877992	4
2775944	2778283	1
1919115	1919155	1
10119028	10119027	1
1234876	1234875	1
1390851	1390559	2
11878984	11878983	3
11594335	11594532	1
5562927	5562921	2
9774742	7101904	1
12344176	12013046	1
2468227	2468246	1
4738281	4738282	1
4733405	4830860	1
7433111	7433112	5
544821	544822	1
1050168	1050167	2
3771047	3771052	1
4582646	4582645	4
10074825	10075120	4
6972669	6972670	4
2361399	2361400	2
11479092	11479923	4
435810	435805	2
3953413	3953414	1
11442130	11440980	1
3593498	3593497	4
7073553	6240349	1
8168638	8168635	4
5426688	5426685	1
3982881	3982882	2
9991672	9991671	8
1905004	1902015	1
3384181	4555165	1
941895	941910	1
12660667	12660668	1
4657020	4657019	2
12514698	12514697	2
11715619	11715620	3
9001518	9001517	1
3155173	3155174	4
2996811	2998771	1
516634	516688	1
11412919	11412920	1
5629787	11727765	1
8060339	8060340	1
5547078	5544048	2
4820879	4820880	1
11896237	11896238	1
6108660	6108701	5
1784253	1784581	4
372071	10459300	1
6472572	6490696	2
2842263	2842266	3
7688832	7688805	1
1046834	1046833	1
437270	437269	1
11117297	11117298	3
6421787	6421774	2
5666755	5666758	1
7959929	7959940	1
4391943	4391909	3
6100701	6100702	6
11480793	11483259	1
6390951	6390962	2
10400336	10400339	1
3654415	3654416	1
11195706	11195705	5
5018026	5018025	6
3979377	3979378	1
7527791	7527794	2
8767257	8723711	2
12636736	12636735	9
3257702	3257693	1
12041521	12041468	1
1245162	1245161	1
7631174	7631173	4
5003264	5003962	1
1919577	1919578	2
8232304	8232303	1
4578678	4578677	6
251982	251981	1
5817684	4227976	1
12475987	12475988	2
5194616	5194615	2
10614562	10614561	1
1501849	1501871	2
4959182	4957822	1
5993234	5993138	1
7021034	7021033	1
7114811	7114814	1
6970197	6970200	2
5753963	5753964	1
12305601	12306376	1
2116587	2116588	1
2260723	2260724	1
11557376	11557375	2
6156644	6156650	4
11923526	11923213	2
5930662	5930661	4
5899667	5719547	3
5185917	5185918	2
2130931	2130932	2
5642619	5642649	4
5885831	5883716	3
5146102	5146099	1
6808384	6808383	1
12053678	12053677	3
8582247	8582250	1
10476391	10476395	2
8440457	8440458	4
5280803	5280804	3
2118303	2118304	2
2653948	2653947	1
10509578	10509573	1
1822647	1822648	2
5153046	5153045	1
12799278	12803691	1
3477334	3477029	1
3577729	3577699	1
11147252	11147249	1
11446739	11446741	1
9373261	9373547	1
8636192	8636191	4
4156744	4156727	1
12804592	12803794	1
7530145	7530146	3
1253235	3115425	1
4114448	4108617	7
7567886	7567885	1
2430361	2428951	2
6517178	6517177	1
3619318	3618106	4
3557034	3557033	3
6152475	6151359	3
10672626	10672625	1
11390905	11390910	1
7562635	7573989	5
3979226	3979223	3
4422923	4422926	4
4407627	4407628	3
4080430	4080429	4
11615622	11615777	1
10859107	10859108	1
6737819	6737820	2
10094046	10094045	1
9633652	9633651	1
11317038	11266575	1
11554187	11552857	1
5123549	5123550	4
6278733	6278734	1
5919358	5919355	1
8598881	8598884	1
5672770	5672777	4
5732231	5732232	2
8870555	5548354	4
8876285	8876286	1
8445191	8444229	1
5507864	5508419	3
6793398	6793390	1
4793209	4793210	1
3669167	3669168	1
5699674	5697639	3
8764926	2891598	1
7593709	7593294	3
10728779	10728782	1
2438687	2438688	2
3277122	3277125	2
4273649	4273650	1
2711510	2712486	1
10222326	10222323	2
6196998	4123310	5
5160657	5160658	4
5518367	8602241	1
589470	588972	2
4085407	4085408	4
12757594	12757591	2
9024383	9024384	1
5693881	5693882	2
2612404	2612403	2
2132231	2134231	1
12799194	12799193	3
6680972	6680950	1
3209189	3209190	4
9326774	9454932	2
9854557	9854382	1
6337694	6337693	1
9024379	9024386	1
5006519	5006520	2
2028791	2028792	2
10442838	10442837	2
11496819	11496822	2
4730085	4730086	1
5592458	5591319	4
11522411	11522412	1
1336515	6432918	1
3465173	3465174	2
6880446	6880407	1
6679898	6679901	4
3641261	3641262	1
11341617	11341618	1
5523433	5523434	5
9488785	3628530	1
6160801	6160802	3
7220917	7220924	1
384594	384593	2
2173886	2173885	5
2384936	2378051	5
379746	379743	1
673843	673844	3
2111837	2111842	3
11772719	11772722	2
4476340	4476337	1
8270417	8270418	3
3904915	3904916	6
8158896	8158895	3
3673545	3674893	3
8791732	8789174	4
8492683	8492684	1
5804028	5804027	1
2845562	2845559	1
6441268	6441265	3
405626	405462	1
5897701	5895507	3
7066180	7066179	1
7116593	7995473	3
3865026	3865025	1
3058043	3052699	1
5657607	5657608	1
6002779	6002780	1
5584770	5584769	1
7279299	7279335	3
12331250	12337089	1
5534062	5534059	3
1302549	1300289	2
1786153	1786154	1
5021773	5021774	1
626245	626246	4
11288520	11288519	1
11717402	1955383	1
7798990	7798987	2
7721002	7721802	2
5199117	5199118	1
5019849	5019853	3
5332544	5332543	7
11105011	11105012	2
10131139	10130153	1
3280296	3280289	2
4927269	4927270	1
5433608	5433607	3
1462990	1462901	4
4536675	4536617	1
4703129	4703130	1
11769301	11769304	2
6405212	6405211	3
9342527	9342528	1
1749216	1749109	2
8199000	8198999	1
8267036	8267035	8
5521367	5521368	1
9642078	9642075	3
5558274	5558273	1
6687324	6687331	1
9424972	9424971	2
1782559	1782562	4
12275936	12275935	1
6785363	6785364	1
12374155	12374158	1
12778035	12778036	4
10647292	10647805	2
884785	884786	3
8099870	8099869	2
1424262	1078674	2
7089470	7089469	2
10960651	10960534	1
8329653	8329656	2
12534442	12541043	1
1598148	1598147	2
6052429	6052422	3
7427763	7427766	1
5925529	5926922	3
5711723	11825911	1
4712445	4712516	1
11229787	11229788	4
5848638	5848469	1
12353948	12353945	1
9685280	9685279	1
9250858	9250246	2
6521353	6521356	1
1304271	1304268	1
12128993	12129005	2
7707470	7707473	1
6797617	6797618	1
3291014	3291013	1
7175426	7175425	1
10556097	10556098	1
4984987	7279299	3
2798894	2798893	1
2833916	2833915	2
5608375	5608376	2
2241626	2241625	6
8955836	8955835	2
364515	366289	1
11335986	11335985	2
755309	755286	1
862923	862924	4
6887709	6887728	1
8541093	8541886	1
7793524	7793527	1
11695677	11695680	1
2267834	2267833	1
11446361	11446530	3
7526340	7526339	3
4578680	4578679	7
10107164	10107304	1
7932686	7932685	1
7982516	7982481	5
5352167	5352170	1
320670	320669	3
6508395	10614595	1
960244	960241	2
2584491	2584494	2
6436264	6436258	1
12350526	12350482	2
10609134	10609133	4
10476980	10477677	1
3522197	3522198	3
2849745	2849746	6
9344850	9344780	1
6757819	6757820	1
8858199	8858200	2
3526484	3526483	6
10943882	10943879	1
5096101	5096102	2
2908510	2908509	1
3068286	3068285	2
10311615	10311616	1
1230463	1230464	2
11567626	11565326	3
199617	199618	3
5229053	5229054	4
8522862	8201662	1
3037734	3037796	1
12017368	12013858	1
8350299	8350300	4
9760712	9760756	1
4417904	4418560	1
3646000	3645997	2
12514075	12514076	2
5918280	5840609	1
11576662	11576661	2
10004205	10001212	1
7686857	7683638	1
2485427	2485428	1
5193544	5193566	2
372266	372426	2
5731189	5731223	1
5372700	5372699	1
995724	996147	2
11660726	11407975	1
6697311	6696657	1
10884953	10884958	1
4754190	4754189	4
6026691	6026692	1
10120206	10120165	2
6757240	6757213	3
8900258	8900255	1
4445668	4445667	4
7081763	7081764	1
936380	936379	1
11785995	11785996	1
10478627	10479991	1
7807719	7807709	2
1470189	2070820	3
11722952	11722951	1
9355838	9355837	1
11387808	11387807	2
10879319	10879877	3
3703393	3703872	2
877040	6642257	1
11203158	11202782	2
7384875	7384854	1
711746	711745	1
9833695	9833696	5
5763045	5763046	1
4063858	4063857	2
9774246	9774205	1
711750	711745	4
5246119	5246123	1
7730565	8023589	3
11993397	4053499	1
8370697	8370620	6
2150100	8960734	1
5018675	5018676	2
5250037	5250031	2
2647128	2647127	1
6523750	6523749	1
4807719	3539800	1
2297146	2298816	1
355035	355036	3
6545370	6545367	2
12763945	12763839	2
5442685	5442686	1
3859536	3859535	5
10191185	10190341	2
5098853	5098885	1
10967864	10967863	1
2123532	2124178	3
596277	596278	6
2257671	2257672	2
3166259	3166232	1
7021260	4984725	1
7478162	7477472	1
9424313	9427191	1
298630	298599	2
9169708	9169711	1
8159690	8159687	2
6316018	6316017	2
10469023	10469005	3
461245	461246	1
1752220	1752219	4
8075650	8075649	1
5862850	5862142	1
4677333	4676490	2
8880764	8879574	2
7051662	7051578	7
1282079	1282080	3
10538483	10538528	1
4292276	4292275	2
10417434	10416815	4
308654	2354137	2
11519302	11519295	3
8103572	8103571	1
2658539	2658473	1
10658014	10658019	1
1521918	1521917	2
1892942	1882366	1
7536764	7536763	1
3323487	3323525	4
11503663	11503664	2
1251708	1251707	1
9189985	9189903	1
902681	902682	1
8576223	8576226	4
7776412	7776411	3
1579182	1579179	3
163845	163852	1
820449	820452	1
11850174	11850157	2
12738802	12738801	3
7208163	7208166	1
6212378	6212377	5
741715	741702	1
12012471	12012472	1
3212350	3212368	2
7462066	12314569	4
3103882	3103881	2
11884944	11884943	2
4605950	7634615	1
10965961	10965962	1
5491748	5491769	1
3396270	3396269	1
3746133	3746136	1
6761192	6760822	2
11582869	11580495	2
10109453	10109454	2
11910259	11910260	3
11354766	11354763	1
3356878	3357762	1
1724218	1724217	1
3210320	3209288	3
576720	576704	1
4560777	4560788	1
5375093	5375094	4
8200966	8200965	3
7858388	7858385	1
1429099	1429100	4
4574176	4574175	1
2422148	2422147	1
4335708	4321579	1
9542237	9962367	1
4540544	4534104	2
7274383	7274386	1
5236233	5237413	1
9834879	9826417	5
11425055	11426643	1
7989127	7989130	1
11134633	11134634	1
6476685	6476668	1
11345205	11345208	1
5842404	5830835	4
12687183	12687184	2
4273647	4273648	3
7428705	7428796	2
8260689	8260693	3
409122	378746	2
4087886	4087838	3
6149967	6123686	3
1235572	1235571	1
6586948	6587335	1
11045264	11045261	4
659942	659939	3
1510923	1510924	3
10442001	7267256	1
2882611	2882612	5
1546449	1546450	3
2260041	2260042	1
9112527	9112519	1
1275370	1273912	2
11991192	11991191	2
5005453	5005454	1
6662273	6662276	3
8665560	8665824	1
632734	632731	1
3941219	3941220	3
7034649	4117402	1
1379791	1379786	1
960246	960243	1
9628725	9628713	1
7256406	7256405	4
9714720	9714719	1
4681173	4681174	1
6496160	6496058	1
1673098	1673097	2
2099932	2099931	3
12526701	12526685	4
10206681	10206682	2
3955773	3955768	1
5269393	5269394	1
6197103	1652043	1
7153627	7153570	1
8543276	8543275	2
4052660	4052659	1
7865999	7866000	2
3244952	3244951	2
2228660	2227980	1
3481256	3481253	1
1897706	1897011	4
1254941	1254959	3
807657	807658	2
7216804	7214575	1
8811831	8798550	1
7267246	7267245	4
10286174	10286173	2
4569897	4530311	3
7992429	7992430	3
10218417	10218452	4
8971275	8971276	3
10067866	10067865	1
2006091	2006092	5
8799695	6071808	1
7932761	7932762	2
10225557	10230637	3
4851064	4850705	2
130323	10033744	1
416898	417128	2
11933782	11933981	1
12280353	12280363	2
4517372	4517367	1
11016554	11016553	4
192116	192115	1
5167695	5167696	5
3595293	3595296	2
2037648	2037641	1
9862539	9862540	3
1541966	1541965	2
5323666	5323665	2
1087387	1087388	1
5820673	5813433	1
8159167	8159159	2
9434671	9434672	2
11399960	11399254	1
1321663	1322001	1
4992183	4992184	1
7650921	7650913	2
10975784	10975783	1
5624038	5624037	2
4064432	4064431	2
3571302	3571301	2
10398227	11395147	2
10532469	10532470	1
1126704	1126703	1
6212728	6212727	4
4532083	4532086	3
12762093	12762087	1
2842263	2842272	1
4453566	4453565	4
1595784	1691562	1
4977522	7709711	1
466700	457312	1
3542730	3542727	4
1741480	1744476	1
539780	539779	2
8763357	8763358	3
6521353	6521354	4
4670620	4670619	1
6280209	6280182	2
11424174	11424159	1
4164828	4164984	1
132300	132328	1
6697020	6697019	1
4113706	4113709	1
3519796	3519795	1
4115168	4115167	2
1253864	6133636	1
8978588	8978585	1
1188948	1188959	1
1156049	1156050	2
9344668	9344667	5
11292226	11292231	1
6851113	6851114	1
10792474	10792376	2
5381862	3659376	3
6211666	6211663	4
1724818	1724834	4
10468284	9487112	2
4292838	4292837	2
4529801	4529805	2
7835322	7835321	1
5018530	5018527	1
7350652	7350986	1
11911719	11911720	2
12370870	12370873	2
2868844	2868843	1
12784153	12784166	2
2062480	2062479	1
4261259	4261260	5
2933090	2933093	1
4612458	4612453	1
4192770	4192769	4
4251870	4251869	2
2730606	2730605	4
1958599	1957066	1
11998749	11998750	1
10032543	10032544	2
6237735	6237736	2
137912	137909	1
3450539	3450503	2
8625129	8625130	4
12809816	12809815	4
10367247	10367248	1
729540	729537	2
10432159	10432383	1
4614815	9865646	1
10891988	10892680	2
10462997	10462998	2
1072142	1073197	2
7885849	7885850	3
3029357	3049613	1
6308382	6308381	3
7719767	7719867	5
2873803	2916873	1
4992181	4992184	2
11624979	11625177	2
849377	849378	1
343959	343960	3
8284444	8111042	3
3336508	3336507	2
5961588	5959845	1
6466036	6465501	3
8025287	6780967	3
1090131	1090134	5
4876167	4876182	3
3930405	3930951	1
7289995	7289996	2
8234105	8234106	1
230861	230874	2
4000116	4000133	2
299131	299132	1
10323550	10323549	4
3355596	3355130	3
5968052	5968049	1
9758379	11965648	1
6208185	6207988	1
6430207	6430195	2
6496900	6496899	1
9932323	9932324	2
10509563	10509564	2
6764877	6764880	1
2506143	2506138	1
5811711	5811599	4
8023387	9967825	1
6010831	6010832	1
9333521	9333522	3
8766946	8763745	2
680382	680304	2
8840129	4768249	1
7295128	7295127	1
10919953	10919954	2
11314023	11314024	1
3662565	3662566	2
11822113	11822261	8
8798167	8794071	1
9991670	9991669	6
11797204	11797199	1
5804028	5804386	1
5827301	5824025	1
6979722	6979721	2
10644445	10644446	2
9707770	9707763	1
1784090	1784360	1
12665447	12664622	2
2842009	2841885	1
7198451	7198452	2
5184270	5185302	3
10479847	10483207	1
10016963	10019961	3
6057012	6057011	4
1303889	1305733	2
3728719	3728720	3
7061068	7061067	3
3910893	3910894	1
7730599	7725812	1
516622	516745	1
2890112	2890133	1
3087725	3087726	3
1189652	1189651	1
5916666	5916665	2
11774382	11774381	1
12397585	12397566	3
10283430	10283429	5
10195632	10195937	1
4999825	5000305	2
3500632	3500629	1
5452437	5452438	1
7679280	7679279	3
9157131	9157111	2
4800176	4800179	1
6531626	6531650	1
2083102	2083136	1
12752559	12752563	4
11214288	10958245	2
7067945	7070030	1
6630244	9328124	2
5896305	5896310	1
5350922	5350921	1
11131791	11131794	1
2183910	2183909	2
10659160	10659159	1
3708312	3708311	1
10548435	10548436	2
10295340	10295339	2
1996504	1992277	1
5861463	5861440	1
12748795	12748796	2
5296003	5306360	2
787646	838473	3
12344419	12344392	2
12454179	12454180	1
862213	862214	5
1831948	1831925	1
7310534	7171885	1
8499239	8499240	5
11680327	11680330	2
5285578	5285436	5
10030536	10031559	3
11726036	11726033	1
5286630	5286629	4
4595107	4595108	4
1226155	1226156	2
5554895	5554434	2
2707736	2644606	1
2251136	2235664	1
6354277	6354278	1
6142926	6142929	1
8540650	8540649	2
9545162	9545161	6
2903983	2903984	2
7836359	7836334	3
1763037	1763038	2
4321908	4324953	1
2696404	2696367	3
1827453	1827454	3
5721253	5721256	1
8441364	8441363	1
6769253	6769254	1
1760482	1760481	4
1973411	1973492	1
5014984	5014981	2
9446582	9446581	1
12180944	12181160	1
9520374	9520630	1
2694195	2694196	1
7940628	7940631	1
8106616	8106613	1
3973094	3973093	2
5354467	5354400	1
8149179	8149180	2
2436102	2438308	1
11143793	11144594	3
10908070	10908067	1
8259120	8472407	1
6890622	6889932	2
8795115	8795116	2
3539682	3539681	1
5199988	5554146	1
12797402	12797401	1
9488563	9488564	1
7703406	7703405	2
10423560	10423559	2
5678414	5678413	2
1730965	1730968	4
10302448	10302462	2
5936684	5936701	1
10159215	10159216	2
2322515	2322518	4
6218580	6218579	2
10727296	10727295	5
5790395	5790396	3
1889919	1889920	2
11153829	11153830	1
9417637	9417638	2
4348055	4348056	1
5941105	5941106	2
1673102	1673101	3
4983675	4985576	1
11278932	11278797	5
8468941	8468942	1
2668891	2668923	4
7325807	7325965	1
6369025	6369026	1
1744375	1745820	1
8049494	8049466	1
10263466	10263465	4
4591256	4591253	4
9000938	9000935	1
5307022	3623232	1
4839230	4839229	4
5977728	5977727	3
11286479	11523809	2
10240396	10435021	1
5969349	5969350	1
10170182	10170016	1
173196	173195	1
1724884	1724883	1
5263923	5263924	2
11296312	11296311	1
1389332	1389520	1
2842130	2841581	2
1589753	1589739	1
2858129	2858130	1
4391821	4391822	2
9951770	9951820	1
7230261	7230262	4
6189733	6189734	2
10837109	10837148	1
79990	79987	1
4303578	4303577	3
6950810	6951091	2
3858538	1979697	4
12124539	12124540	3
8499241	8499242	4
9948524	9948527	1
10458975	10458976	2
426787	426899	1
11137373	11137374	1
7071005	7067890	2
2360082	2360081	2
6818861	6818874	1
3470683	3470686	1
12523058	12523053	2
5274440	5273892	1
2051980	2051979	2
10309483	10309484	3
3791026	3791025	6
4652102	7267027	1
11541992	11541991	1
9422992	9422956	1
10251655	5263882	1
11965649	9758389	1
11334652	11041483	1
8103882	8103861	1
8861314	8861313	1
1516106	1516101	1
5013043	5013044	2
705321	707387	1
2045877	2045878	1
5066343	5066425	5
9310032	9310031	2
10917808	10917807	1
1880497	1880498	1
11432373	11432342	1
3338742	3338741	1
10465881	10465882	3
2363474	2363473	1
5222813	5222695	3
4554412	4554419	1
2971661	2971662	2
7747645	7747729	4
1992756	1992755	2
10027492	10027491	4
10888956	10888942	3
4710647	4710648	1
5667399	5667400	2
3101499	3101500	3
630835	630836	3
4615500	4615497	2
1770817	1778135	5
6500326	6500445	2
2396837	2396838	1
4049578	4049575	1
389208	389207	1
9713994	9713991	1
9448180	9448192	1
2336932	2371959	1
6732587	6732588	2
4024065	4024066	1
2390509	2390510	1
10342069	10341970	1
8479781	8312952	1
4099713	4099714	3
5275952	5275947	1
8209919	8209920	2
8623229	8623230	1
12434752	12434751	1
3264736	3264936	1
360391	360392	2
5368600	5368599	7
5751244	5751241	2
9083568	9083671	1
5398190	5398232	1
2388461	2388462	3
7902449	7902450	1
9086495	9086493	2
7457332	7457386	2
10811165	10811166	4
8411460	8411457	3
3077331	3077334	2
863294	863293	1
11127540	11127539	2
12143443	12032353	1
6390734	6591171	1
11760432	11760426	1
9374578	9369909	2
3716121	3716086	2
6598538	6598545	1
6042735	6042738	1
2269364	2269372	2
7070550	7070545	2
9644063	9644064	2
1277216	1276908	4
11688583	11688584	2
8222007	8222008	3
12282960	12282959	2
5359924	5359923	1
1786692	1786691	4
7586730	7586735	1
10767168	10767171	1
3359461	3357124	1
5722849	5722852	1
11847111	11847114	3
1669632	1669635	3
3928897	3928898	1
5689766	5689761	3
10793303	10793304	2
3613702	3613701	4
654172	654169	1
8001433	8001436	6
5514343	5514329	1
6497727	6497728	1
7156364	7156363	1
309107	309108	1
6834804	6834803	2
7659369	7659391	2
8704899	8704896	1
3568720	3568719	1
7075094	7075091	2
10498377	10496870	3
11430962	11430961	3
10011452	10011257	2
818310	818308	2
2240979	2241241	1
5633803	5633804	3
7975726	7977026	3
1127598	1127597	1
6071803	6071808	4
951054	950740	1
9349114	9349113	3
9368775	9368749	1
6859592	10285743	1
8622552	8622536	1
11236931	11237536	2
6100699	6100700	6
250128	250127	7
2121556	2122430	3
3954297	3954382	2
10090295	10090296	1
466132	466131	1
5699831	5699843	2
76357	76358	1
2452356	2452359	1
11656355	11656356	1
5673023	5673024	1
10803593	10768901	2
2848104	2848103	3
5157863	5157856	5
9770370	9770369	1
1049195	7955339	1
6907409	6907412	2
2844190	2844189	3
482908	482907	1
5592058	5592816	1
5490076	5493976	2
377838	377835	2
6622140	6622139	2
4521862	4521857	1
5942226	11572941	4
3363633	3363634	2
3523097	3523098	1
1105725	1105726	3
6342406	6342405	1
8826472	8826471	4
3216428	3213244	2
1588388	1588387	8
6568661	6569250	3
5578281	5578282	1
1431643	1431557	1
6160412	6160409	2
3749067	3749068	1
477823	482678	1
10325629	10325860	2
142441	142442	3
6311565	6311566	2
9342515	9342091	2
11724170	11724728	2
4362413	4362688	3
6504515	6504468	3
9493275	9492912	1
10299683	10299684	2
4626783	4634090	2
8292468	8292465	3
12172820	12172770	2
10715904	10714594	1
6826525	6840613	1
6798769	6798770	4
11762699	11762700	2
9037268	9037267	1
5689042	5689041	4
9359641	9359642	1
5792572	5792571	2
5203083	5203084	2
11376804	11375345	1
6174217	6181960	1
10466424	10466423	1
1306716	1306719	3
12728994	12727903	1
10821598	10821597	4
11451311	11451309	1
1206804	1206803	5
10214607	10214608	2
1641344	1641343	1
879831	879832	3
3212516	3212515	1
117429	117482	1
2628380	2628374	1
204592	204589	1
3693546	3693545	2
10269661	10269664	2
5194091	5193822	2
4166044	4166043	1
2410008	2418508	3
9487415	9580417	1
4832036	10679123	1
3970095	3970096	1
3937081	3937078	2
928496	857449	2
7723928	7723927	1
4776303	4776308	1
3540915	3592672	2
2012212	2118886	3
5160661	5160656	7
3683733	3683734	6
5437482	5437481	2
10403849	10403850	3
2544304	2557858	1
10296308	10296307	2
6367991	6562602	1
5194618	5194615	4
3928901	3928902	1
3609679	3608816	5
163843	163850	2
10518568	10518565	1
6853147	6852042	2
5108950	5113074	4
8904570	8904511	2
5389428	5389342	1
3683801	3680932	3
4615500	4615499	3
11970305	11970306	1
3737078	1971095	1
10767079	10767080	3
5513770	5513769	3
4731779	4731780	1
2148984	2149343	3
671042	671041	2
11974617	11974625	2
6128152	6128144	3
6212376	6212375	4
9291943	9291849	1
10896706	10896703	2
10173580	10171807	1
8925547	8925550	1
1542149	1542150	2
618437	616415	1
11170010	11170009	3
6045290	6045099	1
342404	342403	3
3968564	3968563	1
5516097	5516098	2
4258849	4258852	3
1943403	1943404	1
12462704	12462619	2
1734317	1730375	3
6444310	6443353	3
7956169	7956172	2
5260206	5260205	4
12762147	12774981	1
1133698	1133237	1
11375243	11375246	1
3979224	3979223	1
5325362	5325350	1
5060161	5060164	1
842844	842716	1
7427761	7427762	4
9831751	9831752	2
903284	893903	4
3830871	3830879	1
1045028	1045027	1
5758965	5758966	1
9843940	9843939	3
6313081	6313082	1
2686115	12129299	1
4087333	4087334	2
6520725	6520714	1
10893846	10893851	3
5247181	5247182	2
6438769	6438789	1
267435	268011	2
8522515	8522516	1
6718458	6718455	1
7815341	7860353	2
7841251	7841252	2
10744699	10744823	3
1069886	619175	1
7873396	421168	1
5319419	5319420	3
986348	986315	1
3258	3009	1
855454	855453	3
8269008	8265899	1
3229845	3228764	1
12196718	12202543	3
12482782	12482781	1
235779	235780	1
12485135	12485168	1
27612	27611	1
12451764	12448324	3
8565885	8565886	2
238422	239145	2
772374	944776	3
10193400	10193399	2
8270240	8270237	1
7542598	7542111	1
12311	12309	2
12794098	8739660	1
12427158	12427084	1
4131068	4131067	1
4209355	4209322	1
301662	301653	2
674339	674340	2
2909252	2873802	3
102505	102641	2
5753327	5753310	3
1771717	1771718	2
5136101	5065101	1
11751013	11751014	7
6081727	6081791	1
2417754	2417753	1
7538414	7538384	1
7030983	7030984	2
6431880	6431850	1
6569127	6568639	4
2654819	2654820	2
6823482	6823477	3
8172527	8172528	2
3237332	3237329	1
10556939	10556903	1
9350977	9350258	1
37298	37297	2
4065235	4064165	1
981190	981189	1
4240512	4240511	1
1952101	1950948	1
4148365	4148368	1
6176194	6176193	4
7262050	7262049	2
11989003	11989004	1
3987014	3987013	2
7346722	7346716	1
6108069	6104770	1
6428561	6428562	1
2775892	2775888	1
5096024	5208470	5
2124537	2124869	3
11916518	11925603	1
1946544	1945993	1
6459363	6459365	3
2753171	2753172	9
11498485	11497770	1
2800571	2800572	1
7585688	7587677	2
5544790	5545094	2
2327478	2327477	1
11594803	11594062	1
1502229	1502230	2
5233305	5233306	1
5185915	5185916	1
3494819	3494822	2
7700327	7700328	1
6141797	6141798	1
7467894	7467893	2
11039607	11039608	2
8529616	8529622	6
4032870	4032869	2
2020420	2022591	1
8104063	3744770	1
3331777	3331778	5
9837657	4859642	1
7360225	7360277	1
8750775	8750776	2
1713429	1713430	5
7202039	7203527	1
320777	320778	1
1257895	1260326	5
1304460	1304459	3
5936684	5936683	4
8158888	8158885	1
4306337	4306473	2
10294946	10294945	1
6081832	1608385	3
12716755	12716756	1
2562646	2560958	3
5858497	5858500	1
6467619	6467675	3
12201766	12201765	1
7227057	7227058	1
9130839	5164118	1
5195285	5195050	9
673702	675693	1
11579191	11579192	1
4569260	4569259	1
10405308	10405307	2
3554073	3554076	2
7819297	7819279	1
7909098	7909097	1
2762547	2744317	1
685562	685561	3
8979482	8979481	2
2909889	2912137	1
1373119	1604491	1
4624490	4624485	1
848625	848626	2
10924293	10924294	3
10111847	10113709	1
6121246	6121243	3
6946031	6946032	1
11166613	11162349	1
6410232	6410374	1
4911456	4911455	1
11504767	11504768	1
10509305	10509306	4
4366717	2775181	2
6818303	6818327	2
9990427	9990428	4
5662475	5662447	3
12045812	12045834	2
6683334	6683327	2
9513245	9513246	5
5409904	5410225	1
4188032	4188031	2
7536000	10121748	1
7933709	7931693	1
11738593	11738596	2
6712612	6712611	2
12359200	12359197	1
5626089	5626090	2
10441378	10441377	3
7737596	365223	1
2619240	2619239	4
9427936	9428170	4
2149781	2149641	1
11116419	11116420	2
802664	802661	1
1397882	1397881	1
8566260	8566259	2
6977552	6977551	2
1164539	1163609	3
5924928	8427971	3
11241590	11241589	1
9850232	9848621	1
6049715	6050153	4
2656820	2656819	2
1602699	1602700	2
4794843	4794844	4
4827695	4828013	1
7580710	7580707	2
9420831	10008345	1
692042	692041	2
8531810	8531809	1
4705140	4705137	2
1672130	1671867	2
6657724	6657723	3
307208	307207	3
2214350	2214304	1
9942746	9942745	2
3973096	3973095	2
9736545	9737794	2
10718918	10718900	5
7830074	7826890	1
3733103	3732287	1
673876	757193	3
1717442	1717439	1
7814168	7814138	1
8359354	8359336	1
11413509	10495311	2
355189	355166	1
7870827	7870789	2
3554091	3551706	1
1191782	1191781	5
11804125	11804126	3
5378738	5378730	4
11605253	11605254	2
5184613	5184614	1
11775970	11775490	3
11554843	11554798	1
8993678	8992653	2
6281527	6281528	3
2589478	2589477	2
12649623	12496839	1
6721049	6721050	3
2650998	2650891	2
11677469	11677470	1
1068066	1068065	2
6669981	6669982	1
10935215	10935216	2
7793526	7793525	1
5216408	5216407	2
3948974	3948973	2
1623163	1623108	1
5729776	5733389	1
12289561	12289564	4
9817422	9817419	2
8276046	8276045	2
7661725	7681118	2
1141672	1141671	2
1947143	1947280	1
7717763	7717289	2
6799990	6799982	3
434239	434240	5
3289584	3289583	1
168397	168398	2
6808982	6808981	4
389100	390644	2
658446	658738	3
4675981	4676105	1
4832038	4832037	2
11387253	11387254	3
7723300	7723299	2
3239640	3239635	2
1236977	1236978	3
3475928	3475866	1
7186340	7186339	4
1900830	1900827	1
7473717	7473725	2
1760949	1710251	1
7446226	5603898	1
9689412	9689411	1
8502163	8502330	2
9867984	9867981	2
1953144	1953143	5
12251616	12251687	3
5655999	5656000	3
4038926	4038925	1
6171182	6171076	2
6026595	6026554	1
620893	626246	2
11786913	11766421	1
9872775	9874202	3
9358014	9358009	3
2034470	2034469	5
11881178	11881177	1
248872	186566	3
11940090	11940089	1
976648	976647	2
10341319	10892465	2
9326519	9326520	4
2475397	2475398	2
5352867	5352854	4
12664644	12665137	6
11007063	11007064	1
10083084	10083083	7
3059230	3059303	2
3993340	3993339	1
2414055	2414056	2
883437	883438	3
4639598	4639597	3
11180936	11180931	3
11038702	10857416	3
5409821	5409789	1
10299879	10299882	1
8044937	8049297	2
10120261	10119576	1
7103579	11551082	1
2901486	2901474	1
2150916	2150915	1
9623245	9623246	2
6256017	6256018	3
1504538	1504130	1
11349798	11349797	3
10294078	10294077	1
10336562	10337095	1
9260836	9260835	2
1847548	1847547	1
2370979	2371334	1
1757778	1757777	1
1220640	1220618	2
4426541	4426542	2
50435	50436	3
3589076	3589147	1
10288265	10288267	2
11753744	11753743	1
8896671	8896674	1
3515088	3520301	1
11026968	11026967	1
517023	517024	1
4837223	4837224	1
9313708	9313707	1
4877275	4877276	3
2554324	2553603	1
7998867	7998868	4
9374405	9370021	2
2195701	2195702	4
5722834	5722848	1
4208062	4208027	1
6468446	6468438	2
11776123	11776124	3
5260204	5260203	4
3966282	3966281	4
8102259	8102260	2
6182716	6182744	1
4477715	4477716	2
6310779	6310714	3
4565278	4565277	1
4299186	4299185	2
9490501	9490491	2
9493915	9452038	3
4038928	4038925	2
8880189	8894005	1
8702047	8702275	2
5283816	5284987	2
7460383	7460386	2
11789265	11789266	1
6618546	6618533	2
3183262	3183261	2
10220429	10220430	1
2027462	2029126	1
3316041	3316042	2
5426465	5429522	2
2177295	2177369	1
11727873	11724081	2
7006274	7005952	1
7794601	7794402	1
3794222	4028918	2
5969859	5969860	1
1838975	1838976	3
8030605	8030606	1
9942569	9826061	3
10369266	10369265	5
11698082	11703653	1
1922435	1922438	1
10053920	10053919	3
12119287	12119288	1
8665732	8665729	1
429192	429189	1
3908674	3908671	3
8920033	8978029	1
11400469	11358379	1
182959	182960	4
1397792	1398172	1
4533799	4534099	2
10519950	10520011	2
143040	144487	4
9086786	10987265	2
10992628	10992364	1
9349116	9349115	5
9123850	9123847	1
5949733	5949734	4
1308857	1308858	1
6275847	6275795	3
11793038	11793102	2
3738305	3738306	1
7680929	7680930	1
2020201	2020202	3
4582644	6823197	4
8632400	8632399	2
7991424	7991423	1
10186193	10186194	1
4813237	4813238	6
10930635	10930636	2
9349112	9349111	2
3377340	3377337	1
6740725	6740726	1
6507929	6507930	1
7282065	7282066	1
3746253	3746254	7
6239981	6239982	1
2449979	2449980	3
3980535	3980673	1
9339518	9339520	1
5799544	5800616	2
10294343	10294344	4
4732406	4755098	4
10335944	10335943	6
10584697	10584698	4
8277245	8277252	1
3923667	3923668	1
4829514	4829482	1
8746601	8746602	1
12533668	12533667	1
9197333	9197334	2
4634663	4634664	1
4257288	4256721	2
5840107	5840115	1
1900449	1900466	1
11793948	11379749	1
4367267	4367270	1
8039325	8039326	1
6020154	6019581	1
5633061	5633039	2
1507564	1508514	2
10900349	9238700	2
1598599	1598584	1
4767336	4767335	1
5420070	5420069	1
2750700	2750707	1
10457962	10457961	2
5924862	1598149	1
448613	448614	1
7746988	7746987	1
7179767	7179768	2
6045292	6045099	1
3064399	3064400	1
1287730	366932	2
11497079	11497080	1
5151501	5151502	1
10173468	6640027	2
4549612	4549611	1
5896311	5897594	1
5494117	5494118	1
6620054	6620057	1
5103078	5103061	1
11808431	11808432	4
5590489	5590490	2
2796136	2796133	2
11944628	11944627	3
9026452	9026845	1
12035124	12035123	1
7524141	7525745	1
9092183	9092184	4
6313827	6313830	2
8840129	6716799	1
6430959	1094963	1
3276504	3276501	2
7555226	7555225	2
593338	593337	2
8326056	8326055	1
12668575	12668578	1
10478667	10478608	2
5580670	5580667	5
5276242	5276241	1
4376423	4377481	2
9127633	9127634	1
9728842	9722830	1
9751340	9751337	1
163638	163635	5
3118397	3118237	2
11888463	11888464	4
8812421	8812422	6
10190932	10190929	2
4570018	4556776	4
4544532	2783829	2
9331728	9330249	1
6736721	6736722	6
6666374	6666373	2
8198126	9022978	1
5697166	5697161	2
337011	337012	2
6055008	6055005	1
10569051	10569052	1
6757511	6757512	6
11421984	11421981	1
3471145	3471146	2
4253315	4254056	1
8565516	8565515	1
2964405	2964406	1
2457369	2457370	1
8101398	8101586	1
12734684	12732660	3
3550512	3550727	3
5493677	5493678	2
5532553	5532546	2
11149120	11149119	1
2845961	2844189	2
16636	16635	1
862788	862787	4
7283223	7283253	2
10363017	10363018	2
6494991	6493615	1
399015	399016	1
583923	583924	2
11561765	11561696	1
6009815	6009860	1
481569	481570	1
9300602	9296292	2
2274584	2274583	2
5364144	5364143	2
7091702	7091701	1
10908121	10908122	3
5238279	5238280	6
3798161	3798186	1
10878399	10878936	1
10914919	10914920	2
9308993	9309177	1
7550838	7550837	1
11457941	2838328	4
1367728	1367727	3
5748727	5748728	1
2078940	2078937	2
11632766	11632765	1
6166914	6166913	1
5153776	5153775	2
4736918	4736917	1
6742646	6742649	3
1519745	1519742	1
6196442	6132970	1
6330417	6330420	1
10878391	10878392	3
7588165	7588166	1
11189792	11189791	2
9016687	9015543	1
2324371	2324374	1
1305476	1305475	2
7190862	7190563	5
1365083	1365086	3
9167235	9167417	3
9997775	9997850	1
933342	933341	1
9528523	9528524	1
7596910	7596909	3
706945	706946	1
744279	744280	2
10290560	10290559	3
307478	307477	2
5373238	5373235	1
6019355	6019356	1
12017641	8549806	1
2847182	2847181	4
6211664	6211663	4
10779071	10779072	4
4437706	4437705	2
115582	115322	1
11805591	11805592	2
8886069	8886070	6
2923738	2923737	4
5948513	5948514	4
4258849	4258850	1
3673272	3672938	1
10552074	10551887	1
6869081	6869042	1
7446358	7446357	2
10204075	10204078	2
10694313	10694314	1
9972840	9972989	1
7839639	7839624	3
2021662	2021661	3
6785997	6786000	1
12478639	12478640	1
6108870	6108869	1
2278256	2278251	2
12155342	12155432	9
8496252	8496251	1
777624	777636	1
2309679	2309680	2
6783944	6783943	5
10813081	10813082	1
4808743	4808761	1
5751707	5750291	3
12778500	12778499	1
9832180	9832179	1
1136630	1136629	1
5386665	5386666	7
6452211	6452212	2
8750978	8750977	1
3257705	3257706	1
4636311	4636329	3
1891808	1891755	3
7283223	7283251	1
12767147	12767200	1
2952106	2925774	3
1837195	1836962	3
11249885	11250216	1
7705166	7704036	1
3937433	3936625	1
6574629	6574630	1
7819261	7819262	3
5749082	5760008	1
1667368	1667367	2
7966543	7966544	2
4128582	4130885	1
4521729	4521651	2
2494320	2494315	6
2118391	2118392	2
2074334	2097596	1
9954096	9954095	2
2973735	2973898	1
11555973	11555978	3
8042618	8042617	2
2026709	2026710	1
2025589	2025592	2
2740375	2740376	1
8509515	8509554	4
11333864	6966797	1
1472936	10008345	1
11548170	11548169	5
10665387	10665377	2
6191629	6191630	8
11994448	11993418	1
6051682	6051681	2
8327313	8327314	2
9838059	9838647	1
5019269	5019257	3
1539616	1539613	1
5464114	5464113	2
6513588	6513918	2
1969856	1968460	2
737453	6196	2
3291016	3291015	1
8575213	8575233	1
494257	494258	1
11558740	11558739	2
244960	145331	3
3495117	3495120	4
625192	625180	3
6278791	6278798	1
10564235	10564485	1
5212625	5210683	1
8671965	8671966	1
2299617	2299622	1
9341514	9341548	1
461247	461248	1
5975612	5975608	3
4272110	4274788	4
4775510	4775509	2
4408278	4408275	1
377838	377837	2
10239011	10238997	1
9358016	9358015	4
2101582	2095734	2
8954350	8954347	1
6341096	6341260	1
11959683	11962953	1
1693931	1693932	2
1681135	881459	1
10700869	10710492	2
5579150	5579046	2
3642733	3642843	1
1771636	1771639	3
11327330	11327281	7
4692492	4692489	1
4845810	4845809	2
4000181	4000182	1
4076616	4076615	1
11861137	12769734	1
12647211	12647214	6
12748904	12748590	1
6753565	6753590	1
10737261	8580817	1
5627992	5627991	2
5700561	5700562	3
1252766	1252769	3
131310	130185	1
8423178	8423177	1
9356771	9356772	4
10196512	10236517	1
701877	701868	1
4007457	4007458	1
4007872	4007869	1
3317793	3317794	1
6915703	6915704	1
4791807	4791808	1
5783001	5783002	2
425034	425032	1
11613295	11613296	3
9328898	9328897	3
6189330	6189329	1
7153195	7153196	2
3560474	3560477	1
3088246	3088245	3
8650435	8650436	1
11566960	11566959	1
11516850	11519388	4
11727875	11724081	1
9247778	9247777	3
7152092	7152242	3
1236830	1236841	2
8335147	8335155	1
8034990	8034895	1
975971	975967	3
7858510	7858480	1
11741114	11741108	3
8844675	8844678	3
9195041	9195042	1
11364302	11364285	1
11100899	5691538	1
4164713	4164337	1
1610720	1610719	5
91061	91058	1
6270544	6270543	1
11385333	11385338	1
11531275	11531272	2
4409140	4409139	3
4642218	4642217	1
1782125	1782120	1
12464034	12464033	1
5231774	5231773	1
10146923	10146928	2
467432	467431	6
266242	278422	1
2446065	2446066	1
576057	576058	1
7128318	7128317	2
10377110	10377095	1
8497135	8497138	1
1642838	1638455	2
6151478	6151477	1
8095456	8095503	2
6797755	6795425	1
2755632	2754707	3
5502010	5502003	2
4913802	4913741	5
5832840	5832839	1
2833222	2833221	1
4416792	4415106	3
2827241	2827242	3
1856856	1856845	1
962845	962860	1
6171668	6171665	1
4357235	4357236	5
2435258	2436002	2
5535265	6541367	2
6810635	6810636	3
2815116	10029769	2
3808648	3808647	2
7378116	7391036	5
3957472	3957471	1
6106322	6106298	3
3127787	3127788	1
10196946	10196945	4
8040577	8040578	2
5429338	5429335	2
217188	217187	1
12370652	12370651	3
1774279	1774265	2
2279455	2278793	2
1309330	1306391	2
9609683	9609684	1
7858081	7857464	1
1921446	1921445	1
971746	971713	1
4875375	4875313	3
9636370	9636369	1
1568062	1568061	2
4670624	4670621	1
5248216	5248215	1
2727964	2727963	1
7747056	7747055	11
4614817	9865646	2
10094086	10094045	1
5587946	5587945	4
159058	159196	2
6439601	6439602	3
1092779	1092780	1
7970363	7970360	1
2798093	2798094	1
5535021	5535022	2
8742913	8742871	1
3593513	3593514	3
1831034	1831033	1
6633856	6633741	4
3028320	3028326	1
2013280	2013278	3
11705106	11705105	3
11005719	11005720	4
1151552	1151560	3
6186297	6186298	4
5280805	5280806	2
11558742	11558741	2
9516947	9516978	1
7901386	7901372	1
9314892	9314890	1
2131435	2131638	1
9187786	9187776	4
11747987	11747988	1
4631125	4631126	3
7792858	7792857	3
7917634	10915551	1
8530235	8530245	3
8419711	8419712	4
6009818	6009817	2
6010045	6010046	5
5987008	5981283	1
5289225	5289226	3
4161994	4904468	1
5667397	5667398	2
3455388	3453582	8
7292264	7292259	1
3542730	3542725	3
922409	1586936	5
5131359	5131360	1
3562645	3562646	2
10109629	10173125	2
11178587	11178588	4
12313521	12313522	2
7274592	7274589	2
6561880	6561879	3
2727743	2727744	2
4375627	4373568	1
8023373	8023374	1
4511764	4510942	1
6016101	6016102	4
11594382	11593920	3
3078715	3078716	6
7320638	7320637	1
11986035	11986036	3
1906940	1906939	3
11988696	4446748	1
10803774	10803773	2
5782535	5784451	1
5142750	5142749	1
5640636	5640635	3
5697164	5697163	3
1180994	1181681	2
3314686	3314233	3
2883997	2883998	3
8375744	8375743	5
8350757	8350758	2
3701007	3701008	4
9682505	9683152	1
2096625	2096626	2
3622940	3622969	5
4517571	4518866	1
2727561	2727562	2
2361953	2361954	4
9365412	9365411	2
898514	898513	1
9581269	9579015	3
2449642	2386750	1
5425838	5425837	4
5176003	5177280	1
937526	937525	1
8777262	8777259	1
7702560	7702557	4
1047754	1044667	2
4050324	4050323	2
314582	314581	4
8467770	8467769	2
3766455	3766419	1
4101936	4101933	5
6736732	6736731	1
6192382	6192381	3
9427770	9427531	2
8150505	8150508	1
3985221	3985222	2
5713191	5711286	2
1030164	1029573	1
6434238	6434237	2
4188034	4188033	3
4391806	4391820	2
2417754	2417751	3
5442100	5442474	2
1010711	1009620	2
6539968	6539785	1
9825303	7493171	2
11906474	11906473	3
6871610	6871166	1
8656471	8656478	4
8040927	8040928	2
9957127	9957128	2
6806535	6806536	2
2561323	2561324	1
11699314	11699313	2
6068455	6069656	2
6362366	6362365	1
8560523	8560513	1
2838069	2838076	3
5830951	5830952	4
3824614	3824613	1
2261976	2269038	1
5251946	5250392	1
5709155	5709156	3
6169003	6169138	2
1369375	1369416	1
965290	965289	5
11207885	11207886	2
1022057	1022058	1
4081573	4081642	3
12043629	12043634	1
1868085	1866721	2
9862967	9912375	4
318647	318650	1
2699947	2699948	3
5882890	5882965	1
9824853	9824854	2
10097365	10097366	1
11362356	11362355	1
2480329	2480042	1
6493600	6493599	3
5115937	5115938	3
5314330	5305902	2
6493824	6494613	1
11865446	11865445	2
10799894	10799893	7
2144578	2144577	2
3403867	3403870	4
1131760	1131759	1
11765921	11765858	1
1986891	1987438	2
5700159	5700563	1
5584149	5584202	2
4803873	4803876	4
9279218	9279217	3
2921991	2922023	12
11492901	11492130	4
1922435	1930844	1
2791510	4504287	3
10110978	10110977	5
7212730	6901922	1
3871239	3871240	2
5409817	5409820	2
9903056	9905874	1
7643613	7643614	2
781503	3362267	2
11814950	1969992	1
8292466	8292465	2
3737133	3737136	3
1093732	1093063	3
1296967	1296968	1
7987855	7994703	3
10895675	10896885	4
3207378	397444	1
6882965	6882966	3
3098110	3098109	2
2746005	2746010	1
10235679	10235680	1
7932110	7932107	3
3318968	1072169	1
12762463	12762464	1
2505699	2505702	2
10694147	10694148	1
1485978	1478169	3
10959226	10959225	1
8705761	8705762	4
5409821	5409822	6
8096048	8090295	1
7267587	7267588	2
11439198	11439195	2
5415819	5415822	1
7255559	7255560	1
10067493	10067494	2
12682029	12682030	2
6552524	6552515	2
11189789	11189790	1
7307333	7307336	1
11352831	11352832	1
6909	6912	2
1619731	4988319	1
7794634	7788057	1
12041871	6952412	1
10392932	10392931	1
12366527	12366530	2
8031480	8031452	2
688537	688538	1
3000817	3000873	1
11725565	11725593	1
1630021	1629366	1
2435349	2435359	1
5676807	5676825	2
6569127	6569128	2
11740573	11740689	1
8025199	6778718	2
1096948	1096946	1
12206314	12206330	1
6865592	6866087	4
10779836	10780013	1
6011319	6011320	1
5376601	5376589	1
5487019	5487020	3
3972694	3972693	1
4435048	4434728	3
7258937	7259526	3
5984048	5984047	2
11120237	11120238	1
9892232	9892231	1
5453485	5453486	1
10503683	10503684	3
6131317	6131318	1
12429662	12429661	3
6692573	6689759	1
2689162	2689112	2
1463220	1463219	5
1602731	1602732	2
267433	267434	4
4176587	4176588	5
8045326	8045325	3
7359615	7359616	1
8964002	8964001	1
8042616	8042615	2
4273097	4273098	5
1787240	1787239	5
4270500	4270499	3
442315	440399	1
7081067	7081068	1
5974433	5973858	1
11671059	11671060	1
7810188	7810187	2
7788033	7788034	1
10195634	10195941	3
8952077	8952039	5
3377809	3377810	2
9380740	9377420	3
11349696	11349693	1
3893676	3893461	1
4557504	4557503	3
3706035	3706036	4
2271220	2271076	3
270657	270658	4
2877785	2878464	1
4398678	4398677	2
497105	497106	5
9970145	9970191	1
5702304	5702303	1
5815089	5815051	1
12472042	12472041	3
11867356	11867355	1
12479514	12478937	2
939551	939552	2
3508210	3508215	1
7859720	7859715	1
7678891	7961879	1
5419912	5419911	4
7788835	7647249	3
1535839	1535842	7
5606193	5606191	1
4175435	4176588	1
2162064	2162063	2
11628239	11628240	3
703027	703028	1
139195	137913	7
5363346	5363343	2
1659651	1659652	1
745617	745620	1
41427	41428	1
10155553	10155554	1
4194811	4194816	2
9536114	9536953	3
1722929	1722930	4
4219151	4219148	2
11610035	1567804	1
4329188	4329187	1
199598	199597	2
4985018	4985611	6
3549521	3550048	1
3381971	3382194	4
10938112	10938111	2
7810186	7810185	1
10598665	10428767	1
6866672	6866671	1
6503973	6503978	1
8235268	8235302	1
8572316	8572330	2
6490717	6492255	1
2984582	2984581	3
5764261	5764262	1
9908457	9908460	2
5549098	5549284	6
9051964	9052215	1
2389222	2388689	3
12602724	12602723	1
8622615	8622616	1
5671139	5671035	4
10711335	10710837	2
11268112	11268124	5
10460612	10464007	2
5993878	6106906	1
2906296	2103486	1
7215007	8560508	2
1636252	1636809	3
7322779	7320862	1
4479397	4479400	1
5902287	5902288	2
6542767	6542768	2
626732	171050	1
8881131	8881136	3
5931782	5931781	2
5987701	5987702	3
1183096	1183095	1
9384777	9384432	2
422800	422805	1
3090683	3090684	1
4236677	4234401	1
650208	652027	2
7527789	7527790	3
10604323	10604338	2
1436680	1436679	4
2421426	2421417	1
8648115	8708632	1
599359	599360	3
4790583	4790584	3
8560259	8560260	1
7748266	7748269	1
11661457	11661460	1
5989039	5989040	1
361890	361889	1
12457932	12458746	2
2842013	2841885	7
3756102	3756101	4
50773	50774	1
7035343	7030982	1
5951415	5951416	1
4000179	4000180	3
3852970	3852967	1
6691572	6691571	1
9240279	9240280	2
3525099	3525100	3
2569225	2569958	3
4016009	4016010	2
10798974	10798945	2
8625250	8625247	1
6004209	6004210	2
2204979	2206242	1
8301221	8301198	3
10926259	10926260	1
4362923	4362975	2
9181269	9182546	3
10453605	10453608	1
4382284	4382283	2
9673814	9673811	1
3680671	3680672	1
7335259	7335260	3
2470035	1760485	4
5834988	5834987	1
7034649	7034650	2
5586012	5586011	2
10910860	10910859	1
7180768	7180788	6
5363294	5363293	5
12034624	12034623	3
8286932	8286931	2
5153044	5153041	2
11528787	11528801	1
687047	686994	3
5450971	5448884	4
2658874	2658873	2
9095255	9095256	1
7081217	7081218	1
6951039	6951040	1
4745272	4745271	2
8076938	8216711	2
5949733	5949738	2
4127197	4127198	1
286271	287718	1
3534988	3535712	2
8760761	8760764	1
9079370	9079369	2
6830322	6830319	1
5615483	5618377	2
9843352	9843351	2
5469065	5469066	1
7021377	7021378	1
9825031	11966048	3
12251429	12245541	3
8041248	8042270	2
1953341	1953342	3
5722533	5722652	1
7335156	7335155	1
3214245	3214246	1
9303006	9306097	3
1767982	1768220	3
3987875	3987876	1
10289035	10289048	3
4636306	4636296	3
11715105	11716084	1
8846074	8846073	1
4736127	4736128	1
10745652	10745651	3
11471605	5858840	1
10040914	10040913	2
11281151	11281152	2
6951359	6951292	4
9692818	9692817	1
8750684	8750683	5
3729180	3729179	2
8512439	8512440	3
7817363	181747	1
167949	168398	2
33631	33632	2
3215471	3218668	1
3362689	3362690	3
7133416	6107759	4
6794670	6794669	2
8468111	8083774	1
9770779	9772088	1
12365268	12365240	8
2256121	2251693	2
11070479	11070480	1
4534123	4534088	1
1122653	1122654	1
6503908	6503907	3
5867150	5867149	2
6343382	6343381	1
10059278	7636838	3
11111376	11111375	4
5494017	5493574	1
1903863	1903864	4
5608412	5608411	1
424655	424656	1
4604470	4604608	2
1356653	1356674	2
9026996	9026995	1
9255116	9255065	1
11669195	11669196	1
3400822	3400975	1
10507337	10507338	3
8535565	8535891	1
8721873	8721876	3
8876866	8876865	4
1045772	1045775	1
3939010	3939009	2
11160521	11160562	1
10299583	10299584	3
7067944	7067941	6
12485573	12485574	2
1717651	1717652	4
5747002	5747001	3
5250920	7537931	1
4800096	4800095	4
870077	870078	3
4854132	4854131	1
10690278	10690277	2
4686826	4686825	1
1570333	1570334	3
7373454	7373704	5
11453930	11454781	2
511352	511490	1
9546693	9546704	1
8644469	8644495	1
486206	486193	1
2234578	2234577	1
3096641	3096642	3
9672822	9672042	1
12398555	12181149	2
7703414	7703411	1
3735019	3735020	1
7535515	2797372	1
1469326	1469337	1
3130181	3062940	3
9710962	9710905	2
8750684	8666172	1
4516409	4516489	1
11816624	11847475	4
8345553	8342889	3
8843747	8843961	2
7143726	7143725	1
9119806	9119795	1
4068579	4068582	4
3588759	3588764	1
1100849	1100850	3
6972669	6974264	1
11625548	11625545	1
11967834	11967814	5
3353138	3353137	2
8588429	8588430	1
1919991	1919992	1
9569922	9569921	1
7839625	7839638	1
5513772	5513769	2
8634049	8636538	2
6391374	6391317	1
5195890	5195889	1
4356497	4356124	1
1099905	1099906	2
1038310	1038309	1
2409000	2408961	1
10180467	10180468	1
12603446	12595805	3
2874801	4771032	1
2201424	2203755	2
9932322	9932319	6
413996	413995	1
3413031	3413028	2
12288957	12288935	3
2633228	2633227	2
9541114	11677765	1
5496593	5496594	2
4319874	4319873	5
3153998	3153997	1
9296293	9296296	1
9875405	9875406	1
9193568	9193567	1
1762590	1762589	1
11293467	11293232	2
12794930	12796983	1
915374	915287	3
1450925	1450478	1
7535767	7535768	2
10742838	10742867	3
8071571	8071572	1
4694015	4694487	3
2249375	2249376	2
3978154	3978149	1
5916575	5916576	1
1030480	1030477	1
741737	741738	1
744617	744618	2
12175400	12175402	2
12672854	12672919	1
3904491	3891160	2
4673673	4673674	2
6509174	6509173	4
6206971	6206972	2
5765125	5765126	1
2137424	2139366	1
7149027	7149028	1
914751	914756	1
5514975	5514976	4
7656164	7656163	1
1758496	1758491	1
6897381	6897382	1
5409671	5401076	1
7446366	7446365	1
10067493	10067498	1
12457595	12457596	4
759992	759991	3
355093	355032	1
5705092	5705091	1
12464034	12464031	2
12354852	12355377	3
2317317	2335121	1
10743896	10743895	4
2013304	2013334	1
1103358	1103357	1
763353	763274	4
4739569	4739570	1
11661457	11661458	5
1021519	1021463	1
4358481	4378515	1
8817086	8817085	5
9009690	9009689	1
240861	240862	2
8679151	8679154	4
11814628	11814627	1
7739300	7739299	1
8009412	8009411	3
11038577	10858249	3
10908510	10908509	6
6430425	6430426	3
3140034	3140018	2
7648109	7688697	2
5976543	5976432	2
5387047	5386988	3
3130642	3130641	1
9424456	9424463	4
8839100	8839099	2
1794395	1794396	1
769148	769147	2
3305279	3305280	1
729835	742022	1
6175892	6175925	2
6034580	6034577	1
4583625	4584363	3
2297362	2297359	1
8491772	8491769	3
6872569	6872592	1
7774178	7774164	1
7725123	7725124	1
945253	945254	2
4578959	4578960	2
8827366	8827365	1
8883014	8883013	1
7235129	7235130	3
2012501	2012502	4
5457412	5460715	2
1648293	1648294	1
11969185	11969186	2
9542919	9542920	2
6503975	6503976	4
5607205	5607206	2
770161	770162	9
6261049	6261050	1
7190977	7190978	3
7129701	7129702	3
2893514	2893513	3
770163	770164	5
5810281	5810158	2
11076721	11076723	1
6969288	6969287	1
9543140	9543063	1
7970531	7970239	1
7177905	7177906	1
11705003	11705004	3
12555238	12555237	2
7559532	7559922	1
8099872	8099871	1
7183322	7183321	2
9081959	9081543	2
7989152	7982185	1
10148815	10148816	1
1919954	1919953	2
2898002	2880163	2
122422	122421	2
2691773	2688675	2
7596530	7596529	1
5688519	5688520	1
11264748	11264189	3
12158848	12164917	2
9314392	3671770	1
5067115	5067116	1
10751054	10752270	1
6287445	6232372	2
3204231	3204232	2
4164710	4164709	1
7777035	7777949	1
7063636	7063635	2
6499993	6499994	1
4329364	4329361	1
11814998	11814888	1
1238643	1238673	3
4422540	7216409	1
10939963	10939964	2
10176151	10176135	1
5405119	5404988	1
3786091	3796903	1
5512114	5511195	5
6980685	6980686	7
343488	343487	2
12487249	12487250	3
5592708	5592705	1
6909666	6909665	2
12483850	12483849	1
6755945	6755946	2
3296373	3296374	3
338377	338378	1
8665462	8665410	1
9481599	9481600	2
6013895	6013896	1
6761391	6761811	1
11989339	11989340	2
146912	146521	2
6524942	6524941	1
7183436	7183435	1
2136877	2136878	3
10170046	10170045	3
3262577	3262578	4
7556270	7556269	1
4722756	4722707	2
6460085	6575814	3
11562207	11562208	2
2574897	2574898	7
2417419	2417512	1
10731315	10731316	1
10088700	10088699	2
9532950	9532949	1
8368200	8347162	2
8401552	8401551	2
5643336	5643338	1
6321554	6321553	2
4858555	4858251	2
2180623	2180624	1
10614598	10614595	2
1427636	1427635	4
8014968	8014971	1
8090600	8096049	1
4280829	4281574	1
3212012	3212011	2
5727041	5727042	2
10401456	10401461	2
1273155	1273186	1
11920312	11920311	2
2426181	2426182	1
8158896	8158893	1
5928930	5934873	1
11654206	11654205	4
948375	948376	1
6107723	6107724	4
6617866	868914	1
11772321	11772718	7
2454503	2454504	3
1119641	1119642	1
10841485	10841488	1
5146007	5146008	4
6002262	6002261	2
6879319	6879320	1
6241378	6241377	5
134732	134731	4
11835578	11835577	1
12295952	12295951	3
6924444	6924443	1
283099	283100	3
7692084	7695812	1
12437757	12436263	3
11037019	11037020	3
6381663	6365849	1
1341423	1341424	1
12696321	12696322	1
2708675	2708676	1
9292333	9292334	1
9708562	9709111	2
10730840	10730839	1
2200946	2200991	1
11613684	1712585	3
6067993	6067961	1
823086	823085	2
6396083	6396084	1
8231246	8231245	2
12324477	12324478	1
10919953	10919956	2
8517217	8517218	2
5651108	5651107	1
445800	445799	2
5105645	5105648	1
1087437	1087440	2
10887773	10887774	1
3127420	3127419	3
1509789	1509961	3
7905983	7905967	7
5850209	5850497	2
5326347	5326348	2
6956706	6956705	2
8802872	8803036	1
11893143	11893144	1
11387259	11387260	3
4574180	4574179	2
12611050	12611049	1
11159245	11159248	1
5467355	5464428	2
291072	291071	3
11869929	11869932	1
12156882	12156881	3
11715621	11715624	2
9856249	9856254	1
4474501	4474502	1
287461	3872085	1
1291805	10402567	1
7847242	7847206	1
2314422	2314421	4
8081473	8081474	4
9068675	9068676	2
11800614	11800613	2
7858479	7858480	1
1874653	1874560	1
7737992	7737987	1
2445319	2441573	3
3605731	3606812	1
8181686	8180951	2
9879562	9879561	2
5417915	5417924	1
8302664	8302693	1
9709219	9709220	4
6636928	10180609	2
8571436	8571433	1
5809964	5809257	3
12484464	12484463	1
12665136	12665135	5
12633126	12630208	1
2561040	2561039	2
12522335	12522336	2
2270161	2270162	3
8500607	8500608	3
5748663	5748664	2
8061655	8061656	4
7806207	7806208	8
757192	757191	3
62985	59383	2
348520	6597887	2
11942694	11942693	1
2295889	2295838	1
5279143	5279144	1
6207711	6207368	2
5710360	5710396	2
2040811	2040812	1
4788106	4788105	1
3734451	3734452	2
10953978	5603222	1
6105173	6105040	4
7475918	7475915	1
6105110	6105109	3
8405920	8405923	1
4018183	4018151	3
4081491	4081492	2
2740817	2740823	3
6875286	6875285	2
4433992	4433991	1
7726752	7245815	5
3633482	3633481	1
5959515	5959516	2
721099	721100	3
6818287	7738523	1
6101014	6100931	2
3811151	3808305	1
8922984	8921926	2
9817487	9817490	3
8994092	8995088	1
6476347	6476348	2
7736753	7735040	1
645677	645678	4
3525287	3525288	4
9334554	9334553	1
6657722	6657721	1
7150019	7150020	1
3854572	3854571	4
2909500	2909063	4
12390434	12390433	2
2597643	6590608	4
10958240	10958239	1
4560531	4559363	3
1800906	1799192	2
8601466	8601465	7
5835730	5835748	2
3007624	3007623	2
3122534	3122533	2
2377304	2377303	4
9289140	9289474	1
1422684	1422683	3
2024643	2024644	2
5490871	5490872	1
2591746	2591745	1
4680370	4680367	1
9434560	9434557	2
8602739	8602745	2
911525	912737	1
7521	7522	4
6633040	6633039	3
7597754	7597751	1
6252430	6252420	3
2470766	2470765	1
10042982	10042981	1
4067371	4067372	9
9536133	9536138	3
1004050	1004049	1
7745566	7743687	2
10979199	10979200	1
8683048	8683064	1
9845571	9845572	1
7981644	7981643	1
1033648	1033647	2
811549	811550	1
11277182	11277181	2
11610431	11610434	2
3038404	3038403	1
6633858	6633857	5
9818188	9818187	2
8221214	8219881	2
11427651	11427652	4
12028539	12028522	1
9231006	9229886	3
3649245	3649246	1
12338742	12338741	1
10367743	10367744	1
4925366	4925365	3
7647307	7640400	6
8434195	8434196	6
5833545	5833546	1
558522	558521	2
163632	163635	1
4767338	4767337	3
6580610	6580609	1
1013241	1013620	2
1037216	1037213	1
5041172	5041171	2
5308754	5308753	2
9930078	9930077	1
3377342	3377341	4
4841140	4841135	1
2263830	2263829	4
8106209	8106210	2
7730312	7731715	1
9090833	9089873	3
11268469	11268474	2
4580623	4580624	2
3732068	3732067	1
11671061	11671062	2
3544989	3544990	2
10505215	10505216	4
6556484	6556483	3
6678727	6680520	1
400303	400304	2
11554492	11554489	1
817059	817064	3
12757968	12756819	7
4236515	4236516	1
1638704	7976228	1
5011368	5014753	1
8362513	8362856	3
8020222	8020217	2
9538044	9538043	1
5968910	5968907	1
10374688	10374103	2
6393059	6393077	2
1563852	1563855	1
10479990	10479989	1
8955544	8955530	1
8168636	8168635	4
7040220	7040215	1
2028569	2028526	3
1566253	1566254	1
4222994	4222993	2
2939294	2939293	1
272613	272614	2
2877110	2877109	1
9636367	9636368	2
8148818	3455877	2
6167587	6167505	1
11236442	11231348	1
1241548	1241547	1
9056541	9056542	2
6311052	6311049	2
7682959	7682873	1
4204330	4203592	1
10772991	10772992	1
5270234	5270233	2
10529527	10529570	1
342930	342927	3
135807	135808	1
9640747	9640792	2
2345816	2345815	1
10179054	10179080	2
10891894	10891891	4
4786656	4786655	1
6997053	6996657	4
6148809	6148810	2
8641005	8641006	1
6461929	6461930	2
6065119	6065065	1
6415480	6417078	2
6161628	6161627	2
8108519	8108522	1
3187599	3187600	3
12196720	12196719	1
9345264	9345263	1
12781714	12781713	1
5759463	5759464	2
11775476	11775475	5
8514030	8513998	3
5998270	11442159	2
3266315	3266316	3
6959567	6959570	2
839418	839417	2
11808431	11808434	1
2109446	2109445	5
10538485	10538528	1
11101427	11101428	2
11532337	11532338	2
8884911	8883757	1
8660309	8660323	2
11816070	1875493	2
2018783	2165813	4
8467768	8467752	3
7010717	7011017	2
5617008	5617007	1
4611625	4611584	1
12313519	12313522	1
3854765	3854766	2
11999224	11999223	1
1850104	1850011	1
3280288	3280287	7
721097	721100	2
9162034	9162033	1
5102454	5102593	3
2892850	2927284	2
5756453	5756454	1
7372695	7372696	1
404146	403949	2
5985755	5986240	1
7152094	7152093	3
10283046	10283043	8
1598223	1598224	1
6061194	6061193	3
8080415	8080385	2
814223	9722386	1
9932325	9932326	2
1579182	1579181	5
5313295	5313296	3
9804747	9804748	1
435466	435471	1
5536248	5536251	1
321869	321870	1
10911556	10911555	3
2161340	2263607	2
6897383	6897358	1
6034605	6034606	1
3419219	3419220	1
7030056	7177118	3
9106824	9106823	1
7900677	7900678	1
9506117	9506108	2
4522489	4523009	1
10578625	10361397	1
1468760	1468759	2
9923938	9925580	1
744200	744278	2
11747814	11747813	1
11529099	946984	1
2983020	2983019	3
7946661	7946662	1
6358596	6358593	1
3888631	3888632	1
12415450	12415447	3
5255334	5255331	2
1694303	1694304	3
3359707	3359708	5
2076073	2076074	3
200805	200808	3
7011974	7011973	3
7976741	7974892	1
2663464	2661539	3
7893224	7893223	1
8909766	8910195	3
670255	670258	1
3396395	3396396	1
3395614	5939922	3
4082202	4082201	2
3946615	3946590	2
6925018	6925017	1
7451450	7451447	1
5656230	5656227	1
6810595	3885807	1
7489899	7488316	1
11701599	11701600	1
8750777	8750778	1
12118749	12118750	1
1686064	1686061	1
5487021	5483995	3
3098112	3098109	1
1762753	1762738	1
11712554	11712561	3
2826799	2826802	1
4605433	4600243	2
7186018	7186017	3
1043369	1042953	1
10455043	10455051	1
4689622	4689621	1
12639744	12639743	2
839534	839533	1
11903541	11903542	2
10505215	10505218	1
4653581	4653582	4
5606126	5606125	2
9921220	9921223	2
6831531	6831534	1
11674133	11674134	1
4308235	4308236	1
11206236	11206195	5
11425721	6339527	2
7907557	7907558	1
8092085	11563537	1
437732	439885	2
10977361	10977362	1
8812421	8812447	1
11636908	11636907	1
10374557	10374729	1
12754210	12754209	1
11164343	11168402	2
10045118	10045117	2
5195459	5195460	1
4279870	4364127	1
9133087	9133088	1
3957746	3958876	2
11147307	11148846	2
1908978	1906497	2
2656572	2656569	2
6182809	6182810	2
7758953	7758954	2
1859801	9847577	1
1652741	1652742	1
11711729	11713482	3
9066430	9067078	3
1836158	11336243	1
11926169	11925449	2
1540572	1540571	1
5353949	5353914	1
57163	56860	1
5168559	5168560	3
9969642	9970711	1
2495297	2495312	1
3534214	3534211	3
4621250	4621249	1
1732022	1732510	1
7897728	7897731	2
5791460	5791434	2
2424521	2425424	3
12144054	12144051	2
5049990	5049989	1
10539810	3277061	1
3903445	3903879	1
2643496	2643495	2
3475007	3475008	1
6093308	6093307	4
5699831	5699832	4
3631121	3631124	1
12012476	12012473	2
7219748	7219747	3
2783356	3115425	1
4536875	4536964	1
4047736	4047735	4
8811919	8811876	1
3374024	3374027	1
5472449	5472723	3
9128331	9128332	2
10170406	10170405	1
3949307	3949311	1
7317511	7317514	1
5918162	5918161	3
6522817	6522818	3
7726756	7726755	4
7644017	7644018	3
10181153	10181154	1
1094667	1094687	3
5770564	5770586	1
5816623	5816624	3
9095306	9095322	2
2860618	2860617	1
495425	495209	1
3300233	3300234	1
10472104	10472103	3
7071005	7071006	4
748042	748687	2
10704881	10704884	1
6296843	6296844	2
7772771	7773083	1
3799205	3799206	3
12407061	12407077	2
3127424	3127421	3
5438420	5438467	1
11695307	11695134	1
398326	398325	1
11889512	11889511	1
7809083	7809084	1
1961480	1961479	3
12751620	12751619	9
6502669	6502692	1
7432048	7432047	1
8539759	8539760	1
1011291	1011270	4
11893679	11893674	3
3305214	3305211	1
5299145	5299146	1
543136	543135	2
7462068	12314569	2
5268700	5269660	1
8363140	8363207	1
12253955	12253045	1
5960340	5960339	4
1402234	1404831	7
5045983	5048497	2
2660459	2660460	4
8767218	8767217	3
6650303	6650306	2
278628	278634	1
4735612	4747332	2
10159754	10159698	1
7819299	7819279	2
8002163	8002166	2
10895049	10894530	2
1066832	1066829	2
502983	504783	1
4329845	4329846	4
2926220	2926219	1
11963143	11963144	2
4696496	2778980	3
11394291	11394395	3
1649297	1649298	1
7618996	7618995	3
6180159	6180160	1
2840197	10066525	2
5509308	5509307	3
3395299	3395300	1
6723111	6723114	1
6266631	6266632	1
6186088	6186087	2
3759733	3759734	1
1088518	1088517	6
7934354	7934368	5
6617793	6617780	1
3524221	3524253	1
2664773	2664774	2
3237330	3237329	2
10838508	10838507	4
845330	845329	2
2678387	2678713	2
3494819	3494820	4
11002282	11002281	6
1562739	1561675	2
5787478	5787477	1
12305601	12306419	2
3322129	9824990	1
11745751	11745866	3
10278962	10282147	2
11239057	11241615	1
4093479	4093480	1
2878014	2878011	2
6362076	6362075	1
11320034	11320036	1
4132415	4132416	4
2006651	2006652	4
10886559	10886560	3
8262568	8262567	1
372198	368854	2
6010598	6010592	1
4647526	4649116	1
10086857	10086858	4
3022896	3022942	2
5152386	5152864	1
22414	22413	2
5312406	5312405	3
10048634	10048629	1
10011661	10011662	2
12809982	12809981	2
5628172	5628171	5
10905165	10905170	2
12760696	12761046	2
12774194	12774255	4
10123803	10123804	2
11610033	11610034	3
10232195	10232196	6
4203373	4203384	2
6962934	6966220	1
5361847	5361848	1
1916939	1916940	1
6524743	6524744	3
5576969	5576970	3
9865356	9865514	1
5825358	5825357	3
1839183	1839184	3
2975362	2975361	6
2663212	2663211	3
10902780	6861132	1
10462668	10462469	3
2485451	2485452	7
2277688	2277687	6
57255	57256	2
5300043	5300044	1
9141592	9141543	2
8085752	8085751	1
404148	403949	1
3925106	3925105	2
2269374	2269373	2
3855164	3855285	2
11020523	11020524	1
11120235	11120236	1
4114183	4114184	2
6006064	6006063	1
3472137	4121655	1
10179414	10179413	2
1824220	1824828	1
1331016	1329890	1
68764	68763	1
11851355	11851356	1
473953	200927	1
2787558	2787578	3
8336461	8336476	1
2898002	2898001	3
1060778	1060777	4
5982754	5982753	1
12457593	12457594	2
10518568	10518567	2
2557526	2557520	4
2785476	2785475	2
11544849	11544818	3
3168755	3168756	2
10183532	10183531	1
327067	327068	2
6977194	11281347	1
5693883	5693884	1
2573811	2573879	1
6848922	6848921	1
6573222	6571636	2
9124772	9124771	3
9556012	9556009	1
2316776	2319381	2
8151422	8151731	5
10687406	10688757	2
3413589	3413572	3
6517854	6518235	4
3501297	3498786	1
11168401	11168402	2
9853525	9853500	5
8375286	8375229	1
844212	844217	1
10158147	10158148	2
1450254	5454838	4
8707180	8706880	1
11589975	11589976	1
8189691	8189692	2
6640028	6640027	1
3283653	11524349	2
86188	85958	3
12477421	12477422	2
1762755	1762736	2
4386702	4386395	1
4338416	4338415	3
9865657	9871858	7
11538118	11538115	1
5792414	5792413	1
7398672	7398671	1
10340732	10340690	1
1312622	1312619	2
5655851	5655852	2
7136379	7136380	1
3317440	3317439	1
1823933	1823934	1
3934025	3934026	2
6109081	6109082	1
6185475	6185422	2
1309610	1308127	1
4790768	4790767	1
1141657	1141662	1
10924487	10924488	6
7132555	12044727	1
1792573	1792576	1
4391349	4391974	1
4709074	4709073	2
6160746	6160356	3
2639728	2639746	2
11197357	11197358	1
9467591	9467594	1
5117817	5117644	1
2609445	2609566	2
11320381	11318818	1
575635	575636	4
5557627	5557618	2
12757582	12757590	1
11225292	11225291	1
7348431	7348432	1
8212238	8212237	1
6792544	6792543	1
5612081	5612043	1
7720233	1517703	1
5936194	5936193	3
4080422	4080421	1
5604620	5602956	3
3064398	3064397	3
3857215	3857443	4
705022	705021	4
9437770	9439101	1
163845	163850	3
7737990	7737989	9
10809756	10809755	2
6738478	6738475	2
3449650	3449649	1
7915283	7915284	1
9051684	9051683	4
11793006	11792624	3
7694656	7694655	2
2338096	2338095	1
8991769	8991770	1
8216094	8216093	1
5539346	5540731	2
10149071	10152843	1
175149	175152	1
3216487	3216314	1
1301391	1301392	1
10931936	10931935	2
4575533	4576850	1
5859219	5858188	1
6561958	6561997	2
12770473	12770483	1
1553019	1552552	4
5911421	5911422	3
7398666	7397739	1
5505871	5505949	2
4347197	4347198	3
8904570	8904507	1
6455355	6458384	1
12515622	12549898	3
7700800	7700799	3
4201672	4201671	3
5440522	5440513	1
692043	692039	1
10600479	10600484	5
11421980	11421983	1
11515678	11515675	1
863294	863289	1
8223332	8223331	1
4152222	4152221	2
6316105	6316106	1
659945	659946	2
10395480	10395479	1
1115876	1115875	1
3675852	3799206	1
8550024	8550023	1
4112924	4112923	2
11376875	11375082	1
3410391	3410394	2
2623033	2623034	4
2688373	2688374	2
2842267	2842272	2
6032444	273548	1
6507827	6507828	2
12424791	12424529	2
5602010	9365380	4
8469969	8469953	1
6086464	6086453	1
11473621	11473622	2
6165463	6165466	1
2923815	2923818	1
5758648	5758647	1
12592843	12592844	1
5857375	5857376	6
11877479	11876601	1
9028943	9028944	3
8850628	8848850	2
6669413	6669321	3
12019744	12019741	1
3315577	3315578	5
9461926	9461895	2
7437295	7437325	2
11222763	574867	1
8833008	8833007	3
9915214	9915213	3
12777563	12777639	1
12290062	12290061	2
11372044	11371632	1
2833844	2833843	3
3333166	3333165	2
8920851	8922558	3
6757426	6757422	1
7592120	7592119	3
11107229	11107230	3
5580786	5580785	1
9978144	9976609	4
1613359	1613360	1
8578813	8578814	1
7743050	7743884	2
6269479	6269453	3
8690572	8690571	1
4257288	4257334	1
8806347	8806348	1
7017884	7017883	1
4624636	4624635	2
2326569	2326570	1
485741	485744	1
11808029	11808069	5
5114799	5293872	1
949170	949169	1
11364300	11364285	2
9774742	9774741	4
8693154	8693153	2
425843	425848	3
9049003	9049016	6
904206	904205	1
3910039	3910040	1
6929923	6929301	1
1979180	1979179	1
8273461	8273462	3
9298654	10133402	7
11782039	11782040	2
12717837	12717860	5
12006365	12006366	2
5156971	5156972	3
4136756	4136755	2
7907492	7907495	1
8572094	8572538	4
12661497	12661498	2
2490578	2489731	1
9302930	9302929	1
1606948	1606947	1
12762154	12762153	1
12412859	12699450	1
1484333	1481323	2
6353055	6353132	1
9597874	9597871	1
5486741	5486742	1
11011663	11011664	1
8497802	5936122	1
2060649	2060650	4
11192945	11192946	2
11760357	11760358	3
1526946	1526945	6
22294	22293	2
7596912	7596909	3
2503939	2503929	1
3285590	3285587	1
11449057	11449058	1
11722000	11721999	1
5442278	5442213	1
8840129	8840132	1
6928330	6928329	2
1622258	1622255	1
3645364	3643177	3
5689764	5689761	1
6368920	6367702	2
590591	6506904	1
8620738	8620737	1
8025701	8025678	1
5592503	5592504	2
8283164	8283569	3
11564587	11564852	2
10504484	10504483	1
5898295	5898392	1
10016208	10016207	1
8564791	8564774	2
11665546	11665545	1
9808725	9808730	1
9016681	9016682	3
4641089	4641090	1
5974964	5974961	1
5827301	5824027	3
2435351	2435359	1
11701687	11701688	3
9112391	9112392	1
3903784	3903783	1
4866873	4866999	1
5801953	5801929	3
591135	591251	2
1131992	1131991	1
2952447	2952448	2
2058241	2096728	1
5129524	5129523	5
8045330	8045327	1
4636238	4636237	2
966175	965844	2
2738349	2742967	3
5446053	5446054	1
981191	981242	1
5655005	5655006	2
954886	954885	3
8582639	8582640	1
7735011	7735014	2
10512703	10512704	2
8158886	8158885	1
1036507	1036508	4
9581242	9581239	2
4232301	4233590	1
7510477	7508732	4
9753394	9753391	3
4372584	4373278	2
10367241	10367242	1
6670214	6670211	1
2476992	2476987	2
10742493	10742494	1
2778484	10632705	1
431035	431040	1
781664	781663	1
8227667	8227668	1
1510925	1509080	4
2255769	2255747	6
5542863	5542866	1
5963495	5963490	1
1336879	1336880	1
5659708	5659707	2
6128426	6128425	4
11763340	11763337	2
5647379	11387942	4
11015791	11015781	1
12330389	12335146	4
8899462	8899447	1
601206	601205	4
5863084	5863081	2
591135	591253	2
686195	686196	2
5780785	5780787	4
6926787	6926788	1
2318088	2318087	3
7081177	7081049	1
9176453	9176415	1
7751048	7751080	2
11462885	11462886	3
4561986	4561842	1
7986250	7986249	1
8819714	3293180	1
8799677	8799678	2
2649808	3962384	1
7465428	7465425	3
8298375	8299561	3
5964080	5961899	3
9661875	9661984	1
10235677	10235680	1
12545149	12545150	3
1027027	1027028	3
9646490	9646489	1
6531986	6531983	1
4439055	4439056	1
3377342	3377339	1
7232440	7232439	1
1188465	1188466	8
9050426	9050425	1
3754578	3754577	4
11666965	11666966	3
1404895	1404896	2
6714396	6714395	2
10956780	10956835	2
4325581	4325583	1
12457597	12457598	2
8211142	8202281	2
3167619	11082968	1
5968501	5968502	3
6691363	6691364	3
9362895	9250865	2
4432673	4433281	4
2270799	2270805	2
5896313	5897594	2
5474377	5474378	2
6713733	6713739	1
8322712	8322708	1
9967343	9967302	2
6810633	6810634	2
8354152	8355089	1
8490359	8490360	6
359101	357107	4
6171156	6171155	2
12718585	12718586	1
1781330	1781352	4
5386673	5386674	1
3004418	3004417	2
3912267	3912326	1
39117	39308	5
7795018	7795017	1
7528705	7529866	1
5114137	5122253	1
3463934	11288346	1
4468152	4468155	3
6497870	6497869	3
12280865	12280866	2
9941084	9940980	2
624549	624646	1
11882393	11882394	4
7134956	7134953	7
7131814	7131813	8
12007340	12007339	4
10252573	10252924	1
9545905	9547235	3
11569213	11569214	2
4307798	4307797	1
3473564	3475009	5
9724379	9724380	2
7594401	7594404	1
9919895	9922303	2
868684	868683	3
2849737	2849740	5
5089655	5089656	2
5708866	5993755	2
5751911	5751912	1
3898290	1087757	3
11839741	11839719	1
10606511	2342833	1
362229	362224	2
5936576	5936571	2
8005683	8005686	1
4776307	4776308	1
6666333	6666373	3
5540796	5541451	1
2211053	2209124	1
8700683	8700684	3
7451448	7451447	2
4074863	1474534	1
2032642	2032641	3
2505021	2495862	1
3962394	2649809	1
12201768	12201767	1
4548670	4548669	2
7629951	7629952	2
12765030	12765033	4
3825053	5425025	1
10941950	10941949	1
2582999	2583513	1
2020700	10772990	2
6023379	6023363	1
2771617	2771618	7
7409831	7409832	3
7817419	7839204	1
10321980	10322009	3
8707745	8698688	2
2021795	2021796	3
1722931	1722932	1
7399973	7399974	2
2278250	2278249	2
5004876	5004880	3
10253444	10256173	1
6174854	6173807	3
10202491	10202273	1
3320312	3320432	2
8289728	8289727	1
10912366	10912363	1
11878111	11878112	1
5365861	5365862	4
10818571	10818568	4
9487946	9487945	2
5147004	5147001	4
5957513	5959755	1
9865655	9865656	3
435806	435805	1
2389382	2389740	7
4647526	4649114	2
8688764	8688785	2
7787644	7786836	1
2718187	2718188	1
8357621	8351964	6
673731	675192	2
10053905	10053921	1
12492610	12492609	2
2353432	2353431	1
981907	6958952	1
2316941	2316942	3
10030987	10030990	1
8705438	8705437	5
307360	307359	1
1614575	1614576	1
2280953	2280958	1
9312669	9312714	1
9100688	9097898	1
11079867	11079868	2
783993	783954	1
4044771	4043467	3
3737133	3737134	5
1332063	1332064	2
10241847	10241848	1
9724354	9725061	2
5074912	5074909	2
12263110	4287058	1
3390673	6464097	3
1534159	893359	3
6071803	8799694	1
1443794	1443793	4
9897831	9897832	3
6346983	6347193	2
289104	289103	3
3341615	3341616	1
5994555	5994556	1
308077	435485	3
1662525	1662526	3
1060737	1060738	1
797255	1876403	1
2288011	2288012	3
11969187	11969188	2
2825983	2825984	2
2498667	2498668	1
1119070	1121111	2
8110971	8110786	1
607335	607336	1
11022023	11121924	2
11326113	11326114	1
9712951	5694673	1
11466726	11466725	2
3260475	3260476	1
7827628	7827627	1
6191170	6191169	1
814231	814232	4
3721231	3721232	1
576720	576702	2
7075351	7075385	2
1314843	1313820	1
8007795	8007802	3
4203371	4203372	4
6285989	6278850	2
9628707	9628708	3
6733506	1309974	2
9915361	9915362	5
5397961	5397962	1
9231426	9231399	2
8067035	8067028	1
5810265	5810266	2
3262115	3262118	1
3733237	3709891	1
5749080	5760008	5
11440824	11440871	3
6036046	6036108	1
667678	667430	1
1550844	1550843	3
7737990	7737987	2
11919500	11919499	2
3101142	3101137	1
7647177	7648161	1
10426805	10426806	4
7165622	7162212	1
3618720	3618719	1
3365008	8102896	1
9643819	9643820	1
10132093	10132094	1
11851357	11851358	2
4303582	4303579	3
6042735	6042736	4
10339074	11979891	3
4656502	4656388	2
2404552	6140954	2
5789103	5789106	1
3279905	3279884	3
1539393	1540434	1
9847886	9847885	1
11733318	11733317	4
9549036	9549027	1
9655149	9655150	2
9956932	9956811	1
7330993	7330994	1
11244650	11244612	1
4352737	4351538	3
2850870	2850867	2
6809569	7940422	1
11333864	1309756	1
5239661	5239632	1
4026413	4026414	2
1654630	1653586	2
4863512	4863511	2
11642598	11642597	1
5515799	5514642	1
9836507	9836508	1
674545	673812	1
10116865	10116849	1
2626988	2626853	2
8023032	8023031	2
5778308	5778307	3
9722387	814222	1
5288231	5288232	1
5511194	5511193	4
12022568	8321206	1
424864	424863	1
9624713	9625472	1
4455675	4406947	2
5880172	5881900	1
5701152	5701151	2
11619921	11619922	1
12236044	2236690	1
5805915	5805916	1
7570633	7570691	1
7939704	7939703	1
5964320	5963933	2
5523428	5523431	1
10806502	10806541	1
12256950	12256984	1
12389636	12389635	2
4692492	4692487	1
678584	678668	2
1640244	1640330	2
11944630	11944629	1
5535063	5535064	1
9862967	9912373	1
11092851	11092852	1
6408220	6408219	2
5762066	5761963	1
1179062	1179105	1
9771016	9770851	1
11699165	11699587	1
9427938	9427937	5
2518364	2518367	1
6374884	6374883	2
10226179	9339064	1
12313519	12313520	3
10075598	10075597	2
9917000	9937545	1
11575811	11578324	5
9830062	9830061	2
8989516	8989515	5
315970	315969	2
8430871	8430872	3
9849716	9849797	1
10518559	10518562	1
6560673	6560674	1
2510263	2510475	1
2335863	2335864	1
7580102	7579520	2
133057	133025	1
6072959	6072960	1
3943557	1192139	2
11994069	11994074	4
7532777	7532778	1
972843	972850	1
4078404	4078403	3
5991834	5991833	2
8651044	8651953	1
5758864	5758863	2
5858499	5858500	6
5122256	5112206	1
3688440	3689306	1
3236138	3236137	2
3871241	3871242	2
7183324	7183323	1
2876646	2876645	3
10874941	10874942	1
9409874	9409911	2
11337707	11337708	1
7476251	7476252	3
11361560	11361493	4
4026415	4026416	1
5261057	5261060	3
8843420	8843419	1
665183	665186	1
1443473	1443325	2
6791627	6791628	2
12366663	12366671	2
2592332	6697187	4
10446609	10446610	1
10360734	10360733	1
1778630	1778627	2
3745003	3745008	3
4446946	4447334	1
7160216	7160213	1
1702434	1702433	1
6172519	6172524	1
12366527	12366528	6
6008742	6127987	2
10193542	10193539	1
10191807	10191522	2
4485302	4483980	1
7140055	7143580	1
10579226	10579225	5
8504759	8504760	2
6591790	6591761	1
7828416	7828415	3
7565646	7557571	2
6639926	6640950	2
9567169	9503190	2
6996767	6996768	1
10121915	10121916	1
588436	951811	2
1659980	1659979	1
11597283	11597284	1
3387219	3387220	1
5286470	5286469	1
11120172	11120171	2
7534088	7534087	1
2785600	2785668	4
11814626	11814625	1
4365157	4364505	3
8383662	8383661	3
6198895	6198896	9
9077930	9077929	2
4603890	4603895	2
10939104	10939103	3
2828081	2827372	3
1928285	1928288	2
6010047	6011436	6
6704231	6704232	1
8705109	8705110	3
6511382	10301008	1
590285	590288	1
6813956	6596678	1
6140484	6131523	2
2174285	2174556	4
9982881	9982893	1
1940621	1940622	1
9491099	1045781	2
10455298	10452800	3
6317703	6317704	4
11738943	11738944	1
8633812	8633757	2
8198120	8198119	3
7590930	7590929	1
2649429	2650644	1
2636881	2636900	1
2466958	2466957	1
1994778	1996426	1
5592502	5592501	2
2850868	2850867	5
11906298	11906301	1
2245253	2245236	2
6276465	6276466	6
2347077	2346694	1
6549691	6549692	2
9268293	9272694	1
2984580	2984577	1
4680536	4679592	2
4748064	4748063	1
6381031	6381032	3
7103577	7103578	4
8386001	8386002	4
5566338	5566349	1
5192171	1082983	2
387912	12501548	1
11650482	11650481	2
9683442	9683372	2
3863623	3863595	1
5647562	5649749	1
11384348	11384351	2
2892630	2892629	3
8023375	8023376	3
2971659	2971660	2
11863601	11863602	2
1675293	1675294	3
2329	2330	2
1832553	1832556	1
5410699	5410700	1
934320	934319	2
6266629	6266632	1
1615269	1615237	2
12196444	12196443	4
3875573	3875481	1
6604606	6604605	1
32891	3574949	1
6959935	6959936	1
8634608	8634611	1
950821	950753	1
6513307	6513287	4
8651939	8651940	3
7576330	7577474	2
5912738	5912735	1
6168299	6168300	3
6146058	6146047	2
11680218	11721159	1
1478377	2222263	3
441624	441270	1
6207532	6207531	2
8020549	8023535	6
5970540	5970647	3
4922670	4922669	2
3306024	3306010	3
8153760	8153759	1
8041596	8041595	1
4450371	4439882	1
7856463	7856553	1
202549	202546	1
1695379	1695382	1
1529622	1529571	1
4528371	4528372	3
7002611	7002612	2
964713	964716	2
9365410	9365409	1
8842230	8842229	4
9453258	9452487	3
4417843	4417844	2
6536117	6536118	5
6707342	6707350	1
4740304	4740303	7
9498185	9498177	2
5133272	5131489	2
3233678	3235134	1
1671363	1671372	2
8177516	8177511	4
8978783	8979421	1
739221	739222	1
1562446	1562445	3
8209913	8209918	2
5598766	5598881	1
2891339	2891340	2
11337050	11337187	1
2366009	2366010	1
12156699	12156684	2
9675782	9675781	3
6185474	6185473	3
441469	441470	1
443132	443155	3
10293495	10293496	1
7272237	7272423	2
8761408	8761407	1
2644365	2644366	1
6156107	6159884	2
10414300	10414161	2
10710454	10710453	3
4786972	4785959	1
2485451	2485456	2
8209917	8209920	2
4232203	4232204	1
7633332	7638607	1
7410747	7410748	2
1409762	1409761	1
5600432	11235698	1
9830302	9830301	3
5854768	5854765	4
12642277	12642278	1
12251431	12251432	1
10832404	10832403	2
10232753	10232726	1
8430003	8430633	1
4703749	4703757	1
12451113	12451114	1
12675228	12675227	6
11923042	11923041	5
731350	731349	4
6806199	6806202	2
7947046	7947177	1
8409185	8409186	1
10766278	10766281	1
1032827	1035227	1
11064046	11064045	1
12442850	12442845	1
12516409	12516410	4
8654062	8654061	2
1340707	1340708	1
11733794	11733772	1
2349779	2349780	1
5189224	5188343	1
8387695	8387696	1
10404144	10404133	1
6640030	6640027	2
6141800	6143768	2
12730160	12730159	1
11427362	11427373	2
6346539	6346413	7
2096624	2096623	2
7768889	6812775	2
4200912	6926718	1
4327619	4327644	1
425712	425947	2
5010990	5010989	1
2826479	2826480	1
6871677	6871678	1
3244969	3244970	2
12694704	12694703	1
11036344	11036596	1
11824504	11822927	1
4131104	4131101	2
9031817	9031818	1
585358	585473	1
2039499	2039500	2
2020988	2020987	2
5748192	5748191	1
9232415	9232416	2
7247921	7247922	1
531584	531583	3
3373906	3373905	3
6232866	6232993	1
3638550	3639001	1
5006977	5006043	4
1107520	1156265	1
11682058	11682218	2
5073379	5073380	1
9341516	9341515	1
1729042	1729041	4
9352281	9352282	2
10079299	10079304	1
9157051	9168520	1
9015542	9015541	1
9031056	9031055	4
11479906	11479909	1
8766649	8766650	2
11677768	11677765	1
955671	955672	3
6876987	6876990	4
1068390	1068389	3
7542861	7542862	1
12043097	12043088	4
2221503	2221504	5
8177520	8177517	1
10186106	10186105	1
4077518	4077517	2
10441251	10441252	2
5626785	5626786	1
9108768	9108767	4
7842293	7842294	2
7856465	7856551	2
4706217	4706248	1
4670622	4670621	2
10282620	10282639	1
901249	901250	1
1710250	1710249	1
5514990	5514989	1
11557327	11557758	2
5615298	5615297	2
168371	168315	1
9473705	9473706	2
886677	886678	2
1466359	1466563	1
10372471	10372472	3
9121541	9121782	4
6239357	6239358	5
11606274	11606273	1
11907649	11907650	1
12545196	12545193	5
11912543	11912544	1
2208151	2208152	1
4557526	4557525	1
5265367	5320234	3
1190568	1190565	2
10518559	10518560	4
2321066	2321047	1
12518639	440592	3
10980824	10980823	2
2950823	2869233	1
8799015	8798999	1
1744575	1744585	1
6140046	6140088	3
441845	450187	2
12526699	12526700	4
4472584	4472583	1
10227718	10227715	1
11672315	11672304	1
12297903	12297904	1
12636736	12636729	1
10367243	10367246	1
3904919	3904920	4
4215434	4215451	1
4445399	4445404	1
7793644	7793643	5
10653775	10653776	2
9765746	9765574	1
1839991	1839992	1
11902697	11902686	4
167159	11041483	1
2351418	5528933	1
7498439	7498426	1
10653253	10653263	3
10152979	10152980	1
2501640	10019895	1
10993743	10993744	2
7261572	7263045	3
6969992	6969978	1
389183	389184	1
6199398	6199395	2
1243259	1243169	1
6852632	6852642	3
3030563	3030564	1
9452268	9452267	1
5097432	5097431	4
1921185	1921186	3
7202431	7202432	3
12052688	12052687	5
11352690	11352687	5
9981161	9981162	2
5000101	5000102	2
7731012	7731011	2
9800607	9800608	1
1127025	1127026	2
1563615	1563616	3
1637760	1637759	7
11463721	11462109	4
881458	1681134	1
11161259	11161260	9
9741884	9751495	3
6915796	6915834	2
4612458	4612457	2
1643616	1643615	1
10651420	10651851	1
3278499	3278696	2
5665441	5665444	1
8336963	8336572	2
2795006	2795112	1
9092382	9092381	2
1949232	1949231	2
2571814	7044700	1
9024379	9024382	1
1748394	1748391	1
8670366	8670365	1
8990166	8990165	1
7901570	7901569	1
7023336	7023335	8
9985395	12434568	4
10393304	10393303	2
5966089	5966090	2
9186128	9186131	1
7961179	7961218	1
2535564	2494704	1
11091280	11091247	1
1404814	5465851	1
3386892	3386891	3
8906875	8906876	3
4338414	4338413	3
5713328	7721912	1
290850	291071	6
11006317	11006286	3
1469986	1469985	3
12457595	12457600	1
5499096	5313305	3
9265889	9265890	1
3913514	3913513	4
8805673	8805621	1
9238210	9238209	1
10533126	10533125	2
12663926	12665513	1
4289923	4289875	5
183243	183436	1
9371873	9373335	1
3020319	3020294	1
7619423	7619424	3
6832266	6832265	1
7965951	7965952	3
760801	760802	3
5175831	5340898	1
6193543	6193544	1
5639805	5640328	2
2861878	2861888	1
4005697	4008471	1
3496470	3497046	5
9182343	9182353	1
11920312	11920309	1
818731	818732	2
11781895	11781896	3
658113	658114	1
6855769	6856086	2
3946190	3946189	1
1484080	1484079	1
1832329	1832595	1
9897833	9898914	3
7885851	7885852	4
10083521	10084531	3
5274820	5368671	3
2845560	2845559	1
5978236	5978235	1
2350554	2350551	1
5837602	5788046	2
5879921	5879922	3
12120510	12120509	5
7417402	7417401	2
4578680	4578677	1
5204675	5205165	1
10238938	10238998	1
11943079	11943080	3
7648209	7648210	3
7214366	7214365	4
4306396	4306395	1
2201060	2201059	1
1003029	1002190	1
1892944	1892943	2
2827495	2827496	1
9973093	9973834	1
7991054	7991030	3
5927818	5927817	3
9632961	9856583	2
811970	811967	1
9365415	9365416	2
7186872	7186871	5
3833228	3833227	1
5210675	5210676	1
5632504	5632503	2
6727653	6727656	5
11718075	11720785	3
8565366	8565365	4
6049352	6049314	2
12425428	2689937	1
3693697	3693700	1
9160282	9160351	3
6249795	12347784	1
5018353	5018356	1
991169	992575	1
12675032	12675031	2
11125616	11125615	1
12516030	12337943	1
297287	11737406	1
4614411	4614412	3
5798849	5798850	1
11333881	7107438	1
9090232	9104317	3
2273708	2273701	2
4839629	4839630	1
4152311	4148852	2
11761386	11762091	1
5474612	5474611	1
11425044	11427652	2
5357754	5357753	4
8351254	8522223	2
2648657	2648658	4
1892944	1882366	1
2746871	2746879	1
6783289	6780232	1
7629067	7628994	2
4531927	4537243	1
9520793	9519866	1
9424970	9420590	1
7792333	7792334	1
3778516	3778515	1
818727	818732	1
11897964	11897963	1
12656953	12656074	1
9277008	9277007	2
11342872	11342716	2
1278933	1278934	1
6254696	6234955	1
5488629	5485966	1
142441	142446	3
8878310	8877043	1
11316733	11316725	5
5301153	3808068	1
6171668	6171667	1
2523896	2523895	2
6971053	6965748	4
6713468	6713467	1
1362441	1362442	1
5364591	1309974	1
5569394	5569393	1
4027055	4027056	1
11560121	11560122	1
6842392	6843365	1
592410	591875	3
3231040	3231039	2
4373370	4373369	1
11387585	11387588	2
8383325	8383326	1
12296613	12296614	5
7873230	7873229	2
10812059	10810166	3
4087545	4087546	6
8039323	8039326	3
10813939	10817681	1
6230238	6227751	3
7724225	7724226	1
3826138	3826137	2
2176060	2179172	1
11446169	11446189	1
9447442	9447441	1
11922860	11922857	2
9954831	9954834	1
2318100	2318099	3
5618507	5618508	2
3995860	3995859	5
11993075	11993076	1
7222727	7222731	3
8148148	8149012	1
390991	390992	4
1446170	1445378	1
8157879	8157051	3
11093987	11093988	1
12661258	12663687	3
3099598	3099597	2
6219115	6219089	1
2591957	2591958	2
10373511	10373512	2
12454397	12453659	4
2559230	2559340	1
9173126	9173125	1
4001024	4052390	1
4489432	4489431	4
5124156	5124155	2
1699021	1699022	3
671043	672001	3
11515612	11515611	1
1824294	1432099	2
5258001	5258002	2
5587932	5587935	1
10171877	10171878	1
3059749	3059750	1
9918690	9918685	2
5936201	5936332	1
8886109	4636310	1
7052647	7052633	1
1758496	1758495	5
8829201	8829202	2
7475468	7460382	3
9002085	9002086	1
6886517	6886179	3
6524125	6526624	2
7626862	7626861	1
6929353	6929356	1
974390	974436	1
1210884	1886000	1
7356856	7356909	1
6731732	6731883	1
8579550	4125555	3
10669148	10669652	2
919490	919489	2
10836012	10836011	3
1092225	1092226	1
3373771	3373772	4
9919319	9919314	1
4224437	4224438	3
2738786	2738785	1
12721900	12692129	1
2786930	2786929	1
8381460	8445553	2
2750335	2750336	2
11649463	11649464	2
11013150	11013149	2
7942895	7942896	1
4550216	4550213	1
6280101	6281638	2
6733885	6733865	2
4623249	4623250	1
4357849	4278694	1
3396498	3396497	1
926781	926782	1
5232568	5232567	4
4540797	4540798	1
258937	261635	2
9892192	9892226	3
1496533	1496534	2
429192	429191	1
8087943	8087944	3
2152872	2152869	1
1595703	1595706	1
3913512	3913511	4
5555738	3960856	2
1939384	11739625	1
8631535	8631536	2
11741750	11741749	1
910125	911117	2
5707302	5707606	1
4627598	4627597	1
618857	622786	1
9085457	9085458	1
6369361	6369362	1
885758	885757	3
3748881	3748882	1
1042724	1045662	1
12532439	12532436	1
3679447	3679448	1
12189662	12189661	2
4405071	4405209	2
8540003	8540004	1
5080432	5220314	2
10809051	10830672	2
1665983	1665880	1
5440997	5440998	1
9438481	9438494	2
10798610	10798609	3
12453111	12453112	2
838929	838898	2
8777191	8779543	1
10956458	10956464	1
1782022	1782303	1
3078206	3078181	2
5993232	5993138	2
12487249	12487252	1
1753508	1753448	3
5700762	5699914	1
7338834	7338831	2
12175236	12175233	2
9154799	9154810	3
5827281	5826703	4
6323731	6323358	1
5733248	5733245	1
10578343	10578344	1
6628234	6628476	2
2377145	2377146	2
525839	525840	3
5470867	5470868	3
6676296	6683360	1
2039618	2039617	1
4627604	4627601	1
3122237	3122238	3
10183688	10183687	6
3800349	3800338	1
9644841	9644842	2
1252390	1252397	1
2187045	7495833	1
12492805	12492806	3
4607405	4611271	1
8578048	4122840	3
9278534	10018014	4
12293526	12293525	2
371029	371030	1
3962394	3962384	3
7286933	7287377	2
10156704	10156703	4
3526214	3526229	2
11422397	11422398	4
11221480	11221479	1
2308003	2308004	1
1529927	1528573	1
2781363	2781623	1
9962576	9962461	1
5459772	5459769	1
1230257	1230504	1
744200	744280	1
3166233	3166234	1
6602111	346452	1
2359979	2359980	1
8186562	8186669	2
6159712	6159711	3
5569394	5569391	1
8529490	8529489	2
4718717	4718720	2
6367938	6367935	2
10744824	10744823	3
9347019	9347020	2
3787094	3787093	1
8023177	8023178	4
6104205	6104200	2
6548809	6548810	1
1142521	1142522	3
8583730	8583562	3
3231288	3231310	3
909728	909727	1
800477	800465	1
3383022	3383021	2
6662273	6662274	6
11857202	11857201	1
11562825	11562667	1
12773564	12771808	1
3235003	3235006	1
288524	288523	2
5395657	5395658	1
1080241	1079890	3
5987718	5987307	2
8757184	8757183	2
7276986	7277007	1
4854568	7276790	1
270418	270417	4
1350454	1551574	3
1027031	1027072	2
6640953	6640954	4
4522985	4522986	1
7135415	7135051	1
3316041	3316044	1
11539987	11539161	1
5831223	5831224	2
1358603	1358606	3
6347577	6347590	1
6261057	6261050	1
12662854	12674728	3
4416315	4416316	4
6141817	6136754	1
16238	16235	1
4668302	4668301	5
2686626	2686649	2
1529581	1529582	1
2172794	2172789	1
10777265	10777266	1
7717958	7717957	1
1379370	1348801	1
12576050	12576217	1
1752276	1752275	1
4051973	4051974	1
2322913	2322916	2
3609519	3616501	1
8557617	8557618	1
3500019	3500020	2
4042656	4042655	4
8576223	8576228	1
8047998	8047995	2
12317932	12317931	1
7232052	7232049	1
3355598	3355597	2
283504	283503	1
10320521	10320522	5
838464	838463	1
5086685	5087327	1
7418398	7418388	1
355093	355034	1
2042837	2042838	1
12726443	12726444	5
3544991	3544992	1
1780480	1780479	1
623347	623348	4
2349218	2349217	3
5750302	5750301	2
4518644	4518654	3
11769329	11769330	2
7706042	7705484	6
12457595	12457598	2
10916825	10928621	1
8928105	8928106	3
2282578	2282575	2
2983018	2983017	4
6628328	6628327	5
11050039	11051002	1
5116160	5116176	3
8170272	8170271	3
6134673	6134715	1
352393	352266	3
6643208	6642448	1
1287591	1287550	1
5553145	5553325	1
4136664	4136663	2
2624284	2624283	2
10344688	10344687	1
857985	857788	2
4785574	4785573	1
760444	880625	1
3091742	3091741	1
8565882	8565881	2
5593001	5593002	4
7887375	7887376	2
6726144	6726143	6
2377145	2558716	1
11613686	1712585	1
11846520	11847532	1
4832036	1914621	1
4307951	4308902	3
4624437	4624438	3
3925029	3925030	2
3074082	3069156	1
11886010	11886009	1
7346316	7346007	1
9237131	9231400	1
4689634	4689633	2
4840486	4840485	3
8293327	8293328	1
3726349	3726350	2
1741235	1741271	2
4558989	4749288	1
7832555	7831592	1
3468854	3467538	4
6203271	6146032	3
7931899	7872549	3
1402242	1402218	3
11427374	11427373	1
3497203	3497204	1
9008967	9008968	2
2449981	2453298	2
3519794	6511558	1
4358357	4358812	2
3741210	3744353	3
4392686	4397842	2
2369162	2369161	1
11601496	11602685	3
2753173	2751740	4
12231858	12231855	1
3991608	3991563	2
7839822	7839819	1
692131	692142	1
1429069	1429133	4
11094600	11094599	1
808183	808186	1
4788454	4788435	2
975893	975894	1
5480055	5480056	4
10986015	10986016	2
7808542	7808541	1
5059384	5059383	1
820866	820865	3
2694193	2694194	3
5705169	5705170	2
5927820	5927817	1
7889550	7889549	1
8898925	8898926	3
2277016	2277009	3
7068961	7068962	2
11916958	11916957	2
5570791	5570792	1
5928345	5928346	1
1466540	1464205	1
11558749	11558750	1
10780424	10780423	1
4306412	4306411	1
746872	746871	1
11266227	11267065	1
954134	954133	1
5676764	5676761	3
5794836	5794835	6
10342629	10342632	1
8632072	8632071	4
1443326	1443325	2
3609655	3609656	1
8050787	8050417	1
5571486	5571864	1
5265365	5265366	3
3566355	3566356	1
6200147	6200141	3
2778805	2778806	4
4354180	4354179	1
1919623	1918096	5
385979	385980	1
5154350	5154349	2
430403	430525	4
8709795	8711131	2
10116207	9984465	1
7942712	7942441	1
3624552	3624551	5
1524397	5923108	5
1831203	3372507	1
896092	896095	3
10884552	10884551	3
2349931	2349932	1
8065741	8189899	1
10581344	10581347	1
11677467	11677468	1
3880713	3880714	1
6211468	6211667	7
1210822	1208210	3
9761898	9761897	1
5368594	7360151	1
7033791	7034850	3
1494977	1497775	1
357516	357513	2
8583563	8583564	2
4045445	4044899	2
11976089	11976086	2
8434011	8434012	5
3496310	3496307	1
2542997	2542998	1
6521666	6521669	1
630354	630351	2
5992612	5992611	1
1994696	1994695	5
8349694	8348241	2
1984934	1984889	4
2469728	2469727	1
320258	320257	2
840046	840043	2
1562190	1562189	1
10300419	10300420	3
8543696	8543695	4
3903786	3903783	1
10924489	10924490	4
4521310	4520724	3
7522008	7522003	3
10120259	9489761	1
7056076	7056075	2
4614815	4614816	5
2930139	2930140	3
6210898	6210897	3
1160399	1160400	3
8510237	8510401	2
4684415	4688944	3
11471605	5858842	1
1687457	1687458	1
9427938	9428170	1
4418180	4418179	1
1018266	1018265	1
4719272	4719269	1
11903543	11903544	2
7051664	7051663	6
11090326	11090325	1
549556	549553	1
1392397	1392400	2
9483332	9483331	2
2682265	2677929	3
1047754	1044669	3
2239838	2239837	3
1286983	1286984	1
10983475	10983476	1
11720614	11720613	2
5078500	5078499	1
410295	9134010	1
10705584	10377723	3
6549490	6549489	4
3505866	3503897	3
8710338	8710337	3
731700	731699	2
9702727	9702701	1
7337057	7336995	1
583246	583245	1
6816354	6816353	1
10996406	10996405	2
9933197	9933200	6
3244939	3244968	3
2313474	2313473	9
7678925	7683214	2
4207676	4207675	1
10886197	10886198	3
447452	447451	1
10359639	10359640	1
10320147	10320159	2
1496535	1496536	2
7601271	7601272	2
9817422	9817421	2
3482983	285164	1
7871532	7871529	1
10721675	10721676	5
8383645	8092592	2
11875777	11875792	1
1325279	1325280	1
431035	431036	7
4463138	4463137	1
9141696	11160302	1
5725039	5725040	1
1463385	1463388	1
1465664	1465670	3
5863082	5863081	4
268268	273745	1
4780623	4780624	2
9802546	9804505	1
4751469	4751470	3
872254	874525	1
8867059	8867064	1
7776386	7778268	2
4628578	4628577	1
6227736	6227733	1
9877810	6783392	1
11424314	6335476	1
8870555	8870556	3
5232321	5232322	4
4086301	4086302	1
9964625	9964626	1
4408274	4408279	1
1096202	1096113	2
8345777	8583224	1
3649485	3649530	3
2505922	9717631	2
6230256	6230255	1
8339429	8339430	3
11502696	11502695	4
12350963	12350979	2
8319270	8319267	2
7822866	7822853	1
3440134	3440133	3
1687269	1687270	1
6200365	6195340	2
2173888	2173885	1
10350348	8609470	1
1410770	1410762	3
11969485	11969486	2
1228940	1228939	2
12730388	12730387	2
7398580	7398579	3
12121923	12121924	4
1690831	1690909	2
8324466	8324465	1
7748569	7748570	3
3754741	3754742	1
9140830	9140922	3
1284808	1284812	1
11198773	11198776	4
3686468	3686409	1
12516409	12516414	1
9904038	9904037	3
1360705	1360706	7
10450223	10450224	3
7227056	7227055	1
5041218	5041170	1
4214406	4214409	1
9380802	9380798	5
6892111	6892094	2
6178245	6179415	1
10487832	10487829	1
7341930	7341934	4
3415969	3415970	1
11856769	11856772	1
7352154	7353148	3
7018705	7018706	1
5335362	5334612	1
4318055	4318061	2
12514700	12514699	2
11589246	11587479	3
11314063	11313624	1
6880718	6880447	1
4445611	4445612	2
889121	885390	1
2021219	2102819	1
3649107	3651258	1
6241957	6241916	1
2276584	2276581	1
1081346	1081332	1
3856795	3853452	1
2777843	2777823	2
5282061	5282064	1
11222367	11222368	1
7744371	7228376	2
979159	979160	4
5097430	5097443	1
11571368	11571441	1
2061693	2061694	2
10620593	10620587	5
6142928	6142927	1
6019357	6019358	1
3702245	3702229	3
7379689	7379690	4
11821700	11821697	1
6866865	6866866	1
9728683	9728690	1
1905004	1902017	2
7650908	7683647	5
9550461	9550462	3
12642472	422108	1
9289473	9289474	1
4743602	4743601	2
7297482	7297490	3
10483597	10483598	1
11387149	11387150	1
3485763	3485764	4
12775193	12774646	3
2051626	2051625	1
11943081	11943082	2
10353709	10353710	1
1085930	1086343	1
9902582	9902577	2
1522766	1522765	4
475139	475140	2
9707780	9707779	3
8437589	8437614	4
656805	656806	3
1392988	895233	1
2186068	2186067	1
12544162	12544159	2
5655910	5655909	1
6064647	6064648	2
3898290	1087755	3
5437080	5437079	1
7311622	7311621	6
146738	146715	1
5276400	5277163	1
10097683	10099633	1
849789	849790	1
11246178	11246278	1
3374223	3374029	4
6044820	6044041	1
2992201	2992202	1
2130933	2130934	1
223331	223332	1
251977	251978	5
9094212	9094211	2
1399125	1399139	4
6717818	2269971	1
8034624	8034623	3
1839636	1839629	3
11080213	11080214	3
1749177	1749178	1
10293802	10293801	3
921016	920991	1
8659932	8659927	1
11895160	11895159	2
4795326	4795325	1
6505696	6505771	8
3314431	3314585	1
11528861	11529231	3
12650940	12650939	1
11159247	11159248	1
4130231	4130232	3
10457960	10457959	3
1050166	1050144	1
5246328	5246331	1
8385983	8385984	5
12652941	12652942	2
827644	827647	1
5796579	5847121	1
1668232	1668231	1
1662026	1661701	1
11502237	11503342	2
10482274	10482269	1
5822782	5700297	1
11167741	11167744	2
5502052	5502013	2
6942619	6942622	1
7555174	7555173	1
11402923	11402893	2
9009193	9009194	3
11320389	11319174	3
8049041	11432372	2
12276705	12276706	3
11737252	11737375	3
4823537	4819491	1
1566461	1566421	1
8681180	8681186	3
3097352	3097351	4
12484911	12484912	1
11349983	11349984	1
1574858	1574857	1
10132099	1786045	1
2858127	2858128	2
63139	63140	3
1193154	1193153	4
5937757	5937850	1
4631349	4631350	3
11157461	11158711	1
1252259	1252260	1
2439750	2438862	2
5816726	5816725	2
5273082	5273081	3
5018357	5018358	1
8778900	8783094	1
5385851	5385852	2
4488766	4489433	4
3519898	3519893	2
1619786	1619785	2
8547866	5699198	1
1781874	1776831	1
8095461	8096371	5
5270923	5270924	2
11439767	11439768	2
5445167	5445168	1
3519796	6511558	1
1798127	1798077	2
5798210	5798192	1
10339074	11979889	1
4136667	4136421	2
871447	2227498	1
12006434	12006433	1
607424	607423	1
510287	513448	1
8283164	8283565	1
5551369	5551370	3
2381550	2381549	2
947019	947020	3
738183	714966	2
8921555	8921556	1
8531036	8531755	2
10296098	10296097	1
11496492	11496491	3
5582209	5582210	5
7361417	7361418	1
9140923	9140926	1
7427774	7427771	1
4262513	4262411	1
5879921	5879924	1
12177503	12177504	2
7562434	7562451	1
2510999	2508246	3
7722960	7722013	3
7756129	7756130	1
6983399	6983151	1
11140477	11139939	2
2657037	6048463	1
3440833	3444068	1
5615481	11836109	1
951054	950738	2
11815110	11816312	3
5778767	5773924	3
11056227	11056228	5
2363705	2363708	2
1913576	8692109	3
3960677	3960678	1
11237361	11583034	1
9698859	9698804	1
9613074	9612473	1
588476	588475	3
9296292	9299659	2
2609247	2609248	3
8028050	8028049	1
10561429	10561430	2
184220	183286	3
9520251	3289707	5
1577962	1577969	1
7564889	7565383	1
8895782	8895777	2
10360900	10360899	1
1173869	1173870	1
2202978	2195223	2
4771057	4786279	1
6106250	6106294	2
4049795	4049796	1
3130056	3130055	2
11829611	11829624	2
8862132	8862131	5
6153233	6153245	4
7804049	7804050	1
6851003	6856924	1
99207	99208	3
12564578	12564641	1
10227718	10227717	1
7547925	7547926	1
4516505	4516408	1
193520	197234	4
8572317	8572318	2
10998461	10999183	2
8167135	8167545	1
12122843	12120368	2
6184700	6184699	1
10045122	10045121	4
9080235	9079954	3
8820055	8820033	1
3184801	3186828	3
1949575	1949588	1
9712926	9665747	1
11589320	11589306	7
992576	992575	1
11375245	11375246	3
280456	280455	1
8030041	8030074	3
6786864	6786863	1
9393675	12327387	2
6421868	6421863	2
741726	741723	1
6301304	6301301	2
10338002	10336693	1
11424465	11424468	3
10915602	10915601	2
8300749	2655741	1
2443352	2443351	1
2345134	16602	1
5357752	5357805	2
8492736	8492733	2
10547590	10547769	3
11689793	11699859	1
1240066	1240014	1
12735841	12735842	1
11220753	11144457	2
2612893	2613193	1
9825300	9825299	3
6916828	6916809	1
2538043	2538038	1
7662169	7662141	2
1803144	1803160	1
7100341	7100342	1
1101261	1101262	3
4261869	4262250	1
9965104	9965108	1
251980	251979	1
6405214	6405213	3
3745003	3745010	1
3214171	3214343	7
10283824	10283860	1
5106809	5106810	1
6573387	6573123	4
7197972	7197971	3
8808086	8808083	2
6445437	6445535	4
8711913	8711918	1
2339883	2339884	1
10600479	10600482	1
93679	93680	1
3260921	3260922	3
387682	10444755	1
11056590	11056593	1
7204491	7204492	3
8983168	8983167	6
3304786	3304785	2
2908940	2908939	1
1191329	1188160	2
348669	11943762	4
1675062	1674799	1
3316413	3315590	4
2365877	2365878	1
5001058	5023310	3
10478002	10477972	1
7878480	7876500	1
3583921	3583788	2
7649091	7649092	4
9856584	9856583	2
6557223	6557224	3
8000323	8000324	1
505496	505495	1
7473501	7473531	2
4586605	4585693	3
10612832	10613364	4
8839102	8839101	2
5375109	5375110	2
2680283	6826982	1
6147741	6144059	1
10170701	10167235	3
7868771	7867930	1
10923261	10923293	1
12140008	12140007	2
4304424	4856012	1
12557729	12557704	3
10328490	115225	1
8633755	8633756	1
12346763	12350268	2
3422363	3420556	1
9164535	9164542	4
897855	897533	1
5693254	5693253	1
8419382	8419381	9
8382612	8454922	4
1131922	1131921	3
4115333	4115334	2
363106	362837	1
9895884	9892479	2
12630233	12630216	1
1971045	1971012	1
5153778	5153777	1
12810699	12814926	2
7751849	7751850	3
9849691	9850020	1
11697591	11940339	1
5996168	5996165	1
2022124	5891777	1
12733704	12733703	3
7382235	7382236	1
6185687	6185683	1
9348342	9348341	1
8031486	8031549	2
146832	146831	2
1943202	1943201	2
6043778	6138580	2
4381939	4382261	1
3147757	3147874	1
1681219	1681220	1
5889184	5889203	1
11578480	11578479	1
592904	592853	1
10410340	10410339	2
1525265	1525266	1
4416315	4416327	1
11804999	11805000	2
5172261	5172262	1
10134629	10134630	1
2944383	2944384	5
11524102	11523437	2
9579160	9509495	1
6826641	6819397	1
8207633	8207634	1
4473416	4473413	1
10329293	10329294	1
2887329	2887245	3
11427181	11425078	3
5542577	3115425	1
1099488	1099487	1
7911586	7911461	1
2909252	2916873	1
8497135	8497136	4
2957986	2957985	2
7848311	7848312	1
3527812	3527807	4
7425138	7425114	1
1445071	1445072	5
9328902	9328899	4
12778878	12779132	1
6602039	348161	2
11480793	11483257	2
2024933	2024934	3
7427774	7427773	1
11219191	11219209	3
2789329	2789325	4
2350557	2353109	1
6209121	10547583	1
7283379	4984896	2
6182379	6182380	3
267433	268013	1
1350269	1550921	3
9247050	9243724	1
954130	954129	1
4687995	4687988	2
5176823	5176789	1
12228362	12212821	2
2004606	2004572	3
5065986	5065985	1
9975331	9975332	1
8673525	8670365	1
733882	733881	6
941107	941110	2
7352295	7352296	2
5637863	5637864	2
1699599	1699600	6
4680086	4680085	2
8471865	8471582	2
3980916	3980915	1
2105154	2105153	1
4988039	4988040	2
12619622	12621094	1
11862684	11862681	1
4067369	4067370	9
5631946	5631949	1
532306	532305	5
11328428	11328427	1
1126181	1126182	2
2545611	2546029	2
5118554	5118551	1
8110287	8110288	1
8067048	8067064	1
2609299	2609300	3
5984807	5988307	2
8918577	8918578	1
2649634	2649633	1
8326052	8326049	2
8419378	8419375	1
7016736	7016735	3
8862134	8862133	6
8680203	8680204	1
771202	771201	1
6979011	6979012	1
8336573	8336574	2
7994325	7994326	4
9050735	9050738	1
34026	6363045	1
5900045	5900046	5
11613543	11613544	1
4993929	4993693	1
862749	862750	1
11292617	11291095	1
651430	651354	1
9816806	7886723	1
2276585	2276586	1
7804016	7804019	1
7285316	7285315	2
3575602	3574763	1
6839312	6839311	2
737453	737454	1
6532642	6532641	3
1119133	1119136	1
8036910	8036907	1
8612860	5397752	1
8539757	8539758	2
525837	525842	1
9491482	9491314	7
1674148	1674147	3
3142881	3142882	3
939454	939453	5
8752683	8752757	2
5479430	5479429	1
11004826	11004825	2
6889550	6889549	1
5583301	5583304	1
4046547	4046548	1
7882264	7882220	2
158619	4050833	1
10062271	10062272	2
2776294	2776267	1
7338836	7338835	3
6384124	6384795	1
10464008	10464007	2
6123631	6123657	1
3204762	3204761	1
5095519	5095520	1
3566580	3566579	1
5952118	5964383	2
7451450	7451449	2
4879917	4879941	2
8816967	8816968	2
12661983	12661986	1
1201606	1201603	1
2449521	2449197	2
11039605	11039608	1
11872483	11872470	1
9324589	9324689	1
9915100	9910151	2
10295141	10274774	1
5518367	5518368	1
6019244	6019249	3
11284914	11284913	3
11936817	11936521	1
1760518	1760499	4
6895211	6895084	1
8983659	8983660	1
5249679	5249680	2
1396297	1396298	2
2569941	2569942	1
11539087	11539088	2
5844508	5844507	2
4391409	10157773	1
5790167	5790168	1
11624955	11623278	2
6604267	6604268	2
12687149	12687184	1
6770057	6770064	1
12552938	12552937	3
8201847	8201848	2
7129699	7129702	1
2776806	2776803	3
8870782	5513428	3
5751240	5754595	4
3893633	3893639	2
2548660	2552990	3
8513999	8514000	3
6822930	6822929	2
3771717	3771718	1
3619395	3619396	4
3512418	3512421	1
11145422	11145421	2
5510387	5510388	1
7992424	8000111	2
2195696	2195695	2
6977139	6977510	1
10987492	10988494	3
4785421	4785422	2
10912366	10912365	1
9891941	9901371	1
2212650	2212649	1
11377162	11377161	2
7206833	7206834	3
10931938	10931937	2
5435286	5435389	1
3516144	3516411	1
5979415	5979554	2
12196921	12196931	4
169970	1932338	1
1370917	2452359	1
7882351	4529513	1
7428456	7428455	2
2595771	2595772	2
8324464	8324463	1
11990066	11990107	3
8281811	2812267	1
6530566	6530563	1
3787096	3787095	1
8284930	8284929	3
1829820	1829819	1
7037960	7299648	1
7432626	7432625	1
357003	357159	1
1662796	1662795	1
5125009	5125010	3
133133	133134	1
6502936	6502935	2
12013945	12013946	1
9856079	9281971	3
3565359	3565317	1
11039938	11039935	1
6801990	6801989	1
6449567	6447635	6
1734319	1734320	5
5671649	5672880	1
2954381	2954382	10
5258664	5258663	2
1778632	1778631	3
11547145	11545673	1
10584431	10584544	2
3556388	3556387	1
5630194	5630193	1
11589219	11589220	1
12557710	12557709	3
3633144	3633077	3
35547	35550	1
1106056	1106055	1
2319784	2319757	4
5607734	7605582	1
520391	520392	2
366743	366744	1
6256892	6256885	4
10945734	10945545	2
7216007	7216008	1
4753838	4648006	1
935132	1541967	1
1301448	1092051	1
7250757	7250758	3
4828753	4830472	1
4622009	4625686	1
7963937	7963940	1
1994803	1994804	1
9565811	9565809	1
3939508	3939507	2
1052843	1052844	1
4004665	3519524	1
2664771	2664772	2
3980674	3980673	1
9197651	9197689	3
2267387	2267384	1
6048114	6048113	1
2226796	2226728	1
6707662	6710470	1
5960342	5960341	1
9133890	9133899	2
3030240	3030239	2
3716442	3716483	1
7163400	7162474	3
387066	387092	5
10190804	7467891	1
5857390	5857389	2
4376928	4376925	1
9915212	9915360	5
12307175	12307231	1
9080233	9080234	4
6380642	6380678	2
305156	305155	2
8792411	7361397	1
8761276	8761275	1
7952198	7952987	6
5370299	5242327	2
12500685	12500686	3
10517241	10517242	2
5927532	5927530	1
566659	566714	1
4830571	4830572	1
8710548	8710545	1
9620633	9620636	1
2869857	2870450	4
388902	388537	2
9582424	9582423	2
1516104	1516103	1
5368049	5368050	1
6729369	6729370	1
1232784	1232783	1
1015675	1008582	2
6979808	421168	1
3677568	3677983	3
10699872	10702542	4
10210614	8901184	2
8050937	8050417	1
12747464	12747467	2
2489504	2489503	2
285411	285412	1
4737842	4737313	1
964767	9184947	1
8803049	8803031	1
3556493	3556494	5
9229652	9229651	1
10523992	10523991	4
10265181	10265182	1
12327476	12327475	2
11080211	11080214	2
9824896	9824820	3
9262006	9262009	2
11090326	11090323	1
1085174	1085173	1
6120375	6120376	4
8840129	8840130	1
729538	729537	5
1228337	1201643	1
621332	621331	1
2649636	2649633	1
12335645	12335646	2
1018278	1018277	1
3871402	3871401	1
3963998	3963997	3
11853751	11853752	1
4792367	4792368	3
7650908	7683645	2
265181	265182	4
778767	778768	1
2191398	2193389	2
8039323	8039324	2
2485455	2485456	3
10075596	10075595	3
8071973	8071708	1
4087352	4087351	3
1015460	1015525	2
1522126	1522233	1
4501927	4501928	1
5573352	5573372	3
6054732	6054833	1
9089143	9089144	3
5785065	5785066	1
9250921	9250922	2
1969718	1969543	3
4247636	4247635	1
4611688	4611687	2
5598631	5598632	2
11198773	11198778	1
7725687	7725688	1
9132363	9129699	1
12314101	12314102	2
1665755	1665756	2
12747462	12747461	4
6363044	34023	1
7431195	7431174	1
11434619	11434524	1
2900408	2900407	1
6690110	6690109	2
267433	268011	1
198554	193615	5
5274846	5274845	2
2559943	2559944	3
4824766	4824284	1
3285929	3285930	3
8896945	8896946	3
6866589	6866590	1
11206598	12364325	1
10218030	10218029	2
4216755	4219095	2
207025	207026	2
7833366	7833365	1
11251065	11251070	2
3000559	3003512	1
137912	137911	6
1701743	6451023	4
6313829	6313830	1
6210914	7290529	1
10489168	10489112	1
5721253	5721254	3
2386208	2386217	2
4756666	4756642	1
2334865	2334717	1
2698305	2698308	1
3442745	3442748	1
1410265	1410321	1
12206476	12206475	1
4873838	4873835	2
7970202	7970170	3
1027012	1027011	1
5057604	7954070	1
4735285	4735286	1
792848	792843	3
2103349	2016216	2
12232688	12232685	2
5896311	5896312	2
11425339	11425340	5
10996724	10996623	2
12673898	12673921	3
5109492	5109491	1
1833411	1833412	2
3291232	3291231	1
9278536	10018014	2
2613767	2613768	1
5101056	5101051	1
7019964	7019963	2
9176933	9176960	1
5093400	5093359	3
1484309	1484237	3
5558016	5546172	7
12290060	12290059	1
152508	152520	1
6182385	6182368	1
11832966	11832965	1
2850870	2850869	4
4510407	4510450	2
3474662	3474661	2
683099	683100	1
5882045	5882046	2
2767112	2772781	3
4043465	11855	3
2611558	2611557	4
3477797	3477798	4
1704196	1702008	1
11401944	11401943	1
7687895	7687900	3
2866628	2866627	2
7712231	7712232	4
2810975	2810976	2
1547014	1547013	1
10320036	10320033	1
11767720	11767716	2
10718522	10718527	2
633349	633350	1
5898813	5898814	1
7542397	4577513	1
4557518	4557517	2
7059424	7059421	1
6750366	6750363	2
196797	196798	3
3701607	3701608	1
4706249	4706250	1
10170699	10170700	3
1864442	1864440	1
11839905	11839675	1
2152872	2152871	2
2096622	2096621	2
5982752	5982755	1
4281448	4281447	2
8653817	8653818	1
1235099	1236221	1
6260904	6260906	4
2377460	2377445	2
2371217	2371218	1
9523752	9523751	2
4072979	4072976	3
10058157	10058158	1
7600390	7600389	1
6900294	6900291	1
1755940	1755979	2
8821515	8822367	1
10743386	7827627	1
6255283	6255768	3
3867003	3867004	1
1450529	1450530	1
12664787	12664015	2
6663568	6663567	1
8540245	8538622	1
5150966	5150965	1
7521188	7520863	2
5368049	6111955	1
8444863	8444813	3
12656589	12656539	2
1251908	1251907	4
5581652	5581635	1
6468220	6468219	4
5308565	5308566	1
572148	572147	5
10286794	10286793	1
4042654	4042653	4
2246677	2247414	2
5314333	5314334	2
1647226	1647225	3
7993410	7993409	2
2089214	2089213	1
1841154	1840600	2
863292	863289	3
9978007	12439583	1
9705473	9705060	1
847417	847436	1
9077911	9077929	3
3025761	3025794	1
6321344	9061779	2
12399622	12399619	1
4055146	4055145	3
2539718	2539024	1
7306157	2227498	1
10316149	11679579	3
1408031	1408006	3
7934931	11850348	5
3439843	3439844	3
10286747	10286748	2
2459956	2459955	3
9152638	9151212	2
7027039	7027040	2
7950182	7950198	1
817745	817746	3
3642687	3642688	1
8060256	8061406	1
6709638	6709637	1
6711585	6711575	2
1449072	1449163	3
1621876	1627786	3
7998852	7998866	3
6586010	6586009	4
10222326	10222325	2
3953989	3952604	1
394896	394895	2
11557397	11557398	1
10884953	10884954	1
2640635	2640636	1
1403459	1403345	1
4615498	4615497	3
5746743	5746744	1
11341018	11341017	2
3205723	3205796	1
7122715	7122716	1
12730680	12730679	1
11647711	11647714	3
6576752	6576751	1
12719818	12719815	1
4156107	4156108	2
8680201	8680206	1
6070937	6070943	6
11498235	11498236	1
6078332	6078331	1
3585901	3588286	2
18935	18936	3
1698455	1698456	3
10687745	10687685	1
824406	824409	1
9975868	9977398	3
4753762	4753761	3
5701065	5701302	2
665419	642574	1
11916099	11931412	1
1663469	1662999	2
2687980	2687984	1
286416	286415	2
12028546	12028545	2
758685	6417668	3
8351185	8616976	3
8248676	8247177	1
2826803	2826804	1
10931945	10931946	1
4128011	4120102	3
9495996	9495995	2
2265591	2265592	1
9942175	9942180	2
7600209	7600281	1
3421960	3422142	4
435809	436605	3
7994327	7994336	3
11777034	11777016	1
6047575	6048578	2
6620797	6619255	2
4689161	4689164	4
1879497	1879360	3
2254366	2254365	2
11821698	11821697	1
8705873	3551980	1
8158414	8158413	1
3275	3276	2
6865973	6865914	4
9520026	9526636	2
11204776	11204775	4
9469550	9469553	1
8812637	8811779	1
5813869	4172696	2
4488766	4489431	3
7218480	4423929	1
12807270	12806793	1
3730025	3729290	2
12177085	12178360	1
7476441	7476417	1
5961586	5961589	2
10169906	10170092	5
6702837	6702838	3
4051760	4051723	1
3960676	3960675	2
7084364	7082897	1
9900638	9902170	1
1251826	1251836	3
8409183	8409184	2
7435860	8991365	2
12366529	12366530	2
1903182	1903185	1
5715214	5936685	4
4218293	4218294	2
4706334	4706333	3
10255750	10255342	1
8194579	8194580	1
11574010	11574009	1
3440469	3444731	1
3988580	3947152	5
10328770	10328769	2
7672614	7672613	3
3535089	3535070	1
8535971	8536000	1
3519898	3519897	1
12655742	12655786	2
2352122	2352121	1
12158849	12158850	1
6214019	8353624	1
10081986	10081983	1
7062500	7063479	2
11580970	11580969	4
2461449	2461450	4
6556482	6556481	2
10330177	10330178	1
1498217	1496536	1
6509758	6509757	1
183142	183141	3
5224575	1833851	3
11023519	11023195	1
7746672	7746675	2
4054863	4054868	1
11576533	11573287	1
2855777	2855749	2
7265345	7265805	3
8431605	8431606	1
9358016	9358009	1
7106000	7105999	2
3760017	3760637	1
10091742	10091887	1
2966862	2966838	2
8393076	8393073	1
5832535	5832020	4
8472448	913510	1
3274918	3274917	1
7417400	7417399	1
8971856	8971853	2
8302452	8302445	1
3535069	3535070	3
6861888	6861887	3
7782072	7789217	1
11552088	11552087	1
9007519	9007520	2
5629532	5628555	1
3499288	3499286	1
1991849	1991850	1
11146821	11146822	2
5852486	5852485	2
5191449	5191450	4
11395672	11403283	1
10232348	10232345	1
4828709	4828710	2
9565772	9565769	1
4256713	4256714	1
11664284	11664281	3
525841	525844	2
8636994	8636989	2
3891233	3891234	2
2318441	2318442	1
5674730	5674729	3
5662471	5662472	1
1094544	1092901	1
1592345	1592346	4
2775030	2775159	3
1619280	1488416	1
8692318	8692317	2
7267143	7267144	2
777298	777297	2
5268560	5268513	1
11064476	11064474	1
11609893	11609918	2
1235865	1076525	2
7697769	7697770	5
9829378	9829377	4
1253123	1254242	1
4228746	4228745	3
2488398	2485207	1
10546974	10546973	2
5379067	5379068	2
7700666	7700594	1
4615479	4615480	1
430399	430402	4
4374380	4374560	2
5788127	5788128	1
3932914	3932911	5
5913443	5913444	2
2152868	2152867	1
6815418	6811161	2
2149783	2149641	1
11592066	11592045	1
9007040	9007039	2
10756113	10756114	2
6786143	10225024	1
3141061	3135726	1
7409146	7409145	6
3755469	3754877	1
2505699	2505700	3
888051	888028	2
9699088	9696842	1
12395676	12395680	2
6514208	6514207	2
1161469	1161470	1
1373967	1375938	3
10505930	10505929	4
10766807	10766825	2
8186566	8186669	1
12250912	12250911	1
11909878	11909877	2
5815039	5815040	1
5432233	5432234	1
3746386	3746385	2
11778026	11777999	3
8993668	8975074	1
12205668	12205667	2
4376541	4376542	2
10367100	10367105	1
4614413	4614459	2
6052253	6052248	1
7805282	7805281	1
2342837	2342838	2
4181374	4181373	1
1295004	1294755	11
1364391	1367729	4
2074312	2083691	2
5277264	5277263	4
1240409	1238820	3
11906355	11906356	2
7669595	7669596	1
3029657	3107667	1
8842426	8842425	2
11817410	11817407	1
10547960	10547954	1
8958693	8958680	1
6537407	6537410	2
9360433	9360436	1
9009191	9009192	5
10740676	10740675	2
7931890	7927356	5
5495230	5495229	3
267435	268013	2
10165451	10182313	4
5699246	5699243	1
4985060	4985059	3
10983075	10985922	1
12600571	12600572	3
6454248	6454967	3
4534094	4534112	6
4828751	4828754	2
10900887	10900888	2
1243437	1243438	3
7298489	7298490	3
10416317	10416318	2
10375609	10375746	3
3631145	3631183	3
8831349	8831350	1
12007338	12007257	6
4709736	4709733	2
1380771	1380738	2
62983	62984	3
2668737	2668738	1
12015450	12015447	2
8259763	8259764	1
10330072	10330071	1
9323796	9323795	2
4749778	4749777	1
2102818	2102817	4
655312	654987	11
6921279	6921280	1
3944146	3944105	1
12399160	12399159	3
5967072	5967102	2
11192553	11192554	1
3305285	3305286	2
10614598	6508394	1
4525604	4525603	5
9911667	9911627	1
1129852	1129566	3
3032486	3033000	6
2993953	2993874	3
5487111	5487114	4
1762753	1762754	4
2173888	2173887	5
10414529	10414530	2
11058361	11058376	3
8817084	8981410	4
2282880	2282879	5
294402	293120	3
11212935	11212936	3
5767113	5767145	1
6574994	6576878	4
11388340	11388339	3
10891886	10891980	1
203862	203861	4
7892633	7897514	3
2235068	2234917	1
1876406	797254	1
8807494	8807493	2
2262335	2262336	2
1325704	1276535	3
2193953	2262336	3
2378388	2351712	1
330863	330864	2
1261043	1261034	1
10997268	10997267	2
7428452	7428455	1
12492988	12492952	3
11085371	11085372	1
4703674	4703673	1
788289	788290	4
5442214	5442213	1
6435840	6435839	1
6876751	6876752	1
11482188	11464931	2
1489779	1489765	1
4133393	4131096	2
4074511	4074512	1
12187656	12187655	1
2299842	2299839	2
10579561	10579618	1
7808509	7808510	2
9517458	9517457	3
12283781	12283009	6
3622877	3622878	1
12731203	12731204	4
5285996	5286274	2
1108188	1108187	4
12532480	12531544	2
9975870	9977398	2
6129255	6129281	1
2667925	2672119	5
5815332	5815294	1
3247031	3247032	1
9912297	9912298	2
6161630	6161629	2
10699341	10699342	6
6987333	6987334	5
558600	558599	2
6269454	6269453	2
11738699	1943422	1
12172745	12172746	4
1582095	1582096	1
10291756	10291751	2
11835664	11835661	1
4544668	4544667	3
8808334	8808333	1
7954071	5057605	1
11793873	11793874	1
9890720	9890719	3
7771044	1856857	4
12052427	12052606	3
10799229	10799230	4
7267244	7266394	3
10341409	10340762	2
11179828	11179842	1
1976098	1976094	1
936621	936622	4
8968460	8968459	2
4557717	4557720	1
3549063	3549064	1
6765938	6764314	2
6498666	6498650	1
5021773	5021778	1
9836509	9836510	1
6319605	6319606	1
1270017	1269429	3
7650908	7683643	1
11579193	11579194	1
7188621	7187324	2
5720217	4879064	1
5122254	5122253	1
9498482	9498481	1
3957752	3957747	3
7347971	7347972	3
11589102	11589101	1
8667087	8674728	1
6475604	6475603	3
693153	693154	1
2425030	2425029	5
5896201	5896202	4
5078393	5078394	3
6050071	6050072	2
2787273	2787446	3
1953840	970207	3
5823062	5822299	2
6521255	6523761	1
2135960	2135959	2
4679117	4679088	4
377048	10782335	1
9530941	9530942	1
8087634	8391300	1
12533022	12533021	1
3580455	3580456	4
7817419	7817408	2
3823211	3823212	2
5994419	5994420	3
10360511	10360514	2
1570395	1570396	1
1928862	1928881	1
5117342	5117467	4
2358876	2358875	2
7701279	7701280	2
3874951	3874954	4
9100868	9100908	2
3142832	3142831	4
8535565	8535893	1
6543156	6543155	1
12512419	12515164	4
11237365	11237360	4
6198893	6198896	1
3409550	3409549	1
10279208	10279207	1
8880615	8880083	3
2561321	2561322	2
11394753	11394754	1
7739047	7739096	1
4063131	4063132	1
7858390	7858389	1
6531626	6531648	1
5092300	5092299	2
3071709	3071715	1
11531403	11531404	3
255086	255085	9
9164026	9164046	2
7323536	7325121	1
4702787	4702788	2
11296310	11296307	3
2350556	2350555	1
3859748	3859747	4
357254	357233	6
7794078	7794077	1
4276460	4276311	3
11602735	11602736	1
5835494	5835493	4
10509739	10509758	2
10101971	10101972	2
2944387	2943958	3
5222181	5222847	1
9292529	9292530	1
12554374	12553936	1
11220022	11220021	2
7379503	7379504	4
5909392	5909389	2
1096664	1096833	1
3376758	3376757	2
10046225	10046226	1
1094628	1094610	1
10909789	10909772	1
2846182	2846181	5
6717210	6717209	2
4272321	4272322	1
2670364	2670363	7
6783393	9877811	1
4551068	4551067	1
6499308	6499307	3
7661089	7661090	6
2405394	261133	1
3081427	3081428	4
9884432	9884189	2
11677652	11676482	1
6947198	6947170	1
8233193	8233194	1
811128	811133	1
840081	840095	1
11994809	11994810	2
9510800	9510799	5
519186	519185	3
1092054	1092051	1
4692820	4692819	3
2082290	2082276	1
6431233	6431256	1
12664014	12664011	1
935352	935351	2
9068245	9068250	1
3411970	7705221	1
1903360	1903504	4
8798077	8798078	1
9115664	9862810	2
5778767	5773926	2
5445467	1836079	1
6907253	6907256	1
3671314	3671779	1
1466355	1466358	2
7806225	7806226	1
1235854	1235853	2
11007400	11007397	5
1595683	1595655	2
5147004	5146999	1
10743393	10743114	1
2241628	2241627	10
1964444	1964552	1
825161	825162	5
8834185	8833996	1
353548	353545	2
9673944	9674334	3
7659095	7659096	3
11028576	11028573	2
1107688	1107687	2
8890242	8889587	1
10738791	10741330	3
2098665	2098666	1
8560858	8560841	4
3817326	3817260	1
2169182	2168816	12
5654300	5654299	1
8090600	8090599	1
3534212	3534211	3
7383510	7383509	4
731350	731347	4
11424465	11424466	4
3739013	3739028	2
10940488	10940487	2
3871801	3871804	1
4982780	4982779	3
8017383	8017384	2
5332199	5332200	2
1398247	1398248	1
8658369	8658370	1
5370042	3859566	2
1894383	1894384	1
8174480	8174479	6
4199330	4199329	4
10227718	10227713	2
11672023	11671690	1
4054863	4054866	2
6422282	6422715	2
8917592	8917591	2
9955716	9955715	1
5359135	5359136	1
370916	370907	4
6281685	6281686	2
7744369	7744370	2
4724139	4724119	2
3494821	3494822	3
9313998	9314154	1
163630	163639	1
11179795	11181008	3
4784713	4784714	2
10217403	10217060	4
1760484	1760483	2
6078040	6078372	1
10055317	1568726	1
4741122	4741114	2
12664787	12664011	1
515444	515443	2
1478497	1478837	1
11744064	11744075	1
12174921	12174951	4
7905748	7905747	1
4388418	4388417	1
932471	931237	1
10299879	10299880	3
12171274	12171685	1
11943083	11943084	1
6757751	4977523	1
2562029	2561177	3
2414455	2411986	1
528364	528363	1
8227667	8227672	3
9483295	9483290	4
11844504	11844503	3
5767152	5767151	1
5838479	5837149	1
1184561	1184564	1
12246290	12246289	5
11937814	11937813	2
6270962	6274214	1
7015996	7015995	4
11738185	11738186	2
12196035	12196036	5
4954276	5266550	2
7526729	7526730	1
11075180	11075183	2
1036251	1037076	2
5750638	5750681	1
7133271	7238907	3
7520673	7520747	2
6193182	6193185	1
8531786	8531785	2
2275344	2275343	1
8470878	8470881	2
2721317	2721318	3
8477440	8477439	1
3042003	3041998	2
4307803	4307540	6
3237074	3237033	3
2342834	2342833	2
5874119	5874090	5
10979047	10979050	1
11571366	11571441	8
6979361	6979723	3
3251338	6883983	1
5215072	5071686	2
12463035	12463036	2
3792085	3792086	1
477006	477065	3
8983168	8983165	1
3089403	3086975	1
5364809	5364810	1
6053402	5985904	1
910825	910826	2
7695413	9181242	1
2834865	4353625	2
12288075	12288076	2
4825516	4825519	1
22416	138897	1
1983106	1983105	1
7939694	7939693	4
3907021	3907022	2
4785425	4785672	2
6196635	6196636	2
9542195	9542202	1
4788551	6842821	1
5602521	5602774	3
4992169	4992170	3
1623919	1623920	1
979161	979162	1
3313522	3313521	1
7680927	7680928	2
1613954	1610992	2
8609056	2696083	1
3478161	5101246	2
5713764	5713763	2
10330107	10330111	1
5970162	8239679	3
8648113	8648114	1
10350318	10349628	1
4523878	4523877	3
5334713	5352891	3
11090532	11090531	5
10744824	10744821	1
6045290	6045289	1
2414833	2414834	3
355033	355034	3
7478332	7478299	1
6868977	6867921	3
5773254	5773223	3
1671373	1671374	1
4517867	4518659	1
439023	438269	3
4672809	4672810	1
11151782	11151779	2
6807832	6807831	1
740093	740094	2
9535745	9535746	1
1282479	7261064	1
5964322	5963937	1
7258756	7258028	2
1588382	1587699	6
9252009	9252010	3
5930987	5930988	4
9092190	9092189	1
4526822	4526821	1
2117988	2121494	3
879247	877378	1
6165484	6165483	3
4155443	4155416	1
157333	157258	2
7745438	7745437	1
8705111	8705112	3
1826680	1826677	2
10708264	10708276	3
5993754	5993753	1
8379770	8378298	2
1924433	1924527	1
11847517	11847518	3
229813	133603	1
2421952	2421414	8
5831799	5836131	1
372670	372713	1
3280290	3280287	2
5950555	5950556	1
8463500	8463557	1
5665954	5665953	1
5123678	5123677	2
10291083	10291084	1
3593515	3593516	1
44623	44624	1
5814011	5814014	4
5901853	5901854	3
6027722	6027721	4
10243049	10242265	1
466461	466462	1
11082851	76356	1
12761215	12761216	1
3632116	3632115	2
1009853	1009856	4
2260341	2260342	1
6539277	6539278	1
9982881	9982884	2
3788069	3788771	1
8604	8603	4
2934850	2934776	4
3283622	3283185	1
9487120	9486747	2
6742648	6742647	1
8256625	8258801	3
4704372	4704371	3
2206982	2206981	3
10205308	10207223	3
2124583	2124619	1
8795009	8794395	1
12459700	12459699	3
5557826	5557816	1
4117768	4117767	1
7282604	7282614	1
6713023	6713024	1
11114874	11114737	1
4570769	4570764	5
2097845	2098295	1
6630685	7897146	2
2111600	2111599	5
11214288	10958243	1
1501634	1501633	1
835549	835426	1
2166766	2165971	1
1404316	1404310	2
8254643	8254644	1
837393	838996	1
11328612	11328608	4
11443111	8170385	1
2242826	2242823	1
1642752	1641700	2
3327007	3327008	2
10221581	10221586	3
8018703	8018704	2
9119804	9119795	1
1025217	958515	2
8814685	8814635	1
3863594	3863593	2
11613686	11613685	3
4046296	4046454	1
1742669	1742793	2
6657749	6657669	1
1530464	2344747	1
11462067	11462068	1
7086007	7086033	1
4318055	4318059	3
1329242	1332064	3
63125	63126	2
1267167	1267168	1
8684541	8684542	1
3908683	3903945	2
6045534	6045533	2
2074041	2074042	2
1885659	1885956	1
10904101	10904104	1
3973313	3974640	1
11663507	11663537	1
11956708	11956707	1
3205795	3205796	5
11375795	11372518	1
2446070	2446067	1
6832476	6832479	1
4407624	4407482	1
9674549	9674554	1
8382220	8382219	2
3111212	3009135	2
1514114	4029119	1
11620950	11620949	1
8545531	3524240	2
10618784	10617691	1
4748066	4748065	2
7548440	7548439	1
1719669	1719670	3
11289412	11285639	2
7520669	7520747	1
4523876	4523642	3
11173379	11173380	1
6459098	6459097	1
3229081	3229084	1
1529673	1529674	1
8680362	8680361	1
2905025	2905063	1
8561434	8561433	1
361700	361699	2
8501785	8501754	1
10337834	10337833	1
258686	258685	1
10688266	10684724	1
11568205	11568206	1
4631733	4631734	1
8596647	8597458	1
421167	6979809	1
1266284	1252811	3
8397982	8397964	1
6464103	6464104	1
11235806	11235805	4
5560446	5560445	1
1580313	1580314	4
11923384	11923381	1
7034225	7034228	1
10983473	10983474	1
6286249	6286250	1
202270	203643	2
4826658	4826657	3
12472103	12472123	1
6937856	6937855	1
3462602	3462601	1
10233092	10233091	2
9091831	9091833	1
1853229	1853232	1
10247000	10185148	1
8531840	8531839	3
2338170	2338182	2
7987778	7987911	3
1154316	1154315	1
1714672	1714669	1
3305281	3305282	1
22296	22295	3
1725263	1726209	2
11539987	11539163	3
8342445	8342448	1
7514562	7514566	3
1938413	1938418	1
1782393	1782786	6
9009134	9009346	2
12226990	549218	1
5437507	5437480	3
9057601	9057606	6
2848025	10618415	3
3186093	3186094	3
6595121	6595122	3
12412801	12412802	1
6731144	6731120	1
10471277	10471278	2
3948757	3948758	1
2075639	2075634	1
1070513	1070514	1
3470544	3445789	2
10412347	10411980	4
1591504	1591503	4
12303160	12303159	3
1749216	1746557	1
6530019	6529985	4
7129704	7129703	2
8656317	8656318	1
1169422	1169394	1
9333859	9330097	1
6841584	6841589	2
4619208	4619207	1
11476123	11476124	5
3936886	3939444	3
1602730	1602729	3
5862357	5863769	2
10738796	10740554	1
4770670	4770669	1
2649632	2649631	2
12268185	12268186	3
12227669	12227681	1
7725629	7725630	1
10524105	10524106	2
5415819	5415845	1
8209917	8209918	2
9521356	9521311	1
6495009	6494925	2
4406725	4406726	4
5275599	5275600	2
7117509	4843290	2
2960450	2960449	1
3154694	3154706	1
7414557	7414470	4
10882454	10882453	3
5216369	5217349	5
8816931	6193395	1
11072897	11072898	1
9062434	9062433	2
10804852	10804857	1
7601058	12663370	3
2825632	2825663	1
1724882	1724879	1
7855281	7853213	1
7821173	7805174	2
8444760	755502	2
9791289	9572963	1
10497126	10497102	2
11776125	11776126	2
10342629	10342630	2
6027717	6027718	2
7573291	7573294	1
4190240	4192398	3
3067480	3067479	3
10094393	10094423	5
1637578	1632521	1
2107826	2107825	1
8875686	8875685	2
4588283	4588284	4
5876023	5876026	2
3580441	3577908	4
9841492	9841489	1
2161581	2161582	2
4854213	4854218	1
2320853	2320279	1
1197760	1197616	2
147959	147964	8
4614817	4614818	2
11033502	11033501	2
1803809	1804714	1
5960433	5957281	5
6175284	6173209	5
8679149	8679154	1
668267	668268	1
5016402	5016414	1
6160265	6160266	4
6281598	6281597	3
4063860	4063859	2
3901398	3901403	2
11360922	11361160	2
4065478	4065477	2
10066724	10066067	2
12778708	12779117	1
8518121	8518122	1
5963932	5963931	6
2011920	2011919	4
2923729	2923730	1
6010494	6010503	3
6689960	6381273	4
8419380	6681960	1
5270238	5270235	2
11773736	11776328	5
4614093	4614094	3
5419915	5419967	2
12328358	12328384	1
11963810	11963826	2
8369756	8370063	1
9481248	9481247	4
4540795	4540796	1
5023015	3571040	1
5129593	5129577	2
5628477	5627330	1
6905016	6905034	1
2278592	2278591	1
2577791	2578018	1
5677598	5677404	2
11475831	11475832	4
11495953	11494842	1
10807330	10807106	2
8005314	8005311	1
6167587	6167507	1
8574176	8574175	3
12028546	12033589	1
338493	338494	5
163638	163633	1
2690335	4329844	3
4733405	4733408	8
2790454	4462644	2
5777230	5777229	1
392531	413504	2
831175	833791	2
6281016	6281052	1
9527291	9527293	5
12351484	12351416	1
3535545	3535546	1
7803254	7803245	1
500793	500794	3
8538307	8538308	1
1005818	1005798	2
1545199	1545181	1
4013334	4013333	1
12422367	12422292	1
9464949	9464950	4
8005314	8005313	2
2842005	2841885	1
11184689	11184683	1
3980535	3980675	2
5844298	5844297	3
9852380	9852377	4
4005697	4005698	2
5845946	5845965	4
10641859	10641860	3
1501870	1501869	2
2351948	2360534	3
951904	951903	3
5802930	5802929	2
7766740	7766739	2
12338744	12338743	1
11645547	11645548	2
4302002	4302001	2
4706239	4706240	4
4362756	4362753	5
12346763	12350270	1
8593693	8596646	2
4792556	4792553	5
7897251	7897288	1
12678317	12678318	1
12225066	12224872	6
5752370	5752369	3
6536455	6536456	1
8891843	8891844	1
4768793	4768794	1
5854259	5854260	2
8008120	8008108	3
2062921	2062922	3
4022815	4022816	2
4190191	4190192	4
10478457	10478458	1
10447418	7645927	1
1343021	1343062	3
5816729	5816730	1
3130054	3130053	1
10537925	10537926	2
3212524	3212519	1
10789366	10789365	1
11411024	11411023	1
7082922	7082921	2
6167585	6167586	2
6036830	6036829	3
12613049	12613050	1
5512976	5512975	2
7754258	7754294	1
2927074	2927073	3
8826939	8826940	1
1750366	1750365	1
10117478	10117950	3
12033836	12033835	1
1501849	1501869	1
5950602	5950605	1
1392234	1392233	1
2126603	2126515	2
8811555	8811556	1
2766443	2773286	1
12772567	12772579	1
9477647	9477643	8
2890055	2890056	1
11560061	11560062	3
11521730	11525648	1
734983	734984	2
12434752	12434744	1
7101905	9774741	1
1595654	1595653	1
5848758	5848757	1
6825065	6824831	1
5269266	5269265	1
6732183	6732297	3
1661489	1661490	1
11710138	11710137	3
6854163	6854793	1
6916295	6916296	1
11677571	11677596	3
5089650	5089649	2
7924695	7924696	2
11766347	11766348	1
4469726	4469799	3
1004236	1004329	3
11261256	11261261	1
8967306	8967305	2
8196571	8196572	7
10227714	10227713	2
3856851	3856852	2
5478450	1198925	1
7975283	7975284	1
7885849	7885852	3
4476820	4476817	1
10529634	10529552	2
5991661	5991662	1
8766745	8766746	1
4241292	4241291	1
11406763	11406760	3
7614309	7614348	1
2241332	2242326	2
2253111	2253116	1
6102124	6102123	3
8318162	8318161	1
7964470	7964475	1
7189394	7189391	1
9770185	9770186	2
12361008	12361007	1
8525280	8525097	4
10191523	10191524	4
1743417	1743420	1
889034	889033	1
9981050	9981049	4
7687883	7687894	4
11472425	11472303	1
8200793	8200794	1
4514137	4514148	4
10805980	10805984	4
6377797	6377798	4
7065377	7065378	1
4287383	4285241	1
6754170	6754169	2
11156148	11156069	2
11664282	11664281	1
2347845	2347846	1
7362534	7362538	3
7683639	7683640	3
533631	850876	4
7658876	7658875	3
8798365	8798366	3
8002163	8002164	1
4403887	4403888	1
5497338	5497337	1
2766788	2759419	3
1371632	1371926	1
10750413	10750414	2
926292	927612	1
2000828	2000023	1
9531993	9533700	1
6085225	6084992	1
8829245	8843421	1
6013893	6013894	2
6886431	5777675	1
5366958	5366957	2
3227371	3227841	2
10405545	10405548	2
6180370	6180369	4
7582803	7582806	1
7663504	7664585	1
8023796	8023805	1
4731230	4731229	2
10110240	10110274	1
1626946	1626943	3
5735217	5735218	1
3370998	3370997	1
11237543	11237557	2
9370127	9370356	2
6836107	6833937	1
1464922	1464931	1
2405394	2405391	4
4083392	4081258	1
1590072	1590047	1
4516383	4516386	2
5670993	5670949	1
10284712	10295510	3
10279434	10279431	2
5736820	5736147	5
3683698	3681329	3
9772573	9772574	2
6990867	6991006	3
1167702	1167701	1
12037557	12037558	5
9647799	9647800	1
2707736	1036344	1
271446	271454	3
10488539	10488540	4
4626251	10070327	2
3550461	3553973	3
1145675	1145676	1
934492	934491	1
8679699	8679700	4
1323800	1323795	1
8577751	2892205	2
4124688	4123510	2
7740858	7740857	1
6721402	6721399	2
1969856	1968462	1
163634	163633	6
909531	6740711	3
793450	793406	2
12131191	12131129	1
2299621	2299622	1
2259899	1114805	3
2643742	2643739	4
4512447	4512360	4
2866749	2866750	1
2544302	2557858	1
4593564	4593563	1
9064874	9064873	2
647889	647152	2
829620	829619	2
703667	702086	1
4068581	4068582	3
6721402	6721401	2
3855270	3855269	4
10062059	10062062	1
3673691	3672992	1
2481529	2481530	1
2900373	2900374	1
7389617	7389618	1
11153521	11153522	1
4691609	4691610	2
11291877	11291878	2
6491793	6491796	6
7324753	7324724	1
1710252	1760916	1
601207	601208	1
4534864	4533899	4
2944546	2944545	4
3978156	3978155	2
6597949	6597950	3
2641915	2641918	2
10193396	10157773	4
1153667	1153668	2
2561321	2561324	3
8158894	8158893	2
10120475	10120477	1
3878636	3878633	1
5821634	5821640	1
8455682	8455679	3
1243279	1243284	1
5256860	5256859	2
9740693	9740694	3
576635	576636	2
9568276	9568241	2
4803697	4803698	2
4189859	4189817	3
6343957	6343958	1
11126980	10121699	1
7972680	7972530	2
12283794	12283793	5
10094454	10094453	4
1998302	1998301	1
2052020	2052019	1
11039068	11039067	2
9142645	9142651	1
2051862	2052021	1
6909299	6909300	1
3918066	3917941	1
11822374	11822373	1
2209997	2209998	5
6093310	6093307	3
5710336	11861516	1
1288273	1288276	2
777477	777478	1
5886644	7618680	2
5915165	5914854	2
3767670	3719988	2
1188409	1188466	1
9576817	9576818	1
7966715	7963245	3
2459541	2459542	4
92448	92447	1
8871091	8871092	1
7593988	4708014	1
3305279	3305282	2
11692416	11692479	2
3908676	3908675	4
12229867	12229853	1
10108357	10108358	3
4359500	4369259	1
10569622	8527789	1
91011	91012	1
6466500	6466499	2
11824299	11824300	2
10823718	10823777	2
12491202	12495870	2
7081649	7081650	1
2019063	2019504	3
10025252	10018277	1
9435255	9435385	2
4955734	4955733	1
11752660	11752659	3
8375386	8375383	2
12231531	12231556	1
9037974	9037973	1
6424590	6424589	2
2924858	2924796	3
11540931	11542171	2
8064265	8064266	2
6188624	6188623	1
1082272	1082275	1
5409819	5409820	6
2269366	2269372	1
9101441	9101444	2
890705	890710	2
5861906	5861884	3
1740836	1740835	3
10328422	12043396	1
11493640	11493639	3
755702	754940	1
7446354	7446353	2
8676628	8684297	1
3728317	3728324	2
5129205	5129206	3
362825	362826	1
8209361	8209362	8
10697084	10697083	1
10412612	10412611	3
4611685	4612065	2
3360439	3360440	2
1774777	1774865	1
12417781	12417782	1
10244772	10244780	1
12749628	12748573	1
5762385	5762386	2
1507565	3067561	1
3460379	3460380	3
11048461	11042246	2
5938181	5938182	1
10341444	10341443	1
10338411	10338412	2
1186103	1186104	3
7174292	7175268	2
4050851	4050852	3
1068390	1068343	1
6549488	6549805	4
2830467	2830468	4
437609	439094	2
11470233	11470234	1
10908512	10908511	5
4571552	4569665	1
11581083	11581088	1
12055281	12055282	1
7871530	7871529	1
8529429	8529430	3
2662420	2662419	2
3881925	3881926	3
7648405	7648408	1
5446424	5446417	1
8001437	8001438	5
1539115	1539120	1
5099428	5099427	5
12247280	12247312	3
8281920	8281925	3
1767213	1767216	1
8477220	8477217	2
9907728	9907727	2
1686064	1686063	5
2379858	2379848	1
4620045	4620048	3
10727298	10727297	4
11933185	11933186	2
6921073	6921074	1
1636370	1636369	3
8066010	8065927	2
3114841	3103856	1
2973897	2973898	2
8682337	8682338	1
1797761	1804606	4
11793789	11797563	1
2006091	2006118	2
6755948	6755947	1
6700206	6700274	2
8808156	8808155	2
376179	445913	1
2025396	2024644	1
4640192	4640189	1
9782211	9782197	2
3146064	3146136	3
7758621	7758622	4
11787197	11787200	1
707325	707384	1
4680538	4680537	2
9579158	9509495	7
5279265	5279266	3
7897283	7897568	2
3292179	3292180	3
9777504	9777503	4
3302326	3302325	3
4860816	4860813	1
7910927	7910928	1
772637	772655	2
2207256	2207253	1
2170561	2170562	2
12121918	12121917	1
9270682	9270658	3
9621831	9621848	1
5454989	5454992	1
3103147	3103201	2
3192266	3192537	3
3371054	4816134	1
11275551	11275552	3
6274174	6274172	2
7570690	7570689	1
3571905	3571906	4
11810270	11810269	1
2810858	2810857	2
7424971	7424972	3
4995095	4995098	2
3732862	3732279	3
7858510	7858478	1
11800618	1943198	3
7969689	7969580	1
11718077	11720785	4
12189627	12189483	2
2371566	2371565	3
5163490	5163489	4
6441268	6441267	5
10406057	10406058	3
10071435	10071436	3
3043408	8456263	1
4937403	4937400	5
3885577	3885580	3
1521158	1521157	1
7549214	7549213	1
7629939	7629940	2
11084956	11084959	1
6694566	6694046	1
2472695	2472534	3
7064441	7064442	5
7012956	7007970	1
11276391	11276392	2
4270504	4270501	4
2842009	2842012	6
1710252	1760914	4
5992610	5992609	1
6465171	6465172	2
6792268	6792280	1
10079205	10079179	3
11749249	11751659	1
4653583	4653584	2
372208	369628	3
1857047	1857048	2
4573346	4573345	4
11167730	11167729	3
3577728	3577727	3
9387494	9387497	1
6337400	6337399	1
1705827	1705828	1
3766785	3766786	2
11719868	11719762	2
10981632	10981629	1
5294657	5299948	1
8561627	8561628	2
10032256	10032243	1
1855971	1855975	1
4187292	4187291	1
8041173	8041176	1
6528026	6528025	5
2961877	2960612	3
7591614	7592049	1
11298619	11298620	3
11331556	11331540	3
11394575	11394576	3
11425027	11425028	1
2594635	2594636	2
8368408	8368407	2
5369529	5369530	4
7650919	7650920	3
2443036	2443035	2
5647500	5647993	1
12043180	12043179	1
1541322	1541321	2
8453586	8453585	2
7002870	7002865	2
10866277	10865891	2
3104526	3104523	1
2020783	2012761	2
5807433	5807440	2
7583982	7586939	2
5022226	5022225	1
8779009	8779012	2
9977940	9977831	1
11497088	11497083	1
11877707	11877708	3
11449866	11449865	4
306868	306882	2
7441208	7441207	1
7542657	6012478	1
1493851	1493802	1
1092255	1092256	1
1412536	1411381	1
1801384	1801525	6
5440114	1665982	1
3119501	2899928	1
2746699	2751465	1
4625976	4625975	1
10229484	10229483	3
1532856	1532855	2
1357727	1357924	1
6817480	6817479	1
10176270	10178467	1
11610429	11610430	3
2774268	2774290	1
4536386	4536385	1
5002891	5002892	1
8336963	8336574	1
10663162	10663161	4
7015690	6940957	5
7939800	7939799	7
11744709	11744710	2
11562672	11562671	1
1637561	1637562	1
9598083	4334069	1
5049998	5049997	5
10922174	10923296	2
12719816	12719815	1
967851	967852	1
1934022	1933765	1
12533121	12535771	2
7642169	7881663	2
6143533	6143534	1
1174825	1174813	2
163647	163648	4
8027490	8027586	1
1670297	1671212	2
8528499	8528500	2
2639730	2639729	2
4007982	4007981	3
2894722	2894710	1
4113712	4113707	1
12572721	12572722	2
10296953	10296956	2
11935767	11935770	1
9526302	9526276	4
8172483	8172721	2
11341619	11342167	2
8392873	8392874	1
9240201	9240202	1
8024480	8024477	2
6287472	6287471	2
3854574	3854573	4
2330581	2329516	1
2649427	2649428	1
10171389	10171390	1
10953979	10953969	2
3035161	3035236	4
8982997	8982998	2
10744697	10744698	12
8039400	8039399	1
4447389	4447390	2
4462886	4462885	1
3026348	3026302	3
4994014	4994011	2
8291441	8528121	1
5019106	5019088	2
591410	591405	1
6107377	6107380	4
4493886	4489428	2
11080953	11080956	1
11763966	11763965	3
10871366	10871365	2
5896172	5896171	3
8792411	8792414	1
9669342	9669366	2
701721	701722	1
7819534	7819482	4
2873048	2873060	1
11875252	11875247	1
8181243	8181326	2
7580592	7580591	2
8572413	8572414	3
10357193	10569208	2
11606344	11606323	1
4233180	4233184	1
6015228	6015227	1
5651549	5651629	1
8692577	8692578	2
93964	93976	1
1095	1096	8
4007166	4007163	1
6505696	6505769	1
6124995	6124996	7
3276504	3276503	4
3539367	3539800	1
7011185	7011186	1
10975791	10981940	2
6375493	6377712	1
10322697	10310557	3
10813828	10813827	2
12353910	12353909	2
6254944	6255843	2
3819357	3819347	1
7745601	7768886	2
11882190	11882189	3
2664194	2664191	1
2923562	2924865	1
7687883	7687898	2
9683147	9683148	2
7512522	7511940	2
6443430	7120750	1
7256404	7256306	6
1198926	1198936	2
1301168	1301165	2
7315950	7314325	1
3203015	3203016	1
6690502	6690476	3
6071803	6071804	1
3440859	3440864	1
7102690	7102689	2
3899874	3899873	1
4709811	4708189	2
5218220	1293580	1
8655588	8655587	1
1763135	1763136	2
3539365	3539366	1
11132058	11132057	1
987806	987805	1
9544511	9544502	1
8895514	8897601	3
935355	1502892	3
2903320	2903319	1
7075094	7075093	1
4852685	7275415	1
10401199	7862240	1
994365	994366	1
11701173	11701174	2
4641122	4641137	1
8467753	8467754	3
11289014	11289013	4
10070104	10070103	3
11277924	11277923	1
2819349	2819350	6
2951699	2951700	1
10189228	10189225	1
2135956	2135955	2
3560856	3560855	1
1203990	1203989	1
4745102	4109580	1
8636743	8636746	1
3794279	3794091	2
11509855	11509624	2
5373545	5373546	3
7534588	7534587	1
8454851	8454828	3
2884631	2884632	1
7538453	7538454	1
1662461	384595	1
8920262	8920261	3
6183039	6183040	2
12428748	12428747	3
3489657	3489658	2
6823478	6823477	1
12693927	12693928	1
10893050	10894524	3
9879905	9879860	2
5970926	5970925	2
5627397	5627398	2
12436320	12436317	2
11169810	11169987	3
6199400	5999277	1
6299643	6299644	2
10157160	10157159	2
6980973	6980974	3
5410597	5410598	2
3271584	3271583	1
539947	539910	1
10412204	10412342	3
1670242	1670241	2
12464421	12464422	1
6692573	6692574	1
6807371	6807372	2
7737596	7737595	4
6022324	6022095	3
4362752	4362775	3
422675	449628	3
9178428	9178425	5
8732686	8732708	5
6895407	6895401	2
3070546	3070660	1
4356065	4356398	3
358575	358576	1
2173981	2173982	4
6374259	6373678	7
1357727	1357922	5
11485325	11485597	1
11528948	11528947	6
10269661	10269914	1
9987181	9987182	4
6619346	3153959	1
415722	415719	2
201290	201321	5
2879419	2879420	1
4471201	4471202	2
7309307	7309308	3
2986115	2984806	4
3789379	3790701	3
12779619	10715402	1
368027	368028	2
3904917	3904918	3
8646350	8655781	1
659968	659981	1
9060352	9060358	2
3883120	3881400	2
4732684	4732683	6
11595090	11595089	2
2855079	2855080	1
10185205	10185206	2
9789542	9789541	3
4379006	4379005	3
9034605	9034606	1
2336932	2336855	1
6057012	6057009	1
7556276	7556273	1
7370791	5102845	1
9341598	9341597	2
11440824	11440873	7
11763338	11763337	1
1321663	1322003	4
11466641	11466642	1
8564693	8564694	3
5999472	5999471	1
1145508	1145516	3
6940244	6940243	3
11235699	5600431	1
3477795	3477796	3
11578039	11578040	1
6019982	6019979	2
11056467	11056597	1
9780458	9780457	4
4025820	4025813	5
8634939	8634940	4
1390472	1390471	2
3726422	3726421	1
6779962	6779961	1
4722491	4723881	1
4183571	4183316	1
4529514	4529513	4
6308165	6308166	4
1458731	1458732	2
7995466	7116625	2
11680436	11680435	3
3106245	3105909	1
11986987	11986982	2
4693267	4693270	2
5677405	5677406	2
7595298	7246795	1
5527802	5527801	1
329433	7207512	1
306884	306883	2
6830307	6830308	10
587248	625814	1
7446426	963811	1
11824925	11825018	2
8969704	8969703	3
7102352	7102351	2
5426686	5426685	1
4711600	4711599	2
10017009	10017749	1
9897831	9898914	3
5115860	5115859	1
2858602	2858646	2
6531520	6531510	2
3293067	3292591	1
8576840	8576839	4
5944181	5944182	1
1719271	1719272	1
6213407	6213402	1
6488541	3535032	1
4476266	4476265	3
3967972	3967971	1
1405837	1405845	2
11987671	11963531	1
4467692	4464209	1
2283048	2283047	5
7871468	7871467	3
781715	781718	2
8477220	8477219	1
11796759	11922517	1
4556697	4556698	1
5937622	9184354	1
2273712	2273711	2
11270850	11270849	2
9506389	9506376	3
10154639	10154747	1
3949888	3949942	1
1740292	1740291	2
125166	10593063	1
2719663	2719718	1
5452632	5452604	2
4113710	4113707	1
11730001	5690527	1
4544666	4574187	3
1704346	1704561	3
6520360	6520359	3
4680370	4681166	1
3080	3045	2
2195698	2195695	1
6638355	6638356	3
8715465	8715475	1
6018152	6018151	2
10082850	10084557	2
6869257	7400329	1
5857419	5857420	3
1306643	1307337	3
6379907	6379908	1
4061128	4035888	1
12783398	12781142	6
2385498	2385497	7
6115403	6115404	1
8378086	8176130	1
8071973	8071706	2
7292982	7292980	4
853961	853962	8
3794239	3794240	1
8816914	8816913	3
11875162	11874330	1
2430361	2428953	1
646108	646107	2
703894	703893	2
10185581	10185204	2
5501834	5501833	2
7567884	7568827	1
11408429	11412486	1
9879534	9879533	2
10803052	10803049	3
11387806	11387803	1
12017641	6269349	3
735172	735171	3
3293070	3292335	2
5656230	5656229	4
2130931	2130934	1
2116589	2116590	1
1762577	1762578	5
770642	770660	5
4732053	11185235	1
2246691	2246692	4
9836760	9836759	2
2782949	2782950	2
1586640	1586643	1
8023177	8023182	1
2542092	2542089	1
5752372	5752369	1
1026648	1026184	2
8039392	11434475	1
2161581	2161586	1
1502231	1502232	1
8508157	8508158	1
10620586	10620585	4
1462992	1462991	4
6493595	6493598	2
3877671	3922351	4
7115875	7115876	2
9948528	9948525	1
1118172	1118171	1
10344686	10344685	1
11034666	10931565	2
4296088	4296087	1
126842	126841	3
8039730	8039767	5
7808995	7809055	1
7969065	7969542	2
3389398	6752125	4
6391681	6391682	1
7297103	7296990	2
7325497	7325498	1
10633709	10633712	1
4344622	4345137	1
11156062	11156068	1
3083928	2999273	2
12508090	12508093	4
9119806	9119805	2
3385180	3385179	1
8829245	8843419	1
6219531	6219534	3
1240747	1240755	1
563946	563945	1
8621469	2724946	1
11296687	11296634	5
1874893	1874894	1
8242331	8242332	3
2116587	2116590	1
611897	611898	2
7360225	7360226	1
330312	329813	2
1363662	626346	1
3971013	3948756	2
5259654	5262814	1
9817420	9817419	2
7445303	7445290	1
11140266	11140265	3
6661133	9307033	1
10206467	10206710	3
10398834	10398833	1
4449790	4449787	1
5765861	5780491	1
758646	760618	1
559865	559894	1
4569664	4569663	1
10914971	10914972	1
10750835	10750836	4
7578316	7578315	3
8889689	8889690	3
4533571	4533876	2
9243449	9243450	2
3742295	3743373	3
6013738	6014201	2
5716387	5716388	1
4355516	4355467	1
5720258	8424882	1
9468960	9468990	1
7730778	7730777	2
8636687	8636688	3
6829711	6826640	1
8761974	8761973	4
2295432	2295431	2
6679663	6679664	1
9583013	9583070	1
8829369	8830677	5
11363089	11363291	5
824039	824040	2
7866510	7866509	1
8556993	8556975	1
7186338	7192372	3
5192993	5192994	1
1368816	1368815	2
9683145	9683146	3
4241248	4228279	1
10883232	10883150	2
7973210	1633628	2
6191024	6191023	6
10139356	8684411	1
11504977	11504978	2
4114486	4114485	4
257362	257361	2
11696694	11696693	3
2309542	2309541	2
8192894	8192891	1
6370747	6370748	2
2457511	2457314	1
7934238	7934237	4
5743397	5741917	2
11245021	11245015	1
8749043	8749044	1
4753762	4753759	1
9422220	9422219	1
665187	665190	1
3037948	3037947	2
6142898	6142010	2
1642130	1647110	1
1654759	6197388	1
6018242	6018241	1
5488986	5488985	1
9492124	9492121	3
6605474	6605471	1
2476431	2476432	3
7070544	7070543	1
9675784	9675781	1
3579686	3578894	2
6163483	6163484	4
6105750	6105747	1
308518	2351486	3
12731858	12731921	3
1235854	1235851	3
470592	470482	2
9796769	9796770	2
4523650	4523649	3
4760203	4760189	2
896697	896698	1
11546941	11546946	1
5231776	5231775	2
9969846	9969845	1
3217427	3217415	1
6308382	6308379	2
10093284	10093283	2
10342920	10342919	2
996571	996572	3
3977446	3977445	4
6173711	6173712	5
4917671	4918018	1
2928486	5654591	1
3083273	3083274	2
3424964	3424963	1
8170580	8170579	3
5350771	5350772	3
11913202	11913201	1
74107	74108	2
1642963	1642964	1
5616378	5616375	2
10166484	10166479	2
2553394	2546219	1
4231153	4231154	2
7824025	7824026	1
7216054	7216097	1
3549079	3549080	1
903855	903753	1
10810308	10810322	1
7681678	7681677	3
8209126	8209481	3
706596	705079	2
11623279	11623280	1
9637247	9637248	3
9750794	9750660	3
7401004	7400986	1
9371871	9371872	1
4612458	4612455	1
8098703	8098704	1
6185455	6185456	8
11114824	11114823	5
3240148	3240171	1
10515890	10515889	3
2662418	2662312	2
2370615	2370589	2
9824776	9824775	1
8569670	8569669	3
7002873	7003022	1
7861210	7861209	2
9469777	9469788	1
11842719	11842722	1
1793586	1793589	1
9033794	9033793	4
1914024	1913997	1
7502000	7502002	4
12799513	12799510	2
10540561	10540582	2
4019385	4019386	4
11184579	11183524	2
1627787	1627788	2
11471920	11471898	1
5859512	5859536	2
11425667	11425668	1
4700317	4700612	3
4741115	4741116	1
6638602	6638599	1
6944232	6944231	3
2695307	2695308	2
11576533	11573289	1
5767976	5767975	1
3562241	3562242	1
6227738	6227733	1
4679089	4679090	3
1322002	1322001	4
6493457	6493458	3
494821	494822	2
1361967	1361958	2
12797659	11591982	3
10634610	10634624	3
1876408	1876407	8
4447406	4447405	1
5494345	5497455	2
9693513	9693514	2
11564374	11563701	1
6526650	6526649	9
11467507	11467514	1
11518305	11518338	5
2328793	2328796	1
5669914	5669913	2
7155578	7155577	4
9504869	9504870	2
4854135	4854136	1
9863466	9863472	5
1868087	1866721	3
2784484	2784483	1
9507895	9507898	4
1088977	1088658	1
4786767	4786768	1
677468	678246	1
4078092	4078392	1
5011368	5011367	6
11027658	11027483	5
6109119	6109120	2
587269	587272	1
12452857	12452858	2
10080793	10080794	1
3940518	3940455	1
5314307	5314308	2
3814080	3814091	1
10740274	9142659	2
3474582	3474581	3
10047296	10060188	1
4936779	4936784	1
1202665	1202666	2
4552666	4552758	6
1233006	1232980	1
7824773	7824803	1
7719135	7718942	1
7419934	7419933	1
3965868	3965867	2
6339848	6339847	2
11291875	11291876	2
3646132	3646131	1
3351930	3351933	3
10609134	10881316	1
2790762	2790761	1
7866734	7865816	2
8542462	8542461	6
2226397	2232962	2
5936118	8497803	1
4010186	4011285	1
2816719	2816720	2
3200017	3200028	1
5427515	4020464	1
659940	659939	1
8838187	8838188	4
3986058	3986050	2
1075512	1075511	3
1056013	1056014	1
5896879	5898013	2
3616497	3616498	1
12799961	12799962	4
912408	912407	1
2566145	2566084	1
4151826	4151836	1
6174741	6174742	3
11356186	11356185	1
2039419	2039500	1
3403117	3403118	3
6405096	6405095	2
6173281	6173282	4
11189071	11189052	1
11738811	11735792	5
11444553	7865821	3
3703866	3752819	2
11392325	11392326	2
5022230	5022225	1
8564691	8564692	4
7341114	7341113	3
7921990	7921989	3
7456408	7456423	1
4392692	4392691	2
6750364	6750363	2
1824925	1824926	3
3356241	3356242	1
12697205	12697187	1
7472275	7472276	1
4268804	4269122	2
147763	4044651	2
11421984	11421983	1
3759733	3759736	1
7733591	7733592	1
1709669	1709670	1
224008	224013	1
11435184	11435183	1
6816145	6816146	1
1419881	1419025	2
3063342	3063337	1
2424360	2424359	4
1668033	1668034	1
5869243	5870905	1
4132415	4132418	2
3266939	3266940	1
10708927	10708928	1
7926702	7926701	2
12794399	12794402	1
11847517	11847520	1
9526277	9526278	3
2323966	2327481	1
5309896	10915603	1
8421906	8420878	1
5734655	5734656	1
4204832	4204793	3
4703456	4703130	3
6344109	6344110	2
9727518	9727517	2
6342241	6342244	1
1141666	1141665	2
5755190	5755189	1
946828	3357160	3
6532967	6532968	4
6123514	6123488	1
908480	906737	5
4586985	4586986	2
7856465	7856553	2
11752652	11752699	2
2746591	2751063	1
872342	875957	4
3038420	3038419	2
8075880	8074886	2
6578910	9342893	2
3961268	3961386	1
2041261	2041262	2
5453618	5453617	2
9853501	9853502	3
6311413	6311402	3
4737310	4737309	4
12036947	12036948	1
8832170	8832169	1
7953002	7952826	1
2723019	2723020	1
8325220	8325217	1
1762755	1762738	1
3341291	3341292	1
2866809	2866810	2
4004517	4004518	1
6738478	6738477	3
10678521	317660	1
6330417	6330418	1
9313706	9315198	1
11964694	11964256	2
6008906	8046978	4
11908515	1234485	1
10349079	10349080	4
4911456	4911453	1
5244580	5244611	3
6901995	6902203	1
2344199	2344435	2
1431556	1431555	1
8855005	8854960	3
9674551	9674554	1
11042634	11042630	1
2020590	2020589	4
6014965	6014966	2
11804997	11805000	1
5916573	5916574	1
3713003	3713004	2
8978586	8978585	3
5875943	5875954	2
7633330	7638607	1
10195938	10195937	7
1918046	1918045	1
8576450	8578006	1
8401201	8401202	4
5456145	5460169	3
3683929	3683930	3
3544221	3544295	1
9981311	9981312	2
11681102	11681045	1
1690867	1690868	3
7790442	7790441	1
3794580	3794162	1
10913359	10913360	1
9915613	9915614	2
7396563	7410598	1
6807373	6807374	5
10787900	10787899	1
3384789	3384775	1
8927588	8927587	2
2926763	2926764	2
12425903	12425805	1
4546499	4546502	1
2828098	2828097	3
6434276	6434275	2
3715079	3717194	2
9001511	9001512	5
8389430	8389429	2
9565386	9565385	3
7655180	7655183	2
11758971	11758936	1
1207407	1122814	1
4754706	4753561	1
6417669	6417670	6
7585293	7585158	4
10449269	10449274	1
10550772	10113036	1
5736954	5736953	1
1532856	1532853	2
3237611	3237612	5
5652075	4031482	1
1201608	1201607	4
4536673	4536617	2
312457	312458	1
975745	975739	2
5385215	5301519	1
7953371	7951996	1
9924887	9924890	1
2818623	2818586	1
10453607	10453608	1
11497986	11497985	2
2467241	2312863	1
3465168	5055767	3
9521412	9520439	1
3292820	3292819	3
6110043	6110044	1
11824137	11823475	1
6747308	6747745	1
1552170	1551987	2
4713278	4713277	1
10453303	10453304	1
9772786	9772785	1
3081425	3081426	4
8581331	8581419	1
994363	994364	1
3112584	3112583	2
11184968	11184967	1
8098029	8098030	1
7923477	7923480	5
9712882	9712881	1
9164850	9164849	2
3815432	3815431	1
4056241	1993071	1
9429721	5806752	1
9908457	9908458	4
10728716	10728306	1
233165	233166	1
6587154	6587153	6
6710796	6710830	1
6938731	6938732	1
11155210	11155203	4
7002774	7002788	2
3700078	3700077	2
5806930	5823822	2
4911153	4911172	1
9469780	9469754	1
4868176	4868173	1
930419	930422	1
413207	413208	4
11092856	11092855	1
4122727	4122728	4
3108571	3108574	3
4105117	4105120	2
5304566	5304565	4
9696648	9696647	1
2485453	2485456	1
218355	218356	1
2909889	2912139	1
6503965	6503966	3
5545882	5545881	8
2121636	2120994	1
10083086	10083083	4
1569122	1568842	1
10813882	10813859	1
4359202	4361637	1
2805983	2805984	2
12124779	12124780	1
1458079	6193544	1
7752238	7752237	3
12012472	12007559	2
4523880	4523642	2
11467599	11467600	2
4733409	4830860	3
7060951	8476965	1
6503378	6501444	2
6892791	6892792	3
1597868	6160367	1
3946093	3946094	2
8256800	8317252	3
11887422	11887421	1
181716	181713	2
2280398	2280397	5
4523880	4523879	4
2147479	2147480	4
10129234	10129233	2
10870911	10873331	1
3689351	3687756	1
6019364	6018951	3
10309745	6773057	1
4577624	4577784	1
7270711	4650887	1
6244805	6244806	2
10138716	10126934	1
12765151	12765152	1
12177983	12177984	4
11397732	10507694	2
2122093	2121222	4
3510794	3510793	1
1380329	1380332	1
4680924	4680923	2
11351258	6768586	1
4822842	4822838	1
12227852	12227849	6
5517585	5517586	1
10978512	10978511	2
2204977	2204978	1
12141524	12141521	1
5974523	5974524	1
9877579	9877580	2
4736720	4736719	1
9533187	9533188	1
6422596	6421962	1
2644353	2644354	4
8198128	8198127	4
5605284	5605279	1
4063191	4063192	2
4551066	4551063	1
5690913	5690935	1
10874049	10874052	4
2014167	2014065	2
4676666	4676665	2
3026358	3026357	2
3439353	3439354	1
1592347	1593712	2
347284	347283	1
6102473	6102474	1
2106340	2106337	1
8559181	8554669	3
6045615	6045616	1
8428952	9792901	1
1069559	1069560	1
912233	927840	5
5289123	5289124	3
11390343	11390344	2
7687268	7687267	3
1927586	1927585	3
3747152	3746584	1
1681960	4008032	4
7040214	7040213	5
1114797	1115469	4
5816049	5816340	2
340301	340302	1
9985753	9984612	3
8631434	8631433	5
6295261	6295264	1
3523088	3523096	1
3142916	3142915	2
7029875	7029471	2
9701563	892258	1
12487084	12487083	3
5074912	5074911	4
4187378	4187805	3
9944542	9942745	1
3906645	3906646	1
8756023	8756024	1
4292911	4292839	1
338665	338683	2
8735211	8735214	1
9140830	9140924	1
6059580	6059386	3
1529579	1529580	1
5852317	5852318	3
12048841	12048846	1
11797536	11797205	2
10973476	10973475	1
7597950	7597949	3
1571030	1571029	2
4263633	6955525	2
8722966	8723171	1
4695002	4695001	2
647247	647605	1
4367267	4367268	6
3448315	3448316	2
10779749	10779750	6
3697802	3697801	2
2252350	2235670	2
11122381	11122382	1
3687747	3687748	3
9543648	3281636	2
10233090	10233093	1
11125394	11122020	4
375163	375164	1
7102690	7102685	1
8502456	8502455	2
1539121	1539122	2
3357044	3357043	1
7790858	7790857	1
10140816	11121997	1
889118	889117	1
8482798	8483275	1
5520439	5520440	1
11921255	11921256	1
9851309	9851310	3
3925815	3985574	4
11038289	10568752	1
10295139	10295140	1
12530753	12530746	2
486194	486193	1
3532891	3534059	4
2710354	2710353	1
6873047	6873061	1
6539889	6539890	3
4623126	4622380	2
4689412	4689407	1
6744623	6744624	1
1831950	1831949	2
9345651	10252164	4
765503	765504	5
10375720	10375719	1
5595691	5595692	2
2338371	2338372	1
6556248	6702225	1
7365162	7365161	1
2469811	2469812	2
3068903	3068932	2
8023586	8023609	1
7134956	7134951	1
112213	112216	1
8384691	8384692	1
5566956	5564588	5
4114185	4114186	3
11618140	11616282	1
3534209	3534210	1
7435485	7435488	2
1010267	1010268	2
3866473	5314154	1
8631624	4777335	1
434725	434697	4
9293495	9293496	3
3307344	3292090	1
8954348	8954347	5
2370276	2370275	3
8720274	8717539	1
4553342	4553341	4
788291	788292	3
3749507	6314354	1
2018643	2018644	2
936378	936338	1
11341443	11341444	3
10377621	10377622	3
11021689	11017895	3
1831203	1831204	3
10062280	10062279	1
10401459	10401456	2
3961625	3961626	1
8748627	8748628	2
6429412	6434093	3
8535018	8535017	7
8334515	10561187	1
8455908	8455907	1
11292226	11292229	1
12757584	12757583	1
12235493	12235494	4
8547522	8547518	1
11128068	11128067	1
44619	44622	1
6450188	6450187	1
4955622	4955729	2
3787098	3787097	2
5514100	5514098	4
8983166	8983165	4
2096622	2096619	1
12196921	12196929	1
5047200	5047215	4
8776985	8888743	1
12361124	12361123	1
764985	764986	1
12050690	12241080	2
8874765	8874766	1
6662275	6662276	4
3516981	3517049	1
2636679	2711061	2
7112277	7112319	1
7834106	7832952	1
8885352	8885349	1
8541569	8157666	2
8792724	8792918	3
11539162	11539161	1
8568959	8568960	3
4027880	4035928	1
8989516	8989513	1
8010405	8010406	1
3855164	3855283	1
9277079	9277072	4
6946038	6946037	3
4957794	4957793	2
7839761	7839714	1
12627878	12627487	2
2074332	2074331	1
4213776	4213775	2
814288	814287	2
8785309	8785310	3
4856836	4826656	1
5688671	5688672	1
8158888	8158887	1
63431	63432	2
1867318	1867317	1
1789447	1789450	3
10140639	10140640	2
3024567	3024568	2
10678335	10678336	1
8819577	8819578	2
5275872	5275953	4
7969072	7969165	3
6052251	6052252	1
6763651	6763652	4
4698498	4698497	2
2277016	2277011	4
12054196	12053430	2
854343	854344	1
880398	880426	4
433408	433407	4
10109328	10110232	2
9240281	9240288	1
6533064	1106065	3
6920297	6921983	1
7346717	7347556	1
6711576	6711575	2
7194367	7194351	1
7927387	11979178	1
9828823	9828824	4
2944993	2945041	1
8428802	9796162	2
10529691	10648950	1
7095829	7106722	4
6749623	6749724	11
204595	204596	1
10716715	10721127	1
1369417	1369420	1
9517765	9517766	4
8820498	10985996	5
4636247	4636248	3
8200877	8200878	1
6283969	6283970	1
9279220	9279219	5
413205	413206	4
2838171	2838172	6
5133912	3572426	1
7243696	7243695	2
11198696	11199141	1
9539389	9539390	1
2463657	2463660	2
874444	874441	1
9881575	9881567	1
12203291	12203292	2
10322132	10322131	1
2818029	2818030	3
5445748	5477315	4
2034323	2034324	1
4636311	8886108	1
7669423	7669424	2
1736545	1736546	2
4601914	4601917	1
5701303	5701306	4
6113877	6011661	1
10480147	11236647	3
1487758	1487757	2
3799501	3799502	3
3455153	3455147	1
12434032	12434031	3
11997044	11997114	7
9934061	9934062	1
10045122	10045117	2
12318290	12319595	1
6890306	6890305	1
8085474	8085473	3
2732076	2732075	3
199330	194713	3
4087423	4087424	1
4084422	4084421	1
9024811	9025585	1
10184150	10184149	1
11175773	11173888	2
11321646	11323336	1
6117415	6117416	1
4276462	4276311	2
12512589	12512590	1
1698455	1698458	1
1846134	1846133	2
11271425	11271440	1
11556736	11556735	1
12000533	12000534	3
10235961	10235880	1
11402253	11401454	2
1838977	1838978	2
11716696	11716716	1
2859842	2859841	2
9804393	9804472	4
11069199	11068051	1
11965253	12127514	1
6046839	6046840	4
345182	345181	1
5640211	5640212	4
516634	516686	1
12334591	12334589	1
137912	8002227	1
4804696	4804693	6
7801784	1187735	1
4226576	4226636	1
12415450	12413962	1
10855081	10855082	1
1835385	1835386	1
4382567	2852666	2
8775751	8775729	3
974982	6159781	1
2188547	2188550	1
11986597	11986598	2
10761457	10761358	1
3831921	3831922	1
5970390	5970389	3
6813796	6813795	2
8191859	8191860	1
4517867	4517868	4
11051239	11051240	1
3953009	3953010	1
12203958	12203953	3
6030735	6030736	3
240550	240860	1
2299969	2299970	1
8572539	8572540	2
12387821	12389637	2
6085385	6085598	2
3290494	3290493	3
5314746	5314745	1
3294022	3294021	1
4612817	4612818	1
5088248	7352309	1
1747928	1747927	1
9617680	9617679	4
1307273	1307274	2
6344909	6344472	2
7905505	7905506	1
10536248	10537610	1
6937065	6937066	1
4830859	4830860	5
9157026	9156867	2
6308296	6308848	2
1171188	1171187	1
8101460	8100284	2
818727	818730	4
6443019	6443020	1
7272595	7272596	1
11926758	215965	1
5968912	5968909	2
2488909	2488307	1
5730577	5730578	1
11535959	11535779	1
293079	294508	2
5809136	5809049	1
2269366	2269365	1
11580972	11580971	4
1027341	1027342	1
5021219	5021220	2
4612456	4612453	1
5568728	5568727	1
10389747	10389748	2
10079460	10079420	1
6785997	6785998	5
5959247	5959248	2
7914580	7913106	2
5896416	5896415	3
2574895	2574898	2
654170	654169	3
6249125	6249126	1
9509169	9509172	1
10372135	10372136	1
3103962	3103961	4
6421862	6421861	2
1119135	1119136	5
7433536	7176638	1
11881414	11878242	3
3874456	3874477	2
11610233	11610234	1
7071175	7071176	1
5184586	5184585	1
1383312	1385408	5
4815998	4815997	2
8655371	8655372	3
9074986	9076137	1
5249445	5249446	5
1200304	1200303	1
1880434	1880431	1
8579239	8532351	1
1769278	1769277	4
502985	504783	1
2836945	2836946	2
8613531	8608282	1
8811320	8811330	3
10146923	10146924	3
7726758	7726757	9
655914	655911	6
10682971	10684535	1
11095331	11095495	1
12020981	12020984	1
12542787	12542790	2
12597949	12597950	1
9943796	9943791	4
5948513	5948516	1
10598908	10597915	2
5720075	4447060	1
11003840	6017962	1
1253510	1253589	1
6906251	6906252	2
10226158	10226157	1
5367757	5367758	3
7256056	7256055	1
2246693	2246694	2
2177771	2177431	1
12231981	12232471	1
4181520	4181515	1
8173766	8172742	1
8576457	8576058	1
12124341	12124342	1
2478684	2514726	1
2025743	2025744	1
2307891	2307892	2
5812976	5815585	3
10970044	10970043	1
8822081	8822082	1
953278	953281	1
8511617	8511618	1
1060886	1060891	1
2219017	2218749	4
4409138	4409118	2
2939291	2939292	3
10573920	10573938	1
11011593	10943624	2
4852551	4850653	3
9315460	9316299	2
3356581	3356582	1
7795020	7795017	2
2876835	2876836	3
8589753	8509808	1
4717398	4717397	2
9272883	9273379	1
1641346	1641345	1
8106858	8106861	1
12110493	8626678	1
5291920	5291919	2
5987720	5987719	3
10311750	10311749	2
10904663	10904687	1
12276098	12275937	1
7167194	7167193	3
11734017	11774505	2
1325077	1325078	1
2446063	2446066	1
775143	775144	2
7754167	7754050	1
5445680	5445677	1
3089892	3089882	1
8923599	8923600	4
10283431	10283432	3
2352143	184463	1
8678133	8678140	1
6460502	6460499	2
8532244	8527655	1
8655777	8655778	3
745669	745670	3
8968261	8968262	1
429281	429305	2
9297357	9297358	1
1402234	1404829	2
2458531	2458532	2
3253609	3255355	2
8519871	8519872	1
6861648	6861647	1
8847115	8847116	3
7871187	7872923	2
8525494	8525455	1
8550317	8551105	1
1784359	1784360	1
11722858	11722857	1
7949836	7949777	2
3593494	3593493	2
6063371	6063374	2
2713908	2713944	1
11560882	11560881	1
889119	889135	1
1703154	1703153	1
6858038	5808636	2
4635802	8267037	5
6823482	6823479	1
3206437	3206222	2
1687267	6578629	1
8059111	8058977	1
1698769	1698764	1
6673920	6673917	1
254959	254960	2
6176624	6176631	1
6258717	6258718	4
1485727	1481829	1
5375115	5375116	3
12403793	12738098	1
2079155	2079152	1
633272	633271	2
5260112	5260111	1
6287441	6287444	3
12184203	12184078	3
2953948	2952444	2
11389363	3257712	2
6716391	6716392	2
8710336	8710335	2
1043369	1042959	3
5254864	5253169	2
11800942	11800941	4
12658946	12658945	1
7436815	7436816	1
10295558	10292023	2
9780246	9778720	3
2410544	2410543	1
429190	429189	1
5397772	5397771	1
11450963	11450966	1
62983	59383	3
6834363	6834398	1
11664284	11664283	2
7443899	7443900	2
418387	418231	1
3417499	3417500	1
7465426	7465425	1
1997563	1997541	1
6187044	6187043	2
1044668	1044667	4
4724728	4725099	3
11008300	11008299	4
10449064	10449212	2
12128993	12129007	2
9133085	9133086	1
6297756	6297755	1
6013446	6013445	2
12604061	12604062	1
9511704	9511694	2
10866398	10864842	1
6015777	11668077	2
3462318	3462598	6
7723229	7723230	2
9919676	9919675	2
12760547	12757595	3
1037214	1037213	1
2860370	2860369	4
8392883	8392878	5
8351697	8351695	1
1312620	1312619	1
1982269	1982274	1
3118549	3118131	2
760799	760802	1
2370978	2370977	1
6737394	6737393	1
4818865	4818866	3
9979201	9979198	3
8760497	8760500	1
8517425	8517085	1
384681	384682	1
10398201	11402937	1
28250	28249	3
3254653	3254658	2
6545370	6545369	2
1450624	1450621	1
603965	603990	1
6500400	6500843	4
1091505	1088516	4
12255118	12255117	1
11041492	11041483	1
6266295	6266296	3
5419240	6227605	1
12531123	12528529	3
1794953	1794954	3
1256852	1267835	2
7131812	7131811	6
8391686	8090056	2
4342206	4342276	2
3564235	3564236	3
11876847	11875389	1
4828335	4828336	2
9949122	9949725	1
3167620	3167616	1
12201267	12201268	3
8593693	8597458	1
7202442	7202441	1
1050090	1179168	1
2105862	2105837	3
748861	748862	2
3511372	3511371	1
7945684	7945683	4
10082234	10082246	4
833434	6724580	1
12128522	12128521	4
10341082	10341081	2
6344111	6343934	2
9923115	9923118	4
7583736	7583735	1
2668228	2668227	2
11157463	11158711	1
6089040	6091731	1
11797536	11797199	1
12356458	12356413	3
6012317	6012318	2
9630830	9630829	3
9354532	9344667	1
9939084	9939083	1
4376930	4376929	2
5689083	5688953	2
558885	956793	1
4250003	4250024	6
1586675	1586676	2
5768449	5768452	1
9577181	9577182	4
10094422	10094421	3
8773316	8773315	4
948465	948466	3
903972	903969	2
6812052	6812060	1
763151	763152	1
172096	172095	3
1071206	1069822	5
9627717	9627718	1
1834019	1833187	1
3831376	3831226	1
5345573	5345574	1
9136663	9136664	1
6376683	6377373	6
9521767	9521794	2
342928	342927	1
4304337	4304338	1
9068854	9068610	1
1692075	6686797	1
9659303	9663037	2
10253733	10255095	1
6830713	2299677	1
4143812	4143778	1
1949021	1949022	3
7598909	7599720	1
3583923	3583788	1
2908193	2908792	1
1872831	1872826	2
9279184	9279181	1
2125677	2125689	1
1743920	1743870	8
514660	391309	2
806664	806661	1
5702254	5702251	3
6096572	6096571	2
795553	795554	1
6008050	6008049	2
12439714	3671770	1
8700422	8700412	1
2961247	2961248	1
6833522	6833521	1
7565254	7566140	6
10478842	10478960	5
6023129	6023643	4
10318301	10318302	4
1041857	1041860	1
9348183	9348184	2
1134485	1134470	1
11152333	11152572	1
3657807	3657076	1
8971805	8971806	4
11383465	11383466	3
9621731	9621734	1
4131749	4131750	3
5282232	5282505	3
4502917	4502918	1
7694460	7694399	1
6203626	6203625	1
6362925	6362926	1
8775751	8775727	1
5829655	5829665	2
5765712	5773260	2
3947583	3947594	2
655886	655505	2
7594828	7594827	2
6972671	6974264	1
8031480	8031477	2
12436318	12436317	1
16993	16994	1
10038958	10038955	2
11733544	11732765	1
8500605	8500608	1
11037019	11038214	2
6545372	6545371	3
10663292	10663312	3
645677	645680	1
8057098	8058316	4
3016944	3016946	2
4735000	4734999	1
8748086	8748046	1
3315587	3315588	1
8823664	8823663	2
2501876	2500743	3
2021221	2102819	3
5662927	5662621	2
2125018	2124624	1
5317137	5317138	5
5419966	5419965	2
12592843	12592846	1
4689636	4689633	1
489834	489857	3
8529624	8529623	1
10730838	10730763	1
7236122	7236121	1
8677460	8677457	2
11097181	11097182	1
10906806	10906805	2
7670049	7670050	6
2014175	2014176	2
5732296	5732295	6
811126	811129	1
2315345	2315346	2
7804052	7804051	2
2212861	2212862	1
8904510	8904507	2
7309740	7310534	1
648297	648298	2
6834030	6835589	1
6918994	6918993	2
12547573	12547574	3
7923956	7923945	4
1479515	1479516	1
8390250	8390247	1
10157162	10157159	2
342930	342929	1
2872477	2872478	1
9967160	10279890	1
10044183	10044184	2
5561699	5561702	1
11523293	11523294	4
6173283	6173284	3
5296015	5296023	1
9169710	9169709	1
10151448	10151447	1
4867823	4867826	1
1832557	1832562	3
834821	834861	1
9365412	9365409	1
1452413	1452414	4
8202916	8202915	1
4092291	4092292	2
7632182	7632181	3
7017886	7017885	1
8045328	8045327	2
1129567	1129578	3
9977918	9977907	2
8844568	8843964	1
1398355	1398358	1
4468154	4468153	2
3098114	3098113	3
1990335	1990336	3
320880	320825	1
11775567	11775570	1
7269325	7269326	2
509374	509373	3
10436186	10371993	1
12802079	12802080	2
766645	766646	6
10052397	10052417	1
2279345	2279346	1
5465509	1402097	5
1318828	1315795	1
12417835	11266747	1
8430007	8430633	2
7907494	7907493	1
3683656	3683655	1
792850	792849	5
4662805	4662810	2
3828102	3828101	1
3239448	3257737	4
1948734	1948819	1
10471833	10471834	1
5832452	5837024	1
3374613	9095386	1
1657831	1657834	2
3614165	3614166	5
5467476	5543617	1
8052133	8053739	1
2612266	2612265	1
9419998	9419997	4
2574895	2574904	1
4937240	4937089	1
3317205	3317206	1
7355814	7355813	2
9312668	9312665	1
12240290	12240289	1
7768636	7767659	2
19255	19180	2
5577026	5577025	1
5994660	5994659	1
6834530	6834525	3
8290210	2667609	1
3995858	3995857	4
4340394	4340377	2
4803623	4803571	2
4228902	4232516	1
6582436	351907	1
10045120	10045119	2
1043625	1043626	2
10291183	10291184	4
4084467	4084468	1
9026235	9026236	1
10163482	10187193	2
6883982	6883981	2
6892132	6892135	1
4524072	4524071	1
3662909	3662164	5
1711779	1711780	1
6615552	6615551	2
5831221	5831222	3
4364156	4364155	1
228737	228939	2
4120175	4123402	2
1185833	1185834	1
11800069	11800070	1
11805001	11805041	2
2318102	2318101	4
5586562	5586559	1
7601992	7601994	2
9678191	9678192	2
3752120	3752235	5
7164825	7169386	2
3416526	3416525	1
5911126	5910869	1
4131749	7613715	1
7355015	7355016	2
323849	323850	1
12647946	12648374	1
3082634	3082631	1
2632381	2632382	1
6409236	6522473	1
7590932	7590931	2
12721984	12721975	2
8820398	8821313	2
7678826	7678825	2
10291472	10291471	1
544879	544860	2
8151074	8151086	2
964713	964718	1
4837181	4837218	1
10361872	10361871	2
3262579	3262580	3
6227734	6227733	5
108307	108310	3
2827243	2827244	1
6522817	6522418	1
9676486	9676485	1
5006042	5448174	1
6779962	6779959	2
285165	3483304	1
9610547	9607085	1
5469061	5469062	3
5503450	5503447	2
6081834	1608385	1
3935084	3935282	3
4450802	4450801	2
947859	947932	1
4479401	4478389	3
7733358	7733357	2
8035412	8034421	1
8691125	12158636	1
11808433	11808434	2
6633216	6633213	2
9498423	9497871	1
2001306	2001303	1
12348361	12348362	5
3692890	3692916	2
11995647	11995648	4
1773145	1773146	1
6757515	6757516	3
2213247	2213248	1
3192885	3192886	3
11860632	11860631	2
2193453	2193447	1
5751242	5754595	1
9303647	9303648	3
11173381	11173371	1
6226631	6226650	1
6628326	6629847	3
2494322	2494315	1
5178017	5178030	5
10155	10156	1
1574503	1574504	3
1972209	1972167	2
5483976	5483975	1
1095	1128	2
10234241	10234659	7
5456758	5456757	6
8995003	8995525	2
6847672	6847671	4
3593085	3593701	1
7501195	7501314	2
3395181	3395182	2
5782880	5782908	1
6810367	6810368	1
10814419	10814420	5
932191	935526	2
3377338	3377337	5
9153269	7821046	1
3447773	3447706	1
7264845	7264846	1
12464032	12464031	1
12521160	337359	1
4668296	4668295	2
2828096	2828119	7
8428239	8428224	1
4854279	4854280	1
8172622	8172617	1
12682532	12682521	1
9325879	9325880	2
57410	3507732	2
7793646	7793645	2
4515960	4515861	4
6336127	6336128	3
11131791	11131792	4
8954032	8954031	2
6728367	6741400	1
4262121	4262122	2
2166418	2063556	4
8223899	8221803	1
7826950	7827032	4
3068957	3069320	2
680698	680697	5
5519175	5519150	2
7135069	7135067	2
5782415	5782416	2
6063373	6063374	1
5375109	5375114	1
8527285	8586751	1
12749677	12749678	4
882382	882540	3
3117231	3117264	1
6497833	6495725	2
10187013	10187014	4
3257379	3239840	1
6169003	6169004	4
5111327	5111328	1
540277	540278	2
2830404	11446135	3
7863135	7863136	1
1772074	1772073	1
1114310	1110583	4
7667490	7667489	4
4839225	4839226	2
3390673	6464095	4
11133106	7381524	1
5983339	5982840	2
5151272	5151477	1
5515879	5512975	3
12184210	871197	1
12633031	12620682	2
5722851	5722852	2
10745546	10745545	3
592854	592853	3
592856	592853	2
5820020	5820019	1
8076940	8076939	2
11198777	11198778	2
2766395	2766440	1
5203077	5203078	4
10743386	7827629	1
1799871	1799872	5
285710	285707	1
10906808	10906805	2
886966	886965	3
5568729	5568732	2
8608696	8608695	2
9082198	9082197	1
1552745	1552746	1
3323831	3323815	1
3246088	3246105	1
3141013	3135727	2
1893911	1893914	1
9424462	9424461	4
8517185	8517197	2
6333947	6333948	1
2121590	2121414	2
6355155	6355056	1
7075092	7075091	1
1101183	1101184	4
2465296	2465295	1
4689632	4689698	1
5052220	5052219	1
3195727	3024828	3
9094220	9094336	2
5973570	5973569	2
12659603	12660039	2
10916701	10917861	3
317662	317661	1
10907828	10907833	1
8296236	8299542	1
1499060	1499043	1
926500	927762	2
11117475	11117476	1
9028439	9028440	1
5372262	5372261	5
5689042	5689039	2
4538122	4536064	1
1573806	1573774	1
9900620	9900619	1
6752577	6752578	3
6621488	6621505	1
296865	296866	1
8767363	8767364	3
9006201	9006202	1
2160108	2171855	3
9445870	9445869	2
8273537	8273531	1
10364685	10364679	2
10122510	10122533	1
338451	336886	4
4994012	4994011	4
7620501	7620502	1
10059203	10059030	1
1312205	1312206	1
12127430	12127427	3
3905798	3907115	1
9358646	9360428	3
9755017	9755012	1
9485493	9485496	1
7683216	7683215	1
8882731	8882732	1
10296994	10296959	1
5674549	5674163	2
9188800	9188797	2
1258291	1258292	1
12802982	12803072	4
5459770	5459769	2
11091280	11091277	2
6125001	6125002	6
2063815	2063816	2
3902648	3902647	6
8575226	8575250	4
960246	960245	3
7959393	7959394	1
3071435	3087248	2
217886	205745	2
11568202	11568137	2
6123177	6123180	2
5783088	5783087	2
1746995	1746998	3
3314568	3314511	2
9089963	9089166	2
11934015	11934044	1
11742423	11742424	2
7723459	7723460	2
543134	543124	1
6052623	6052624	3
3361931	3362001	1
7102353	7102354	2
436165	436130	1
2372187	2372188	2
7080239	7080240	1
3535127	3535128	3
360386	322281	2
1003480	1003479	1
6341711	6341712	2
1263769	1264721	2
5105647	5105648	1
5965782	5967340	2
7437696	7437695	1
8206568	8389076	1
9350339	9350340	3
8323585	8323590	1
9524943	9524944	1
8092738	8092737	1
1533114	1545054	2
12121923	12121926	1
7186809	7186810	1
4176032	4178463	1
10891985	10891986	1
1876359	1876360	1
2778807	2778833	2
9315693	9315694	3
459365	462645	2
4703735	4703736	1
426802	426928	1
3311054	3311053	1
9969844	9969839	1
6034576	6034575	2
12286813	12286836	1
8020657	8020658	1
6755289	6755290	1
5261701	5261702	1
587025	586954	3
7268059	7268820	2
7664620	7664568	3
8624690	8624626	1
2212922	2212921	2
10577234	10577236	1
9167574	9167573	1
11689069	11689036	1
5822583	5822584	1
6208511	6208512	5
6549691	6549694	1
239477	239478	2
3081239	3080886	1
9627719	9633261	1
935134	935133	2
11175779	11175780	1
5244954	5244953	1
11244874	11244873	2
2167283	2167276	1
5193815	5193822	1
11852682	11852320	1
450179	450180	1
11180020	11180019	1
4013695	4013696	1
1673100	1673097	2
7990938	7991039	1
6156773	6156778	1
8648113	8708632	2
9341134	10231792	1
6391622	6391621	1
9060371	9057824	3
11386642	11386641	3
2267387	2267388	1
11206598	11206595	5
9843354	9843351	1
3008093	3008094	1
4575238	4575237	3
5162078	5162077	1
6710675	6710676	1
3652931	3631834	1
6586012	6950073	1
5701671	5701640	1
7346059	7346060	1
1087607	1087683	1
6437005	6437006	4
7598911	7599720	1
2109737	9481289	1
1664630	1664629	2
12332398	12332397	5
10172302	10172301	1
9919319	9919320	4
4154409	5813794	2
1519714	1519713	1
4560061	4559902	3
2281518	1519270	1
11007400	11007399	2
12396084	12401391	2
5943012	5943011	1
8466257	8466267	1
8344941	8344942	2
3798161	3798188	2
2456681	2456683	5
5580132	5578559	2
6068961	6068964	1
5695209	5695210	2
995510	995509	5
3660262	3660722	1
8473950	8473949	3
8529618	8529617	7
9750794	9750793	3
7749071	7749072	1
12324473	12324474	1
2614133	2614134	1
187331	187214	3
632487	632488	2
11944561	11944562	2
4315712	6974124	1
7261573	7261576	1
6018242	6018237	1
8680477	8680478	1
8245695	8245696	3
10374733	10375462	5
6372057	6372058	1
10062061	10062062	4
5051627	5051630	1
6852654	6852653	2
5018675	5018678	1
3955770	3955769	6
7398464	7398463	2
12458967	12458968	1
8682993	8683567	1
11301851	11301835	1
11004828	11004825	1
2674743	2674744	1
11889622	11891936	1
10264264	10264239	2
970881	970867	4
5311615	5311683	2
10373513	10373514	1
1752218	1752217	4
3265283	3265679	1
4767968	4767963	1
4553820	4553819	1
1712581	1711945	4
4737842	4737311	1
7094215	7096405	2
8296133	3736279	1
5102565	5102597	1
8524386	8524397	1
6543735	6543736	2
9072229	10212810	1
6173352	6173351	1
3508909	3508910	1
10950355	10950358	1
8084057	8182953	1
1083257	1083258	1
11610433	11610434	5
11690415	10492557	8
3757553	3756890	1
7499867	5496464	2
4142940	4142939	3
5734393	5734394	1
11758142	11758221	1
5904916	5904977	1
159750	159797	1
4792557	4792576	3
5770091	5770092	1
11869743	11384805	1
9524941	9524942	1
3984321	3985089	1
7619737	12809023	2
5411111	5401163	2
5516461	6488947	3
6177625	6177626	1
5917213	5917214	1
8680201	8680202	2
4667091	4667070	3
668263	668268	2
10947006	10942601	1
3759386	3759385	2
4724137	4724121	2
11994348	11994347	4
362519	362035	2
46475	42334	1
7725125	7725126	1
101114	100856	3
1559740	1559739	1
435807	435808	4
5590621	5519256	7
1398357	1398358	2
8402617	10432317	2
7462068	7462067	6
10295139	10274774	1
5602230	5599629	1
10140523	10140600	2
6174974	6174973	1
300464	300461	3
769150	769147	2
8048572	8048596	6
1942946	1942945	5
11922073	11922074	1
10986013	10986016	1
4703309	4704194	1
1117166	1238915	1
11985520	11985554	5
5690037	5690038	1
8798553	8798770	2
11515680	11515679	2
654168	654167	3
22416	22415	1
5757055	5755731	1
11363372	11363371	3
2418070	2418069	1
8752685	8752757	4
5368897	5368898	1
5449241	5454387	2
10066066	10066065	2
7441608	7441607	1
3697800	3697799	1
10442928	10444077	3
1390274	1390277	1
5958335	5958336	1
6260664	6261508	2
1871162	1871161	1
6480519	6480835	1
6594781	6594782	1
9875407	9875408	1
7596896	7596895	3
6341519	6341520	2
8633434	8633431	2
10826493	10826496	1
1652344	1652357	1
4684417	4688944	1
8816940	262221	1
4109771	4109772	2
5359701	5359702	2
10742114	10742113	2
8299823	8300136	1
7398225	7398226	2
11735164	11735163	1
7686047	7686050	1
11781895	11781898	2
8368410	8368407	1
5735209	5735210	2
4654216	4654356	1
4958806	4958822	1
903968	903973	2
523366	523285	2
4686063	4686064	1
356756	352100	3
3828958	3826484	2
7276047	7276048	1
10466374	10465860	1
1391182	1391181	2
7739049	7739096	2
4710527	4710536	1
8725753	8726143	2
1881127	1881594	1
8606725	8607105	1
1671361	1671362	1
6418951	6418952	1
10084363	10084358	1
9131887	9131938	2
12425449	12425452	1
2923819	2952126	3
5331775	5331776	4
9356821	9355379	1
4450375	4439882	2
5118180	5118179	2
5736943	5736944	4
3133177	3131018	3
6200756	6200753	1
11007396	11009728	5
8861776	8861781	1
11669484	11669287	2
2924657	2925912	2
2183294	2183410	1
3356510	3356509	2
6803317	6803489	1
6503977	6503978	3
6096620	6096617	3
10120259	10120260	2
4866596	999419	2
9243449	9243452	1
127564	127563	4
424862	424861	2
7615399	7614496	3
1245160	1245163	1
7720437	7719865	1
7511907	7511908	1
8469711	8474472	1
5710251	5710647	1
6605335	6605338	1
5720911	5720912	1
7167282	7167402	1
8626773	8624378	2
6137585	6137586	1
9186184	9186127	1
9461894	9461893	1
7788047	7788048	7
1842382	1842339	1
9126874	9126873	1
10062537	10062538	3
12239851	12239852	2
5697166	5697165	6
11272163	11272164	1
11813664	11813663	3
9148662	9148592	2
335318	335321	3
5483873	5483874	3
6873552	6873555	1
27294	27293	2
7824245	7824246	6
4009064	4009077	1
10097313	10100049	4
2718666	2718665	1
661237	661238	2
10963648	10963653	1
2750706	2750705	2
9736609	9736336	1
11157783	11157786	2
1660100	1660099	1
2124870	2123754	1
5258684	5258683	1
2230670	871446	1
1404596	1403012	1
2889285	2889286	1
5572985	5573558	1
3390675	6464095	2
5758965	5758968	1
1207765	1207766	2
3373399	2836687	1
8926278	8926277	2
11330751	11330752	2
11080953	11080954	2
101114	100858	1
1992063	10772997	1
7586938	7584063	1
2104759	2104760	1
8700671	8700674	2
11743599	11746042	1
4441480	4442505	3
12661495	12661496	3
7656206	7656203	2
6701306	6701305	2
381867	381868	1
2686821	2690560	4
7759275	7759276	3
879161	6416787	1
637917	637918	4
387682	10444757	1
10291282	10294565	5
10778286	10776985	1
6560574	6560573	2
8814677	8814678	2
4540792	4540791	2
9034601	9034602	2
9079933	9079934	2
7380204	7380207	1
9160796	9160795	1
8408289	8416642	1
5237626	5237625	3
9368636	9368635	4
5150721	5150722	3
10378041	10378042	3
6203618	6203617	2
6160010	6160009	5
359682	359681	4
4083761	4083764	3
3527638	3526434	2
11906522	11906280	2
6126993	6126994	2
1835013	1834912	1
11004398	11004397	1
12186618	12186671	2
6938225	6936096	2
893398	893397	2
5799454	5799464	1
7380124	7380154	1
3088254	3088251	3
8232398	8232395	1
3453597	3455411	4
4747205	4747206	1
11970252	11969158	1
6136041	6136042	1
6421868	6421865	9
6530076	6530075	4
3101940	3101939	2
3933876	3933875	3
9657622	9657614	1
1701212	1701211	4
7660790	7660789	1
2506150	2506149	1
5731067	5731068	1
6526541	6526542	2
5916664	5916663	1
205490	204787	4
9114277	9092642	5
2020990	2020989	3
7921556	7921318	1
11027290	11027289	3
12740312	12740242	1
12540233	12540234	2
684481	684482	1
5751244	5751243	4
7602664	7602663	1
7819301	7819302	2
3370668	3370667	3
3126531	3133187	1
3747686	3866435	2
7212097	7212098	1
1030654	1030664	2
10195940	10195939	6
881199	881200	3
10446401	10446387	3
5847885	9710591	3
1992276	1992275	1
4621698	4621697	1
308111	308112	1
8576575	8578815	2
6223416	6244210	2
5490406	5490405	1
4027880	4035926	3
3477078	3477077	2
3515408	3515403	2
4589644	4588103	2
9250034	9577936	1
10132460	10132502	2
3462676	3462675	3
6727731	6727732	1
3859534	3859531	3
6966631	6970204	1
6189327	6189328	1
3903770	3916723	1
5994469	5994472	1
1874652	1874643	1
12813182	12813193	1
44102	43628	3
1751376	1750865	5
10965957	10965958	1
520491	377147	3
5249771	5249527	1
10745019	10740677	6
10215243	10217232	5
4656504	4656503	3
4013998	4013995	4
12123674	12125132	1
3400824	3400823	2
1880432	1880431	2
10723869	10723870	1
4670694	4670693	1
11622082	11622081	3
1968461	1968462	1
12641212	12641218	2
8954395	8954384	1
6191429	6191430	1
6099797	6099800	3
7238899	7238900	1
3312317	3197791	2
1047635	1047636	3
2447844	2447837	4
301226	301230	1
10748392	10748391	2
5700453	5700454	3
4185559	4185562	2
3301282	3301194	2
9044726	9042232	1
10372471	10372487	1
11594305	11594308	3
5911211	5911212	3
5724774	5724771	1
1655892	1655891	1
911899	911900	2
5066343	5066423	3
10477577	10477496	1
173648	173647	1
3463577	3463612	1
5049996	5049993	6
9760062	9760294	1
3314568	5501271	1
3557036	3557035	4
11026624	11026623	3
12511591	12511592	5
6093131	6093144	3
7360223	7360224	3
5535023	5535062	2
2578019	2578020	4
7259335	7259275	1
8634305	8634306	3
11988083	11988084	1
6781698	6781631	1
5799828	5800420	2
7708521	7708469	1
3316801	3316802	2
5492049	5492050	3
8092085	8092086	2
506225	506226	1
5264208	5264227	3
2131629	2131634	1
7697188	7697187	2
2279924	2279923	2
8971886	8971885	3
7790011	7790012	4
2101077	2100260	2
1756223	1756224	1
3979072	3979086	4
3118652	3118651	1
3215910	3215907	1
10529335	10529336	1
10616578	10616577	2
11405639	11405640	1
9270737	9270738	2
11287761	11287836	5
2495292	2496463	1
2280953	2280956	1
2359726	2353778	2
857804	857825	1
1520421	1520422	2
4453732	10975432	1
12171663	12157386	2
6199990	6199962	1
3311095	3311096	3
801963	802125	1
9565770	9565769	3
6423635	6423636	2
5692698	2859745	1
7528541	7528546	2
8089568	8089567	2
763994	763993	2
6010647	6010648	3
11629741	11629742	2
3754164	3754010	1
8644275	8644276	2
9797463	9797464	3
6482015	6482049	1
6929481	6929482	2
9308576	9308575	2
7983413	7983414	2
2659300	8128733	4
560902	560901	1
10221579	10221580	4
731103	744319	2
5418319	5418320	2
9481553	9574146	6
112217	112218	4
1282718	1282717	4
10908070	10908069	8
8245439	8245440	1
739746	739745	1
9257947	9257948	2
1450254	1451484	1
7071444	7072732	1
6163485	6163594	3
9448178	9448192	3
12477225	12477526	1
2012243	2012246	1
12464617	12464618	1
9877720	9877717	1
12007557	12007558	3
133049	133024	1
7164598	4765480	1
8684677	5626933	1
1764361	1764362	1
9197651	9197687	2
7832785	7832786	2
5601751	5601752	6
2051982	2051981	3
1208705	1208823	1
6876955	6876966	1
644793	644794	1
1277343	1277344	1
7180789	7180790	6
7189331	7200315	2
1287842	3889874	1
11938562	11938585	7
524517	524518	1
6785999	6786000	5
223330	2156272	1
6710159	6710160	2
9320863	9320864	2
11202827	11202759	4
5628104	5628103	1
3392102	3392101	2
6009322	6009321	2
2061503	2061504	1
7394999	7395000	2
11107329	11106213	1
5573957	5583689	1
3039469	3039470	2
9698857	9698858	2
4848930	1541249	2
9481254	9481253	3
5409819	5409822	1
7144724	7144723	8
12723239	12723242	2
6705991	6705994	2
4500078	7747524	1
6291675	6291676	4
12133509	12133510	2
2853881	3092937	1
10620593	10620585	1
5092298	5092297	1
12405921	12405922	2
2859202	2859201	8
10271139	10272582	2
3668665	3668666	1
5990125	5990126	2
10824683	12282961	3
8823429	8823275	3
8876293	8876294	1
3139800	3139779	1
2478998	2478995	1
3019766	3020030	1
2361955	10459109	1
298513	297711	3
11202732	11202729	1
4087350	4087337	2
1558129	1558130	3
2777019	2777029	2
8319790	9776186	1
11431844	11431843	3
5857377	5857391	2
9854557	9854558	8
12468241	12468246	1
11062833	11062836	1
2075385	2075371	1
10111356	3145322	3
1983383	1983688	4
908652	908651	1
6591206	6591205	2
7818810	7818809	2
5782882	5782908	1
8989481	8989482	2
1360933	1360934	1
11584070	11584073	1
6066923	6066913	1
9250245	9248845	1
9558040	9558039	1
1104114	1102806	1
3923430	3921928	1
4779083	4779094	3
10058959	10058960	1
5586298	5586293	2
4657070	4657069	2
7102688	7102685	1
1088520	1088517	1
10451575	10451576	2
3014827	3016465	7
11090537	11090538	1
3289236	3289235	2
5275872	5275951	1
7078315	7078329	1
7648407	7648408	1
5286249	5286279	1
4523878	4523642	2
3593333	3593336	3
11881416	11881415	5
9879529	9879530	5
5429334	5429333	3
3971862	3972258	1
407449	407710	2
5969743	5969856	2
2054683	2054686	4
348607	11943841	3
11048199	11048200	1
10500009	10500010	2
8942275	8942276	6
2060647	2060650	1
1309874	1309873	1
8368721	8368722	2
11114902	11114825	2
1531045	4838305	1
7493433	7491831	2
10367733	10367734	2
1064455	3880667	1
5480863	5480864	1
972151	972152	2
5904752	5904751	3
8812760	8812759	2
12488097	12488231	1
1457344	1457350	1
