fend1	fend2	count
3476151	3476152	2
9995417	9995418	2
9346925	11879059	1
6032550	6032549	1
8309136	8309245	1
4673197	4673198	2
8716147	8716023	1
6833166	6833165	1
8604551	8604549	1
5816230	5816229	1
8047557	8047653	3
12435026	12435025	2
3364435	3364436	1
4583125	4583126	1
8714545	8714546	1
9830822	9829886	1
10420986	10420985	2
2049133	2049134	2
2902094	2902091	1
5422722	5422370	1
8261336	8261335	2
6746320	6746319	3
7131973	7131976	1
7092027	7095562	2
2436310	9988606	1
8984906	8984901	1
4253350	4391819	1
6895722	6895721	1
6210768	6210763	1
8735747	8736055	2
7886100	7886041	2
649379	649380	2
2336618	2315342	1
3963145	3963146	4
10180108	10180105	1
9993238	10008637	2
10048528	10129637	2
8020008	8023107	1
9858704	9858703	1
2835487	2835490	1
3040055	3058743	1
10535142	10535135	1
12006482	12006481	3
7329477	10804061	1
1256975	1262738	2
807182	807185	1
10048485	10048486	2
6344883	6344884	2
3360068	3360043	2
9917255	9917258	1
3973456	3973430	5
2362057	2167612	3
491717	467229	1
12171792	12171768	2
3972874	3974431	1
6178175	6178178	1
10016958	10016957	1
3350592	8443955	2
3099452	3099667	2
12674170	12674169	2
3094924	3006662	1
12458335	12458336	2
8065645	8065646	2
1101916	1102031	2
10241343	10239488	1
11038581	11038582	2
8722682	8722681	1
9801026	9723660	1
4819355	4819356	1
8087941	8087942	1
1756175	1756176	1
9028189	9028190	2
4251619	4251622	2
3137923	3137924	2
11774867	11776599	1
7670602	7670601	2
9265888	9265693	1
11382098	11382095	1
8000681	8001122	2
10259893	10259894	1
6136776	6136775	1
5273269	5272885	2
9946159	9946156	1
11449165	11449221	2
11073528	11073531	2
6129615	5808233	1
1002264	1177778	2
9831286	9831283	1
4239870	4404036	2
474993	474994	1
7773493	7773496	1
6219417	6219418	1
7465006	7465003	1
11302481	11302482	1
91596	91593	1
4248991	4219200	1
10086687	10077735	2
9305541	9305542	1
7763675	7787181	1
82816	82809	1
9085840	9085839	1
6553073	6553074	1
12715423	12714562	1
9691701	9358327	1
9324664	9324656	1
12454700	12454699	2
9670984	9745638	1
1227313	1227314	1
7515359	7515360	3
287597	288230	1
7150405	7150365	3
7214574	7214573	1
9270299	9270122	1
6558970	6557600	2
6674998	6674997	3
4540625	4540628	1
8315400	8315399	3
1108868	1108867	1
5954359	5954383	1
11133601	11131185	1
8961138	8961137	1
6265234	6265233	1
2365011	2365014	1
11669508	11670197	1
4938314	4938311	3
2727556	2727555	3
9818623	9819291	1
8578780	8578779	1
11179728	11179725	2
12650627	12571366	1
2160064	2160079	1
9903006	9908331	1
1446082	1446081	1
8649462	8649461	1
7767441	7767063	1
4522065	8029197	1
10004784	10004783	3
5923519	647059	1
12237838	12237762	1
8676623	8676624	1
7068999	7068958	1
918056	917727	2
804064	804063	2
10525294	10525291	2
1528810	1527376	1
11458647	11458648	2
1974842	1974118	2
9246153	9240430	1
12022395	12022396	1
12409478	12409477	1
7481303	7483952	3
4185203	4185204	2
12251272	12251271	2
4132040	4132039	2
972849	972172	1
7901340	7901343	1
2076241	2076244	2
751891	751892	1
4222789	4222790	1
11555224	11555221	1
6140505	6145825	3
402229	402230	1
7981307	7981338	3
10506181	10506182	2
2795133	2812746	1
10232282	10232281	2
9676783	9676784	1
9814378	9807572	2
5693083	5693084	1
4277438	4277548	1
9197152	9054306	3
9144962	9144961	1
8639587	8640520	1
12743836	12743835	1
7660767	7660768	2
3321649	837653	2
1399653	1091787	2
1019858	1019857	1
12615582	12615581	1
8871781	8887978	1
45101	45144	1
11669389	5048866	1
7331359	7331360	1
10264560	10264559	1
6768020	6670461	1
2523496	2523495	1
5800472	5800471	3
9715221	9751227	1
6619498	6271703	1
7486933	7486934	2
6968992	7253189	2
3147774	3147773	1
11356405	11356406	1
8735578	8735609	1
1767649	1767653	1
5656043	5656044	1
7746606	7746787	1
5648839	5648830	1
1151244	1150990	1
10155475	10133206	1
10181127	10181128	1
9718956	9798187	2
3116228	3116225	1
10564155	10564156	1
3634763	4085151	1
11628303	11628304	4
4312299	4312300	3
3354490	3354493	2
6655589	6657637	2
8827798	8827776	1
4619741	4561113	1
11588163	11588166	1
1962479	1962480	1
2466675	2463015	2
8424727	8536320	1
10566643	10566644	2
1758118	1758117	2
5800468	5800471	1
3647493	3647496	1
6232165	6349491	1
12167556	12167553	1
11789945	11789946	2
6302818	6302817	2
11487455	11480893	1
7858705	7856813	1
2603820	2407281	1
1470151	1469256	2
7824951	7824920	2
1780225	1780257	1
4875625	4875626	1
9149825	11135639	1
3230698	3230695	1
7793626	7793545	3
11295456	11295455	1
7902887	7899389	1
10689312	6135292	1
9948400	9948397	3
6038825	6038826	2
9093729	9093730	1
2215720	2215719	3
1643471	1786906	1
12664704	12664703	1
1879914	1879911	1
9856598	9856897	1
7427377	7427378	1
12120315	12122838	1
7597198	7597197	1
4349771	4349772	1
1096437	1096464	2
1370242	1370241	1
12163823	12060975	1
7108497	7108485	1
1137806	1137805	2
11895545	11895566	1
759231	759232	2
1721762	1721752	1
1894253	1894208	2
11522807	11522808	1
8974137	9007962	2
280377	280437	2
3443155	3443156	1
2989323	9146993	1
9118343	9118344	1
7666858	7616427	1
3989792	3989791	3
13080	13113	1
5011867	5011727	1
4005059	4005060	1
7854151	7852065	1
9875106	9871261	3
5937511	5937512	2
7872453	7872454	1
11186491	11186759	2
8095789	8095794	1
4831550	4831549	1
7542693	7542694	2
9998440	9998447	2
5454608	5454605	2
8035482	7972107	3
8984534	8989242	2
5914305	5914308	1
9093727	9093760	1
10919531	10919532	3
3210984	3210983	1
6837863	6837864	1
8878576	5376528	4
203900	203899	1
10534589	10534585	1
8864250	8864247	1
2753410	2753414	1
12489448	12495955	2
9778282	9778281	1
10097128	10193622	1
9771887	9771919	1
8505071	8505072	1
7227218	7226074	2
2250179	2250663	2
12717837	12718010	2
11994630	11994629	1
5818035	5818036	6
7773893	7773776	1
11217510	11217509	1
10166991	10166963	1
3366906	3366903	1
11297769	11297770	2
2811222	2811219	3
8239558	8239557	1
10103192	10058199	2
11323227	11323207	2
3906408	3906411	1
8858100	8858099	1
12548884	12548883	1
6129189	6129190	2
3924425	3924426	3
751807	751890	1
9085353	9085294	1
8733826	8733774	1
7909088	7909087	6
11492549	11492637	1
599258	578005	2
9072333	9072334	1
4100160	4100159	1
5371731	5371732	2
7092010	7151175	1
5553097	5553098	3
168278	168281	1
10926994	10926921	1
8956769	8961139	1
7676845	7676846	1
4308937	4310590	1
900648	900645	1
5879594	5879593	1
8546621	8546652	3
7582484	7582479	1
9802970	9802967	1
2098365	2098366	2
1092741	1092758	1
2421851	2421852	1
6363281	6354490	3
1164794	1164802	1
2077784	2077783	2
7773893	7773774	1
8860612	8860594	1
5734816	5755625	1
8551108	8551107	1
7421522	7422618	1
2223780	2223743	1
5594447	5594706	1
7754763	7756282	1
4002564	4002563	1
2413606	2416116	2
12386111	12386112	4
8851503	8851506	2
7648745	7648746	1
2150664	2147698	1
9987118	9987107	2
9798188	9798187	2
6505245	6505246	1
9851491	9851494	1
8102823	8102645	1
7872346	7872345	2
2812564	2812202	2
3599676	3599675	1
7478871	7548935	1
10099737	10099738	1
3700153	3700154	3
8710308	8710307	1
8759338	8759337	1
1829593	1645273	1
7460358	7460357	1
6743408	6743407	1
7941032	10257775	1
10720495	10720496	2
3086291	3086292	2
3961928	11390991	1
8362827	861173	1
9520704	9520703	1
6952566	6952565	4
8471624	8471621	6
191257	44983	1
10338973	10338974	5
5228107	5228108	2
4682112	4682109	1
2786299	2786300	3
5816806	5816805	3
11104124	11104123	1
7682298	7682400	1
522641	522642	1
8920522	9117805	2
9001088	9001151	3
2215923	2215926	1
666690	666689	1
10148701	10148065	1
9534069	9534070	1
9157937	9157938	1
10235707	10136443	1
10535649	10535650	3
1432986	1379821	1
7298311	7298308	1
4081599	4081600	2
31906	325862	1
10042673	10039234	6
3268760	3267822	1
952125	950686	2
9105053	9105054	1
11831370	11831369	2
4716148	4716151	1
1578551	1578552	2
10648562	10648561	5
6005681	6005682	3
8432743	8432744	1
8328742	8328741	3
7904913	7921942	2
5646131	5646132	1
7858821	7858785	1
10893931	10893932	2
9703209	9703151	1
9573138	9573688	3
437658	437596	2
9841210	9841209	3
5692869	5692870	5
6067207	6067208	2
5572471	5572474	2
479292	201455	3
7895064	7895063	3
1213325	1213326	3
7562097	7562098	1
11547917	11547991	1
12562732	12562735	2
8634406	8634395	1
8022623	8026862	1
11022298	11022297	1
11448366	11448362	1
10045044	10045043	1
10190840	10190839	1
6537663	6537666	5
98870	98869	3
2510661	2510662	1
6204374	6204373	3
8063337	8063349	3
8699736	8699723	2
12808097	12808098	1
9671631	9671632	1
10118993	10119312	5
5353935	5348609	1
9920382	9920201	1
4424573	4424574	2
8898069	8974676	3
7562812	7519619	1
4217640	4217637	1
11198807	11198808	2
4249862	4292092	1
5369059	5369049	1
6004919	6002374	2
1360106	1360105	1
2994101	2993383	1
9499818	9499817	3
8022912	8022917	1
8097953	8097954	1
7028596	7028595	1
421599	421604	1
1368971	12473369	1
7296229	7295223	2
6741615	6741616	2
12560318	12560317	1
9276942	9276941	2
11606966	11606989	1
5640352	5640351	1
3747940	3735067	1
9258920	9250503	1
7896467	7896468	1
7446202	7446201	2
7478809	7478810	1
11853379	11853349	3
8922320	8921975	1
2520140	2520877	1
4373369	4364745	1
7605750	7605749	1
9987669	9988832	1
3104340	3104339	3
6774143	6792113	2
9996879	9960926	1
10218044	10216637	1
2363674	2363673	2
174093	171629	1
10369087	10369098	1
12619844	12619843	1
6926985	6926986	1
5834707	6066425	1
3398819	3398822	1
988223	988224	2
6251515	6251518	1
10297057	10297058	1
6607815	6604282	4
7934844	7934905	1
8637050	8636993	1
7616079	7616080	1
942789	940187	1
6522151	6496604	1
4639295	4638403	2
8843287	8900306	1
10561920	10564151	1
12597340	12597339	1
4814720	4827495	3
7627882	7622197	1
10266184	10268067	2
5649159	5649162	1
10546920	10546919	1
6161988	6161987	2
2896421	2896424	1
5346005	5346006	1
641819	641820	1
9081614	9081613	1
3443536	3443533	1
3563410	3563409	2
7689957	7689958	3
8371283	8371289	1
436512	436515	1
3767850	3767849	1
4776684	4776638	1
8770255	8794299	1
3388889	3388854	1
8696168	8696167	1
615086	615094	2
8770264	8867094	4
9556214	9556213	3
5272361	5272362	3
8351258	8349289	5
4303725	4303728	1
9820871	9824058	1
12559183	12559184	2
6742145	6742108	1
9592721	9380789	2
6379201	6379192	1
3210561	3210562	4
2357616	2351310	2
1402200	1402758	1
12024853	12024854	1
9102906	9102905	2
7592552	7592551	1
11854534	11854550	5
7408124	7408240	1
8580069	8579846	4
7858676	7855842	4
8716052	8716072	1
8755314	8755313	2
7542150	7542149	4
12417913	12417519	1
2666527	2666528	1
6165049	6165050	1
5878452	5880132	5
6505651	6505654	1
6043585	6043586	1
9007477	9007480	3
10346699	10346728	2
12548313	12737518	2
11029322	11202036	2
6458153	6457308	2
5821917	5822076	3
4782950	4782949	2
5610086	5610085	1
10212809	10209624	2
8965095	8965096	2
1507093	1650163	1
8635961	8635962	1
5976329	5976290	1
9942690	9942685	1
2173603	2173604	1
8760114	8760113	2
4436349	4588127	2
6815334	6815333	1
8583708	8583707	1
12165959	12165960	2
4277387	4277388	2
7763880	7924223	1
12473368	12473367	1
412742	412741	1
17443	17448	2
2048570	2049621	1
3250676	3250675	1
7604727	7604730	2
9035565	9035566	1
10181032	10181027	1
12278009	12278010	2
10172989	10172856	1
10990864	10990863	2
2259522	2259423	2
799172	799188	2
8998784	8998783	1
6026929	6026930	1
11853372	9298166	1
1794669	1794691	1
1545445	1545411	1
8799421	8799422	3
4699253	4699254	2
6101559	6101600	1
4557953	4557954	3
265409	265774	1
8759336	8819869	1
6065920	6065888	1
3756125	3756119	1
8850955	8850956	1
1557466	1557465	1
5117616	5117519	4
767002	767001	2
2100308	2100307	1
4446602	4586084	1
12459882	12459881	3
3507125	3507140	1
8656794	8656793	4
7847309	7847310	2
12428804	12428803	1
6846905	6846907	1
7915714	8033570	1
761541	761543	2
2235567	2243778	5
7850753	7850716	1
9500503	9500504	1
1903954	1903953	1
12331244	12331243	2
11716728	11716727	3
2289161	2289164	1
8199049	11440465	1
10840652	10840651	1
7862653	7862654	1
4612264	4612277	1
8834309	8834310	1
12356107	12356108	2
1257679	1257680	3
10007980	10007979	4
6291494	6374107	2
3283397	3284852	3
7739491	7787012	2
6652721	6652722	2
6961333	6961299	3
8577950	8577949	3
10247996	10247995	4
10244675	10244607	1
7199725	7199726	3
9858220	9964077	2
8185863	8185864	2
2653765	2653763	2
5675027	5675028	1
7123794	7123793	2
8730116	8734888	1
7629680	7718400	2
8965194	8965193	1
7920005	7918733	1
7702134	7702131	2
3591469	3593938	1
1101918	1101917	3
3932818	3952669	1
7525192	7525191	1
648974	648970	4
11723873	11723874	1
1477573	1477552	1
9160602	9167522	1
9094967	9109170	1
9022779	9026767	1
1585154	1585153	1
337306	521363	1
1380416	1380477	1
9556216	9556215	4
2648529	2648530	2
1418098	1418095	1
3499312	3499327	3
6043400	6043403	2
5724391	5977684	1
773190	773210	1
10106766	10035327	2
4416792	4416789	1
9329156	9329153	2
10075952	10075951	1
11161775	11161764	1
1308310	1311190	1
3636104	3636101	1
12686165	12772450	1
9263735	9263736	1
9001092	9001089	1
11531303	11531304	1
6470461	6470462	1
157281	157282	1
9828623	9828624	1
11323225	11323226	2
5576448	5576447	1
10233250	10233186	1
13082	13113	1
8906109	8906114	1
9414084	9414091	3
8765169	8764773	1
6044135	6044136	1
8860883	8860886	1
9744802	9744801	1
10502629	10507699	2
12291323	12291324	1
11662242	11719027	1
4227389	4227390	1
1224045	1224056	1
9622754	9625725	3
9155608	9155607	3
6175922	6175921	4
10836901	10836902	4
11667616	11667533	3
4819032	4819027	2
8738677	8737955	1
12193777	12193778	1
10187187	10187190	3
11866565	11866570	4
7551907	7552822	3
12229648	12229660	1
2486720	2486719	1
8165777	8165784	1
8206825	8206826	1
5983334	5983329	1
8714117	8714118	2
4630869	4630886	4
5571897	5573541	3
6624194	6624798	1
9971117	9978188	1
3296601	3296604	1
4210853	4179360	1
4467899	4467900	2
8249194	8249198	2
4470958	4470917	1
9650022	9784047	1
11843462	11843461	1
8837272	8793734	2
7090187	7174572	1
1063711	1063712	1
10197876	10197875	1
3295495	3355421	1
6343257	6631177	1
9817371	9817178	2
9851491	9851492	1
6636835	6634816	4
11422581	1775897	2
7449891	7461302	2
2258920	2258919	2
629334	629336	1
8937431	8937432	1
8717651	8749463	1
10655914	10655911	1
9635256	9635255	1
6129187	6129190	1
4666701	4666711	1
7941093	7941096	1
7733781	7733782	1
9462566	9462565	4
7704209	7708593	1
3283217	3283220	1
11187382	11187381	1
7620157	7620158	1
2850560	2850559	2
7396035	7396036	1
7975579	7975580	1
11594283	11594279	1
8000643	8002512	1
12683307	12683308	1
6108992	1069066	3
6100894	6100888	4
4554424	4554423	1
10187127	10187128	1
1831529	1831530	1
6088446	6089148	1
304937	11011840	1
10634157	10634158	2
9670903	9670904	2
9415537	9415538	1
7834036	7835642	1
10349133	10349033	1
4552214	4624604	1
3457256	3457200	1
9680303	9680074	2
2135417	8463336	1
4600383	4628568	1
6654032	6654031	1
3476688	3476704	4
9346923	9346924	1
11555573	11555574	2
4111889	4111890	2
9801959	9802017	1
304891	306509	1
6851117	6847927	1
9132142	9132141	2
1254686	1254689	1
11005120	11148806	1
2953746	2953751	1
7449103	7449104	2
4265319	4265267	1
8495574	8496343	1
1239187	1222154	1
5637171	5709576	1
622632	622631	2
5891647	6061330	1
10717642	10717618	4
4570116	4570237	1
4508083	4519946	1
363411	363412	2
4253352	4253351	7
12496288	12496287	2
5994379	5994380	1
7462255	7467922	2
4610405	4615335	2
8528122	8528121	1
5821915	5821916	1
306607	306610	1
4486766	4486765	1
9317980	5097915	1
8937651	8937678	4
5720475	5720476	1
4115179	4115180	1
8623083	8623084	2
8773283	8738396	2
2953132	2953131	1
1569684	1093910	1
9252417	9252418	1
2022834	2022833	2
10287034	10235645	1
8961834	8961833	1
3332199	8071377	1
9435639	9435640	2
3150215	3098151	3
1785165	1785166	2
3307625	10997311	1
10029214	10029213	1
801440	801439	2
8008248	7005136	1
6016014	10924957	1
837412	837411	1
8658050	8658101	1
12655424	12655423	2
5454457	5454458	2
12736693	12736688	1
7290529	7290023	1
12609460	12609885	1
9670988	9670985	2
2135417	2135420	3
3622964	3623020	1
10144456	10273694	2
3756125	3756121	1
668170	668169	1
3778496	3778495	1
164617	164618	1
6743852	6743851	1
5820637	5780506	1
9049867	9049868	1
99792	99789	1
8823089	8821411	3
12615582	12615877	1
10826938	10826937	2
4565611	4570170	2
6684896	6905682	1
2836930	2836929	1
11520732	11520713	3
2252143	2252842	1
5467965	5468685	2
7537809	7537798	1
10011705	10011706	1
10760015	10760044	1
7495147	7495148	6
10181028	10181027	2
10910468	11070741	3
9340469	9340485	1
11459209	11459214	1
6989725	6989678	1
7754033	7808849	1
3282858	3282857	1
10717747	10717771	1
10832890	10828414	2
1755745	1767338	1
3307621	3307622	1
6203559	6203619	1
9781693	9781667	2
9958039	9960817	1
3460548	3460447	1
4257481	4257552	1
13084	13081	1
5899403	5899404	2
2497897	2468401	1
7524290	7524289	1
8878491	8873607	1
11913804	11913801	1
7663471	7663472	1
163801	164040	2
9113481	9113482	1
3166114	3166113	3
7811428	7811418	4
4063302	4063301	2
2163819	2257371	1
9177860	9187572	1
2349655	2349667	1
5505571	5507096	1
889633	889638	1
8033527	8028237	1
10241483	10241484	1
2685373	2685374	1
6895968	6895958	2
7851000	7850999	1
10268691	10267959	1
3866429	3942121	1
7599460	7599623	1
2535483	2535484	1
7381627	7977599	2
1541898	1541897	3
1532454	1531021	1
10962263	10962264	1
4842191	4828100	2
10063745	10063746	2
2774619	2774622	2
1516990	1512931	1
3997188	3997187	1
11097903	11097617	4
6180719	6180770	5
4910738	4910737	3
1584348	1582769	1
8844593	8844594	1
7486675	7486676	1
6858647	6858648	1
8720558	8720557	2
4487039	4486944	4
8677021	8677022	1
7713923	7756910	1
9736249	9674226	1
5458299	5458300	2
1972261	1972262	3
9475770	9476835	1
7550451	7550452	1
1915714	1915778	3
1240571	1240572	1
6844179	6864984	1
8480319	8480320	5
7598569	7598570	3
2135419	2135420	1
9556643	9621464	2
5425523	6165370	1
9974071	9974026	1
1756173	1756174	1
138375	138376	1
8735758	8735757	2
3296241	3248694	3
7432745	7202673	1
4017690	4017689	3
8921974	8914889	1
6242196	6371863	1
2776009	2776049	1
11643652	11643868	1
7781626	7798260	3
6615714	6470465	1
5021770	5021490	1
8868585	8862413	1
10447898	10447897	1
4308000	4307999	2
8815075	8815302	4
6516625	6516626	1
940186	940185	1
11160790	11160789	1
7480011	7480012	1
4358983	4358970	2
8792083	8792084	2
10155818	10155817	1
2012781	2012782	1
4850036	4658199	1
8747053	8746096	2
12615580	12615877	2
10609110	10676920	2
12783722	12666136	1
6565332	6565331	1
7539816	7539815	2
5656322	5656321	1
6279021	6279022	6
6800954	6800953	1
11454923	11454924	1
5966532	5966529	2
7484363	7524543	1
3865122	3865119	2
7920860	7921290	1
9433360	9436002	1
11854298	11854297	1
7941194	7941191	1
9113116	9079395	2
8623864	8635878	1
9156541	9156542	1
9487662	9487647	4
7501276	7500881	1
1324051	1324052	1
5422438	5422435	2
12741787	12627919	1
2949639	2964676	1
10086527	10086528	3
1543062	1543065	1
280375	280437	1
3893422	3893421	1
6548339	6548523	1
6677940	6677921	1
2419707	2386622	3
10738270	10738267	3
8835703	8845739	2
2464684	2464680	1
6704934	6712780	1
10478525	10478528	1
6132861	6132858	1
4993554	4992554	2
6474930	6474929	1
4782948	4782947	2
3070783	3068917	2
629891	629892	2
8883968	8883988	2
9446632	9446558	2
10267551	10268330	2
7578238	7651061	1
2544668	2544643	3
2540093	2598526	2
3997093	3996889	2
6631117	6631109	1
10017787	10017788	2
4668519	4668522	3
10027444	10027443	4
2716995	2716996	1
6427362	6427361	2
12426939	12426940	1
7535402	7531239	1
6904961	7219981	5
418255	418267	3
1038007	1038146	2
6379201	6379204	1
2842536	2842856	1
11220851	11220854	1
3939886	3939885	1
9132140	9189838	2
6310118	6310113	1
1401521	778705	1
7540873	7540874	1
1583756	1584178	1
3904902	3905004	1
6652730	6652725	1
10416992	10416991	1
5487085	5487086	3
10070519	10060749	2
10267396	10267416	1
7876444	7884080	1
943982	944521	1
3865122	3865121	1
7742182	7742181	3
1222359	1222364	1
2102732	2102731	4
11772151	11772152	1
5525497	5522223	1
11977189	11977429	2
9158164	9158163	1
11525426	11525423	1
8814107	8805371	1
10148573	10042368	1
3451125	3451128	2
7544996	7545001	1
10133253	10133254	2
2899460	2887419	1
7987795	7987796	1
8540513	8540514	3
1582949	1582952	1
10207252	10207251	1
8851618	8851617	1
4081595	4081600	1
1123810	1123814	1
9096333	9084195	1
11891799	11891800	1
6439971	6440018	2
3965485	3965498	1
4839226	4705772	1
8363456	8363455	2
8975079	8975080	1
945968	945881	1
8925159	8927879	1
3940710	3940709	1
6509492	6509491	1
1060234	1053006	2
1303348	1303347	2
1227095	1227096	1
7488471	7488462	1
3541517	3541518	1
9030769	9094940	2
9886759	9886762	1
4152603	4152604	2
10851519	10854308	1
8026156	8022550	1
5827297	5827281	1
9679261	9679262	2
11366735	11366771	1
12623709	12623710	2
7485595	7485596	1
6121368	6121367	1
9657181	9657184	1
7599305	7642023	2
10406706	10503132	2
8780550	8780949	2
9841473	9841474	1
9149319	9149343	3
10361365	10361154	1
3208869	3209990	1
4487703	4487698	3
9567031	10673652	3
5627744	5627743	1
12684827	12684830	1
7811432	7811418	1
8848013	8881905	2
801956	801934	2
10044462	10044450	1
7830101	7840145	3
9876090	9884792	1
11629150	11629147	1
13112	68747	2
2313465	2313466	1
784832	784831	3
8869496	8869495	1
657231	655467	1
7497070	7497073	1
9957855	9957873	1
10282532	10257846	2
4337013	4337048	2
8640317	8640318	3
5869717	5869805	1
11831249	11934472	1
6079946	6079943	1
12317061	12317062	1
2380642	1193393	1
11590182	11590181	1
8675641	8653620	5
223466	129146	1
6712156	6712155	2
8035967	8035968	1
4144558	4144557	1
8005680	8005577	1
7219982	7219981	1
8218099	8218100	2
4572572	4572571	5
11714616	11714613	3
62283	62284	1
10134593	10134607	3
8985653	8919788	2
6343240	6343289	1
3964171	3964172	3
1972958	1884647	1
3250479	3249356	1
2709348	2709347	1
12465375	12465376	1
9817101	9817102	1
8680574	8680573	1
5868527	5868528	1
10000921	10000925	1
9968200	9968199	2
163923	164516	4
3567910	3567909	2
6441382	6441381	1
3415252	3457201	1
11451928	11451927	2
5594801	5594802	1
5588774	5588773	2
12013567	12447060	1
9075281	9075282	3
6681697	7724961	1
8775123	8775085	4
11398391	11655388	2
7905384	7905383	2
10050710	10076788	2
7469311	7480846	1
12311977	12311978	2
11719409	11719410	1
3654357	3654451	1
8872902	8872901	4
11936719	11936724	1
174444	174450	1
3638689	3638717	2
5317813	5317814	1
4273400	4273338	1
168312	169541	2
8992537	8992539	3
7693941	7684278	2
5925724	5925723	2
6373221	6373291	1
2012779	2012780	1
10270695	10270696	1
10689888	10689887	2
11680742	11680747	2
1029104	1452902	4
11936549	11908678	1
4553768	4553767	1
10237613	10238227	1
8484649	8484650	2
1954220	1954219	2
3489233	3489234	1
9149827	11135639	2
9676776	9676784	1
5646009	5695982	1
6873869	6873870	1
11367407	11367408	3
3958270	3958269	1
8756293	8789950	1
5748486	5748485	1
9172849	9095595	1
12338436	12338433	1
6794085	6777404	1
6847721	1924031	1
8354760	8354758	2
9676776	9676782	1
2482787	2482852	1
846198	846197	1
9472675	9472678	1
1645272	1645271	1
2100076	2100086	1
8734931	8737409	1
12665716	12665713	2
9135910	9135907	1
11317349	11317401	3
11509276	11509273	2
6013307	6012669	1
9616464	9616463	1
3570829	3570840	2
7789941	7713164	3
10155126	10159844	1
7945335	7945336	1
7118515	2207656	1
9338933	9338931	3
5250559	5216097	1
8010897	8010898	1
7688400	7710916	1
9042586	8967492	1
8949071	8949078	2
3605939	3605940	1
6229681	6229682	3
8081784	8081783	1
10876269	10876272	1
7977600	7977599	2
4503800	4503799	1
4540627	4540628	2
7396034	7396033	3
7921289	7921290	1
6157524	6197636	1
10801022	10801021	2
9117407	9122083	1
9689675	9689676	1
6079641	6079476	2
2102733	2102734	4
7309463	7286459	1
361987	11755327	1
5284257	5284258	4
7625727	7621952	1
7804563	7804568	5
10091675	10091676	4
4015410	4012485	2
7030880	7030879	1
6837861	6837862	3
5649159	5649160	5
9597039	9597040	1
10060748	10115040	1
7663007	7663008	2
9628225	9706344	1
736889	736892	1
11918295	11918296	1
11912869	11912872	1
2295448	2295447	4
6019361	6019356	2
522754	522753	1
1166829	1327348	2
306940	306939	1
2197487	2197488	2
8658052	8658101	1
5042429	5042430	6
8493067	8318505	1
1299695	1299696	1
10170216	10170213	1
1382657	1382661	2
7243780	6923700	3
9906917	9907050	2
3200260	3200259	2
10999316	10999411	2
9901923	9901919	4
4141763	4147088	1
9865950	9865949	1
8906861	8906912	2
10735701	10735702	1
10990752	10990751	2
6257403	6258558	1
10007904	10007908	1
6736438	6736452	3
11363631	11363341	1
9620740	9534097	1
9010633	9010634	2
12594977	12594978	2
8929112	8939449	2
11173593	11173594	1
9289518	9251980	3
3748090	3748089	3
6061831	6068435	1
9672930	9672929	1
2812570	2812565	1
8392713	8392716	1
10181453	10181454	1
8819084	8819145	1
7094642	7094641	1
8551065	8551066	1
6039658	6039657	1
5986495	5986496	2
8881273	8881274	3
10153026	10093002	1
11638926	11613540	1
4832812	4832811	1
9802970	9802969	1
8653621	8653622	4
12293195	12293196	1
10221349	10221350	1
2425979	2426107	5
12683823	12683827	1
2754825	2754830	2
10046670	10124516	1
1291824	1291823	2
5371480	5371479	1
12775187	12775188	3
4527437	4527438	1
9163734	9163733	1
8010317	8010320	1
7752101	7752102	1
11293713	11293714	1
8392712	8392711	2
1202474	1202471	5
760421	760422	1
10747469	10748386	1
12317059	12317060	1
7755786	7755785	2
800836	800835	1
3654906	3624272	1
206466	206465	2
4200521	4200657	2
11477031	11479513	1
6711705	7480457	2
6427406	6427405	6
8889370	8889369	2
11452691	11483872	1
8869607	8869295	1
7766036	7766035	1
6005683	6005684	4
5145250	5145249	1
4352914	4352912	1
3626429	3626430	2
5348131	5348132	1
1572983	1572773	1
7655540	7655539	1
7453124	7452894	1
11768274	11768273	2
10224203	10273371	1
7707654	7582960	2
9076318	9561921	1
7136203	7136204	2
10106768	10106767	4
6652717	6652718	2
10022634	10022633	3
7244298	6930425	1
11027647	11027648	2
3443536	3443535	2
10008417	10008418	2
395107	395108	1
7886100	7886039	2
1890734	1884565	1
7971219	7971220	1
10385434	10395567	1
11432399	11432409	1
4188934	7509517	1
10013085	10013086	1
4269781	4269782	3
4355207	4355240	1
8802858	8802889	1
864097	864100	1
516813	516814	1
7200406	11926879	1
7748713	7748714	1
7192122	7191737	2
3197621	3197624	1
3683264	3683263	1
5772974	5772973	1
9518731	9518732	1
1538594	1538593	2
12397765	12397766	1
3438123	3438108	1
10953980	5603222	1
5880220	5880219	3
9518601	9518335	1
9915447	9857769	1
3450620	3478129	1
3288812	3288804	2
6876061	7989583	1
4070712	4070711	1
5591805	5591806	1
2360940	2360937	1
10904361	10904362	2
227705	9152696	2
45103	45144	5
2408868	2408867	2
787031	787034	1
9768646	9766815	1
10278035	9854493	1
9893885	9893886	3
627103	627104	1
1904784	1899895	2
3688527	3831175	1
10195830	10195829	1
12684827	12684828	1
968293	968291	2
8282080	8281966	1
11396315	11395839	2
11647388	11647400	6
1696545	1696546	1
11593546	11596589	3
10845277	10849785	1
2378105	2098509	1
1864501	1864502	3
963316	963319	1
9300007	9299997	1
10990503	10990504	1
12176130	12176129	1
11674387	11674388	2
8817891	8808152	1
12533929	12533930	2
10316220	10349112	1
5353070	5382783	3
8266451	8266452	4
11672465	11672458	1
6180717	6180770	1
9106254	9186191	1
10220174	10220173	1
8880100	8875953	1
1352221	1352222	2
8963375	9011265	1
2840940	2840935	2
5454168	5454167	1
10129638	10129637	1
1833725	1835053	1
6467763	6467764	1
8993595	8993596	1
8377680	8377765	3
12280861	12280862	1
973498	967713	1
9868198	9863918	2
2289161	2289162	1
7859390	7859482	4
7844082	7844079	3
8795753	8795711	1
4016940	4017067	1
784836	784835	3
7628788	7628677	1
10289844	10289841	2
12687501	12687403	2
3141618	3141696	1
990184	990183	2
2887190	2691232	1
6739598	6564552	1
10256154	10256153	1
7904297	7904286	2
10407371	10407372	3
304976	304975	1
4716535	4716536	2
1895440	1895538	1
2898824	2898823	1
3528525	3528526	1
11440464	8199219	1
8009495	8009496	5
6202845	6202846	1
8800636	8800635	2
7944557	7938707	2
8030683	10169330	1
8900301	8900302	4
1802941	1802942	2
6468001	6468002	3
280373	280374	5
9645000	9645220	1
4392550	4392540	1
7629770	7630845	1
1838765	1839061	1
6133106	6159037	1
12777151	12777152	1
4690003	4690004	1
5927216	5927139	3
2120165	2120228	1
8180647	8578251	2
9108544	9079418	3
9170489	9170490	1
7066069	7066070	3
10586258	10725554	2
9126632	9124162	2
7660769	7660770	3
3314067	3314079	4
8326295	8326296	1
3499664	3499654	1
10110975	10110373	1
8204544	8204543	1
8287093	8289947	1
7826273	7826274	1
11800053	11800054	1
8862623	8854703	1
11674385	11674386	3
11134397	11145359	2
7485593	7485594	2
10158037	10188620	1
7677514	7889652	1
1401418	1401415	3
3878808	3878807	1
7667174	7667173	1
11788550	9844030	1
8754131	8791578	1
5831560	5831557	1
4392550	11557933	1
2812194	2812598	1
1401418	1401356	2
6611573	6611844	2
4835504	4842190	2
6469194	6469193	1
11866567	11866570	1
2038996	2038995	1
8815303	8823497	3
5401613	5401242	1
4634431	4663722	1
6389319	6389320	2
9589950	9589949	1
7673853	7673883	2
9089521	9089522	1
8952654	8952653	1
1735566	1729408	1
3935806	3935803	3
2224870	2224936	4
7927387	7927461	1
5655889	5656575	1
9027500	9027499	2
7088094	7088091	1
10118536	10118539	1
10187191	10187192	2
820533	820534	2
1937514	1937511	1
2159875	2159876	1
11120793	11117913	1
11403876	11403842	1
7446467	7446470	1
9134575	9134576	1
9291975	5535028	1
8847083	8847086	1
672395	672396	3
11698751	10041217	1
4498428	4498427	2
11229147	11229069	1
10713686	10713683	1
2258271	2147925	1
503885	408996	1
11221205	11221151	1
6080554	6080553	1
3294265	3294266	1
7446255	8672446	1
4391391	4391394	1
10173809	10173810	3
6623388	6623387	1
3088946	3088943	1
5796623	5796445	1
7851419	7851420	3
8854720	8802037	1
2495333	2495353	1
9082505	9115292	2
4158445	4158623	1
10484563	10484566	7
6379991	6379992	3
10566647	10566651	1
5634399	5634404	1
9995986	9995985	1
8869235	8804516	1
2250984	2250983	1
4139013	4139014	2
10689312	10689309	1
948109	948110	1
7703066	7767485	1
5984564	5984563	2
10297059	10297060	1
10025778	10024538	2
6147737	6147740	2
6530291	6593772	1
3507346	3508740	1
6232169	6349491	1
899027	899031	1
5070617	5070648	4
8985653	8919792	1
4777785	4777740	1
2019178	2019175	1
11623329	11623330	5
10115748	10074732	3
9911320	9897140	1
8024223	8024218	1
9870380	9870456	3
7708043	7712396	1
7556884	6636421	2
11676728	11676737	2
7802405	7802406	4
9001090	9001151	1
9953961	9953962	1
1036744	1036741	1
5961500	5961604	1
10541960	10541959	1
10148699	10148700	3
671687	672210	2
9917257	9917258	1
1517561	1252809	3
269578	269577	3
7107633	7107675	1
9081595	9081596	2
3455142	3455141	3
3470699	3470704	1
6306335	6306336	2
1693192	1693191	1
1596930	1596929	1
5207455	5215709	1
8014407	8014410	1
7936922	7936921	3
83440	83439	1
151083	151080	1
8844792	8844795	1
894407	894408	3
7140366	7140389	1
11617751	11617752	2
6021329	6021330	1
7242152	7242151	2
4920281	10499471	1
8571272	8571269	1
71686	71683	1
5271889	5271890	1
6314755	6314665	1
6962574	6962734	1
6246088	6246062	2
10338186	10338185	4
8219268	8231280	1
6002282	6002281	1
6951530	6951536	2
10034532	10034529	1
7984623	7984624	3
1530947	1530948	3
12252900	12252899	2
7830695	7830698	1
753717	754317	1
789987	789996	1
3989792	3989789	1
9903132	9903131	1
10999318	10999411	1
9492027	9492028	1
2887104	2887103	2
11293912	11293911	3
7781295	7781296	1
4918400	4918399	1
7407501	7407502	1
1858343	1858357	2
2011512	2011511	1
9067797	9066747	1
10219416	10219415	1
8571596	8571595	3
8711683	8711684	1
2505590	2505589	1
7400247	7400268	2
11196142	10945511	3
5649039	5693314	1
4246021	4248164	1
5265966	5265965	1
10930425	10930283	1
9389559	9389621	2
10212383	10212385	1
4738485	4738486	2
1097667	1097651	1
2594255	2591751	1
7755623	7755626	1
4487039	4486946	1
9283817	9253243	1
10155601	10155602	1
10267396	10267418	1
7909666	7913248	1
6604361	6604362	1
7546758	7546755	1
5689018	5689017	1
2471585	2481815	1
7446438	7446437	1
9154672	9076551	1
12684446	12684443	1
5871380	5871398	2
8486418	8486417	1
9174417	9174418	2
5831558	5831557	2
4132660	4132659	1
1401160	1222125	1
6778317	6778322	1
8737330	8868604	1
3300395	3303011	1
12746404	12746403	1
10302404	10302403	1
7854369	7854372	1
4748568	4630204	1
8727067	8727068	2
6626688	6626687	2
7895079	7881530	1
10341129	10341130	2
8786793	8786690	2
9089848	9089845	1
9050828	9051023	1
585615	585616	1
5695501	5695504	1
6971849	6971895	1
9360752	9360751	1
4005045	4005046	3
9106960	9106957	1
7976943	7737245	1
6786804	6719991	1
7018394	7018393	3
11400031	11400032	6
12040983	12041078	1
4751187	4751208	3
6524110	6524107	1
8390204	8390213	1
12426939	2006018	1
7304413	7304416	1
2872024	2872023	3
8625939	8645615	1
7562065	7600390	1
3834182	3512049	1
5459732	5459731	3
7599063	7599067	1
9186011	1956431	1
142917	142852	3
5406366	5406365	2
7950015	7946212	1
3580245	3712642	2
12028701	4318053	2
9186125	9186126	1
1722486	1722485	2
3132614	3132613	1
5148842	5148771	1
11794470	11800366	1
7875230	7875229	1
6957898	6957897	2
11157797	11157792	1
5679763	5679744	1
12763751	12763727	3
2195621	2195596	2
1772804	1772816	1
9357627	9357628	1
7917961	7966002	1
1597709	1597714	2
4139397	4137546	2
7659213	7659214	1
9138738	9138737	2
4941975	5181746	1
56787	54412	2
5689786	5689785	1
9119843	9119861	2
2343435	2343522	1
5058175	5058181	1
1148089	1149095	2
10204382	10204381	3
5123504	5123683	1
807186	807183	1
10129393	10129419	2
7695940	7705424	1
3100851	3100852	1
897088	896034	3
3096591	3096592	3
11541883	11648060	2
3597784	3605828	1
6366390	6366389	1
3500992	9744796	1
7966551	7966660	1
4104536	4113800	1
9162347	9162280	2
3772320	3789733	1
9869969	9869970	1
11320084	11319904	2
10121435	10121436	2
2591111	2591112	1
10639203	10639106	2
4811509	4811510	1
9530676	9531118	2
7524917	3289994	1
1205251	1205276	3
84897	84898	3
6571330	6571329	1
11157795	11157796	2
6384823	6322303	1
10177765	10230461	2
12522754	12522753	1
253608	253607	1
4500522	4500521	3
1166149	1284851	5
11042725	11042730	1
7595966	7595965	1
344217	344471	2
4692463	4692464	1
7425541	7398429	1
12728759	12728693	2
5620159	5620160	2
2899567	2899568	1
7897622	7897607	2
1724471	1724472	2
2318082	2318135	5
7741443	7739991	1
2108094	2108012	1
6844313	6844338	1
4472111	4344289	2
10478527	10478528	1
3288233	3288070	1
7633952	7641413	1
12369453	12369456	1
12040159	12040162	1
7562816	7562815	2
11668423	11668424	8
10014146	10014138	2
9110284	9110283	2
3886026	3886690	1
9114146	9173493	2
9123115	9123116	1
9872615	9872496	1
7747983	7760182	1
466114	574280	1
12152530	12150957	1
4159912	4159946	2
10739089	10739090	3
8257130	8257129	1
8674861	8674880	1
8965150	8965149	2
10990754	10990753	2
7547113	7547208	2
5280250	5280249	1
2132772	2135914	3
10034649	10032007	1
5501855	5501901	2
8286545	8290819	1
11492858	11492857	1
9935069	9935072	2
3288231	3288070	1
7694757	7726638	2
2597464	2597448	3
2620636	2620635	1
2242876	2242619	2
701529	920792	2
6334971	6334972	1
8683642	8683641	1
6121426	6121425	1
9170790	7559189	1
8173769	8173805	1
9051777	9051780	2
6259760	6399699	1
8433900	8433897	1
309379	308176	2
1986263	1986264	1
9001092	9001091	3
11476114	11476155	1
6510927	6516618	1
1735739	1735740	5
5651099	5695180	1
8961793	8961794	1
65906	65905	1
6357362	6258288	1
5069883	5069884	1
9853964	9853961	1
8661184	8662873	1
7763152	7763134	4
1268550	1322649	2
4094718	4094717	1
6107066	6108832	1
5831562	5831561	3
9117874	9126833	1
5955203	5955199	2
12620035	12620036	1
9026342	9026341	1
10042583	10052097	1
5183045	5183046	1
7636425	7636911	2
8650647	8650648	1
1693936	1693931	1
2319243	1461224	1
5858037	5847886	3
2015769	1941370	1
1984642	1989490	1
9761933	9761936	1
6015619	6015624	1
7767442	7726874	1
2414802	2414801	1
5553154	5553153	2
1068412	1068479	1
3100975	3100968	1
7627017	7627018	1
11754149	11754150	1
2394244	2337465	1
8095795	8095796	1
7963089	7963090	1
10246036	10234299	1
7518569	7518596	2
78201	114406	3
8780886	8778097	1
8624556	8707126	1
6068859	6068798	2
7725390	7584819	2
4729894	4739745	2
9193686	9184503	1
5679763	5679738	5
8865978	8865977	1
909014	909011	1
10911518	10911506	2
9584027	9583123	1
9018059	9018060	1
9051782	9051781	1
11578238	11578231	1
9116910	9187898	2
8532932	8532931	3
4182605	4182586	1
8311877	8311880	1
4818669	4826595	1
7633305	7635459	2
5428458	5428457	1
9980842	4258740	1
3505280	3505279	1
1140389	1140390	2
7667219	7685786	1
7021171	6834807	1
3557552	3555536	1
7150403	7150365	1
6822323	6822324	3
672397	895419	3
9238497	9275931	2
11319119	11319122	1
8896677	8896678	1
9182569	9182570	1
6509878	6509877	2
7362504	7362501	1
1069146	1069145	1
5756213	5756214	1
8007218	8007217	2
838817	838822	1
8407420	8407373	1
5537473	5537474	1
13082	13081	2
3865747	3865748	1
3008166	3008165	3
7592806	7575200	1
12454698	12456386	3
7712052	7712049	1
2954899	2771857	1
1894420	1982208	1
8831121	8831122	1
5651097	5651098	2
675133	675052	1
9841528	9843589	3
11302479	11302484	1
15661	59393	1
11347879	11352901	1
6974686	6974685	1
2789072	2789083	1
11579782	11579813	1
848286	848285	2
10126931	10126954	1
11038636	11038661	1
6669675	6602104	2
8839238	8902739	2
9113343	9113036	1
6801785	6801786	1
7329460	7329459	3
10428027	10753784	1
8406672	7396444	1
12120917	12120918	3
3201722	3201721	1
8865563	8860248	2
11585599	11585600	2
10088276	10088292	2
7736025	7729322	1
6305164	6305163	1
1718558	11854551	4
4802003	1993483	3
5271053	5271054	1
1081783	1081981	1
10411939	10411942	1
2257028	2257019	3
10246704	10246703	1
12010465	12010466	2
9787518	9787428	1
812481	2532028	2
875053	875054	2
2339529	2339530	1
8077384	8077381	2
12513643	12513645	1
3290169	22201	1
2222313	2226235	1
5560953	5535801	1
6427399	6427407	6
8329178	8329175	1
1731701	1731702	4
6545397	6539041	1
1593313	1593316	1
7471573	7471576	1
4745884	4746042	1
228664	228663	1
10364623	10369273	1
10185600	10185599	2
5811243	5811256	1
12185350	12185347	1
4269860	4269780	4
9078855	9078858	1
1271387	1519503	1
8796802	8796801	1
8947680	8947677	1
7989802	7989830	1
717916	718114	1
7978969	7978972	2
6479976	6479975	1
11936803	11936804	1
7264391	7258902	2
10211324	10165994	3
4549252	4549165	1
10108544	10166039	2
7834872	7834869	1
955425	864721	2
4150251	4150326	2
12619519	12619702	1
9344564	9344563	2
9922277	9922278	1
10704985	10704986	1
547228	547225	1
11925489	11925490	3
7737698	7808222	1
12227563	12227566	1
8885539	8896297	1
5429950	1745332	1
4660276	4660256	1
5900454	5900449	1
11813583	11813584	2
11237290	11237289	2
7474824	7495686	1
6824132	6824131	1
2362635	2362636	1
7684503	7684533	2
12131897	12148353	1
3570729	3570730	1
7031953	7031954	1
7807108	7806998	2
7786865	7786128	1
8662124	8662123	2
10966522	10966521	3
10939595	10964390	1
2355010	2355009	3
633224	633221	1
8425547	8425557	2
2487394	2487393	2
10014430	9943863	4
6092489	5919298	1
7920860	7921288	2
12253485	12253486	2
1894209	1894210	1
8323904	8323901	1
178365	178366	2
3742517	3742518	2
7765867	7765868	1
4274125	4274126	1
2003781	2004599	1
9256977	9256978	1
7860747	6585471	2
5842451	5982829	1
8647102	8647099	1
6147739	6147740	1
430987	430988	7
10184103	10184104	1
3861985	3861986	1
8063514	8063511	1
12034679	12034680	3
3152921	3152922	1
11177223	11177224	1
9555848	9555847	2
4830372	4830371	2
10502187	10498376	1
882920	882917	2
6526862	6526861	2
3866732	3866727	1
12128226	12146444	2
3050558	3050557	1
8919354	8919825	2
5907424	5907457	1
4714060	4714059	1
3863305	3765141	1
12499302	12499247	2
6821609	6821610	8
8323900	8321880	2
203098	203037	1
9160994	9106961	5
4791700	4791697	1
621548	622480	1
8666389	8666390	1
10419771	10419772	3
10673245	10673246	1
10194894	10196611	1
7876442	7876439	1
7552825	7552826	4
4127881	4112058	5
5877519	5877520	1
8695530	8695525	1
4149995	4149996	1
12186019	12186291	1
8909278	8909265	1
10977426	10977425	2
11174986	412745	1
160100	9086429	1
8766204	8800217	2
5658095	5654917	1
12775455	12775456	1
10790220	10790219	2
10233411	10233401	1
5106155	5106145	2
8370516	8370496	1
9835337	9835342	1
8016453	8016419	1
10185147	10139382	1
10622450	10622449	2
10029165	10029166	3
3562851	3562852	3
7265109	7353228	1
4486947	4486948	4
2600812	2600811	1
8280583	8280791	1
7616612	7616611	1
10091189	10091190	1
7121243	7121244	2
5847887	5847888	2
6044409	6043944	1
7970235	7963088	1
6185053	6185054	2
1725320	1725319	2
6519895	6519896	2
10011429	10011430	1
6519897	6497232	2
6907743	6907744	2
5692826	5691657	1
8950121	8951440	2
11247948	11247947	1
681367	681368	1
6371831	6242178	1
11413324	11336979	1
5529948	5529947	1
9923599	9940954	1
1724473	1724474	1
5675566	5675427	1
5340686	5340623	2
4991544	4991530	1
7690917	7690918	1
11674398	11674397	2
8366998	8362269	1
5131	5132	1
7921793	7928194	3
2986433	2986425	1
4740711	4740712	1
825066	824938	1
7248375	7248418	1
12718823	12718742	1
8951789	8951790	1
2843522	2843521	3
11427005	11427006	2
5851436	5851433	1
5762511	5770666	1
6121370	6121369	1
8548438	8548437	2
8406674	8406673	1
11689207	11689200	1
11477225	11477134	4
10513038	10513037	1
10275889	10275890	1
11534134	11417836	1
8179167	8179168	1
3712643	3580266	1
3118111	3122540	4
12183963	12184029	3
7703769	7763192	1
6044088	6044085	1
9788850	9106621	1
6016826	6016823	2
10233345	10236002	3
6665178	6665177	2
8019878	7990965	1
10551329	10423995	1
10167335	10191689	1
10761615	10762714	1
5179846	5181865	1
414269	414270	1
8697282	8665075	1
8877137	8877142	1
3258641	3258619	1
10721716	10722155	2
12747938	12753366	1
2039669	2037541	3
9026764	8950642	1
6404799	6651980	1
6683585	6683586	1
12180535	12180461	1
5689184	5689183	1
10032132	10032129	2
1505181	1505310	2
10754294	10567686	3
952305	952321	1
8794023	8794024	5
696027	687763	1
12491431	12491432	2
9819472	9819471	4
9942628	9942605	1
2904919	2904920	1
808776	808754	1
7818188	7814024	1
8756954	8756953	1
7773493	7773494	4
272675	130867	1
7074106	7074126	1
5884629	5884630	1
10622320	10622319	1
2209934	7981140	3
10328772	10328792	3
2757632	2757707	1
4086534	4086625	1
1986259	1986260	1
5374035	5374036	1
7940931	7940932	1
4189386	4330750	1
5869358	5869395	1
9592288	9599962	1
1062494	1062493	1
11412805	11412808	2
3477968	3477990	1
1450054	1450065	2
5950116	5949842	1
8353350	8349311	4
9940810	9931360	1
2746747	2747324	1
2423850	2423814	1
6519104	6321872	1
8991140	8991139	1
8156640	8156359	1
6250078	6250077	4
11558708	11559091	7
6762421	6762426	1
9884514	9884627	4
6178175	6178176	3
4984089	4984090	1
7152013	7151262	1
3511492	3511412	1
6787188	6787187	1
5312729	5312753	3
4536174	4608994	4
10453555	10453716	3
8258223	8258194	1
11627194	11627163	2
8629650	7446440	1
7495315	7495316	1
7844082	7844081	1
10456105	10456106	3
11800026	11800054	1
9008254	9009301	4
9931020	9931019	1
374177	374178	2
6640823	6640824	1
8710049	8702663	1
7406431	7406436	3
8956769	8961137	2
8204894	8204893	3
10479015	10478964	1
5597493	5525496	1
3580265	3580266	1
3038898	3038917	2
117546	99121	2
2757420	2757419	2
6524781	6491027	1
6081978	6081977	1
10173878	10168934	4
3942122	3942121	1
6189491	6189492	2
4032455	3931983	2
8877384	8877383	1
8295469	8295470	1
9810975	9855704	2
5576351	5576354	1
7962010	7961874	1
12678406	12678405	1
1561630	1554429	2
5981780	5814050	3
83136	244328	2
7976592	7975580	1
7954718	7953820	2
8902738	8654541	1
5845072	5845071	2
5508436	5508469	1
10132463	10121434	1
11805524	11805523	1
9357664	9357630	1
4551020	4551019	2
10888457	10888458	2
6102139	6102140	1
3470699	3467999	1
2964636	2964603	1
6427368	6427367	2
8645254	8645232	2
6605685	6605686	1
7446438	7446435	2
10290324	10274902	1
3237196	3268273	4
10233627	10233630	2
3974000	3973999	2
9185478	9185501	1
1371210	1371167	1
5247405	5247370	3
9946734	9858705	2
1662276	9168988	1
2414107	804369	1
8410724	8412371	2
6607049	6611211	1
9885300	9872211	1
1517561	1252807	1
3709019	3709078	1
4791698	4791697	2
5589970	5589969	1
7916845	7916846	1
7699800	7686742	1
8440253	8440266	1
8708898	8708897	2
11166517	11166518	1
11473095	11472387	1
670431	670586	2
12664097	12664098	1
2873905	2873906	1
6197583	6197584	5
7460459	7460462	1
2200169	2200170	2
12798489	12797806	1
12453642	12453634	1
8614958	8614957	1
8710473	8749064	2
8756699	8748808	1
4958862	4958861	2
6121715	6121716	1
11662612	11662598	1
5657546	5657545	2
202339	306797	1
12035163	12035164	1
5490037	5490040	1
8700408	8700405	1
3519511	3519512	1
11508986	11508933	1
4758860	4758859	1
2464060	2465356	1
7999488	7951757	1
8551069	8557182	1
6506484	6506483	1
6495523	6494373	1
11554364	11554212	1
8756929	2300616	3
10589224	10589050	1
641794	641793	1
11202579	11202452	2
8046950	10047653	2
828574	828573	1
8476602	8476601	3
7437413	7437414	1
12167548	12165446	1
2000455	2000481	1
4103539	4103540	4
2321424	2321396	2
9691751	9691777	1
1252996	1252995	1
2414800	2414799	2
845511	845416	1
13097	13098	1
8687143	8687144	2
1695725	1695726	1
1048979	1048980	1
11819181	11819176	1
11181479	11181397	1
5472442	5472479	1
10288611	10273473	1
4700	4756	1
11186488	11186435	3
5842469	5842470	3
11080134	11079238	1
875053	874869	1
12230257	12230258	2
4589895	4504076	1
8762091	8762092	2
7104116	7104115	2
7105487	7105488	2
9359816	9554590	2
2409035	2409036	2
12633897	12633898	6
2050227	2050232	1
11502433	11633435	1
7048758	7048756	2
1291822	1291821	2
3235800	3235799	7
10049488	10049487	2
10072473	10072474	1
8886814	8847752	1
7658254	7651480	1
9157534	9157533	2
1269977	8999440	1
6710430	6710481	2
7075191	7075192	1
6158039	6158040	1
5327760	5327779	1
11472795	11472796	5
2131833	2120753	1
10156218	10156217	2
2324916	2324915	1
7781630	7781627	2
6101558	6101553	1
1456062	1457126	1
4093753	4093754	1
12307554	12307549	1
4867695	4867696	2
7718508	7718515	1
1437057	1437058	1
7184380	7184379	1
2183785	9999864	1
10180110	10180105	1
9806604	9806601	2
5782215	5782225	1
8964882	8964879	1
6016822	6016821	4
12417911	12417912	2
10044895	10050594	1
10113948	10011510	2
9928366	9928365	1
2773581	2861373	1
12543149	12529767	1
8674877	8633382	1
9688086	9688085	1
6496557	6496312	2
4358277	4358278	2
7446343	7446344	1
11372898	11372763	2
10017949	10017952	1
2386633	2386634	2
4684180	4684179	1
5487492	5487491	1
11360660	11734148	1
2932438	2932437	1
10753489	10754000	1
111112	111111	2
11383657	11383658	2
7019059	7018999	1
2902565	2902572	2
4535341	4678049	3
5580752	5580749	1
6587605	6587608	1
10051189	5429395	1
2770650	2770633	1
12317057	12317058	1
7931154	7931153	3
7237502	7237501	1
2925037	2925038	4
4178465	4210854	1
3866728	3866727	1
6503431	6503432	1
7932902	7932901	1
1540750	1540722	2
4283475	4283423	1
2948681	2948682	4
485377	485382	1
5966440	5965919	2
10602724	10476073	2
5859631	3376233	1
3187880	3187879	1
11268806	11273103	1
11225	11226	2
6275290	6275480	1
6198328	6198325	1
1297910	1498256	3
8827152	8827151	2
6180845	6180663	1
7713611	7713612	2
2631905	2629194	2
7241026	7241025	2
5694551	5694760	2
7537506	7537505	1
7472396	7468709	1
1057151	1302433	1
8163266	8163261	1
7518079	7518080	3
11174349	11174350	2
4305086	4305085	1
11345910	11361412	3
6402193	6404691	3
9474837	9474421	1
4543468	4543467	1
6580479	6580503	1
2897029	2855984	2
2776007	2776008	2
7530173	7524357	1
9841212	9841211	2
10275468	1659232	1
4515332	4514594	1
11682859	11682902	1
8378078	8378077	1
1390345	1390346	1
3266649	3266650	1
7895635	7895584	1
6673495	6673496	1
6653160	6653159	4
2353280	1960914	2
7630365	7630366	1
12338634	12338631	1
8998787	8958802	1
8732357	8732377	1
7536612	7525193	2
10181125	10181126	1
6029955	6029956	2
10129036	10129033	1
12606983	12606973	2
570234	570233	1
5699700	5699676	1
11005835	11005836	2
3372248	3372232	2
12485979	12485982	1
12458331	12458332	4
5558833	5559055	1
11694815	5056278	2
9911424	9975406	1
9862035	9859238	1
2304679	2258237	2
11193060	9260394	1
6950516	6938272	1
1836045	1836046	1
10080012	10189749	1
8903495	8903496	1
5511723	5511726	1
5134708	5134690	3
8543839	8543840	1
3450197	3450198	1
8239898	8239897	3
7515355	7515358	4
1446614	1446613	1
3529632	3529627	1
8887350	8887349	4
5115876	5118430	1
2875701	2724674	1
2420586	2420585	1
11433864	11433863	1
4406196	4406195	2
3627907	3627908	1
4164058	4164073	1
9238958	9239235	3
10257902	10257905	1
3422680	3422679	3
7327565	7323824	2
8908417	8908418	2
10124087	10124088	1
4032453	4032454	3
2334234	2334166	2
8686930	8692106	1
7520147	7522009	1
5318588	5318587	1
11637177	11637178	1
3928348	3928243	1
8891047	8891132	1
9935021	9932913	1
8753686	8673915	2
11372652	11372651	1
288729	288730	2
10205891	10205892	3
12670752	12680281	2
3489231	3489234	1
7521003	7521004	1
1875732	1875731	1
324122	220433	1
7787269	7781941	2
12208495	12208496	1
10441876	10441884	1
7860466	7860465	1
11889586	11889595	2
420764	420763	5
8007246	8007245	2
9892916	9888282	1
8577948	8577947	3
7524917	7524918	2
12531621	12531484	2
8371954	8371953	2
900713	900714	1
9816459	9816462	2
10701739	10701763	2
4583129	4583376	1
1457341	1457317	1
6255811	6255812	2
4297955	4297956	1
10003143	10003144	1
9536321	9536322	1
6148887	6148888	1
2017623	2017624	1
11217644	11217641	1
4736793	4736794	4
11302483	11302484	1
3061884	3061883	1
10808184	10806142	1
8019162	8019161	2
10387419	10387420	2
10463232	10465224	2
2094326	2094325	1
10426858	10426857	1
978493	978463	1
6413188	6413167	1
9023668	9023667	1
9482493	9482494	1
504916	504915	1
2328461	2296743	3
9646109	9646106	1
2386095	2386085	1
4574101	1076821	1
4687592	4687587	3
8757224	8757221	1
2855985	2855998	2
10666003	10661622	2
10399556	10399888	1
8827775	8827776	1
7995665	7995666	1
7885929	7885930	1
5979721	6004362	2
2201012	2200980	1
10172229	11434605	1
10629752	10629749	1
2226305	2226306	1
4391816	4391815	3
4160014	4160020	1
2086896	2077107	4
12808089	12808090	1
3893420	3893419	1
5756213	5755970	1
953717	953750	2
9571302	9571333	2
6101018	6101223	1
9169030	9169029	1
3715732	3715745	2
8148746	8148771	2
4370240	4370239	1
10264562	10264561	3
3557714	3557701	1
11694884	11660462	1
754184	754181	3
2782965	2782966	2
11192457	11192523	1
6571605	6548655	1
3530387	3530390	2
7505070	7505057	2
5565981	5565982	1
7241028	7241027	3
6858610	6858609	1
7773803	7773804	1
11360106	11360117	3
4112126	4112504	1
516487	516499	1
7850510	7793391	1
8287110	8287109	2
6436657	6436653	3
10511741	10608843	1
5910304	5910303	1
8579072	8579071	1
1257677	1257678	3
5253125	5253126	3
1295262	1579481	1
6870613	6870555	2
1911646	1911645	1
8289961	8287088	1
1643871	1643872	1
6068272	6068248	1
3275142	10824186	1
5056526	5056368	1
8950337	9052860	1
5339148	5339147	2
8881868	8881867	1
10014430	9943861	2
1801828	1801827	2
6599896	6761552	1
11340119	1721456	1
7412677	8485662	1
2980701	614150	3
7912710	7912111	1
800403	800404	3
945474	945473	1
3661950	3661921	1
11719793	11719794	1
4182734	4182733	2
6197585	6197586	4
7935911	7936938	1
10941258	10941257	2
3709169	3708913	1
8921980	8921961	1
2321426	2321425	2
7088111	7088114	2
9174860	9185743	2
9921960	9932492	1
4668517	4668518	4
7640515	7622413	1
7745588	7745587	4
1506761	1506762	1
7806999	7807000	1
1994334	1933954	1
12571365	12571366	2
12759862	12759861	1
131482	131491	1
6313304	6313303	1
11718653	11730370	1
8588081	8588044	1
7850492	7850491	3
8839200	8839203	1
109111	109114	2
8491716	8490423	1
5856540	5856539	2
11453181	11350658	2
7621738	7621737	1
1574635	1574638	1
11907660	11907621	1
829279	829406	2
9109174	9109173	1
7809723	7752406	1
8566004	8566365	1
10319786	10319766	1
6752091	6752092	1
8948496	8948495	2
7469311	7480848	1
5848818	5848817	2
2868815	2642918	1
8226494	8226493	1
9477613	9477635	1
1360546	1524865	1
9343658	9343631	1
10918834	10918842	1
8231569	8231570	2
8960986	8973915	2
5693085	5693086	1
8486416	8486415	1
11831371	11831372	3
8558510	10531621	1
6916780	6916779	1
7987830	7974887	1
7586760	7586759	2
11162850	11162710	1
8814972	8814971	1
784834	784833	2
4699836	4699835	2
10602722	10476073	2
8010497	8010500	1
1255801	1255761	1
9747129	9794953	2
3400059	3400060	2
10215392	10215391	1
8790270	8790344	2
5531328	5531327	3
9145134	9144961	1
2744120	2744108	1
3210563	3210564	3
3627909	3627867	1
3574152	3574245	2
8015378	8015868	3
7437359	6768319	1
11819181	11819182	2
5370909	5370799	4
11819183	11819176	3
4704478	4704477	2
9804398	9804423	1
1677647	1677648	1
194011	194014	1
8647106	8647103	2
3387787	3259571	1
7950328	7925085	1
10419773	10419767	3
77015	76969	1
9993407	9993408	1
8063434	8064366	1
11187380	11187379	1
7744816	7744761	1
7579824	7579823	1
421599	421602	2
8506538	8506905	1
10375585	10477618	1
9179433	9178688	5
3271896	3271895	3
10010727	9938710	1
2887520	2887519	1
5544628	5544627	3
10145527	10145528	2
12748789	12748790	2
11991131	11990917	3
9780612	9780611	1
5755238	5755436	1
6284745	6284746	1
8984498	8674864	1
6678856	6678855	4
11609566	11609565	3
12779552	12779551	1
2180802	2199521	1
174446	174445	1
12385670	12385649	3
7481515	7481516	2
7770786	7770778	2
7186135	7186160	3
4600236	4600233	1
6102373	6102397	3
11278047	11277306	1
1458201	1458202	1
9031815	9031816	1
9156539	9156540	2
7821893	7821914	1
3438121	3438122	2
6339711	6339712	3
5122819	5122820	1
6751025	6751026	2
2680610	2680609	3
6735133	6735136	1
10465767	10465768	1
3737243	3737201	3
11760591	11760592	1
5887555	5887558	1
7617397	7617865	1
6994064	6994050	1
668500	208048	1
10310808	10310807	2
11625085	11625086	2
5821913	5821914	1
10622711	10622865	2
10264560	10264557	1
2948679	2948680	4
10673091	10671245	1
8696172	8696169	1
566977	562502	1
7471179	7471180	4
7703114	7699707	1
12684829	12684830	1
9340005	9340008	1
1414405	1414393	1
9787427	9787428	1
290350	6070477	4
2126904	2126903	1
1150269	1151460	1
5763366	5763364	3
1232934	1232921	2
10052645	10052368	1
2896055	2896052	2
7653711	7626240	1
101267	101268	1
9261825	9261828	1
2226272	10265453	1
5914510	5910843	1
9972802	9979656	1
784836	784833	1
1257784	1257781	1
80829	59534	2
4799074	4802080	1
6485491	6485492	1
1100009	1100010	1
5042431	5042432	5
889673	889674	3
1506763	1506764	1
6614763	6614764	2
3487138	3487351	1
7458869	7458870	3
7756619	7756620	1
8758172	8758175	1
12478140	12478139	2
9008936	9008935	1
8424391	8424382	1
4291956	4740715	2
9003141	9004878	2
9107514	9138739	1
4039982	4039946	3
754182	754181	1
8158960	8158988	1
7976208	7989349	2
2160078	2160077	1
7904330	7904329	1
1541793	1279004	3
5145016	5145015	1
7640231	7640258	4
9179112	9175972	2
10801900	10801867	1
9565373	9565374	1
7782638	7787635	1
3609782	3611851	1
2412329	2466274	1
692171	692193	2
10591572	10591570	3
9136933	9137167	1
5338872	5338871	1
489829	489832	1
7709148	7709087	2
8441041	8440997	1
5635707	5697370	2
7546915	7546781	1
951746	951745	1
8623666	8623665	1
9990630	10008129	2
7885933	7885934	3
11409611	11409651	1
1154291	1154287	1
2616935	2616936	1
11221104	11221103	1
2335603	2396665	1
9101293	9101296	1
8280585	8280791	1
2812600	2812581	4
9154380	4649844	2
2669099	2669300	1
7658616	7658615	1
425618	432489	2
5471419	5471420	1
945472	2505486	1
6918098	6918219	1
8985560	8985559	1
848875	848897	1
7639316	7639315	1
7909084	7909083	5
11868056	11867339	2
10449715	6119788	1
10191366	10191360	1
7780980	7794912	1
9278951	1584650	1
3315573	3315575	1
1502518	1504710	1
6775406	6775405	2
4690701	4690702	1
7494784	7549518	1
5584877	5585936	1
8484632	8484631	1
2212092	2212091	6
9143227	9143228	1
2855999	2856000	2
1578047	1835919	3
10972320	10972319	1
7298940	7298943	3
564672	565041	2
1804572	1802629	1
8640315	8640318	2
7918199	7918200	1
3234961	3234962	2
7868203	7868206	1
5217757	5217758	1
3318060	3318370	1
9868662	9868659	1
5245495	5245496	1
11514830	11514951	3
9856833	9859642	1
7723728	7723623	1
8395636	8395687	1
9051660	9051659	3
11459632	11456156	1
8347404	8347403	2
7952397	7952398	1
9475779	9526156	1
12728756	12728755	2
2808871	2808872	1
5998414	5998413	2
6348861	11359869	1
7150366	7150365	1
7595181	7595182	1
6550252	6550220	3
10057994	10080814	2
7446373	7446343	2
6636864	6636867	1
5503976	5208275	1
9340486	9340485	1
7867785	7867802	1
7212921	7212922	1
11486511	11486512	1
5373930	5364387	1
3948223	3948226	1
1804373	1804374	1
6582940	6580478	1
2475327	2474275	1
7860624	7860623	1
8730846	8730451	1
11192727	11192731	1
10626230	10627673	1
3934015	3934016	1
7088090	7088089	1
8672150	8672149	2
8907865	8992960	2
6050440	5816979	1
8213498	8061770	3
10061669	10061670	1
2840940	2840937	1
4029831	4029821	1
10310812	10310809	2
329806	329805	1
10096948	10096947	2
11181396	11181393	2
1075620	1075619	2
655063	655069	2
7722019	7722020	1
2782967	2782968	1
3712643	3580264	1
4819357	4819358	1
73342	109409	1
7859005	7858867	1
8824930	10890240	1
552968	537630	5
2177159	2177160	1
6777303	6777304	1
1489068	1489067	3
1334600	1411548	1
5280887	5280888	3
11903158	11903123	1
6894382	6894381	1
2669243	2814503	1
3489565	3485090	1
5649041	5693314	3
1950804	1906545	2
799793	1930992	1
6780925	6780926	3
2304677	2304678	2
7377384	7378066	1
8897272	8866725	1
10082651	10249649	1
827929	953643	2
5597476	5597475	1
8979023	8979024	2
6229683	6229615	2
1779401	1779403	1
4750722	4744717	1
6358250	6358325	2
1032266	1032271	1
5348109	5348133	2
915679	915680	1
9006709	9006710	3
3352907	3353428	1
5872644	5872643	1
3743146	3743145	1
10801900	10801869	1
7784364	7765296	1
2444078	2446206	1
5823659	5823660	1
3918248	3918245	1
5710446	5708591	1
8447308	8455425	1
2830198	2829600	1
8109389	8109390	1
10380509	10380510	1
11614745	11616408	1
1315705	1524750	1
8249194	8249193	4
9190765	9190766	3
4029507	3907723	1
6124803	6184409	2
2049466	2049469	1
5271361	5271364	2
1789020	1789019	3
8663962	8640521	1
7531238	7532965	1
12646291	12646294	1
1444987	1624575	2
4567403	1854769	1
8831061	8831062	2
449654	449651	2
3042045	3082953	1
10166746	10166745	3
870459	3103408	1
5248824	5248821	2
754184	754183	1
8771577	8763037	1
1018121	10703668	1
1232184	1231571	2
1326495	1326516	1
9047252	9048109	1
7503611	7640318	1
10684641	10683677	1
9127931	9127932	1
8054118	8054117	4
6086147	6086172	1
10222500	10222499	4
824980	824979	1
3700151	3700154	1
2377779	2377780	1
11115160	11115159	3
5925724	5925721	1
4085127	4085128	2
6198326	6198325	1
8972729	8972732	1
5363520	5363517	1
7886040	7886039	3
11030192	11030191	1
8102384	8102383	1
10217353	10144268	1
7811889	7811890	1
4737186	4737141	1
6685692	6796018	2
7889648	7879057	3
9925525	9925528	1
10148701	10148067	2
8827798	8827774	1
1200143	11955830	2
7903536	7903533	1
7573101	7573106	3
5211357	5569704	1
5053469	5053470	3
633174	633173	1
10190987	10190988	1
9194659	9192110	1
8443224	8423473	2
7624606	7624605	3
2845545	2845548	3
3228515	3228516	1
6100040	6182076	1
10896071	10896074	1
8606422	8606417	2
7767689	7767690	2
5301152	5397260	1
7859394	7859393	2
6305162	6305161	1
10087237	10136453	1
11755497	11755498	1
10230986	10230985	3
3117182	3116717	1
7468770	7478194	1
72812	72811	1
6516619	6516624	1
8065610	8065646	1
2419621	2419622	2
7787268	7787267	1
11960708	11960707	3
7483825	7483826	2
9293952	9293938	1
7885931	7885932	2
8052020	8047464	2
3289995	7524918	1
6851454	6851698	1
1175141	1175142	1
8756954	8756951	2
2467394	2465231	1
983925	976157	1
9268507	9268508	1
6297816	6297815	1
7832135	7832590	1
12119346	12119345	3
1164248	1164247	1
7527082	7527081	2
5119997	5119988	1
22440	114718	1
11909728	11909727	1
2782075	2780896	1
720917	419419	1
1836047	1836048	1
3049034	3049013	1
7931152	7906133	4
7187299	6177412	1
10288010	10288009	1
6653158	6657598	2
12165828	12165827	1
681365	681366	2
9079394	9079393	2
9007475	9007480	1
6212337	6212338	1
9907931	9907934	1
4116978	4116977	1
10296368	10297259	1
625787	625788	2
1574637	1574638	1
7763673	7763674	1
8993176	8994936	1
5698355	5698299	1
11042853	11105108	1
7504100	7504051	1
4709374	4709373	2
4819032	4819029	2
787029	787030	1
1577151	1577152	1
10585122	10585166	1
8735576	8735609	2
9007473	9007474	2
5205185	5205186	1
3011289	2999857	1
3169611	3169612	1
9907363	9907433	1
7558812	7651968	3
6472976	6473247	1
11458649	11458650	3
7936908	7936907	2
7200277	7200278	5
7369491	7369492	2
6759254	6759151	2
2950939	2950952	1
10948138	10948149	2
6816399	6816400	2
1601126	1601125	4
1501336	1501335	3
2144264	2144263	2
11753294	11753244	1
1423435	1423436	2
10255417	10255418	3
750642	750641	1
9750272	9750271	1
7515359	7515362	1
11705253	11705254	2
8756952	8756951	1
9990793	9990864	1
6671431	6671441	2
8153404	8153403	3
1152801	1022119	1
10170216	10170215	1
7880999	7938187	2
445367	437179	1
7859483	7859484	3
2495966	2495971	1
2251130	2251129	2
10138032	10094296	1
2688209	2857786	1
6683583	6683584	1
11574534	11574531	1
7154318	7154317	3
509716	511219	2
9838200	9838197	1
4300012	4300064	1
8048414	8117915	1
11843273	11843931	1
9867906	9867915	1
8791973	8792708	1
10027438	10025287	4
6080556	6080555	1
7446300	7446297	2
9760035	9761936	1
6678854	6678849	1
1582422	1582421	2
12260304	12260301	1
10797455	10798091	2
2772786	2772960	1
157283	158040	1
10088278	10088277	2
11753296	11753295	1
10328476	10328475	2
7964549	2118698	1
4881312	4881311	1
4838212	4838211	2
6250688	6250706	1
7497726	7497725	2
3674366	3674365	2
9640889	9640890	2
4705050	4705018	1
2584834	2584847	3
2457346	2421458	2
7458027	7458072	1
9149999	9150000	2
7991684	8004662	1
625791	625327	1
7817066	7784937	3
8183783	8183708	1
2549228	2549350	1
7669757	7615551	1
908555	909795	1
6440398	6440197	1
2895680	2885852	2
11853476	11853529	2
4776684	4776636	3
478738	478698	1
8999926	8999933	1
5429541	10393637	1
8682110	8749357	1
11892809	11892657	2
6525638	6526276	5
12657461	12657462	1
3683371	3683263	1
2368441	2615994	4
6470270	6470267	1
421601	421602	1
9542412	9542411	2
1845028	1845027	2
5959581	5959582	4
8794770	8797251	1
2970981	2940745	1
10493978	10493977	2
10241982	10241974	1
9924407	9924408	2
8272404	8272700	3
9076410	9074858	1
6157237	6161006	2
8312687	8312688	1
9466271	9466272	1
4486939	4486942	2
318261	317048	2
7007129	8192250	2
3105275	3104203	5
10279346	10233937	3
12715779	12715707	1
7708579	7708592	1
6655587	6657637	1
825066	824940	1
10117051	10117054	1
7479833	7479664	1
10091672	10091677	3
8390682	8392098	1
2597322	2603290	3
11086299	11086300	1
7537174	7535689	1
36843	38598	2
5748150	5748149	2
10460098	10460097	1
8708896	8701883	1
3829662	3524263	2
5913485	5917820	1
7979183	7979188	1
11397468	11398204	3
8681264	8681263	2
11794468	11800366	1
6575672	6575879	1
9883534	9883531	1
11799676	11799669	3
6755004	6755006	1
9042095	9045407	1
7394337	7394340	2
5053756	5053755	1
864095	864096	2
7468303	7468298	1
11804749	11804750	2
7923955	7923956	3
2620397	2497759	1
2855985	2856000	1
8580067	8580068	5
10488692	10488681	2
7850512	7850511	2
10493857	10493858	2
12291303	12291322	2
3007098	2869502	1
7738945	7794835	1
711732	711731	3
4153654	4153611	1
2076241	2076246	1
10093552	10077338	2
7929697	7929698	1
768673	768895	1
6775492	6775407	2
4602196	4600956	1
11643998	11643908	1
4828845	4828948	3
8704921	8704922	2
9061543	9061544	1
9983182	10132804	2
5701613	5701614	3
9107762	9107761	1
6641468	6641467	1
8581720	4827065	1
4120664	4120663	1
11481933	11481934	1
10177268	10177275	1
6079639	6079640	4
2475676	2475675	2
5427945	5427946	4
3139463	3139459	1
7655896	7655893	1
11617923	11617924	2
12020293	12020294	2
3286206	3286218	3
7516162	7516182	1
10285881	10285882	4
11076467	3218087	1
7551951	7552126	2
1644923	1644119	1
8749462	8749461	1
7153601	7153602	1
11367877	11367734	2
10525296	10525295	1
1669077	1669078	1
1608786	1608809	1
3672692	3666119	3
2115324	235309	1
6536959	6536995	1
7154469	7154521	2
6651490	6589677	1
4298418	4298377	1
10013177	10117412	1
7602769	7602774	1
7392944	7393184	1
8043722	8043692	3
8775084	8775083	5
8977054	8981342	1
1597707	1597708	2
7921970	7921969	1
7818185	7818186	3
7398935	7383481	1
5767721	5767722	1
5689184	5689181	2
8254661	8231376	1
10266024	10266021	1
12167556	12167555	2
10250750	10250749	1
6481746	6481813	1
306609	306610	1
3146786	3116056	1
4846581	4846582	3
10417383	10420065	1
8877141	8877142	1
762438	874709	3
10289673	10230595	1
5326733	5328203	1
11654369	11654372	3
9152846	9151238	2
7039876	7039838	3
4791279	4791771	1
7222727	7222728	1
6662493	6661864	1
5714424	5714423	2
672211	672212	2
4868520	4859602	3
6563519	6563520	1
5852444	5852443	1
12500434	12500433	1
3473159	3473160	1
2923838	2890203	2
9817688	9817687	1
173421	173422	1
11702957	11702960	1
10740991	10741093	3
12053997	5854720	1
11188614	11188613	2
11959807	11959808	2
8407420	8407371	2
11470356	11470355	2
6187077	6187064	2
9278554	9277429	1
597907	597908	2
11933729	11933730	1
8730269	8773187	1
10181193	10181194	1
6821611	6821614	3
6198328	6198327	1
8686316	8686315	1
6837859	6837860	3
5101832	5101395	1
7337315	7338924	1
11905059	9856600	1
8547238	8547237	1
6898495	9966315	1
360591	362317	5
11302479	11302480	2
11891797	11891798	1
2469359	2469360	1
10904249	10904250	1
11208852	11208849	1
8703105	8703106	1
2622782	2623014	1
11382098	11382097	1
2262564	2413671	1
1655758	1643872	1
1107033	1104954	1
7934675	7934676	3
11414189	11414169	1
2997871	11224438	2
10613429	10613430	1
7868094	7868093	4
927843	927834	1
8157222	8157256	1
3460462	3460459	2
4227391	4227396	1
5425664	5425407	1
7624780	7624882	2
4096491	4096492	3
6718413	6718414	1
10264790	10264789	1
5092528	5092527	1
10747467	10747468	1
7841390	7841378	1
3487138	3487135	2
3544203	3562850	3
9061022	9061017	1
12369450	12369449	2
10166750	10166745	2
9874560	9874557	1
7504100	7504053	1
7218166	7219745	1
3780584	3780581	1
12151531	12152065	1
2530415	2530416	2
3734844	3734837	2
5698856	5698855	1
228662	467758	1
7925288	7925287	1
7643632	7643629	1
5206888	5206885	1
11749093	11749094	1
7596080	6873389	1
896285	896286	1
12574642	12574641	1
2330897	2434841	4
2754680	2754679	4
12512908	12512905	3
12604887	12611260	1
2553356	2555795	1
7603792	7603795	1
4810811	4810812	1
641788	641820	1
7725692	7718643	1
8762093	8762094	1
9030898	9030847	4
6786641	6794131	1
7932184	7932183	1
7990031	7990032	2
11490769	11475422	1
34996	34995	2
7973058	7972222	2
12309102	12311453	1
6255040	6255284	1
7061452	7061451	3
4308935	4308936	1
7448553	7447321	1
705538	705535	1
11882037	11882038	2
7756382	7819038	1
7520975	7520976	1
4224645	4322602	1
6677817	6677918	1
5655930	5655929	1
7656773	7656774	2
5185622	5185621	1
8788276	7449102	2
40141	394460	1
8677098	120951	1
10208714	10212306	3
5747959	5748130	1
3536887	3536891	3
4596557	4596558	2
6292380	6292379	1
11305753	11305754	3
11356374	11356339	3
5991024	5991023	1
3558699	3558700	1
12463673	12463676	2
10120598	10120595	1
11098117	11043445	1
4584301	4584302	1
2361889	2361892	1
6214209	6214210	2
5102418	5102417	2
12243550	12234845	1
3787886	3787885	1
356746	1669029	1
3332028	3332027	1
2091382	2091381	1
8440267	8439028	1
873869	873861	1
9718956	9798189	2
850342	850341	3
6297797	6297798	1
5859943	5859944	2
7725696	7725693	1
7893340	7896646	3
12386113	12386114	1
5511723	5511724	2
10316674	10316695	2
10885928	10885927	2
12720501	12720506	1
5672912	5672911	3
8682854	8682916	1
10094500	10094499	4
3640184	3640183	1
5633747	5633847	2
8769038	8769037	1
3852700	3852699	1
7917345	7917346	3
5972733	5969703	1
2527494	2527493	1
8741437	8741440	2
7539801	7546406	1
3358905	3358895	1
1600887	1633143	1
6762425	6762426	2
161291	161292	1
10049803	10049804	1
11406365	11310678	1
2992900	2990182	1
6370004	6370003	1
5819726	5822251	1
6048059	6048060	2
1362943	11632111	2
7458025	7458026	1
9573689	9573690	2
9931523	9931524	1
11771517	11828084	1
3886707	3886710	1
2947653	2947739	1
8051448	8197863	3
7941287	7995272	1
10192147	10214447	1
6587257	6587278	3
6467769	6467770	1
7920863	7929696	2
1433666	1433665	1
2142510	2142509	3
5134710	5134709	4
7875973	7875976	2
169939	169940	1
7250815	7250797	1
7940596	7940595	1
11801403	11801404	1
9823275	9823276	1
7462649	7462776	3
5548245	5548246	2
8786709	8786710	2
8971040	8971039	1
5521840	5543783	3
1499610	1499609	1
8980048	8973405	1
5016063	5016066	1
10017949	10017950	2
2591759	2591760	1
7553582	7553726	2
7066066	7066063	2
2287491	2287780	7
4117627	4117628	1
6100722	6100697	1
6628407	6628410	1
12022428	12022394	1
2295435	2295438	1
9104617	9104618	2
1586577	1586585	3
6159038	6159037	3
11728120	11728016	1
6847650	2258919	1
10065317	10065318	1
3487836	3488083	1
11319119	11319120	4
2592114	2592113	3
8625939	8625940	2
2318004	2318003	1
10159377	10159378	3
7555318	7555323	1
10120072	10120071	1
12645524	12645521	2
9052885	8950422	2
10767268	10767265	1
2196873	2196874	2
9091526	9107979	1
4006886	4006885	2
1450054	1450063	2
4105902	4105283	1
6032546	6032555	3
10200848	10200847	2
4498183	4499170	2
5757211	5757209	1
9182441	9182442	1
842927	842930	3
8723245	8722961	2
3537672	3537671	1
878983	878984	3
9566649	9566652	1
5693083	5693086	1
11280459	11280491	3
7556296	7485073	2
8896972	8896971	1
8206384	8206383	1
7646334	7646333	1
4127879	4127880	8
6641141	6553072	1
8154989	8154990	1
8889380	8889371	1
6964139	6964140	1
5114742	5114741	1
8765658	8765636	3
11936736	11936718	1
3761675	3761676	1
11607725	11607018	3
12409476	12409467	2
12521584	12521557	1
4681274	4681302	1
6190004	6190025	3
2307412	2307411	1
3698516	3698515	3
977163	11440679	1
5923519	5923520	1
7663469	7663470	2
7844080	7844079	1
12633899	12633900	6
8827148	8784961	5
9511839	9498813	2
9723053	9721667	1
6389317	6389320	2
1749069	1748809	1
2230264	2230259	1
4616679	4585482	3
12556573	12556574	2
4602860	4592580	1
2046777	2046736	1
10990754	10990751	1
10428033	10428026	1
5070758	5071038	1
11838996	11838656	2
10466475	10466476	1
5653725	5653726	1
1766472	1758994	3
3244228	3342834	1
7380956	7380951	1
6473512	6473511	1
9113345	9113036	2
6509645	6509650	1
9311469	9311576	3
9006711	9000210	2
2349666	2349665	1
3307623	3307624	1
7066066	7066065	1
3994142	3994139	1
8979017	8979024	1
4609489	4609490	1
10820672	10820671	1
1912324	1912323	1
7486671	7486674	2
11618461	11618462	2
11199383	11199384	1
7537568	7537567	3
6494073	6493823	1
6102714	6102709	1
12373172	12373171	4
8642880	8718373	1
8303028	8303027	2
9262992	9293939	1
11040084	11040081	1
11932382	11932746	1
7437463	7437464	1
1958979	1961808	1
1521045	1521048	2
10838891	10838892	3
12717087	3354283	1
10096787	10120351	1
5648827	5648828	1
11878643	11880564	1
3649536	3661053	1
5839121	5839122	1
9094012	9094011	2
8378076	8378075	2
8333952	8333942	1
7564891	8725945	1
10983684	10983705	1
7873253	6776659	1
10529669	10529788	1
7857654	7857765	1
5142747	5142748	2
12393157	12392910	1
6702863	6702864	1
5845074	5845073	1
5253124	5253133	2
12509951	12509957	2
2405376	2405867	1
5021755	5021493	2
1071170	1071169	1
8776424	8776423	2
2461048	2463014	1
7514277	7514278	1
4679146	4443478	2
8706399	8706402	1
7855487	7855006	1
9835341	9835342	1
2282119	2282120	2
9853968	9853965	2
7651972	7741889	2
1404730	1392097	1
12740700	12739892	1
10082343	10128094	1
1677645	1677646	2
4830435	4829733	1
10836897	10836902	2
11903646	11714503	1
3620141	3620142	1
5241552	5241562	1
7937245	7915411	1
607381	606069	1
11541248	11555719	1
84510	1858792	2
6059748	5944572	1
8043096	8043731	1
7296227	7296228	2
10535140	10535135	1
7153786	7153755	2
6445592	6445591	4
2811977	2811978	3
7457738	7529270	3
10589722	10753005	1
12693769	12693770	2
8467754	8467760	2
8735578	8735577	2
2178134	2178131	2
10259131	10259200	1
3018263	3018264	1
8966006	8966288	3
10414331	10414315	2
2956627	2956628	1
10561563	10561209	1
8310692	8310673	1
10648967	10648968	1
4144559	4144560	1
10067156	10067155	3
1123810	1123809	1
7529706	7529722	1
9476969	9477570	1
1511992	1511991	3
2638687	2638688	1
769630	769629	3
8937650	8937649	1
2107679	2107680	1
9174421	9174422	1
1531860	1531857	1
7457007	7452243	1
7394339	7394340	2
1292979	1293018	1
7312179	7312180	2
7584531	7546385	4
10246713	10246703	1
9906085	9906086	3
6173462	6173461	3
6832679	6829446	1
6302836	6302819	2
8883014	8883013	1
9462568	9462567	2
9771885	9771886	1
11650250	11650247	1
10003677	10003678	2
928952	928951	1
1236106	1236103	1
9143225	9143226	1
6469192	6469191	1
1747024	1747023	4
7276722	7272250	1
8158030	8158051	1
9851493	9851494	1
10103597	10103598	2
7694239	7694240	2
10357380	10352571	1
10244292	10244291	4
5016387	5016390	3
2835489	2835490	3
9818979	9820331	5
2556428	2556427	2
12165961	12165962	1
7582899	7586689	2
700207	700208	4
7323237	7426615	1
7485926	7485925	1
6979339	6979340	1
5707503	5707376	4
4250787	4250626	2
9699823	9699824	1
8545661	8538676	1
8834254	8830117	2
1571349	1571350	1
5815038	5819255	2
9077546	9077584	1
4701478	4701477	1
2017621	2017622	2
5643331	5643323	2
483243	515835	1
7759424	7759423	1
9359818	9554590	2
914729	925849	4
11519684	11519681	1
8017301	8012689	3
9836238	9836237	3
10310781	10310813	2
9607862	9607865	1
8869037	8869038	1
4946185	4946186	1
12276844	12157170	1
84897	114460	1
2006154	2005730	1
11142550	11142549	3
511859	511860	1
8323904	8321880	1
5900456	5900455	4
11792770	11788409	1
3528525	3528528	1
8794772	8794771	1
4185201	4185202	3
7499463	7499464	1
10778986	10779162	1
9593319	9632953	1
8536282	8536279	1
5580752	5580751	1
11618420	11618419	4
9174916	9116599	2
6401580	6652720	2
12314505	12314506	1
8540511	8540512	3
11195392	11194697	2
180545	180546	1
7175111	7956256	2
5533402	5533401	3
3248897	3248898	1
10387429	10387430	3
963824	963823	2
10361363	10361364	1
10036745	10036754	1
10066535	10066444	2
3137923	3138341	1
10634155	10634156	3
7427041	7427042	2
2349655	2349665	1
11392972	11392971	1
10229909	10170521	3
6466694	6451343	3
4688362	4687651	1
5629670	5629669	1
7863713	7868333	1
685097	685093	2
8690133	8690134	1
6144939	6164870	2
8656792	8656791	4
4425173	4597131	1
6762421	6762424	2
10150732	10091507	2
5202264	5517564	1
1521043	1521044	2
9868200	9868199	2
8268697	8268698	3
8432554	8433942	1
11967286	11967276	1
6145406	6138764	1
8876267	8876219	2
6623158	6623250	1
6088987	6088988	1
7496252	7496251	1
10244606	10244605	1
10165815	10133997	2
1202474	1202473	3
6552044	6552030	1
4752793	4752736	2
7088096	7088095	1
2753076	2753075	1
830974	828579	1
8679772	8679769	1
12279432	12279417	1
12567593	12567489	2
5120339	5120340	1
9324249	9320840	1
3956969	3956677	1
2127291	2127292	1
5327764	5327763	1
1265855	1265856	2
7369147	7369490	3
4486939	4486946	2
7437416	7437414	1
7394337	7394338	2
10698481	10698482	1
9940724	9914649	1
9635676	9635673	2
4121162	4121103	1
10087196	10101629	1
529013	467394	1
2953750	2953747	2
2313509	2313425	2
6533780	6416430	1
9718785	9718754	2
12737521	12737522	1
6599949	6599950	2
6516817	6516818	1
6582797	6667699	1
5495537	1058072	2
12545206	12545201	1
11175952	11175951	1
7605844	7605843	2
9177244	9087679	1
577985	577986	1
10257906	10257903	2
9475774	9476835	2
11571735	11571736	1
1543112	1543111	2
7733217	7733214	3
6831318	6831317	2
7997698	7997682	1
10171749	10171750	2
429523	429526	1
4926553	4926554	1
8534779	8438443	2
6178177	6178180	2
12233019	12233024	1
7649427	7649430	1
5106829	5106832	1
4339029	4339203	2
5346003	5346004	2
11464734	11464733	1
1283003	11383658	1
9059064	9059063	2
11830365	11830338	1
10930566	10930443	1
8793506	8793505	2
8546653	8546654	2
10222498	10220206	3
5191320	5196191	1
10008338	10045382	2
8850065	8859254	1
1463252	11525423	1
9760035	9761932	4
11198809	11198810	2
4817011	4817940	2
10265773	10245121	3
4061880	4061796	1
10566645	10566646	1
6251517	6251518	3
7123792	7123791	2
1844774	1845027	1
9999865	9999866	3
10541958	10545769	1
7074339	7051636	1
12605277	12605278	1
5233033	5233028	1
633220	633219	1
4062622	4062621	2
6849412	6902652	1
8718981	8718982	3
429525	429526	2
7990029	7990030	2
11789322	11789321	2
4603838	4603837	1
8222813	8222530	1
9944940	9929809	3
6532500	6532499	1
5749810	5749809	2
7618595	7618596	1
2191848	2191437	1
8371956	8371951	1
7269868	7269867	2
5294231	5294238	1
11637179	11637180	1
7448036	7449660	1
8201412	8201411	3
11427015	11427016	3
2377463	2377302	1
8166417	8160249	1
10170214	10170213	1
8179172	8178544	1
11094025	11094026	3
9178818	9176170	1
7427751	7427752	1
5746327	5746616	2
12565134	12571793	1
822867	822868	1
10338182	10338181	3
4477056	4477053	1
7202573	7202594	1
1999539	1995164	3
6255807	6255810	1
3413871	3413872	2
10052998	10052997	2
9945419	9945421	1
10294457	10302200	2
4070714	4070711	1
7438364	7438363	1
11909726	11909723	1
5104261	5104195	1
8722504	8722463	2
8803572	8803571	1
7742180	7740685	2
5314832	5344185	2
1337821	1370249	2
6155550	6165243	1
10117053	10117054	1
8020334	8020486	2
7875897	7875376	1
1562145	1607576	2
10718957	10718958	1
7562816	7562813	1
3476153	3476154	2
12212217	12212218	2
10211326	10211325	3
8761425	8761426	2
7269866	7270202	2
8961464	8961529	2
7763672	7763669	1
843287	843288	1
3778494	8290622	2
8719397	8719398	1
8199049	8199219	1
1723334	1738308	1
8749267	8749268	5
80276	80275	1
5282396	5282395	1
10270209	10222965	2
3963147	3963148	3
5494563	5494566	1
4482646	4482645	2
7608367	7607164	1
1097249	1097264	1
1265854	1265777	1
10016353	9901415	1
7338924	7343360	1
10233629	10233632	1
9410931	10888980	1
10392404	10392403	1
9030786	9007182	2
3357465	3357466	1
10182106	10230985	1
3513392	3513567	2
3458501	3471794	1
1023700	1026292	3
8991741	8991765	1
7053122	7002285	1
1601126	1601087	1
12562734	12562733	2
2059077	2122807	2
671685	671686	2
10323726	10323723	1
286115	286116	1
9078677	9081673	1
6139833	6139826	1
5117773	5117757	1
10095334	10089357	1
1536722	1538133	3
1060668	1060665	1
6231408	6231407	1
11400029	11400030	6
1624306	1543526	1
6792041	6792042	1
9835997	9839357	2
7942298	7942233	1
321574	321568	1
8023832	8023831	2
11762311	11762308	2
6537659	6537660	5
9133218	9145203	1
5396328	5396327	1
9046766	9046566	1
6837182	6836825	1
10651825	8613547	1
7991912	7991919	1
2129310	2129305	1
5699700	5699699	3
4830826	4830825	1
10666001	10661622	2
11042729	11042730	1
6702175	5787143	1
1511994	1511991	1
9235759	9231826	1
9917236	9917485	1
7973365	7973366	2
11655497	11357282	1
5505573	5507096	2
6954472	6954497	1
7694697	7764176	1
6339707	6339710	5
3702766	3702346	3
977645	10827141	1
2407093	2407087	1
5183047	5183048	3
5089139	5089140	3
4044284	4044281	1
9188834	9141363	1
1318153	1318154	1
8280583	8280584	1
773194	773191	2
6251517	6249181	1
11668425	11668426	6
7910780	7911186	2
7563360	7563359	1
6410335	6410569	1
8599410	8599730	1
1786311	1786202	1
111110	111109	1
881609	881403	1
5597555	5597556	1
2640524	2640523	2
8345520	8276670	1
9340003	9340004	3
8179172	8178542	1
7362032	7362038	1
5764840	5778681	1
699260	795326	1
2552409	2552410	1
8507144	8507143	2
8710839	8696698	1
1414875	1354037	1
9149999	9161827	1
7349001	7031952	2
2380349	2380643	4
10253609	10253612	1
1498862	1498861	2
1037240	1035784	2
11740589	11740590	1
5486755	5561326	1
9806535	9806732	1
12810837	12562992	1
3164103	3163036	1
8239556	8235172	1
5790196	5790195	2
8854722	8802037	1
11387634	11387987	4
10525294	10525289	2
627598	627652	1
4383606	4432887	1
5855927	5973505	3
5439193	5439202	1
12509956	12509955	2
12309102	12311455	3
955028	954989	1
2237953	2238421	1
10896073	10896074	1
6551093	6551094	1
11458645	11458648	2
9534067	9534068	1
10156216	10156215	1
8231656	8231655	1
7662548	7662547	1
10258416	10258415	1
423299	423300	2
3591365	3591366	2
7648938	7649842	1
11486509	11486510	1
1544053	1544033	1
9178663	9048459	1
1530951	1530954	2
12233025	12233014	3
11294434	11294433	5
7527509	7527512	1
9809171	9809172	1
3918886	3998280	1
7647794	7647165	1
7837825	7837690	1
7996140	7996139	3
127378	127377	1
9040791	9040792	3
4367246	9700882	1
9196536	9196541	1
10903110	10903109	1
3652142	3873105	6
5649161	5649162	4
2695972	2695971	1
8869035	8869036	1
5372606	5372605	2
268341	268342	1
11782128	11782133	2
9828323	9828324	2
12176132	12176131	1
1639027	1639028	1
7693405	7693428	1
2145230	2423213	2
3544795	3565954	2
2417069	2417070	2
5563109	5563110	1
9030900	9030899	3
364777	367347	3
6039660	6039659	2
3070784	6178095	1
9930067	9980374	1
3867913	3873498	1
6231410	6231409	1
10990864	10990861	1
11094038	11094037	2
8779319	8779320	1
1335605	1335598	1
1837120	1837119	1
8721928	173754	1
8688456	8688455	1
7105462	7105470	3
9109943	9109944	2
2076240	2070229	3
8456124	8456121	1
7450027	7450028	1
2343087	2343088	1
9492469	9492398	1
7891602	7894565	2
3807003	3807004	2
6720392	7532504	1
10710640	10710639	2
10277174	10277171	3
5353935	5348607	1
3753368	3753367	1
6922554	6922543	1
10120068	10120071	1
4213731	4213732	1
1894421	1894422	1
200654	200651	1
7023501	7050568	1
11214925	11214931	1
5574573	5574574	2
593591	589120	1
5773314	5773311	2
6521855	6521871	1
3027973	3032928	1
7553727	7553728	1
3251975	3322294	1
4707495	4706475	2
10197863	10197864	1
8962009	8962010	3
6766785	6766779	2
7273714	7273606	1
7449530	7449527	1
2201220	2201219	1
6028091	6025284	1
4876955	4876956	4
7481302	7520452	3
7148114	7148113	1
13084	13083	3
10037622	10037621	1
7549193	7549145	1
1260057	1260058	1
2245321	2245322	2
11470354	11470353	1
12200977	1244650	1
7953243	7942982	1
3016464	3019150	1
10919529	10919530	3
4310156	4310196	2
1240573	1240574	1
10085819	10085820	2
10069577	10109345	1
10178567	10178483	1
951744	951743	2
6314391	6314392	1
8224783	8224784	1
1528374	1528373	1
3454635	3454636	2
9181470	9181469	1
5217641	5255816	1
6329801	6329802	3
2187694	2187679	1
8466048	8466047	1
10302406	10302405	1
10482329	10408429	1
10989800	10989797	1
3567505	3567519	1
421652	421651	1
5228109	5228110	1
7680102	7680101	2
3477989	3477990	1
6829674	6827897	2
10482327	10408429	1
5493078	5493077	2
7370096	7370064	3
11816538	11800649	1
2785015	2785000	1
7830699	7830746	2
7897314	7897313	1
5701626	5701623	1
8280608	8280569	1
3495308	3494879	5
12325269	12325270	1
3250235	3250236	1
8782923	8763992	3
4875623	4875624	1
10565517	10565518	1
8897433	8891784	1
12410398	12410391	1
6120010	6120396	2
6134832	6134577	2
4753415	4753418	1
5779302	5779301	1
2580577	2580578	1
11878050	11760003	1
11513847	11513848	1
7689793	7689956	1
7947172	7946187	2
12425879	12493676	2
6766679	6766680	2
5521842	5521841	3
8677098	120949	2
10821569	10821572	1
669976	670077	1
9741584	9795913	2
6537661	6537666	1
602348	602328	2
4840231	4840232	2
6102373	6102401	1
10168090	10087408	2
5002696	5002695	1
9121037	9121038	2
2875752	2875751	1
12759624	12759623	6
8051450	8051449	4
7537174	7535687	3
5314730	5314722	1
2886258	2886257	1
51521	51522	2
3151172	3151174	1
7765892	7765807	1
4155407	4187659	1
6594585	6594586	2
8486361	8486362	1
11179730	11179729	5
10394688	10394687	1
11785548	11785545	3
8155016	8155015	1
8729376	8729350	1
8793737	8768827	1
2336983	2390396	3
9510072	9510716	1
8827148	8784959	2
866150	9719311	1
7448226	7454445	1
7992659	7992660	2
5089141	5089142	2
8950117	8844429	1
9826211	9826212	1
7338924	7338923	1
1308397	1308398	2
3735078	3735077	1
1569680	1093910	3
132079	132080	1
10043114	10043160	3
264027	264320	3
10278304	10278303	3
11110621	11110624	1
1175762	1175761	1
818421	818422	1
900711	900712	1
9770983	9771086	1
10713686	10713685	2
1531491	1531496	2
10132829	10216048	1
5502624	5503718	1
6594585	6594752	2
6661894	6661893	2
11217502	11217501	1
7288948	7288947	2
5772882	5772603	3
951739	951743	1
10671709	2226918	1
5082038	5082037	1
7941224	7940980	3
9296539	9296540	1
10418024	10613530	3
7927093	7927094	1
8381276	8377129	1
8886719	8847635	1
5535745	5535746	2
11158737	11158738	2
10054276	10054275	1
880144	880143	1
7338922	7343360	1
6820159	6841357	1
10218680	10207654	5
178759	178775	4
2558063	2558066	2
8871684	8872903	4
2050227	2050228	1
5021755	5021756	3
5544556	5544559	1
8897323	8984468	1
11674385	11674388	1
8025733	1874719	1
7966406	2339528	1
5139939	10552640	1
9051658	9054995	1
2528968	2529809	1
3267823	3267824	1
7543644	7543445	2
12158023	2724712	1
12655798	12651920	1
3237198	3237197	3
263236	263233	2
686524	686523	2
6897054	6896739	1
12405930	12405919	2
12561240	12561237	1
6379093	6379094	3
7916511	7916512	1
9060101	9060102	6
8636917	8636920	1
10263316	3627846	1
4023021	4023022	1
12548312	12737533	4
7483590	7483589	1
6574971	6575002	1
3280358	3280094	1
8646664	8646663	1
9047774	9047769	1
12047454	12047453	2
269672	228959	1
4700051	4808490	1
10525290	10525289	2
6065694	6065375	1
5350602	5350601	3
5421522	5421521	1
2463817	2463810	2
4544123	5438642	1
9049328	9061697	3
4377920	4378022	1
2569148	2569147	3
6363979	6363974	1
8622524	8622523	1
4677183	4677241	2
8017944	8017943	1
12643080	12643060	1
10652265	10652266	1
1233256	1233255	2
5747513	5789215	1
2656587	2656588	1
10077991	10077992	1
8035163	8035164	1
9160603	9160155	1
8896580	8896388	1
620155	620156	1
9939534	9939533	1
8758862	8758868	1
9948426	9948425	1
3237508	3237507	3
10144156	975332	2
10414597	10419820	1
5994389	5994390	1
11352087	11352088	2
6640820	6640822	1
6098608	6098607	3
7727847	7728076	1
5071624	4877258	1
10411939	10411940	1
8858692	8858691	2
3874321	3874557	1
7768056	7788608	1
6861176	6861179	1
6321431	6321432	1
7518081	7518082	2
7597709	7597710	1
472632	472631	2
6121370	6121367	1
10404581	10404584	2
10797314	10797007	1
904715	899977	1
11960607	11960608	1
6764456	6764455	1
1028558	1028557	2
7398006	7387073	1
11196142	10945509	2
6290918	6291979	1
10096322	10096321	1
9107760	9107759	1
10243150	10243147	1
12391017	12391018	3
2260717	2316901	2
5428862	10388165	1
8314953	8314954	1
8833455	8833458	1
1657739	1657717	2
9852688	9852685	3
9130481	9130482	1
10716637	11550126	2
3697355	3697356	1
2080214	2080213	1
7049930	7049929	1
4788985	4788992	1
4087359	4087360	2
5371583	5371393	1
8014409	8014410	3
3408785	3408786	1
5739372	5790349	1
9893712	9856883	2
8446069	8446070	3
8299252	8299251	1
8702874	8700449	3
11356973	11356958	1
11654582	11654581	3
9983862	10001192	1
6470067	6628510	1
91592	91591	1
6915722	6983880	1
3702164	3701777	1
11156704	2892081	1
2357418	2357417	1
8012197	8012198	1
7941856	7941851	1
4876855	4875931	1
840448	840447	2
10568917	10751884	1
5327670	5327673	1
4819028	4819027	2
9104615	9104616	1
7376918	7376917	4
3946247	4083207	3
7948178	7948175	2
4717249	4716965	4
8889380	8889379	1
7721606	7719179	1
944230	944229	1
4187536	4187535	1
10842818	10842761	1
750425	750426	2
11397470	11397469	4
10672210	10672209	2
7881698	7881702	1
9010542	9010541	1
10007836	10007833	2
1086434	1086216	1
8545661	8538674	1
11357186	11314673	3
4187538	4187537	2
2146870	2160585	1
4352916	4352915	1
3865120	3865119	1
9267800	9267753	1
10109524	10109523	2
1667100	1667099	4
3164100	3164123	1
12583486	12593757	1
6654021	6654022	1
7527166	7484586	1
9149609	9025455	1
9668345	9668346	1
11912869	11912870	1
7663007	7711922	1
10924956	10924953	1
8491720	8491719	4
11929036	11929101	3
12478138	12506610	2
3870840	3870839	2
10080201	10128051	1
412740	412739	1
10219414	10219424	1
9107552	9105044	2
7074337	7074338	1
2370123	2384048	1
10361510	10458214	1
9106134	9166041	1
4270202	4270342	1
12498911	12498912	2
9192274	9192273	1
1615478	1615477	1
10351531	10351549	1
7964829	7964832	1
3390032	3390031	2
5317811	5317812	1
1995914	1995634	2
7954716	7953820	6
6150877	6150878	1
11188616	11188613	1
5569358	5569357	1
7558814	7558813	2
11158739	11158742	2
12165160	12168864	3
5525227	5525216	6
3293111	3293112	1
10486648	10486641	1
3567503	3567504	2
2740926	2739070	1
2543899	2543861	1
6872403	6872404	1
1085603	1086216	1
7176672	7048759	2
9414086	9414085	1
7164125	7164126	1
420764	420761	1
1064514	1064513	2
7629772	7630847	1
10275160	10275159	2
10420984	10420983	3
5800470	5800534	4
4135727	4130820	1
10030163	10062115	1
10535649	10535676	1
8704300	8704299	3
6005679	6005682	2
3163584	3163524	1
12651934	12651928	1
7989357	7989358	1
4293412	4293411	1
8043724	8043692	1
10739117	10739217	1
12668060	12775186	4
7527733	7528248	1
7055186	7055196	1
793869	793870	1
4654792	4654791	1
1724471	1724474	1
11146667	2972998	1
8968153	8887289	1
7349169	7349170	2
7769303	7774170	1
12383277	12383278	3
118934	119020	1
4784822	4787897	1
8323902	8321880	1
8042308	8042307	1
1699677	9341772	3
10948824	10956698	3
10034647	10032007	1
4540625	4540626	2
1541896	1541895	1
1073279	1073170	1
7556296	7485075	1
11229881	11230015	1
7976210	7976209	2
10058725	10058726	1
10007906	10007905	1
7546754	7517072	1
5682180	6386322	1
10996685	10996686	1
8583272	8583271	2
9279034	9253401	1
9506378	9506377	1
11526588	11526594	1
11791681	11791682	1
11073389	11224105	1
2467229	2467230	1
5621109	5621103	2
286715	286716	2
7705187	7705188	3
8801811	8801812	2
9990634	9991021	1
10294351	10294352	3
8767979	8767980	1
1574635	1574636	1
4561112	4561111	1
2987693	2987694	1
2271020	2270940	1
8063335	8063336	3
10106766	10035325	2
10119785	10119786	1
2967657	2967459	3
3317584	3317583	2
5982828	5982827	2
8314269	8314952	1
1626908	1626907	4
9873541	9873546	4
10165160	10165159	1
7808123	7808124	2
5634247	5634250	3
5737266	5759794	1
6251519	6249181	5
3283397	3283398	4
5963648	5963647	2
8401230	8401229	1
8782883	8830682	2
7458869	7473689	1
8865997	8922834	1
8019164	8019161	3
863122	874443	1
6358630	6358627	1
9007183	9007184	2
7446451	7446454	1
4557377	4557378	3
8663964	8663963	1
800838	800837	3
1302954	1302838	1
10752148	10752147	2
1000236	969159	1
3640182	3640185	1
10108138	10060421	1
10244086	10178270	1
4081533	4081535	1
7282239	7282240	1
702421	702422	2
5898081	5898084	2
1541894	1541893	1
7945369	7802586	2
9084678	9084677	2
7875973	7875978	1
5553188	5552968	1
6310118	6310117	1
3326894	3326893	3
1519502	1519501	1
7905429	7903978	2
4259887	4259888	1
6257840	6261421	1
10341131	10341132	2
2039297	2039302	2
5114740	5114739	1
5604977	5602077	1
4797860	4797859	2
12659902	12660009	1
12599901	12600358	1
362453	362419	1
6441380	6441379	3
9958162	9951659	2
2730250	2730249	2
8640003	8711699	1
8738714	8738713	3
3967571	3967587	1
4626486	4327457	1
182045	3477701	1
8971070	8971069	2
7858740	7858709	2
6920112	6920109	2
4112993	4113081	1
8643968	8690524	1
4921146	4929076	1
7597602	7520974	1
5124345	5124346	2
11439218	11438987	4
3214267	3214268	1
6068075	6067228	1
10241931	10241934	2
7642022	7642021	2
6253425	6254538	1
10529839	10529840	2
3799019	3799080	1
2142938	2142937	1
4434140	4434139	2
8655139	8655140	1
6177357	6177358	1
8978489	8979669	2
6005681	6005684	1
8864109	8864172	1
4431770	4431769	1
5511725	5511726	2
909016	909015	2
8558486	8558525	2
3567439	3567510	2
2970974	2975117	2
7812696	7812695	2
8903401	8903277	1
3639910	3639909	3
6980016	6980015	1
7773857	7773860	1
7483588	7483587	1
10095839	10095840	2
6735153	6735132	3
11800051	11800052	1
10025587	10025588	1
9182289	9182290	1
9924712	9924711	1
6105962	6105965	1
1706221	1706224	2
10278494	10288009	1
8315565	8315566	1
10048283	10045043	2
3904022	3904021	3
9109945	9109946	1
10134548	10092147	3
6814184	6815335	1
59264	59263	1
3893422	3893419	1
10140209	10140210	1
5779296	5779303	1
5237376	5237375	1
1099259	1098394	2
6824634	6824781	1
4348272	4348271	2
9860780	9860167	1
10260667	10251874	1
3955431	3954666	1
4016940	4017065	5
8898873	8898874	3
7478609	7469856	1
10507149	10507166	2
9928327	9928328	2
2060161	2060164	2
7607496	7605845	2
6840822	3908279	1
3555821	3556334	2
5066252	5066091	1
1401414	1401356	3
7559614	7559613	1
10205891	10205894	1
7556759	7556760	3
9819486	9819471	2
9860733	9860730	1
1058315	1058316	1
951739	951745	1
5826595	5793472	1
11591336	11591335	3
9008862	9006197	4
7689791	7689956	1
10708	7361	1
1257012	1257125	1
5832756	5832755	3
459694	459693	1
7460358	7455393	1
10460096	10460091	1
3935784	3935807	2
12233025	12233016	1
12646295	12646296	1
4867225	4867219	1
11610252	11610036	2
8258721	8258722	2
9043958	9057192	1
10192380	10181436	3
10085704	10044669	1
9917285	9853969	2
8015778	8015777	5
5260194	5260193	1
9317980	9325855	2
12556486	12556572	2
6099026	6099039	1
1414871	1354037	1
10180699	10171748	1
1970510	1970509	1
2811979	2852841	1
864095	864100	1
7835054	7835053	1
11902511	11902489	1
8614578	8603173	2
2569146	2569145	3
6937561	6937562	2
5510823	5510832	1
4242760	4242780	1
10012741	2183784	1
11664979	11664886	1
6772033	6772034	1
7437463	7437468	2
6505727	6505728	1
6994183	6977814	1
12675685	12675709	1
7975925	7975928	1
1874720	1874719	2
5307881	5308450	3
3417050	3417040	1
3470695	3470704	3
8752133	8772956	1
2140779	2073080	2
2440726	1324547	1
5508436	11435517	1
8754769	8793505	1
10821571	10821572	2
2902094	2902093	1
7115826	7115825	3
9955840	9932813	1
4185199	4185200	3
11902722	11902721	1
3377280	3377279	2
5959577	5959582	1
5694717	5694718	1
4696817	4704477	3
4338766	4338765	2
10178774	10244293	3
7655538	7637653	1
363413	363414	1
8814765	8814947	1
5014194	5014537	1
2120754	2120753	1
6569153	6569171	1
10412820	10457726	4
10137983	10157651	2
3445313	3445314	1
11430710	11430633	4
740247	740267	1
4666247	4666248	1
7186134	7186133	1
9466009	9466010	4
12524870	12678283	1
1738788	1738777	1
9819470	9819469	7
2228580	2228579	1
9573888	9573887	1
2467831	2468752	1
9115341	9087445	1
12725377	12725378	1
11658677	11658605	1
362912	375369	2
9119690	9119689	3
9462570	9462569	2
9906854	9893729	1
8480350	8480349	2
7486671	7486676	1
8545659	8538676	1
2837958	2837966	1
11935921	11930892	3
10505408	10505407	1
10059806	10059803	1
10045705	10000270	2
8695532	8695531	1
11094012	11094011	2
7773495	7773496	4
9702254	9702446	1
11231551	11231552	2
8021114	8027153	1
8753609	8779318	2
1231582	1231581	1
11032808	11181321	1
5002698	5002697	2
11499399	11499400	1
9007475	9007476	1
9820700	9820699	1
1390630	1390629	2
12814169	12814170	1
11509276	11509271	2
7602773	7602774	1
2896857	2896858	4
10031013	10064776	1
157902	9928326	1
7014902	7014901	2
12675685	12675688	2
12157174	12157441	1
2046280	2046279	2
1601683	1601684	1
4427302	4433473	4
4498721	4498722	3
8627383	8631466	3
11854174	11854302	2
2455570	2455569	2
2341004	2341007	1
2181144	2181143	1
4875623	4875626	1
8679772	8679771	2
5935712	5935711	3
4227389	4227394	2
7817987	7817988	2
7625304	7625309	1
1021308	1021307	1
8668593	8620557	1
10379683	10379686	6
7966116	7966115	1
5739223	5739269	1
11541250	11541249	1
11878641	11878642	1
11609541	11590535	1
7851872	7851871	1
6157423	6157424	1
7633954	7633953	1
3066236	3066233	1
8246692	8246691	1
6678850	6678849	3
9987217	9987218	1
2353282	2353281	2
8684037	8684055	2
180541	180542	2
6196277	6037014	2
5554379	12454701	1
11531301	11531302	4
8161176	8161175	2
3827993	3827994	5
9148386	9148385	2
8020948	7991685	1
8345213	8345214	1
5097487	7105472	1
6872266	6872265	1
5712771	5761834	1
9151152	9151151	1
11096266	11089740	2
6970667	6970708	1
1989855	1989856	1
9806606	9806605	2
8840491	8840494	1
7655540	7637653	1
8765637	8765638	1
11161768	11163197	2
12461547	12461960	1
9453989	9453979	1
8842126	8842125	2
7395368	7395498	1
8441784	8441783	1
12325530	12325529	1
4987992	4987996	1
10931430	10931399	3
8718015	8718016	1
4677313	4677314	1
3062470	3062469	3
6205836	6205835	1
7090187	7090188	3
1141328	1141327	3
10056168	10085820	3
9137966	9137963	1
7340913	7340914	2
11120738	11074185	1
1175143	985887	1
9178732	9178782	1
4256760	4256759	2
10202883	10287353	1
526048	526047	1
7763152	7763136	1
2420589	2144980	1
5525217	5525218	7
7241584	7236507	2
6866346	6865591	1
941256	941255	2
6753377	6753378	1
8683182	8683219	2
9089307	9089308	1
6503429	6503430	1
8937867	8937870	1
9042593	9042382	2
1654454	1654453	1
895418	895417	4
12360507	12360508	1
8218523	8218597	1
5766116	5766112	2
1297299	1297300	1
4715340	4383774	1
10540517	10540503	1
10695077	10695078	1
5997125	5997126	2
7927712	6587310	1
2440457	2440458	1
6335415	6335416	1
7934903	7934904	1
7062190	7062189	1
7794786	7792388	2
12377516	12377515	2
1793545	1836586	1
7782638	7782637	1
7574111	7574112	2
5544558	5544557	1
3417485	3417486	1
11263344	5013543	1
6648009	6648010	1
3375967	3379569	2
7365670	9750466	1
8989044	8992536	2
2657317	8942119	4
11403878	11403877	1
10855536	10855513	1
7212428	7146382	1
8610460	8610459	1
2592116	2592115	3
7515355	7515360	1
11532290	11532286	3
1698079	1698082	2
10181455	10190805	1
5690636	5628708	2
6766776	6766775	2
7451720	7451719	1
10003088	10003087	1
4674560	4445627	1
10645576	10650336	3
10498847	10533182	1
8812271	8812272	1
12563269	12563274	1
7914521	7914522	1
2707177	2707178	1
12762199	12762200	4
12149717	12149718	1
6686316	6686289	1
6088405	6088406	1
6652717	6401581	1
1721501	1721502	4
875055	874869	1
9864956	9865360	2
4786371	4786372	2
7785600	7785599	5
9892117	9908332	1
8031413	7975551	1
7531181	7531182	1
2833193	2831901	1
8881866	8881865	1
10136240	10055569	2
10327266	10327344	1
4565660	4565603	1
10255722	10262516	1
2873811	2873812	1
10068176	10068173	2
2983703	2983729	4
7342580	7342579	1
9344366	9516847	1
99765	99766	2
5983407	5983408	1
9145134	9144959	1
5664324	5664323	1
2521480	2521471	2
5425622	5425621	1
7850885	7850886	1
7839272	7839271	1
11855083	11855084	1
4200656	4200655	1
4016942	4016941	5
1974584	1273031	1
488332	777655	1
799210	799209	4
3477968	3477988	2
6843118	6843115	1
10530582	10530581	2
10092301	10093318	2
7333814	7333796	3
5811243	5811244	3
5565274	5576449	2
8042306	8041442	1
11241200	995863	1
11394014	11394013	1
178427	178428	2
745102	745105	1
10691866	10689889	2
2317434	2317074	2
6264601	6264602	5
7600977	7583561	2
8627616	8628082	1
11641812	5225133	1
7640261	7523486	2
9882963	9858079	3
7747982	7749780	1
971522	967921	2
6255805	6255810	1
6686319	6686315	2
8791999	8792000	1
4305409	4305575	2
12207367	12207371	2
2394246	2337465	1
1995309	1995310	2
1263322	1342804	2
2056086	2056094	3
4833964	4535905	1
9692028	9692027	1
11703974	11703973	1
29945	29946	1
4868415	4868420	1
9964067	9964083	4
6796354	6796351	3
4066217	4066218	2
2653382	2653381	3
1582947	1582948	1
3649983	126245	1
7535688	7535687	1
4946187	4946171	1
4710819	4710820	1
10399521	10399522	1
2739938	2737707	2
11634999	11635000	2
4828506	4835211	2
3511370	3699410	1
11674405	11674397	1
7731585	7731853	1
12426939	12426944	4
7791548	7791519	1
2193945	2194116	1
204443	2658207	1
9184505	9184506	1
7061454	7061451	2
7194564	7194618	1
2552817	2552820	1
7722116	7722115	2
3399134	3399133	1
7022087	7022088	2
12167554	12167553	1
1423437	1357628	1
6219878	6219881	1
5711130	5637710	1
3866429	3942123	1
3797102	3797095	1
5784851	5784852	2
6016305	6016306	1
6151807	6151728	2
10183989	10182743	1
9094124	9094123	1
6031163	6031036	1
2060163	2060164	1
842925	842926	3
6291978	6291977	1
2271721	2271659	2
6017443	6017444	2
2856001	2856002	3
11902720	11902715	1
8546847	8546848	5
3008164	2999268	2
9842462	9842482	1
10508107	10508112	1
7706277	7666057	1
5129392	5129391	1
820535	820536	2
2776007	2776049	1
5598419	5522325	2
7562814	7519619	1
5838067	5838139	1
11742762	11742749	1
11148140	10931345	1
9974069	9974026	2
7883193	7883194	2
10394686	10394685	1
4629080	4629243	1
1843683	1843704	1
2324656	2293836	3
6024223	6024224	2
11818115	11818066	1
11007923	11138934	1
5510823	5510828	2
12005911	12005888	1
5148772	5148771	1
8678088	8678087	1
464042	464032	2
5266918	5266917	1
7535402	7532965	1
11382101	11382102	1
8749216	8749213	3
8737378	8737348	1
3431637	3431638	1
9138736	9138735	2
11690682	11690668	2
5341557	5341606	1
9052883	9052884	3
12040159	12040160	4
9618452	9618451	3
11363858	11363857	1
4272929	4272930	1
10337191	10337174	1
8636632	9031753	1
4372180	4372307	5
2737653	2737654	2
12659420	12659419	1
6731164	6731163	2
4565611	4570172	1
9998442	9998441	2
3008166	2999268	2
8799943	8799944	1
11372525	7962278	3
8363458	8363457	2
5851436	5851435	2
9008026	9008021	2
9001090	9001089	3
8063335	8063349	1
10658930	10658929	1
7409077	7334573	1
6006422	6197024	2
3293403	3293422	1
6519107	6520970	4
6102162	6102138	1
1530840	1530973	3
9851578	9851577	1
10278302	10278314	1
10469791	10411748	1
11746567	11746220	1
8010601	8010585	1
7485074	7485073	1
5924258	5924671	1
4404529	4404530	1
174451	174454	1
5909311	5909009	1
2620634	2606795	1
8996052	8996051	2
1569863	1569866	1
5280248	5280247	2
6938429	6938430	2
6987176	6987157	1
3880048	3880043	1
671408	670420	1
8969360	9009965	1
3006888	3006885	1
6261812	6261811	2
12595009	12594974	1
11837245	11837246	1
7470274	7470273	1
9376930	9688676	1
12612988	12612987	2
8833662	8833661	1
3629663	3629684	1
636257	636260	1
5736906	5738625	1
1469902	1469812	3
6521480	6521479	1
11891273	11719898	2
5923825	5923861	2
8015776	8009496	2
4370070	4835360	1
9582389	8446828	1
9240401	9240374	1
6824674	6824673	1
1987028	1987027	1
5101834	5101833	5
6986330	6985891	1
4340626	4340610	3
11250523	11250582	1
1452903	1452904	4
5693638	5693629	3
2538028	2546364	1
10825940	10825939	4
5058005	5058006	1
7431100	7431099	1
37136	318752	2
9499101	9499102	1
8445525	8444734	3
8260343	8260344	4
3342096	3342095	2
8480352	8480351	2
6939845	6939846	1
11108755	11108756	2
1827097	1830372	2
3719898	3711099	1
3807355	3732611	1
10233932	10178075	3
1411461	1411563	2
8483329	8484631	2
9799530	9711854	2
9320108	9320107	2
8032223	8032201	1
1911939	1987453	1
6918218	6918217	4
2563651	2466488	1
7636734	7672216	1
12802050	12802049	1
2224937	2224938	4
3477400	3477376	1
3242955	3242914	2
8679770	8679769	1
10498847	10533180	1
5826043	5826044	1
8636919	8636920	1
2366970	2366973	1
3923056	3923122	1
8476999	8477000	2
5620368	5620548	2
6157024	6159230	2
2772768	2772787	1
3002837	3002857	1
11097788	11097787	1
6133847	6133848	4
12632899	12713523	2
9870907	9869799	1
9047029	9047030	2
8323904	8323903	3
11041754	11041757	1
11306996	11654368	1
7858000	6764119	2
8786713	8786711	1
6440400	6440399	3
11697726	11697723	1
213455	213456	1
8469940	8469939	1
10142897	10142902	2
8675700	8675699	5
337308	337307	2
7941857	7991602	1
3192140	3117213	1
10152611	10152612	2
4795123	4795124	2
8010497	8010498	2
483243	515833	1
8697824	8697823	2
7937185	7936909	2
12317451	12317454	2
6992913	6991768	2
10256757	10256758	1
8892104	8827734	1
7731563	7731569	4
1469813	1469816	2
5285105	5285106	1
7359646	7359625	1
8772569	8680218	1
7763333	7704316	1
10012741	9999864	3
6986037	7973798	2
10466689	10466589	3
11987339	12005838	1
11606964	11606989	2
3863051	3859281	3
11580891	11580892	1
867170	8274644	3
9774397	9774398	1
9107762	9107759	1
1779147	1778849	1
9093725	9093726	2
649385	649395	2
8802888	8802887	1
5422733	5422723	1
11901052	11901049	1
7242927	7242928	2
372834	372833	2
12197133	12197134	1
1147800	1147799	1
2632386	2632414	2
9092263	9092487	2
7104112	7104111	1
91791	91740	1
8097959	8097962	2
8706280	8706193	1
9546482	9546481	2
12597340	12597337	2
6180717	6180718	3
10836441	10836405	1
10185597	9095859	1
9079316	9079248	1
9997270	9916892	3
11876893	11876793	1
10381437	10381438	3
4875853	4875854	1
10089880	10089868	3
204526	204525	3
11208848	11029189	1
2579102	2581948	1
10115387	10063192	2
6801508	6772863	1
3114361	3114362	1
5160241	5160446	2
9030786	9007184	1
6313057	6313128	4
7007127	7007128	2
8395735	8395686	1
9736265	9736269	1
5651099	5695182	1
1222778	1250855	2
8634394	8622525	1
6652717	6652720	1
9003041	9003046	1
8579847	8579848	3
11628406	11628405	3
6944056	6938184	5
590219	590220	2
7687582	7687429	1
10327704	10327701	1
12189479	12189480	2
9162265	9162406	1
7405739	7340551	1
6467765	6467766	1
2549230	2549229	5
1012681	986975	2
1879912	1879911	1
10184962	10184867	1
10142891	10142896	4
2191887	1918866	1
9497475	9497476	2
7912377	7910015	1
814799	666837	1
1247752	1247743	1
11830170	11829986	1
11768276	11768273	1
8870603	8869495	1
11250551	11250489	1
6279975	6278058	2
7932007	7932008	5
11094036	11094035	1
10201259	10207110	3
1446088	1446081	2
1931195	2414724	3
10482327	10482328	1
6339705	6339706	6
6383376	6313460	2
6785460	6759451	1
3267841	3267894	2
8643439	8643440	1
10137979	10137982	2
4200374	4200793	1
8947027	2626198	1
8065939	10290784	1
7815746	7808713	2
9996271	9996252	1
6146694	6146799	1
3496368	3496365	4
62437	158885	1
4318400	4234774	1
2547858	2547837	1
306607	306608	1
2473874	2473873	2
5161877	5161878	1
6086173	6086174	2
3438121	3438108	1
4239153	4404530	1
6067209	6067210	2
8833031	8833032	2
2811224	2811223	4
8286208	8286207	2
12055223	12055224	1
10138605	10138608	1
4032455	3931989	1
5841991	5754768	1
11255645	11255646	1
3299838	3299837	2
9670901	9670904	2
11828085	11828086	1
10470942	10435181	1
7346724	7346721	1
11716284	11716283	1
4325135	4188106	2
10180697	10171748	1
11059741	11062588	3
11294434	11294470	1
11231553	3997193	2
145331	145334	1
3111299	3139888	1
587571	587572	1
3904020	3904098	3
8010317	8010318	2
9949794	9811059	1
6978034	6977998	6
2378107	2098509	1
3809389	3815005	1
10672212	10672209	2
5821589	5821590	1
9863691	9863692	1
8624404	8624403	1
3454517	3454518	2
6399698	6399697	1
457237	457238	1
2199848	2185198	1
5490486	5490485	2
10637689	10497374	1
4574028	4153129	2
11807552	11807538	2
8843711	8843712	2
7288948	7288945	1
7626082	7640514	1
7302776	7304096	1
3507229	3507248	1
6036333	6047968	1
9848840	9848879	1
7029960	7027278	2
10149812	10149811	2
11686761	3199041	1
5896433	5896447	1
376003	375946	1
7106572	7106571	1
4374924	4374923	1
7110388	7110387	1
10489910	10493856	2
9324952	9324951	1
10011651	9993112	1
8920476	8920481	2
3518305	3518306	1
12175995	12178888	2
8711080	8716609	1
5447686	5448227	1
8700448	8700447	2
11138240	11137965	2
3529393	3529394	4
11305755	11305756	3
9492401	9492461	1
1513062	1508526	2
6901755	6890378	2
7497072	7497071	2
12340788	12340776	1
10394622	10394621	1
5842202	5842122	1
11930015	11935312	1
5628881	5628884	1
6004028	6004030	1
709180	709158	5
5537475	5484855	1
11555571	11555572	3
5401499	5405657	1
8167867	8167868	1
6032569	6029952	2
12484317	12484318	1
6044086	6044085	3
5159842	5165784	1
3795486	3795485	1
7996835	7997162	1
6135457	5805729	1
3164101	3164102	2
10036120	10104431	2
9761933	9761934	3
3594747	3594749	1
5042494	5042489	2
8761989	8761990	3
2995581	3012092	4
8973839	9007961	1
6737126	6737568	1
854854	854853	1
12401397	12401398	1
11611440	11611439	3
10721719	10652772	1
2273458	2273457	3
9848715	9848716	1
3632941	3635949	1
11588163	11588164	2
1697387	9327828	1
8606256	8606932	1
7449890	7451564	2
1283003	11383656	4
6855689	6961085	1
11771981	11771368	1
6032569	6029954	1
5757949	5757950	1
11195297	11195298	1
10108805	10108802	2
2802003	2802004	1
2265725	2471948	1
3400059	3400085	1
6137819	6155586	3
3397748	3397747	2
8901061	8901062	1
4028266	4028269	1
351453	351454	3
1931193	1931194	4
8687798	8687818	1
3692931	3692932	1
8492072	3050006	1
2950941	2950942	1
5429950	5427944	4
3257664	3257663	1
9860289	9860297	1
10717644	10717643	5
6571640	6571699	3
335624	294218	2
2421565	2421568	2
4554815	4554816	1
6078060	6077894	1
12812827	12809900	3
4799440	4799404	1
4219453	4219454	1
2395159	2585909	1
661780	661779	1
10082647	10071997	1
10012765	9985512	1
6506482	6506481	1
11082548	11082547	1
10223265	10225301	1
6314356	6315159	1
2371419	2371430	1
7866704	7866589	1
1824654	1824653	1
1884427	1884428	3
7502747	7506414	1
8946301	8839834	1
10188729	10188730	3
7539520	7539476	1
10278300	10278314	3
9960317	9932434	1
1823001	1822448	1
6470271	6470272	1
416927	414967	1
6411973	6413574	1
10053042	10053757	1
7278423	7278424	1
6766778	6766777	2
4210050	4210588	2
10767739	10767740	1
4876957	4876958	3
308056	308055	3
7835056	7835055	1
8630795	8630798	1
5983403	5983404	3
4376609	4376610	1
10716341	10716342	3
10253142	10253141	2
3039249	3277076	2
3989790	3989789	2
1850916	1850911	1
12550364	12550384	1
8864543	8864544	1
6766679	6766682	1
4486939	4486948	1
2810402	2810383	1
4668312	4668307	1
10052096	10052095	1
11801405	11801417	1
7618743	7686860	1
11472651	11472652	2
8896967	8895586	2
4467901	4467902	2
8553286	8553237	2
5812035	5859794	4
7075885	7075886	1
868757	868730	1
5208838	5194715	2
3729189	3622158	1
10400359	10400360	1
8469396	8469395	1
8862339	8862404	1
2345557	2267864	1
10233627	10233632	2
11680930	10036554	4
12462634	4539117	1
6231412	6231411	1
6047941	6048228	1
5141934	5141933	2
11192455	11192456	1
8687145	8687146	3
6379205	6379190	1
6038823	6038826	1
3856018	3853648	1
4875621	4875622	3
5505571	5505572	3
11989363	11989364	1
7559188	9170789	1
9851467	9851499	1
11818335	11818336	1
4921146	4929078	1
8078311	8078316	1
12194626	12194625	2
7976592	7975578	2
9825153	9825154	1
5348134	5348133	1
10059804	10059803	2
11400029	11400032	1
8798587	8798562	2
7777756	7776445	1
7726591	7726524	1
5649825	5649826	2
6019359	6019356	1
6635515	6635516	2
9344562	9344561	2
12464799	12464803	1
2427044	2427041	1
4798563	4798564	1
4199374	4199203	1
9478673	9436810	2
9116546	9116545	2
3275072	3390971	1
6677090	6677119	1
10449584	10449602	3
407664	405161	1
2408183	2408184	1
352154	588846	1
7859392	7859484	1
4558525	4559688	2
2264640	2253663	1
8826034	8795926	1
3623972	3623971	2
10927280	10927279	2
1535169	1535170	3
8269851	8272544	1
2108003	2108004	2
8972948	8972856	1
1484429	1467483	2
7585093	7679088	1
4063952	4063919	2
11535498	11374127	2
4541466	4546230	1
12307539	12307540	3
3361067	3362148	3
5205587	5388226	2
5822077	5822080	1
3938028	3938027	1
3528663	3528667	1
12563313	12563314	1
3093891	3093785	2
3859672	3859975	1
2027049	2102581	1
9305550	9305475	5
7297770	7310395	1
12759864	12759863	1
12499958	12498903	1
6843108	6843107	1
5738988	5739042	2
8873385	8790673	1
3197621	3197622	1
6615714	6470463	3
6575425	6575646	1
9920197	9850869	2
272477	272478	1
7472779	7471829	1
4406196	4574343	1
5767726	5767725	1
8469397	8466217	2
2314965	2314966	1
84512	1858792	1
8010951	8010952	2
1732492	1733361	3
12658469	12658478	1
799791	799792	1
12259321	12259326	1
5762853	5763325	2
10198718	10198468	1
5460397	5460398	2
7454432	7448237	1
2060208	2060083	2
7756283	7756284	1
8820623	8820624	5
165098	166334	4
5683952	5683964	4
6907743	6907794	1
7797035	7797047	1
12813058	12805477	2
12194518	12194517	1
3104364	3104339	1
7549953	7533538	1
9945986	9856913	1
1498259	1498260	1
11294432	11294470	4
11217057	11217058	1
51533	51534	2
8347943	8347857	2
3637814	3637844	1
8755773	8755774	1
7602769	7602770	2
5486783	5561339	1
1917981	1039504	1
1368971	12473367	1
11015341	11015368	1
4716520	4716519	1
8515313	8515314	1
5923425	5923518	3
433661	433662	1
10141426	2326929	1
5237378	5237377	1
3375734	3377561	1
3200262	3200261	1
10185596	10185601	1
7533379	7543284	2
1587938	1590237	2
10427437	10417782	1
5597478	5597477	1
5371297	5371298	1
7601468	7464867	1
10012148	10012147	1
1719912	1717180	3
7977363	7977364	1
690802	690801	2
5359452	5359500	1
3470695	3470698	2
8757226	8757225	1
9934584	9934583	1
1867144	1867143	1
11543781	11543704	1
6297797	6299235	1
8163260	8163259	1
7984382	7984381	1
12459875	12459880	1
11462035	11462038	1
10381616	10381669	3
10800616	10800615	2
3476149	3476150	2
7294826	7295244	1
11709726	11709725	1
12722316	12722315	2
7820232	7826126	1
10728982	10728979	3
7657789	7660356	1
1348814	1348813	4
11662265	11719408	2
10943822	10943978	1
8471620	8471619	5
12665718	12665717	4
5909311	5909007	1
5867126	5856748	3
6201728	6201727	4
1792005	1792006	2
10272009	10281157	1
6108992	1069064	1
10361508	10458214	1
6135649	6135650	1
6014561	6014566	1
10710640	1046751	1
6129187	6129188	2
12677672	12677671	1
7734181	7669436	1
5401255	5401296	1
9588404	9588403	1
9096354	8736259	1
8817890	8836745	1
2173605	2173606	1
7307303	7307301	1
6635525	6635514	3
7602426	7602425	1
2425655	2425658	1
7739891	7725787	2
9044830	9068264	4
6059482	6059735	2
8808365	8804519	1
7113444	7113443	2
1879914	1879913	1
12473162	12473161	1
8586629	8586630	2
8894429	8874006	2
1069128	1069127	1
9906445	9907976	1
8964506	8964402	1
7763135	7763136	3
11892041	11881599	2
8964153	9010634	1
5347866	5346970	2
12385237	12389491	1
10979119	10979120	1
7099309	7099310	2
6402193	6404689	2
4106832	4106840	2
9980372	9980371	1
1256975	1262740	1
5749808	5751072	2
5156080	5156079	1
6358251	6359977	1
9064737	9064564	1
9098030	9086602	1
3369700	3369906	1
4955770	4956299	4
187615	187616	2
5229570	5229569	1
6391557	6391558	2
5589247	5589270	5
6574967	6574970	1
3747312	3717100	1
7537315	7537329	1
9113413	9113414	2
10084108	10084107	1
3619370	3619310	1
6370006	6370003	2
6309179	6312670	1
9612944	9612943	1
7781929	7781980	1
9896205	9883531	1
5611952	5611951	1
10919533	10919719	3
6375534	6375531	1
3386444	3386443	2
9192664	9192288	2
7477427	7475310	1
7458871	7473689	2
4470958	4470919	1
8809970	8809969	2
5123391	5123392	1
11706640	11703935	1
10857932	6233329	1
3878148	3885951	2
4187534	4187533	1
457050	457029	1
10105838	10105835	2
3126423	3126424	2
8810256	8810255	2
421599	421600	1
9651608	9651607	2
2549356	2549355	2
6033726	5962804	1
3386442	3386441	2
8028100	8024690	1
1129159	1129160	1
7794973	7795053	2
7824539	7824540	1
8842651	8825192	2
10259602	10259601	1
12331244	12331241	2
5435801	5435821	2
4177745	4178267	2
306962	306927	1
2842467	2842468	2
5818035	5818044	1
7740792	7740791	2
11594202	11594201	1
8389498	8044157	3
8114028	8130818	1
1232469	1232431	1
2530783	2534570	1
3592223	3877162	3
9868265	9868266	1
5493794	9777546	1
11854296	11854295	3
10892373	10892374	1
2900774	2900773	1
8698605	8698547	4
1219923	1219924	1
12194631	12194632	1
5101832	5101397	4
8272701	8272651	2
5351393	5188236	2
9172465	9172466	1
7237416	7237411	1
11322402	11323139	1
8721309	8721310	2
8808365	8804521	1
7899202	7899201	4
2887182	2880394	1
9875506	9875503	1
10080759	10067438	1
6509472	6509471	3
11494530	11494527	2
6663557	6663558	1
10238376	10238374	1
10913554	6564247	2
9929471	9929467	2
9057193	9057194	2
2816921	2816922	1
11476846	11446864	1
8602813	8602814	1
1540550	1540549	1
7362039	7362040	1
2367376	2367380	2
2973258	2973255	1
11141972	11141971	1
4501997	4502000	1
3736503	3736491	1
3193304	3246438	1
3701284	3702159	1
5544341	5521962	1
3517723	3513788	1
9849605	9845264	1
6391596	6391558	1
9793093	9497476	1
12315489	12315490	1
7205973	7205960	1
11490364	11490370	2
8700690	8700758	1
4557953	4557956	2
3753753	3754035	2
3391606	8938857	3
10669156	10669151	2
8810150	8810139	1
8928770	8928769	2
8964151	9010634	1
6167028	6142358	1
12251274	12251273	1
7950015	7946208	3
2251132	2251131	2
3873191	3873192	1
9793093	9497474	2
649379	649384	1
4822172	4822168	4
10361510	10361509	1
2454374	2445903	1
4867695	4867698	1
6005679	6005680	4
3963864	3963863	1
10282212	10282242	1
10165158	10164957	1
1614946	1614945	2
9764147	9764300	3
10880516	10860170	1
5144333	5144336	1
9816622	9816601	1
2102728	2101672	4
5770182	5771880	2
3945175	3945176	2
9135362	9135361	1
3715791	3715792	1
2975116	2975115	1
5417841	5417842	1
12189667	12196085	1
6890994	6890789	1
4190945	4190964	1
6219174	6219173	3
5852636	12054312	1
9068267	9057765	2
4323765	4323766	3
3378683	3378684	2
2408944	2161868	1
7505377	7505380	2
8019017	8019018	2
11522187	11522184	2
11475546	11448714	1
4505290	4505289	2
451416	451415	1
12250948	12250684	1
5851432	5851431	3
6018846	6018845	1
2319564	10859911	1
11708330	11708329	1
8643933	8690525	1
8970591	8970629	1
12292650	12292649	2
2939306	2939305	2
1197075	1199746	1
5930669	5930666	1
7871938	7852396	1
870293	3103408	1
9079411	9113144	2
894405	894406	3
2975114	2975113	1
7532015	7514364	1
10661461	10661462	1
6753498	6753497	2
10202954	10203009	1
3021876	3068509	2
9688675	9688676	2
11909503	11909504	2
8741439	8741440	2
5328177	5324935	1
369296	676044	1
9881149	9881150	1
5252657	5252658	1
9359818	9359817	3
4937982	4937981	3
4305409	4305577	2
10500709	5041181	1
10762715	10762716	1
9357664	9357661	4
10510621	10509693	1
6098610	6098609	2
4127879	4112058	1
3679079	3873190	1
9708637	9715215	2
9076174	9076171	1
743461	743443	1
5409907	5409937	2
2747325	2747328	1
11558710	11558709	4
10766740	10766725	3
6329799	6329800	4
10159853	9894955	2
3099945	3099946	1
3575919	3575724	1
3624302	3625182	1
9965679	9965696	1
7557311	7557284	1
2853519	2853520	1
1498257	1498258	1
5832508	5844735	1
4782889	4782220	1
4991778	4991793	1
9913429	9918301	2
3607673	3729302	3
10291200	10291199	2
8921857	9014218	1
709895	709896	2
7923457	7923458	2
2289163	2289164	1
2544200	2544199	2
11799409	11932880	1
6478661	6478662	1
784841	784842	2
10981332	10978848	1
10513042	10513053	1
6492507	6492500	2
3931438	3931437	1
4839102	4839122	2
7780646	7780653	1
3134329	3134330	1
11215146	11170035	1
11960609	11960610	1
8223925	8223976	1
2992586	2992475	3
1257784	1257783	1
11308009	11308010	1
6123283	6113584	1
1188633	1189488	1
8966268	8966267	1
6953000	6952587	2
5631942	5798597	2
3283399	3284852	4
7773775	7773776	2
5531326	7477321	1
9776159	9776160	1
4081595	4081598	2
5353072	5353071	3
10355152	10355157	1
9169701	9169728	1
2475678	2475677	2
3237506	3237505	2
4574031	4574034	2
11785093	11785671	1
11158838	11158837	2
10012404	10001259	1
8709871	8709872	5
640129	637243	1
5920391	5913411	1
12521556	12521555	1
11289150	3101347	1
10383101	10383102	5
8152782	8152781	1
7897617	7897618	2
3163974	3163912	2
8838143	8838144	1
9443265	9443266	1
10082793	10082321	1
669811	669812	1
10115088	10169440	1
5345177	5164250	1
6575425	6575648	1
1257786	1257785	2
710069	872631	1
8788805	8788806	1
3111902	3111901	1
7481017	7484527	1
4028772	4022204	4
8073905	8073906	3
11176616	10974617	1
4306775	4306776	2
6764458	6764457	2
5871382	5871381	2
5114769	5114790	2
9297989	9297992	1
5511721	5511722	3
9494945	9494923	1
11392970	11392980	2
8005865	7943343	1
3131739	3131740	1
10256156	10256155	2
12294237	12294238	1
2333652	2201112	4
10691866	10689887	2
1714295	1714296	1
422983	422984	1
7997683	7997684	1
7133249	7133260	1
2854659	2854662	2
3946399	3946394	1
7798702	7839734	1
83438	83437	1
6096244	6096243	2
4817009	4817940	1
11594250	11594201	2
10394419	10394420	2
4867697	4867698	1
6521664	6521741	1
122667	122668	2
9155608	5269789	1
8228825	8228264	1
6575878	6575877	1
10634153	10634154	4
5058177	5058183	1
8391430	8047136	1
12665718	12665715	2
3275142	10824184	1
10964391	10964392	1
8217932	4126717	1
7563403	7567606	1
5135676	5135736	1
5553018	5553096	3
1148914	1148856	1
8224781	8224782	1
10399519	10399520	2
1476008	1476007	2
1235347	1233473	2
10106288	10002484	2
6573401	6573402	2
3137379	3137380	2
4080085	3930827	2
4156530	4156529	2
1995311	1995312	1
6379201	6379190	1
4305576	4305575	2
5649440	5649439	2
92481	92758	1
3808113	3809546	3
2977441	2977442	1
7606888	7606887	1
12384949	12382159	1
6171991	6171992	6
7864265	7864268	2
12755860	12625737	2
9960317	9932442	1
2377801	2377778	1
6691488	6691487	1
4151909	4151910	1
3273517	3273518	1
11725170	11725169	3
9253509	9253510	1
7934251	7876793	1
4543466	4543465	1
4609491	4609492	1
5013548	5013543	1
11969318	11969202	1
3453500	3453513	1
9920197	9850871	1
11134397	11145357	1
6379090	6379089	2
2395246	2372651	1
7495317	7495318	1
6060838	6060837	1
12200898	12200247	1
5362222	5379978	1
6603578	6606706	1
5339579	5339576	2
8281076	8281074	1
10266024	10266023	2
10253613	10253606	1
7533397	7533401	1
8790345	8790144	2
6391596	6391556	3
3271894	3256515	2
6724384	6753376	1
3356237	3356240	2
12801079	12682505	3
8760872	8760871	1
10099632	10099629	1
4011197	4011200	1
4703035	4703036	1
5861602	5861601	1
10208181	10208184	1
5964064	5964063	2
11800148	11800145	1
7659948	7660019	2
7380956	7380955	4
9931542	9934166	4
8650691	8706998	2
9744621	9744615	1
6267878	3464317	1
9875504	9875503	1
8874713	8877136	4
4092735	8078317	2
9939392	9925696	1
10357494	10352766	1
8649166	8649165	1
357456	357455	1
8767585	8767586	4
1079792	1077955	1
5380999	5381000	1
5486796	5486795	3
5606644	5608187	1
5879074	5860000	1
7855018	7855011	1
627965	627968	1
5778680	5778679	2
8308080	8318470	2
3571305	3576094	1
5124343	5124344	2
648323	10928649	1
6484301	6484302	2
6805311	6805312	4
8699846	8699845	2
9104141	9104157	1
750423	750424	3
151083	151084	2
10003675	10003676	2
8586629	8586632	1
84510	84509	6
12758718	12757159	3
3983920	3983655	2
11111612	11111595	2
6379088	6379803	2
10072094	10070014	1
7480786	7482221	3
10034643	10034644	3
10016154	10016192	1
10838364	10838361	1
9821399	9892949	1
12253788	12015219	1
7893271	7896317	1
4736791	4736794	1
1153651	1156469	1
4253350	4391817	3
6558970	6557602	1
224242	666195	1
4255960	1735217	2
7862651	7862652	2
10209631	10209632	1
7638100	7638099	1
8428075	4117626	1
10032134	10032133	1
11708326	11708329	1
5873663	5873666	2
8323902	8323901	1
4584562	4571916	1
199446	199445	2
8998985	8998986	1
5048827	5048960	3
7667956	7661722	3
9569993	9569994	1
7579093	7579148	1
3026288	3026011	2
7736007	7736018	1
6733450	3872898	1
8035888	8035878	2
9929466	9929465	2
10237983	10237984	5
5814004	5814003	1
10232809	10232826	2
3965969	3965970	2
7200279	7200280	5
9535798	9535797	1
1841899	1864500	2
9060103	9060106	2
1358242	1358234	1
8848011	8848012	2
12359804	12445967	3
10192886	10165553	1
7483953	7481512	1
3811582	3811581	2
4227089	4227076	1
6796356	6796355	3
3986723	3986724	2
8020948	8004662	2
6339723	6339724	1
3558823	3558818	2
3529389	3529390	3
5139047	5139048	1
2420284	2420281	1
7258903	7258906	2
6609102	6609101	1
2767365	2943399	1
8761224	8761223	1
6768532	4029568	1
4679010	4679005	1
8885263	8897678	2
10609825	10613372	1
11036822	11036731	1
7411017	7411018	1
7488899	7488900	1
1271385	1271386	1
7396032	8431070	2
793585	793586	1
10173218	10183914	1
9814928	9814927	1
11672821	11672463	1
2517481	2517482	2
9133422	9133429	1
5344179	5344093	2
3567441	3567510	2
2651324	2651046	2
5454459	5454470	3
9913427	9918301	1
9804398	9804397	1
5544070	5544069	1
8800829	8800830	1
7584474	7584473	2
1801828	9325352	1
1656960	1656955	1
7478135	7478136	1
5227277	5227278	1
365153	346881	2
12656644	12656643	3
12658467	12658468	1
11921952	7200482	2
4598741	4598744	1
8869233	8869234	1
5415771	5415725	1
9110284	9147461	1
4788987	4788992	1
10233627	10233628	2
9149825	9149826	2
4077329	4077330	2
7738392	7714349	1
9634317	9592371	1
9879654	9879701	1
1578404	1578403	1
9112690	9112689	1
1257782	1257781	1
6410252	6410239	1
2129312	2129311	2
8326283	8326284	1
9839570	9862793	1
7804767	7804770	1
8824298	8824297	1
1116356	1116363	1
10063747	10063748	2
10216590	10152117	1
2938414	2938411	1
4391972	4387703	1
8212459	8061867	1
11156704	2892083	1
2688809	2687702	1
4039947	4039948	2
1569684	1569681	3
10232180	10232120	1
4663725	4663719	2
7075883	7075886	2
3006017	3006018	1
4619741	4561111	1
1798074	1798073	3
5814002	5814001	2
8571594	8571606	3
9297991	9297992	1
7639708	7639669	2
4258741	4258744	1
7882360	7882359	1
2142510	2142507	1
11387507	11387508	1
8889442	8889412	2
9258922	9258921	1
6890994	6890787	1
5191322	5196191	1
1995166	1995165	2
2021192	2021213	1
11882333	11882334	2
11887965	11887887	2
10006196	9979036	1
9691330	9700401	1
11628404	11628403	3
7936306	7932390	1
9102617	9102618	3
6652730	6652727	3
8017924	8017918	1
832962	832595	2
225485	223979	1
7630834	7630321	1
2200681	2200686	1
12232730	12232509	1
9083465	9083466	2
1037242	1037241	2
2840936	2840935	1
6352518	6352517	1
8428128	8428127	1
11431610	11433404	1
10103031	10103024	1
6107478	6107477	1
9381288	9381287	2
4224568	4224567	1
9111154	9111153	2
10275885	10275888	3
8841988	8841983	1
9095717	9095718	2
7763670	7763669	1
11586810	11586809	1
9340002	9340001	1
10042923	10042898	1
1738699	1738696	1
10144824	10182913	1
12794856	12767400	1
917839	917840	1
11200611	11026879	2
11109407	11109408	2
9522048	9522047	1
3629892	3629891	1
1380906	1512315	3
6302836	6302817	1
10072107	10071810	2
3958272	3958271	2
9345397	9345381	1
3961268	3961267	3
8899587	8899269	2
8694491	8694492	1
8958554	8958179	5
6413186	6413167	5
11247950	11247949	1
2296205	2296206	1
8956126	8956125	1
7517999	7603292	1
7952786	7943582	1
4303512	4303511	1
2475803	2475799	3
10661463	10675311	1
11146665	2972998	1
1891161	1891162	1
3470711	3467999	1
8827152	8784959	1
1330567	1330570	1
9034018	9034017	2
8450470	8450469	1
8937346	8937345	1
4259188	4259431	1
11701998	11911857	1
7033620	7033648	1
3714417	3714418	2
7473705	7473698	2
12451186	12451185	2
12238003	12238005	1
1693190	1693140	1
7904912	7904911	2
12211639	12211640	1
6560738	6560729	1
7752766	7752765	2
8720463	8721217	1
2009791	8021985	3
8409123	8409124	2
11710676	11710693	2
9967788	9967827	1
5785567	5785568	2
683598	683597	1
1693938	1693937	1
8440658	8440661	1
11753296	11753244	1
9928337	9928338	1
8640729	8640730	2
9817103	9817104	1
12519053	12519054	2
45101	45102	6
2937969	2807935	1
10298589	10299728	1
6035955	6035956	3
2859850	2859875	1
9688084	9688083	1
5290534	5290533	1
4338764	4338761	2
6551645	6729498	1
3493062	3493061	1
10192091	10192092	1
1511994	1511993	4
2724504	5487380	3
1704272	1704143	2
4272101	1702338	1
4370537	4370538	3
10983693	10983694	1
6044304	6042383	2
3465052	6345312	2
4593816	4593829	3
10666001	10666002	2
6279023	6279024	4
7501374	7501225	1
8811028	8811027	1
5464493	5529949	1
625789	625790	1
9804396	9804423	2
6086169	6086172	1
6446539	6446540	2
9819486	9819473	4
4788985	4788986	1
4826972	4814462	2
159522	159546	1
10002139	10074456	2
10264558	10264557	1
4029569	4029570	1
2729865	2936262	1
2017619	2017620	2
2102730	2102729	3
3713216	3886982	1
10634501	10625336	1
6314389	6314390	1
11175927	11175953	1
8163268	8163259	1
9938893	9938911	1
5772602	6441864	1
4200521	4200655	1
12467416	12467410	1
5237378	5237375	1
4802486	4802485	2
10282698	10282697	1
3497964	3497963	2
5371482	5371479	1
8354834	8354833	1
11543252	11543246	1
11429375	11429376	1
4500524	4500523	3
11546048	11546047	1
8886767	8826761	1
421603	421604	3
6710376	3822083	2
8052147	8052148	1
1247682	1247687	1
5903890	5903889	1
7947819	7947820	1
9870345	9870346	2
8464620	8206824	2
1394492	1764231	3
7902329	7902330	2
8621428	8621427	1
9256979	9280034	2
5793025	5793026	3
9916974	9808781	1
10123343	10123344	2
5283994	5283904	4
6691488	6691485	1
1873300	1873305	1
3683769	3683762	1
6610690	6610689	1
11583424	11583423	2
1582266	1582401	1
7094518	7094496	1
2691402	2691395	1
6741613	6741614	2
3425309	3425312	1
5415507	5417840	2
2811979	2811980	2
6941226	6861176	1
12766789	11638900	1
2899462	2899461	2
10548221	4391817	1
10179539	10166658	1
6181558	6181557	3
7455491	7455492	2
3337399	836748	1
12489080	12489079	1
5507097	5507098	2
8630593	8623943	1
5799839	5799844	1
1756173	1756176	1
5689182	5689181	1
8011257	8016215	2
9093255	9093256	2
10232290	10232287	1
8371958	8371957	3
8662128	8662123	2
8866329	8866330	2
12209126	12209125	2
2754228	2754227	1
2970976	2970975	2
5531326	146884	1
10381618	10381617	3
12149715	12149716	1
7976944	7976932	2
8644117	8714721	2
10096320	10096298	1
6472277	6468083	1
1849274	1849273	2
8718983	8718984	3
11634556	11634578	1
3328797	3328798	1
10728982	10728981	3
9075279	9075282	1
7558474	7520236	2
2774623	2774624	1
2729861	2729864	1
4552214	4624606	2
11764676	11743369	1
11585195	11585315	1
8007218	7895665	1
6460995	6461041	1
4348349	4348273	2
4878751	4983679	2
8816245	8816246	2
7472307	7472301	1
6954902	6954977	2
9169084	9169031	1
1662513	1663448	1
2585860	2585859	2
11936736	11936724	1
12621870	12621888	1
2132692	2132695	1
3477702	182044	1
8882003	8848870	5
3118580	3118579	1
3961975	3963844	2
5631631	5631632	4
8851620	8851619	2
8647273	8663190	1
8892524	8892521	1
4938310	4938309	2
6966155	6966156	1
4227395	4227396	1
4005047	4005060	1
8580067	8579846	2
4793673	4849427	1
7868096	7868095	1
198630	198629	1
11762632	11762631	2
2519696	2519607	1
6044121	6044122	1
7719094	7721772	1
10144826	10144825	2
4161839	4179357	3
8625941	8645615	4
11494923	11494886	2
2811981	2852841	2
12172423	12172424	1
6661970	6675577	1
7603533	7603534	1
1835329	1835332	1
7507964	7507963	1
6155478	6155472	2
2037613	2037646	2
9072309	9011879	1
10333188	10333106	1
6173464	6173461	1
4285828	1738502	1
7322268	7322356	2
11361301	11361306	1
2971944	3055476	1
8893968	8894022	2
7718138	7721847	1
6147737	6147738	3
8320791	8320794	1
112842	113284	1
5450103	5450106	2
8014	8013	1
8796800	8796799	1
1663159	1663160	3
7860745	7860746	1
3913005	3913006	2
4840233	4840229	2
4856088	4856061	1
8761757	8761758	1
8954839	8955694	1
1722484	1722483	1
1319430	1319425	1
8867793	8867796	1
9959134	9959131	1
971617	12731758	5
9094967	9094970	2
7968333	7968336	1
2811231	2811145	2
5757152	5757108	1
9280781	9280782	3
3422678	3423382	2
12774840	12656582	2
718113	718114	2
8035221	8035222	1
8083136	8087102	1
3910281	3910284	2
8534831	8534814	2
7092025	7092026	3
12118574	12118569	1
10428882	10428881	1
5615366	5615365	2
6012169	6012170	2
10453725	10453726	1
6090011	6089990	2
3694764	3694763	2
8713900	8713921	1
9099797	8865128	1
641792	644127	1
6525197	6525198	4
6410570	6410569	3
10827319	10827320	1
936797	936798	3
2959635	2959636	1
7861380	7861377	1
6344881	6344882	3
5058175	5058183	1
9836238	9836235	1
8063514	8063513	2
1663335	1679087	1
906635	906673	2
9340928	9340927	5
8688971	8673060	1
11440678	11440677	1
8842229	8842236	1
398163	246180	1
1607990	12811175	2
7844396	7793862	1
10059802	9988678	2
11117808	11117776	1
11068436	11068482	2
604293	604294	2
1239185	1239186	1
1780297	4258005	5
1498062	1497954	2
10555515	10569979	1
12551353	12551317	2
5947816	5946849	1
11623331	11623332	3
978229	978230	1
7728084	7728196	1
10919531	10919719	1
6061740	6080193	1
3354282	12717090	1
5653269	5711924	1
7684245	7673320	1
7029962	7027278	1
5574573	5574691	1
3859280	3859279	3
7560195	7569096	1
10159849	10064561	3
10220834	10220833	2
10508111	10508112	1
2434911	10002260	1
9006491	9006498	1
2250984	2250981	2
7808249	7719518	1
11314672	11314685	2
2436308	9988604	6
12251274	12251271	1
8666387	8666390	1
10215396	10215395	2
11779155	11779146	5
2387688	2409034	2
11073531	11082221	1
2029769	2028229	1
4787331	4787332	2
11607271	11626915	2
6882225	6882338	1
11458957	11449098	1
8425183	8425079	2
7785192	7793627	1
10285062	10280470	1
8219137	1727400	1
1758506	1393897	2
4251623	4274521	2
11063000	8153815	3
9251733	9251740	1
1530949	1530950	3
9150633	9150634	3
7777479	7777547	1
6484300	3512649	1
11711326	3134500	1
4117629	4117634	1
5511721	5511726	1
7362502	7362501	1
7621739	7621740	2
5898749	5899998	2
6978036	6978035	8
10094102	10084109	3
12549908	12548883	1
6017432	6017429	2
11819570	11819542	2
12785689	12785690	1
5881548	5881547	2
6814550	6814549	1
3425318	3425294	1
5475834	5475759	1
8816886	8815912	1
2530417	2534446	1
12233015	12233016	3
5842309	5842310	4
9787518	9787426	2
4403591	4403592	2
10287859	10226259	3
3358570	3358575	1
12393986	12393985	1
4308002	4308001	2
12724334	12724243	2
437625	437669	1
4117213	3962063	1
11869742	11869707	1
4740711	4740714	1
9381297	9381300	1
12495711	12495724	2
3557712	3557701	1
10652543	10655981	1
10821573	10821574	2
7809310	7809319	1
1275948	1275947	2
7755171	7755172	3
8035219	8035220	1
8812961	8663121	1
8663000	8662999	1
4343575	4343576	3
4668517	4668522	1
1276078	1276072	1
3158308	3158307	1
9161362	9161361	2
10271134	10271121	2
11088238	11088237	2
3678224	3611275	1
10299558	11406811	1
3096059	3096060	1
7251348	7233049	1
7673445	7673466	1
6557601	6557602	1
5695500	5695499	1
3926817	3927246	1
8622802	8658591	1
10263561	10264425	3
328947	328948	1
10142742	10142741	2
9095509	9119567	1
7587848	7651483	3
7450025	7450026	2
7195060	7199003	1
12634911	12634912	1
1575522	1575521	1
1275946	1275945	2
7099056	7099310	1
11533018	11532256	1
7187659	7187660	3
3997687	3997688	1
5793027	5792906	2
8811311	8811312	1
4126201	4126202	3
6992912	6992911	1
7821701	7821702	1
6677817	6677920	1
6542612	6443370	3
11992618	11988575	1
2280119	2147237	1
4696817	4704479	1
7462410	7463136	1
5353295	5353296	2
9868814	9868813	2
6730257	6729791	1
7622198	7622197	2
149840	149839	1
3674656	3588753	3
6916465	6916466	3
6222003	6221984	1
9868812	9906404	1
8696172	8696167	1
9819488	9819487	7
818835	813472	2
7905831	7917264	3
3069702	3069701	1
3989343	3989764	1
6745111	6745112	2
11504705	11504757	1
1379094	1379093	1
6187075	6187064	1
1191021	1191958	1
9478673	9478674	4
9827120	9827123	1
8882076	8881372	1
5826278	5826275	1
12319677	12319678	1
7237502	7237499	1
10546925	10546921	2
7040375	7040376	1
5146057	5141870	1
12411422	12410051	2
5058175	5058176	1
44925	44862	1
11407629	11407660	1
1423435	1357628	1
10752261	10753000	1
3867893	3867894	1
11186434	11186433	3
4595099	4595100	1
889459	889496	1
4865581	4865577	1
922466	929386	3
3353729	3353800	1
11513845	11513846	1
12808091	12808122	1
5613907	5613916	1
11854536	11854535	3
9518733	9518549	1
1234915	1230908	2
9373765	9373646	1
6050442	5816979	1
2902090	2924103	2
430989	430990	5
12448236	12448233	1
3279583	3279589	1
1593311	1593312	1
11357636	11362491	1
11762309	11762310	1
2998725	2998726	1
11676862	11676861	2
11813581	11813582	2
12718011	12718012	2
10068462	10060269	1
9718957	9718958	1
8903562	8903571	1
7714331	7667175	2
10222563	10225723	1
9981878	10009644	1
3442405	3442418	2
4005283	4005268	1
10280067	10285882	1
10773386	3390977	1
9886761	9886762	1
824939	824940	1
4445464	4445463	1
8793493	8793504	1
7756386	7756383	1
10189695	10189696	3
1235187	1235188	1
6799708	6799707	1
7977653	7977654	2
862788	822629	1
7288946	7288945	1
7899202	7899199	1
5986497	5986466	2
6657114	6657137	2
10280067	10285880	5
8551067	8551068	1
8375769	8375770	1
7105462	7105472	1
12435024	12435023	3
4199378	4199203	1
8959638	8951278	1
7594916	7680100	1
6304666	6266036	1
1785299	1785257	7
9021553	9021554	2
8942090	8942089	4
9000593	9010160	1
9981334	10011339	1
6381410	6381356	2
7220218	7220217	1
3093574	2984834	6
173708	178426	2
7970912	7970924	1
7214633	7214607	1
2397230	2501017	1
6923287	6923230	1
3596646	3596645	2
10320212	10320211	1
3597784	3605830	1
6044133	6044134	1
6377368	6333800	1
9764143	9764300	1
7934032	7947818	2
7449526	7449525	1
11868901	11868902	2
9723116	9800148	1
6101087	6134023	1
1003477	10757064	1
12294803	12294804	1
3867892	3867891	1
4736789	4736790	5
4501449	4454049	2
1244649	1244650	1
12809935	12473370	1
7930053	7930073	1
6798352	6798151	2
8603575	8603576	1
4676783	4676786	1
4442874	4314845	2
10115850	10115849	1
1552689	1552690	2
4210052	4210051	1
3578267	3578271	1
2314963	2314964	1
1021440	1023917	1
3618787	3625625	1
5806539	5806540	2
11011196	11011192	1
7376260	7376743	2
10022835	10032331	1
2118710	2212093	1
1608888	1608887	1
3715732	3715743	1
9908358	9892116	2
10188035	10221664	1
76221	76222	1
4783246	4785150	1
8988569	8988570	1
351455	351428	1
10358059	10358060	2
5475409	5475410	1
3163582	3163524	1
190577	190646	1
286717	286718	1
4736791	4736792	4
7964448	7965346	3
2045412	1900891	2
8627215	8626797	1
641788	641818	2
7684245	7684246	1
2889322	2889321	5
9068981	9068982	1
3674364	3674363	2
9390917	9390918	1
4580000	4579999	1
6033190	6033198	2
4391413	4391415	1
10978278	10978258	1
6316777	6316778	2
11531299	11531300	5
11101817	11101844	1
10041112	10041045	1
10162231	10237985	1
5097914	9325855	1
8804517	8804518	1
11004231	11004234	1
2811222	2811221	1
6978585	6917160	2
11382099	11382100	1
8767585	8767616	1
5736906	3748783	1
3625624	3625623	1
6273436	6273435	1
1580702	1826492	2
8722731	8722732	1
1957879	1957880	2
3332045	3327942	1
3827995	3875532	3
3636104	3636103	2
2040670	2040669	1
8388440	8047208	2
9698656	9699070	3
12122212	12122211	1
12534382	12735814	2
9266986	9266985	1
9912423	9933483	1
10734849	10734850	1
6441382	6441379	1
9144071	9151007	1
10508347	10509039	1
1612557	1612560	2
1714297	1714294	1
10190559	10190560	1
8790049	8871753	1
2367022	2367064	1
4424575	4424576	1
7935342	7934904	1
10048528	10129639	2
2952769	2952779	1
6345313	6345314	1
7774825	7767934	2
8590165	8589812	1
6613750	6632742	1
6364513	6364514	2
10146304	10211149	1
12767105	12767136	2
9815671	9863664	1
4306777	4306778	2
1988377	1988378	3
4198628	4198627	1
8660005	8660008	1
4593986	4502450	1
8643441	8643442	1
10558970	10558969	1
2076245	2076246	1
4881122	4134903	2
5649039	5649040	4
4233523	4232604	3
10031305	10031306	1
5053365	5053366	3
4063980	4063975	3
7756617	7756618	1
5500655	10717969	1
3411660	3411655	1
12442001	12442002	1
78486	78485	1
8185865	8185969	2
11386973	11386974	1
9159432	9159431	3
4626578	4626577	1
6916731	6916755	1
7993850	7911811	1
10338975	10338976	2
7889927	7889928	2
7717777	7717778	3
4487039	4486942	2
6178179	6178180	1
3956969	3957128	3
8547059	8547129	1
2939308	2939305	2
8055969	7583365	1
9238495	9238496	2
9170790	9170789	3
3489231	3489232	2
8848451	8848452	1
9018374	9018373	2
6096742	6096741	2
3275325	3275326	1
5079926	5079925	1
11398205	11398206	1
12224208	12224237	1
2022350	2022349	1
9189374	9189451	1
4486943	4486944	4
5500467	5496487	1
3718638	3715700	1
11139080	11139079	1
4171653	4171654	1
5856915	5856531	1
3864331	3864597	1
6779219	3518743	1
11322611	11322605	3
7973367	7973368	2
680688	680685	2
1543064	1543063	1
5526247	5526391	1
1206495	1206496	1
10910616	10909804	2
8452912	8452911	2
2373297	2373364	1
8649160	8649163	1
9373641	9373646	1
7823479	7827115	1
1933417	1933418	1
8428524	8545297	1
4736176	4736173	1
8667790	8667789	2
10059806	10059805	2
1318002	1318001	1
6610320	6610319	1
8354837	8354835	1
9614752	9622511	1
807186	807185	1
7727043	7683706	2
1903952	1903951	2
544418	544417	2
5252703	5252704	3
10219816	10219815	5
6888567	6865380	1
3276284	3275485	1
9815960	9855866	5
5423071	5423072	1
5633745	5633847	1
4679937	4679938	1
8695475	8695955	2
7925275	7994860	2
10114634	10114637	1
12781642	12781641	1
1395313	1395314	1
10171622	10170127	1
846196	846179	1
7981670	7981669	3
8253028	8246221	2
9355621	9523985	1
9997169	9938529	1
12300397	12300398	1
9075279	9075280	2
4006888	4006885	2
11573969	11573966	1
11860481	11860482	1
6739447	6739448	1
4835502	4842190	1
8925157	8925158	2
6430895	6430896	1
6757069	6757070	1
7298309	7298310	1
6847154	6847153	2
12375937	12375938	1
8984199	8984205	3
9191818	9191815	2
4295259	4295260	1
10123931	10123934	3
7858588	7858587	2
3756120	3756119	1
7454503	7454504	1
9028850	9028845	1
8716052	8716051	1
9340928	9515998	1
1270220	1270271	2
10930798	10930797	1
7644097	7644098	2
6478657	6478658	1
8660918	8744190	1
5014276	5014275	1
784834	784831	1
1766254	1757830	1
7241586	7241585	1
7655865	7655866	1
7643630	7643629	2
7428388	7428366	1
9006129	8920908	1
5602098	5602097	1
6814184	6815333	1
11929082	11929081	3
2131856	2131855	1
10764208	10764177	1
745062	745061	2
5384985	5345871	1
10683418	10683417	3
6016908	6016928	2
6517922	6517921	2
10052374	10052576	1
10180674	10180673	2
6017432	6017427	2
5182211	5182212	1
3332041	3332044	2
1606402	1610683	1
104909	104910	1
8877228	8877227	2
8982534	9003244	4
2378105	2378106	2
11678838	11678841	1
3510961	3510719	1
5493080	5493077	1
8424631	8425516	3
6404984	6404981	1
8815736	8815877	2
6915720	6983880	1
5875037	5875038	3
4188582	4188581	4
8249192	8249198	4
2118049	2118050	3
8032606	8032583	1
9256977	9280034	2
9075283	9097875	2
2521470	2263608	1
7968333	7968338	1
6806888	6806887	2
7804769	7804770	1
7755790	7755787	1
7934032	7947820	1
7430301	7430350	1
7824949	7824950	2
4499891	4499901	1
3781061	3781036	4
6005244	6005243	1
478669	478618	3
1370248	1370247	2
1451981	1451988	2
11638903	11638904	3
467701	467706	1
6198330	6198329	2
1252808	1252807	2
10248652	10248784	2
7830009	7828026	1
4558525	4559690	2
7671020	7671043	1
4204461	4204462	1
9534039	9534071	1
12011261	12122160	2
10319074	4248608	1
7793715	7793716	3
12576649	12594976	2
8965199	8965200	1
10229907	10229908	3
3911715	3910395	1
8699952	8658969	2
10366244	10374852	1
7460356	7455393	3
84512	84511	3
10359367	10359370	1
10423275	10423276	2
5877518	6025593	2
9170790	1105426	1
7716425	7716426	1
8600072	8600071	1
10414321	10414312	1
5699698	5699676	3
10035326	10035325	1
4959407	4959408	1
10167331	10167334	2
10485670	10485636	1
12625471	12625472	1
550959	550896	2
1038005	1038006	2
104961	104962	2
2894698	2894697	4
4566066	4566065	1
10004525	10035320	3
9182493	9141809	1
11657472	11657460	1
90520	90517	1
1102352	1102351	2
6329133	6329134	1
5422436	5422435	1
2783001	2783002	1
6509880	6509877	1
7729279	7728992	1
7912376	7904231	4
5134755	5134751	1
7639047	7639317	1
11628711	11628712	2
9817101	9817104	1
8902738	8902737	1
6850009	6850122	2
5009944	5009943	1
4659606	4659605	1
281298	281297	1
10275885	10275890	2
6845880	6845879	1
8704958	9548934	2
1869905	1869906	2
4991823	4991828	1
8878231	8879531	1
4370262	4370261	2
9140333	9139686	1
9059031	9066925	2
5276217	5276218	2
7910243	2518537	1
4391393	4391394	1
1581654	1581651	1
7830167	7818184	3
8019162	8003826	1
9267754	9267753	2
3283217	3283218	1
9497747	9497748	1
12306438	12306215	1
3159823	3159824	1
3297933	3297974	1
11799670	11799684	2
5871456	5868989	2
9040917	9040927	3
10492190	10492189	3
12650627	12571368	1
126836	126833	1
6306335	6306338	2
12714563	12714564	1
1602805	1592048	1
9876092	9876091	1
191229	164618	1
8113765	8148378	1
5348608	5348607	1
4440212	4310636	1
9853524	9853889	1
8809079	8860450	1
7446298	7446297	2
4316793	8899814	1
544771	543399	1
12658467	12658478	4
3257303	3257513	2
11831373	11831374	2
6427366	6427361	1
9911501	9911502	1
6768024	6670461	1
8021112	8027153	2
2783677	2783678	1
12665716	12665715	3
1867142	1867141	1
4386943	4386937	2
6219784	6220020	2
6592952	6592947	1
2414802	2414799	1
6038823	6038824	2
8503761	8503716	1
7660000	7659981	1
2176238	2176237	3
8758396	8758395	2
6019795	6015162	1
11855085	11855086	1
977645	977472	2
7897538	7828440	1
4200788	4200791	1
954176	954239	3
10690653	10690660	1
11462033	11462034	1
590216	779529	1
8025733	1874721	2
12291303	12291324	1
3294418	3294428	1
9908066	9905310	4
8963554	8963377	1
1036567	1036568	3
4151911	4151912	1
7868096	7868093	1
7834270	7833246	1
9931441	9921767	1
12163821	12163822	2
11117683	11074324	1
7066304	7066303	2
10635398	10635395	2
4785235	11619230	1
5842305	5842308	1
34994	36514	1
8769361	8769364	1
1262742	1262741	1
6016501	6016442	3
494583	3626614	2
2523494	2523493	1
11199385	11199386	1
4485114	4485113	3
3548488	3548487	3
5487084	5534497	1
37972	37971	1
6937565	6937568	1
8097955	8097956	1
11330893	11537344	2
4844853	4844834	2
6169239	5816891	1
11818557	11818437	2
10181032	10181029	1
6306337	6306338	1
9516475	12722910	1
4028774	4028773	2
3416858	3416857	3
11211445	11211446	1
2245329	2245311	1
9997167	9997168	1
2281245	2281283	1
12478784	12478783	3
3788136	3788155	1
7524405	7524291	1
1902014	1902051	2
9006034	8920763	1
4010923	4011156	2
6370006	6370005	1
5711206	5710209	1
1444105	1450037	2
11282802	11282801	2
5983328	5983331	1
2717305	2744399	2
3902963	3902966	2
11508986	11508935	1
8965195	8965200	1
481504	481513	1
4991531	4991532	1
4949552	4949551	4
6035520	6035365	2
9958162	9951657	1
3883882	3883881	1
7483953	7481514	1
11521106	11522179	1
3940448	3940447	2
11499550	11500421	2
8820757	8820758	1
12807363	12807413	1
10634395	10634396	2
8970566	8972700	1
5185271	5348205	1
5175667	5175668	1
8633161	8633154	1
2495352	2495351	1
5339776	5396329	2
1997765	1997766	3
1562143	1562144	2
10613531	10613532	2
7867927	7868008	1
6812801	6782578	1
7174439	7174442	1
11472797	12658266	1
898694	898693	2
2245323	2245326	2
10057228	10057227	1
1389747	1389736	1
2897715	2897716	1
9273168	9266987	1
6936505	6937079	1
10201925	10204667	2
11472573	11472574	1
12779549	12779550	1
194011	194012	4
9340926	9515998	3
3753172	3753171	1
6829375	6829376	1
12260302	12260301	2
1354866	1354865	2
9913886	9913870	1
2513960	2513959	2
7448853	7478281	1
2318735	2318738	1
9041559	9046517	1
10134606	10134605	2
6775881	6775886	2
11624193	11509916	2
8700445	8700446	3
9922407	9947085	1
3611274	3611273	1
5918240	5915376	2
7992661	7932312	1
991193	991374	1
11680231	11680232	1
9475114	9475111	1
8779855	8779856	4
3431720	3408786	1
10132927	10130783	1
9914059	9914060	1
2212209	2211506	1
9068238	9068019	1
7112290	7112256	3
8972733	8972702	1
3503692	3503691	1
2208002	2207999	1
2196873	2196876	1
10903277	10903248	2
2685375	2685379	1
8781730	8621989	1
4706700	4679916	5
9106960	7017811	1
4856302	4856321	1
11866610	2274238	1
9159298	9159297	1
5171256	5191527	3
6034769	6034770	2
9063986	9063985	1
5261361	5261332	2
1526485	1245276	4
8378624	8378621	1
6202843	6202844	2
123491	132158	1
5645944	5646172	1
12026453	12026454	2
9157807	9157535	1
12129029	12162328	1
11854298	11854295	1
5142325	5669483	1
10069239	10069240	1
7329457	7329458	3
6817788	6817787	2
5761842	5761841	2
8898115	8961097	2
8474675	8472047	2
4835729	4828521	2
12267979	12268071	1
2056544	1923453	1
4801192	4801174	1
908554	908553	1
8978268	8978278	3
4676785	4676786	1
6546546	6546545	1
5674363	5674364	2
10104472	10104471	1
2286214	2286211	1
8851371	8851372	1
6205531	6205532	1
3049067	3049068	1
9373641	9373764	1
4407755	4407790	2
8176599	8176602	2
8026415	8002924	2
11718611	3145740	1
8483306	5182804	1
1917979	1917980	2
6469210	6473459	1
1348816	1348815	2
10131552	10131574	1
6505651	6505652	5
3003953	3088431	2
1202472	1202471	3
12513594	12513593	1
9156521	9142353	2
8919789	8919792	2
6185063	6185064	1
4036237	6795894	1
5605660	5683967	1
7624396	7624331	2
8661509	8661510	2
8784960	8784959	6
7929333	7929334	1
10484561	10484562	8
9159296	9159293	1
11888602	11888601	2
7148112	7148055	2
9554589	9554590	1
2985085	2993173	2
7426614	7426613	1
1536346	1536349	1
7957232	7957207	2
7515361	7515362	3
4035712	4035711	3
1823756	1823755	4
1841586	1841565	3
190573	190899	1
10355154	10355153	1
12609646	12601476	3
3528527	3528528	2
1512206	1512205	1
11709653	11709642	1
3303010	3303009	1
9273168	9266985	1
773194	773210	1
1536261	1539336	1
10114285	10117832	1
631794	719511	1
7460020	7447594	1
237641	233866	1
7598923	7598926	2
2286884	2286823	1
3928354	3928353	1
7789873	7820671	1
9102904	9102903	2
94135	94112	2
2066811	2402958	1
5695503	5695504	1
4940395	4940421	1
10025851	10025852	2
607379	606069	1
11484827	11484820	3
5324067	5324068	1
4446604	4446603	2
9544766	9544765	2
4753419	2008477	1
3049065	3049066	2
11478901	11479134	2
163185	676790	1
12477802	12477794	1
11516841	11516842	1
9102906	9102903	1
688423	688424	2
5371482	5371481	3
8979017	8979022	4
8984197	8984198	3
4691134	4691133	1
5212272	5212271	2
9072307	9072308	1
7226914	7226688	1
12393984	12393973	1
8177655	8177656	2
928788	928787	3
1104963	1104966	1
10831707	10831708	2
1047840	1047839	2
5237709	5237713	1
4435420	4426780	2
1191317	1191318	1
127488	127458	2
302475	302067	3
6323640	6294693	1
84899	114460	2
7891335	7889926	1
10466477	10466478	1
6316012	6316015	1
1666892	1666891	2
4740713	4740714	1
7952395	7952396	1
9808663	9808666	1
10226686	10207556	2
10575481	10575754	3
9942661	9942662	1
11853368	9298166	2
8686322	8686315	2
544416	544415	2
8017944	8017941	1
2436308	9988606	2
5381099	5380998	2
6916467	6916468	2
7555724	7555723	1
8528406	8528405	1
7446430	6540275	1
8009213	8009154	1
8426028	3745323	1
4486945	4486946	5
9084066	9081594	2
8358344	8358341	1
9022787	9022788	2
9186717	9131173	3
7704328	7704327	1
5983557	6079266	3
10933106	10959739	1
2004831	2004798	2
6735153	6735136	2
8778917	8772886	2
12333479	12333480	1
9041117	9041120	1
1111423	1111424	1
7986246	7922704	1
7453839	7453840	2
11957112	11957103	2
7090189	7174572	2
10344498	10344497	1
9070156	9193809	4
4051552	4051551	1
7617780	7617821	1
5399624	5399623	1
537845	549092	1
9134573	9134574	2
6568838	6568837	2
5489576	5489575	1
941949	942300	1
8206003	8206032	2
12759624	12760049	1
3627907	3627867	1
10232286	10232291	1
2569148	2569145	1
8345213	8345216	1
297184	297351	1
8515137	8515138	1
11611438	11611435	4
1256960	1262769	1
12650051	12650052	2
10889386	10907106	3
7437412	7437416	2
4462123	4462124	1
2044186	2044606	3
9329156	9329155	6
4032298	3988878	1
1822793	1822794	2
569073	569076	1
8743681	8743682	1
6955950	6955572	1
9148394	9148393	1
263236	263193	1
8349288	8349361	6
8993597	8901815	1
8204896	8204893	1
10047978	10047975	1
8796012	8796016	1
567161	567162	1
3910285	3910286	1
1643803	1643804	1
2606904	2581948	1
11844631	11844794	1
7344170	7344204	2
22501	22490	1
9673852	9673847	1
5540573	5540557	1
9919697	9919737	1
10144323	10144345	1
6860443	6860437	1
7941848	7943381	1
7593033	7593080	3
10742727	10742728	2
5749353	5749354	1
10492252	10492191	3
3100849	3100850	1
8510398	8510397	1
10072471	10072472	2
9973618	9973617	2
3530786	3530795	4
6193923	6193721	1
9086882	9076745	2
848212	848541	2
9047975	9047976	2
6989721	6989724	1
10017948	10000394	1
3922760	3922759	1
759927	757048	2
812275	939457	1
8764492	8764491	1
1301977	1301978	2
7902887	7899387	1
8005164	8005163	1
3159974	3159970	1
8925157	8927879	1
6124563	6124564	3
11676728	11676739	1
9836234	9855448	4
5754209	5754210	1
10034647	10034648	1
11208852	11029189	1
9049869	9109856	3
10323003	10323006	1
9510049	9510050	1
5505571	5507098	1
7770545	7779976	1
3455144	3455143	3
7526998	7525930	2
5677721	5677722	2
5497180	5497250	1
4501140	4501096	1
6000241	6000226	1
9029243	9029246	1
9031819	9029912	1
1505026	1555452	2
5574563	5574564	1
1164796	1164795	2
1886603	1886599	1
9907169	9907071	2
6786802	6719991	3
12272650	12170399	1
8731442	8733360	1
7791810	7791809	1
6189069	6189070	1
5719713	5719714	1
1610642	1610641	1
12453135	12453136	1
10280241	10280242	2
6057438	6071673	1
10180697	10180698	1
1823758	1823755	2
12165959	12165962	1
7909028	7909027	1
2367663	2367664	2
7471181	7527083	3
6942247	6942248	1
3068508	3068507	1
10763290	10763376	3
10120068	10212691	1
1955949	1955950	1
8476363	8476364	1
7533159	7533160	2
3288231	3288232	2
3356239	3356240	1
10633227	10630944	2
12434756	12434755	2
2388164	2387888	1
6215330	6215329	1
2902573	2902576	1
3358867	3358868	4
4809944	4748581	1
11719816	11891498	1
9146423	9146550	1
9114989	9114990	1
10284620	10280389	1
6872264	6872263	1
9037407	9033504	2
1192351	1192352	1
4216447	4216448	1
7964833	7964834	1
12360245	12358945	1
5428456	5428455	1
8408361	8408525	1
6333782	6376553	1
10204673	10204674	4
6021996	6021859	2
7745590	7745589	3
8806793	8805321	3
6966377	6966707	1
7366948	7366910	2
134969	134975	1
1164244	1010425	1
6170777	6170778	1
10094498	10090742	3
5808232	5808231	1
11943343	11943344	1
2313509	2313427	3
5535027	5535028	1
12772113	12685001	3
8902236	8886401	1
7500043	7513362	1
10792662	10792657	6
202699	202701	3
7382350	7113381	1
11624275	11624276	2
8438874	8438910	1
268252	268255	1
10968087	10979812	1
7376930	7376919	4
4530322	4531119	1
10710638	1046751	3
10237782	10168756	2
6915929	6915930	1
7873275	7873276	1
11857632	9304432	2
5881550	5881549	4
7656775	7608636	1
7838701	7838724	2
7870412	7876250	2
7472916	7472915	1
2347057	2371129	1
7934731	7935059	1
2132774	2132773	5
3529391	3529392	2
7738113	7738259	1
7683725	7683726	3
12445365	12445366	1
2775093	2775094	1
868761	868730	1
10738252	10738272	2
7933608	7899982	1
3646827	3646828	1
5021644	5021654	2
11720102	11720101	1
3291354	3291353	3
5983405	5983406	4
7025380	7025379	1
8289960	8287111	3
11826425	11826283	2
6521870	6521792	1
3660141	3660167	1
4570501	4570507	1
8903823	8903494	2
10047974	10047973	1
812668	812667	2
3131737	3131738	2
8631704	8631956	2
2909676	2909453	1
7061454	7061453	2
9157807	9157533	1
7081253	7081254	1
11960749	11960754	1
6874366	10079733	1
7877331	7877332	1
11600803	11600804	1
11219663	11221103	1
11735514	11735543	1
11267185	11267155	1
10114283	10114284	2
5067227	5067228	2
12713927	12713928	1
2549228	2549352	3
4511605	4511606	1
1231580	1231579	1
12178809	12193765	1
1823758	1823757	3
4572570	4572569	4
1287111	1295906	1
9112104	9112103	3
1829949	1829804	2
4136377	4136050	1
8321918	8321917	1
8030148	8030147	1
5757322	5757321	1
4631442	4585760	3
7219980	7219979	5
12549908	12548885	1
2975116	2975113	1
4759795	4759796	1
7915153	7915412	3
9998628	9970017	1
8952654	8952651	2
10612407	10491044	1
9429875	9283512	1
8696392	8682040	1
4512184	4512183	1
12207097	12207099	2
2469357	2469358	1
1731699	1731702	2
4429225	4595055	3
2372652	2372651	1
1762372	1762039	1
8010953	8010948	1
3685560	3680057	1
8408359	8408360	1
12805812	12805811	1
3273515	3273516	1
11942407	11942391	3
7574314	7574313	1
2097010	4754471	1
12038557	12035292	1
10221820	10221819	1
2975103	2975104	1
9447419	9447415	2
4833980	4833963	1
11923255	11921767	2
7590325	7667422	1
9424422	9424421	1
9106132	9166041	1
8222813	8222920	1
10024539	10024540	2
5136357	4951503	2
11364320	11364317	1
11550308	11550307	1
5284525	5284513	2
1082488	1082485	1
6395154	6395153	1
12315912	12315907	1
9879230	9875480	1
8196445	8195311	2
3062270	3062471	5
947555	947634	1
11038583	11038584	1
3965971	3965972	1
9295036	9295035	2
6225924	6225923	2
9045939	9045940	1
5784765	5782994	4
8490017	8490008	1
2685923	2685924	2
7903129	7902973	2
5694761	5694762	2
8658052	8658051	2
9905311	9905312	4
3297341	3297342	1
7752092	7752091	1
1107879	11449682	2
126246	3649982	1
159609	159610	1
10184472	10184471	2
6913326	6913325	1
1731703	1731704	1
1245277	1245278	3
7427749	7427750	2
449642	449641	2
10211418	10211512	1
200652	200651	2
9028491	9028492	1
4527815	4527816	2
3431720	3408784	2
3208491	3208494	2
4406194	4574343	4
10830611	10830555	1
6176300	6176292	1
3559019	3561077	1
8087939	8087940	1
4524915	4831551	1
6410337	6410571	2
518354	543648	3
7855018	7855013	1
11942405	11942406	4
7923487	7766016	2
9262994	9293939	1
751807	751892	1
4463821	1973103	1
7304727	7304728	1
6539069	6539078	1
7669813	7685791	1
3830561	3830291	1
7813939	7837937	1
2229940	2229939	3
11768276	11768275	1
10595209	10595210	3
4487039	4486938	11
8996050	8996049	2
6198631	6198632	2
4662477	4631331	1
7811886	7811888	1
9852684	9846675	1
4189823	11934472	1
10656664	10656719	1
7150405	7150367	1
178774	178769	3
10189406	10189197	1
7949728	8015241	1
5448046	5448045	1
10420996	10420989	1
9313263	9312902	1
12338432	12338431	5
10775006	10775005	2
349108	349107	1
3507251	3507227	1
8939810	8939809	1
7650503	7650506	1
10278302	10278301	2
8908693	8908694	1
12742406	12627893	1
8965195	8965198	1
10658928	10658927	1
12453657	12453244	1
6843116	6843115	1
11130652	10877609	1
4721435	4721438	1
788978	774457	1
7477636	7477633	1
4586086	4586085	2
7140699	7140711	2
6861892	6861828	1
5704040	5704039	1
5519676	5527609	1
8425618	8286241	1
9291975	5535026	1
1464184	1464183	3
10114116	10097196	2
4524701	4524702	1
5492304	7187658	1
10162448	10109530	2
7040380	7040374	1
4332632	4332631	1
1104627	1104645	1
3061882	3061873	1
230316	233104	2
1414880	1414879	3
2250982	2250981	1
9569995	9569996	1
7790014	7727912	1
11924019	11924020	1
3563410	3563407	2
6310116	6310113	1
7107536	7107551	1
3950415	3950416	3
6988340	6988339	1
2575818	2575817	1
8985561	8980060	1
5631633	5631430	2
8710461	8724126	1
6948481	6948478	3
9079419	9079422	3
603247	350444	1
9018061	9022997	1
1498864	1498863	2
4404037	4404038	1
5150509	5145017	1
6924875	6860431	2
3050669	3050670	3
2420586	2421526	1
7934733	7935059	1
3751411	3751412	1
8909491	8909494	1
3264418	3264413	1
4545637	4545638	1
1011145	1040918	4
9190460	9196382	2
8006398	8006404	1
7932010	7932009	5
12613957	12613960	1
3609275	3834935	1
10826938	10826935	1
360589	362317	2
2016667	2016668	1
7955758	11534222	1
7504052	7504051	1
10302210	10302209	1
5141936	5141935	1
1986200	1986199	1
5082197	5082039	4
5486794	5486793	2
3294846	3294845	2
7855012	7855011	1
6032554	6032549	1
8682852	8682916	2
806915	806916	4
12517587	12550966	1
7689791	7689792	1
3911845	3911922	1
8920377	8920378	1
9553224	9531627	1
8803711	8803712	1
9989081	9989777	1
11241042	11243413	1
10297213	10296315	1
2394246	2394245	1
7085357	7085358	1
5469329	3381443	1
657229	657230	1
878981	878982	2
8546621	8546654	1
6383281	6381417	2
8854722	8854721	1
2861295	2861296	1
7194823	7195248	1
3250702	3346280	1
1801826	9325352	3
6420000	6419997	2
9184978	9184977	3
4853597	4853600	2
3237510	3237509	3
6173923	6173924	1
8545659	8545660	2
6841861	6841864	2
1593142	1838776	1
3358899	3358918	1
9787142	9787141	1
4507431	4507432	3
8732176	8732175	1
7755788	7755787	1
8750121	8779907	1
820537	820538	4
53985	53786	1
4245790	4245789	1
8865698	8851359	2
8558184	8558181	1
10494456	10494141	1
7017810	9106957	1
2992750	2992765	1
149842	149841	2
12237996	12237977	1
12030352	12030278	1
4339708	4339707	1
8445048	8445047	1
7756913	7756879	1
7489956	7589744	1
976066	10172627	1
2395246	2372653	1
7911321	7911324	1
6630887	6631540	1
9095040	9095021	1
308058	308057	3
8648366	8648365	8
8557684	8618007	2
3941728	3941727	1
3605937	3605938	1
11854538	11854535	1
6293259	6293264	1
2144838	2144837	1
7505096	7505095	1
6081524	5862335	1
2022832	2022786	1
10104481	10104473	2
8799762	8811152	1
8055267	8055270	1
6768024	6768021	1
1140389	1139109	4
5490264	5490240	1
8921031	8921555	1
10960567	10960568	1
9984976	9993138	2
3305545	3305753	1
6027499	6027504	1
5950601	5950602	1
8714175	8714176	1
7824492	7824489	1
7462542	7462541	1
10761434	10761433	1
8859148	8859017	1
1804240	1798093	1
3893230	3893074	1
4378135	4378280	2
11874348	11874347	2
12723812	12723763	1
6173464	6173463	1
5695181	5695182	2
9357002	9360753	1
10420450	10622451	2
6430891	6430892	2
7621741	7648526	1
7897619	7825129	2
10049292	10049291	1
7988555	7988556	2
8272650	8272649	2
11832772	11729068	1
11764280	10264227	1
7427749	7427752	1
3928350	3928349	1
8034585	8026431	2
1762282	1762273	1
10046647	10046648	1
525897	493916	2
8027797	8030149	1
758500	760420	1
1097409	1097410	2
6974688	6974687	1
11594250	11594203	2
6096246	6096245	2
5720473	5720474	1
11266239	11266240	1
9174415	9174418	1
6264603	6263209	3
7446455	1927725	2
7446269	7446495	1
1762484	1762481	1
5350572	5350569	1
11343256	11343270	3
1255803	1255761	1
2576426	2576607	2
8754793	8754794	1
8152784	8152783	1
5475299	5475134	1
6376419	6376420	2
8681980	8626834	1
9951696	9932281	4
10086182	10103554	2
4356523	4356518	1
8962584	8961835	1
3424268	3610411	3
1232071	1232185	1
11669389	11669390	2
6724755	3525331	1
9534429	9534430	1
11088236	11088235	2
7446248	7446247	3
10381652	10381666	1
2097951	372505	1
2499958	2367664	1
7380954	7380951	4
11611440	11611435	1
9333270	9342084	1
7619922	7619921	2
6238141	6238142	1
10189614	10188801	1
8515150	10522779	1
5530154	9912029	1
11527070	11527064	1
9500511	9500502	2
695491	695492	3
5780251	5780252	1
7029962	7029961	2
8960988	8960987	2
9482495	9482498	1
6575647	6575648	1
10838887	10838890	2
8928220	8928219	2
6445590	6445593	4
6410337	6410569	1
10148066	10148065	1
2197489	2197492	2
12022397	12022398	1
5570302	5570301	1
2939308	2939307	2
8302593	8302596	1
11178338	11178333	1
12557943	12557944	1
4122717	4122718	2
447432	447436	1
9698185	9799722	1
7752493	7752767	2
10202191	10202196	1
2427042	2427041	4
6847923	6847956	2
3552106	3552105	1
5013833	5013834	1
9905672	9905628	2
8204896	8204895	4
403531	403534	1
1349011	1349012	1
11650238	11650258	1
812040	812037	1
8816528	8883772	1
1928969	11336316	1
7389035	7388248	1
8818209	8818170	1
5753650	5638868	1
7387813	7387816	1
8702800	8702799	1
11551544	11551543	1
7072983	7072984	1
3636102	3636101	2
12322768	12322767	1
6719133	6548261	2
10492837	10489931	3
10752146	10752145	1
7996146	7996143	2
7595975	7595976	1
8647106	8647099	2
7722021	7722024	1
11414848	11415539	2
8898875	8898878	3
8824395	7736476	1
2109335	2109295	1
4120098	4120277	1
6413188	6413187	3
11909501	11909502	3
9359615	9359616	1
8186511	8186514	2
12675329	12675358	1
2088181	2088182	1
7524405	7524289	2
5050349	5050350	1
10059807	9985622	1
9007113	9007282	2
10307533	10307534	2
7538814	7538813	3
7683699	7683724	3
2798779	2798744	1
632947	632950	2
3200736	3200735	1
191229	164616	1
2433103	2425654	3
3420199	3420127	1
10922810	10923269	3
7769388	7770502	3
5639130	5639151	1
4340611	4340612	3
4501999	4502000	2
12118574	12118573	1
4723288	4723298	4
7472276	7472247	2
10197907	10215397	2
7903529	7903530	1
9334173	9334174	3
11525424	11525423	2
2295446	2295438	1
7464965	7464966	1
78488	78487	1
6743185	6743186	2
8219137	8218941	1
3322743	3322744	1
9974581	9974582	2
6043757	6033494	1
12315908	12315907	2
8551106	8551105	1
1795758	1795757	3
10254906	10254905	1
4309381	4309353	1
9718783	9718784	3
7818320	7794152	3
10887591	10887592	1
7130899	7130900	2
9993487	9994711	1
10735334	8476998	4
1732494	1732493	2
9174419	9174422	2
6774671	6774672	3
7094644	7094643	1
6986543	6986544	1
12314507	12314574	1
8924374	8972714	1
7976213	7988207	1
10836897	10836900	3
5143763	5143764	1
8892584	8893967	2
10200848	10200845	2
12199185	12199186	3
8574714	8577928	1
4057428	4057427	2
12377741	12377742	2
9800152	9800624	1
1008512	1008511	1
6674996	6674995	2
7542695	7542676	1
11634999	6311608	1
2200171	2200172	1
8693771	8693772	4
3601443	3601791	3
6791091	6791092	1
8260345	8260346	3
11800026	11800050	1
4039832	4039985	1
3619988	3619987	1
5537841	5537842	1
3279443	3279444	1
3906410	3906409	1
308499	308500	1
866152	866151	1
12791864	12791863	2
7777268	7777267	2
9150011	9149998	1
4016942	4017065	1
6806886	6806885	2
7643632	7643631	1
8067990	8067786	3
7593977	7593978	2
9993405	9993406	2
9052384	9022786	2
6352474	6352473	1
11360556	11795991	1
429525	429528	1
12493688	12493651	1
7852201	7852202	1
10489930	10489929	2
7473688	7473687	2
9134286	9134285	1
621360	621359	1
10338973	10338976	1
11967714	11968709	1
6781436	6781435	1
11377646	11377761	1
9659795	9659796	1
7391823	7391824	1
3983922	3983655	1
9988605	9988606	4
10383099	10383100	6
7464686	7456039	2
10000393	10000394	1
4261286	4261285	2
10043961	10043905	1
9079409	9079410	7
9874558	9874557	1
9032203	8993964	2
2037897	2037898	2
12338436	12338431	1
5511721	5511724	1
7790079	7790084	1
10660897	10660034	1
6002284	6002283	1
6410335	6410571	1
9942308	9942635	1
7707656	7707655	1
11397468	11398206	1
6090910	6090830	1
8799924	8809899	1
632617	632618	1
10985727	10986094	2
7480847	7480848	1
7591291	7590335	4
4413175	4412390	1
6476706	6476705	1
4011428	6774016	5
3350594	3350593	4
3140777	8098041	1
8152784	8152781	2
6882849	6882850	2
7503405	7503406	1
2223472	2013874	2
422985	422986	1
8620324	8646665	1
8444218	8444217	1
10635398	10635397	1
4341185	4341186	2
8808630	8808629	1
4648051	4820316	1
5185273	5348205	1
7805541	7805542	2
2118710	2118709	4
9792643	9792644	4
2786396	8920108	6
10411941	10411942	1
1075618	1075513	2
5648829	5648830	1
12650627	12571364	2
10003622	10003716	1
5826593	5826594	2
1970506	1970517	1
212271	219337	1
190571	190572	2
7313416	7242153	1
10655917	10655915	2
5754575	5754578	2
8306497	8306498	1
3006677	3006016	1
6947296	6947290	1
4947339	4947320	1
8303028	8303101	2
10381758	10381755	1
11878475	11878476	1
10120070	10120069	2
9333863	9361018	3
1069065	1069066	1
10115088	10169438	2
718357	718358	1
3720855	3622911	1
6427366	6427363	1
3700155	3700023	3
7806317	7807373	3
8021059	8022192	3
5197991	11581367	2
12576649	12594978	1
10136240	10055567	1
1590744	1590743	1
1758232	1758206	2
3487134	3487351	2
9381306	9381305	1
5694549	5694550	2
7678875	7678728	1
2980350	2980349	1
4185201	4185204	1
7812383	7812697	1
4224807	4224964	1
9756310	9756309	3
11263344	5013549	1
1149559	1149560	1
7587420	7587417	1
11108100	11108097	1
2658614	2706230	1
3100973	3100974	1
8649162	8649161	1
4679004	4679001	1
9542219	9542232	1
8687147	8687148	2
6427368	6427363	1
9849090	9849069	1
9876009	9876005	2
1034077	1034527	1
7463745	7463923	1
9676198	9676096	3
2904026	2904025	2
6305568	6305567	1
5977808	5859377	3
10219149	10219817	4
7040706	7246247	1
6521676	6521675	2
11689207	11689198	2
11118762	9047769	2
10007906	10007908	1
10222511	10215763	1
11838998	11838997	1
6029953	6029956	1
10169439	10169440	2
5372592	5372607	2
3524271	3524357	1
9034016	9060660	1
4787326	4787325	3
8666387	8666388	1
8699844	8640319	2
8802930	8802929	2
8776564	8776563	3
739740	791098	1
6779219	6779220	1
8924827	8924828	1
9966952	9966752	1
4557980	4557977	4
7664298	7785601	2
6799473	6799474	3
800840	800839	6
1200143	11955832	1
2127172	2128525	1
7460461	7460462	2
9297182	9297181	1
5847460	6041167	1
360589	360590	4
3097219	3097139	1
9925525	9925526	3
8064068	8064067	1
11027645	11027646	3
7468298	7468297	2
2672116	2672228	3
7497578	7645252	2
6089931	6088953	1
11034640	11196217	1
426027	426028	2
12774455	12774456	1
5698176	5698437	3
5134712	5134711	4
7185713	7185714	1
11624278	11624277	2
10358871	10358872	2
8534205	8534206	1
10999334	10999333	4
9075969	9075970	1
11875348	11875347	1
12627689	12626682	2
393871	393872	1
11541758	11541757	1
7712823	7712761	3
8580069	8579848	1
9417513	9417514	1
8767587	8767616	3
22696	22691	1
5357027	5357035	2
11525426	11525425	1
9817847	9817861	1
10262827	2130664	3
9357660	9357630	3
12019839	12019840	1
2770652	2770633	1
7408124	12413843	1
8837274	8793734	1
12313544	12313543	2
10283429	10283430	1
9343659	9343660	1
9974622	9884594	2
812038	812037	1
2509714	2509713	1
7708958	7790058	2
7591949	7591950	1
8654699	8654713	1
7084892	7084891	2
6653999	6611758	1
7712392	7712364	1
11058034	8154658	1
3904022	3904098	1
9624774	9624864	1
10842760	10842753	1
10253533	10253534	1
5553018	5553017	2
4787333	4787367	2
3708123	3708126	1
4391391	4391392	2
7761750	7631924	1
11077407	11077408	1
6685628	3519510	1
9690460	9437949	1
8706695	8706696	1
10142515	10143088	1
8882172	8882171	1
6566262	6393889	3
6916469	8327348	1
3386444	3386441	2
5462080	5462126	1
11933014	11933013	2
4011664	4010182	1
8222531	8222920	1
8735756	8780304	2
9054996	9054995	1
238519	238520	1
9462570	9462567	1
9190767	9190768	2
9922652	10061325	1
770635	771139	3
12627724	12627723	2
7136969	7136917	1
7493559	7493560	1
3754716	3482766	1
2024966	2105368	1
10266022	10266021	2
7507955	7508537	1
6100724	6100697	1
7223712	7223711	2
12665712	12665711	7
7694243	5802235	2
3297343	3297344	1
10058727	10004171	1
10200846	10200845	2
6175924	6175923	4
11905061	9856600	1
126246	126245	2
8003034	8003164	1
4016942	4017067	1
7661459	7661460	1
6109608	6109630	1
12377514	12377708	1
11479313	11423670	1
8098014	8098012	1
3591363	3591364	2
8252623	8252624	1
8869255	8869287	1
5823828	5824427	1
6158037	6158038	2
620033	619970	1
7416716	7416715	3
7531389	7531390	4
7627882	7622199	3
8873168	8848045	2
11944536	11944548	1
9769202	9768897	2
7804563	7804564	3
7922640	7922639	2
8788204	8833561	1
7583162	7583161	3
12813843	12556601	2
1677645	1677648	1
4210052	4210588	1
2876657	2876658	2
9048710	9048709	2
7818507	7810492	1
4799403	4799404	3
8558524	8558523	2
10042583	10052095	1
5580750	5580749	3
1663161	1663162	2
11853528	11853525	1
11361305	11361306	1
6537661	6537662	4
10302426	10302411	2
6503433	6503434	1
10337592	10338183	1
7983056	7983055	1
4381698	4385530	1
9490873	9492806	3
8773256	8773269	1
11653947	11658409	2
9028855	9028856	2
4864547	4868337	2
10429894	10429891	5
10915712	10915709	2
12328693	12328694	1
7420379	7420380	3
6443347	6443325	1
7212116	7211934	1
3742515	3742516	2
8004587	8004588	1
9957395	10009553	2
11231440	10459109	1
5522589	5548617	1
8364518	8364482	2
951746	951743	1
7603535	7603536	1
7490320	7490201	1
3273513	3273514	1
3648314	3648817	1
7549192	7549189	2
2387690	2387689	2
11782132	11782131	1
10187187	10187192	1
6075883	6075884	2
7777250	7777269	2
4744961	4562365	1
2952625	2904918	1
870291	870292	4
8881343	8881344	2
6845880	7627701	1
9898563	9906084	3
12410399	12439506	2
5148842	5148773	2
9048613	9027835	1
5477465	5477566	1
2408533	2408189	1
4029608	4029607	2
9932435	9932442	2
9346923	11879059	1
670433	670586	3
1255801	1255802	2
5367974	5367973	1
5016387	5016388	1
3728745	3589576	2
538246	334637	1
6001194	6008486	1
4240843	4240844	1
994260	11236915	2
5923519	8860748	1
11051997	11051998	2
8761987	8761988	3
2774769	2690476	2
1786894	1786842	1
10137979	10157651	1
11179728	11179727	3
7610959	7610960	4
11179726	11179725	2
8646088	8641069	1
10084913	10084914	2
8480321	8480324	1
4548161	4548162	1
7964602	7977356	1
11558129	11557601	1
4520506	4508338	2
7607498	7607497	1
9893559	9856504	2
7834872	7834867	1
10764176	10764175	1
2951719	2956973	1
7644616	7644615	2
11800285	11800162	2
10089815	10247522	2
12200977	1244648	1
6780923	6780924	3
4949554	4949553	3
8651303	8651304	1
6116597	6118435	1
1391473	1391474	2
4991821	4991822	1
9600292	9600291	1
1003951	10749041	1
6504650	6504649	1
3885395	3885396	2
10180662	9980373	1
2948285	2948286	1
6116326	6116207	1
10270733	10270734	1
7594640	7594648	1
9925527	9925528	3
273366	265177	3
5271887	5271888	3
9937754	9833452	1
6468868	6468867	2
357296	357261	1
5871382	5871398	1
5075346	5075345	3
12655704	12775842	1
1002588	1002587	2
4083179	4083180	1
6303731	6304667	1
7561942	7561941	2
7954718	7954717	4
6812799	6812800	1
2731329	2731332	3
5340620	5340619	3
8952734	8968343	2
8778813	8947155	1
9670357	9672105	1
1531523	1531524	2
632839	632888	5
11805522	11805521	1
7624330	7624329	2
6628405	6628410	1
4445234	4587757	2
5756211	5756212	3
10297160	10299417	1
9098448	9099711	1
3014497	3014498	4
3424270	3424269	2
1498865	1304340	1
7578239	7653758	1
10255813	10255896	1
3524161	3877803	1
5301651	5348241	1
1421924	1421834	3
5991070	5990893	2
11196144	11196143	5
5842305	5842306	3
8681320	8681319	1
5312529	5312526	1
12147013	12147016	1
10197878	10197877	1
8892302	8892304	1
5613971	5614040	2
10717795	10717827	1
7877396	7877395	1
6187211	6187258	1
8543712	8543711	3
6100724	6100723	1
4160654	4160651	1
7065359	7675148	1
9144960	9144959	2
7705798	7705797	2
11099243	11099244	1
7515895	7515896	1
6786804	6786803	1
1793398	1793397	1
10258197	10258198	1
11194311	11194312	1
1920901	1926050	2
8733779	8746876	1
11472653	11472646	1
8820625	8820626	4
3708638	3811751	1
11219663	11221105	1
7153603	7153270	1
7827411	7827412	2
10535124	10535123	1
7541384	7596992	2
7283867	7283868	1
4019318	4019068	1
4199168	4199093	1
371894	9134665	1
173708	178428	1
3782831	3782432	1
7858590	7858587	1
4832203	4832084	1
2896425	2896439	1
9996491	9996266	2
10490459	10429895	6
310567	310597	1
9111087	9110805	2
10053731	10023096	1
3205758	3205757	1
3470705	3467999	3
2281078	2280994	1
8978440	8979682	1
4839123	4839124	1
8094230	8094597	1
4500127	4724932	2
9111433	9077657	1
2814959	2653807	2
10821575	10821576	3
9989529	9989530	2
12759622	12760049	7
8851620	8851617	1
8726622	8726621	2
4878746	4878745	1
1589408	1589407	1
12627446	12627419	1
1863833	4493105	1
5159842	5159841	5
649381	649384	1
56473	56474	1
2868762	2645567	2
7925826	7931523	1
8483329	8484633	1
11829916	11829850	1
8877137	8877140	2
7607224	7607223	1
7532910	7531804	1
7039839	7039842	1
6097817	6209091	1
7708594	7708593	2
7886029	7886030	1
3253288	3378202	1
9166035	9166038	1
7655896	7655895	1
5424978	5425001	1
68404	112656	1
7873883	7870219	1
657229	655467	1
6419270	6419269	1
6127502	6127501	1
9998250	10020268	1
11325362	11328636	1
2442091	2443208	1
4575800	4471918	2
8965152	8965151	2
4422903	4332231	2
6926833	7046260	1
10227888	10227887	4
4199378	4199375	1
4842491	4842496	1
1130562	1130566	1
6023908	6023907	1
5904019	5910242	2
5818037	5818044	3
9980844	9980843	1
6506656	6506135	1
8454297	8454298	2
6029953	6029954	1
148447	148448	1
4566068	4566067	1
12762201	12762202	2
3157816	3157644	1
2811220	2811219	1
12687432	12687431	2
8761428	8761424	3
3529401	4095546	3
6031165	6031036	2
1123808	1123814	2
1449876	1450801	2
7853765	7853766	1
10186621	10186698	1
10916453	10916449	1
3752113	3752114	2
9802968	9802967	1
7576734	7577238	1
9478375	9478376	1
1446616	1446615	2
9947731	9947732	1
4986257	4988135	2
11702241	11702242	2
8816247	8789365	1
948469	882248	1
8966266	8966265	1
5139045	5139048	2
7446318	7446185	1
8204845	8204846	1
3213141	3212251	1
7596475	7596478	2
2679292	2927572	4
9479139	9479140	1
7913211	7863972	1
2116997	2116998	2
6937563	6937564	1
2283509	2361529	1
558574	558573	3
7320736	7320735	3
1080077	1114564	1
7904572	7904569	1
5851434	5851433	2
6610674	6610673	2
8581423	8581424	3
6716313	6716314	1
7931517	7931518	1
4583570	4583569	1
2556864	2556863	2
5670550	5670519	2
7320737	7320738	1
11007981	11007955	1
1322930	1318922	1
10074049	10074050	1
3438530	3438379	1
205829	202480	1
321572	321568	1
986070	985470	1
12500487	12500433	3
2176236	2176235	4
12182326	5378668	1
9192986	9194719	2
828576	828575	2
9970516	9970515	1
11604708	11605315	5
11629146	11628406	1
2746747	2747328	1
3266647	3266648	1
7765305	7773492	4
8013704	8013483	1
387774	393375	4
7680929	7680931	1
7918732	7918731	2
165100	165099	4
7381627	7977601	2
2843898	2843589	1
9093287	9093288	2
4583059	4370498	2
12630486	12757983	1
7821891	7821892	1
3940450	3940449	1
11677489	11677490	1
9512095	9512118	1
7698716	7699165	2
10281983	10281984	2
10062209	10062168	1
12023260	7446472	1
10168367	10158554	2
7599460	7599625	2
9748101	9748102	1
6652726	6652725	3
7670638	7670629	1
8043724	8043723	4
185029	166794	1
2566148	2566147	1
8900303	8893007	2
10561918	10564151	1
2792529	2792530	1
2619161	2594305	1
5042490	5042489	1
4277525	4277526	1
868757	868760	1
6728700	6728699	1
1720465	1720466	2
7597073	7597063	1
11628406	11628403	1
5819618	5819696	1
6017434	6017433	4
3957129	3956677	2
7745152	7745320	2
5133275	4176352	1
11156114	11156223	2
12669762	12669761	3
7084493	7084496	3
12749193	12749194	3
4653648	4653874	2
366830	371278	2
12759864	12759861	1
4513852	4640192	3
9300951	9300952	1
6575356	6575351	2
2074029	2074030	2
160148	253607	1
9898561	9898562	3
5633745	5633746	3
7705810	7705799	2
1521043	1521048	1
6458429	6458399	1
60030	60029	1
8950443	8961971	1
12659789	12659790	1
10029212	10029211	1
12513644	12513595	1
4339493	4339494	1
7418418	7418335	2
12550463	12550464	3
8791429	8786743	2
3099666	3099665	1
4162475	4162476	1
7671427	7667869	2
5510829	5510832	1
7322357	7322370	1
6075567	6075568	1
10184099	10184102	1
9921105	9926828	1
4370539	4370540	2
5654590	5654589	1
882679	9771912	3
8276968	8276967	1
5161440	5298347	2
6773845	6773848	4
11266281	11266238	2
11444888	11444902	2
2477148	2477145	1
6640820	6640824	1
12535294	12560319	1
6643711	6643712	1
6820896	6820912	1
9838064	9837696	1
10419771	10419767	2
10067687	10067690	2
5058009	4981570	3
7878371	7878381	1
12571367	12571368	2
10446447	10446448	1
10187125	10187126	2
8942092	8942089	2
6676326	6676325	2
4688095	4688097	1
4407791	4407792	1
9196398	9197844	1
3519084	3482686	1
9996599	10137559	5
8571511	8571512	1
6937563	6937568	1
6125360	6125385	2
6594587	6594752	2
7821332	7821331	3
12461547	12461550	2
6080556	6080553	1
11158737	11158742	1
8024227	8024228	2
8986000	8985999	2
3332041	3327942	1
2131833	2120755	2
7813804	7767688	4
5925780	5925779	2
2467627	2467634	1
10635396	10635395	1
8436898	8436897	1
6548912	6548909	2
2692137	2692138	1
11668423	11668426	1
398045	398046	2
6172264	6172066	1
747008	632405	3
10057657	9990651	1
5570303	5570304	1
9975589	9975590	1
5288451	5285107	2
11667616	11667531	1
9125436	9139842	2
7778434	7825350	1
6018157	6018158	2
10452524	10452523	2
8010499	8010500	1
7493494	7492193	2
27606	375192	2
8781951	8781952	1
9194718	9194717	2
4010922	3971020	3
3271881	3268437	2
8302595	8302596	2
6441865	5772603	1
7534684	7534683	2
10394690	10394689	2
10241306	10185128	4
4709113	1802232	1
7654337	7654357	2
1906424	1953679	1
10172278	10172269	2
5495526	5495543	1
3366904	3366903	1
9895267	9839186	3
12458333	12458334	3
3479193	3479203	1
4910827	4910828	1
8005305	8005306	2
8471585	8471586	1
2455517	1454854	1
12496581	8744190	1
6667697	6667698	1
10064664	10064663	3
1761630	1761421	1
294006	289517	1
6988414	6988411	2
632404	632403	3
7434515	7434512	1
5350600	5350584	5
7670632	7670631	1
9888610	9888612	1
11071289	11071083	2
2694775	2694778	1
8031268	8025011	1
10391329	10332862	2
8586631	8586632	2
4799440	4799402	1
2556430	2556429	3
12018737	12034681	1
7931179	7931160	1
7026394	7026393	2
9945417	9945418	1
9827290	9827681	1
8964312	8964311	2
10601347	10498378	1
5609071	5609072	1
9723118	9723117	2
6145824	6145823	2
3661052	3661047	1
9892117	9892120	1
10798139	10798202	3
6392195	6392176	2
3238851	3238790	1
8480317	8480318	5
11077419	11077435	1
11512829	11512830	1
163230	180396	1
7715970	7716263	1
4467899	4467902	1
8375811	8375814	1
681365	681368	2
8177761	8177762	2
2905706	2905705	1
8644088	8644146	1
8005895	8005900	4
5876573	5876568	1
8699505	8699540	3
10118538	10118537	1
3038887	3038882	3
6047967	6047968	2
736889	736890	1
7775113	7673852	3
5662110	5662106	1
11049138	11049119	4
8794025	8794028	2
4261288	4261287	2
7084493	7084494	3
10233561	10233562	2
9124661	9126092	1
5986667	5986668	1
4305083	4305084	1
9044832	9044831	2
9955368	9932905	3
6072718	99507	1
4702254	4702253	2
4001595	4001596	1
2214607	2214608	1
6506656	6506137	2
11079918	11063375	1
9079976	9079973	2
9075701	9075631	1
160148	253609	1
9092910	8895160	1
8313194	8313193	4
4501539	4501540	1
9874560	9874559	1
3530791	3530794	2
6254801	6254802	1
11277380	11301515	1
5873149	5887554	1
7153601	7153270	1
10158599	10158600	2
7655894	7655893	1
2546779	2546782	1
9464158	9464157	1
3390970	3390973	1
354735	354736	4
12574041	12565866	2
11372525	7962280	1
8784945	8784946	2
8064109	8064110	1
6258321	6258235	1
9858710	9806773	1
9834023	9877571	2
8755011	8755021	1
12535463	12535603	1
6238139	6238140	3
3834940	3834939	1
6325454	6321430	3
9132329	9132330	2
9060834	9061023	2
1305912	1305130	1
6144845	6144846	1
10296157	10296165	1
9971023	10001224	4
2214454	2214451	1
8017837	8023955	2
6915722	6915721	2
9987231	9987234	1
5822079	5822080	2
661780	629895	1
8824917	8831298	4
565440	600991	1
4482641	4482642	1
9100603	9098602	1
7455522	7455687	4
281680	281669	1
8725872	9257453	1
321744	375430	1
2830442	2830848	1
5429950	5427946	1
4135539	4135540	1
4598739	4598740	1
1762501	1393884	1
3685565	3881645	1
9919545	9893249	1
2835487	2835488	3
7237500	7237499	1
9871598	9871597	5
7749578	7892213	1
6095021	6100509	1
3032099	3032121	1
9825941	9825942	1
5501855	5501899	1
10274903	10274904	1
10566771	10566785	1
3227242	3227289	1
9475774	9475771	1
10338184	10338137	4
3754959	3518296	1
1851521	1865206	1
4659720	4665936	1
2854663	2854664	2
173710	173709	3
5153063	5153064	1
2979298	2979297	1
7248983	7360215	1
11101487	11105057	2
12338434	12338433	4
10492837	10489929	2
2722087	2722088	1
8702341	8702346	1
8802108	8793590	2
1236601	1236107	2
5740105	5739842	2
9124805	8972000	2
12647520	12647174	1
8177763	8177845	1
900646	900645	1
5635235	5620116	3
2407712	2407711	4
11669391	5048866	2
9699071	9699074	6
7934001	7934002	1
8663577	8707105	1
420762	420761	4
11472797	11472798	3
3938026	4110064	1
8785507	8785508	2
9865694	9860584	1
9107612	9126488	2
1719494	9325835	4
8007100	8007245	1
12737519	12737520	1
9593812	12136080	1
9913427	9913428	2
9493343	9493344	1
4045842	4557376	1
2084624	2084621	2
3358574	3358573	1
5460397	5460400	1
8698603	8698604	5
8272545	8272546	2
4902357	4902358	5
8831061	8831064	1
1353214	1353211	2
7990029	7990032	3
8099827	8099810	2
5105678	5105677	1
5284255	5284256	5
12718273	12732955	1
3386446	3386445	4
748912	748911	1
10337592	10337591	3
5537473	5484855	1
10736951	10736193	1
5703644	5703647	1
9183792	9183815	1
2950737	2950738	1
8440253	8439028	2
5614580	5614570	3
6946253	3897611	1
773195	773198	1
2429622	2429615	1
4446940	4446939	1
8820623	8820626	1
8532934	8532931	1
954936	954935	1
12668380	12668379	3
7775867	7702833	1
2412331	2466274	1
2512231	2512210	3
4253350	10548220	1
2454779	2454780	2
9931303	9931291	4
6090912	6090911	1
9835333	9835336	3
7868776	7868771	1
5925722	5925721	2
6285870	6372230	1
9272150	9272149	1
1164250	1164249	1
6101743	6101755	3
4003041	4008166	1
11967720	11967889	1
12783350	12784106	2
11091840	11091839	1
2264657	2264658	2
4706702	4706701	5
480573	216709	1
3426176	3511258	1
10376743	10376744	1
8636714	8633550	3
3400061	3400085	1
5493080	5493079	2
11984913	11984914	1
4668312	4668309	1
7099056	7099308	2
7607840	7607837	1
5960287	5960288	2
5907581	5907582	2
7934731	7934732	2
11771517	11828086	1
4085129	4085130	3
6795467	6795459	1
6430893	6430894	2
2245544	2235867	1
9070368	9070316	2
8184545	8183729	2
10041999	10041944	1
10081055	10077168	1
12444794	12444793	1
6686317	6686318	4
7194564	7194616	3
10403012	10283431	1
10049290	10138752	1
10255752	10255759	1
11042725	11042728	1
8726779	8726782	1
481128	468224	1
10194254	10194253	1
2077736	2077785	1
12234918	12234828	1
6251515	6251516	3
6832795	6832931	1
10639107	10639108	2
7786772	7725058	2
5169025	5169026	1
10440181	10440160	1
5272359	5272360	4
8663220	8663219	1
10182106	10230987	3
2431821	2432500	1
11330338	8312688	1
11798099	11798235	1
8011706	8011757	1
11206769	10934770	1
11151802	11182463	1
7885996	7880138	2
6459133	6459099	1
6728367	6728368	1
800840	800837	1
10499544	4920058	3
11974465	11974466	1
692169	692170	2
11866935	11866855	2
3866726	3866725	2
2661840	2661839	2
11813769	11813770	1
5422757	5422741	1
3567439	3567440	1
6652213	6652200	2
8571577	8571607	2
2412329	2412330	2
10250630	10245846	2
3811050	3808088	2
12379355	12377351	5
2295446	2295434	2
10248145	10248148	5
8010376	7967146	2
1204719	1204720	2
484362	484377	1
10048283	10045045	1
418937	418938	2
6019571	6017117	1
8871752	8800637	3
10503381	10503371	1
8754769	8793507	3
7088465	11372764	1
8824692	8824689	1
5564094	5379971	2
28092	28091	1
10013079	10013080	3
5145251	5128248	2
9340469	9340487	1
6573403	6573393	2
6337467	6337468	1
12651929	12651921	1
7625306	7625305	1
5695501	5695502	1
5950197	5785690	1
11120037	11120038	1
1414871	1414874	2
7858592	7858591	5
4211203	4211813	1
1450064	1450063	2
4440212	4310638	1
7770786	7770780	1
4418649	4418650	1
2568409	2568412	1
8001635	8001738	1
10259233	10259234	2
670665	670666	1
6993441	7740163	1
6175926	6175925	4
2420584	2421526	1
7573107	7573108	1
5635347	5635290	2
6002409	6002410	1
9112692	9112691	1
7833415	7828550	1
4669330	4846580	6
10533181	10533182	1
2886611	2886612	1
5276844	5364217	1
9914011	9914017	3
3566224	3566253	1
7583023	7583024	1
8230595	8230596	1
8886999	8918562	2
6255805	6255806	1
7558816	7558815	1
11721624	11722167	2
11551921	11551922	2
8371952	8371951	2
10098306	10099736	1
12338430	12338427	5
10319591	10319638	1
11383195	11383198	1
6366392	6366391	1
3577862	11159414	1
11184404	11184403	2
3468875	3468168	1
3249932	3249931	2
5557201	5557202	1
987268	987267	2
5620348	5620377	2
11180786	11179638	1
8532657	8520008	1
421614	421613	1
10442477	10442478	1
10111026	10111040	2
8793503	8793504	1
7022512	7461003	3
5426908	5426905	1
2608396	2608395	1
6704635	6705050	1
10110385	10108633	1
3558821	3558822	3
12556367	12556368	1
1934045	1935893	1
11849130	10101372	1
1220651	1220652	1
11533876	11533875	3
10478965	10478966	1
2130259	2130262	4
9394124	9394123	1
7834868	7834867	1
7446302	7446301	1
3319670	3319672	2
4802490	4797671	5
3429219	3429643	1
4515334	4515333	2
2059077	2122809	1
736891	736892	1
543171	543172	4
5422945	5422946	1
9736249	9674228	1
11909501	11909504	1
5371581	5371393	1
7639337	7639338	1
6781432	6781437	1
8605295	8605296	3
4376611	4376599	1
7431065	7430886	1
4017066	4017065	2
5239151	5248820	3
7609366	7609640	1
10887591	10887594	1
63930	13099	2
7536612	7525191	1
3890759	12718142	2
2141271	2141272	2
8176902	8176901	2
8887352	8887351	3
7932899	7932900	1
6159611	6158263	1
10685291	10659478	1
1029104	1452904	1
87364	87540	2
8686322	8686317	1
11369494	11369493	1
8917452	8917451	1
7723733	7662637	2
9825047	9824988	1
9946101	9874569	1
6232165	6232168	1
4663579	4583251	1
6128337	6128338	1
1463554	1464185	3
8065610	8065644	3
7786865	7786868	2
9988925	9988926	1
8885523	8885528	1
5782975	5782976	1
8573520	3911923	1
6038827	6038828	3
2606422	2606421	2
9112692	9112689	1
11567945	11562615	1
1318424	1323369	2
8444349	8444346	1
8889936	8889935	1
6079639	6079476	1
4776637	4776638	2
9113241	9112043	2
10829563	10829600	1
7785545	7785553	1
8772571	8680218	3
12717087	12717090	5
51521	43213	1
4352916	4352912	1
11317667	11308252	2
7694774	7726661	1
5808877	5809064	1
3679112	3679111	2
11302481	11302484	1
11984212	11984211	3
6138092	6138091	1
5564094	5379973	2
918056	917723	1
7851417	7851418	2
10689308	6135292	2
6460142	6895958	1
12567593	12567491	1
11895543	11895544	2
5104555	5104552	1
9145134	9144963	1
6050442	6050441	2
5252446	5252878	2
9810202	7446315	2
1476222	1476217	1
11443409	11443410	1
3537672	3537669	1
8718979	8718980	3
9000534	9028151	2
12806546	1599111	1
4217854	4217832	1
3737368	3737367	2
9310683	9310684	1
820535	820538	1
9852793	9852794	2
5811245	5811256	3
12160086	12160324	2
11673931	11673932	3
5970886	5970885	2
7276109	7278561	1
10394688	10394685	1
5622141	5622142	1
1348219	1348220	1
11070405	11070408	2
10575755	10575756	2
12224236	12224233	1
9446032	9446031	1
2102735	2102736	3
4817009	4817010	2
6870234	6870445	1
2106489	1876789	1
3907573	4073722	2
1994732	1994729	1
3655402	3655401	1
1446090	1446089	3
2689693	2689694	1
972554	972344	1
7820932	7811842	1
4842495	4842496	1
5525217	5525220	3
6571279	6689933	1
1962636	1963084	1
6302377	6300553	1
5249437	5249486	1
5376993	5376994	1
5600435	5600436	1
7631731	7513745	1
7539814	7539817	2
7296227	7295223	1
5988566	5988565	1
2896130	2896158	1
5371288	5371290	2
9578029	9578031	2
8793493	8793502	1
1528376	1528375	1
9319119	9319120	4
11519767	11519768	2
7191043	7191044	2
8824681	8824682	1
7271944	7271971	1
9511620	9511623	1
1831059	1831099	1
8014407	8014408	3
8761027	8760115	3
1292975	1292978	1
3747651	3701491	2
6155018	6155033	1
6536344	6536339	1
2945105	2945108	1
4315705	4372181	2
6904961	7219979	4
11724045	11722666	1
8938105	8938106	1
12754118	12753987	1
288727	288728	9
8731998	8752711	2
11907013	11907014	1
12601316	12601126	1
8755543	716607	1
3490831	3490826	1
8938103	8938104	2
10826936	10826935	2
11673844	11673932	1
4475617	4475624	2
2572399	2571059	1
5242553	5241987	1
9059288	9061670	1
430987	430990	1
12443502	12442967	2
8902736	8654541	2
8976682	9001060	2
5601838	5601835	1
8469288	8468176	2
4071401	4071402	1
4262609	4262610	1
3461430	6277200	1
3725688	3908140	1
253985	253988	1
3083370	3083254	1
12616061	12616062	2
7736477	8827472	1
10022786	10022785	1
3688527	3831173	1
8976683	8964602	1
9814962	9814959	1
11677493	11677507	1
8964151	9010632	1
6104778	6104862	2
7721728	7717414	1
10128266	10128265	2
6171993	6175546	6
10177712	10177711	1
9676097	9676098	2
11878891	11878892	1
3867890	3873499	1
7670653	7670639	3
8019842	8020664	1
5142325	7247247	1
5048008	5048025	1
6086338	6090037	2
6088448	6088447	2
8466106	8471636	1
6866111	6866113	1
10233559	10233560	3
12279461	12171793	2
1392061	8643712	1
7334568	7334567	2
7967147	7967148	1
6154118	6154117	2
11775888	11775978	1
8769040	8769037	1
4050484	4050483	2
6043322	6043321	2
5189454	5196229	1
1400965	1400947	3
1941419	2016000	1
2321497	2321498	1
11458645	11458646	3
10278304	10278301	1
3754718	3754717	2
10281982	10281981	1
6102141	6102135	1
3566280	3566303	1
2998727	2999446	1
9189374	9189453	2
10838887	10838888	3
7602279	7602334	1
9980543	9980546	1
816847	816074	3
9010481	9001551	1
9514055	9514476	1
11188616	11188615	1
4501997	4501998	1
8021114	8021113	2
8454299	8454272	1
10246341	10238377	3
8745241	8745242	5
6592952	6592949	1
5648827	5648830	1
4545639	4545640	1
1386429	1386413	1
1833502	1833498	1
9060412	9060411	1
5900450	5900449	2
717916	718112	3
7932897	7932900	1
4066219	11880565	1
10296487	10295345	1
3470695	3470710	1
992609	992546	3
8178543	8178544	1
7161524	7161523	1
3582199	3582274	1
6140684	6140683	1
9101295	9101296	1
2896859	2896860	3
8447308	8455423	1
5058182	5058181	2
9003875	9045255	1
4637743	4641871	1
7662810	7639506	2
4609271	4609272	2
8706401	8706402	1
8926787	8926908	1
11606966	11606965	2
7644794	7644772	1
8773258	8773257	1
2938416	2938415	1
1009917	1009918	1
3997689	3997690	1
9194927	9194974	1
3759947	3759950	1
4565609	4570172	1
5814311	6151587	3
2343518	2316273	1
7592688	7592685	1
6043402	6043401	1
7909252	7909087	2
5859943	5859946	1
10006196	9979034	2
8982724	8975348	1
9374582	9366012	1
8177657	8177817	2
9883532	9883531	2
6096271	6139431	1
10068462	10066103	1
10945510	10945509	4
10017951	10017952	1
1302806	1302805	3
12679197	12679198	1
3619311	3069263	1
5557950	5524631	1
9144842	9144841	1
2668040	2781085	1
5379972	5379971	2
505619	505620	2
8463337	2135420	1
8184513	8184518	3
7657191	7609220	1
3674366	3674363	1
4657691	4657694	1
3457031	3460459	1
10030258	10030257	2
5803229	5802741	2
9932509	9917280	2
12311454	12311453	2
8760874	8760873	1
8015242	8015241	1
11702877	11702878	1
7959594	7964473	2
1380442	1380441	2
4256756	4256675	1
446237	446256	1
12750627	12750630	2
9883534	9883533	3
3324747	3320593	1
10244675	10244605	2
1144318	1144317	2
1720469	1720473	1
1707110	1707269	1
10051250	9948567	2
3493060	6753787	1
5359916	5359915	2
8626410	8630471	1
8694080	8693973	1
12272187	12272188	1
1476010	1476009	1
755394	755391	1
7625983	7592340	1
7480754	7480757	1
9145136	9145135	3
12635245	12635248	1
6833157	6833167	2
10253531	10253532	2
5445122	5445125	1
10087585	10087586	2
515939	515923	2
6967878	6967877	2
700205	700206	5
11357186	11314685	1
351453	351428	1
4042643	4042687	2
8082027	11440744	1
7726708	7628462	3
5205189	5205192	2
4835727	4835728	4
8163266	8163259	2
9153744	9013308	1
1999591	1999610	1
10330964	10330978	1
6504648	6505327	1
4562273	4562274	2
371288	371287	2
10152613	10152614	1
7830763	7830830	2
1386412	1386411	1
1722486	1722483	2
2386631	2386632	2
10245621	10245755	1
280375	280376	3
7473091	7473905	1
8816896	8816895	1
7875152	7373613	1
2306117	2306118	1
3514649	3513716	1
8804520	8804519	2
574279	574280	2
7255809	7255856	2
9028846	9028845	1
11317347	11317401	2
10104004	10104131	2
8772669	8823110	1
6814594	6814593	1
3394521	3394522	1
593692	593740	1
2691544	2667599	1
2384833	2386372	1
8792067	8791972	2
3969954	4115004	1
8480323	8480324	3
12392432	12396045	2
543173	871718	2
7948090	7948144	3
1104965	1104966	2
5231631	5071178	1
11509272	11509271	3
2761982	2761981	1
4250658	4219539	1
10798885	10798892	1
4570171	4570172	2
437865	437928	2
2592088	2592098	1
5779296	5779301	2
9886759	9886760	3
6348334	6348333	1
9964676	9975842	1
6495288	6495271	1
7499459	7499462	1
123846	265481	1
9859287	9858784	1
4684182	4684181	2
7489196	7476462	1
775518	797076	1
12645912	12645877	1
9781967	9781970	2
10275386	10275359	2
7105471	5097486	1
5752652	5840243	1
7684012	7684015	5
6389317	6389318	1
421654	421651	1
8278010	8273615	2
6479627	6479630	1
6821611	6821612	4
5907583	5907584	1
8294243	8294244	1
7871975	7871976	2
7739209	7740707	1
7187301	7186519	3
7018035	7018036	1
10065624	10065623	2
8302593	8302594	1
5950574	5951928	1
6023089	6023096	1
1104963	1104964	2
8766362	8766361	1
10045617	10045540	2
12759621	12759466	2
7735101	7933843	1
12534625	12474218	1
7649621	7666580	1
1130554	1130636	1
4957641	4958863	2
3135973	3186665	1
7640794	7640808	1
7431098	7431064	1
834642	834641	1
5248826	5248825	2
5576351	5576352	2
7037963	7037964	1
10061667	10061668	4
6847909	6847910	2
11379624	11379621	3
154862	154861	1
4300014	4300013	1
1292975	1293018	1
590383	590109	1
7564893	7564894	3
8224781	8224784	2
11214930	11214929	1
7834754	7834753	1
8677023	8677024	3
4955000	4954999	1
120950	120949	2
763057	763058	2
5492237	9931522	1
5651097	5695180	1
10222340	10148668	1
2130263	2130264	2
6147795	6147809	4
5782214	5780855	1
5128249	5128252	2
10104481	10104471	1
9326205	9326206	4
2685373	2685379	1
2556402	2556401	2
9835337	9835340	2
4027109	4027110	1
6002280	6002279	1
6340307	6340985	1
7991912	7991921	1
2543355	2543323	2
4257953	1722095	1
12272346	12272343	1
11118762	9047775	2
5360056	5360055	2
4233519	4232604	1
619188	3097775	1
2683817	2683818	1
8921029	8921030	2
3396655	3395451	1
4708432	4708431	3
12646754	12655425	1
9603326	9603325	1
12651789	12651790	3
5040354	5040353	3
8285230	8285229	4
6506136	6506135	1
10484567	10352179	3
7879995	7875312	1
3297336	3297049	1
2378237	2605926	1
11663748	11663747	1
7790085	7790086	1
6271482	6272298	1
917726	917723	2
7932007	7932010	2
4574029	4574030	3
11642390	11656184	3
9152162	3305949	1
1597287	1771182	2
7312633	10546793	1
5626737	5626738	3
1497716	1538551	1
7802407	4200994	1
5893835	5716830	1
9094122	9074280	1
10017948	10000392	3
5517287	5517288	2
1064155	1066516	2
3834184	3834183	1
9051777	9051784	1
3321431	3233733	2
7633038	7553046	1
6057612	6057654	1
6313055	6313128	1
1161202	1139306	1
1246163	1246196	1
3565	5122015	5
8176597	8176598	1
7708579	7708580	1
2394235	2395460	1
3104364	3104341	3
7528363	7528366	1
7599624	7599623	2
6587279	6587282	2
9875506	9875505	1
5142325	382759	1
11853372	11853369	3
7532693	7604316	1
4738684	4738689	1
6380466	6380465	2
7779042	7782960	5
7838496	7838495	1
6784406	6784405	3
5369615	5369588	2
11856541	11856544	1
515940	515934	1
5898664	5898661	1
9183782	9186666	1
466114	574278	2
8684976	8684975	2
10373147	10373148	1
2157929	2256944	1
11708328	11708327	1
11965400	11965399	1
13049	68746	1
4374938	4370261	1
10090762	10090761	3
11585601	11583187	2
2721642	2721646	3
7465002	7465001	1
8087937	8086062	1
421654	421653	2
3293321	3293322	1
2872410	2872409	1
3529389	3529392	2
7860053	7860054	3
7118239	7118160	1
7532017	7514364	1
10065622	9982316	1
9184100	9184103	1
3111297	3111298	2
5271913	5271914	1
11789715	11789718	1
7427379	7427380	1
9924409	9924410	1
6114115	10844005	2
6164935	6164936	1
9195573	9182821	1
746414	746413	1
10436802	10434474	1
8156120	8156119	1
8801356	8868662	2
6036333	6047966	3
4721439	4721440	1
4251619	4274521	1
8507142	8507139	2
4002566	4002565	1
8715546	8713922	2
6272351	6272352	1
4310637	4310638	1
5048127	5048132	3
971524	971523	2
6151733	6151734	2
3119755	3120041	1
9730359	9730360	1
11215798	11215797	1
5601838	5601833	2
10057873	10057876	1
12338436	12338435	4
1874080	1874077	1
12353492	12566342	1
9359816	9554588	1
9500238	9500237	1
9135892	9135891	1
4182736	4182733	1
1933415	1933416	1
7446300	7446299	2
9174419	9174420	1
3431435	3431440	1
9172463	9172464	1
10245707	10245708	1
11923365	2900414	1
5847711	5847712	3
10827140	977472	1
1058073	1058074	2
5067229	5067200	1
507142	507139	2
1543110	1543109	3
5421917	5421918	1
10535143	10490683	1
6907013	7548973	1
7877811	7852034	2
905666	905665	1
12562272	12518164	1
7954018	8003168	2
4390542	4390545	1
9756308	9756307	2
6065301	6096743	1
9572345	9572346	1
520697	520718	2
5759916	5744078	1
1911644	1911643	1
5756215	5755970	1
7121245	7121242	3
3354492	3354491	1
5790194	5790193	2
11139078	11139077	1
6032554	6032551	1
11257467	11257311	2
978489	978492	4
5103976	5004771	1
4726540	4726539	1
6404690	6404689	2
1061786	1064630	1
5812173	7527264	2
8882460	8883687	1
1556739	1556740	3
10061669	11676858	2
4382443	4185332	3
71216	69369	1
8889119	8763117	1
8499943	8499946	2
4735599	4784097	1
9544530	9544529	4
9849439	9849884	1
1836104	1836103	1
807184	807183	2
5831560	5831559	2
4666221	4666246	2
7876442	7876441	1
8371956	8371955	2
3994261	3945174	3
6583436	6583435	3
7278421	7278422	1
5601834	5601833	1
3808375	3808225	2
9150001	9161827	2
7916847	11875909	1
1906935	1906936	1
2177155	2177158	2
9380788	9380787	2
9290885	9290886	1
5761927	5761918	1
622695	548202	1
7497074	7497073	2
5581731	5581732	2
2419705	2419706	5
2980352	2980351	1
9819486	9819469	1
9974566	9974565	1
829984	830156	1
5888603	5888619	1
3127248	3127244	1
7514587	7514588	1
2080214	1905525	1
7961877	7961154	1
9505613	9505614	1
6724418	6724417	1
1037952	1009833	1
1857149	1857192	1
6165957	6142158	1
750631	750632	2
1022147	1022118	3
7552112	7552109	1
10297313	10295380	2
9670901	9670902	3
7909086	7909085	6
11728658	11728657	1
7745939	5820581	1
10258357	10258358	1
12421815	12421808	1
8755009	8755010	1
3944152	3944133	1
7765297	7765298	1
3678994	3678975	2
4209088	4209085	2
10522780	10522779	1
1745333	5427944	1
10675310	10675309	1
9297989	9297990	1
5409938	5409937	2
3810842	3810822	1
6446532	6443645	2
4013472	4013461	2
10665999	10661622	1
7826182	7779043	1
8984887	8984892	1
4565609	4565610	4
7780247	7780197	3
3470695	3467999	1
8800831	8800832	1
9865670	9859428	2
12157238	12157170	1
5181747	5181748	1
7187673	7138433	1
3405051	3404925	1
10289886	10289812	2
1897717	1950190	1
11853376	11853373	5
7639614	7639617	1
11998642	12001612	1
4946185	4946171	1
131732	131731	1
1725791	1725267	1
842925	842930	3
10570247	10570248	1
11717547	11706944	1
7265638	7265641	1
12028794	4421097	3
7918062	7920440	4
3700151	3700152	3
3431278	3431301	1
9026442	9098446	1
8073903	8073904	4
2243779	2243780	1
11571861	11571862	1
3547412	3547411	1
12808099	12802051	1
8532934	8532933	3
9030902	9030899	2
10258363	10261096	4
1696547	1696548	1
69677	69616	1
8982572	9003261	3
8683979	8683980	1
9859843	9859844	1
7535404	7535403	2
5042494	5042491	1
9547185	9547211	2
1906937	1906938	1
12181366	12181363	2
9940556	9940555	1
3722941	3722735	1
7318785	7331944	1
90952	90951	1
7805785	7805786	2
8848011	8881905	3
2382570	2215719	1
820963	821060	1
6468866	6602728	1
7718217	7718240	3
9979165	9897235	1
4839817	4839818	3
3211361	3211362	1
10073918	10073917	1
5524219	5524222	1
1311969	1311997	2
8151374	8151405	1
11472784	11472584	1
1370244	1370243	2
11063420	11082364	1
8948714	8948673	1
11382096	11382095	1
5677355	5677356	1
12500487	12500435	1
4293319	4372825	1
8883358	8883357	1
6727744	6727743	1
8706325	8724042	1
10246713	10246705	1
8034362	8034223	1
5914307	5914308	1
8928218	8928144	1
9972613	10025780	1
7898846	7898845	2
7782636	7787635	1
6313055	6313056	3
7703949	7751984	2
10273511	10273512	4
10132259	10132260	1
10451614	10451613	1
3893476	3893427	1
4253350	4391815	1
3326896	3326895	2
1464081	1464061	1
9093731	9093760	1
627101	627102	1
5415430	5415303	1
3590391	3589445	2
5753806	5754208	2
4753415	2008477	1
7123794	7123791	1
10893899	10893901	1
5954756	5964116	1
1223479	1223480	1
7640163	7640200	3
6786900	6761122	1
8749503	8748514	1
5553152	5543200	1
10194623	10194624	2
1593311	1593316	1
10086529	10086532	3
9522046	9522045	2
402429	402430	2
9869129	9883188	1
2744398	2744395	1
7928994	7928653	1
4446596	4446595	2
8529184	8529183	1
2854659	2854664	1
3417242	3417249	1
8315564	8316042	1
10966524	10966523	2
3543889	3543890	2
7967897	7967898	3
4283184	1732485	1
9958458	9958457	1
3460237	3461574	1
10801868	10801867	1
6133106	6159039	1
11515186	11513130	3
9362544	9361906	1
5521706	9921525	2
10564003	10564004	2
8426030	8426029	1
7886316	7886315	3
1573696	1573701	1
2781572	2781571	1
11870777	11792047	1
7191209	7191180	3
11737876	11743898	1
3231301	3231304	1
12498412	12511605	2
12778347	12778348	5
6774198	6719909	1
11206343	11205805	1
943451	913323	1
10175301	10171049	1
11285846	11285845	4
5888618	5888617	1
9235799	9235800	1
2704007	2702885	1
4655255	4647017	2
1619809	12653333	3
6339707	6339712	1
1301529	1303633	1
11034975	12136080	1
2080873	2379926	1
2042768	1848750	1
5946376	5946380	1
412744	412743	1
9929778	9929777	1
7746929	7746937	1
5809561	5809562	2
11986958	11986864	2
3751677	3751678	1
2794131	2796787	1
9822035	9821875	1
6651773	3477701	1
7390189	7390190	2
4679148	4443478	1
3692991	3692992	7
3234963	3234964	1
5214744	5214743	2
963324	963323	1
6273411	6273412	2
7580334	7580330	2
5448402	5448399	1
10361363	10361154	1
10187828	10187854	3
9551093	9551264	1
5782977	5782968	1
7598927	7598928	1
8303026	8303101	2
3557714	3557713	2
2016766	2021199	1
1081059	1087523	1
11322234	11323431	1
10012741	9999866	1
2039295	2039296	2
11551845	5317306	1
7684247	7673320	1
6023588	6023585	2
2776896	310438	2
3737201	3737252	1
361393	361487	1
2161810	2161809	1
9081797	9083048	1
7553582	7553728	1
1112369	12659985	2
8428130	8428129	1
3454515	3454516	4
9280355	9280348	3
9436798	9436797	1
7773901	7773902	2
7194617	7194618	1
3137921	3137922	1
2244998	2244997	1
809117	809129	1
3997184	3997181	1
3831174	3831173	1
2902092	2902091	1
3477702	3477701	1
10520026	10520025	1
9666498	9666505	4
8008875	7952764	1
5959577	5959580	1
296078	296077	1
8058827	8058828	1
821482	860813	2
4652879	4797861	2
8827150	8827149	6
11427017	11427018	1
8183719	8183774	2
7576296	7640451	1
1353154	1353153	1
2475678	2475675	1
3294429	3294430	1
6726175	6726173	4
9979035	9979036	1
5836089	5832763	1
6208496	6208495	1
11600805	11600806	1
10391673	10391665	2
4668308	4668307	1
9536182	9442837	1
5806537	5806538	2
8942092	8942091	4
10463205	10463252	2
10863393	10863394	1
9153620	9153619	1
7781297	7781366	1
7455493	7455494	1
6048061	6199373	1
1498864	1498861	2
6161657	6203451	5
7241028	7241025	1
12176134	12176133	1
8684129	8684476	1
4557955	4557956	2
10046182	5429852	1
5842451	5982827	1
4579043	4218442	1
8664354	8664329	1
2499958	2367662	4
8697010	8697025	1
10741092	10741091	2
5961117	5965516	1
7885929	7885932	1
4652828	4652809	2
7446254	7446260	1
1591468	1591467	2
6687149	6687150	1
9797440	9762465	1
10371302	10371301	1
8697822	8760806	2
11319910	11319909	1
10508107	10508110	2
4354825	4354826	2
10069529	10051244	1
2487392	2487391	2
8392092	8392091	2
12623522	12623541	1
2398699	2398700	2
3997186	3997185	1
9042591	9042592	3
8408359	8408525	1
8870045	8870046	3
7113442	7113448	2
2116999	2117582	1
7200871	7200872	2
6893290	6854030	2
8014565	8014566	2
2296760	2296204	1
7569857	7521693	1
6027499	6027500	2
9927562	9869079	1
1204680	1204737	1
2530775	2530776	1
7592020	7592008	1
3946318	3946317	3
6114733	6114734	1
1695701	1695706	1
2816553	2828724	1
1391780	1260059	1
4583127	1088946	1
11217992	11217991	2
10071604	10071601	1
5501900	5501899	2
7949728	8015243	1
7804569	7804715	6
1119831	1119832	1
12307541	12307542	3
11186488	11186433	2
10527665	10533727	1
3069704	3069703	1
6831690	6822322	3
7659215	7659216	2
837410	837407	1
5771084	5771081	1
7564891	7564892	3
12442624	12442623	3
1957596	1955483	1
9494689	9494693	2
4470918	4470917	1
10186619	10186620	2
8699551	8699552	2
9553224	9531629	1
2773605	2691627	1
7950330	7950329	1
8544696	8544695	1
9679591	9679592	1
11236333	11236334	1
5544068	5550729	2
2425655	2425656	2
11882934	11882940	1
10308797	10420746	1
7680583	7680584	2
6741191	6741372	1
7639235	7639336	2
10582179	10582182	1
5991022	6055181	1
1629382	12651793	1
6624795	6624816	1
7449105	7449106	1
2616933	2616934	1
7885994	7885993	1
3380386	3376497	1
6381304	6382795	1
567647	567648	1
11796967	11796968	2
9588757	9589951	1
7663467	7663468	4
978236	978231	2
1595253	1595258	1
8425078	8425077	2
8662998	8663001	1
1262739	1262740	1
6399275	6399278	1
4375476	4377558	1
570232	570237	1
8097953	8097956	2
8381768	8381767	3
10093554	10093553	3
3124913	3124296	2
11905039	11904729	1
8013659	11787561	1
11525065	11525066	1
12549799	12549800	1
371286	371283	1
4071422	4071439	2
880146	880145	1
7663469	7663472	1
1633138	1497541	2
7563662	7558905	2
4257479	4257480	1
3880042	3880045	1
9174942	4630886	1
84508	1858792	6
11086656	11109515	1
11847685	11918949	1
10096304	10096303	1
4422901	4422902	3
3948959	3950534	1
10733896	10733895	1
11481935	11481936	1
6653162	6653161	3
6410335	6410336	3
11785727	11785728	1
10056168	10085818	3
12550391	12550470	1
3006351	3019463	2
12523128	12521662	2
3210561	3210564	1
10057041	10057042	2
932336	932333	1
178759	178769	1
6484020	6484019	1
7889867	7889868	3
6678854	6678851	3
1735741	1735719	3
7921779	7921032	2
7668878	7758361	1
2735059	10848805	1
7828441	7828442	2
8383378	8383390	3
998818	998783	1
6678865	6678866	1
3098150	3098147	2
2544641	2544642	1
1918998	1918997	1
1668906	1668905	3
11336922	11336919	2
9015018	9015017	2
2122808	2122807	1
241207	241208	4
726205	726206	3
7515765	7515766	1
7545019	7545020	1
1680619	1680671	2
12331242	12331241	1
5339740	5411692	2
2572399	2572400	1
10895275	10895276	1
9495950	9495955	3
5824856	5649242	1
652032	652031	3
3366906	3366905	1
2359722	2359719	2
1322973	1322974	2
10225298	10220833	1
7086521	7086780	2
7060979	7060952	1
8755009	8755021	1
2731333	2731334	2
12664099	12664100	1
4065928	4065927	1
2628156	2628155	1
8762089	8762090	2
2118052	2118051	2
7427349	7427350	2
6362363	6362355	1
7712796	7712818	1
2856014	2855966	1
6019359	6019360	3
12192227	12192228	2
10438940	10438943	1
10953979	10953980	1
7705454	7826861	1
6727571	6727736	2
6831690	6822324	1
10622318	10434483	1
5831075	5831102	1
7572511	7572512	1
11038725	11038768	1
7458871	7473687	1
7105471	7105472	1
1690605	1447873	2
7638691	7701134	1
8026415	8002926	1
2450110	1512869	1
3924970	3925717	1
9327558	9327557	1
4552096	4552217	1
10249675	10258263	1
10547965	10547669	1
8533441	8533442	3
1169197	1008217	1
3230600	3230603	1
7970228	7977426	1
294881	294882	1
5460399	5460400	1
8097957	8097958	3
7876440	7876439	1
10535647	10535648	4
12662037	12662038	2
429523	429524	4
6101222	6101221	1
12683305	12683306	2
2010081	2010106	1
11416677	7786687	1
8486418	8486415	1
429527	429528	2
4662479	4631331	1
6628405	6628406	1
10185129	10185130	3
3355062	3245680	4
800838	800835	3
6536342	6536339	1
9024063	9024064	2
3164101	3163036	1
1512713	1512714	1
3467172	3467480	1
4233519	4233522	2
9681064	9681078	1
4717649	4716318	1
5553018	5553098	2
4006194	4006191	2
7778317	7820760	1
312529	312507	1
5526567	5445312	1
1216658	1391086	1
2963873	8211986	1
8312687	11330339	1
8922320	8914889	1
10133767	10001253	1
4926012	4926392	1
11711058	11711925	1
7649880	7679716	1
5193386	5372052	1
10993570	10993588	2
8079790	8079618	1
6710148	6709783	1
8979105	8979916	3
4703175	4705937	1
3714608	3720678	1
8026339	8026340	7
8759638	8777376	1
1319424	1319423	1
5340622	5340621	3
8175729	8175738	1
200429	200430	1
9665892	9670539	1
8026643	8026708	1
11403843	11403844	2
8395027	10225182	1
7550309	7550310	2
5818041	5818044	3
11319912	11319911	3
11989365	11989484	1
1920191	1920184	1
6201958	6201957	2
5836087	5836088	1
5101834	5101397	1
6925939	6925940	1
8480321	8480322	3
9172569	9172570	2
12478906	12478932	1
12019845	12019838	2
8993595	8901815	2
6313302	6313301	1
5692792	5692789	1
672639	670910	1
7660775	7652244	1
8392723	8397570	2
5559040	5559039	1
6061196	6061192	1
8995827	8995841	3
9071323	9071324	2
1252994	1235439	1
6781510	6781430	3
4676783	4676784	1
6895720	6895719	1
9929776	9929779	1
8558486	8558523	1
10440108	10440177	2
1102953	1102353	3
7331209	7331354	1
5505573	5507098	1
11585402	11580088	3
9825943	9825944	1
1129157	1129158	2
6761123	3535324	1
2099138	2099188	1
6159893	6159894	2
10219710	10273512	1
6329135	6288040	1
6222513	6220869	1
2568409	2568410	2
12494684	12494683	1
5677353	5677354	1
3675548	3675547	2
362905	9089306	1
2832456	2838376	1
10061531	9992159	1
1798702	1798774	1
208549	208550	1
3683371	3683265	1
13080	68747	2
9826079	5015934	1
2828419	2828420	2
8835468	8835642	2
3807005	3787280	2
1970508	1970507	1
11829175	11829176	1
11615879	11591337	2
8793692	8793700	2
8228239	8228240	1
12656642	12813312	3
6693698	6693689	1
3232650	3232424	1
10474723	10474832	1
1235320	1235317	1
6201504	6201526	1
7791320	7791319	1
1556955	1557294	4
4005047	4005058	2
12294801	12294802	1
8751310	8758381	3
7058474	7058498	1
803439	803440	1
11280490	11280489	2
9828325	9828306	1
4391818	4391817	1
9961200	2262322	1
9951658	9951657	1
7447456	7447437	1
1614098	1614097	2
3166757	3166758	2
5967745	5967746	2
11782128	11782131	2
6720419	6720420	1
747008	632403	1
10384677	10384723	1
9990299	9990202	2
3727547	3727548	1
10225298	10220835	3
9980454	10106813	3
10836178	10836186	1
9024686	9024689	1
792178	792186	1
10199308	10199307	3
7866655	7863025	1
901729	936796	3
10062032	10062018	1
308043	308054	2
977163	11440677	3
5141932	5141935	1
6379993	6379994	2
8949305	8949306	1
3577962	3577961	1
5136281	5136208	1
8474404	8474403	1
3034404	3327174	1
11540017	11627281	1
6308526	6508300	1
6583434	6583441	3
6105585	6173408	1
8679929	8677476	1
3530385	3530386	1
10564153	10564154	1
10233345	10236004	1
11540169	11540170	1
363261	677650	1
9094241	9166069	1
12260304	12260303	3
8991739	8991765	3
7362504	7362503	3
2907117	2909308	1
11924021	11924056	2
11194873	3218303	1
10672212	10672211	2
3542013	3547413	1
2409180	2407092	2
12655805	12655851	2
7653591	7640203	1
5417756	5417751	2
8207121	8412907	1
7899200	7899199	3
7821212	7821181	1
10084911	10084912	3
7200869	7200870	2
11109405	11109406	1
4709776	4709775	3
5881546	5881545	1
8961792	8903049	1
3108730	3108721	1
8964585	8964586	1
9876273	9876274	2
12623536	12606251	1
10341133	10341134	2
2861295	2861298	1
7221010	7221009	1
8000562	8000558	1
1216312	1216311	1
3777191	8291141	1
2427044	2427043	5
8747627	8747675	1
10158555	10158556	1
286715	286718	1
357763	358087	2
10288845	10288846	3
12340107	12340108	1
7977655	7977652	2
4699265	4699252	3
5483206	5537688	4
2312436	2312435	4
4235176	4235175	2
11048208	11018523	1
4297957	4297958	1
41420	41426	2
6353633	6353798	4
11369149	11369150	1
6923298	6923318	2
11850631	11849264	1
10270878	10270694	1
8723282	8733483	1
7841414	7841230	1
9320099	9320109	2
11633955	11633939	2
10254984	10266631	2
8019160	8003826	3
5622796	5622791	1
8849256	8849309	3
2361903	2361888	2
12665714	12665713	5
6504652	6504651	1
12442624	12442621	1
10177714	10177713	1
10602724	10602723	2
6848036	6957506	3
7281137	7281112	1
10821571	10821574	1
8626994	8626993	1
7278421	7278424	1
5142656	5142655	1
3563408	3563407	2
4015258	4015923	2
11982475	11982476	1
7804954	7804953	5
9850870	9850869	1
6121424	6121421	1
9111156	9111155	2
808511	900478	1
3205982	3205981	2
12679176	12679175	3
10320652	10320705	1
7198391	7198392	1
9494653	9497746	1
621949	621902	1
7264822	7264821	2
10267572	10266480	3
3099174	3099169	2
4348675	4348106	3
7606845	7606846	6
11144216	11117773	1
3266647	3266650	1
3145741	3145742	1
5533400	5544665	3
8672180	8672151	1
10234713	10234757	1
3812562	3852701	3
1071168	1071165	1
9139655	9139660	1
8672656	8679219	1
7302529	7302530	1
12200221	5523419	1
10220176	10220175	1
1666842	1667101	5
2886532	2886531	1
5422742	5422741	4
2896421	2896439	1
2639699	2641326	3
10082106	10141517	2
5100422	5100491	1
10976397	10975546	1
2918420	2918616	1
7983882	7984319	1
11711058	11711927	2
1633803	1506634	3
6478961	6478962	1
7629770	7630847	2
6626686	6625728	2
1986261	1986262	1
12185317	12185318	1
6989721	6989678	1
3496370	3496369	4
5409907	5409939	2
7096381	7096382	2
5798540	5631947	1
7828239	7828240	2
8989584	8989583	1
8766360	8716209	2
10129962	10142589	1
6004047	6004048	1
4703037	4703038	1
153544	153543	1
12313542	12313541	2
5327762	5327761	1
10197907	10215395	1
11179380	11178657	1
10027442	10027439	3
6990991	7040717	1
384102	383427	1
7629772	7629771	3
3147772	3147771	1
2017617	2017618	2
3924423	3924424	4
9534037	9534038	2
5912132	5912162	1
7649843	7649846	1
1915779	1915780	1
6049430	6049427	1
2038996	2038991	1
2378154	2246354	1
9868664	9868663	1
8795282	8795273	2
12020944	12023894	2
7542148	7689808	1
3031439	3031440	1
4284127	4284128	1
10112225	10112226	1
8019019	8019022	1
1890294	1890293	1
2167639	2167640	1
1265857	1530201	2
6250080	6250077	2
9892121	9908332	1
6284970	6285303	2
7691294	7691291	2
3090021	3091944	2
9105186	9169190	2
5363629	5363603	2
5996021	5996022	1
6965751	6864947	2
1241182	1245546	1
11417837	11417838	2
8521103	8521104	1
9122243	9046500	1
3129805	3129811	1
6121364	6121363	1
204356	163231	5
8314440	8314427	4
5914305	5914306	2
119155	131384	1
5021646	5021645	3
1511852	1511851	1
8772569	8772570	4
955303	955304	2
11062589	11062590	5
9152693	9152696	2
10146342	10131224	1
1541896	1541893	2
3498799	3501569	2
7643232	7636897	1
12294235	12294236	1
8522045	8618072	2
6193714	5917396	1
2497981	2602353	1
6068119	6068122	1
5194283	5171135	1
909794	909791	1
7446342	9820098	1
12664633	12664678	1
3401566	3401693	2
12515007	12515012	2
1793978	1793977	1
633224	633219	2
8677526	8677525	2
3326892	3327069	2
4242781	4242786	2
1744056	1741988	1
10286985	10286945	1
6121362	6112294	2
4215494	4215401	1
9997950	9997949	1
1259713	1259714	1
812040	812039	2
12448502	12574729	2
9051780	9053466	1
11667532	11667531	2
5040356	5040355	2
1987155	2001042	1
10489700	10489699	2
6064308	6064810	1
6122167	6122168	2
3137921	3137924	1
4370072	4370071	1
2552409	2552412	1
9467225	9467226	2
3377588	3377587	2
10618118	10618117	3
8004565	7939203	2
8802858	8802887	1
9692502	9692112	1
8870603	8869497	1
11789806	11786915	1
5372594	5372593	3
1556741	1556742	2
3558701	3558706	1
9299505	9297988	3
8802151	8802154	1
5597493	5522223	1
4810820	4810819	3
3948227	3948228	1
8729864	8754150	2
9510071	9510048	1
12532873	12532874	1
6132612	6132611	2
8163268	8163267	3
1041903	1041904	1
7175507	7175508	2
6250080	6250079	3
10947093	10947094	1
1623009	1623010	1
8378078	8378075	2
3879225	3879226	1
8161174	8161193	2
10296946	10296945	1
8706271	8824693	2
7519276	7519275	1
6901753	6901754	2
11229605	11229606	1
6033726	5962802	3
1119334	1119333	2
5248105	5353562	1
9814964	9814963	2
1302844	1302843	1
12665718	12665711	1
11085369	11085370	1
12571174	12571173	3
4217642	4217641	1
8789922	8789921	1
5379235	12187336	1
7670638	7670633	1
9900556	9896478	1
6086164	6086163	2
3537964	3537988	2
8676625	8676710	1
3476809	3476810	1
7580920	7580919	1
12413414	12413413	1
6816687	6816688	2
4087352	4087351	3
820533	820536	1
8490422	8490421	1
1861479	1861480	1
989554	989551	2
11874818	11874817	2
4519032	4519031	1
6853353	6853354	2
8988618	8899738	1
6778704	6685491	1
2627070	2627069	2
2207998	2207997	1
9531116	9530671	1
4324977	4438477	1
6043583	6043584	1
3990504	3990911	2
9916499	9916511	1
9006709	9000210	2
6957900	6957899	2
2427042	2427039	6
12458333	12458336	1
11498594	11498510	1
3692941	3692930	1
4860727	4860751	1
9110282	9147461	2
1389745	1389746	1
9057121	9057584	1
9786705	9786706	1
9420017	9374876	1
11303528	11300982	3
3490825	3490826	2
6024231	6019993	1
8776373	8776374	2
922452	823424	1
6044237	6044245	1
9816463	9816464	1
7768164	7761339	1
2032892	1985304	1
9060410	9159976	1
3042043	3042044	2
11247978	5158767	2
347655	363410	2
8005303	8005304	2
7834874	7834873	2
7398246	7398245	2
5859945	5859946	3
11905059	11905060	1
6551638	6702174	2
7472820	7474292	1
9056981	9055979	1
7104114	7104113	1
10903224	10903300	1
12464320	12464319	3
9094971	9109170	2
5865731	5865446	1
6849857	6849858	1
9478675	9436810	3
7583549	7583552	1
11775108	11775107	2
5862021	5862054	1
7881933	7873505	1
10029769	10029770	2
11165500	8153825	2
9525743	9525744	1
8204847	8204840	1
3983922	3983921	3
6954496	6954495	1
1859716	2039829	1
4568778	4557693	1
6986545	6904220	1
6144251	5813978	2
11077405	11077406	2
12814167	12814168	1
12538063	1546823	2
5205435	5205460	1
6445181	6445184	3
11662614	11662613	1
6310112	6310111	3
8829864	8836537	1
1792027	1792028	1
2386635	2386636	2
12197135	12197136	1
10099123	10099124	2
3750200	3674367	3
10272695	10153050	1
1762038	1759524	3
10979769	10979770	1
6134196	6134195	2
10599961	10599962	1
5432708	5432720	1
5842441	5842444	2
7493496	7493495	2
717555	681312	1
9162955	9162699	1
11795464	11795458	1
9251137	9251245	2
11831371	11831374	1
3537670	3537669	1
6575672	6575877	1
7763615	7763153	1
404002	403978	3
5449041	5548244	2
7623982	7616155	1
1922636	2050485	1
6712947	3513137	1
6027501	6027504	1
11625520	11625519	2
3855912	3674728	2
8850063	8850064	1
3496590	3394869	1
9132439	9132956	2
2966961	2966962	1
10268689	10268690	1
7187299	7187300	3
8427647	8427648	1
8910411	8902110	1
4182736	4182735	2
10376741	10376742	2
3995656	3995737	5
8903751	8922830	1
11960751	11960754	4
10484561	10484566	1
10777890	10777551	2
9555850	9555849	2
3866732	3866729	1
10440936	10440933	1
2886537	2842232	2
10054179	10054165	1
10600890	10428883	1
8741742	8778937	1
9756310	9756307	2
5968129	5968130	1
38597	38598	1
2782073	2782074	1
3729303	3729306	3
8816894	8816893	1
9531628	9531627	1
1900734	2045444	1
10337590	10338181	1
1137955	1137940	1
10418803	10424535	3
2037432	1911989	4
890465	8266430	1
4242869	4242870	1
8472247	8472248	2
11807551	11807368	2
5053467	5053468	4
8844178	8844173	2
5277464	5276216	2
6484307	6484308	1
11317347	11317348	3
7759072	7764898	1
6938185	6938186	4
180543	180544	2
9520846	9520845	1
6023157	6042005	3
5798754	5798753	3
1044487	1044488	2
9929250	10005975	4
7670630	7670629	2
11674405	11674399	3
3485315	3485316	3
5394813	5394826	1
7600904	7600903	3
12792226	12685560	1
71688	71687	1
11158733	11158736	3
7066064	7066063	1
8860614	8860613	1
4502239	4502240	2
12303551	12303552	1
8792085	8792088	1
8799423	8799440	2
8837274	8837273	3
3801969	3802536	1
7641864	7636978	3
7713594	7713593	2
4850859	12687431	1
6061196	6061279	2
11942148	11942147	3
10713684	10713683	1
6752093	6752094	1
7023499	7023500	1
2949503	2949506	1
11794470	11794469	1
692169	692193	1
11508934	11508933	1
1182325	990185	1
3290864	3293320	1
12575565	12411423	3
8623079	8623082	2
3855685	3855686	2
3486410	3477492	1
10246775	10246922	2
4369186	4378035	2
6164975	6164976	1
4175751	4175629	1
4647981	4647982	1
10953961	10953962	1
6553233	6553234	2
9418829	9324514	1
2657970	2657969	1
149842	149839	2
6031163	6031164	3
8579071	8577840	1
12662952	12662930	1
5456162	5456161	1
10024245	10027119	1
10535142	10535141	2
9816693	9816694	2
10896071	10896072	1
11472795	12658266	1
3931988	3931983	1
8699774	8699773	2
3825574	3825573	1
8505065	8505068	2
9268499	9268531	2
8921029	8921555	4
8644147	8644148	2
432543	425888	1
5945337	5945298	1
9047542	9156883	1
7909086	7909083	1
10900785	10901110	1
6187075	6187076	1
7015641	7015646	1
6653997	6653998	1
8986002	8986001	2
4586563	4586566	1
2894696	2894695	4
7720054	7720053	1
6248633	6241502	1
878981	878984	1
3924901	3924895	1
1406777	1406780	1
8775123	8775083	4
5601832	5601835	1
832904	832901	1
11765846	11766239	3
11625083	11625084	2
12319668	12319676	1
10506270	10503226	1
9816459	9816464	1
6086147	6086168	3
6421299	6421300	1
7663009	7711922	2
9589944	9602974	3
12315912	12315909	1
6089457	6089458	1
4557446	4415532	1
6697527	6697528	1
12442622	12442621	3
2037647	2037863	1
403531	403532	1
6038823	6038828	1
6352059	6352065	3
10266880	10266879	1
7771912	7771911	1
7330105	7330106	2
7730353	7727747	1
11969202	11969201	1
8416451	8416452	1
8009444	8009443	1
11760589	11760590	1
9897277	9897278	1
10012404	10001257	1
142853	142854	2
1731699	1731700	4
9917255	9917256	2
6587553	6587171	1
11199387	11199388	1
9069081	9122210	1
7471181	7527081	1
7555722	7555725	1
3297906	3297903	3
11498939	11498855	1
9130474	9130473	1
7646532	7646477	1
2313426	2313425	2
12026455	4610596	3
3699911	3699912	1
7961059	8035637	2
3565049	3565050	1
4572572	4572569	1
10461339	10461342	2
2672229	2672234	3
6279005	6279006	3
1874258	1874081	1
12809279	12809280	2
7941570	7941569	1
9501584	9501583	1
5701813	5703645	1
444116	444115	2
8816245	8789365	1
8002925	8002926	2
9967184	9967191	2
5449041	5548246	1
9182571	9182574	1
8180949	8576777	2
1697481	1697482	3
2409974	2409965	1
8711407	8861362	2
7858590	7858589	3
3922762	3922761	1
5736920	5736907	2
4395278	4394123	1
2642251	2642252	2
12540866	12540865	1
5016942	5016941	1
9572347	9572348	1
2797299	2797295	2
11144218	11144217	2
10768763	10768764	1
9987215	9987216	3
9305539	9305542	1
9042226	9042142	1
3760711	3760785	1
4020641	3949194	1
8416240	8416239	1
10762629	10762630	1
12412653	12400764	1
8640315	8640316	2
9141770	9140831	1
8858769	8858644	1
7747982	7749778	3
4842491	4842494	2
11009849	11009852	1
3099168	3099167	2
1858341	1858342	2
7991920	7991919	3
6788742	6785863	1
7001658	7002956	1
9494653	9497748	1
10435177	10435222	3
781544	781543	1
9068979	9068982	1
7873161	7873162	1
7842576	7842575	1
6766778	6766775	1
6423619	6423639	1
9272878	9272894	1
2904028	2904027	2
9028857	9028858	2
7539305	7549169	1
5970884	5970897	2
12753972	12625470	3
2566872	2608397	1
12567490	12567489	1
1080114	1080068	1
8202760	10114934	1
2229938	2237102	1
12251642	12252901	1
12528441	12735384	1
9060101	9060106	1
3635561	3635562	1
11099245	11099246	1
1212574	1212572	1
3735673	3735674	2
10450350	10451414	1
9323114	9323940	1
7028249	7010197	2
1614944	1614943	2
7370097	7414802	1
11260378	11260377	3
9851467	9851497	1
7428043	7428081	1
240967	240968	3
12272733	12272734	2
9845823	9851490	2
10348173	10348174	4
8862647	8862728	1
3137925	3138341	3
7535685	7535686	1
5588453	5567863	1
1663159	1663162	1
6702865	6713616	1
8398534	8398526	1
2925039	3140170	3
7804767	7804768	2
3232826	3232825	1
5651097	5695182	1
8908657	8908654	2
2789415	2789416	1
6004020	6198777	1
4352555	4352556	1
3963251	3963252	2
6250093	6623389	1
9761935	9761936	2
3477702	6651772	1
5345860	5343814	1
12692107	12692108	2
5529557	5529558	2
2245538	2332460	1
699873	705539	1
8578315	8428313	1
12657485	12657488	2
2854651	2854652	1
3555591	3555592	1
7084495	7084496	2
4724077	4724114	1
10188714	10158266	1
7556213	7552805	1
6685628	3519512	2
6113885	6113886	1
11417147	11417786	1
1543112	1543109	1
7905650	7906109	1
8195912	8196709	2
6083451	6083454	1
8019164	8019163	3
8798291	8760201	1
3752819	3752772	1
5053718	5053717	1
2704555	2704640	2
5255652	5255651	1
7192124	7192123	2
5525219	5525220	6
9113479	9113480	4
1518980	1411304	2
5344998	5346047	1
2979300	2979297	3
8399789	8399790	2
8842007	8842058	3
7446466	7446465	2
2332684	2332736	2
8272701	8272649	3
1789630	1777631	1
2394233	2394234	2
7481513	7481514	1
4679010	4679001	1
2750516	2750515	2
4998370	4865737	1
12179185	12179186	2
738426	738425	3
10197905	10197906	4
9983117	9983120	1
9003241	9003244	1
6031100	6031327	1
9981415	10065846	1
11714614	11714613	1
10097098	10097097	1
6775879	6775880	3
1970763	1970764	2
8381766	8381765	2
5456359	5456347	1
7411302	7411309	2
5822077	5822078	2
3986864	3987372	2
2595080	2595075	1
10117051	10117052	1
1222783	1240744	1
10001225	10001226	3
7935342	7934902	2
7628210	7627887	2
10058198	10058197	2
5720289	5744041	2
2631903	2631904	3
12265816	12265813	1
8844425	8844426	1
11668544	11668756	1
11588165	11588166	1
5553016	5553096	2
1392676	1392675	1
10161448	10158303	1
11293914	11293913	3
1857181	1857187	4
576770	791482	2
2144773	2144774	1
12523142	12512483	1
11455067	11455524	2
823211	822286	1
3752115	3752116	5
8621426	8621429	1
5730337	5747407	1
6219321	6218990	1
601149	601055	1
7841957	7841958	1
6201730	6201729	4
7486935	7486936	1
11853526	11853525	1
5284259	5284260	2
6821613	6821614	3
7518597	7518598	1
8656794	8656791	1
4302260	4301701	1
821623	867309	1
7859392	7859391	5
12286006	11958557	1
10842818	10842753	1
7142504	7142511	2
9332892	9334997	2
11711926	11711925	1
8829542	8835389	1
5591963	5591966	2
8753609	8779320	1
478409	376491	2
6951605	6951608	1
4001538	3998116	1
10887593	10887594	3
4958068	4958577	1
4678947	4446178	2
2782072	2781625	2
9678844	9679048	2
9768817	9768818	1
3766011	3780940	1
1739987	1739988	2
4219451	4219452	1
5019098	5019102	1
9931546	9931543	1
1010949	1023162	1
11578708	11578707	1
1183997	1185485	1
6168838	6127503	1
11097941	11097950	1
3458985	3458986	2
4239153	4404528	1
10130042	10130041	1
8520046	8520045	1
4329301	4329302	1
2572401	2571059	1
10564151	10564152	1
5055495	5054780	1
6971847	6971848	1
362614	348956	1
5425523	5425524	3
7921968	7921967	1
9518731	9518549	1
870293	870458	2
3558699	3558706	2
4497079	4497080	1
9116912	9116911	3
11807914	11807929	3
10485670	10485634	4
10728980	10728979	5
6895722	6895719	2
7328160	7370645	1
10280077	10193427	1
3913003	3913004	4
7182858	7182857	1
194013	194014	3
9325353	9325354	4
10278043	10278048	1
1174693	1174694	1
2685299	2685300	1
7606847	7606848	4
1271210	1279426	2
3746857	3746858	1
3750200	3674363	1
8699541	8699542	2
1602805	1592046	3
7644618	7644617	1
4263382	4263372	1
1417148	1417147	1
8704584	8680838	2
3292699	1964961	1
11606443	11606444	1
10761432	10761493	1
4175161	4175150	4
3605829	3605830	1
9730802	9730799	1
2685727	2685728	1
3742181	3959437	2
5253488	5253487	1
1446088	1446083	1
6285992	12728755	1
8778174	8778173	1
5475089	5472456	2
8869	8847	2
3258197	432542	2
4087350	4087347	4
705137	549724	2
3786446	3786445	1
10013161	10013162	1
607379	607380	1
10291198	10289892	1
3089092	3021041	1
5809549	5809550	1
2196875	2196876	1
3738861	3738862	1
10759980	10759977	1
7670638	7670631	1
6836826	6836825	2
6505653	6505654	3
7894227	7894228	1
2425973	2425146	1
8007100	8007247	2
8271168	8271631	1
12507119	12507120	1
8272248	8272241	1
1903954	1903951	1
1766067	1766039	1
1501225	1501226	2
4826270	4826282	1
2774619	2774624	1
3477704	3477703	3
11554991	11554607	1
5249471	5249573	1
1578029	1835859	2
901727	901728	4
10447156	10447159	1
8629759	8629760	1
11254053	11254321	3
8722508	8722505	2
2765453	2765454	1
10425348	10424851	1
3124909	3124912	2
8706399	8706400	1
5326911	5326543	2
2150089	2150094	1
7446288	7446287	2
5826274	5826273	1
1536726	1538133	1
5143016	5110201	1
5647215	5651092	1
10471166	10471163	1
11146660	2972994	1
8816004	8819049	1
8178763	8178764	1
8538675	8538676	2
10131555	10131739	1
5330068	5397813	1
8964153	9010632	1
5249109	5249110	1
7763672	7763671	1
11879882	11879881	1
7237416	7237413	2
9935069	9935074	1
10651001	10654603	1
4487039	4486948	1
7804690	7805039	4
2006158	2006157	2
11361301	11361304	1
11308938	11308937	1
7326700	7326699	6
10285490	10285484	1
9512164	11174534	1
1754614	1754625	1
7333797	7333798	2
6270933	6671018	3
9868664	9868659	1
10255530	10255529	1
3356237	3356238	1
1320112	1320111	1
11319121	11319122	2
4275696	4275695	1
8969362	8851960	2
11343271	11343272	2
6784404	6784419	3
9028850	9028847	1
9089519	9089520	2
462476	460174	1
8286936	8618207	1
10838889	10838892	1
11310053	11310199	1
356599	356723	1
3853331	3853357	1
12668378	12668145	2
9889272	9872393	1
1543067	1543070	2
3359171	3358923	1
2212131	2221280	2
12128370	12128369	1
7859392	7859482	1
12542850	12542833	3
8722972	8722971	3
2577382	2577424	3
2838042	2838041	2
8889117	8889118	2
9853812	9853811	2
2433103	2425658	1
2686950	2686949	1
6592948	6592947	1
8858308	8858234	4
435298	682046	3
7127259	7127260	1
10236003	10236004	3
10485635	10485636	3
4743775	4743776	1
5370141	5352104	2
464044	464043	3
848288	848287	3
8556309	8556310	1
7977598	7977597	4
8340291	8340292	1
5101396	5101395	5
3833780	3833828	2
4798567	4798568	1
4105904	4105903	2
8874007	8874008	2
7928419	8023699	2
7749779	7749780	1
2549990	2358635	3
4679148	4679147	2
11154092	11154091	2
5692871	5692872	3
2080212	1905525	2
2425657	2425658	2
6386281	6386282	2
7780713	7694835	2
2102732	2102729	1
7770779	7770780	1
1983227	1983230	1
6998944	6998837	2
1499608	1507470	2
6422352	6422351	2
9155606	5269789	3
11843460	11843459	2
8889378	8889371	1
7493434	7493433	1
643646	646289	1
7540302	7540301	1
6721622	6721621	1
2408133	2408182	2
5806003	5800284	1
8962216	8967845	1
9175326	9193343	1
9311577	9311578	2
6766681	6766682	2
6468003	6467998	1
7694241	7694242	2
8998310	8989742	3
11692339	11692622	1
8285947	8285948	2
5277510	5276344	1
409270	745008	1
5766118	5766117	4
7310265	7310288	1
9656200	9656157	1
5376379	12187544	1
711730	711729	3
11064900	11064899	2
7725696	7718643	2
10248973	10248977	1
371286	371285	1
3210563	3210566	1
6151805	6151806	4
685097	685095	1
7530477	7530447	1
2006156	2006155	2
10050712	10050711	2
206468	206465	2
1830154	1830448	1
5958808	5958807	1
11016625	11016699	2
5611432	5611431	1
5961962	5961961	1
7593574	7593573	1
7469138	7537335	1
4864505	4864506	1
10047978	10047973	2
6858649	6850936	1
9178820	9178819	1
12035705	12035706	3
11673844	11673930	3
2829042	2828420	1
4071438	4071437	1
10208996	10208966	1
8699772	8699771	3
5841019	5841022	1
7753934	7747885	3
7841955	7841956	2
200654	200653	3
8684587	8661817	3
6002411	6002414	1
10876041	10876042	1
4791700	4791699	2
7147296	7147295	2
9094124	9074280	2
10302406	10302403	1
612122	612121	1
267528	267525	1
7962279	7962280	3
2529784	2528801	2
5801837	5657873	1
3543361	3543362	3
9183735	9186211	1
51523	43213	1
2513958	2513957	1
5422438	5422437	2
5818037	5818040	3
12164651	12164692	1
1655758	1643870	1
6600741	6600742	1
1086146	1086145	1
8095789	8095796	1
10213121	10213122	4
7720880	7765929	1
10000403	10000404	2
5571895	5571896	3
8410732	8329292	1
9093727	9093728	1
9060185	9060186	1
7151136	7147687	1
4633805	4633806	3
11887441	11887442	1
3748092	3748091	2
4563894	4580478	1
1559274	1520429	1
1092856	1092931	1
1589410	1589409	1
6820997	6820876	1
8649166	8649161	1
9428289	9428292	2
9069500	9082294	2
793608	793584	1
7964625	7995107	1
1164246	1164245	1
10460098	10460091	2
2616573	2616574	1
12542244	12541698	1
9339066	9541436	1
6204637	6204638	1
8745581	8745582	1
5757947	5757948	3
9373648	9373765	1
10124292	10072884	1
7145998	7226637	1
1071172	1071171	1
11223704	11223429	1
10207242	10207634	1
9969421	9969424	3
4965163	4247768	1
10276690	10280920	1
12634909	12634910	1
8844794	8844793	1
6960505	6960510	2
4553361	4324965	2
7148669	7148628	1
12521732	12562370	2
1915835	1915836	3
4834833	4834909	1
10509589	10512178	1
503252	501838	1
9174415	9174416	2
6579678	6599283	1
11873270	11873269	3
11866565	11866566	2
4013758	3742427	1
9492797	9492798	1
12283566	12283473	1
7905448	7903930	3
10087387	10087388	2
951739	951747	2
8299254	8299253	2
9376930	9688674	2
10283664	10281030	1
12723975	12723976	1
7366500	7366499	1
2826821	2826800	3
3210565	3210566	4
693071	693072	2
8491718	8491717	2
1260345	12591324	1
10759077	10759085	1
4678048	4418922	2
9974579	9974580	2
6320617	6320618	1
2251124	2565166	1
11817176	11817175	3
6175924	6175921	1
11582552	11582551	2
7471695	7471726	1
8058541	8058574	2
5457	110109	3
12181703	12181704	1
5760980	5760979	1
6604359	6604360	1
4561106	4563464	1
11551542	11551534	2
2746335	2750517	2
10838889	10838890	1
4942038	4942037	1
848288	848285	1
8799880	8850738	3
3204616	3196766	3
9572343	9572344	1
1512526	1512537	2
6737401	6737410	1
10145994	10140211	5
7897617	7825129	1
2118673	2118674	2
6509473	6384416	1
11877940	11877939	3
12664803	12664881	2
230020	230019	1
7381627	7977597	1
1371212	1371211	1
10838364	10838363	1
793448	793257	2
8754191	8790087	2
1373610	1362408	5
9809332	9869710	2
8831065	8831066	3
4824710	4824709	2
9101293	9101294	1
12040161	12040162	3
6261814	6261813	2
7505375	7505376	3
9098607	9115231	1
4689797	4708253	5
3427864	3427863	2
7529294	7529365	1
10525302	10525299	1
7979185	7979186	1
12430321	12430363	1
7895038	7895013	1
10845763	10849391	1
6088505	6088506	1
5846381	5846382	1
12178807	12178808	1
3875207	3828728	1
9815962	9815961	5
3708645	3709286	1
12551297	12551270	1
2049135	2049136	1
9848053	9848054	2
8259926	8259954	1
2369359	2363847	2
4379657	4379625	1
10738236	10738756	1
8766983	8868194	1
12351087	12233088	1
6052404	6052403	2
8662635	8662636	1
2778041	2835252	2
8558487	8558530	1
1968747	1968748	1
7313486	7251153	1
4798565	4798566	1
6558978	6558977	1
8877384	8877290	1
11156708	11065738	1
5422757	5422743	3
3105192	3105040	2
2252003	2265310	1
5620274	5836147	1
4486939	4486944	5
651796	651671	1
8020480	8020400	1
4535699	4535700	3
11725168	11725167	3
7968237	7908730	2
12454700	12456386	1
9169134	9087389	3
9943862	9943861	5
6950474	6950301	2
3926956	3926955	2
5838140	5838092	1
5611954	5611953	1
9962998	10010106	1
4070714	4070713	1
709752	624889	1
9938528	9938527	1
4002566	4002563	1
5900454	5900451	2
9059028	9081991	1
4559689	4559690	1
4145914	4141427	1
4277250	4277249	2
2966963	2966964	2
7786863	7786864	2
8299752	8299751	1
4733051	12778141	1
7449530	7449525	1
7601028	7601027	1
9159392	9101664	2
894095	894096	1
1680146	1680145	1
9965449	9965452	1
1718558	11854553	1
8799421	8799440	1
9466011	9466012	4
1099982	1100008	1
9535920	9537580	3
1104625	1104626	1
7606578	7609363	1
5361243	5361237	2
308041	308042	2
8577950	8577947	1
3158306	3158305	3
7766978	7769717	1
9829894	9829891	1
2829042	2828418	2
5716682	5660650	2
349205	349206	1
2365379	2548412	1
9482685	9482686	1
7564895	7560136	4
7454740	7454739	1
9663541	9670041	1
8223883	8192167	1
865320	955323	1
9674227	9674228	1
6100889	6100890	1
3622831	3622832	1
5574575	5574691	1
5161404	5161403	1
7353940	7353939	1
7492163	7650281	3
373216	394984	2
10099501	10099502	3
661778	629895	1
2899464	2899463	2
11741342	11741341	1
10299699	10299700	1
8949574	8949573	1
754186	754185	5
11677491	11677492	1
10739091	10739092	1
1297910	1498258	1
8831063	8831064	2
7653759	7653760	1
10617344	10483501	3
8900307	8900308	1
2060161	2060162	1
7722019	7722024	1
11853528	11853527	1
3469159	3469160	2
2197518	2197494	1
9640891	9640884	2
4455961	4455962	1
8883393	8883394	1
5741324	5741323	3
9006475	9006476	1
6954487	6954488	1
9175337	9122855	1
8177655	8177817	1
2945098	2961712	1
2294432	2294424	3
7161895	7161896	1
7678768	7678047	3
682539	417526	3
10821144	10821162	2
7896426	7896425	1
7596993	7596994	1
4136911	4544546	2
8682854	8682853	1
12722318	12722315	1
8638498	8638510	1
12815156	12659213	2
4911044	4911043	1
7014904	7014903	3
104907	104908	2
10099121	10099122	2
5813993	5813987	2
1525039	1525040	1
5042431	5016390	2
8434248	8434247	1
2115439	7958876	2
9231800	9231799	1
3572137	3572138	1
10319589	10319590	2
9620513	9611012	2
2182665	2171685	1
7842101	7833959	4
7161552	7161551	2
11108102	11108101	1
3996408	3996405	2
8333954	8333953	1
4789057	4789058	1
9014219	9014220	1
7544953	7544954	2
369713	369714	3
11104082	11104081	1
10484563	10352179	1
2909452	2909685	1
472630	529297	1
7984056	7984055	1
1536726	1536723	3
10870492	10803072	2
7531648	7534685	2
4378793	4378794	1
4177207	4176352	1
97269	99544	1
8009442	8009445	1
12736228	12736339	2
10762865	10761613	1
9994710	9994709	2
2123093	2123094	2
10546251	9777979	1
11904432	11707444	1
10999332	10999398	3
10219149	10219815	2
5191322	5191321	1
10569159	10665604	1
11246142	11246136	1
7507857	7512146	1
6641023	6641024	2
8281085	8281092	1
10665999	10666000	5
7970625	11944311	1
10659322	10637744	1
9183794	9183793	1
8647106	8647105	6
4810809	4810810	2
5604975	5604976	2
7637624	7637623	1
9494924	9494923	2
12723812	12723761	1
1869907	1869908	2
6579346	6579325	2
8055271	8055272	2
11843462	11843459	1
5947809	5947810	1
8576442	8576441	1
4112043	4112044	1
9853401	9852605	1
6733548	6733578	1
7920441	7920442	4
2709598	3459	1
10034865	10044555	1
10027872	10062265	1
12609460	12609887	1
4920007	4920240	1
11708237	11708240	1
3274579	3274580	2
10337590	10338183	2
5974458	5716566	1
11145358	11145357	3
10826363	451535	1
8425895	8425896	1
4029829	4029830	2
1535815	1535877	1
7286379	7286380	2
9982257	10017811	1
7592554	7592553	1
12230255	12230258	1
8185968	8185967	2
8636917	8636918	3
764789	764677	1
12276556	12171187	1
12172152	12172149	2
5542314	5542313	1
4295447	4295258	1
11301514	11301513	1
9530076	9531125	4
7864484	7864483	1
6509880	6509879	3
10278494	10288011	1
9302991	9394248	1
4227077	4227078	1
1735363	1735237	2
970773	970751	2
4714017	4714095	1
9995865	9995563	1
1053843	1053844	1
6421851	6479975	1
10937062	10937061	1
2363984	2363832	1
3640031	3640032	2
84512	84509	1
6193714	6193962	2
6727746	6727745	2
8483763	10555510	1
8017942	8017941	1
6115921	6115963	2
8387652	8398563	2
8515150	10522781	2
7564893	7560136	2
7755222	7702051	1
11494129	11494130	1
1140391	1139109	2
6008414	6008413	1
4256758	4256757	2
5318586	5318621	1
11237384	11237383	2
1869909	1866240	1
6160861	6160862	1
9764143	9764146	3
265176	265175	4
2819287	2819288	2
5053365	5053368	1
10318481	10318482	1
2764284	2764281	1
3263580	3387039	2
11904269	11904270	3
8871715	8871716	1
9367070	9367020	2
6587305	6587342	1
12235300	12007043	1
7290302	7289968	3
4284015	4284016	1
8982508	8924474	1
8155030	8155029	3
5399793	5399798	2
12461551	12461960	2
11012317	11015235	1
11723500	11723459	1
9980027	9979808	1
883153	883154	1
9670905	9670906	3
7749725	7745076	1
9148392	9148387	2
10286042	10200522	1
1933415	1933418	1
697336	697895	1
7939636	7939635	1
11363856	11363855	1
6669253	6669254	2
11144218	11117773	1
6709453	6655794	1
9913426	9913425	1
12011866	12011865	1
1601124	1601087	4
11316495	11396865	3
7532015	7532016	1
2925275	2925276	2
8630799	8630327	1
6374106	6374105	2
5053367	5053368	4
4196313	4196311	1
7773861	7770742	2
4486945	4486948	3
9921646	9921629	1
1880487	1880488	1
9132327	9132328	2
3891537	3891538	1
8052285	8052286	2
4424573	4424576	1
2954738	2953329	1
8248308	8248307	1
9177246	9177245	1
8204841	8204842	2
10102255	11836636	1
9136709	9136710	3
1833056	1833055	1
6965030	7262758	1
1739163	1739164	1
8830110	8889363	1
7754222	7810456	1
11196144	10945511	1
4663723	4663724	2
8100456	8100455	1
7970395	7978931	1
6258006	6258003	1
12050748	12051008	1
1831063	1831077	3
2449718	2420718	1
298600	298591	2
2150728	2146947	1
11819249	11818157	2
1080075	1080076	1
9329154	9329153	3
8777342	8759639	1
6199003	6198964	1
2399258	2399257	1
10044828	8180673	1
7889343	7889344	1
6728706	6728703	2
2077736	2077783	2
5016519	5016464	2
7968337	7968338	1
4446938	4446937	1
5371581	5371582	1
7602771	7602772	2
7840349	7827216	2
3159683	3159681	1
12633241	12633157	1
10381435	10381436	5
12230255	12230256	3
10264562	10264557	1
7187677	5492305	1
10362290	10362289	3
3401568	3401567	1
7998841	7945389	2
1362409	1362410	4
1013946	1013945	2
7408124	7408238	1
10362337	10362291	4
3394888	3396305	1
10399519	10399522	1
4486768	4486767	2
8851373	8865701	1
1086144	1086143	1
190571	190899	1
12348516	8384716	1
5007017	5007018	1
7724938	7726113	3
10078983	10078977	1
1917869	1922738	1
3578266	3711312	1
6537659	6537662	1
11573369	11573370	1
10108811	10108732	3
9834358	9834357	5
11687103	11687106	1
7479643	7476712	1
8347427	8347428	1
6297799	6299235	2
5348109	5348135	1
2419624	2419620	3
9974253	4066116	1
6379191	6379192	2
6101035	6101015	2
3305116	3304763	1
5748846	5748845	1
12521554	12521553	1
7760139	7717140	1
11380300	11383801	2
8687817	8697770	2
10285494	10285491	1
5039915	5039916	1
6779221	3518743	1
7987233	7987794	1
1228177	1226896	2
1580253	1580056	1
1824656	1824655	1
8682930	8682933	1
2259100	2479501	1
11187382	11187379	1
7237412	7237411	2
8094017	8097329	2
7802547	7802548	3
10022105	10022106	2
7226689	7226690	1
2843588	2971645	1
3753170	3742791	1
7745590	7745587	1
6971591	8005154	2
11746783	11747030	2
403533	403534	2
6470464	6470463	1
632972	632975	3
2286818	2286817	1
7517960	7517959	1
5134710	5134690	1
5487381	5487382	3
10492803	10519717	1
5042433	5016386	4
7977361	7977362	3
3364437	3363916	1
7153754	7155635	1
2382570	2215721	5
5820707	5820359	1
9902959	9908254	1
10093376	10093369	1
7910424	7917202	1
5505355	5505363	3
9068979	9068980	1
7761752	7631924	1
9793310	9793309	5
7544867	7544868	2
8713943	8717030	7
2606904	2579103	1
591820	776003	1
8903544	8900706	2
2262567	2262568	1
899721	899722	2
7932897	7932898	2
11445457	11445415	1
1400976	1400964	1
10960569	10960570	1
9186142	9186178	3
4142355	4142356	1
3283219	3283220	1
7756034	7756891	1
3490831	3490824	2
4498723	4498724	2
4607170	4607169	1
1145426	1145425	1
908401	909596	1
7161550	7161549	2
4370238	1687411	1
9051658	9054997	1
8839204	8839203	1
8575556	8575555	2
7022499	7022500	1
4515334	4514594	1
3146362	3146361	2
9970095	9970096	1
7714295	7738470	3
206468	206467	2
11403878	11403842	2
2184016	2185806	1
341369	341324	1
1508313	1508314	1
9030902	9030901	3
7603537	7603538	1
12675689	12675709	1
7953224	7942985	1
8645327	8663145	2
10078812	10078811	4
350571	350572	1
9959134	9958483	1
7518569	7518598	1
1498257	1498260	1
5576353	5576354	2
5881548	5881545	1
10146344	10146343	1
9931544	9931543	5
7573156	11035807	1
7564543	7564544	2
7516185	7516186	1
12181541	12184028	3
1368568	1551951	1
10275468	10275456	1
3009836	3009835	1
6621005	6621006	1
3628371	3657594	1
6916465	6916468	1
7811432	7811429	4
9267800	9267755	2
7073235	7073236	1
4277523	4277524	1
9194716	9194715	2
10855752	10855719	1
5563111	5531400	1
8303740	8303743	1
7104738	7106076	1
10126836	10014779	1
9435534	9435548	2
6758366	6758363	2
3508531	3508532	1
7755790	7755789	1
9938636	9921099	3
2527492	2527487	2
4660409	4660410	1
7832133	7832134	1
11381989	11381990	1
9851498	9851497	2
9494945	9494925	2
1195948	8565983	1
12723762	12723761	1
1933413	1933414	2
8868371	8868372	1
8466345	9042665	1
5848820	5848817	1
11196144	10945509	1
2992680	3026902	1
10057043	10057044	1
12313544	12313541	2
10226322	10226329	1
5353072	5382783	1
1190649	6185585	2
10648560	10572925	3
3928352	3928351	1
8634108	8632959	1
1308863	1308872	2
340898	340694	1
8895926	8898635	1
10031350	10031349	1
5842307	5842308	3
8864246	8870790	1
4227389	4227396	1
3734652	4026599	2
6843118	6843117	1
1145108	1145107	1
7639616	7663384	1
3484985	3484986	2
10302208	10302207	1
7967836	7979184	1
10739089	10739092	1
8824440	8824437	1
10273695	10273696	2
111108	111107	1
10766742	10766741	3
5021757	5021493	3
8765660	8765659	3
7382946	7382945	2
6403138	6403137	1
8204845	8204840	1
8665873	8665816	3
7411299	7411436	1
7329713	7329456	2
3400950	3400949	2
11471112	11505238	1
9034999	9034120	1
10219710	10273510	7
6652202	6652199	2
7485593	7485596	1
4374938	4370263	3
8741437	8741438	2
3422011	6325675	1
10821569	10821570	4
936799	936960	2
880167	880168	1
8621930	8687860	1
10680628	10681997	1
296080	296079	1
2558807	2558808	1
303553	191807	2
2547889	2547890	1
9814933	9833563	1
9591679	9619267	3
11096029	11095914	1
775570	587159	3
8745243	8745244	3
7970528	7970499	1
788727	788699	1
11826423	11826424	2
3679110	3679109	1
5228320	5228319	2
10175296	10175299	1
1894423	1894424	2
5012937	5012954	3
10078814	10078813	3
5825578	5825577	1
10825878	10825641	1
7877301	7854197	2
7731560	7735871	1
9935073	9935074	1
10369085	10369086	2
5634347	5634348	1
10566645	10566651	1
4028944	3928705	1
9980474	9980533	1
7561453	7561454	1
8991663	9721397	1
8027741	8028252	1
7995882	7995664	2
7499459	7499464	1
462110	378909	3
8676359	8677185	3
2779266	2897971	1
1725441	1725535	1
5979744	5979722	1
6044088	6044087	4
797402	782736	1
3573285	3572138	1
3295487	3297557	1
4498553	4498554	2
5656293	5656294	3
2601920	2601894	3
558569	558575	3
3443534	3443533	2
12028261	12028228	1
8541204	8541220	1
8007216	7895665	2
1512204	1512230	1
794487	794562	1
5848820	5848819	3
7437465	7437468	1
6135233	6135180	2
4303316	4303513	3
12806550	12806547	3
8005303	8005306	1
6010759	6013001	1
2563169	2462169	2
7078056	7078055	2
1375322	1375321	1
8191325	8191328	1
2464197	2465558	2
9068505	9131565	2
632343	632231	1
7428042	7427732	1
4144545	4144546	1
11855087	11855088	1
357399	357336	1
8940671	8940911	1
8020485	8020492	1
7451718	7449139	1
8772168	540325	1
11386975	11387071	2
10265404	10265403	1
7804037	7804038	1
5383101	5383102	3
9916484	9916483	3
10083888	10137985	3
9882531	9882532	1
10376407	10376398	1
11336918	11339054	1
7914713	7914714	2
448969	448970	1
2013875	2013876	2
9184102	9184101	1
8470247	8470248	3
9145563	9145564	4
8683805	8683806	2
7491049	7491050	1
1221427	1276806	4
5163325	5163222	1
5159840	5165784	3
4476206	4476205	1
5271915	5493696	1
11803495	11803487	1
2343543	2586047	1
8364377	8504608	2
11091838	11091837	1
10269673	10266510	2
2980352	2980349	2
4125726	8427756	1
9815962	9855866	1
12616860	12616859	1
8867095	8875050	4
11171191	11171193	2
11547006	11546461	1
2861297	2861298	1
8725944	7564892	1
7550118	7550073	1
5567862	5567861	1
7486664	7455216	1
6121026	6113390	1
7641412	7641411	1
5679739	5679744	5
6184007	6184008	1
9110227	9119858	2
8270308	8270307	2
4828843	4828844	5
9418740	9418719	2
8748997	8785785	1
3876187	3876188	1
7550120	7550119	2
2699449	2799023	2
12448504	12448503	2
10147873	10129994	1
4562264	4608304	7
8629761	8637980	1
7946209	7946212	2
8833736	9026424	1
9194591	9194592	1
12722318	12722317	2
3455510	3455509	2
1994550	1994549	1
2810878	2811196	5
9141831	9141839	1
7824492	7824491	3
7637042	7637057	1
9997611	9997612	1
10720497	10714118	1
9555850	9555847	1
263232	263193	3
3692993	3946734	6
1696545	1696548	1
1899894	1899910	3
9012965	8975089	2
5967981	5967982	1
9280035	9280641	4
7187677	7187658	1
7075883	7075884	1
10147871	10147872	2
9038874	9038872	1
151085	151080	1
5280630	5280627	1
10535651	10535676	3
7561967	7561943	2
11477138	11477135	2
726207	533391	2
10990862	10990861	1
10035452	10035450	2
3928877	3928878	1
1186484	1186483	1
7150403	7150404	4
3208564	3208255	1
9750235	9750216	1
8389530	8389529	1
11930049	11718786	1
10489695	10489698	1
4771875	4771876	2
3727612	3705261	1
675679	675640	2
11523997	11524001	2
10127945	10017129	4
11854538	11854537	3
5013750	5013749	4
10824185	10824186	1
11093512	11093345	1
6290761	6291273	1
9007473	9007476	1
12360505	12360506	2
2065938	2065937	2
9853484	9876272	4
4006888	4006887	2
3573285	3572136	2
2684903	2726759	1
5327674	5327673	1
9113343	9113344	2
11994632	11994631	1
6009901	6009902	1
1592047	1592048	1
7199358	7199347	1
10152057	10138532	1
2276809	2276810	5
6693688	6693685	1
9305539	9305540	1
6847918	6847915	2
5807271	5807272	1
8628894	8628612	1
11603468	11603465	1
3126425	3126426	1
12196520	12196519	2
7802549	7802498	2
4137347	4136479	1
9853605	9853617	1
4297324	4297684	1
10752669	10752670	1
1897740	1897739	2
8887458	8971071	1
10342714	10342717	1
6536344	6536343	2
11029046	11029045	1
12779660	12779631	2
5326542	5326541	2
2950735	2950736	2
2770652	2770651	2
4828516	4835749	2
10284780	10284792	1
10747467	10748388	1
8436896	8436895	2
7982096	7982095	2
8345215	8345216	1
6895968	6460143	1
7755790	7755785	1
4259213	4259191	1
1898684	2056583	2
423301	423302	1
11705162	11705134	1
7446374	7446377	1
9092597	9092592	2
8964151	8964152	3
11689199	11689200	2
7312827	7139854	2
11458647	11458650	2
11760589	11760592	1
7249490	7249489	2
6907745	6907794	2
5290532	5290531	1
10213119	10213120	1
11665850	11665849	2
9882832	9882831	4
1718544	1718543	1
7786697	7727711	2
9929857	9929860	1
9342841	9340103	1
3593939	3593940	2
1525037	1525038	1
7791334	7791333	1
1102933	1102934	1
5053754	5053753	2
7802547	7802498	1
5816804	5816811	2
9931546	9931545	4
6164937	6164938	1
2436310	2436309	7
10071253	10071254	3
4631449	4631450	1
9836236	9836235	3
7459202	7459185	1
6874965	6858241	1
10904248	10904247	2
297961	297964	2
7875977	7875978	2
1069130	1069129	1
12624206	12619692	3
7708581	7708592	1
12118572	12118569	2
9042588	9042587	2
10055568	10055567	1
8789924	8789923	1
6904961	7219983	1
10525297	10525298	4
6128087	6128088	1
8647104	8647099	8
11606441	11606442	2
1150267	1150268	1
1738697	1738698	1
6652719	6652722	1
1844774	1845029	2
8016672	8016671	1
5115655	5109527	1
7278803	7278673	2
8287038	8287436	1
5193388	5193387	2
5877110	5874567	1
3314788	3314707	1
4398680	4236379	4
1026182	1025800	1
6017428	6017427	2
2017676	7176054	1
6044305	6003356	2
5338870	5338869	3
1720467	1720468	2
9949794	1487426	1
10009597	10009598	1
2843520	2944860	2
9051781	9051784	2
633951	633952	3
2608652	2608651	3
4808139	4808140	1
8649164	8649163	1
6952566	6952554	1
12352604	12352652	1
4070501	4070502	3
4447386	5873662	1
4266240	4588707	1
8662128	8662125	2
9277428	9277427	1
1352677	1530528	2
1197575	4771898	1
5207616	5207601	2
4708430	4710385	2
7432247	7429722	1
12557151	12556935	1
10599963	10474634	1
3753172	3742791	1
9133219	9146156	1
9826747	9826748	2
7804565	7804568	3
10061671	11676858	1
4094722	4094719	1
5946268	5947109	2
10186513	10189883	1
3341094	3341093	2
8819084	8819083	5
8781574	8736323	1
7911319	7911320	1
1105427	9170789	1
11338456	11338455	1
7908831	7912001	1
7569208	7569207	2
11146665	11146666	1
7649421	7651785	1
7566189	7566217	1
8575898	8576443	1
8155717	8155718	2
7549946	4927322	2
6141236	6141229	1
12430662	12427718	1
12662345	12663233	1
8870145	8870146	1
7683827	7685789	1
8877382	8877290	2
9946736	9946735	2
1540733	1540735	1
1098395	1098396	1
8047936	8047935	1
7035360	7036402	5
983538	983513	4
10478525	10478526	2
5268051	5268052	2
5965957	5965949	2
874248	874247	1
9997952	9997951	1
8579914	8579913	1
7666081	7666082	2
6488541	6429605	2
10067435	10052651	2
7847311	7847312	1
8769040	8769039	1
10376739	10376740	2
9851576	9851575	3
9989253	9987523	2
4658834	4658833	1
9009816	9012166	1
3442813	3440678	1
8982858	8982857	1
8889424	8889421	1
10043162	10043161	1
12343257	12343258	1
7276057	7276060	2
2304677	2258237	1
7677516	7677515	3
7824490	7824489	3
1994792	1994791	1
1061308	1061488	1
2298267	2298270	1
4087346	4087345	4
7139855	7139856	2
6850123	6850124	1
9371070	9557094	3
11160794	11160791	1
295484	295851	2
3998781	3998782	1
8819082	8819145	4
2276745	11874006	1
11472799	12658266	2
8266431	8266432	1
3096163	11219695	1
2979300	2979299	1
5605795	15083	1
7295222	7295221	3
5691201	10456347	1
7460459	7460460	1
1523787	1524012	4
3743552	3743550	1
11797793	4245185	3
8412906	8412905	2
2722089	2722090	1
6780923	6780926	1
227705	9152692	2
7972222	7972221	3
2907872	2907871	2
509359	11184405	2
5799542	5694052	1
3457031	3460463	3
10474647	10415397	4
8900744	8843449	1
4406393	4406394	1
7909252	7909089	5
8722255	8722370	3
5471587	5597487	1
7704209	7708595	1
4300481	4626822	1
664181	664182	2
774115	774116	1
8015776	8009494	5
12603453	12603454	3
8545659	8538674	1
8491718	8490423	4
7709626	7709625	3
10748387	10748388	2
9356996	9353138	1
1561492	1633985	3
670431	670432	2
3328799	3328800	1
9516865	9516866	1
7394838	7397636	1
5569164	5571179	1
7879741	7893429	1
9373650	9373649	3
9817686	9817685	2
4435287	4438769	2
9958122	9958121	1
8841045	8842196	1
7864583	7914014	2
2118708	2212093	5
9128660	9147773	1
8428132	8428131	1
3129810	3129809	1
5048096	5048095	2
6952564	6952554	3
6061278	6061192	1
11998593	11998594	1
7868092	7868091	6
3964173	3964174	2
5605795	5605796	1
11443416	11443408	2
10081054	10074200	1
2552411	2552412	1
7940594	7940577	1
10338186	10338137	2
10771327	10774621	2
369866	369865	2
4038660	4038693	1
7446461	7446216	3
11702243	11702244	1
7633254	7633253	1
4277523	4277526	1
12609886	12609885	1
7002284	7002283	2
6177413	7187300	1
5693189	5693190	2
6424407	6474845	1
4850859	12687433	1
6086169	6086174	1
3904682	4028082	1
3328796	3328806	1
537561	537562	1
10205893	10205894	3
11674602	11674599	1
9191710	9191437	1
10294399	10294402	1
10430554	10430553	1
6691486	6691485	1
5997704	5997703	1
7859760	7859759	2
7850887	7851001	1
4072594	4072593	2
5249435	5249436	1
7391821	7391822	1
6360765	6360766	1
7808080	7810137	1
8660918	12496580	1
1057503	1008513	2
9152208	9152675	1
8235184	8235183	1
8761987	8761990	1
2224871	2224873	1
6954472	6954495	1
10219859	10219348	1
5372592	5372605	1
6774507	6774508	1
7976322	7977236	1
8005162	8005157	1
11918766	11918761	1
7721730	7721729	2
9085343	8984048	1
6596731	6619186	1
1630706	1630705	2
8575898	8576441	1
7620991	7620992	1
2480347	2480348	2
8869039	8869040	1
2604019	2604263	1
6091179	6091227	1
10281856	10278048	1
1679651	1679652	1
11543382	11552984	1
6469093	6611198	1
11960749	11960750	4
11955831	11955832	3
8068682	8068681	2
4759793	4759794	2
9500702	9500706	1
9949114	9949113	1
5559036	5559041	2
